accession	mpf_class_call	entry_criterion	n_cds	n_fa_fata_profiles	n_FA	n_FATA	fa_subclass	profile_support	FA_profiles	FATA_profiles	virb4	tcpA	t4cp1	t4cp2	MOBB	MOBC	MOBF	MOBH	MOBP1	MOBP2	MOBP3	MOBQ	MOBT	MOBV	virb4_bit	relaxase_profiles	exclusion_family_hit	slot_status
AE017195.1	MPF_FA	T4SS_virb4 AND NOT(T/F/I) AND >=2 FA/FATA	220	2	1	1	unassigned	minimal	FA_orf14	FATA_cd419a	24:26237..28336:-	none	67:69590..73090:+	67:69590..73090:+	none	none	none	none	none	none	none	none	none	none	329.4			no_slot_defined
AP007210.1	MPF_FA	T4SS_virb4 AND NOT(T/F/I) AND >=2 FA/FATA	247	2	1	1	unassigned	minimal	FA_orf14	FATA_cd419a	141:150648..151616:+	none	77:88670..92170:-	77:88670..92170:-	none	none	none	none	none	none	none	none	none	none	157.6			no_slot_defined
AP012045.1	MPF_FA	T4SS_virb4 AND NOT(T/F/I) AND >=2 FA/FATA	67	7	0	7	FATA	high		FATA_cd419a;FATA_prgF;FATA_prgHa;FATA_prgHb;FATA_prgIa;FATA_prgIb;FATA_prgIc	35:27664..30915:+	none	32:23386..26277:+	32:23386..26277:+	none	none	none	none	29:19075..20943:+	none	none	none	none	none	303.6	MOBP1		no_slot_defined
AP022644.1	MPF_FA	T4SS_virb4 AND NOT(T/F/I) AND >=2 FA/FATA	316	3	1	2	FATA	medium	FA_orf14	FATA_cd419a;FATA_prgC	42:42772..44709:-	191:227297..228463:+	47:48603..51209:-	47:48603..51209:-	none	none	none	none	37:38413..39603:-	37:38413..39603:-	none	none	none	none	333.2	MOBP1;MOBP2		no_slot_defined
AP022895.1	MPF_FA	T4SS_virb4 AND NOT(T/F/I) AND >=2 FA/FATA	277	2	1	1	unassigned	minimal	FA_orf14	FATA_cd419a	210:213198..214166:+	none	147:151227..154727:-	147:151227..154727:-	none	none	none	none	none	none	none	none	none	none	157.6			no_slot_defined
AP022896.1	MPF_FA	T4SS_virb4 AND NOT(T/F/I) AND >=2 FA/FATA	75	2	0	2	FATA	minimal		FATA_cd419a;FATA_trsG	70:61173..62201:-	none	none	none	none	none	none	none	74:65467..67725:-	none	none	none	none	none	124.6	MOBP1		no_slot_defined
AP023006.1	MPF_FA	T4SS_virb4 AND NOT(T/F/I) AND >=2 FA/FATA	419	2	1	1	unassigned	minimal	FA_orf14	FATA_cd419a	118:111442..112410:-	none	190:184471..187971:+	190:184471..187971:+	none	none	317:314179..317934:+	none	none	none	none	none	none	none	157.6	MOBF		no_slot_defined
AP023007.1	MPF_FA	T4SS_virb4 AND NOT(T/F/I) AND >=2 FA/FATA	82	5	0	5	FATA	high		FATA_cd419a;FATA_trsC;FATA_trsD;FATA_trsG;FATA_trsL	70:62552..63415:-	none	75:65711..67036:-	75:65711..67036:-	none	none	none	none	79:70332..72875:-	none	79:70332..72875:-	none	none	none	139.3	MOBP1;MOBP3		no_slot_defined
AP023008.1	MPF_FA	T4SS_virb4 AND NOT(T/F/I) AND >=2 FA/FATA	46	5	1	4	FATA	high	FA_orf14	FATA_cd419a;FATA_trsD;FATA_trsJ;FATA_trsL	16:21121..23613:+	none	27:33426..34694:+	27:33426..34694:+	none	none	none	none	24:29459..30103:+	none	none	none	none	24:29459..30103:+	303.6	MOBP1;MOBV		no_slot_defined
AP023015.1	MPF_FA	T4SS_virb4 AND NOT(T/F/I) AND >=2 FA/FATA	277	2	1	1	unassigned	minimal	FA_orf14	FATA_cd419a	242:235951..238050:+	none	196:189715..193215:-	196:189715..193215:-	none	none	none	none	none	none	none	none	none	none	329.4			no_slot_defined
AP023016.1	MPF_FA	T4SS_virb4 AND NOT(T/F/I) AND >=2 FA/FATA	90	8	1	7	FATA	high	FA_orf14	FATA_cd411;FATA_cd419a;FATA_prgF;FATA_prgHa;FATA_prgHb;FATA_prgIa;FATA_prgIb	33:26787..29201:-	74:59450..60583:+	24:17181..19001:-	24:17181..19001:-	none	none	none	none	53:42789..44108:+	none	none	none	none	none	322.9	MOBP1		no_slot_defined
AP023017.1	MPF_FA	T4SS_virb4 AND NOT(T/F/I) AND >=2 FA/FATA	39	5	1	4	FATA	high	FA_orf14	FATA_cd419a;FATA_trsC;FATA_trsD;FATA_trsL	23:21465..23318:+	none	32:30061..31890:+	32:30061..31890:+	none	none	none	none	31:29404..30045:+	none	none	none	none	none	287.4	MOBP1		no_slot_defined
AP024978.1	MPF_FA	T4SS_virb4 AND NOT(T/F/I) AND >=2 FA/FATA	51	3	2	1	FA	medium	FA_orf17a;FA_orf17b	FATA_cd419a	34:30439..32964:+	29:25989..27572:+	none	none	none	none	none	none	none	none	none	none	none	none	84.6			no_slot_defined
AP024981.1	MPF_FA	T4SS_virb4 AND NOT(T/F/I) AND >=2 FA/FATA	51	3	2	1	FA	medium	FA_orf17a;FA_orf17b	FATA_cd419a	34:30439..32964:+	29:25989..27572:+	none	none	none	none	none	none	none	none	none	none	none	none	84.6			no_slot_defined
AP026576.1	MPF_FA	T4SS_virb4 AND NOT(T/F/I) AND >=2 FA/FATA	85	2	1	1	unassigned	minimal	FA_orf14	FATA_cd419a	48:30609..32564:-	none	53:36723..39581:-	53:36723..39581:-	none	none	none	none	40:25134..26432:-	40:25134..26432:-	none	none	none	none	319.8	MOBP1;MOBP2		no_slot_defined
AP026581.1	MPF_FA	T4SS_virb4 AND NOT(T/F/I) AND >=2 FA/FATA	134	7	6	1	FA	high	FA_orf13;FA_orf14;FA_orf15;FA_orf17a;FA_orf19;FA_orf23	FATA_cd419a	77:68056..70503:-	82:73229..74614:-	none	none	none	18:12577..13380:+	none	none	none	none	none	none	81:71846..73051:-	none	93.8	MOBC;MOBT		no_slot_defined
AP026613.1	MPF_FA	T4SS_virb4 AND NOT(T/F/I) AND >=2 FA/FATA	424	6	1	5	FATA	high	FA_orf14	FATA_cd411;FATA_cd419_1;FATA_cd419a;FATA_prgIa;FATA_prgIb	65:51095..53353:-	none	70:55680..57005:-	142:108702..109379:-	none	none	none	none	54:37866..39194:+	397:305652..307244:-	none	none	none	none	325.1	MOBP1;MOBP2		no_slot_defined
AP026618.1	MPF_FA	T4SS_virb4 AND NOT(T/F/I) AND >=2 FA/FATA	420	5	0	5	FATA	high		FATA_cd411;FATA_cd419_1;FATA_cd419a;FATA_prgIa;FATA_prgIb	372:277320..279578:-	none	377:281905..283230:-	26:15694..16371:-	none	none	none	none	360:264089..265417:+	284:212271..213863:-	none	none	none	none	325.1	MOBP1;MOBP2		no_slot_defined
AP026642.1	MPF_FA	T4SS_virb4 AND NOT(T/F/I) AND >=2 FA/FATA	373	7	1	6	FATA	high	FA_orf14	FATA_cd411;FATA_cd419_1;FATA_cd419a;FATA_cd419b;FATA_prgIa;FATA_prgIb	34:27342..29600:+	none	29:23207..25015:+	29:23207..25015:+	none	none	none	none	46:41502..42830:-	306:232802..234394:-	none	none	none	none	325.1	MOBP1;MOBP2		no_slot_defined
AP026651.1	MPF_FA	T4SS_virb4 AND NOT(T/F/I) AND >=2 FA/FATA	418	6	5	1	FA	high	FA_orf13;FA_orf14;FA_orf15;FA_orf17a;FA_orf23	FATA_cd419a	38:37682..39376:+	107:91457..92842:+	33:31065..33677:+	33:31065..33677:+	none	none	none	none	316:272695..274287:-	50:47752..49344:+	none	none	108:93020..94225:+	none	203.8	MOBP1;MOBP2;MOBT		no_slot_defined
AP026719.1	MPF_FA	T4SS_virb4 AND NOT(T/F/I) AND >=2 FA/FATA	86	2	1	1	unassigned	minimal	FA_orf14	FATA_prgB	82:67529..70084:-	none	none	85:72593..73498:-	none	none	none	none	72:59694..61754:-	72:59694..61754:-	none	none	none	none	147.6	MOBP1;MOBP2		no_slot_defined
AP026727.1	MPF_FA	T4SS_virb4 AND NOT(T/F/I) AND >=2 FA/FATA	82	2	1	1	unassigned	minimal	FA_orf14	FATA_prgB	66:52868..55423:-	none	69:57932..60463:-	69:57932..60463:-	none	none	none	none	56:45034..47094:-	56:45034..47094:-	none	none	none	none	147.6	MOBP1;MOBP2		no_slot_defined
AP026730.1	MPF_FA	T4SS_virb4 AND NOT(T/F/I) AND >=2 FA/FATA	84	2	1	1	unassigned	minimal	FA_orf14	FATA_prgB	77:64054..66609:-	none	80:69118..71649:-	80:69118..71649:-	none	none	none	none	67:56221..58281:-	67:56221..58281:-	none	none	none	none	147.6	MOBP1;MOBP2		no_slot_defined
AP027223.1	MPF_FA	T4SS_virb4 AND NOT(T/F/I) AND >=2 FA/FATA	80	8	1	7	FATA	high	FA_orf14	FATA_cd419_1;FATA_prgC;FATA_trsC;FATA_trsD;FATA_trsF;FATA_trsG;FATA_trsL	46:39117..41078:+	none	51:44568..46223:+	51:44568..46223:+	none	none	none	none	42:35738..37702:+	none	none	42:35738..37702:+	none	none	261.7	MOBP1;MOBQ		no_slot_defined
AP027229.1	MPF_FA	T4SS_virb4 AND NOT(T/F/I) AND >=2 FA/FATA	80	8	1	7	FATA	high	FA_orf14	FATA_cd419_1;FATA_prgC;FATA_trsC;FATA_trsD;FATA_trsF;FATA_trsG;FATA_trsL	46:39119..41080:+	none	51:44570..46225:+	51:44570..46225:+	none	none	none	none	42:35740..37704:+	none	none	42:35740..37704:+	none	none	261.7	MOBP1;MOBQ		no_slot_defined
AP027235.1	MPF_FA	T4SS_virb4 AND NOT(T/F/I) AND >=2 FA/FATA	84	8	1	7	FATA	high	FA_orf14	FATA_cd419_1;FATA_prgC;FATA_trsC;FATA_trsD;FATA_trsF;FATA_trsG;FATA_trsL	48:39114..41075:+	none	53:44565..46220:+	53:44565..46220:+	none	none	none	none	44:35735..37699:+	none	none	44:35735..37699:+	none	none	261.7	MOBP1;MOBQ		no_slot_defined
AP028456.1	MPF_FA	T4SS_virb4 AND NOT(T/F/I) AND >=2 FA/FATA	287	2	1	1	unassigned	minimal	FA_orf17a	FATA_cd419a	22:24793..27378:+	none	none	none	none	28:34917..35888:+	none	none	none	none	none	none	none	none	77.9	MOBC		no_slot_defined
AP029232.1	MPF_FA	T4SS_virb4 AND NOT(T/F/I) AND >=2 FA/FATA	38	7	0	7	FATA	high		FATA_prgF;FATA_trsC;FATA_trsD;FATA_trsF;FATA_trsG;FATA_trsJ;FATA_trsL	28:24150..26162:+	none	34:31638..33278:+	34:31638..33278:+	none	none	none	none	none	none	none	13:12395..14392:-	none	none	317.4	MOBQ		no_slot_defined
AP031220.1	MPF_FA	T4SS_virb4 AND NOT(T/F/I) AND >=2 FA/FATA	57	5	2	3	unassigned	high	FA_orf13;FA_orf15	FATA_prgB;FATA_prgC;FATA_trsG	21:22212..24698:+	none	25:27766..29961:+	25:27766..29961:+	none	27:31081..31875:+	none	none	none	none	none	none	none	none	93.8	MOBC		no_slot_defined
AP031224.1	MPF_FA	T4SS_virb4 AND NOT(T/F/I) AND >=2 FA/FATA	69	7	6	1	FA	high	FA_orf13;FA_orf14;FA_orf15;FA_orf17a;FA_orf19;FA_orf23	FATA_cd419a	60:53258..55705:-	65:58431..59816:-	none	none	none	none	none	none	none	8:5551..5718:-	none	none	64:57048..58253:-	none	93.8	MOBP2;MOBT		no_slot_defined
AP031235.1	MPF_FA	T4SS_virb4 AND NOT(T/F/I) AND >=2 FA/FATA	71	7	6	1	FA	high	FA_orf13;FA_orf14;FA_orf15;FA_orf17a;FA_orf19;FA_orf23	FATA_cd419a	24:18257..20704:+	19:14146..15531:+	none	none	none	none	none	none	none	6:5551..5718:+	none	none	20:15709..16914:+	none	93.8	MOBP2;MOBT		no_slot_defined
AP031258.1	MPF_FA	T4SS_virb4 AND NOT(T/F/I) AND >=2 FA/FATA	72	2	1	1	unassigned	minimal	FA_orf14	FATA_cd419a	5:5253..6878:+	none	none	0:17..1078:+	none	none	none	none	16:12756..14291:+	16:12756..14291:+	none	none	none	none	247.6	MOBP1;MOBP2		no_slot_defined
AP031260.1	MPF_FA	T4SS_virb4 AND NOT(T/F/I) AND >=2 FA/FATA	54	6	5	1	FA	high	FA_orf13;FA_orf14;FA_orf15;FA_orf17a;FA_orf23	FATA_cd419a	26:22746..25193:+	21:15877..17262:+	none	none	none	none	none	none	none	none	none	none	22:17440..18645:+	32:33730..34992:+	93.8	MOBT;MOBV		no_slot_defined
AP031261.1	MPF_FA	T4SS_virb4 AND NOT(T/F/I) AND >=2 FA/FATA	43	9	0	9	FATA	high		FATA_cd411;FATA_cd419a;FATA_prgC;FATA_prgF;FATA_prgHa;FATA_prgHb;FATA_prgIa;FATA_prgIb;FATA_prgIc	33:30962..33412:-	38:35093..36967:-	38:35093..36967:-	38:35093..36967:-	none	none	none	none	21:20058..22352:-	none	none	none	none	none	354.7	MOBP1		no_slot_defined
AP031269.1	MPF_FA	T4SS_virb4 AND NOT(T/F/I) AND >=2 FA/FATA	59	7	6	1	FA	high	FA_orf13;FA_orf14;FA_orf15;FA_orf17a;FA_orf19;FA_orf23	FATA_cd419a	24:17946..20393:+	19:13835..15220:+	none	none	none	none	none	none	none	6:5240..5407:+	none	none	20:15398..16603:+	none	93.8	MOBP2;MOBT		no_slot_defined
AP031279.1	MPF_FA	T4SS_virb4 AND NOT(T/F/I) AND >=2 FA/FATA	43	9	0	9	FATA	high		FATA_cd411;FATA_cd419a;FATA_prgC;FATA_prgF;FATA_prgHa;FATA_prgHb;FATA_prgIa;FATA_prgIb;FATA_prgIc	10:8449..10899:-	15:12580..14454:-	15:12580..14454:-	15:12580..14454:-	none	none	none	none	42:38088..40382:-	none	none	none	none	none	354.7	MOBP1		no_slot_defined
AQPP01000018.1	MPF_FA	T4SS_virb4 AND NOT(T/F/I) AND >=2 FA/FATA	70	8	0	8	FATA	high		FATA_cd411;FATA_prgF;FATA_prgHa;FATA_prgHb;FATA_prgIa;FATA_prgIb;FATA_prgIc;FATA_trsG	31:25209..27665:+	none	27:21900..23795:+	27:21900..23795:+	none	none	none	none	39:34069..36276:+	none	none	none	none	none	330.3	MOBP1		no_slot_defined
CM001862.1	MPF_FA	T4SS_virb4 AND NOT(T/F/I) AND >=2 FA/FATA	70	8	0	8	FATA	high		FATA_cd411;FATA_prgF;FATA_prgHa;FATA_prgHb;FATA_prgIa;FATA_prgIb;FATA_prgIc;FATA_trsG	31:25209..27665:+	none	27:21900..23795:+	27:21900..23795:+	none	none	none	none	39:34069..36276:+	none	none	none	none	none	330.3	MOBP1		no_slot_defined
CP000475.1	MPF_FA	T4SS_virb4 AND NOT(T/F/I) AND >=2 FA/FATA	289	2	0	2	FATA	minimal		FATA_cd419a;FATA_prgF	26:26518..28053:+	none	114:135301..137031:+	35:37854..39317:+	none	none	81:93861..99797:-	none	none	none	none	none	none	none	100.7	MOBF		no_slot_defined
CP001166.1	MPF_FA	T4SS_virb4 AND NOT(T/F/I) AND >=2 FA/FATA	238	2	1	1	unassigned	minimal	FA_orf14	FATA_cd419a	89:99735..100703:-	none	154:161174..164674:+	154:161174..164674:+	none	none	none	none	none	none	none	none	none	none	157.6			no_slot_defined
CP001169.1	MPF_FA	T4SS_virb4 AND NOT(T/F/I) AND >=2 FA/FATA	36	4	3	1	FA	medium	FA_orf13;FA_orf14;FA_orf15	FATA_cd419a	11:10778..13237:+	25:22995..24209:+	7:6922..9033:+	7:6922..9033:+	none	6:6195..6932:+	none	none	none	none	none	none	none	none	172.6	MOBC		no_slot_defined
CP001170.1	MPF_FA	T4SS_virb4 AND NOT(T/F/I) AND >=2 FA/FATA	101	3	0	3	FATA	medium		FATA_cd419a;FATA_trsD;FATA_trsG	94:67537..69420:-	none	10:12245..13927:+	10:12245..13927:+	none	none	none	none	none	none	none	7:6880..8976:+	none	none	262.5	MOBQ		no_slot_defined
CP001179.1	MPF_FA	T4SS_virb4 AND NOT(T/F/I) AND >=2 FA/FATA	248	2	1	1	unassigned	minimal	FA_orf14	FATA_cd419a	102:95370..96338:+	none	38:33392..36892:-	38:33392..36892:-	none	none	none	none	none	none	none	none	none	none	157.6			no_slot_defined
CP001180.1	MPF_FA	T4SS_virb4 AND NOT(T/F/I) AND >=2 FA/FATA	54	4	3	1	FA	medium	FA_orf13;FA_orf15;FA_orf17a	FATA_cd419a	12:12272..14830:+	none	none	7:6421..9144:+	none	8:9150..9992:+	none	none	none	none	none	none	none	none	95.8	MOBC		no_slot_defined
CP001770.1	MPF_FA	T4SS_virb4 AND NOT(T/F/I) AND >=2 FA/FATA	169	2	0	2	FATA	minimal		FATA_cd419a;FATA_prgF	63:68031..70568:+	none	56:60379..62436:-	56:60379..62436:-	none	none	none	none	57:62591..63913:-	none	none	none	none	57:62591..63913:-	299.2	MOBP1;MOBV		no_slot_defined
CP002509.1	MPF_FA	T4SS_virb4 AND NOT(T/F/I) AND >=2 FA/FATA	197	7	6	1	FA	high	FA_orf13;FA_orf14;FA_orf15;FA_orf17a;FA_orf17b;FA_orf19	FATA_cd419a	122:103986..106526:-	73:60401..62737:-	131:117485..120559:-	131:117485..120559:-	none	none	none	none	none	none	none	none	none	none	140.1			no_slot_defined
CP002510.1	MPF_FA	T4SS_virb4 AND NOT(T/F/I) AND >=2 FA/FATA	145	4	3	1	FA	medium	FA_orf13;FA_orf15;FA_orf17a	FATA_cd419a	52:51440..54022:+	none	none	45:45539..48316:+	none	46:48316..49170:+	none	none	32:32390..33328:-	none	none	none	none	none	93.9	MOBC;MOBP1		no_slot_defined
CP003690.1	MPF_FA	T4SS_virb4 AND NOT(T/F/I) AND >=2 FA/FATA	98	4	3	1	FA	medium	FA_orf13;FA_orf15;FA_orf17a	FATA_cd419a	35:31805..34363:+	none	none	29:25458..28205:+	none	30:28211..29053:+	none	none	none	none	none	none	none	none	97.1	MOBC		no_slot_defined
CP003691.1	MPF_FA	T4SS_virb4 AND NOT(T/F/I) AND >=2 FA/FATA	220	2	1	1	unassigned	minimal	FA_orf14	FATA_cd419a	126:101541..103478:+	none	17:11536..14163:+	120:93252..95885:+	none	none	none	none	135:110465..112021:+	35:29477..31033:+	none	none	none	none	343.6	MOBP1;MOBP2		no_slot_defined
CP003692.1	MPF_FA	T4SS_virb4 AND NOT(T/F/I) AND >=2 FA/FATA	174	3	1	2	FATA	medium	FA_orf14	FATA_cd419a;FATA_prgC	170:184263..185723:-	33:31309..31830:+	3:2935..5514:-	3:2935..5514:-	none	none	none	none	165:179904..181094:-	165:179904..181094:-	none	none	none	none	245.0	MOBP1;MOBP2		no_slot_defined
CP003693.1	MPF_FA	T4SS_virb4 AND NOT(T/F/I) AND >=2 FA/FATA	296	3	1	2	FATA	medium	FA_orf14	FATA_cd419a;FATA_prgC	9:9396..10868:-	246:270416..271582:-	16:17816..20392:-	16:17816..20392:-	none	none	none	none	4:5037..6227:-	4:5037..6227:-	none	none	none	none	246.3	MOBP1;MOBP2		no_slot_defined
CP003694.1	MPF_FA	T4SS_virb4 AND NOT(T/F/I) AND >=2 FA/FATA	421	7	6	1	FA	high	FA_orf13;FA_orf14;FA_orf15;FA_orf17a;FA_orf17b;FA_orf19	FATA_cd419a	272:295252..297792:+	299:319105..320271:+	none	259:277007..280084:+	none	none	none	none	none	none	none	none	none	none	139.6			no_slot_defined
CP003748.1	MPF_FA	T4SS_virb4 AND NOT(T/F/I) AND >=2 FA/FATA	220	2	1	1	unassigned	minimal	FA_orf14	FATA_cd419a	102:95948..98047:-	none	144:137362..140811:+	144:137362..140811:+	none	none	none	none	none	none	none	none	none	none	328.3			no_slot_defined
CP006901.1	MPF_FA	T4SS_virb4 AND NOT(T/F/I) AND >=2 FA/FATA	346	2	0	2	FATA	minimal		FATA_cd419a;FATA_prgIb	341:250606..252468:+	none	19:16192..17409:+	18:14132..16078:+	none	none	none	322:233460..234359:+	none	none	none	none	none	none	317.1	MOBH		no_slot_defined
CP009368.1	MPF_FA	T4SS_virb4 AND NOT(T/F/I) AND >=2 FA/FATA	347	7	5	2	FA	high	FA_orf13;FA_orf14;FA_orf17a;FA_orf17b;FA_orf19	FATA_cd419a;FATA_prgC	2:1851..4391:-	301:358443..359609:-	none	16:21056..24130:-	none	none	none	none	none	none	none	none	none	none	140.7			no_slot_defined
CP009417.1	MPF_FA	T4SS_virb4 AND NOT(T/F/I) AND >=2 FA/FATA	761	2	0	2	FATA	minimal		FATA_cd419a;FATA_gbs1354	549:435803..437737:+	none	487:370966..373164:+	487:370966..373164:+	none	none	498:382738..385044:+	none	none	none	none	none	none	none	324.5	MOBF		no_slot_defined
CP009591.1	MPF_FA	T4SS_virb4 AND NOT(T/F/I) AND >=2 FA/FATA	207	7	6	1	FA	high	FA_orf13;FA_orf14;FA_orf15;FA_orf17a;FA_orf17b;FA_orf19	FATA_cd419a	61:57600..59657:-	29:30665..31831:-	77:77016..80090:-	77:77016..80090:-	none	none	none	none	none	none	none	none	none	none	134.7			no_slot_defined
CP009592.1	MPF_FA	T4SS_virb4 AND NOT(T/F/I) AND >=2 FA/FATA	190	3	1	2	FATA	medium	FA_orf14	FATA_cd419a;FATA_prgF	30:28835..30934:+	none	185:182400..185729:-	185:182400..185729:-	none	none	none	none	none	none	none	none	none	none	324.4			no_slot_defined
CP009940.1	MPF_FA	T4SS_virb4 AND NOT(T/F/I) AND >=2 FA/FATA	209	7	6	1	FA	high	FA_orf13;FA_orf14;FA_orf15;FA_orf17a;FA_orf17b;FA_orf19	FATA_cd419a	40:47981..50038:+	72:75805..76971:+	24:27548..30622:+	24:27548..30622:+	none	none	none	none	none	none	none	none	none	none	134.7			no_slot_defined
CP013001.1	MPF_FA	T4SS_virb4 AND NOT(T/F/I) AND >=2 FA/FATA	405	2	0	2	FATA	minimal		FATA_cd419a;FATA_prgC	177:150706..152802:+	none	none	141:117218..120040:-	none	224:220461..221048:+	none	none	none	none	none	none	none	none	319.8	MOBC		no_slot_defined
CP013960.1	MPF_FA	T4SS_virb4 AND NOT(T/F/I) AND >=2 FA/FATA	47	7	0	7	FATA	high		FATA_prgF;FATA_trsC;FATA_trsD;FATA_trsF;FATA_trsG;FATA_trsJ;FATA_trsL	33:33500..35512:-	none	26:26381..28027:-	26:26381..28027:-	none	none	none	none	none	none	none	46:42641..43069:+	none	46:42641..43069:+	321.0	MOBQ;MOBV		no_slot_defined
CP014068.2	MPF_FA	T4SS_virb4 AND NOT(T/F/I) AND >=2 FA/FATA	90	5	1	4	FATA	high	FA_orf15	FATA_cd419_1;FATA_cd419a;FATA_prgC;FATA_trsG	65:64023..66515:-	none	none	63:59487..61661:-	none	62:57937..58749:-	none	none	none	none	none	none	none	none	104.1	MOBC		no_slot_defined
CP014451.1	MPF_FA	T4SS_virb4 AND NOT(T/F/I) AND >=2 FA/FATA	82	2	1	1	unassigned	minimal	FA_orf14	FATA_cd419a	6:5275..7230:+	none	none	0:35..1117:+	none	none	none	none	13:11406..12560:+	13:11406..12560:+	none	none	none	none	319.8	MOBP1;MOBP2		no_slot_defined
CP015491.1	MPF_FA	T4SS_virb4 AND NOT(T/F/I) AND >=2 FA/FATA	93	2	1	1	unassigned	minimal	FA_orf14	FATA_cd419a	44:43274..45244:-	none	37:35777..38158:-	37:35777..38158:-	none	none	none	none	38:38188..39714:-	38:38188..39714:-	none	none	none	none	253.4	MOBP1;MOBP2		no_slot_defined
CP015592.1	MPF_FA	T4SS_virb4 AND NOT(T/F/I) AND >=2 FA/FATA	411	8	6	2	FA	high	FA_orf13;FA_orf14;FA_orf15;FA_orf17a;FA_orf17b;FA_orf19	FATA_cd419a;FATA_prgC	406:452995..455535:-	none	5:6682..9759:-	5:6682..9759:-	none	none	none	none	none	none	none	none	none	none	141.4			no_slot_defined
CP020439.2	MPF_FA	T4SS_virb4 AND NOT(T/F/I) AND >=2 FA/FATA	232	3	0	3	FATA	medium		FATA_cd419a;FATA_gbs1369;FATA_prgB	93:85963..87924:-	none	none	161:148797..151835:-	none	none	none	none	none	none	none	none	none	none	124.8			no_slot_defined
CP020755.1	MPF_FA	T4SS_virb4 AND NOT(T/F/I) AND >=2 FA/FATA	675	2	1	1	unassigned	minimal	FA_orf14	FATA_cd419a	523:465795..466763:+	none	445:409096..410241:-	440:402383..403234:-	none	none	none	none	none	none	none	none	none	none	154.4			no_slot_defined
CP020756.1	MPF_FA	T4SS_virb4 AND NOT(T/F/I) AND >=2 FA/FATA	216	5	0	5	FATA	high		FATA_cd419a;FATA_gbs1354;FATA_trsD;FATA_trsG;FATA_trsL	35:19704..20588:+	none	191:117861..119543:-	191:117861..119543:-	none	none	none	none	none	none	none	195:124298..124906:-	none	none	116.8	MOBQ		no_slot_defined
CP020758.1	MPF_FA	T4SS_virb4 AND NOT(T/F/I) AND >=2 FA/FATA	125	5	0	5	FATA	high		FATA_cd419a;FATA_trsC;FATA_trsD;FATA_trsG;FATA_trsL	78:47865..49571:+	none	72:44246..45571:+	72:44246..45571:+	none	none	none	none	63:38652..39377:+	none	none	none	none	none	258.3	MOBP1		no_slot_defined
CP024685.1	MPF_FA	T4SS_virb4 AND NOT(T/F/I) AND >=2 FA/FATA	446	7	6	1	FA	high	FA_orf13;FA_orf14;FA_orf15;FA_orf17a;FA_orf17b;FA_orf19	FATA_cd419a	272:292433..294973:+	288:310425..311591:+	262:278503..281577:+	262:278503..281577:+	none	none	none	none	none	none	none	none	none	none	140.5			no_slot_defined
CP024686.1	MPF_FA	T4SS_virb4 AND NOT(T/F/I) AND >=2 FA/FATA	292	2	1	1	unassigned	minimal	FA_orf14	FATA_cd419a	285:303234..305171:-	94:100905..102071:+	290:309372..311942:-	290:309372..311942:-	none	59:70138..70755:-	none	none	280:298904..300097:-	280:298904..300097:-	none	none	none	none	321.5	MOBC;MOBP1;MOBP2		no_slot_defined
CP024687.1	MPF_FA	T4SS_virb4 AND NOT(T/F/I) AND >=2 FA/FATA	278	2	1	1	unassigned	minimal	FA_orf14	FATA_cd419a	31:30618..32555:+	245:227993..228730:+	24:22128..24755:+	24:22128..24755:+	none	246:228672..229247:+	none	none	none	38:36744..38300:+	none	none	none	none	334.6	MOBC;MOBP2		no_slot_defined
CP024688.1	MPF_FA	T4SS_virb4 AND NOT(T/F/I) AND >=2 FA/FATA	152	2	1	1	unassigned	minimal	FA_orf14	FATA_cd419a	80:75035..77134:-	none	118:113361..116864:+	118:113361..116864:+	none	none	none	none	none	none	none	none	none	none	325.5			no_slot_defined
CP024689.1	MPF_FA	T4SS_virb4 AND NOT(T/F/I) AND >=2 FA/FATA	136	4	3	1	FA	medium	FA_orf13;FA_orf15;FA_orf17a	FATA_cd419a	18:17302..19860:+	122:113552..113935:+	none	13:13453..14445:+	none	14:14451..15293:+	none	none	none	none	none	none	none	none	96.6	MOBC		no_slot_defined
CP025942.1	MPF_FA	T4SS_virb4 AND NOT(T/F/I) AND >=2 FA/FATA	32	5	4	1	FA	high	FA_orf13;FA_orf15;FA_orf17a;FA_orf17b	FATA_cd419a	30:21730..24276:-	none	none	6:2705..4795:-	none	none	none	none	none	none	none	none	none	none	124.1			no_slot_defined
CP028515.1	MPF_FA	T4SS_virb4 AND NOT(T/F/I) AND >=2 FA/FATA	51	2	0	2	FATA	minimal		FATA_cd419a;FATA_trsD	29:33728..35992:-	none	17:18671..20317:-	17:18671..20317:-	none	18:20314..20931:-	none	none	none	none	none	none	none	none	256.8	MOBC		no_slot_defined
CP030382.1	MPF_FA	T4SS_virb4 AND NOT(T/F/I) AND >=2 FA/FATA	45	7	0	7	FATA	high		FATA_prgF;FATA_trsC;FATA_trsD;FATA_trsF;FATA_trsG;FATA_trsJ;FATA_trsL	38:34441..36453:+	none	none	none	none	none	none	none	none	none	none	19:19722..21719:-	none	none	317.4	MOBQ		no_slot_defined
CP030388.1	MPF_FA	T4SS_virb4 AND NOT(T/F/I) AND >=2 FA/FATA	44	7	0	7	FATA	high		FATA_prgF;FATA_trsC;FATA_trsD;FATA_trsF;FATA_trsG;FATA_trsJ;FATA_trsL	27:22894..24906:+	none	33:30382..32022:+	33:30382..32022:+	none	none	none	none	none	none	none	8:8175..10172:-	none	none	317.4	MOBQ		no_slot_defined
CP030400.1	MPF_FA	T4SS_virb4 AND NOT(T/F/I) AND >=2 FA/FATA	45	7	0	7	FATA	high		FATA_prgF;FATA_trsC;FATA_trsD;FATA_trsF;FATA_trsG;FATA_trsJ;FATA_trsL	38:34441..36453:+	none	none	none	none	none	none	none	none	none	none	19:19722..21719:-	none	none	317.4	MOBQ		no_slot_defined
CP030407.1	MPF_FA	T4SS_virb4 AND NOT(T/F/I) AND >=2 FA/FATA	45	7	0	7	FATA	high		FATA_prgF;FATA_trsC;FATA_trsD;FATA_trsF;FATA_trsG;FATA_trsJ;FATA_trsL	38:34439..36451:+	none	none	none	none	none	none	none	none	none	none	19:19720..21717:-	none	none	317.4	MOBQ		no_slot_defined
CP030420.1	MPF_FA	T4SS_virb4 AND NOT(T/F/I) AND >=2 FA/FATA	45	7	0	7	FATA	high		FATA_prgF;FATA_trsC;FATA_trsD;FATA_trsF;FATA_trsG;FATA_trsJ;FATA_trsL	38:34441..36453:+	none	none	none	none	none	none	none	none	none	none	19:19722..21719:-	none	none	317.4	MOBQ		no_slot_defined
CP030429.1	MPF_FA	T4SS_virb4 AND NOT(T/F/I) AND >=2 FA/FATA	45	7	0	7	FATA	high		FATA_prgF;FATA_trsC;FATA_trsD;FATA_trsF;FATA_trsG;FATA_trsJ;FATA_trsL	38:34442..36454:+	none	none	none	none	none	none	none	none	none	none	19:19723..21720:-	none	none	317.4	MOBQ		no_slot_defined
CP030435.1	MPF_FA	T4SS_virb4 AND NOT(T/F/I) AND >=2 FA/FATA	44	7	0	7	FATA	high		FATA_prgF;FATA_trsC;FATA_trsD;FATA_trsF;FATA_trsG;FATA_trsJ;FATA_trsL	33:33790..35802:-	none	27:26674..28314:-	27:26674..28314:-	none	none	none	none	none	none	none	7:4957..6954:+	none	none	317.4	MOBQ		no_slot_defined
CP030448.1	MPF_FA	T4SS_virb4 AND NOT(T/F/I) AND >=2 FA/FATA	45	7	0	7	FATA	high		FATA_prgF;FATA_trsC;FATA_trsD;FATA_trsF;FATA_trsG;FATA_trsJ;FATA_trsL	38:34441..36453:+	none	none	none	none	none	none	none	none	none	none	19:19722..21719:-	none	none	317.4	MOBQ		no_slot_defined
CP030453.1	MPF_FA	T4SS_virb4 AND NOT(T/F/I) AND >=2 FA/FATA	46	7	0	7	FATA	high		FATA_prgF;FATA_trsC;FATA_trsD;FATA_trsF;FATA_trsG;FATA_trsJ;FATA_trsL	39:34437..36449:+	none	none	none	none	none	none	none	none	none	none	19:19719..21716:-	none	none	317.4	MOBQ		no_slot_defined
CP030456.1	MPF_FA	T4SS_virb4 AND NOT(T/F/I) AND >=2 FA/FATA	45	7	0	7	FATA	high		FATA_prgF;FATA_trsC;FATA_trsD;FATA_trsF;FATA_trsG;FATA_trsJ;FATA_trsL	38:34442..36454:+	none	none	none	none	none	none	none	none	none	none	19:19723..21720:-	none	none	317.4	MOBQ		no_slot_defined
CP030468.1	MPF_FA	T4SS_virb4 AND NOT(T/F/I) AND >=2 FA/FATA	45	7	0	7	FATA	high		FATA_prgF;FATA_trsC;FATA_trsD;FATA_trsF;FATA_trsG;FATA_trsJ;FATA_trsL	38:34441..36453:+	none	none	none	none	none	none	none	none	none	none	19:19722..21719:-	none	none	317.4	MOBQ		no_slot_defined
CP030483.1	MPF_FA	T4SS_virb4 AND NOT(T/F/I) AND >=2 FA/FATA	44	7	0	7	FATA	high		FATA_prgF;FATA_trsC;FATA_trsD;FATA_trsF;FATA_trsG;FATA_trsJ;FATA_trsL	30:24709..26721:+	none	36:32197..33843:+	36:32197..33843:+	none	none	none	none	none	none	none	18:15715..17712:-	none	none	318.4	MOBQ		no_slot_defined
CP030491.1	MPF_FA	T4SS_virb4 AND NOT(T/F/I) AND >=2 FA/FATA	45	7	0	7	FATA	high		FATA_prgF;FATA_trsC;FATA_trsD;FATA_trsF;FATA_trsG;FATA_trsJ;FATA_trsL	38:34440..36452:+	none	none	none	none	none	none	none	none	none	none	19:19722..21719:-	none	none	317.4	MOBQ		no_slot_defined
CP030502.1	MPF_FA	T4SS_virb4 AND NOT(T/F/I) AND >=2 FA/FATA	45	7	0	7	FATA	high		FATA_prgF;FATA_trsC;FATA_trsD;FATA_trsF;FATA_trsG;FATA_trsJ;FATA_trsL	38:34441..36453:+	none	none	none	none	none	none	none	none	none	none	19:19722..21719:-	none	none	317.4	MOBQ		no_slot_defined
CP030507.1	MPF_FA	T4SS_virb4 AND NOT(T/F/I) AND >=2 FA/FATA	45	7	0	7	FATA	high		FATA_prgF;FATA_trsC;FATA_trsD;FATA_trsF;FATA_trsG;FATA_trsJ;FATA_trsL	38:34441..36453:+	none	none	none	none	none	none	none	none	none	none	19:19722..21719:-	none	none	317.4	MOBQ		no_slot_defined
CP030522.1	MPF_FA	T4SS_virb4 AND NOT(T/F/I) AND >=2 FA/FATA	47	7	0	7	FATA	high		FATA_prgF;FATA_trsC;FATA_trsD;FATA_trsF;FATA_trsG;FATA_trsJ;FATA_trsL	36:30594..32606:+	none	42:38082..39722:+	42:38082..39722:+	none	none	none	none	20:20836..21843:-	none	none	7:7431..9428:-	none	none	317.4	MOBP1;MOBQ		no_slot_defined
CP030526.1	MPF_FA	T4SS_virb4 AND NOT(T/F/I) AND >=2 FA/FATA	37	7	0	7	FATA	high		FATA_prgF;FATA_trsC;FATA_trsD;FATA_trsF;FATA_trsG;FATA_trsJ;FATA_trsL	32:31783..33795:-	none	26:24667..26307:-	26:24667..26307:-	none	none	none	none	none	none	none	7:4957..6954:+	none	none	317.4	MOBQ		no_slot_defined
CP030538.1	MPF_FA	T4SS_virb4 AND NOT(T/F/I) AND >=2 FA/FATA	42	7	0	7	FATA	high		FATA_prgF;FATA_trsC;FATA_trsD;FATA_trsF;FATA_trsG;FATA_trsJ;FATA_trsL	25:26838..28850:-	none	19:19722..21362:-	19:19722..21362:-	none	none	none	none	none	none	none	none	none	none	317.4			no_slot_defined
CP030554.1	MPF_FA	T4SS_virb4 AND NOT(T/F/I) AND >=2 FA/FATA	45	7	0	7	FATA	high		FATA_prgF;FATA_trsC;FATA_trsD;FATA_trsF;FATA_trsG;FATA_trsJ;FATA_trsL	38:34427..36439:+	none	none	none	none	none	none	none	none	none	none	19:19722..21719:-	none	none	317.4	MOBQ		no_slot_defined
CP030556.1	MPF_FA	T4SS_virb4 AND NOT(T/F/I) AND >=2 FA/FATA	37	6	0	6	FATA	high		FATA_prgF;FATA_trsC;FATA_trsD;FATA_trsF;FATA_trsG;FATA_trsL	32:28306..30318:+	none	0:105..1640:+	0:105..1640:+	none	none	none	none	none	none	none	17:16731..18728:-	none	none	317.4	MOBQ		no_slot_defined
CP030559.1	MPF_FA	T4SS_virb4 AND NOT(T/F/I) AND >=2 FA/FATA	38	7	0	7	FATA	high		FATA_prgF;FATA_trsC;FATA_trsD;FATA_trsF;FATA_trsG;FATA_trsJ;FATA_trsL	11:9823..11835:+	none	17:17311..18951:+	17:17311..18951:+	none	none	none	none	none	none	none	30:29464..31461:-	none	none	317.4	MOBQ		no_slot_defined
CP030573.1	MPF_FA	T4SS_virb4 AND NOT(T/F/I) AND >=2 FA/FATA	45	7	0	7	FATA	high		FATA_prgF;FATA_trsC;FATA_trsD;FATA_trsF;FATA_trsG;FATA_trsJ;FATA_trsL	38:34441..36453:+	none	none	none	none	none	none	none	none	none	none	19:19722..21719:-	none	none	317.4	MOBQ		no_slot_defined
CP030581.1	MPF_FA	T4SS_virb4 AND NOT(T/F/I) AND >=2 FA/FATA	45	7	0	7	FATA	high		FATA_prgF;FATA_trsC;FATA_trsD;FATA_trsF;FATA_trsG;FATA_trsJ;FATA_trsL	38:34441..36453:+	none	none	none	none	none	none	none	none	none	none	19:19722..21719:-	none	none	317.4	MOBQ		no_slot_defined
CP030591.1	MPF_FA	T4SS_virb4 AND NOT(T/F/I) AND >=2 FA/FATA	45	7	0	7	FATA	high		FATA_prgF;FATA_trsC;FATA_trsD;FATA_trsF;FATA_trsG;FATA_trsJ;FATA_trsL	2:1098..3110:+	none	8:8586..10226:+	8:8586..10226:+	none	none	none	none	none	none	none	31:31851..33848:-	none	none	317.4	MOBQ		no_slot_defined
CP030600.1	MPF_FA	T4SS_virb4 AND NOT(T/F/I) AND >=2 FA/FATA	45	7	0	7	FATA	high		FATA_prgF;FATA_trsC;FATA_trsD;FATA_trsF;FATA_trsG;FATA_trsJ;FATA_trsL	23:19216..21228:+	none	29:26704..28344:+	29:26704..28344:+	none	none	none	none	none	none	none	4:4497..6494:-	none	none	317.4	MOBQ		no_slot_defined
CP030606.1	MPF_FA	T4SS_virb4 AND NOT(T/F/I) AND >=2 FA/FATA	35	7	0	7	FATA	high		FATA_prgF;FATA_trsC;FATA_trsD;FATA_trsF;FATA_trsG;FATA_trsJ;FATA_trsL	14:11542..13554:+	none	20:19030..20670:+	20:19030..20670:+	none	none	none	none	none	none	none	1:1765..3762:-	none	none	317.4	MOBQ		no_slot_defined
CP030609.1	MPF_FA	T4SS_virb4 AND NOT(T/F/I) AND >=2 FA/FATA	45	7	0	7	FATA	high		FATA_prgF;FATA_trsC;FATA_trsD;FATA_trsF;FATA_trsG;FATA_trsJ;FATA_trsL	38:34442..36454:+	none	none	none	none	none	none	none	none	none	none	19:19723..21720:-	none	none	317.4	MOBQ		no_slot_defined
CP030612.1	MPF_FA	T4SS_virb4 AND NOT(T/F/I) AND >=2 FA/FATA	45	7	0	7	FATA	high		FATA_prgF;FATA_trsC;FATA_trsD;FATA_trsF;FATA_trsG;FATA_trsJ;FATA_trsL	38:34442..36454:+	none	none	none	none	none	none	none	none	none	none	19:19723..21720:-	none	none	317.4	MOBQ		no_slot_defined
CP030614.1	MPF_FA	T4SS_virb4 AND NOT(T/F/I) AND >=2 FA/FATA	46	7	0	7	FATA	high		FATA_prgF;FATA_trsC;FATA_trsD;FATA_trsF;FATA_trsG;FATA_trsJ;FATA_trsL	42:39057..41069:+	none	2:2579..4219:+	2:2579..4219:+	none	none	none	none	none	none	none	27:27376..29373:-	none	none	317.4	MOBQ		no_slot_defined
CP030618.1	MPF_FA	T4SS_virb4 AND NOT(T/F/I) AND >=2 FA/FATA	45	7	0	7	FATA	high		FATA_prgF;FATA_trsC;FATA_trsD;FATA_trsF;FATA_trsG;FATA_trsJ;FATA_trsL	38:34624..36636:+	none	none	none	none	none	none	none	none	none	none	19:19722..21719:-	none	none	317.4	MOBQ		no_slot_defined
CP030631.1	MPF_FA	T4SS_virb4 AND NOT(T/F/I) AND >=2 FA/FATA	45	7	0	7	FATA	high		FATA_prgF;FATA_trsC;FATA_trsD;FATA_trsF;FATA_trsG;FATA_trsJ;FATA_trsL	38:34441..36453:+	none	none	none	none	none	none	none	none	none	none	19:19722..21719:-	none	none	317.4	MOBQ		no_slot_defined
CP030636.1	MPF_FA	T4SS_virb4 AND NOT(T/F/I) AND >=2 FA/FATA	45	7	0	7	FATA	high		FATA_prgF;FATA_trsC;FATA_trsD;FATA_trsF;FATA_trsG;FATA_trsJ;FATA_trsL	38:34441..36453:+	none	none	none	none	none	none	none	none	none	none	19:19722..21719:-	none	none	317.4	MOBQ		no_slot_defined
CP030639.1	MPF_FA	T4SS_virb4 AND NOT(T/F/I) AND >=2 FA/FATA	45	7	0	7	FATA	high		FATA_prgF;FATA_trsC;FATA_trsD;FATA_trsF;FATA_trsG;FATA_trsJ;FATA_trsL	38:34634..36646:+	none	none	none	none	none	none	none	none	none	none	19:19722..21719:-	none	none	317.4	MOBQ		no_slot_defined
CP030648.1	MPF_FA	T4SS_virb4 AND NOT(T/F/I) AND >=2 FA/FATA	44	7	0	7	FATA	high		FATA_prgF;FATA_trsC;FATA_trsD;FATA_trsF;FATA_trsG;FATA_trsJ;FATA_trsL	37:32536..34548:+	none	none	none	none	none	none	none	none	none	none	20:19721..21718:-	none	none	317.4	MOBQ		no_slot_defined
CP030651.1	MPF_FA	T4SS_virb4 AND NOT(T/F/I) AND >=2 FA/FATA	45	7	0	7	FATA	high		FATA_prgF;FATA_trsC;FATA_trsD;FATA_trsF;FATA_trsG;FATA_trsJ;FATA_trsL	38:34441..36453:+	none	none	none	none	none	none	none	none	none	none	19:19722..21719:-	none	none	317.4	MOBQ		no_slot_defined
CP030655.1	MPF_FA	T4SS_virb4 AND NOT(T/F/I) AND >=2 FA/FATA	36	7	1	6	FATA	high	FA_orf13	FATA_prgF;FATA_trsC;FATA_trsD;FATA_trsF;FATA_trsG;FATA_trsL	31:27494..29506:+	none	0:60..1646:+	0:60..1646:+	none	none	none	none	none	none	none	19:18514..20511:-	none	none	318.2	MOBQ		no_slot_defined
CP030671.1	MPF_FA	T4SS_virb4 AND NOT(T/F/I) AND >=2 FA/FATA	44	7	0	7	FATA	high		FATA_prgF;FATA_trsC;FATA_trsD;FATA_trsF;FATA_trsG;FATA_trsJ;FATA_trsL	13:8610..10622:+	none	19:16098..17738:+	19:16098..17738:+	none	none	none	none	none	none	none	41:39186..41183:-	none	none	317.4	MOBQ		no_slot_defined
CP030685.1	MPF_FA	T4SS_virb4 AND NOT(T/F/I) AND >=2 FA/FATA	45	7	0	7	FATA	high		FATA_prgF;FATA_trsC;FATA_trsD;FATA_trsF;FATA_trsG;FATA_trsJ;FATA_trsL	38:34441..36453:+	none	none	none	none	none	none	none	none	none	none	19:19722..21719:-	none	none	317.4	MOBQ		no_slot_defined
CP030705.1	MPF_FA	T4SS_virb4 AND NOT(T/F/I) AND >=2 FA/FATA	45	7	0	7	FATA	high		FATA_prgF;FATA_trsC;FATA_trsD;FATA_trsF;FATA_trsG;FATA_trsJ;FATA_trsL	38:34441..36453:+	none	none	none	none	none	none	none	none	none	none	19:19722..21719:-	none	none	317.4	MOBQ		no_slot_defined
CP038169.1	MPF_FA	T4SS_virb4 AND NOT(T/F/I) AND >=2 FA/FATA	41	5	2	3	unassigned	high	FA_orf13;FA_orf14	FATA_cd419a;FATA_trsF;FATA_trsL	28:26808..27344:-	none	22:21228..22754:-	22:21228..22754:-	none	none	none	none	none	none	none	none	none	0:64..360:+	87.1	MOBV		no_slot_defined
CP041074.1	MPF_FA	T4SS_virb4 AND NOT(T/F/I) AND >=2 FA/FATA	220	7	1	6	FATA	high	FA_orf14	FATA_cd419a;FATA_trsC;FATA_trsD;FATA_trsF;FATA_trsJ;FATA_trsL	24:22624..24561:+	218:209006..210190:+	31:29713..31692:+	31:29713..31692:+	none	none	none	none	none	none	none	4:3631..6777:-	none	none	260.4	MOBQ		no_slot_defined
CP041075.1	MPF_FA	T4SS_virb4 AND NOT(T/F/I) AND >=2 FA/FATA	175	2	1	1	unassigned	minimal	FA_orf14	FATA_cd419a	105:91868..93808:-	139:120844..122034:+	110:97439..100159:-	110:97439..100159:-	none	140:121973..122587:+	none	none	99:86829..88037:-	99:86829..88037:-	none	none	none	none	303.2	MOBC;MOBP1;MOBP2		no_slot_defined
CP041751.1	MPF_FA	T4SS_virb4 AND NOT(T/F/I) AND >=2 FA/FATA	65	4	3	1	FA	medium	FA_orf13;FA_orf15;FA_orf17a	FATA_cd419a	1:710..3268:-	none	none	7:6393..9161:-	none	6:5545..6387:-	none	none	none	none	none	none	none	none	100.1	MOBC		no_slot_defined
CP041978.1	MPF_FA	T4SS_virb4 AND NOT(T/F/I) AND >=2 FA/FATA	296	2	1	1	unassigned	minimal	FA_orf14	FATA_cd419a	30:24733..25701:+	none	260:264410..265663:-	259:262164..264311:-	none	none	none	none	none	none	none	none	none	none	157.6			no_slot_defined
CP041980.1	MPF_FA	T4SS_virb4 AND NOT(T/F/I) AND >=2 FA/FATA	296	2	1	1	unassigned	minimal	FA_orf14	FATA_cd419a	10:9130..10098:+	none	238:245117..248617:-	238:245117..248617:-	none	none	none	none	none	none	none	none	none	none	157.6			no_slot_defined
CP042405.1	MPF_FA	T4SS_virb4 AND NOT(T/F/I) AND >=2 FA/FATA	45	4	4	0	FA	medium	FA_orf13;FA_orf15;FA_orf17b;FA_orf23		16:13426..15948:-	26:21820..22830:-	none	none	none	none	none	none	none	none	none	none	24:19915..21099:-	none	112.2	MOBT		no_slot_defined
CP042833.1	MPF_FA	T4SS_virb4 AND NOT(T/F/I) AND >=2 FA/FATA	227	2	0	2	FATA	minimal		FATA_prgB;FATA_prgC	30:25884..27908:-	none	34:31427..34036:-	34:31427..34036:-	none	none	none	none	23:20113..21708:-	23:20113..21708:-	none	none	none	none	256.8	MOBP1;MOBP2		no_slot_defined
CP043231.1	MPF_FA	T4SS_virb4 AND NOT(T/F/I) AND >=2 FA/FATA	85	2	1	1	unassigned	minimal	FA_orf14	FATA_cd419a	73:65076..67010:+	none	66:57377..59347:+	66:57377..59347:+	none	none	none	none	none	82:73801..75345:+	none	none	none	none	343.5	MOBP2		no_slot_defined
CP043232.1	MPF_FA	T4SS_virb4 AND NOT(T/F/I) AND >=2 FA/FATA	87	5	0	5	FATA	high		FATA_cd419a;FATA_trsC;FATA_trsD;FATA_trsG;FATA_trsL	81:67502..69394:-	none	none	86:71690..72892:-	none	none	none	none	0:637..3180:-	none	0:637..3180:-	none	none	none	292.2	MOBP1;MOBP3		no_slot_defined
CP043233.1	MPF_FA	T4SS_virb4 AND NOT(T/F/I) AND >=2 FA/FATA	640	2	1	1	unassigned	minimal	FA_orf14	FATA_cd419a	3:7941..10049:-	none	41:46270..47415:+	333:373571..374887:+	none	none	none	none	none	none	none	none	none	none	323.5			no_slot_defined
CP046063.1	MPF_FA	T4SS_virb4 AND NOT(T/F/I) AND >=2 FA/FATA	45	4	4	0	FA	medium	FA_orf13;FA_orf15;FA_orf17b;FA_orf23		21:17609..20131:-	31:26003..27013:-	none	none	none	none	none	none	none	none	none	none	29:24098..25282:-	none	112.2	MOBT		no_slot_defined
CP046512.1	MPF_FA	T4SS_virb4 AND NOT(T/F/I) AND >=2 FA/FATA	448	2	1	1	unassigned	minimal	FA_orf14	FATA_cd419a	23:16016..18115:+	none	424:483450..484961:-	422:478970..480847:-	none	none	none	none	none	none	none	none	none	none	323.6			no_slot_defined
CP046513.1	MPF_FA	T4SS_virb4 AND NOT(T/F/I) AND >=2 FA/FATA	313	2	1	1	unassigned	minimal	FA_orf14	FATA_cd419a	23:15269..17302:+	none	266:253095..254606:-	264:248729..250582:-	none	none	none	none	none	none	none	none	none	none	325.3			no_slot_defined
CP049370.1	MPF_FA	T4SS_virb4 AND NOT(T/F/I) AND >=2 FA/FATA	42	7	0	7	FATA	high		FATA_prgF;FATA_trsC;FATA_trsD;FATA_trsF;FATA_trsG;FATA_trsJ;FATA_trsL	31:27085..29097:+	none	37:34573..36213:+	37:34573..36213:+	none	none	none	none	none	none	none	14:14264..16261:-	none	none	317.4	MOBQ		no_slot_defined
CP049392.1	MPF_FA	T4SS_virb4 AND NOT(T/F/I) AND >=2 FA/FATA	45	7	0	7	FATA	high		FATA_prgF;FATA_trsC;FATA_trsD;FATA_trsF;FATA_trsG;FATA_trsJ;FATA_trsL	34:29430..31442:+	none	40:36918..38558:+	40:36918..38558:+	none	none	none	none	none	none	none	14:14264..16261:-	none	none	317.4	MOBQ		no_slot_defined
CP049414.1	MPF_FA	T4SS_virb4 AND NOT(T/F/I) AND >=2 FA/FATA	45	7	0	7	FATA	high		FATA_prgF;FATA_trsC;FATA_trsD;FATA_trsF;FATA_trsG;FATA_trsJ;FATA_trsL	34:29401..31413:+	none	40:36889..38529:+	40:36889..38529:+	none	none	none	none	none	none	none	14:14265..16262:-	none	none	317.4	MOBQ		no_slot_defined
CP049419.1	MPF_FA	T4SS_virb4 AND NOT(T/F/I) AND >=2 FA/FATA	44	7	0	7	FATA	high		FATA_prgF;FATA_trsC;FATA_trsD;FATA_trsF;FATA_trsG;FATA_trsJ;FATA_trsL	33:29362..31374:+	none	39:36850..38490:+	39:36850..38490:+	none	none	none	none	none	none	none	14:14265..16262:-	none	none	317.4	MOBQ		no_slot_defined
CP049447.1	MPF_FA	T4SS_virb4 AND NOT(T/F/I) AND >=2 FA/FATA	46	7	0	7	FATA	high		FATA_prgF;FATA_trsC;FATA_trsD;FATA_trsF;FATA_trsG;FATA_trsJ;FATA_trsL	38:33797..35809:+	none	44:41285..42925:+	44:41285..42925:+	none	none	none	none	none	none	none	19:19078..21075:-	none	none	317.4	MOBQ		no_slot_defined
CP049471.1	MPF_FA	T4SS_virb4 AND NOT(T/F/I) AND >=2 FA/FATA	47	7	0	7	FATA	high		FATA_prgF;FATA_trsC;FATA_trsD;FATA_trsF;FATA_trsG;FATA_trsJ;FATA_trsL	36:31516..33528:+	none	42:39004..40644:+	42:39004..40644:+	none	none	none	none	none	none	none	14:14265..16262:-	none	none	317.4	MOBQ		no_slot_defined
CP049497.1	MPF_FA	T4SS_virb4 AND NOT(T/F/I) AND >=2 FA/FATA	56	7	0	7	FATA	high		FATA_prgF;FATA_trsC;FATA_trsD;FATA_trsF;FATA_trsG;FATA_trsJ;FATA_trsL	27:22653..24665:-	none	21:16309..17178:-	20:15539..16117:-	none	none	none	none	none	none	none	46:37386..39056:+	none	none	317.4	MOBQ		no_slot_defined
CP049502.1	MPF_FA	T4SS_virb4 AND NOT(T/F/I) AND >=2 FA/FATA	44	7	0	7	FATA	high		FATA_prgF;FATA_trsC;FATA_trsD;FATA_trsF;FATA_trsG;FATA_trsJ;FATA_trsL	33:29005..31017:+	none	39:36493..38133:+	39:36493..38133:+	none	none	none	none	none	none	none	14:14265..16262:-	none	none	317.4	MOBQ		no_slot_defined
CP049506.1	MPF_FA	T4SS_virb4 AND NOT(T/F/I) AND >=2 FA/FATA	45	7	0	7	FATA	high		FATA_prgF;FATA_trsC;FATA_trsD;FATA_trsF;FATA_trsG;FATA_trsJ;FATA_trsL	5:3260..5272:+	none	11:10748..12388:+	11:10748..12388:+	none	none	none	none	none	none	none	31:32108..34105:-	none	none	317.4	MOBQ		no_slot_defined
CP049513.1	MPF_FA	T4SS_virb4 AND NOT(T/F/I) AND >=2 FA/FATA	35	7	0	7	FATA	high		FATA_prgF;FATA_trsC;FATA_trsD;FATA_trsF;FATA_trsG;FATA_trsJ;FATA_trsL	28:24847..26859:+	none	none	none	none	none	none	none	none	none	none	12:10515..12512:-	none	none	317.4	MOBQ		no_slot_defined
CP049520.1	MPF_FA	T4SS_virb4 AND NOT(T/F/I) AND >=2 FA/FATA	44	7	0	7	FATA	high		FATA_prgF;FATA_trsC;FATA_trsD;FATA_trsF;FATA_trsG;FATA_trsJ;FATA_trsL	33:28998..31010:+	none	39:36486..38126:+	39:36486..38126:+	none	none	none	none	none	none	none	14:14265..16262:-	none	none	317.4	MOBQ		no_slot_defined
CP049521.1	MPF_FA	T4SS_virb4 AND NOT(T/F/I) AND >=2 FA/FATA	45	7	0	7	FATA	high		FATA_prgF;FATA_trsC;FATA_trsD;FATA_trsF;FATA_trsG;FATA_trsJ;FATA_trsL	34:29337..31349:+	none	40:36825..38465:+	40:36825..38465:+	none	none	none	none	none	none	none	14:14265..16262:-	none	none	317.4	MOBQ		no_slot_defined
CP049531.1	MPF_FA	T4SS_virb4 AND NOT(T/F/I) AND >=2 FA/FATA	47	7	0	7	FATA	high		FATA_prgF;FATA_trsC;FATA_trsD;FATA_trsF;FATA_trsG;FATA_trsJ;FATA_trsL	36:31672..33684:+	none	42:39160..40800:+	42:39160..40800:+	none	none	none	none	none	none	none	14:14265..16262:-	none	none	317.4	MOBQ		no_slot_defined
CP049536.1	MPF_FA	T4SS_virb4 AND NOT(T/F/I) AND >=2 FA/FATA	49	6	0	6	FATA	high		FATA_trsC;FATA_trsD;FATA_trsF;FATA_trsG;FATA_trsJ;FATA_trsL	0:326..1006:+	none	6:6482..8122:+	6:6482..8122:+	none	none	none	none	none	none	none	26:27841..29838:-	none	none	126.8	MOBQ		no_slot_defined
CP049538.1	MPF_FA	T4SS_virb4 AND NOT(T/F/I) AND >=2 FA/FATA	46	7	0	7	FATA	high		FATA_prgF;FATA_trsC;FATA_trsD;FATA_trsF;FATA_trsG;FATA_trsJ;FATA_trsL	35:30887..32899:+	none	41:38375..40015:+	41:38375..40015:+	none	none	none	none	none	none	none	14:14264..16261:-	none	none	317.4	MOBQ		no_slot_defined
CP049543.1	MPF_FA	T4SS_virb4 AND NOT(T/F/I) AND >=2 FA/FATA	46	7	0	7	FATA	high		FATA_prgF;FATA_trsC;FATA_trsD;FATA_trsF;FATA_trsG;FATA_trsJ;FATA_trsL	41:38768..40780:+	none	2:2689..4329:+	2:2689..4329:+	none	none	none	none	none	none	none	22:24049..26046:-	none	none	317.4	MOBQ		no_slot_defined
CP049548.1	MPF_FA	T4SS_virb4 AND NOT(T/F/I) AND >=2 FA/FATA	35	7	0	7	FATA	high		FATA_prgF;FATA_trsC;FATA_trsD;FATA_trsF;FATA_trsG;FATA_trsJ;FATA_trsL	28:24847..26859:+	none	none	none	none	none	none	none	none	none	none	12:10515..12512:-	none	none	317.4	MOBQ		no_slot_defined
CP049584.1	MPF_FA	T4SS_virb4 AND NOT(T/F/I) AND >=2 FA/FATA	38	7	0	7	FATA	high		FATA_prgF;FATA_trsC;FATA_trsD;FATA_trsF;FATA_trsG;FATA_trsJ;FATA_trsL	6:4425..6437:+	none	12:11913..13553:+	12:11913..13553:+	none	none	none	none	none	none	none	29:28644..30641:-	none	none	317.4	MOBQ		no_slot_defined
CP050000.1	MPF_FA	T4SS_virb4 AND NOT(T/F/I) AND >=2 FA/FATA	60	7	0	7	FATA	high		FATA_prgF;FATA_trsC;FATA_trsD;FATA_trsF;FATA_trsG;FATA_trsJ;FATA_trsL	30:29590..31602:-	none	24:22474..24114:-	24:22474..24114:-	none	none	none	none	none	none	none	54:51682..53679:+	none	none	317.4	MOBQ		no_slot_defined
CP051892.1	MPF_FA	T4SS_virb4 AND NOT(T/F/I) AND >=2 FA/FATA	47	7	0	7	FATA	high		FATA_prgF;FATA_trsC;FATA_trsD;FATA_trsF;FATA_trsG;FATA_trsJ;FATA_trsL	36:31610..33622:+	none	42:39098..40738:+	42:39098..40738:+	none	none	none	none	none	none	none	14:14265..16262:-	none	none	317.4	MOBQ		no_slot_defined
CP051899.1	MPF_FA	T4SS_virb4 AND NOT(T/F/I) AND >=2 FA/FATA	56	7	0	7	FATA	high		FATA_prgF;FATA_trsC;FATA_trsD;FATA_trsF;FATA_trsG;FATA_trsJ;FATA_trsL	22:16982..18994:+	none	28:24470..26110:+	28:24470..26110:+	none	none	none	none	none	none	none	3:2263..4260:-	none	none	317.4	MOBQ		no_slot_defined
CP051904.1	MPF_FA	T4SS_virb4 AND NOT(T/F/I) AND >=2 FA/FATA	48	7	0	7	FATA	high		FATA_prgF;FATA_trsC;FATA_trsD;FATA_trsF;FATA_trsG;FATA_trsJ;FATA_trsL	35:32330..34342:+	none	41:39818..41458:+	41:39818..41458:+	none	none	none	none	none	none	none	16:17611..19608:-	none	none	317.4	MOBQ		no_slot_defined
CP051923.1	MPF_FA	T4SS_virb4 AND NOT(T/F/I) AND >=2 FA/FATA	45	7	0	7	FATA	high		FATA_prgF;FATA_trsC;FATA_trsD;FATA_trsF;FATA_trsG;FATA_trsJ;FATA_trsL	34:29380..31392:+	none	40:36868..38508:+	40:36868..38508:+	none	none	none	none	none	none	none	15:14263..16260:-	none	none	317.4	MOBQ		no_slot_defined
CP051946.1	MPF_FA	T4SS_virb4 AND NOT(T/F/I) AND >=2 FA/FATA	43	7	0	7	FATA	high		FATA_prgF;FATA_trsC;FATA_trsD;FATA_trsF;FATA_trsG;FATA_trsJ;FATA_trsL	26:22976..24988:+	none	32:30464..32104:+	32:30464..32104:+	none	none	none	none	none	none	none	11:11146..13143:-	none	none	317.4	MOBQ		no_slot_defined
CP051955.1	MPF_FA	T4SS_virb4 AND NOT(T/F/I) AND >=2 FA/FATA	48	6	0	6	FATA	high		FATA_prgF;FATA_trsD;FATA_trsF;FATA_trsG;FATA_trsJ;FATA_trsL	1:704..2716:+	none	7:8192..9832:+	7:8192..9832:+	none	none	none	none	none	none	none	31:27557..29554:+	none	none	317.4	MOBQ		no_slot_defined
CP051960.1	MPF_FA	T4SS_virb4 AND NOT(T/F/I) AND >=2 FA/FATA	42	7	0	7	FATA	high		FATA_prgF;FATA_trsC;FATA_trsD;FATA_trsF;FATA_trsG;FATA_trsJ;FATA_trsL	31:27092..29104:+	none	37:34580..36220:+	37:34580..36220:+	none	none	none	none	none	none	none	14:14265..16262:-	none	none	317.4	MOBQ		no_slot_defined
CP051966.1	MPF_FA	T4SS_virb4 AND NOT(T/F/I) AND >=2 FA/FATA	46	7	0	7	FATA	high		FATA_prgF;FATA_trsC;FATA_trsD;FATA_trsF;FATA_trsG;FATA_trsJ;FATA_trsL	15:16537..18549:-	none	9:9421..11061:-	9:9421..11061:-	none	none	none	none	none	none	none	34:31271..33268:+	none	none	317.4	MOBQ		no_slot_defined
CP051979.1	MPF_FA	T4SS_virb4 AND NOT(T/F/I) AND >=2 FA/FATA	50	7	0	7	FATA	high		FATA_prgF;FATA_trsC;FATA_trsD;FATA_trsF;FATA_trsG;FATA_trsJ;FATA_trsL	0:227..907:+	none	8:6381..8021:+	8:6381..8021:+	none	none	none	none	none	none	none	29:27738..29735:-	none	none	126.8	MOBQ		no_slot_defined
CP051986.1	MPF_FA	T4SS_virb4 AND NOT(T/F/I) AND >=2 FA/FATA	41	7	0	7	FATA	high		FATA_prgF;FATA_trsC;FATA_trsD;FATA_trsF;FATA_trsG;FATA_trsJ;FATA_trsL	29:25461..27473:+	none	35:32949..34589:+	35:32949..34589:+	none	none	none	none	none	none	none	13:13640..15637:-	none	none	317.4	MOBQ		no_slot_defined
CP052000.1	MPF_FA	T4SS_virb4 AND NOT(T/F/I) AND >=2 FA/FATA	44	7	0	7	FATA	high		FATA_prgF;FATA_trsC;FATA_trsD;FATA_trsF;FATA_trsG;FATA_trsJ;FATA_trsL	33:29008..31020:+	none	39:36496..38136:+	39:36496..38136:+	none	none	none	none	none	none	none	14:14265..16262:-	none	none	317.4	MOBQ		no_slot_defined
CP052005.1	MPF_FA	T4SS_virb4 AND NOT(T/F/I) AND >=2 FA/FATA	48	7	0	7	FATA	high		FATA_prgF;FATA_trsC;FATA_trsD;FATA_trsF;FATA_trsG;FATA_trsJ;FATA_trsL	36:31608..33620:+	none	43:39097..40737:+	43:39097..40737:+	none	none	none	none	none	none	none	14:14265..16262:-	none	none	317.4	MOBQ		no_slot_defined
CP052014.1	MPF_FA	T4SS_virb4 AND NOT(T/F/I) AND >=2 FA/FATA	35	6	0	6	FATA	high		FATA_trsC;FATA_trsD;FATA_trsF;FATA_trsG;FATA_trsJ;FATA_trsL	9:5865..7877:+	none	16:13379..14995:+	16:13379..14995:+	none	none	none	none	none	none	none	32:25863..27860:-	none	none	310.3	MOBQ		no_slot_defined
CP052017.1	MPF_FA	T4SS_virb4 AND NOT(T/F/I) AND >=2 FA/FATA	44	7	0	7	FATA	high		FATA_prgF;FATA_trsC;FATA_trsD;FATA_trsF;FATA_trsG;FATA_trsJ;FATA_trsL	33:28988..31000:+	none	39:36476..38116:+	39:36476..38116:+	none	none	none	none	none	none	none	14:14265..16262:-	none	none	317.4	MOBQ		no_slot_defined
CP052020.1	MPF_FA	T4SS_virb4 AND NOT(T/F/I) AND >=2 FA/FATA	46	7	0	7	FATA	high		FATA_prgF;FATA_trsC;FATA_trsD;FATA_trsF;FATA_trsG;FATA_trsJ;FATA_trsL	35:30888..32900:+	none	41:38376..40016:+	41:38376..40016:+	none	none	none	none	none	none	none	14:14265..16262:-	none	none	317.4	MOBQ		no_slot_defined
CP052023.1	MPF_FA	T4SS_virb4 AND NOT(T/F/I) AND >=2 FA/FATA	45	7	0	7	FATA	high		FATA_prgF;FATA_trsC;FATA_trsD;FATA_trsF;FATA_trsG;FATA_trsJ;FATA_trsL	26:28893..30905:-	none	20:21777..23417:-	20:21777..23417:-	none	none	none	none	none	none	none	0:60..2057:+	none	none	317.4	MOBQ		no_slot_defined
CP052062.1	MPF_FA	T4SS_virb4 AND NOT(T/F/I) AND >=2 FA/FATA	101	3	1	2	FATA	medium	FA_orf14	FATA_cd419a;FATA_prgC	59:57422..59359:+	22:22481..23662:-	54:50690..53272:+	54:50690..53272:+	none	21:21925..22542:-	none	none	64:62529..63722:+	64:62529..63722:+	none	none	none	none	333.0	MOBC;MOBP1;MOBP2		no_slot_defined
CP052064.1	MPF_FA	T4SS_virb4 AND NOT(T/F/I) AND >=2 FA/FATA	455	6	5	1	FA	high	FA_orf13;FA_orf14;FA_orf15;FA_orf17a;FA_orf17b	FATA_cd419a	71:73774..76314:+	95:96349..97515:+	none	56:53094..56171:+	none	none	none	none	none	none	none	none	none	none	141.3			no_slot_defined
CP052943.1	MPF_FA	T4SS_virb4 AND NOT(T/F/I) AND >=2 FA/FATA	53	2	0	2	FATA	minimal		FATA_gbs1350;FATA_trsG	14:13566..15524:+	none	8:6404..8968:+	8:6404..8968:+	none	none	none	none	none	27:30513..31862:-	none	none	none	none	270.1	MOBP2		no_slot_defined
CP053689.1	MPF_FA	T4SS_virb4 AND NOT(T/F/I) AND >=2 FA/FATA	225	2	1	1	unassigned	minimal	FA_orf14	FATA_cd419a	52:76760..78718:-	137:156075..157886:-	57:82113..84668:-	57:82113..84668:-	none	70:93576..93830:-	none	none	47:72005..73645:-	47:72005..73645:-	none	none	none	none	292.3	MOBC;MOBP1;MOBP2		no_slot_defined
CP060142.1	MPF_FA	T4SS_virb4 AND NOT(T/F/I) AND >=2 FA/FATA	73	3	2	1	FA	medium	FA_orf15;FA_orf17a	FATA_trsG	50:26456..28222:+	none	none	none	none	none	none	none	none	none	none	none	none	none	83.7			no_slot_defined
CP060798.1	MPF_FA	T4SS_virb4 AND NOT(T/F/I) AND >=2 FA/FATA	56	7	0	7	FATA	high		FATA_cd411;FATA_prgB;FATA_prgC;FATA_prgF;FATA_prgHb;FATA_prgK;FATA_prgL	39:30275..31396:-	none	29:21306..23129:-	29:21306..23129:-	none	none	none	none	21:15012..16706:-	none	none	none	none	none	156.3	MOBP1		no_slot_defined
CP063285.1	MPF_FA	T4SS_virb4 AND NOT(T/F/I) AND >=2 FA/FATA	155	9	1	8	FATA	high	FA_orf14	FATA_cd411;FATA_cd419_1;FATA_cd419a;FATA_cd419b;FATA_prgC;FATA_prgF;FATA_prgHa;FATA_prgHb	130:98304..100703:+	47:30246..31622:-	126:94310..96118:+	126:94310..96118:+	none	102:79677..80480:-	none	none	140:112605..113933:-	none	none	none	none	none	341.2	MOBC;MOBP1		no_slot_defined
CP063543.1	MPF_FA	T4SS_virb4 AND NOT(T/F/I) AND >=2 FA/FATA	294	7	1	6	FATA	high	FA_orf14	FATA_cd411;FATA_cd419_1;FATA_cd419a;FATA_cd419b;FATA_prgIa;FATA_prgIb	160:131601..133859:-	none	165:136186..137994:-	18:15824..18436:+	none	none	none	none	150:118371..119699:+	33:29334..30929:+	none	none	none	none	325.1	MOBP1;MOBP2		no_slot_defined
CP063551.1	MPF_FA	T4SS_virb4 AND NOT(T/F/I) AND >=2 FA/FATA	74	2	1	1	unassigned	minimal	FA_orf14	FATA_cd419a	1:1125..2750:-	none	6:6910..9768:-	6:6910..9768:-	none	none	none	none	64:53097..54683:-	64:53097..54683:-	none	none	none	none	247.6	MOBP1;MOBP2		no_slot_defined
CP063580.1	MPF_FA	T4SS_virb4 AND NOT(T/F/I) AND >=2 FA/FATA	270	7	1	6	FATA	high	FA_orf14	FATA_cd411;FATA_cd419_1;FATA_cd419a;FATA_cd419b;FATA_prgIa;FATA_prgIb	136:119431..121689:-	none	141:124016..125824:-	141:124016..125824:-	none	none	none	none	126:106201..107529:+	none	none	none	none	none	325.1	MOBP1		no_slot_defined
CP065973.1	MPF_FA	T4SS_virb4 AND NOT(T/F/I) AND >=2 FA/FATA	49	3	3	0	FA	medium	FA_orf13;FA_orf15;FA_orf17b		16:10492..13014:+	6:3284..4294:+	none	none	none	none	none	none	none	none	none	none	8:5040..6227:+	none	112.9	MOBT		no_slot_defined
CP066002.1	MPF_FA	T4SS_virb4 AND NOT(T/F/I) AND >=2 FA/FATA	40	3	0	3	FATA	medium		FATA_cd411;FATA_prgHb;FATA_prgIc	18:19147..21522:-	none	22:23036..24808:-	22:23036..24808:-	none	none	none	none	6:6873..8405:-	none	none	none	none	none	311.4	MOBP1		no_slot_defined
CP066213.1	MPF_FA	T4SS_virb4 AND NOT(T/F/I) AND >=2 FA/FATA	212	2	0	2	FATA	minimal		FATA_cd419a;FATA_gbs1354	138:114038..115093:-	none	147:120089..120688:-	146:118986..119966:-	none	none	none	none	126:107563..108561:-	126:107563..108561:-	none	none	none	none	144.0	MOBP1;MOBP2		no_slot_defined
CP066849.1	MPF_FA	T4SS_virb4 AND NOT(T/F/I) AND >=2 FA/FATA	262	2	1	1	unassigned	minimal	FA_orf14	FATA_cd419a	217:192270..194369:-	none	3:3631..7140:+	3:3631..7140:+	none	none	none	none	none	none	none	none	none	none	323.3			no_slot_defined
CP067054.1	MPF_FA	T4SS_virb4 AND NOT(T/F/I) AND >=2 FA/FATA	558	2	0	2	FATA	minimal		FATA_cd419a;FATA_prgC	526:509794..511731:-	none	533:516579..517793:-	533:516579..517793:-	none	none	none	none	519:502920..504110:-	519:502920..504110:-	none	none	none	none	330.2	MOBP1;MOBP2		no_slot_defined
CP079755.1	MPF_FA	T4SS_virb4 AND NOT(T/F/I) AND >=2 FA/FATA	307	6	4	2	FA	high	FA_orf13;FA_orf17a;FA_orf17b;FA_orf19	FATA_cd419a;FATA_prgC	93:149879..151414:+	none	82:132995..134683:+	84:137217..138614:+	none	none	none	none	none	none	none	none	none	none	78.7			no_slot_defined
CP081503.1	MPF_FA	T4SS_virb4 AND NOT(T/F/I) AND >=2 FA/FATA	232	3	2	1	FA	medium	FA_orf13;FA_orf14	FATA_cd419a	109:91656..93680:-	none	113:97217..99826:-	113:97217..99826:-	none	none	none	none	102:85875..87470:-	102:85875..87470:-	none	none	none	59:50460..50756:-	257.3	MOBP1;MOBP2;MOBV		no_slot_defined
CP085709.1	MPF_FA	T4SS_virb4 AND NOT(T/F/I) AND >=2 FA/FATA	475	5	4	1	FA	high	FA_orf13;FA_orf15;FA_orf17a;FA_orf19	FATA_cd419a	171:185357..187930:+	none	171:185357..187930:+	165:179688..182306:+	none	none	none	none	none	none	none	none	none	none	118.9			no_slot_defined
CP086402.1	MPF_FA	T4SS_virb4 AND NOT(T/F/I) AND >=2 FA/FATA	56	3	0	3	FATA	medium		FATA_cd411;FATA_prgHb;FATA_prgIc	30:28318..30693:-	none	34:32221..33993:-	34:32221..33993:-	none	none	none	none	18:15484..17016:-	none	none	none	none	none	305.4	MOBP1		no_slot_defined
CP086651.1	MPF_FA	T4SS_virb4 AND NOT(T/F/I) AND >=2 FA/FATA	78	6	3	3	unassigned	high	FA_orf13;FA_orf15;FA_orf17b	FATA_prgB;FATA_prgC;FATA_trsG	39:30904..33468:+	none	none	42:36170..38428:+	none	43:39008..39736:+	none	none	none	none	none	none	none	none	88.4	MOBC		no_slot_defined
CP089091.1	MPF_FA	T4SS_virb4 AND NOT(T/F/I) AND >=2 FA/FATA	62	2	1	1	unassigned	minimal	FA_orf14	FATA_cd419a	38:34721..37255:+	none	35:30300..32606:+	35:30300..32606:+	none	none	none	none	44:40933..42063:+	44:40933..42063:+	none	none	none	none	201.1	MOBP1;MOBP2		no_slot_defined
CP093422.1	MPF_FA	T4SS_virb4 AND NOT(T/F/I) AND >=2 FA/FATA	299	2	1	1	unassigned	minimal	FA_orf14	FATA_cd419a	1:2869..3837:+	none	257:281601..285050:-	257:281601..285050:-	none	none	none	none	none	none	none	none	none	none	158.1			no_slot_defined
CP093425.1	MPF_FA	T4SS_virb4 AND NOT(T/F/I) AND >=2 FA/FATA	276	2	1	1	unassigned	minimal	FA_orf14	FATA_cd419a	83:84534..85502:-	none	143:137440..140940:+	143:137440..140940:+	none	none	none	none	none	none	none	none	none	none	157.6			no_slot_defined
CP095861.1	MPF_FA	T4SS_virb4 AND NOT(T/F/I) AND >=2 FA/FATA	182	2	1	1	unassigned	minimal	FA_orf14	FATA_cd419a	106:93969..95537:+	none	98:84385..86148:+	100:88621..89496:+	none	none	none	none	113:101550..102749:+	113:101550..102749:+	none	none	none	none	234.2	MOBP1;MOBP2		no_slot_defined
CP099561.1	MPF_FA	T4SS_virb4 AND NOT(T/F/I) AND >=2 FA/FATA	90	5	0	5	FATA	high		FATA_trsC;FATA_trsD;FATA_trsF;FATA_trsJ;FATA_trsL	71:46199..47893:+	none	78:51918..53387:+	33:21340..22809:+	none	none	none	none	63:41413..41976:+	none	none	16:10839..11504:+	none	none	289.6	MOBP1;MOBQ		no_slot_defined
CP103105.1	MPF_FA	T4SS_virb4 AND NOT(T/F/I) AND >=2 FA/FATA	50	2	0	2	FATA	minimal		FATA_cd419a;FATA_trsC	42:29225..31309:-	none	11:8190..9941:-	11:8190..9941:-	none	none	none	none	7:4770..6389:+	none	none	none	none	none	322.9	MOBP1		no_slot_defined
CP103132.1	MPF_FA	T4SS_virb4 AND NOT(T/F/I) AND >=2 FA/FATA	62	2	0	2	FATA	minimal		FATA_cd419a;FATA_trsC	60:41629..44469:+	none	26:17621..19576:+	26:17621..19576:+	none	none	none	none	39:29663..31282:-	none	none	none	none	none	473.8	MOBP1		no_slot_defined
CP103173.1	MPF_FA	T4SS_virb4 AND NOT(T/F/I) AND >=2 FA/FATA	57	2	0	2	FATA	minimal		FATA_cd419a;FATA_trsC	52:37803..40643:-	none	21:15549..17504:-	21:15549..17504:-	none	none	none	none	13:8188..9807:+	none	none	none	none	none	478.6	MOBP1		no_slot_defined
CP103229.1	MPF_FA	T4SS_virb4 AND NOT(T/F/I) AND >=2 FA/FATA	55	2	0	2	FATA	minimal		FATA_cd419a;FATA_trsC	21:12784..15249:+	none	50:35401..37356:+	50:35401..37356:+	none	none	none	none	3:1305..2924:-	none	none	none	none	none	413.4	MOBP1		no_slot_defined
CP103262.1	MPF_FA	T4SS_virb4 AND NOT(T/F/I) AND >=2 FA/FATA	54	2	0	2	FATA	minimal		FATA_cd419a;FATA_trsC	34:24561..27401:-	none	5:4343..6298:-	5:4343..6298:-	none	none	none	none	0:58..1620:+	none	none	none	none	none	475.1	MOBP1		no_slot_defined
CP103266.1	MPF_FA	T4SS_virb4 AND NOT(T/F/I) AND >=2 FA/FATA	59	2	0	2	FATA	minimal		FATA_cd419a;FATA_trsC	31:23404..26244:+	none	0:414..1541:+	0:414..1541:+	none	none	none	none	11:11436..13055:-	none	none	none	none	none	473.8	MOBP1		no_slot_defined
CP103278.1	MPF_FA	T4SS_virb4 AND NOT(T/F/I) AND >=2 FA/FATA	63	2	0	2	FATA	minimal		FATA_cd419a;FATA_trsC	36:27603..30443:-	none	none	none	none	none	none	none	19:11615..13234:+	none	none	none	none	none	475.1	MOBP1		no_slot_defined
CP103462.1	MPF_FA	T4SS_virb4 AND NOT(T/F/I) AND >=2 FA/FATA	87	4	0	4	FATA	medium		FATA_cd419a;FATA_trsD;FATA_trsG;FATA_trsL	51:37895..39748:-	78:71181..71960:+	51:37895..39748:-	none	none	none	none	none	none	none	none	none	none	none	294.4			no_slot_defined
CP108401.1	MPF_FA	T4SS_virb4 AND NOT(T/F/I) AND >=2 FA/FATA	433	2	1	1	unassigned	minimal	FA_orf19	FATA_cd419a	100:107338..108846:-	none	95:102509..104239:+	95:102509..104239:+	none	352:358823..359644:+	none	none	none	none	none	none	none	none	73.2	MOBC		no_slot_defined
CP109185.1	MPF_FA	T4SS_virb4 AND NOT(T/F/I) AND >=2 FA/FATA	396	2	1	1	unassigned	minimal	FA_orf17a	FATA_cd419a	92:109753..112353:+	none	none	99:118376..120796:+	none	100:120793..121779:+	none	none	none	none	none	none	none	none	76.1	MOBC		no_slot_defined
CP109195.1	MPF_FA	T4SS_virb4 AND NOT(T/F/I) AND >=2 FA/FATA	390	2	1	1	unassigned	minimal	FA_orf17a	FATA_cd419a	88:109620..112220:+	none	none	95:118243..120663:+	none	96:120660..121646:+	none	none	none	none	none	none	none	none	76.1	MOBC		no_slot_defined
CP109198.1	MPF_FA	T4SS_virb4 AND NOT(T/F/I) AND >=2 FA/FATA	379	2	1	1	unassigned	minimal	FA_orf17a	FATA_cd419a	79:98931..101531:+	none	none	86:107554..109974:+	none	87:109971..110957:+	none	none	none	none	none	none	none	none	76.1	MOBC		no_slot_defined
CP109208.1	MPF_FA	T4SS_virb4 AND NOT(T/F/I) AND >=2 FA/FATA	279	2	1	1	unassigned	minimal	FA_orf17a	FATA_cd419a	38:32564..35164:+	none	none	43:40287..42707:+	none	44:42704..43690:+	none	none	none	none	none	none	none	none	76.2	MOBC		no_slot_defined
CP110024.1	MPF_FA	T4SS_virb4 AND NOT(T/F/I) AND >=2 FA/FATA	79	2	1	1	unassigned	minimal	FA_orf14	FATA_prgB	10:10802..13249:+	none	7:5655..8186:+	7:5655..8186:+	none	none	none	none	21:19023..21083:+	21:19023..21083:+	none	none	none	none	141.5	MOBP1;MOBP2		no_slot_defined
CP110031.1	MPF_FA	T4SS_virb4 AND NOT(T/F/I) AND >=2 FA/FATA	69	8	0	8	FATA	high		FATA_cd419a;FATA_prgB;FATA_prgC;FATA_prgF;FATA_prgHb;FATA_prgIc;FATA_prgK;FATA_prgL	27:23852..26242:+	none	34:33792..35621:+	34:33792..35621:+	none	none	none	none	38:38739..39419:+	none	none	none	none	none	292.3	MOBP1		no_slot_defined
CP110033.1	MPF_FA	T4SS_virb4 AND NOT(T/F/I) AND >=2 FA/FATA	142	8	0	8	FATA	high		FATA_cd419a;FATA_prgB;FATA_prgC;FATA_prgF;FATA_prgHb;FATA_prgIc;FATA_prgK;FATA_prgL	115:95447..97837:-	none	37:28544..30316:-	37:28544..30316:-	none	none	none	none	102:84596..85747:-	none	none	none	none	none	290.8	MOBP1		no_slot_defined
CP113366.1	MPF_FA	T4SS_virb4 AND NOT(T/F/I) AND >=2 FA/FATA	313	2	1	1	unassigned	minimal	FA_orf14	FATA_cd419a	79:75504..76463:+	none	40:33889..37389:-	40:33889..37389:-	none	none	none	none	none	none	none	none	none	none	153.3			no_slot_defined
CP113367.1	MPF_FA	T4SS_virb4 AND NOT(T/F/I) AND >=2 FA/FATA	113	4	3	1	FA	medium	FA_orf13;FA_orf15;FA_orf17a	FATA_cd419a	62:58430..61000:-	none	none	69:64748..67573:-	none	68:63900..64742:-	none	none	none	none	none	none	none	none	97.9	MOBC		no_slot_defined
CP113376.1	MPF_FA	T4SS_virb4 AND NOT(T/F/I) AND >=2 FA/FATA	312	2	1	1	unassigned	minimal	FA_orf14	FATA_cd419a	192:189419..190378:+	none	153:147804..151304:-	153:147804..151304:-	none	none	none	none	none	none	none	none	none	none	153.3			no_slot_defined
CP113377.1	MPF_FA	T4SS_virb4 AND NOT(T/F/I) AND >=2 FA/FATA	113	4	3	1	FA	medium	FA_orf13;FA_orf15;FA_orf17a	FATA_cd419a	20:18209..20779:-	none	none	27:24527..27352:-	none	26:23679..24521:-	none	none	none	none	none	none	none	none	97.9	MOBC		no_slot_defined
CP113386.1	MPF_FA	T4SS_virb4 AND NOT(T/F/I) AND >=2 FA/FATA	313	2	1	1	unassigned	minimal	FA_orf14	FATA_cd419a	256:247554..248513:+	none	217:205939..209439:-	217:205939..209439:-	none	none	none	none	none	none	none	none	none	none	153.3			no_slot_defined
CP113387.1	MPF_FA	T4SS_virb4 AND NOT(T/F/I) AND >=2 FA/FATA	113	4	3	1	FA	medium	FA_orf13;FA_orf15;FA_orf17a	FATA_cd419a	75:65842..68412:+	none	none	68:59269..62094:+	none	69:62100..62942:+	none	none	none	none	none	none	none	none	97.9	MOBC		no_slot_defined
CP118073.1	MPF_FA	T4SS_virb4 AND NOT(T/F/I) AND >=2 FA/FATA	75	7	3	4	unassigned	high	FA_orf13;FA_orf15;FA_orf17b	FATA_cd419a;FATA_prgB;FATA_prgC;FATA_trsG	27:23274..25805:+	none	none	30:28507..30765:+	none	31:31287..32069:+	none	none	none	none	none	none	none	none	89.3	MOBC		no_slot_defined
CP118075.1	MPF_FA	T4SS_virb4 AND NOT(T/F/I) AND >=2 FA/FATA	64	5	2	3	unassigned	high	FA_orf13;FA_orf15	FATA_prgB;FATA_prgC;FATA_trsG	60:53125..55611:+	none	0:53..1636:+	0:53..1636:+	none	2:2756..3550:+	none	none	none	none	none	none	none	none	91.1	MOBC		no_slot_defined
CP120579.1	MPF_FA	T4SS_virb4 AND NOT(T/F/I) AND >=2 FA/FATA	73	7	1	6	FATA	high	FA_orf14	FATA_cd419a;FATA_trsC;FATA_trsD;FATA_trsG;FATA_trsJ;FATA_trsL	54:39853..41739:+	none	67:53998..56520:+	67:53998..56520:+	none	none	none	none	none	none	none	32:23372..25621:-	none	none	237.6	MOBQ		no_slot_defined
CP120584.1	MPF_FA	T4SS_virb4 AND NOT(T/F/I) AND >=2 FA/FATA	106	6	1	5	FATA	high	FA_orf14	FATA_cd419a;FATA_trsC;FATA_trsD;FATA_trsG;FATA_trsL	60:42450..44336:+	none	72:56597..59119:+	72:56597..59119:+	none	none	none	none	none	none	none	41:28047..30296:-	none	none	237.6	MOBQ		no_slot_defined
CP121709.1	MPF_FA	T4SS_virb4 AND NOT(T/F/I) AND >=2 FA/FATA	41	5	4	1	FA	high	FA_orf13;FA_orf15;FA_orf17a;FA_orf19	FATA_cd419a	6:3602..6148:-	none	none	15:9752..11056:-	none	none	none	none	none	none	none	none	none	none	120.2			no_slot_defined
CP121719.1	MPF_FA	T4SS_virb4 AND NOT(T/F/I) AND >=2 FA/FATA	71	8	1	7	FATA	high	FA_orf14	FATA_cd419a;FATA_gbs1346;FATA_trsC;FATA_trsD;FATA_trsF;FATA_trsJ;FATA_trsL	48:37579..38934:-	none	42:32273..34060:-	42:32273..34060:-	none	none	none	none	none	none	none	57:42655..44691:-	none	none	228.8	MOBQ		no_slot_defined
CP121720.1	MPF_FA	T4SS_virb4 AND NOT(T/F/I) AND >=2 FA/FATA	40	6	5	1	FA	high	FA_orf13;FA_orf15;FA_orf17a;FA_orf17b;FA_orf19	FATA_cd419a	31:19763..21517:-	none	none	39:25901..26689:-	none	none	none	none	none	none	none	none	none	none	113.4			no_slot_defined
CP124298.1	MPF_FA	T4SS_virb4 AND NOT(T/F/I) AND >=2 FA/FATA	102	3	2	1	FA	medium	FA_orf17a;FA_orf17b	FATA_cd419a	43:31823..34333:-	53:38911..40422:-	none	none	none	none	none	none	none	none	none	none	none	none	84.5			no_slot_defined
CP124300.1	MPF_FA	T4SS_virb4 AND NOT(T/F/I) AND >=2 FA/FATA	53	2	1	1	unassigned	minimal	FA_orf17a	FATA_cd419a	13:9400..11916:+	2:1543..3054:+	none	none	none	none	none	none	none	none	none	none	none	none	90.5			no_slot_defined
CP125951.1	MPF_FA	T4SS_virb4 AND NOT(T/F/I) AND >=2 FA/FATA	80	4	3	1	FA	medium	FA_orf13;FA_orf15;FA_orf17a	FATA_cd419a	25:21617..24175:-	52:49475..50638:-	none	32:27684..30452:-	none	31:26836..27678:-	none	none	none	none	none	none	none	none	98.5	MOBC		no_slot_defined
CP126591.1	MPF_FA	T4SS_virb4 AND NOT(T/F/I) AND >=2 FA/FATA	248	2	1	1	unassigned	minimal	FA_orf14	FATA_cd419a	184:164329..166437:-	none	220:201122..204451:+	220:201122..204451:+	none	none	none	none	none	none	none	none	none	none	323.9			no_slot_defined
CP126592.1	MPF_FA	T4SS_virb4 AND NOT(T/F/I) AND >=2 FA/FATA	520	2	1	1	unassigned	minimal	FA_orf14	FATA_cd419a	301:350993..353092:+	none	256:309026..312373:-	256:309026..312373:-	none	none	none	none	none	none	none	none	none	none	325.0			no_slot_defined
CP126687.1	MPF_FA	T4SS_virb4 AND NOT(T/F/I) AND >=2 FA/FATA	498	2	1	1	unassigned	minimal	FA_orf14	FATA_cd419a	330:380209..382308:+	none	284:336497..339841:-	284:336497..339841:-	none	none	none	none	none	none	none	none	none	none	321.1			no_slot_defined
CP127381.1	MPF_FA	T4SS_virb4 AND NOT(T/F/I) AND >=2 FA/FATA	561	11	1	10	FATA	high	FA_orf14	FATA_cd411;FATA_cd419_1;FATA_cd419a;FATA_cd419b;FATA_prgF;FATA_prgHa;FATA_prgHb;FATA_prgIa;FATA_prgIb;FATA_prgIc	428:444671..446914:-	none	436:451346..453169:-	436:451346..453169:-	none	none	none	none	none	none	none	none	none	none	310.1			no_slot_defined
CP127537.1	MPF_FA	T4SS_virb4 AND NOT(T/F/I) AND >=2 FA/FATA	31	7	0	7	FATA	high		FATA_prgF;FATA_trsC;FATA_trsD;FATA_trsF;FATA_trsG;FATA_trsJ;FATA_trsL	6:3897..5909:+	none	12:11385..13025:+	12:11385..13025:+	none	none	none	none	none	none	none	25:23936..25933:-	none	none	317.4	MOBQ		no_slot_defined
CP127576.1	MPF_FA	T4SS_virb4 AND NOT(T/F/I) AND >=2 FA/FATA	32	3	2	1	FA	medium	FA_orf15;FA_orf17a	FATA_trsG	5:6133..8718:+	none	none	none	none	none	none	none	none	none	none	none	none	none	120.8			no_slot_defined
CP127666.1	MPF_FA	T4SS_virb4 AND NOT(T/F/I) AND >=2 FA/FATA	31	7	0	7	FATA	high		FATA_prgF;FATA_trsC;FATA_trsD;FATA_trsF;FATA_trsG;FATA_trsJ;FATA_trsL	6:3890..5902:+	none	12:11378..13018:+	12:11378..13018:+	none	none	none	none	none	none	none	25:23929..25926:-	none	none	317.4	MOBQ		no_slot_defined
CP128120.1	MPF_FA	T4SS_virb4 AND NOT(T/F/I) AND >=2 FA/FATA	105	4	3	1	FA	medium	FA_orf13;FA_orf15;FA_orf17a	FATA_cd419a	41:29259..31826:-	69:55309..56472:-	none	48:35252..36076:-	none	47:34377..35237:-	none	none	none	none	none	none	none	none	102.3	MOBC		no_slot_defined
CP128128.1	MPF_FA	T4SS_virb4 AND NOT(T/F/I) AND >=2 FA/FATA	260	2	1	1	unassigned	minimal	FA_orf14	FATA_cd419a	253:222922..224862:-	35:33004..34239:+	258:228456..231176:-	258:228456..231176:-	none	36:34178..34792:+	none	none	244:214423..215631:-	244:214423..215631:-	none	none	none	none	299.2	MOBC;MOBP1;MOBP2		no_slot_defined
CP128450.1	MPF_FA	T4SS_virb4 AND NOT(T/F/I) AND >=2 FA/FATA	71	5	0	5	FATA	high		FATA_cd419a;FATA_trsC;FATA_trsD;FATA_trsG;FATA_trsL	64:49831..51684:-	5:2504..3661:+	14:10282..11631:+	14:10282..11631:+	none	none	none	none	none	none	none	13:8332..10263:+	none	none	293.8	MOBQ		no_slot_defined
CP128455.1	MPF_FA	T4SS_virb4 AND NOT(T/F/I) AND >=2 FA/FATA	67	4	0	4	FATA	medium		FATA_cd419a;FATA_trsD;FATA_trsG;FATA_trsL	61:59627..61480:-	none	8:7152..9287:+	8:7152..9287:+	none	none	none	none	none	none	none	7:5202..7133:+	none	none	293.8	MOBQ		no_slot_defined
CP130744.1	MPF_FA	T4SS_virb4 AND NOT(T/F/I) AND >=2 FA/FATA	376	2	1	1	unassigned	minimal	FA_orf14	FATA_cd419a	167:167435..168403:+	none	121:116478..117623:-	114:104152..105468:-	none	none	none	none	none	none	none	none	none	none	155.1			no_slot_defined
CP130746.1	MPF_FA	T4SS_virb4 AND NOT(T/F/I) AND >=2 FA/FATA	111	3	0	3	FATA	medium		FATA_cd419a;FATA_trsD;FATA_trsG	99:76371..78128:+	none	83:61622..63883:-	83:61622..63883:-	none	none	none	none	none	none	none	84:63894..65990:-	none	none	259.2	MOBQ		no_slot_defined
CP130747.1	MPF_FA	T4SS_virb4 AND NOT(T/F/I) AND >=2 FA/FATA	88	5	0	5	FATA	high		FATA_cd419a;FATA_trsC;FATA_trsD;FATA_trsG;FATA_trsL	16:18865..20757:-	none	21:23054..24970:-	21:23054..24970:-	none	none	none	none	22:24997..27540:-	none	22:24997..27540:-	none	none	none	292.2	MOBP1;MOBP3		no_slot_defined
CP131007.1	MPF_FA	T4SS_virb4 AND NOT(T/F/I) AND >=2 FA/FATA	186	9	0	9	FATA	high		FATA_cd411;FATA_cd419a;FATA_prgC;FATA_prgF;FATA_prgHa;FATA_prgHb;FATA_prgIa;FATA_prgIb;FATA_prgIc	153:131394..133844:+	30:24026..25402:-	148:127841..129715:+	148:127841..129715:+	none	75:69187..69990:-	none	none	91:81234..82220:-	none	none	none	none	none	355.7	MOBC;MOBP1		no_slot_defined
CP136438.1	MPF_FA	T4SS_virb4 AND NOT(T/F/I) AND >=2 FA/FATA	92	2	1	1	unassigned	minimal	FA_orf14	FATA_cd419a	76:64294..66222:+	52:43070..44236:+	72:57630..60245:+	72:57630..60245:+	none	53:44247..44792:+	none	none	84:72164..73351:+	84:72164..73351:+	none	none	none	none	299.9	MOBC;MOBP1;MOBP2		no_slot_defined
CP137273.1	MPF_FA	T4SS_virb4 AND NOT(T/F/I) AND >=2 FA/FATA	113	3	1	2	FATA	medium	FA_orf14	FATA_cd419a;FATA_trsG	108:80699..82720:-	none	none	none	none	none	none	none	101:76200..77087:-	101:76200..77087:-	none	none	none	none	221.6	MOBP1;MOBP2		no_slot_defined
CP137275.1	MPF_FA	T4SS_virb4 AND NOT(T/F/I) AND >=2 FA/FATA	116	3	1	2	FATA	medium	FA_orf14	FATA_cd419a;FATA_trsG	110:81277..83292:+	none	102:76150..77280:+	102:76150..77280:+	none	none	none	none	1:349..1236:+	1:349..1236:+	none	none	none	none	222.5	MOBP1;MOBP2		no_slot_defined
CP137277.1	MPF_FA	T4SS_virb4 AND NOT(T/F/I) AND >=2 FA/FATA	113	3	1	2	FATA	medium	FA_orf14	FATA_cd419a;FATA_trsG	80:62350..64365:-	none	88:69139..69657:-	87:68066..69187:-	none	none	none	none	72:58185..58736:-	72:58185..58736:-	none	none	none	none	222.5	MOBP1;MOBP2		no_slot_defined
CP137279.1	MPF_FA	T4SS_virb4 AND NOT(T/F/I) AND >=2 FA/FATA	119	3	1	2	FATA	medium	FA_orf14	FATA_cd419a;FATA_trsG	77:55724..57739:+	none	70:50597..52024:+	70:50597..52024:+	none	none	none	none	85:61828..62241:+	84:61355..61852:+	none	none	none	none	222.5	MOBP1;MOBP2		no_slot_defined
CP137601.1	MPF_FA	T4SS_virb4 AND NOT(T/F/I) AND >=2 FA/FATA	118	3	1	2	FATA	medium	FA_orf14	FATA_cd419a;FATA_trsG	101:72463..74484:-	none	108:78185..79612:-	108:78185..79612:-	none	none	none	none	94:67968..68855:-	94:67968..68855:-	none	none	none	none	221.6	MOBP1;MOBP2		no_slot_defined
CP138365.1	MPF_FA	T4SS_virb4 AND NOT(T/F/I) AND >=2 FA/FATA	88	16	1	15	FATA	high	FA_orf23	FATA_cd411;FATA_cd419_1;FATA_cd419a;FATA_cd419b;FATA_gbs1346;FATA_gbs1347;FATA_gbs1354;FATA_prgB;FATA_prgF;FATA_prgHa;FATA_prgHb;FATA_prgIa;FATA_prgIb;FATA_prgIc;FATA_prgL	34:27622..29868:+	59:57431..58816:+	27:22654..24435:+	27:22654..24435:+	none	none	none	none	49:51275..52606:-	none	none	none	60:58993..60255:+	none	312.2	MOBP1;MOBT		no_slot_defined
CP139434.1	MPF_FA	T4SS_virb4 AND NOT(T/F/I) AND >=2 FA/FATA	457	2	0	2	FATA	minimal		FATA_cd419a;FATA_trsC	18:15851..17758:+	450:406693..408843:+	450:406693..408843:+	450:406693..408843:+	none	none	446:400374..402641:+	none	none	none	none	none	none	none	332.8	MOBF		no_slot_defined
CP151132.1	MPF_FA	T4SS_virb4 AND NOT(T/F/I) AND >=2 FA/FATA	37	8	1	7	FATA	high	FA_orf13	FATA_prgF;FATA_trsC;FATA_trsD;FATA_trsF;FATA_trsG;FATA_trsJ;FATA_trsL	22:19593..21605:+	none	28:27081..28727:+	28:27081..28727:+	none	none	none	none	none	none	none	10:10613..12610:-	none	none	318.2	MOBQ		no_slot_defined
CP151427.1	MPF_FA	T4SS_virb4 AND NOT(T/F/I) AND >=2 FA/FATA	31	7	0	7	FATA	high		FATA_prgF;FATA_trsC;FATA_trsD;FATA_trsF;FATA_trsG;FATA_trsJ;FATA_trsL	5:2931..4943:+	none	11:10419..12059:+	11:10419..12059:+	none	none	none	none	none	none	none	24:22971..24968:-	none	none	317.4	MOBQ		no_slot_defined
CP152455.1	MPF_FA	T4SS_virb4 AND NOT(T/F/I) AND >=2 FA/FATA	37	8	1	7	FATA	high	FA_orf13	FATA_prgF;FATA_trsC;FATA_trsD;FATA_trsF;FATA_trsG;FATA_trsJ;FATA_trsL	22:19593..21605:+	none	28:27081..28727:+	28:27081..28727:+	none	none	none	none	none	none	none	10:10613..12610:-	none	none	318.2	MOBQ		no_slot_defined
CP155473.1	MPF_FA	T4SS_virb4 AND NOT(T/F/I) AND >=2 FA/FATA	146	2	0	2	FATA	minimal		FATA_cd419a;FATA_prgF	57:60963..63500:+	none	49:53369..55426:-	49:53369..55426:-	none	none	none	none	50:55582..56910:-	none	none	none	none	50:55582..56910:-	293.3	MOBP1;MOBV		no_slot_defined
CP156023.1	MPF_FA	T4SS_virb4 AND NOT(T/F/I) AND >=2 FA/FATA	83	2	1	1	unassigned	minimal	FA_orf14	FATA_prgB	25:26062..28617:+	none	22:21022..23553:+	22:21022..23553:+	none	none	none	none	35:34390..36450:+	35:34390..36450:+	none	none	none	none	147.6	MOBP1;MOBP2		no_slot_defined
HE970765.1	MPF_FA	T4SS_virb4 AND NOT(T/F/I) AND >=2 FA/FATA	64	8	0	8	FATA	high		FATA_cd411;FATA_prgF;FATA_prgHa;FATA_prgHb;FATA_prgIa;FATA_prgIb;FATA_prgIc;FATA_trsG	9:10828..13284:-	none	13:14698..16593:-	13:14698..16593:-	none	none	none	none	1:2217..4424:-	none	none	none	none	none	330.3	MOBP1		no_slot_defined
HM037272.1	MPF_FA	T4SS_virb4 AND NOT(T/F/I) AND >=2 FA/FATA	141	3	0	3	FATA	medium		FATA_cd419a;FATA_trsD;FATA_trsG	27:25286..27874:-	27:25286..27874:-	15:12896..14320:-	15:12896..14320:-	none	none	none	none	none	none	none	16:14321..16390:-	none	none	92.1	MOBQ		no_slot_defined
LC499744.1	MPF_FA	T4SS_virb4 AND NOT(T/F/I) AND >=2 FA/FATA	72	7	6	1	FA	high	FA_orf13;FA_orf14;FA_orf15;FA_orf17a;FA_orf19;FA_orf23	FATA_cd419a	23:23092..25539:-	28:28265..29650:-	none	none	none	none	none	none	34:34039..35724:+	none	none	none	27:26882..28087:-	17:13293..14555:-	94.0	MOBP1;MOBT;MOBV		no_slot_defined
LC744564.1	MPF_FA	T4SS_virb4 AND NOT(T/F/I) AND >=2 FA/FATA	46	7	0	7	FATA	high		FATA_prgF;FATA_trsC;FATA_trsD;FATA_trsF;FATA_trsG;FATA_trsJ;FATA_trsL	12:10023..12035:+	none	18:17511..19151:+	18:17511..19151:+	none	none	none	none	none	none	none	40:37487..39484:-	none	3:2915..4177:-	317.4	MOBQ;MOBV		no_slot_defined
LC755502.1	MPF_FA	T4SS_virb4 AND NOT(T/F/I) AND >=2 FA/FATA	57	7	0	7	FATA	high		FATA_prgF;FATA_trsC;FATA_trsD;FATA_trsF;FATA_trsG;FATA_trsJ;FATA_trsL	11:8832..10844:+	none	17:16320..17960:+	17:16320..17960:+	none	none	none	none	none	none	none	51:47564..49561:-	none	3:2915..4177:-	317.4	MOBQ;MOBV		no_slot_defined
LC757832.1	MPF_FA	T4SS_virb4 AND NOT(T/F/I) AND >=2 FA/FATA	47	7	0	7	FATA	high		FATA_prgF;FATA_trsC;FATA_trsD;FATA_trsF;FATA_trsG;FATA_trsJ;FATA_trsL	9:6736..8748:+	none	15:14224..15864:+	15:14224..15864:+	none	none	none	none	none	none	none	41:40008..42005:-	none	none	317.4	MOBQ		no_slot_defined
LC783998.1	MPF_FA	T4SS_virb4 AND NOT(T/F/I) AND >=2 FA/FATA	35	7	0	7	FATA	high		FATA_prgF;FATA_trsC;FATA_trsD;FATA_trsF;FATA_trsG;FATA_trsJ;FATA_trsL	6:3891..5903:+	none	12:11379..13019:+	12:11379..13019:+	none	none	none	none	none	none	none	29:28504..30501:-	none	none	317.4	MOBQ		no_slot_defined
LC784006.1	MPF_FA	T4SS_virb4 AND NOT(T/F/I) AND >=2 FA/FATA	38	7	0	7	FATA	high		FATA_prgF;FATA_trsC;FATA_trsD;FATA_trsF;FATA_trsG;FATA_trsJ;FATA_trsL	6:3891..5903:+	none	12:11379..13019:+	12:11379..13019:+	none	none	none	none	none	none	none	32:30574..32571:-	none	none	317.4	MOBQ		no_slot_defined
LC784009.1	MPF_FA	T4SS_virb4 AND NOT(T/F/I) AND >=2 FA/FATA	36	7	0	7	FATA	high		FATA_prgF;FATA_trsC;FATA_trsD;FATA_trsF;FATA_trsG;FATA_trsJ;FATA_trsL	6:3891..5903:+	none	13:11045..12685:+	13:11045..12685:+	none	none	none	none	none	none	none	30:28170..30167:-	none	none	317.4	MOBQ		no_slot_defined
LC799788.1	MPF_FA	T4SS_virb4 AND NOT(T/F/I) AND >=2 FA/FATA	79	8	1	7	FATA	high	FA_orf14	FATA_cd419_1;FATA_prgC;FATA_trsC;FATA_trsD;FATA_trsF;FATA_trsG;FATA_trsL	45:39121..41082:+	none	50:44572..46227:+	50:44572..46227:+	none	none	none	none	41:35742..37706:+	none	none	41:35742..37706:+	none	none	261.7	MOBP1;MOBQ		no_slot_defined
LC799789.1	MPF_FA	T4SS_virb4 AND NOT(T/F/I) AND >=2 FA/FATA	80	8	1	7	FATA	high	FA_orf14	FATA_cd419_1;FATA_prgC;FATA_trsC;FATA_trsD;FATA_trsF;FATA_trsG;FATA_trsL	46:39119..41080:+	none	51:44570..46225:+	51:44570..46225:+	none	none	none	none	42:35740..37704:+	none	none	42:35740..37704:+	none	none	261.7	MOBP1;MOBQ		no_slot_defined
LC799790.1	MPF_FA	T4SS_virb4 AND NOT(T/F/I) AND >=2 FA/FATA	81	8	1	7	FATA	high	FA_orf14	FATA_cd419_1;FATA_prgC;FATA_trsC;FATA_trsD;FATA_trsF;FATA_trsG;FATA_trsL	47:39125..41086:+	none	52:44576..46231:+	52:44576..46231:+	none	none	none	none	43:35746..37710:+	none	none	43:35746..37710:+	none	none	261.7	MOBP1;MOBQ		no_slot_defined
LC799791.1	MPF_FA	T4SS_virb4 AND NOT(T/F/I) AND >=2 FA/FATA	82	8	1	7	FATA	high	FA_orf14	FATA_cd419_1;FATA_prgC;FATA_trsC;FATA_trsD;FATA_trsF;FATA_trsG;FATA_trsL	48:39118..41079:+	none	53:44569..46224:+	53:44569..46224:+	none	none	none	none	44:35739..37703:+	none	none	44:35739..37703:+	none	none	261.7	MOBP1;MOBQ		no_slot_defined
LC799792.1	MPF_FA	T4SS_virb4 AND NOT(T/F/I) AND >=2 FA/FATA	79	8	1	7	FATA	high	FA_orf14	FATA_cd419_1;FATA_prgC;FATA_trsC;FATA_trsD;FATA_trsF;FATA_trsG;FATA_trsL	45:39130..41091:+	none	50:44581..46236:+	50:44581..46236:+	none	none	none	none	41:35751..37715:+	none	none	41:35751..37715:+	none	none	261.7	MOBP1;MOBQ		no_slot_defined
LC799793.1	MPF_FA	T4SS_virb4 AND NOT(T/F/I) AND >=2 FA/FATA	80	8	1	7	FATA	high	FA_orf14	FATA_cd419_1;FATA_prgC;FATA_trsC;FATA_trsD;FATA_trsF;FATA_trsG;FATA_trsL	46:39127..41088:+	none	51:44578..46233:+	51:44578..46233:+	none	none	none	none	42:35748..37712:+	none	none	42:35748..37712:+	none	none	261.7	MOBP1;MOBQ		no_slot_defined
LC799794.1	MPF_FA	T4SS_virb4 AND NOT(T/F/I) AND >=2 FA/FATA	80	8	1	7	FATA	high	FA_orf14	FATA_cd419_1;FATA_prgC;FATA_trsC;FATA_trsD;FATA_trsF;FATA_trsG;FATA_trsL	46:39120..41081:+	none	51:44571..46226:+	51:44571..46226:+	none	none	none	none	42:35741..37705:+	none	none	42:35741..37705:+	none	none	261.7	MOBP1;MOBQ		no_slot_defined
LC799795.1	MPF_FA	T4SS_virb4 AND NOT(T/F/I) AND >=2 FA/FATA	356	8	1	7	FATA	high	FA_orf14	FATA_cd419_1;FATA_prgC;FATA_trsC;FATA_trsD;FATA_trsF;FATA_trsG;FATA_trsL	322:286112..288073:+	none	327:291563..293218:+	327:291563..293218:+	none	none	none	none	219:196753..198345:-	34:28279..29874:+	none	318:282733..284697:+	none	279:247315..248112:-	261.7	MOBP1;MOBP2;MOBQ;MOBV		no_slot_defined
LC799796.1	MPF_FA	T4SS_virb4 AND NOT(T/F/I) AND >=2 FA/FATA	81	8	1	7	FATA	high	FA_orf14	FATA_cd419_1;FATA_prgC;FATA_trsC;FATA_trsD;FATA_trsF;FATA_trsG;FATA_trsL	47:40602..42563:+	none	52:46053..47708:+	52:46053..47708:+	none	none	none	none	43:37223..39187:+	none	none	43:37223..39187:+	none	none	261.7	MOBP1;MOBQ		no_slot_defined
LC799797.1	MPF_FA	T4SS_virb4 AND NOT(T/F/I) AND >=2 FA/FATA	79	8	1	7	FATA	high	FA_orf14	FATA_cd419_1;FATA_prgC;FATA_trsC;FATA_trsD;FATA_trsF;FATA_trsG;FATA_trsL	45:39121..41082:+	none	50:44572..46227:+	50:44572..46227:+	none	none	none	none	41:35742..37706:+	none	none	41:35742..37706:+	none	none	261.7	MOBP1;MOBQ		no_slot_defined
LR961927.1	MPF_FA	T4SS_virb4 AND NOT(T/F/I) AND >=2 FA/FATA	76	6	3	3	unassigned	high	FA_orf13;FA_orf15;FA_orf17b	FATA_prgB;FATA_prgC;FATA_trsG	33:29319..31811:+	none	none	36:34522..36780:+	none	37:37303..38088:+	none	none	none	none	none	none	none	none	90.1	MOBC		no_slot_defined
LR961936.1	MPF_FA	T4SS_virb4 AND NOT(T/F/I) AND >=2 FA/FATA	59	8	0	8	FATA	high		FATA_cd419a;FATA_prgB;FATA_prgC;FATA_prgF;FATA_prgHb;FATA_prgIc;FATA_prgK;FATA_prgL	17:18184..20574:+	none	23:25320..27149:+	23:25320..27149:+	none	none	none	none	27:30266..31951:+	none	none	none	none	none	292.3	MOBP1		no_slot_defined
LR961937.1	MPF_FA	T4SS_virb4 AND NOT(T/F/I) AND >=2 FA/FATA	57	6	3	3	unassigned	high	FA_orf13;FA_orf15;FA_orf17b	FATA_prgB;FATA_prgC;FATA_trsG	24:24112..26676:+	none	27:29378..31591:+	27:29378..31591:+	none	29:32449..33234:+	none	none	none	none	none	none	none	none	89.8	MOBC		no_slot_defined
LR961939.1	MPF_FA	T4SS_virb4 AND NOT(T/F/I) AND >=2 FA/FATA	66	8	0	8	FATA	high		FATA_cd419a;FATA_prgB;FATA_prgC;FATA_prgF;FATA_prgHb;FATA_prgIc;FATA_prgK;FATA_prgL	21:22855..25245:+	none	30:31445..33274:+	30:31445..33274:+	none	none	none	none	34:36391..38076:+	none	none	none	none	none	291.3	MOBP1		no_slot_defined
LR961946.1	MPF_FA	T4SS_virb4 AND NOT(T/F/I) AND >=2 FA/FATA	60	8	0	8	FATA	high		FATA_cd419a;FATA_prgB;FATA_prgC;FATA_prgF;FATA_prgHb;FATA_prgIc;FATA_prgK;FATA_prgL	17:18947..21337:+	none	26:27536..29365:+	26:27536..29365:+	none	none	none	none	30:32483..34168:+	none	none	none	none	none	293.9	MOBP1		no_slot_defined
LR961949.1	MPF_FA	T4SS_virb4 AND NOT(T/F/I) AND >=2 FA/FATA	145	8	0	8	FATA	high		FATA_cd419a;FATA_prgB;FATA_prgC;FATA_prgF;FATA_prgHb;FATA_prgIc;FATA_prgK;FATA_prgL	110:103006..105396:-	none	100:92173..94002:-	100:92173..94002:-	none	none	none	none	96:87370..89055:-	none	none	none	none	none	289.3	MOBP1		no_slot_defined
LR961954.1	MPF_FA	T4SS_virb4 AND NOT(T/F/I) AND >=2 FA/FATA	119	7	6	1	FA	high	FA_orf13;FA_orf14;FA_orf15;FA_orf17a;FA_orf19;FA_orf23	FATA_cd419a	12:14059..15783:-	62:57099..58484:+	none	none	none	none	none	none	none	none	none	none	63:58662..59867:+	6:4260..5522:-	83.1	MOBT;MOBV		no_slot_defined
LR961955.1	MPF_FA	T4SS_virb4 AND NOT(T/F/I) AND >=2 FA/FATA	96	6	3	3	unassigned	high	FA_orf13;FA_orf15;FA_orf17b	FATA_prgB;FATA_prgC;FATA_trsG	61:62535..65027:+	none	64:67727..69940:+	64:67727..69940:+	none	66:70798..71583:+	none	none	none	none	none	none	none	none	89.2	MOBC		no_slot_defined
LR961958.1	MPF_FA	T4SS_virb4 AND NOT(T/F/I) AND >=2 FA/FATA	98	7	3	4	unassigned	high	FA_orf13;FA_orf15;FA_orf17b	FATA_cd419_1;FATA_prgB;FATA_prgC;FATA_trsG	24:23241..25733:+	none	none	27:28444..30702:+	none	28:31282..32010:+	none	none	none	none	none	none	none	none	90.3	MOBC		no_slot_defined
LR961962.1	MPF_FA	T4SS_virb4 AND NOT(T/F/I) AND >=2 FA/FATA	61	8	0	8	FATA	high		FATA_cd419a;FATA_prgB;FATA_prgC;FATA_prgF;FATA_prgHb;FATA_prgIc;FATA_prgK;FATA_prgL	17:18947..21337:+	none	26:27536..29365:+	26:27536..29365:+	none	none	none	none	30:32483..34168:+	none	none	none	none	none	293.9	MOBP1		no_slot_defined
LR961971.1	MPF_FA	T4SS_virb4 AND NOT(T/F/I) AND >=2 FA/FATA	107	6	3	3	unassigned	high	FA_orf13;FA_orf15;FA_orf17b	FATA_prgB;FATA_prgC;FATA_trsG	33:29319..31811:+	none	none	36:34522..36780:+	none	37:37303..38088:+	none	none	none	none	none	none	none	48:45590..46372:-	90.1	MOBC;MOBV		no_slot_defined
LR961976.1	MPF_FA	T4SS_virb4 AND NOT(T/F/I) AND >=2 FA/FATA	156	9	0	9	FATA	high		FATA_cd419a;FATA_prgB;FATA_prgC;FATA_prgF;FATA_prgHb;FATA_prgIc;FATA_prgK;FATA_prgL;FATA_trsL	53:50471..52861:-	none	147:141465..143120:-	147:141465..143120:-	none	none	none	none	43:39114..40799:-	none	none	none	none	9:10468..10947:+	292.3	MOBP1;MOBV		no_slot_defined
LR961979.1	MPF_FA	T4SS_virb4 AND NOT(T/F/I) AND >=2 FA/FATA	29	8	1	7	FATA	high	FA_orf14	FATA_prgC;FATA_trsC;FATA_trsD;FATA_trsF;FATA_trsG;FATA_trsJ;FATA_trsL	16:13913..15874:+	none	21:19364..21019:+	21:19364..21019:+	none	none	none	none	12:10534..12498:+	none	none	12:10534..12498:+	none	none	263.2	MOBP1;MOBQ		no_slot_defined
LR961982.1	MPF_FA	T4SS_virb4 AND NOT(T/F/I) AND >=2 FA/FATA	56	8	0	8	FATA	high		FATA_cd419a;FATA_prgB;FATA_prgC;FATA_prgF;FATA_prgHb;FATA_prgIc;FATA_prgK;FATA_prgL	19:20252..22642:+	none	25:27387..29216:+	25:27387..29216:+	none	none	none	none	29:32334..34019:+	none	none	none	none	none	289.4	MOBP1		no_slot_defined
LR961983.1	MPF_FA	T4SS_virb4 AND NOT(T/F/I) AND >=2 FA/FATA	38	5	4	1	FA	high	FA_orf13;FA_orf17a;FA_orf17b;FA_orf23	FATA_prgC	12:7987..10494:+	35:24989..26290:+	none	none	none	none	none	none	none	none	none	none	36:26556..27809:+	none	85.1	MOBT		no_slot_defined
LR961987.1	MPF_FA	T4SS_virb4 AND NOT(T/F/I) AND >=2 FA/FATA	64	6	3	3	unassigned	high	FA_orf13;FA_orf15;FA_orf17b	FATA_prgB;FATA_prgC;FATA_trsG	23:23102..25666:+	none	none	26:28371..30629:+	none	27:31151..31936:+	none	none	none	none	none	none	none	none	90.2	MOBC		no_slot_defined
LR961988.1	MPF_FA	T4SS_virb4 AND NOT(T/F/I) AND >=2 FA/FATA	56	8	0	8	FATA	high		FATA_cd419a;FATA_prgB;FATA_prgC;FATA_prgF;FATA_prgHb;FATA_prgIc;FATA_prgK;FATA_prgL	18:19412..21802:+	none	28:28314..30143:+	28:28314..30143:+	none	none	none	none	32:33261..34946:+	none	none	none	none	none	289.4	MOBP1		no_slot_defined
LR961990.1	MPF_FA	T4SS_virb4 AND NOT(T/F/I) AND >=2 FA/FATA	90	3	1	2	FATA	medium	FA_orf14	FATA_cd419_1;FATA_prgB	20:24407..26962:+	none	17:19367..21898:+	17:19367..21898:+	none	none	none	none	29:32735..34795:+	29:32735..34795:+	none	none	none	none	149.0	MOBP1;MOBP2		no_slot_defined
LR961992.1	MPF_FA	T4SS_virb4 AND NOT(T/F/I) AND >=2 FA/FATA	61	8	0	8	FATA	high		FATA_cd419a;FATA_prgB;FATA_prgC;FATA_prgF;FATA_prgHb;FATA_prgIc;FATA_prgK;FATA_prgL	19:18501..20891:+	none	25:25636..27465:+	25:25636..27465:+	none	none	none	none	29:30583..32268:+	none	none	none	none	none	292.8	MOBP1		no_slot_defined
LR961993.1	MPF_FA	T4SS_virb4 AND NOT(T/F/I) AND >=2 FA/FATA	43	5	3	2	unassigned	high	FA_orf13;FA_orf15;FA_orf17b	FATA_prgC;FATA_trsG	23:18182..20713:+	none	none	26:23413..25671:+	none	27:26251..26979:+	none	none	none	none	none	none	none	none	91.2	MOBC		no_slot_defined
LR961998.1	MPF_FA	T4SS_virb4 AND NOT(T/F/I) AND >=2 FA/FATA	57	6	3	3	unassigned	high	FA_orf13;FA_orf15;FA_orf17b	FATA_prgB;FATA_prgC;FATA_trsG	23:23042..25606:+	none	none	26:28317..30575:+	none	27:31144..31872:+	none	none	none	none	none	none	none	none	90.5	MOBC		no_slot_defined
LR962003.1	MPF_FA	T4SS_virb4 AND NOT(T/F/I) AND >=2 FA/FATA	60	5	3	2	unassigned	high	FA_orf13;FA_orf15;FA_orf17b	FATA_prgB;FATA_prgC	30:31354..33885:+	none	none	33:36587..38845:+	none	34:39425..40153:+	none	none	none	none	none	none	none	none	89.3	MOBC		no_slot_defined
LR962005.1	MPF_FA	T4SS_virb4 AND NOT(T/F/I) AND >=2 FA/FATA	81	3	1	2	FATA	medium	FA_orf14	FATA_prgB;FATA_prgC	23:26654..29209:+	none	20:21614..24145:+	20:21614..24145:+	none	none	none	none	32:34982..37042:+	32:34982..37042:+	none	none	none	none	147.6	MOBP1;MOBP2		no_slot_defined
LR962007.1	MPF_FA	T4SS_virb4 AND NOT(T/F/I) AND >=2 FA/FATA	38	3	2	1	FA	medium	FA_orf13;FA_orf17b	FATA_trsG	9:8013..10577:-	none	none	none	none	none	none	none	none	none	none	none	none	none	89.8			no_slot_defined
LR962009.1	MPF_FA	T4SS_virb4 AND NOT(T/F/I) AND >=2 FA/FATA	65	6	3	3	unassigned	high	FA_orf13;FA_orf15;FA_orf17b	FATA_prgB;FATA_prgC;FATA_trsG	23:23098..25662:+	none	none	26:28367..30625:+	none	27:31147..31932:+	none	none	none	none	none	none	none	none	90.2	MOBC		no_slot_defined
LR962011.1	MPF_FA	T4SS_virb4 AND NOT(T/F/I) AND >=2 FA/FATA	46	5	3	2	unassigned	high	FA_orf13;FA_orf15;FA_orf17b	FATA_prgC;FATA_trsG	20:15489..18053:+	none	23:20758..22965:+	23:20758..22965:+	none	24:23431..24225:+	none	none	none	none	none	none	none	none	89.0	MOBC		no_slot_defined
LR962020.1	MPF_FA	T4SS_virb4 AND NOT(T/F/I) AND >=2 FA/FATA	55	8	0	8	FATA	high		FATA_cd419a;FATA_prgB;FATA_prgC;FATA_prgF;FATA_prgHb;FATA_prgIc;FATA_prgK;FATA_prgL	14:15126..17516:+	none	24:23714..25543:+	24:23714..25543:+	none	none	none	none	28:28661..30346:+	none	none	none	none	none	292.1	MOBP1		no_slot_defined
LR962024.1	MPF_FA	T4SS_virb4 AND NOT(T/F/I) AND >=2 FA/FATA	95	2	0	2	FATA	minimal		FATA_prgB;FATA_prgC	24:26041..27972:+	none	19:20685..22898:+	19:20685..22898:+	none	none	none	none	none	30:31752..32987:+	none	none	none	none	232.8	MOBP2		no_slot_defined
LR962026.1	MPF_FA	T4SS_virb4 AND NOT(T/F/I) AND >=2 FA/FATA	97	3	3	0	FA	medium	FA_orf13;FA_orf15;FA_orf17b		11:10138..12669:+	none	none	14:15374..17632:+	none	15:18154..18939:+	none	none	none	none	none	none	none	none	91.2	MOBC		no_slot_defined
LR962031.1	MPF_FA	T4SS_virb4 AND NOT(T/F/I) AND >=2 FA/FATA	74	6	3	3	unassigned	high	FA_orf13;FA_orf15;FA_orf17b	FATA_prgB;FATA_prgC;FATA_trsG	24:22891..25455:+	none	27:28157..30370:+	27:28157..30370:+	none	29:31228..31947:+	none	none	none	none	none	none	none	42:40350..41669:-	88.9	MOBC;MOBV		no_slot_defined
LR962032.1	MPF_FA	T4SS_virb4 AND NOT(T/F/I) AND >=2 FA/FATA	64	6	3	3	unassigned	high	FA_orf13;FA_orf15;FA_orf17b	FATA_prgB;FATA_prgC;FATA_trsG	24:23713..26205:+	none	none	27:28916..31174:+	none	28:31753..32481:+	none	none	none	none	none	none	none	none	90.4	MOBC		no_slot_defined
LR962035.1	MPF_FA	T4SS_virb4 AND NOT(T/F/I) AND >=2 FA/FATA	70	6	3	3	unassigned	high	FA_orf13;FA_orf15;FA_orf17b	FATA_prgB;FATA_prgC;FATA_trsG	24:24214..26706:+	none	none	27:29411..31669:+	none	28:32249..32977:+	none	none	none	none	none	none	none	none	91.5	MOBC		no_slot_defined
LR962037.1	MPF_FA	T4SS_virb4 AND NOT(T/F/I) AND >=2 FA/FATA	65	3	1	2	FATA	medium	FA_orf14	FATA_prgB;FATA_prgC	23:26737..29292:+	none	19:20933..23464:+	19:20933..23464:+	none	none	none	none	33:35064..37124:+	33:35064..37124:+	none	none	none	none	146.4	MOBP1;MOBP2		no_slot_defined
LR962040.1	MPF_FA	T4SS_virb4 AND NOT(T/F/I) AND >=2 FA/FATA	91	3	3	0	FA	medium	FA_orf13;FA_orf15;FA_orf17b		62:52406..54970:-	none	none	59:47448..49706:-	none	58:46141..46926:-	none	none	none	none	none	none	none	83:68361..69665:+	90.5	MOBC;MOBV		no_slot_defined
LR962041.1	MPF_FA	T4SS_virb4 AND NOT(T/F/I) AND >=2 FA/FATA	73	6	3	3	unassigned	high	FA_orf13;FA_orf15;FA_orf17b	FATA_prgB;FATA_prgC;FATA_trsG	25:21902..24466:-	none	22:16987..19200:-	22:16987..19200:-	none	20:15410..16129:-	none	none	none	none	none	none	none	7:5688..7007:+	89.8	MOBC;MOBV		no_slot_defined
LR962042.1	MPF_FA	T4SS_virb4 AND NOT(T/F/I) AND >=2 FA/FATA	57	8	0	8	FATA	high		FATA_cd419a;FATA_prgB;FATA_prgC;FATA_prgF;FATA_prgHb;FATA_prgIc;FATA_prgK;FATA_prgL	19:20252..22642:+	none	25:27387..29216:+	25:27387..29216:+	none	none	none	none	29:32334..34019:+	none	none	none	none	none	289.4	MOBP1		no_slot_defined
LR962044.1	MPF_FA	T4SS_virb4 AND NOT(T/F/I) AND >=2 FA/FATA	72	6	3	3	unassigned	high	FA_orf13;FA_orf15;FA_orf17b	FATA_prgB;FATA_prgC;FATA_trsG	25:23797..26289:+	none	28:28991..31249:+	28:28991..31249:+	none	29:31828..32556:+	none	none	none	none	none	none	none	none	91.5	MOBC		no_slot_defined
LR962054.1	MPF_FA	T4SS_virb4 AND NOT(T/F/I) AND >=2 FA/FATA	90	6	3	3	unassigned	high	FA_orf13;FA_orf15;FA_orf17b	FATA_cd419a;FATA_prgB;FATA_prgC	30:31205..33736:+	none	none	33:36436..38694:+	none	34:39274..40002:+	none	none	none	none	none	none	none	none	91.2	MOBC		no_slot_defined
LR962057.1	MPF_FA	T4SS_virb4 AND NOT(T/F/I) AND >=2 FA/FATA	85	3	3	0	FA	medium	FA_orf13;FA_orf15;FA_orf17b		63:51127..53691:-	none	none	60:46169..48427:-	none	59:44861..45646:-	none	none	none	none	none	none	none	none	90.3	MOBC		no_slot_defined
LR962058.1	MPF_FA	T4SS_virb4 AND NOT(T/F/I) AND >=2 FA/FATA	61	6	3	3	unassigned	high	FA_orf13;FA_orf15;FA_orf17b	FATA_prgB;FATA_prgC;FATA_trsG	24:23041..25605:+	none	none	27:28307..30565:+	none	28:31145..31873:+	none	none	none	none	none	none	none	none	88.4	MOBC		no_slot_defined
LR962059.1	MPF_FA	T4SS_virb4 AND NOT(T/F/I) AND >=2 FA/FATA	56	8	0	8	FATA	high		FATA_cd419a;FATA_prgB;FATA_prgC;FATA_prgF;FATA_prgHb;FATA_prgIc;FATA_prgK;FATA_prgL	19:20252..22642:+	none	25:27387..29216:+	25:27387..29216:+	none	none	none	none	29:32334..34019:+	none	none	none	none	none	289.4	MOBP1		no_slot_defined
LR962061.1	MPF_FA	T4SS_virb4 AND NOT(T/F/I) AND >=2 FA/FATA	69	6	3	3	unassigned	high	FA_orf13;FA_orf15;FA_orf17b	FATA_prgB;FATA_prgC;FATA_trsG	24:22704..25268:+	none	none	27:27973..30231:+	none	28:30753..31538:+	none	none	none	none	none	none	none	none	90.5	MOBC		no_slot_defined
LR962065.1	MPF_FA	T4SS_virb4 AND NOT(T/F/I) AND >=2 FA/FATA	60	8	0	8	FATA	high		FATA_cd419a;FATA_prgB;FATA_prgC;FATA_prgF;FATA_prgHb;FATA_prgIc;FATA_prgK;FATA_prgL	17:18602..20992:+	none	26:27192..29021:+	26:27192..29021:+	none	none	none	none	30:32135..33820:+	none	none	none	none	none	292.1	MOBP1		no_slot_defined
LR962070.1	MPF_FA	T4SS_virb4 AND NOT(T/F/I) AND >=2 FA/FATA	54	6	3	3	unassigned	high	FA_orf13;FA_orf15;FA_orf17b	FATA_prgB;FATA_prgC;FATA_trsG	25:23753..26245:+	none	none	28:28956..31214:+	none	29:31736..32521:+	none	none	none	none	none	none	none	none	90.2	MOBC		no_slot_defined
LR962073.1	MPF_FA	T4SS_virb4 AND NOT(T/F/I) AND >=2 FA/FATA	56	8	0	8	FATA	high		FATA_cd419a;FATA_prgB;FATA_prgC;FATA_prgF;FATA_prgHb;FATA_prgIc;FATA_prgK;FATA_prgL	18:19416..21806:+	none	28:28318..30147:+	28:28318..30147:+	none	none	none	none	32:33265..34950:+	none	none	none	none	none	292.6	MOBP1		no_slot_defined
LR962076.1	MPF_FA	T4SS_virb4 AND NOT(T/F/I) AND >=2 FA/FATA	128	7	4	3	unassigned	high	FA_orf13;FA_orf15;FA_orf17a;FA_orf17b	FATA_prgB;FATA_prgC;FATA_trsG	25:22628..25192:+	none	none	28:27894..30152:+	none	29:30674..31459:+	none	none	none	none	none	none	none	none	88.4	MOBC		no_slot_defined
LR962080.1	MPF_FA	T4SS_virb4 AND NOT(T/F/I) AND >=2 FA/FATA	79	3	3	0	FA	medium	FA_orf13;FA_orf15;FA_orf17b		11:10138..12174:+	none	11:10138..12174:+	15:15374..17632:+	none	16:18212..18940:+	none	none	29:30275..31426:+	none	none	none	none	27:27481..29241:-	77.3	MOBC;MOBP1;MOBV		no_slot_defined
LR962081.1	MPF_FA	T4SS_virb4 AND NOT(T/F/I) AND >=2 FA/FATA	54	6	3	3	unassigned	high	FA_orf13;FA_orf15;FA_orf17b	FATA_prgB;FATA_prgC;FATA_trsG	25:23378..25909:+	none	none	28:28609..30867:+	none	29:31389..32174:+	none	none	none	none	none	none	none	none	89.7	MOBC		no_slot_defined
LR962087.1	MPF_FA	T4SS_virb4 AND NOT(T/F/I) AND >=2 FA/FATA	66	6	3	3	unassigned	high	FA_orf13;FA_orf15;FA_orf17b	FATA_prgB;FATA_prgC;FATA_trsG	25:23790..26282:+	none	none	28:28984..31242:+	none	29:31822..32550:+	none	none	none	none	none	none	none	none	90.7	MOBC		no_slot_defined
LR962088.1	MPF_FA	T4SS_virb4 AND NOT(T/F/I) AND >=2 FA/FATA	43	8	0	8	FATA	high		FATA_cd419a;FATA_prgB;FATA_prgC;FATA_prgF;FATA_prgHb;FATA_prgIc;FATA_prgK;FATA_prgL	18:18269..20659:+	none	24:25404..27227:+	24:25404..27227:+	none	none	none	none	29:30981..32675:+	none	none	none	none	none	293.6	MOBP1		no_slot_defined
LR962090.1	MPF_FA	T4SS_virb4 AND NOT(T/F/I) AND >=2 FA/FATA	107	6	3	3	unassigned	high	FA_orf13;FA_orf15;FA_orf17b	FATA_prgB;FATA_prgC;FATA_trsG	24:22651..25143:+	none	none	27:27854..30112:+	none	28:30634..31419:+	none	none	none	none	none	none	none	none	90.5	MOBC		no_slot_defined
LR962099.1	MPF_FA	T4SS_virb4 AND NOT(T/F/I) AND >=2 FA/FATA	61	7	3	4	unassigned	high	FA_orf13;FA_orf15;FA_orf17b	FATA_cd419a;FATA_prgB;FATA_prgC;FATA_trsG	26:25626..28118:+	none	none	29:30823..33081:+	none	30:33661..34389:+	none	none	none	none	none	none	none	none	91.0	MOBC		no_slot_defined
LR962104.1	MPF_FA	T4SS_virb4 AND NOT(T/F/I) AND >=2 FA/FATA	74	6	3	3	unassigned	high	FA_orf13;FA_orf15;FA_orf17b	FATA_prgB;FATA_prgC;FATA_trsG	24:22891..25455:+	none	27:28155..30368:+	27:28155..30368:+	none	29:31226..31945:+	none	none	none	none	none	none	none	42:40348..41667:-	90.5	MOBC;MOBV		no_slot_defined
LR962105.1	MPF_FA	T4SS_virb4 AND NOT(T/F/I) AND >=2 FA/FATA	83	3	3	0	FA	medium	FA_orf13;FA_orf15;FA_orf17b		62:50497..53061:-	none	none	59:45539..47797:-	none	58:44232..45017:-	none	none	none	none	none	none	none	none	90.5	MOBC		no_slot_defined
LR962108.1	MPF_FA	T4SS_virb4 AND NOT(T/F/I) AND >=2 FA/FATA	115	5	1	4	FATA	high	FA_orf14	FATA_prgC;FATA_trsF;FATA_trsG;FATA_trsL	30:33724..35685:+	none	37:40243..41898:+	37:40243..41898:+	none	none	none	none	106:99985..101670:+	none	none	none	none	none	263.0	MOBP1		no_slot_defined
LR962111.1	MPF_FA	T4SS_virb4 AND NOT(T/F/I) AND >=2 FA/FATA	75	2	2	0	FA	minimal	FA_orf15;FA_orf17b		36:27250..29814:+	none	none	39:32519..34777:+	none	40:35299..36084:+	none	none	none	none	none	none	none	21:17019..18281:+	90.4	MOBC;MOBV		no_slot_defined
LR962113.1	MPF_FA	T4SS_virb4 AND NOT(T/F/I) AND >=2 FA/FATA	87	7	3	4	unassigned	high	FA_orf13;FA_orf15;FA_orf17b	FATA_cd419_1;FATA_prgB;FATA_prgC;FATA_trsG	24:22629..25193:+	none	none	27:27895..30153:+	none	28:30733..31461:+	none	none	none	none	none	none	none	none	88.4	MOBC		no_slot_defined
LR962120.1	MPF_FA	T4SS_virb4 AND NOT(T/F/I) AND >=2 FA/FATA	148	8	3	5	unassigned	high	FA_orf13;FA_orf15;FA_orf17b	FATA_cd419_1;FATA_cd419a;FATA_prgB;FATA_prgC;FATA_trsG	25:23273..25804:+	none	none	28:28506..30764:+	none	29:31286..32068:+	none	none	none	none	none	none	none	none	89.3	MOBC		no_slot_defined
LR962122.1	MPF_FA	T4SS_virb4 AND NOT(T/F/I) AND >=2 FA/FATA	54	8	0	8	FATA	high		FATA_cd419a;FATA_prgB;FATA_prgC;FATA_prgF;FATA_prgHb;FATA_prgIc;FATA_prgK;FATA_prgL	18:19416..21806:+	none	27:28005..29834:+	27:28005..29834:+	none	none	none	none	31:32952..34637:+	none	none	none	none	none	292.1	MOBP1		no_slot_defined
LR962124.1	MPF_FA	T4SS_virb4 AND NOT(T/F/I) AND >=2 FA/FATA	64	8	0	8	FATA	high		FATA_cd419a;FATA_prgB;FATA_prgC;FATA_prgF;FATA_prgHb;FATA_prgIc;FATA_prgK;FATA_prgL	19:19410..21800:+	none	28:27999..29828:+	28:27999..29828:+	none	none	none	none	32:32946..34631:+	none	none	none	none	none	292.3	MOBP1		no_slot_defined
LR962126.1	MPF_FA	T4SS_virb4 AND NOT(T/F/I) AND >=2 FA/FATA	109	7	3	4	unassigned	high	FA_orf13;FA_orf15;FA_orf17b	FATA_cd419a;FATA_prgB;FATA_prgC;FATA_trsG	86:76187..78751:+	none	23:22281..24494:+	89:81456..83714:+	none	25:25352..26137:+	none	none	none	none	none	none	none	none	90.0	MOBC		no_slot_defined
LR962127.1	MPF_FA	T4SS_virb4 AND NOT(T/F/I) AND >=2 FA/FATA	86	8	0	8	FATA	high		FATA_cd419a;FATA_prgB;FATA_prgC;FATA_prgF;FATA_prgHb;FATA_prgIc;FATA_prgK;FATA_prgL	54:45424..47814:-	none	45:37396..39225:-	45:37396..39225:-	none	none	none	none	41:32593..34278:-	none	none	none	none	none	293.9	MOBP1		no_slot_defined
LR962133.1	MPF_FA	T4SS_virb4 AND NOT(T/F/I) AND >=2 FA/FATA	96	4	3	1	FA	medium	FA_orf13;FA_orf15;FA_orf17b	FATA_trsG	55:42276..44840:-	none	none	52:37318..39576:-	none	51:36011..36796:-	none	none	none	none	none	none	none	87:69225..70487:+	90.5	MOBC;MOBV		no_slot_defined
LR962139.1	MPF_FA	T4SS_virb4 AND NOT(T/F/I) AND >=2 FA/FATA	72	7	6	1	FA	high	FA_orf13;FA_orf14;FA_orf15;FA_orf17a;FA_orf19;FA_orf23	FATA_cd419a	12:14059..16506:-	17:19232..20617:-	none	none	none	none	none	none	23:25006..26703:+	none	none	none	16:17849..19054:-	6:4260..5522:-	93.8	MOBP1;MOBT;MOBV		no_slot_defined
LR962142.1	MPF_FA	T4SS_virb4 AND NOT(T/F/I) AND >=2 FA/FATA	67	8	0	8	FATA	high		FATA_cd419a;FATA_prgB;FATA_prgC;FATA_prgF;FATA_prgHb;FATA_prgIc;FATA_prgK;FATA_prgL	18:18906..21296:+	none	27:27495..29324:+	27:27495..29324:+	none	none	none	none	31:32442..34127:+	none	none	none	none	none	292.1	MOBP1		no_slot_defined
LR962143.1	MPF_FA	T4SS_virb4 AND NOT(T/F/I) AND >=2 FA/FATA	57	7	6	1	FA	high	FA_orf13;FA_orf14;FA_orf15;FA_orf17a;FA_orf19;FA_orf23	FATA_cd419a	12:14059..16506:-	17:19232..20617:-	none	none	none	none	none	none	23:25006..26703:+	none	none	none	16:17849..19054:-	6:4260..5522:-	93.8	MOBP1;MOBT;MOBV		no_slot_defined
LR962145.1	MPF_FA	T4SS_virb4 AND NOT(T/F/I) AND >=2 FA/FATA	85	11	7	4	unassigned	high	FA_orf13;FA_orf14;FA_orf15;FA_orf17a;FA_orf17b;FA_orf19;FA_orf23	FATA_cd419a;FATA_prgB;FATA_prgC;FATA_trsG	59:60477..62924:-	64:65650..67035:-	none	26:28221..30479:+	none	27:31001..31786:+	none	none	none	none	none	none	63:64267..65472:-	none	93.8	MOBC;MOBT		no_slot_defined
LR962147.1	MPF_FA	T4SS_virb4 AND NOT(T/F/I) AND >=2 FA/FATA	67	7	6	1	FA	high	FA_orf13;FA_orf14;FA_orf15;FA_orf17a;FA_orf19;FA_orf23	FATA_cd419a	12:14059..16506:-	17:19232..20617:-	none	none	none	none	none	none	23:25006..26691:+	none	none	none	16:17849..19054:-	6:4260..5522:-	93.8	MOBP1;MOBT;MOBV		no_slot_defined
LR962150.1	MPF_FA	T4SS_virb4 AND NOT(T/F/I) AND >=2 FA/FATA	98	8	0	8	FATA	high		FATA_cd419a;FATA_prgB;FATA_prgC;FATA_prgF;FATA_prgHb;FATA_prgIc;FATA_prgK;FATA_prgL	82:85079..87469:+	none	91:93668..95491:+	91:93668..95491:+	none	none	none	none	97:99392..101086:+	none	none	none	none	none	291.8	MOBP1		no_slot_defined
LR962156.1	MPF_FA	T4SS_virb4 AND NOT(T/F/I) AND >=2 FA/FATA	129	4	1	3	FATA	medium	FA_orf14	FATA_cd419a;FATA_prgB;FATA_prgC	112:105149..107704:+	none	109:100109..102640:+	109:100109..102640:+	none	none	none	none	122:113476..115536:+	122:113476..115536:+	none	none	none	none	148.0	MOBP1;MOBP2		no_slot_defined
LR962159.1	MPF_FA	T4SS_virb4 AND NOT(T/F/I) AND >=2 FA/FATA	73	7	6	1	FA	high	FA_orf13;FA_orf14;FA_orf15;FA_orf17a;FA_orf19;FA_orf23	FATA_cd419a	13:14060..16507:-	18:19233..20618:-	none	none	none	none	none	none	24:25007..26692:+	none	none	none	17:17850..19055:-	7:5248..5523:-	93.8	MOBP1;MOBT;MOBV		no_slot_defined
LR962164.1	MPF_FA	T4SS_virb4 AND NOT(T/F/I) AND >=2 FA/FATA	61	7	6	1	FA	high	FA_orf13;FA_orf14;FA_orf15;FA_orf17a;FA_orf19;FA_orf23	FATA_cd419a	12:14059..16506:-	17:19232..20617:-	none	none	none	none	none	none	none	none	none	none	16:17849..19054:-	6:4260..5522:-	93.8	MOBT;MOBV		no_slot_defined
LR962166.1	MPF_FA	T4SS_virb4 AND NOT(T/F/I) AND >=2 FA/FATA	77	7	6	1	FA	high	FA_orf13;FA_orf14;FA_orf15;FA_orf17a;FA_orf19;FA_orf23	FATA_cd419a	12:14059..16506:-	17:19232..20617:-	none	none	none	none	none	none	23:25006..26691:+	none	none	none	16:17849..19054:-	6:4260..5522:-	93.2	MOBP1;MOBT;MOBV		no_slot_defined
LR962172.1	MPF_FA	T4SS_virb4 AND NOT(T/F/I) AND >=2 FA/FATA	95	8	0	8	FATA	high		FATA_cd419a;FATA_prgB;FATA_prgC;FATA_prgF;FATA_prgHb;FATA_prgIc;FATA_prgK;FATA_prgL	11:11983..14373:+	none	20:20572..22395:+	20:20572..22395:+	none	none	none	none	26:26296..27990:+	none	none	none	none	none	292.1	MOBP1		no_slot_defined
LR962175.1	MPF_FA	T4SS_virb4 AND NOT(T/F/I) AND >=2 FA/FATA	83	2	1	1	unassigned	minimal	FA_orf14	FATA_prgB	24:30483..33038:+	none	21:25443..27974:+	21:25443..27974:+	none	none	none	none	34:38811..40871:+	34:38811..40871:+	none	none	none	none	147.6	MOBP1;MOBP2		no_slot_defined
LR962176.1	MPF_FA	T4SS_virb4 AND NOT(T/F/I) AND >=2 FA/FATA	58	5	2	3	unassigned	high	FA_orf13;FA_orf17b	FATA_prgB;FATA_prgC;FATA_trsG	26:24071..26635:+	none	none	none	none	none	none	none	none	none	none	none	none	37:35180..36442:-	90.5	MOBV		no_slot_defined
LR962183.1	MPF_FA	T4SS_virb4 AND NOT(T/F/I) AND >=2 FA/FATA	84	3	1	2	FATA	medium	FA_orf14	FATA_cd419_1;FATA_prgB	20:24407..26962:+	none	17:19367..21898:+	17:19367..21898:+	none	none	none	none	29:32735..34795:+	29:32735..34795:+	none	none	none	none	149.0	MOBP1;MOBP2		no_slot_defined
LR962191.1	MPF_FA	T4SS_virb4 AND NOT(T/F/I) AND >=2 FA/FATA	79	2	1	1	unassigned	minimal	FA_orf14	FATA_prgB	21:26053..28608:+	none	18:21013..23544:+	18:21013..23544:+	none	none	none	none	31:34381..36441:+	31:34381..36441:+	none	none	none	none	147.6	MOBP1;MOBP2		no_slot_defined
LR962192.1	MPF_FA	T4SS_virb4 AND NOT(T/F/I) AND >=2 FA/FATA	66	6	3	3	unassigned	high	FA_orf13;FA_orf15;FA_orf17b	FATA_prgB;FATA_prgC;FATA_trsG	26:24178..26709:+	none	none	29:29409..31667:+	none	30:32189..32974:+	none	none	none	none	none	none	none	none	89.5	MOBC		no_slot_defined
LR962198.1	MPF_FA	T4SS_virb4 AND NOT(T/F/I) AND >=2 FA/FATA	71	8	0	8	FATA	high		FATA_cd419a;FATA_prgB;FATA_prgC;FATA_prgF;FATA_prgHb;FATA_prgIc;FATA_prgK;FATA_prgL	19:19388..21778:+	none	28:27977..29806:+	28:27977..29806:+	none	none	none	none	32:32924..34609:+	none	none	none	none	none	291.8	MOBP1		no_slot_defined
LR962199.1	MPF_FA	T4SS_virb4 AND NOT(T/F/I) AND >=2 FA/FATA	59	7	6	1	FA	high	FA_orf13;FA_orf14;FA_orf15;FA_orf17a;FA_orf19;FA_orf23	FATA_cd419a	12:14058..16505:-	17:19231..20616:-	none	none	none	none	none	none	none	none	none	none	16:17848..19053:-	6:4424..5521:-	93.8	MOBT;MOBV		no_slot_defined
LR962204.1	MPF_FA	T4SS_virb4 AND NOT(T/F/I) AND >=2 FA/FATA	85	2	1	1	unassigned	minimal	FA_orf14	FATA_prgB	21:26544..29099:+	none	18:21504..24035:+	18:21504..24035:+	none	none	none	none	31:34872..36932:+	31:34872..36932:+	none	none	none	none	147.6	MOBP1;MOBP2		no_slot_defined
LR962205.1	MPF_FA	T4SS_virb4 AND NOT(T/F/I) AND >=2 FA/FATA	89	3	3	0	FA	medium	FA_orf13;FA_orf15;FA_orf17b		67:56388..58952:-	none	none	64:51430..53688:-	none	63:50123..50908:-	none	none	none	none	none	none	none	none	90.5	MOBC		no_slot_defined
LR962207.1	MPF_FA	T4SS_virb4 AND NOT(T/F/I) AND >=2 FA/FATA	56	8	0	8	FATA	high		FATA_cd419a;FATA_prgB;FATA_prgC;FATA_prgF;FATA_prgHb;FATA_prgIc;FATA_prgK;FATA_prgL	18:19413..21803:+	none	26:28002..29825:+	26:28002..29825:+	none	none	none	none	32:33575..35260:+	none	none	none	none	none	289.4	MOBP1		no_slot_defined
LR962208.1	MPF_FA	T4SS_virb4 AND NOT(T/F/I) AND >=2 FA/FATA	43	5	3	2	unassigned	high	FA_orf13;FA_orf15;FA_orf17b	FATA_prgC;FATA_trsG	0:1..2493:+	none	3:5195..7408:+	3:5195..7408:+	none	5:8267..9061:+	none	none	none	none	none	none	none	none	91.5	MOBC		no_slot_defined
LR962212.1	MPF_FA	T4SS_virb4 AND NOT(T/F/I) AND >=2 FA/FATA	73	8	0	8	FATA	high		FATA_cd419a;FATA_prgB;FATA_prgC;FATA_prgF;FATA_prgHb;FATA_prgIc;FATA_prgK;FATA_prgL	19:19831..22221:+	none	25:26957..28786:+	25:26957..28786:+	none	none	none	none	29:31903..33588:+	none	none	none	none	none	289.8	MOBP1		no_slot_defined
LR962214.1	MPF_FA	T4SS_virb4 AND NOT(T/F/I) AND >=2 FA/FATA	60	8	0	8	FATA	high		FATA_cd419a;FATA_prgB;FATA_prgC;FATA_prgF;FATA_prgHb;FATA_prgIc;FATA_prgK;FATA_prgL	19:18906..21296:+	none	26:28846..30675:+	26:28846..30675:+	none	none	none	none	30:33793..35478:+	none	none	none	none	none	292.1	MOBP1		no_slot_defined
LR962218.1	MPF_FA	T4SS_virb4 AND NOT(T/F/I) AND >=2 FA/FATA	77	2	1	1	unassigned	minimal	FA_orf14	FATA_prgB	21:26062..28617:+	none	18:21022..23553:+	18:21022..23553:+	none	none	none	none	31:34390..36450:+	31:34390..36450:+	none	none	none	none	147.6	MOBP1;MOBP2		no_slot_defined
LR962219.1	MPF_FA	T4SS_virb4 AND NOT(T/F/I) AND >=2 FA/FATA	60	6	3	3	unassigned	high	FA_orf13;FA_orf15;FA_orf17b	FATA_prgB;FATA_prgC;FATA_trsG	23:23042..25606:+	none	none	26:28311..30569:+	none	27:31149..31877:+	none	none	none	none	none	none	none	none	90.1	MOBC		no_slot_defined
LR962220.1	MPF_FA	T4SS_virb4 AND NOT(T/F/I) AND >=2 FA/FATA	64	3	1	2	FATA	medium	FA_orf14	FATA_prgB;FATA_prgC	26:27077..29614:+	none	20:20763..23360:+	20:20763..23360:+	none	none	none	none	33:34764..36830:+	33:34764..36830:+	none	none	none	none	145.0	MOBP1;MOBP2		no_slot_defined
LR962228.1	MPF_FA	T4SS_virb4 AND NOT(T/F/I) AND >=2 FA/FATA	80	2	1	1	unassigned	minimal	FA_orf14	FATA_prgB	21:26544..29099:+	none	18:21504..24035:+	18:21504..24035:+	none	none	none	none	31:34872..36932:+	31:34872..36932:+	none	none	none	none	147.6	MOBP1;MOBP2		no_slot_defined
LR962229.1	MPF_FA	T4SS_virb4 AND NOT(T/F/I) AND >=2 FA/FATA	86	3	3	0	FA	medium	FA_orf13;FA_orf15;FA_orf17b		64:51867..54431:-	none	none	61:46909..49167:-	none	60:45602..46387:-	none	none	none	none	none	none	none	none	90.5	MOBC		no_slot_defined
LR962232.1	MPF_FA	T4SS_virb4 AND NOT(T/F/I) AND >=2 FA/FATA	76	6	3	3	unassigned	high	FA_orf13;FA_orf15;FA_orf17b	FATA_prgB;FATA_prgC;FATA_trsG	30:27886..30450:+	none	none	33:33155..35413:+	none	34:35935..36720:+	none	none	none	none	none	none	none	none	90.5	MOBC		no_slot_defined
LR962233.1	MPF_FA	T4SS_virb4 AND NOT(T/F/I) AND >=2 FA/FATA	70	4	3	1	FA	medium	FA_orf13;FA_orf15;FA_orf17b	FATA_trsG	21:16720..19284:+	none	24:21986..24199:+	24:21986..24199:+	none	26:25057..25842:+	none	none	none	none	none	none	none	none	89.8	MOBC		no_slot_defined
LR962235.1	MPF_FA	T4SS_virb4 AND NOT(T/F/I) AND >=2 FA/FATA	89	3	3	0	FA	medium	FA_orf13;FA_orf15;FA_orf17b		8:5960..8524:+	none	none	11:11235..13493:+	none	12:14073..14801:+	none	none	none	none	none	none	none	none	90.1	MOBC		no_slot_defined
LR962240.1	MPF_FA	T4SS_virb4 AND NOT(T/F/I) AND >=2 FA/FATA	67	7	3	4	unassigned	high	FA_orf13;FA_orf15;FA_orf17b	FATA_cd419a;FATA_prgB;FATA_prgC;FATA_trsG	26:23604..26096:+	none	none	29:28801..31059:+	none	30:31580..32365:+	none	none	none	none	none	none	none	none	89.9	MOBC		no_slot_defined
LR962243.1	MPF_FA	T4SS_virb4 AND NOT(T/F/I) AND >=2 FA/FATA	118	12	3	9	FATA	high	FA_orf13;FA_orf15;FA_orf17b	FATA_cd419a;FATA_prgB;FATA_prgC;FATA_prgF;FATA_prgHb;FATA_prgIc;FATA_prgK;FATA_prgL;FATA_trsG	79:78318..80708:+	none	89:87220..89049:+	89:87220..89049:+	none	28:31857..32585:+	none	none	93:92167..93852:+	none	none	none	none	none	292.1	MOBC;MOBP1		no_slot_defined
LR962249.1	MPF_FA	T4SS_virb4 AND NOT(T/F/I) AND >=2 FA/FATA	140	6	3	3	unassigned	high	FA_orf13;FA_orf15;FA_orf17b	FATA_prgB;FATA_prgC;FATA_trsG	62:50340..52904:-	none	none	59:45382..47640:-	none	58:44075..44860:-	none	none	none	none	none	none	none	none	90.5	MOBC		no_slot_defined
LR962252.1	MPF_FA	T4SS_virb4 AND NOT(T/F/I) AND >=2 FA/FATA	57	6	3	3	unassigned	high	FA_orf13;FA_orf15;FA_orf17b	FATA_prgB;FATA_prgC;FATA_trsG	24:23416..25947:+	none	27:28658..30916:+	27:28658..30916:+	none	28:31496..32224:+	none	none	none	none	none	none	none	none	89.6	MOBC		no_slot_defined
LR962253.1	MPF_FA	T4SS_virb4 AND NOT(T/F/I) AND >=2 FA/FATA	58	6	3	3	unassigned	high	FA_orf13;FA_orf15;FA_orf17b	FATA_prgB;FATA_prgC;FATA_trsG	24:23209..25701:+	none	27:28403..30661:+	27:28403..30661:+	none	28:31240..31968:+	none	none	none	none	none	none	none	none	91.5	MOBC		no_slot_defined
LR962255.1	MPF_FA	T4SS_virb4 AND NOT(T/F/I) AND >=2 FA/FATA	37	7	1	6	FATA	high	FA_orf14	FATA_prgC;FATA_trsC;FATA_trsD;FATA_trsF;FATA_trsG;FATA_trsL	25:18721..20682:+	none	30:24172..25827:+	30:24172..25827:+	none	none	none	none	21:15342..17306:+	none	none	21:15342..17306:+	none	none	261.7	MOBP1;MOBQ		no_slot_defined
LR962259.1	MPF_FA	T4SS_virb4 AND NOT(T/F/I) AND >=2 FA/FATA	166	9	0	9	FATA	high		FATA_cd419_1;FATA_cd419a;FATA_prgB;FATA_prgC;FATA_prgF;FATA_prgHb;FATA_prgIc;FATA_prgK;FATA_prgL	156:139015..141405:+	none	165:147604..149433:+	165:147604..149433:+	none	45:45952..46680:+	none	none	3:3065..4750:+	none	none	none	none	none	290.9	MOBC;MOBP1		no_slot_defined
LR962260.1	MPF_FA	T4SS_virb4 AND NOT(T/F/I) AND >=2 FA/FATA	63	3	1	2	FATA	medium	FA_orf14	FATA_prgB;FATA_prgC	26:27077..29614:+	none	20:20763..23360:+	20:20763..23360:+	none	none	none	none	33:34764..36830:+	33:34764..36830:+	none	none	none	none	145.0	MOBP1;MOBP2		no_slot_defined
LR962261.1	MPF_FA	T4SS_virb4 AND NOT(T/F/I) AND >=2 FA/FATA	52	2	0	2	FATA	minimal		FATA_prgB;FATA_prgC	28:30691..32622:+	none	23:25335..27548:+	23:25335..27548:+	none	none	none	none	none	34:36402..37637:+	none	none	none	none	232.9	MOBP2		no_slot_defined
LR962265.1	MPF_FA	T4SS_virb4 AND NOT(T/F/I) AND >=2 FA/FATA	45	8	0	8	FATA	high		FATA_cd419a;FATA_prgB;FATA_prgC;FATA_prgF;FATA_prgHb;FATA_prgIc;FATA_prgK;FATA_prgL	19:19336..21726:+	none	28:27925..29754:+	28:27925..29754:+	none	none	none	none	32:33023..34717:+	none	none	none	none	none	292.1	MOBP1		no_slot_defined
LR962268.1	MPF_FA	T4SS_virb4 AND NOT(T/F/I) AND >=2 FA/FATA	100	8	0	8	FATA	high		FATA_cd419a;FATA_prgB;FATA_prgC;FATA_prgF;FATA_prgHb;FATA_prgIc;FATA_prgK;FATA_prgL	37:32951..35341:+	none	46:41541..43364:+	46:41541..43364:+	none	none	none	none	51:47109..48803:+	none	none	none	none	83:74622..75884:-	290.2	MOBP1;MOBV		no_slot_defined
LR962269.1	MPF_FA	T4SS_virb4 AND NOT(T/F/I) AND >=2 FA/FATA	68	6	3	3	unassigned	high	FA_orf13;FA_orf15;FA_orf17b	FATA_prgB;FATA_prgC;FATA_trsG	24:22701..25265:+	none	none	27:27970..30228:+	none	28:30750..31535:+	none	none	none	none	none	none	none	none	90.5	MOBC		no_slot_defined
LR962272.1	MPF_FA	T4SS_virb4 AND NOT(T/F/I) AND >=2 FA/FATA	86	2	1	1	unassigned	minimal	FA_orf14	FATA_prgB	21:26544..29099:+	none	18:21504..24035:+	18:21504..24035:+	none	none	none	none	31:34872..36932:+	31:34872..36932:+	none	none	none	none	147.6	MOBP1;MOBP2		no_slot_defined
LR962274.1	MPF_FA	T4SS_virb4 AND NOT(T/F/I) AND >=2 FA/FATA	41	5	3	2	unassigned	high	FA_orf13;FA_orf15;FA_orf17b	FATA_prgC;FATA_trsG	0:1..2493:+	none	3:5195..7408:+	3:5195..7408:+	none	5:8267..9061:+	none	none	none	none	none	none	none	none	88.1	MOBC		no_slot_defined
LR962276.1	MPF_FA	T4SS_virb4 AND NOT(T/F/I) AND >=2 FA/FATA	59	6	3	3	unassigned	high	FA_orf13;FA_orf15;FA_orf17b	FATA_prgB;FATA_prgC;FATA_trsG	25:23263..25794:+	none	28:28499..30757:+	28:28499..30757:+	none	29:31336..32064:+	none	none	none	none	none	none	none	none	89.5	MOBC		no_slot_defined
LR962278.1	MPF_FA	T4SS_virb4 AND NOT(T/F/I) AND >=2 FA/FATA	101	6	3	3	unassigned	high	FA_orf13;FA_orf15;FA_orf17b	FATA_prgB;FATA_prgC;FATA_trsG	63:55029..57593:+	none	none	66:60295..62553:+	none	67:63075..63860:+	none	none	none	none	none	none	none	16:15480..16742:-	89.9	MOBC;MOBV		no_slot_defined
LR962281.1	MPF_FA	T4SS_virb4 AND NOT(T/F/I) AND >=2 FA/FATA	117	8	0	8	FATA	high		FATA_cd419a;FATA_prgB;FATA_prgC;FATA_prgF;FATA_prgHb;FATA_prgIc;FATA_prgK;FATA_prgL	71:63662..66052:-	none	61:52829..54658:-	61:52829..54658:-	none	none	none	none	57:48027..49712:-	none	none	none	none	none	289.4	MOBP1		no_slot_defined
LR962282.1	MPF_FA	T4SS_virb4 AND NOT(T/F/I) AND >=2 FA/FATA	69	5	3	2	unassigned	high	FA_orf13;FA_orf15;FA_orf17b	FATA_prgB;FATA_prgC	25:26261..27745:+	none	none	28:30456..32714:+	none	29:33236..34021:+	none	none	none	none	none	none	none	none	72.8	MOBC		no_slot_defined
LR962285.1	MPF_FA	T4SS_virb4 AND NOT(T/F/I) AND >=2 FA/FATA	107	6	3	3	unassigned	high	FA_orf13;FA_orf15;FA_orf17b	FATA_prgB;FATA_prgC;FATA_trsG	24:22629..25193:+	none	none	27:27895..30153:+	none	28:30675..31460:+	none	none	none	none	none	none	none	none	88.4	MOBC		no_slot_defined
LR962286.1	MPF_FA	T4SS_virb4 AND NOT(T/F/I) AND >=2 FA/FATA	61	3	1	2	FATA	medium	FA_orf14	FATA_prgB;FATA_prgC	29:28912..31449:+	none	23:22643..25195:+	23:22643..25195:+	none	none	none	none	36:36552..38585:+	36:36552..38585:+	none	none	none	none	149.1	MOBP1;MOBP2		no_slot_defined
LR962289.1	MPF_FA	T4SS_virb4 AND NOT(T/F/I) AND >=2 FA/FATA	54	8	0	8	FATA	high		FATA_cd419a;FATA_prgB;FATA_prgC;FATA_prgF;FATA_prgHb;FATA_prgIc;FATA_prgK;FATA_prgL	19:19414..21804:+	none	28:28003..29832:+	28:28003..29832:+	none	none	none	none	32:32950..34635:+	none	none	none	none	none	290.8	MOBP1		no_slot_defined
LR962297.1	MPF_FA	T4SS_virb4 AND NOT(T/F/I) AND >=2 FA/FATA	67	2	1	1	unassigned	minimal	FA_orf15	FATA_prgC	7:9319..11883:+	none	none	10:14588..16846:+	none	11:17368..18153:+	none	none	none	none	none	none	none	none	90.5	MOBC		no_slot_defined
LR962299.1	MPF_FA	T4SS_virb4 AND NOT(T/F/I) AND >=2 FA/FATA	86	8	7	1	FA	high	FA_orf13;FA_orf14;FA_orf15;FA_orf17a;FA_orf17b;FA_orf19;FA_orf23	FATA_cd419a	13:14059..16506:-	18:19232..20617:-	none	none	none	none	none	none	24:25006..26691:+	none	none	none	17:17849..19054:-	6:4260..5522:-	93.8	MOBP1;MOBT;MOBV		no_slot_defined
LR962303.1	MPF_FA	T4SS_virb4 AND NOT(T/F/I) AND >=2 FA/FATA	85	3	3	0	FA	medium	FA_orf13;FA_orf15;FA_orf17b		63:51829..54393:-	none	none	60:46871..49129:-	none	59:45564..46349:-	none	none	none	none	none	none	none	none	90.5	MOBC		no_slot_defined
LR962304.1	MPF_FA	T4SS_virb4 AND NOT(T/F/I) AND >=2 FA/FATA	79	8	0	8	FATA	high		FATA_cd419a;FATA_prgB;FATA_prgC;FATA_prgF;FATA_prgHb;FATA_prgIc;FATA_prgK;FATA_prgL	17:18789..21179:+	none	27:27690..29519:+	27:27690..29519:+	none	none	none	none	31:32637..34322:+	none	none	none	none	none	295.0	MOBP1		no_slot_defined
LR962305.1	MPF_FA	T4SS_virb4 AND NOT(T/F/I) AND >=2 FA/FATA	75	8	0	8	FATA	high		FATA_cd419a;FATA_prgB;FATA_prgC;FATA_prgF;FATA_prgHb;FATA_prgIc;FATA_prgK;FATA_prgL	18:19354..21744:+	none	28:28255..30084:+	28:28255..30084:+	none	none	none	none	32:33202..34887:+	none	none	none	none	none	295.0	MOBP1		no_slot_defined
LR962307.1	MPF_FA	T4SS_virb4 AND NOT(T/F/I) AND >=2 FA/FATA	85	2	1	1	unassigned	minimal	FA_orf14	FATA_prgB	21:26544..29099:+	none	18:21504..24035:+	18:21504..24035:+	none	none	none	none	31:34872..36932:+	31:34872..36932:+	none	none	none	none	147.6	MOBP1;MOBP2		no_slot_defined
LR962309.1	MPF_FA	T4SS_virb4 AND NOT(T/F/I) AND >=2 FA/FATA	83	3	3	0	FA	medium	FA_orf13;FA_orf15;FA_orf17b		67:56389..58953:-	none	none	64:51431..53689:-	none	63:50124..50909:-	none	none	none	none	none	none	none	none	90.5	MOBC		no_slot_defined
LR962310.1	MPF_FA	T4SS_virb4 AND NOT(T/F/I) AND >=2 FA/FATA	55	8	0	8	FATA	high		FATA_cd419a;FATA_prgB;FATA_prgC;FATA_prgF;FATA_prgHb;FATA_prgIc;FATA_prgK;FATA_prgL	18:19415..21805:+	none	27:28004..29833:+	27:28004..29833:+	none	none	none	none	31:33102..34796:+	none	none	none	none	none	292.3	MOBP1		no_slot_defined
LR962312.1	MPF_FA	T4SS_virb4 AND NOT(T/F/I) AND >=2 FA/FATA	78	11	7	4	unassigned	high	FA_orf13;FA_orf14;FA_orf15;FA_orf17a;FA_orf17b;FA_orf19;FA_orf23	FATA_cd419a;FATA_prgB;FATA_prgC;FATA_trsG	54:52087..54534:-	59:57260..58645:-	none	26:28367..30625:+	none	27:31147..31932:+	none	none	none	none	none	none	58:55877..57082:-	none	93.8	MOBC;MOBT		no_slot_defined
LR962313.1	MPF_FA	T4SS_virb4 AND NOT(T/F/I) AND >=2 FA/FATA	45	8	0	8	FATA	high		FATA_cd419a;FATA_prgB;FATA_prgC;FATA_prgF;FATA_prgHb;FATA_prgIc;FATA_prgK;FATA_prgL	19:19336..21726:+	none	28:27925..29754:+	28:27925..29754:+	none	none	none	none	32:33023..34717:+	none	none	none	none	none	292.1	MOBP1		no_slot_defined
LR962317.1	MPF_FA	T4SS_virb4 AND NOT(T/F/I) AND >=2 FA/FATA	77	2	1	1	unassigned	minimal	FA_orf14	FATA_prgB	21:26053..28608:+	none	18:21013..23544:+	18:21013..23544:+	none	none	none	none	31:34381..36441:+	31:34381..36441:+	none	none	none	none	147.6	MOBP1;MOBP2		no_slot_defined
LR962330.1	MPF_FA	T4SS_virb4 AND NOT(T/F/I) AND >=2 FA/FATA	43	5	3	2	unassigned	high	FA_orf13;FA_orf15;FA_orf17b	FATA_prgC;FATA_trsG	0:1..2493:+	none	none	3:5195..7453:+	none	4:8033..8761:+	none	none	none	none	none	none	none	none	91.5	MOBC		no_slot_defined
LR962332.1	MPF_FA	T4SS_virb4 AND NOT(T/F/I) AND >=2 FA/FATA	80	8	0	8	FATA	high		FATA_cd419a;FATA_prgB;FATA_prgC;FATA_prgF;FATA_prgHb;FATA_prgIc;FATA_prgK;FATA_prgL	21:19537..21927:+	none	30:28126..29955:+	30:28126..29955:+	none	none	none	none	34:33073..34758:+	none	none	none	none	none	290.2	MOBP1		no_slot_defined
LR962335.1	MPF_FA	T4SS_virb4 AND NOT(T/F/I) AND >=2 FA/FATA	64	7	6	1	FA	high	FA_orf13;FA_orf14;FA_orf15;FA_orf17a;FA_orf19;FA_orf23	FATA_cd419a	8:11324..13771:-	13:16497..17882:-	none	none	none	none	none	none	19:22271..23956:+	none	none	none	12:15114..16319:-	2:1525..2787:-	93.2	MOBP1;MOBT;MOBV		no_slot_defined
LR962337.1	MPF_FA	T4SS_virb4 AND NOT(T/F/I) AND >=2 FA/FATA	63	6	3	3	unassigned	high	FA_orf13;FA_orf15;FA_orf17b	FATA_prgB;FATA_prgC;FATA_trsG	24:22593..25157:+	none	none	27:27868..30126:+	none	28:30706..31434:+	none	none	none	none	none	none	none	none	90.5	MOBC		no_slot_defined
LR962341.1	MPF_FA	T4SS_virb4 AND NOT(T/F/I) AND >=2 FA/FATA	61	6	3	3	unassigned	high	FA_orf13;FA_orf15;FA_orf17b	FATA_prgB;FATA_prgC;FATA_trsG	25:23798..26329:+	none	28:29029..31242:+	28:29029..31242:+	none	30:32099..32884:+	none	none	none	none	none	none	none	none	91.0	MOBC		no_slot_defined
LR962344.1	MPF_FA	T4SS_virb4 AND NOT(T/F/I) AND >=2 FA/FATA	62	6	3	3	unassigned	high	FA_orf13;FA_orf15;FA_orf17b	FATA_prgB;FATA_prgC;FATA_trsG	25:25299..27791:+	none	none	28:30502..32760:+	none	29:33340..34068:+	none	none	none	none	none	none	none	none	90.3	MOBC		no_slot_defined
LR962347.1	MPF_FA	T4SS_virb4 AND NOT(T/F/I) AND >=2 FA/FATA	66	7	6	1	FA	high	FA_orf13;FA_orf14;FA_orf15;FA_orf17a;FA_orf19;FA_orf23	FATA_cd419a	12:14058..16505:-	17:19231..20616:-	none	none	none	none	none	none	none	none	none	none	16:17848..19053:-	6:4424..5521:-	93.8	MOBT;MOBV		no_slot_defined
LR962349.1	MPF_FA	T4SS_virb4 AND NOT(T/F/I) AND >=2 FA/FATA	103	6	3	3	unassigned	high	FA_orf13;FA_orf15;FA_orf17b	FATA_prgB;FATA_prgC;FATA_trsG	87:82471..85035:+	none	none	90:87737..89995:+	none	91:90575..91303:+	none	none	none	none	none	none	none	none	88.4	MOBC		no_slot_defined
LR962352.1	MPF_FA	T4SS_virb4 AND NOT(T/F/I) AND >=2 FA/FATA	60	7	6	1	FA	high	FA_orf13;FA_orf14;FA_orf15;FA_orf17a;FA_orf19;FA_orf23	FATA_cd419a	14:15471..17918:-	19:20644..22029:-	none	none	none	none	none	none	25:26418..28103:+	none	none	none	18:19261..20466:-	6:4257..5519:-	93.8	MOBP1;MOBT;MOBV		no_slot_defined
LR962354.1	MPF_FA	T4SS_virb4 AND NOT(T/F/I) AND >=2 FA/FATA	72	7	6	1	FA	high	FA_orf13;FA_orf14;FA_orf15;FA_orf17a;FA_orf19;FA_orf23	FATA_cd419a	12:14056..16503:-	17:19229..20614:-	none	none	none	none	none	none	23:25003..26688:+	none	none	none	16:17846..19051:-	6:4257..5519:-	93.8	MOBP1;MOBT;MOBV		no_slot_defined
LR962355.1	MPF_FA	T4SS_virb4 AND NOT(T/F/I) AND >=2 FA/FATA	59	6	3	3	unassigned	high	FA_orf13;FA_orf15;FA_orf17b	FATA_prgB;FATA_prgC;FATA_trsG	24:24220..26712:+	none	none	27:29414..31672:+	none	28:32252..32980:+	none	none	none	none	none	none	none	none	90.5	MOBC		no_slot_defined
LR962365.1	MPF_FA	T4SS_virb4 AND NOT(T/F/I) AND >=2 FA/FATA	62	6	3	3	unassigned	high	FA_orf13;FA_orf15;FA_orf17b	FATA_prgB;FATA_prgC;FATA_trsG	25:25292..27784:+	none	none	28:30495..32753:+	none	29:33333..34061:+	none	none	none	none	none	none	none	none	90.3	MOBC		no_slot_defined
LR962376.1	MPF_FA	T4SS_virb4 AND NOT(T/F/I) AND >=2 FA/FATA	79	5	3	2	unassigned	high	FA_orf13;FA_orf15;FA_orf17b	FATA_prgC;FATA_trsG	30:22141..24705:+	none	none	33:27410..29668:+	none	34:30190..30975:+	none	none	none	none	none	none	none	none	90.5	MOBC		no_slot_defined
LR962379.1	MPF_FA	T4SS_virb4 AND NOT(T/F/I) AND >=2 FA/FATA	88	2	1	1	unassigned	minimal	FA_orf14	FATA_prgB	29:32888..35443:+	none	26:27848..30379:+	26:27848..30379:+	none	none	none	none	39:41216..43276:+	39:41216..43276:+	none	none	none	none	147.6	MOBP1;MOBP2		no_slot_defined
LR962387.1	MPF_FA	T4SS_virb4 AND NOT(T/F/I) AND >=2 FA/FATA	64	6	3	3	unassigned	high	FA_orf13;FA_orf15;FA_orf17b	FATA_prgB;FATA_prgC;FATA_trsG	23:22650..25214:+	none	none	26:27916..30174:+	none	27:30753..31481:+	none	none	none	none	none	none	none	none	89.9	MOBC		no_slot_defined
LR962391.1	MPF_FA	T4SS_virb4 AND NOT(T/F/I) AND >=2 FA/FATA	97	2	1	1	unassigned	minimal	FA_orf14	FATA_trsG	29:25893..27839:+	none	25:20731..23091:+	25:20731..23091:+	none	none	none	none	35:31391..32635:+	35:31391..32635:+	none	none	none	none	164.8	MOBP1;MOBP2		no_slot_defined
LR962394.1	MPF_FA	T4SS_virb4 AND NOT(T/F/I) AND >=2 FA/FATA	78	8	6	2	FA	high	FA_orf13;FA_orf14;FA_orf15;FA_orf17a;FA_orf17b;FA_orf19	FATA_cd419_1;FATA_cd419a	14:15471..17918:-	19:20644..21735:-	none	none	none	none	none	none	none	none	none	none	18:19261..20466:-	6:4257..5519:-	93.8	MOBT;MOBV		no_slot_defined
LR962397.1	MPF_FA	T4SS_virb4 AND NOT(T/F/I) AND >=2 FA/FATA	77	2	1	1	unassigned	minimal	FA_orf14	FATA_prgB	21:26053..28608:+	none	18:21013..23544:+	18:21013..23544:+	none	none	none	none	31:34381..36441:+	31:34381..36441:+	none	none	none	none	147.6	MOBP1;MOBP2		no_slot_defined
LR962398.1	MPF_FA	T4SS_virb4 AND NOT(T/F/I) AND >=2 FA/FATA	60	6	3	3	unassigned	high	FA_orf13;FA_orf15;FA_orf17b	FATA_prgB;FATA_prgC;FATA_trsG	23:23088..25607:+	none	none	26:28318..30576:+	none	27:31156..31884:+	none	none	none	none	none	none	none	none	89.8	MOBC		no_slot_defined
LR962401.1	MPF_FA	T4SS_virb4 AND NOT(T/F/I) AND >=2 FA/FATA	80	5	3	2	unassigned	high	FA_orf13;FA_orf15;FA_orf17b	FATA_prgB;FATA_prgC	32:27252..29816:+	none	none	35:32521..34779:+	none	36:35301..36086:+	none	none	none	none	none	none	none	none	90.5	MOBC		no_slot_defined
LR962405.1	MPF_FA	T4SS_virb4 AND NOT(T/F/I) AND >=2 FA/FATA	75	14	6	8	unassigned	high	FA_orf13;FA_orf14;FA_orf15;FA_orf17a;FA_orf19;FA_orf23	FATA_cd419a;FATA_prgB;FATA_prgC;FATA_prgF;FATA_prgHb;FATA_prgIc;FATA_prgK;FATA_prgL	20:19337..21727:+	53:53765..55150:-	26:26472..28301:+	26:26472..28301:+	none	none	none	none	30:31419..33104:+	none	none	none	52:52382..53587:-	none	292.3	MOBP1;MOBT		no_slot_defined
LR962409.1	MPF_FA	T4SS_virb4 AND NOT(T/F/I) AND >=2 FA/FATA	41	5	3	2	unassigned	high	FA_orf13;FA_orf15;FA_orf17b	FATA_prgC;FATA_trsG	23:19155..21647:+	none	26:24348..26555:+	26:24348..26555:+	none	27:26918..27823:+	none	none	none	none	none	none	none	none	88.8	MOBC		no_slot_defined
LR962411.1	MPF_FA	T4SS_virb4 AND NOT(T/F/I) AND >=2 FA/FATA	67	7	6	1	FA	high	FA_orf13;FA_orf14;FA_orf15;FA_orf17a;FA_orf19;FA_orf23	FATA_cd419a	12:14056..16503:-	17:19229..20614:-	none	none	none	none	none	none	23:25003..26688:+	none	none	none	16:17846..19051:-	6:4257..5519:-	93.8	MOBP1;MOBT;MOBV		no_slot_defined
LR962419.1	MPF_FA	T4SS_virb4 AND NOT(T/F/I) AND >=2 FA/FATA	82	5	3	2	unassigned	high	FA_orf13;FA_orf15;FA_orf17b	FATA_prgC;FATA_trsG	43:34147..36639:+	none	none	46:39375..41654:+	none	47:42168..42971:+	none	none	none	none	none	none	none	none	103.1	MOBC		no_slot_defined
LR962420.1	MPF_FA	T4SS_virb4 AND NOT(T/F/I) AND >=2 FA/FATA	72	6	3	3	unassigned	high	FA_orf13;FA_orf15;FA_orf17b	FATA_prgB;FATA_prgC;FATA_trsG	24:23763..26294:+	none	none	27:28996..31254:+	none	28:31776..32561:+	none	none	none	none	none	none	none	none	91.0	MOBC		no_slot_defined
LR962422.1	MPF_FA	T4SS_virb4 AND NOT(T/F/I) AND >=2 FA/FATA	79	8	0	8	FATA	high		FATA_cd419a;FATA_prgB;FATA_prgC;FATA_prgF;FATA_prgHb;FATA_prgIc;FATA_prgK;FATA_prgL	18:19359..21749:+	none	27:27949..29778:+	27:27949..29778:+	none	none	none	none	31:32896..34581:+	none	none	none	none	none	292.5	MOBP1		no_slot_defined
LR962424.1	MPF_FA	T4SS_virb4 AND NOT(T/F/I) AND >=2 FA/FATA	80	8	0	8	FATA	high		FATA_cd419a;FATA_prgB;FATA_prgC;FATA_prgF;FATA_prgHb;FATA_prgIc;FATA_prgK;FATA_prgL	18:19359..21749:+	none	27:27949..29778:+	27:27949..29778:+	none	none	none	none	32:32897..34582:+	none	none	none	none	none	292.5	MOBP1		no_slot_defined
LR962433.1	MPF_FA	T4SS_virb4 AND NOT(T/F/I) AND >=2 FA/FATA	56	3	1	2	FATA	medium	FA_orf14	FATA_prgB;FATA_prgC	26:31658..34213:+	none	23:26618..29149:+	23:26618..29149:+	none	none	none	none	35:39986..42046:+	35:39986..42046:+	none	none	none	none	147.6	MOBP1;MOBP2		no_slot_defined
LR962435.1	MPF_FA	T4SS_virb4 AND NOT(T/F/I) AND >=2 FA/FATA	90	6	3	3	unassigned	high	FA_orf13;FA_orf15;FA_orf17b	FATA_prgB;FATA_prgC;FATA_trsG	69:64686..67250:-	none	none	66:59723..61981:-	none	65:58415..59143:-	none	none	none	none	none	none	none	none	89.9	MOBC		no_slot_defined
LR962436.1	MPF_FA	T4SS_virb4 AND NOT(T/F/I) AND >=2 FA/FATA	69	7	6	1	FA	high	FA_orf13;FA_orf14;FA_orf15;FA_orf17a;FA_orf19;FA_orf23	FATA_cd419a	14:15471..17918:-	19:20644..22029:-	none	none	none	none	none	none	25:26418..28103:+	none	none	none	18:19261..20466:-	6:4257..5519:-	93.8	MOBP1;MOBT;MOBV		no_slot_defined
LR962438.1	MPF_FA	T4SS_virb4 AND NOT(T/F/I) AND >=2 FA/FATA	46	7	0	7	FATA	high		FATA_gbs1365;FATA_prgB;FATA_prgC;FATA_prgHb;FATA_prgIc;FATA_prgK;FATA_prgL	18:19418..21778:+	none	24:26311..28122:+	24:26311..28122:+	none	none	none	none	32:36329..38011:+	none	none	none	none	none	287.1	MOBP1		no_slot_defined
LR962441.1	MPF_FA	T4SS_virb4 AND NOT(T/F/I) AND >=2 FA/FATA	91	6	3	3	unassigned	high	FA_orf13;FA_orf15;FA_orf17b	FATA_prgB;FATA_prgC;FATA_trsG	83:70390..72954:+	none	none	86:75656..77914:+	none	87:78494..79222:+	none	none	none	none	none	none	none	none	88.4	MOBC		no_slot_defined
LR962449.1	MPF_FA	T4SS_virb4 AND NOT(T/F/I) AND >=2 FA/FATA	68	7	6	1	FA	high	FA_orf13;FA_orf14;FA_orf15;FA_orf17a;FA_orf19;FA_orf23	FATA_cd419a	12:14059..16506:-	17:19232..20617:-	none	none	none	none	none	none	23:25006..26691:+	none	none	none	16:17849..19054:-	6:4260..5522:-	93.8	MOBP1;MOBT;MOBV		no_slot_defined
LR962451.1	MPF_FA	T4SS_virb4 AND NOT(T/F/I) AND >=2 FA/FATA	63	3	2	1	FA	medium	FA_orf13;FA_orf14	FATA_cd419a	13:13967..16090:+	none	none	none	none	none	none	none	24:24537..26714:+	24:24537..26714:+	none	none	none	7:5589..6851:-	143.8	MOBP1;MOBP2;MOBV		no_slot_defined
LR962455.1	MPF_FA	T4SS_virb4 AND NOT(T/F/I) AND >=2 FA/FATA	99	8	0	8	FATA	high		FATA_cd419a;FATA_prgB;FATA_prgC;FATA_prgF;FATA_prgHb;FATA_prgIc;FATA_prgK;FATA_prgL	97:88214..90604:+	none	7:3549..5372:+	7:3549..5372:+	none	none	none	none	13:9273..10967:+	none	none	none	none	none	291.8	MOBP1		no_slot_defined
LR962457.1	MPF_FA	T4SS_virb4 AND NOT(T/F/I) AND >=2 FA/FATA	63	7	6	1	FA	high	FA_orf13;FA_orf14;FA_orf15;FA_orf17a;FA_orf19;FA_orf23	FATA_cd419a	14:15471..17918:-	19:20644..22029:-	none	none	none	none	none	none	25:26418..28103:+	none	none	none	18:19261..20466:-	6:4257..5519:-	93.8	MOBP1;MOBT;MOBV		no_slot_defined
LR962467.1	MPF_FA	T4SS_virb4 AND NOT(T/F/I) AND >=2 FA/FATA	67	7	6	1	FA	high	FA_orf13;FA_orf14;FA_orf15;FA_orf17a;FA_orf19;FA_orf23	FATA_cd419a	12:14059..16506:-	17:19232..20617:-	none	none	none	none	none	none	23:25006..26652:+	none	none	none	16:17849..19054:-	6:4260..5522:-	93.8	MOBP1;MOBT;MOBV		no_slot_defined
LR962469.1	MPF_FA	T4SS_virb4 AND NOT(T/F/I) AND >=2 FA/FATA	75	8	0	8	FATA	high		FATA_cd419a;FATA_prgB;FATA_prgC;FATA_prgF;FATA_prgHb;FATA_prgIc;FATA_prgK;FATA_prgL	17:17756..20146:+	none	26:26345..28174:+	26:26345..28174:+	none	none	none	none	30:31292..32977:+	none	none	none	none	none	292.1	MOBP1		no_slot_defined
LR962475.1	MPF_FA	T4SS_virb4 AND NOT(T/F/I) AND >=2 FA/FATA	77	7	6	1	FA	high	FA_orf13;FA_orf14;FA_orf15;FA_orf17a;FA_orf19;FA_orf23	FATA_cd419a	20:21377..23824:-	25:26550..27935:-	none	none	none	none	none	none	31:32324..34009:+	none	none	none	24:25167..26372:-	14:11578..12840:-	93.6	MOBP1;MOBT;MOBV		no_slot_defined
LR962477.1	MPF_FA	T4SS_virb4 AND NOT(T/F/I) AND >=2 FA/FATA	70	7	6	1	FA	high	FA_orf13;FA_orf14;FA_orf15;FA_orf17a;FA_orf19;FA_orf23	FATA_cd419a	12:14059..16506:-	17:19232..20617:-	none	none	none	none	none	none	23:25006..26691:+	none	none	none	16:17849..19054:-	6:4260..5522:-	93.8	MOBP1;MOBT;MOBV		no_slot_defined
LR962478.1	MPF_FA	T4SS_virb4 AND NOT(T/F/I) AND >=2 FA/FATA	48	7	0	7	FATA	high		FATA_gbs1365;FATA_prgB;FATA_prgC;FATA_prgHb;FATA_prgIc;FATA_prgK;FATA_prgL	20:20264..22624:+	none	26:27157..28968:+	26:27157..28968:+	none	none	none	none	34:37175..38857:+	none	none	none	none	none	287.1	MOBP1		no_slot_defined
LR962482.1	MPF_FA	T4SS_virb4 AND NOT(T/F/I) AND >=2 FA/FATA	82	6	3	3	unassigned	high	FA_orf13;FA_orf15;FA_orf17b	FATA_prgB;FATA_prgC;FATA_trsG	24:23041..25605:+	none	none	27:28307..30565:+	none	28:31145..31873:+	none	none	none	none	none	none	none	none	88.4	MOBC		no_slot_defined
LR962483.1	MPF_FA	T4SS_virb4 AND NOT(T/F/I) AND >=2 FA/FATA	65	7	6	1	FA	high	FA_orf13;FA_orf14;FA_orf15;FA_orf17a;FA_orf19;FA_orf23	FATA_cd419a	12:14059..16506:-	17:19232..20617:-	none	none	none	none	none	none	23:25006..26691:+	none	none	none	16:17849..19054:-	6:4260..5522:-	93.8	MOBP1;MOBT;MOBV		no_slot_defined
LR962487.1	MPF_FA	T4SS_virb4 AND NOT(T/F/I) AND >=2 FA/FATA	78	7	6	1	FA	high	FA_orf13;FA_orf14;FA_orf15;FA_orf17a;FA_orf19;FA_orf23	FATA_cd419a	12:14059..16506:-	17:19232..20617:-	none	none	none	none	none	none	23:25006..26691:+	none	none	none	16:17849..19054:-	6:4260..5522:-	93.8	MOBP1;MOBT;MOBV		no_slot_defined
LR962491.1	MPF_FA	T4SS_virb4 AND NOT(T/F/I) AND >=2 FA/FATA	82	6	3	3	unassigned	high	FA_orf13;FA_orf15;FA_orf17b	FATA_prgB;FATA_prgC;FATA_trsG	24:23041..25605:+	none	none	27:28307..30565:+	none	28:31145..31873:+	none	none	none	none	none	none	none	none	88.4	MOBC		no_slot_defined
LR962492.1	MPF_FA	T4SS_virb4 AND NOT(T/F/I) AND >=2 FA/FATA	65	7	6	1	FA	high	FA_orf13;FA_orf14;FA_orf15;FA_orf17a;FA_orf19;FA_orf23	FATA_cd419a	12:14059..16506:-	17:19232..20617:-	none	none	none	none	none	none	23:25006..26691:+	none	none	none	16:17849..19054:-	6:4260..5522:-	93.8	MOBP1;MOBT;MOBV		no_slot_defined
LR962496.1	MPF_FA	T4SS_virb4 AND NOT(T/F/I) AND >=2 FA/FATA	75	7	6	1	FA	high	FA_orf13;FA_orf14;FA_orf15;FA_orf17a;FA_orf19;FA_orf23	FATA_cd419a	12:14059..16506:-	17:19232..20617:-	none	none	none	none	none	none	23:25006..26691:+	none	none	none	16:17849..19054:-	6:4260..5522:-	93.8	MOBP1;MOBT;MOBV		no_slot_defined
LR962498.1	MPF_FA	T4SS_virb4 AND NOT(T/F/I) AND >=2 FA/FATA	57	5	2	3	unassigned	high	FA_orf13;FA_orf15	FATA_prgB;FATA_prgC;FATA_trsG	21:22212..24698:+	none	25:27766..29961:+	25:27766..29961:+	none	27:31081..31875:+	none	none	none	none	none	none	none	none	93.8	MOBC		no_slot_defined
LR962503.1	MPF_FA	T4SS_virb4 AND NOT(T/F/I) AND >=2 FA/FATA	109	3	1	2	FATA	medium	FA_orf14	FATA_prgB;FATA_prgC	76:56563..59118:+	none	73:51523..54054:+	73:51523..54054:+	none	none	none	none	86:64891..66951:+	86:64891..66951:+	none	none	none	none	147.6	MOBP1;MOBP2		no_slot_defined
LR962504.1	MPF_FA	T4SS_virb4 AND NOT(T/F/I) AND >=2 FA/FATA	64	3	1	2	FATA	medium	FA_orf14	FATA_prgB;FATA_prgC	31:28630..31167:+	none	22:21497..24094:+	22:21497..24094:+	none	none	none	none	38:36249..38282:+	38:36249..38282:+	none	none	none	none	146.1	MOBP1;MOBP2		no_slot_defined
LR962505.1	MPF_FA	T4SS_virb4 AND NOT(T/F/I) AND >=2 FA/FATA	59	8	0	8	FATA	high		FATA_cd419a;FATA_prgB;FATA_prgC;FATA_prgF;FATA_prgHb;FATA_prgIc;FATA_prgK;FATA_prgL	17:18664..21054:+	none	26:27253..29082:+	26:27253..29082:+	none	none	none	none	30:32200..33885:+	none	none	none	none	none	292.3	MOBP1		no_slot_defined
LR962513.1	MPF_FA	T4SS_virb4 AND NOT(T/F/I) AND >=2 FA/FATA	95	6	3	3	unassigned	high	FA_orf13;FA_orf15;FA_orf17b	FATA_prgB;FATA_prgC;FATA_trsG	49:35819..38383:+	none	54:41461..42273:+	56:42507..43337:+	none	57:43859..44644:+	none	none	none	none	none	none	none	13:10514..11776:-	90.1	MOBC;MOBV		no_slot_defined
LR962514.1	MPF_FA	T4SS_virb4 AND NOT(T/F/I) AND >=2 FA/FATA	42	5	3	2	unassigned	high	FA_orf13;FA_orf15;FA_orf17b	FATA_prgC;FATA_trsG	22:17738..20026:+	none	none	25:22737..24995:+	none	26:25575..26303:+	none	none	none	none	none	none	none	none	90.5	MOBC		no_slot_defined
LR962518.1	MPF_FA	T4SS_virb4 AND NOT(T/F/I) AND >=2 FA/FATA	130	8	0	8	FATA	high		FATA_cd419a;FATA_prgB;FATA_prgC;FATA_prgF;FATA_prgHb;FATA_prgIc;FATA_prgK;FATA_prgL	108:93809..96199:+	none	119:104186..106015:+	119:104186..106015:+	none	none	none	none	123:109133..110818:+	none	none	none	none	none	289.0	MOBP1		no_slot_defined
LR962520.1	MPF_FA	T4SS_virb4 AND NOT(T/F/I) AND >=2 FA/FATA	48	7	0	7	FATA	high		FATA_gbs1365;FATA_prgB;FATA_prgC;FATA_prgHb;FATA_prgIc;FATA_prgK;FATA_prgL	20:20254..22614:+	none	26:27147..28958:+	26:27147..28958:+	none	none	none	none	34:37165..38847:+	none	none	none	none	none	287.1	MOBP1		no_slot_defined
LR962522.1	MPF_FA	T4SS_virb4 AND NOT(T/F/I) AND >=2 FA/FATA	64	3	1	2	FATA	medium	FA_orf14	FATA_prgB;FATA_prgC	31:28630..31167:+	none	22:21497..24094:+	22:21497..24094:+	none	none	none	none	38:36249..38282:+	38:36249..38282:+	none	none	none	none	146.1	MOBP1;MOBP2		no_slot_defined
LR962527.1	MPF_FA	T4SS_virb4 AND NOT(T/F/I) AND >=2 FA/FATA	82	5	3	2	unassigned	high	FA_orf13;FA_orf15;FA_orf17b	FATA_prgC;FATA_trsG	43:34148..36640:+	none	none	46:39376..41655:+	none	47:42169..42972:+	none	none	none	none	none	none	none	none	103.1	MOBC		no_slot_defined
LR962528.1	MPF_FA	T4SS_virb4 AND NOT(T/F/I) AND >=2 FA/FATA	64	3	1	2	FATA	medium	FA_orf14	FATA_prgB;FATA_prgC	31:28630..31167:+	none	22:21497..24094:+	22:21497..24094:+	none	none	none	none	38:36249..38282:+	38:36249..38282:+	none	none	none	none	146.1	MOBP1;MOBP2		no_slot_defined
LR962529.1	MPF_FA	T4SS_virb4 AND NOT(T/F/I) AND >=2 FA/FATA	67	6	3	3	unassigned	high	FA_orf13;FA_orf15;FA_orf17b	FATA_prgB;FATA_prgC;FATA_trsG	24:22700..25264:+	none	none	27:27969..30227:+	none	28:30749..31534:+	none	none	none	none	none	none	none	none	90.5	MOBC		no_slot_defined
LR962533.1	MPF_FA	T4SS_virb4 AND NOT(T/F/I) AND >=2 FA/FATA	57	7	6	1	FA	high	FA_orf13;FA_orf14;FA_orf15;FA_orf17a;FA_orf19;FA_orf23	FATA_cd419a	14:15474..17921:-	19:20647..22032:-	none	none	none	none	none	none	25:26421..28106:+	none	none	none	18:19264..20469:-	6:4260..5522:-	93.8	MOBP1;MOBT;MOBV		no_slot_defined
LR962543.1	MPF_FA	T4SS_virb4 AND NOT(T/F/I) AND >=2 FA/FATA	273	8	0	8	FATA	high		FATA_cd419a;FATA_prgB;FATA_prgC;FATA_prgF;FATA_prgHb;FATA_prgIc;FATA_prgK;FATA_prgL	19:18351..20741:+	none	29:29747..31576:+	29:29747..31576:+	none	none	none	none	33:34693..36378:+	none	none	none	none	none	287.4	MOBP1		no_slot_defined
LR962547.1	MPF_FA	T4SS_virb4 AND NOT(T/F/I) AND >=2 FA/FATA	56	7	0	7	FATA	high		FATA_cd411;FATA_prgB;FATA_prgC;FATA_prgF;FATA_prgHb;FATA_prgK;FATA_prgL	17:20350..22782:+	none	28:32364..34187:+	28:32364..34187:+	none	none	none	none	35:38784..40478:+	none	none	none	none	none	290.3	MOBP1		no_slot_defined
LR962549.1	MPF_FA	T4SS_virb4 AND NOT(T/F/I) AND >=2 FA/FATA	130	8	0	8	FATA	high		FATA_cd419a;FATA_prgB;FATA_prgC;FATA_prgF;FATA_prgHb;FATA_prgIc;FATA_prgK;FATA_prgL	51:47259..49649:+	none	62:57636..59465:+	62:57636..59465:+	none	none	none	none	66:62583..64268:+	none	none	none	none	none	289.0	MOBP1		no_slot_defined
LR962552.1	MPF_FA	T4SS_virb4 AND NOT(T/F/I) AND >=2 FA/FATA	266	9	0	9	FATA	high		FATA_cd411;FATA_cd419a;FATA_prgB;FATA_prgC;FATA_prgF;FATA_prgHb;FATA_prgIc;FATA_prgK;FATA_prgL	19:18517..20907:+	none	30:30485..32308:+	30:30485..32308:+	none	none	none	none	36:36055..37713:+	none	none	none	none	none	287.4	MOBP1		no_slot_defined
LR962553.1	MPF_FA	T4SS_virb4 AND NOT(T/F/I) AND >=2 FA/FATA	64	5	3	2	unassigned	high	FA_orf13;FA_orf15;FA_orf17b	FATA_prgB;FATA_prgC	26:25710..28241:+	none	none	29:30946..33204:+	none	30:33726..34511:+	none	none	none	none	none	none	none	none	91.1	MOBC		no_slot_defined
LR962555.1	MPF_FA	T4SS_virb4 AND NOT(T/F/I) AND >=2 FA/FATA	74	7	3	4	unassigned	high	FA_orf13;FA_orf15;FA_orf17b	FATA_cd419a;FATA_prgB;FATA_prgC;FATA_trsG	62:61123..63708:+	none	none	65:66419..68677:+	none	66:69198..69983:+	none	none	none	none	none	none	none	none	90.1	MOBC		no_slot_defined
LR962557.1	MPF_FA	T4SS_virb4 AND NOT(T/F/I) AND >=2 FA/FATA	57	7	0	7	FATA	high		FATA_cd411;FATA_prgB;FATA_prgC;FATA_prgF;FATA_prgHb;FATA_prgK;FATA_prgL	18:20348..22777:+	none	29:32359..34182:+	29:32359..34182:+	none	none	none	none	36:38779..40473:+	none	none	none	none	none	285.5	MOBP1		no_slot_defined
LR962562.1	MPF_FA	T4SS_virb4 AND NOT(T/F/I) AND >=2 FA/FATA	267	9	0	9	FATA	high		FATA_cd411;FATA_cd419a;FATA_prgB;FATA_prgC;FATA_prgF;FATA_prgHb;FATA_prgIc;FATA_prgK;FATA_prgL	19:18517..20907:+	none	30:30485..32308:+	30:30485..32308:+	none	none	none	none	36:36055..37713:+	none	none	none	none	none	287.4	MOBP1		no_slot_defined
LR962563.1	MPF_FA	T4SS_virb4 AND NOT(T/F/I) AND >=2 FA/FATA	65	5	3	2	unassigned	high	FA_orf13;FA_orf15;FA_orf17b	FATA_prgB;FATA_prgC	25:26183..28747:+	none	none	28:31452..33710:+	none	29:34232..35017:+	none	none	none	none	none	none	none	none	90.9	MOBC		no_slot_defined
LR962564.1	MPF_FA	T4SS_virb4 AND NOT(T/F/I) AND >=2 FA/FATA	58	7	0	7	FATA	high		FATA_cd411;FATA_prgB;FATA_prgC;FATA_prgF;FATA_prgHb;FATA_prgK;FATA_prgL	19:21924..24356:+	none	30:33938..35761:+	30:33938..35761:+	none	none	none	none	37:40358..42052:+	none	none	none	none	none	290.3	MOBP1		no_slot_defined
LR962566.1	MPF_FA	T4SS_virb4 AND NOT(T/F/I) AND >=2 FA/FATA	93	8	0	8	FATA	high		FATA_cd419a;FATA_prgB;FATA_prgC;FATA_prgF;FATA_prgHb;FATA_prgIc;FATA_prgK;FATA_prgL	18:19301..21691:+	none	27:27869..29698:+	27:27869..29698:+	none	none	none	none	31:32815..34500:+	none	none	none	none	none	290.6	MOBP1		no_slot_defined
LR962568.1	MPF_FA	T4SS_virb4 AND NOT(T/F/I) AND >=2 FA/FATA	74	7	6	1	FA	high	FA_orf13;FA_orf14;FA_orf15;FA_orf17a;FA_orf19;FA_orf23	FATA_cd419a	12:14059..16506:-	17:19232..20617:-	none	none	none	none	none	none	23:25006..26691:+	none	none	none	16:17849..19054:-	6:4260..5522:-	93.8	MOBP1;MOBT;MOBV		no_slot_defined
LR962570.1	MPF_FA	T4SS_virb4 AND NOT(T/F/I) AND >=2 FA/FATA	52	3	1	2	FATA	medium	FA_orf14	FATA_prgB;FATA_prgC	22:26381..28936:+	none	19:21341..23872:+	19:21341..23872:+	none	none	none	none	31:34709..36769:+	31:34709..36769:+	none	none	none	none	146.9	MOBP1;MOBP2		no_slot_defined
LR962571.1	MPF_FA	T4SS_virb4 AND NOT(T/F/I) AND >=2 FA/FATA	55	6	3	3	unassigned	high	FA_orf13;FA_orf15;FA_orf17b	FATA_prgB;FATA_prgC;FATA_trsG	26:23368..25899:+	none	none	29:28601..30859:+	none	30:31381..32166:+	none	none	none	none	none	none	none	none	89.2	MOBC		no_slot_defined
LR962573.1	MPF_FA	T4SS_virb4 AND NOT(T/F/I) AND >=2 FA/FATA	120	8	6	2	FA	high	FA_orf13;FA_orf14;FA_orf15;FA_orf17a;FA_orf19;FA_orf23	FATA_cd419_1;FATA_cd419a	14:15471..17918:-	19:20644..22029:-	none	none	none	none	none	none	25:26418..28103:+	none	none	none	18:19261..20466:-	6:4257..5519:-	93.8	MOBP1;MOBT;MOBV		no_slot_defined
LR962575.1	MPF_FA	T4SS_virb4 AND NOT(T/F/I) AND >=2 FA/FATA	93	8	0	8	FATA	high		FATA_cd419a;FATA_prgB;FATA_prgC;FATA_prgF;FATA_prgHb;FATA_prgIc;FATA_prgK;FATA_prgL	18:19301..21691:+	none	27:27869..29698:+	27:27869..29698:+	none	none	none	none	31:32815..34500:+	none	none	none	none	none	290.6	MOBP1		no_slot_defined
LR962577.1	MPF_FA	T4SS_virb4 AND NOT(T/F/I) AND >=2 FA/FATA	64	2	2	0	FA	minimal	FA_orf15;FA_orf17b		10:9567..12059:+	none	14:14751..16958:+	14:14751..16958:+	none	15:17321..18226:+	none	none	none	none	none	none	none	none	88.8	MOBC		no_slot_defined
LR962581.1	MPF_FA	T4SS_virb4 AND NOT(T/F/I) AND >=2 FA/FATA	65	5	3	2	unassigned	high	FA_orf13;FA_orf15;FA_orf17b	FATA_prgB;FATA_prgC	23:24935..27499:+	none	none	26:30204..32462:+	none	27:33042..33770:+	none	none	none	none	none	none	none	none	90.9	MOBC		no_slot_defined
LR962583.1	MPF_FA	T4SS_virb4 AND NOT(T/F/I) AND >=2 FA/FATA	57	7	0	7	FATA	high		FATA_cd411;FATA_prgB;FATA_prgC;FATA_prgF;FATA_prgHb;FATA_prgK;FATA_prgL	18:20303..22735:+	none	29:32317..34140:+	29:32317..34140:+	none	none	none	none	36:38737..40431:+	none	none	none	none	none	292.3	MOBP1		no_slot_defined
LR962585.1	MPF_FA	T4SS_virb4 AND NOT(T/F/I) AND >=2 FA/FATA	77	7	6	1	FA	high	FA_orf13;FA_orf14;FA_orf15;FA_orf17a;FA_orf19;FA_orf23	FATA_cd419a	12:14059..16506:-	17:19232..20617:-	none	none	none	none	none	none	23:25006..26691:+	none	none	none	16:17849..19054:-	6:4260..5522:-	93.2	MOBP1;MOBT;MOBV		no_slot_defined
LR962588.1	MPF_FA	T4SS_virb4 AND NOT(T/F/I) AND >=2 FA/FATA	82	2	1	1	unassigned	minimal	FA_orf14	FATA_trsG	24:23596..25542:+	none	20:18445..20787:+	20:18445..20787:+	none	none	none	none	30:29100..30347:+	30:29100..30347:+	none	none	none	none	178.3	MOBP1;MOBP2		no_slot_defined
LR962592.1	MPF_FA	T4SS_virb4 AND NOT(T/F/I) AND >=2 FA/FATA	93	3	0	3	FATA	medium		FATA_cd419a;FATA_prgB;FATA_prgC	24:26041..27972:+	none	19:20685..22898:+	19:20685..22898:+	none	none	none	none	none	30:31752..32987:+	none	none	none	none	234.2	MOBP2		no_slot_defined
LR962594.1	MPF_FA	T4SS_virb4 AND NOT(T/F/I) AND >=2 FA/FATA	42	3	1	2	FATA	medium	FA_orf15	FATA_prgC;FATA_trsG	18:17792..20311:+	none	none	20:22633..24783:+	none	22:25701..26480:+	none	none	none	none	none	none	none	none	89.1	MOBC		no_slot_defined
LR962596.1	MPF_FA	T4SS_virb4 AND NOT(T/F/I) AND >=2 FA/FATA	132	8	0	8	FATA	high		FATA_cd419a;FATA_prgB;FATA_prgC;FATA_prgF;FATA_prgHb;FATA_prgIc;FATA_prgK;FATA_prgL	121:103238..105628:+	none	0:1..1830:+	0:1..1830:+	none	none	none	none	4:4948..6264:+	none	none	none	none	none	288.8	MOBP1		no_slot_defined
LR962597.1	MPF_FA	T4SS_virb4 AND NOT(T/F/I) AND >=2 FA/FATA	64	3	1	2	FATA	medium	FA_orf15	FATA_cd419a;FATA_trsG	19:18986..21505:+	none	none	21:23827..25977:+	none	23:26895..27674:+	none	none	none	none	none	none	none	none	88.0	MOBC		no_slot_defined
LR962599.1	MPF_FA	T4SS_virb4 AND NOT(T/F/I) AND >=2 FA/FATA	144	3	1	2	FATA	medium	FA_orf14	FATA_prgB;FATA_prgC	64:64390..66336:-	none	68:69145..71490:-	68:69145..71490:-	none	none	none	none	58:59580..60827:-	58:59580..60827:-	none	none	none	none	174.7	MOBP1;MOBP2		no_slot_defined
LR962601.1	MPF_FA	T4SS_virb4 AND NOT(T/F/I) AND >=2 FA/FATA	67	5	0	5	FATA	high		FATA_prgF;FATA_prgHb;FATA_prgIc;FATA_prgK;FATA_prgL	17:15497..17881:+	none	23:23350..25161:+	23:23350..25161:+	none	none	none	none	35:36380..38089:+	none	none	none	none	none	276.7	MOBP1		no_slot_defined
LR962603.1	MPF_FA	T4SS_virb4 AND NOT(T/F/I) AND >=2 FA/FATA	77	6	3	3	unassigned	high	FA_orf13;FA_orf15;FA_orf17b	FATA_prgB;FATA_prgC;FATA_trsG	25:23483..26014:+	none	28:28726..30939:+	28:28726..30939:+	none	30:31796..32581:+	none	none	none	none	none	none	none	none	94.6	MOBC		no_slot_defined
LR962609.1	MPF_FA	T4SS_virb4 AND NOT(T/F/I) AND >=2 FA/FATA	61	6	3	3	unassigned	high	FA_orf13;FA_orf15;FA_orf17b	FATA_prgB;FATA_prgC;FATA_trsG	28:24524..27088:+	none	none	31:29793..32051:+	none	32:32631..33359:+	none	none	none	none	none	none	none	none	90.3	MOBC		no_slot_defined
LR962613.1	MPF_FA	T4SS_virb4 AND NOT(T/F/I) AND >=2 FA/FATA	67	7	6	1	FA	high	FA_orf13;FA_orf14;FA_orf15;FA_orf17a;FA_orf19;FA_orf23	FATA_cd419a	12:14056..16503:-	17:19229..20614:-	none	none	none	none	none	none	23:25003..26688:+	none	none	none	16:17846..19051:-	6:4257..5519:-	93.8	MOBP1;MOBT;MOBV		no_slot_defined
LR962614.1	MPF_FA	T4SS_virb4 AND NOT(T/F/I) AND >=2 FA/FATA	71	4	2	2	unassigned	medium	FA_orf15;FA_orf17a	FATA_prgB;FATA_trsG	53:45674..48193:+	none	none	55:50515..52665:+	none	57:53583..54362:+	none	none	none	none	none	none	none	none	87.5	MOBC		no_slot_defined
LR962619.1	MPF_FA	T4SS_virb4 AND NOT(T/F/I) AND >=2 FA/FATA	58	8	0	8	FATA	high		FATA_cd419a;FATA_prgB;FATA_prgC;FATA_prgF;FATA_prgHb;FATA_prgIc;FATA_prgK;FATA_prgL	18:18910..21300:+	none	24:26046..27875:+	24:26046..27875:+	none	none	none	none	28:30993..32678:+	none	none	none	none	none	292.1	MOBP1		no_slot_defined
LR962623.1	MPF_FA	T4SS_virb4 AND NOT(T/F/I) AND >=2 FA/FATA	80	2	1	1	unassigned	minimal	FA_orf14	FATA_trsG	22:24527..26473:+	none	18:19376..21718:+	18:19376..21718:+	none	none	none	none	31:35301..36548:+	31:35301..36548:+	none	none	none	none	177.6	MOBP1;MOBP2		no_slot_defined
LR962630.1	MPF_FA	T4SS_virb4 AND NOT(T/F/I) AND >=2 FA/FATA	67	7	6	1	FA	high	FA_orf13;FA_orf14;FA_orf15;FA_orf17a;FA_orf19;FA_orf23	FATA_cd419a	12:14056..16503:-	17:19229..20614:-	none	none	none	none	none	none	23:25003..26688:+	none	none	none	16:17846..19051:-	6:4257..5519:-	93.8	MOBP1;MOBT;MOBV		no_slot_defined
LR962631.1	MPF_FA	T4SS_virb4 AND NOT(T/F/I) AND >=2 FA/FATA	71	4	2	2	unassigned	medium	FA_orf15;FA_orf17a	FATA_prgB;FATA_trsG	49:36716..39235:-	none	none	47:32244..34394:-	none	45:30547..31326:-	none	none	none	none	none	none	none	none	87.5	MOBC		no_slot_defined
LR962635.1	MPF_FA	T4SS_virb4 AND NOT(T/F/I) AND >=2 FA/FATA	58	8	0	8	FATA	high		FATA_cd419a;FATA_prgB;FATA_prgC;FATA_prgF;FATA_prgHb;FATA_prgIc;FATA_prgK;FATA_prgL	18:18910..21300:+	none	24:26046..27875:+	24:26046..27875:+	none	none	none	none	28:30993..32678:+	none	none	none	none	none	292.1	MOBP1		no_slot_defined
LR962637.1	MPF_FA	T4SS_virb4 AND NOT(T/F/I) AND >=2 FA/FATA	62	7	6	1	FA	high	FA_orf13;FA_orf14;FA_orf15;FA_orf17a;FA_orf19;FA_orf23	FATA_cd419a	12:14059..16506:-	17:19232..20617:-	none	none	none	none	none	none	23:25006..26703:+	none	none	none	16:17849..19054:-	6:4260..5522:-	93.8	MOBP1;MOBT;MOBV		no_slot_defined
LR962638.1	MPF_FA	T4SS_virb4 AND NOT(T/F/I) AND >=2 FA/FATA	60	8	0	8	FATA	high		FATA_cd419a;FATA_prgB;FATA_prgC;FATA_prgF;FATA_prgHb;FATA_prgIc;FATA_prgK;FATA_prgL	21:23797..26187:+	none	30:32386..34209:+	30:32386..34209:+	none	none	none	none	36:37959..39644:+	none	none	none	none	none	292.1	MOBP1		no_slot_defined
LR962640.1	MPF_FA	T4SS_virb4 AND NOT(T/F/I) AND >=2 FA/FATA	74	8	0	8	FATA	high		FATA_cd419a;FATA_prgB;FATA_prgC;FATA_prgF;FATA_prgHb;FATA_prgIc;FATA_prgK;FATA_prgL	17:19119..21509:+	none	26:30512..32341:+	26:30512..32341:+	none	none	none	none	30:35459..37144:+	none	none	none	none	none	291.4	MOBP1		no_slot_defined
LR962641.1	MPF_FA	T4SS_virb4 AND NOT(T/F/I) AND >=2 FA/FATA	66	8	0	8	FATA	high		FATA_prgC;FATA_prgF;FATA_trsC;FATA_trsD;FATA_trsF;FATA_trsG;FATA_trsJ;FATA_trsL	9:7179..9197:-	none	38:30602..32242:-	38:30602..32242:-	none	none	none	none	none	none	none	none	none	23:17783..19045:+	317.3	MOBV		no_slot_defined
LR962643.1	MPF_FA	T4SS_virb4 AND NOT(T/F/I) AND >=2 FA/FATA	69	6	3	3	unassigned	high	FA_orf13;FA_orf15;FA_orf17b	FATA_prgB;FATA_prgC;FATA_trsG	24:24215..26707:+	none	none	27:29412..31670:+	none	28:32250..32978:+	none	none	none	none	none	none	none	none	90.2	MOBC		no_slot_defined
LR962651.1	MPF_FA	T4SS_virb4 AND NOT(T/F/I) AND >=2 FA/FATA	134	4	1	3	FATA	medium	FA_orf14	FATA_cd419a;FATA_prgB;FATA_prgC	126:115866..118421:+	none	123:110826..113357:+	123:110826..113357:+	none	44:33456..33692:+	none	none	2:660..2720:+	2:660..2720:+	none	none	none	none	147.2	MOBC;MOBP1;MOBP2		no_slot_defined
LR962652.1	MPF_FA	T4SS_virb4 AND NOT(T/F/I) AND >=2 FA/FATA	104	8	0	8	FATA	high		FATA_cd419a;FATA_prgB;FATA_prgC;FATA_prgF;FATA_prgHb;FATA_prgIc;FATA_prgK;FATA_prgL	19:18493..20883:+	none	28:27083..28912:+	28:27083..28912:+	none	none	none	none	32:32030..33715:+	none	none	none	none	none	292.3	MOBP1		no_slot_defined
LR962655.1	MPF_FA	T4SS_virb4 AND NOT(T/F/I) AND >=2 FA/FATA	67	3	1	2	FATA	medium	FA_orf14	FATA_prgB;FATA_prgC	24:25756..28311:+	none	20:19952..22483:+	20:19952..22483:+	none	none	none	none	33:34084..36144:+	33:34084..36144:+	none	none	none	none	147.5	MOBP1;MOBP2		no_slot_defined
LR962657.1	MPF_FA	T4SS_virb4 AND NOT(T/F/I) AND >=2 FA/FATA	66	3	1	2	FATA	medium	FA_orf14	FATA_prgB;FATA_prgC	23:26461..29016:+	none	20:21421..23952:+	20:21421..23952:+	none	none	none	none	32:34789..36849:+	32:34789..36849:+	none	none	none	none	146.9	MOBP1;MOBP2		no_slot_defined
LR962659.1	MPF_FA	T4SS_virb4 AND NOT(T/F/I) AND >=2 FA/FATA	64	6	3	3	unassigned	high	FA_orf13;FA_orf15;FA_orf17b	FATA_prgB;FATA_prgC;FATA_trsG	24:22890..25454:+	none	27:28156..30369:+	27:28156..30369:+	none	29:31227..31946:+	none	none	none	none	none	none	none	none	89.8	MOBC		no_slot_defined
LR962660.1	MPF_FA	T4SS_virb4 AND NOT(T/F/I) AND >=2 FA/FATA	58	6	3	3	unassigned	high	FA_orf13;FA_orf15;FA_orf17b	FATA_prgB;FATA_prgC;FATA_trsG	24:22685..25249:+	none	none	27:27949..30207:+	none	28:30729..31514:+	none	none	none	none	none	none	none	none	90.5	MOBC		no_slot_defined
LR962661.1	MPF_FA	T4SS_virb4 AND NOT(T/F/I) AND >=2 FA/FATA	56	8	0	8	FATA	high		FATA_cd419a;FATA_prgB;FATA_prgC;FATA_prgF;FATA_prgHb;FATA_prgIc;FATA_prgK;FATA_prgL	19:20252..22642:+	none	25:27387..29216:+	25:27387..29216:+	none	none	none	none	29:32334..34019:+	none	none	none	none	none	289.4	MOBP1		no_slot_defined
LR962664.1	MPF_FA	T4SS_virb4 AND NOT(T/F/I) AND >=2 FA/FATA	118	3	1	2	FATA	medium	FA_orf14	FATA_prgC;FATA_trsG	35:33313..35259:+	none	31:28136..30496:+	31:28136..30496:+	none	none	none	none	41:38811..40055:+	41:38811..40055:+	none	none	none	none	164.3	MOBP1;MOBP2		no_slot_defined
LR962665.1	MPF_FA	T4SS_virb4 AND NOT(T/F/I) AND >=2 FA/FATA	68	8	0	8	FATA	high		FATA_cd419a;FATA_prgB;FATA_prgC;FATA_prgF;FATA_prgHb;FATA_prgIc;FATA_prgK;FATA_prgL	18:20914..23304:-	none	9:12882..14711:-	9:12882..14711:-	none	none	none	none	5:8079..9764:-	none	none	none	none	none	292.1	MOBP1		no_slot_defined
LR962667.1	MPF_FA	T4SS_virb4 AND NOT(T/F/I) AND >=2 FA/FATA	54	6	3	3	unassigned	high	FA_orf13;FA_orf15;FA_orf17b	FATA_prgB;FATA_prgC;FATA_trsG	24:23126..25690:+	none	none	27:28401..30659:+	none	28:31239..31967:+	none	none	none	none	none	none	none	none	90.0	MOBC		no_slot_defined
LR962673.1	MPF_FA	T4SS_virb4 AND NOT(T/F/I) AND >=2 FA/FATA	96	4	3	1	FA	medium	FA_orf13;FA_orf15;FA_orf17b	FATA_trsG	55:42276..44840:-	none	none	52:37318..39576:-	none	51:36011..36796:-	none	none	none	none	none	none	none	87:69289..70551:+	90.5	MOBC;MOBV		no_slot_defined
LR962677.1	MPF_FA	T4SS_virb4 AND NOT(T/F/I) AND >=2 FA/FATA	133	4	1	3	FATA	medium	FA_orf14	FATA_cd419a;FATA_prgB;FATA_prgC	124:115207..117762:+	none	121:110167..112698:+	121:110167..112698:+	none	42:32797..33033:+	none	none	0:1..2061:+	0:1..2061:+	none	none	none	none	147.2	MOBC;MOBP1;MOBP2		no_slot_defined
LR962678.1	MPF_FA	T4SS_virb4 AND NOT(T/F/I) AND >=2 FA/FATA	104	8	0	8	FATA	high		FATA_cd419a;FATA_prgB;FATA_prgC;FATA_prgF;FATA_prgHb;FATA_prgIc;FATA_prgK;FATA_prgL	19:18493..20883:+	none	28:27083..28912:+	28:27083..28912:+	none	none	none	none	32:32030..33715:+	none	none	none	none	none	292.3	MOBP1		no_slot_defined
LR962685.1	MPF_FA	T4SS_virb4 AND NOT(T/F/I) AND >=2 FA/FATA	65	3	1	2	FATA	medium	FA_orf14	FATA_prgB;FATA_prgC	23:26737..29292:+	none	19:20933..23464:+	19:20933..23464:+	none	none	none	none	33:35064..37124:+	33:35064..37124:+	none	none	none	none	146.4	MOBP1;MOBP2		no_slot_defined
LR962688.1	MPF_FA	T4SS_virb4 AND NOT(T/F/I) AND >=2 FA/FATA	54	6	3	3	unassigned	high	FA_orf13;FA_orf15;FA_orf17b	FATA_prgB;FATA_prgC;FATA_trsG	24:23126..25690:+	none	none	27:28401..30659:+	none	28:31239..31967:+	none	none	none	none	none	none	none	none	90.0	MOBC		no_slot_defined
LR962696.1	MPF_FA	T4SS_virb4 AND NOT(T/F/I) AND >=2 FA/FATA	73	8	0	8	FATA	high		FATA_cd419a;FATA_prgB;FATA_prgC;FATA_prgF;FATA_prgHb;FATA_prgIc;FATA_prgK;FATA_prgL	14:13602..15992:+	none	24:22190..24019:+	24:22190..24019:+	none	none	none	none	28:27137..28822:+	none	none	none	none	none	292.1	MOBP1		no_slot_defined
LR962699.1	MPF_FA	T4SS_virb4 AND NOT(T/F/I) AND >=2 FA/FATA	67	6	3	3	unassigned	high	FA_orf13;FA_orf15;FA_orf17b	FATA_prgB;FATA_prgC;FATA_trsG	24:22705..25269:+	none	none	27:27974..30232:+	none	28:30754..31539:+	none	none	none	none	none	none	none	none	90.5	MOBC		no_slot_defined
LR962701.1	MPF_FA	T4SS_virb4 AND NOT(T/F/I) AND >=2 FA/FATA	65	6	3	3	unassigned	high	FA_orf13;FA_orf15;FA_orf17b	FATA_prgB;FATA_prgC;FATA_trsG	23:22126..24690:+	none	none	26:27401..29659:+	none	27:30181..30966:+	none	none	none	none	none	none	none	none	90.2	MOBC		no_slot_defined
LR962704.1	MPF_FA	T4SS_virb4 AND NOT(T/F/I) AND >=2 FA/FATA	105	8	0	8	FATA	high		FATA_cd419a;FATA_prgB;FATA_prgC;FATA_prgF;FATA_prgHb;FATA_prgIc;FATA_prgK;FATA_prgL	20:20133..22523:+	none	29:28723..30552:+	29:28723..30552:+	none	none	none	none	35:34735..36420:+	none	none	none	none	none	292.1	MOBP1		no_slot_defined
LR962705.1	MPF_FA	T4SS_virb4 AND NOT(T/F/I) AND >=2 FA/FATA	65	5	3	2	unassigned	high	FA_orf13;FA_orf15;FA_orf17b	FATA_prgC;FATA_trsG	21:17462..20026:+	none	none	24:22737..24995:+	none	25:25517..26302:+	none	none	none	none	none	none	none	none	90.5	MOBC		no_slot_defined
LR962706.1	MPF_FA	T4SS_virb4 AND NOT(T/F/I) AND >=2 FA/FATA	51	8	0	8	FATA	high		FATA_cd419a;FATA_prgB;FATA_prgC;FATA_prgF;FATA_prgHb;FATA_prgIc;FATA_prgK;FATA_prgL	17:18170..20560:+	none	23:25304..27133:+	23:25304..27133:+	none	none	none	none	27:30251..31936:+	none	none	none	none	none	291.2	MOBP1		no_slot_defined
LR962709.1	MPF_FA	T4SS_virb4 AND NOT(T/F/I) AND >=2 FA/FATA	65	6	3	3	unassigned	high	FA_orf13;FA_orf15;FA_orf17b	FATA_prgB;FATA_prgC;FATA_trsG	24:22701..25265:+	none	none	27:27970..30228:+	none	28:30750..31535:+	none	none	none	none	none	none	none	none	89.8	MOBC		no_slot_defined
LR962715.1	MPF_FA	T4SS_virb4 AND NOT(T/F/I) AND >=2 FA/FATA	98	3	3	0	FA	medium	FA_orf13;FA_orf15;FA_orf17b		69:60521..63085:-	none	none	66:55552..57810:-	none	65:54244..54972:-	none	none	76:66780..67742:-	none	none	none	none	none	90.3	MOBC;MOBP1		no_slot_defined
LR962718.1	MPF_FA	T4SS_virb4 AND NOT(T/F/I) AND >=2 FA/FATA	65	6	3	3	unassigned	high	FA_orf13;FA_orf15;FA_orf17b	FATA_prgB;FATA_prgC;FATA_trsG	24:22701..25265:+	none	none	27:27970..30228:+	none	28:30750..31535:+	none	none	none	none	none	none	none	none	90.2	MOBC		no_slot_defined
LR962719.1	MPF_FA	T4SS_virb4 AND NOT(T/F/I) AND >=2 FA/FATA	54	6	3	3	unassigned	high	FA_orf13;FA_orf15;FA_orf17b	FATA_prgB;FATA_prgC;FATA_trsG	25:23372..25903:+	none	none	28:28605..30863:+	none	29:31385..32170:+	none	none	none	none	none	none	none	none	89.2	MOBC		no_slot_defined
LR962727.1	MPF_FA	T4SS_virb4 AND NOT(T/F/I) AND >=2 FA/FATA	89	8	0	8	FATA	high		FATA_cd419_1;FATA_prgB;FATA_prgC;FATA_prgF;FATA_prgHb;FATA_prgIc;FATA_prgK;FATA_prgL	12:12509..14899:+	none	21:21096..22925:+	21:21096..22925:+	none	none	none	none	25:26043..27728:+	none	none	none	none	none	290.9	MOBP1		no_slot_defined
LR962733.1	MPF_FA	T4SS_virb4 AND NOT(T/F/I) AND >=2 FA/FATA	62	6	3	3	unassigned	high	FA_orf13;FA_orf15;FA_orf17b	FATA_prgB;FATA_prgC;FATA_trsG	23:23098..25662:+	none	none	26:28373..30631:+	none	27:31153..31938:+	none	none	none	none	none	none	none	none	90.5	MOBC		no_slot_defined
LR962773.1	MPF_FA	T4SS_virb4 AND NOT(T/F/I) AND >=2 FA/FATA	89	6	3	3	unassigned	high	FA_orf13;FA_orf15;FA_orf17b	FATA_prgB;FATA_prgC;FATA_trsG	24:23041..25605:+	none	none	27:28307..30565:+	none	28:31145..31873:+	none	none	none	none	none	none	none	none	88.4	MOBC		no_slot_defined
LR962776.1	MPF_FA	T4SS_virb4 AND NOT(T/F/I) AND >=2 FA/FATA	76	7	6	1	FA	high	FA_orf13;FA_orf14;FA_orf15;FA_orf17a;FA_orf19;FA_orf23	FATA_cd419a	12:14059..16506:-	17:19232..20617:-	none	none	none	none	none	none	23:25006..26691:+	none	none	none	16:17849..19054:-	6:4260..5522:-	93.8	MOBP1;MOBT;MOBV		no_slot_defined
LR962778.1	MPF_FA	T4SS_virb4 AND NOT(T/F/I) AND >=2 FA/FATA	62	3	1	2	FATA	medium	FA_orf14	FATA_prgB;FATA_prgC	21:26300..28855:+	none	18:21260..23791:+	18:21260..23791:+	none	none	none	none	30:34628..36688:+	30:34628..36688:+	none	none	none	none	146.9	MOBP1;MOBP2		no_slot_defined
LR962779.1	MPF_FA	T4SS_virb4 AND NOT(T/F/I) AND >=2 FA/FATA	67	8	0	8	FATA	high		FATA_cd419a;FATA_prgB;FATA_prgC;FATA_prgF;FATA_prgHb;FATA_prgIc;FATA_prgK;FATA_prgL	18:19765..22155:+	none	27:28355..30184:+	27:28355..30184:+	none	none	none	none	31:33301..34986:+	none	none	none	none	none	290.8	MOBP1		no_slot_defined
LR962783.1	MPF_FA	T4SS_virb4 AND NOT(T/F/I) AND >=2 FA/FATA	65	8	0	8	FATA	high		FATA_cd419a;FATA_prgB;FATA_prgC;FATA_prgF;FATA_prgHb;FATA_prgIc;FATA_prgK;FATA_prgL	17:18183..20573:+	none	26:26773..28602:+	26:26773..28602:+	none	none	none	none	30:31719..33404:+	none	none	none	none	none	290.8	MOBP1		no_slot_defined
LR962785.1	MPF_FA	T4SS_virb4 AND NOT(T/F/I) AND >=2 FA/FATA	60	8	0	8	FATA	high		FATA_cd419a;FATA_prgB;FATA_prgC;FATA_prgF;FATA_prgHb;FATA_prgIc;FATA_prgK;FATA_prgL	17:18388..20778:+	none	26:26977..28806:+	26:26977..28806:+	none	none	none	none	30:31924..33609:+	none	none	none	none	none	292.1	MOBP1		no_slot_defined
LR962789.1	MPF_FA	T4SS_virb4 AND NOT(T/F/I) AND >=2 FA/FATA	119	3	3	0	FA	medium	FA_orf13;FA_orf15;FA_orf17b		97:79832..82396:-	none	44:34030..35673:-	94:74874..77132:-	none	93:73567..74352:-	none	none	none	none	none	none	none	40:30935..32254:+	90.5	MOBC;MOBV		no_slot_defined
LR962790.1	MPF_FA	T4SS_virb4 AND NOT(T/F/I) AND >=2 FA/FATA	64	8	0	8	FATA	high		FATA_cd419a;FATA_prgB;FATA_prgC;FATA_prgF;FATA_prgHb;FATA_prgIc;FATA_prgK;FATA_prgL	19:20145..22535:+	none	25:27280..29109:+	25:27280..29109:+	none	none	none	none	29:32227..33912:+	none	none	none	none	none	290.1	MOBP1		no_slot_defined
LR962793.1	MPF_FA	T4SS_virb4 AND NOT(T/F/I) AND >=2 FA/FATA	62	6	3	3	unassigned	high	FA_orf13;FA_orf15;FA_orf17b	FATA_prgB;FATA_prgC;FATA_trsG	23:23118..25682:+	none	none	26:28387..30645:+	none	27:31167..31952:+	none	none	none	none	none	none	none	none	90.2	MOBC		no_slot_defined
LR962798.1	MPF_FA	T4SS_virb4 AND NOT(T/F/I) AND >=2 FA/FATA	103	8	6	2	FA	high	FA_orf13;FA_orf14;FA_orf15;FA_orf17a;FA_orf19;FA_orf23	FATA_cd419_1;FATA_cd419a	16:15818..18265:-	21:20991..22376:-	5:3782..5437:+	5:3782..5437:+	none	none	none	none	27:26767..28452:+	none	none	none	20:19608..20813:-	none	93.8	MOBP1;MOBT		no_slot_defined
LR962799.1	MPF_FA	T4SS_virb4 AND NOT(T/F/I) AND >=2 FA/FATA	73	8	0	8	FATA	high		FATA_cd419a;FATA_prgB;FATA_prgC;FATA_prgF;FATA_prgHb;FATA_prgIc;FATA_prgK;FATA_prgL	17:17756..20146:+	none	26:26345..28174:+	26:26345..28174:+	none	none	none	none	30:31292..32977:+	none	none	none	none	none	292.1	MOBP1		no_slot_defined
LR962803.1	MPF_FA	T4SS_virb4 AND NOT(T/F/I) AND >=2 FA/FATA	84	6	3	3	unassigned	high	FA_orf13;FA_orf15;FA_orf17b	FATA_prgB;FATA_prgC;FATA_trsG	24:22701..25265:+	none	none	27:27970..30228:+	none	28:30750..31535:+	none	none	none	none	none	none	none	none	90.2	MOBC		no_slot_defined
LR962808.1	MPF_FA	T4SS_virb4 AND NOT(T/F/I) AND >=2 FA/FATA	110	8	7	1	FA	high	FA_orf13;FA_orf14;FA_orf15;FA_orf17a;FA_orf17b;FA_orf19;FA_orf23	FATA_cd419a	12:14059..16506:-	17:19232..20617:-	none	84:77361..79619:-	none	83:76054..76839:-	none	none	23:25006..26691:+	none	none	none	16:17849..19054:-	6:4260..5522:-	93.8	MOBC;MOBP1;MOBT;MOBV		no_slot_defined
LR962812.1	MPF_FA	T4SS_virb4 AND NOT(T/F/I) AND >=2 FA/FATA	69	8	0	8	FATA	high		FATA_cd419a;FATA_prgB;FATA_prgC;FATA_prgF;FATA_prgHb;FATA_prgIc;FATA_prgK;FATA_prgL	19:19389..21779:+	none	28:27980..29809:+	28:27980..29809:+	none	none	none	none	32:32927..34612:+	none	none	none	none	none	292.3	MOBP1		no_slot_defined
LR962815.1	MPF_FA	T4SS_virb4 AND NOT(T/F/I) AND >=2 FA/FATA	89	8	6	2	FA	high	FA_orf13;FA_orf14;FA_orf15;FA_orf17a;FA_orf19;FA_orf23	FATA_cd419a;FATA_prgC	8:11316..13763:-	13:16489..17874:-	none	none	none	none	none	none	20:22263..23948:+	none	none	none	12:15106..16311:-	2:1516..2778:-	93.8	MOBP1;MOBT;MOBV		no_slot_defined
LR962819.1	MPF_FA	T4SS_virb4 AND NOT(T/F/I) AND >=2 FA/FATA	93	7	6	1	FA	high	FA_orf13;FA_orf14;FA_orf15;FA_orf17a;FA_orf19;FA_orf23	FATA_cd419a	14:15471..17918:-	19:20644..22029:-	none	none	none	none	none	none	25:26418..28103:+	none	none	none	18:19261..20466:-	6:4257..5519:-	93.8	MOBP1;MOBT;MOBV		no_slot_defined
LR962822.1	MPF_FA	T4SS_virb4 AND NOT(T/F/I) AND >=2 FA/FATA	69	6	3	3	unassigned	high	FA_orf13;FA_orf15;FA_orf17b	FATA_prgB;FATA_prgC;FATA_trsG	24:24054..26546:+	none	none	27:29251..31509:+	none	28:32089..32817:+	none	none	none	none	none	none	none	none	91.5	MOBC		no_slot_defined
LR962828.1	MPF_FA	T4SS_virb4 AND NOT(T/F/I) AND >=2 FA/FATA	59	8	0	8	FATA	high		FATA_cd419a;FATA_prgB;FATA_prgC;FATA_prgF;FATA_prgHb;FATA_prgIc;FATA_prgK;FATA_prgL	19:19387..21777:+	none	28:27977..29806:+	28:27977..29806:+	none	none	none	none	32:32924..34609:+	none	none	none	none	none	292.1	MOBP1		no_slot_defined
LR962833.1	MPF_FA	T4SS_virb4 AND NOT(T/F/I) AND >=2 FA/FATA	133	8	0	8	FATA	high		FATA_cd419a;FATA_prgB;FATA_prgC;FATA_prgF;FATA_prgHb;FATA_prgIc;FATA_prgK;FATA_prgL	38:29893..32283:-	none	26:20066..21895:-	26:20066..21895:-	none	none	none	none	22:15263..16948:-	none	none	none	none	none	288.8	MOBP1		no_slot_defined
LR962835.1	MPF_FA	T4SS_virb4 AND NOT(T/F/I) AND >=2 FA/FATA	73	8	0	8	FATA	high		FATA_cd419a;FATA_prgB;FATA_prgC;FATA_prgF;FATA_prgHb;FATA_prgIc;FATA_prgK;FATA_prgL	19:19831..22221:+	none	25:26966..28795:+	25:26966..28795:+	none	none	none	none	29:31912..33597:+	none	none	none	none	none	289.8	MOBP1		no_slot_defined
LR962841.1	MPF_FA	T4SS_virb4 AND NOT(T/F/I) AND >=2 FA/FATA	57	6	3	3	unassigned	high	FA_orf13;FA_orf15;FA_orf17b	FATA_prgB;FATA_prgC;FATA_trsG	23:22655..25174:+	none	none	26:27879..30137:+	none	27:30659..31444:+	none	none	none	none	none	none	none	none	89.9	MOBC		no_slot_defined
LR962844.1	MPF_FA	T4SS_virb4 AND NOT(T/F/I) AND >=2 FA/FATA	52	7	0	7	FATA	high		FATA_gbs1365;FATA_prgB;FATA_prgC;FATA_prgHb;FATA_prgIc;FATA_prgK;FATA_prgL	22:20519..22879:+	none	28:27412..29223:+	28:27412..29223:+	none	none	none	none	37:37432..39114:+	none	none	none	none	none	286.8	MOBP1		no_slot_defined
LR962847.1	MPF_FA	T4SS_virb4 AND NOT(T/F/I) AND >=2 FA/FATA	111	8	6	2	FA	high	FA_orf13;FA_orf14;FA_orf15;FA_orf17a;FA_orf19;FA_orf23	FATA_cd419_1;FATA_cd419a	14:15471..17918:-	19:20644..22029:-	none	none	none	none	none	none	25:26419..28104:+	none	none	none	18:19261..20466:-	6:4257..5519:-	93.8	MOBP1;MOBT;MOBV		no_slot_defined
LR962848.1	MPF_FA	T4SS_virb4 AND NOT(T/F/I) AND >=2 FA/FATA	54	5	3	2	unassigned	high	FA_orf13;FA_orf15;FA_orf17b	FATA_prgC;FATA_trsG	19:15042..17606:+	none	22:20317..22524:+	22:20317..22524:+	none	23:22990..23784:+	none	none	none	none	none	none	none	none	90.9	MOBC		no_slot_defined
LR962849.1	MPF_FA	T4SS_virb4 AND NOT(T/F/I) AND >=2 FA/FATA	45	5	2	3	unassigned	high	FA_orf13;FA_orf14	FATA_cd419a;FATA_trsF;FATA_trsL	14:11262..11978:-	none	8:5682..7208:-	8:5682..7208:-	none	none	none	none	none	none	none	none	none	32:30960..31256:-	118.3	MOBV		no_slot_defined
LR962851.1	MPF_FA	T4SS_virb4 AND NOT(T/F/I) AND >=2 FA/FATA	60	5	3	2	unassigned	high	FA_orf13;FA_orf15;FA_orf17b	FATA_prgB;FATA_prgC	26:24024..26543:+	none	none	29:29248..31506:+	none	30:32028..32813:+	none	none	none	none	none	none	none	none	89.9	MOBC		no_slot_defined
LR962853.1	MPF_FA	T4SS_virb4 AND NOT(T/F/I) AND >=2 FA/FATA	64	5	3	2	unassigned	high	FA_orf13;FA_orf15;FA_orf17b	FATA_prgB;FATA_prgC	23:24829..27393:+	none	none	26:30098..32356:+	none	27:32878..33663:+	none	none	none	none	none	none	none	none	91.4	MOBC		no_slot_defined
LR962856.1	MPF_FA	T4SS_virb4 AND NOT(T/F/I) AND >=2 FA/FATA	53	3	1	2	FATA	medium	FA_orf14	FATA_prgB;FATA_prgC	23:26379..28934:+	none	20:21339..23870:+	20:21339..23870:+	none	none	none	none	32:34707..36767:+	32:34707..36767:+	none	none	none	none	146.9	MOBP1;MOBP2		no_slot_defined
LR962858.1	MPF_FA	T4SS_virb4 AND NOT(T/F/I) AND >=2 FA/FATA	92	3	1	2	FATA	medium	FA_orf14	FATA_cd419_1;FATA_prgC	18:19364..21310:+	none	14:14201..16546:+	14:14201..16546:+	none	none	none	none	24:24873..26120:+	24:24873..26120:+	none	none	none	none	168.5	MOBP1;MOBP2		no_slot_defined
LR962860.1	MPF_FA	T4SS_virb4 AND NOT(T/F/I) AND >=2 FA/FATA	273	8	0	8	FATA	high		FATA_cd419a;FATA_prgB;FATA_prgC;FATA_prgF;FATA_prgHb;FATA_prgIc;FATA_prgK;FATA_prgL	19:18351..20741:+	none	29:29747..31576:+	29:29747..31576:+	none	none	none	none	33:34693..36378:+	none	none	none	none	none	287.4	MOBP1		no_slot_defined
LT603682.1	MPF_FA	T4SS_virb4 AND NOT(T/F/I) AND >=2 FA/FATA	46	9	0	9	FATA	high		FATA_cd411;FATA_cd419a;FATA_prgC;FATA_prgF;FATA_prgHa;FATA_prgHb;FATA_prgIa;FATA_prgIb;FATA_prgIc	20:16893..19343:+	15:13340..15214:+	15:13340..15214:+	15:13340..15214:+	none	none	none	none	33:27942..30236:+	none	none	none	none	none	355.2	MOBP1		no_slot_defined
LT984414.1	MPF_FA	T4SS_virb4 AND NOT(T/F/I) AND >=2 FA/FATA	38	5	0	5	FATA	high		FATA_prgF;FATA_prgHb;FATA_prgIc;FATA_prgK;FATA_prgL	18:22179..24545:-	none	12:15932..17755:-	12:15932..17755:-	none	none	none	none	7:8774..10393:-	none	none	none	none	none	268.2	MOBP1		no_slot_defined
NC_001496.1	MPF_FA	T4SS_virb4 AND NOT(T/F/I) AND >=2 FA/FATA	194	3	0	3	FATA	medium		FATA_cd419_1;FATA_cd419a;FATA_prgF	96:89593..90840:+	none	58:52012..55341:-	58:52012..55341:-	none	none	none	none	none	none	none	none	none	none	163.9			no_slot_defined
NC_002146.1	MPF_FA	T4SS_virb4 AND NOT(T/F/I) AND >=2 FA/FATA	112	2	1	1	unassigned	minimal	FA_orf14	FATA_cd419a	8:5227..7161:-	none	15:12381..14216:-	15:12381..14216:-	none	none	none	none	none	110:94272..95648:-	none	none	none	none	345.1	MOBP2		no_slot_defined
NC_002630.1	MPF_FA	T4SS_virb4 AND NOT(T/F/I) AND >=2 FA/FATA	38	5	3	2	unassigned	high	FA_orf13;FA_orf15;FA_orf17b	FATA_prgC;FATA_trsG	18:19565..22057:-	none	15:14650..16863:-	15:14650..16863:-	none	13:13007..13792:-	none	none	none	none	none	none	none	none	91.0	MOBC		no_slot_defined
NC_004669.1	MPF_FA	T4SS_virb4 AND NOT(T/F/I) AND >=2 FA/FATA	70	6	3	3	unassigned	high	FA_orf13;FA_orf15;FA_orf17b	FATA_prgB;FATA_prgC;FATA_trsG	25:24672..27236:-	none	22:19757..21970:-	22:19757..21970:-	none	20:18114..18899:-	none	none	none	none	none	none	none	none	89.8	MOBC		no_slot_defined
NC_004671.1	MPF_FA	T4SS_virb4 AND NOT(T/F/I) AND >=2 FA/FATA	59	8	0	8	FATA	high		FATA_cd419a;FATA_prgB;FATA_prgC;FATA_prgF;FATA_prgHb;FATA_prgIc;FATA_prgK;FATA_prgL	17:18283..20673:+	none	23:25419..27248:+	23:25419..27248:+	none	none	none	none	27:30365..32050:+	none	none	none	none	none	292.3	MOBP1		no_slot_defined
NC_005024.1	MPF_FA	T4SS_virb4 AND NOT(T/F/I) AND >=2 FA/FATA	49	7	0	7	FATA	high		FATA_prgF;FATA_trsC;FATA_trsD;FATA_trsF;FATA_trsG;FATA_trsJ;FATA_trsL	29:26590..28602:+	none	35:34078..35718:+	35:34078..35718:+	none	none	none	none	none	none	none	8:8115..10112:-	none	20:19471..20733:-	317.4	MOBQ;MOBV		no_slot_defined
NC_005054.1	MPF_FA	T4SS_virb4 AND NOT(T/F/I) AND >=2 FA/FATA	60	7	0	7	FATA	high		FATA_prgF;FATA_trsC;FATA_trsD;FATA_trsF;FATA_trsG;FATA_trsJ;FATA_trsL	11:7523..9535:+	none	17:15011..16651:+	17:15011..16651:+	none	none	none	none	none	none	none	54:52900..54897:-	none	none	317.4	MOBQ		no_slot_defined
NC_006377.1	MPF_FA	T4SS_virb4 AND NOT(T/F/I) AND >=2 FA/FATA	38	5	0	5	FATA	high		FATA_trsC;FATA_trsD;FATA_trsF;FATA_trsJ;FATA_trsL	26:24102..26120:-	none	21:18565..20076:-	21:18565..20076:-	none	none	none	none	none	none	none	32:28524..30593:-	none	none	325.1	MOBQ		no_slot_defined
NC_006578.1	MPF_FA	T4SS_virb4 AND NOT(T/F/I) AND >=2 FA/FATA	90	2	1	1	unassigned	minimal	FA_orf14	FATA_cd419a	6:4533..6470:-	none	12:11481..14114:-	12:11481..14114:-	none	none	none	none	none	89:75514..77070:-	none	none	none	none	343.2	MOBP2		no_slot_defined
NC_006827.2	MPF_FA	T4SS_virb4 AND NOT(T/F/I) AND >=2 FA/FATA	73	14	6	8	unassigned	high	FA_orf13;FA_orf14;FA_orf15;FA_orf17a;FA_orf19;FA_orf23	FATA_cd419a;FATA_prgB;FATA_prgC;FATA_prgF;FATA_prgHb;FATA_prgIc;FATA_prgK;FATA_prgL	21:21206..23596:+	54:55634..57019:-	27:28341..30170:+	27:28341..30170:+	none	none	none	none	31:33288..34973:+	none	none	none	53:54251..55456:-	none	292.3	MOBP1;MOBT		no_slot_defined
NC_006873.1	MPF_FA	T4SS_virb4 AND NOT(T/F/I) AND >=2 FA/FATA	50	2	0	2	FATA	minimal		FATA_cd419a;FATA_trsC	46:32721..35561:-	none	18:12388..14343:-	18:12388..14343:-	none	none	none	none	14:8951..10570:+	none	none	none	none	none	476.2	MOBP1		no_slot_defined
NC_007103.1	MPF_FA	T4SS_virb4 AND NOT(T/F/I) AND >=2 FA/FATA	489	8	6	2	FA	high	FA_orf13;FA_orf14;FA_orf15;FA_orf17a;FA_orf17b;FA_orf19	FATA_cd419a;FATA_prgC	240:235491..238031:+	none	230:223319..226396:+	230:223319..226396:+	none	none	none	none	none	none	none	none	none	none	139.4			no_slot_defined
NC_007322.2	MPF_FA	T4SS_virb4 AND NOT(T/F/I) AND >=2 FA/FATA	191	3	1	2	FATA	medium	FA_orf14	FATA_cd419a;FATA_prgF	93:89365..91464:+	none	57:52063..55392:-	57:52063..55392:-	none	none	none	none	none	none	none	none	none	none	325.1			no_slot_defined
NC_007323.3	MPF_FA	T4SS_virb4 AND NOT(T/F/I) AND >=2 FA/FATA	106	2	1	1	unassigned	minimal	FA_orf14	FATA_cd419a	6:4733..6667:-	none	13:11888..13723:-	13:11888..13723:-	none	none	none	none	none	105:93798..94826:-	none	none	none	none	345.1	MOBP2		no_slot_defined
NC_007594.1	MPF_FA	T4SS_virb4 AND NOT(T/F/I) AND >=2 FA/FATA	63	2	1	1	unassigned	minimal	FA_orf14	FATA_cd419a	28:25385..27340:+	none	23:18262..21120:+	23:18262..21120:+	none	none	none	none	35:31466..33052:+	35:31466..33052:+	none	none	none	none	319.8	MOBP1;MOBP2		no_slot_defined
NC_007773.1	MPF_FA	T4SS_virb4 AND NOT(T/F/I) AND >=2 FA/FATA	89	3	2	1	FA	medium	FA_orf17a;FA_orf17b	FATA_cd419a	82:69387..71909:-	88:74168..75214:-	none	none	none	none	none	none	none	none	none	none	none	none	85.7			no_slot_defined
NC_007792.1	MPF_FA	T4SS_virb4 AND NOT(T/F/I) AND >=2 FA/FATA	39	7	0	7	FATA	high		FATA_prgF;FATA_trsC;FATA_trsD;FATA_trsF;FATA_trsG;FATA_trsJ;FATA_trsL	13:12505..14517:+	none	19:19993..21633:+	19:19993..21633:+	none	none	none	none	none	none	none	33:33233..34144:-	none	none	317.4	MOBQ		no_slot_defined
NC_008445.1	MPF_FA	T4SS_virb4 AND NOT(T/F/I) AND >=2 FA/FATA	65	7	1	6	FATA	high	FA_orf14	FATA_prgC;FATA_trsC;FATA_trsD;FATA_trsF;FATA_trsG;FATA_trsL	28:23016..24977:+	none	33:28468..30123:+	33:28468..30123:+	none	none	none	none	24:19637..21601:+	none	none	24:19637..21601:+	none	none	261.7	MOBP1;MOBQ		no_slot_defined
NC_009329.1	MPF_FA	T4SS_virb4 AND NOT(T/F/I) AND >=2 FA/FATA	64	4	0	4	FATA	medium		FATA_cd419a;FATA_trsD;FATA_trsG;FATA_trsL	14:11328..13181:-	25:19392..20549:+	38:30422..32557:+	38:30422..32557:+	none	none	none	none	none	none	none	37:28472..30403:+	none	none	291.9	MOBQ		no_slot_defined
NC_009806.1	MPF_FA	T4SS_virb4 AND NOT(T/F/I) AND >=2 FA/FATA	175	2	0	2	FATA	minimal		FATA_cd419a;FATA_prgF	105:126015..129101:-	99:115220..118021:-	none	none	none	none	none	none	none	none	none	none	none	none	71.3			no_slot_defined
NC_009841.1	MPF_FA	T4SS_virb4 AND NOT(T/F/I) AND >=2 FA/FATA	74	5	0	5	FATA	high		FATA_cd419a;FATA_trsC;FATA_trsD;FATA_trsG;FATA_trsL	54:47653..49545:+	none	49:43441..45357:+	49:43441..45357:+	none	none	none	none	48:40871..43414:+	none	48:40871..43414:+	none	none	none	292.2	MOBP1;MOBP3		no_slot_defined
NC_010279.1	MPF_FA	T4SS_virb4 AND NOT(T/F/I) AND >=2 FA/FATA	41	7	0	7	FATA	high		FATA_prgF;FATA_trsC;FATA_trsD;FATA_trsF;FATA_trsG;FATA_trsJ;FATA_trsL	6:4056..6068:+	none	12:11540..13186:+	12:11540..13186:+	none	none	none	none	none	none	none	34:34594..36042:-	none	none	321.0	MOBQ		no_slot_defined
NC_010283.1	MPF_FA	T4SS_virb4 AND NOT(T/F/I) AND >=2 FA/FATA	68	3	1	2	FATA	medium	FA_orf14	FATA_cd419a;FATA_prgC	20:18171..20108:-	51:45038..46222:+	25:24174..26729:-	25:24174..26729:-	none	52:46161..46778:+	none	none	15:13812..15002:-	15:13812..15002:-	none	none	none	none	333.2	MOBC;MOBP1;MOBP2		no_slot_defined
NC_010371.1	MPF_FA	T4SS_virb4 AND NOT(T/F/I) AND >=2 FA/FATA	189	4	0	4	FATA	medium		FATA_prgF;FATA_prgIa;FATA_prgIb;FATA_prgIc	182:182049..184865:-	none	none	188:187963..189138:-	none	none	none	none	1:2679..3932:-	none	none	none	none	none	399.0	MOBP1		no_slot_defined
NC_010381.1	MPF_FA	T4SS_virb4 AND NOT(T/F/I) AND >=2 FA/FATA	187	2	0	2	FATA	minimal		FATA_cd419a;FATA_prgIc	51:51138..53147:+	none	none	1:1818..4811:+	none	0:439..1674:+	none	none	none	none	none	none	none	none	321.9	MOBC		no_slot_defined
NC_010418.1	MPF_FA	T4SS_virb4 AND NOT(T/F/I) AND >=2 FA/FATA	338	2	0	2	FATA	minimal		FATA_cd419a;FATA_prgIb	324:255710..257572:-	none	298:232425..233642:-	299:233753..235699:-	none	none	none	5:7073..7972:-	none	none	none	none	none	none	318.0	MOBH		no_slot_defined
NC_010420.1	MPF_FA	T4SS_virb4 AND NOT(T/F/I) AND >=2 FA/FATA	69	4	0	4	FATA	medium		FATA_cd419a;FATA_trsD;FATA_trsG;FATA_trsL	45:39299..41152:-	none	58:52143..54278:+	58:52143..54278:+	none	none	none	none	none	none	none	57:50193..52124:+	none	none	294.5	MOBQ		no_slot_defined
NC_010470.1	MPF_FA	T4SS_virb4 AND NOT(T/F/I) AND >=2 FA/FATA	44	3	3	0	FA	medium	FA_orf13;FA_orf15;FA_orf17b		31:25677..28199:+	21:18740..19750:+	none	none	none	none	none	none	none	none	none	none	23:20470..21654:+	none	107.5	MOBT		no_slot_defined
NC_010492.1	MPF_FA	T4SS_virb4 AND NOT(T/F/I) AND >=2 FA/FATA	55	2	0	2	FATA	minimal		FATA_prgF;FATA_prgHb	45:40396..42933:-	none	40:34378..36159:-	40:34378..36159:-	none	none	37:30428..33721:+	none	none	none	none	none	none	none	339.9	MOBF		no_slot_defined
NC_010608.1	MPF_FA	T4SS_virb4 AND NOT(T/F/I) AND >=2 FA/FATA	46	2	1	1	unassigned	minimal	FA_orf14	FATA_cd419a	43:34440..36392:+	none	none	none	none	none	none	none	1:439..1593:+	1:439..1593:+	none	none	none	none	322.5	MOBP1;MOBP2		no_slot_defined
NC_010901.1	MPF_FA	T4SS_virb4 AND NOT(T/F/I) AND >=2 FA/FATA	67	7	0	7	FATA	high		FATA_prgF;FATA_prgHa;FATA_prgHb;FATA_prgIa;FATA_prgIb;FATA_prgIc;FATA_trsG	51:50311..52698:+	none	46:46596..48431:+	46:46596..48431:+	none	none	none	none	61:59106..60623:+	none	none	none	none	none	313.4	MOBP1		no_slot_defined
NC_010924.1	MPF_FA	T4SS_virb4 AND NOT(T/F/I) AND >=2 FA/FATA	247	2	1	1	unassigned	minimal	FA_orf14	FATA_cd419a	144:151779..152747:+	none	80:89801..93301:-	80:89801..93301:-	none	none	none	none	none	none	none	none	none	none	157.6			no_slot_defined
NC_010933.1	MPF_FA	T4SS_virb4 AND NOT(T/F/I) AND >=2 FA/FATA	205	7	6	1	FA	high	FA_orf13;FA_orf14;FA_orf15;FA_orf17a;FA_orf17b;FA_orf19	FATA_cd419a	140:137575..139632:-	108:110640..111806:-	156:156991..160065:-	156:156991..160065:-	none	none	none	none	none	none	none	none	none	none	134.7			no_slot_defined
NC_010934.1	MPF_FA	T4SS_virb4 AND NOT(T/F/I) AND >=2 FA/FATA	190	3	1	2	FATA	medium	FA_orf14	FATA_cd419a;FATA_prgF	149:147465..149564:+	none	113:110170..113499:-	113:110170..113499:-	none	none	none	none	none	none	none	none	none	none	324.4			no_slot_defined
NC_010937.1	MPF_FA	T4SS_virb4 AND NOT(T/F/I) AND >=2 FA/FATA	51	3	2	1	FA	medium	FA_orf17a;FA_orf17b	FATA_cd419a	34:30349..32874:+	29:25899..27482:+	none	none	none	none	none	none	none	none	none	none	none	none	84.6			no_slot_defined
NC_011412.1	MPF_FA	T4SS_virb4 AND NOT(T/F/I) AND >=2 FA/FATA	80	2	1	1	unassigned	minimal	FA_orf17a	FATA_cd419a	13:7869..9986:+	7:3332..4903:+	none	none	none	none	none	none	none	none	none	none	none	none	66.5			no_slot_defined
NC_011642.1	MPF_FA	T4SS_virb4 AND NOT(T/F/I) AND >=2 FA/FATA	113	9	1	8	FATA	high	FA_orf14	FATA_cd411;FATA_cd419_1;FATA_cd419a;FATA_cd419b;FATA_prgB;FATA_prgF;FATA_prgHa;FATA_prgHb	17:14806..17205:+	none	13:10812..12620:+	13:10812..12620:+	none	none	none	none	27:29107..30435:-	46:44719..46734:+	none	none	none	none	341.2	MOBP1;MOBP2		no_slot_defined
NC_011777.1	MPF_FA	T4SS_virb4 AND NOT(T/F/I) AND >=2 FA/FATA	296	2	1	1	unassigned	minimal	FA_orf14	FATA_cd419a	116:105561..107660:+	none	58:52377..55877:-	58:52377..55877:-	none	none	none	none	none	none	none	none	none	none	329.4			no_slot_defined
NC_011839.1	MPF_FA	T4SS_virb4 AND NOT(T/F/I) AND >=2 FA/FATA	44	5	0	5	FATA	high		FATA_trsC;FATA_trsD;FATA_trsF;FATA_trsJ;FATA_trsL	31:20416..22434:+	none	37:26462..28018:+	37:26462..28018:+	none	none	none	none	none	none	none	25:15946..18009:+	none	none	332.7	MOBQ		no_slot_defined
NC_011996.1	MPF_FA	T4SS_virb4 AND NOT(T/F/I) AND >=2 FA/FATA	87	2	1	1	unassigned	minimal	FA_orf14	FATA_cd419a	4:6231..8204:+	none	none	0:114..1748:+	none	none	none	none	10:11947..13362:+	10:11947..13362:+	none	none	none	none	270.2	MOBP1;MOBP2		no_slot_defined
NC_012473.1	MPF_FA	T4SS_virb4 AND NOT(T/F/I) AND >=2 FA/FATA	185	2	1	1	unassigned	minimal	FA_orf14	FATA_cd419a	82:76645..78735:+	none	42:35326..38844:-	42:35326..38844:-	none	none	none	none	none	none	none	none	none	none	329.4			no_slot_defined
NC_012547.1	MPF_FA	T4SS_virb4 AND NOT(T/F/I) AND >=2 FA/FATA	60	7	0	7	FATA	high		FATA_prgF;FATA_trsC;FATA_trsD;FATA_trsF;FATA_trsG;FATA_trsJ;FATA_trsL	29:26590..28602:+	none	35:34078..35718:+	35:34078..35718:+	none	none	none	none	55:50049..51062:+	none	none	8:8115..10112:-	none	20:19471..20733:-	317.4	MOBP1;MOBQ;MOBV		no_slot_defined
NC_012577.1	MPF_FA	T4SS_virb4 AND NOT(T/F/I) AND >=2 FA/FATA	106	2	1	1	unassigned	minimal	FA_orf14	FATA_cd419a	4:3169..5103:-	none	11:10324..12159:-	11:10324..12159:-	none	none	none	none	none	103:92279..93835:-	none	none	none	none	345.1	MOBP2		no_slot_defined
NC_012579.1	MPF_FA	T4SS_virb4 AND NOT(T/F/I) AND >=2 FA/FATA	189	3	1	2	FATA	medium	FA_orf14	FATA_cd419a;FATA_prgF	92:89685..91784:+	none	56:52370..55699:-	56:52370..55699:-	none	none	none	none	none	none	none	none	none	none	324.3			no_slot_defined
NC_012654.1	MPF_FA	T4SS_virb4 AND NOT(T/F/I) AND >=2 FA/FATA	309	4	0	4	FATA	medium		FATA_cd419_1;FATA_cd419a;FATA_gbs1369;FATA_prgIb	236:209547..211409:-	none	212:187594..189540:-	212:187594..189540:-	none	none	none	256:227677..228576:-	none	none	none	none	none	none	316.7	MOBH		no_slot_defined
NC_012655.1	MPF_FA	T4SS_virb4 AND NOT(T/F/I) AND >=2 FA/FATA	106	2	1	1	unassigned	minimal	FA_orf14	FATA_cd419a	7:5776..7710:-	none	14:12931..14766:-	14:12931..14766:-	none	none	none	none	none	0:11..1567:-	none	none	none	none	345.1	MOBP2		no_slot_defined
NC_012656.1	MPF_FA	T4SS_virb4 AND NOT(T/F/I) AND >=2 FA/FATA	191	3	1	2	FATA	medium	FA_orf14	FATA_cd419a;FATA_prgF	93:89629..91728:+	none	57:52327..55656:-	57:52327..55656:-	none	none	none	none	none	none	none	none	none	none	325.1			no_slot_defined
NC_013164.1	MPF_FA	T4SS_virb4 AND NOT(T/F/I) AND >=2 FA/FATA	110	10	1	9	FATA	high	FA_orf14	FATA_cd411;FATA_cd419_1;FATA_cd419a;FATA_cd419b;FATA_cd424;FATA_gbs1354;FATA_prgF;FATA_prgHa;FATA_prgHb	71:70431..72854:+	none	62:64906..66702:+	62:64906..66702:+	none	none	none	none	17:19005..20336:-	none	none	46:51398..53032:+	none	none	330.1	MOBP1;MOBQ		no_slot_defined
NC_013320.1	MPF_FA	T4SS_virb4 AND NOT(T/F/I) AND >=2 FA/FATA	54	7	0	7	FATA	high		FATA_prgF;FATA_trsC;FATA_trsD;FATA_trsF;FATA_trsG;FATA_trsJ;FATA_trsL	46:40226..42238:+	none	52:47714..49354:+	52:47714..49354:+	none	none	none	none	none	none	none	15:14204..16201:-	none	37:33107..34369:-	317.4	MOBQ;MOBV		no_slot_defined
NC_013327.1	MPF_FA	T4SS_virb4 AND NOT(T/F/I) AND >=2 FA/FATA	47	2	0	2	FATA	minimal		FATA_gbs1346;FATA_trsG	41:30943..32940:-	none	none	46:36369..38036:-	none	none	none	none	36:26665..27816:-	36:26665..27816:-	none	none	none	none	246.3	MOBP1;MOBP2		no_slot_defined
NC_013338.1	MPF_FA	T4SS_virb4 AND NOT(T/F/I) AND >=2 FA/FATA	53	7	0	7	FATA	high		FATA_prgF;FATA_trsC;FATA_trsD;FATA_trsF;FATA_trsG;FATA_trsJ;FATA_trsL	42:42206..44218:-	none	36:35090..36730:-	36:35090..36730:-	none	none	none	none	none	none	none	6:4233..6230:+	none	none	317.4	MOBQ		no_slot_defined
NC_013339.1	MPF_FA	T4SS_virb4 AND NOT(T/F/I) AND >=2 FA/FATA	46	7	0	7	FATA	high		FATA_prgF;FATA_trsC;FATA_trsD;FATA_trsF;FATA_trsG;FATA_trsJ;FATA_trsL	14:12988..15000:-	none	7:5873..7513:-	7:5873..7513:-	none	none	none	none	none	none	none	29:24849..26846:+	none	none	317.4	MOBQ		no_slot_defined
NC_013341.1	MPF_FA	T4SS_virb4 AND NOT(T/F/I) AND >=2 FA/FATA	15	6	5	1	FA	high	FA_orf13;FA_orf15;FA_orf17a;FA_orf17b;FA_orf23	FATA_trsG	0:4..1530:+	1:1584..2942:+	none	none	none	none	none	none	none	none	none	none	11:9475..10566:+	none	72.7	MOBT	PF14729	no_slot_defined
NC_013342.1	MPF_FA	T4SS_virb4 AND NOT(T/F/I) AND >=2 FA/FATA	48	7	0	7	FATA	high		FATA_prgF;FATA_trsC;FATA_trsD;FATA_trsF;FATA_trsG;FATA_trsJ;FATA_trsL	32:31467..33479:+	none	38:38955..40595:+	38:38955..40595:+	none	none	none	none	none	none	none	17:19567..21564:-	none	none	317.4	MOBQ		no_slot_defined
NC_013343.1	MPF_FA	T4SS_virb4 AND NOT(T/F/I) AND >=2 FA/FATA	46	7	0	7	FATA	high		FATA_prgF;FATA_trsC;FATA_trsD;FATA_trsF;FATA_trsG;FATA_trsJ;FATA_trsL	8:5694..7706:+	none	14:13182..14822:+	14:13182..14822:+	none	none	none	none	none	none	none	34:34470..36467:-	none	none	317.4	MOBQ		no_slot_defined
NC_013344.1	MPF_FA	T4SS_virb4 AND NOT(T/F/I) AND >=2 FA/FATA	45	7	0	7	FATA	high		FATA_prgF;FATA_trsC;FATA_trsD;FATA_trsF;FATA_trsG;FATA_trsJ;FATA_trsL	8:9186..11198:-	none	2:2070..3710:-	2:2070..3710:-	none	none	none	none	none	none	none	23:20882..22879:+	none	none	317.4	MOBQ		no_slot_defined
NC_013514.1	MPF_FA	T4SS_virb4 AND NOT(T/F/I) AND >=2 FA/FATA	33	7	1	6	FATA	high	FA_orf14	FATA_prgC;FATA_trsC;FATA_trsD;FATA_trsF;FATA_trsG;FATA_trsL	22:16440..18401:+	none	27:21891..23546:+	27:21891..23546:+	none	none	none	none	18:13061..15025:+	none	none	18:13061..15025:+	none	none	261.2	MOBP1;MOBQ		no_slot_defined
NC_013533.1	MPF_FA	T4SS_virb4 AND NOT(T/F/I) AND >=2 FA/FATA	92	8	0	8	FATA	high		FATA_cd419a;FATA_prgB;FATA_prgC;FATA_prgF;FATA_prgHb;FATA_prgIc;FATA_prgK;FATA_prgL	17:16458..18848:+	none	27:27852..29681:+	27:27852..29681:+	none	none	none	none	31:32799..34484:+	none	none	none	none	none	292.1	MOBP1		no_slot_defined
NC_013653.1	MPF_FA	T4SS_virb4 AND NOT(T/F/I) AND >=2 FA/FATA	42	7	0	7	FATA	high		FATA_prgF;FATA_trsC;FATA_trsD;FATA_trsF;FATA_trsG;FATA_trsJ;FATA_trsL	28:27494..29506:+	none	34:34982..36628:+	34:34982..36628:+	none	none	none	none	none	none	none	16:18446..20443:-	none	none	318.5	MOBQ		no_slot_defined
NC_013767.1	MPF_FA	T4SS_virb4 AND NOT(T/F/I) AND >=2 FA/FATA	80	3	1	2	FATA	medium	FA_orf14	FATA_cd419a;FATA_trsG	53:52040..54055:+	none	49:46113..48578:+	49:46113..48578:+	none	none	none	none	59:57703..59043:+	59:57703..59043:+	none	none	none	none	222.5	MOBP1;MOBP2		no_slot_defined
NC_013792.1	MPF_FA	T4SS_virb4 AND NOT(T/F/I) AND >=2 FA/FATA	279	2	0	2	FATA	minimal		FATA_cd419a;FATA_trsC	124:124497..126500:-	none	190:192757..195885:-	190:192757..195885:-	none	191:195964..197253:-	none	none	none	none	none	none	none	none	288.6	MOBC		no_slot_defined
NC_013793.1	MPF_FA	T4SS_virb4 AND NOT(T/F/I) AND >=2 FA/FATA	114	5	4	1	FA	high	FA_orf13;FA_orf14;FA_orf15;FA_orf17b	FATA_cd419a	88:79761..82217:+	none	84:76093..78021:+	84:76093..78021:+	none	83:75429..76109:+	none	none	none	none	none	none	none	none	135.6	MOBC		no_slot_defined
NC_014172.1	MPF_FA	T4SS_virb4 AND NOT(T/F/I) AND >=2 FA/FATA	281	7	6	1	FA	high	FA_orf13;FA_orf14;FA_orf15;FA_orf17a;FA_orf17b;FA_orf19	FATA_cd419a	103:105332..106867:+	none	90:86316..89390:+	90:86316..89390:+	none	none	none	none	none	none	none	none	none	none	77.6			no_slot_defined
NC_014331.1	MPF_FA	T4SS_virb4 AND NOT(T/F/I) AND >=2 FA/FATA	185	3	1	2	FATA	medium	FA_orf14	FATA_cd419a;FATA_prgF	89:89661..91760:+	none	53:52122..55451:-	53:52122..55451:-	none	none	none	none	none	none	none	none	none	none	324.4			no_slot_defined
NC_014332.1	MPF_FA	T4SS_virb4 AND NOT(T/F/I) AND >=2 FA/FATA	102	2	1	1	unassigned	minimal	FA_orf14	FATA_cd419a	7:5638..7572:-	none	14:12911..14728:-	13:12072..12890:-	none	none	none	none	0:51..1421:-	0:51..1421:-	none	none	none	none	345.1	MOBP1;MOBP2		no_slot_defined
NC_014389.1	MPF_FA	T4SS_virb4 AND NOT(T/F/I) AND >=2 FA/FATA	441	4	0	4	FATA	medium		FATA_cd419a;FATA_prgF;FATA_prgIa;FATA_prgIb	270:201461..203896:-	none	274:205886..208690:-	274:205886..208690:-	none	none	327:264759..266894:-	none	199:127701..129107:-	none	none	none	none	185:114295..115191:+	299.5	MOBF;MOBP1;MOBV		no_slot_defined
NC_014475.1	MPF_FA	T4SS_virb4 AND NOT(T/F/I) AND >=2 FA/FATA	53	6	1	5	FATA	high	FA_orf14	FATA_prgC;FATA_trsC;FATA_trsD;FATA_trsF;FATA_trsG	45:39437..41398:+	none	50:44888..46543:+	50:44888..46543:+	none	none	none	none	41:36058..38022:+	none	none	41:36058..38022:+	none	none	261.5	MOBP1;MOBQ		no_slot_defined
NC_014726.1	MPF_FA	T4SS_virb4 AND NOT(T/F/I) AND >=2 FA/FATA	92	6	3	3	unassigned	high	FA_orf13;FA_orf15;FA_orf17b	FATA_prgB;FATA_prgC;FATA_trsG	33:28807..31371:+	none	none	36:34073..36331:+	none	37:36911..37639:+	none	none	none	none	none	none	none	none	88.4	MOBC		no_slot_defined
NC_014825.1	MPF_FA	T4SS_virb4 AND NOT(T/F/I) AND >=2 FA/FATA	307	6	0	6	FATA	high		FATA_prgF;FATA_prgHa;FATA_prgHb;FATA_prgIa;FATA_prgIb;FATA_prgIc	207:228707..231556:-	none	212:234417..236612:-	212:234417..236612:-	none	76:88949..89359:+	none	none	124:129860..131251:-	none	none	none	none	none	368.9	MOBC;MOBP1		no_slot_defined
NC_015148.1	MPF_FA	T4SS_virb4 AND NOT(T/F/I) AND >=2 FA/FATA	92	2	1	1	unassigned	minimal	FA_orf14	FATA_cd419a	29:23110..25005:+	none	25:16910..19270:+	25:16910..19270:+	none	none	none	none	35:28758..29990:+	35:28758..29990:+	none	none	none	none	257.2	MOBP1;MOBP2		no_slot_defined
NC_015712.1	MPF_FA	T4SS_virb4 AND NOT(T/F/I) AND >=2 FA/FATA	69	3	2	1	FA	medium	FA_orf17a;FA_orf17b	FATA_cd419a	38:37439..39961:-	42:41851..43434:-	none	none	none	none	none	none	none	none	none	none	none	none	83.5			no_slot_defined
NC_015845.1	MPF_FA	T4SS_virb4 AND NOT(T/F/I) AND >=2 FA/FATA	35	5	4	1	FA	high	FA_orf13;FA_orf15;FA_orf17b;FA_orf23	FATA_cd419a	9:6142..8652:+	32:24905..26260:+	none	none	none	none	none	none	none	none	none	none	33:26600..27880:+	none	97.3	MOBT		no_slot_defined
NC_016827.2	MPF_FA	T4SS_virb4 AND NOT(T/F/I) AND >=2 FA/FATA	43	3	3	0	FA	medium	FA_orf13;FA_orf15;FA_orf17b		39:30877..33399:+	29:23958..24968:+	none	none	none	none	none	none	none	none	none	none	31:25717..26904:+	none	106.2	MOBT		no_slot_defined
NC_016967.1	MPF_FA	T4SS_virb4 AND NOT(T/F/I) AND >=2 FA/FATA	76	2	1	1	unassigned	minimal	FA_orf14	FATA_cd419a	44:43005..44960:+	none	39:36028..38883:+	39:36028..38883:+	none	none	none	none	52:49488..51008:+	52:49488..51008:+	none	none	none	none	318.3	MOBP1;MOBP2		no_slot_defined
NC_017177.1	MPF_FA	T4SS_virb4 AND NOT(T/F/I) AND >=2 FA/FATA	317	2	1	1	unassigned	minimal	FA_orf17a	FATA_cd419a	226:206223..208145:-	none	287:265556..267625:+	287:265556..267625:+	none	none	275:255433..257361:-	none	none	none	none	none	none	none	299.4	MOBF		no_slot_defined
NC_017202.1	MPF_FA	T4SS_virb4 AND NOT(T/F/I) AND >=2 FA/FATA	144	3	0	3	FATA	medium		FATA_cd419a;FATA_trsD;FATA_trsG	61:66730..67614:-	none	78:83148..84830:+	78:83148..84830:+	none	none	none	none	none	none	none	75:77783..79879:+	none	none	116.8	MOBQ		no_slot_defined
NC_017205.1	MPF_FA	T4SS_virb4 AND NOT(T/F/I) AND >=2 FA/FATA	88	5	0	5	FATA	high		FATA_cd419a;FATA_trsC;FATA_trsD;FATA_trsG;FATA_trsL	17:17435..19327:+	none	12:13814..15139:+	12:13814..15139:+	none	none	none	none	9:7974..10517:+	none	9:7974..10517:+	none	none	none	292.2	MOBP1;MOBP3		no_slot_defined
NC_017313.1	MPF_FA	T4SS_virb4 AND NOT(T/F/I) AND >=2 FA/FATA	57	8	0	8	FATA	high		FATA_cd419a;FATA_prgB;FATA_prgC;FATA_prgF;FATA_prgHb;FATA_prgIc;FATA_prgK;FATA_prgL	19:18944..21334:+	none	25:26079..27908:+	25:26079..27908:+	none	none	none	none	29:31026..32711:+	none	none	none	none	none	293.5	MOBP1		no_slot_defined
NC_017315.1	MPF_FA	T4SS_virb4 AND NOT(T/F/I) AND >=2 FA/FATA	59	6	3	3	unassigned	high	FA_orf13;FA_orf15;FA_orf17b	FATA_prgB;FATA_prgC;FATA_trsG	40:37236..39728:-	none	none	37:32276..34534:-	none	36:30968..31696:-	none	none	none	none	none	none	none	none	90.7	MOBC		no_slot_defined
NC_017476.1	MPF_FA	T4SS_virb4 AND NOT(T/F/I) AND >=2 FA/FATA	66	8	0	8	FATA	high		FATA_cd411;FATA_prgF;FATA_prgHa;FATA_prgHb;FATA_prgIa;FATA_prgIb;FATA_prgIc;FATA_trsG	9:10828..13284:-	none	13:14698..16593:-	13:14698..16593:-	none	none	none	none	1:2217..4424:-	none	none	none	none	none	330.3	MOBP1		no_slot_defined
NC_017483.1	MPF_FA	T4SS_virb4 AND NOT(T/F/I) AND >=2 FA/FATA	41	3	0	3	FATA	medium		FATA_prgF;FATA_prgHb;FATA_trsG	31:34056..36437:+	none	22:25785..26966:+	27:31525..32244:+	none	none	none	none	40:42587..44098:+	none	none	none	none	none	311.8	MOBP1		no_slot_defined
NC_017499.1	MPF_FA	T4SS_virb4 AND NOT(T/F/I) AND >=2 FA/FATA	264	2	0	2	FATA	minimal		FATA_prgB;FATA_prgC	107:96875..98803:-	none	111:102235..105099:-	111:102235..105099:-	none	none	none	none	none	142:138441..140219:-	none	none	none	none	244.7	MOBP2		no_slot_defined
NC_017543.1	MPF_FA	T4SS_virb4 AND NOT(T/F/I) AND >=2 FA/FATA	338	3	1	2	FATA	medium	FA_orf14	FATA_cd419a;FATA_trsC	236:268160..270229:+	83:118731..122801:-	202:236136..239198:+	202:236136..239198:+	none	161:197001..198071:+	none	none	none	none	none	none	none	none	292.0	MOBC		no_slot_defined
NC_017726.1	MPF_FA	T4SS_virb4 AND NOT(T/F/I) AND >=2 FA/FATA	193	3	1	2	FATA	medium	FA_orf14	FATA_cd419a;FATA_prgF	94:89418..91517:+	none	57:52133..55462:-	57:52133..55462:-	none	none	none	none	none	none	none	none	none	none	324.5			no_slot_defined
NC_017727.1	MPF_FA	T4SS_virb4 AND NOT(T/F/I) AND >=2 FA/FATA	105	2	1	1	unassigned	minimal	FA_orf14	FATA_cd419a	6:4733..6667:-	none	13:11888..13723:-	13:11888..13723:-	none	none	none	none	none	104:93792..94820:-	none	none	none	none	345.1	MOBP2		no_slot_defined
NC_017961.1	MPF_FA	T4SS_virb4 AND NOT(T/F/I) AND >=2 FA/FATA	38	6	5	1	FA	high	FA_orf13;FA_orf14;FA_orf15;FA_orf17a;FA_orf23	FATA_cd419a	34:29332..31779:+	29:22463..23848:+	none	none	none	none	none	none	none	none	none	none	30:24026..25231:+	20:16515..17777:+	93.8	MOBT;MOBV		no_slot_defined
NC_018223.1	MPF_FA	T4SS_virb4 AND NOT(T/F/I) AND >=2 FA/FATA	79	3	1	2	FATA	medium	FA_orf14	FATA_prgC;FATA_trsG	43:36089..38035:+	none	39:30924..33284:+	39:30924..33284:+	none	none	none	none	49:41587..42831:+	49:41587..42831:+	none	none	none	none	174.6	MOBP1;MOBP2		no_slot_defined
NC_018486.1	MPF_FA	T4SS_virb4 AND NOT(T/F/I) AND >=2 FA/FATA	173	2	1	1	unassigned	minimal	FA_orf14	FATA_cd419a	7:4198..6294:+	none	143:136612..140112:-	143:136612..140112:-	none	none	none	none	none	none	none	none	none	none	326.0			no_slot_defined
NC_018488.1	MPF_FA	T4SS_virb4 AND NOT(T/F/I) AND >=2 FA/FATA	77	5	0	5	FATA	high		FATA_cd419a;FATA_trsC;FATA_trsD;FATA_trsG;FATA_trsL	73:60069..61961:+	none	68:55857..57773:+	68:55857..57773:+	none	none	none	none	67:53287..55830:+	none	67:53287..55830:+	none	none	none	292.2	MOBP1;MOBP3		no_slot_defined
NC_018501.1	MPF_FA	T4SS_virb4 AND NOT(T/F/I) AND >=2 FA/FATA	172	2	1	1	unassigned	minimal	FA_orf14	FATA_cd419a	135:127314..129413:-	none	none	1:1418..2902:+	none	88:81836..82219:-	none	none	none	none	none	none	none	none	325.4	MOBC		no_slot_defined
NC_018510.1	MPF_FA	T4SS_virb4 AND NOT(T/F/I) AND >=2 FA/FATA	226	4	3	1	FA	medium	FA_orf13;FA_orf15;FA_orf17a	FATA_cd419a	180:181391..183949:-	207:207927..209090:-	none	185:187074..189899:-	none	184:186226..187068:-	none	none	none	none	none	none	none	none	100.2	MOBC		no_slot_defined
NC_018675.1	MPF_FA	T4SS_virb4 AND NOT(T/F/I) AND >=2 FA/FATA	47	3	3	0	FA	medium	FA_orf13;FA_orf15;FA_orf17b		29:20321..22843:+	19:13434..14444:+	none	none	none	none	none	none	none	none	none	none	21:15165..16349:+	none	110.9	MOBT		no_slot_defined
NC_018879.1	MPF_FA	T4SS_virb4 AND NOT(T/F/I) AND >=2 FA/FATA	91	5	0	5	FATA	high		FATA_cd419a;FATA_trsC;FATA_trsD;FATA_trsG;FATA_trsL	56:42547..44439:-	63:50776..51099:-	61:46735..48060:-	61:46735..48060:-	none	none	none	none	65:51358..53901:-	none	65:51358..53901:-	none	none	none	292.2	MOBP1;MOBP3		no_slot_defined
NC_018967.1	MPF_FA	T4SS_virb4 AND NOT(T/F/I) AND >=2 FA/FATA	39	7	0	7	FATA	high		FATA_prgF;FATA_trsC;FATA_trsD;FATA_trsF;FATA_trsG;FATA_trsJ;FATA_trsL	6:3957..5969:+	none	none	15:11875..13092:+	none	none	none	none	none	none	none	32:25582..27030:-	none	none	321.0	MOBQ		no_slot_defined
NC_019213.1	MPF_FA	T4SS_virb4 AND NOT(T/F/I) AND >=2 FA/FATA	47	6	1	5	FATA	high	FA_orf14	FATA_prgC;FATA_trsC;FATA_trsD;FATA_trsF;FATA_trsG	39:33674..35635:+	none	44:39125..40780:+	44:39125..40780:+	none	none	none	none	35:30295..32259:+	none	none	35:30295..32259:+	none	none	261.5	MOBP1;MOBQ		no_slot_defined
NC_019257.1	MPF_FA	T4SS_virb4 AND NOT(T/F/I) AND >=2 FA/FATA	83	3	2	1	FA	medium	FA_orf17a;FA_orf17b	FATA_cd419a	29:20666..23191:+	24:16216..17799:+	none	none	none	none	none	none	none	none	none	none	none	none	84.1			no_slot_defined
NC_019259.1	MPF_FA	T4SS_virb4 AND NOT(T/F/I) AND >=2 FA/FATA	51	3	2	1	FA	medium	FA_orf17a;FA_orf17b	FATA_cd419a	26:20117..22642:+	22:16605..18188:+	none	none	none	none	none	none	none	none	none	none	none	none	84.1			no_slot_defined
NC_019284.1	MPF_FA	T4SS_virb4 AND NOT(T/F/I) AND >=2 FA/FATA	51	6	1	5	FATA	high	FA_orf14	FATA_prgC;FATA_trsC;FATA_trsD;FATA_trsF;FATA_trsG	43:38349..40310:+	none	48:43800..45455:+	48:43800..45455:+	none	none	none	none	39:34970..36934:+	none	none	39:34970..36934:+	none	none	261.5	MOBP1;MOBQ		no_slot_defined
NC_019308.1	MPF_FA	T4SS_virb4 AND NOT(T/F/I) AND >=2 FA/FATA	28	3	0	3	FATA	medium		FATA_prgF;FATA_prgHb;FATA_trsG	18:17704..20085:+	none	14:14063..15892:+	14:14063..15892:+	none	none	none	none	27:26235..27746:+	none	none	none	none	none	308.8	MOBP1		no_slot_defined
NC_019688.1	MPF_FA	T4SS_virb4 AND NOT(T/F/I) AND >=2 FA/FATA	80	3	2	1	FA	medium	FA_orf17a;FA_orf17b	FATA_cd419a	26:19746..22271:+	22:16234..17817:+	none	none	none	1:596..811:+	none	none	none	none	none	none	none	none	84.8	MOBC		no_slot_defined
NC_019699.1	MPF_FA	T4SS_virb4 AND NOT(T/F/I) AND >=2 FA/FATA	354	2	0	2	FATA	minimal		FATA_cd419a;FATA_prgC	237:243059..245938:+	none	244:252822..254567:+	244:252822..254567:+	none	none	228:235101..236870:-	none	188:189953..191401:+	none	none	none	none	none	124.2	MOBF;MOBP1		no_slot_defined
NC_019898.1	MPF_FA	T4SS_virb4 AND NOT(T/F/I) AND >=2 FA/FATA	162	3	2	1	FA	medium	FA_orf17a;FA_orf19	FATA_cd419a	38:33306..35957:-	49:44648..47035:+	49:44648..47035:+	49:44648..47035:+	none	124:122299..122697:-	none	none	none	none	none	none	none	none	118.1	MOBC		no_slot_defined
NC_020239.1	MPF_FA	T4SS_virb4 AND NOT(T/F/I) AND >=2 FA/FATA	96	3	0	3	FATA	medium		FATA_cd419a;FATA_trsD;FATA_trsG	18:16442..18316:-	none	34:32309..34570:+	34:32309..34570:+	none	none	none	none	none	none	none	33:30202..32298:+	none	none	263.1	MOBQ		no_slot_defined
NC_020240.1	MPF_FA	T4SS_virb4 AND NOT(T/F/I) AND >=2 FA/FATA	82	2	1	1	unassigned	minimal	FA_orf14	FATA_cd419a	8:7316..9250:-	none	14:14926..16905:-	14:14926..16905:-	none	none	none	none	none	81:70745..71773:-	none	none	none	none	346.0	MOBP2		no_slot_defined
NC_020249.1	MPF_FA	T4SS_virb4 AND NOT(T/F/I) AND >=2 FA/FATA	71	4	3	1	FA	medium	FA_orf13;FA_orf15;FA_orf17a	FATA_cd419a	64:66656..69244:+	64:66656..69244:+	none	58:60829..63738:+	none	59:63738..64592:+	none	none	29:38492..39430:-	none	none	none	none	none	92.1	MOBC;MOBP1		no_slot_defined
NC_020382.1	MPF_FA	T4SS_virb4 AND NOT(T/F/I) AND >=2 FA/FATA	84	5	0	5	FATA	high		FATA_cd419a;FATA_trsC;FATA_trsD;FATA_trsG;FATA_trsL	64:48247..50139:-	none	69:52434..54350:-	69:52434..54350:-	none	none	none	none	70:54377..56920:-	none	70:54377..56920:-	none	none	none	292.2	MOBP1;MOBP3		no_slot_defined
NC_020392.1	MPF_FA	T4SS_virb4 AND NOT(T/F/I) AND >=2 FA/FATA	58	4	3	1	FA	medium	FA_orf13;FA_orf15;FA_orf17a	FATA_cd419a	14:23773..26361:-	14:23773..26361:-	none	20:29279..32461:-	none	19:28425..29279:-	none	none	49:53861..54799:+	none	none	none	none	none	92.1	MOBC;MOBP1		no_slot_defined
NC_020393.1	MPF_FA	T4SS_virb4 AND NOT(T/F/I) AND >=2 FA/FATA	130	3	0	3	FATA	medium		FATA_cd419a;FATA_trsD;FATA_trsG	41:43529..45403:-	none	56:57677..59938:+	56:57677..59938:+	none	none	none	none	none	none	none	55:55570..57666:+	none	none	263.1	MOBQ		no_slot_defined
NC_020394.1	MPF_FA	T4SS_virb4 AND NOT(T/F/I) AND >=2 FA/FATA	197	2	1	1	unassigned	minimal	FA_orf14	FATA_cd419a	194:227840..228808:+	none	129:171080..172225:-	125:163450..165216:-	none	none	none	none	none	none	none	none	none	none	154.4			no_slot_defined
NC_020535.1	MPF_FA	T4SS_virb4 AND NOT(T/F/I) AND >=2 FA/FATA	39	7	0	7	FATA	high		FATA_prgF;FATA_trsC;FATA_trsD;FATA_trsF;FATA_trsG;FATA_trsJ;FATA_trsL	12:12498..14510:+	none	18:19986..21626:+	18:19986..21626:+	none	none	none	none	none	none	none	33:33391..34293:-	none	none	317.4	MOBQ		no_slot_defined
NC_021076.1	MPF_FA	T4SS_virb4 AND NOT(T/F/I) AND >=2 FA/FATA	45	3	2	1	FA	medium	FA_orf15;FA_orf17a	FATA_trsG	15:15466..18051:+	none	none	none	none	none	none	none	none	none	none	none	none	none	121.0			no_slot_defined
NC_021519.1	MPF_FA	T4SS_virb4 AND NOT(T/F/I) AND >=2 FA/FATA	75	2	0	2	FATA	minimal		FATA_cd419a;FATA_prgB	43:44813..46765:+	none	29:29301..32012:+	29:29301..32012:+	none	none	none	none	none	57:54174..56363:+	none	none	none	none	184.3	MOBP2		no_slot_defined
NC_022111.1	MPF_FA	T4SS_virb4 AND NOT(T/F/I) AND >=2 FA/FATA	1397	2	0	2	FATA	minimal		FATA_cd419a;FATA_prgC	140:188889..191402:+	695:846570..848666:+	133:181717..183720:-	133:181717..183720:-	none	none	1390:1763106..1764539:-	none	1173:1493856..1494917:+	none	none	none	none	none	297.1	MOBF;MOBP1		no_slot_defined
NC_022602.1	MPF_FA	T4SS_virb4 AND NOT(T/F/I) AND >=2 FA/FATA	48	7	1	6	FATA	high	FA_orf14	FATA_cd419a;FATA_trsC;FATA_trsD;FATA_trsF;FATA_trsJ;FATA_trsL	6:4383..6353:+	none	11:9860..11377:+	11:9860..11377:+	none	none	none	none	none	none	none	0:22..1452:+	none	none	306.1	MOBQ		no_slot_defined
NC_022603.1	MPF_FA	T4SS_virb4 AND NOT(T/F/I) AND >=2 FA/FATA	63	7	1	6	FATA	high	FA_orf14	FATA_cd419a;FATA_trsC;FATA_trsD;FATA_trsF;FATA_trsJ;FATA_trsL	5:2974..4944:+	none	11:8458..9975:+	11:8458..9975:+	none	none	none	none	none	none	none	none	none	none	309.3			no_slot_defined
NC_022782.1	MPF_FA	T4SS_virb4 AND NOT(T/F/I) AND >=2 FA/FATA	93	4	3	1	FA	medium	FA_orf13;FA_orf15;FA_orf17a	FATA_cd419a	44:37632..40190:-	77:66484..67647:-	none	51:43701..46424:-	none	50:42853..43695:-	none	none	none	none	none	none	none	none	96.3	MOBC		no_slot_defined
NC_022875.1	MPF_FA	T4SS_virb4 AND NOT(T/F/I) AND >=2 FA/FATA	63	10	1	9	FATA	high	FA_orf14	FATA_cd411;FATA_cd419a;FATA_gbs1347;FATA_prgF;FATA_prgHa;FATA_prgHb;FATA_prgIa;FATA_prgIb;FATA_prgIc	21:16734..19148:+	3:2988..4169:-	30:26282..28102:+	30:26282..28102:+	none	none	none	none	58:43959..45251:-	none	none	none	none	none	332.8	MOBP1		no_slot_defined
NC_022879.1	MPF_FA	T4SS_virb4 AND NOT(T/F/I) AND >=2 FA/FATA	181	5	0	5	FATA	high		FATA_gbs1365;FATA_prgC;FATA_prgF;FATA_prgHb;FATA_prgIc	51:55623..57902:+	none	46:52274..54058:+	46:52274..54058:+	none	131:132213..133055:+	none	none	62:70867..72378:+	none	none	none	none	none	275.6	MOBC;MOBP1		no_slot_defined
NC_022880.1	MPF_FA	T4SS_virb4 AND NOT(T/F/I) AND >=2 FA/FATA	37	5	5	0	FA	high	FA_orf13;FA_orf15;FA_orf17a;FA_orf17b;FA_orf23		30:30781..33285:+	21:21895..23247:+	none	none	none	none	none	none	none	none	none	none	22:23652..24875:+	none	95.4	MOBT		no_slot_defined
NC_023284.1	MPF_FA	T4SS_virb4 AND NOT(T/F/I) AND >=2 FA/FATA	421	2	1	1	unassigned	minimal	FA_orf17a	FATA_cd419a	25:20917..23520:+	none	none	30:28896..31382:+	none	31:31379..32413:+	none	none	none	none	none	none	none	none	82.9	MOBC		no_slot_defined
NC_023285.1	MPF_FA	T4SS_virb4 AND NOT(T/F/I) AND >=2 FA/FATA	419	2	1	1	unassigned	minimal	FA_orf17a	FATA_cd419a	25:20909..23515:+	none	none	30:28909..31398:+	none	31:31395..32411:+	none	none	none	none	none	none	none	none	81.5	MOBC		no_slot_defined
NC_025146.1	MPF_FA	T4SS_virb4 AND NOT(T/F/I) AND >=2 FA/FATA	346	2	0	2	FATA	minimal		FATA_cd419a;FATA_prgIb	189:146537..148399:+	none	213:169732..170949:+	212:167675..169621:+	none	none	none	167:129384..130283:+	none	none	none	none	none	none	316.9	MOBH		no_slot_defined
NC_025249.1	MPF_FA	T4SS_virb4 AND NOT(T/F/I) AND >=2 FA/FATA	63	5	0	5	FATA	high		FATA_prgB;FATA_prgHb;FATA_prgIc;FATA_prgK;FATA_prgL	19:13488..15878:+	none	27:21811..23649:+	27:21811..23649:+	none	none	none	none	37:32151..32666:+	none	none	none	none	none	262.2	MOBP1		no_slot_defined
NZ_AP012550.1	MPF_FA	T4SS_virb4 AND NOT(T/F/I) AND >=2 FA/FATA	47	7	0	7	FATA	high		FATA_prgF;FATA_trsC;FATA_trsD;FATA_trsF;FATA_trsG;FATA_trsJ;FATA_trsL	26:23266..25278:+	none	33:30752..32392:+	33:30752..32392:+	none	none	none	none	none	none	none	8:8145..10142:-	none	17:16147..17409:-	317.8	MOBQ;MOBV		no_slot_defined
NZ_AP014834.1	MPF_FA	T4SS_virb4 AND NOT(T/F/I) AND >=2 FA/FATA	189	3	1	2	FATA	medium	FA_orf14	FATA_cd419a;FATA_prgF	92:89449..91548:+	none	56:52147..55476:-	56:52147..55476:-	none	none	none	none	none	none	none	none	none	none	325.1			no_slot_defined
NZ_AP014835.1	MPF_FA	T4SS_virb4 AND NOT(T/F/I) AND >=2 FA/FATA	111	2	1	1	unassigned	minimal	FA_orf14	FATA_cd419a	8:4730..6664:-	none	15:11885..13720:-	15:11885..13720:-	none	none	none	none	110:94530..94814:-	110:94530..94814:-	none	none	none	none	345.1	MOBP1;MOBP2		no_slot_defined
NZ_AP014868.1	MPF_FA	T4SS_virb4 AND NOT(T/F/I) AND >=2 FA/FATA	54	4	3	1	FA	medium	FA_orf13;FA_orf15;FA_orf17a	FATA_cd419a	3:5419..8007:-	3:5419..8007:-	none	9:10925..14107:-	none	8:10071..10925:-	none	none	38:35507..36445:+	none	none	none	none	none	92.1	MOBC;MOBP1		no_slot_defined
NZ_AP017321.1	MPF_FA	T4SS_virb4 AND NOT(T/F/I) AND >=2 FA/FATA	60	7	0	7	FATA	high		FATA_prgF;FATA_trsC;FATA_trsD;FATA_trsF;FATA_trsG;FATA_trsJ;FATA_trsL	45:41629..43641:+	none	51:49117..50757:+	51:49117..50757:+	none	none	none	none	none	none	none	25:25779..27776:-	none	none	317.4	MOBQ		no_slot_defined
NZ_AP017631.1	MPF_FA	T4SS_virb4 AND NOT(T/F/I) AND >=2 FA/FATA	57	3	2	1	FA	medium	FA_orf17a;FA_orf17b	FATA_cd419a	10:6473..8995:+	4:2617..4215:+	none	none	none	40:34746..35276:+	none	none	none	none	none	none	none	none	82.6	MOBC		no_slot_defined
NZ_AP017976.1	MPF_FA	T4SS_virb4 AND NOT(T/F/I) AND >=2 FA/FATA	45	5	0	5	FATA	high		FATA_cd411;FATA_prgF;FATA_prgHa;FATA_prgHb;FATA_prgIb	6:5481..7769:-	none	none	44:34710..35642:-	none	none	none	none	36:29265..30881:+	none	none	none	none	none	307.7	MOBP1		no_slot_defined
NZ_AP018444.1	MPF_FA	T4SS_virb4 AND NOT(T/F/I) AND >=2 FA/FATA	191	3	1	2	FATA	medium	FA_orf14	FATA_cd419a;FATA_prgF	93:89450..91549:+	none	57:52147..55476:-	57:52147..55476:-	none	none	none	none	none	none	none	none	none	none	324.3			no_slot_defined
NZ_AP018445.1	MPF_FA	T4SS_virb4 AND NOT(T/F/I) AND >=2 FA/FATA	107	2	1	1	unassigned	minimal	FA_orf14	FATA_cd419a	6:4733..6667:-	none	14:12266..13723:-	12:11068..11886:-	none	none	none	none	none	106:93770..94798:-	none	none	none	none	345.1	MOBP2		no_slot_defined
NZ_AP018539.1	MPF_FA	T4SS_virb4 AND NOT(T/F/I) AND >=2 FA/FATA	113	6	3	3	unassigned	high	FA_orf13;FA_orf15;FA_orf17b	FATA_prgB;FATA_prgC;FATA_trsG	34:29308..31872:+	none	none	37:34574..36832:+	none	38:37412..38140:+	none	none	none	none	none	none	none	none	88.4	MOBC		no_slot_defined
NZ_AP018540.1	MPF_FA	T4SS_virb4 AND NOT(T/F/I) AND >=2 FA/FATA	75	2	1	1	unassigned	minimal	FA_orf14	FATA_prgB	23:26429..28978:+	none	19:20640..23186:+	19:20640..23186:+	none	none	none	none	34:37425..39602:+	34:37425..39602:+	none	none	none	none	146.9	MOBP1;MOBP2		no_slot_defined
NZ_AP018541.1	MPF_FA	T4SS_virb4 AND NOT(T/F/I) AND >=2 FA/FATA	66	8	2	6	FATA	high	FA_orf13;FA_orf14	FATA_prgC;FATA_trsC;FATA_trsD;FATA_trsF;FATA_trsG;FATA_trsL	23:17655..19616:+	none	28:23106..24761:+	28:23106..24761:+	none	none	none	none	19:14276..16240:+	none	none	19:14276..16240:+	36:30727..31869:-	none	261.5	MOBP1;MOBQ;MOBT		no_slot_defined
NZ_AP018542.1	MPF_FA	T4SS_virb4 AND NOT(T/F/I) AND >=2 FA/FATA	36	9	1	8	FATA	high	FA_orf14	FATA_cd411;FATA_cd419a;FATA_gbs1347;FATA_prgF;FATA_prgHa;FATA_prgHb;FATA_prgIa;FATA_prgIc	6:4010..6409:+	none	13:11440..13434:+	13:11440..13434:+	none	none	none	none	31:31480..32781:-	none	none	none	none	none	320.4	MOBP1		no_slot_defined
NZ_AP018544.1	MPF_FA	T4SS_virb4 AND NOT(T/F/I) AND >=2 FA/FATA	113	6	3	3	unassigned	high	FA_orf13;FA_orf15;FA_orf17b	FATA_prgB;FATA_prgC;FATA_trsG	34:29308..31872:+	none	none	37:34574..36832:+	none	38:37412..38140:+	none	none	none	none	none	none	none	none	88.4	MOBC		no_slot_defined
NZ_AP018545.1	MPF_FA	T4SS_virb4 AND NOT(T/F/I) AND >=2 FA/FATA	75	2	1	1	unassigned	minimal	FA_orf14	FATA_prgB	23:26429..28978:+	none	19:20640..23186:+	19:20640..23186:+	none	none	none	none	34:37425..39602:+	34:37425..39602:+	none	none	none	none	146.9	MOBP1;MOBP2		no_slot_defined
NZ_AP018546.1	MPF_FA	T4SS_virb4 AND NOT(T/F/I) AND >=2 FA/FATA	66	8	2	6	FATA	high	FA_orf13;FA_orf14	FATA_prgC;FATA_trsC;FATA_trsD;FATA_trsF;FATA_trsG;FATA_trsL	23:17655..19616:+	none	28:23106..24761:+	28:23106..24761:+	none	none	none	none	19:14276..16240:+	none	none	19:14276..16240:+	36:30727..31869:-	none	261.5	MOBP1;MOBQ;MOBT		no_slot_defined
NZ_AP018547.1	MPF_FA	T4SS_virb4 AND NOT(T/F/I) AND >=2 FA/FATA	36	9	1	8	FATA	high	FA_orf14	FATA_cd411;FATA_cd419a;FATA_gbs1347;FATA_prgF;FATA_prgHa;FATA_prgHb;FATA_prgIa;FATA_prgIc	6:4010..6409:+	none	13:11440..13434:+	13:11440..13434:+	none	none	none	none	31:31480..32781:-	none	none	none	none	none	320.4	MOBP1		no_slot_defined
NZ_AP019732.1	MPF_FA	T4SS_virb4 AND NOT(T/F/I) AND >=2 FA/FATA	193	3	1	2	FATA	medium	FA_orf14	FATA_cd419a;FATA_prgF	119:108902..111001:-	none	156:145239..148568:+	156:145239..148568:+	none	none	none	none	none	none	none	none	none	none	324.3			no_slot_defined
NZ_AP019733.1	MPF_FA	T4SS_virb4 AND NOT(T/F/I) AND >=2 FA/FATA	108	2	1	1	unassigned	minimal	FA_orf14	FATA_cd419a	47:40788..42722:-	none	55:47880..49715:-	55:47880..49715:-	none	none	none	none	none	38:35025..36581:-	none	none	none	none	345.1	MOBP2		no_slot_defined
NZ_AP019752.1	MPF_FA	T4SS_virb4 AND NOT(T/F/I) AND >=2 FA/FATA	58	3	2	1	FA	medium	FA_orf15;FA_orf17a	FATA_trsG	47:38275..40863:-	none	none	none	none	51:42834..43694:-	none	none	none	none	none	none	none	20:19699..20199:-	119.5	MOBC;MOBV		no_slot_defined
NZ_AP019811.1	MPF_FA	T4SS_virb4 AND NOT(T/F/I) AND >=2 FA/FATA	60	5	2	3	unassigned	high	FA_orf13;FA_orf15	FATA_cd419a;FATA_prgC;FATA_trsG	6:9595..12090:-	none	none	4:4881..7076:-	none	3:3550..4392:-	none	none	none	none	none	none	none	none	107.3	MOBC		no_slot_defined
NZ_AP019812.1	MPF_FA	T4SS_virb4 AND NOT(T/F/I) AND >=2 FA/FATA	58	5	5	0	FA	high	FA_orf13;FA_orf15;FA_orf17a;FA_orf17b;FA_orf23		10:8236..10740:-	19:18266..19618:-	none	none	none	none	none	none	none	none	none	none	18:16646..17869:-	none	97.5	MOBT		no_slot_defined
NZ_AP022858.1	MPF_FA	T4SS_virb4 AND NOT(T/F/I) AND >=2 FA/FATA	284	2	1	1	unassigned	minimal	FA_orf14	FATA_cd419a	71:59301..61400:-	none	113:102588..106088:+	113:102588..106088:+	none	none	201:191117..194872:+	none	none	none	none	none	none	none	329.4	MOBF		no_slot_defined
NZ_AP022875.1	MPF_FA	T4SS_virb4 AND NOT(T/F/I) AND >=2 FA/FATA	294	2	1	1	unassigned	minimal	FA_orf14	FATA_cd419a	140:140161..142260:-	none	181:183175..186675:+	181:183175..186675:+	none	none	268:269924..273679:+	none	none	none	none	none	none	none	329.4	MOBF		no_slot_defined
NZ_AP022878.1	MPF_FA	T4SS_virb4 AND NOT(T/F/I) AND >=2 FA/FATA	288	2	1	1	unassigned	minimal	FA_orf14	FATA_cd419a	214:202574..203542:-	none	285:275331..278831:+	285:275331..278831:+	none	none	none	none	none	none	none	none	none	none	157.6			no_slot_defined
NZ_AP022887.1	MPF_FA	T4SS_virb4 AND NOT(T/F/I) AND >=2 FA/FATA	109	2	1	1	unassigned	minimal	FA_orf14	FATA_cd419a	64:51046..52974:+	none	59:44613..46475:+	59:44613..46475:+	none	none	none	none	69:56157..57809:+	69:56157..57809:+	none	none	none	none	305.5	MOBP1;MOBP2		no_slot_defined
NZ_AP022904.1	MPF_FA	T4SS_virb4 AND NOT(T/F/I) AND >=2 FA/FATA	303	2	1	1	unassigned	minimal	FA_orf14	FATA_cd419a	207:212427..214526:+	none	166:168013..171513:-	166:168013..171513:-	none	none	79:81016..84771:-	none	none	none	none	none	none	none	329.4	MOBF		no_slot_defined
NZ_AP022908.1	MPF_FA	T4SS_virb4 AND NOT(T/F/I) AND >=2 FA/FATA	376	2	1	1	unassigned	minimal	FA_orf14	FATA_cd419a	253:257206..258054:-	none	326:332347..335847:+	326:332347..335847:+	none	none	none	none	none	none	none	none	none	none	144.6			no_slot_defined
NZ_AP022916.1	MPF_FA	T4SS_virb4 AND NOT(T/F/I) AND >=2 FA/FATA	284	2	1	1	unassigned	minimal	FA_orf14	FATA_cd419a	176:188602..190701:-	none	218:231892..235392:+	218:231892..235392:+	none	none	21:23833..27588:+	none	none	none	none	none	none	none	329.4	MOBF		no_slot_defined
NZ_AP022922.1	MPF_FA	T4SS_virb4 AND NOT(T/F/I) AND >=2 FA/FATA	317	2	1	1	unassigned	minimal	FA_orf14	FATA_cd419a	46:48873..50972:+	none	4:4180..7680:-	4:4180..7680:-	none	none	234:244872..248627:-	none	none	none	none	none	none	none	329.4	MOBF		no_slot_defined
NZ_AP022928.1	MPF_FA	T4SS_virb4 AND NOT(T/F/I) AND >=2 FA/FATA	376	2	1	1	unassigned	minimal	FA_orf14	FATA_cd419a	154:155429..157528:-	none	196:198438..201938:+	196:198438..201938:+	none	none	308:315082..318837:+	none	none	none	none	none	none	none	329.4	MOBF		no_slot_defined
NZ_AP022929.1	MPF_FA	T4SS_virb4 AND NOT(T/F/I) AND >=2 FA/FATA	205	7	6	1	FA	high	FA_orf13;FA_orf14;FA_orf15;FA_orf17a;FA_orf17b;FA_orf19	FATA_cd419a	65:63322..64857:-	15:12193..13308:-	74:75325..78408:-	74:75325..78408:-	none	157:162708..163424:-	none	none	none	none	none	none	none	none	81.3	MOBC		no_slot_defined
NZ_AP022937.1	MPF_FA	T4SS_virb4 AND NOT(T/F/I) AND >=2 FA/FATA	343	2	1	1	unassigned	minimal	FA_orf14	FATA_cd419a	39:36247..37215:+	none	310:311813..315313:-	310:311813..315313:-	none	none	215:217203..220958:-	none	none	none	none	none	none	none	157.6	MOBF		no_slot_defined
NZ_AP022938.1	MPF_FA	T4SS_virb4 AND NOT(T/F/I) AND >=2 FA/FATA	88	8	1	7	FATA	high	FA_orf14	FATA_cd411;FATA_cd419a;FATA_prgF;FATA_prgHa;FATA_prgHb;FATA_prgIa;FATA_prgIb	34:27777..30191:-	77:60436..61569:+	25:18172..19905:-	25:18172..19905:-	none	none	none	none	56:43775..45094:+	none	none	none	none	none	322.9	MOBP1		no_slot_defined
NZ_AP022939.1	MPF_FA	T4SS_virb4 AND NOT(T/F/I) AND >=2 FA/FATA	39	5	1	4	FATA	high	FA_orf14	FATA_cd419a;FATA_trsC;FATA_trsD;FATA_trsL	30:27484..29337:+	none	none	none	none	none	none	none	38:35423..36064:+	none	none	none	none	none	287.4	MOBP1		no_slot_defined
NZ_AP022947.1	MPF_FA	T4SS_virb4 AND NOT(T/F/I) AND >=2 FA/FATA	289	3	1	2	FATA	medium	FA_orf14	FATA_cd419a;FATA_prgC	28:26416..27384:+	none	243:236754..240254:-	243:236754..240254:-	none	none	none	none	none	none	none	none	none	none	157.6			no_slot_defined
NZ_AP022953.1	MPF_FA	T4SS_virb4 AND NOT(T/F/I) AND >=2 FA/FATA	318	2	1	1	unassigned	minimal	FA_orf14	FATA_cd419a	42:45934..48033:+	none	1:1520..5020:-	1:1520..5020:-	none	none	232:238588..242343:-	none	none	none	none	none	none	none	329.4	MOBF		no_slot_defined
NZ_AP022957.1	MPF_FA	T4SS_virb4 AND NOT(T/F/I) AND >=2 FA/FATA	324	2	1	1	unassigned	minimal	FA_orf14	FATA_cd419a	126:119312..121411:-	none	168:162600..166100:+	168:162600..166100:+	none	none	255:249341..253096:+	none	none	none	none	none	none	none	329.4	MOBF		no_slot_defined
NZ_AP022965.1	MPF_FA	T4SS_virb4 AND NOT(T/F/I) AND >=2 FA/FATA	282	2	1	1	unassigned	minimal	FA_orf14	FATA_cd419a	147:139741..140709:+	none	75:65401..68901:-	75:65401..68901:-	none	none	none	none	none	none	none	none	none	none	157.6			no_slot_defined
NZ_AP022966.1	MPF_FA	T4SS_virb4 AND NOT(T/F/I) AND >=2 FA/FATA	48	4	1	3	FATA	medium	FA_orf14	FATA_cd419a;FATA_trsD;FATA_trsL	23:19727..22219:-	none	14:11328..13223:-	14:11328..13223:-	none	none	none	none	15:13240..13884:-	none	none	none	none	15:13240..13884:-	303.6	MOBP1;MOBV		no_slot_defined
NZ_AP022971.1	MPF_FA	T4SS_virb4 AND NOT(T/F/I) AND >=2 FA/FATA	316	2	1	1	unassigned	minimal	FA_orf14	FATA_cd419a	231:240316..242415:-	none	273:283603..287103:+	273:283603..287103:+	none	none	44:45999..49754:+	none	none	none	none	none	none	none	329.4	MOBF		no_slot_defined
NZ_AP022982.1	MPF_FA	T4SS_virb4 AND NOT(T/F/I) AND >=2 FA/FATA	336	2	1	1	unassigned	minimal	FA_orf14	FATA_cd419a	279:284188..286287:+	none	209:216419..219919:-	209:216419..219919:-	none	none	none	none	none	none	none	none	none	none	329.4			no_slot_defined
NZ_AP022983.1	MPF_FA	T4SS_virb4 AND NOT(T/F/I) AND >=2 FA/FATA	109	2	1	1	unassigned	minimal	FA_orf14	FATA_cd419a	73:57317..59245:+	none	68:50884..52746:+	68:50884..52746:+	none	none	none	none	78:62428..64080:+	78:62428..64080:+	none	none	none	none	305.5	MOBP1;MOBP2		no_slot_defined
NZ_AP022987.1	MPF_FA	T4SS_virb4 AND NOT(T/F/I) AND >=2 FA/FATA	334	2	1	1	unassigned	minimal	FA_orf14	FATA_cd419a	200:202524..203492:+	none	125:128188..131688:-	125:128188..131688:-	none	none	none	none	none	none	none	none	none	none	157.6			no_slot_defined
NZ_AP022988.1	MPF_FA	T4SS_virb4 AND NOT(T/F/I) AND >=2 FA/FATA	252	7	6	1	FA	high	FA_orf13;FA_orf14;FA_orf15;FA_orf17a;FA_orf17b;FA_orf19	FATA_cd419a	127:131015..132550:+	196:209182..210297:+	118:117468..120551:+	118:117468..120551:+	none	8:8667..9383:+	none	none	none	none	none	none	none	none	81.3	MOBC		no_slot_defined
NZ_AP022989.1	MPF_FA	T4SS_virb4 AND NOT(T/F/I) AND >=2 FA/FATA	85	5	0	5	FATA	high		FATA_cd419a;FATA_trsC;FATA_trsD;FATA_trsG;FATA_trsL	17:19045..19908:-	none	22:22204..23529:-	22:22204..23529:-	none	none	none	none	26:26825..29368:-	none	26:26825..29368:-	none	none	none	139.3	MOBP1;MOBP3		no_slot_defined
NZ_AP023001.1	MPF_FA	T4SS_virb4 AND NOT(T/F/I) AND >=2 FA/FATA	252	2	1	1	unassigned	minimal	FA_orf14	FATA_cd419a	90:76406..78505:-	none	133:119692..123192:+	133:119692..123192:+	none	none	none	none	none	none	none	none	none	none	329.4			no_slot_defined
NZ_AP023416.1	MPF_FA	T4SS_virb4 AND NOT(T/F/I) AND >=2 FA/FATA	857	16	7	9	unassigned	high	FA_orf13;FA_orf14;FA_orf15;FA_orf17a;FA_orf17b;FA_orf19;FA_orf23	FATA_cd411;FATA_cd419_1;FATA_cd419a;FATA_cd419b;FATA_prgF;FATA_prgHa;FATA_prgHb;FATA_prgIa;FATA_prgIb	572:578498..580873:+	6:5223..6617:+	605:609295..611064:+	553:563181..564992:+	none	792:799292..799630:-	none	none	631:635509..636873:-	none	none	564:570756..572336:+	7:6801..7997:+	none	342.7	MOBC;MOBP1;MOBQ;MOBT		no_slot_defined
NZ_AP023421.1	MPF_FA	T4SS_virb4 AND NOT(T/F/I) AND >=2 FA/FATA	517	8	0	8	FATA	high		FATA_cd411;FATA_cd419a;FATA_prgF;FATA_prgHa;FATA_prgHb;FATA_prgIa;FATA_prgIb;FATA_prgIc	511:495866..498304:+	none	496:482138..483478:+	506:492718..493482:+	none	none	none	none	none	none	none	502:488920..490416:+	none	332:319645..320085:-	329.0	MOBQ;MOBV		no_slot_defined
NZ_AP024505.1	MPF_FA	T4SS_virb4 AND NOT(T/F/I) AND >=2 FA/FATA	355	2	1	1	unassigned	minimal	FA_orf14	FATA_cd419a	260:258081..258929:+	none	187:180284..183784:-	187:180284..183784:-	none	none	none	none	none	none	none	none	none	none	144.6			no_slot_defined
NZ_AP024686.1	MPF_FA	T4SS_virb4 AND NOT(T/F/I) AND >=2 FA/FATA	70	2	1	1	unassigned	minimal	FA_orf14	FATA_cd419a	64:59731..61701:+	none	0:153..2534:+	0:153..2534:+	none	none	none	none	none	none	none	none	none	none	253.4			no_slot_defined
NZ_AP024724.1	MPF_FA	T4SS_virb4 AND NOT(T/F/I) AND >=2 FA/FATA	31	7	0	7	FATA	high		FATA_prgF;FATA_trsC;FATA_trsD;FATA_trsF;FATA_trsG;FATA_trsJ;FATA_trsL	5:2923..4935:+	none	11:10412..12052:+	11:10412..12052:+	none	none	none	none	none	none	none	24:22961..24958:-	none	none	317.4	MOBQ		no_slot_defined
NZ_AP025141.1	MPF_FA	T4SS_virb4 AND NOT(T/F/I) AND >=2 FA/FATA	315	4	0	4	FATA	medium		FATA_cd419_1;FATA_cd419a;FATA_gbs1369;FATA_prgIb	53:50757..52619:-	none	29:28805..30751:-	29:28805..30751:-	none	none	none	72:68878..69777:-	none	none	none	none	none	none	316.7	MOBH		no_slot_defined
NZ_AP025163.1	MPF_FA	T4SS_virb4 AND NOT(T/F/I) AND >=2 FA/FATA	41	4	0	4	FATA	medium		FATA_trsC;FATA_trsD;FATA_trsJ;FATA_trsL	34:27758..29758:-	none	28:22242..23741:-	28:22242..23741:-	none	none	none	none	none	none	none	40:32196..34256:-	none	none	323.3	MOBQ		no_slot_defined
NZ_AP025228.1	MPF_FA	T4SS_virb4 AND NOT(T/F/I) AND >=2 FA/FATA	67	3	2	1	FA	medium	FA_orf17a;FA_orf17b	FATA_cd419a	21:16356..18878:+	17:12883..14466:+	none	none	none	none	none	none	none	none	none	none	none	none	83.0			no_slot_defined
NZ_AP025272.1	MPF_FA	T4SS_virb4 AND NOT(T/F/I) AND >=2 FA/FATA	81	3	1	2	FATA	medium	FA_orf14	FATA_prgC;FATA_trsG	12:12369..14315:+	none	8:7207..9567:+	8:7207..9567:+	none	none	none	none	18:17867..19111:+	18:17867..19111:+	none	none	none	none	176.1	MOBP1;MOBP2		no_slot_defined
NZ_AP025636.1	MPF_FA	T4SS_virb4 AND NOT(T/F/I) AND >=2 FA/FATA	83	4	1	3	FATA	medium	FA_orf14	FATA_cd419_1;FATA_cd419a;FATA_prgC	9:8180..10105:-	none	14:14440..17070:-	14:14440..17070:-	none	none	none	none	2:2395..3906:-	2:2395..3906:-	none	none	none	none	224.5	MOBP1;MOBP2		no_slot_defined
NZ_AP026569.1	MPF_FA	T4SS_virb4 AND NOT(T/F/I) AND >=2 FA/FATA	96	2	1	1	unassigned	minimal	FA_orf14	FATA_cd419a	71:48211..50166:+	none	64:41193..43622:+	64:41193..43622:+	none	none	none	none	80:54533..55078:+	80:54533..55078:+	none	none	none	none	319.8	MOBP1;MOBP2		no_slot_defined
NZ_AP026711.1	MPF_FA	T4SS_virb4 AND NOT(T/F/I) AND >=2 FA/FATA	29	4	0	4	FATA	medium		FATA_cd411;FATA_prgF;FATA_prgHa;FATA_prgHb	18:16413..18974:+	none	14:12946..14646:+	14:12946..14646:+	none	none	none	none	12:10637..12343:+	none	none	none	none	none	339.7	MOBP1		no_slot_defined
NZ_AP026713.1	MPF_FA	T4SS_virb4 AND NOT(T/F/I) AND >=2 FA/FATA	30	2	0	2	FATA	minimal		FATA_cd411;FATA_prgF	28:27867..30428:-	none	3:1248..2948:-	3:1248..2948:-	none	none	none	none	5:3551..5257:-	none	none	none	none	none	339.7	MOBP1		no_slot_defined
NZ_AP026722.1	MPF_FA	T4SS_virb4 AND NOT(T/F/I) AND >=2 FA/FATA	83	2	1	1	unassigned	minimal	FA_orf14	FATA_prgB	69:55472..58027:-	none	72:60536..63067:-	72:60536..63067:-	none	none	none	none	59:47639..49699:-	59:47639..49699:-	none	none	none	none	147.6	MOBP1;MOBP2		no_slot_defined
NZ_AP026773.1	MPF_FA	T4SS_virb4 AND NOT(T/F/I) AND >=2 FA/FATA	158	7	1	6	FATA	high	FA_orf14	FATA_prgC;FATA_trsC;FATA_trsD;FATA_trsF;FATA_trsG;FATA_trsL	74:67645..69606:+	116:109027..110403:+	79:73096..74751:+	79:73096..74751:+	none	17:12571..13374:+	none	none	70:64245..66230:+	none	none	70:64245..66230:+	none	none	261.7	MOBC;MOBP1;MOBQ		no_slot_defined
NZ_AP026824.1	MPF_FA	T4SS_virb4 AND NOT(T/F/I) AND >=2 FA/FATA	144	7	6	1	FA	high	FA_orf13;FA_orf14;FA_orf15;FA_orf17a;FA_orf19;FA_orf23	FATA_cd419a	20:19573..22020:-	25:24746..26131:-	none	136:105116..107446:+	none	none	none	none	none	none	none	none	24:23363..24568:-	none	93.8	MOBT		no_slot_defined
NZ_AP026872.1	MPF_FA	T4SS_virb4 AND NOT(T/F/I) AND >=2 FA/FATA	56	3	2	1	FA	medium	FA_orf17a;FA_orf17b	FATA_cd419a	48:37021..39543:+	42:33161..34750:+	none	none	none	none	none	none	none	none	none	none	none	none	88.5			no_slot_defined
NZ_AP027137.1	MPF_FA	T4SS_virb4 AND NOT(T/F/I) AND >=2 FA/FATA	97	8	6	2	FA	high	FA_orf13;FA_orf14;FA_orf15;FA_orf17a;FA_orf19;FA_orf23	FATA_cd419_1;FATA_cd419a	15:15569..18016:-	20:20742..22127:-	none	none	none	none	none	none	27:26461..28146:+	none	none	none	19:19359..20564:-	6:4357..5619:-	93.8	MOBP1;MOBT;MOBV		no_slot_defined
NZ_AP027296.1	MPF_FA	T4SS_virb4 AND NOT(T/F/I) AND >=2 FA/FATA	44	5	2	3	unassigned	high	FA_orf13;FA_orf14	FATA_cd419a;FATA_trsF;FATA_trsL	19:21643..22293:+	none	25:26347..27873:+	25:26347..27873:+	none	none	none	none	none	none	none	none	none	5:7628..7924:+	104.4	MOBV		no_slot_defined
NZ_AP027300.1	MPF_FA	T4SS_virb4 AND NOT(T/F/I) AND >=2 FA/FATA	51	6	5	1	FA	high	FA_orf13;FA_orf14;FA_orf15;FA_orf17a;FA_orf19	FATA_cd419a	4:2887..4617:+	none	none	none	none	none	none	none	none	none	none	none	0:342..1592:+	14:13862..15124:+	68.5	MOBT;MOBV		no_slot_defined
NZ_AP027303.1	MPF_FA	T4SS_virb4 AND NOT(T/F/I) AND >=2 FA/FATA	64	7	6	1	FA	high	FA_orf13;FA_orf14;FA_orf15;FA_orf17a;FA_orf19;FA_orf23	FATA_cd419a	50:38422..40869:-	55:43595..44980:-	none	none	none	none	none	none	62:49370..51055:+	none	none	none	54:42212..43417:-	41:27209..28471:-	93.8	MOBP1;MOBT;MOBV		no_slot_defined
NZ_AP028060.1	MPF_FA	T4SS_virb4 AND NOT(T/F/I) AND >=2 FA/FATA	83	2	1	1	unassigned	minimal	FA_orf14	FATA_cd419a	30:24487..26382:+	none	26:18287..20647:+	26:18287..20647:+	none	none	none	none	36:30135..31367:+	36:30135..31367:+	none	none	none	none	257.2	MOBP1;MOBP2		no_slot_defined
NZ_AP028148.1	MPF_FA	T4SS_virb4 AND NOT(T/F/I) AND >=2 FA/FATA	76	2	0	2	FATA	minimal		FATA_cd419a;FATA_prgB	57:53163..55115:-	none	75:71434..72198:-	74:70080..71474:-	none	none	none	none	none	40:42488..44677:-	none	none	none	none	183.2	MOBP2		no_slot_defined
NZ_CP001971.2	MPF_FA	T4SS_virb4 AND NOT(T/F/I) AND >=2 FA/FATA	190	3	1	2	FATA	medium	FA_orf14	FATA_cd419a;FATA_prgF	93:89450..91549:+	none	57:52148..55477:-	57:52148..55477:-	none	none	none	none	none	none	none	none	none	none	325.1			no_slot_defined
NZ_CP001972.2	MPF_FA	T4SS_virb4 AND NOT(T/F/I) AND >=2 FA/FATA	108	2	1	1	unassigned	minimal	FA_orf14	FATA_cd419a	6:4733..6667:-	none	13:11888..13723:-	13:11888..13723:-	none	none	none	none	none	107:93801..94829:-	none	none	none	none	345.1	MOBP2		no_slot_defined
NZ_CP004860.1	MPF_FA	T4SS_virb4 AND NOT(T/F/I) AND >=2 FA/FATA	372	2	1	1	unassigned	minimal	FA_orf14	FATA_cd419a	368:414464..416563:+	none	325:370999..372210:-	316:358713..360413:-	none	none	none	none	none	none	none	none	none	none	325.3			no_slot_defined
NZ_CP004862.1	MPF_FA	T4SS_virb4 AND NOT(T/F/I) AND >=2 FA/FATA	56	4	3	1	FA	medium	FA_orf13;FA_orf15;FA_orf17a	FATA_cd419a	45:39317..41905:+	45:39317..41905:+	none	39:33226..36399:+	none	40:36420..37253:+	none	none	8:10879..11817:-	none	none	none	none	none	92.1	MOBC;MOBP1		no_slot_defined
NZ_CP004868.1	MPF_FA	T4SS_virb4 AND NOT(T/F/I) AND >=2 FA/FATA	106	3	0	3	FATA	medium		FATA_cd419a;FATA_trsD;FATA_trsG	15:13860..15734:-	none	31:29727..31988:+	31:29727..31988:+	none	none	none	none	none	none	none	30:27620..29716:+	none	none	263.1	MOBQ		no_slot_defined
NZ_CP004869.1	MPF_FA	T4SS_virb4 AND NOT(T/F/I) AND >=2 FA/FATA	74	5	0	5	FATA	high		FATA_cd419a;FATA_trsC;FATA_trsD;FATA_trsG;FATA_trsL	54:47653..49545:+	none	49:43441..45357:+	49:43441..45357:+	none	none	none	none	48:40871..43414:+	none	48:40871..43414:+	none	none	none	292.2	MOBP1;MOBP3		no_slot_defined
NZ_CP004872.1	MPF_FA	T4SS_virb4 AND NOT(T/F/I) AND >=2 FA/FATA	75	5	0	5	FATA	high		FATA_cd419a;FATA_trsC;FATA_trsD;FATA_trsG;FATA_trsL	9:10036..11928:+	none	4:5824..7740:+	4:5824..7740:+	none	none	none	none	3:3254..5797:+	none	3:3254..5797:+	none	none	none	292.2	MOBP1;MOBP3		no_slot_defined
NZ_CP004873.1	MPF_FA	T4SS_virb4 AND NOT(T/F/I) AND >=2 FA/FATA	61	4	3	1	FA	medium	FA_orf13;FA_orf15;FA_orf17a	FATA_cd419a	43:36705..39293:+	43:36705..39293:+	none	37:30527..33787:+	none	38:33787..34641:+	none	none	7:7538..8476:-	none	none	none	none	none	92.1	MOBC;MOBP1		no_slot_defined
NZ_CP004874.1	MPF_FA	T4SS_virb4 AND NOT(T/F/I) AND >=2 FA/FATA	83	2	1	1	unassigned	minimal	FA_orf14	FATA_cd419a	43:36168..38102:+	none	36:29405..31375:+	36:29405..31375:+	none	none	none	none	none	52:44893..46437:+	none	none	none	none	343.5	MOBP2		no_slot_defined
NZ_CP004875.1	MPF_FA	T4SS_virb4 AND NOT(T/F/I) AND >=2 FA/FATA	115	3	0	3	FATA	medium		FATA_cd419a;FATA_trsD;FATA_trsG	11:7646..9520:-	none	27:23513..25774:+	27:23513..25774:+	none	none	none	none	none	none	none	26:21406..23502:+	none	none	262.3	MOBQ		no_slot_defined
NZ_CP004877.1	MPF_FA	T4SS_virb4 AND NOT(T/F/I) AND >=2 FA/FATA	383	2	1	1	unassigned	minimal	FA_orf14	FATA_cd419a	357:403101..405200:+	none	312:359474..360619:-	306:349311..351011:-	none	none	none	none	none	none	none	none	none	none	325.4			no_slot_defined
NZ_CP006743.1	MPF_FA	T4SS_virb4 AND NOT(T/F/I) AND >=2 FA/FATA	192	3	1	2	FATA	medium	FA_orf14	FATA_cd419a;FATA_prgF	93:89618..91717:+	none	56:52052..55381:-	56:52052..55381:-	none	none	none	none	none	none	none	none	none	none	324.3			no_slot_defined
NZ_CP006744.1	MPF_FA	T4SS_virb4 AND NOT(T/F/I) AND >=2 FA/FATA	109	2	1	1	unassigned	minimal	FA_orf14	FATA_cd419a	8:4731..6665:-	none	16:11823..13658:-	16:11823..13658:-	none	none	none	none	none	108:93726..94754:-	none	none	none	none	345.1	MOBP2		no_slot_defined
NZ_CP006909.1	MPF_FA	T4SS_virb4 AND NOT(T/F/I) AND >=2 FA/FATA	320	3	0	3	FATA	medium		FATA_cd419_1;FATA_cd419a;FATA_gbs1369	35:25942..27804:+	none	59:47801..49747:+	59:47801..49747:+	none	none	none	16:8738..9637:+	none	none	none	none	none	none	316.3	MOBH		no_slot_defined
NZ_CP007124.1	MPF_FA	T4SS_virb4 AND NOT(T/F/I) AND >=2 FA/FATA	64	2	0	2	FATA	minimal		FATA_cd419a;FATA_trsG	33:27339..29267:-	none	37:32223..34679:-	37:32223..34679:-	none	none	none	none	25:21715..22965:-	25:21715..22965:-	none	none	none	none	192.7	MOBP1;MOBP2		no_slot_defined
NZ_CP007125.1	MPF_FA	T4SS_virb4 AND NOT(T/F/I) AND >=2 FA/FATA	65	9	0	9	FATA	high		FATA_cd411;FATA_prgC;FATA_prgF;FATA_prgHa;FATA_prgHb;FATA_prgIa;FATA_prgIb;FATA_prgIc;FATA_trsG	34:25087..27543:+	none	30:21772..23673:+	30:21772..23673:+	none	none	none	none	44:35212..37419:+	none	none	none	none	none	328.0	MOBP1		no_slot_defined
NZ_CP007513.1	MPF_FA	T4SS_virb4 AND NOT(T/F/I) AND >=2 FA/FATA	507	2	1	1	unassigned	minimal	FA_orf14	FATA_cd419a	174:190752..192851:+	none	128:144977..148324:-	128:144977..148324:-	none	none	none	none	none	none	none	none	none	none	325.0			no_slot_defined
NZ_CP007613.1	MPF_FA	T4SS_virb4 AND NOT(T/F/I) AND >=2 FA/FATA	62	4	3	1	FA	medium	FA_orf13;FA_orf15;FA_orf17a	FATA_cd419a	38:31606..34194:+	38:31606..34194:+	none	32:25506..28688:+	none	33:28688..29542:+	none	none	3:3168..4106:-	none	none	none	none	none	92.1	MOBC;MOBP1		no_slot_defined
NZ_CP007614.1	MPF_FA	T4SS_virb4 AND NOT(T/F/I) AND >=2 FA/FATA	106	3	0	3	FATA	medium		FATA_cd419a;FATA_trsD;FATA_trsG	89:78294..80168:+	none	73:62040..64301:-	73:62040..64301:-	none	none	none	none	none	none	none	74:64312..66408:-	none	none	263.1	MOBQ		no_slot_defined
NZ_CP007616.1	MPF_FA	T4SS_virb4 AND NOT(T/F/I) AND >=2 FA/FATA	369	2	1	1	unassigned	minimal	FA_orf14	FATA_cd419a	331:378101..380200:-	none	5:6244..7455:+	14:18041..19741:+	none	none	none	none	none	none	none	none	none	none	325.3			no_slot_defined
NZ_CP007617.1	MPF_FA	T4SS_virb4 AND NOT(T/F/I) AND >=2 FA/FATA	106	2	1	1	unassigned	minimal	FA_orf14	FATA_cd419a	87:75153..77087:-	none	94:82174..83991:-	93:81335..82153:-	none	none	none	none	none	80:69380..70936:-	none	none	none	none	345.1	MOBP2		no_slot_defined
NZ_CP007650.1	MPF_FA	T4SS_virb4 AND NOT(T/F/I) AND >=2 FA/FATA	35	6	5	1	FA	high	FA_orf13;FA_orf14;FA_orf15;FA_orf17a;FA_orf19	FATA_cd419a	5:4543..6990:+	0:432..1817:+	none	none	none	none	none	none	none	none	none	none	1:1995..3200:+	none	93.8	MOBT		no_slot_defined
NZ_CP007664.1	MPF_FA	T4SS_virb4 AND NOT(T/F/I) AND >=2 FA/FATA	109	2	1	1	unassigned	minimal	FA_orf14	FATA_cd419a	5:2671..4605:+	none	107:90504..92339:+	107:90504..92339:+	none	none	none	none	none	12:8814..10370:+	none	none	none	none	345.1	MOBP2		no_slot_defined
NZ_CP007665.1	MPF_FA	T4SS_virb4 AND NOT(T/F/I) AND >=2 FA/FATA	194	3	1	2	FATA	medium	FA_orf14	FATA_cd419a;FATA_prgF	116:110477..112576:-	none	153:146561..149890:+	153:146561..149890:+	none	none	none	none	none	none	none	none	none	none	324.3			no_slot_defined
NZ_CP007740.1	MPF_FA	T4SS_virb4 AND NOT(T/F/I) AND >=2 FA/FATA	73	6	5	1	FA	high	FA_orf13;FA_orf15;FA_orf17a;FA_orf17b;FA_orf19	FATA_cd419a	7:7742..10324:+	none	7:7742..10324:+	32:30825..30983:+	none	none	none	none	none	none	none	none	none	none	131.7			no_slot_defined
NZ_CP008815.1	MPF_FA	T4SS_virb4 AND NOT(T/F/I) AND >=2 FA/FATA	77	8	0	8	FATA	high		FATA_cd419a;FATA_prgB;FATA_prgC;FATA_prgF;FATA_prgHb;FATA_prgIc;FATA_prgK;FATA_prgL	44:34511..36901:+	none	54:43099..44928:+	54:43099..44928:+	none	none	none	none	58:48046..49731:+	none	none	none	none	none	292.1	MOBP1		no_slot_defined
NZ_CP008847.1	MPF_FA	T4SS_virb4 AND NOT(T/F/I) AND >=2 FA/FATA	189	3	1	2	FATA	medium	FA_orf14	FATA_cd419a;FATA_prgF	93:89708..91807:+	none	56:52149..55478:-	56:52149..55478:-	none	none	none	none	none	none	none	none	none	none	324.3			no_slot_defined
NZ_CP008848.1	MPF_FA	T4SS_virb4 AND NOT(T/F/I) AND >=2 FA/FATA	108	2	1	1	unassigned	minimal	FA_orf14	FATA_cd419a	8:4731..6665:-	none	15:11814..13649:-	15:11814..13649:-	none	none	none	none	none	107:93700..94728:-	none	none	none	none	345.1	MOBP2		no_slot_defined
NZ_CP008877.1	MPF_FA	T4SS_virb4 AND NOT(T/F/I) AND >=2 FA/FATA	97	6	1	5	FATA	high	FA_orf14	FATA_cd419a;FATA_trsC;FATA_trsD;FATA_trsF;FATA_trsL	40:37524..39506:-	none	32:28438..30093:-	32:28438..30093:-	none	none	none	none	none	none	none	71:61131..63212:+	none	none	265.8	MOBQ		no_slot_defined
NZ_CP009299.1	MPF_FA	T4SS_virb4 AND NOT(T/F/I) AND >=2 FA/FATA	227	2	1	1	unassigned	minimal	FA_orf14	FATA_cd419a	14:12279..14378:+	none	169:149401..152901:-	169:149401..152901:-	none	none	none	none	none	none	none	none	none	none	329.4			no_slot_defined
NZ_CP009314.1	MPF_FA	T4SS_virb4 AND NOT(T/F/I) AND >=2 FA/FATA	105	2	1	1	unassigned	minimal	FA_orf14	FATA_cd419a	13:11581..13515:-	none	20:18736..20571:-	20:18736..20571:-	none	none	none	none	6:6032..7372:-	6:6032..7372:-	none	none	none	none	345.1	MOBP1;MOBP2		no_slot_defined
NZ_CP009316.1	MPF_FA	T4SS_virb4 AND NOT(T/F/I) AND >=2 FA/FATA	194	3	1	2	FATA	medium	FA_orf14	FATA_cd419a;FATA_prgF	97:86886..88985:-	none	134:122971..126300:+	134:122971..126300:+	none	none	none	none	none	none	none	none	none	none	324.3			no_slot_defined
NZ_CP009317.1	MPF_FA	T4SS_virb4 AND NOT(T/F/I) AND >=2 FA/FATA	186	2	1	1	unassigned	minimal	FA_orf14	FATA_cd419a	52:58188..60278:-	none	92:98079..101597:+	92:98079..101597:+	none	none	none	none	none	none	none	none	none	none	329.4			no_slot_defined
NZ_CP009324.1	MPF_FA	T4SS_virb4 AND NOT(T/F/I) AND >=2 FA/FATA	192	3	1	2	FATA	medium	FA_orf14	FATA_cd419a;FATA_prgF	115:108620..110719:-	none	152:144704..148033:+	152:144704..148033:+	none	none	none	none	none	none	none	none	none	none	324.3			no_slot_defined
NZ_CP009326.1	MPF_FA	T4SS_virb4 AND NOT(T/F/I) AND >=2 FA/FATA	107	2	1	1	unassigned	minimal	FA_orf14	FATA_cd419a	32:27777..29711:+	none	25:20721..22556:+	25:20721..22556:+	none	none	none	none	none	39:33920..35476:+	none	none	none	none	345.1	MOBP2		no_slot_defined
NZ_CP009327.1	MPF_FA	T4SS_virb4 AND NOT(T/F/I) AND >=2 FA/FATA	191	3	1	2	FATA	medium	FA_orf14	FATA_cd419a;FATA_prgF	140:133179..135278:+	none	105:95864..99193:-	105:95864..99193:-	none	none	none	none	none	none	none	none	none	none	324.3			no_slot_defined
NZ_CP009329.1	MPF_FA	T4SS_virb4 AND NOT(T/F/I) AND >=2 FA/FATA	107	2	1	1	unassigned	minimal	FA_orf14	FATA_cd419a	43:39009..40943:-	none	50:46164..47999:-	50:46164..47999:-	none	none	none	none	none	36:33244..34800:-	none	none	none	none	345.1	MOBP2		no_slot_defined
NZ_CP009330.1	MPF_FA	T4SS_virb4 AND NOT(T/F/I) AND >=2 FA/FATA	192	3	1	2	FATA	medium	FA_orf14	FATA_cd419a;FATA_prgF	135:127241..129340:+	none	99:89939..93268:-	99:89939..93268:-	none	none	none	none	none	none	none	none	none	none	324.3			no_slot_defined
NZ_CP009333.1	MPF_FA	T4SS_virb4 AND NOT(T/F/I) AND >=2 FA/FATA	86	2	1	1	unassigned	minimal	FA_orf14	FATA_cd419a	49:37023..38960:-	none	55:43875..46508:-	55:43875..46508:-	none	none	none	none	none	41:30891..32447:-	none	none	none	none	343.8	MOBP2		no_slot_defined
NZ_CP009336.1	MPF_FA	T4SS_virb4 AND NOT(T/F/I) AND >=2 FA/FATA	241	6	5	1	FA	high	FA_orf14;FA_orf15;FA_orf17a;FA_orf17b;FA_orf19	FATA_cd419a	3:1738..4278:+	none	235:346652..349726:+	235:346652..349726:+	none	none	none	none	none	none	none	none	none	none	138.0			no_slot_defined
NZ_CP009339.1	MPF_FA	T4SS_virb4 AND NOT(T/F/I) AND >=2 FA/FATA	105	2	1	1	unassigned	minimal	FA_orf14	FATA_cd419a	27:24024..25958:-	none	34:31179..33014:-	34:31179..33014:-	none	none	none	none	none	20:18258..19814:-	none	none	none	none	345.1	MOBP2		no_slot_defined
NZ_CP009340.1	MPF_FA	T4SS_virb4 AND NOT(T/F/I) AND >=2 FA/FATA	190	3	1	2	FATA	medium	FA_orf14	FATA_cd419a;FATA_prgF	174:167249..169348:-	none	19:21564..24893:+	19:21564..24893:+	none	none	none	none	none	none	none	none	none	none	325.1			no_slot_defined
NZ_CP009349.1	MPF_FA	T4SS_virb4 AND NOT(T/F/I) AND >=2 FA/FATA	348	2	0	2	FATA	minimal		FATA_cd419a;FATA_prgC	69:57745..59682:-	205:205835..207001:+	74:63533..66115:-	74:63533..66115:-	none	none	none	none	61:50683..51876:-	61:50683..51876:-	none	none	none	none	333.1	MOBP1;MOBP2		no_slot_defined
NZ_CP009350.1	MPF_FA	T4SS_virb4 AND NOT(T/F/I) AND >=2 FA/FATA	107	4	3	1	FA	medium	FA_orf13;FA_orf15;FA_orf17a	FATA_cd419a	5:4297..6855:+	85:86599..87762:+	none	0:135..1172:+	none	1:1178..2020:+	none	none	none	none	none	none	none	none	100.2	MOBC		no_slot_defined
NZ_CP009462.1	MPF_FA	T4SS_virb4 AND NOT(T/F/I) AND >=2 FA/FATA	106	2	1	1	unassigned	minimal	FA_orf14	FATA_cd419a	34:32333..34267:-	none	41:39488..41323:-	41:39488..41323:-	none	none	none	none	none	27:26568..28124:-	none	none	none	none	345.1	MOBP2		no_slot_defined
NZ_CP009463.1	MPF_FA	T4SS_virb4 AND NOT(T/F/I) AND >=2 FA/FATA	187	3	1	2	FATA	medium	FA_orf14	FATA_cd419a;FATA_prgF	157:151547..153646:-	none	6:6940..10269:+	6:6940..10269:+	none	none	none	none	none	none	none	none	none	none	324.3			no_slot_defined
NZ_CP009475.1	MPF_FA	T4SS_virb4 AND NOT(T/F/I) AND >=2 FA/FATA	105	2	1	1	unassigned	minimal	FA_orf14	FATA_cd419a	30:27328..29262:-	none	37:34402..36237:-	37:34402..36237:-	none	none	none	none	none	23:21564..23120:-	none	none	none	none	345.1	MOBP2		no_slot_defined
NZ_CP009540.1	MPF_FA	T4SS_virb4 AND NOT(T/F/I) AND >=2 FA/FATA	191	3	1	2	FATA	medium	FA_orf14	FATA_cd419a;FATA_prgF	93:83989..86088:-	none	129:120060..123389:+	129:120060..123389:+	none	none	none	none	none	none	none	none	none	none	325.1			no_slot_defined
NZ_CP009542.1	MPF_FA	T4SS_virb4 AND NOT(T/F/I) AND >=2 FA/FATA	107	2	1	1	unassigned	minimal	FA_orf14	FATA_cd419a	33:27892..29826:+	none	26:20836..22671:+	26:20836..22671:+	none	none	none	none	none	40:34035..35591:+	none	none	none	none	345.1	MOBP2		no_slot_defined
NZ_CP009543.1	MPF_FA	T4SS_virb4 AND NOT(T/F/I) AND >=2 FA/FATA	194	3	1	2	FATA	medium	FA_orf14	FATA_cd419a;FATA_prgF	191:175966..178065:+	none	154:138649..141978:-	154:138649..141978:-	none	none	none	none	none	none	none	none	none	none	325.1			no_slot_defined
NZ_CP009558.1	MPF_FA	T4SS_virb4 AND NOT(T/F/I) AND >=2 FA/FATA	67	3	2	1	FA	medium	FA_orf17a;FA_orf17b	FATA_cd419a	53:41698..44223:+	48:38047..39645:+	none	none	none	none	none	none	none	none	none	none	none	none	84.6			no_slot_defined
NZ_CP009595.1	MPF_FA	T4SS_virb4 AND NOT(T/F/I) AND >=2 FA/FATA	300	7	6	1	FA	high	FA_orf13;FA_orf14;FA_orf15;FA_orf17a;FA_orf17b;FA_orf19	FATA_cd419a	260:272557..274092:+	23:16323..18659:+	245:249615..251303:+	247:253840..255237:+	none	none	none	none	none	none	none	none	none	none	78.7			no_slot_defined
NZ_CP009597.1	MPF_FA	T4SS_virb4 AND NOT(T/F/I) AND >=2 FA/FATA	191	3	1	2	FATA	medium	FA_orf14	FATA_cd419a;FATA_prgF	67:63047..65146:+	none	30:25730..29059:-	30:25730..29059:-	none	none	none	none	none	none	none	none	none	none	325.1			no_slot_defined
NZ_CP009606.1	MPF_FA	T4SS_virb4 AND NOT(T/F/I) AND >=2 FA/FATA	301	7	6	1	FA	high	FA_orf13;FA_orf14;FA_orf15;FA_orf17a;FA_orf17b;FA_orf19	FATA_cd419a	123:138792..140327:+	187:195036..197372:+	108:115850..117538:+	110:120075..121472:+	none	none	none	none	none	none	none	none	none	none	78.7			no_slot_defined
NZ_CP009636.1	MPF_FA	T4SS_virb4 AND NOT(T/F/I) AND >=2 FA/FATA	218	2	1	1	unassigned	minimal	FA_orf14	FATA_cd419a	157:170821..172920:+	none	110:115613..119062:-	110:115613..119062:-	none	none	none	none	none	none	none	none	none	none	325.5			no_slot_defined
NZ_CP009640.1	MPF_FA	T4SS_virb4 AND NOT(T/F/I) AND >=2 FA/FATA	102	2	1	1	unassigned	minimal	FA_orf14	FATA_cd419a	71:56329..58266:+	none	66:48109..50742:+	66:48109..50742:+	none	none	none	none	79:62787..64343:+	79:62787..64343:+	none	none	none	none	343.9	MOBP1;MOBP2		no_slot_defined
NZ_CP009691.1	MPF_FA	T4SS_virb4 AND NOT(T/F/I) AND >=2 FA/FATA	385	6	6	0	FA	high	FA_orf13;FA_orf14;FA_orf15;FA_orf17a;FA_orf17b;FA_orf19		283:279194..281734:+	307:298881..300047:+	none	274:266292..269366:+	none	169:175690..176154:-	none	none	340:326407..327009:+	340:326407..327009:+	none	none	none	none	141.4	MOBC;MOBP1;MOBP2		no_slot_defined
NZ_CP009695.1	MPF_FA	T4SS_virb4 AND NOT(T/F/I) AND >=2 FA/FATA	107	2	1	1	unassigned	minimal	FA_orf14	FATA_cd419a	5:2347..4281:+	none	105:90105..91940:+	105:90105..91940:+	none	none	none	none	none	14:8488..10044:+	none	none	none	none	345.1	MOBP2		no_slot_defined
NZ_CP009696.1	MPF_FA	T4SS_virb4 AND NOT(T/F/I) AND >=2 FA/FATA	191	3	1	2	FATA	medium	FA_orf14	FATA_cd419a;FATA_prgF	116:105434..107533:-	none	153:141776..145105:+	153:141776..145105:+	none	none	none	none	none	none	none	none	none	none	324.3			no_slot_defined
NZ_CP009698.1	MPF_FA	T4SS_virb4 AND NOT(T/F/I) AND >=2 FA/FATA	108	2	1	1	unassigned	minimal	FA_orf14	FATA_cd419a	3:1974..3908:-	none	11:9066..10901:-	11:9066..10901:-	none	none	none	none	none	103:90978..92534:-	none	none	none	none	345.1	MOBP2		no_slot_defined
NZ_CP009699.1	MPF_FA	T4SS_virb4 AND NOT(T/F/I) AND >=2 FA/FATA	190	3	1	2	FATA	medium	FA_orf14	FATA_cd419a;FATA_prgF	120:114335..116434:-	none	157:150683..154012:+	157:150683..154012:+	none	none	none	none	none	none	none	none	none	none	324.3			no_slot_defined
NZ_CP009900.1	MPF_FA	T4SS_virb4 AND NOT(T/F/I) AND >=2 FA/FATA	108	2	1	1	unassigned	minimal	FA_orf14	FATA_cd419a	99:84605..86539:-	none	106:91626..93443:-	105:90787..91605:-	none	none	none	none	none	92:78832..80388:-	none	none	none	none	345.1	MOBP2		no_slot_defined
NZ_CP009901.1	MPF_FA	T4SS_virb4 AND NOT(T/F/I) AND >=2 FA/FATA	193	3	1	2	FATA	medium	FA_orf14	FATA_cd419a;FATA_prgF	67:60548..62647:+	none	30:24272..26365:-	30:24272..26365:-	none	none	none	none	none	none	none	none	none	none	324.3			no_slot_defined
NZ_CP009921.1	MPF_FA	T4SS_virb4 AND NOT(T/F/I) AND >=2 FA/FATA	344	2	1	1	unassigned	minimal	FA_orf14	FATA_cd419a	155:139038..140972:+	318:278377..279510:+	148:129631..131379:+	150:133851..134759:+	none	none	none	none	250:219148..220368:-	250:219148..220368:-	none	none	none	none	300.9	MOBP1;MOBP2		no_slot_defined
NZ_CP009967.1	MPF_FA	T4SS_virb4 AND NOT(T/F/I) AND >=2 FA/FATA	495	8	6	2	FA	high	FA_orf13;FA_orf14;FA_orf15;FA_orf17a;FA_orf17b;FA_orf19	FATA_cd419a;FATA_prgC	98:84173..86713:-	none	108:95808..98885:-	108:95808..98885:-	none	none	none	none	none	none	none	none	none	none	139.4			no_slot_defined
NZ_CP009979.1	MPF_FA	T4SS_virb4 AND NOT(T/F/I) AND >=2 FA/FATA	106	2	1	1	unassigned	minimal	FA_orf14	FATA_cd419a	76:66843..68777:+	none	69:59787..61622:+	69:59787..61622:+	none	none	none	none	none	83:72986..74542:+	none	none	none	none	345.1	MOBP2		no_slot_defined
NZ_CP009980.1	MPF_FA	T4SS_virb4 AND NOT(T/F/I) AND >=2 FA/FATA	190	3	1	2	FATA	medium	FA_orf14	FATA_cd419a;FATA_prgF	16:16303..18402:-	none	52:52374..55703:+	52:52374..55703:+	none	none	none	none	none	none	none	none	none	none	325.1			no_slot_defined
NZ_CP010087.1	MPF_FA	T4SS_virb4 AND NOT(T/F/I) AND >=2 FA/FATA	91	2	1	1	unassigned	minimal	FA_orf14	FATA_cd419a	12:11921..13858:+	none	6:4541..7174:+	6:4541..7174:+	none	none	none	none	none	20:18433..19989:+	none	none	none	none	343.2	MOBP2		no_slot_defined
NZ_CP010090.1	MPF_FA	T4SS_virb4 AND NOT(T/F/I) AND >=2 FA/FATA	379	2	1	1	unassigned	minimal	FA_orf14	FATA_cd419a	373:414421..416529:+	none	333:368467..369612:-	326:356139..357455:-	none	none	none	none	none	none	none	none	none	none	324.4			no_slot_defined
NZ_CP010092.1	MPF_FA	T4SS_virb4 AND NOT(T/F/I) AND >=2 FA/FATA	144	3	0	3	FATA	medium		FATA_cd419a;FATA_trsD;FATA_trsG	70:49686..51569:-	none	85:63937..66198:+	85:63937..66198:+	none	none	none	none	none	none	none	84:61830..63926:+	none	none	262.5	MOBQ		no_slot_defined
NZ_CP010093.1	MPF_FA	T4SS_virb4 AND NOT(T/F/I) AND >=2 FA/FATA	87	5	0	5	FATA	high		FATA_cd419a;FATA_trsC;FATA_trsD;FATA_trsG;FATA_trsL	9:9368..11260:+	none	4:5156..7072:+	4:5156..7072:+	none	none	none	none	3:2586..5129:+	none	3:2586..5129:+	none	none	none	292.2	MOBP1;MOBP3		no_slot_defined
NZ_CP010094.1	MPF_FA	T4SS_virb4 AND NOT(T/F/I) AND >=2 FA/FATA	58	4	3	1	FA	medium	FA_orf13;FA_orf15;FA_orf17a	FATA_cd419a	48:40939..43527:+	48:40939..43527:+	none	42:35034..38021:+	none	43:38021..38875:+	none	none	13:12696..13634:-	none	none	none	none	none	92.1	MOBC;MOBP1		no_slot_defined
NZ_CP010110.1	MPF_FA	T4SS_virb4 AND NOT(T/F/I) AND >=2 FA/FATA	101	3	0	3	FATA	medium		FATA_cd419a;FATA_trsD;FATA_trsG	87:59679..61553:-	none	1:2168..4429:+	1:2168..4429:+	none	none	none	none	none	none	none	0:61..2157:+	none	none	263.1	MOBQ		no_slot_defined
NZ_CP010111.1	MPF_FA	T4SS_virb4 AND NOT(T/F/I) AND >=2 FA/FATA	236	2	1	1	unassigned	minimal	FA_orf14	FATA_cd419a	205:222588..224687:-	none	4:4055..5734:+	4:4055..5734:+	none	none	none	none	none	none	none	none	none	none	325.5			no_slot_defined
NZ_CP010270.1	MPF_FA	T4SS_virb4 AND NOT(T/F/I) AND >=2 FA/FATA	176	2	1	1	unassigned	minimal	FA_orf17a	FATA_cd419a	95:96919..99543:+	none	86:87009..89483:-	86:87009..89483:-	none	none	none	none	none	none	none	none	none	none	107.6			no_slot_defined
NZ_CP010320.1	MPF_FA	T4SS_virb4 AND NOT(T/F/I) AND >=2 FA/FATA	107	2	1	1	unassigned	minimal	FA_orf14	FATA_cd419a	0:12..1007:+	none	100:86827..88662:+	100:86827..88662:+	none	none	none	none	none	7:5216..6772:+	none	none	none	none	155.4	MOBP2		no_slot_defined
NZ_CP010321.1	MPF_FA	T4SS_virb4 AND NOT(T/F/I) AND >=2 FA/FATA	194	3	1	2	FATA	medium	FA_orf14	FATA_cd419a;FATA_prgF	170:157553..159652:+	none	133:120235..123564:-	133:120235..123564:-	none	none	none	none	none	none	none	none	none	none	324.3			no_slot_defined
NZ_CP010580.1	MPF_FA	T4SS_virb4 AND NOT(T/F/I) AND >=2 FA/FATA	104	3	0	3	FATA	medium		FATA_cd419a;FATA_trsD;FATA_trsG	38:36921..38804:+	none	23:22344..24605:-	23:22344..24605:-	none	none	none	none	none	none	none	24:24616..26712:-	none	none	268.9	MOBQ		no_slot_defined
NZ_CP010581.1	MPF_FA	T4SS_virb4 AND NOT(T/F/I) AND >=2 FA/FATA	77	5	0	5	FATA	high		FATA_cd419a;FATA_trsC;FATA_trsD;FATA_trsG;FATA_trsL	22:21969..23867:+	none	17:17757..19673:+	17:17757..19673:+	none	none	none	none	16:15187..17730:+	none	16:15187..17730:+	none	none	none	288.0	MOBP1;MOBP3		no_slot_defined
NZ_CP010853.1	MPF_FA	T4SS_virb4 AND NOT(T/F/I) AND >=2 FA/FATA	190	3	1	2	FATA	medium	FA_orf14	FATA_cd419a;FATA_prgF	93:89346..91445:+	none	57:52032..55361:-	57:52032..55361:-	none	none	none	none	none	none	none	none	none	none	324.3			no_slot_defined
NZ_CP010854.1	MPF_FA	T4SS_virb4 AND NOT(T/F/I) AND >=2 FA/FATA	106	2	1	1	unassigned	minimal	FA_orf14	FATA_cd419a	6:4901..6835:-	none	13:12056..13891:-	13:12056..13891:-	none	none	none	none	none	105:93951..95135:-	none	none	none	none	345.1	MOBP2		no_slot_defined
NZ_CP011009.1	MPF_FA	T4SS_virb4 AND NOT(T/F/I) AND >=2 FA/FATA	185	7	1	6	FATA	high	FA_orf14	FATA_cd419a;FATA_trsC;FATA_trsD;FATA_trsF;FATA_trsJ;FATA_trsL	148:132622..134592:-	none	143:127506..129080:-	143:127506..129080:-	none	none	none	none	none	none	none	166:151081..153090:+	none	none	337.4	MOBQ		no_slot_defined
NZ_CP011023.1	MPF_FA	T4SS_virb4 AND NOT(T/F/I) AND >=2 FA/FATA	113	7	1	6	FATA	high	FA_orf14	FATA_cd419a;FATA_trsC;FATA_trsD;FATA_trsF;FATA_trsJ;FATA_trsL	21:12430..14439:+	none	26:17944..19575:+	26:17944..19575:+	none	none	none	none	none	none	none	98:77251..79329:-	none	none	247.2	MOBQ		no_slot_defined
NZ_CP011152.1	MPF_FA	T4SS_virb4 AND NOT(T/F/I) AND >=2 FA/FATA	524	3	1	2	FATA	medium	FA_orf14	FATA_cd419a;FATA_prgC	134:150357..152456:-	none	188:200931..202442:+	190:205045..206907:+	none	none	none	none	none	none	none	none	none	none	326.3			no_slot_defined
NZ_CP011154.1	MPF_FA	T4SS_virb4 AND NOT(T/F/I) AND >=2 FA/FATA	525	3	1	2	FATA	medium	FA_orf14	FATA_cd419a;FATA_prgC	352:394459..396558:+	none	298:344473..345984:-	296:340008..341870:-	none	none	none	none	none	none	none	none	none	none	326.3			no_slot_defined
NZ_CP011157.1	MPF_FA	T4SS_virb4 AND NOT(T/F/I) AND >=2 FA/FATA	160	3	0	3	FATA	medium		FATA_cd419a;FATA_gbs1354;FATA_trsG	150:128409..130388:-	none	159:139221..141236:-	159:139221..141236:-	none	none	none	none	145:124158..125381:-	145:124158..125381:-	none	none	none	none	285.1	MOBP1;MOBP2		no_slot_defined
NZ_CP011350.1	MPF_FA	T4SS_virb4 AND NOT(T/F/I) AND >=2 FA/FATA	688	2	1	1	unassigned	minimal	FA_orf14	FATA_cd419a	59:63037..65136:+	none	674:748989..750134:-	8:7605..8987:-	none	none	none	none	none	none	none	none	none	none	325.3			no_slot_defined
NZ_CP011351.1	MPF_FA	T4SS_virb4 AND NOT(T/F/I) AND >=2 FA/FATA	87	2	1	1	unassigned	minimal	FA_orf14	FATA_cd419a	15:14299..16233:-	none	23:21961..23931:-	23:21961..23931:-	none	none	none	none	none	6:5964..7508:-	none	none	none	none	343.5	MOBP2		no_slot_defined
NZ_CP011357.1	MPF_FA	T4SS_virb4 AND NOT(T/F/I) AND >=2 FA/FATA	118	4	1	3	FATA	medium	FA_orf14	FATA_cd419a;FATA_trsD;FATA_trsG	27:21975..23849:-	none	44:37837..40098:+	44:37837..40098:+	none	none	none	none	none	none	none	43:35730..37826:+	none	none	263.1	MOBQ		no_slot_defined
NZ_CP011358.1	MPF_FA	T4SS_virb4 AND NOT(T/F/I) AND >=2 FA/FATA	92	4	0	4	FATA	medium		FATA_cd419a;FATA_trsC;FATA_trsD;FATA_trsL	0:1122..3014:-	none	5:5310..7226:-	5:5310..7226:-	none	none	none	none	6:7253..9688:-	none	none	none	none	none	292.2	MOBP1		no_slot_defined
NZ_CP011513.1	MPF_FA	T4SS_virb4 AND NOT(T/F/I) AND >=2 FA/FATA	241	2	1	1	unassigned	minimal	FA_orf17a	FATA_cd419a	209:176907..179531:-	none	219:187239..189713:+	219:187239..189713:+	none	none	none	none	none	none	none	none	none	none	107.5			no_slot_defined
NZ_CP012100.1	MPF_FA	T4SS_virb4 AND NOT(T/F/I) AND >=2 FA/FATA	489	7	6	1	FA	high	FA_orf13;FA_orf14;FA_orf15;FA_orf17a;FA_orf17b;FA_orf19	FATA_cd419a	317:345674..348214:+	355:379270..380436:+	none	306:327218..330295:+	none	none	none	none	none	none	none	none	none	none	139.3			no_slot_defined
NZ_CP012101.1	MPF_FA	T4SS_virb4 AND NOT(T/F/I) AND >=2 FA/FATA	341	3	1	2	FATA	medium	FA_orf14	FATA_cd419a;FATA_prgC	206:198124..200061:-	77:80136..81302:-	211:203929..205848:-	211:203929..205848:-	none	none	none	none	201:193761..194954:-	201:193761..194954:-	none	none	none	none	335.2	MOBP1;MOBP2		no_slot_defined
NZ_CP012102.1	MPF_FA	T4SS_virb4 AND NOT(T/F/I) AND >=2 FA/FATA	104	10	1	9	FATA	high	FA_orf14	FATA_cd411;FATA_cd419a;FATA_gbs1347;FATA_prgF;FATA_prgHa;FATA_prgHb;FATA_prgIa;FATA_prgIb;FATA_prgIc	15:8776..11190:+	40:35806..36972:-	24:19178..20998:+	24:19178..20998:+	none	none	none	none	102:90117..91436:-	none	none	none	none	none	331.1	MOBP1		no_slot_defined
NZ_CP012103.1	MPF_FA	T4SS_virb4 AND NOT(T/F/I) AND >=2 FA/FATA	99	3	1	2	FATA	medium	FA_orf14	FATA_cd419a;FATA_prgC	44:40985..42922:+	12:10279..11460:-	39:34300..36882:+	39:34300..36882:+	none	11:9723..10340:-	none	none	50:46380..47573:+	50:46380..47573:+	none	none	none	none	334.8	MOBC;MOBP1;MOBP2		no_slot_defined
NZ_CP012121.2	MPF_FA	T4SS_virb4 AND NOT(T/F/I) AND >=2 FA/FATA	69	2	0	2	FATA	minimal		FATA_gbs1354;FATA_trsG	5:5787..7781:+	none	none	0:50..1675:+	none	none	none	none	10:10932..12107:+	10:10932..12107:+	none	none	none	none	250.5	MOBP1;MOBP2		no_slot_defined
NZ_CP012188.1	MPF_FA	T4SS_virb4 AND NOT(T/F/I) AND >=2 FA/FATA	92	2	0	2	FATA	minimal		FATA_cd419a;FATA_trsG	7:6973..8901:+	none	3:1561..4017:+	3:1561..4017:+	none	none	none	none	15:13281..14525:+	15:13281..14525:+	none	none	none	none	193.9	MOBP1;MOBP2		no_slot_defined
NZ_CP012476.1	MPF_FA	T4SS_virb4 AND NOT(T/F/I) AND >=2 FA/FATA	37	6	5	1	FA	high	FA_orf13;FA_orf15;FA_orf17a;FA_orf17b;FA_orf19	FATA_cd419a	35:28522..31035:+	none	35:28522..31035:+	none	none	none	none	none	none	none	none	none	none	none	124.8			no_slot_defined
NZ_CP012477.1	MPF_FA	T4SS_virb4 AND NOT(T/F/I) AND >=2 FA/FATA	654	2	0	2	FATA	minimal		FATA_cd419a;FATA_prgC	561:649928..651142:+	none	562:651139..652950:+	562:651139..652950:+	none	none	566:656840..659647:-	none	none	none	none	none	none	none	114.9	MOBF		no_slot_defined
NZ_CP013017.1	MPF_FA	T4SS_virb4 AND NOT(T/F/I) AND >=2 FA/FATA	68	3	3	0	FA	medium	FA_orf13;FA_orf15;FA_orf17b		36:30308..32830:-	46:38739..39833:-	none	none	none	none	none	none	none	none	none	none	44:36803..37990:-	none	106.2	MOBT		no_slot_defined
NZ_CP013039.1	MPF_FA	T4SS_virb4 AND NOT(T/F/I) AND >=2 FA/FATA	59	2	1	1	unassigned	minimal	FA_orf17a	FATA_cd419a	53:42386..44908:-	58:46960..48549:-	none	none	none	20:14693..15265:-	none	none	none	none	none	none	none	none	85.7	MOBC		no_slot_defined
NZ_CP013041.1	MPF_FA	T4SS_virb4 AND NOT(T/F/I) AND >=2 FA/FATA	75	2	1	1	unassigned	minimal	FA_orf17a	FATA_cd419a	34:23889..26411:+	27:18440..20056:+	none	none	none	none	none	none	none	none	none	none	none	none	85.8			no_slot_defined
NZ_CP013057.1	MPF_FA	T4SS_virb4 AND NOT(T/F/I) AND >=2 FA/FATA	93	4	0	4	FATA	medium		FATA_cd419a;FATA_trsC;FATA_trsG;FATA_trsL	92:82598..84490:-	none	6:3041..4210:-	5:2295..2999:-	none	none	none	none	7:4237..6780:-	none	7:4237..6780:-	none	none	none	292.2	MOBP1;MOBP3		no_slot_defined
NZ_CP013058.1	MPF_FA	T4SS_virb4 AND NOT(T/F/I) AND >=2 FA/FATA	103	3	0	3	FATA	medium		FATA_cd419a;FATA_trsD;FATA_trsG	84:65525..67399:+	none	68:49271..51532:-	68:49271..51532:-	none	none	none	none	none	none	none	69:51543..53639:-	none	none	263.1	MOBQ		no_slot_defined
NZ_CP013059.1	MPF_FA	T4SS_virb4 AND NOT(T/F/I) AND >=2 FA/FATA	86	2	1	1	unassigned	minimal	FA_orf14	FATA_cd419a	78:72611..74545:+	none	71:64912..66882:+	71:64912..66882:+	none	none	none	none	none	1:637..2181:+	none	none	none	none	343.5	MOBP2		no_slot_defined
NZ_CP013241.1	MPF_FA	T4SS_virb4 AND NOT(T/F/I) AND >=2 FA/FATA	279	3	0	3	FATA	medium		FATA_cd419a;FATA_gbs1369;FATA_prgIb	58:45137..46999:+	none	82:67016..68962:+	82:67016..68962:+	none	none	none	38:28174..29073:+	none	none	none	none	none	none	318.0	MOBH		no_slot_defined
NZ_CP013276.1	MPF_FA	T4SS_virb4 AND NOT(T/F/I) AND >=2 FA/FATA	348	2	0	2	FATA	minimal		FATA_cd419a;FATA_prgC	327:341215..343152:-	115:129835..131001:+	332:347093..349675:-	332:347093..349675:-	none	none	none	none	319:334153..335346:-	319:334153..335346:-	none	none	none	none	333.1	MOBP1;MOBP2		no_slot_defined
NZ_CP013280.1	MPF_FA	T4SS_virb4 AND NOT(T/F/I) AND >=2 FA/FATA	101	4	3	1	FA	medium	FA_orf13;FA_orf15;FA_orf17a	FATA_cd419a	80:82910..85468:+	53:57769..58932:+	none	75:76960..79785:+	none	76:79791..80633:+	none	none	none	none	none	none	none	none	100.2	MOBC		no_slot_defined
NZ_CP013684.1	MPF_FA	T4SS_virb4 AND NOT(T/F/I) AND >=2 FA/FATA	336	2	0	2	FATA	minimal		FATA_cd419a;FATA_prgIb	217:167798..170398:+	none	240:189616..191562:+	240:189616..191562:+	none	none	none	199:151347..152246:+	none	none	none	none	none	none	338.3	MOBH		no_slot_defined
NZ_CP013700.1	MPF_FA	T4SS_virb4 AND NOT(T/F/I) AND >=2 FA/FATA	333	2	0	2	FATA	minimal		FATA_cd419a;FATA_prgIb	332:266276..267619:-	none	308:243765..244982:-	309:245093..247039:-	none	none	none	18:16785..17684:-	none	none	none	none	none	none	241.3	MOBH		no_slot_defined
NZ_CP013710.1	MPF_FA	T4SS_virb4 AND NOT(T/F/I) AND >=2 FA/FATA	296	3	0	3	FATA	medium		FATA_cd419_1;FATA_cd419a;FATA_prgIb	95:78196..80058:-	none	70:55679..56896:-	71:57009..58955:-	none	none	none	114:96347..97246:-	none	none	none	none	none	none	318.0	MOBH		no_slot_defined
NZ_CP013725.1	MPF_FA	T4SS_virb4 AND NOT(T/F/I) AND >=2 FA/FATA	90	3	1	2	FATA	medium	FA_orf14	FATA_cd419a;FATA_trsG	8:5181..7196:+	none	0:65..298:+	2:351..1478:+	none	none	none	none	14:10818..12158:+	14:10818..12158:+	none	none	none	none	222.5	MOBP1;MOBP2		no_slot_defined
NZ_CP013750.1	MPF_FA	T4SS_virb4 AND NOT(T/F/I) AND >=2 FA/FATA	113	2	0	2	FATA	minimal		FATA_cd419a;FATA_prgC	40:47613..49565:+	none	28:31889..34603:+	28:31889..34603:+	none	none	none	none	none	52:56884..59061:+	none	89:95226..97298:+	none	none	182.0	MOBP2;MOBQ		no_slot_defined
NZ_CP013755.1	MPF_FA	T4SS_virb4 AND NOT(T/F/I) AND >=2 FA/FATA	80	2	0	2	FATA	minimal		FATA_cd419a;FATA_prgC	56:57633..59585:-	none	14:11013..13727:-	14:11013..13727:-	none	none	none	none	none	37:45268..47457:-	none	none	none	none	183.4	MOBP2		no_slot_defined
NZ_CP014152.1	MPF_FA	T4SS_virb4 AND NOT(T/F/I) AND >=2 FA/FATA	292	3	0	3	FATA	medium		FATA_cd419_1;FATA_cd419a;FATA_prgIb	250:199327..201189:+	none	275:222489..223706:+	274:220430..222376:+	none	none	none	231:182139..183038:+	none	none	none	none	none	none	318.0	MOBH		no_slot_defined
NZ_CP014171.1	MPF_FA	T4SS_virb4 AND NOT(T/F/I) AND >=2 FA/FATA	72	7	1	6	FATA	high	FA_orf14	FATA_cd419a;FATA_trsC;FATA_trsD;FATA_trsF;FATA_trsJ;FATA_trsL	32:28097..30109:+	none	37:33429..35060:+	37:33429..35060:+	none	none	none	none	none	none	none	25:22926..24950:+	none	none	298.9	MOBQ		no_slot_defined
NZ_CP014177.1	MPF_FA	T4SS_virb4 AND NOT(T/F/I) AND >=2 FA/FATA	191	3	1	2	FATA	medium	FA_orf14	FATA_cd419a;FATA_prgF	93:89365..91464:+	none	57:52063..55392:-	57:52063..55392:-	none	none	none	none	none	none	none	none	none	none	325.1			no_slot_defined
NZ_CP014178.1	MPF_FA	T4SS_virb4 AND NOT(T/F/I) AND >=2 FA/FATA	106	2	1	1	unassigned	minimal	FA_orf14	FATA_cd419a	6:4733..6667:-	none	13:11888..13723:-	13:11888..13723:-	none	none	none	none	none	105:93798..94826:-	none	none	none	none	345.1	MOBP2		no_slot_defined
NZ_CP014284.1	MPF_FA	T4SS_virb4 AND NOT(T/F/I) AND >=2 FA/FATA	295	2	1	1	unassigned	minimal	FA_orf14	FATA_cd419a	232:231752..233851:+	none	193:195358..196662:-	191:190562..192820:-	none	none	none	none	none	none	none	none	none	none	325.4			no_slot_defined
NZ_CP014419.1	MPF_FA	T4SS_virb4 AND NOT(T/F/I) AND >=2 FA/FATA	40	7	0	7	FATA	high		FATA_prgF;FATA_trsC;FATA_trsD;FATA_trsF;FATA_trsG;FATA_trsJ;FATA_trsL	37:27504..29516:+	none	3:2917..4548:+	3:2917..4548:+	none	none	none	none	none	none	none	25:18716..20713:-	none	none	318.8	MOBQ		no_slot_defined
NZ_CP014448.1	MPF_FA	T4SS_virb4 AND NOT(T/F/I) AND >=2 FA/FATA	40	7	0	7	FATA	high		FATA_prgF;FATA_trsC;FATA_trsD;FATA_trsF;FATA_trsG;FATA_trsJ;FATA_trsL	37:27504..29516:+	none	3:2917..4548:+	3:2917..4548:+	none	none	none	none	none	none	none	25:18716..20713:-	none	none	318.8	MOBQ		no_slot_defined
NZ_CP014473.1	MPF_FA	T4SS_virb4 AND NOT(T/F/I) AND >=2 FA/FATA	92	2	1	1	unassigned	minimal	FA_orf14	FATA_cd419a	29:23110..25005:+	none	25:16910..19270:+	25:16910..19270:+	none	none	none	none	35:28758..29990:+	35:28758..29990:+	none	none	none	none	257.2	MOBP1;MOBP2		no_slot_defined
NZ_CP014535.1	MPF_FA	T4SS_virb4 AND NOT(T/F/I) AND >=2 FA/FATA	76	2	1	1	unassigned	minimal	FA_orf14	FATA_cd419a	40:37477..39432:+	none	33:27712..29529:+	35:32311..33318:+	none	none	none	none	47:43609..45144:+	47:43609..45144:+	none	none	none	none	319.8	MOBP1;MOBP2		no_slot_defined
NZ_CP014644.1	MPF_FA	T4SS_virb4 AND NOT(T/F/I) AND >=2 FA/FATA	214	2	0	2	FATA	minimal		FATA_cd419a;FATA_prgIc	160:133499..135508:+	none	none	110:84179..87172:+	none	109:82800..84035:+	none	none	none	none	none	none	none	none	321.9	MOBC		no_slot_defined
NZ_CP014851.1	MPF_FA	T4SS_virb4 AND NOT(T/F/I) AND >=2 FA/FATA	132	2	0	2	FATA	minimal		FATA_cd419a;FATA_trsG	11:13834..15819:+	none	1:2499..4166:+	1:2499..4166:+	none	none	none	none	16:18843..20066:+	16:18843..20066:+	none	none	none	none	282.5	MOBP1;MOBP2		no_slot_defined
NZ_CP014857.1	MPF_FA	T4SS_virb4 AND NOT(T/F/I) AND >=2 FA/FATA	207	2	0	2	FATA	minimal		FATA_cd419a;FATA_prgIc	151:121487..123496:-	none	none	203:170112..171677:-	none	19:15239..16474:-	none	none	none	none	none	none	none	none	321.9	MOBC		no_slot_defined
NZ_CP014988.1	MPF_FA	T4SS_virb4 AND NOT(T/F/I) AND >=2 FA/FATA	93	2	0	2	FATA	minimal		FATA_cd419a;FATA_trsG	73:62412..64340:+	none	69:57000..59456:+	69:57000..59456:+	none	none	none	none	81:68744..69988:+	81:68744..69988:+	none	none	none	none	194.1	MOBP1;MOBP2		no_slot_defined
NZ_CP015154.1	MPF_FA	T4SS_virb4 AND NOT(T/F/I) AND >=2 FA/FATA	88	2	1	1	unassigned	minimal	FA_orf14	FATA_cd419a	76:70920..72854:+	none	69:63221..65191:+	69:63221..65191:+	none	none	none	none	none	85:79645..81189:+	none	none	none	none	343.5	MOBP2		no_slot_defined
NZ_CP015155.1	MPF_FA	T4SS_virb4 AND NOT(T/F/I) AND >=2 FA/FATA	99	3	0	3	FATA	medium		FATA_cd419a;FATA_trsD;FATA_trsG	42:36597..38471:-	none	58:52464..54725:+	58:52464..54725:+	none	none	none	none	none	none	none	57:50357..52453:+	none	none	263.1	MOBQ		no_slot_defined
NZ_CP015156.1	MPF_FA	T4SS_virb4 AND NOT(T/F/I) AND >=2 FA/FATA	92	5	0	5	FATA	high		FATA_cd419a;FATA_trsC;FATA_trsD;FATA_trsG;FATA_trsL	15:16654..18546:+	none	10:12442..14358:+	10:12442..14358:+	none	none	none	none	9:9872..12415:+	none	9:9872..12415:+	none	none	none	292.2	MOBP1;MOBP3		no_slot_defined
NZ_CP015179.1	MPF_FA	T4SS_virb4 AND NOT(T/F/I) AND >=2 FA/FATA	69	5	0	5	FATA	high		FATA_cd419a;FATA_trsC;FATA_trsD;FATA_trsG;FATA_trsL	10:10294..12192:+	none	5:6052..7998:+	5:6052..7998:+	none	none	none	none	4:3512..6055:+	none	4:3512..6055:+	none	none	none	291.9	MOBP1;MOBP3		no_slot_defined
NZ_CP015180.1	MPF_FA	T4SS_virb4 AND NOT(T/F/I) AND >=2 FA/FATA	82	2	1	1	unassigned	minimal	FA_orf14	FATA_cd419a	8:7316..9250:-	none	14:14845..16824:-	14:14845..16824:-	none	none	none	none	none	81:70664..71692:-	none	none	none	none	346.0	MOBP2		no_slot_defined
NZ_CP015253.1	MPF_FA	T4SS_virb4 AND NOT(T/F/I) AND >=2 FA/FATA	123	7	1	6	FATA	high	FA_orf14	FATA_cd419a;FATA_trsC;FATA_trsD;FATA_trsF;FATA_trsJ;FATA_trsL	2:2923..4860:-	28:28497..29666:-	117:106047..108653:-	117:106047..108653:-	none	none	none	none	20:19219..20391:+	none	none	20:19219..20391:+	none	none	263.9	MOBP1;MOBQ		no_slot_defined
NZ_CP015260.1	MPF_FA	T4SS_virb4 AND NOT(T/F/I) AND >=2 FA/FATA	99	2	1	1	unassigned	minimal	FA_orf14	FATA_cd419a	9:8205..10145:+	69:69574..70764:-	4:1725..4457:+	4:1725..4457:+	none	68:69021..69635:-	none	none	14:13314..14522:+	14:13314..14522:+	none	none	none	none	306.7	MOBC;MOBP1;MOBP2		no_slot_defined
NZ_CP015284.1	MPF_FA	T4SS_virb4 AND NOT(T/F/I) AND >=2 FA/FATA	114	2	0	2	FATA	minimal		FATA_cd419a;FATA_prgB	101:113137..115098:-	none	none	28:18749..21787:-	none	none	none	none	none	none	none	none	none	none	125.1			no_slot_defined
NZ_CP015313.1	MPF_FA	T4SS_virb4 AND NOT(T/F/I) AND >=2 FA/FATA	104	3	0	3	FATA	medium		FATA_cd419a;FATA_trsD;FATA_trsG	40:39385..41268:+	none	25:24808..27069:-	25:24808..27069:-	none	none	none	none	none	none	none	26:27080..29176:-	none	none	268.9	MOBQ		no_slot_defined
NZ_CP015314.1	MPF_FA	T4SS_virb4 AND NOT(T/F/I) AND >=2 FA/FATA	78	5	0	5	FATA	high		FATA_cd419a;FATA_trsC;FATA_trsD;FATA_trsG;FATA_trsL	11:11155..13053:+	none	6:6943..8859:+	6:6943..8859:+	none	none	none	none	5:4373..6916:+	none	5:4373..6916:+	none	none	none	288.0	MOBP1;MOBP3		no_slot_defined
NZ_CP015351.1	MPF_FA	T4SS_virb4 AND NOT(T/F/I) AND >=2 FA/FATA	173	3	1	2	FATA	medium	FA_orf14	FATA_cd419a;FATA_prgC	137:113142..115079:+	104:82058..83248:-	132:106506..109061:+	132:106506..109061:+	none	103:81502..82119:-	none	none	142:118217..119407:+	142:118217..119407:+	none	none	none	none	334.2	MOBC;MOBP1;MOBP2		no_slot_defined
NZ_CP015352.1	MPF_FA	T4SS_virb4 AND NOT(T/F/I) AND >=2 FA/FATA	163	8	1	7	FATA	high	FA_orf14	FATA_cd419a;FATA_prgF;FATA_prgHa;FATA_prgHb;FATA_prgIa;FATA_prgIb;FATA_prgIc	73:70446..72860:+	113:102416..103597:+	81:80044..81870:+	81:80044..81870:+	none	none	none	none	109:100142..101407:+	none	none	none	none	none	328.4	MOBP1		no_slot_defined
NZ_CP015354.1	MPF_FA	T4SS_virb4 AND NOT(T/F/I) AND >=2 FA/FATA	128	5	4	1	FA	high	FA_orf13;FA_orf14;FA_orf15;FA_orf17a	FATA_cd419a	51:58589..61159:-	83:83810..84982:-	none	60:64974..67811:-	none	59:64128..64967:-	none	none	none	none	none	none	none	none	97.0	MOBC		no_slot_defined
NZ_CP015356.1	MPF_FA	T4SS_virb4 AND NOT(T/F/I) AND >=2 FA/FATA	109	4	0	4	FATA	medium		FATA_cd419a;FATA_trsD;FATA_trsG;FATA_trsL	1:626..2521:+	none	7:7053..9179:+	7:7053..9179:+	none	none	none	none	none	none	none	91:82816..87042:-	none	none	264.1	MOBQ		no_slot_defined
NZ_CP015517.1	MPF_FA	T4SS_virb4 AND NOT(T/F/I) AND >=2 FA/FATA	81	3	2	1	FA	medium	FA_orf13;FA_orf14	FATA_cd419a	61:56330..58354:-	none	66:61876..64491:-	66:61876..64491:-	none	none	none	none	51:48399..49994:-	51:48399..49994:-	none	none	none	29:28335..28616:+	257.7	MOBP1;MOBP2;MOBV		no_slot_defined
NZ_CP015608.1	MPF_FA	T4SS_virb4 AND NOT(T/F/I) AND >=2 FA/FATA	80	6	1	5	FATA	high	FA_orf14	FATA_cd419a;FATA_trsC;FATA_trsD;FATA_trsG;FATA_trsL	59:37982..39853:-	none	48:24080..26446:-	48:24080..26446:-	none	none	none	none	none	none	none	76:50807..52888:+	none	none	230.5	MOBQ		no_slot_defined
NZ_CP015730.1	MPF_FA	T4SS_virb4 AND NOT(T/F/I) AND >=2 FA/FATA	250	3	1	2	FATA	medium	FA_orf14	FATA_cd419a;FATA_prgC	165:176629..178566:+	200:210614..211780:+	160:170068..172617:+	160:170068..172617:+	none	none	none	none	170:181735..182925:+	170:181735..182925:+	none	none	none	none	325.9	MOBP1;MOBP2		no_slot_defined
NZ_CP015777.1	MPF_FA	T4SS_virb4 AND NOT(T/F/I) AND >=2 FA/FATA	192	3	1	2	FATA	medium	FA_orf14	FATA_cd419a;FATA_prgF	93:89365..91464:+	none	57:52063..55392:-	57:52063..55392:-	none	none	none	none	none	none	none	none	none	none	325.1			no_slot_defined
NZ_CP015778.1	MPF_FA	T4SS_virb4 AND NOT(T/F/I) AND >=2 FA/FATA	106	2	1	1	unassigned	minimal	FA_orf14	FATA_cd419a	6:4733..6667:-	none	13:11888..13723:-	13:11888..13723:-	none	none	none	none	none	105:93798..94826:-	none	none	none	none	345.1	MOBP2		no_slot_defined
NZ_CP015885.1	MPF_FA	T4SS_virb4 AND NOT(T/F/I) AND >=2 FA/FATA	64	6	3	3	unassigned	high	FA_orf13;FA_orf15;FA_orf17b	FATA_prgB;FATA_prgC;FATA_trsG	23:22113..24677:+	none	none	26:27382..29640:+	none	27:30162..30947:+	none	none	none	none	none	none	none	none	88.4	MOBC		no_slot_defined
NZ_CP015967.1	MPF_FA	T4SS_virb4 AND NOT(T/F/I) AND >=2 FA/FATA	42	5	0	5	FATA	high		FATA_trsC;FATA_trsD;FATA_trsF;FATA_trsJ;FATA_trsL	5:4938..6317:-	none	none	41:32384..32980:-	none	none	none	none	none	none	none	12:9372..11429:-	none	none	245.2	MOBQ		no_slot_defined
NZ_CP016281.1	MPF_FA	T4SS_virb4 AND NOT(T/F/I) AND >=2 FA/FATA	71	7	1	6	FATA	high	FA_orf14	FATA_cd419a;FATA_trsC;FATA_trsD;FATA_trsF;FATA_trsJ;FATA_trsL	8:6660..8672:-	none	3:1709..3340:-	3:1709..3340:-	none	none	none	none	none	none	none	15:11819..13843:-	none	none	298.9	MOBQ		no_slot_defined
NZ_CP016356.1	MPF_FA	T4SS_virb4 AND NOT(T/F/I) AND >=2 FA/FATA	120	2	0	2	FATA	minimal		FATA_cd419a;FATA_trsG	112:97238..99166:-	none	116:102116..104575:-	116:102116..104575:-	none	none	none	none	31:20029..21273:+	31:20029..21273:+	none	none	none	none	193.7	MOBP1;MOBP2		no_slot_defined
NZ_CP016361.1	MPF_FA	T4SS_virb4 AND NOT(T/F/I) AND >=2 FA/FATA	98	4	3	1	FA	medium	FA_orf13;FA_orf15;FA_orf17a	FATA_cd419a	46:38221..40809:-	84:75099..76265:-	none	52:43733..46789:-	none	51:42879..43712:-	none	none	none	none	none	none	none	none	95.3	MOBC		no_slot_defined
NZ_CP016541.2	MPF_FA	T4SS_virb4 AND NOT(T/F/I) AND >=2 FA/FATA	81	2	1	1	unassigned	minimal	FA_orf14	FATA_cd419a	42:35342..37300:-	none	49:41364..43925:-	49:41364..43925:-	none	none	none	none	37:31127..32269:-	37:31127..32269:-	none	none	none	none	292.2	MOBP1;MOBP2		no_slot_defined
NZ_CP016589.1	MPF_FA	T4SS_virb4 AND NOT(T/F/I) AND >=2 FA/FATA	508	2	1	1	unassigned	minimal	FA_orf14	FATA_cd419a	43:42795..44891:-	none	108:100172..103585:+	108:100172..103585:+	none	none	none	none	none	none	none	none	none	none	325.4			no_slot_defined
NZ_CP016596.1	MPF_FA	T4SS_virb4 AND NOT(T/F/I) AND >=2 FA/FATA	259	3	1	2	FATA	medium	FA_orf14	FATA_cd419a;FATA_prgC	177:224077..226014:-	130:186072..187238:-	182:230170..232725:-	182:230170..232725:-	none	none	none	none	172:219718..220908:-	172:219718..220908:-	none	none	none	none	333.2	MOBP1;MOBP2		no_slot_defined
NZ_CP016624.1	MPF_FA	T4SS_virb4 AND NOT(T/F/I) AND >=2 FA/FATA	56	4	0	4	FATA	medium		FATA_cd419a;FATA_trsD;FATA_trsG;FATA_trsL	24:21436..23289:+	none	8:8354..10489:-	8:8354..10489:-	none	none	none	none	none	none	none	9:10508..12439:-	none	none	295.4	MOBQ		no_slot_defined
NZ_CP016686.2	MPF_FA	T4SS_virb4 AND NOT(T/F/I) AND >=2 FA/FATA	65	6	0	6	FATA	high		FATA_prgF;FATA_prgHa;FATA_prgHb;FATA_prgIb;FATA_prgIc;FATA_trsG	11:9765..12152:-	none	16:14032..15867:-	16:14032..15867:-	none	none	none	none	2:1838..3355:-	none	none	none	none	none	314.1	MOBP1		no_slot_defined
NZ_CP016702.1	MPF_FA	T4SS_virb4 AND NOT(T/F/I) AND >=2 FA/FATA	60	7	0	7	FATA	high		FATA_prgF;FATA_prgHa;FATA_prgHb;FATA_prgIa;FATA_prgIb;FATA_prgIc;FATA_trsG	16:12380..14767:-	none	21:16647..18482:-	21:16647..18482:-	none	none	none	none	7:4453..5970:-	none	none	none	none	none	314.6	MOBP1		no_slot_defined
NZ_CP016707.2	MPF_FA	T4SS_virb4 AND NOT(T/F/I) AND >=2 FA/FATA	83	5	0	5	FATA	high		FATA_prgF;FATA_prgHb;FATA_prgIb;FATA_prgIc;FATA_trsG	12:9765..12152:-	none	19:16201..18036:-	19:16201..18036:-	none	none	none	none	2:1838..3355:-	none	none	none	none	none	314.1	MOBP1		no_slot_defined
NZ_CP016721.3	MPF_FA	T4SS_virb4 AND NOT(T/F/I) AND >=2 FA/FATA	51	6	0	6	FATA	high		FATA_trsC;FATA_trsD;FATA_trsF;FATA_trsG;FATA_trsJ;FATA_trsL	10:6891..8855:+	38:35965..36615:+	19:14497..16260:+	19:14497..16260:+	none	none	none	none	none	none	none	4:2162..4264:+	none	none	312.0	MOBQ		no_slot_defined
NZ_CP016727.2	MPF_FA	T4SS_virb4 AND NOT(T/F/I) AND >=2 FA/FATA	51	6	0	6	FATA	high		FATA_trsC;FATA_trsD;FATA_trsF;FATA_trsG;FATA_trsJ;FATA_trsL	10:6891..8855:+	38:35926..36576:+	19:14497..16260:+	19:14497..16260:+	none	none	none	none	none	none	none	4:2162..4264:+	none	none	312.0	MOBQ		no_slot_defined
NZ_CP016791.1	MPF_FA	T4SS_virb4 AND NOT(T/F/I) AND >=2 FA/FATA	130	2	1	1	unassigned	minimal	FA_orf14	FATA_cd419a	48:38839..40773:+	none	43:32613..35195:+	43:32613..35195:+	none	none	none	none	53:44247..45446:+	53:44247..45446:+	none	none	none	none	297.5	MOBP1;MOBP2		no_slot_defined
NZ_CP016840.1	MPF_FA	T4SS_virb4 AND NOT(T/F/I) AND >=2 FA/FATA	58	2	1	1	unassigned	minimal	FA_orf14	FATA_cd419a	44:42595..44517:+	none	39:35148..37895:+	39:35148..37895:+	none	none	none	none	53:49594..50961:+	53:49594..50961:+	none	none	none	none	317.0	MOBP1;MOBP2		no_slot_defined
NZ_CP016845.1	MPF_FA	T4SS_virb4 AND NOT(T/F/I) AND >=2 FA/FATA	106	4	1	3	FATA	medium	FA_orf15	FATA_cd419a;FATA_prgC;FATA_trsG	56:47737..50244:-	none	54:43248..45377:-	54:43248..45377:-	none	53:41590..42381:-	none	none	none	none	none	none	none	none	103.7	MOBC		no_slot_defined
NZ_CP016846.1	MPF_FA	T4SS_virb4 AND NOT(T/F/I) AND >=2 FA/FATA	87	6	0	6	FATA	high		FATA_gbs1365;FATA_prgF;FATA_prgHb;FATA_prgIc;FATA_prgK;FATA_prgL	83:75267..77648:+	none	10:5085..6902:+	10:5085..6902:+	none	none	none	none	15:14293..15972:+	none	none	none	none	none	277.3	MOBP1		no_slot_defined
NZ_CP016847.1	MPF_FA	T4SS_virb4 AND NOT(T/F/I) AND >=2 FA/FATA	66	5	2	3	unassigned	high	FA_orf13;FA_orf15	FATA_cd419a;FATA_prgC;FATA_trsG	7:4533..7049:+	none	9:9324..11468:+	9:9324..11468:+	none	10:12173..12976:+	none	none	none	none	none	none	none	none	102.6	MOBC		no_slot_defined
NZ_CP016848.1	MPF_FA	T4SS_virb4 AND NOT(T/F/I) AND >=2 FA/FATA	24	3	0	3	FATA	medium		FATA_prgC;FATA_prgF;FATA_prgHb	10:9679..12060:-	none	13:13430..15256:-	13:13430..15256:-	none	none	none	none	0:1623..3134:-	none	none	none	none	none	313.9	MOBP1		no_slot_defined
NZ_CP016860.1	MPF_FA	T4SS_virb4 AND NOT(T/F/I) AND >=2 FA/FATA	70	2	0	2	FATA	minimal		FATA_gbs1354;FATA_trsG	5:5786..7780:+	none	none	0:49..1674:+	none	none	none	none	10:10931..12106:+	10:10931..12106:+	none	none	none	none	250.5	MOBP1;MOBP2		no_slot_defined
NZ_CP016918.1	MPF_FA	T4SS_virb4 AND NOT(T/F/I) AND >=2 FA/FATA	55	4	0	4	FATA	medium		FATA_cd419a;FATA_trsD;FATA_trsG;FATA_trsL	24:21436..23289:+	none	8:8354..10489:-	8:8354..10489:-	none	none	none	none	none	none	none	9:10508..12439:-	none	none	295.4	MOBQ		no_slot_defined
NZ_CP017199.1	MPF_FA	T4SS_virb4 AND NOT(T/F/I) AND >=2 FA/FATA	42	3	3	0	FA	medium	FA_orf13;FA_orf15;FA_orf17b		9:6889..9411:-	19:15315..16325:-	none	none	none	none	none	none	none	none	none	none	17:13410..14594:-	none	107.8	MOBT		no_slot_defined
NZ_CP017573.1	MPF_FA	T4SS_virb4 AND NOT(T/F/I) AND >=2 FA/FATA	68	4	3	1	FA	medium	FA_orf13;FA_orf15;FA_orf17a	FATA_cd419a	16:13949..16507:+	none	none	9:7444..10188:+	none	10:10194..11036:+	none	none	none	none	none	none	none	none	96.9	MOBC		no_slot_defined
NZ_CP017574.1	MPF_FA	T4SS_virb4 AND NOT(T/F/I) AND >=2 FA/FATA	360	7	6	1	FA	high	FA_orf13;FA_orf14;FA_orf15;FA_orf17a;FA_orf17b;FA_orf19	FATA_cd419a	185:184579..186114:-	120:122374..124710:-	200:207377..209065:-	198:203443..204840:-	none	336:334982..335569:-	none	none	none	none	none	none	none	none	78.9	MOBC		no_slot_defined
NZ_CP017691.1	MPF_FA	T4SS_virb4 AND NOT(T/F/I) AND >=2 FA/FATA	103	4	0	4	FATA	medium		FATA_cd419a;FATA_trsD;FATA_trsG;FATA_trsL	25:21240..23093:-	37:30222..31379:+	47:38599..40734:+	47:38599..40734:+	none	none	none	none	none	none	none	46:36649..38580:+	none	none	291.9	MOBQ		no_slot_defined
NZ_CP017764.1	MPF_FA	T4SS_virb4 AND NOT(T/F/I) AND >=2 FA/FATA	92	2	1	1	unassigned	minimal	FA_orf14	FATA_cd419a	6:2766..3434:+	none	91:59954..62314:+	91:59954..62314:+	none	none	none	none	12:7187..8419:+	12:7187..8419:+	none	none	none	none	85.2	MOBP1;MOBP2		no_slot_defined
NZ_CP017773.1	MPF_FA	T4SS_virb4 AND NOT(T/F/I) AND >=2 FA/FATA	86	3	0	3	FATA	medium		FATA_cd419a;FATA_trsD;FATA_trsL	1:1043..2281:+	none	21:19029..21257:+	21:19029..21257:+	none	none	none	none	none	none	none	20:17040..19019:+	none	none	137.8	MOBQ		no_slot_defined
NZ_CP017955.1	MPF_FA	T4SS_virb4 AND NOT(T/F/I) AND >=2 FA/FATA	85	2	0	2	FATA	minimal		FATA_cd419a;FATA_prgB	16:11557..13509:-	none	32:26348..28222:-	32:26348..28222:-	none	none	none	none	none	3:1942..4131:-	none	none	none	none	180.1	MOBP2		no_slot_defined
NZ_CP017963.1	MPF_FA	T4SS_virb4 AND NOT(T/F/I) AND >=2 FA/FATA	57	2	1	1	unassigned	minimal	FA_orf14	FATA_cd419a	56:45284..47206:+	none	52:38743..41385:+	52:38743..41385:+	none	none	none	none	none	6:3501..4988:+	none	none	none	none	321.1	MOBP2		no_slot_defined
NZ_CP018130.1	MPF_FA	T4SS_virb4 AND NOT(T/F/I) AND >=2 FA/FATA	84	2	1	1	unassigned	minimal	FA_orf14	FATA_cd419a	50:46411..48366:+	none	43:36646..38463:+	45:41209..42252:+	none	none	none	none	58:52543..54078:+	58:52543..54078:+	none	none	none	none	319.8	MOBP1;MOBP2		no_slot_defined
NZ_CP018178.1	MPF_FA	T4SS_virb4 AND NOT(T/F/I) AND >=2 FA/FATA	73	8	2	6	FATA	high	FA_orf14;FA_orf17a	FATA_cd419a;FATA_trsC;FATA_trsD;FATA_trsG;FATA_trsJ;FATA_trsL	16:14970..16967:-	none	11:10204..11508:-	11:10204..11508:-	none	none	none	none	none	none	none	22:19383..21509:-	none	none	310.2	MOBQ		no_slot_defined
NZ_CP018185.1	MPF_FA	T4SS_virb4 AND NOT(T/F/I) AND >=2 FA/FATA	110	2	1	1	unassigned	minimal	FA_orf14	FATA_cd419a	50:30716..32611:-	none	54:36451..38811:-	54:36451..38811:-	none	none	none	none	44:25731..26963:-	44:25731..26963:-	none	none	none	none	257.2	MOBP1;MOBP2		no_slot_defined
NZ_CP018188.1	MPF_FA	T4SS_virb4 AND NOT(T/F/I) AND >=2 FA/FATA	194	5	0	5	FATA	high		FATA_cd419a;FATA_gbs1369;FATA_prgB;FATA_prgC;FATA_prgL	180:166297..168258:+	none	none	96:93464..96499:+	none	none	none	none	none	none	none	none	none	none	120.7			no_slot_defined
NZ_CP018198.1	MPF_FA	T4SS_virb4 AND NOT(T/F/I) AND >=2 FA/FATA	36	4	3	1	FA	medium	FA_orf13;FA_orf15;FA_orf17a	FATA_cd419a	34:33702..36314:-	none	none	none	none	none	none	none	none	none	none	none	none	none	77.8			no_slot_defined
NZ_CP018741.1	MPF_FA	T4SS_virb4 AND NOT(T/F/I) AND >=2 FA/FATA	233	3	1	2	FATA	medium	FA_orf14	FATA_cd419a;FATA_prgC	98:103559..105496:-	188:206103..207269:+	103:109730..112312:-	103:109730..112312:-	none	none	none	none	93:99196..100389:-	93:99196..100389:-	none	none	none	none	334.7	MOBP1;MOBP2		no_slot_defined
NZ_CP018742.1	MPF_FA	T4SS_virb4 AND NOT(T/F/I) AND >=2 FA/FATA	204	2	1	1	unassigned	minimal	FA_orf14	FATA_cd419a	195:203882..205822:+	none	54:55323..57953:+	189:196103..198730:+	none	none	none	none	none	67:69047..70588:+	none	none	none	none	350.8	MOBP2		no_slot_defined
NZ_CP018877.1	MPF_FA	T4SS_virb4 AND NOT(T/F/I) AND >=2 FA/FATA	120	2	1	1	unassigned	minimal	FA_orf14	FATA_cd419a	57:55883..57817:+	28:28575..29708:+	51:48671..51262:+	51:48671..51262:+	none	none	none	none	62:60975..62195:+	62:60975..62195:+	none	none	none	none	290.3	MOBP1;MOBP2		no_slot_defined
NZ_CP018904.1	MPF_FA	T4SS_virb4 AND NOT(T/F/I) AND >=2 FA/FATA	188	3	1	2	FATA	medium	FA_orf14	FATA_cd419a;FATA_prgF	92:89740..91839:+	none	55:52167..55496:-	55:52167..55496:-	none	none	none	none	none	none	none	none	none	none	324.3			no_slot_defined
NZ_CP018905.1	MPF_FA	T4SS_virb4 AND NOT(T/F/I) AND >=2 FA/FATA	108	2	1	1	unassigned	minimal	FA_orf14	FATA_cd419a	8:4731..6665:-	none	15:11724..13559:-	15:11724..13559:-	none	none	none	none	none	107:94120..95148:-	none	none	none	none	345.1	MOBP2		no_slot_defined
NZ_CP018932.1	MPF_FA	T4SS_virb4 AND NOT(T/F/I) AND >=2 FA/FATA	133	2	1	1	unassigned	minimal	FA_orf14	FATA_cd419a	51:37408..39345:-	none	58:44656..47289:-	58:44656..47289:-	none	none	none	none	none	40:28204..29760:-	none	none	none	none	343.8	MOBP2		no_slot_defined
NZ_CP018934.1	MPF_FA	T4SS_virb4 AND NOT(T/F/I) AND >=2 FA/FATA	144	2	1	1	unassigned	minimal	FA_orf14	FATA_cd419a	33:21414..23351:+	none	126:89617..91164:+	26:13470..16103:+	none	none	none	none	none	44:30999..32555:+	none	none	none	none	343.8	MOBP2		no_slot_defined
NZ_CP018936.1	MPF_FA	T4SS_virb4 AND NOT(T/F/I) AND >=2 FA/FATA	128	2	1	1	unassigned	minimal	FA_orf14	FATA_cd419a	63:46700..48637:-	none	69:53948..56581:-	69:53948..56581:-	none	none	none	none	none	52:37496..39052:-	none	none	none	none	343.8	MOBP2		no_slot_defined
NZ_CP019039.1	MPF_FA	T4SS_virb4 AND NOT(T/F/I) AND >=2 FA/FATA	109	6	1	5	FATA	high	FA_orf14	FATA_cd419a;FATA_trsC;FATA_trsD;FATA_trsG;FATA_trsL	96:54885..56771:+	none	none	none	none	none	none	none	none	none	none	66:36576..38825:-	none	none	236.6	MOBQ		no_slot_defined
NZ_CP019166.1	MPF_FA	T4SS_virb4 AND NOT(T/F/I) AND >=2 FA/FATA	79	3	1	2	FATA	medium	FA_orf14	FATA_cd419a;FATA_trsG	69:64070..66085:-	none	73:69547..72012:-	73:69547..72012:-	none	none	none	none	63:59082..60422:-	63:59082..60422:-	none	none	none	none	222.5	MOBP1;MOBP2		no_slot_defined
NZ_CP019168.1	MPF_FA	T4SS_virb4 AND NOT(T/F/I) AND >=2 FA/FATA	79	3	1	2	FATA	medium	FA_orf14	FATA_cd419a;FATA_trsG	69:64070..66085:-	none	73:69547..72012:-	73:69547..72012:-	none	none	none	none	63:59082..60422:-	63:59082..60422:-	none	none	none	none	222.5	MOBP1;MOBP2		no_slot_defined
NZ_CP019234.1	MPF_FA	T4SS_virb4 AND NOT(T/F/I) AND >=2 FA/FATA	105	2	1	1	unassigned	minimal	FA_orf14	FATA_cd419a	43:35268..37199:+	none	34:26033..28669:+	34:26033..28669:+	none	none	none	none	none	52:42513..44069:+	none	none	none	none	331.8	MOBP2		no_slot_defined
NZ_CP019513.1	MPF_FA	T4SS_virb4 AND NOT(T/F/I) AND >=2 FA/FATA	74	6	3	3	unassigned	high	FA_orf13;FA_orf15;FA_orf17b	FATA_prgB;FATA_prgC;FATA_trsG	72:63491..66055:-	none	69:58576..60789:-	69:58576..60789:-	none	67:56999..57718:-	none	none	none	none	none	none	none	54:47277..48596:+	89.8	MOBC;MOBV		no_slot_defined
NZ_CP019514.1	MPF_FA	T4SS_virb4 AND NOT(T/F/I) AND >=2 FA/FATA	82	3	3	0	FA	medium	FA_orf13;FA_orf15;FA_orf17b		14:8748..11312:+	none	none	17:14012..16270:+	none	18:16792..17577:+	none	none	none	none	none	none	none	none	90.5	MOBC		no_slot_defined
NZ_CP019589.1	MPF_FA	T4SS_virb4 AND NOT(T/F/I) AND >=2 FA/FATA	190	3	1	2	FATA	medium	FA_orf14	FATA_cd419a;FATA_prgF	93:89365..91464:+	none	57:52063..55392:-	57:52063..55392:-	none	none	none	none	none	none	none	none	none	none	325.1			no_slot_defined
NZ_CP019642.1	MPF_FA	T4SS_virb4 AND NOT(T/F/I) AND >=2 FA/FATA	100	5	0	5	FATA	high		FATA_cd419a;FATA_prgC;FATA_prgF;FATA_trsD;FATA_trsG	71:62709..64580:+	none	59:51334..53319:-	59:51334..53319:-	none	90:80240..81004:+	none	none	none	none	none	60:53335..55395:-	none	none	245.1	MOBC;MOBQ		no_slot_defined
NZ_CP019658.1	MPF_FA	T4SS_virb4 AND NOT(T/F/I) AND >=2 FA/FATA	53	5	4	1	FA	high	FA_orf13;FA_orf14;FA_orf15;FA_orf17b	FATA_cd419a	3:1677..4130:+	none	none	52:46842..48698:+	none	51:46193..46855:+	none	none	none	none	none	none	none	none	138.9	MOBC		no_slot_defined
NZ_CP019661.1	MPF_FA	T4SS_virb4 AND NOT(T/F/I) AND >=2 FA/FATA	54	5	4	1	FA	high	FA_orf13;FA_orf14;FA_orf15;FA_orf17b	FATA_cd419a	3:1676..4129:+	none	none	53:46841..48697:+	none	52:46192..46854:+	none	none	none	none	none	none	none	none	138.9	MOBC		no_slot_defined
NZ_CP019720.1	MPF_FA	T4SS_virb4 AND NOT(T/F/I) AND >=2 FA/FATA	42	4	3	1	FA	medium	FA_orf13;FA_orf14;FA_orf15	FATA_cd419a	3:1673..4120:+	none	none	41:34831..36687:+	none	40:34140..34844:+	none	none	none	none	none	none	none	none	135.9	MOBC		no_slot_defined
NZ_CP019796.1	MPF_FA	T4SS_virb4 AND NOT(T/F/I) AND >=2 FA/FATA	57	4	3	1	FA	medium	FA_orf14;FA_orf15;FA_orf17b	FATA_cd419a	2:723..3176:+	none	none	56:45873..47720:+	none	55:45224..45886:+	none	none	none	none	none	none	none	none	138.9	MOBC		no_slot_defined
NZ_CP019972.1	MPF_FA	T4SS_virb4 AND NOT(T/F/I) AND >=2 FA/FATA	138	2	1	1	unassigned	minimal	FA_orf14	FATA_cd419a	31:28177..29802:+	none	26:21160..24018:+	26:21160..24018:+	none	none	none	none	63:53837..55372:+	63:53837..55372:+	none	none	none	none	247.6	MOBP1;MOBP2		no_slot_defined
NZ_CP020024.1	MPF_FA	T4SS_virb4 AND NOT(T/F/I) AND >=2 FA/FATA	123	2	1	1	unassigned	minimal	FA_orf14	FATA_cd419a	66:48452..50347:+	none	62:42252..44612:+	62:42252..44612:+	none	none	none	none	72:54100..55332:+	72:54100..55332:+	none	none	none	none	257.2	MOBP1;MOBP2		no_slot_defined
NZ_CP020031.1	MPF_FA	T4SS_virb4 AND NOT(T/F/I) AND >=2 FA/FATA	66	4	0	4	FATA	medium		FATA_cd419a;FATA_trsD;FATA_trsG;FATA_trsL	17:12908..14761:+	8:5814..6971:-	64:55269..57395:-	64:55269..57395:-	none	none	none	none	none	none	none	none	none	none	294.7			no_slot_defined
NZ_CP020329.1	MPF_FA	T4SS_virb4 AND NOT(T/F/I) AND >=2 FA/FATA	54	5	4	1	FA	high	FA_orf13;FA_orf14;FA_orf15;FA_orf17b	FATA_cd419a	6:5696..8149:+	none	none	2:2149..3996:+	none	1:1500..2162:+	none	none	none	none	none	none	none	none	138.9	MOBC		no_slot_defined
NZ_CP020429.2	MPF_FA	T4SS_virb4 AND NOT(T/F/I) AND >=2 FA/FATA	203	3	0	3	FATA	medium		FATA_cd419a;FATA_prgB;FATA_prgL	182:181674..183635:+	none	none	55:71870..74908:+	none	none	none	none	none	none	none	none	none	none	123.7			no_slot_defined
NZ_CP020434.2	MPF_FA	T4SS_virb4 AND NOT(T/F/I) AND >=2 FA/FATA	227	3	1	2	FATA	medium	FA_orf14	FATA_cd419a;FATA_prgC	37:39679..41616:-	69:72499..73680:+	42:45526..48114:-	42:45526..48114:-	none	70:73619..74233:+	none	none	none	32:35317..36510:-	none	none	none	none	322.7	MOBC;MOBP2		no_slot_defined
NZ_CP020460.1	MPF_FA	T4SS_virb4 AND NOT(T/F/I) AND >=2 FA/FATA	92	2	1	1	unassigned	minimal	FA_orf14	FATA_cd419a	74:63293..65263:+	none	81:70363..72744:+	81:70363..72744:+	none	none	none	none	80:68807..70333:+	80:68807..70333:+	none	none	none	none	253.4	MOBP1;MOBP2		no_slot_defined
NZ_CP020716.1	MPF_FA	T4SS_virb4 AND NOT(T/F/I) AND >=2 FA/FATA	250	3	0	3	FATA	medium		FATA_cd419a;FATA_prgC;FATA_prgF	194:156221..157831:-	none	187:150970..152799:-	187:150970..152799:-	none	none	none	none	184:147344..148927:+	none	none	none	none	none	69.1	MOBP1		no_slot_defined
NZ_CP020717.1	MPF_FA	T4SS_virb4 AND NOT(T/F/I) AND >=2 FA/FATA	93	2	0	2	FATA	minimal		FATA_cd419a;FATA_prgC	67:57312..58922:+	none	74:62322..64151:+	74:62322..64151:+	none	none	none	none	77:66202..67815:-	none	none	none	none	none	69.9	MOBP1		no_slot_defined
NZ_CP020745.1	MPF_FA	T4SS_virb4 AND NOT(T/F/I) AND >=2 FA/FATA	117	4	3	1	FA	medium	FA_orf13;FA_orf15;FA_orf17a	FATA_cd419a	19:17335..19905:-	43:39782..40954:-	none	none	none	24:22867..23706:-	none	none	none	none	none	none	none	none	91.3	MOBC		no_slot_defined
NZ_CP020746.1	MPF_FA	T4SS_virb4 AND NOT(T/F/I) AND >=2 FA/FATA	124	2	1	1	unassigned	minimal	FA_orf14	FATA_cd419a	116:94650..96584:-	none	0:21..2645:-	0:21..2645:-	none	none	none	none	none	109:88902..90446:-	none	none	none	none	347.3	MOBP2		no_slot_defined
NZ_CP020747.1	MPF_FA	T4SS_virb4 AND NOT(T/F/I) AND >=2 FA/FATA	81	3	1	2	FATA	medium	FA_orf14	FATA_cd419a;FATA_prgC	63:58726..60663:+	36:32365..33555:-	58:52126..54696:+	58:52126..54696:+	none	35:31809..32426:-	none	none	69:64119..65312:+	69:64119..65312:+	none	none	none	none	335.3	MOBC;MOBP1;MOBP2		no_slot_defined
NZ_CP020748.1	MPF_FA	T4SS_virb4 AND NOT(T/F/I) AND >=2 FA/FATA	93	2	0	2	FATA	minimal		FATA_cd419a;FATA_trsG	88:65671..67653:-	none	5:3955..6276:-	5:3955..6276:-	none	none	none	none	83:61424..62647:-	83:61424..62647:-	none	none	none	none	286.3	MOBP1;MOBP2		no_slot_defined
NZ_CP020829.1	MPF_FA	T4SS_virb4 AND NOT(T/F/I) AND >=2 FA/FATA	70	3	1	2	FATA	medium	FA_orf14	FATA_cd419a;FATA_trsG	64:60970..62985:+	none	60:55043..57508:+	60:55043..57508:+	none	none	none	none	0:5..940:+	0:5..940:+	none	none	none	none	222.5	MOBP1;MOBP2		no_slot_defined
NZ_CP020864.1	MPF_FA	T4SS_virb4 AND NOT(T/F/I) AND >=2 FA/FATA	250	3	2	1	FA	medium	FA_orf17a;FA_orf19	FATA_cd419a	126:122290..124935:+	117:112604..115063:-	117:112604..115063:-	117:112604..115063:-	none	227:223686..224069:-	none	none	none	none	none	none	none	none	119.4	MOBC		no_slot_defined
NZ_CP021062.1	MPF_FA	T4SS_virb4 AND NOT(T/F/I) AND >=2 FA/FATA	501	2	1	1	unassigned	minimal	FA_orf14	FATA_cd419a	98:96801..97769:+	none	33:40040..41185:-	29:32410..34176:-	none	none	none	none	none	none	none	none	none	none	154.4			no_slot_defined
NZ_CP021063.1	MPF_FA	T4SS_virb4 AND NOT(T/F/I) AND >=2 FA/FATA	134	3	0	3	FATA	medium		FATA_cd419a;FATA_trsD;FATA_trsG	0:2286..3170:-	none	17:18702..20384:+	17:18702..20384:+	none	none	none	none	none	none	none	14:13337..15433:+	none	none	116.8	MOBQ		no_slot_defined
NZ_CP021065.1	MPF_FA	T4SS_virb4 AND NOT(T/F/I) AND >=2 FA/FATA	96	5	0	5	FATA	high		FATA_cd419a;FATA_trsC;FATA_trsD;FATA_trsG;FATA_trsL	85:73338..75230:+	none	80:69717..71042:+	80:69717..71042:+	none	none	none	none	77:63877..66420:+	none	77:63877..66420:+	none	none	none	292.2	MOBP1;MOBP3		no_slot_defined
NZ_CP021357.1	MPF_FA	T4SS_virb4 AND NOT(T/F/I) AND >=2 FA/FATA	130	2	0	2	FATA	minimal		FATA_cd419a;FATA_prgF	117:103470..105296:+	none	121:107885..109693:+	121:107885..109693:+	none	none	129:114155..118855:-	none	none	none	none	none	none	none	85.9	MOBF		no_slot_defined
NZ_CP021459.1	MPF_FA	T4SS_virb4 AND NOT(T/F/I) AND >=2 FA/FATA	58	7	6	1	FA	high	FA_orf13;FA_orf14;FA_orf15;FA_orf17a;FA_orf19;FA_orf23	FATA_cd419a	52:43289..45736:+	47:39178..40563:+	none	none	none	none	none	none	none	none	none	none	48:40741..41946:+	none	93.8	MOBT		no_slot_defined
NZ_CP021876.1	MPF_FA	T4SS_virb4 AND NOT(T/F/I) AND >=2 FA/FATA	233	4	1	3	FATA	medium	FA_orf14	FATA_cd419a;FATA_prgC;FATA_trsG	58:49972..52542:+	none	55:44894..47728:+	55:44894..47728:+	none	none	none	none	65:57834..59894:+	65:57834..59894:+	none	none	none	none	125.7	MOBP1;MOBP2		no_slot_defined
NZ_CP021878.1	MPF_FA	T4SS_virb4 AND NOT(T/F/I) AND >=2 FA/FATA	87	6	0	6	FATA	high		FATA_gbs1365;FATA_prgF;FATA_prgHb;FATA_prgIc;FATA_prgK;FATA_prgL	76:56511..58892:-	none	68:47972..49783:-	68:47972..49783:-	none	none	none	none	63:41084..42769:-	none	none	none	none	none	297.6	MOBP1		no_slot_defined
NZ_CP021893.1	MPF_FA	T4SS_virb4 AND NOT(T/F/I) AND >=2 FA/FATA	116	2	1	1	unassigned	minimal	FA_orf14	FATA_cd419a	46:34690..36585:+	none	42:28490..30850:+	42:28490..30850:+	none	none	none	none	52:40338..41570:+	52:40338..41570:+	none	none	none	none	257.2	MOBP1;MOBP2		no_slot_defined
NZ_CP022045.1	MPF_FA	T4SS_virb4 AND NOT(T/F/I) AND >=2 FA/FATA	189	3	1	2	FATA	medium	FA_orf14	FATA_cd419a;FATA_prgF	29:26274..28373:+	none	182:170606..173935:-	182:170606..173935:-	none	none	none	none	none	none	none	none	none	none	325.1			no_slot_defined
NZ_CP022320.2	MPF_FA	T4SS_virb4 AND NOT(T/F/I) AND >=2 FA/FATA	35	3	2	1	FA	medium	FA_orf13;FA_orf15	FATA_cd419a	0:1..2613:+	none	none	none	none	none	none	none	none	none	none	none	none	none	77.8			no_slot_defined
NZ_CP022346.1	MPF_FA	T4SS_virb4 AND NOT(T/F/I) AND >=2 FA/FATA	340	2	1	1	unassigned	minimal	FA_orf14	FATA_cd419a	286:289590..291689:-	none	43:37763..41263:+	43:37763..41263:+	none	none	none	none	none	none	none	none	none	none	328.5			no_slot_defined
NZ_CP022406.1	MPF_FA	T4SS_virb4 AND NOT(T/F/I) AND >=2 FA/FATA	333	2	0	2	FATA	minimal		FATA_cd419a;FATA_prgIb	43:39843..42443:-	none	19:18680..20626:-	19:18680..20626:-	none	none	none	61:57995..58894:-	none	none	none	none	none	none	338.3	MOBH		no_slot_defined
NZ_CP022446.1	MPF_FA	T4SS_virb4 AND NOT(T/F/I) AND >=2 FA/FATA	692	2	1	1	unassigned	minimal	FA_orf14	FATA_cd419a	447:502689..504788:+	none	393:455286..458633:-	393:455286..458633:-	none	215:279714..280250:-	none	none	none	none	none	none	none	none	323.1	MOBC		no_slot_defined
NZ_CP022465.2	MPF_FA	T4SS_virb4 AND NOT(T/F/I) AND >=2 FA/FATA	39	2	2	0	FA	minimal	FA_orf17a;FA_orf17b		11:19422..22070:+	7:16077..17579:+	none	none	none	none	none	none	none	none	none	none	none	none	84.2			no_slot_defined
NZ_CP022484.1	MPF_FA	T4SS_virb4 AND NOT(T/F/I) AND >=2 FA/FATA	73	6	5	1	FA	high	FA_orf13;FA_orf14;FA_orf15;FA_orf17a;FA_orf19	FATA_cd419a	10:11804..14251:-	15:16977..18137:-	none	23:23577..24041:+	none	24:24621..25349:+	none	none	none	none	none	none	14:15594..16799:-	4:2005..3267:-	93.8	MOBC;MOBT;MOBV		no_slot_defined
NZ_CP022485.1	MPF_FA	T4SS_virb4 AND NOT(T/F/I) AND >=2 FA/FATA	64	8	0	8	FATA	high		FATA_cd419a;FATA_prgB;FATA_prgC;FATA_prgF;FATA_prgHb;FATA_prgIc;FATA_prgK;FATA_prgL	48:42269..44659:+	none	57:50859..52688:+	57:50859..52688:+	none	none	none	none	61:55806..57491:+	none	none	none	none	none	292.1	MOBP1		no_slot_defined
NZ_CP022984.1	MPF_FA	T4SS_virb4 AND NOT(T/F/I) AND >=2 FA/FATA	145	5	4	1	FA	high	FA_orf13;FA_orf14;FA_orf15;FA_orf17b	FATA_cd419a	15:14215..16650:+	58:54735..55220:+	none	11:10510..12462:+	none	10:10014..10523:+	none	none	none	none	none	none	none	none	150.4	MOBC		no_slot_defined
NZ_CP023002.1	MPF_FA	T4SS_virb4 AND NOT(T/F/I) AND >=2 FA/FATA	209	3	1	2	FATA	medium	FA_orf14	FATA_cd419a;FATA_prgF	123:114560..116674:-	none	159:150631..153960:+	159:150631..153960:+	none	none	none	none	none	none	none	none	none	none	325.0			no_slot_defined
NZ_CP023003.1	MPF_FA	T4SS_virb4 AND NOT(T/F/I) AND >=2 FA/FATA	115	2	1	1	unassigned	minimal	FA_orf14	FATA_cd419a	38:34942..36876:-	none	45:42097..43932:-	45:42097..43932:-	none	none	none	none	none	30:29178..30734:-	none	none	none	none	345.1	MOBP2		no_slot_defined
NZ_CP023176.1	MPF_FA	T4SS_virb4 AND NOT(T/F/I) AND >=2 FA/FATA	53	2	0	2	FATA	minimal		FATA_cd419a;FATA_prgB	11:6971..8923:-	none	27:23110..25824:-	27:23110..25824:-	none	none	none	none	none	51:56061..58250:-	none	none	none	none	181.6	MOBP2		no_slot_defined
NZ_CP023246.1	MPF_FA	T4SS_virb4 AND NOT(T/F/I) AND >=2 FA/FATA	476	2	1	1	unassigned	minimal	FA_orf14	FATA_cd419a	65:55711..57810:+	none	472:540008..543421:-	472:540008..543421:-	none	none	none	none	none	none	none	none	none	none	323.2			no_slot_defined
NZ_CP023318.1	MPF_FA	T4SS_virb4 AND NOT(T/F/I) AND >=2 FA/FATA	157	2	1	1	unassigned	minimal	FA_orf14	FATA_cd419a	57:42687..44621:-	none	62:48681..51302:-	62:48681..51302:-	none	none	none	none	49:35302..36498:-	49:35302..36498:-	none	none	none	none	292.0	MOBP1;MOBP2		no_slot_defined
NZ_CP023413.1	MPF_FA	T4SS_virb4 AND NOT(T/F/I) AND >=2 FA/FATA	76	3	2	1	FA	medium	FA_orf17a;FA_orf17b	FATA_cd419a	10:6485..9010:+	4:2625..4214:+	none	none	none	none	none	none	none	none	none	none	none	none	87.4			no_slot_defined
NZ_CP023976.1	MPF_FA	T4SS_virb4 AND NOT(T/F/I) AND >=2 FA/FATA	281	2	1	1	unassigned	minimal	FA_orf17a	FATA_cd419a	248:227116..229716:-	none	none	none	none	240:215951..216994:-	none	none	none	none	none	none	none	none	75.6	MOBC		no_slot_defined
NZ_CP024036.1	MPF_FA	T4SS_virb4 AND NOT(T/F/I) AND >=2 FA/FATA	169	2	1	1	unassigned	minimal	FA_orf14	FATA_cd419a	46:32194..34128:-	none	51:38188..40809:-	51:38188..40809:-	none	none	none	none	40:27595..28791:-	40:27595..28791:-	none	none	none	none	292.0	MOBP1;MOBP2		no_slot_defined
NZ_CP024097.1	MPF_FA	T4SS_virb4 AND NOT(T/F/I) AND >=2 FA/FATA	104	2	1	1	unassigned	minimal	FA_orf14	FATA_cd419a	49:36913..38850:-	none	56:44175..46802:-	56:44175..46802:-	none	none	none	none	42:31155..32720:-	42:31155..32720:-	none	none	none	none	342.3	MOBP1;MOBP2		no_slot_defined
NZ_CP024099.1	MPF_FA	T4SS_virb4 AND NOT(T/F/I) AND >=2 FA/FATA	64	4	3	1	FA	medium	FA_orf13;FA_orf15;FA_orf17a	FATA_cd419a	39:32484..35072:+	39:32484..35072:+	none	33:26698..29559:+	none	34:29580..30413:+	none	none	10:7259..8197:-	none	none	none	none	none	98.2	MOBC;MOBP1		no_slot_defined
NZ_CP024100.1	MPF_FA	T4SS_virb4 AND NOT(T/F/I) AND >=2 FA/FATA	102	2	1	1	unassigned	minimal	FA_orf14	FATA_cd419a	15:12055..13992:-	none	22:19317..21944:-	22:19317..21944:-	none	none	none	none	8:6297..7862:-	8:6297..7862:-	none	none	none	none	342.3	MOBP1;MOBP2		no_slot_defined
NZ_CP024102.1	MPF_FA	T4SS_virb4 AND NOT(T/F/I) AND >=2 FA/FATA	62	4	3	1	FA	medium	FA_orf13;FA_orf15;FA_orf17a	FATA_cd419a	43:34798..37386:-	43:34798..37386:-	none	49:40311..43211:-	none	48:39457..40290:-	none	none	11:9052..9507:+	none	none	none	none	none	98.2	MOBC;MOBP1		no_slot_defined
NZ_CP024103.1	MPF_FA	T4SS_virb4 AND NOT(T/F/I) AND >=2 FA/FATA	92	2	1	1	unassigned	minimal	FA_orf14	FATA_cd419a	76:52801..54738:+	none	none	none	none	none	none	none	none	83:58931..60496:+	none	none	none	none	342.3	MOBP2		no_slot_defined
NZ_CP024105.1	MPF_FA	T4SS_virb4 AND NOT(T/F/I) AND >=2 FA/FATA	61	4	3	1	FA	medium	FA_orf13;FA_orf15;FA_orf17a	FATA_cd419a	28:23964..26552:+	28:23964..26552:+	none	22:18139..21039:+	none	23:21060..21893:+	none	none	60:51841..52779:-	none	none	none	none	none	98.2	MOBC;MOBP1		no_slot_defined
NZ_CP024106.1	MPF_FA	T4SS_virb4 AND NOT(T/F/I) AND >=2 FA/FATA	94	2	1	1	unassigned	minimal	FA_orf14	FATA_cd419a	21:15299..17236:+	none	none	none	none	none	none	none	none	28:21429..22994:+	none	none	none	none	342.3	MOBP2		no_slot_defined
NZ_CP024108.1	MPF_FA	T4SS_virb4 AND NOT(T/F/I) AND >=2 FA/FATA	102	2	1	1	unassigned	minimal	FA_orf14	FATA_cd419a	39:32753..34690:-	none	46:40015..42642:-	46:40015..42642:-	none	none	none	none	32:26995..28560:-	32:26995..28560:-	none	none	none	none	342.3	MOBP1;MOBP2		no_slot_defined
NZ_CP024110.1	MPF_FA	T4SS_virb4 AND NOT(T/F/I) AND >=2 FA/FATA	93	2	1	1	unassigned	minimal	FA_orf14	FATA_cd419a	82:70481..72418:+	none	75:62529..65156:+	75:62529..65156:+	none	none	none	none	89:76611..78176:+	89:76611..78176:+	none	none	none	none	342.3	MOBP1;MOBP2		no_slot_defined
NZ_CP024112.1	MPF_FA	T4SS_virb4 AND NOT(T/F/I) AND >=2 FA/FATA	102	2	1	1	unassigned	minimal	FA_orf14	FATA_cd419a	39:32753..34690:-	none	46:40015..42642:-	46:40015..42642:-	none	none	none	none	32:26995..28560:-	32:26995..28560:-	none	none	none	none	342.3	MOBP1;MOBP2		no_slot_defined
NZ_CP024114.1	MPF_FA	T4SS_virb4 AND NOT(T/F/I) AND >=2 FA/FATA	60	4	3	1	FA	medium	FA_orf13;FA_orf15;FA_orf17a	FATA_cd419a	19:15347..17935:-	19:15347..17935:-	none	25:20860..23721:-	none	24:20006..20839:-	none	none	48:42222..43160:+	none	none	none	none	none	98.2	MOBC;MOBP1		no_slot_defined
NZ_CP024115.1	MPF_FA	T4SS_virb4 AND NOT(T/F/I) AND >=2 FA/FATA	101	2	1	1	unassigned	minimal	FA_orf14	FATA_cd419a	21:19718..21655:-	none	28:26980..29607:-	28:26980..29607:-	none	none	none	none	14:13960..15525:-	14:13960..15525:-	none	none	none	none	342.3	MOBP1;MOBP2		no_slot_defined
NZ_CP024117.1	MPF_FA	T4SS_virb4 AND NOT(T/F/I) AND >=2 FA/FATA	63	4	3	1	FA	medium	FA_orf13;FA_orf15;FA_orf17a	FATA_cd419a	11:7443..10031:+	11:7443..10031:+	none	5:3341..4474:+	none	6:4539..5372:+	none	none	44:35321..36259:-	none	none	none	none	none	98.2	MOBC;MOBP1		no_slot_defined
NZ_CP024118.1	MPF_FA	T4SS_virb4 AND NOT(T/F/I) AND >=2 FA/FATA	110	2	1	1	unassigned	minimal	FA_orf14	FATA_cd419a	108:80294..82231:+	none	101:72342..74969:+	101:72342..74969:+	none	none	none	none	10:3577..4152:+	10:3577..4152:+	none	none	none	none	342.3	MOBP1;MOBP2		no_slot_defined
NZ_CP024122.1	MPF_FA	T4SS_virb4 AND NOT(T/F/I) AND >=2 FA/FATA	94	2	1	1	unassigned	minimal	FA_orf14	FATA_cd419a	27:18611..20548:-	none	none	none	none	none	none	none	none	20:12853..14418:-	none	none	none	none	342.3	MOBP2		no_slot_defined
NZ_CP024656.1	MPF_FA	T4SS_virb4 AND NOT(T/F/I) AND >=2 FA/FATA	120	4	3	1	FA	medium	FA_orf13;FA_orf15;FA_orf17a	FATA_cd419a	24:18770..21340:-	53:43758..44930:-	none	33:25184..27838:-	none	32:24309..25169:-	none	none	none	none	none	none	none	none	97.5	MOBC		no_slot_defined
NZ_CP024657.1	MPF_FA	T4SS_virb4 AND NOT(T/F/I) AND >=2 FA/FATA	172	6	1	5	FATA	high	FA_orf14	FATA_cd419a;FATA_prgF;FATA_prgHa;FATA_prgHb;FATA_prgIa	158:148069..150483:-	27:19657..20838:+	148:137261..138562:-	146:134215..134859:-	none	none	none	none	24:17385..18647:+	none	none	none	none	none	333.7	MOBP1		no_slot_defined
NZ_CP024658.1	MPF_FA	T4SS_virb4 AND NOT(T/F/I) AND >=2 FA/FATA	149	2	1	1	unassigned	minimal	FA_orf14	FATA_cd419a	91:78766..80706:+	54:45413..46603:-	85:72011..74734:+	85:72011..74734:+	none	53:44857..45474:-	none	none	97:84176..85384:+	97:84176..85384:+	none	none	none	none	304.5	MOBC;MOBP1;MOBP2		no_slot_defined
NZ_CP024773.1	MPF_FA	T4SS_virb4 AND NOT(T/F/I) AND >=2 FA/FATA	176	2	1	1	unassigned	minimal	FA_orf14	FATA_cd419a	83:77565..79505:+	49:49339..50529:-	78:71214..73934:+	78:71214..73934:+	none	48:48786..49400:-	none	none	89:83336..84544:+	89:83336..84544:+	none	none	none	none	303.2	MOBC;MOBP1;MOBP2		no_slot_defined
NZ_CP024774.1	MPF_FA	T4SS_virb4 AND NOT(T/F/I) AND >=2 FA/FATA	127	7	1	6	FATA	high	FA_orf14	FATA_cd419a;FATA_trsC;FATA_trsD;FATA_trsF;FATA_trsJ;FATA_trsL	49:45188..47125:-	75:70718..71902:-	42:38057..40036:-	42:38057..40036:-	none	none	none	none	none	none	none	69:62972..66118:+	none	none	260.4	MOBQ		no_slot_defined
NZ_CP025124.1	MPF_FA	T4SS_virb4 AND NOT(T/F/I) AND >=2 FA/FATA	79	2	0	2	FATA	minimal		FATA_cd419a;FATA_trsD	0:282..2156:-	none	12:12404..14371:+	12:12404..14371:+	none	none	none	none	none	none	none	11:10312..12375:+	none	none	262.2	MOBQ		no_slot_defined
NZ_CP025224.1	MPF_FA	T4SS_virb4 AND NOT(T/F/I) AND >=2 FA/FATA	75	4	0	4	FATA	medium		FATA_gbs1365;FATA_prgC;FATA_prgHb;FATA_prgIc	62:52258..54618:+	none	58:49003..50775:+	58:49003..50775:+	none	none	none	none	73:68157..69659:+	none	none	none	none	none	287.3	MOBP1		no_slot_defined
NZ_CP025472.1	MPF_FA	T4SS_virb4 AND NOT(T/F/I) AND >=2 FA/FATA	73	4	0	4	FATA	medium		FATA_gbs1365;FATA_prgF;FATA_prgHb;FATA_prgIc	3:3538..5145:-	none	8:7381..9165:-	8:7381..9165:-	none	52:45191..45715:-	none	none	59:47280..48782:-	none	none	none	none	none	229.6	MOBC;MOBP1		no_slot_defined
NZ_CP025497.1	MPF_FA	T4SS_virb4 AND NOT(T/F/I) AND >=2 FA/FATA	70	2	0	2	FATA	minimal		FATA_gbs1354;FATA_trsG	5:5786..7780:+	none	none	0:49..1674:+	none	none	none	none	10:10931..12106:+	10:10931..12106:+	none	none	none	none	250.5	MOBP1;MOBP2		no_slot_defined
NZ_CP025498.1	MPF_FA	T4SS_virb4 AND NOT(T/F/I) AND >=2 FA/FATA	80	8	0	8	FATA	high		FATA_cd411;FATA_prgF;FATA_prgHa;FATA_prgHb;FATA_prgIa;FATA_prgIb;FATA_prgIc;FATA_trsG	53:51244..53700:+	none	49:47935..49830:+	49:47935..49830:+	none	none	none	none	61:60104..62311:+	none	none	none	none	none	330.3	MOBP1		no_slot_defined
NZ_CP025503.1	MPF_FA	T4SS_virb4 AND NOT(T/F/I) AND >=2 FA/FATA	81	3	2	1	FA	medium	FA_orf17a;FA_orf17b	FATA_cd419a	4:4881..7406:-	9:10273..11856:-	none	none	none	none	none	none	none	none	none	none	none	none	84.1			no_slot_defined
NZ_CP025504.1	MPF_FA	T4SS_virb4 AND NOT(T/F/I) AND >=2 FA/FATA	52	3	2	1	FA	medium	FA_orf17a;FA_orf17b	FATA_cd419a	37:37855..40380:-	41:42309..43892:-	none	none	none	11:10587..11117:-	none	none	none	none	none	none	none	none	84.1	MOBC		no_slot_defined
NZ_CP025732.1	MPF_FA	T4SS_virb4 AND NOT(T/F/I) AND >=2 FA/FATA	23	6	4	2	FA	high	FA_orf13;FA_orf14;FA_orf15;FA_orf17b	FATA_cd419a;FATA_prgC	10:11657..13984:-	10:11657..13984:-	none	0:156..2150:-	none	1:2143..2817:-	none	none	none	none	none	none	none	none	74.1	MOBC		no_slot_defined
NZ_CP025961.1	MPF_FA	T4SS_virb4 AND NOT(T/F/I) AND >=2 FA/FATA	71	2	0	2	FATA	minimal		FATA_cd419a;FATA_prgF	44:55183..57009:+	none	51:60954..63134:+	51:60954..63134:+	none	none	57:65820..72347:-	none	none	none	none	none	none	none	84.8	MOBF		no_slot_defined
NZ_CP026078.1	MPF_FA	T4SS_virb4 AND NOT(T/F/I) AND >=2 FA/FATA	32	7	0	7	FATA	high		FATA_prgF;FATA_trsC;FATA_trsD;FATA_trsF;FATA_trsG;FATA_trsJ;FATA_trsL	4:2316..4328:+	none	10:9804..11444:+	10:9804..11444:+	none	none	none	none	none	none	none	26:26726..28723:-	none	none	317.4	MOBQ		no_slot_defined
NZ_CP026096.1	MPF_FA	T4SS_virb4 AND NOT(T/F/I) AND >=2 FA/FATA	60	6	1	5	FATA	high	FA_orf14	FATA_cd419a;FATA_trsC;FATA_trsD;FATA_trsJ;FATA_trsL	15:11014..12990:+	none	56:56631..59261:-	56:56631..59261:-	none	none	none	none	none	none	none	59:59944..61293:-	none	none	270.1	MOBQ		no_slot_defined
NZ_CP026535.1	MPF_FA	T4SS_virb4 AND NOT(T/F/I) AND >=2 FA/FATA	21	6	5	1	FA	high	FA_orf13;FA_orf14;FA_orf17a;FA_orf17b;FA_orf19	FATA_cd419a	17:13453..15945:+	none	14:9592..12780:+	14:9592..12780:+	none	13:8905..9591:+	none	none	none	none	none	none	none	none	115.9	MOBC	PF14729	no_slot_defined
NZ_CP026611.1	MPF_FA	T4SS_virb4 AND NOT(T/F/I) AND >=2 FA/FATA	83	2	1	1	unassigned	minimal	FA_orf14	FATA_cd419a	13:10076..11971:+	none	9:4104..6464:+	9:4104..6464:+	none	none	none	none	19:15641..16873:+	19:15641..16873:+	none	none	none	none	251.3	MOBP1;MOBP2		no_slot_defined
NZ_CP026737.1	MPF_FA	T4SS_virb4 AND NOT(T/F/I) AND >=2 FA/FATA	21	2	1	1	unassigned	minimal	FA_orf14	FATA_cd419a	18:17793..19727:+	none	13:11474..14065:+	13:11474..14065:+	none	none	none	none	none	none	none	none	none	none	294.3			no_slot_defined
NZ_CP026738.1	MPF_FA	T4SS_virb4 AND NOT(T/F/I) AND >=2 FA/FATA	181	2	1	1	unassigned	minimal	FA_orf14	FATA_cd419a	16:14493..16427:+	none	174:155501..158092:+	11:8174..10765:+	none	none	none	none	21:19616..20836:+	21:19616..20836:+	none	none	none	none	294.3	MOBP1;MOBP2		no_slot_defined
NZ_CP026963.1	MPF_FA	T4SS_virb4 AND NOT(T/F/I) AND >=2 FA/FATA	71	7	0	7	FATA	high		FATA_prgF;FATA_trsC;FATA_trsD;FATA_trsF;FATA_trsG;FATA_trsJ;FATA_trsL	33:29922..31934:+	none	39:37410..39050:+	39:37410..39050:+	none	none	none	none	59:53381..54394:+	none	none	12:11447..13444:-	none	24:22803..24065:-	317.4	MOBP1;MOBQ;MOBV		no_slot_defined
NZ_CP027401.1	MPF_FA	T4SS_virb4 AND NOT(T/F/I) AND >=2 FA/FATA	159	8	6	2	FA	high	FA_orf13;FA_orf14;FA_orf15;FA_orf17a;FA_orf19;FA_orf23	FATA_cd419a;FATA_gbs1354	88:87027..89051:-	44:47513..48898:-	92:92567..95176:-	92:92567..95176:-	none	none	none	none	77:79137..80732:-	77:79137..80732:-	none	none	43:46130..47335:-	none	257.1	MOBP1;MOBP2;MOBT		no_slot_defined
NZ_CP027515.1	MPF_FA	T4SS_virb4 AND NOT(T/F/I) AND >=2 FA/FATA	64	2	1	1	unassigned	minimal	FA_orf14	FATA_cd419a	24:21585..23540:+	none	19:14462..17320:+	19:14462..17320:+	none	none	none	none	31:27667..29253:+	31:27667..29253:+	none	none	none	none	319.9	MOBP1;MOBP2		no_slot_defined
NZ_CP027790.1	MPF_FA	T4SS_virb4 AND NOT(T/F/I) AND >=2 FA/FATA	47	5	4	1	FA	high	FA_orf13;FA_orf15;FA_orf17a;FA_orf17b	FATA_cd419a	6:6053..8677:+	none	none	0:335..3073:+	none	none	none	none	none	none	none	none	none	none	74.6			no_slot_defined
NZ_CP027795.1	MPF_FA	T4SS_virb4 AND NOT(T/F/I) AND >=2 FA/FATA	99	2	0	2	FATA	minimal		FATA_cd419a;FATA_prgF	89:86460..88235:-	none	85:81941..83953:-	85:81941..83953:-	none	none	81:73315..77583:+	none	none	none	none	none	none	none	89.9	MOBF		no_slot_defined
NZ_CP027859.1	MPF_FA	T4SS_virb4 AND NOT(T/F/I) AND >=2 FA/FATA	1495	2	0	2	FATA	minimal		FATA_cd419a;FATA_prgC	987:1134455..1137313:+	614:703011..707585:+	none	614:703011..707585:+	none	none	none	none	none	none	none	none	none	none	66.8			no_slot_defined
NZ_CP028161.1	MPF_FA	T4SS_virb4 AND NOT(T/F/I) AND >=2 FA/FATA	74	4	0	4	FATA	medium		FATA_prgHb;FATA_prgIb;FATA_prgK;FATA_prgL	20:14026..16443:+	none	15:10460..12316:+	15:10460..12316:+	none	none	none	none	35:28557..29648:+	none	none	none	none	none	292.4	MOBP1		no_slot_defined
NZ_CP028164.1	MPF_FA	T4SS_virb4 AND NOT(T/F/I) AND >=2 FA/FATA	49	3	2	1	FA	medium	FA_orf15;FA_orf17a	FATA_trsG	16:11067..13652:-	none	none	none	none	none	none	none	none	none	none	none	none	none	121.0			no_slot_defined
NZ_CP028184.1	MPF_FA	T4SS_virb4 AND NOT(T/F/I) AND >=2 FA/FATA	62	3	1	2	FATA	medium	FA_orf14	FATA_cd419a;FATA_trsG	23:18869..20884:+	none	19:12942..15407:+	19:12942..15407:+	none	none	none	none	29:24532..25872:+	29:24532..25872:+	none	none	none	none	222.5	MOBP1;MOBP2		no_slot_defined
NZ_CP028203.1	MPF_FA	T4SS_virb4 AND NOT(T/F/I) AND >=2 FA/FATA	16	3	2	1	FA	medium	FA_orf13;FA_orf17a	FATA_cd419a	12:16187..18832:-	none	none	1:991..3798:-	none	none	none	none	none	none	none	none	none	none	75.5			no_slot_defined
NZ_CP028214.1	MPF_FA	T4SS_virb4 AND NOT(T/F/I) AND >=2 FA/FATA	31	7	6	1	FA	high	FA_orf13;FA_orf14;FA_orf15;FA_orf17a;FA_orf17b;FA_orf19	FATA_cd419a	10:7573..10065:-	none	13:10738..13926:-	13:10738..13926:-	none	14:13927..14613:-	none	none	none	none	none	none	none	none	114.0	MOBC	PF14729	no_slot_defined
NZ_CP028253.1	MPF_FA	T4SS_virb4 AND NOT(T/F/I) AND >=2 FA/FATA	39	3	3	0	FA	medium	FA_orf13;FA_orf15;FA_orf17b		28:20778..23300:+	18:13887..14897:+	none	none	none	none	none	none	none	none	none	none	20:15621..16805:+	none	105.3	MOBT		no_slot_defined
NZ_CP028283.1	MPF_FA	T4SS_virb4 AND NOT(T/F/I) AND >=2 FA/FATA	54	8	0	8	FATA	high		FATA_cd419a;FATA_prgB;FATA_prgC;FATA_prgF;FATA_prgHb;FATA_prgIc;FATA_prgK;FATA_prgL	38:32699..35089:+	none	47:41289..43118:+	47:41289..43118:+	none	none	none	none	51:46236..47921:+	none	none	none	none	none	292.1	MOBP1		no_slot_defined
NZ_CP028284.1	MPF_FA	T4SS_virb4 AND NOT(T/F/I) AND >=2 FA/FATA	86	2	1	1	unassigned	minimal	FA_orf14	FATA_prgB	68:55460..58015:-	none	71:60524..63055:-	71:60524..63055:-	none	none	none	none	58:47627..49687:-	58:47627..49687:-	none	none	none	none	147.6	MOBP1;MOBP2		no_slot_defined
NZ_CP028286.1	MPF_FA	T4SS_virb4 AND NOT(T/F/I) AND >=2 FA/FATA	115	6	3	3	unassigned	high	FA_orf13;FA_orf15;FA_orf17b	FATA_prgB;FATA_prgC;FATA_trsG	46:37321..39813:-	none	none	43:32352..34610:-	none	42:31044..31772:-	none	none	none	none	none	none	none	none	90.3	MOBC		no_slot_defined
NZ_CP028335.1	MPF_FA	T4SS_virb4 AND NOT(T/F/I) AND >=2 FA/FATA	62	2	0	2	FATA	minimal		FATA_cd419a;FATA_prgB	58:53950..55902:-	none	10:8567..11281:-	10:8567..11281:-	none	none	none	none	none	43:42990..45179:-	none	none	none	none	180.6	MOBP2		no_slot_defined
NZ_CP028427.1	MPF_FA	T4SS_virb4 AND NOT(T/F/I) AND >=2 FA/FATA	48	6	0	6	FATA	high		FATA_cd411;FATA_cd419a;FATA_prgF;FATA_prgHa;FATA_prgHb;FATA_prgIb	3:1703..3964:+	none	46:34944..36656:+	46:34944..36656:+	none	none	none	none	44:32361..34082:+	none	none	none	none	none	338.0	MOBP1		no_slot_defined
NZ_CP028721.1	MPF_FA	T4SS_virb4 AND NOT(T/F/I) AND >=2 FA/FATA	59	5	3	2	unassigned	high	FA_orf13;FA_orf15;FA_orf17b	FATA_prgB;FATA_prgC	58:59104..61596:-	none	none	55:54145..56403:-	none	54:52837..53565:-	none	none	none	none	none	none	none	none	91.7	MOBC		no_slot_defined
NZ_CP028722.1	MPF_FA	T4SS_virb4 AND NOT(T/F/I) AND >=2 FA/FATA	56	5	3	2	unassigned	high	FA_orf13;FA_orf15;FA_orf17b	FATA_prgB;FATA_prgC	55:48222..50753:+	none	none	2:2652..4910:+	none	3:5432..6217:+	none	none	none	none	none	none	none	none	91.5	MOBC		no_slot_defined
NZ_CP028723.1	MPF_FA	T4SS_virb4 AND NOT(T/F/I) AND >=2 FA/FATA	39	8	1	7	FATA	high	FA_orf14	FATA_cd419a;FATA_gbs1347;FATA_prgF;FATA_prgHa;FATA_prgHb;FATA_prgIa;FATA_prgIc	12:10249..12648:+	none	19:17679..19673:+	19:17679..19673:+	none	none	none	none	37:37718..39019:-	none	none	none	none	none	320.4	MOBP1		no_slot_defined
NZ_CP028725.1	MPF_FA	T4SS_virb4 AND NOT(T/F/I) AND >=2 FA/FATA	39	9	1	8	FATA	high	FA_orf14	FATA_cd411;FATA_cd419a;FATA_gbs1347;FATA_prgF;FATA_prgHa;FATA_prgHb;FATA_prgIa;FATA_prgIc	1:427..2826:+	none	8:7857..9851:+	8:7857..9851:+	none	none	none	none	30:33163..34464:-	none	none	none	none	none	320.4	MOBP1		no_slot_defined
NZ_CP028836.1	MPF_FA	T4SS_virb4 AND NOT(T/F/I) AND >=2 FA/FATA	104	8	6	2	FA	high	FA_orf13;FA_orf14;FA_orf15;FA_orf17a;FA_orf19;FA_orf23	FATA_cd419_1;FATA_cd419a	76:66836..69283:-	81:72006..73391:-	none	none	none	none	none	none	87:77780..79465:+	none	none	none	80:70625..71830:-	67:55623..56885:-	93.8	MOBP1;MOBT;MOBV		no_slot_defined
NZ_CP028837.1	MPF_FA	T4SS_virb4 AND NOT(T/F/I) AND >=2 FA/FATA	76	3	1	2	FATA	medium	FA_orf14	FATA_prgB;FATA_prgC	29:30888..33443:+	none	26:25848..28379:+	26:25848..28379:+	none	none	none	none	39:39215..41275:+	39:39215..41275:+	none	none	none	none	144.4	MOBP1;MOBP2		no_slot_defined
NZ_CP028838.1	MPF_FA	T4SS_virb4 AND NOT(T/F/I) AND >=2 FA/FATA	58	6	3	3	unassigned	high	FA_orf13;FA_orf15;FA_orf17b	FATA_prgB;FATA_prgC;FATA_trsG	26:20703..23195:+	none	none	29:25906..28164:+	none	30:28686..29468:+	none	none	none	none	none	none	none	none	90.4	MOBC		no_slot_defined
NZ_CP029067.1	MPF_FA	T4SS_virb4 AND NOT(T/F/I) AND >=2 FA/FATA	67	4	0	4	FATA	medium		FATA_gbs1365;FATA_prgF;FATA_prgHb;FATA_prgIc	18:15944..18190:+	none	14:12556..14340:+	14:12556..14340:+	none	48:44113..44391:+	none	none	43:40794..42296:+	none	none	none	none	none	268.1	MOBC;MOBP1		no_slot_defined
NZ_CP029324.1	MPF_FA	T4SS_virb4 AND NOT(T/F/I) AND >=2 FA/FATA	190	3	1	2	FATA	medium	FA_orf14	FATA_cd419a;FATA_prgF	141:132350..134449:-	none	178:168693..172022:+	178:168693..172022:+	none	none	none	none	none	none	none	none	none	none	324.3			no_slot_defined
NZ_CP029325.1	MPF_FA	T4SS_virb4 AND NOT(T/F/I) AND >=2 FA/FATA	107	2	1	1	unassigned	minimal	FA_orf14	FATA_cd419a	100:87830..89764:-	none	0:164..1999:-	0:164..1999:-	none	none	none	none	none	91:82067..83623:-	none	none	none	none	345.1	MOBP2		no_slot_defined
NZ_CP029456.1	MPF_FA	T4SS_virb4 AND NOT(T/F/I) AND >=2 FA/FATA	90	4	3	1	FA	medium	FA_orf13;FA_orf15;FA_orf17a	FATA_cd419a	50:45554..48112:+	20:14521..15684:+	none	45:39676..42420:+	none	46:42426..43268:+	none	none	none	none	none	none	none	none	98.2	MOBC		no_slot_defined
NZ_CP029537.1	MPF_FA	T4SS_virb4 AND NOT(T/F/I) AND >=2 FA/FATA	71	3	0	3	FATA	medium		FATA_cd419a;FATA_prgC;FATA_trsG	18:13610..15538:-	none	22:18494..20953:-	22:18494..20953:-	none	none	none	none	10:7961..9205:-	10:7961..9205:-	none	none	none	none	194.2	MOBP1;MOBP2		no_slot_defined
NZ_CP029547.1	MPF_FA	T4SS_virb4 AND NOT(T/F/I) AND >=2 FA/FATA	93	2	0	2	FATA	minimal		FATA_cd419a;FATA_trsG	24:17175..19103:+	none	20:11754..14213:+	20:11754..14213:+	none	none	none	none	32:23508..24752:+	32:23508..24752:+	none	none	none	none	194.2	MOBP1;MOBP2		no_slot_defined
NZ_CP029628.1	MPF_FA	T4SS_virb4 AND NOT(T/F/I) AND >=2 FA/FATA	39	2	1	1	unassigned	minimal	FA_orf15	FATA_trsG	29:22288..24873:+	none	none	none	none	none	none	none	none	none	none	none	none	none	120.1			no_slot_defined
NZ_CP029806.1	MPF_FA	T4SS_virb4 AND NOT(T/F/I) AND >=2 FA/FATA	186	3	1	2	FATA	medium	FA_orf14	FATA_cd419a;FATA_prgF	89:88352..90451:+	none	53:51050..54379:-	53:51050..54379:-	none	none	none	none	none	none	none	none	none	none	324.3			no_slot_defined
NZ_CP029807.1	MPF_FA	T4SS_virb4 AND NOT(T/F/I) AND >=2 FA/FATA	105	2	1	1	unassigned	minimal	FA_orf14	FATA_cd419a	6:4733..6667:-	none	12:11889..13724:-	12:11889..13724:-	none	none	none	none	none	104:93935..94963:-	none	none	none	none	345.1	MOBP2		no_slot_defined
NZ_CP030044.1	MPF_FA	T4SS_virb4 AND NOT(T/F/I) AND >=2 FA/FATA	91	9	0	9	FATA	high		FATA_cd419_1;FATA_cd419a;FATA_prgB;FATA_prgC;FATA_prgF;FATA_prgHb;FATA_prgIc;FATA_prgK;FATA_prgL	45:40872..43175:-	none	34:29954..31783:-	34:29954..31783:-	none	none	none	none	30:25139..26836:-	none	none	none	none	none	284.2	MOBP1		no_slot_defined
NZ_CP030046.1	MPF_FA	T4SS_virb4 AND NOT(T/F/I) AND >=2 FA/FATA	71	3	0	3	FATA	medium		FATA_cd419a;FATA_prgK;FATA_prgL	11:11936..13318:+	none	20:19517..21346:+	20:19517..21346:+	none	none	none	none	24:24615..26309:+	none	none	none	none	none	215.3	MOBP1		no_slot_defined
NZ_CP030151.1	MPF_FA	T4SS_virb4 AND NOT(T/F/I) AND >=2 FA/FATA	83	2	1	1	unassigned	minimal	FA_orf14	FATA_cd419a	37:33669..35564:+	none	33:27697..30057:+	33:27697..30057:+	none	none	none	none	43:39234..40466:+	43:39234..40466:+	none	none	none	none	251.3	MOBP1;MOBP2		no_slot_defined
NZ_CP030772.1	MPF_FA	T4SS_virb4 AND NOT(T/F/I) AND >=2 FA/FATA	980	2	1	1	unassigned	minimal	FA_orf17a	FATA_cd419a	63:64523..67123:+	none	none	none	none	131:135229..136146:+	none	none	none	none	none	none	none	none	75.5	MOBC		no_slot_defined
NZ_CP030934.1	MPF_FA	T4SS_virb4 AND NOT(T/F/I) AND >=2 FA/FATA	85	9	2	7	FATA	high	FA_orf13;FA_orf14	FATA_cd419_1;FATA_prgC;FATA_trsC;FATA_trsD;FATA_trsF;FATA_trsG;FATA_trsL	71:63925..65886:+	none	76:69376..71031:+	76:69376..71031:+	none	none	none	none	67:60330..62294:+	none	none	67:60330..62294:+	none	none	263.1	MOBP1;MOBQ		no_slot_defined
NZ_CP030935.1	MPF_FA	T4SS_virb4 AND NOT(T/F/I) AND >=2 FA/FATA	84	7	0	7	FATA	high		FATA_cd419a;FATA_prgF;FATA_prgHa;FATA_prgHb;FATA_prgIc;FATA_prgK;FATA_prgL	46:41607..43979:+	none	54:50339..52150:+	54:50339..52150:+	none	none	none	none	60:58123..59775:+	none	none	none	none	none	259.3	MOBP1		no_slot_defined
NZ_CP031005.1	MPF_FA	T4SS_virb4 AND NOT(T/F/I) AND >=2 FA/FATA	55	2	1	1	unassigned	minimal	FA_orf14	FATA_cd419a	10:10547..12457:+	none	6:5165..7570:+	6:5165..7570:+	none	none	none	none	16:16366..17601:+	16:16366..17601:+	none	none	none	none	229.2	MOBP1;MOBP2		no_slot_defined
NZ_CP031028.1	MPF_FA	T4SS_virb4 AND NOT(T/F/I) AND >=2 FA/FATA	94	3	3	0	FA	medium	FA_orf13;FA_orf15;FA_orf17b		47:33377..35941:+	none	none	53:40871..43129:+	none	54:43651..44436:+	none	none	none	none	none	none	none	35:24752..26512:-	90.5	MOBC;MOBV		no_slot_defined
NZ_CP031029.1	MPF_FA	T4SS_virb4 AND NOT(T/F/I) AND >=2 FA/FATA	61	6	3	3	unassigned	high	FA_orf13;FA_orf15;FA_orf17b	FATA_prgB;FATA_prgC;FATA_trsG	48:44135..46699:+	none	52:49400..51043:+	none	none	none	none	none	none	none	none	none	none	none	89.8			no_slot_defined
NZ_CP031063.1	MPF_FA	T4SS_virb4 AND NOT(T/F/I) AND >=2 FA/FATA	177	2	1	1	unassigned	minimal	FA_orf14	FATA_cd419a	159:170387..172327:+	none	37:30348..32978:+	153:162854..165481:+	none	none	none	none	none	50:43911..45455:+	none	none	none	none	351.5	MOBP2		no_slot_defined
NZ_CP031066.1	MPF_FA	T4SS_virb4 AND NOT(T/F/I) AND >=2 FA/FATA	177	2	1	1	unassigned	minimal	FA_orf14	FATA_cd419a	159:170557..172497:+	none	37:30348..32978:+	153:162853..165480:+	none	none	none	none	none	50:43911..45455:+	none	none	none	none	351.5	MOBP2		no_slot_defined
NZ_CP031069.1	MPF_FA	T4SS_virb4 AND NOT(T/F/I) AND >=2 FA/FATA	598	2	1	1	unassigned	minimal	FA_orf14	FATA_cd419a	87:88584..90680:+	none	33:36702..40115:-	33:36702..40115:-	none	none	none	none	none	none	none	none	none	none	324.1			no_slot_defined
NZ_CP031072.1	MPF_FA	T4SS_virb4 AND NOT(T/F/I) AND >=2 FA/FATA	369	3	1	2	FATA	medium	FA_orf14	FATA_cd419a;FATA_prgC	345:364335..366272:-	23:27619..28785:+	350:370320..372890:-	350:370320..372890:-	none	63:64032..64817:+	none	none	340:359972..361165:-	340:359972..361165:-	none	none	none	none	329.5	MOBC;MOBP1;MOBP2		no_slot_defined
NZ_CP031076.1	MPF_FA	T4SS_virb4 AND NOT(T/F/I) AND >=2 FA/FATA	46	5	4	1	FA	high	FA_orf13;FA_orf14;FA_orf15;FA_orf17a	FATA_cd419a	9:8934..11510:-	20:22841..24061:+	none	14:14128..17001:-	none	13:13286..14131:-	none	none	none	none	none	none	none	none	98.9	MOBC		no_slot_defined
NZ_CP031095.1	MPF_FA	T4SS_virb4 AND NOT(T/F/I) AND >=2 FA/FATA	310	4	0	4	FATA	medium		FATA_cd419_1;FATA_cd419a;FATA_gbs1369;FATA_prgIb	192:170774..172636:+	none	216:192643..194589:+	216:192643..194589:+	none	none	none	173:153606..154505:+	none	none	none	none	none	none	316.7	MOBH		no_slot_defined
NZ_CP031163.1	MPF_FA	T4SS_virb4 AND NOT(T/F/I) AND >=2 FA/FATA	717	2	0	2	FATA	minimal		FATA_cd419a;FATA_trsC	141:117965..120550:-	none	138:111256..114189:-	138:111256..114189:-	none	620:583578..584006:+	181:162437..164398:-	none	none	none	none	none	none	none	180.5	MOBC;MOBF		no_slot_defined
NZ_CP031260.1	MPF_FA	T4SS_virb4 AND NOT(T/F/I) AND >=2 FA/FATA	75	2	0	2	FATA	minimal		FATA_gbs1354;FATA_trsG	51:40756..42750:+	none	45:34000..36798:+	45:34000..36798:+	none	none	none	none	56:45888..47045:+	56:45888..47045:+	none	none	none	none	248.0	MOBP1;MOBP2		no_slot_defined
NZ_CP032413.1	MPF_FA	T4SS_virb4 AND NOT(T/F/I) AND >=2 FA/FATA	223	3	2	1	FA	medium	FA_orf17a;FA_orf19	FATA_cd419a	66:72273..74918:+	57:62584..65043:-	57:62584..65043:-	57:62584..65043:-	none	none	none	none	none	none	none	none	none	none	119.0			no_slot_defined
NZ_CP032437.1	MPF_FA	T4SS_virb4 AND NOT(T/F/I) AND >=2 FA/FATA	64	6	0	6	FATA	high		FATA_prgF;FATA_prgHa;FATA_prgHb;FATA_prgIb;FATA_prgIc;FATA_trsG	11:9765..12152:-	none	16:14032..15867:-	16:14032..15867:-	none	none	none	none	2:1838..3355:-	none	none	none	none	none	314.1	MOBP1		no_slot_defined
NZ_CP032539.1	MPF_FA	T4SS_virb4 AND NOT(T/F/I) AND >=2 FA/FATA	49	5	4	1	FA	high	FA_orf13;FA_orf15;FA_orf17a;FA_orf17b	FATA_cd419a	23:25766..28390:-	none	none	29:31370..34108:-	none	none	none	none	none	none	none	none	none	none	74.6			no_slot_defined
NZ_CP032609.1	MPF_FA	T4SS_virb4 AND NOT(T/F/I) AND >=2 FA/FATA	307	2	1	1	unassigned	minimal	FA_orf14	FATA_cd419a	30:25593..27692:+	none	287:287259..288563:-	285:282463..284721:-	none	none	none	none	none	none	none	none	none	none	325.4			no_slot_defined
NZ_CP032740.1	MPF_FA	T4SS_virb4 AND NOT(T/F/I) AND >=2 FA/FATA	92	9	1	8	FATA	high	FA_orf14	FATA_cd419_1;FATA_cd419a;FATA_prgC;FATA_trsC;FATA_trsD;FATA_trsF;FATA_trsG;FATA_trsL	15:18935..20896:-	none	10:13789..15444:-	10:13789..15444:-	none	none	none	none	19:22311..24350:-	none	none	19:22311..24350:-	none	none	259.8	MOBP1;MOBQ		no_slot_defined
NZ_CP032820.1	MPF_FA	T4SS_virb4 AND NOT(T/F/I) AND >=2 FA/FATA	61	2	0	2	FATA	minimal		FATA_cd419a;FATA_trsC	48:35078..37918:+	none	26:19376..21331:+	26:19376..21331:+	none	none	none	none	30:23135..24754:-	none	none	none	none	none	472.3	MOBP1		no_slot_defined
NZ_CP032854.1	MPF_FA	T4SS_virb4 AND NOT(T/F/I) AND >=2 FA/FATA	29	5	5	0	FA	high	FA_orf13;FA_orf15;FA_orf17a;FA_orf17b;FA_orf19		4:4457..7003:-	none	none	none	none	none	none	none	none	none	none	none	none	none	124.1			no_slot_defined
NZ_CP032856.1	MPF_FA	T4SS_virb4 AND NOT(T/F/I) AND >=2 FA/FATA	73	7	1	6	FATA	high	FA_orf14	FATA_cd419a;FATA_gbs1369;FATA_trsC;FATA_trsD;FATA_trsF;FATA_trsL	35:29329..31329:-	none	30:24241..25833:-	30:24241..25833:-	none	none	none	none	none	none	none	68:54510..56606:+	none	none	252.0	MOBQ		no_slot_defined
NZ_CP032862.1	MPF_FA	T4SS_virb4 AND NOT(T/F/I) AND >=2 FA/FATA	89	2	1	1	unassigned	minimal	FA_orf14	FATA_cd419a	37:30072..31967:+	none	33:23872..26232:+	33:23872..26232:+	none	none	none	none	43:35720..36952:+	43:35720..36952:+	none	none	none	none	257.2	MOBP1;MOBP2		no_slot_defined
NZ_CP032864.1	MPF_FA	T4SS_virb4 AND NOT(T/F/I) AND >=2 FA/FATA	88	2	1	1	unassigned	minimal	FA_orf14	FATA_cd419a	13:11004..12899:+	none	9:4804..7164:+	9:4804..7164:+	none	none	none	none	19:16652..17884:+	19:16652..17884:+	none	none	none	none	257.2	MOBP1;MOBP2		no_slot_defined
NZ_CP032866.1	MPF_FA	T4SS_virb4 AND NOT(T/F/I) AND >=2 FA/FATA	89	2	1	1	unassigned	minimal	FA_orf14	FATA_cd419a	85:59853..61748:+	none	81:53653..56013:+	81:53653..56013:+	none	none	none	none	2:886..2118:+	2:886..2118:+	none	none	none	none	257.2	MOBP1;MOBP2		no_slot_defined
NZ_CP033045.1	MPF_FA	T4SS_virb4 AND NOT(T/F/I) AND >=2 FA/FATA	496	7	1	6	FATA	high	FA_orf14	FATA_cd419a;FATA_trsC;FATA_trsD;FATA_trsF;FATA_trsJ;FATA_trsL	481:534743..536716:+	none	486:540217..541803:+	486:540217..541803:+	none	263:245644..245979:+	none	none	none	none	none	435:495995..498001:-	none	none	332.2	MOBC;MOBQ		no_slot_defined
NZ_CP033047.1	MPF_FA	T4SS_virb4 AND NOT(T/F/I) AND >=2 FA/FATA	81	6	1	5	FATA	high	FA_orf14	FATA_cd419a;FATA_trsC;FATA_trsD;FATA_trsF;FATA_trsL	42:35741..37720:-	none	37:30481..32076:-	37:30481..32076:-	none	none	none	none	none	none	none	67:55286..57346:+	none	none	249.0	MOBQ		no_slot_defined
NZ_CP033741.1	MPF_FA	T4SS_virb4 AND NOT(T/F/I) AND >=2 FA/FATA	72	7	1	6	FATA	high	FA_orf14	FATA_cd419_1;FATA_prgC;FATA_trsD;FATA_trsF;FATA_trsG;FATA_trsL	55:50785..52746:-	none	50:45640..47295:-	50:45640..47295:-	none	none	none	none	none	none	none	none	none	none	261.5			no_slot_defined
NZ_CP033789.1	MPF_FA	T4SS_virb4 AND NOT(T/F/I) AND >=2 FA/FATA	269	2	1	1	unassigned	minimal	FA_orf14	FATA_cd419a	112:95144..97243:-	none	157:141653..145153:+	157:141653..145153:+	none	none	none	none	none	none	none	none	none	none	329.4			no_slot_defined
NZ_CP033793.1	MPF_FA	T4SS_virb4 AND NOT(T/F/I) AND >=2 FA/FATA	62	5	4	1	FA	high	FA_orf13;FA_orf14;FA_orf15;FA_orf17a	FATA_cd419a	11:9905..12463:+	none	none	6:4244..7048:+	none	7:7054..7896:+	none	none	none	none	none	none	none	none	96.7	MOBC		no_slot_defined
NZ_CP034112.1	MPF_FA	T4SS_virb4 AND NOT(T/F/I) AND >=2 FA/FATA	56	2	0	2	FATA	minimal		FATA_gbs1350;FATA_trsG	47:34236..36194:-	none	53:40792..43356:-	53:40792..43356:-	none	none	none	none	none	33:17773..19122:+	none	none	none	none	270.1	MOBP2		no_slot_defined
NZ_CP034168.1	MPF_FA	T4SS_virb4 AND NOT(T/F/I) AND >=2 FA/FATA	97	8	0	8	FATA	high		FATA_cd411;FATA_cd419a;FATA_prgF;FATA_prgHa;FATA_prgHb;FATA_prgIa;FATA_prgIb;FATA_prgIc	38:33474..35897:-	none	43:37619..39496:-	43:37619..39496:-	none	none	none	none	27:23223..25472:-	none	none	none	none	none	347.8	MOBP1		no_slot_defined
NZ_CP034684.1	MPF_FA	T4SS_virb4 AND NOT(T/F/I) AND >=2 FA/FATA	202	2	1	1	unassigned	minimal	FA_orf14	FATA_cd419a	145:115011..116948:+	none	139:107163..109796:+	139:107163..109796:+	none	none	none	none	none	153:121478..123034:+	none	none	none	none	343.8	MOBP2		no_slot_defined
NZ_CP034685.1	MPF_FA	T4SS_virb4 AND NOT(T/F/I) AND >=2 FA/FATA	169	3	1	2	FATA	medium	FA_orf14	FATA_cd419a;FATA_prgC	29:32330..34267:-	60:66956..68137:+	34:38306..40876:-	34:38306..40876:-	none	61:68076..68690:+	none	none	24:27970..29160:-	24:27970..29160:-	none	none	none	none	334.8	MOBC;MOBP1;MOBP2		no_slot_defined
NZ_CP035095.1	MPF_FA	T4SS_virb4 AND NOT(T/F/I) AND >=2 FA/FATA	341	2	1	1	unassigned	minimal	FA_orf14	FATA_cd419a	44:34733..36667:-	226:197461..198594:-	51:44326..46074:-	49:40946..41854:-	none	none	none	none	293:256605..257825:+	293:256605..257825:+	none	none	none	none	300.9	MOBP1;MOBP2		no_slot_defined
NZ_CP035114.1	MPF_FA	T4SS_virb4 AND NOT(T/F/I) AND >=2 FA/FATA	90	2	0	2	FATA	minimal		FATA_cd419a;FATA_prgB	0:1..1953:+	none	77:70995..73709:+	77:70995..73709:+	none	none	none	none	none	13:9397..11574:+	none	none	none	none	184.2	MOBP2		no_slot_defined
NZ_CP035190.1	MPF_FA	T4SS_virb4 AND NOT(T/F/I) AND >=2 FA/FATA	32	5	4	1	FA	high	FA_orf13;FA_orf15;FA_orf17a;FA_orf19	FATA_cd419a	7:5771..8314:+	none	none	none	none	none	none	none	none	none	none	none	none	none	124.2			no_slot_defined
NZ_CP035233.1	MPF_FA	T4SS_virb4 AND NOT(T/F/I) AND >=2 FA/FATA	81	2	1	1	unassigned	minimal	FA_orf14	FATA_cd419a	36:24517..26412:-	none	40:30053..32419:-	40:30053..32419:-	none	none	none	none	none	30:19717..20949:-	none	none	none	none	256.9	MOBP2		no_slot_defined
NZ_CP035396.1	MPF_FA	T4SS_virb4 AND NOT(T/F/I) AND >=2 FA/FATA	117	8	1	7	FATA	high	FA_orf14	FATA_cd419a;FATA_gbs1369;FATA_trsC;FATA_trsD;FATA_trsF;FATA_trsJ;FATA_trsL	23:17463..19463:+	none	28:22958..24550:+	28:22958..24550:+	none	none	none	none	none	none	none	110:79111..81207:-	none	none	256.7	MOBQ		no_slot_defined
NZ_CP035564.1	MPF_FA	T4SS_virb4 AND NOT(T/F/I) AND >=2 FA/FATA	77	2	0	2	FATA	minimal		FATA_cd419a;FATA_trsG	25:18359..20287:+	none	21:12947..15403:+	21:12947..15403:+	none	none	none	none	33:24652..25896:+	33:24652..25896:+	none	none	none	none	192.6	MOBP1;MOBP2		no_slot_defined
NZ_CP035955.1	MPF_FA	T4SS_virb4 AND NOT(T/F/I) AND >=2 FA/FATA	225	2	1	1	unassigned	minimal	FA_orf14	FATA_cd419a	197:178793..180730:-	4:4267..5448:+	202:184965..187535:-	202:184965..187535:-	none	5:5387..6001:+	none	none	192:174425..175618:-	192:174425..175618:-	none	none	none	none	321.2	MOBC;MOBP1;MOBP2		no_slot_defined
NZ_CP035964.1	MPF_FA	T4SS_virb4 AND NOT(T/F/I) AND >=2 FA/FATA	384	7	6	1	FA	high	FA_orf13;FA_orf14;FA_orf15;FA_orf17a;FA_orf17b;FA_orf19	FATA_cd419a	9:13259..14794:+	62:65528..66694:+	none	1:1523..4600:+	none	none	none	none	none	none	none	none	none	none	82.0			no_slot_defined
NZ_CP035967.1	MPF_FA	T4SS_virb4 AND NOT(T/F/I) AND >=2 FA/FATA	259	4	1	3	FATA	medium	FA_orf14	FATA_cd419a;FATA_prgC;FATA_prgF	229:216272..218209:-	6:5657..6838:+	234:222240..224810:-	234:222240..224810:-	none	7:6777..7394:+	none	none	224:211912..213102:-	224:211912..213102:-	none	none	none	none	320.4	MOBC;MOBP1;MOBP2		no_slot_defined
NZ_CP035969.1	MPF_FA	T4SS_virb4 AND NOT(T/F/I) AND >=2 FA/FATA	404	8	6	2	FA	high	FA_orf13;FA_orf14;FA_orf15;FA_orf17a;FA_orf17b;FA_orf19	FATA_cd419a;FATA_prgC	9:13217..15757:+	35:39960..41126:+	none	1:1523..4600:+	none	none	none	none	none	none	none	none	none	none	143.9			no_slot_defined
NZ_CP035976.1	MPF_FA	T4SS_virb4 AND NOT(T/F/I) AND >=2 FA/FATA	373	7	6	1	FA	high	FA_orf13;FA_orf14;FA_orf15;FA_orf17a;FA_orf17b;FA_orf19	FATA_cd419a	9:13293..14828:+	55:64303..65469:+	none	1:1523..4600:+	none	none	none	none	none	none	none	none	none	none	80.7			no_slot_defined
NZ_CP035981.1	MPF_FA	T4SS_virb4 AND NOT(T/F/I) AND >=2 FA/FATA	77	3	1	2	FATA	medium	FA_orf14	FATA_cd419a;FATA_prgC	28:21722..23659:+	73:60241..61431:-	23:14894..17464:+	23:14894..17464:+	none	72:59685..60302:-	none	none	34:27114..28307:+	34:27114..28307:+	none	none	none	none	320.7	MOBC;MOBP1;MOBP2		no_slot_defined
NZ_CP035986.1	MPF_FA	T4SS_virb4 AND NOT(T/F/I) AND >=2 FA/FATA	467	4	1	3	FATA	medium	FA_orf14	FATA_cd419a;FATA_prgC;FATA_trsC	438:476603..478540:-	22:19974..21140:+	443:482855..485425:-	443:482855..485425:-	none	none	none	none	432:471955..473148:-	432:471955..473148:-	none	none	none	none	335.3	MOBP1;MOBP2		no_slot_defined
NZ_CP035988.1	MPF_FA	T4SS_virb4 AND NOT(T/F/I) AND >=2 FA/FATA	78	3	1	2	FATA	medium	FA_orf14	FATA_cd419a;FATA_prgC	32:23344..25281:+	74:61552..62742:-	27:16459..19029:+	27:16459..19029:+	none	73:60996..61613:-	none	none	38:28736..29929:+	38:28736..29929:+	none	none	none	none	335.3	MOBC;MOBP1;MOBP2		no_slot_defined
NZ_CP035996.1	MPF_FA	T4SS_virb4 AND NOT(T/F/I) AND >=2 FA/FATA	509	3	1	2	FATA	medium	FA_orf14	FATA_cd419a;FATA_prgF	428:444455..446554:+	130:159258..160424:-	371:380914..384420:-	371:380914..384420:-	none	none	none	none	none	none	none	none	none	none	326.5			no_slot_defined
NZ_CP035998.1	MPF_FA	T4SS_virb4 AND NOT(T/F/I) AND >=2 FA/FATA	453	3	1	2	FATA	medium	FA_orf14	FATA_cd419a;FATA_prgC	423:450511..452448:-	21:24719..25834:+	428:456400..458970:-	428:456400..458970:-	none	none	none	none	418:446148..447341:-	418:446148..447341:-	none	none	none	none	320.9	MOBP1;MOBP2		no_slot_defined
NZ_CP036001.1	MPF_FA	T4SS_virb4 AND NOT(T/F/I) AND >=2 FA/FATA	236	2	1	1	unassigned	minimal	FA_orf14	FATA_cd419a	73:63211..65310:+	none	29:22062..25571:-	29:22062..25571:-	none	none	none	none	none	none	none	none	none	none	325.1			no_slot_defined
NZ_CP036002.1	MPF_FA	T4SS_virb4 AND NOT(T/F/I) AND >=2 FA/FATA	351	2	0	2	FATA	minimal		FATA_cd419a;FATA_prgC	321:340977..342914:-	274:296323..297489:-	326:346904..349471:-	326:346904..349471:-	none	none	none	none	313:333843..335036:-	313:333843..335036:-	none	none	none	none	332.4	MOBP1;MOBP2		no_slot_defined
NZ_CP036007.1	MPF_FA	T4SS_virb4 AND NOT(T/F/I) AND >=2 FA/FATA	346	3	1	2	FATA	medium	FA_orf14	FATA_cd419a;FATA_prgC	313:339187..341124:-	20:19225..20391:+	318:345163..347733:-	318:345163..347733:-	none	none	none	none	308:334824..336017:-	308:334824..336017:-	none	none	none	none	318.8	MOBP1;MOBP2		no_slot_defined
NZ_CP036011.1	MPF_FA	T4SS_virb4 AND NOT(T/F/I) AND >=2 FA/FATA	106	9	1	8	FATA	high	FA_orf14	FATA_cd411;FATA_cd419a;FATA_gbs1347;FATA_prgF;FATA_prgHa;FATA_prgHb;FATA_prgIa;FATA_prgIb	58:43111..45525:+	37:24020..25210:+	68:53671..55491:+	68:53671..55491:+	none	none	none	none	40:26300..27631:-	none	none	none	none	none	330.5	MOBP1		no_slot_defined
NZ_CP036012.1	MPF_FA	T4SS_virb4 AND NOT(T/F/I) AND >=2 FA/FATA	390	3	1	2	FATA	medium	FA_orf14	FATA_cd419a;FATA_prgC	46:49962..51899:+	7:5906..7072:-	41:43410..45980:+	41:43410..45980:+	none	none	none	none	54:57807..59000:+	54:57807..59000:+	none	none	none	none	332.4	MOBP1;MOBP2		no_slot_defined
NZ_CP036020.1	MPF_FA	T4SS_virb4 AND NOT(T/F/I) AND >=2 FA/FATA	141	2	1	1	unassigned	minimal	FA_orf14	FATA_cd419a	41:34361..36298:+	none	35:26659..29292:+	35:26659..29292:+	none	none	none	none	none	48:40660..42216:+	none	none	none	none	346.8	MOBP2		no_slot_defined
NZ_CP036021.1	MPF_FA	T4SS_virb4 AND NOT(T/F/I) AND >=2 FA/FATA	293	3	1	2	FATA	medium	FA_orf14	FATA_cd419a;FATA_prgC	50:51104..53041:+	6:5196..6362:-	45:44525..47080:+	45:44525..47080:+	none	90:89687..90118:+	none	none	55:56114..57307:+	55:56114..57307:+	none	none	none	none	322.2	MOBC;MOBP1;MOBP2		no_slot_defined
NZ_CP036025.1	MPF_FA	T4SS_virb4 AND NOT(T/F/I) AND >=2 FA/FATA	440	4	1	3	FATA	medium	FA_orf14	FATA_cd419a;FATA_prgC;FATA_trsC	44:47712..49649:+	7:5196..6362:-	39:41034..43604:+	39:41034..43604:+	none	78:81017..81448:+	none	none	49:52819..54009:+	49:52819..54009:+	none	none	none	none	326.5	MOBC;MOBP1;MOBP2		no_slot_defined
NZ_CP036030.1	MPF_FA	T4SS_virb4 AND NOT(T/F/I) AND >=2 FA/FATA	420	7	6	1	FA	high	FA_orf13;FA_orf14;FA_orf15;FA_orf17a;FA_orf17b;FA_orf19	FATA_cd419a	9:13208..15748:+	55:62436..63602:+	none	1:1523..4600:+	none	347:350124..350570:-	none	none	none	none	none	none	none	none	144.4	MOBC		no_slot_defined
NZ_CP036038.1	MPF_FA	T4SS_virb4 AND NOT(T/F/I) AND >=2 FA/FATA	361	3	1	2	FATA	medium	FA_orf14	FATA_cd419a;FATA_prgC	333:338659..340596:-	17:20797..21963:+	338:344562..347138:-	338:344562..347138:-	none	250:254831..255277:-	none	none	328:334329..335522:-	328:334329..335522:-	none	none	none	none	326.6	MOBC;MOBP1;MOBP2		no_slot_defined
NZ_CP036041.1	MPF_FA	T4SS_virb4 AND NOT(T/F/I) AND >=2 FA/FATA	455	3	1	2	FATA	medium	FA_orf14	FATA_cd419a;FATA_prgC	425:450599..452536:-	21:24719..25834:+	430:456488..459058:-	430:456488..459058:-	none	none	none	none	420:446236..447429:-	420:446236..447429:-	none	none	none	none	320.9	MOBP1;MOBP2		no_slot_defined
NZ_CP036045.1	MPF_FA	T4SS_virb4 AND NOT(T/F/I) AND >=2 FA/FATA	421	3	1	2	FATA	medium	FA_orf14	FATA_cd419a;FATA_prgC	392:408996..410933:-	22:23470..24636:+	397:414930..417500:-	397:414930..417500:-	none	182:165689..166153:+	none	none	387:404654..405847:-	387:404654..405847:-	none	none	none	none	336.1	MOBC;MOBP1;MOBP2		no_slot_defined
NZ_CP036049.1	MPF_FA	T4SS_virb4 AND NOT(T/F/I) AND >=2 FA/FATA	77	3	1	2	FATA	medium	FA_orf14	FATA_cd419a;FATA_prgC	28:21830..23767:+	73:60349..61539:-	23:15002..17572:+	23:15002..17572:+	none	72:59793..60410:-	none	none	34:27222..28415:+	34:27222..28415:+	none	none	none	none	320.7	MOBC;MOBP1;MOBP2		no_slot_defined
NZ_CP036053.1	MPF_FA	T4SS_virb4 AND NOT(T/F/I) AND >=2 FA/FATA	73	4	3	1	FA	medium	FA_orf13;FA_orf15;FA_orf17a	FATA_cd419a	61:55028..57586:+	37:33908..35071:+	none	55:49125..51893:+	none	56:51899..52741:+	none	none	none	none	none	none	none	none	97.0	MOBC		no_slot_defined
NZ_CP036054.1	MPF_FA	T4SS_virb4 AND NOT(T/F/I) AND >=2 FA/FATA	250	3	1	2	FATA	medium	FA_orf14	FATA_cd419a;FATA_prgC	222:241716..243653:-	3:3322..4503:+	227:247581..250163:-	227:247581..250163:-	none	4:4442..5056:+	none	none	217:237354..238547:-	217:237354..238547:-	none	none	none	none	321.9	MOBC;MOBP1;MOBP2		no_slot_defined
NZ_CP036055.1	MPF_FA	T4SS_virb4 AND NOT(T/F/I) AND >=2 FA/FATA	325	7	6	1	FA	high	FA_orf13;FA_orf14;FA_orf15;FA_orf17a;FA_orf17b;FA_orf19	FATA_cd419a	17:22434..24974:+	65:71939..73105:+	none	1:1523..4597:+	none	none	none	none	none	none	none	none	none	none	141.0			no_slot_defined
NZ_CP036058.1	MPF_FA	T4SS_virb4 AND NOT(T/F/I) AND >=2 FA/FATA	467	2	1	1	unassigned	minimal	FA_orf14	FATA_cd419a	73:68193..70292:+	273:303871..305037:-	24:17825..21322:-	24:17825..21322:-	none	none	none	none	none	none	none	none	none	none	326.0			no_slot_defined
NZ_CP036067.1	MPF_FA	T4SS_virb4 AND NOT(T/F/I) AND >=2 FA/FATA	210	4	1	3	FATA	medium	FA_orf14	FATA_cd419a;FATA_prgF;FATA_trsJ	91:78432..80531:+	none	42:30127..33630:-	42:30127..33630:-	none	none	none	none	none	none	none	none	none	none	326.6			no_slot_defined
NZ_CP036071.1	MPF_FA	T4SS_virb4 AND NOT(T/F/I) AND >=2 FA/FATA	86	4	3	1	FA	medium	FA_orf13;FA_orf15;FA_orf17a	FATA_cd419a	74:66607..69177:+	36:37315..38478:+	none	66:60046..62859:+	none	67:62865..63707:+	none	none	none	none	none	none	none	none	93.3	MOBC		no_slot_defined
NZ_CP036072.1	MPF_FA	T4SS_virb4 AND NOT(T/F/I) AND >=2 FA/FATA	502	8	6	2	FA	high	FA_orf13;FA_orf14;FA_orf15;FA_orf17a;FA_orf17b;FA_orf19	FATA_cd419a;FATA_prgC	15:20448..22988:+	44:48469..49635:+	none	1:1523..4600:+	none	325:368458..368904:-	none	none	none	none	none	none	none	none	139.8	MOBC		no_slot_defined
NZ_CP036074.1	MPF_FA	T4SS_virb4 AND NOT(T/F/I) AND >=2 FA/FATA	35	7	6	1	FA	high	FA_orf13;FA_orf14;FA_orf15;FA_orf17a;FA_orf17b;FA_orf19	FATA_cd419a	24:25269..27671:-	none	none	1:1880..4597:+	none	2:4597..5520:+	none	none	none	none	none	none	none	none	128.4	MOBC		no_slot_defined
NZ_CP036079.1	MPF_FA	T4SS_virb4 AND NOT(T/F/I) AND >=2 FA/FATA	498	2	1	1	unassigned	minimal	FA_orf14	FATA_cd419a	59:58540..60639:+	267:314452..315618:-	21:17069..20566:-	21:17069..20566:-	none	none	none	none	none	none	none	none	none	none	325.4			no_slot_defined
NZ_CP036081.1	MPF_FA	T4SS_virb4 AND NOT(T/F/I) AND >=2 FA/FATA	84	5	1	4	FATA	high	FA_orf14	FATA_cd419a;FATA_trsC;FATA_trsD;FATA_trsL	72:62120..63937:+	46:40099..41289:-	73:63892..66231:+	73:63892..66231:+	none	none	none	none	none	none	none	50:42670..45519:-	none	none	268.2	MOBQ		no_slot_defined
NZ_CP036083.1	MPF_FA	T4SS_virb4 AND NOT(T/F/I) AND >=2 FA/FATA	49	7	6	1	FA	high	FA_orf13;FA_orf14;FA_orf15;FA_orf17a;FA_orf17b;FA_orf19	FATA_cd419a	40:38856..41258:+	none	none	27:26219..28936:-	none	26:25296..26219:-	none	none	none	none	none	none	none	none	126.7	MOBC		no_slot_defined
NZ_CP036092.1	MPF_FA	T4SS_virb4 AND NOT(T/F/I) AND >=2 FA/FATA	245	3	1	2	FATA	medium	FA_orf14	FATA_cd419a;FATA_prgC	215:248285..250222:-	3:3323..4504:+	221:254197..256752:-	221:254197..256752:-	none	4:4443..5057:+	none	none	210:243922..245115:-	210:243922..245115:-	none	none	none	none	320.3	MOBC;MOBP1;MOBP2		no_slot_defined
NZ_CP036093.1	MPF_FA	T4SS_virb4 AND NOT(T/F/I) AND >=2 FA/FATA	362	7	6	1	FA	high	FA_orf13;FA_orf14;FA_orf15;FA_orf17a;FA_orf17b;FA_orf19	FATA_cd419a	16:21560..24100:+	59:63748..64914:+	none	1:1523..4600:+	none	191:245557..246039:+	none	none	none	none	none	none	none	none	141.3	MOBC		no_slot_defined
NZ_CP036095.1	MPF_FA	T4SS_virb4 AND NOT(T/F/I) AND >=2 FA/FATA	38	4	3	1	FA	medium	FA_orf13;FA_orf14;FA_orf15	FATA_cd419a	31:20036..22495:-	17:9054..10268:-	none	35:24240..26351:-	none	36:26341..27078:-	none	none	none	none	none	none	none	none	169.1	MOBC		no_slot_defined
NZ_CP036097.1	MPF_FA	T4SS_virb4 AND NOT(T/F/I) AND >=2 FA/FATA	365	8	6	2	FA	high	FA_orf13;FA_orf14;FA_orf15;FA_orf17a;FA_orf17b;FA_orf19	FATA_cd419a;FATA_prgC	17:22332..24872:+	65:71837..73003:+	none	1:1523..4597:+	none	none	none	none	none	none	none	none	none	none	141.0			no_slot_defined
NZ_CP036100.1	MPF_FA	T4SS_virb4 AND NOT(T/F/I) AND >=2 FA/FATA	490	3	1	2	FATA	medium	FA_orf14	FATA_cd419a;FATA_prgF	74:68288..70387:+	291:323482..324648:-	25:19475..21322:-	25:19475..21322:-	none	none	none	none	none	none	none	none	none	none	325.6			no_slot_defined
NZ_CP036104.1	MPF_FA	T4SS_virb4 AND NOT(T/F/I) AND >=2 FA/FATA	246	2	1	1	unassigned	minimal	FA_orf14	FATA_cd419a	214:211573..213510:-	6:5679..6860:+	219:217558..220128:-	219:217558..220128:-	none	7:6799..7416:+	none	none	209:207213..208403:-	209:207213..208403:-	none	none	none	none	318.7	MOBC;MOBP1;MOBP2		no_slot_defined
NZ_CP036106.1	MPF_FA	T4SS_virb4 AND NOT(T/F/I) AND >=2 FA/FATA	34	5	1	4	FATA	high	FA_orf14	FATA_cd419a;FATA_trsC;FATA_trsD;FATA_trsL	3:2498..4927:-	none	28:31553..33436:-	28:31553..33436:-	none	none	none	none	29:33451..34095:-	none	none	none	none	none	303.8	MOBP1		no_slot_defined
NZ_CP036113.1	MPF_FA	T4SS_virb4 AND NOT(T/F/I) AND >=2 FA/FATA	245	3	1	2	FATA	medium	FA_orf14	FATA_cd419a;FATA_prgC	215:248286..250223:-	3:3323..4504:+	221:254408..256963:-	221:254408..256963:-	none	4:4443..5057:+	none	none	210:243923..245116:-	210:243923..245116:-	none	none	none	none	320.3	MOBC;MOBP1;MOBP2		no_slot_defined
NZ_CP036114.1	MPF_FA	T4SS_virb4 AND NOT(T/F/I) AND >=2 FA/FATA	363	7	6	1	FA	high	FA_orf13;FA_orf14;FA_orf15;FA_orf17a;FA_orf17b;FA_orf19	FATA_cd419a	16:21560..24100:+	59:63748..64914:+	none	1:1523..4600:+	none	191:245557..246039:+	none	none	none	none	none	none	none	none	141.3	MOBC		no_slot_defined
NZ_CP036118.1	MPF_FA	T4SS_virb4 AND NOT(T/F/I) AND >=2 FA/FATA	238	3	1	2	FATA	medium	FA_orf14	FATA_cd419a;FATA_prgF	209:205576..207513:-	6:5658..6839:+	214:211502..214084:-	214:211502..214084:-	none	7:6778..7395:+	none	none	204:201245..202438:-	204:201245..202438:-	none	none	none	none	321.5	MOBC;MOBP1;MOBP2		no_slot_defined
NZ_CP036119.1	MPF_FA	T4SS_virb4 AND NOT(T/F/I) AND >=2 FA/FATA	365	6	6	0	FA	high	FA_orf13;FA_orf14;FA_orf15;FA_orf17a;FA_orf17b;FA_orf19		10:14622..17162:+	34:34248..35414:+	none	1:1523..4597:+	none	106:90690..91154:+	none	none	355:323543..324145:-	355:323543..324145:-	none	none	none	none	141.0	MOBC;MOBP1;MOBP2		no_slot_defined
NZ_CP036122.1	MPF_FA	T4SS_virb4 AND NOT(T/F/I) AND >=2 FA/FATA	83	6	1	5	FATA	high	FA_orf14	FATA_cd419a;FATA_prgC;FATA_trsC;FATA_trsD;FATA_trsL	37:27038..28855:+	9:4874..6064:-	38:28810..31149:+	38:28810..31149:+	none	none	none	none	none	none	none	13:7444..10293:-	none	none	268.3	MOBQ		no_slot_defined
NZ_CP036124.1	MPF_FA	T4SS_virb4 AND NOT(T/F/I) AND >=2 FA/FATA	143	2	1	1	unassigned	minimal	FA_orf14	FATA_cd419a	17:17978..20077:-	none	57:57053..60592:+	57:57053..60592:+	none	none	none	none	none	none	none	none	none	none	325.3			no_slot_defined
NZ_CP036125.1	MPF_FA	T4SS_virb4 AND NOT(T/F/I) AND >=2 FA/FATA	47	7	6	1	FA	high	FA_orf13;FA_orf14;FA_orf15;FA_orf17a;FA_orf17b;FA_orf19	FATA_cd419a	13:14810..17212:-	none	none	25:27132..29849:+	none	26:29849..30772:+	none	none	none	none	none	none	none	none	123.9	MOBC	PF14729	no_slot_defined
NZ_CP036128.1	MPF_FA	T4SS_virb4 AND NOT(T/F/I) AND >=2 FA/FATA	34	7	6	1	FA	high	FA_orf13;FA_orf14;FA_orf15;FA_orf17a;FA_orf17b;FA_orf19	FATA_cd419a	6:5447..7849:-	none	none	19:18115..20832:+	none	20:20832..21755:+	none	none	none	none	none	none	none	none	128.4	MOBC		no_slot_defined
NZ_CP036129.1	MPF_FA	T4SS_virb4 AND NOT(T/F/I) AND >=2 FA/FATA	104	2	1	1	unassigned	minimal	FA_orf14	FATA_cd419a	42:35279..37213:+	none	34:24609..26450:+	36:28922..29761:+	none	none	none	none	none	50:43318..44862:+	none	none	none	none	345.4	MOBP2		no_slot_defined
NZ_CP036131.1	MPF_FA	T4SS_virb4 AND NOT(T/F/I) AND >=2 FA/FATA	80	5	1	4	FATA	high	FA_orf14	FATA_cd419a;FATA_trsC;FATA_trsD;FATA_trsL	10:5451..7268:+	63:56833..58023:-	11:7223..9562:+	11:7223..9562:+	none	none	none	none	none	none	none	69:61256..64105:-	none	none	268.4	MOBQ		no_slot_defined
NZ_CP036138.1	MPF_FA	T4SS_virb4 AND NOT(T/F/I) AND >=2 FA/FATA	460	3	1	2	FATA	medium	FA_orf14	FATA_cd419a;FATA_prgF	73:68240..70339:+	264:294760..295926:-	24:17825..21322:-	24:17825..21322:-	none	none	none	none	none	none	none	none	none	none	326.1			no_slot_defined
NZ_CP036148.1	MPF_FA	T4SS_virb4 AND NOT(T/F/I) AND >=2 FA/FATA	309	3	0	3	FATA	medium		FATA_cd419a;FATA_prgC;FATA_trsC	284:316778..318715:-	13:16332..17498:+	289:322832..325402:-	289:322832..325402:-	none	70:60029..60475:+	none	none	276:309647..310840:-	276:309647..310840:-	none	none	none	none	322.8	MOBC;MOBP1;MOBP2		no_slot_defined
NZ_CP036248.1	MPF_FA	T4SS_virb4 AND NOT(T/F/I) AND >=2 FA/FATA	113	6	3	3	unassigned	high	FA_orf13;FA_orf15;FA_orf17b	FATA_prgB;FATA_prgC;FATA_trsG	80:65288..67852:-	none	none	77:60328..62586:-	none	76:59021..59806:-	none	none	none	none	none	none	none	none	88.4	MOBC		no_slot_defined
NZ_CP036355.1	MPF_FA	T4SS_virb4 AND NOT(T/F/I) AND >=2 FA/FATA	217	2	1	1	unassigned	minimal	FA_orf14	FATA_cd419a	106:107774..109873:+	none	68:62392..65841:-	68:62392..65841:-	none	none	none	none	none	none	none	none	none	none	329.4			no_slot_defined
NZ_CP036556.1	MPF_FA	T4SS_virb4 AND NOT(T/F/I) AND >=2 FA/FATA	50	2	0	2	FATA	minimal		FATA_cd419a;FATA_trsC	13:6150..8990:+	none	41:27368..29323:+	41:27368..29323:+	none	none	none	none	45:31141..32760:-	none	none	none	none	none	476.2	MOBP1		no_slot_defined
NZ_CP037750.1	MPF_FA	T4SS_virb4 AND NOT(T/F/I) AND >=2 FA/FATA	58	3	3	0	FA	medium	FA_orf13;FA_orf15;FA_orf17b		21:18235..20757:-	30:26634..27728:-	none	none	none	none	none	none	none	none	none	none	28:24729..25913:-	none	109.4	MOBT		no_slot_defined
NZ_CP037962.1	MPF_FA	T4SS_virb4 AND NOT(T/F/I) AND >=2 FA/FATA	38	5	0	5	FATA	high		FATA_trsC;FATA_trsD;FATA_trsF;FATA_trsJ;FATA_trsL	8:8175..10193:-	none	3:2638..4149:-	3:2638..4149:-	none	none	none	none	none	none	none	14:12597..14666:-	none	none	325.1	MOBQ		no_slot_defined
NZ_CP038154.1	MPF_FA	T4SS_virb4 AND NOT(T/F/I) AND >=2 FA/FATA	71	8	0	8	FATA	high		FATA_cd411;FATA_prgF;FATA_prgHa;FATA_prgHb;FATA_prgIa;FATA_prgIb;FATA_prgIc;FATA_trsG	62:55635..58091:+	none	58:52326..54221:+	58:52326..54221:+	none	none	none	none	70:64495..66702:+	none	none	none	none	none	330.3	MOBP1		no_slot_defined
NZ_CP038173.1	MPF_FA	T4SS_virb4 AND NOT(T/F/I) AND >=2 FA/FATA	41	5	2	3	unassigned	high	FA_orf13;FA_orf14	FATA_cd419a;FATA_trsF;FATA_trsL	30:31656..32192:-	none	24:26076..27602:-	24:26076..27602:-	none	none	none	none	none	none	none	none	none	6:3032..3328:-	87.1	MOBV		no_slot_defined
NZ_CP038866.1	MPF_FA	T4SS_virb4 AND NOT(T/F/I) AND >=2 FA/FATA	41	7	1	6	FATA	high	FA_orf14	FATA_prgC;FATA_trsC;FATA_trsD;FATA_trsF;FATA_trsG;FATA_trsL	11:4187..5227:+	none	16:8717..9436:+	17:9468..10373:+	none	none	none	none	0:77..475:+	none	none	0:77..475:+	none	none	124.6	MOBP1;MOBQ		no_slot_defined
NZ_CP038867.1	MPF_FA	T4SS_virb4 AND NOT(T/F/I) AND >=2 FA/FATA	71	2	1	1	unassigned	minimal	FA_orf14	FATA_cd419a	41:32629..35298:+	none	38:27440..29998:+	38:27440..29998:+	none	none	none	none	47:38954..40198:+	47:38954..40198:+	none	none	none	none	212.8	MOBP1;MOBP2		no_slot_defined
NZ_CP039722.1	MPF_FA	T4SS_virb4 AND NOT(T/F/I) AND >=2 FA/FATA	350	2	0	2	FATA	minimal		FATA_cd419a;FATA_prgC	134:119004..120941:-	272:267173..268339:+	139:124882..127464:-	139:124882..127464:-	none	none	none	none	126:111942..113135:-	126:111942..113135:-	none	none	none	none	333.1	MOBP1;MOBP2		no_slot_defined
NZ_CP039726.1	MPF_FA	T4SS_virb4 AND NOT(T/F/I) AND >=2 FA/FATA	111	4	3	1	FA	medium	FA_orf13;FA_orf15;FA_orf17a	FATA_cd419a	92:91956..94514:+	65:66815..67978:+	none	87:86006..88831:+	none	88:88837..89679:+	none	none	none	none	none	none	none	none	100.2	MOBC		no_slot_defined
NZ_CP039728.1	MPF_FA	T4SS_virb4 AND NOT(T/F/I) AND >=2 FA/FATA	231	2	0	2	FATA	minimal		FATA_cd419_1;FATA_cd419a	124:121665..123746:+	none	94:92071..94740:-	94:92071..94740:-	none	53:52469..53029:-	none	none	none	none	none	none	none	none	305.3	MOBC		no_slot_defined
NZ_CP039737.1	MPF_FA	T4SS_virb4 AND NOT(T/F/I) AND >=2 FA/FATA	46	3	3	0	FA	medium	FA_orf13;FA_orf15;FA_orf17b		23:18170..20692:+	10:8357..9367:+	none	none	none	none	none	none	none	none	none	none	12:10112..11299:+	none	112.5	MOBT		no_slot_defined
NZ_CP040341.1	MPF_FA	T4SS_virb4 AND NOT(T/F/I) AND >=2 FA/FATA	328	2	1	1	unassigned	minimal	FA_orf14	FATA_cd419a	188:176251..177219:-	none	260:246788..250288:+	260:246788..250288:+	none	none	none	none	none	none	none	none	none	none	157.6			no_slot_defined
NZ_CP040343.1	MPF_FA	T4SS_virb4 AND NOT(T/F/I) AND >=2 FA/FATA	328	2	1	1	unassigned	minimal	FA_orf14	FATA_cd419a	152:152265..153233:-	none	194:194809..198309:+	194:194809..198309:+	none	none	none	none	none	none	none	none	none	none	157.6			no_slot_defined
NZ_CP040366.1	MPF_FA	T4SS_virb4 AND NOT(T/F/I) AND >=2 FA/FATA	102	2	1	1	unassigned	minimal	FA_orf14	FATA_cd419a	26:26470..28404:+	none	22:19908..22490:+	22:19908..22490:+	none	none	none	none	31:31528..32727:+	31:31528..32727:+	none	none	none	none	298.3	MOBP1;MOBP2		no_slot_defined
NZ_CP040376.1	MPF_FA	T4SS_virb4 AND NOT(T/F/I) AND >=2 FA/FATA	76	3	0	3	FATA	medium		FATA_cd419a;FATA_prgB;FATA_prgC	0:1..1953:+	none	63:62500..65214:+	63:62500..65214:+	none	none	none	none	none	13:9392..11581:+	none	none	none	none	180.7	MOBP2		no_slot_defined
NZ_CP040462.1	MPF_FA	T4SS_virb4 AND NOT(T/F/I) AND >=2 FA/FATA	218	7	0	7	FATA	high		FATA_cd419_1;FATA_cd419a;FATA_gbs1365;FATA_prgF;FATA_prgHb;FATA_prgIc;FATA_trsG	171:162877..165111:-	none	175:166724..168496:-	49:45159..47705:-	none	none	none	none	156:146051..147553:-	39:34161..35408:-	none	none	none	none	272.6	MOBP1;MOBP2		no_slot_defined
NZ_CP040502.1	MPF_FA	T4SS_virb4 AND NOT(T/F/I) AND >=2 FA/FATA	22	2	0	2	FATA	minimal		FATA_trsC;FATA_trsD	11:7985..9985:+	none	none	none	none	none	none	none	none	none	none	5:3520..5580:+	none	none	324.2	MOBQ		no_slot_defined
NZ_CP040554.1	MPF_FA	T4SS_virb4 AND NOT(T/F/I) AND >=2 FA/FATA	58	4	0	4	FATA	medium		FATA_cd419a;FATA_trsD;FATA_trsG;FATA_trsL	37:36555..38408:-	46:44620..45777:+	1:1906..3984:+	1:1906..3984:+	none	none	none	none	55:51035..51499:+	none	none	0:43..1887:+	none	none	293.0	MOBP1;MOBQ		no_slot_defined
NZ_CP040620.1	MPF_FA	T4SS_virb4 AND NOT(T/F/I) AND >=2 FA/FATA	43	7	0	7	FATA	high		FATA_prgF;FATA_trsC;FATA_trsD;FATA_trsF;FATA_trsG;FATA_trsJ;FATA_trsL	18:16980..18992:+	none	24:24468..26108:+	24:24468..26108:+	none	none	none	none	none	none	none	37:36621..38618:-	none	none	317.4	MOBQ		no_slot_defined
NZ_CP040675.1	MPF_FA	T4SS_virb4 AND NOT(T/F/I) AND >=2 FA/FATA	71	2	1	1	unassigned	minimal	FA_orf14	FATA_cd419a	16:17671..19623:+	none	10:11753..14116:+	10:11753..14116:+	none	none	none	none	21:22615..23769:+	21:22615..23769:+	none	none	none	none	322.0	MOBP1;MOBP2		no_slot_defined
NZ_CP040783.1	MPF_FA	T4SS_virb4 AND NOT(T/F/I) AND >=2 FA/FATA	390	2	1	1	unassigned	minimal	FA_orf14	FATA_cd419a	153:144931..147042:+	none	109:103793..107137:-	109:103793..107137:-	none	none	none	none	none	none	none	none	none	none	324.7			no_slot_defined
NZ_CP040803.1	MPF_FA	T4SS_virb4 AND NOT(T/F/I) AND >=2 FA/FATA	183	6	0	6	FATA	high		FATA_cd419a;FATA_gbs1346;FATA_gbs1347;FATA_prgB;FATA_prgC;FATA_prgL	92:95865..97826:+	none	none	29:35951..38989:+	none	none	none	none	none	none	none	none	none	none	121.8			no_slot_defined
NZ_CP040879.1	MPF_FA	T4SS_virb4 AND NOT(T/F/I) AND >=2 FA/FATA	253	2	1	1	unassigned	minimal	FA_orf14	FATA_cd419a	96:95388..96338:+	none	38:33392..36892:-	38:33392..36892:-	none	none	none	none	none	none	none	none	none	none	157.1			no_slot_defined
NZ_CP040897.1	MPF_FA	T4SS_virb4 AND NOT(T/F/I) AND >=2 FA/FATA	81	2	1	1	unassigned	minimal	FA_orf14	FATA_prgB	65:59259..61814:+	none	62:54219..56750:+	62:54219..56750:+	none	none	none	none	75:67587..69647:+	75:67587..69647:+	none	none	none	none	147.6	MOBP1;MOBP2		no_slot_defined
NZ_CP041067.1	MPF_FA	T4SS_virb4 AND NOT(T/F/I) AND >=2 FA/FATA	141	2	1	1	unassigned	minimal	FA_orf13	FATA_cd419a	34:27528..30071:-	none	none	39:33132..34643:-	none	none	none	none	none	none	none	none	none	none	108.4			no_slot_defined
NZ_CP041231.1	MPF_FA	T4SS_virb4 AND NOT(T/F/I) AND >=2 FA/FATA	56	2	0	2	FATA	minimal		FATA_cd419a;FATA_trsC	48:35119..37959:+	none	19:12535..14490:+	19:12535..14490:+	none	none	none	none	29:23346..24965:-	none	none	none	none	none	475.1	MOBP1		no_slot_defined
NZ_CP041255.1	MPF_FA	T4SS_virb4 AND NOT(T/F/I) AND >=2 FA/FATA	66	2	1	1	unassigned	minimal	FA_orf14	FATA_cd419a	58:43323..45278:-	none	63:49438..52296:-	63:49438..52296:-	none	none	none	none	51:37612..39147:-	51:37612..39147:-	none	none	none	none	319.2	MOBP1;MOBP2		no_slot_defined
NZ_CP041325.1	MPF_FA	T4SS_virb4 AND NOT(T/F/I) AND >=2 FA/FATA	226	3	0	3	FATA	medium		FATA_cd419a;FATA_gbs1346;FATA_trsG	116:80904..81416:+	none	95:63693..65663:-	95:63693..65663:-	none	none	none	none	none	none	none	98:66909..67760:-	none	none	72.6	MOBQ		no_slot_defined
NZ_CP041370.1	MPF_FA	T4SS_virb4 AND NOT(T/F/I) AND >=2 FA/FATA	90	2	1	1	unassigned	minimal	FA_orf14	FATA_cd419a	27:21241..23136:+	none	22:15039..17006:+	22:15039..17006:+	none	none	none	none	33:26889..28121:+	33:26889..28121:+	none	none	none	none	257.2	MOBP1;MOBP2		no_slot_defined
NZ_CP041397.1	MPF_FA	T4SS_virb4 AND NOT(T/F/I) AND >=2 FA/FATA	54	2	0	2	FATA	minimal		FATA_cd419a;FATA_trsC	43:28033..30873:+	none	18:11807..13762:+	18:11807..13762:+	none	none	none	none	22:15564..17183:-	none	none	none	none	none	472.9	MOBP1		no_slot_defined
NZ_CP041658.1	MPF_FA	T4SS_virb4 AND NOT(T/F/I) AND >=2 FA/FATA	70	8	0	8	FATA	high		FATA_cd411;FATA_prgF;FATA_prgHa;FATA_prgHb;FATA_prgIa;FATA_prgIb;FATA_prgIc;FATA_trsG	32:32348..34804:-	none	36:36218..38113:-	36:36218..38113:-	none	none	none	none	24:23737..25944:-	none	none	none	none	none	330.3	MOBP1		no_slot_defined
NZ_CP041739.1	MPF_FA	T4SS_virb4 AND NOT(T/F/I) AND >=2 FA/FATA	74	8	0	8	FATA	high		FATA_cd419a;FATA_prgB;FATA_prgC;FATA_prgF;FATA_prgHb;FATA_prgIc;FATA_prgK;FATA_prgL	1:179..2569:+	none	10:11572..13401:+	10:11572..13401:+	none	none	none	none	14:16519..18204:+	none	none	none	none	none	291.4	MOBP1		no_slot_defined
NZ_CP041762.1	MPF_FA	T4SS_virb4 AND NOT(T/F/I) AND >=2 FA/FATA	141	2	0	2	FATA	minimal		FATA_prgHb;FATA_prgK	8:8020..10287:+	none	4:4303..6159:+	4:4303..6159:+	none	none	none	none	21:22731..24251:+	none	none	none	none	none	283.9	MOBP1		no_slot_defined
NZ_CP042290.1	MPF_FA	T4SS_virb4 AND NOT(T/F/I) AND >=2 FA/FATA	141	7	6	1	FA	high	FA_orf13;FA_orf14;FA_orf15;FA_orf17a;FA_orf19;FA_orf23	FATA_cd419a	132:121919..123943:-	106:98092..99477:-	136:127465..130074:-	136:127465..130074:-	none	none	none	none	122:114859..116454:-	122:114859..116454:-	none	none	105:96709..97914:-	95:83120..84382:-	260.3	MOBP1;MOBP2;MOBT;MOBV		no_slot_defined
NZ_CP042292.1	MPF_FA	T4SS_virb4 AND NOT(T/F/I) AND >=2 FA/FATA	74	5	3	2	unassigned	high	FA_orf13;FA_orf15;FA_orf17b	FATA_cd419a;FATA_prgC	16:15346..17844:-	none	14:10717..12873:-	14:10717..12873:-	none	12:8637..9584:-	none	none	none	none	none	none	none	none	79.4	MOBC		no_slot_defined
NZ_CP042375.1	MPF_FA	T4SS_virb4 AND NOT(T/F/I) AND >=2 FA/FATA	72	4	4	0	FA	medium	FA_orf13;FA_orf15;FA_orf17a;FA_orf17b		54:44866..47388:-	66:53891..54901:-	none	none	none	none	none	none	none	none	none	none	64:51957..53144:-	none	108.2	MOBT		no_slot_defined
NZ_CP042409.1	MPF_FA	T4SS_virb4 AND NOT(T/F/I) AND >=2 FA/FATA	130	7	0	7	FATA	high		FATA_prgF;FATA_prgHa;FATA_prgHb;FATA_prgIa;FATA_prgIb;FATA_prgIc;FATA_trsG	5:1909..4296:+	28:22040..22690:-	none	none	none	none	none	none	14:10687..12204:+	none	none	none	none	none	315.7	MOBP1		no_slot_defined
NZ_CP042411.1	MPF_FA	T4SS_virb4 AND NOT(T/F/I) AND >=2 FA/FATA	43	3	3	0	FA	medium	FA_orf13;FA_orf15;FA_orf17b		9:5814..8336:+	42:36172..37182:+	none	none	none	none	none	none	none	none	none	none	1:628..1812:+	none	111.5	MOBT		no_slot_defined
NZ_CP042414.1	MPF_FA	T4SS_virb4 AND NOT(T/F/I) AND >=2 FA/FATA	44	3	3	0	FA	medium	FA_orf13;FA_orf15;FA_orf17b		24:16039..18561:+	12:8190..9200:+	none	none	none	none	none	none	none	none	none	none	16:10834..12018:+	none	101.1	MOBT		no_slot_defined
NZ_CP042419.1	MPF_FA	T4SS_virb4 AND NOT(T/F/I) AND >=2 FA/FATA	43	3	3	0	FA	medium	FA_orf13;FA_orf15;FA_orf17b		32:26897..29419:+	22:19977..20987:+	none	none	none	none	none	none	none	none	none	none	24:21711..22895:+	none	111.5	MOBT		no_slot_defined
NZ_CP042421.1	MPF_FA	T4SS_virb4 AND NOT(T/F/I) AND >=2 FA/FATA	57	3	3	0	FA	medium	FA_orf13;FA_orf15;FA_orf17b		9:5451..7973:+	56:45479..46489:+	none	none	none	none	none	none	none	none	none	none	1:265..1449:+	none	112.7	MOBT		no_slot_defined
NZ_CP042827.1	MPF_FA	T4SS_virb4 AND NOT(T/F/I) AND >=2 FA/FATA	44	2	0	2	FATA	minimal		FATA_cd419a;FATA_prgF	11:10848..12149:+	none	14:13853..15766:+	14:13853..15766:+	none	none	28:26145..29018:-	none	none	none	none	none	none	none	67.4	MOBF		no_slot_defined
NZ_CP042875.1	MPF_FA	T4SS_virb4 AND NOT(T/F/I) AND >=2 FA/FATA	464	2	1	1	unassigned	minimal	FA_orf14	FATA_cd419a	159:175990..178089:-	none	218:230035..233382:+	218:230035..233382:+	none	none	none	none	none	none	none	none	none	none	323.1			no_slot_defined
NZ_CP042928.1	MPF_FA	T4SS_virb4 AND NOT(T/F/I) AND >=2 FA/FATA	330	2	1	1	unassigned	minimal	FA_orf14	FATA_cd419a	132:126060..127028:+	none	60:52988..56488:-	60:52988..56488:-	none	none	none	none	none	none	none	none	none	none	157.6			no_slot_defined
NZ_CP043502.1	MPF_FA	T4SS_virb4 AND NOT(T/F/I) AND >=2 FA/FATA	35	5	4	1	FA	high	FA_orf13;FA_orf14;FA_orf15;FA_orf17b	FATA_cd419a	5:3836..6283:+	0:54..1850:+	0:54..1850:+	0:54..1850:+	none	34:25846..26631:+	none	none	none	none	none	none	none	none	129.9	MOBC		no_slot_defined
NZ_CP043527.1	MPF_FA	T4SS_virb4 AND NOT(T/F/I) AND >=2 FA/FATA	35	6	0	6	FATA	high		FATA_prgF;FATA_prgHa;FATA_prgHb;FATA_prgIb;FATA_prgIc;FATA_trsG	23:23157..25544:-	none	28:27424..29259:-	28:27424..29259:-	none	none	none	none	14:15230..16747:-	none	none	none	none	none	312.5	MOBP1		no_slot_defined
NZ_CP043642.1	MPF_FA	T4SS_virb4 AND NOT(T/F/I) AND >=2 FA/FATA	120	2	0	2	FATA	minimal		FATA_cd419a;FATA_prgF	26:27691..29544:-	none	24:25535..27223:-	24:25535..27223:-	none	none	14:13195..16965:+	none	none	none	none	none	none	none	130.7	MOBF		no_slot_defined
NZ_CP043762.1	MPF_FA	T4SS_virb4 AND NOT(T/F/I) AND >=2 FA/FATA	424	2	1	1	unassigned	minimal	FA_orf14	FATA_cd419a	87:98583..100634:-	226:305236..308850:+	248:340817..342169:+	248:340817..342169:+	none	423:542684..543040:+	none	none	none	none	none	none	none	none	304.7	MOBC		no_slot_defined
NZ_CP043831.1	MPF_FA	T4SS_virb4 AND NOT(T/F/I) AND >=2 FA/FATA	287	7	6	1	FA	high	FA_orf13;FA_orf14;FA_orf15;FA_orf17a;FA_orf17b;FA_orf19	FATA_cd419a	216:219133..221673:+	270:262331..263497:+	none	200:198030..201104:+	none	none	none	none	none	none	none	none	none	none	142.2			no_slot_defined
NZ_CP043832.1	MPF_FA	T4SS_virb4 AND NOT(T/F/I) AND >=2 FA/FATA	278	3	1	2	FATA	medium	FA_orf14	FATA_cd419a;FATA_prgC	205:221105..223042:+	176:189676..190857:-	200:214689..217271:+	200:214689..217271:+	none	175:189123..189737:-	none	none	210:226212..227405:+	210:226212..227405:+	none	none	none	none	322.3	MOBC;MOBP1;MOBP2		no_slot_defined
NZ_CP043967.1	MPF_FA	T4SS_virb4 AND NOT(T/F/I) AND >=2 FA/FATA	113	4	3	1	FA	medium	FA_orf13;FA_orf15;FA_orf17a	FATA_cd419a	109:100028..102616:-	35:32276..33442:-	none	2:912..3380:-	none	1:407..892:-	none	none	none	none	none	none	none	none	96.9	MOBC		no_slot_defined
NZ_CP043968.1	MPF_FA	T4SS_virb4 AND NOT(T/F/I) AND >=2 FA/FATA	68	4	3	1	FA	medium	FA_orf13;FA_orf15;FA_orf17a	FATA_cd419a	3:746..2104:-	30:25101..26264:-	none	9:6431..9178:-	none	8:5583..6425:-	none	none	none	none	none	none	none	none	66.6	MOBC		no_slot_defined
NZ_CP044238.1	MPF_FA	T4SS_virb4 AND NOT(T/F/I) AND >=2 FA/FATA	67	8	0	8	FATA	high		FATA_cd411;FATA_prgF;FATA_prgHa;FATA_prgHb;FATA_prgIa;FATA_prgIb;FATA_prgIc;FATA_trsG	18:11000..13456:+	none	14:7685..9586:+	14:7685..9586:+	none	none	none	none	26:19876..22083:+	none	none	none	none	none	327.6	MOBP1		no_slot_defined
NZ_CP044979.1	MPF_FA	T4SS_virb4 AND NOT(T/F/I) AND >=2 FA/FATA	531	3	1	2	FATA	medium	FA_orf14	FATA_cd419a;FATA_trsJ	374:421299..422549:-	none	438:471564..473243:+	441:476027..477793:+	none	none	none	none	none	none	none	none	none	none	216.8			no_slot_defined
NZ_CP044980.1	MPF_FA	T4SS_virb4 AND NOT(T/F/I) AND >=2 FA/FATA	273	2	1	1	unassigned	minimal	FA_orf14	FATA_cd419a	51:50992..53028:-	none	104:92684..94363:+	107:97146..98828:+	none	none	none	none	none	none	none	none	none	none	325.5			no_slot_defined
NZ_CP045023.1	MPF_FA	T4SS_virb4 AND NOT(T/F/I) AND >=2 FA/FATA	348	2	0	2	FATA	minimal		FATA_cd419a;FATA_prgC	327:341216..343153:-	115:129836..131002:+	332:347139..349721:-	332:347139..349721:-	none	none	none	none	319:334154..335347:-	319:334154..335347:-	none	none	none	none	333.1	MOBP1;MOBP2		no_slot_defined
NZ_CP045225.1	MPF_FA	T4SS_virb4 AND NOT(T/F/I) AND >=2 FA/FATA	47	2	0	2	FATA	minimal		FATA_cd419a;FATA_trsC	7:7369..9276:+	none	3:1435..4140:+	3:1435..4140:+	none	none	none	none	17:14273..15451:+	17:14273..15451:+	none	none	none	none	312.1	MOBP1;MOBP2		no_slot_defined
NZ_CP045273.1	MPF_FA	T4SS_virb4 AND NOT(T/F/I) AND >=2 FA/FATA	1216	2	0	2	FATA	minimal		FATA_cd419a;FATA_gbs1347	787:685336..686424:-	none	1092:977511..979244:+	1092:977511..979244:+	none	810:710721..712706:+	none	none	1193:1057222..1058112:-	none	none	none	none	none	195.6	MOBC;MOBP1		no_slot_defined
NZ_CP045275.1	MPF_FA	T4SS_virb4 AND NOT(T/F/I) AND >=2 FA/FATA	137	2	1	1	unassigned	minimal	FA_orf14	FATA_cd419a	56:48509..50443:-	82:73572..74705:-	61:55234..57825:-	61:55234..57825:-	none	none	none	none	51:44131..45351:-	51:44131..45351:-	none	none	none	none	288.7	MOBP1;MOBP2		no_slot_defined
NZ_CP045276.1	MPF_FA	T4SS_virb4 AND NOT(T/F/I) AND >=2 FA/FATA	116	2	1	1	unassigned	minimal	FA_orf14	FATA_cd419a	102:95233..97167:+	79:72797..73936:+	98:88583..91174:+	98:88583..91174:+	none	14:12535..13287:+	none	none	107:100300..101508:+	107:100300..101508:+	none	none	none	none	298.2	MOBC;MOBP1;MOBP2		no_slot_defined
NZ_CP045297.1	MPF_FA	T4SS_virb4 AND NOT(T/F/I) AND >=2 FA/FATA	46	9	0	9	FATA	high		FATA_cd411;FATA_cd419_1;FATA_cd419a;FATA_gbs1350;FATA_prgHa;FATA_prgHb;FATA_prgIa;FATA_prgIb;FATA_prgIc	10:7529..9889:+	none	6:3846..5705:+	6:3846..5705:+	none	none	none	none	44:31990..33462:+	none	none	none	none	none	367.3	MOBP1		no_slot_defined
NZ_CP045607.2	MPF_FA	T4SS_virb4 AND NOT(T/F/I) AND >=2 FA/FATA	530	2	1	1	unassigned	minimal	FA_orf14	FATA_cd419a	391:454413..456509:-	none	443:501418..504846:+	443:501418..504846:+	none	none	none	none	none	none	none	none	none	none	325.3			no_slot_defined
NZ_CP045613.1	MPF_FA	T4SS_virb4 AND NOT(T/F/I) AND >=2 FA/FATA	62	2	0	2	FATA	minimal		FATA_cd419a;FATA_trsC	31:22981..25821:+	none	9:4610..6565:+	9:4610..6565:+	none	none	none	none	13:8367..9986:-	none	none	none	none	42:37034..39067:-	473.8	MOBP1;MOBV		no_slot_defined
NZ_CP045776.1	MPF_FA	T4SS_virb4 AND NOT(T/F/I) AND >=2 FA/FATA	247	2	1	1	unassigned	minimal	FA_orf14	FATA_cd419a	125:141112..142062:+	none	67:79116..82616:-	67:79116..82616:-	none	none	none	none	none	none	none	none	none	none	157.1			no_slot_defined
NZ_CP045850.1	MPF_FA	T4SS_virb4 AND NOT(T/F/I) AND >=2 FA/FATA	1494	2	0	2	FATA	minimal		FATA_cd419a;FATA_prgC	506:657397..660255:-	879:1087125..1091699:-	none	879:1087125..1091699:-	none	none	none	none	none	none	none	none	none	none	66.8			no_slot_defined
NZ_CP046076.1	MPF_FA	T4SS_virb4 AND NOT(T/F/I) AND >=2 FA/FATA	264	6	5	1	FA	high	FA_orf13;FA_orf14;FA_orf15;FA_orf17a;FA_orf23	FATA_cd419a	21:21632..23326:+	224:210089..211474:-	16:15363..17975:+	16:15363..17975:+	none	none	none	none	31:30581..32176:+	31:30581..32176:+	none	none	223:208707..209912:-	209:188661..189923:-	205.9	MOBP1;MOBP2;MOBT;MOBV		no_slot_defined
NZ_CP046109.1	MPF_FA	T4SS_virb4 AND NOT(T/F/I) AND >=2 FA/FATA	82	2	1	1	unassigned	minimal	FA_orf14	FATA_prgB	21:26053..28608:+	none	18:21013..23544:+	18:21013..23544:+	none	none	none	none	31:34381..36441:+	31:34381..36441:+	none	none	none	none	147.6	MOBP1;MOBP2		no_slot_defined
NZ_CP046248.1	MPF_FA	T4SS_virb4 AND NOT(T/F/I) AND >=2 FA/FATA	79	8	0	8	FATA	high		FATA_cd419a;FATA_prgB;FATA_prgC;FATA_prgF;FATA_prgHb;FATA_prgIc;FATA_prgK;FATA_prgL	71:60429..62819:-	none	62:52400..54229:-	62:52400..54229:-	none	none	none	none	58:47597..49282:-	none	none	none	none	none	292.5	MOBP1		no_slot_defined
NZ_CP046263.1	MPF_FA	T4SS_virb4 AND NOT(T/F/I) AND >=2 FA/FATA	86	2	0	2	FATA	minimal		FATA_cd419a;FATA_prgB	48:46954..48906:+	none	32:27732..30440:+	32:27732..30440:+	none	none	none	none	none	61:56317..58506:+	none	none	none	none	180.1	MOBP2		no_slot_defined
NZ_CP046399.1	MPF_FA	T4SS_virb4 AND NOT(T/F/I) AND >=2 FA/FATA	181	2	1	1	unassigned	minimal	FA_orf14	FATA_cd419a	48:43194..45128:-	none	175:176950..179580:-	54:50217..52844:-	none	none	none	none	162:164370..165926:-	162:164370..165926:-	none	none	none	none	350.9	MOBP1;MOBP2		no_slot_defined
NZ_CP046516.1	MPF_FA	T4SS_virb4 AND NOT(T/F/I) AND >=2 FA/FATA	85	3	2	1	FA	medium	FA_orf17a;FA_orf17b	FATA_cd419a	12:7079..9601:+	6:3210..4808:+	none	none	none	71:69751..69945:+	none	none	none	none	none	none	none	none	86.1	MOBC		no_slot_defined
NZ_CP046517.1	MPF_FA	T4SS_virb4 AND NOT(T/F/I) AND >=2 FA/FATA	77	3	2	1	FA	medium	FA_orf17a;FA_orf17b	FATA_cd419a	10:13200..15725:-	15:18592..20175:-	none	none	none	none	none	none	none	none	none	none	none	none	84.7			no_slot_defined
NZ_CP046573.1	MPF_FA	T4SS_virb4 AND NOT(T/F/I) AND >=2 FA/FATA	989	2	0	2	FATA	minimal		FATA_cd419a;FATA_prgF	434:411130..412956:+	852:851025..852770:+	438:415533..417341:+	438:415533..417341:+	none	none	444:423209..427906:-	none	none	none	none	none	none	none	84.0	MOBF		no_slot_defined
NZ_CP046625.1	MPF_FA	T4SS_virb4 AND NOT(T/F/I) AND >=2 FA/FATA	38	8	0	8	FATA	high		FATA_cd419a;FATA_prgB;FATA_prgC;FATA_prgF;FATA_prgHb;FATA_prgIc;FATA_prgK;FATA_prgL	17:19581..21977:-	none	10:12180..14246:-	10:12180..14246:-	none	none	none	none	2:1201..2829:-	none	none	none	none	none	302.2	MOBP1		no_slot_defined
NZ_CP047086.1	MPF_FA	T4SS_virb4 AND NOT(T/F/I) AND >=2 FA/FATA	264	2	1	1	unassigned	minimal	FA_orf14	FATA_cd419a	81:75187..77286:-	none	125:118537..122037:+	125:118537..122037:+	none	none	none	none	none	none	none	none	none	none	329.4			no_slot_defined
NZ_CP047088.1	MPF_FA	T4SS_virb4 AND NOT(T/F/I) AND >=2 FA/FATA	75	4	3	1	FA	medium	FA_orf13;FA_orf15;FA_orf17a	FATA_cd419a	57:44695..47283:+	18:9098..10270:+	none	51:38715..41771:+	none	52:41792..42625:+	none	none	none	none	none	none	none	none	95.3	MOBC		no_slot_defined
NZ_CP047132.1	MPF_FA	T4SS_virb4 AND NOT(T/F/I) AND >=2 FA/FATA	190	3	1	2	FATA	medium	FA_orf14	FATA_cd419a;FATA_prgF	140:131470..133569:-	none	177:167813..171142:+	177:167813..171142:+	none	none	none	none	none	none	none	none	none	none	324.3			no_slot_defined
NZ_CP047133.1	MPF_FA	T4SS_virb4 AND NOT(T/F/I) AND >=2 FA/FATA	107	2	1	1	unassigned	minimal	FA_orf14	FATA_cd419a	8:4731..6665:-	none	15:11814..13649:-	15:11814..13649:-	none	none	none	none	none	106:93711..94739:-	none	none	none	none	345.1	MOBP2		no_slot_defined
NZ_CP047329.1	MPF_FA	T4SS_virb4 AND NOT(T/F/I) AND >=2 FA/FATA	37	7	1	6	FATA	high	FA_orf14	FATA_prgC;FATA_trsC;FATA_trsD;FATA_trsF;FATA_trsG;FATA_trsL	21:14319..16280:+	none	26:19770..21425:+	26:19770..21425:+	none	none	none	none	17:10940..12904:+	none	none	17:10940..12904:+	none	none	262.5	MOBP1;MOBQ		no_slot_defined
NZ_CP047367.1	MPF_FA	T4SS_virb4 AND NOT(T/F/I) AND >=2 FA/FATA	333	2	1	1	unassigned	minimal	FA_orf14	FATA_cd419a	27:34404..34889:+	263:287540..288712:-	none	none	none	none	none	none	34:40738..41931:+	34:40738..41931:+	none	none	none	none	72.9	MOBP1;MOBP2		no_slot_defined
NZ_CP047468.1	MPF_FA	T4SS_virb4 AND NOT(T/F/I) AND >=2 FA/FATA	71	7	1	6	FATA	high	FA_orf14	FATA_cd419a;FATA_trsC;FATA_trsD;FATA_trsF;FATA_trsJ;FATA_trsL	2:2435..4447:-	none	68:60308..61939:-	68:60308..61939:-	none	none	none	none	none	none	none	9:7594..9618:-	none	none	298.9	MOBQ		no_slot_defined
NZ_CP047806.1	MPF_FA	T4SS_virb4 AND NOT(T/F/I) AND >=2 FA/FATA	41	7	0	7	FATA	high		FATA_gbs1354;FATA_trsC;FATA_trsD;FATA_trsF;FATA_trsG;FATA_trsJ;FATA_trsL	32:23535..25535:-	none	27:18356..20014:-	27:18356..20014:-	none	none	none	none	38:28325..30358:-	none	none	38:28325..30358:-	none	none	307.6	MOBP1;MOBQ		no_slot_defined
NZ_CP048644.1	MPF_FA	T4SS_virb4 AND NOT(T/F/I) AND >=2 FA/FATA	44	6	0	6	FATA	high		FATA_trsC;FATA_trsD;FATA_trsF;FATA_trsG;FATA_trsJ;FATA_trsL	34:28370..30382:+	none	41:35857..37503:+	41:35857..37503:+	none	none	none	none	none	none	none	21:20414..21388:-	none	none	320.4	MOBQ		no_slot_defined
NZ_CP048887.1	MPF_FA	T4SS_virb4 AND NOT(T/F/I) AND >=2 FA/FATA	134	2	1	1	unassigned	minimal	FA_orf14	FATA_cd419a	36:29605..31539:-	64:55760..56893:-	44:38046..40652:-	44:38046..40652:-	none	none	none	none	30:24976..26172:-	30:24976..26172:-	none	none	none	none	297.6	MOBP1;MOBP2		no_slot_defined
NZ_CP048888.1	MPF_FA	T4SS_virb4 AND NOT(T/F/I) AND >=2 FA/FATA	109	2	1	1	unassigned	minimal	FA_orf14	FATA_cd419a	10:6567..8501:+	none	0:180..614:+	1:589..1446:+	none	none	none	none	none	16:11995..13191:+	none	none	none	none	305.0	MOBP2		no_slot_defined
NZ_CP049224.1	MPF_FA	T4SS_virb4 AND NOT(T/F/I) AND >=2 FA/FATA	100	2	0	2	FATA	minimal		FATA_cd419a;FATA_trsJ	57:61689..63938:+	none	none	26:28048..30891:+	none	none	none	none	none	none	none	none	none	none	225.8			no_slot_defined
NZ_CP049227.1	MPF_FA	T4SS_virb4 AND NOT(T/F/I) AND >=2 FA/FATA	99	2	0	2	FATA	minimal		FATA_cd419a;FATA_trsJ	47:44383..46632:+	none	none	8:5423..8254:+	none	none	none	none	none	none	none	none	none	none	225.5			no_slot_defined
NZ_CP049229.1	MPF_FA	T4SS_virb4 AND NOT(T/F/I) AND >=2 FA/FATA	102	2	0	2	FATA	minimal		FATA_cd419a;FATA_trsJ	36:36717..38966:+	none	none	96:104966..107797:+	none	none	none	none	none	none	none	none	none	none	225.6			no_slot_defined
NZ_CP049704.1	MPF_FA	T4SS_virb4 AND NOT(T/F/I) AND >=2 FA/FATA	66	4	0	4	FATA	medium		FATA_cd419a;FATA_trsD;FATA_trsG;FATA_trsL	18:12796..14640:+	7:4788..5945:-	59:44866..47001:-	59:44866..47001:-	none	none	none	none	none	none	none	60:47020..48951:-	none	none	294.6	MOBQ		no_slot_defined
NZ_CP049776.1	MPF_FA	T4SS_virb4 AND NOT(T/F/I) AND >=2 FA/FATA	101	8	6	2	FA	high	FA_orf13;FA_orf14;FA_orf15;FA_orf17a;FA_orf19;FA_orf23	FATA_cd419_1;FATA_cd419a	14:15471..17918:-	19:20644..22029:-	none	none	none	none	none	none	25:26418..28103:+	none	none	none	18:19261..20466:-	6:4257..5519:-	93.8	MOBP1;MOBT;MOBV		no_slot_defined
NZ_CP049777.1	MPF_FA	T4SS_virb4 AND NOT(T/F/I) AND >=2 FA/FATA	61	7	1	6	FATA	high	FA_orf14	FATA_prgC;FATA_trsC;FATA_trsD;FATA_trsF;FATA_trsG;FATA_trsL	26:20287..22248:+	none	31:25738..27393:+	31:25738..27393:+	none	none	none	none	22:16908..18872:+	none	none	22:16908..18872:+	none	none	262.5	MOBP1;MOBQ		no_slot_defined
NZ_CP049890.1	MPF_FA	T4SS_virb4 AND NOT(T/F/I) AND >=2 FA/FATA	54	6	1	5	FATA	high	FA_orf14	FATA_cd419a;FATA_trsC;FATA_trsD;FATA_trsJ;FATA_trsL	43:39948..41912:+	none	48:45424..46935:+	48:45424..46935:+	none	none	none	none	none	none	none	37:35208..37223:+	none	none	291.0	MOBQ		no_slot_defined
NZ_CP050484.1	MPF_FA	T4SS_virb4 AND NOT(T/F/I) AND >=2 FA/FATA	29	7	1	6	FATA	high	FA_orf14	FATA_prgC;FATA_trsC;FATA_trsD;FATA_trsF;FATA_trsG;FATA_trsL	13:9372..11333:+	none	18:14823..16478:+	18:14823..16478:+	none	none	none	none	none	none	none	none	none	none	261.7			no_slot_defined
NZ_CP050492.1	MPF_FA	T4SS_virb4 AND NOT(T/F/I) AND >=2 FA/FATA	72	7	6	1	FA	high	FA_orf13;FA_orf14;FA_orf15;FA_orf17a;FA_orf19;FA_orf23	FATA_cd419a	18:16238..18685:+	13:12127..13512:+	none	none	none	none	none	none	7:6053..7738:-	none	none	none	14:13690..14895:+	24:27222..28484:+	93.8	MOBP1;MOBT;MOBV		no_slot_defined
NZ_CP050501.1	MPF_FA	T4SS_virb4 AND NOT(T/F/I) AND >=2 FA/FATA	82	8	0	8	FATA	high		FATA_cd411;FATA_prgF;FATA_prgHa;FATA_prgHb;FATA_prgIa;FATA_prgIb;FATA_prgIc;FATA_trsG	56:47492..49948:+	none	52:44177..46078:+	52:44177..46078:+	none	none	none	none	65:56369..58576:+	none	none	none	none	none	328.6	MOBP1		no_slot_defined
NZ_CP050502.1	MPF_FA	T4SS_virb4 AND NOT(T/F/I) AND >=2 FA/FATA	80	8	0	8	FATA	high		FATA_cd411;FATA_prgF;FATA_prgHa;FATA_prgHb;FATA_prgIa;FATA_prgIb;FATA_prgIc;FATA_trsG	20:14115..16571:+	none	16:10800..12701:+	16:10800..12701:+	none	none	none	none	28:22978..25185:+	none	none	none	none	none	328.2	MOBP1		no_slot_defined
NZ_CP050503.1	MPF_FA	T4SS_virb4 AND NOT(T/F/I) AND >=2 FA/FATA	68	9	0	9	FATA	high		FATA_cd411;FATA_prgC;FATA_prgF;FATA_prgHa;FATA_prgHb;FATA_prgIa;FATA_prgIb;FATA_prgIc;FATA_trsG	20:21450..23906:-	none	24:25319..27136:-	24:25319..27136:-	none	none	none	none	12:12806..15016:-	none	none	none	none	none	324.6	MOBP1		no_slot_defined
NZ_CP051014.1	MPF_FA	T4SS_virb4 AND NOT(T/F/I) AND >=2 FA/FATA	259	2	1	1	unassigned	minimal	FA_orf14	FATA_cd419a	219:206671..208611:+	185:178445..179635:-	214:200320..203040:+	214:200320..203040:+	none	184:177892..178506:-	none	none	225:212442..213650:+	225:212442..213650:+	none	none	none	none	303.2	MOBC;MOBP1;MOBP2		no_slot_defined
NZ_CP051015.1	MPF_FA	T4SS_virb4 AND NOT(T/F/I) AND >=2 FA/FATA	123	7	1	6	FATA	high	FA_orf14	FATA_cd419a;FATA_trsC;FATA_trsD;FATA_trsF;FATA_trsJ;FATA_trsL	97:86862..88799:+	71:62085..63269:+	104:93951..95930:+	104:93951..95930:+	none	none	none	none	none	none	none	77:67869..71015:-	none	none	260.4	MOBQ		no_slot_defined
NZ_CP051179.1	MPF_FA	T4SS_virb4 AND NOT(T/F/I) AND >=2 FA/FATA	168	3	0	3	FATA	medium		FATA_cd419a;FATA_trsD;FATA_trsG	92:80411..82285:+	none	76:63836..65806:-	76:63836..65806:-	none	none	none	none	none	none	none	77:65836..67896:-	none	none	248.9	MOBQ		no_slot_defined
NZ_CP051681.1	MPF_FA	T4SS_virb4 AND NOT(T/F/I) AND >=2 FA/FATA	180	6	0	6	FATA	high		FATA_cd411;FATA_cd419a;FATA_prgF;FATA_prgHa;FATA_prgHb;FATA_prgIb	114:110504..112837:-	none	121:115495..117264:-	121:115495..117264:-	none	none	none	none	125:119304..120695:-	none	none	none	none	none	294.3	MOBP1		no_slot_defined
NZ_CP053094.1	MPF_FA	T4SS_virb4 AND NOT(T/F/I) AND >=2 FA/FATA	101	2	0	2	FATA	minimal		FATA_cd419a;FATA_trsG	23:15281..17209:+	none	19:9929..12385:+	19:9929..12385:+	none	none	none	none	31:21623..22867:+	31:21623..22867:+	none	none	none	none	195.7	MOBP1;MOBP2		no_slot_defined
NZ_CP053182.1	MPF_FA	T4SS_virb4 AND NOT(T/F/I) AND >=2 FA/FATA	77	7	6	1	FA	high	FA_orf13;FA_orf14;FA_orf15;FA_orf17a;FA_orf19;FA_orf23	FATA_cd419a	12:14059..16506:-	17:19232..20617:-	none	none	none	none	none	none	23:25006..26691:+	none	none	none	16:17849..19054:-	6:4260..5522:-	93.8	MOBP1;MOBT;MOBV		no_slot_defined
NZ_CP053290.1	MPF_FA	T4SS_virb4 AND NOT(T/F/I) AND >=2 FA/FATA	407	2	1	1	unassigned	minimal	FA_orf14	FATA_cd419a	254:259976..260824:+	none	181:182178..185678:-	181:182178..185678:-	none	none	86:85240..88995:-	none	none	none	none	none	none	none	144.6	MOBF		no_slot_defined
NZ_CP053558.1	MPF_FA	T4SS_virb4 AND NOT(T/F/I) AND >=2 FA/FATA	102	2	1	1	unassigned	minimal	FA_orf14	FATA_cd419a	20:14778..16721:-	none	26:20356..22794:-	26:20356..22794:-	none	none	none	none	14:10351..11511:-	14:10351..11511:-	none	none	none	none	326.0	MOBP1;MOBP2		no_slot_defined
NZ_CP053657.2	MPF_FA	T4SS_virb4 AND NOT(T/F/I) AND >=2 FA/FATA	422	2	1	1	unassigned	minimal	FA_orf14	FATA_cd419a	263:343729..345828:-	none	316:393116..396292:+	316:393116..396292:+	none	none	none	none	none	none	none	none	none	none	324.2			no_slot_defined
NZ_CP053672.2	MPF_FA	T4SS_virb4 AND NOT(T/F/I) AND >=2 FA/FATA	76	5	0	5	FATA	high		FATA_trsC;FATA_trsD;FATA_trsG;FATA_trsJ;FATA_trsL	6:4782..6746:+	none	15:12387..14150:+	15:12387..14150:+	none	none	none	none	none	none	none	0:31..2133:+	none	none	311.6	MOBQ		no_slot_defined
NZ_CP053930.1	MPF_FA	T4SS_virb4 AND NOT(T/F/I) AND >=2 FA/FATA	225	2	1	1	unassigned	minimal	FA_orf14	FATA_cd419a	177:163051..165150:-	none	23:24524..28024:+	23:24524..28024:+	none	none	none	none	none	none	none	none	none	none	329.4			no_slot_defined
NZ_CP053937.1	MPF_FA	T4SS_virb4 AND NOT(T/F/I) AND >=2 FA/FATA	90	2	1	1	unassigned	minimal	FA_orf14	FATA_cd419a	32:27120..29057:+	none	26:19476..22109:+	26:19476..22109:+	none	none	none	none	none	40:33632..35188:+	none	none	none	none	343.2	MOBP2		no_slot_defined
NZ_CP053961.1	MPF_FA	T4SS_virb4 AND NOT(T/F/I) AND >=2 FA/FATA	103	2	1	1	unassigned	minimal	FA_orf14	FATA_cd419a	4:4283..6220:+	none	101:81942..84575:+	101:81942..84575:+	none	none	none	none	12:10741..12297:+	12:10741..12297:+	none	none	none	none	343.9	MOBP1;MOBP2		no_slot_defined
NZ_CP053962.1	MPF_FA	T4SS_virb4 AND NOT(T/F/I) AND >=2 FA/FATA	220	2	1	1	unassigned	minimal	FA_orf14	FATA_cd419a	217:235197..237296:+	none	170:179989..183438:-	170:179989..183438:-	none	none	none	none	none	none	none	none	none	none	325.5			no_slot_defined
NZ_CP053978.1	MPF_FA	T4SS_virb4 AND NOT(T/F/I) AND >=2 FA/FATA	86	2	1	1	unassigned	minimal	FA_orf14	FATA_cd419a	28:23118..25055:-	none	34:30060..32693:-	34:30060..32693:-	none	none	none	none	none	20:16986..18542:-	none	none	none	none	343.8	MOBP2		no_slot_defined
NZ_CP053992.1	MPF_FA	T4SS_virb4 AND NOT(T/F/I) AND >=2 FA/FATA	301	7	6	1	FA	high	FA_orf13;FA_orf14;FA_orf15;FA_orf17a;FA_orf17b;FA_orf19	FATA_cd419a	171:195579..197114:+	235:251823..254159:+	156:172637..174325:+	158:176862..178259:+	none	none	none	none	none	none	none	none	none	none	78.7			no_slot_defined
NZ_CP053994.1	MPF_FA	T4SS_virb4 AND NOT(T/F/I) AND >=2 FA/FATA	300	7	6	1	FA	high	FA_orf13;FA_orf14;FA_orf15;FA_orf17a;FA_orf17b;FA_orf19	FATA_cd419a	188:212563..214098:+	252:268807..271143:+	173:189621..191309:+	175:193846..195243:+	none	none	none	none	none	none	none	none	none	none	78.7			no_slot_defined
NZ_CP054001.1	MPF_FA	T4SS_virb4 AND NOT(T/F/I) AND >=2 FA/FATA	67	2	0	2	FATA	minimal		FATA_cd419a;FATA_trsC	66:47805..50645:+	none	30:21089..23044:+	30:21089..23044:+	none	none	none	none	49:36197..37816:-	none	none	none	none	none	472.4	MOBP1		no_slot_defined
NZ_CP054154.1	MPF_FA	T4SS_virb4 AND NOT(T/F/I) AND >=2 FA/FATA	120	3	0	3	FATA	medium		FATA_cd419a;FATA_prgB;FATA_prgC	15:18739..20700:-	none	none	75:81255..84293:-	none	none	none	none	none	none	none	none	none	none	119.2			no_slot_defined
NZ_CP054211.1	MPF_FA	T4SS_virb4 AND NOT(T/F/I) AND >=2 FA/FATA	59	2	0	2	FATA	minimal		FATA_cd419a;FATA_prgF	32:40606..42432:-	none	28:36194..38002:-	28:36194..38002:-	none	none	20:26525..31213:+	none	none	none	none	none	none	none	79.2	MOBF		no_slot_defined
NZ_CP054419.1	MPF_FA	T4SS_virb4 AND NOT(T/F/I) AND >=2 FA/FATA	45	3	3	0	FA	medium	FA_orf13;FA_orf15;FA_orf17b		12:7772..10294:+	2:875..1885:+	none	none	none	none	none	none	none	none	none	none	4:2632..3819:+	none	111.1	MOBT		no_slot_defined
NZ_CP054441.1	MPF_FA	T4SS_virb4 AND NOT(T/F/I) AND >=2 FA/FATA	50	2	0	2	FATA	minimal		FATA_gbs1354;FATA_trsG	11:11208..13202:-	none	16:17254..20079:-	16:17254..20079:-	none	30:27871..28299:+	none	none	6:6870..8045:-	6:6870..8045:-	none	none	none	none	250.2	MOBC;MOBP1;MOBP2		no_slot_defined
NZ_CP054445.1	MPF_FA	T4SS_virb4 AND NOT(T/F/I) AND >=2 FA/FATA	45	2	0	2	FATA	minimal		FATA_gbs1354;FATA_trsG	12:11636..13630:-	none	17:17682..20507:-	17:17682..20507:-	none	31:28298..28726:+	none	none	7:7298..8473:-	7:7298..8473:-	none	none	none	none	250.2	MOBC;MOBP1;MOBP2		no_slot_defined
NZ_CP054613.1	MPF_FA	T4SS_virb4 AND NOT(T/F/I) AND >=2 FA/FATA	2394	3	1	2	FATA	medium	FA_orf17b	FATA_cd419a;FATA_prgC	217:268235..270091:-	213:264323..266425:-	none	none	none	1090:1248702..1249079:-	none	none	none	none	none	none	none	none	160.9	MOBC		no_slot_defined
NZ_CP058267.1	MPF_FA	T4SS_virb4 AND NOT(T/F/I) AND >=2 FA/FATA	118	2	1	1	unassigned	minimal	FA_orf14	FATA_cd419a	100:90919..92853:-	8:8298..9428:-	105:96994..99549:-	105:96994..99549:-	none	none	none	none	94:86246..87445:-	94:86246..87445:-	none	none	none	none	298.2	MOBP1;MOBP2		no_slot_defined
NZ_CP058268.1	MPF_FA	T4SS_virb4 AND NOT(T/F/I) AND >=2 FA/FATA	72	2	1	1	unassigned	minimal	FA_orf14	FATA_cd419a	16:14471..16405:+	64:63834..64565:+	11:7736..10354:+	11:7736..10354:+	none	none	none	none	22:19892..21100:+	22:19892..21100:+	none	none	none	none	306.9	MOBP1;MOBP2		no_slot_defined
NZ_CP058642.1	MPF_FA	T4SS_virb4 AND NOT(T/F/I) AND >=2 FA/FATA	159	2	0	2	FATA	minimal		FATA_cd419a;FATA_prgF	25:15702..17237:+	none	29:19822..21111:+	none	none	none	39:26071..30768:-	none	none	none	none	none	none	none	86.7	MOBF		no_slot_defined
NZ_CP059277.1	MPF_FA	T4SS_virb4 AND NOT(T/F/I) AND >=2 FA/FATA	136	2	0	2	FATA	minimal		FATA_cd419a;FATA_prgC	125:127083..129341:-	none	none	16:20689..23931:-	none	none	none	none	none	none	none	none	none	none	221.1			no_slot_defined
NZ_CP059541.1	MPF_FA	T4SS_virb4 AND NOT(T/F/I) AND >=2 FA/FATA	66	4	0	4	FATA	medium		FATA_cd419a;FATA_trsD;FATA_trsG;FATA_trsL	62:62992..64866:+	none	51:50694..52661:-	51:50694..52661:-	none	none	none	none	none	none	none	52:52690..54753:-	none	none	254.9	MOBQ		no_slot_defined
NZ_CP059680.1	MPF_FA	T4SS_virb4 AND NOT(T/F/I) AND >=2 FA/FATA	50	6	0	6	FATA	high		FATA_trsC;FATA_trsD;FATA_trsF;FATA_trsG;FATA_trsJ;FATA_trsL	12:6838..8850:+	none	18:14326..15972:+	18:14326..15972:+	none	none	none	none	none	none	none	49:44026..46023:-	none	none	320.4	MOBQ		no_slot_defined
NZ_CP059757.1	MPF_FA	T4SS_virb4 AND NOT(T/F/I) AND >=2 FA/FATA	83	8	1	7	FATA	high	FA_orf14	FATA_cd419_1;FATA_prgC;FATA_trsC;FATA_trsD;FATA_trsF;FATA_trsG;FATA_trsL	70:59617..61578:+	none	75:65068..66723:+	75:65068..66723:+	none	none	none	none	66:56238..58202:+	none	none	66:56238..58202:+	none	none	261.7	MOBP1;MOBQ		no_slot_defined
NZ_CP059758.1	MPF_FA	T4SS_virb4 AND NOT(T/F/I) AND >=2 FA/FATA	66	2	1	1	unassigned	minimal	FA_orf14	FATA_cd419a	38:32688..34313:+	none	33:25670..28528:+	33:25670..28528:+	none	none	none	none	49:41512..43098:+	49:41512..43098:+	none	none	none	none	247.6	MOBP1;MOBP2		no_slot_defined
NZ_CP060187.1	MPF_FA	T4SS_virb4 AND NOT(T/F/I) AND >=2 FA/FATA	123	2	0	2	FATA	minimal		FATA_cd419a;FATA_prgB	35:31943..33895:-	none	59:56622..59330:-	59:56622..59330:-	none	none	none	none	none	21:22341..24530:-	none	none	none	none	180.3	MOBP2		no_slot_defined
NZ_CP060800.1	MPF_FA	T4SS_virb4 AND NOT(T/F/I) AND >=2 FA/FATA	121	6	1	5	FATA	high	FA_orf14	FATA_cd419a;FATA_trsC;FATA_trsD;FATA_trsF;FATA_trsL	4:4325..6334:-	none	none	120:94563..95360:-	none	none	none	none	none	none	none	42:31954..34032:+	none	none	246.5	MOBQ		no_slot_defined
NZ_CP060801.1	MPF_FA	T4SS_virb4 AND NOT(T/F/I) AND >=2 FA/FATA	109	6	3	3	unassigned	high	FA_orf13;FA_orf15;FA_orf17b	FATA_prgB;FATA_prgC;FATA_trsG	25:22628..25192:+	none	none	28:27894..30152:+	none	29:30674..31459:+	none	none	none	none	none	none	none	none	88.4	MOBC		no_slot_defined
NZ_CP060803.1	MPF_FA	T4SS_virb4 AND NOT(T/F/I) AND >=2 FA/FATA	50	7	1	6	FATA	high	FA_orf14	FATA_prgC;FATA_trsC;FATA_trsD;FATA_trsF;FATA_trsG;FATA_trsL	33:33920..35881:-	none	28:28775..30430:-	28:28775..30430:-	none	none	none	none	37:37296..39260:-	none	none	37:37296..39260:-	none	none	261.5	MOBP1;MOBQ		no_slot_defined
NZ_CP061175.1	MPF_FA	T4SS_virb4 AND NOT(T/F/I) AND >=2 FA/FATA	50	4	0	4	FATA	medium		FATA_cd419a;FATA_trsD;FATA_trsG;FATA_trsL	32:21502..23370:-	none	0:13..1779:+	0:13..1779:+	none	none	none	none	none	none	none	none	none	none	248.8			no_slot_defined
NZ_CP062072.1	MPF_FA	T4SS_virb4 AND NOT(T/F/I) AND >=2 FA/FATA	292	2	0	2	FATA	minimal		FATA_gbs1354;FATA_prgB	279:262105..264033:+	none	275:255700..258567:+	275:255700..258567:+	none	none	none	none	none	253:224333..226366:+	none	none	none	none	240.9	MOBP2		no_slot_defined
NZ_CP062128.1	MPF_FA	T4SS_virb4 AND NOT(T/F/I) AND >=2 FA/FATA	77	2	1	1	unassigned	minimal	FA_orf14	FATA_cd419a	18:17716..20250:+	none	15:13451..15592:+	15:13451..15592:+	none	none	none	none	24:23933..25063:+	24:23933..25063:+	none	none	none	none	203.9	MOBP1;MOBP2		no_slot_defined
NZ_CP062327.1	MPF_FA	T4SS_virb4 AND NOT(T/F/I) AND >=2 FA/FATA	34	6	0	6	FATA	high		FATA_trsC;FATA_trsD;FATA_trsF;FATA_trsG;FATA_trsJ;FATA_trsL	16:13337..15349:+	none	22:20852..22459:+	22:20852..22459:+	none	none	none	none	none	none	none	4:4545..6542:-	none	none	310.3	MOBQ		no_slot_defined
NZ_CP062353.1	MPF_FA	T4SS_virb4 AND NOT(T/F/I) AND >=2 FA/FATA	31	7	0	7	FATA	high		FATA_prgF;FATA_trsC;FATA_trsD;FATA_trsF;FATA_trsG;FATA_trsJ;FATA_trsL	6:3890..5902:+	none	12:11378..13018:+	12:11378..13018:+	none	none	none	none	none	none	none	25:23929..25926:-	none	none	317.4	MOBQ		no_slot_defined
NZ_CP062357.1	MPF_FA	T4SS_virb4 AND NOT(T/F/I) AND >=2 FA/FATA	31	7	0	7	FATA	high		FATA_prgF;FATA_trsC;FATA_trsD;FATA_trsF;FATA_trsG;FATA_trsJ;FATA_trsL	6:3890..5902:+	none	12:11378..13018:+	12:11378..13018:+	none	none	none	none	none	none	none	25:23929..25926:-	none	none	317.4	MOBQ		no_slot_defined
NZ_CP062363.1	MPF_FA	T4SS_virb4 AND NOT(T/F/I) AND >=2 FA/FATA	37	3	2	1	FA	medium	FA_orf15;FA_orf17a	FATA_trsG	25:20132..22720:-	none	none	none	none	29:24691..25551:-	none	none	none	none	none	none	none	none	119.5	MOBC		no_slot_defined
NZ_CP062373.1	MPF_FA	T4SS_virb4 AND NOT(T/F/I) AND >=2 FA/FATA	32	2	2	0	FA	minimal	FA_orf15;FA_orf17a		3:4153..6738:-	none	none	none	none	none	none	none	none	none	none	none	none	none	121.1			no_slot_defined
NZ_CP062449.1	MPF_FA	T4SS_virb4 AND NOT(T/F/I) AND >=2 FA/FATA	37	8	1	7	FATA	high	FA_orf13	FATA_prgF;FATA_trsC;FATA_trsD;FATA_trsF;FATA_trsG;FATA_trsJ;FATA_trsL	6:3890..5902:+	none	12:11378..13024:+	12:11378..13024:+	none	none	none	none	none	none	none	31:29909..31906:-	none	none	318.2	MOBQ		no_slot_defined
NZ_CP062975.1	MPF_FA	T4SS_virb4 AND NOT(T/F/I) AND >=2 FA/FATA	1143	2	0	2	FATA	minimal		FATA_cd419a;FATA_gbs1346	444:356250..358115:+	none	431:342884..343438:-	none	none	263:197005..197688:-	323:237421..239406:+	none	none	none	none	none	none	none	322.5	MOBC;MOBF		no_slot_defined
NZ_CP063152.1	MPF_FA	T4SS_virb4 AND NOT(T/F/I) AND >=2 FA/FATA	82	2	1	1	unassigned	minimal	FA_orf14	FATA_cd419a	63:46314..48209:-	none	69:52046..54406:-	69:52046..54406:-	none	none	none	none	57:41329..42561:-	57:41329..42561:-	none	none	none	none	257.2	MOBP1;MOBP2		no_slot_defined
NZ_CP063159.1	MPF_FA	T4SS_virb4 AND NOT(T/F/I) AND >=2 FA/FATA	181	3	1	2	FATA	medium	FA_orf14	FATA_cd419a;FATA_prgC	109:125126..127063:+	146:159080..160246:+	104:118484..121054:+	104:118484..121054:+	none	none	none	none	114:130232..131422:+	114:130232..131422:+	none	none	none	none	331.7	MOBP1;MOBP2		no_slot_defined
NZ_CP063160.1	MPF_FA	T4SS_virb4 AND NOT(T/F/I) AND >=2 FA/FATA	365	7	6	1	FA	high	FA_orf13;FA_orf14;FA_orf15;FA_orf17a;FA_orf17b;FA_orf19	FATA_cd419a	49:41781..44321:-	13:10398..11564:-	none	62:59268..62345:-	none	none	none	none	none	none	none	none	none	none	138.0			no_slot_defined
NZ_CP063161.1	MPF_FA	T4SS_virb4 AND NOT(T/F/I) AND >=2 FA/FATA	104	10	1	9	FATA	high	FA_orf14	FATA_cd411;FATA_cd419a;FATA_gbs1347;FATA_prgF;FATA_prgHa;FATA_prgHb;FATA_prgIa;FATA_prgIb;FATA_prgIc	103:75533..77947:+	43:30941..32107:-	13:7938..9758:+	13:7938..9758:+	none	none	none	none	87:64782..66104:-	none	none	none	none	none	331.7	MOBP1		no_slot_defined
NZ_CP063416.1	MPF_FA	T4SS_virb4 AND NOT(T/F/I) AND >=2 FA/FATA	61	2	0	2	FATA	minimal		FATA_cd419a;FATA_trsL	34:24734..27112:-	none	52:41865..43778:-	52:41865..43778:-	none	57:48247..48507:-	none	none	none	none	none	53:43797..45449:-	none	none	267.8	MOBC;MOBQ		no_slot_defined
NZ_CP063976.1	MPF_FA	T4SS_virb4 AND NOT(T/F/I) AND >=2 FA/FATA	458	2	1	1	unassigned	minimal	FA_orf14	FATA_cd419a	197:177386..178984:+	none	146:125933..129043:-	146:125933..129043:-	none	none	none	none	none	none	none	none	none	none	271.4			no_slot_defined
NZ_CP063978.1	MPF_FA	T4SS_virb4 AND NOT(T/F/I) AND >=2 FA/FATA	90	2	1	1	unassigned	minimal	FA_orf14	FATA_cd419a	55:50152..52083:-	none	62:57290..59926:-	62:57290..59926:-	none	none	none	none	none	47:42719..44275:-	none	none	none	none	331.8	MOBP2		no_slot_defined
NZ_CP063981.1	MPF_FA	T4SS_virb4 AND NOT(T/F/I) AND >=2 FA/FATA	68	6	3	3	unassigned	high	FA_orf13;FA_orf15;FA_orf17b	FATA_prgB;FATA_prgC;FATA_trsG	45:45198..47762:+	none	48:50467..52680:+	48:50467..52680:+	none	50:53538..54323:+	none	none	none	none	none	none	none	none	89.9	MOBC		no_slot_defined
NZ_CP064100.1	MPF_FA	T4SS_virb4 AND NOT(T/F/I) AND >=2 FA/FATA	59	3	2	1	FA	medium	FA_orf13;FA_orf17a	FATA_cd419a	40:40989..43538:+	none	none	35:34853..37924:+	none	36:37986..38885:+	none	none	none	none	none	none	none	none	114.0	MOBC		no_slot_defined
NZ_CP064271.1	MPF_FA	T4SS_virb4 AND NOT(T/F/I) AND >=2 FA/FATA	184	2	1	1	unassigned	minimal	FA_orf14	FATA_cd419a	85:79786..81720:-	none	90:85936..87849:-	90:85936..87849:-	none	8:7491..8012:-	none	none	80:75467..76663:-	80:75467..76663:-	none	none	none	none	297.6	MOBC;MOBP1;MOBP2		no_slot_defined
NZ_CP064272.1	MPF_FA	T4SS_virb4 AND NOT(T/F/I) AND >=2 FA/FATA	56	3	2	1	FA	medium	FA_orf13;FA_orf17a	FATA_cd419a	35:40871..43438:-	none	none	40:46485..49556:-	none	39:45524..46423:-	none	none	none	none	none	none	none	none	110.3	MOBC		no_slot_defined
NZ_CP064276.1	MPF_FA	T4SS_virb4 AND NOT(T/F/I) AND >=2 FA/FATA	112	2	1	1	unassigned	minimal	FA_orf14	FATA_cd419a	86:86213..88144:+	none	80:79043..81598:+	80:79043..81598:+	none	51:58176..58535:+	none	none	91:91266..92462:+	91:91266..92462:+	none	none	none	none	297.7	MOBC;MOBP1;MOBP2		no_slot_defined
NZ_CP064301.1	MPF_FA	T4SS_virb4 AND NOT(T/F/I) AND >=2 FA/FATA	76	2	0	2	FATA	minimal		FATA_cd419a;FATA_trsG	46:34336..36264:+	none	42:28984..31440:+	42:28984..31440:+	none	none	none	none	54:40679..41923:+	54:40679..41923:+	none	none	none	none	192.8	MOBP1;MOBP2		no_slot_defined
NZ_CP064305.1	MPF_FA	T4SS_virb4 AND NOT(T/F/I) AND >=2 FA/FATA	97	8	0	8	FATA	high		FATA_cd411;FATA_prgF;FATA_prgHa;FATA_prgHb;FATA_prgIa;FATA_prgIb;FATA_prgIc;FATA_trsG	14:8270..10726:+	none	10:4955..6856:+	10:4955..6856:+	none	none	none	none	24:17154..19361:+	none	none	none	none	none	326.1	MOBP1		no_slot_defined
NZ_CP064315.1	MPF_FA	T4SS_virb4 AND NOT(T/F/I) AND >=2 FA/FATA	88	7	0	7	FATA	high		FATA_prgF;FATA_prgHa;FATA_prgHb;FATA_prgIa;FATA_prgIb;FATA_prgIc;FATA_trsG	4:3316..5772:+	none	0:1..1902:+	0:1..1902:+	none	none	none	none	12:12181..14388:+	none	none	none	none	none	327.5	MOBP1		no_slot_defined
NZ_CP064317.1	MPF_FA	T4SS_virb4 AND NOT(T/F/I) AND >=2 FA/FATA	93	8	0	8	FATA	high		FATA_cd411;FATA_prgF;FATA_prgHa;FATA_prgHb;FATA_prgIa;FATA_prgIb;FATA_prgIc;FATA_trsG	50:38667..41123:-	none	54:42537..44438:-	54:42537..44438:-	none	none	none	none	39:30052..32259:-	none	none	none	none	none	327.5	MOBP1		no_slot_defined
NZ_CP064409.1	MPF_FA	T4SS_virb4 AND NOT(T/F/I) AND >=2 FA/FATA	52	8	1	7	FATA	high	FA_orf14	FATA_cd419a;FATA_prgC;FATA_trsC;FATA_trsD;FATA_trsF;FATA_trsG;FATA_trsL	14:11912..13873:-	none	9:6767..8422:-	9:6767..8422:-	none	none	none	none	18:15288..17252:-	none	none	18:15288..17252:-	none	none	261.5	MOBP1;MOBQ		no_slot_defined
NZ_CP064426.1	MPF_FA	T4SS_virb4 AND NOT(T/F/I) AND >=2 FA/FATA	80	2	1	1	unassigned	minimal	FA_orf14	FATA_cd419a	4:1833..3458:+	none	78:60225..63083:+	78:60225..63083:+	none	none	none	none	15:10708..12243:+	15:10708..12243:+	none	none	none	none	247.6	MOBP1;MOBP2		no_slot_defined
NZ_CP064837.2	MPF_FA	T4SS_virb4 AND NOT(T/F/I) AND >=2 FA/FATA	69	7	0	7	FATA	high		FATA_prgF;FATA_prgHa;FATA_prgHb;FATA_prgIa;FATA_prgIb;FATA_prgIc;FATA_trsG	22:19766..22153:+	none	17:16051..17886:+	17:16051..17886:+	none	none	none	none	31:28562..30079:+	none	none	none	none	none	313.4	MOBP1		no_slot_defined
NZ_CP064844.1	MPF_FA	T4SS_virb4 AND NOT(T/F/I) AND >=2 FA/FATA	87	3	1	2	FATA	medium	FA_orf14	FATA_cd419a;FATA_trsG	32:29907..31922:+	none	28:23980..26445:+	28:23980..26445:+	none	none	none	none	38:35544..36884:+	38:35544..36884:+	none	none	none	none	222.5	MOBP1;MOBP2		no_slot_defined
NZ_CP064861.1	MPF_FA	T4SS_virb4 AND NOT(T/F/I) AND >=2 FA/FATA	64	3	0	3	FATA	medium		FATA_trsC;FATA_trsD;FATA_trsF	11:7666..9654:+	none	17:13707..15236:+	17:13707..15236:+	none	none	none	none	none	none	none	5:3188..5245:+	none	none	319.3	MOBQ		no_slot_defined
NZ_CP064874.1	MPF_FA	T4SS_virb4 AND NOT(T/F/I) AND >=2 FA/FATA	226	2	0	2	FATA	minimal		FATA_cd419a;FATA_prgF	27:21575..24097:+	31:28513..30624:+	none	none	none	none	106:90786..94241:-	none	none	none	none	none	none	none	68.5	MOBF		no_slot_defined
NZ_CP064876.1	MPF_FA	T4SS_virb4 AND NOT(T/F/I) AND >=2 FA/FATA	512	7	6	1	FA	high	FA_orf13;FA_orf14;FA_orf15;FA_orf17a;FA_orf17b;FA_orf19	FATA_cd419a	384:398921..401461:-	349:371126..372292:-	398:418004..421081:-	398:418004..421081:-	none	none	none	none	none	none	none	none	none	none	141.7			no_slot_defined
NZ_CP065038.1	MPF_FA	T4SS_virb4 AND NOT(T/F/I) AND >=2 FA/FATA	119	5	0	5	FATA	high		FATA_cd411;FATA_prgF;FATA_prgHa;FATA_prgHb;FATA_prgIb	61:52406..54727:+	none	67:61054..62748:+	67:61054..62748:+	none	none	none	none	72:66052..67665:-	none	none	none	none	none	308.5	MOBP1		no_slot_defined
NZ_CP065195.1	MPF_FA	T4SS_virb4 AND NOT(T/F/I) AND >=2 FA/FATA	41	6	4	2	FA	high	FA_orf13;FA_orf17a;FA_orf17b;FA_orf19	FATA_prgIc;FATA_trsG	17:13378..16050:-	none	none	22:18928..22065:-	none	21:18021..18869:-	none	none	none	none	none	none	none	none	67.1	MOBC		no_slot_defined
NZ_CP065214.1	MPF_FA	T4SS_virb4 AND NOT(T/F/I) AND >=2 FA/FATA	153	2	1	1	unassigned	minimal	FA_orf14	FATA_cd419a	128:118474..120408:+	none	124:111740..114331:+	124:111740..114331:+	none	none	none	none	133:123566..124786:+	133:123566..124786:+	none	none	none	none	293.9	MOBP1;MOBP2		no_slot_defined
NZ_CP065336.1	MPF_FA	T4SS_virb4 AND NOT(T/F/I) AND >=2 FA/FATA	153	2	1	1	unassigned	minimal	FA_orf14	FATA_cd419a	42:48895..50829:-	none	49:57758..60322:-	49:57758..60322:-	none	none	none	none	37:44486..45706:-	37:44486..45706:-	none	none	none	none	297.4	MOBP1;MOBP2		no_slot_defined
NZ_CP065516.1	MPF_FA	T4SS_virb4 AND NOT(T/F/I) AND >=2 FA/FATA	45	3	2	1	FA	medium	FA_orf15;FA_orf17a	FATA_trsG	9:10289..12874:+	none	none	none	none	none	none	none	none	none	none	none	none	none	121.0			no_slot_defined
NZ_CP065633.1	MPF_FA	T4SS_virb4 AND NOT(T/F/I) AND >=2 FA/FATA	62	2	1	1	unassigned	minimal	FA_orf17a	FATA_cd419a	38:31607..34129:-	44:37067..38683:-	none	none	none	none	none	none	none	none	none	none	none	none	86.0			no_slot_defined
NZ_CP065644.1	MPF_FA	T4SS_virb4 AND NOT(T/F/I) AND >=2 FA/FATA	36	7	6	1	FA	high	FA_orf13;FA_orf14;FA_orf15;FA_orf17a;FA_orf17b;FA_orf19	FATA_cd419a	10:10818..13310:+	1:476..2971:+	1:476..2971:+	1:476..2971:+	none	0:170..475:+	none	none	none	none	none	none	none	none	103.6	MOBC	PF14729	no_slot_defined
NZ_CP065646.1	MPF_FA	T4SS_virb4 AND NOT(T/F/I) AND >=2 FA/FATA	39	7	6	1	FA	high	FA_orf13;FA_orf14;FA_orf15;FA_orf17a;FA_orf17b;FA_orf19	FATA_cd419a	5:2486..4513:+	33:22969..25398:+	33:22969..25398:+	33:22969..25398:+	none	32:22286..22915:+	none	none	none	none	none	none	none	none	93.1	MOBC	PF14729	no_slot_defined
NZ_CP065648.1	MPF_FA	T4SS_virb4 AND NOT(T/F/I) AND >=2 FA/FATA	76	7	6	1	FA	high	FA_orf13;FA_orf14;FA_orf15;FA_orf17a;FA_orf17b;FA_orf19	FATA_cd419a	31:26825..29317:+	58:47850..50531:+	28:22989..26159:+	58:47850..50531:+	none	27:22305..22988:+	none	none	none	none	none	none	none	none	103.6	MOBC	PF14729	no_slot_defined
NZ_CP065649.1	MPF_FA	T4SS_virb4 AND NOT(T/F/I) AND >=2 FA/FATA	187	2	1	1	unassigned	minimal	FA_orf14	FATA_cd419a	185:177006..179096:+	none	145:135689..139207:-	145:135689..139207:-	none	none	none	none	none	none	none	none	none	none	329.4			no_slot_defined
NZ_CP065730.1	MPF_FA	T4SS_virb4 AND NOT(T/F/I) AND >=2 FA/FATA	74	3	1	2	FATA	medium	FA_orf14	FATA_cd419a;FATA_trsC	34:27123..29096:-	none	38:33806..36730:-	38:33806..36730:-	none	none	none	none	27:21634..23049:-	27:21634..23049:-	none	none	none	none	268.8	MOBP1;MOBP2		no_slot_defined
NZ_CP065740.1	MPF_FA	T4SS_virb4 AND NOT(T/F/I) AND >=2 FA/FATA	344	8	6	2	FA	high	FA_orf13;FA_orf14;FA_orf15;FA_orf17a;FA_orf17b;FA_orf19	FATA_cd419a;FATA_prgC	231:251209..253749:-	184:205246..206412:-	none	245:270531..273605:-	none	none	none	none	none	none	none	none	none	none	140.7			no_slot_defined
NZ_CP065741.1	MPF_FA	T4SS_virb4 AND NOT(T/F/I) AND >=2 FA/FATA	191	3	1	2	FATA	medium	FA_orf14	FATA_cd419a;FATA_prgF	99:95367..97466:-	none	135:131432..134761:+	135:131432..134761:+	none	none	none	none	none	none	none	none	none	none	324.4			no_slot_defined
NZ_CP065744.1	MPF_FA	T4SS_virb4 AND NOT(T/F/I) AND >=2 FA/FATA	206	7	6	1	FA	high	FA_orf13;FA_orf14;FA_orf15;FA_orf17a;FA_orf17b;FA_orf19	FATA_cd419a	20:20725..22782:-	194:203175..204341:-	36:40141..43215:-	36:40141..43215:-	none	none	none	none	none	none	none	none	none	none	134.7			no_slot_defined
NZ_CP065775.1	MPF_FA	T4SS_virb4 AND NOT(T/F/I) AND >=2 FA/FATA	28	3	2	1	FA	medium	FA_orf14;FA_orf15	FATA_cd419a	25:21763..23859:+	none	none	none	none	none	none	none	none	none	none	none	none	20:17526..18563:-	88.6	MOBV		no_slot_defined
NZ_CP065786.1	MPF_FA	T4SS_virb4 AND NOT(T/F/I) AND >=2 FA/FATA	59	6	3	3	unassigned	high	FA_orf13;FA_orf15;FA_orf17b	FATA_prgB;FATA_prgC;FATA_trsG	26:23458..25989:+	none	none	29:28691..30949:+	none	30:31471..32256:+	none	none	none	none	none	none	none	none	89.2	MOBC		no_slot_defined
NZ_CP065793.1	MPF_FA	T4SS_virb4 AND NOT(T/F/I) AND >=2 FA/FATA	58	4	3	1	FA	medium	FA_orf17a;FA_orf17b;FA_orf19	FATA_trsG	42:41693..44374:+	none	none	37:35697..38810:+	none	none	none	none	none	none	none	none	none	none	71.1			no_slot_defined
NZ_CP065798.1	MPF_FA	T4SS_virb4 AND NOT(T/F/I) AND >=2 FA/FATA	46	2	1	1	unassigned	minimal	FA_orf17a	FATA_trsG	20:15725..18310:-	none	none	none	none	none	none	none	none	none	none	none	none	none	116.7			no_slot_defined
NZ_CP065803.1	MPF_FA	T4SS_virb4 AND NOT(T/F/I) AND >=2 FA/FATA	87	2	0	2	FATA	minimal		FATA_cd419a;FATA_prgB	74:71195..73147:+	none	60:55161..57875:+	60:55161..57875:+	none	none	none	none	none	none	none	none	none	none	184.7			no_slot_defined
NZ_CP065987.1	MPF_FA	T4SS_virb4 AND NOT(T/F/I) AND >=2 FA/FATA	41	3	0	3	FATA	medium		FATA_prgF;FATA_prgHb;FATA_trsG	16:17818..20199:-	none	25:27284..28465:-	20:22011..22730:-	none	none	none	none	7:10157..11668:-	none	none	none	none	none	311.8	MOBP1		no_slot_defined
NZ_CP066025.1	MPF_FA	T4SS_virb4 AND NOT(T/F/I) AND >=2 FA/FATA	83	2	1	1	unassigned	minimal	FA_orf14	FATA_cd419a	22:21237..23162:-	none	27:27531..30161:-	27:27531..30161:-	none	none	none	none	15:15390..16901:-	15:15390..16901:-	none	none	none	none	232.7	MOBP1;MOBP2		no_slot_defined
NZ_CP066190.1	MPF_FA	T4SS_virb4 AND NOT(T/F/I) AND >=2 FA/FATA	93	2	1	1	unassigned	minimal	FA_orf14	FATA_cd419a	47:39119..41056:+	none	40:31167..33794:+	40:31167..33794:+	none	none	none	none	54:45249..46814:+	54:45249..46814:+	none	none	none	none	342.3	MOBP1;MOBP2		no_slot_defined
NZ_CP066195.1	MPF_FA	T4SS_virb4 AND NOT(T/F/I) AND >=2 FA/FATA	64	4	3	1	FA	medium	FA_orf13;FA_orf15;FA_orf17a	FATA_cd419a	51:39388..41976:+	17:7561..8727:+	none	45:33564..36464:+	none	46:36485..37318:+	none	none	none	none	none	none	none	none	97.2	MOBC		no_slot_defined
NZ_CP066196.1	MPF_FA	T4SS_virb4 AND NOT(T/F/I) AND >=2 FA/FATA	102	2	1	1	unassigned	minimal	FA_orf14	FATA_cd419a	47:39119..41056:+	none	40:31167..33794:+	40:31167..33794:+	none	none	none	none	54:45249..46814:+	54:45249..46814:+	none	none	none	none	342.3	MOBP1;MOBP2		no_slot_defined
NZ_CP066374.1	MPF_FA	T4SS_virb4 AND NOT(T/F/I) AND >=2 FA/FATA	52	3	0	3	FATA	medium		FATA_gbs1350;FATA_gbs1354;FATA_trsG	7:7764..9722:-	none	13:14320..16884:-	13:14320..16884:-	none	none	none	none	45:36817..38160:+	45:36817..38160:+	none	none	none	none	270.1	MOBP1;MOBP2		no_slot_defined
NZ_CP066403.1	MPF_FA	T4SS_virb4 AND NOT(T/F/I) AND >=2 FA/FATA	79	2	1	1	unassigned	minimal	FA_orf14	FATA_cd419a	33:25020..26645:-	none	38:30804..33662:-	38:30804..33662:-	none	none	none	none	22:16235..17770:-	22:16235..17770:-	none	none	none	none	247.6	MOBP1;MOBP2		no_slot_defined
NZ_CP066436.1	MPF_FA	T4SS_virb4 AND NOT(T/F/I) AND >=2 FA/FATA	79	2	1	1	unassigned	minimal	FA_orf14	FATA_cd419a	7:5862..7487:-	none	12:11646..14504:-	12:11646..14504:-	none	none	none	none	75:62486..64021:-	75:62486..64021:-	none	none	none	none	247.8	MOBP1;MOBP2		no_slot_defined
NZ_CP066493.1	MPF_FA	T4SS_virb4 AND NOT(T/F/I) AND >=2 FA/FATA	46	5	0	5	FATA	high		FATA_trsC;FATA_trsD;FATA_trsG;FATA_trsJ;FATA_trsL	31:19205..21205:+	none	37:24721..26388:+	37:24721..26388:+	none	none	none	none	none	none	none	23:14396..14731:+	none	none	307.5	MOBQ		no_slot_defined
NZ_CP066502.1	MPF_FA	T4SS_virb4 AND NOT(T/F/I) AND >=2 FA/FATA	114	6	1	5	FATA	high	FA_orf14	FATA_cd419a;FATA_trsC;FATA_trsD;FATA_trsF;FATA_trsL	83:61722..63725:-	none	78:56638..58224:-	78:56638..58224:-	none	none	none	none	none	none	none	none	none	none	247.7			no_slot_defined
NZ_CP066639.1	MPF_FA	T4SS_virb4 AND NOT(T/F/I) AND >=2 FA/FATA	81	2	1	1	unassigned	minimal	FA_orf14	FATA_cd419a	33:28766..30391:+	none	28:21749..24607:+	28:21749..24607:+	none	none	none	none	44:37641..39176:+	44:37641..39176:+	none	none	none	none	247.6	MOBP1;MOBP2		no_slot_defined
NZ_CP066818.1	MPF_FA	T4SS_virb4 AND NOT(T/F/I) AND >=2 FA/FATA	86	2	0	2	FATA	minimal		FATA_cd419a;FATA_prgB	8:5681..7633:-	none	22:20953..23667:-	22:20953..23667:-	none	none	none	none	none	82:77244..79421:-	none	none	none	none	184.7	MOBP2		no_slot_defined
NZ_CP066832.1	MPF_FA	T4SS_virb4 AND NOT(T/F/I) AND >=2 FA/FATA	341	2	1	1	unassigned	minimal	FA_orf17a	FATA_cd419a	317:296218..298821:-	none	none	312:288356..290842:-	none	311:287325..288359:-	none	none	none	none	none	none	none	none	83.1	MOBC		no_slot_defined
NZ_CP067070.1	MPF_FA	T4SS_virb4 AND NOT(T/F/I) AND >=2 FA/FATA	352	7	6	1	FA	high	FA_orf13;FA_orf14;FA_orf15;FA_orf17a;FA_orf17b;FA_orf19	FATA_cd419a	95:82874..84409:-	42:34083..36419:-	none	107:100928..102307:-	none	none	none	none	none	none	none	none	none	none	78.7			no_slot_defined
NZ_CP068052.1	MPF_FA	T4SS_virb4 AND NOT(T/F/I) AND >=2 FA/FATA	64	5	4	1	FA	high	FA_orf13;FA_orf15;FA_orf17a;FA_orf19	FATA_cd419a	63:65686..67959:-	none	63:65686..67959:-	5:3249..5795:-	none	none	none	none	none	none	none	none	none	none	125.1			no_slot_defined
NZ_CP068117.1	MPF_FA	T4SS_virb4 AND NOT(T/F/I) AND >=2 FA/FATA	92	2	0	2	FATA	minimal		FATA_cd419a;FATA_prgC	34:26864..29353:+	none	30:21833..23281:+	31:23345..24391:+	none	none	none	none	38:31332..33278:+	38:31332..33278:+	none	none	none	none	210.3	MOBP1;MOBP2		no_slot_defined
NZ_CP068119.1	MPF_FA	T4SS_virb4 AND NOT(T/F/I) AND >=2 FA/FATA	66	4	2	2	unassigned	medium	FA_orf15;FA_orf17b	FATA_cd419a;FATA_prgC	62:60629..63127:-	none	60:56000..58156:-	60:56000..58156:-	none	58:53920..54867:-	none	none	none	none	none	none	none	none	79.4	MOBC		no_slot_defined
NZ_CP068124.1	MPF_FA	T4SS_virb4 AND NOT(T/F/I) AND >=2 FA/FATA	58	6	0	6	FATA	high		FATA_prgC;FATA_trsC;FATA_trsD;FATA_trsF;FATA_trsG;FATA_trsL	50:39004..40044:+	none	57:43529..45040:+	57:43529..45040:+	none	none	none	none	45:34706..36670:+	none	none	45:34706..36670:+	none	none	124.8	MOBP1;MOBQ		no_slot_defined
NZ_CP068513.1	MPF_FA	T4SS_virb4 AND NOT(T/F/I) AND >=2 FA/FATA	65	6	0	6	FATA	high		FATA_prgF;FATA_prgHa;FATA_prgHb;FATA_prgIb;FATA_prgIc;FATA_trsG	11:9765..12152:-	none	16:14032..15867:-	16:14032..15867:-	none	none	none	none	2:1838..3355:-	none	none	none	none	none	314.1	MOBP1		no_slot_defined
NZ_CP068718.1	MPF_FA	T4SS_virb4 AND NOT(T/F/I) AND >=2 FA/FATA	524	3	1	2	FATA	medium	FA_orf14	FATA_cd419a;FATA_prgC	0:53..901:+	none	469:539952..541463:-	467:535487..537349:-	none	none	none	none	none	none	none	none	none	none	142.3			no_slot_defined
NZ_CP068725.1	MPF_FA	T4SS_virb4 AND NOT(T/F/I) AND >=2 FA/FATA	459	2	1	1	unassigned	minimal	FA_orf14	FATA_cd419a	234:243057..243905:+	396:391825..393114:+	161:165259..168759:-	161:165259..168759:-	none	none	67:68320..72075:-	none	none	none	none	none	none	none	144.6	MOBF		no_slot_defined
NZ_CP069130.1	MPF_FA	T4SS_virb4 AND NOT(T/F/I) AND >=2 FA/FATA	115	4	2	2	unassigned	medium	FA_orf13;FA_orf14	FATA_cd419_1;FATA_cd419a	62:56726..58750:+	none	57:50601..53210:+	57:50601..53210:+	none	none	none	none	69:62948..64543:+	69:62948..64543:+	none	none	none	43:39364..39660:+	257.3	MOBP1;MOBP2;MOBV		no_slot_defined
NZ_CP069290.1	MPF_FA	T4SS_virb4 AND NOT(T/F/I) AND >=2 FA/FATA	159	2	1	1	unassigned	minimal	FA_orf14	FATA_cd419a	14:15431..17365:+	144:131471..132604:+	7:6024..7772:+	9:10244..11152:+	none	none	none	none	none	21:22604..23800:+	none	none	none	none	300.9	MOBP2		no_slot_defined
NZ_CP069390.1	MPF_FA	T4SS_virb4 AND NOT(T/F/I) AND >=2 FA/FATA	54	2	1	1	unassigned	minimal	FA_orf14	FATA_trsG	19:22666..24609:+	none	14:15103..17940:+	14:15103..17940:+	none	none	none	none	27:29687..31003:+	27:29687..31003:+	none	none	none	none	246.5	MOBP1;MOBP2		no_slot_defined
NZ_CP069398.1	MPF_FA	T4SS_virb4 AND NOT(T/F/I) AND >=2 FA/FATA	188	5	1	4	FATA	high	FA_orf14	FATA_cd419a;FATA_trsC;FATA_trsD;FATA_trsL	70:78360..80294:+	113:120849..121982:+	118:124861..127302:-	65:71667..74222:+	none	none	none	none	76:85162..86358:+	76:85162..86358:+	none	136:140580..142601:+	none	none	297.9	MOBP1;MOBP2;MOBQ		no_slot_defined
NZ_CP069521.1	MPF_FA	T4SS_virb4 AND NOT(T/F/I) AND >=2 FA/FATA	38	2	2	0	FA	minimal	FA_orf17a;FA_orf17b		22:15888..18536:-	26:20379..21881:-	none	none	none	none	none	none	none	none	none	none	none	none	84.2			no_slot_defined
NZ_CP069607.1	MPF_FA	T4SS_virb4 AND NOT(T/F/I) AND >=2 FA/FATA	210	2	1	1	unassigned	minimal	FA_orf14	FATA_cd419a	17:13688..15622:-	64:53164..54297:-	21:19608..22172:-	21:19608..22172:-	none	none	none	none	12:9280..10500:-	12:9280..10500:-	none	none	none	none	291.4	MOBP1;MOBP2		no_slot_defined
NZ_CP069608.1	MPF_FA	T4SS_virb4 AND NOT(T/F/I) AND >=2 FA/FATA	152	2	1	1	unassigned	minimal	FA_orf14	FATA_cd419a	17:14509..16443:-	none	24:23861..25627:-	22:20479..21387:-	none	none	none	none	none	11:9819..11015:-	none	none	none	none	309.4	MOBP2		no_slot_defined
NZ_CP069610.1	MPF_FA	T4SS_virb4 AND NOT(T/F/I) AND >=2 FA/FATA	56	2	1	1	unassigned	minimal	FA_orf13	FATA_cd419a	50:51274..53817:-	none	none	55:56878..59247:-	none	none	none	none	none	none	none	none	none	none	116.2			no_slot_defined
NZ_CP070265.2	MPF_FA	T4SS_virb4 AND NOT(T/F/I) AND >=2 FA/FATA	72	6	0	6	FATA	high		FATA_prgF;FATA_prgHa;FATA_prgHb;FATA_prgIb;FATA_prgIc;FATA_trsG	10:9574..11961:-	none	15:13709..15544:-	15:13709..15544:-	none	none	none	none	1:1625..3142:-	none	none	none	none	none	314.5	MOBP1		no_slot_defined
NZ_CP070340.1	MPF_FA	T4SS_virb4 AND NOT(T/F/I) AND >=2 FA/FATA	312	2	0	2	FATA	minimal		FATA_cd419a;FATA_prgC	171:184008..185945:-	102:123496..124662:-	176:189903..191903:-	176:189903..191903:-	none	none	none	none	163:176848..178041:-	163:176848..178041:-	none	none	none	none	322.1	MOBP1;MOBP2		no_slot_defined
NZ_CP070341.1	MPF_FA	T4SS_virb4 AND NOT(T/F/I) AND >=2 FA/FATA	100	4	3	1	FA	medium	FA_orf13;FA_orf15;FA_orf17a	FATA_cd419a	19:13404..15962:-	none	none	26:19718..22465:-	none	25:18870..19712:-	none	none	none	none	none	none	none	none	92.3	MOBC		no_slot_defined
NZ_CP070486.1	MPF_FA	T4SS_virb4 AND NOT(T/F/I) AND >=2 FA/FATA	89	2	1	1	unassigned	minimal	FA_orf14	FATA_cd419a	16:11339..13234:-	none	20:17074..19434:-	20:17074..19434:-	none	none	none	none	10:6354..7586:-	10:6354..7586:-	none	none	none	none	257.2	MOBP1;MOBP2		no_slot_defined
NZ_CP070512.1	MPF_FA	T4SS_virb4 AND NOT(T/F/I) AND >=2 FA/FATA	52	4	0	4	FATA	medium		FATA_cd419a;FATA_trsD;FATA_trsG;FATA_trsL	18:15310..17163:-	29:22894..24051:+	38:30663..32798:+	38:30663..32798:+	none	none	none	none	none	none	none	37:28713..30644:+	none	none	293.4	MOBQ		no_slot_defined
NZ_CP070845.1	MPF_FA	T4SS_virb4 AND NOT(T/F/I) AND >=2 FA/FATA	89	2	1	1	unassigned	minimal	FA_orf14	FATA_cd419a	16:11339..13234:-	none	20:17074..19434:-	20:17074..19434:-	none	none	none	none	10:6354..7586:-	10:6354..7586:-	none	none	none	none	257.2	MOBP1;MOBP2		no_slot_defined
NZ_CP071181.1	MPF_FA	T4SS_virb4 AND NOT(T/F/I) AND >=2 FA/FATA	61	2	0	2	FATA	minimal		FATA_cd419a;FATA_trsG	37:28099..30045:-	none	44:33605..35929:-	44:33605..35929:-	none	none	none	none	30:21938..23284:-	30:21938..23284:-	none	none	none	none	265.3	MOBP1;MOBP2		no_slot_defined
NZ_CP071277.1	MPF_FA	T4SS_virb4 AND NOT(T/F/I) AND >=2 FA/FATA	87	2	1	1	unassigned	minimal	FA_orf14	FATA_cd419a	60:41221..43116:-	none	65:46955..49315:-	65:46955..49315:-	none	none	none	none	54:36236..37468:-	54:36236..37468:-	none	none	none	none	257.2	MOBP1;MOBP2		no_slot_defined
NZ_CP071286.1	MPF_FA	T4SS_virb4 AND NOT(T/F/I) AND >=2 FA/FATA	80	3	0	3	FATA	medium		FATA_cd411;FATA_prgHb;FATA_prgIc	56:54634..57009:+	none	52:51351..53120:+	52:51351..53120:+	none	none	none	none	67:66341..67873:+	none	none	none	none	6:5826..7037:+	308.7	MOBP1;MOBV		no_slot_defined
NZ_CP071474.1	MPF_FA	T4SS_virb4 AND NOT(T/F/I) AND >=2 FA/FATA	100	2	1	1	unassigned	minimal	FA_orf14	FATA_cd419a	23:19450..21384:-	48:43212..44345:-	28:25588..28206:-	28:25588..28206:-	none	47:42520..43215:-	none	none	none	17:14760..15956:-	none	none	none	none	307.4	MOBC;MOBP2	PF14729	no_slot_defined
NZ_CP071479.1	MPF_FA	T4SS_virb4 AND NOT(T/F/I) AND >=2 FA/FATA	42	7	1	6	FATA	high	FA_orf14	FATA_cd411;FATA_cd419a;FATA_prgF;FATA_prgHa;FATA_prgIa;FATA_prgIb	38:23481..25889:-	none	30:16259..18076:-	30:16259..18076:-	none	none	none	none	7:5866..7179:+	none	none	none	none	none	323.3	MOBP1		no_slot_defined
NZ_CP071710.1	MPF_FA	T4SS_virb4 AND NOT(T/F/I) AND >=2 FA/FATA	71	2	0	2	FATA	minimal		FATA_cd419a;FATA_trsL	67:55746..58136:+	none	49:36055..38190:+	49:36055..38190:+	none	none	none	none	48:35355..36047:+	none	none	none	none	none	268.6	MOBP1		no_slot_defined
NZ_CP071812.1	MPF_FA	T4SS_virb4 AND NOT(T/F/I) AND >=2 FA/FATA	437	7	6	1	FA	high	FA_orf13;FA_orf14;FA_orf15;FA_orf17a;FA_orf17b;FA_orf19	FATA_cd419a	10:14622..17144:+	55:55564..56730:+	none	1:1523..4597:+	none	334:302262..302726:-	none	none	91:84859..85461:+	91:84859..85461:+	none	none	none	none	139.1	MOBC;MOBP1;MOBP2		no_slot_defined
NZ_CP071813.1	MPF_FA	T4SS_virb4 AND NOT(T/F/I) AND >=2 FA/FATA	217	2	1	1	unassigned	minimal	FA_orf14	FATA_cd419a	185:176784..178721:-	6:5658..6839:+	190:182713..185295:-	190:182713..185295:-	none	7:6778..7392:+	none	none	180:172421..173614:-	180:172421..173614:-	none	none	none	none	329.3	MOBC;MOBP1;MOBP2		no_slot_defined
NZ_CP071972.1	MPF_FA	T4SS_virb4 AND NOT(T/F/I) AND >=2 FA/FATA	83	2	1	1	unassigned	minimal	FA_orf14	FATA_cd419a	79:59145..61040:+	none	75:53173..55533:+	75:53173..55533:+	none	none	none	none	2:1084..2316:+	2:1084..2316:+	none	none	none	none	251.7	MOBP1;MOBP2		no_slot_defined
NZ_CP072056.1	MPF_FA	T4SS_virb4 AND NOT(T/F/I) AND >=2 FA/FATA	459	3	1	2	FATA	medium	FA_orf14	FATA_cd419a;FATA_prgF	73:68240..70339:+	264:294760..295926:-	24:17825..21322:-	24:17825..21322:-	none	none	none	none	none	none	none	none	none	none	326.1			no_slot_defined
NZ_CP072062.1	MPF_FA	T4SS_virb4 AND NOT(T/F/I) AND >=2 FA/FATA	467	2	1	1	unassigned	minimal	FA_orf14	FATA_cd419a	73:68193..70292:+	273:303849..305015:-	24:17825..21322:-	24:17825..21322:-	none	none	none	none	none	none	none	none	none	none	326.0			no_slot_defined
NZ_CP072066.1	MPF_FA	T4SS_virb4 AND NOT(T/F/I) AND >=2 FA/FATA	394	3	1	2	FATA	medium	FA_orf14	FATA_cd419a;FATA_prgC	46:50132..52069:+	7:5906..7072:-	41:43580..46150:+	41:43580..46150:+	none	none	none	none	54:57977..59170:+	54:57977..59170:+	none	none	none	none	332.4	MOBP1;MOBP2		no_slot_defined
NZ_CP072067.1	MPF_FA	T4SS_virb4 AND NOT(T/F/I) AND >=2 FA/FATA	80	3	1	2	FATA	medium	FA_orf14	FATA_cd419a;FATA_prgC	58:47151..49088:-	15:9661..10851:+	63:53133..55703:-	63:53133..55703:-	none	16:10790..11407:+	none	none	52:42503..43696:-	52:42503..43696:-	none	none	none	none	335.3	MOBC;MOBP1;MOBP2		no_slot_defined
NZ_CP072121.1	MPF_FA	T4SS_virb4 AND NOT(T/F/I) AND >=2 FA/FATA	131	2	1	1	unassigned	minimal	FA_orf14	FATA_cd419a	87:63312..65210:+	none	83:57422..59782:+	83:57422..59782:+	none	none	none	none	10:5053..6285:+	10:5053..6285:+	none	none	none	none	247.2	MOBP1;MOBP2		no_slot_defined
NZ_CP072214.1	MPF_FA	T4SS_virb4 AND NOT(T/F/I) AND >=2 FA/FATA	70	2	0	2	FATA	minimal		FATA_cd419a;FATA_trsC	9:6781..9621:+	none	37:27928..29883:+	37:27928..29883:+	none	none	none	none	3:3003..4622:+	none	none	none	none	none	473.8	MOBP1		no_slot_defined
NZ_CP072225.1	MPF_FA	T4SS_virb4 AND NOT(T/F/I) AND >=2 FA/FATA	70	2	0	2	FATA	minimal		FATA_cd419a;FATA_trsC	52:44801..47641:-	none	23:24540..26495:-	23:24540..26495:-	none	none	none	none	3:3003..4622:+	none	none	none	none	none	473.8	MOBP1		no_slot_defined
NZ_CP072249.1	MPF_FA	T4SS_virb4 AND NOT(T/F/I) AND >=2 FA/FATA	60	2	0	2	FATA	minimal		FATA_cd419a;FATA_trsC	42:33737..36577:-	none	14:13459..15414:-	14:13459..15414:-	none	none	none	none	3:3003..4622:+	none	none	none	none	none	473.8	MOBP1		no_slot_defined
NZ_CP072256.1	MPF_FA	T4SS_virb4 AND NOT(T/F/I) AND >=2 FA/FATA	59	2	0	2	FATA	minimal		FATA_cd419a;FATA_trsC	41:34977..37817:-	none	12:13346..15301:-	12:13346..15301:-	none	none	none	none	2:2871..4490:+	none	none	none	none	none	475.1	MOBP1		no_slot_defined
NZ_CP072508.1	MPF_FA	T4SS_virb4 AND NOT(T/F/I) AND >=2 FA/FATA	95	6	3	3	unassigned	high	FA_orf13;FA_orf15;FA_orf17b	FATA_prgB;FATA_prgC;FATA_trsG	58:58343..60907:-	none	none	55:53383..55641:-	none	54:52075..52803:-	none	none	none	none	none	none	none	none	88.4	MOBC		no_slot_defined
NZ_CP072693.1	MPF_FA	T4SS_virb4 AND NOT(T/F/I) AND >=2 FA/FATA	155	2	1	1	unassigned	minimal	FA_orf14	FATA_cd419a	101:87610..89541:-	none	110:96140..98029:-	110:96140..98029:-	none	none	none	none	none	93:80176..81732:-	none	none	none	none	331.5	MOBP2		no_slot_defined
NZ_CP072694.1	MPF_FA	T4SS_virb4 AND NOT(T/F/I) AND >=2 FA/FATA	87	4	3	1	FA	medium	FA_orf13;FA_orf15;FA_orf17a	FATA_cd419a	35:28715..31303:+	35:28715..31303:+	none	29:22849..25797:+	none	30:25797..26651:+	none	none	0:511..1449:-	none	none	none	none	none	92.1	MOBC;MOBP1		no_slot_defined
NZ_CP072695.1	MPF_FA	T4SS_virb4 AND NOT(T/F/I) AND >=2 FA/FATA	75	5	0	5	FATA	high		FATA_cd419a;FATA_trsC;FATA_trsD;FATA_trsG;FATA_trsL	74:60182..62074:+	none	69:56561..57886:+	69:56561..57886:+	none	none	none	none	66:50718..53261:+	none	66:50718..53261:+	none	none	none	292.2	MOBP1;MOBP3		no_slot_defined
NZ_CP072770.1	MPF_FA	T4SS_virb4 AND NOT(T/F/I) AND >=2 FA/FATA	78	5	4	1	FA	high	FA_orf13;FA_orf14;FA_orf15;FA_orf17a	FATA_cd419a	25:23818..26376:-	50:48529..49692:-	none	32:29896..32664:-	none	31:29048..29890:-	none	none	none	none	none	none	none	none	98.7	MOBC		no_slot_defined
NZ_CP072775.1	MPF_FA	T4SS_virb4 AND NOT(T/F/I) AND >=2 FA/FATA	93	2	1	1	unassigned	minimal	FA_orf14	FATA_cd419a	92:72342..74276:+	none	85:64057..66690:+	85:64057..66690:+	none	none	none	none	6:4222..5778:+	6:4222..5778:+	none	none	none	none	332.3	MOBP1;MOBP2		no_slot_defined
NZ_CP072880.1	MPF_FA	T4SS_virb4 AND NOT(T/F/I) AND >=2 FA/FATA	42	5	2	3	unassigned	high	FA_orf13;FA_orf14	FATA_cd419a;FATA_trsF;FATA_trsL	7:7776..8492:+	none	13:12546..14072:+	13:12546..14072:+	none	none	none	none	none	none	none	none	none	34:32168..32464:+	118.3	MOBV		no_slot_defined
NZ_CP072885.1	MPF_FA	T4SS_virb4 AND NOT(T/F/I) AND >=2 FA/FATA	189	2	0	2	FATA	minimal		FATA_cd419_1;FATA_cd419a	21:20180..22204:+	none	16:14061..16670:+	16:14061..16670:+	none	none	none	none	28:26387..27982:+	28:26387..27982:+	none	none	none	none	257.0	MOBP1;MOBP2		no_slot_defined
NZ_CP072886.1	MPF_FA	T4SS_virb4 AND NOT(T/F/I) AND >=2 FA/FATA	62	7	6	1	FA	high	FA_orf13;FA_orf14;FA_orf15;FA_orf17a;FA_orf19;FA_orf23	FATA_cd419a	28:22138..24585:+	23:18027..19412:+	none	none	none	none	none	none	none	none	none	none	24:19590..20795:+	34:33122..33400:+	93.8	MOBT;MOBV		no_slot_defined
NZ_CP072896.1	MPF_FA	T4SS_virb4 AND NOT(T/F/I) AND >=2 FA/FATA	42	7	1	6	FATA	high	FA_orf14	FATA_prgC;FATA_trsC;FATA_trsD;FATA_trsF;FATA_trsG;FATA_trsL	4:4331..6292:-	none	none	41:35633..36415:-	none	none	none	none	8:7707..9671:-	none	none	8:7707..9671:-	none	18:14303..15391:-	261.7	MOBP1;MOBQ;MOBV		no_slot_defined
NZ_CP073071.1	MPF_FA	T4SS_virb4 AND NOT(T/F/I) AND >=2 FA/FATA	73	2	1	1	unassigned	minimal	FA_orf14	FATA_cd419a	22:19506..21461:-	none	27:25887..28718:-	27:25887..28718:-	none	none	none	none	none	13:12814..14331:-	none	none	none	none	318.6	MOBP2		no_slot_defined
NZ_CP073102.1	MPF_FA	T4SS_virb4 AND NOT(T/F/I) AND >=2 FA/FATA	56	2	1	1	unassigned	minimal	FA_orf14	FATA_cd419a	3:2681..4633:-	none	9:8245..10608:-	9:8245..10608:-	none	none	none	none	54:50672..51676:-	54:50672..51676:-	none	none	none	none	323.2	MOBP1;MOBP2		no_slot_defined
NZ_CP073103.1	MPF_FA	T4SS_virb4 AND NOT(T/F/I) AND >=2 FA/FATA	73	2	1	1	unassigned	minimal	FA_orf14	FATA_cd419a	5:3654..5606:+	none	72:71174..73537:+	72:71174..73537:+	none	none	none	none	10:8599..9753:+	10:8599..9753:+	none	none	none	none	323.5	MOBP1;MOBP2		no_slot_defined
NZ_CP073267.1	MPF_FA	T4SS_virb4 AND NOT(T/F/I) AND >=2 FA/FATA	83	2	0	2	FATA	minimal		FATA_cd419a;FATA_prgB	68:64939..66891:+	none	55:49911..52619:+	55:49911..52619:+	none	none	none	none	none	81:74304..76493:+	none	none	none	none	180.8	MOBP2		no_slot_defined
NZ_CP074103.1	MPF_FA	T4SS_virb4 AND NOT(T/F/I) AND >=2 FA/FATA	529	2	1	1	unassigned	minimal	FA_orf17a	FATA_cd419a	10:9495..12101:+	none	none	15:17495..19981:+	none	16:19978..20994:+	none	none	none	none	none	none	none	none	81.7	MOBC		no_slot_defined
NZ_CP074421.1	MPF_FA	T4SS_virb4 AND NOT(T/F/I) AND >=2 FA/FATA	63	5	0	5	FATA	high		FATA_trsC;FATA_trsD;FATA_trsF;FATA_trsJ;FATA_trsL	53:40716..41228:-	none	48:36421..36687:-	47:35175..36434:-	none	none	none	none	62:46563..47201:-	none	none	62:46563..47201:-	none	none	87.6	MOBP1;MOBQ		no_slot_defined
NZ_CP074686.1	MPF_FA	T4SS_virb4 AND NOT(T/F/I) AND >=2 FA/FATA	27	6	5	1	FA	high	FA_orf13;FA_orf14;FA_orf15;FA_orf17b;FA_orf23	FATA_cd419a	6:6425..8818:-	17:13795..15237:-	none	none	none	none	none	none	none	none	none	none	16:12744..13802:-	none	91.4	MOBT	PF14729	no_slot_defined
NZ_CP075331.1	MPF_FA	T4SS_virb4 AND NOT(T/F/I) AND >=2 FA/FATA	22	5	4	1	FA	high	FA_orf13;FA_orf14;FA_orf15;FA_orf17b	FATA_cd419a	7:3850..6177:+	7:3850..6177:+	none	19:15540..17555:+	none	18:14897..15571:+	none	none	none	none	none	none	none	none	78.8	MOBC		no_slot_defined
NZ_CP075560.1	MPF_FA	T4SS_virb4 AND NOT(T/F/I) AND >=2 FA/FATA	86	8	0	8	FATA	high		FATA_cd419a;FATA_prgB;FATA_prgC;FATA_prgF;FATA_prgHb;FATA_prgIc;FATA_prgK;FATA_prgL	9:7847..10237:+	none	18:16437..18266:+	18:16437..18266:+	none	none	none	none	22:21383..23068:+	none	none	none	none	none	292.1	MOBP1		no_slot_defined
NZ_CP075605.1	MPF_FA	T4SS_virb4 AND NOT(T/F/I) AND >=2 FA/FATA	94	4	3	1	FA	medium	FA_orf13;FA_orf15;FA_orf17b	FATA_trsG	20:15680..18244:+	none	23:20946..23204:+	23:20946..23204:+	none	24:23726..24511:+	none	none	none	none	none	none	none	76:60195..61955:-	89.8	MOBC;MOBV		no_slot_defined
NZ_CP075606.1	MPF_FA	T4SS_virb4 AND NOT(T/F/I) AND >=2 FA/FATA	79	2	1	1	unassigned	minimal	FA_orf14	FATA_prgB	50:36756..39311:-	none	53:41820..44351:-	53:41820..44351:-	none	none	none	none	40:28923..30983:-	40:28923..30983:-	none	none	none	none	147.6	MOBP1;MOBP2		no_slot_defined
NZ_CP075898.1	MPF_FA	T4SS_virb4 AND NOT(T/F/I) AND >=2 FA/FATA	123	2	1	1	unassigned	minimal	FA_orf14	FATA_cd419a	18:14346..16289:-	none	24:19897..22269:-	24:19897..22269:-	none	none	none	none	12:9700..10860:-	12:9700..10860:-	none	none	none	none	328.3	MOBP1;MOBP2		no_slot_defined
NZ_CP075899.1	MPF_FA	T4SS_virb4 AND NOT(T/F/I) AND >=2 FA/FATA	48	2	1	1	unassigned	minimal	FA_orf14	FATA_cd419a	2:1731..3224:-	none	8:6849..9287:-	8:6849..9287:-	none	none	none	none	45:40647..41807:-	45:40647..41807:-	none	none	none	none	244.4	MOBP1;MOBP2		no_slot_defined
NZ_CP075901.1	MPF_FA	T4SS_virb4 AND NOT(T/F/I) AND >=2 FA/FATA	92	4	0	4	FATA	medium		FATA_cd419a;FATA_trsC;FATA_trsD;FATA_trsG	39:35751..37667:+	none	29:23712..26093:-	29:23712..26093:-	none	none	none	none	none	none	none	30:26112..29252:-	none	none	220.0	MOBQ		no_slot_defined
NZ_CP075918.1	MPF_FA	T4SS_virb4 AND NOT(T/F/I) AND >=2 FA/FATA	87	3	2	1	FA	medium	FA_orf17a;FA_orf17b	FATA_cd419a	4:5184..7706:-	10:9965..11554:-	none	none	none	none	none	none	none	none	none	none	none	none	85.7			no_slot_defined
NZ_CP075923.1	MPF_FA	T4SS_virb4 AND NOT(T/F/I) AND >=2 FA/FATA	86	2	1	1	unassigned	minimal	FA_orf17a	FATA_cd419a	52:44017..46539:+	47:40367..41965:+	none	none	none	none	none	none	none	none	none	none	none	none	85.7			no_slot_defined
NZ_CP075928.1	MPF_FA	T4SS_virb4 AND NOT(T/F/I) AND >=2 FA/FATA	87	3	2	1	FA	medium	FA_orf17a;FA_orf17b	FATA_cd419a	68:55200..57722:+	62:51352..52941:+	none	none	none	none	none	none	none	none	none	none	none	none	85.7			no_slot_defined
NZ_CP075935.1	MPF_FA	T4SS_virb4 AND NOT(T/F/I) AND >=2 FA/FATA	152	2	0	2	FATA	minimal		FATA_cd419a;FATA_gbs1369	93:70120..72825:+	none	100:80162..83299:+	100:80162..83299:+	none	none	none	none	none	none	none	none	none	none	259.7			no_slot_defined
NZ_CP075936.1	MPF_FA	T4SS_virb4 AND NOT(T/F/I) AND >=2 FA/FATA	80	3	2	1	FA	medium	FA_orf17a;FA_orf17b	FATA_cd419a	75:61894..64416:+	69:58046..59635:+	none	none	none	none	none	none	none	none	none	none	none	none	85.2			no_slot_defined
NZ_CP075937.1	MPF_FA	T4SS_virb4 AND NOT(T/F/I) AND >=2 FA/FATA	59	2	1	1	unassigned	minimal	FA_orf17a	FATA_cd419a	13:13911..16433:-	18:18485..20074:-	none	none	none	39:34815..35387:-	none	none	none	none	none	none	none	none	85.7	MOBC		no_slot_defined
NZ_CP075954.1	MPF_FA	T4SS_virb4 AND NOT(T/F/I) AND >=2 FA/FATA	87	3	2	1	FA	medium	FA_orf17a;FA_orf17b	FATA_cd419a	13:7686..10208:+	7:3838..5427:+	none	none	none	none	none	none	none	none	none	none	none	none	85.7			no_slot_defined
NZ_CP075989.1	MPF_FA	T4SS_virb4 AND NOT(T/F/I) AND >=2 FA/FATA	87	3	2	1	FA	medium	FA_orf17a;FA_orf17b	FATA_cd419a	34:28200..30722:+	28:24352..25941:+	none	none	none	none	none	none	none	none	none	none	none	none	85.7			no_slot_defined
NZ_CP075993.1	MPF_FA	T4SS_virb4 AND NOT(T/F/I) AND >=2 FA/FATA	61	3	2	1	FA	medium	FA_orf17a;FA_orf17b	FATA_cd419a	41:29024..31546:+	35:25176..26765:+	none	none	none	none	none	none	none	none	none	none	none	none	85.7			no_slot_defined
NZ_CP075994.1	MPF_FA	T4SS_virb4 AND NOT(T/F/I) AND >=2 FA/FATA	64	3	2	1	FA	medium	FA_orf17a;FA_orf17b	FATA_cd419a	31:30210..32732:+	27:26737..28320:+	none	none	none	none	none	none	none	none	none	none	none	none	83.0			no_slot_defined
NZ_CP076002.1	MPF_FA	T4SS_virb4 AND NOT(T/F/I) AND >=2 FA/FATA	87	3	2	1	FA	medium	FA_orf17a;FA_orf17b	FATA_cd419a	69:62339..64861:-	75:67120..68709:-	none	none	none	none	none	none	none	none	none	none	none	none	85.7			no_slot_defined
NZ_CP076139.1	MPF_FA	T4SS_virb4 AND NOT(T/F/I) AND >=2 FA/FATA	189	3	1	2	FATA	medium	FA_orf14	FATA_cd419a;FATA_prgF	92:89472..91571:+	none	56:52146..55475:-	56:52146..55475:-	none	none	none	none	none	none	none	none	none	none	324.3			no_slot_defined
NZ_CP076140.1	MPF_FA	T4SS_virb4 AND NOT(T/F/I) AND >=2 FA/FATA	106	2	1	1	unassigned	minimal	FA_orf14	FATA_cd419a	31:26959..28893:+	none	24:19903..21738:+	24:19903..21738:+	none	none	none	none	none	38:33102..34658:+	none	none	none	none	345.1	MOBP2		no_slot_defined
NZ_CP076142.1	MPF_FA	T4SS_virb4 AND NOT(T/F/I) AND >=2 FA/FATA	190	2	0	2	FATA	minimal		FATA_cd419a;FATA_prgF	92:89459..91558:+	none	56:52144..55473:-	56:52144..55473:-	none	none	none	none	none	none	none	none	none	none	324.3			no_slot_defined
NZ_CP076143.1	MPF_FA	T4SS_virb4 AND NOT(T/F/I) AND >=2 FA/FATA	105	2	1	1	unassigned	minimal	FA_orf14	FATA_cd419a	31:26959..28893:+	none	24:19903..21738:+	24:19903..21738:+	none	none	none	none	none	38:33102..34658:+	none	none	none	none	344.9	MOBP2		no_slot_defined
NZ_CP076145.1	MPF_FA	T4SS_virb4 AND NOT(T/F/I) AND >=2 FA/FATA	106	2	1	1	unassigned	minimal	FA_orf14	FATA_cd419a	31:26959..28893:+	none	24:19903..21738:+	24:19903..21738:+	none	none	none	none	none	38:33102..34658:+	none	none	none	none	345.1	MOBP2		no_slot_defined
NZ_CP076147.1	MPF_FA	T4SS_virb4 AND NOT(T/F/I) AND >=2 FA/FATA	104	2	1	1	unassigned	minimal	FA_orf14	FATA_cd419a	30:26959..28893:+	none	24:19903..21672:+	25:21739..22557:+	none	none	none	none	none	37:33102..34658:+	none	none	none	none	345.1	MOBP2		no_slot_defined
NZ_CP076149.1	MPF_FA	T4SS_virb4 AND NOT(T/F/I) AND >=2 FA/FATA	190	2	0	2	FATA	minimal		FATA_cd419a;FATA_prgF	92:89458..91557:+	none	56:52144..55473:-	56:52144..55473:-	none	none	none	none	none	none	none	none	none	none	324.3			no_slot_defined
NZ_CP076150.1	MPF_FA	T4SS_virb4 AND NOT(T/F/I) AND >=2 FA/FATA	105	2	1	1	unassigned	minimal	FA_orf14	FATA_cd419a	31:26959..28893:+	none	24:19903..21738:+	24:19903..21738:+	none	none	none	none	none	38:33102..34658:+	none	none	none	none	345.1	MOBP2		no_slot_defined
NZ_CP076152.1	MPF_FA	T4SS_virb4 AND NOT(T/F/I) AND >=2 FA/FATA	190	2	0	2	FATA	minimal		FATA_cd419a;FATA_prgF	92:89458..91557:+	none	56:52144..55473:-	56:52144..55473:-	none	none	none	none	none	none	none	none	none	none	324.3			no_slot_defined
NZ_CP076153.1	MPF_FA	T4SS_virb4 AND NOT(T/F/I) AND >=2 FA/FATA	105	2	1	1	unassigned	minimal	FA_orf14	FATA_cd419a	31:26959..28893:+	none	24:19903..21738:+	24:19903..21738:+	none	none	none	none	none	38:33102..34658:+	none	none	none	none	345.1	MOBP2		no_slot_defined
NZ_CP076155.1	MPF_FA	T4SS_virb4 AND NOT(T/F/I) AND >=2 FA/FATA	190	2	0	2	FATA	minimal		FATA_cd419a;FATA_prgF	92:89458..91557:+	none	56:52144..55473:-	56:52144..55473:-	none	none	none	none	none	none	none	none	none	none	324.3			no_slot_defined
NZ_CP076156.1	MPF_FA	T4SS_virb4 AND NOT(T/F/I) AND >=2 FA/FATA	105	2	1	1	unassigned	minimal	FA_orf14	FATA_cd419a	31:26959..28893:+	none	24:19903..21738:+	24:19903..21738:+	none	none	none	none	none	38:33102..34658:+	none	none	none	none	345.1	MOBP2		no_slot_defined
NZ_CP076158.1	MPF_FA	T4SS_virb4 AND NOT(T/F/I) AND >=2 FA/FATA	190	2	0	2	FATA	minimal		FATA_cd419a;FATA_prgF	92:89459..91558:+	none	56:52144..55473:-	56:52144..55473:-	none	none	none	none	none	none	none	none	none	none	324.3			no_slot_defined
NZ_CP076159.1	MPF_FA	T4SS_virb4 AND NOT(T/F/I) AND >=2 FA/FATA	105	2	1	1	unassigned	minimal	FA_orf14	FATA_cd419a	31:26959..28893:+	none	24:19903..21738:+	24:19903..21738:+	none	none	none	none	none	38:33102..34658:+	none	none	none	none	344.9	MOBP2		no_slot_defined
NZ_CP076161.1	MPF_FA	T4SS_virb4 AND NOT(T/F/I) AND >=2 FA/FATA	189	3	1	2	FATA	medium	FA_orf14	FATA_cd419a;FATA_prgF	92:89472..91571:+	none	56:52145..55474:-	56:52145..55474:-	none	none	none	none	none	none	none	none	none	none	324.3			no_slot_defined
NZ_CP076162.1	MPF_FA	T4SS_virb4 AND NOT(T/F/I) AND >=2 FA/FATA	104	2	1	1	unassigned	minimal	FA_orf14	FATA_cd419a	31:26959..28893:+	none	24:19903..21738:+	24:19903..21738:+	none	none	none	none	none	38:33102..34658:+	none	none	none	none	345.1	MOBP2		no_slot_defined
NZ_CP076165.1	MPF_FA	T4SS_virb4 AND NOT(T/F/I) AND >=2 FA/FATA	190	3	1	2	FATA	medium	FA_orf14	FATA_cd419a;FATA_prgF	92:89461..91560:+	none	56:52146..55475:-	56:52146..55475:-	none	none	none	none	none	none	none	none	none	none	324.3			no_slot_defined
NZ_CP076166.1	MPF_FA	T4SS_virb4 AND NOT(T/F/I) AND >=2 FA/FATA	105	2	1	1	unassigned	minimal	FA_orf14	FATA_cd419a	31:26959..28893:+	none	24:19903..21738:+	24:19903..21738:+	none	none	none	none	none	38:33102..34658:+	none	none	none	none	345.1	MOBP2		no_slot_defined
NZ_CP076168.1	MPF_FA	T4SS_virb4 AND NOT(T/F/I) AND >=2 FA/FATA	189	3	1	2	FATA	medium	FA_orf14	FATA_cd419a;FATA_prgF	92:89461..91560:+	none	56:52146..55475:-	56:52146..55475:-	none	none	none	none	none	none	none	none	none	none	324.3			no_slot_defined
NZ_CP076169.1	MPF_FA	T4SS_virb4 AND NOT(T/F/I) AND >=2 FA/FATA	105	2	1	1	unassigned	minimal	FA_orf14	FATA_cd419a	31:26959..28893:+	none	24:19903..21738:+	24:19903..21738:+	none	none	none	none	none	38:33102..34658:+	none	none	none	none	345.1	MOBP2		no_slot_defined
NZ_CP076171.1	MPF_FA	T4SS_virb4 AND NOT(T/F/I) AND >=2 FA/FATA	190	3	1	2	FATA	medium	FA_orf14	FATA_cd419a;FATA_prgF	92:89461..91560:+	none	56:52146..55475:-	56:52146..55475:-	none	none	none	none	none	none	none	none	none	none	324.3			no_slot_defined
NZ_CP076172.1	MPF_FA	T4SS_virb4 AND NOT(T/F/I) AND >=2 FA/FATA	105	2	1	1	unassigned	minimal	FA_orf14	FATA_cd419a	31:26959..28893:+	none	24:19903..21738:+	24:19903..21738:+	none	none	none	none	none	38:33102..34658:+	none	none	none	none	345.1	MOBP2		no_slot_defined
NZ_CP076174.1	MPF_FA	T4SS_virb4 AND NOT(T/F/I) AND >=2 FA/FATA	189	3	1	2	FATA	medium	FA_orf14	FATA_cd419a;FATA_prgF	92:89472..91571:+	none	56:52146..55475:-	56:52146..55475:-	none	none	none	none	none	none	none	none	none	none	324.3			no_slot_defined
NZ_CP076175.1	MPF_FA	T4SS_virb4 AND NOT(T/F/I) AND >=2 FA/FATA	106	2	1	1	unassigned	minimal	FA_orf14	FATA_cd419a	31:26959..28893:+	none	24:19903..21738:+	24:19903..21738:+	none	none	none	none	none	38:33102..34658:+	none	none	none	none	345.1	MOBP2		no_slot_defined
NZ_CP076177.1	MPF_FA	T4SS_virb4 AND NOT(T/F/I) AND >=2 FA/FATA	105	2	1	1	unassigned	minimal	FA_orf14	FATA_cd419a	31:26959..28893:+	none	24:19903..21738:+	24:19903..21738:+	none	none	none	none	none	38:33102..34658:+	none	none	none	none	345.1	MOBP2		no_slot_defined
NZ_CP076179.1	MPF_FA	T4SS_virb4 AND NOT(T/F/I) AND >=2 FA/FATA	190	2	0	2	FATA	minimal		FATA_cd419a;FATA_prgF	92:89458..91557:+	none	56:52144..55473:-	56:52144..55473:-	none	none	none	none	none	none	none	none	none	none	324.3			no_slot_defined
NZ_CP076180.1	MPF_FA	T4SS_virb4 AND NOT(T/F/I) AND >=2 FA/FATA	105	2	1	1	unassigned	minimal	FA_orf14	FATA_cd419a	31:26959..28893:+	none	24:19903..21738:+	24:19903..21738:+	none	none	none	none	none	38:33102..34658:+	none	none	none	none	345.1	MOBP2		no_slot_defined
NZ_CP076182.1	MPF_FA	T4SS_virb4 AND NOT(T/F/I) AND >=2 FA/FATA	190	2	0	2	FATA	minimal		FATA_cd419a;FATA_prgF	92:89459..91558:+	none	56:52144..55473:-	56:52144..55473:-	none	none	none	none	none	none	none	none	none	none	324.3			no_slot_defined
NZ_CP076183.1	MPF_FA	T4SS_virb4 AND NOT(T/F/I) AND >=2 FA/FATA	105	2	1	1	unassigned	minimal	FA_orf14	FATA_cd419a	31:26959..28893:+	none	24:19903..21738:+	24:19903..21738:+	none	none	none	none	none	38:33102..34658:+	none	none	none	none	344.9	MOBP2		no_slot_defined
NZ_CP076185.1	MPF_FA	T4SS_virb4 AND NOT(T/F/I) AND >=2 FA/FATA	190	2	0	2	FATA	minimal		FATA_cd419a;FATA_prgF	92:89459..91558:+	none	56:52144..55473:-	56:52144..55473:-	none	none	none	none	none	none	none	none	none	none	324.3			no_slot_defined
NZ_CP076186.1	MPF_FA	T4SS_virb4 AND NOT(T/F/I) AND >=2 FA/FATA	105	2	1	1	unassigned	minimal	FA_orf14	FATA_cd419a	31:26959..28893:+	none	24:19903..21738:+	24:19903..21738:+	none	none	none	none	none	38:33102..34658:+	none	none	none	none	344.9	MOBP2		no_slot_defined
NZ_CP076188.1	MPF_FA	T4SS_virb4 AND NOT(T/F/I) AND >=2 FA/FATA	190	3	1	2	FATA	medium	FA_orf14	FATA_cd419a;FATA_prgF	92:89741..91840:+	none	55:52168..55497:-	55:52168..55497:-	none	none	none	none	none	none	none	none	none	none	324.3			no_slot_defined
NZ_CP076189.1	MPF_FA	T4SS_virb4 AND NOT(T/F/I) AND >=2 FA/FATA	107	2	1	1	unassigned	minimal	FA_orf14	FATA_cd419a	30:26889..28823:+	none	23:19905..21740:+	23:19905..21740:+	none	none	none	none	none	39:33030..34586:+	none	none	none	none	345.1	MOBP2		no_slot_defined
NZ_CP076191.1	MPF_FA	T4SS_virb4 AND NOT(T/F/I) AND >=2 FA/FATA	106	2	1	1	unassigned	minimal	FA_orf14	FATA_cd419a	31:26878..28812:+	none	24:19903..21738:+	24:19903..21738:+	none	none	none	none	none	38:33021..34577:+	none	none	none	none	345.1	MOBP2		no_slot_defined
NZ_CP076193.1	MPF_FA	T4SS_virb4 AND NOT(T/F/I) AND >=2 FA/FATA	189	3	1	2	FATA	medium	FA_orf14	FATA_cd419a;FATA_prgF	92:89459..91558:+	none	56:52144..55473:-	56:52144..55473:-	none	none	none	none	none	none	none	none	none	none	324.3			no_slot_defined
NZ_CP076194.1	MPF_FA	T4SS_virb4 AND NOT(T/F/I) AND >=2 FA/FATA	105	2	1	1	unassigned	minimal	FA_orf14	FATA_cd419a	31:26959..28893:+	none	24:19903..21738:+	24:19903..21738:+	none	none	none	none	none	38:33102..34658:+	none	none	none	none	345.1	MOBP2		no_slot_defined
NZ_CP076196.1	MPF_FA	T4SS_virb4 AND NOT(T/F/I) AND >=2 FA/FATA	190	3	1	2	FATA	medium	FA_orf14	FATA_cd419a;FATA_prgF	92:89468..91567:+	none	56:52166..55495:-	56:52166..55495:-	none	none	none	none	none	none	none	none	none	none	325.1			no_slot_defined
NZ_CP076197.1	MPF_FA	T4SS_virb4 AND NOT(T/F/I) AND >=2 FA/FATA	105	2	1	1	unassigned	minimal	FA_orf14	FATA_cd419a	31:26958..28892:+	none	24:19902..21737:+	24:19902..21737:+	none	none	none	none	none	38:33101..34657:+	none	none	none	none	345.1	MOBP2		no_slot_defined
NZ_CP076199.1	MPF_FA	T4SS_virb4 AND NOT(T/F/I) AND >=2 FA/FATA	190	3	1	2	FATA	medium	FA_orf14	FATA_cd419a;FATA_prgF	92:89334..91433:+	none	56:52032..55361:-	56:52032..55361:-	none	none	none	none	none	none	none	none	none	none	325.1			no_slot_defined
NZ_CP076200.1	MPF_FA	T4SS_virb4 AND NOT(T/F/I) AND >=2 FA/FATA	106	2	1	1	unassigned	minimal	FA_orf14	FATA_cd419a	31:26958..28892:+	none	24:19902..21737:+	24:19902..21737:+	none	none	none	none	none	38:33100..34656:+	none	none	none	none	345.1	MOBP2		no_slot_defined
NZ_CP076202.1	MPF_FA	T4SS_virb4 AND NOT(T/F/I) AND >=2 FA/FATA	187	3	1	2	FATA	medium	FA_orf14	FATA_cd419a;FATA_prgF	94:92164..94263:+	none	57:54651..57980:-	57:54651..57980:-	none	none	none	none	none	none	none	none	none	none	324.3			no_slot_defined
NZ_CP076203.1	MPF_FA	T4SS_virb4 AND NOT(T/F/I) AND >=2 FA/FATA	105	2	1	1	unassigned	minimal	FA_orf14	FATA_cd419a	29:26814..28748:+	none	22:19910..21727:+	23:21748..22566:+	none	none	none	none	none	36:32965..34521:+	none	none	none	none	345.1	MOBP2		no_slot_defined
NZ_CP076205.1	MPF_FA	T4SS_virb4 AND NOT(T/F/I) AND >=2 FA/FATA	189	3	1	2	FATA	medium	FA_orf14	FATA_cd419a;FATA_prgF	92:89461..91560:+	none	56:52146..55475:-	56:52146..55475:-	none	none	none	none	none	none	none	none	none	none	324.3			no_slot_defined
NZ_CP076206.1	MPF_FA	T4SS_virb4 AND NOT(T/F/I) AND >=2 FA/FATA	105	2	1	1	unassigned	minimal	FA_orf14	FATA_cd419a	31:26959..28893:+	none	24:19903..21738:+	24:19903..21738:+	none	none	none	none	none	38:33102..34658:+	none	none	none	none	345.1	MOBP2		no_slot_defined
NZ_CP076208.1	MPF_FA	T4SS_virb4 AND NOT(T/F/I) AND >=2 FA/FATA	188	3	1	2	FATA	medium	FA_orf14	FATA_cd419a;FATA_prgF	91:89472..91571:+	none	55:52157..55486:-	55:52157..55486:-	none	none	none	none	none	none	none	none	none	none	324.3			no_slot_defined
NZ_CP076209.1	MPF_FA	T4SS_virb4 AND NOT(T/F/I) AND >=2 FA/FATA	105	2	1	1	unassigned	minimal	FA_orf14	FATA_cd419a	31:26959..28893:+	none	24:19903..21738:+	24:19903..21738:+	none	none	none	none	none	38:33102..34658:+	none	none	none	none	345.1	MOBP2		no_slot_defined
NZ_CP076211.1	MPF_FA	T4SS_virb4 AND NOT(T/F/I) AND >=2 FA/FATA	192	3	1	2	FATA	medium	FA_orf14	FATA_cd419a;FATA_prgF	93:89428..91527:+	none	57:52115..55444:-	57:52115..55444:-	none	none	none	none	none	none	none	none	none	none	325.1			no_slot_defined
NZ_CP076212.1	MPF_FA	T4SS_virb4 AND NOT(T/F/I) AND >=2 FA/FATA	107	2	1	1	unassigned	minimal	FA_orf14	FATA_cd419a	32:26959..28893:+	none	25:19903..21738:+	25:19903..21738:+	none	none	none	none	none	39:33102..34658:+	none	none	none	none	345.1	MOBP2		no_slot_defined
NZ_CP076214.1	MPF_FA	T4SS_virb4 AND NOT(T/F/I) AND >=2 FA/FATA	191	3	1	2	FATA	medium	FA_orf14	FATA_cd419a;FATA_prgF	93:89464..91563:+	none	56:52146..55475:-	56:52146..55475:-	none	none	none	none	none	none	none	none	none	none	324.3			no_slot_defined
NZ_CP076215.1	MPF_FA	T4SS_virb4 AND NOT(T/F/I) AND >=2 FA/FATA	107	2	1	1	unassigned	minimal	FA_orf14	FATA_cd419a	31:26959..28893:+	none	24:19903..21738:+	24:19903..21738:+	none	none	none	none	none	38:33102..34658:+	none	none	none	none	345.1	MOBP2		no_slot_defined
NZ_CP076217.1	MPF_FA	T4SS_virb4 AND NOT(T/F/I) AND >=2 FA/FATA	192	3	1	2	FATA	medium	FA_orf14	FATA_cd419a;FATA_prgF	93:89737..91089:+	none	56:52158..55487:-	56:52158..55487:-	none	none	none	none	none	none	none	none	none	none	181.5			no_slot_defined
NZ_CP076218.1	MPF_FA	T4SS_virb4 AND NOT(T/F/I) AND >=2 FA/FATA	108	2	1	1	unassigned	minimal	FA_orf14	FATA_cd419a	31:26899..28833:+	none	23:19906..21741:+	23:19906..21741:+	none	none	none	none	none	40:33040..34596:+	none	none	none	none	345.1	MOBP2		no_slot_defined
NZ_CP076220.1	MPF_FA	T4SS_virb4 AND NOT(T/F/I) AND >=2 FA/FATA	191	3	1	2	FATA	medium	FA_orf14	FATA_cd419a;FATA_prgF	93:89733..91832:+	none	56:52155..55484:-	56:52155..55484:-	none	none	none	none	none	none	none	none	none	none	324.3			no_slot_defined
NZ_CP076221.1	MPF_FA	T4SS_virb4 AND NOT(T/F/I) AND >=2 FA/FATA	109	2	1	1	unassigned	minimal	FA_orf14	FATA_cd419a	32:26896..28830:+	none	24:19903..21738:+	24:19903..21738:+	none	none	none	none	none	41:33037..34593:+	none	none	none	none	345.1	MOBP2		no_slot_defined
NZ_CP076223.1	MPF_FA	T4SS_virb4 AND NOT(T/F/I) AND >=2 FA/FATA	191	3	1	2	FATA	medium	FA_orf14	FATA_cd419a;FATA_prgF	92:89467..91566:+	none	56:52164..55493:-	56:52164..55493:-	none	none	none	none	none	none	none	none	none	none	324.3			no_slot_defined
NZ_CP076224.1	MPF_FA	T4SS_virb4 AND NOT(T/F/I) AND >=2 FA/FATA	108	2	1	1	unassigned	minimal	FA_orf14	FATA_cd419a	32:26957..28891:+	none	25:19902..21737:+	25:19902..21737:+	none	none	none	none	none	39:33100..34656:+	none	none	none	none	345.1	MOBP2		no_slot_defined
NZ_CP076226.1	MPF_FA	T4SS_virb4 AND NOT(T/F/I) AND >=2 FA/FATA	189	3	1	2	FATA	medium	FA_orf14	FATA_cd419a;FATA_prgF	92:89480..91579:+	none	56:52164..55493:-	56:52164..55493:-	none	none	none	none	none	none	none	none	none	none	324.3			no_slot_defined
NZ_CP076227.1	MPF_FA	T4SS_virb4 AND NOT(T/F/I) AND >=2 FA/FATA	106	2	1	1	unassigned	minimal	FA_orf14	FATA_cd419a	31:26958..28892:+	none	24:19902..21737:+	24:19902..21737:+	none	none	none	none	none	38:33101..34657:+	none	none	none	none	345.1	MOBP2		no_slot_defined
NZ_CP076410.1	MPF_FA	T4SS_virb4 AND NOT(T/F/I) AND >=2 FA/FATA	90	2	1	1	unassigned	minimal	FA_orf14	FATA_cd419a	25:18177..20072:-	none	29:23912..26272:-	29:23912..26272:-	none	none	none	none	19:13192..14424:-	19:13192..14424:-	none	none	none	none	257.2	MOBP1;MOBP2		no_slot_defined
NZ_CP076452.1	MPF_FA	T4SS_virb4 AND NOT(T/F/I) AND >=2 FA/FATA	78	2	1	1	unassigned	minimal	FA_orf14	FATA_cd419a	32:29090..30985:+	none	28:23118..25478:+	28:23118..25478:+	none	none	none	none	38:34657..35889:+	38:34657..35889:+	none	none	none	none	251.6	MOBP1;MOBP2		no_slot_defined
NZ_CP076489.1	MPF_FA	T4SS_virb4 AND NOT(T/F/I) AND >=2 FA/FATA	141	3	3	0	FA	medium	FA_orf13;FA_orf15;FA_orf17b		4:6754..9318:-	none	none	1:1796..4054:-	none	0:489..1274:-	none	none	none	none	none	none	none	none	90.5	MOBC		no_slot_defined
NZ_CP076490.1	MPF_FA	T4SS_virb4 AND NOT(T/F/I) AND >=2 FA/FATA	58	5	2	3	unassigned	high	FA_orf13;FA_orf15	FATA_prgB;FATA_prgC;FATA_trsG	33:28764..31250:-	none	29:23501..25696:-	29:23501..25696:-	none	27:21587..22381:-	none	none	none	none	none	none	none	none	93.8	MOBC		no_slot_defined
NZ_CP076491.1	MPF_FA	T4SS_virb4 AND NOT(T/F/I) AND >=2 FA/FATA	60	8	0	8	FATA	high		FATA_cd419a;FATA_prgB;FATA_prgC;FATA_prgF;FATA_prgHb;FATA_prgIc;FATA_prgK;FATA_prgL	9:6745..9135:+	none	15:13882..15711:+	15:13882..15711:+	none	none	none	none	19:18829..20514:+	none	none	none	none	none	292.1	MOBP1		no_slot_defined
NZ_CP076494.1	MPF_FA	T4SS_virb4 AND NOT(T/F/I) AND >=2 FA/FATA	144	3	3	0	FA	medium	FA_orf13;FA_orf15;FA_orf17b		61:51034..53598:-	none	58:46964..48334:-	57:46075..46905:-	none	56:44768..45553:-	none	none	none	none	none	none	none	none	90.5	MOBC		no_slot_defined
NZ_CP076495.1	MPF_FA	T4SS_virb4 AND NOT(T/F/I) AND >=2 FA/FATA	58	5	2	3	unassigned	high	FA_orf13;FA_orf15	FATA_prgB;FATA_prgC;FATA_trsG	33:28788..31274:-	none	29:23525..25720:-	29:23525..25720:-	none	27:21611..22405:-	none	none	none	none	none	none	none	none	93.8	MOBC		no_slot_defined
NZ_CP076496.1	MPF_FA	T4SS_virb4 AND NOT(T/F/I) AND >=2 FA/FATA	61	8	0	8	FATA	high		FATA_cd419a;FATA_prgB;FATA_prgC;FATA_prgF;FATA_prgHb;FATA_prgIc;FATA_prgK;FATA_prgL	9:7828..10218:+	none	15:14965..16794:+	15:14965..16794:+	none	none	none	none	19:19912..20547:+	none	none	none	none	none	292.1	MOBP1		no_slot_defined
NZ_CP076499.1	MPF_FA	T4SS_virb4 AND NOT(T/F/I) AND >=2 FA/FATA	141	3	3	0	FA	medium	FA_orf13;FA_orf15;FA_orf17b		83:69258..71822:+	none	none	86:74522..76780:+	none	87:77302..78087:+	none	none	none	none	none	none	none	none	90.5	MOBC		no_slot_defined
NZ_CP076500.1	MPF_FA	T4SS_virb4 AND NOT(T/F/I) AND >=2 FA/FATA	58	5	2	3	unassigned	high	FA_orf13;FA_orf15	FATA_prgB;FATA_prgC;FATA_trsG	13:10527..13013:+	none	17:16081..18276:+	17:16081..18276:+	none	19:19396..20190:+	none	none	none	none	none	none	none	none	93.8	MOBC		no_slot_defined
NZ_CP076501.1	MPF_FA	T4SS_virb4 AND NOT(T/F/I) AND >=2 FA/FATA	59	8	0	8	FATA	high		FATA_cd419a;FATA_prgB;FATA_prgC;FATA_prgF;FATA_prgHb;FATA_prgIc;FATA_prgK;FATA_prgL	12:12217..14607:-	none	6:5641..7470:-	6:5641..7470:-	none	none	none	none	2:838..2523:-	none	none	none	none	none	292.1	MOBP1		no_slot_defined
NZ_CP076533.1	MPF_FA	T4SS_virb4 AND NOT(T/F/I) AND >=2 FA/FATA	30	3	2	1	FA	medium	FA_orf13;FA_orf15	FATA_cd419a	0:1..2613:+	none	none	none	none	none	none	none	none	none	none	none	none	none	77.9			no_slot_defined
NZ_CP076670.1	MPF_FA	T4SS_virb4 AND NOT(T/F/I) AND >=2 FA/FATA	63	2	0	2	FATA	minimal		FATA_cd419a;FATA_trsG	30:28043..29989:+	none	23:22177..24501:+	23:22177..24501:+	none	none	none	none	36:33364..34710:+	36:33364..34710:+	none	none	none	none	261.9	MOBP1;MOBP2		no_slot_defined
NZ_CP076729.1	MPF_FA	T4SS_virb4 AND NOT(T/F/I) AND >=2 FA/FATA	190	3	1	2	FATA	medium	FA_orf14	FATA_cd419a;FATA_prgF	92:89739..91838:+	none	55:52167..55496:-	55:52167..55496:-	none	none	none	none	none	none	none	none	none	none	324.3			no_slot_defined
NZ_CP076730.1	MPF_FA	T4SS_virb4 AND NOT(T/F/I) AND >=2 FA/FATA	108	2	1	1	unassigned	minimal	FA_orf14	FATA_cd419a	30:26890..28824:+	none	23:19906..21741:+	23:19906..21741:+	none	none	none	none	none	39:33031..34587:+	none	none	none	none	345.1	MOBP2		no_slot_defined
NZ_CP077621.1	MPF_FA	T4SS_virb4 AND NOT(T/F/I) AND >=2 FA/FATA	54	4	0	4	FATA	medium		FATA_cd419a;FATA_prgF;FATA_prgIa;FATA_prgIb	5:6621..8918:-	none	6:9063..10853:-	6:9063..10853:-	none	none	none	none	16:19086..20843:-	none	none	none	none	none	228.9	MOBP1		no_slot_defined
NZ_CP077631.1	MPF_FA	T4SS_virb4 AND NOT(T/F/I) AND >=2 FA/FATA	54	4	0	4	FATA	medium		FATA_cd419a;FATA_prgF;FATA_prgIa;FATA_prgIb	8:9020..11317:-	none	9:11462..13252:-	9:11462..13252:-	none	none	none	none	19:21535..23292:-	none	none	none	none	none	228.9	MOBP1		no_slot_defined
NZ_CP077712.1	MPF_FA	T4SS_virb4 AND NOT(T/F/I) AND >=2 FA/FATA	42	6	0	6	FATA	high		FATA_trsC;FATA_trsD;FATA_trsF;FATA_trsG;FATA_trsJ;FATA_trsL	18:14826..16838:+	none	24:22314..23960:+	24:22314..23960:+	none	none	none	none	none	none	none	5:5846..7843:-	none	none	320.4	MOBQ		no_slot_defined
NZ_CP078082.1	MPF_FA	T4SS_virb4 AND NOT(T/F/I) AND >=2 FA/FATA	347	7	6	1	FA	high	FA_orf13;FA_orf14;FA_orf15;FA_orf17a;FA_orf17b;FA_orf19	FATA_cd419a	104:130673..133213:+	none	95:116940..120014:+	95:116940..120014:+	none	none	none	none	none	none	none	none	none	none	139.7			no_slot_defined
NZ_CP078083.1	MPF_FA	T4SS_virb4 AND NOT(T/F/I) AND >=2 FA/FATA	163	3	1	2	FATA	medium	FA_orf14	FATA_cd419a;FATA_prgC	31:32770..34707:+	162:179977..181158:-	26:25993..28563:+	26:25993..28563:+	none	161:179424..180038:-	none	none	36:37877..39067:+	36:37877..39067:+	none	none	none	none	334.0	MOBC;MOBP1;MOBP2		no_slot_defined
NZ_CP078160.1	MPF_FA	T4SS_virb4 AND NOT(T/F/I) AND >=2 FA/FATA	45	2	0	2	FATA	minimal		FATA_gbs1354;FATA_trsG	2:2715..4709:+	none	42:34859..37630:+	42:34859..37630:+	none	none	none	none	7:7896..9062:+	7:7896..9062:+	none	none	none	none	241.2	MOBP1;MOBP2		no_slot_defined
NZ_CP078163.1	MPF_FA	T4SS_virb4 AND NOT(T/F/I) AND >=2 FA/FATA	93	7	6	1	FA	high	FA_orf13;FA_orf14;FA_orf15;FA_orf17a;FA_orf19;FA_orf23	FATA_cd419a	30:27355..29802:-	35:32528..33913:-	none	none	none	none	none	none	41:38302..39999:+	none	none	none	34:31145..32350:-	22:16141..17403:-	93.8	MOBP1;MOBT;MOBV		no_slot_defined
NZ_CP078506.1	MPF_FA	T4SS_virb4 AND NOT(T/F/I) AND >=2 FA/FATA	153	4	0	4	FATA	medium		FATA_cd419_1;FATA_cd419a;FATA_prgC;FATA_trsG	63:62125..64752:+	none	60:56784..59330:+	60:56784..59330:+	none	none	none	none	71:69060..70307:+	71:69060..70307:+	none	none	none	none	187.2	MOBP1;MOBP2		no_slot_defined
NZ_CP078507.1	MPF_FA	T4SS_virb4 AND NOT(T/F/I) AND >=2 FA/FATA	92	4	0	4	FATA	medium		FATA_gbs1365;FATA_prgF;FATA_prgHb;FATA_prgIc	64:62154..64388:-	none	68:66001..67773:-	68:66001..67773:-	none	none	none	none	50:45658..47160:-	none	none	none	none	none	274.2	MOBP1		no_slot_defined
NZ_CP079739.1	MPF_FA	T4SS_virb4 AND NOT(T/F/I) AND >=2 FA/FATA	79	2	1	1	unassigned	minimal	FA_orf14	FATA_cd419a	73:47455..49350:+	none	69:41243..43414:+	69:41243..43414:+	none	none	none	none	none	1:199..1767:+	none	none	none	none	255.9	MOBP2		no_slot_defined
NZ_CP079761.1	MPF_FA	T4SS_virb4 AND NOT(T/F/I) AND >=2 FA/FATA	73	2	1	1	unassigned	minimal	FA_orf14	FATA_cd419a	55:46052..47947:+	none	51:39771..42131:+	51:39771..42131:+	none	47:33906..34376:+	none	none	61:51700..52932:+	61:51700..52932:+	none	none	none	none	250.0	MOBC;MOBP1;MOBP2		no_slot_defined
NZ_CP079928.1	MPF_FA	T4SS_virb4 AND NOT(T/F/I) AND >=2 FA/FATA	79	2	1	1	unassigned	minimal	FA_orf14	FATA_cd419a	17:17878..19809:+	none	23:24472..26073:+	23:24472..26073:+	none	22:23501..24292:+	none	none	48:44088..45518:+	none	none	none	none	none	208.5	MOBC;MOBP1		no_slot_defined
NZ_CP079957.1	MPF_FA	T4SS_virb4 AND NOT(T/F/I) AND >=2 FA/FATA	75	2	1	1	unassigned	minimal	FA_orf14	FATA_cd419a	23:24874..26847:+	none	19:17326..20256:+	19:17326..20256:+	none	none	none	none	29:30589..32004:+	29:30589..32004:+	none	none	none	none	270.7	MOBP1;MOBP2		no_slot_defined
NZ_CP079966.1	MPF_FA	T4SS_virb4 AND NOT(T/F/I) AND >=2 FA/FATA	83	2	1	1	unassigned	minimal	FA_orf14	FATA_cd419a	25:25025..26998:+	none	19:17329..20259:+	19:17329..20259:+	none	none	none	none	31:30740..32155:+	31:30740..32155:+	none	none	none	none	275.5	MOBP1;MOBP2		no_slot_defined
NZ_CP079985.1	MPF_FA	T4SS_virb4 AND NOT(T/F/I) AND >=2 FA/FATA	111	2	0	2	FATA	minimal		FATA_trsC;FATA_trsG	53:43547..45511:+	109:100391..101467:+	47:35615..38530:+	47:35615..38530:+	none	none	none	none	none	61:50581..52050:+	none	none	none	none	275.7	MOBP2		no_slot_defined
NZ_CP080015.1	MPF_FA	T4SS_virb4 AND NOT(T/F/I) AND >=2 FA/FATA	77	2	1	1	unassigned	minimal	FA_orf14	FATA_cd419a	25:27080..29053:+	none	21:19532..22462:+	21:19532..22462:+	none	none	none	none	31:32795..34210:+	31:32795..34210:+	none	none	none	none	270.7	MOBP1;MOBP2		no_slot_defined
NZ_CP080338.1	MPF_FA	T4SS_virb4 AND NOT(T/F/I) AND >=2 FA/FATA	64	8	0	8	FATA	high		FATA_cd411;FATA_prgF;FATA_prgHa;FATA_prgHb;FATA_prgIa;FATA_prgIb;FATA_prgIc;FATA_trsG	63:64176..65738:-	none	3:2245..4146:-	3:2245..4146:-	none	none	none	none	55:55508..57718:-	none	none	none	none	none	270.5	MOBP1		no_slot_defined
NZ_CP080557.1	MPF_FA	T4SS_virb4 AND NOT(T/F/I) AND >=2 FA/FATA	44	7	0	7	FATA	high		FATA_prgF;FATA_trsC;FATA_trsD;FATA_trsF;FATA_trsG;FATA_trsJ;FATA_trsL	13:13020..15032:-	none	7:5904..7544:-	7:5904..7544:-	none	none	none	none	none	none	none	28:24935..26932:+	none	none	317.4	MOBQ		no_slot_defined
NZ_CP081176.1	MPF_FA	T4SS_virb4 AND NOT(T/F/I) AND >=2 FA/FATA	191	3	1	2	FATA	medium	FA_orf14	FATA_cd419a;FATA_prgF	93:89365..91464:+	none	57:52063..55392:-	57:52063..55392:-	none	none	none	none	none	none	none	none	none	none	325.1			no_slot_defined
NZ_CP081177.1	MPF_FA	T4SS_virb4 AND NOT(T/F/I) AND >=2 FA/FATA	106	2	1	1	unassigned	minimal	FA_orf14	FATA_cd419a	6:4733..6667:-	none	13:11888..13723:-	13:11888..13723:-	none	none	none	none	none	105:93798..94826:-	none	none	none	none	345.5	MOBP2		no_slot_defined
NZ_CP081462.1	MPF_FA	T4SS_virb4 AND NOT(T/F/I) AND >=2 FA/FATA	53	7	1	6	FATA	high	FA_orf14	FATA_prgC;FATA_trsC;FATA_trsD;FATA_trsF;FATA_trsG;FATA_trsL	42:38831..40792:-	none	37:33686..35341:-	37:33686..35341:-	none	none	none	none	46:42207..44171:-	none	none	46:42207..44171:-	none	none	261.2	MOBP1;MOBQ		no_slot_defined
NZ_CP081506.1	MPF_FA	T4SS_virb4 AND NOT(T/F/I) AND >=2 FA/FATA	128	6	3	3	unassigned	high	FA_orf13;FA_orf15;FA_orf17b	FATA_prgB;FATA_prgC;FATA_trsG	38:32294..34858:-	none	none	35:27334..29592:-	none	34:26026..26754:-	none	none	93:84570..85466:-	none	none	none	none	93:84570..85466:-	88.4	MOBC;MOBP1;MOBV		no_slot_defined
NZ_CP081834.1	MPF_FA	T4SS_virb4 AND NOT(T/F/I) AND >=2 FA/FATA	41	7	1	6	FATA	high	FA_orf14	FATA_prgC;FATA_trsC;FATA_trsD;FATA_trsF;FATA_trsG;FATA_trsL	30:22153..24114:+	none	35:27604..29259:+	35:27604..29259:+	none	none	none	none	26:18774..20738:+	none	none	26:18774..20738:+	none	none	261.5	MOBP1;MOBQ		no_slot_defined
NZ_CP081873.1	MPF_FA	T4SS_virb4 AND NOT(T/F/I) AND >=2 FA/FATA	340	7	6	1	FA	high	FA_orf13;FA_orf14;FA_orf15;FA_orf17a;FA_orf17b;FA_orf19	FATA_cd419a	123:117065..119605:-	71:74084..75250:-	none	140:137802..140876:-	none	none	none	none	none	none	none	none	none	none	141.2			no_slot_defined
NZ_CP081874.1	MPF_FA	T4SS_virb4 AND NOT(T/F/I) AND >=2 FA/FATA	243	3	1	2	FATA	medium	FA_orf14	FATA_cd419a;FATA_prgC	170:190184..192121:-	204:225675..226856:+	175:196247..198166:-	175:196247..198166:-	none	205:226795..227409:+	none	none	165:185825..187015:-	165:185825..187015:-	none	none	none	none	331.7	MOBC;MOBP1;MOBP2		no_slot_defined
NZ_CP081879.1	MPF_FA	T4SS_virb4 AND NOT(T/F/I) AND >=2 FA/FATA	171	2	1	1	unassigned	minimal	FA_orf14	FATA_cd419a	109:136772..138715:+	none	103:130690..133128:+	103:130690..133128:+	none	none	none	none	115:141983..143143:+	115:141983..143143:+	none	none	none	none	331.5	MOBP1;MOBP2		no_slot_defined
NZ_CP081911.1	MPF_FA	T4SS_virb4 AND NOT(T/F/I) AND >=2 FA/FATA	47	2	0	2	FATA	minimal		FATA_cd419a;FATA_trsC	8:4646..7486:+	none	36:25824..27779:+	36:25824..27779:+	none	none	none	none	40:29581..31200:-	none	none	none	none	none	473.8	MOBP1		no_slot_defined
NZ_CP081914.1	MPF_FA	T4SS_virb4 AND NOT(T/F/I) AND >=2 FA/FATA	51	2	0	2	FATA	minimal		FATA_cd419a;FATA_trsC	24:16045..18885:+	none	1:349..2304:+	1:349..2304:+	none	none	none	none	5:4107..5726:-	none	none	none	none	none	473.8	MOBP1		no_slot_defined
NZ_CP081921.1	MPF_FA	T4SS_virb4 AND NOT(T/F/I) AND >=2 FA/FATA	47	2	0	2	FATA	minimal		FATA_cd419a;FATA_trsC	19:14164..17004:+	none	0:47..1717:+	0:47..1717:+	none	none	none	none	4:3519..5138:-	none	none	none	none	none	473.8	MOBP1		no_slot_defined
NZ_CP082232.1	MPF_FA	T4SS_virb4 AND NOT(T/F/I) AND >=2 FA/FATA	112	6	3	3	unassigned	high	FA_orf13;FA_orf15;FA_orf17b	FATA_prgB;FATA_prgC;FATA_trsG	26:24310..26874:-	none	none	23:19350..21608:-	none	22:18042..18770:-	none	none	81:76586..77482:-	none	none	none	none	81:76586..77482:-	88.4	MOBC;MOBP1;MOBV		no_slot_defined
NZ_CP082334.1	MPF_FA	T4SS_virb4 AND NOT(T/F/I) AND >=2 FA/FATA	151	2	1	1	unassigned	minimal	FA_orf14	FATA_cd419a	49:38695..40638:+	none	43:32662..35100:+	43:32662..35100:+	none	none	none	none	55:44127..45287:+	55:44127..45287:+	none	none	none	none	324.1	MOBP1;MOBP2		no_slot_defined
NZ_CP082335.1	MPF_FA	T4SS_virb4 AND NOT(T/F/I) AND >=2 FA/FATA	56	3	0	3	FATA	medium		FATA_cd419a;FATA_trsC;FATA_trsL	29:25369..27213:-	none	34:29469..31400:-	34:29469..31400:-	none	none	none	none	35:31409..33820:-	none	none	none	none	none	261.4	MOBP1		no_slot_defined
NZ_CP082364.1	MPF_FA	T4SS_virb4 AND NOT(T/F/I) AND >=2 FA/FATA	364	3	1	2	FATA	medium	FA_orf14	FATA_cd419a;FATA_trsG	52:43558..45513:-	none	61:52353..54623:-	61:52353..54623:-	none	361:392953..393411:-	none	none	46:38600..39829:-	46:38600..39829:-	none	none	none	none	284.8	MOBC;MOBP1;MOBP2		no_slot_defined
NZ_CP082790.1	MPF_FA	T4SS_virb4 AND NOT(T/F/I) AND >=2 FA/FATA	41	7	0	7	FATA	high		FATA_prgF;FATA_trsC;FATA_trsD;FATA_trsF;FATA_trsG;FATA_trsJ;FATA_trsL	12:12243..14255:-	none	6:5127..6767:-	6:5127..6767:-	none	none	none	none	none	none	none	25:22035..24032:+	none	none	317.4	MOBQ		no_slot_defined
NZ_CP083086.1	MPF_FA	T4SS_virb4 AND NOT(T/F/I) AND >=2 FA/FATA	359	2	1	1	unassigned	minimal	FA_orf14	FATA_cd419a	104:113198..114166:+	none	59:60696..61841:-	52:48369..49685:-	none	none	none	none	none	none	none	none	none	none	155.1			no_slot_defined
NZ_CP083088.1	MPF_FA	T4SS_virb4 AND NOT(T/F/I) AND >=2 FA/FATA	100	3	0	3	FATA	medium		FATA_cd419a;FATA_trsD;FATA_trsG	10:9035..10918:+	none	95:71979..74240:-	95:71979..74240:-	none	none	none	none	none	none	none	96:74251..76347:-	none	none	262.5	MOBQ		no_slot_defined
NZ_CP083089.1	MPF_FA	T4SS_virb4 AND NOT(T/F/I) AND >=2 FA/FATA	82	2	1	1	unassigned	minimal	FA_orf14	FATA_cd419a	43:37948..39882:+	none	36:30339..32309:+	36:30339..32309:+	none	none	none	none	none	52:46673..48217:+	none	none	none	none	343.5	MOBP2		no_slot_defined
NZ_CP083090.1	MPF_FA	T4SS_virb4 AND NOT(T/F/I) AND >=2 FA/FATA	86	5	0	5	FATA	high		FATA_cd419a;FATA_trsC;FATA_trsD;FATA_trsG;FATA_trsL	10:11138..13030:-	none	15:15326..17242:-	15:15326..17242:-	none	none	none	none	16:17269..19812:-	none	16:17269..19812:-	none	none	none	292.2	MOBP1;MOBP3		no_slot_defined
NZ_CP083091.1	MPF_FA	T4SS_virb4 AND NOT(T/F/I) AND >=2 FA/FATA	62	4	3	1	FA	medium	FA_orf13;FA_orf15;FA_orf17a	FATA_cd419a	6:4252..6840:+	6:4252..6840:+	none	0:24..1334:+	none	1:1334..2188:+	none	none	33:43472..44410:-	none	none	none	none	none	92.1	MOBC;MOBP1		no_slot_defined
NZ_CP083102.1	MPF_FA	T4SS_virb4 AND NOT(T/F/I) AND >=2 FA/FATA	358	2	1	1	unassigned	minimal	FA_orf14	FATA_cd419a	124:122085..124184:+	none	81:78620..79831:-	73:66334..68034:-	none	none	none	none	none	none	none	none	none	none	325.3			no_slot_defined
NZ_CP083104.1	MPF_FA	T4SS_virb4 AND NOT(T/F/I) AND >=2 FA/FATA	103	3	0	3	FATA	medium		FATA_cd419a;FATA_trsD;FATA_trsG	10:8870..10744:+	none	97:75183..77444:-	97:75183..77444:-	none	none	none	none	none	none	none	98:77455..79551:-	none	none	263.1	MOBQ		no_slot_defined
NZ_CP083105.1	MPF_FA	T4SS_virb4 AND NOT(T/F/I) AND >=2 FA/FATA	90	5	0	5	FATA	high		FATA_cd419a;FATA_trsC;FATA_trsD;FATA_trsG;FATA_trsL	89:80419..82263:-	none	4:2313..4229:-	4:2313..4229:-	none	none	none	none	5:4256..6799:-	none	5:4256..6799:-	none	none	none	292.0	MOBP1;MOBP3		no_slot_defined
NZ_CP083106.1	MPF_FA	T4SS_virb4 AND NOT(T/F/I) AND >=2 FA/FATA	86	2	1	1	unassigned	minimal	FA_orf14	FATA_cd419a	47:44836..46770:+	none	40:37137..39107:+	40:37137..39107:+	none	none	none	none	none	56:53561..55105:+	none	none	none	none	343.5	MOBP2		no_slot_defined
NZ_CP083107.1	MPF_FA	T4SS_virb4 AND NOT(T/F/I) AND >=2 FA/FATA	72	4	3	1	FA	medium	FA_orf13;FA_orf15;FA_orf17a	FATA_cd419a	25:33906..36494:-	25:33906..36494:-	none	31:39412..42555:-	none	30:38558..39412:-	none	none	61:64606..65544:+	none	none	none	none	none	92.1	MOBC;MOBP1		no_slot_defined
NZ_CP083117.1	MPF_FA	T4SS_virb4 AND NOT(T/F/I) AND >=2 FA/FATA	357	2	1	1	unassigned	minimal	FA_orf14	FATA_cd419a	34:38867..40966:-	none	77:83220..84431:+	85:95017..96717:+	none	none	none	none	none	none	none	none	none	none	325.3			no_slot_defined
NZ_CP083119.1	MPF_FA	T4SS_virb4 AND NOT(T/F/I) AND >=2 FA/FATA	103	3	0	3	FATA	medium		FATA_cd419a;FATA_trsD;FATA_trsG	10:9086..10960:+	none	97:74805..77066:-	97:74805..77066:-	none	none	none	none	none	none	none	98:77077..79173:-	none	none	263.1	MOBQ		no_slot_defined
NZ_CP083120.1	MPF_FA	T4SS_virb4 AND NOT(T/F/I) AND >=2 FA/FATA	66	4	3	1	FA	medium	FA_orf13;FA_orf15;FA_orf17a	FATA_cd419a	6:4370..6958:+	6:4370..6958:+	none	0:62..1312:+	none	1:1452..2306:+	none	none	36:44558..45496:-	none	none	none	none	none	92.1	MOBC;MOBP1		no_slot_defined
NZ_CP083131.1	MPF_FA	T4SS_virb4 AND NOT(T/F/I) AND >=2 FA/FATA	77	5	0	5	FATA	high		FATA_cd419a;FATA_trsC;FATA_trsD;FATA_trsG;FATA_trsL	7:9590..11488:-	none	12:13784..15700:-	12:13784..15700:-	none	none	none	none	13:15727..18270:-	none	13:15727..18270:-	none	none	none	288.0	MOBP1;MOBP3		no_slot_defined
NZ_CP083135.1	MPF_FA	T4SS_virb4 AND NOT(T/F/I) AND >=2 FA/FATA	348	2	0	2	FATA	minimal		FATA_cd419a;FATA_prgC	16:14042..15979:+	228:226193..227359:-	11:7519..10101:+	11:7519..10101:+	none	none	none	none	24:21848..23041:+	24:21848..23041:+	none	none	none	none	333.1	MOBP1;MOBP2		no_slot_defined
NZ_CP083139.1	MPF_FA	T4SS_virb4 AND NOT(T/F/I) AND >=2 FA/FATA	109	4	3	1	FA	medium	FA_orf13;FA_orf15;FA_orf17a	FATA_cd419a	23:19351..21909:-	50:45887..47050:-	none	28:25034..27859:-	none	27:24186..25028:-	none	none	none	none	none	none	none	none	100.2	MOBC		no_slot_defined
NZ_CP083145.1	MPF_FA	T4SS_virb4 AND NOT(T/F/I) AND >=2 FA/FATA	366	2	1	1	unassigned	minimal	FA_orf14	FATA_cd419a	102:111293..112261:+	none	57:58935..60080:-	50:46607..47923:-	none	none	none	none	none	none	none	none	none	none	155.1			no_slot_defined
NZ_CP083147.1	MPF_FA	T4SS_virb4 AND NOT(T/F/I) AND >=2 FA/FATA	76	4	3	1	FA	medium	FA_orf13;FA_orf15;FA_orf17a	FATA_cd419a	27:39922..42510:-	27:39922..42510:-	none	33:45428..48493:-	none	32:44574..45428:-	none	none	62:69893..70831:+	none	none	none	none	none	92.1	MOBC;MOBP1		no_slot_defined
NZ_CP083148.1	MPF_FA	T4SS_virb4 AND NOT(T/F/I) AND >=2 FA/FATA	105	2	0	2	FATA	minimal		FATA_cd419a;FATA_trsG	0:163..2046:+	none	91:69729..71990:-	91:69729..71990:-	none	none	none	none	none	none	none	92:72001..74097:-	none	none	262.5	MOBQ		no_slot_defined
NZ_CP083149.1	MPF_FA	T4SS_virb4 AND NOT(T/F/I) AND >=2 FA/FATA	85	5	0	5	FATA	high		FATA_cd419a;FATA_trsC;FATA_trsD;FATA_trsG;FATA_trsL	5:6307..8199:-	none	10:10495..12411:-	10:10495..12411:-	none	none	none	none	11:12438..14981:-	none	11:12438..14981:-	none	none	none	292.2	MOBP1;MOBP3		no_slot_defined
NZ_CP083157.1	MPF_FA	T4SS_virb4 AND NOT(T/F/I) AND >=2 FA/FATA	371	2	1	1	unassigned	minimal	FA_orf14	FATA_cd419a	111:113331..114299:+	none	62:60871..62016:-	55:48545..49861:-	none	none	none	none	none	none	none	none	none	none	155.1			no_slot_defined
NZ_CP083159.1	MPF_FA	T4SS_virb4 AND NOT(T/F/I) AND >=2 FA/FATA	91	5	0	5	FATA	high		FATA_cd419a;FATA_trsC;FATA_trsD;FATA_trsG;FATA_trsL	5:7125..9017:-	none	10:11313..13229:-	10:11313..13229:-	none	none	none	none	11:13256..15799:-	none	11:13256..15799:-	none	none	none	292.2	MOBP1;MOBP3		no_slot_defined
NZ_CP083160.1	MPF_FA	T4SS_virb4 AND NOT(T/F/I) AND >=2 FA/FATA	105	3	0	3	FATA	medium		FATA_cd419a;FATA_trsD;FATA_trsG	91:61404..63278:-	none	1:1484..3745:+	1:1484..3745:+	none	none	none	none	none	none	none	0:13..1473:+	none	none	261.7	MOBQ		no_slot_defined
NZ_CP083161.1	MPF_FA	T4SS_virb4 AND NOT(T/F/I) AND >=2 FA/FATA	74	4	3	1	FA	medium	FA_orf13;FA_orf15;FA_orf17a	FATA_cd419a	4:2369..4957:+	4:2369..4957:+	none	73:69107..72289:+	none	none	none	none	44:46769..47707:-	none	none	none	none	none	92.1	MOBP1		no_slot_defined
NZ_CP083593.1	MPF_FA	T4SS_virb4 AND NOT(T/F/I) AND >=2 FA/FATA	27	6	0	6	FATA	high		FATA_trsC;FATA_trsD;FATA_trsF;FATA_trsG;FATA_trsJ;FATA_trsL	13:12247..14271:-	none	6:4388..5998:-	6:4388..5998:-	none	none	none	none	none	none	none	23:19367..21355:+	none	none	307.1	MOBQ		no_slot_defined
NZ_CP083600.1	MPF_FA	T4SS_virb4 AND NOT(T/F/I) AND >=2 FA/FATA	31	3	2	1	FA	medium	FA_orf15;FA_orf17a	FATA_trsG	4:2850..5435:+	none	none	none	none	none	none	none	none	none	none	none	none	none	121.4			no_slot_defined
NZ_CP083606.1	MPF_FA	T4SS_virb4 AND NOT(T/F/I) AND >=2 FA/FATA	31	3	2	1	FA	medium	FA_orf15;FA_orf17a	FATA_trsG	6:8420..11005:+	none	none	none	none	none	none	none	none	none	none	none	none	none	121.4			no_slot_defined
NZ_CP083624.1	MPF_FA	T4SS_virb4 AND NOT(T/F/I) AND >=2 FA/FATA	52	2	0	2	FATA	minimal		FATA_cd419a;FATA_trsC	51:33940..36084:-	none	23:13607..15562:-	23:13607..15562:-	none	none	none	none	19:10170..11789:+	none	none	none	none	none	397.3	MOBP1		no_slot_defined
NZ_CP083696.1	MPF_FA	T4SS_virb4 AND NOT(T/F/I) AND >=2 FA/FATA	88	4	1	3	FATA	medium	FA_orf15	FATA_cd419a;FATA_prgC;FATA_trsG	67:66174..68669:+	none	none	69:71188..73383:+	none	23:26354..27196:+	none	none	none	none	none	none	none	none	107.2	MOBC		no_slot_defined
NZ_CP083698.1	MPF_FA	T4SS_virb4 AND NOT(T/F/I) AND >=2 FA/FATA	45	4	1	3	FATA	medium	FA_orf15	FATA_cd419a;FATA_prgC;FATA_trsG	3:1566..4061:+	none	none	5:6580..8775:+	none	6:9102..9944:+	none	none	none	none	none	none	none	none	108.3	MOBC		no_slot_defined
NZ_CP083699.1	MPF_FA	T4SS_virb4 AND NOT(T/F/I) AND >=2 FA/FATA	33	5	5	0	FA	high	FA_orf13;FA_orf15;FA_orf17a;FA_orf17b;FA_orf23		30:27215..29719:+	21:18337..19689:+	none	none	none	none	none	none	none	none	none	none	22:20086..21309:+	none	94.5	MOBT		no_slot_defined
NZ_CP083700.1	MPF_FA	T4SS_virb4 AND NOT(T/F/I) AND >=2 FA/FATA	29	5	5	0	FA	high	FA_orf13;FA_orf15;FA_orf17a;FA_orf17b;FA_orf23		10:8843..11347:-	19:18881..20233:-	none	none	none	none	none	none	none	none	none	none	18:17253..18476:-	none	94.5	MOBT		no_slot_defined
NZ_CP083806.1	MPF_FA	T4SS_virb4 AND NOT(T/F/I) AND >=2 FA/FATA	36	7	0	7	FATA	high		FATA_prgF;FATA_trsC;FATA_trsD;FATA_trsF;FATA_trsG;FATA_trsJ;FATA_trsL	34:32601..34613:-	none	28:25479..27125:-	28:25479..27125:-	none	none	none	none	none	none	none	10:6794..8791:+	none	none	318.5	MOBQ		no_slot_defined
NZ_CP084009.1	MPF_FA	T4SS_virb4 AND NOT(T/F/I) AND >=2 FA/FATA	51	3	0	3	FATA	medium		FATA_gbs1350;FATA_gbs1354;FATA_trsG	5:4769..6727:+	none	none	none	none	none	none	none	19:21845..23194:-	19:21845..23194:-	none	none	none	none	269.0	MOBP1;MOBP2		no_slot_defined
NZ_CP084245.1	MPF_FA	T4SS_virb4 AND NOT(T/F/I) AND >=2 FA/FATA	75	7	6	1	FA	high	FA_orf13;FA_orf14;FA_orf15;FA_orf17a;FA_orf19;FA_orf23	FATA_cd419a	56:57081..59105:+	7:5804..7189:+	52:50953..53565:+	52:50953..53565:+	none	none	none	none	66:64570..66033:+	66:64570..66033:+	none	none	8:7367..8572:+	18:20899..22161:+	260.3	MOBP1;MOBP2;MOBT;MOBV		no_slot_defined
NZ_CP084540.1	MPF_FA	T4SS_virb4 AND NOT(T/F/I) AND >=2 FA/FATA	309	7	1	6	FATA	high	FA_orf14	FATA_cd419a;FATA_trsC;FATA_trsD;FATA_trsF;FATA_trsJ;FATA_trsL	196:189544..191517:+	none	202:198012..199325:+	202:198012..199325:+	none	302:299132..299884:-	none	none	none	none	none	178:170997..173009:-	none	none	335.2	MOBC;MOBQ		no_slot_defined
NZ_CP084918.1	MPF_FA	T4SS_virb4 AND NOT(T/F/I) AND >=2 FA/FATA	124	5	1	4	FATA	high	FA_orf14	FATA_cd419a;FATA_trsC;FATA_trsD;FATA_trsJ	8:6137..7816:-	none	2:1906..2631:-	1:1115..1909:-	none	none	none	none	46:35266..36234:+	none	none	17:12554..14575:-	none	46:35266..36234:+	274.6	MOBP1;MOBQ;MOBV		no_slot_defined
NZ_CP085290.1	MPF_FA	T4SS_virb4 AND NOT(T/F/I) AND >=2 FA/FATA	94	7	6	1	FA	high	FA_orf13;FA_orf14;FA_orf15;FA_orf17a;FA_orf19;FA_orf23	FATA_cd419a	66:52321..54768:-	71:57494..58879:-	none	none	none	none	none	none	77:63268..64953:+	none	none	none	70:56111..57316:-	58:41107..42369:-	93.8	MOBP1;MOBT;MOBV		no_slot_defined
NZ_CP085293.1	MPF_FA	T4SS_virb4 AND NOT(T/F/I) AND >=2 FA/FATA	42	7	1	6	FATA	high	FA_orf14	FATA_prgC;FATA_trsC;FATA_trsD;FATA_trsF;FATA_trsG;FATA_trsL	6:6002..7390:-	none	0:279..1934:-	0:279..1934:-	none	none	none	none	11:9186..11135:-	none	none	11:9186..11135:-	none	none	158.6	MOBP1;MOBQ		no_slot_defined
NZ_CP085295.1	MPF_FA	T4SS_virb4 AND NOT(T/F/I) AND >=2 FA/FATA	105	10	4	6	unassigned	high	FA_orf13;FA_orf14;FA_orf15;FA_orf17b	FATA_prgC;FATA_trsC;FATA_trsD;FATA_trsF;FATA_trsG;FATA_trsL	101:94151..96112:-	none	96:89006..90661:-	96:89006..90661:-	none	68:57834..58619:-	none	none	0:72..2036:-	none	none	0:72..2036:-	none	none	262.5	MOBC;MOBP1;MOBQ		no_slot_defined
NZ_CP085296.1	MPF_FA	T4SS_virb4 AND NOT(T/F/I) AND >=2 FA/FATA	88	7	5	2	FA	high	FA_orf13;FA_orf14;FA_orf17a;FA_orf19;FA_orf23	FATA_cd419_1;FATA_cd419a	87:73361..75808:+	82:69250..70635:+	none	none	none	none	none	none	76:63176..64861:-	none	none	none	83:70813..72018:+	6:7890..9152:+	93.8	MOBP1;MOBT;MOBV		no_slot_defined
NZ_CP085297.1	MPF_FA	T4SS_virb4 AND NOT(T/F/I) AND >=2 FA/FATA	66	3	1	2	FATA	medium	FA_orf14	FATA_prgB;FATA_prgC	54:57352..59907:+	none	51:52312..54843:+	51:52312..54843:+	none	none	none	none	64:65679..67739:+	64:65679..67739:+	none	none	none	none	146.4	MOBP1;MOBP2		no_slot_defined
NZ_CP085298.1	MPF_FA	T4SS_virb4 AND NOT(T/F/I) AND >=2 FA/FATA	34	5	4	1	FA	high	FA_orf13;FA_orf17a;FA_orf17b;FA_orf23	FATA_prgC	22:16590..19103:+	9:6772..8073:+	none	none	none	none	none	none	none	none	none	none	10:8339..9592:+	none	84.3	MOBT		no_slot_defined
NZ_CP085396.1	MPF_FA	T4SS_virb4 AND NOT(T/F/I) AND >=2 FA/FATA	212	4	3	1	FA	medium	FA_orf13;FA_orf14;FA_orf15	FATA_cd419a	201:200703..203153:-	205:204854..206839:-	205:204854..206839:-	205:204854..206839:-	none	206:206808..207611:-	none	none	none	none	none	none	none	none	131.5	MOBC		no_slot_defined
NZ_CP085400.1	MPF_FA	T4SS_virb4 AND NOT(T/F/I) AND >=2 FA/FATA	229	7	6	1	FA	high	FA_orf13;FA_orf14;FA_orf15;FA_orf17a;FA_orf17b;FA_orf19	FATA_cd419a	52:52616..55156:-	25:26694..27860:-	62:66562..69639:-	62:66562..69639:-	none	none	none	none	none	none	none	none	none	none	140.4			no_slot_defined
NZ_CP085403.1	MPF_FA	T4SS_virb4 AND NOT(T/F/I) AND >=2 FA/FATA	295	2	1	1	unassigned	minimal	FA_orf14	FATA_cd419a	282:279395..280363:+	none	215:213805..217305:-	215:213805..217305:-	none	none	none	none	none	none	none	none	none	none	157.6			no_slot_defined
NZ_CP085407.1	MPF_FA	T4SS_virb4 AND NOT(T/F/I) AND >=2 FA/FATA	478	2	1	1	unassigned	minimal	FA_orf14	FATA_cd419a	169:182766..184865:-	none	226:235219..238647:+	226:235219..238647:+	none	none	none	none	none	none	none	none	none	none	323.1			no_slot_defined
NZ_CP085410.1	MPF_FA	T4SS_virb4 AND NOT(T/F/I) AND >=2 FA/FATA	441	7	6	1	FA	high	FA_orf13;FA_orf14;FA_orf15;FA_orf17a;FA_orf17b;FA_orf19	FATA_cd419a	413:433423..435963:-	338:355432..356598:-	none	431:454805..457879:-	none	none	none	none	none	none	none	none	none	none	141.4			no_slot_defined
NZ_CP085414.1	MPF_FA	T4SS_virb4 AND NOT(T/F/I) AND >=2 FA/FATA	285	2	1	1	unassigned	minimal	FA_orf14	FATA_cd419a	20:16462..18561:+	none	258:259199..260344:-	256:254345..256636:-	none	none	none	none	none	none	none	none	none	none	329.4			no_slot_defined
NZ_CP085421.1	MPF_FA	T4SS_virb4 AND NOT(T/F/I) AND >=2 FA/FATA	115	2	1	1	unassigned	minimal	FA_orf14	FATA_cd419a	78:81034..82968:+	47:54142..55275:+	68:69900..71663:+	70:74136..75011:+	none	none	none	none	83:86092..87291:+	83:86092..87291:+	none	none	none	none	296.8	MOBP1;MOBP2		no_slot_defined
NZ_CP085436.1	MPF_FA	T4SS_virb4 AND NOT(T/F/I) AND >=2 FA/FATA	94	2	1	1	unassigned	minimal	FA_orf14	FATA_cd419a	88:94966..96900:+	53:57898..59031:+	83:88165..90747:+	83:88165..90747:+	none	none	none	none	93:100023..101219:+	93:100023..101219:+	none	none	none	none	294.4	MOBP1;MOBP2		no_slot_defined
NZ_CP085447.1	MPF_FA	T4SS_virb4 AND NOT(T/F/I) AND >=2 FA/FATA	96	2	1	1	unassigned	minimal	FA_orf14	FATA_cd419a	12:14490..16424:-	40:43747..44880:-	20:24090..25856:-	17:20709..21617:-	none	none	none	none	6:9789..10997:-	6:9789..10997:-	none	none	none	none	303.6	MOBP1;MOBP2		no_slot_defined
NZ_CP085499.1	MPF_FA	T4SS_virb4 AND NOT(T/F/I) AND >=2 FA/FATA	463	7	5	2	FA	high	FA_orf13;FA_orf14;FA_orf17a;FA_orf17b;FA_orf19	FATA_cd419a;FATA_gbs1354	241:244758..247298:+	282:274447..275613:+	228:226454..229528:+	228:226454..229528:+	none	none	none	none	none	none	none	none	none	none	138.8			no_slot_defined
NZ_CP085500.1	MPF_FA	T4SS_virb4 AND NOT(T/F/I) AND >=2 FA/FATA	96	4	3	1	FA	medium	FA_orf13;FA_orf15;FA_orf17a	FATA_cd419a	53:53580..56150:+	26:28680..29843:+	none	48:47634..50459:+	none	49:50465..51307:+	none	none	none	none	none	none	none	none	100.6	MOBC		no_slot_defined
NZ_CP085502.1	MPF_FA	T4SS_virb4 AND NOT(T/F/I) AND >=2 FA/FATA	459	7	6	1	FA	high	FA_orf13;FA_orf14;FA_orf15;FA_orf17a;FA_orf17b;FA_orf19	FATA_cd419a	206:224934..227474:-	none	none	221:245780..248854:-	none	none	none	none	none	none	none	none	none	none	139.8			no_slot_defined
NZ_CP085507.1	MPF_FA	T4SS_virb4 AND NOT(T/F/I) AND >=2 FA/FATA	487	7	6	1	FA	high	FA_orf13;FA_orf14;FA_orf15;FA_orf17a;FA_orf17b;FA_orf19	FATA_cd419a	405:430032..432572:-	359:393222..394388:-	none	421:450320..453394:-	none	none	none	none	none	none	none	none	none	none	139.1			no_slot_defined
NZ_CP085511.1	MPF_FA	T4SS_virb4 AND NOT(T/F/I) AND >=2 FA/FATA	488	7	6	1	FA	high	FA_orf13;FA_orf14;FA_orf15;FA_orf17a;FA_orf17b;FA_orf19	FATA_cd419a	268:268454..270994:+	314:306638..307804:+	none	252:247632..250706:+	none	none	none	none	none	none	none	none	none	none	139.1			no_slot_defined
NZ_CP085515.1	MPF_FA	T4SS_virb4 AND NOT(T/F/I) AND >=2 FA/FATA	200	5	1	4	FATA	high	FA_orf14	FATA_cd419a;FATA_trsC;FATA_trsD;FATA_trsL	54:24427..26307:+	none	138:77242..79248:-	33:15805..16956:-	none	none	none	none	37:17956..18636:-	none	none	none	none	none	286.8	MOBP1		no_slot_defined
NZ_CP085516.1	MPF_FA	T4SS_virb4 AND NOT(T/F/I) AND >=2 FA/FATA	101	4	1	3	FATA	medium	FA_orf14	FATA_cd419a;FATA_trsD;FATA_trsL	92:56911..57711:-	none	5:4000..5514:+	5:4000..5514:+	none	none	none	none	4:3148..3996:+	none	none	none	none	none	139.1	MOBP1		no_slot_defined
NZ_CP085718.1	MPF_FA	T4SS_virb4 AND NOT(T/F/I) AND >=2 FA/FATA	81	6	1	5	FATA	high	FA_orf14	FATA_cd419a;FATA_gbs1369;FATA_trsC;FATA_trsD;FATA_trsL	79:55172..57052:+	none	70:48446..50347:-	70:48446..50347:-	none	none	none	none	71:50362..51027:-	none	none	none	none	none	269.0	MOBP1		no_slot_defined
NZ_CP085719.1	MPF_FA	T4SS_virb4 AND NOT(T/F/I) AND >=2 FA/FATA	87	6	1	5	FATA	high	FA_orf14	FATA_cd419a;FATA_gbs1369;FATA_trsC;FATA_trsD;FATA_trsL	36:24187..26067:+	none	27:17458..19359:-	27:17458..19359:-	none	none	none	none	28:19374..20039:-	none	none	none	none	none	269.0	MOBP1		no_slot_defined
NZ_CP085897.1	MPF_FA	T4SS_virb4 AND NOT(T/F/I) AND >=2 FA/FATA	76	2	1	1	unassigned	minimal	FA_orf14	FATA_cd419a	40:33962..35587:+	none	35:26929..29787:+	35:26929..29787:+	none	none	none	none	51:42000..43535:+	51:42000..43535:+	none	none	none	none	247.6	MOBP1;MOBP2		no_slot_defined
NZ_CP085909.1	MPF_FA	T4SS_virb4 AND NOT(T/F/I) AND >=2 FA/FATA	76	2	1	1	unassigned	minimal	FA_orf14	FATA_cd419a	47:36432..38057:-	none	52:42232..45090:-	52:42232..45090:-	none	none	none	none	36:28484..30019:-	36:28484..30019:-	none	none	none	none	247.6	MOBP1;MOBP2		no_slot_defined
NZ_CP085956.1	MPF_FA	T4SS_virb4 AND NOT(T/F/I) AND >=2 FA/FATA	189	4	0	4	FATA	medium		FATA_prgF;FATA_prgIa;FATA_prgIb;FATA_prgIc	120:89949..92765:+	none	114:83447..86851:+	114:83447..86851:+	none	none	none	none	112:81719..82972:+	none	none	none	none	none	399.0	MOBP1		no_slot_defined
NZ_CP086062.1	MPF_FA	T4SS_virb4 AND NOT(T/F/I) AND >=2 FA/FATA	33	5	4	1	FA	high	FA_orf13;FA_orf15;FA_orf17a;FA_orf19	FATA_cd419a	7:5989..8532:+	none	none	1:429..3143:+	none	none	none	none	none	none	none	none	none	none	120.4			no_slot_defined
NZ_CP086152.1	MPF_FA	T4SS_virb4 AND NOT(T/F/I) AND >=2 FA/FATA	35	2	1	1	unassigned	minimal	FA_orf14	FATA_cd419a	8:7919..9865:-	none	0:710..2638:-	0:710..2638:-	none	none	none	none	none	none	none	none	none	none	287.0			no_slot_defined
NZ_CP086199.1	MPF_FA	T4SS_virb4 AND NOT(T/F/I) AND >=2 FA/FATA	78	7	5	2	FA	high	FA_orf13;FA_orf14;FA_orf15;FA_orf17b;FA_orf23	FATA_cd419a;FATA_trsG	76:62512..64485:+	55:36888..38282:+	72:54959..57877:+	72:54959..57877:+	none	none	none	none	4:2491..3906:+	4:2491..3906:+	none	none	46:30629..31720:+	none	268.4	MOBP1;MOBP2;MOBT	PF14729	no_slot_defined
NZ_CP086232.1	MPF_FA	T4SS_virb4 AND NOT(T/F/I) AND >=2 FA/FATA	431	2	1	1	unassigned	minimal	FA_orf17a	FATA_cd419a	407:432473..435076:-	none	none	402:424571..427045:-	none	401:423561..424574:-	none	none	none	none	none	none	none	none	82.7	MOBC		no_slot_defined
NZ_CP086233.1	MPF_FA	T4SS_virb4 AND NOT(T/F/I) AND >=2 FA/FATA	1495	2	0	2	FATA	minimal		FATA_cd419a;FATA_prgC	987:1134542..1137400:+	614:703098..707672:+	none	614:703098..707672:+	none	none	none	none	none	none	none	none	none	none	66.8			no_slot_defined
NZ_CP086247.1	MPF_FA	T4SS_virb4 AND NOT(T/F/I) AND >=2 FA/FATA	86	2	1	1	unassigned	minimal	FA_orf14	FATA_cd419a	77:80031..82016:-	none	2:2785..4908:-	2:2785..4908:-	none	none	none	none	71:74638..76557:-	71:74638..76557:-	none	none	none	none	293.6	MOBP1;MOBP2		no_slot_defined
NZ_CP086329.1	MPF_FA	T4SS_virb4 AND NOT(T/F/I) AND >=2 FA/FATA	317	2	1	1	unassigned	minimal	FA_orf14	FATA_cd419a	47:42940..45039:-	none	89:84369..87818:+	89:84369..87818:+	none	none	none	none	none	none	none	none	none	none	329.4			no_slot_defined
NZ_CP086559.1	MPF_FA	T4SS_virb4 AND NOT(T/F/I) AND >=2 FA/FATA	55	8	0	8	FATA	high		FATA_cd419a;FATA_prgB;FATA_prgC;FATA_prgF;FATA_prgHb;FATA_prgIc;FATA_prgK;FATA_prgL	52:42999..45389:+	none	5:2536..4365:+	5:2536..4365:+	none	none	none	none	12:8422..10107:+	none	none	none	none	none	294.7	MOBP1		no_slot_defined
NZ_CP086565.1	MPF_FA	T4SS_virb4 AND NOT(T/F/I) AND >=2 FA/FATA	54	8	0	8	FATA	high		FATA_cd419a;FATA_prgB;FATA_prgC;FATA_prgF;FATA_prgHb;FATA_prgIc;FATA_prgK;FATA_prgL	45:39647..42037:+	none	0:1..1830:+	0:1..1830:+	none	none	none	none	4:4948..6633:+	none	none	none	none	none	294.7	MOBP1		no_slot_defined
NZ_CP086567.1	MPF_FA	T4SS_virb4 AND NOT(T/F/I) AND >=2 FA/FATA	54	8	0	8	FATA	high		FATA_cd419a;FATA_prgB;FATA_prgC;FATA_prgF;FATA_prgHb;FATA_prgIc;FATA_prgK;FATA_prgL	45:39687..42077:+	none	0:1..1830:+	0:1..1830:+	none	none	none	none	4:4948..6633:+	none	none	none	none	none	294.7	MOBP1		no_slot_defined
NZ_CP087104.1	MPF_FA	T4SS_virb4 AND NOT(T/F/I) AND >=2 FA/FATA	279	7	6	1	FA	high	FA_orf13;FA_orf14;FA_orf15;FA_orf17a;FA_orf17b;FA_orf19	FATA_cd419a	181:189654..192194:-	138:151853..153019:-	none	196:209723..212797:-	none	none	none	none	none	none	none	none	none	none	138.1			no_slot_defined
NZ_CP087105.1	MPF_FA	T4SS_virb4 AND NOT(T/F/I) AND >=2 FA/FATA	259	3	1	2	FATA	medium	FA_orf14	FATA_cd419a;FATA_prgC	163:181037..182974:-	198:215338..216519:+	168:186941..189511:-	168:186941..189511:-	none	199:216458..217072:+	none	none	158:176678..177868:-	158:176678..177868:-	none	none	none	none	322.6	MOBC;MOBP1;MOBP2		no_slot_defined
NZ_CP087603.1	MPF_FA	T4SS_virb4 AND NOT(T/F/I) AND >=2 FA/FATA	61	7	0	7	FATA	high		FATA_prgF;FATA_prgHa;FATA_prgHb;FATA_prgIa;FATA_prgIb;FATA_prgIc;FATA_trsG	18:13644..16031:-	none	23:17911..19746:-	23:17911..19746:-	none	none	none	none	7:4621..6123:-	none	none	none	none	none	314.3	MOBP1		no_slot_defined
NZ_CP088188.1	MPF_FA	T4SS_virb4 AND NOT(T/F/I) AND >=2 FA/FATA	39	5	2	3	unassigned	high	FA_orf13;FA_orf14	FATA_cd419a;FATA_trsF;FATA_trsL	21:16981..17697:-	none	15:11401..12927:-	15:11401..12927:-	none	none	none	none	none	none	none	none	none	34:28181..28477:-	118.3	MOBV		no_slot_defined
NZ_CP088192.1	MPF_FA	T4SS_virb4 AND NOT(T/F/I) AND >=2 FA/FATA	197	2	0	2	FATA	minimal		FATA_cd419a;FATA_gbs1354	19:19764..21788:+	none	15:13639..16248:+	15:13639..16248:+	none	none	none	none	31:28802..30397:+	31:28802..30397:+	none	none	none	none	257.1	MOBP1;MOBP2		no_slot_defined
NZ_CP088199.1	MPF_FA	T4SS_virb4 AND NOT(T/F/I) AND >=2 FA/FATA	68	7	6	1	FA	high	FA_orf13;FA_orf14;FA_orf15;FA_orf17a;FA_orf19;FA_orf23	FATA_cd419a	14:15471..17918:-	19:20644..22029:-	none	none	none	none	none	none	25:26418..28115:+	none	none	none	18:19261..20466:-	6:4257..5519:-	93.8	MOBP1;MOBT;MOBV		no_slot_defined
NZ_CP088202.1	MPF_FA	T4SS_virb4 AND NOT(T/F/I) AND >=2 FA/FATA	37	7	1	6	FATA	high	FA_orf14	FATA_prgC;FATA_trsC;FATA_trsD;FATA_trsF;FATA_trsG;FATA_trsL	19:19991..21952:-	none	14:14846..16501:-	14:14846..16501:-	none	none	none	none	23:23367..25331:-	none	none	23:23367..25331:-	none	none	261.5	MOBP1;MOBQ		no_slot_defined
NZ_CP088903.1	MPF_FA	T4SS_virb4 AND NOT(T/F/I) AND >=2 FA/FATA	61	3	3	0	FA	medium	FA_orf13;FA_orf17a;FA_orf17b		47:32797..35319:-	59:41805..42815:-	none	none	none	none	none	none	none	none	none	none	57:39900..41084:-	none	111.6	MOBT		no_slot_defined
NZ_CP089150.1	MPF_FA	T4SS_virb4 AND NOT(T/F/I) AND >=2 FA/FATA	34	5	4	1	FA	high	FA_orf13;FA_orf14;FA_orf15;FA_orf17b	FATA_cd419a	12:9595..12042:-	17:14028..16001:-	17:14028..16001:-	17:14028..16001:-	none	18:15964..16749:-	none	none	none	none	none	none	none	none	129.9	MOBC		no_slot_defined
NZ_CP089158.1	MPF_FA	T4SS_virb4 AND NOT(T/F/I) AND >=2 FA/FATA	33	7	0	7	FATA	high		FATA_prgF;FATA_trsC;FATA_trsD;FATA_trsF;FATA_trsG;FATA_trsJ;FATA_trsL	24:19999..22011:+	none	30:27487..29127:+	30:27487..29127:+	none	none	none	none	none	none	none	9:8174..10171:-	none	none	317.4	MOBQ		no_slot_defined
NZ_CP089308.1	MPF_FA	T4SS_virb4 AND NOT(T/F/I) AND >=2 FA/FATA	71	8	0	8	FATA	high		FATA_cd411;FATA_prgF;FATA_prgHa;FATA_prgHb;FATA_prgIa;FATA_prgIb;FATA_prgIc;FATA_trsG	20:16063..18519:-	none	24:19933..21828:-	24:19933..21828:-	none	none	none	none	12:7452..9659:-	none	none	none	none	none	330.3	MOBP1		no_slot_defined
NZ_CP089543.1	MPF_FA	T4SS_virb4 AND NOT(T/F/I) AND >=2 FA/FATA	167	2	0	2	FATA	minimal		FATA_cd419a;FATA_prgF	6:3353..5890:+	none	164:177322..179379:-	164:177322..179379:-	none	none	none	none	165:179535..180863:-	none	none	none	none	none	296.7	MOBP1		no_slot_defined
NZ_CP089602.1	MPF_FA	T4SS_virb4 AND NOT(T/F/I) AND >=2 FA/FATA	77	4	3	1	FA	medium	FA_orf13;FA_orf15;FA_orf17a	FATA_cd419a	30:25655..28225:+	none	none	23:19331..22156:+	none	24:22162..23004:+	none	none	none	none	none	none	none	none	100.3	MOBC		no_slot_defined
NZ_CP089783.1	MPF_FA	T4SS_virb4 AND NOT(T/F/I) AND >=2 FA/FATA	71	3	3	0	FA	medium	FA_orf13;FA_orf15;FA_orf17b		18:15131..17653:-	30:23953..24963:-	none	none	none	none	none	none	none	none	none	none	28:22019..23206:-	none	109.0	MOBT		no_slot_defined
NZ_CP089851.1	MPF_FA	T4SS_virb4 AND NOT(T/F/I) AND >=2 FA/FATA	384	2	0	2	FATA	minimal		FATA_cd419a;FATA_prgB	48:40753..42681:-	none	52:46219..49083:-	52:46219..49083:-	none	none	none	none	78:84703..86736:-	78:84703..86736:-	none	none	none	none	240.9	MOBP1;MOBP2		no_slot_defined
NZ_CP089994.1	MPF_FA	T4SS_virb4 AND NOT(T/F/I) AND >=2 FA/FATA	191	3	1	2	FATA	medium	FA_orf14	FATA_cd419a;FATA_prgF	21:16899..18998:+	none	176:161249..164578:-	176:161249..164578:-	none	none	none	none	none	none	none	none	none	none	324.3			no_slot_defined
NZ_CP089995.1	MPF_FA	T4SS_virb4 AND NOT(T/F/I) AND >=2 FA/FATA	106	2	1	1	unassigned	minimal	FA_orf14	FATA_cd419a	82:72634..74568:-	none	89:79717..81552:-	89:79717..81552:-	none	none	none	none	73:66997..68427:-	73:66997..68427:-	none	none	none	none	345.1	MOBP1;MOBP2		no_slot_defined
NZ_CP090008.1	MPF_FA	T4SS_virb4 AND NOT(T/F/I) AND >=2 FA/FATA	167	6	0	6	FATA	high		FATA_cd419a;FATA_gbs1346;FATA_gbs1347;FATA_prgB;FATA_prgC;FATA_prgL	17:17161..19122:+	none	none	118:121265..124303:+	none	none	none	none	none	none	none	none	none	none	121.8			no_slot_defined
NZ_CP090058.1	MPF_FA	T4SS_virb4 AND NOT(T/F/I) AND >=2 FA/FATA	74	2	1	1	unassigned	minimal	FA_orf14	FATA_cd419a	43:43967..46501:-	none	46:48625..50766:-	46:48625..50766:-	none	none	none	none	37:39154..40284:-	37:39154..40284:-	none	none	none	none	203.4	MOBP1;MOBP2		no_slot_defined
NZ_CP090085.1	MPF_FA	T4SS_virb4 AND NOT(T/F/I) AND >=2 FA/FATA	96	2	1	1	unassigned	minimal	FA_orf14	FATA_cd419a	26:23119..25059:+	90:78181..79371:-	20:16331..19063:+	20:16331..19063:+	none	89:77625..78242:-	none	none	31:28143..29351:+	31:28143..29351:+	none	none	none	none	307.5	MOBC;MOBP1;MOBP2		no_slot_defined
NZ_CP090086.1	MPF_FA	T4SS_virb4 AND NOT(T/F/I) AND >=2 FA/FATA	85	4	3	1	FA	medium	FA_orf13;FA_orf15;FA_orf17a	FATA_cd419a	73:60181..62673:+	none	none	64:53683..56337:+	none	65:56352..57212:+	none	none	none	none	none	none	none	none	96.6	MOBC		no_slot_defined
NZ_CP090408.1	MPF_FA	T4SS_virb4 AND NOT(T/F/I) AND >=2 FA/FATA	57	5	3	2	unassigned	high	FA_orf13;FA_orf17a;FA_orf17b	FATA_cd419_1;FATA_trsG	10:11580..14252:+	none	none	4:5517..8678:+	none	none	none	none	none	none	none	none	none	none	75.8			no_slot_defined
NZ_CP090984.1	MPF_FA	T4SS_virb4 AND NOT(T/F/I) AND >=2 FA/FATA	102	7	1	6	FATA	high	FA_orf14	FATA_cd419a;FATA_trsC;FATA_trsD;FATA_trsF;FATA_trsJ;FATA_trsL	31:29422..31389:+	none	37:34804..36393:+	37:34804..36393:+	none	none	none	none	24:24607..25413:+	none	none	24:24607..25413:+	none	none	314.2	MOBP1;MOBQ		no_slot_defined
NZ_CP091102.1	MPF_FA	T4SS_virb4 AND NOT(T/F/I) AND >=2 FA/FATA	68	7	1	6	FATA	high	FA_orf14	FATA_prgC;FATA_trsC;FATA_trsD;FATA_trsF;FATA_trsG;FATA_trsL	30:30202..32163:-	none	25:25057..26712:-	25:25057..26712:-	none	none	none	none	34:33578..35617:-	none	none	34:33578..35617:-	none	none	260.7	MOBP1;MOBQ		no_slot_defined
NZ_CP091112.1	MPF_FA	T4SS_virb4 AND NOT(T/F/I) AND >=2 FA/FATA	103	3	0	3	FATA	medium		FATA_cd419a;FATA_trsD;FATA_trsG	76:57019..58893:+	none	60:40765..43026:-	60:40765..43026:-	none	none	none	none	none	none	none	61:43037..45133:-	none	none	263.1	MOBQ		no_slot_defined
NZ_CP091218.1	MPF_FA	T4SS_virb4 AND NOT(T/F/I) AND >=2 FA/FATA	190	4	2	2	unassigned	medium	FA_orf13;FA_orf14	FATA_cd419a;FATA_gbs1354	22:21877..23901:+	none	17:15758..18367:+	17:15758..18367:+	none	none	none	none	34:31048..32643:+	34:31048..32643:+	none	none	none	144:140565..141827:+	257.1	MOBP1;MOBP2;MOBV		no_slot_defined
NZ_CP091228.1	MPF_FA	T4SS_virb4 AND NOT(T/F/I) AND >=2 FA/FATA	121	8	6	2	FA	high	FA_orf13;FA_orf14;FA_orf15;FA_orf17a;FA_orf19;FA_orf23	FATA_cd419_1;FATA_cd419a	14:15460..17907:-	19:20633..22018:-	none	none	none	none	none	none	25:26407..28092:+	none	none	none	18:19250..20455:-	6:4453..5508:-	93.8	MOBP1;MOBT;MOBV		no_slot_defined
NZ_CP091232.1	MPF_FA	T4SS_virb4 AND NOT(T/F/I) AND >=2 FA/FATA	37	9	1	8	FATA	high	FA_orf14	FATA_cd411;FATA_cd419a;FATA_gbs1347;FATA_prgF;FATA_prgHa;FATA_prgHb;FATA_prgIa;FATA_prgIc	33:31539..33938:+	none	4:2638..4632:+	4:2638..4632:+	none	none	none	none	22:22678..23979:-	none	none	none	none	none	320.4	MOBP1		no_slot_defined
NZ_CP091238.1	MPF_FA	T4SS_virb4 AND NOT(T/F/I) AND >=2 FA/FATA	81	8	6	2	FA	high	FA_orf13;FA_orf14;FA_orf15;FA_orf17a;FA_orf19;FA_orf23	FATA_cd419_1;FATA_cd419a	14:15471..17918:-	19:20644..22029:-	none	none	none	none	none	none	25:26418..28103:+	none	none	none	18:19261..20466:-	6:4257..5519:-	93.8	MOBP1;MOBT;MOBV		no_slot_defined
NZ_CP091282.1	MPF_FA	T4SS_virb4 AND NOT(T/F/I) AND >=2 FA/FATA	91	2	0	2	FATA	minimal		FATA_trsG;FATA_trsJ	58:43621..45549:+	none	51:35156..37942:+	51:35156..37942:+	none	none	none	none	none	65:50183..51550:+	none	none	none	none	256.0	MOBP2		no_slot_defined
NZ_CP091445.1	MPF_FA	T4SS_virb4 AND NOT(T/F/I) AND >=2 FA/FATA	364	7	6	1	FA	high	FA_orf13;FA_orf14;FA_orf15;FA_orf17a;FA_orf17b;FA_orf19	FATA_cd419a	342:355831..358371:+	23:14492..15658:+	none	322:332079..335153:+	none	none	none	none	none	none	none	none	none	none	139.3			no_slot_defined
NZ_CP091446.1	MPF_FA	T4SS_virb4 AND NOT(T/F/I) AND >=2 FA/FATA	99	2	1	1	unassigned	minimal	FA_orf14	FATA_cd419a	93:76405..78342:-	none	1:2066..4699:-	1:2066..4699:-	none	none	none	none	85:70328..71884:-	85:70328..71884:-	none	none	none	none	347.1	MOBP1;MOBP2		no_slot_defined
NZ_CP091763.1	MPF_FA	T4SS_virb4 AND NOT(T/F/I) AND >=2 FA/FATA	190	3	1	2	FATA	medium	FA_orf14	FATA_cd419a;FATA_prgF	92:89442..91541:+	none	56:52127..55456:-	56:52127..55456:-	none	none	none	none	none	none	none	none	none	none	322.9			no_slot_defined
NZ_CP091764.1	MPF_FA	T4SS_virb4 AND NOT(T/F/I) AND >=2 FA/FATA	105	2	1	1	unassigned	minimal	FA_orf14	FATA_cd419a	6:4733..6667:-	none	13:11807..13642:-	13:11807..13642:-	none	none	none	none	none	104:93693..94721:-	none	none	none	none	345.1	MOBP2		no_slot_defined
NZ_CP091766.1	MPF_FA	T4SS_virb4 AND NOT(T/F/I) AND >=2 FA/FATA	105	2	1	1	unassigned	minimal	FA_orf14	FATA_cd419a	6:4733..6667:-	none	13:11807..13642:-	13:11807..13642:-	none	none	none	none	none	104:93693..94721:-	none	none	none	none	345.1	MOBP2		no_slot_defined
NZ_CP091768.1	MPF_FA	T4SS_virb4 AND NOT(T/F/I) AND >=2 FA/FATA	106	2	1	1	unassigned	minimal	FA_orf14	FATA_cd419a	6:4733..6667:-	none	13:11888..13723:-	13:11888..13723:-	none	none	none	none	none	105:93794..94822:-	none	none	none	none	345.1	MOBP2		no_slot_defined
NZ_CP091789.1	MPF_FA	T4SS_virb4 AND NOT(T/F/I) AND >=2 FA/FATA	196	2	0	2	FATA	minimal		FATA_cd419a;FATA_prgF	78:75464..78385:-	28:27947..30025:-	106:102570..104759:+	106:102570..104759:+	none	none	183:187305..189428:+	none	none	none	none	none	none	101:96352..97869:+	346.0	MOBF;MOBV		no_slot_defined
NZ_CP091860.1	MPF_FA	T4SS_virb4 AND NOT(T/F/I) AND >=2 FA/FATA	80	2	0	2	FATA	minimal		FATA_cd419a;FATA_prgB	34:40932..42443:-	none	33:39178..40935:-	33:39178..40935:-	none	none	16:21813..26330:+	none	none	none	none	none	none	none	65.7	MOBF		no_slot_defined
NZ_CP091885.1	MPF_FA	T4SS_virb4 AND NOT(T/F/I) AND >=2 FA/FATA	77	2	1	1	unassigned	minimal	FA_orf14	FATA_prgB	21:26053..28608:+	none	18:21013..23544:+	18:21013..23544:+	none	none	none	none	31:34381..36441:+	31:34381..36441:+	none	none	none	none	147.6	MOBP1;MOBP2		no_slot_defined
NZ_CP091887.1	MPF_FA	T4SS_virb4 AND NOT(T/F/I) AND >=2 FA/FATA	77	2	1	1	unassigned	minimal	FA_orf14	FATA_prgB	21:26053..28608:+	none	18:21013..23544:+	18:21013..23544:+	none	none	none	none	31:34381..36441:+	31:34381..36441:+	none	none	none	none	147.6	MOBP1;MOBP2		no_slot_defined
NZ_CP091890.1	MPF_FA	T4SS_virb4 AND NOT(T/F/I) AND >=2 FA/FATA	82	2	1	1	unassigned	minimal	FA_orf14	FATA_prgB	22:26053..28608:+	none	19:21013..23544:+	19:21013..23544:+	none	none	none	none	32:34381..36441:+	32:34381..36441:+	none	none	none	none	147.6	MOBP1;MOBP2		no_slot_defined
NZ_CP091891.1	MPF_FA	T4SS_virb4 AND NOT(T/F/I) AND >=2 FA/FATA	63	3	3	0	FA	medium	FA_orf13;FA_orf15;FA_orf17b		25:25827..28391:+	none	none	28:31092..33350:+	none	29:33872..34657:+	none	none	none	none	none	none	none	none	89.8	MOBC		no_slot_defined
NZ_CP091893.1	MPF_FA	T4SS_virb4 AND NOT(T/F/I) AND >=2 FA/FATA	197	11	3	8	FATA	high	FA_orf13;FA_orf15;FA_orf17b	FATA_cd419a;FATA_prgB;FATA_prgC;FATA_prgF;FATA_prgHb;FATA_prgIc;FATA_prgK;FATA_prgL	121:103209..105599:+	none	131:114604..116433:+	131:114604..116433:+	none	58:44403..45188:-	none	none	135:119551..121236:+	none	none	none	none	none	289.3	MOBC;MOBP1		no_slot_defined
NZ_CP091894.1	MPF_FA	T4SS_virb4 AND NOT(T/F/I) AND >=2 FA/FATA	46	4	3	1	FA	medium	FA_orf13;FA_orf15;FA_orf17b	FATA_prgC	25:23639..26203:+	none	28:28905..31112:+	28:28905..31112:+	none	29:31475..32380:+	none	none	none	none	none	none	none	none	89.6	MOBC		no_slot_defined
NZ_CP091900.1	MPF_FA	T4SS_virb4 AND NOT(T/F/I) AND >=2 FA/FATA	84	3	3	0	FA	medium	FA_orf13;FA_orf15;FA_orf17b		62:50497..53061:-	none	none	59:45539..47797:-	none	58:44232..45017:-	none	none	none	none	none	none	none	none	90.5	MOBC		no_slot_defined
NZ_CP091902.1	MPF_FA	T4SS_virb4 AND NOT(T/F/I) AND >=2 FA/FATA	98	4	3	1	FA	medium	FA_orf13;FA_orf15;FA_orf17b	FATA_prgC	26:25827..28391:+	none	none	29:31092..33350:+	none	30:33872..34657:+	none	none	none	none	none	none	none	none	89.8	MOBC		no_slot_defined
NZ_CP091907.1	MPF_FA	T4SS_virb4 AND NOT(T/F/I) AND >=2 FA/FATA	174	4	2	2	unassigned	medium	FA_orf14;FA_orf15	FATA_prgB;FATA_prgC	67:63605..66142:+	none	61:57291..59888:+	61:57291..59888:+	none	4:7344..8072:+	none	none	74:71292..73358:+	74:71292..73358:+	none	none	none	none	145.0	MOBC;MOBP1;MOBP2		no_slot_defined
NZ_CP091909.1	MPF_FA	T4SS_virb4 AND NOT(T/F/I) AND >=2 FA/FATA	77	2	1	1	unassigned	minimal	FA_orf14	FATA_prgB	21:26053..28608:+	none	18:21013..23544:+	18:21013..23544:+	none	none	none	none	31:34381..36441:+	31:34381..36441:+	none	none	none	none	147.6	MOBP1;MOBP2		no_slot_defined
NZ_CP091973.1	MPF_FA	T4SS_virb4 AND NOT(T/F/I) AND >=2 FA/FATA	403	2	1	1	unassigned	minimal	FA_orf14	FATA_cd419a	293:298164..299012:+	none	220:220366..223866:-	220:220366..223866:-	none	none	126:123427..127182:-	none	none	none	none	none	none	none	144.6	MOBF		no_slot_defined
NZ_CP092111.1	MPF_FA	T4SS_virb4 AND NOT(T/F/I) AND >=2 FA/FATA	73	2	1	1	unassigned	minimal	FA_orf13	FATA_cd419a	30:28686..31232:+	none	none	none	none	none	none	none	none	none	none	none	none	none	91.7			no_slot_defined
NZ_CP092389.1	MPF_FA	T4SS_virb4 AND NOT(T/F/I) AND >=2 FA/FATA	136	2	1	1	unassigned	minimal	FA_orf14	FATA_cd419a	118:114615..116549:-	6:5191..6324:-	123:120534..123128:-	123:120534..123128:-	none	none	none	none	112:109986..111182:-	112:109986..111182:-	none	none	none	none	297.3	MOBP1;MOBP2		no_slot_defined
NZ_CP092502.1	MPF_FA	T4SS_virb4 AND NOT(T/F/I) AND >=2 FA/FATA	71	2	0	2	FATA	minimal		FATA_cd419a;FATA_prgB	4:4688..6640:+	none	60:58245..60953:+	60:58245..60953:+	none	none	none	none	none	17:14053..16242:+	none	none	none	none	183.5	MOBP2		no_slot_defined
NZ_CP092785.1	MPF_FA	T4SS_virb4 AND NOT(T/F/I) AND >=2 FA/FATA	88	4	1	3	FATA	medium	FA_orf14	FATA_cd419a;FATA_prgC;FATA_trsG	21:24592..26538:+	none	17:19438..21783:+	17:19438..21783:+	none	none	none	none	27:30095..31342:+	27:30095..31342:+	none	none	none	none	178.3	MOBP1;MOBP2		no_slot_defined
NZ_CP092834.1	MPF_FA	T4SS_virb4 AND NOT(T/F/I) AND >=2 FA/FATA	383	3	1	2	FATA	medium	FA_orf14	FATA_cd419a;FATA_prgC	351:336548..338485:+	300:283787..284953:-	344:329812..330882:+	345:330879..331886:+	none	none	none	none	none	357:342122..342820:+	none	none	none	none	322.5	MOBP2		no_slot_defined
NZ_CP092835.1	MPF_FA	T4SS_virb4 AND NOT(T/F/I) AND >=2 FA/FATA	114	2	0	2	FATA	minimal		FATA_cd419a;FATA_prgC	54:55182..57038:+	15:18205..19386:-	49:48028..50598:+	49:48028..50598:+	none	14:17649..18266:-	none	none	61:62723..63916:+	61:62723..63916:+	none	none	none	none	321.0	MOBC;MOBP1;MOBP2		no_slot_defined
NZ_CP093174.1	MPF_FA	T4SS_virb4 AND NOT(T/F/I) AND >=2 FA/FATA	55	2	0	2	FATA	minimal		FATA_gbs1350;FATA_trsG	40:30385..32343:+	none	34:23223..25787:+	34:23223..25787:+	none	none	none	none	0:1122..2471:-	0:1122..2471:-	none	none	none	none	270.2	MOBP1;MOBP2		no_slot_defined
NZ_CP093206.1	MPF_FA	T4SS_virb4 AND NOT(T/F/I) AND >=2 FA/FATA	52	3	0	3	FATA	medium		FATA_gbs1350;FATA_gbs1354;FATA_trsG	2:2545..4503:-	none	8:9100..11664:-	8:9100..11664:-	none	none	none	none	none	41:33457..34806:+	none	none	none	none	268.3	MOBP2		no_slot_defined
NZ_CP093213.1	MPF_FA	T4SS_virb4 AND NOT(T/F/I) AND >=2 FA/FATA	34	6	0	6	FATA	high		FATA_trsC;FATA_trsD;FATA_trsF;FATA_trsG;FATA_trsJ;FATA_trsL	25:22487..24499:-	none	19:15377..16984:-	19:15377..16984:-	none	none	none	none	none	none	none	2:1732..3729:+	none	none	310.3	MOBQ		no_slot_defined
NZ_CP093292.1	MPF_FA	T4SS_virb4 AND NOT(T/F/I) AND >=2 FA/FATA	198	3	1	2	FATA	medium	FA_orf14	FATA_cd419a;FATA_prgC	162:169927..171864:+	132:136507..137697:-	157:163114..165669:+	157:163114..165669:+	none	131:135954..136568:-	none	none	167:175030..176232:+	167:175030..176232:+	none	none	none	none	329.3	MOBC;MOBP1;MOBP2		no_slot_defined
NZ_CP093325.1	MPF_FA	T4SS_virb4 AND NOT(T/F/I) AND >=2 FA/FATA	5623	4	0	4	FATA	medium		FATA_cd419a;FATA_gbs1346;FATA_prgB;FATA_prgC	4783:4579866..4584959:-	1749:1655261..1657645:+	none	4783:4579866..4584959:-	none	2443:2323752..2324198:+	1090:1053869..1056205:+	none	none	none	none	none	none	none	68.4	MOBC;MOBF		no_slot_defined
NZ_CP093929.1	MPF_FA	T4SS_virb4 AND NOT(T/F/I) AND >=2 FA/FATA	450	2	1	1	unassigned	minimal	FA_orf14	FATA_cd419a	339:349275..350123:-	none	413:424429..427929:+	413:424429..427929:+	none	none	58:60079..63834:+	none	none	none	none	none	none	none	144.6	MOBF		no_slot_defined
NZ_CP093931.1	MPF_FA	T4SS_virb4 AND NOT(T/F/I) AND >=2 FA/FATA	42	3	2	1	FA	medium	FA_orf15;FA_orf17a	FATA_trsG	7:8391..10976:+	none	none	none	none	2:5547..6176:+	none	none	none	none	none	none	none	none	120.8	MOBC		no_slot_defined
NZ_CP093943.1	MPF_FA	T4SS_virb4 AND NOT(T/F/I) AND >=2 FA/FATA	69	6	5	1	FA	high	FA_orf13;FA_orf14;FA_orf15;FA_orf17a;FA_orf23	FATA_cd419a	45:43653..46100:-	50:51584..52969:-	none	none	none	none	none	none	none	63:61397..61564:-	none	none	49:50201..51406:-	36:31501..32763:-	93.8	MOBP2;MOBT;MOBV		no_slot_defined
NZ_CP093958.1	MPF_FA	T4SS_virb4 AND NOT(T/F/I) AND >=2 FA/FATA	98	2	1	1	unassigned	minimal	FA_orf14	FATA_cd419a	22:21411..23366:+	none	17:14434..17289:+	17:14434..17289:+	none	none	none	none	30:27894..29414:+	30:27894..29414:+	none	none	none	none	318.3	MOBP1;MOBP2		no_slot_defined
NZ_CP094232.1	MPF_FA	T4SS_virb4 AND NOT(T/F/I) AND >=2 FA/FATA	73	2	1	1	unassigned	minimal	FA_orf14	FATA_cd419a	25:21530..23155:+	none	20:14497..17355:+	20:14497..17355:+	none	none	none	none	36:29033..30568:+	36:29033..30568:+	none	none	none	none	247.6	MOBP1;MOBP2		no_slot_defined
NZ_CP094456.1	MPF_FA	T4SS_virb4 AND NOT(T/F/I) AND >=2 FA/FATA	441	3	1	2	FATA	medium	FA_orf14	FATA_cd419a;FATA_prgF	345:358132..360231:+	none	293:307559..311008:-	293:307559..311008:-	none	none	none	none	none	none	none	none	none	none	328.8			no_slot_defined
NZ_CP094626.1	MPF_FA	T4SS_virb4 AND NOT(T/F/I) AND >=2 FA/FATA	145	3	0	3	FATA	medium		FATA_cd419a;FATA_gbs1354;FATA_trsG	94:88557..90536:-	none	103:99513..101825:-	103:99513..101825:-	none	none	none	none	89:84307..85530:-	89:84307..85530:-	none	none	none	none	284.6	MOBP1;MOBP2		no_slot_defined
NZ_CP094627.1	MPF_FA	T4SS_virb4 AND NOT(T/F/I) AND >=2 FA/FATA	61	3	2	1	FA	medium	FA_orf13;FA_orf17a	FATA_cd419a	58:46730..49288:+	none	none	53:40879..43602:+	none	54:43608..44450:+	none	none	none	none	none	none	none	none	99.8	MOBC		no_slot_defined
NZ_CP095076.1	MPF_FA	T4SS_virb4 AND NOT(T/F/I) AND >=2 FA/FATA	155	5	0	5	FATA	high		FATA_cd419a;FATA_trsC;FATA_trsD;FATA_trsG;FATA_trsL	82:80437..82305:-	none	97:93604..95865:+	97:93604..95865:+	none	none	none	none	none	none	none	96:91662..93602:+	none	none	249.8	MOBQ		no_slot_defined
NZ_CP095378.1	MPF_FA	T4SS_virb4 AND NOT(T/F/I) AND >=2 FA/FATA	489	2	1	1	unassigned	minimal	FA_orf14	FATA_cd419a	368:415465..417564:-	none	417:467766..471113:+	417:467766..471113:+	none	295:340282..340728:+	none	none	none	none	none	none	none	none	322.9	MOBC		no_slot_defined
NZ_CP095722.1	MPF_FA	T4SS_virb4 AND NOT(T/F/I) AND >=2 FA/FATA	82	2	0	2	FATA	minimal		FATA_cd419a;FATA_trsG	26:20861..22807:-	none	33:26367..28691:-	33:26367..28691:-	none	none	none	none	19:14700..16046:-	19:14700..16046:-	none	none	none	none	265.7	MOBP1;MOBP2		no_slot_defined
NZ_CP095729.1	MPF_FA	T4SS_virb4 AND NOT(T/F/I) AND >=2 FA/FATA	83	2	0	2	FATA	minimal		FATA_cd419a;FATA_trsG	27:20739..22685:-	none	34:26245..28569:-	34:26245..28569:-	none	none	none	none	20:14578..15924:-	20:14578..15924:-	none	none	none	none	265.7	MOBP1;MOBP2		no_slot_defined
NZ_CP095745.1	MPF_FA	T4SS_virb4 AND NOT(T/F/I) AND >=2 FA/FATA	261	7	1	6	FATA	high	FA_orf14	FATA_cd419a;FATA_trsC;FATA_trsD;FATA_trsF;FATA_trsJ;FATA_trsL	123:116234..118216:-	none	118:111168..112724:-	118:111168..112724:-	none	none	none	none	none	none	none	155:143345..145405:+	none	none	275.2	MOBQ		no_slot_defined
NZ_CP096051.1	MPF_FA	T4SS_virb4 AND NOT(T/F/I) AND >=2 FA/FATA	227	2	0	2	FATA	minimal		FATA_cd419_1;FATA_cd419a	20:19770..21794:+	none	15:13624..16236:+	15:13624..16236:+	none	none	none	none	27:26032..27627:+	27:26032..27627:+	none	none	none	none	257.0	MOBP1;MOBP2		no_slot_defined
NZ_CP096150.1	MPF_FA	T4SS_virb4 AND NOT(T/F/I) AND >=2 FA/FATA	74	2	1	1	unassigned	minimal	FA_orf14	FATA_cd419a	22:23147..25681:+	none	19:18882..21023:+	19:18882..21023:+	none	none	none	none	28:29364..30494:+	28:29364..30494:+	none	none	none	none	203.4	MOBP1;MOBP2		no_slot_defined
NZ_CP096523.1	MPF_FA	T4SS_virb4 AND NOT(T/F/I) AND >=2 FA/FATA	43	6	4	2	FA	high	FA_orf13;FA_orf17a;FA_orf17b;FA_orf19	FATA_prgIc;FATA_trsG	32:22793..25465:-	none	none	37:28343..31480:-	none	36:27436..28284:-	none	none	none	none	none	none	none	none	71.7	MOBC		no_slot_defined
NZ_CP096529.1	MPF_FA	T4SS_virb4 AND NOT(T/F/I) AND >=2 FA/FATA	39	7	0	7	FATA	high		FATA_prgF;FATA_trsC;FATA_trsD;FATA_trsF;FATA_trsG;FATA_trsJ;FATA_trsL	26:24461..26473:-	none	20:17330..18976:-	20:17330..18976:-	none	none	none	none	none	none	none	38:33569..35566:+	none	none	307.8	MOBQ		no_slot_defined
NZ_CP096531.1	MPF_FA	T4SS_virb4 AND NOT(T/F/I) AND >=2 FA/FATA	40	6	4	2	FA	high	FA_orf13;FA_orf17a;FA_orf17b;FA_orf19	FATA_prgIc;FATA_trsG	29:21825..24497:-	none	none	34:27377..30514:-	none	33:26468..27316:-	none	none	none	none	none	none	none	none	68.1	MOBC		no_slot_defined
NZ_CP096536.1	MPF_FA	T4SS_virb4 AND NOT(T/F/I) AND >=2 FA/FATA	44	6	4	2	FA	high	FA_orf13;FA_orf17a;FA_orf17b;FA_orf19	FATA_prgIc;FATA_trsG	33:23020..25692:-	none	none	38:28570..31707:-	none	37:27663..28511:-	none	none	none	none	none	none	none	none	71.7	MOBC		no_slot_defined
NZ_CP096564.1	MPF_FA	T4SS_virb4 AND NOT(T/F/I) AND >=2 FA/FATA	115	2	0	2	FATA	minimal		FATA_cd419a;FATA_prgF	41:38953..40779:-	none	37:34551..36359:-	37:34551..36359:-	none	none	27:22234..26943:+	none	none	none	none	none	none	none	79.7	MOBF		no_slot_defined
NZ_CP096825.1	MPF_FA	T4SS_virb4 AND NOT(T/F/I) AND >=2 FA/FATA	191	3	1	2	FATA	medium	FA_orf14	FATA_cd419a;FATA_prgF	2:2796..4895:-	none	38:38881..42210:+	38:38881..42210:+	none	none	none	none	none	none	none	none	none	none	322.9			no_slot_defined
NZ_CP096826.1	MPF_FA	T4SS_virb4 AND NOT(T/F/I) AND >=2 FA/FATA	107	2	1	1	unassigned	minimal	FA_orf14	FATA_cd419a	31:26878..28812:+	none	24:19903..21738:+	24:19903..21738:+	none	none	none	none	none	38:33021..34577:+	none	none	none	none	345.1	MOBP2		no_slot_defined
NZ_CP096828.1	MPF_FA	T4SS_virb4 AND NOT(T/F/I) AND >=2 FA/FATA	192	3	1	2	FATA	medium	FA_orf14	FATA_cd419a;FATA_prgF	2:2861..4960:-	none	38:38933..42262:+	38:38933..42262:+	none	none	none	none	none	none	none	none	none	none	325.1			no_slot_defined
NZ_CP096967.1	MPF_FA	T4SS_virb4 AND NOT(T/F/I) AND >=2 FA/FATA	50	2	0	2	FATA	minimal		FATA_cd419a;FATA_trsC	0:1..2277:+	none	31:24974..26929:+	31:24974..26929:+	none	none	none	none	35:28731..30350:-	none	none	none	none	none	375.2	MOBP1		no_slot_defined
NZ_CP097003.1	MPF_FA	T4SS_virb4 AND NOT(T/F/I) AND >=2 FA/FATA	88	7	6	1	FA	high	FA_orf13;FA_orf14;FA_orf15;FA_orf17a;FA_orf19;FA_orf23	FATA_cd419a	14:15474..17921:-	19:20647..22032:-	none	none	none	none	none	none	25:26421..28106:+	none	none	none	18:19264..20469:-	6:4260..5522:-	93.8	MOBP1;MOBT;MOBV		no_slot_defined
NZ_CP097007.1	MPF_FA	T4SS_virb4 AND NOT(T/F/I) AND >=2 FA/FATA	74	7	6	1	FA	high	FA_orf13;FA_orf14;FA_orf15;FA_orf17a;FA_orf19;FA_orf23	FATA_cd419a	14:15471..17918:-	19:20644..22029:-	none	none	none	none	none	none	26:26418..28115:+	none	none	none	18:19261..20466:-	6:4257..5519:-	93.8	MOBP1;MOBT;MOBV		no_slot_defined
NZ_CP097011.1	MPF_FA	T4SS_virb4 AND NOT(T/F/I) AND >=2 FA/FATA	123	8	6	2	FA	high	FA_orf13;FA_orf14;FA_orf15;FA_orf17a;FA_orf19;FA_orf23	FATA_cd419_1;FATA_cd419a	14:15471..17918:-	19:20644..22029:-	none	none	none	none	none	none	25:26418..28103:+	none	none	none	18:19261..20466:-	6:4257..5519:-	93.8	MOBP1;MOBT;MOBV		no_slot_defined
NZ_CP097012.1	MPF_FA	T4SS_virb4 AND NOT(T/F/I) AND >=2 FA/FATA	62	8	0	8	FATA	high		FATA_cd419a;FATA_prgB;FATA_prgC;FATA_prgF;FATA_prgHb;FATA_prgIc;FATA_prgK;FATA_prgL	8:6349..8739:-	none	61:55482..57068:-	61:55482..57068:-	none	none	none	none	57:50679..52364:-	none	none	none	none	none	292.1	MOBP1		no_slot_defined
NZ_CP097016.1	MPF_FA	T4SS_virb4 AND NOT(T/F/I) AND >=2 FA/FATA	43	5	2	3	unassigned	high	FA_orf13;FA_orf14	FATA_cd419a;FATA_trsF;FATA_trsL	0:94..684:+	none	6:4738..6264:+	6:4738..6264:+	none	none	none	none	none	none	none	none	none	27:24360..24656:+	88.6	MOBV		no_slot_defined
NZ_CP097021.1	MPF_FA	T4SS_virb4 AND NOT(T/F/I) AND >=2 FA/FATA	76	7	6	1	FA	high	FA_orf13;FA_orf14;FA_orf15;FA_orf17a;FA_orf19;FA_orf23	FATA_cd419a	14:15471..17918:-	19:20644..22029:-	none	none	none	none	none	none	25:26418..28103:+	none	none	none	18:19261..20466:-	6:4257..5519:-	93.8	MOBP1;MOBT;MOBV		no_slot_defined
NZ_CP097029.1	MPF_FA	T4SS_virb4 AND NOT(T/F/I) AND >=2 FA/FATA	47	5	2	3	unassigned	high	FA_orf13;FA_orf14	FATA_cd419a;FATA_trsF;FATA_trsL	32:30838..31374:+	none	42:40711..42237:+	42:40711..42237:+	none	none	none	none	none	none	none	none	none	12:16918..17214:+	87.1	MOBV		no_slot_defined
NZ_CP097035.1	MPF_FA	T4SS_virb4 AND NOT(T/F/I) AND >=2 FA/FATA	99	9	1	8	FATA	high	FA_orf14	FATA_cd419_1;FATA_cd419a;FATA_prgC;FATA_trsC;FATA_trsD;FATA_trsF;FATA_trsG;FATA_trsL	23:26374..28335:-	none	18:21229..22884:-	18:21229..22884:-	none	none	none	none	27:29750..31714:-	none	none	27:29750..31714:-	none	none	259.9	MOBP1;MOBQ		no_slot_defined
NZ_CP097036.1	MPF_FA	T4SS_virb4 AND NOT(T/F/I) AND >=2 FA/FATA	58	6	3	3	unassigned	high	FA_orf13;FA_orf15;FA_orf17b	FATA_prgB;FATA_prgC;FATA_trsG	26:23857..26388:+	none	none	29:29099..31357:+	none	none	none	none	none	none	none	none	none	none	91.2			no_slot_defined
NZ_CP097039.1	MPF_FA	T4SS_virb4 AND NOT(T/F/I) AND >=2 FA/FATA	92	7	5	2	FA	high	FA_orf13;FA_orf14;FA_orf15;FA_orf17a;FA_orf19	FATA_cd419_1;FATA_cd419a	14:15471..17918:-	19:20644..21735:-	none	none	none	none	none	none	none	none	none	none	18:19261..20466:-	6:4257..5519:-	93.8	MOBT;MOBV		no_slot_defined
NZ_CP097047.1	MPF_FA	T4SS_virb4 AND NOT(T/F/I) AND >=2 FA/FATA	71	7	6	1	FA	high	FA_orf13;FA_orf14;FA_orf15;FA_orf17a;FA_orf19;FA_orf23	FATA_cd419a	14:15471..17918:-	19:20644..22029:-	none	none	none	none	none	none	25:26418..28103:+	none	none	none	18:19261..20466:-	6:4257..5519:-	93.8	MOBP1;MOBT;MOBV		no_slot_defined
NZ_CP097050.1	MPF_FA	T4SS_virb4 AND NOT(T/F/I) AND >=2 FA/FATA	51	6	3	3	unassigned	high	FA_orf13;FA_orf15;FA_orf17b	FATA_prgB;FATA_prgC;FATA_trsG	24:23041..25605:+	none	none	27:28307..30565:+	none	28:31145..31873:+	none	none	none	none	none	none	none	none	88.4	MOBC		no_slot_defined
NZ_CP097057.1	MPF_FA	T4SS_virb4 AND NOT(T/F/I) AND >=2 FA/FATA	77	6	3	3	unassigned	high	FA_orf13;FA_orf15;FA_orf17b	FATA_prgB;FATA_prgC;FATA_trsG	25:23399..25930:+	none	none	28:28630..30888:+	none	29:31410..32195:+	none	none	none	none	none	none	none	none	89.7	MOBC		no_slot_defined
NZ_CP097058.1	MPF_FA	T4SS_virb4 AND NOT(T/F/I) AND >=2 FA/FATA	76	7	6	1	FA	high	FA_orf13;FA_orf14;FA_orf15;FA_orf17a;FA_orf19;FA_orf23	FATA_cd419a	14:15471..17918:-	19:20644..22029:-	none	none	none	none	none	none	25:26418..28103:+	none	none	none	18:19261..20466:-	6:4257..5519:-	93.8	MOBP1;MOBT;MOBV		no_slot_defined
NZ_CP097060.1	MPF_FA	T4SS_virb4 AND NOT(T/F/I) AND >=2 FA/FATA	74	6	3	3	unassigned	high	FA_orf13;FA_orf15;FA_orf17b	FATA_prgB;FATA_prgC;FATA_trsG	24:22701..25265:+	none	none	27:27970..30228:+	none	28:30750..31535:+	none	none	none	none	none	none	none	58:53736..54998:-	90.2	MOBC;MOBV		no_slot_defined
NZ_CP097062.1	MPF_FA	T4SS_virb4 AND NOT(T/F/I) AND >=2 FA/FATA	67	9	0	9	FATA	high		FATA_cd411;FATA_cd419a;FATA_prgC;FATA_prgF;FATA_prgHa;FATA_prgHb;FATA_prgIa;FATA_prgIb;FATA_prgIc	9:7734..10184:-	13:11863..13737:-	13:11863..13737:-	13:11863..13737:-	none	none	none	none	62:56685..58979:-	none	none	none	none	none	355.7	MOBP1		no_slot_defined
NZ_CP097063.1	MPF_FA	T4SS_virb4 AND NOT(T/F/I) AND >=2 FA/FATA	66	6	5	1	FA	high	FA_orf14;FA_orf15;FA_orf17a;FA_orf19;FA_orf23	FATA_cd419a	57:43383..45830:-	62:48556..49941:-	none	none	none	none	none	none	47:34893..35807:-	9:5849..6016:-	none	none	61:47173..48378:-	none	93.8	MOBP1;MOBP2;MOBT		no_slot_defined
NZ_CP097064.1	MPF_FA	T4SS_virb4 AND NOT(T/F/I) AND >=2 FA/FATA	37	7	1	6	FATA	high	FA_orf14	FATA_prgC;FATA_trsC;FATA_trsD;FATA_trsF;FATA_trsG;FATA_trsL	8:5296..7257:+	none	13:10747..12402:+	13:10747..12402:+	none	none	none	none	4:1917..3881:+	none	none	4:1917..3881:+	none	none	262.1	MOBP1;MOBQ		no_slot_defined
NZ_CP097067.1	MPF_FA	T4SS_virb4 AND NOT(T/F/I) AND >=2 FA/FATA	66	7	6	1	FA	high	FA_orf13;FA_orf14;FA_orf15;FA_orf17a;FA_orf19;FA_orf23	FATA_cd419a	14:15471..17918:-	19:20644..22029:-	none	none	none	none	none	none	25:26418..28103:+	none	none	none	18:19261..20466:-	6:4257..5519:-	93.8	MOBP1;MOBT;MOBV		no_slot_defined
NZ_CP097070.1	MPF_FA	T4SS_virb4 AND NOT(T/F/I) AND >=2 FA/FATA	87	8	6	2	FA	high	FA_orf13;FA_orf14;FA_orf15;FA_orf17a;FA_orf19;FA_orf23	FATA_cd419_1;FATA_cd419a	14:15471..17918:-	19:20644..22029:-	none	none	none	none	none	none	26:26363..28048:+	none	none	none	18:19261..20466:-	6:4257..5519:-	93.8	MOBP1;MOBT;MOBV		no_slot_defined
NZ_CP097071.1	MPF_FA	T4SS_virb4 AND NOT(T/F/I) AND >=2 FA/FATA	89	6	3	3	unassigned	high	FA_orf13;FA_orf15;FA_orf17b	FATA_prgB;FATA_prgC;FATA_trsG	24:22701..25265:+	none	none	27:27970..30228:+	none	28:30750..31535:+	none	none	none	none	none	none	none	none	90.2	MOBC		no_slot_defined
NZ_CP097258.1	MPF_FA	T4SS_virb4 AND NOT(T/F/I) AND >=2 FA/FATA	285	6	0	6	FATA	high		FATA_cd419a;FATA_gbs1354;FATA_trsC;FATA_trsD;FATA_trsG;FATA_trsL	69:54450..56342:+	none	64:50208..52154:+	64:50208..52154:+	none	138:118792..119238:+	none	none	63:47668..50211:+	none	63:47668..50211:+	none	none	none	289.7	MOBC;MOBP1;MOBP3		no_slot_defined
NZ_CP097259.1	MPF_FA	T4SS_virb4 AND NOT(T/F/I) AND >=2 FA/FATA	227	6	1	5	FATA	high	FA_orf14	FATA_cd419a;FATA_trsC;FATA_trsD;FATA_trsG;FATA_trsL	103:76885..78819:-	none	0:1989..4613:-	0:1989..4613:-	none	none	none	none	176:131164..133707:+	94:70353..71897:-	176:131164..133707:+	none	none	none	350.6	MOBP1;MOBP2;MOBP3		no_slot_defined
NZ_CP097353.1	MPF_FA	T4SS_virb4 AND NOT(T/F/I) AND >=2 FA/FATA	392	2	1	1	unassigned	minimal	FA_orf14	FATA_cd419a	102:95641..97740:-	none	173:166043..167188:+	175:169751..172093:+	none	none	none	none	none	none	none	none	none	none	328.6			no_slot_defined
NZ_CP097481.1	MPF_FA	T4SS_virb4 AND NOT(T/F/I) AND >=2 FA/FATA	295	2	0	2	FATA	minimal		FATA_cd419a;FATA_prgC	40:49232..52111:-	none	33:40572..42317:-	33:40572..42317:-	none	none	50:59816..62050:+	none	88:102397..103938:-	none	none	none	none	none	125.9	MOBF;MOBP1		no_slot_defined
NZ_CP097782.1	MPF_FA	T4SS_virb4 AND NOT(T/F/I) AND >=2 FA/FATA	79	2	1	1	unassigned	minimal	FA_orf14	FATA_cd419a	77:62253..64151:-	none	2:3038..5398:-	2:3038..5398:-	none	none	none	none	71:57349..58581:-	71:57349..58581:-	none	none	none	none	246.4	MOBP1;MOBP2		no_slot_defined
NZ_CP097786.1	MPF_FA	T4SS_virb4 AND NOT(T/F/I) AND >=2 FA/FATA	79	2	1	1	unassigned	minimal	FA_orf14	FATA_cd419a	17:11674..13572:-	none	21:17096..19456:-	21:17096..19456:-	none	none	none	none	11:6770..8002:-	11:6770..8002:-	none	none	none	none	246.4	MOBP1;MOBP2		no_slot_defined
NZ_CP098026.1	MPF_FA	T4SS_virb4 AND NOT(T/F/I) AND >=2 FA/FATA	75	8	0	8	FATA	high		FATA_cd419a;FATA_prgB;FATA_prgC;FATA_prgF;FATA_prgHb;FATA_prgIc;FATA_prgK;FATA_prgL	12:11076..13466:+	none	22:19979..21808:+	22:19979..21808:+	none	none	none	none	26:24926..26611:+	none	none	none	none	none	289.5	MOBP1		no_slot_defined
NZ_CP098027.1	MPF_FA	T4SS_virb4 AND NOT(T/F/I) AND >=2 FA/FATA	63	7	6	1	FA	high	FA_orf13;FA_orf14;FA_orf15;FA_orf17a;FA_orf19;FA_orf23	FATA_cd419a	8:11315..13762:-	13:16488..17873:-	none	none	none	none	none	none	19:22262..23947:+	none	none	none	12:15105..16310:-	2:1516..2778:-	93.8	MOBP1;MOBT;MOBV		no_slot_defined
NZ_CP098037.1	MPF_FA	T4SS_virb4 AND NOT(T/F/I) AND >=2 FA/FATA	89	2	1	1	unassigned	minimal	FA_orf14	FATA_cd419a	48:30175..32070:-	none	52:35910..38270:-	52:35910..38270:-	none	none	none	none	42:25190..26422:-	42:25190..26422:-	none	none	none	none	257.2	MOBP1;MOBP2		no_slot_defined
NZ_CP098419.1	MPF_FA	T4SS_virb4 AND NOT(T/F/I) AND >=2 FA/FATA	65	8	0	8	FATA	high		FATA_cd419a;FATA_prgB;FATA_prgC;FATA_prgF;FATA_prgHb;FATA_prgIc;FATA_prgK;FATA_prgL	49:43828..46218:+	none	58:52418..54247:+	58:52418..54247:+	none	none	none	none	62:57365..59050:+	none	none	none	none	none	292.1	MOBP1		no_slot_defined
NZ_CP098420.1	MPF_FA	T4SS_virb4 AND NOT(T/F/I) AND >=2 FA/FATA	63	7	6	1	FA	high	FA_orf13;FA_orf14;FA_orf15;FA_orf17a;FA_orf19;FA_orf23	FATA_cd419a	8:11315..13762:-	13:16488..17873:-	none	none	none	none	none	none	19:22262..23947:+	none	none	none	12:15105..16310:-	2:1516..2778:-	93.8	MOBP1;MOBT;MOBV		no_slot_defined
NZ_CP098492.1	MPF_FA	T4SS_virb4 AND NOT(T/F/I) AND >=2 FA/FATA	89	2	1	1	unassigned	minimal	FA_orf14	FATA_cd419a	27:19140..21035:-	none	31:24875..27235:-	31:24875..27235:-	none	none	none	none	21:14155..15387:-	21:14155..15387:-	none	none	none	none	257.2	MOBP1;MOBP2		no_slot_defined
NZ_CP098508.1	MPF_FA	T4SS_virb4 AND NOT(T/F/I) AND >=2 FA/FATA	60	3	1	2	FATA	medium	FA_orf14	FATA_cd419a;FATA_trsG	9:6954..8969:-	none	13:12431..14896:-	13:12431..14896:-	none	none	none	none	3:1966..3306:-	3:1966..3306:-	none	none	none	none	222.5	MOBP1;MOBP2		no_slot_defined
NZ_CP098510.1	MPF_FA	T4SS_virb4 AND NOT(T/F/I) AND >=2 FA/FATA	60	3	1	2	FATA	medium	FA_orf14	FATA_cd419a;FATA_trsG	9:6954..8969:-	none	13:12431..14896:-	13:12431..14896:-	none	none	none	none	3:1966..3306:-	3:1966..3306:-	none	none	none	none	222.5	MOBP1;MOBP2		no_slot_defined
NZ_CP098646.1	MPF_FA	T4SS_virb4 AND NOT(T/F/I) AND >=2 FA/FATA	43	6	0	6	FATA	high		FATA_trsC;FATA_trsD;FATA_trsF;FATA_trsG;FATA_trsJ;FATA_trsL	35:33603..35615:-	none	29:26481..28127:-	29:26481..28127:-	none	none	none	none	none	none	none	5:3094..5091:+	none	none	320.4	MOBQ		no_slot_defined
NZ_CP098647.1	MPF_FA	T4SS_virb4 AND NOT(T/F/I) AND >=2 FA/FATA	43	6	0	6	FATA	high		FATA_trsC;FATA_trsD;FATA_trsF;FATA_trsG;FATA_trsJ;FATA_trsL	35:33603..35615:-	none	29:26481..28127:-	29:26481..28127:-	none	none	none	none	none	none	none	5:3094..5091:+	none	none	320.4	MOBQ		no_slot_defined
NZ_CP098648.1	MPF_FA	T4SS_virb4 AND NOT(T/F/I) AND >=2 FA/FATA	43	6	0	6	FATA	high		FATA_trsC;FATA_trsD;FATA_trsF;FATA_trsG;FATA_trsJ;FATA_trsL	35:33603..35615:-	none	29:26481..28127:-	29:26481..28127:-	none	none	none	none	none	none	none	5:3094..5091:+	none	none	320.4	MOBQ		no_slot_defined
NZ_CP098649.1	MPF_FA	T4SS_virb4 AND NOT(T/F/I) AND >=2 FA/FATA	43	6	0	6	FATA	high		FATA_trsC;FATA_trsD;FATA_trsF;FATA_trsG;FATA_trsJ;FATA_trsL	35:33603..35615:-	none	29:26481..28127:-	29:26481..28127:-	none	none	none	none	none	none	none	5:3094..5091:+	none	none	320.4	MOBQ		no_slot_defined
NZ_CP098650.1	MPF_FA	T4SS_virb4 AND NOT(T/F/I) AND >=2 FA/FATA	47	6	0	6	FATA	high		FATA_trsC;FATA_trsD;FATA_trsF;FATA_trsG;FATA_trsJ;FATA_trsL	39:37556..39568:-	none	33:30434..32080:-	33:30434..32080:-	none	none	none	none	none	none	none	5:3094..5091:+	none	none	320.4	MOBQ		no_slot_defined
NZ_CP098651.1	MPF_FA	T4SS_virb4 AND NOT(T/F/I) AND >=2 FA/FATA	43	6	0	6	FATA	high		FATA_trsC;FATA_trsD;FATA_trsF;FATA_trsG;FATA_trsJ;FATA_trsL	35:33602..35614:-	none	29:26480..28126:-	29:26480..28126:-	none	none	none	none	none	none	none	5:3094..5091:+	none	none	320.4	MOBQ		no_slot_defined
NZ_CP098652.1	MPF_FA	T4SS_virb4 AND NOT(T/F/I) AND >=2 FA/FATA	43	6	0	6	FATA	high		FATA_trsC;FATA_trsD;FATA_trsF;FATA_trsG;FATA_trsJ;FATA_trsL	35:33603..35615:-	none	29:26481..28127:-	29:26481..28127:-	none	none	none	none	none	none	none	5:3094..5091:+	none	none	320.4	MOBQ		no_slot_defined
NZ_CP098653.1	MPF_FA	T4SS_virb4 AND NOT(T/F/I) AND >=2 FA/FATA	43	6	0	6	FATA	high		FATA_trsC;FATA_trsD;FATA_trsF;FATA_trsG;FATA_trsJ;FATA_trsL	35:33603..35615:-	none	29:26481..28127:-	29:26481..28127:-	none	none	none	none	none	none	none	5:3094..5091:+	none	none	320.4	MOBQ		no_slot_defined
NZ_CP098654.1	MPF_FA	T4SS_virb4 AND NOT(T/F/I) AND >=2 FA/FATA	43	6	0	6	FATA	high		FATA_trsC;FATA_trsD;FATA_trsF;FATA_trsG;FATA_trsJ;FATA_trsL	35:33603..35615:-	none	29:26481..28127:-	29:26481..28127:-	none	none	none	none	none	none	none	5:3094..5091:+	none	none	320.4	MOBQ		no_slot_defined
NZ_CP098655.1	MPF_FA	T4SS_virb4 AND NOT(T/F/I) AND >=2 FA/FATA	43	6	0	6	FATA	high		FATA_trsC;FATA_trsD;FATA_trsF;FATA_trsG;FATA_trsJ;FATA_trsL	35:33603..35615:-	none	29:26481..28127:-	29:26481..28127:-	none	none	none	none	none	none	none	5:3094..5091:+	none	none	320.4	MOBQ		no_slot_defined
NZ_CP098656.1	MPF_FA	T4SS_virb4 AND NOT(T/F/I) AND >=2 FA/FATA	43	6	0	6	FATA	high		FATA_trsC;FATA_trsD;FATA_trsF;FATA_trsG;FATA_trsJ;FATA_trsL	35:33603..35615:-	none	29:26481..28127:-	29:26481..28127:-	none	none	none	none	none	none	none	5:3094..5091:+	none	none	320.4	MOBQ		no_slot_defined
NZ_CP098657.1	MPF_FA	T4SS_virb4 AND NOT(T/F/I) AND >=2 FA/FATA	43	6	0	6	FATA	high		FATA_trsC;FATA_trsD;FATA_trsF;FATA_trsG;FATA_trsJ;FATA_trsL	35:33603..35615:-	none	29:26481..28127:-	29:26481..28127:-	none	none	none	none	none	none	none	5:3094..5091:+	none	none	320.4	MOBQ		no_slot_defined
NZ_CP098658.1	MPF_FA	T4SS_virb4 AND NOT(T/F/I) AND >=2 FA/FATA	42	6	0	6	FATA	high		FATA_trsC;FATA_trsD;FATA_trsF;FATA_trsG;FATA_trsJ;FATA_trsL	34:31721..33733:-	none	28:24599..26245:-	28:24599..26245:-	none	none	none	none	none	none	none	5:3094..5091:+	none	none	320.4	MOBQ		no_slot_defined
NZ_CP098659.1	MPF_FA	T4SS_virb4 AND NOT(T/F/I) AND >=2 FA/FATA	43	6	0	6	FATA	high		FATA_trsC;FATA_trsD;FATA_trsF;FATA_trsG;FATA_trsJ;FATA_trsL	35:33603..35615:-	none	29:26481..28127:-	29:26481..28127:-	none	none	none	none	none	none	none	5:3094..5091:+	none	none	320.4	MOBQ		no_slot_defined
NZ_CP098660.1	MPF_FA	T4SS_virb4 AND NOT(T/F/I) AND >=2 FA/FATA	35	4	0	4	FATA	medium		FATA_trsC;FATA_trsD;FATA_trsF;FATA_trsG	27:26796..28808:-	none	none	none	none	none	none	none	none	none	none	5:3094..5091:+	none	none	320.4	MOBQ		no_slot_defined
NZ_CP098661.1	MPF_FA	T4SS_virb4 AND NOT(T/F/I) AND >=2 FA/FATA	43	6	0	6	FATA	high		FATA_trsC;FATA_trsD;FATA_trsF;FATA_trsG;FATA_trsJ;FATA_trsL	35:33603..35615:-	none	29:26481..28127:-	29:26481..28127:-	none	none	none	none	none	none	none	5:3094..5091:+	none	none	320.4	MOBQ		no_slot_defined
NZ_CP098662.1	MPF_FA	T4SS_virb4 AND NOT(T/F/I) AND >=2 FA/FATA	43	6	0	6	FATA	high		FATA_trsC;FATA_trsD;FATA_trsF;FATA_trsG;FATA_trsJ;FATA_trsL	35:33603..35615:-	none	29:26481..28127:-	29:26481..28127:-	none	none	none	none	none	none	none	5:3094..5091:+	none	none	320.4	MOBQ		no_slot_defined
NZ_CP098663.1	MPF_FA	T4SS_virb4 AND NOT(T/F/I) AND >=2 FA/FATA	43	6	0	6	FATA	high		FATA_trsC;FATA_trsD;FATA_trsF;FATA_trsG;FATA_trsJ;FATA_trsL	35:33603..35615:-	none	29:26481..28127:-	29:26481..28127:-	none	none	none	none	none	none	none	5:3094..5091:+	none	none	320.4	MOBQ		no_slot_defined
NZ_CP098664.1	MPF_FA	T4SS_virb4 AND NOT(T/F/I) AND >=2 FA/FATA	49	6	0	6	FATA	high		FATA_trsC;FATA_trsD;FATA_trsF;FATA_trsG;FATA_trsJ;FATA_trsL	41:40268..42280:-	none	35:33146..34792:-	35:33146..34792:-	none	none	none	none	none	none	none	5:3094..5091:+	none	none	320.4	MOBQ		no_slot_defined
NZ_CP098665.1	MPF_FA	T4SS_virb4 AND NOT(T/F/I) AND >=2 FA/FATA	49	6	0	6	FATA	high		FATA_trsC;FATA_trsD;FATA_trsF;FATA_trsG;FATA_trsJ;FATA_trsL	41:40268..42280:-	none	35:33146..34792:-	35:33146..34792:-	none	none	none	none	none	none	none	5:3094..5091:+	none	none	320.4	MOBQ		no_slot_defined
NZ_CP098666.1	MPF_FA	T4SS_virb4 AND NOT(T/F/I) AND >=2 FA/FATA	49	6	0	6	FATA	high		FATA_trsC;FATA_trsD;FATA_trsF;FATA_trsG;FATA_trsJ;FATA_trsL	41:41165..43177:-	none	35:34043..35689:-	35:34043..35689:-	none	none	none	none	none	none	none	5:3094..5091:+	none	none	320.4	MOBQ		no_slot_defined
NZ_CP098745.1	MPF_FA	T4SS_virb4 AND NOT(T/F/I) AND >=2 FA/FATA	56	2	1	1	unassigned	minimal	FA_orf14	FATA_prgB	4:5038..7587:-	none	8:10830..13376:-	8:10830..13376:-	none	none	none	none	49:54563..56740:-	49:54563..56740:-	none	none	none	none	146.9	MOBP1;MOBP2		no_slot_defined
NZ_CP098746.1	MPF_FA	T4SS_virb4 AND NOT(T/F/I) AND >=2 FA/FATA	54	6	3	3	unassigned	high	FA_orf13;FA_orf15;FA_orf17b	FATA_prgB;FATA_prgC;FATA_trsG	33:29772..32336:-	none	none	30:24809..27067:-	none	29:23501..24229:-	none	none	none	none	none	none	none	none	89.9	MOBC		no_slot_defined
NZ_CP098789.1	MPF_FA	T4SS_virb4 AND NOT(T/F/I) AND >=2 FA/FATA	51	3	3	0	FA	medium	FA_orf13;FA_orf15;FA_orf17b		50:36684..39206:+	40:29770..30780:+	none	none	none	none	none	none	none	none	none	none	42:31525..32712:+	none	109.4	MOBT		no_slot_defined
NZ_CP098818.1	MPF_FA	T4SS_virb4 AND NOT(T/F/I) AND >=2 FA/FATA	43	6	0	6	FATA	high		FATA_trsC;FATA_trsD;FATA_trsF;FATA_trsG;FATA_trsJ;FATA_trsL	7:3890..5902:+	none	13:11378..13024:+	13:11378..13024:+	none	none	none	none	none	none	none	37:34414..36411:-	none	none	320.4	MOBQ		no_slot_defined
NZ_CP098822.1	MPF_FA	T4SS_virb4 AND NOT(T/F/I) AND >=2 FA/FATA	43	6	0	6	FATA	high		FATA_trsC;FATA_trsD;FATA_trsF;FATA_trsG;FATA_trsJ;FATA_trsL	7:3890..5902:+	none	13:11378..13024:+	13:11378..13024:+	none	none	none	none	none	none	none	37:34414..36411:-	none	none	320.4	MOBQ		no_slot_defined
NZ_CP099451.1	MPF_FA	T4SS_virb4 AND NOT(T/F/I) AND >=2 FA/FATA	279	2	1	1	unassigned	minimal	FA_orf14	FATA_cd419a	198:216707..217675:+	none	133:153402..156902:-	133:153402..156902:-	none	none	none	none	none	none	none	none	none	none	157.6			no_slot_defined
NZ_CP101136.1	MPF_FA	T4SS_virb4 AND NOT(T/F/I) AND >=2 FA/FATA	313	2	1	1	unassigned	minimal	FA_orf14	FATA_cd419a	212:195146..196114:-	none	277:255919..259419:+	277:255919..259419:+	none	none	none	none	none	none	none	none	none	none	157.6			no_slot_defined
NZ_CP101162.1	MPF_FA	T4SS_virb4 AND NOT(T/F/I) AND >=2 FA/FATA	309	2	0	2	FATA	minimal		FATA_prgB;FATA_prgF	40:52349..54736:-	none	none	none	none	74:82653..82946:+	none	none	none	none	none	none	none	none	183.9	MOBC		no_slot_defined
NZ_CP101463.1	MPF_FA	T4SS_virb4 AND NOT(T/F/I) AND >=2 FA/FATA	110	2	1	1	unassigned	minimal	FA_orf14	FATA_cd419a	23:21956..23908:+	none	17:15979..18342:+	17:15979..18342:+	none	none	none	none	28:26900..28054:+	28:26900..28054:+	none	none	none	none	323.3	MOBP1;MOBP2		no_slot_defined
NZ_CP101821.1	MPF_FA	T4SS_virb4 AND NOT(T/F/I) AND >=2 FA/FATA	70	4	0	4	FATA	medium		FATA_cd419a;FATA_trsD;FATA_trsG;FATA_trsL	3:2230..4101:+	none	61:54821..56788:-	61:54821..56788:-	none	none	none	none	14:10570..11508:+	none	none	62:56817..58880:-	none	none	257.2	MOBP1;MOBQ		no_slot_defined
NZ_CP101822.1	MPF_FA	T4SS_virb4 AND NOT(T/F/I) AND >=2 FA/FATA	50	2	1	1	unassigned	minimal	FA_orf14	FATA_cd419a	39:36539..38512:+	none	33:29326..32040:+	33:29326..32040:+	none	none	none	none	44:41663..42820:+	44:41663..42820:+	none	none	none	none	274.7	MOBP1;MOBP2		no_slot_defined
NZ_CP101834.1	MPF_FA	T4SS_virb4 AND NOT(T/F/I) AND >=2 FA/FATA	107	2	1	1	unassigned	minimal	FA_orf14	FATA_cd419a	8:7321..9252:+	none	4:1440..3986:+	4:1440..3986:+	none	none	none	none	13:12316..13479:+	13:12316..13479:+	none	none	none	none	265.0	MOBP1;MOBP2		no_slot_defined
NZ_CP101934.1	MPF_FA	T4SS_virb4 AND NOT(T/F/I) AND >=2 FA/FATA	89	2	1	1	unassigned	minimal	FA_orf14	FATA_cd419a	25:19030..20925:+	none	21:12830..15190:+	21:12830..15190:+	none	none	none	none	31:24678..25910:+	31:24678..25910:+	none	none	none	none	257.2	MOBP1;MOBP2		no_slot_defined
NZ_CP102066.1	MPF_FA	T4SS_virb4 AND NOT(T/F/I) AND >=2 FA/FATA	89	8	6	2	FA	high	FA_orf13;FA_orf14;FA_orf15;FA_orf17a;FA_orf19;FA_orf23	FATA_cd419_1;FATA_cd419a	14:15471..17918:-	19:20644..22029:-	none	none	none	none	none	none	26:26363..28048:+	none	none	none	18:19261..20466:-	6:4257..5519:-	93.8	MOBP1;MOBT;MOBV		no_slot_defined
NZ_CP102067.1	MPF_FA	T4SS_virb4 AND NOT(T/F/I) AND >=2 FA/FATA	68	8	0	8	FATA	high		FATA_cd419a;FATA_prgB;FATA_prgC;FATA_prgF;FATA_prgHb;FATA_prgIc;FATA_prgK;FATA_prgL	56:51455..53845:+	none	65:60047..61876:+	65:60047..61876:+	none	none	none	none	1:428..2113:+	none	none	none	none	none	289.7	MOBP1		no_slot_defined
NZ_CP102298.1	MPF_FA	T4SS_virb4 AND NOT(T/F/I) AND >=2 FA/FATA	58	3	2	1	FA	medium	FA_orf17a;FA_orf17b	FATA_cd419a	53:39688..42210:+	47:35832..37430:+	none	none	none	26:21323..21853:+	none	none	none	none	none	none	none	none	82.8	MOBC		no_slot_defined
NZ_CP102303.1	MPF_FA	T4SS_virb4 AND NOT(T/F/I) AND >=2 FA/FATA	82	3	2	1	FA	medium	FA_orf17a;FA_orf17b	FATA_cd419a	63:49566..52088:+	56:44898..46481:+	none	none	none	none	none	none	none	none	none	none	none	none	86.0			no_slot_defined
NZ_CP102312.1	MPF_FA	T4SS_virb4 AND NOT(T/F/I) AND >=2 FA/FATA	58	3	2	1	FA	medium	FA_orf17a;FA_orf17b	FATA_cd419a	3:3344..5866:-	9:8124..9713:-	none	none	none	none	none	none	none	none	none	none	none	none	82.6			no_slot_defined
NZ_CP102417.1	MPF_FA	T4SS_virb4 AND NOT(T/F/I) AND >=2 FA/FATA	57	3	2	1	FA	medium	FA_orf17a;FA_orf17b	FATA_cd419a	35:21775..24297:+	29:17919..19517:+	none	none	none	8:3408..3938:+	none	none	none	none	none	none	none	none	82.6	MOBC		no_slot_defined
NZ_CP102421.1	MPF_FA	T4SS_virb4 AND NOT(T/F/I) AND >=2 FA/FATA	56	3	2	1	FA	medium	FA_orf17a;FA_orf17b	FATA_cd419a	28:19361..21883:+	22:15505..17103:+	none	none	none	1:994..1524:+	none	none	none	none	none	none	none	none	82.6	MOBC		no_slot_defined
NZ_CP102531.1	MPF_FA	T4SS_virb4 AND NOT(T/F/I) AND >=2 FA/FATA	71	8	0	8	FATA	high		FATA_cd411;FATA_prgF;FATA_prgHa;FATA_prgHb;FATA_prgIa;FATA_prgIb;FATA_prgIc;FATA_trsG	20:16063..18519:-	none	24:19933..21828:-	24:19933..21828:-	none	none	none	none	12:7452..9659:-	none	none	none	none	none	330.3	MOBP1		no_slot_defined
NZ_CP102628.1	MPF_FA	T4SS_virb4 AND NOT(T/F/I) AND >=2 FA/FATA	123	2	0	2	FATA	minimal		FATA_cd419a;FATA_trsG	78:67183..69141:+	none	35:34424..36694:+	35:34424..36694:+	none	none	none	none	48:47443..48675:+	86:73955..75301:+	none	none	none	none	263.4	MOBP1;MOBP2		no_slot_defined
NZ_CP103142.1	MPF_FA	T4SS_virb4 AND NOT(T/F/I) AND >=2 FA/FATA	71	2	0	2	FATA	minimal		FATA_cd419a;FATA_trsC	0:1..2841:+	none	40:34086..35213:+	40:34086..35213:+	none	none	none	none	51:45097..46716:-	none	none	none	none	none	473.8	MOBP1		no_slot_defined
NZ_CP103143.1	MPF_FA	T4SS_virb4 AND NOT(T/F/I) AND >=2 FA/FATA	60	2	0	2	FATA	minimal		FATA_cd419a;FATA_prgF	37:23039..25159:+	none	53:36406..38292:+	53:36406..38292:+	none	none	none	none	18:11541..13028:+	none	none	none	none	none	295.9	MOBP1		no_slot_defined
NZ_CP103211.1	MPF_FA	T4SS_virb4 AND NOT(T/F/I) AND >=2 FA/FATA	52	2	0	2	FATA	minimal		FATA_cd419a;FATA_prgF	30:19989..22559:+	none	43:30736..32754:+	43:30736..32754:+	none	none	none	none	11:8486..9973:+	none	none	none	none	none	381.7	MOBP1		no_slot_defined
NZ_CP103385.1	MPF_FA	T4SS_virb4 AND NOT(T/F/I) AND >=2 FA/FATA	46	3	3	0	FA	medium	FA_orf13;FA_orf15;FA_orf17b		40:31117..33639:+	30:24199..25209:+	none	none	none	none	none	none	none	none	none	none	32:25930..27114:+	none	113.0	MOBT		no_slot_defined
NZ_CP103398.1	MPF_FA	T4SS_virb4 AND NOT(T/F/I) AND >=2 FA/FATA	60	2	0	2	FATA	minimal		FATA_cd419a;FATA_trsG	48:43283..45229:+	none	41:37418..39742:+	41:37418..39742:+	none	none	none	none	54:48604..49950:+	54:48604..49950:+	none	none	none	none	262.6	MOBP1;MOBP2		no_slot_defined
NZ_CP103457.1	MPF_FA	T4SS_virb4 AND NOT(T/F/I) AND >=2 FA/FATA	89	2	1	1	unassigned	minimal	FA_orf14	FATA_cd419a	3:1404..3299:+	none	88:59819..62179:+	88:59819..62179:+	none	none	none	none	9:7052..8284:+	9:7052..8284:+	none	none	none	none	257.2	MOBP1;MOBP2		no_slot_defined
NZ_CP103778.1	MPF_FA	T4SS_virb4 AND NOT(T/F/I) AND >=2 FA/FATA	461	7	6	1	FA	high	FA_orf13;FA_orf14;FA_orf15;FA_orf17a;FA_orf17b;FA_orf19	FATA_cd419a	15:17156..19696:+	45:46050..47216:+	none	none	none	401:508738..509184:-	none	none	none	none	none	none	none	none	142.2	MOBC		no_slot_defined
NZ_CP103779.1	MPF_FA	T4SS_virb4 AND NOT(T/F/I) AND >=2 FA/FATA	252	3	1	2	FATA	medium	FA_orf14	FATA_cd419a;FATA_prgC	179:182689..184545:-	247:243875..245041:+	184:188523..191081:-	184:188523..191081:-	none	54:55097..55327:-	none	none	174:178342..179532:-	174:178342..179532:-	none	none	none	none	321.9	MOBC;MOBP1;MOBP2		no_slot_defined
NZ_CP104304.1	MPF_FA	T4SS_virb4 AND NOT(T/F/I) AND >=2 FA/FATA	91	9	0	9	FATA	high		FATA_cd411;FATA_prgC;FATA_prgF;FATA_prgHa;FATA_prgHb;FATA_prgIa;FATA_prgIb;FATA_prgIc;FATA_trsG	30:31454..33910:-	none	34:35324..37225:-	34:35324..37225:-	none	none	none	none	22:22838..25045:-	none	none	none	none	none	327.2	MOBP1		no_slot_defined
NZ_CP104305.1	MPF_FA	T4SS_virb4 AND NOT(T/F/I) AND >=2 FA/FATA	72	9	0	9	FATA	high		FATA_cd411;FATA_prgC;FATA_prgF;FATA_prgHa;FATA_prgHb;FATA_prgIa;FATA_prgIb;FATA_prgIc;FATA_trsG	17:15652..18108:-	none	21:19521..21338:-	21:19521..21338:-	none	none	none	none	9:7008..9218:-	none	none	none	none	none	324.6	MOBP1		no_slot_defined
NZ_CP104306.1	MPF_FA	T4SS_virb4 AND NOT(T/F/I) AND >=2 FA/FATA	73	3	0	3	FATA	medium		FATA_cd419a;FATA_prgC;FATA_trsG	24:17583..19511:-	none	28:22482..24938:-	28:22482..24938:-	none	none	none	none	16:11934..13178:-	16:11934..13178:-	none	none	none	none	194.7	MOBP1;MOBP2		no_slot_defined
NZ_CP104394.1	MPF_FA	T4SS_virb4 AND NOT(T/F/I) AND >=2 FA/FATA	83	8	0	8	FATA	high		FATA_cd411;FATA_cd419a;FATA_prgF;FATA_prgHa;FATA_prgHb;FATA_prgIa;FATA_prgIb;FATA_prgIc	50:50990..53413:+	none	45:47391..49268:+	45:47391..49268:+	none	none	none	none	64:62784..65033:+	none	none	none	none	none	347.8	MOBP1		no_slot_defined
NZ_CP104729.1	MPF_FA	T4SS_virb4 AND NOT(T/F/I) AND >=2 FA/FATA	203	2	0	2	FATA	minimal		FATA_cd419a;FATA_prgIc	49:42166..44175:-	none	none	103:94276..97275:-	none	104:97417..98652:-	none	none	none	none	none	none	none	none	319.5	MOBC		no_slot_defined
NZ_CP106676.1	MPF_FA	T4SS_virb4 AND NOT(T/F/I) AND >=2 FA/FATA	486	2	1	1	unassigned	minimal	FA_orf14	FATA_cd419a	423:430660..431619:-	none	2:2872..6285:+	2:2872..6285:+	none	none	none	none	none	none	none	none	none	none	154.9			no_slot_defined
NZ_CP106758.1	MPF_FA	T4SS_virb4 AND NOT(T/F/I) AND >=2 FA/FATA	70	7	6	1	FA	high	FA_orf13;FA_orf14;FA_orf15;FA_orf17a;FA_orf19;FA_orf23	FATA_cd419a	61:51090..53537:+	56:46979..48364:+	none	none	none	none	none	none	50:40904..42589:-	none	none	none	57:48542..49747:+	33:28802..30061:-	93.8	MOBP1;MOBT;MOBV		no_slot_defined
NZ_CP106864.1	MPF_FA	T4SS_virb4 AND NOT(T/F/I) AND >=2 FA/FATA	95	7	1	6	FATA	high	FA_orf14	FATA_cd419a;FATA_trsC;FATA_trsD;FATA_trsF;FATA_trsJ;FATA_trsL	83:94213..96150:+	none	88:99919..101454:+	88:99919..101454:+	none	none	none	none	72:81311..83344:+	none	none	72:81311..83344:+	none	none	325.2	MOBP1;MOBQ		no_slot_defined
NZ_CP106967.1	MPF_FA	T4SS_virb4 AND NOT(T/F/I) AND >=2 FA/FATA	469	2	1	1	unassigned	minimal	FA_orf23	FATA_cd419a	228:259065..261269:+	none	none	229:261262..265101:+	none	266:296194..296478:-	none	none	none	none	none	none	none	none	226.3	MOBC		no_slot_defined
NZ_CP107737.1	MPF_FA	T4SS_virb4 AND NOT(T/F/I) AND >=2 FA/FATA	377	2	1	1	unassigned	minimal	FA_orf17a	FATA_cd419a	25:21148..23751:+	none	none	30:29127..31613:+	none	31:31610..32644:+	none	none	none	none	none	none	none	none	82.7	MOBC		no_slot_defined
NZ_CP107773.1	MPF_FA	T4SS_virb4 AND NOT(T/F/I) AND >=2 FA/FATA	340	2	1	1	unassigned	minimal	FA_orf17a	FATA_cd419a	292:308327..310924:-	none	none	none	none	285:299025..300065:-	none	none	none	none	none	none	none	none	76.3	MOBC		no_slot_defined
NZ_CP107815.1	MPF_FA	T4SS_virb4 AND NOT(T/F/I) AND >=2 FA/FATA	377	2	1	1	unassigned	minimal	FA_orf17a	FATA_cd419a	25:21152..23755:+	none	none	30:29131..31617:+	none	31:31614..32648:+	none	none	none	none	none	none	none	none	82.7	MOBC		no_slot_defined
NZ_CP107850.1	MPF_FA	T4SS_virb4 AND NOT(T/F/I) AND >=2 FA/FATA	313	2	0	2	FATA	minimal		FATA_cd419a;FATA_prgF	312:327020..328867:-	66:70393..74397:-	305:320504..322267:-	305:320504..322267:-	none	none	282:296759..301672:+	none	none	none	none	none	none	none	81.2	MOBF		no_slot_defined
NZ_CP107888.1	MPF_FA	T4SS_virb4 AND NOT(T/F/I) AND >=2 FA/FATA	282	2	1	1	unassigned	minimal	FA_orf17a	FATA_cd419a	257:262077..264683:-	none	none	252:254197..256680:-	none	251:253184..254200:-	none	none	none	none	none	none	none	none	81.6	MOBC		no_slot_defined
NZ_CP107915.1	MPF_FA	T4SS_virb4 AND NOT(T/F/I) AND >=2 FA/FATA	368	2	1	1	unassigned	minimal	FA_orf17a	FATA_cd419a	22:18881..21481:+	none	27:26692..29109:+	none	none	none	none	none	none	none	none	none	none	none	69.4			no_slot_defined
NZ_CP108060.1	MPF_FA	T4SS_virb4 AND NOT(T/F/I) AND >=2 FA/FATA	282	2	1	1	unassigned	minimal	FA_orf17a	FATA_cd419a	243:260509..263109:-	none	202:220441..220821:-	238:252935..255352:-	none	none	none	none	none	none	none	none	none	none	80.2			no_slot_defined
NZ_CP108170.1	MPF_FA	T4SS_virb4 AND NOT(T/F/I) AND >=2 FA/FATA	50	2	0	2	FATA	minimal		FATA_cd419a;FATA_prgB	10:10865..12334:+	none	40:39443..41791:+	40:39443..41791:+	none	none	45:44886..49889:-	none	none	none	none	none	none	none	91.0	MOBF		no_slot_defined
NZ_CP108246.1	MPF_FA	T4SS_virb4 AND NOT(T/F/I) AND >=2 FA/FATA	241	2	1	1	unassigned	minimal	FA_orf17a	FATA_cd419a	210:232199..234805:-	none	65:70719..72686:+	205:224323..226803:-	none	204:223310..224326:-	none	none	none	none	none	none	none	none	80.0	MOBC		no_slot_defined
NZ_CP108410.1	MPF_FA	T4SS_virb4 AND NOT(T/F/I) AND >=2 FA/FATA	239	2	0	2	FATA	minimal		FATA_cd419a;FATA_prgC	168:159078..161669:-	none	183:174151..177033:-	164:150730..153570:-	none	none	123:109766..112033:+	none	none	none	none	none	none	none	74.9	MOBF		no_slot_defined
NZ_CP108436.1	MPF_FA	T4SS_virb4 AND NOT(T/F/I) AND >=2 FA/FATA	278	2	0	2	FATA	minimal		FATA_cd419a;FATA_trsC	93:91991..93349:+	none	94:93489..95351:+	94:93489..95351:+	none	none	43:45634..50328:-	none	none	none	none	none	none	none	101.1	MOBF		no_slot_defined
NZ_CP108618.1	MPF_FA	T4SS_virb4 AND NOT(T/F/I) AND >=2 FA/FATA	219	2	1	1	unassigned	minimal	FA_orf17a	FATA_cd419a	191:199174..201780:-	none	none	186:191284..193770:-	none	185:190271..191287:-	none	none	none	none	none	none	none	none	82.7	MOBC		no_slot_defined
NZ_CP108628.1	MPF_FA	T4SS_virb4 AND NOT(T/F/I) AND >=2 FA/FATA	265	2	1	1	unassigned	minimal	FA_orf17a	FATA_cd419a	239:243942..246545:-	none	none	234:236051..238540:-	none	233:235038..236054:-	none	none	none	none	none	none	none	none	79.8	MOBC		no_slot_defined
NZ_CP108710.1	MPF_FA	T4SS_virb4 AND NOT(T/F/I) AND >=2 FA/FATA	355	2	1	1	unassigned	minimal	FA_orf17a	FATA_cd419a	175:202109..204652:-	none	none	none	none	168:192644..193600:-	none	none	125:148460..148975:+	none	none	none	none	none	114.8	MOBC;MOBP1		no_slot_defined
NZ_CP108785.1	MPF_FA	T4SS_virb4 AND NOT(T/F/I) AND >=2 FA/FATA	5055	3	0	3	FATA	medium		FATA_cd419a;FATA_prgC;FATA_trsL	4864:5530043..5532307:+	3433:3929876..3934567:-	1359:1527990..1529744:+	1359:1527990..1529744:+	none	3750:4274660..4275139:-	none	none	2021:2280665..2281321:+	none	none	none	none	none	269.1	MOBC;MOBP1		no_slot_defined
NZ_CP108868.1	MPF_FA	T4SS_virb4 AND NOT(T/F/I) AND >=2 FA/FATA	420	2	1	1	unassigned	minimal	FA_orf17a	FATA_cd419a	27:24452..27058:+	none	none	none	none	35:37423..38439:+	none	none	none	none	none	none	none	none	84.1	MOBC		no_slot_defined
NZ_CP109223.1	MPF_FA	T4SS_virb4 AND NOT(T/F/I) AND >=2 FA/FATA	393	2	1	1	unassigned	minimal	FA_orf17a	FATA_cd419a	303:346383..348983:-	none	none	296:337940..340360:-	none	295:336957..337943:-	none	none	none	none	none	none	none	none	76.1	MOBC		no_slot_defined
NZ_CP109250.1	MPF_FA	T4SS_virb4 AND NOT(T/F/I) AND >=2 FA/FATA	320	2	1	1	unassigned	minimal	FA_orf17a	FATA_cd419a	260:281129..283729:-	none	none	255:273586..276006:-	none	254:272603..273589:-	none	none	none	none	none	none	none	none	76.2	MOBC		no_slot_defined
NZ_CP109353.1	MPF_FA	T4SS_virb4 AND NOT(T/F/I) AND >=2 FA/FATA	89	2	0	2	FATA	minimal		FATA_cd419a;FATA_prgB	5:5016..6485:+	none	43:35077..37425:+	43:35077..37425:+	none	none	48:40523..45526:-	none	none	none	none	none	none	none	91.0	MOBF		no_slot_defined
NZ_CP109358.1	MPF_FA	T4SS_virb4 AND NOT(T/F/I) AND >=2 FA/FATA	648	2	0	2	FATA	minimal		FATA_cd419a;FATA_prgC	48:43578..46262:+	none	none	none	none	none	none	none	none	none	none	none	none	none	66.0			no_slot_defined
NZ_CP109454.1	MPF_FA	T4SS_virb4 AND NOT(T/F/I) AND >=2 FA/FATA	319	2	1	1	unassigned	minimal	FA_orf17a	FATA_cd419a	260:280767..283367:-	none	none	255:273224..275644:-	none	254:272241..273227:-	none	none	none	none	none	none	none	none	76.2	MOBC		no_slot_defined
NZ_CP109456.1	MPF_FA	T4SS_virb4 AND NOT(T/F/I) AND >=2 FA/FATA	395	2	1	1	unassigned	minimal	FA_orf17a	FATA_cd419a	350:343601..346198:-	none	none	none	none	343:334297..335337:-	none	none	none	none	none	none	none	none	75.7	MOBC		no_slot_defined
NZ_CP109462.1	MPF_FA	T4SS_virb4 AND NOT(T/F/I) AND >=2 FA/FATA	397	2	1	1	unassigned	minimal	FA_orf17a	FATA_cd419a	352:344809..347406:-	none	none	none	none	345:335505..336545:-	none	none	none	none	none	none	none	none	75.7	MOBC		no_slot_defined
NZ_CP109504.1	MPF_FA	T4SS_virb4 AND NOT(T/F/I) AND >=2 FA/FATA	52	2	1	1	unassigned	minimal	FA_orf17a	FATA_cd419a	25:20977..23583:+	none	none	30:28977..31460:+	none	31:31457..32473:+	none	none	none	none	none	none	none	none	81.7	MOBC		no_slot_defined
NZ_CP109612.1	MPF_FA	T4SS_virb4 AND NOT(T/F/I) AND >=2 FA/FATA	76	7	6	1	FA	high	FA_orf13;FA_orf14;FA_orf15;FA_orf17a;FA_orf19;FA_orf23	FATA_cd419a	14:15471..17918:-	19:20644..22029:-	none	none	none	none	none	none	26:26418..28103:+	none	none	none	18:19261..20466:-	6:4257..5519:-	93.8	MOBP1;MOBT;MOBV		no_slot_defined
NZ_CP109613.1	MPF_FA	T4SS_virb4 AND NOT(T/F/I) AND >=2 FA/FATA	79	5	2	3	unassigned	high	FA_orf13;FA_orf17b	FATA_prgB;FATA_prgC;FATA_trsG	1:2205..4769:-	none	none	77:71739..73997:-	none	76:70431..71159:-	none	none	none	none	none	none	none	none	89.9	MOBC		no_slot_defined
NZ_CP109759.1	MPF_FA	T4SS_virb4 AND NOT(T/F/I) AND >=2 FA/FATA	73	7	6	1	FA	high	FA_orf13;FA_orf14;FA_orf15;FA_orf17a;FA_orf19;FA_orf23	FATA_cd419a	72:60146..62290:-	4:2859..4244:-	none	none	none	none	none	none	none	none	none	none	3:1476..2681:-	66:50347..51609:-	87.4	MOBT;MOBV		no_slot_defined
NZ_CP109800.1	MPF_FA	T4SS_virb4 AND NOT(T/F/I) AND >=2 FA/FATA	228	2	0	2	FATA	minimal		FATA_cd419a;FATA_gbs1354	27:25632..27656:+	none	22:19525..22134:+	22:19525..22134:+	none	none	none	none	36:32955..34550:+	36:32955..34550:+	none	none	none	none	257.3	MOBP1;MOBP2		no_slot_defined
NZ_CP109840.1	MPF_FA	T4SS_virb4 AND NOT(T/F/I) AND >=2 FA/FATA	64	7	1	6	FATA	high	FA_orf14	FATA_prgC;FATA_trsC;FATA_trsD;FATA_trsF;FATA_trsG;FATA_trsL	53:48545..50506:-	none	48:43400..45055:-	48:43400..45055:-	none	none	none	none	57:51921..53960:-	none	none	57:51921..53960:-	none	none	260.7	MOBP1;MOBQ		no_slot_defined
NZ_CP109860.1	MPF_FA	T4SS_virb4 AND NOT(T/F/I) AND >=2 FA/FATA	53	3	2	1	FA	medium	FA_orf13;FA_orf17a	FATA_cd419a	17:29718..32267:-	none	none	22:35332..38403:-	none	21:34371..35216:-	none	none	none	none	none	none	none	none	112.2	MOBC		no_slot_defined
NZ_CP109873.2	MPF_FA	T4SS_virb4 AND NOT(T/F/I) AND >=2 FA/FATA	480	2	1	1	unassigned	minimal	FA_orf14	FATA_cd419a	217:302210..304300:-	none	269:351681..354857:+	269:351681..354857:+	none	none	none	none	none	none	none	none	none	none	324.5			no_slot_defined
NZ_CP109958.1	MPF_FA	T4SS_virb4 AND NOT(T/F/I) AND >=2 FA/FATA	84	3	2	1	FA	medium	FA_orf17a;FA_orf17b	FATA_cd419a	40:43316..45838:-	46:48109..49707:-	none	none	none	67:65451..65645:-	none	none	none	none	none	none	none	none	88.5	MOBC		no_slot_defined
NZ_CP109959.1	MPF_FA	T4SS_virb4 AND NOT(T/F/I) AND >=2 FA/FATA	78	3	2	1	FA	medium	FA_orf17a;FA_orf17b	FATA_cd419a	32:33849..36371:-	38:38642..40231:-	none	none	none	none	none	none	none	none	none	none	none	none	88.5			no_slot_defined
NZ_CP110044.1	MPF_FA	T4SS_virb4 AND NOT(T/F/I) AND >=2 FA/FATA	37	7	1	6	FATA	high	FA_orf14	FATA_prgC;FATA_trsC;FATA_trsD;FATA_trsF;FATA_trsG;FATA_trsL	16:13449..15410:-	none	11:8304..9959:-	11:8304..9959:-	none	none	none	none	20:16825..18789:-	none	none	20:16825..18789:-	none	none	261.0	MOBP1;MOBQ		no_slot_defined
NZ_CP110056.1	MPF_FA	T4SS_virb4 AND NOT(T/F/I) AND >=2 FA/FATA	54	5	3	2	unassigned	high	FA_orf13;FA_orf15;FA_orf17b	FATA_prgC;FATA_trsG	15:11055..13586:+	none	none	18:16286..18544:+	none	19:19124..19852:+	none	none	none	none	none	none	none	none	91.2	MOBC		no_slot_defined
NZ_CP110057.1	MPF_FA	T4SS_virb4 AND NOT(T/F/I) AND >=2 FA/FATA	23	5	0	5	FATA	high		FATA_prgC;FATA_prgF;FATA_prgHb;FATA_prgIa;FATA_prgIc	12:8781..10973:+	none	8:5419..7245:+	8:5419..7245:+	none	none	none	none	22:17558..19069:+	none	none	none	none	none	283.9	MOBP1		no_slot_defined
NZ_CP110060.1	MPF_FA	T4SS_virb4 AND NOT(T/F/I) AND >=2 FA/FATA	132	6	3	3	unassigned	high	FA_orf13;FA_orf15;FA_orf17b	FATA_cd419_1;FATA_prgC;FATA_trsG	22:18183..20714:+	none	none	25:23414..25672:+	none	26:26252..26782:+	none	none	none	none	none	none	none	none	91.2	MOBC		no_slot_defined
NZ_CP110061.1	MPF_FA	T4SS_virb4 AND NOT(T/F/I) AND >=2 FA/FATA	23	5	0	5	FATA	high		FATA_prgC;FATA_prgF;FATA_prgHb;FATA_prgIa;FATA_prgIc	14:12018..14234:-	none	18:15770..17596:-	18:15770..17596:-	none	none	none	none	4:3922..5433:-	none	none	none	none	none	298.6	MOBP1		no_slot_defined
NZ_CP110066.1	MPF_FA	T4SS_virb4 AND NOT(T/F/I) AND >=2 FA/FATA	37	7	1	6	FATA	high	FA_orf14	FATA_prgC;FATA_trsC;FATA_trsD;FATA_trsF;FATA_trsG;FATA_trsL	19:15102..17063:-	none	13:9985..11640:-	13:9985..11640:-	none	none	none	none	23:18478..20442:-	none	none	23:18478..20442:-	none	none	261.0	MOBP1;MOBQ		no_slot_defined
NZ_CP110076.1	MPF_FA	T4SS_virb4 AND NOT(T/F/I) AND >=2 FA/FATA	67	7	6	1	FA	high	FA_orf13;FA_orf14;FA_orf15;FA_orf17a;FA_orf19;FA_orf23	FATA_cd419a	12:14056..16503:-	17:19228..20613:-	none	none	none	none	none	none	23:25002..26687:+	none	none	none	16:17846..19051:-	6:4257..5519:-	93.8	MOBP1;MOBT;MOBV		no_slot_defined
NZ_CP110280.1	MPF_FA	T4SS_virb4 AND NOT(T/F/I) AND >=2 FA/FATA	190	3	1	2	FATA	medium	FA_orf14	FATA_cd419a;FATA_prgF	25:24563..26662:-	none	61:60635..63964:+	61:60635..63964:+	none	none	none	none	none	none	none	none	none	none	325.1			no_slot_defined
NZ_CP110282.1	MPF_FA	T4SS_virb4 AND NOT(T/F/I) AND >=2 FA/FATA	241	3	1	2	FATA	medium	FA_orf14	FATA_cd419a;FATA_prgF	192:178187..180286:+	none	156:140885..144214:-	156:140885..144214:-	none	none	none	none	none	none	none	none	none	none	325.1			no_slot_defined
NZ_CP110284.1	MPF_FA	T4SS_virb4 AND NOT(T/F/I) AND >=2 FA/FATA	188	3	1	2	FATA	medium	FA_orf14	FATA_cd419a;FATA_prgF	13:12660..14759:-	none	49:48732..52061:+	49:48732..52061:+	none	none	none	none	none	none	none	none	none	none	325.1			no_slot_defined
NZ_CP110286.1	MPF_FA	T4SS_virb4 AND NOT(T/F/I) AND >=2 FA/FATA	189	3	1	2	FATA	medium	FA_orf14	FATA_cd419a;FATA_prgF	28:25728..27827:-	none	64:61800..65129:+	64:61800..65129:+	none	none	none	none	none	none	none	none	none	none	325.1			no_slot_defined
NZ_CP110288.1	MPF_FA	T4SS_virb4 AND NOT(T/F/I) AND >=2 FA/FATA	245	3	1	2	FATA	medium	FA_orf14	FATA_cd419a;FATA_prgF	110:98404..100503:-	none	146:134476..137805:+	146:134476..137805:+	none	none	none	none	none	none	none	none	none	none	325.1			no_slot_defined
NZ_CP110290.1	MPF_FA	T4SS_virb4 AND NOT(T/F/I) AND >=2 FA/FATA	88	8	6	2	FA	high	FA_orf13;FA_orf14;FA_orf15;FA_orf17a;FA_orf19;FA_orf23	FATA_cd419a;FATA_prgC	8:11315..13762:-	13:16488..17873:-	none	none	none	none	none	none	21:23327..25012:+	none	none	none	12:15105..16310:-	2:1516..2778:-	93.8	MOBP1;MOBT;MOBV		no_slot_defined
NZ_CP110292.1	MPF_FA	T4SS_virb4 AND NOT(T/F/I) AND >=2 FA/FATA	47	8	0	8	FATA	high		FATA_cd419a;FATA_prgB;FATA_prgC;FATA_prgF;FATA_prgHb;FATA_prgIc;FATA_prgK;FATA_prgL	21:19316..21706:+	none	30:27905..29734:+	30:27905..29734:+	none	none	none	none	34:33003..34697:+	none	none	none	none	none	290.8	MOBP1		no_slot_defined
NZ_CP110295.1	MPF_FA	T4SS_virb4 AND NOT(T/F/I) AND >=2 FA/FATA	44	6	5	1	FA	high	FA_orf13;FA_orf14;FA_orf15;FA_orf17a;FA_orf19	FATA_cd419a	10:11486..13933:-	none	none	none	none	none	none	none	none	none	none	none	14:15276..16481:-	4:1687..2949:-	93.8	MOBT;MOBV		no_slot_defined
NZ_CP110361.1	MPF_FA	T4SS_virb4 AND NOT(T/F/I) AND >=2 FA/FATA	61	7	6	1	FA	high	FA_orf13;FA_orf14;FA_orf15;FA_orf17a;FA_orf19;FA_orf23	FATA_cd419a	59:51421..53868:-	3:2397..3782:-	none	none	none	none	none	none	none	none	none	none	2:1014..2219:-	53:42588..42884:-	93.8	MOBT;MOBV		no_slot_defined
NZ_CP110785.1	MPF_FA	T4SS_virb4 AND NOT(T/F/I) AND >=2 FA/FATA	52	2	0	2	FATA	minimal		FATA_gbs1346;FATA_trsG	20:18888..20846:-	none	24:25258..27822:-	24:25258..27822:-	none	none	none	none	51:45746..47074:+	51:45746..47074:+	none	none	none	none	266.9	MOBP1;MOBP2		no_slot_defined
NZ_CP110795.1	MPF_FA	T4SS_virb4 AND NOT(T/F/I) AND >=2 FA/FATA	32	4	0	4	FATA	medium		FATA_trsC;FATA_trsD;FATA_trsJ;FATA_trsL	31:25598..26659:-	none	25:20084..21583:-	25:20084..21583:-	none	none	none	none	none	none	none	5:3263..5323:-	none	none	164.2	MOBQ		no_slot_defined
NZ_CP110851.1	MPF_FA	T4SS_virb4 AND NOT(T/F/I) AND >=2 FA/FATA	45	3	0	3	FATA	medium		FATA_prgF;FATA_prgHb;FATA_trsG	32:30776..33157:-	none	35:34528..36354:-	35:34528..36354:-	none	none	none	none	23:23119..24630:-	none	none	none	none	none	306.5	MOBP1		no_slot_defined
NZ_CP113017.1	MPF_FA	T4SS_virb4 AND NOT(T/F/I) AND >=2 FA/FATA	33	6	0	6	FATA	high		FATA_prgF;FATA_trsC;FATA_trsD;FATA_trsF;FATA_trsG;FATA_trsJ	17:13578..15590:+	none	23:21066..21815:+	none	none	none	none	none	none	none	none	5:6331..6597:-	none	none	318.2	MOBQ		no_slot_defined
NZ_CP113021.1	MPF_FA	T4SS_virb4 AND NOT(T/F/I) AND >=2 FA/FATA	33	7	0	7	FATA	high		FATA_prgF;FATA_trsC;FATA_trsD;FATA_trsF;FATA_trsG;FATA_trsJ;FATA_trsL	17:13213..15225:+	none	23:20701..22347:+	23:20701..22347:+	none	none	none	none	none	none	none	4:5255..6013:-	none	none	318.2	MOBQ		no_slot_defined
NZ_CP113023.1	MPF_FA	T4SS_virb4 AND NOT(T/F/I) AND >=2 FA/FATA	40	8	1	7	FATA	high	FA_orf13	FATA_prgF;FATA_trsC;FATA_trsD;FATA_trsF;FATA_trsG;FATA_trsJ;FATA_trsL	16:14716..16728:-	none	9:7595..9241:-	9:7595..9241:-	none	none	none	none	none	none	none	29:23929..24687:+	none	none	318.2	MOBQ		no_slot_defined
NZ_CP113108.1	MPF_FA	T4SS_virb4 AND NOT(T/F/I) AND >=2 FA/FATA	40	6	4	2	FA	high	FA_orf13;FA_orf17a;FA_orf17b;FA_orf19	FATA_prgIc;FATA_trsG	5:6202..8874:+	none	none	0:186..3323:+	none	1:3384..4232:+	none	none	none	none	none	none	none	none	70.1	MOBC		no_slot_defined
NZ_CP113429.1	MPF_FA	T4SS_virb4 AND NOT(T/F/I) AND >=2 FA/FATA	253	7	6	1	FA	high	FA_orf13;FA_orf14;FA_orf15;FA_orf17a;FA_orf17b;FA_orf19	FATA_cd419a	80:80141..81676:+	none	none	69:60920..63994:+	none	none	none	none	none	none	none	none	none	none	78.7			no_slot_defined
NZ_CP113528.1	MPF_FA	T4SS_virb4 AND NOT(T/F/I) AND >=2 FA/FATA	258	2	0	2	FATA	minimal		FATA_cd419a;FATA_trsD	223:205287..207314:+	none	none	156:142076..145321:+	none	45:34869..35597:-	none	none	none	none	none	none	none	none	292.4	MOBC		no_slot_defined
NZ_CP113829.1	MPF_FA	T4SS_virb4 AND NOT(T/F/I) AND >=2 FA/FATA	71	7	6	1	FA	high	FA_orf13;FA_orf14;FA_orf15;FA_orf17a;FA_orf19;FA_orf23	FATA_cd419a	12:14059..16506:-	17:19232..20617:-	none	none	none	none	none	none	23:25006..26703:+	none	none	none	16:17849..19054:-	6:4260..5522:-	93.8	MOBP1;MOBT;MOBV		no_slot_defined
NZ_CP113830.1	MPF_FA	T4SS_virb4 AND NOT(T/F/I) AND >=2 FA/FATA	50	7	0	7	FATA	high		FATA_gbs1365;FATA_prgB;FATA_prgC;FATA_prgHb;FATA_prgIc;FATA_prgK;FATA_prgL	17:18336..20696:-	none	11:11992..13803:-	11:11992..13803:-	none	none	none	none	3:2103..3785:-	none	none	none	none	none	287.1	MOBP1		no_slot_defined
NZ_CP113834.1	MPF_FA	T4SS_virb4 AND NOT(T/F/I) AND >=2 FA/FATA	73	6	3	3	unassigned	high	FA_orf13;FA_orf15;FA_orf17b	FATA_prgB;FATA_prgC;FATA_trsG	46:41146..43710:-	none	none	43:36183..38441:-	none	42:34875..35603:-	none	none	none	none	none	none	none	none	89.9	MOBC		no_slot_defined
NZ_CP113835.1	MPF_FA	T4SS_virb4 AND NOT(T/F/I) AND >=2 FA/FATA	49	7	0	7	FATA	high		FATA_gbs1365;FATA_prgB;FATA_prgC;FATA_prgHb;FATA_prgIc;FATA_prgK;FATA_prgL	13:12558..14918:+	none	19:19451..21262:+	19:19451..21262:+	none	none	none	none	27:29469..31151:+	none	none	none	none	none	287.1	MOBP1		no_slot_defined
NZ_CP114395.1	MPF_FA	T4SS_virb4 AND NOT(T/F/I) AND >=2 FA/FATA	166	3	0	3	FATA	medium		FATA_cd419a;FATA_trsD;FATA_trsG	133:114002..115885:+	none	118:99425..101686:-	118:99425..101686:-	none	none	none	none	76:58473..59000:+	none	none	119:101697..103793:-	none	76:58473..59000:+	268.9	MOBP1;MOBQ;MOBV		no_slot_defined
NZ_CP114396.1	MPF_FA	T4SS_virb4 AND NOT(T/F/I) AND >=2 FA/FATA	78	5	0	5	FATA	high		FATA_cd419a;FATA_trsC;FATA_trsD;FATA_trsG;FATA_trsL	34:27988..29886:-	none	39:32182..34098:-	39:32182..34098:-	none	none	none	none	40:34125..36668:-	none	40:34125..36668:-	none	none	none	288.0	MOBP1;MOBP3		no_slot_defined
NZ_CP114403.1	MPF_FA	T4SS_virb4 AND NOT(T/F/I) AND >=2 FA/FATA	78	5	0	5	FATA	high		FATA_cd419a;FATA_trsC;FATA_trsD;FATA_trsG;FATA_trsL	34:27988..29886:-	none	39:32182..34098:-	39:32182..34098:-	none	none	none	none	40:34125..36668:-	none	40:34125..36668:-	none	none	none	288.0	MOBP1;MOBP3		no_slot_defined
NZ_CP114410.1	MPF_FA	T4SS_virb4 AND NOT(T/F/I) AND >=2 FA/FATA	78	5	0	5	FATA	high		FATA_cd419a;FATA_trsC;FATA_trsD;FATA_trsG;FATA_trsL	34:27988..29886:-	none	39:32182..34098:-	39:32182..34098:-	none	none	none	none	40:34125..36668:-	none	40:34125..36668:-	none	none	none	288.0	MOBP1;MOBP3		no_slot_defined
NZ_CP114506.1	MPF_FA	T4SS_virb4 AND NOT(T/F/I) AND >=2 FA/FATA	29	7	1	6	FATA	high	FA_orf14	FATA_prgC;FATA_trsC;FATA_trsD;FATA_trsF;FATA_trsG;FATA_trsL	13:7805..9766:+	none	18:13256..14911:+	18:13256..14911:+	none	none	none	none	none	none	none	none	none	none	260.8			no_slot_defined
NZ_CP114520.1	MPF_FA	T4SS_virb4 AND NOT(T/F/I) AND >=2 FA/FATA	29	7	1	6	FATA	high	FA_orf14	FATA_prgC;FATA_trsC;FATA_trsD;FATA_trsF;FATA_trsG;FATA_trsL	23:20964..22925:-	none	18:15819..17474:-	18:15819..17474:-	none	none	none	none	none	none	none	none	none	none	260.8			no_slot_defined
NZ_CP114525.1	MPF_FA	T4SS_virb4 AND NOT(T/F/I) AND >=2 FA/FATA	30	7	1	6	FATA	high	FA_orf14	FATA_prgC;FATA_trsC;FATA_trsD;FATA_trsF;FATA_trsG;FATA_trsL	19:14369..16330:+	none	24:19820..21475:+	24:19820..21475:+	none	none	none	none	none	none	none	none	none	none	260.8			no_slot_defined
NZ_CP114527.1	MPF_FA	T4SS_virb4 AND NOT(T/F/I) AND >=2 FA/FATA	29	7	1	6	FATA	high	FA_orf14	FATA_prgC;FATA_trsC;FATA_trsD;FATA_trsF;FATA_trsG;FATA_trsL	14:13881..15842:-	none	9:8736..10391:-	9:8736..10391:-	none	none	none	none	none	none	none	none	none	none	260.8			no_slot_defined
NZ_CP114544.1	MPF_FA	T4SS_virb4 AND NOT(T/F/I) AND >=2 FA/FATA	28	6	1	5	FATA	high	FA_orf14	FATA_prgC;FATA_trsC;FATA_trsF;FATA_trsG;FATA_trsL	27:23213..25174:-	none	22:18068..19723:-	22:18068..19723:-	none	none	none	none	none	none	none	none	none	none	260.8			no_slot_defined
NZ_CP114900.1	MPF_FA	T4SS_virb4 AND NOT(T/F/I) AND >=2 FA/FATA	66	3	2	1	FA	medium	FA_orf13;FA_orf17a	FATA_cd419a	2:743..3388:+	none	none	62:49394..52201:+	none	none	none	none	none	none	none	none	none	none	75.5			no_slot_defined
NZ_CP115304.1	MPF_FA	T4SS_virb4 AND NOT(T/F/I) AND >=2 FA/FATA	221	2	1	1	unassigned	minimal	FA_orf14	FATA_cd419a	30:33907..36006:+	none	213:218099..221599:-	213:218099..221599:-	none	none	none	none	none	none	none	none	none	none	329.4			no_slot_defined
NZ_CP115306.1	MPF_FA	T4SS_virb4 AND NOT(T/F/I) AND >=2 FA/FATA	602	2	0	2	FATA	minimal		FATA_cd419a;FATA_gbs1350	242:256106..258205:+	none	165:178207..181296:-	165:178207..181296:-	none	476:490331..490801:-	none	none	none	none	none	none	none	none	322.9	MOBC		no_slot_defined
NZ_CP115993.1	MPF_FA	T4SS_virb4 AND NOT(T/F/I) AND >=2 FA/FATA	74	2	1	1	unassigned	minimal	FA_orf14	FATA_prgB	48:41087..43636:-	none	52:46879..49425:-	52:46879..49425:-	none	none	none	none	38:33093..35270:-	38:33093..35270:-	none	none	none	none	146.9	MOBP1;MOBP2		no_slot_defined
NZ_CP115994.1	MPF_FA	T4SS_virb4 AND NOT(T/F/I) AND >=2 FA/FATA	155	8	4	4	unassigned	high	FA_orf13;FA_orf14;FA_orf15;FA_orf17b	FATA_cd419a;FATA_prgB;FATA_prgC;FATA_trsG	145:133758..136322:-	none	none	142:128798..131056:-	none	141:127490..128218:-	none	none	none	none	none	none	none	95:84112..85212:-	88.4	MOBC;MOBV		no_slot_defined
NZ_CP116015.1	MPF_FA	T4SS_virb4 AND NOT(T/F/I) AND >=2 FA/FATA	79	2	1	1	unassigned	minimal	FA_orf13	FATA_cd419a	24:16018..18564:-	none	none	none	none	none	none	none	none	none	none	none	none	none	93.0			no_slot_defined
NZ_CP116027.1	MPF_FA	T4SS_virb4 AND NOT(T/F/I) AND >=2 FA/FATA	75	2	1	1	unassigned	minimal	FA_orf14	FATA_cd419a	8:7157..9082:-	none	13:13417..16047:-	13:13417..16047:-	none	none	none	none	1:1372..2883:-	1:1372..2883:-	none	none	none	none	224.7	MOBP1;MOBP2		no_slot_defined
NZ_CP116030.1	MPF_FA	T4SS_virb4 AND NOT(T/F/I) AND >=2 FA/FATA	68	8	1	7	FATA	high	FA_orf14	FATA_cd419_1;FATA_prgC;FATA_trsC;FATA_trsD;FATA_trsF;FATA_trsG;FATA_trsL	38:37873..39834:+	none	43:43324..44979:+	43:43324..44979:+	none	none	none	none	34:34419..36458:+	none	none	34:34419..36458:+	none	none	260.7	MOBP1;MOBQ		no_slot_defined
NZ_CP116205.1	MPF_FA	T4SS_virb4 AND NOT(T/F/I) AND >=2 FA/FATA	321	2	1	1	unassigned	minimal	FA_orf14	FATA_cd419a	291:276412..277371:+	none	245:227985..231485:-	245:227985..231485:-	none	none	none	none	none	none	none	none	none	none	154.9			no_slot_defined
NZ_CP116206.1	MPF_FA	T4SS_virb4 AND NOT(T/F/I) AND >=2 FA/FATA	292	7	6	1	FA	high	FA_orf13;FA_orf14;FA_orf15;FA_orf17a;FA_orf17b;FA_orf19	FATA_cd419a	204:217922..219457:+	none	189:195092..196780:+	191:199317..200714:+	none	none	none	none	none	none	none	none	none	none	78.7			no_slot_defined
NZ_CP116207.1	MPF_FA	T4SS_virb4 AND NOT(T/F/I) AND >=2 FA/FATA	79	4	3	1	FA	medium	FA_orf13;FA_orf15;FA_orf17a	FATA_cd419a	78:78030..79529:-	78:78030..79529:-	none	5:3983..7321:-	none	4:3129..3983:-	none	none	none	none	none	none	none	none	76.8	MOBC		no_slot_defined
NZ_CP116318.1	MPF_FA	T4SS_virb4 AND NOT(T/F/I) AND >=2 FA/FATA	411	2	1	1	unassigned	minimal	FA_orf14	FATA_cd419a	342:391110..393209:+	none	299:347645..348856:-	291:335360..337060:-	none	none	none	none	none	352:404672..406216:+	none	none	none	none	325.3	MOBP2		no_slot_defined
NZ_CP116319.1	MPF_FA	T4SS_virb4 AND NOT(T/F/I) AND >=2 FA/FATA	76	5	0	5	FATA	high		FATA_cd419a;FATA_trsC;FATA_trsD;FATA_trsG;FATA_trsL	14:15058..16950:+	none	9:10846..12762:+	9:10846..12762:+	none	none	none	none	8:8276..10819:+	none	8:8276..10819:+	none	none	none	292.2	MOBP1;MOBP3		no_slot_defined
NZ_CP116323.1	MPF_FA	T4SS_virb4 AND NOT(T/F/I) AND >=2 FA/FATA	110	3	0	3	FATA	medium		FATA_cd419a;FATA_trsD;FATA_trsG	10:8867..10741:+	none	104:83970..86231:-	104:83970..86231:-	none	none	none	none	none	none	none	105:86242..88338:-	none	none	263.1	MOBQ		no_slot_defined
NZ_CP116324.1	MPF_FA	T4SS_virb4 AND NOT(T/F/I) AND >=2 FA/FATA	84	4	3	1	FA	medium	FA_orf13;FA_orf15;FA_orf17a	FATA_cd419a	56:59885..62473:+	56:59885..62473:+	none	50:53785..56967:+	none	51:56967..57821:+	none	none	21:31447..32385:-	none	none	none	none	none	92.1	MOBC;MOBP1		no_slot_defined
NZ_CP116331.1	MPF_FA	T4SS_virb4 AND NOT(T/F/I) AND >=2 FA/FATA	62	5	0	5	FATA	high		FATA_cd419a;FATA_trsC;FATA_trsD;FATA_trsG;FATA_trsL	46:38311..40203:-	none	51:42499..44415:-	51:42499..44415:-	none	none	none	none	52:44442..46985:-	none	52:44442..46985:-	none	none	none	292.2	MOBP1;MOBP3		no_slot_defined
NZ_CP116332.1	MPF_FA	T4SS_virb4 AND NOT(T/F/I) AND >=2 FA/FATA	95	3	0	3	FATA	medium		FATA_cd419a;FATA_trsD;FATA_trsG	15:12663..14537:-	none	32:28531..30792:+	32:28531..30792:+	none	none	none	none	none	none	none	30:26423..26980:+	none	none	263.1	MOBQ		no_slot_defined
NZ_CP116334.1	MPF_FA	T4SS_virb4 AND NOT(T/F/I) AND >=2 FA/FATA	86	2	1	1	unassigned	minimal	FA_orf14	FATA_cd419a	45:45495..47429:-	none	52:53158..55128:-	52:53158..55128:-	none	none	none	none	none	36:37160..38704:-	none	none	none	none	343.5	MOBP2		no_slot_defined
NZ_CP116519.1	MPF_FA	T4SS_virb4 AND NOT(T/F/I) AND >=2 FA/FATA	87	8	6	2	FA	high	FA_orf13;FA_orf14;FA_orf15;FA_orf17a;FA_orf19;FA_orf23	FATA_cd419a;FATA_trsF	78:70074..70757:+	51:38213..39598:+	84:74811..76337:+	84:74811..76337:+	none	none	none	none	none	none	none	none	52:39776..40981:+	62:53307..53603:+	113.3	MOBT;MOBV		no_slot_defined
NZ_CP116521.1	MPF_FA	T4SS_virb4 AND NOT(T/F/I) AND >=2 FA/FATA	164	8	6	2	FA	high	FA_orf13;FA_orf14;FA_orf15;FA_orf17a;FA_orf19;FA_orf23	FATA_cd419a;FATA_gbs1354	22:20889..22913:+	93:88195..89580:-	18:14764..17373:+	18:14764..17373:+	none	none	none	none	34:30060..31655:+	34:30060..31655:+	none	none	92:86812..88017:-	none	257.1	MOBP1;MOBP2;MOBT		no_slot_defined
NZ_CP116542.1	MPF_FA	T4SS_virb4 AND NOT(T/F/I) AND >=2 FA/FATA	41	5	2	3	unassigned	high	FA_orf13;FA_orf14	FATA_cd419a;FATA_trsF;FATA_trsL	6:6557..7273:+	none	12:11327..12853:+	12:11327..12853:+	none	none	none	none	none	none	none	none	none	33:30949..31245:+	118.3	MOBV		no_slot_defined
NZ_CP116545.1	MPF_FA	T4SS_virb4 AND NOT(T/F/I) AND >=2 FA/FATA	41	5	2	3	unassigned	high	FA_orf13;FA_orf14	FATA_cd419a;FATA_trsF;FATA_trsL	16:13750..14466:-	none	10:8170..9696:-	10:8170..9696:-	none	none	none	none	none	none	none	none	none	30:28165..28461:-	118.3	MOBV		no_slot_defined
NZ_CP116548.1	MPF_FA	T4SS_virb4 AND NOT(T/F/I) AND >=2 FA/FATA	41	5	2	3	unassigned	high	FA_orf13;FA_orf14	FATA_cd419a;FATA_trsF;FATA_trsL	39:36062..36778:-	none	33:30482..32008:-	33:30482..32008:-	none	none	none	none	none	none	none	none	none	12:12090..12386:-	118.3	MOBV		no_slot_defined
NZ_CP116551.1	MPF_FA	T4SS_virb4 AND NOT(T/F/I) AND >=2 FA/FATA	45	6	1	5	FATA	high	FA_orf14	FATA_prgC;FATA_trsC;FATA_trsD;FATA_trsG;FATA_trsL	44:38876..40837:+	none	4:3086..4741:+	4:3086..4741:+	none	none	none	none	40:35497..37461:+	none	none	40:35497..37461:+	none	none	261.2	MOBP1;MOBQ		no_slot_defined
NZ_CP116552.1	MPF_FA	T4SS_virb4 AND NOT(T/F/I) AND >=2 FA/FATA	41	5	2	3	unassigned	high	FA_orf13;FA_orf14	FATA_cd419a;FATA_trsF;FATA_trsL	39:36062..36778:-	none	33:30482..32008:-	33:30482..32008:-	none	none	none	none	none	none	none	none	none	12:12090..12386:-	118.3	MOBV		no_slot_defined
NZ_CP116554.1	MPF_FA	T4SS_virb4 AND NOT(T/F/I) AND >=2 FA/FATA	74	7	6	1	FA	high	FA_orf13;FA_orf14;FA_orf15;FA_orf17a;FA_orf19;FA_orf23	FATA_cd419a	14:15471..17918:-	19:20644..22029:-	none	none	none	none	none	none	26:26418..28115:+	none	none	none	18:19261..20466:-	6:4257..5519:-	93.8	MOBP1;MOBT;MOBV		no_slot_defined
NZ_CP116556.1	MPF_FA	T4SS_virb4 AND NOT(T/F/I) AND >=2 FA/FATA	68	7	6	1	FA	high	FA_orf13;FA_orf14;FA_orf15;FA_orf17a;FA_orf19;FA_orf23	FATA_cd419a	14:15471..17918:-	19:20644..22029:-	none	none	none	none	none	none	25:26418..28115:+	none	none	none	18:19261..20466:-	6:4257..5519:-	93.8	MOBP1;MOBT;MOBV		no_slot_defined
NZ_CP116558.1	MPF_FA	T4SS_virb4 AND NOT(T/F/I) AND >=2 FA/FATA	68	7	6	1	FA	high	FA_orf13;FA_orf14;FA_orf15;FA_orf17a;FA_orf19;FA_orf23	FATA_cd419a	14:15471..17918:-	19:20644..22029:-	none	none	none	none	none	none	25:26418..28115:+	none	none	none	18:19261..20466:-	6:4257..5519:-	93.8	MOBP1;MOBT;MOBV		no_slot_defined
NZ_CP116560.1	MPF_FA	T4SS_virb4 AND NOT(T/F/I) AND >=2 FA/FATA	57	7	6	1	FA	high	FA_orf13;FA_orf14;FA_orf15;FA_orf17a;FA_orf19;FA_orf23	FATA_cd419a	14:15471..17918:-	19:20644..22029:-	none	none	none	none	none	none	none	none	none	none	18:19261..20466:-	6:4257..5519:-	93.8	MOBT;MOBV		no_slot_defined
NZ_CP116563.1	MPF_FA	T4SS_virb4 AND NOT(T/F/I) AND >=2 FA/FATA	68	6	3	3	unassigned	high	FA_orf13;FA_orf15;FA_orf17b	FATA_prgB;FATA_prgC;FATA_trsG	24:22698..25262:+	none	none	27:27964..30222:+	none	28:30744..31529:+	none	none	none	none	none	none	none	none	88.3	MOBC		no_slot_defined
NZ_CP116568.1	MPF_FA	T4SS_virb4 AND NOT(T/F/I) AND >=2 FA/FATA	68	6	3	3	unassigned	high	FA_orf13;FA_orf15;FA_orf17b	FATA_prgB;FATA_prgC;FATA_trsG	24:22698..25262:+	none	none	27:27964..30222:+	none	28:30744..31529:+	none	none	none	none	none	none	none	none	88.3	MOBC		no_slot_defined
NZ_CP116570.1	MPF_FA	T4SS_virb4 AND NOT(T/F/I) AND >=2 FA/FATA	82	7	6	1	FA	high	FA_orf13;FA_orf14;FA_orf15;FA_orf17a;FA_orf19;FA_orf23	FATA_cd419a	12:14059..16506:-	17:19232..20617:-	none	none	none	none	none	none	24:25007..26692:+	none	none	none	16:17849..19054:-	6:4260..5522:-	93.8	MOBP1;MOBT;MOBV		no_slot_defined
NZ_CP116572.1	MPF_FA	T4SS_virb4 AND NOT(T/F/I) AND >=2 FA/FATA	67	6	3	3	unassigned	high	FA_orf13;FA_orf15;FA_orf17b	FATA_prgB;FATA_prgC;FATA_trsG	23:22245..24809:+	none	26:27514..29727:+	26:27514..29727:+	none	28:30585..31370:+	none	none	none	none	none	none	none	none	89.9	MOBC		no_slot_defined
NZ_CP116573.1	MPF_FA	T4SS_virb4 AND NOT(T/F/I) AND >=2 FA/FATA	45	7	1	6	FATA	high	FA_orf14	FATA_prgC;FATA_trsC;FATA_trsD;FATA_trsF;FATA_trsG;FATA_trsL	19:12987..14948:+	none	24:18438..20093:+	24:18438..20093:+	none	none	none	none	15:9608..11572:+	none	none	15:9608..11572:+	none	none	261.7	MOBP1;MOBQ		no_slot_defined
NZ_CP116577.1	MPF_FA	T4SS_virb4 AND NOT(T/F/I) AND >=2 FA/FATA	36	9	1	8	FATA	high	FA_orf14	FATA_cd411;FATA_cd419a;FATA_gbs1347;FATA_prgF;FATA_prgHa;FATA_prgHb;FATA_prgIa;FATA_prgIc	28:28651..31050:-	none	21:21626..23620:-	21:21626..23620:-	none	none	none	none	3:2279..3580:+	none	none	none	none	none	320.4	MOBP1		no_slot_defined
NZ_CP116591.1	MPF_FA	T4SS_virb4 AND NOT(T/F/I) AND >=2 FA/FATA	30	6	1	5	FATA	high	FA_orf14	FATA_cd419a;FATA_trsC;FATA_trsD;FATA_trsJ;FATA_trsL	4:3788..5782:-	none	none	29:27966..29195:-	none	none	none	none	none	none	none	10:8536..10539:-	none	none	319.7	MOBQ		no_slot_defined
NZ_CP116888.1	MPF_FA	T4SS_virb4 AND NOT(T/F/I) AND >=2 FA/FATA	917	3	1	2	FATA	medium	FA_orf23	FATA_cd419a;FATA_gbs1346	449:380115..382040:+	395:331207..333369:+	93:64331..65563:-	395:331207..333369:+	none	none	390:323569..325845:+	none	none	none	none	none	none	none	332.9	MOBF		no_slot_defined
NZ_CP116890.1	MPF_FA	T4SS_virb4 AND NOT(T/F/I) AND >=2 FA/FATA	190	3	1	2	FATA	medium	FA_orf14	FATA_cd419a;FATA_prgF	31:30027..32126:+	none	185:174506..177835:-	185:174506..177835:-	none	none	none	none	none	none	none	none	none	none	324.3			no_slot_defined
NZ_CP116891.1	MPF_FA	T4SS_virb4 AND NOT(T/F/I) AND >=2 FA/FATA	105	2	1	1	unassigned	minimal	FA_orf14	FATA_cd419a	98:88474..90408:+	none	91:81418..83253:+	91:81418..83253:+	none	none	none	none	0:33..1373:+	0:33..1373:+	none	none	none	none	345.1	MOBP1;MOBP2		no_slot_defined
NZ_CP116893.1	MPF_FA	T4SS_virb4 AND NOT(T/F/I) AND >=2 FA/FATA	189	3	1	2	FATA	medium	FA_orf14	FATA_cd419a;FATA_prgF	31:29896..31995:+	none	184:174362..177691:-	184:174362..177691:-	none	none	none	none	none	none	none	none	none	none	324.3			no_slot_defined
NZ_CP116894.1	MPF_FA	T4SS_virb4 AND NOT(T/F/I) AND >=2 FA/FATA	104	2	1	1	unassigned	minimal	FA_orf14	FATA_cd419a	64:56683..58617:+	none	57:49627..51462:+	57:49627..51462:+	none	none	none	none	none	71:62826..64382:+	none	none	none	none	345.1	MOBP2		no_slot_defined
NZ_CP116896.1	MPF_FA	T4SS_virb4 AND NOT(T/F/I) AND >=2 FA/FATA	189	3	1	2	FATA	medium	FA_orf14	FATA_cd419a;FATA_prgF	157:150356..152455:-	none	4:4646..7975:+	4:4646..7975:+	none	none	none	none	none	none	none	none	none	none	324.3			no_slot_defined
NZ_CP116897.1	MPF_FA	T4SS_virb4 AND NOT(T/F/I) AND >=2 FA/FATA	104	2	1	1	unassigned	minimal	FA_orf14	FATA_cd419a	64:56651..58585:+	none	57:49595..51430:+	57:49595..51430:+	none	none	none	none	none	71:62794..64350:+	none	none	none	none	345.1	MOBP2		no_slot_defined
NZ_CP116963.1	MPF_FA	T4SS_virb4 AND NOT(T/F/I) AND >=2 FA/FATA	100	10	2	8	FATA	high	FA_orf15;FA_orf17b	FATA_cd419a;FATA_prgB;FATA_prgC;FATA_prgF;FATA_prgHb;FATA_prgIc;FATA_prgK;FATA_prgL	21:19251..21641:-	none	11:10909..12738:-	11:10909..12738:-	none	85:73769..74290:-	none	none	7:6107..7792:-	none	none	none	none	none	292.3	MOBC;MOBP1		no_slot_defined
NZ_CP116965.1	MPF_FA	T4SS_virb4 AND NOT(T/F/I) AND >=2 FA/FATA	37	7	1	6	FATA	high	FA_orf14	FATA_prgC;FATA_trsC;FATA_trsD;FATA_trsF;FATA_trsG;FATA_trsL	24:19198..21159:+	none	29:24649..26304:+	29:24649..26304:+	none	none	none	none	20:15819..17783:+	none	none	20:15819..17783:+	none	none	262.4	MOBP1;MOBQ		no_slot_defined
NZ_CP117228.1	MPF_FA	T4SS_virb4 AND NOT(T/F/I) AND >=2 FA/FATA	120	2	0	2	FATA	minimal		FATA_cd419a;FATA_trsG	95:83172..85130:+	none	54:50409..52679:+	54:50409..52679:+	none	none	none	none	66:63428..64660:+	102:89945..91291:+	none	none	none	none	263.4	MOBP1;MOBP2		no_slot_defined
NZ_CP117405.1	MPF_FA	T4SS_virb4 AND NOT(T/F/I) AND >=2 FA/FATA	113	5	0	5	FATA	high		FATA_prgB;FATA_prgHb;FATA_prgIc;FATA_prgK;FATA_prgL	26:20843..23242:+	none	36:29682..31520:+	36:29682..31520:+	none	none	none	none	45:39623..40138:+	none	none	none	none	none	264.0	MOBP1		no_slot_defined
NZ_CP117408.1	MPF_FA	T4SS_virb4 AND NOT(T/F/I) AND >=2 FA/FATA	83	7	0	7	FATA	high		FATA_prgB;FATA_prgF;FATA_prgHb;FATA_prgIb;FATA_prgIc;FATA_prgK;FATA_prgL	29:27860..30277:-	none	34:31989..33845:-	34:31989..33845:-	none	none	none	none	12:12435..13955:-	none	none	none	none	none	291.4	MOBP1		no_slot_defined
NZ_CP117422.1	MPF_FA	T4SS_virb4 AND NOT(T/F/I) AND >=2 FA/FATA	221	2	0	2	FATA	minimal		FATA_cd419a;FATA_prgIc	192:213458..214417:-	none	18:21434..24763:+	18:21434..24763:+	none	none	none	none	none	none	none	none	none	none	154.9			no_slot_defined
NZ_CP117423.1	MPF_FA	T4SS_virb4 AND NOT(T/F/I) AND >=2 FA/FATA	362	2	1	1	unassigned	minimal	FA_orf14	FATA_cd419a	161:220992..221960:-	none	217:269242..272589:+	217:269242..272589:+	none	none	none	none	none	none	none	none	none	none	155.0			no_slot_defined
NZ_CP117490.1	MPF_FA	T4SS_virb4 AND NOT(T/F/I) AND >=2 FA/FATA	68	6	3	3	unassigned	high	FA_orf13;FA_orf15;FA_orf17b	FATA_prgB;FATA_prgC;FATA_trsG	24:23040..25604:+	none	none	27:28306..30564:+	none	28:31144..31872:+	none	none	none	none	none	none	none	none	88.4	MOBC		no_slot_defined
NZ_CP117491.1	MPF_FA	T4SS_virb4 AND NOT(T/F/I) AND >=2 FA/FATA	63	7	6	1	FA	high	FA_orf13;FA_orf14;FA_orf15;FA_orf17a;FA_orf19;FA_orf23	FATA_cd419a	8:11315..13762:-	13:16488..17873:-	none	none	none	none	none	none	19:22262..23947:+	none	none	none	12:15105..16310:-	2:1516..2778:-	93.8	MOBP1;MOBT;MOBV		no_slot_defined
NZ_CP117493.1	MPF_FA	T4SS_virb4 AND NOT(T/F/I) AND >=2 FA/FATA	55	2	1	1	unassigned	minimal	FA_orf14	FATA_prgB	9:7271..9820:-	none	13:13063..15609:-	13:13063..15609:-	none	none	none	none	none	none	none	none	none	none	146.9			no_slot_defined
NZ_CP117497.1	MPF_FA	T4SS_virb4 AND NOT(T/F/I) AND >=2 FA/FATA	118	7	3	4	unassigned	high	FA_orf13;FA_orf15;FA_orf17b	FATA_cd419_1;FATA_prgB;FATA_prgC;FATA_trsG	84:76399..78963:+	none	none	87:81665..83923:+	none	88:84503..85231:+	none	none	none	none	none	none	none	none	88.4	MOBC		no_slot_defined
NZ_CP117498.1	MPF_FA	T4SS_virb4 AND NOT(T/F/I) AND >=2 FA/FATA	66	7	6	1	FA	high	FA_orf13;FA_orf14;FA_orf15;FA_orf17a;FA_orf19;FA_orf23	FATA_cd419a	14:15471..17918:-	19:20644..22029:-	none	none	none	none	none	none	25:26418..28103:+	none	none	none	18:19261..20466:-	6:4257..5519:-	93.8	MOBP1;MOBT;MOBV		no_slot_defined
NZ_CP117499.1	MPF_FA	T4SS_virb4 AND NOT(T/F/I) AND >=2 FA/FATA	45	8	0	8	FATA	high		FATA_cd419a;FATA_prgB;FATA_prgC;FATA_prgF;FATA_prgHb;FATA_prgIc;FATA_prgK;FATA_prgL	19:19339..21729:+	none	28:27928..29757:+	28:27928..29757:+	none	none	none	none	32:33026..34720:+	none	none	none	none	none	292.1	MOBP1		no_slot_defined
NZ_CP117504.1	MPF_FA	T4SS_virb4 AND NOT(T/F/I) AND >=2 FA/FATA	117	8	0	8	FATA	high		FATA_cd419a;FATA_prgB;FATA_prgC;FATA_prgF;FATA_prgHb;FATA_prgIc;FATA_prgK;FATA_prgL	101:83423..85813:+	none	110:92013..93842:+	110:92013..93842:+	none	none	none	none	114:96960..98645:+	none	none	none	none	none	292.1	MOBP1		no_slot_defined
NZ_CP117505.1	MPF_FA	T4SS_virb4 AND NOT(T/F/I) AND >=2 FA/FATA	101	7	6	1	FA	high	FA_orf13;FA_orf14;FA_orf15;FA_orf17a;FA_orf19;FA_orf23	FATA_cd419a	13:14057..16504:-	18:19230..20615:-	none	none	none	none	none	none	25:24949..26634:+	none	none	none	17:17847..19052:-	6:4257..5519:-	93.8	MOBP1;MOBT;MOBV		no_slot_defined
NZ_CP117512.1	MPF_FA	T4SS_virb4 AND NOT(T/F/I) AND >=2 FA/FATA	124	8	6	2	FA	high	FA_orf13;FA_orf14;FA_orf15;FA_orf17a;FA_orf19;FA_orf23	FATA_cd419_1;FATA_cd419a	15:16817..19264:-	20:21990..23375:-	none	none	none	none	none	none	68:62280..63965:+	none	none	none	19:20607..21812:-	7:5603..6865:-	93.8	MOBP1;MOBT;MOBV		no_slot_defined
NZ_CP117513.1	MPF_FA	T4SS_virb4 AND NOT(T/F/I) AND >=2 FA/FATA	114	8	1	7	FATA	high	FA_orf14	FATA_cd419_1;FATA_prgC;FATA_trsC;FATA_trsD;FATA_trsF;FATA_trsG;FATA_trsL	30:23293..25254:+	none	35:28744..30399:+	35:28744..30399:+	none	none	none	none	26:19914..21878:+	none	none	26:19914..21878:+	none	none	261.2	MOBP1;MOBQ		no_slot_defined
NZ_CP117691.1	MPF_FA	T4SS_virb4 AND NOT(T/F/I) AND >=2 FA/FATA	183	3	1	2	FATA	medium	FA_orf14	FATA_cd419a;FATA_prgF	179:135546..137480:-	none	1:251..2833:-	1:251..2833:-	none	115:88461..89213:-	none	none	172:128705..129904:-	172:128705..129904:-	none	none	none	none	298.1	MOBC;MOBP1;MOBP2		no_slot_defined
NZ_CP117871.1	MPF_FA	T4SS_virb4 AND NOT(T/F/I) AND >=2 FA/FATA	84	2	0	2	FATA	minimal		FATA_cd419a;FATA_prgB	78:77968..79743:-	none	77:76166..77971:-	77:76166..77971:-	none	none	none	none	65:58114..59688:+	none	none	none	none	none	79.6	MOBP1		no_slot_defined
NZ_CP117987.1	MPF_FA	T4SS_virb4 AND NOT(T/F/I) AND >=2 FA/FATA	89	2	1	1	unassigned	minimal	FA_orf14	FATA_cd419a	6:8825..10720:+	none	2:2625..4985:+	2:2625..4985:+	none	none	none	none	12:14473..15705:+	12:14473..15705:+	none	none	none	none	257.2	MOBP1;MOBP2		no_slot_defined
NZ_CP118102.1	MPF_FA	T4SS_virb4 AND NOT(T/F/I) AND >=2 FA/FATA	214	3	2	1	FA	medium	FA_orf17a;FA_orf19	FATA_cd419a	59:62068..64710:+	50:52412..54862:-	50:52412..54862:-	50:52412..54862:-	none	120:133518..133904:+	none	none	none	none	none	none	none	none	119.4	MOBC		no_slot_defined
NZ_CP118103.1	MPF_FA	T4SS_virb4 AND NOT(T/F/I) AND >=2 FA/FATA	74	6	0	6	FATA	high		FATA_cd411;FATA_prgHa;FATA_prgHb;FATA_prgIa;FATA_prgIb;FATA_prgIc	8:7056..9425:-	none	12:11215..13077:-	12:11215..13077:-	none	none	none	none	19:18394..19863:-	none	none	none	none	none	365.0	MOBP1		no_slot_defined
NZ_CP118105.1	MPF_FA	T4SS_virb4 AND NOT(T/F/I) AND >=2 FA/FATA	203	3	2	1	FA	medium	FA_orf17a;FA_orf19	FATA_cd419a	190:191395..194037:-	199:201258..203693:+	199:201258..203693:+	199:201258..203693:+	none	133:129344..129730:-	none	none	none	none	none	none	none	none	119.4	MOBC		no_slot_defined
NZ_CP118110.1	MPF_FA	T4SS_virb4 AND NOT(T/F/I) AND >=2 FA/FATA	184	3	2	1	FA	medium	FA_orf17a;FA_orf19	FATA_cd419a	37:36656..39298:+	28:27000..29435:-	28:27000..29435:-	28:27000..29435:-	none	91:100960..101346:+	none	none	none	none	none	none	none	none	119.4	MOBC		no_slot_defined
NZ_CP118266.1	MPF_FA	T4SS_virb4 AND NOT(T/F/I) AND >=2 FA/FATA	182	2	0	2	FATA	minimal		FATA_cd419a;FATA_gbs1369	119:103512..106217:+	none	126:113554..116691:+	126:113554..116691:+	none	none	none	none	none	none	none	none	26:32242..33384:+	none	258.1	MOBT		no_slot_defined
NZ_CP118549.1	MPF_FA	T4SS_virb4 AND NOT(T/F/I) AND >=2 FA/FATA	62	8	1	7	FATA	high	FA_orf14	FATA_cd419_1;FATA_prgC;FATA_trsC;FATA_trsD;FATA_trsF;FATA_trsG;FATA_trsL	38:48586..50547:-	none	33:43441..45096:-	33:43441..45096:-	none	none	none	none	42:51962..54001:-	none	none	42:51962..54001:-	none	none	260.7	MOBP1;MOBQ		no_slot_defined
NZ_CP118550.1	MPF_FA	T4SS_virb4 AND NOT(T/F/I) AND >=2 FA/FATA	217	2	0	2	FATA	minimal		FATA_cd419a;FATA_gbs1354	22:20889..22913:+	none	18:14764..17373:+	18:14764..17373:+	none	none	none	none	34:30060..31655:+	34:30060..31655:+	none	none	none	none	257.1	MOBP1;MOBP2		no_slot_defined
NZ_CP118628.1	MPF_FA	T4SS_virb4 AND NOT(T/F/I) AND >=2 FA/FATA	72	6	0	6	FATA	high		FATA_cd419a;FATA_prgHa;FATA_prgHb;FATA_prgK;FATA_prgL;FATA_trsG	68:72610..74877:+	none	64:69235..71034:+	64:69235..71034:+	none	none	none	none	6:12650..14185:+	none	none	none	none	none	253.7	MOBP1		no_slot_defined
NZ_CP118716.1	MPF_FA	T4SS_virb4 AND NOT(T/F/I) AND >=2 FA/FATA	70	2	1	1	unassigned	minimal	FA_orf14	FATA_cd419a	64:55880..57850:+	none	58:49301..51796:+	58:49301..51796:+	none	38:29927..30127:+	none	none	69:61014..62171:+	69:61014..62171:+	none	none	none	none	260.4	MOBC;MOBP1;MOBP2		no_slot_defined
NZ_CP118756.1	MPF_FA	T4SS_virb4 AND NOT(T/F/I) AND >=2 FA/FATA	88	8	0	8	FATA	high		FATA_cd419a;FATA_prgB;FATA_prgC;FATA_prgF;FATA_prgHb;FATA_prgIc;FATA_prgK;FATA_prgL	37:35270..37408:+	none	79:72112..73941:-	79:72112..73941:-	none	none	none	none	75:67298..68995:-	none	none	none	none	none	223.7	MOBP1		no_slot_defined
NZ_CP118757.1	MPF_FA	T4SS_virb4 AND NOT(T/F/I) AND >=2 FA/FATA	88	7	6	1	FA	high	FA_orf13;FA_orf14;FA_orf15;FA_orf17a;FA_orf19;FA_orf23	FATA_cd419a	12:14056..16503:-	17:19229..20614:-	none	none	none	none	none	none	23:25003..26700:+	none	none	none	16:17846..19051:-	6:4257..5519:-	93.8	MOBP1;MOBT;MOBV		no_slot_defined
NZ_CP118843.1	MPF_FA	T4SS_virb4 AND NOT(T/F/I) AND >=2 FA/FATA	50	2	0	2	FATA	minimal		FATA_gbs1350;FATA_trsG	45:36724..38682:+	none	39:29562..32126:+	39:29562..32126:+	none	none	none	none	none	8:8318..9667:-	none	none	none	none	270.1	MOBP2		no_slot_defined
NZ_CP118959.1	MPF_FA	T4SS_virb4 AND NOT(T/F/I) AND >=2 FA/FATA	384	6	6	0	FA	high	FA_orf13;FA_orf14;FA_orf15;FA_orf17a;FA_orf17b;FA_orf19		308:288868..291408:-	284:270555..271721:-	none	317:301433..304507:-	none	38:33355..33819:+	none	none	251:243593..244195:-	251:243593..244195:-	none	none	none	none	141.4	MOBC;MOBP1;MOBP2		no_slot_defined
NZ_CP119110.1	MPF_FA	T4SS_virb4 AND NOT(T/F/I) AND >=2 FA/FATA	48	3	2	1	FA	medium	FA_orf15;FA_orf17a	FATA_trsG	2:3132..5627:-	none	none	none	none	none	none	none	none	none	none	none	none	none	118.3			no_slot_defined
NZ_CP119134.1	MPF_FA	T4SS_virb4 AND NOT(T/F/I) AND >=2 FA/FATA	465	2	0	2	FATA	minimal		FATA_cd419a;FATA_prgC	21:19599..22292:+	186:204105..208157:-	none	none	none	27:29802..30716:+	405:508008..508736:+	none	none	none	none	none	none	none	73.2	MOBC;MOBF		no_slot_defined
NZ_CP119146.1	MPF_FA	T4SS_virb4 AND NOT(T/F/I) AND >=2 FA/FATA	285	2	1	1	unassigned	minimal	FA_orf17a	FATA_cd419a	251:258565..261168:-	none	none	246:250704..253181:-	none	245:249694..250707:-	none	none	none	none	none	none	none	none	78.7	MOBC		no_slot_defined
NZ_CP119160.1	MPF_FA	T4SS_virb4 AND NOT(T/F/I) AND >=2 FA/FATA	111	8	0	8	FATA	high		FATA_cd419a;FATA_prgB;FATA_prgC;FATA_prgF;FATA_prgHb;FATA_prgIc;FATA_prgK;FATA_prgL	17:15834..18224:+	none	26:24424..26253:+	26:24424..26253:+	none	none	none	none	30:29371..31056:+	none	none	none	none	34:33435..34256:-	292.1	MOBP1;MOBV		no_slot_defined
NZ_CP119161.1	MPF_FA	T4SS_virb4 AND NOT(T/F/I) AND >=2 FA/FATA	55	3	1	2	FATA	medium	FA_orf14	FATA_prgB;FATA_prgC	27:23099..25636:+	none	18:15970..18567:+	18:15970..18567:+	none	none	none	none	34:30718..32751:+	34:30718..32751:+	none	none	none	none	146.1	MOBP1;MOBP2		no_slot_defined
NZ_CP119162.1	MPF_FA	T4SS_virb4 AND NOT(T/F/I) AND >=2 FA/FATA	75	4	3	1	FA	medium	FA_orf13;FA_orf15;FA_orf17b	FATA_prgC	6:4164..6728:+	none	none	9:9439..11673:+	none	10:12277..13005:+	none	none	none	none	none	none	none	none	90.2	MOBC		no_slot_defined
NZ_CP119189.1	MPF_FA	T4SS_virb4 AND NOT(T/F/I) AND >=2 FA/FATA	259	2	0	2	FATA	minimal		FATA_cd419a;FATA_gbs1369	256:217342..220047:+	none	3:2725..5862:+	3:2725..5862:+	none	none	none	none	58:53618..54727:+	none	none	none	146:130468..131610:+	none	258.1	MOBP1;MOBT		no_slot_defined
NZ_CP119342.1	MPF_FA	T4SS_virb4 AND NOT(T/F/I) AND >=2 FA/FATA	51	7	0	7	FATA	high		FATA_gbs1354;FATA_trsC;FATA_trsD;FATA_trsF;FATA_trsG;FATA_trsJ;FATA_trsL	4:3582..5582:-	none	50:39602..41056:-	50:39602..41056:-	none	none	none	none	10:8407..10395:-	none	none	10:8407..10395:-	none	none	309.1	MOBP1;MOBQ		no_slot_defined
NZ_CP119529.1	MPF_FA	T4SS_virb4 AND NOT(T/F/I) AND >=2 FA/FATA	84	3	3	0	FA	medium	FA_orf13;FA_orf15;FA_orf17b		63:51206..53770:-	none	none	60:46248..48506:-	none	59:44941..45726:-	none	none	none	none	none	none	none	none	90.5	MOBC		no_slot_defined
NZ_CP119630.1	MPF_FA	T4SS_virb4 AND NOT(T/F/I) AND >=2 FA/FATA	93	2	1	1	unassigned	minimal	FA_orf14	FATA_cd419a	59:47913..49850:+	none	53:40716..42602:+	53:40716..42602:+	none	none	none	none	none	67:54425..55981:+	none	none	none	none	343.8	MOBP2		no_slot_defined
NZ_CP120186.1	MPF_FA	T4SS_virb4 AND NOT(T/F/I) AND >=2 FA/FATA	49	2	0	2	FATA	minimal		FATA_gbs1354;FATA_trsG	30:26368..28254:+	none	16:14433..16697:-	16:14433..16697:-	none	none	none	none	none	none	none	17:16717..18633:-	none	none	256.1	MOBQ		no_slot_defined
NZ_CP120418.1	MPF_FA	T4SS_virb4 AND NOT(T/F/I) AND >=2 FA/FATA	71	3	0	3	FATA	medium		FATA_cd411;FATA_prgHb;FATA_prgIc	15:13248..15623:-	none	19:17137..18906:-	19:17137..18906:-	none	none	none	none	3:2384..3916:-	none	none	none	none	none	308.7	MOBP1		no_slot_defined
NZ_CP120606.1	MPF_FA	T4SS_virb4 AND NOT(T/F/I) AND >=2 FA/FATA	160	2	1	1	unassigned	minimal	FA_orf14	FATA_cd419a	19:16661..18595:-	48:45166..46299:-	26:26253..28001:-	24:22874..23782:-	none	none	none	none	none	12:10226..11422:-	none	none	none	none	300.9	MOBP2		no_slot_defined
NZ_CP120750.1	MPF_FA	T4SS_virb4 AND NOT(T/F/I) AND >=2 FA/FATA	56	3	2	1	FA	medium	FA_orf17a;FA_orf17b	FATA_cd419a	23:21412..23934:-	29:26205..27794:-	none	none	none	none	none	none	none	none	none	none	none	none	88.5			no_slot_defined
NZ_CP120755.1	MPF_FA	T4SS_virb4 AND NOT(T/F/I) AND >=2 FA/FATA	56	3	2	1	FA	medium	FA_orf17a;FA_orf17b	FATA_cd419a	18:18190..20715:-	23:23582..25165:-	none	none	none	44:39168..39698:-	none	none	none	none	none	none	none	none	84.6	MOBC		no_slot_defined
NZ_CP120959.1	MPF_FA	T4SS_virb4 AND NOT(T/F/I) AND >=2 FA/FATA	386	2	1	1	unassigned	minimal	FA_orf14	FATA_cd419a	7:6042..8141:+	none	322:314910..318410:-	322:314910..318410:-	none	none	none	none	none	none	none	none	none	none	328.6			no_slot_defined
NZ_CP121267.1	MPF_FA	T4SS_virb4 AND NOT(T/F/I) AND >=2 FA/FATA	89	2	1	1	unassigned	minimal	FA_orf14	FATA_cd419a	71:49011..50906:-	none	75:54746..57106:-	75:54746..57106:-	none	none	none	none	65:44026..45258:-	65:44026..45258:-	none	none	none	none	257.2	MOBP1;MOBP2		no_slot_defined
NZ_CP121484.1	MPF_FA	T4SS_virb4 AND NOT(T/F/I) AND >=2 FA/FATA	53	3	0	3	FATA	medium		FATA_gbs1350;FATA_gbs1354;FATA_trsG	33:25458..27416:+	none	27:18296..20860:+	27:18296..20860:+	none	none	none	none	49:42226..43569:-	49:42226..43569:-	none	none	none	none	270.1	MOBP1;MOBP2		no_slot_defined
NZ_CP121487.1	MPF_FA	T4SS_virb4 AND NOT(T/F/I) AND >=2 FA/FATA	51	3	0	3	FATA	medium		FATA_gbs1350;FATA_gbs1354;FATA_trsG	14:13747..15705:+	none	8:6585..9149:+	8:6585..9149:+	none	none	none	none	28:30518..31861:-	28:30518..31861:-	none	none	none	none	270.1	MOBP1;MOBP2		no_slot_defined
NZ_CP121493.1	MPF_FA	T4SS_virb4 AND NOT(T/F/I) AND >=2 FA/FATA	57	2	0	2	FATA	minimal		FATA_gbs1350;FATA_trsG	41:28695..30653:+	none	35:21534..24098:+	35:21534..24098:+	none	none	none	none	55:46052..47395:-	55:46052..47395:-	none	none	none	none	268.7	MOBP1;MOBP2		no_slot_defined
NZ_CP121500.1	MPF_FA	T4SS_virb4 AND NOT(T/F/I) AND >=2 FA/FATA	56	2	0	2	FATA	minimal		FATA_gbs1350;FATA_trsG	53:43167..45125:+	none	47:36006..38570:+	47:36006..38570:+	none	none	none	none	10:12839..14182:-	10:12839..14182:-	none	none	none	none	268.7	MOBP1;MOBP2		no_slot_defined
NZ_CP121505.1	MPF_FA	T4SS_virb4 AND NOT(T/F/I) AND >=2 FA/FATA	57	2	0	2	FATA	minimal		FATA_gbs1350;FATA_trsG	36:28797..30755:-	none	42:35352..37916:-	42:35352..37916:-	none	none	none	none	22:12055..13398:+	22:12055..13398:+	none	none	none	none	268.7	MOBP1;MOBP2		no_slot_defined
NZ_CP121672.1	MPF_FA	T4SS_virb4 AND NOT(T/F/I) AND >=2 FA/FATA	25	5	1	4	FATA	high	FA_orf14	FATA_cd419a;FATA_trsC;FATA_trsD;FATA_trsL	5:3496..5364:-	none	16:9967..11892:+	16:9967..11892:+	none	none	none	none	15:9229..9879:+	none	none	none	none	none	294.4	MOBP1		no_slot_defined
NZ_CP121697.1	MPF_FA	T4SS_virb4 AND NOT(T/F/I) AND >=2 FA/FATA	315	3	0	3	FATA	medium		FATA_cd419_1;FATA_cd419a;FATA_prgIb	96:77410..79272:-	none	71:55451..57397:-	71:55451..57397:-	none	none	none	116:95336..96235:-	none	none	none	none	none	none	318.0	MOBH		no_slot_defined
NZ_CP121765.1	MPF_FA	T4SS_virb4 AND NOT(T/F/I) AND >=2 FA/FATA	69	3	0	3	FATA	medium		FATA_cd419a;FATA_prgB;FATA_prgF	18:20198..21706:+	none	19:21709..23523:+	19:21709..23523:+	none	none	21:24487..28932:-	none	none	none	none	none	none	none	67.4	MOBF		no_slot_defined
NZ_CP122524.1	MPF_FA	T4SS_virb4 AND NOT(T/F/I) AND >=2 FA/FATA	116	3	1	2	FATA	medium	FA_orf14	FATA_cd419a;FATA_prgB	50:45526..47451:-	none	59:51909..54485:-	59:51909..54485:-	none	none	none	none	43:39297..41819:-	43:39297..41819:-	none	none	none	none	233.0	MOBP1;MOBP2		no_slot_defined
NZ_CP124308.1	MPF_FA	T4SS_virb4 AND NOT(T/F/I) AND >=2 FA/FATA	98	4	2	2	unassigned	medium	FA_orf17a;FA_orf17b	FATA_cd419a;FATA_prgC	75:54072..56582:-	85:60985..62553:-	none	none	none	none	none	none	none	none	none	none	none	none	84.4			no_slot_defined
NZ_CP124738.1	MPF_FA	T4SS_virb4 AND NOT(T/F/I) AND >=2 FA/FATA	39	5	0	5	FATA	high		FATA_trsC;FATA_trsD;FATA_trsF;FATA_trsJ;FATA_trsL	16:15973..17991:-	none	11:10437..11948:-	11:10437..11948:-	none	none	none	none	none	none	none	22:20397..22460:-	none	none	331.9	MOBQ		no_slot_defined
NZ_CP124885.1	MPF_FA	T4SS_virb4 AND NOT(T/F/I) AND >=2 FA/FATA	65	6	3	3	unassigned	high	FA_orf13;FA_orf15;FA_orf17b	FATA_prgB;FATA_prgC;FATA_trsG	23:23763..26294:+	none	none	26:28994..31252:+	none	27:31832..32560:+	none	none	none	none	none	none	none	none	91.1	MOBC		no_slot_defined
NZ_CP124888.1	MPF_FA	T4SS_virb4 AND NOT(T/F/I) AND >=2 FA/FATA	79	6	3	3	unassigned	high	FA_orf13;FA_orf15;FA_orf17b	FATA_prgB;FATA_prgC;FATA_trsG	78:67746..69230:-	none	none	74:62784..63332:-	none	73:61476..62204:-	none	none	none	none	none	none	none	none	70.8	MOBC		no_slot_defined
NZ_CP124895.1	MPF_FA	T4SS_virb4 AND NOT(T/F/I) AND >=2 FA/FATA	79	2	1	1	unassigned	minimal	FA_orf14	FATA_prgB	21:26053..28608:+	none	18:21013..23544:+	18:21013..23544:+	none	none	none	none	31:34381..36441:+	31:34381..36441:+	none	none	none	none	147.6	MOBP1;MOBP2		no_slot_defined
NZ_CP124899.1	MPF_FA	T4SS_virb4 AND NOT(T/F/I) AND >=2 FA/FATA	77	2	1	1	unassigned	minimal	FA_orf14	FATA_prgB	21:26053..28608:+	none	18:21013..23544:+	18:21013..23544:+	none	none	none	none	31:34381..36441:+	31:34381..36441:+	none	none	none	none	147.6	MOBP1;MOBP2		no_slot_defined
NZ_CP124902.1	MPF_FA	T4SS_virb4 AND NOT(T/F/I) AND >=2 FA/FATA	82	7	0	7	FATA	high		FATA_prgB;FATA_prgC;FATA_prgF;FATA_prgHb;FATA_prgIc;FATA_prgK;FATA_prgL	81:74994..77384:+	none	8:4799..6628:+	8:4799..6628:+	none	none	none	none	12:9746..11431:+	none	none	none	none	none	291.6	MOBP1		no_slot_defined
NZ_CP124910.1	MPF_FA	T4SS_virb4 AND NOT(T/F/I) AND >=2 FA/FATA	79	2	1	1	unassigned	minimal	FA_orf14	FATA_prgB	21:26053..28608:+	none	18:21013..23544:+	18:21013..23544:+	none	none	none	none	31:34381..36441:+	31:34381..36441:+	none	none	none	none	147.6	MOBP1;MOBP2		no_slot_defined
NZ_CP124912.1	MPF_FA	T4SS_virb4 AND NOT(T/F/I) AND >=2 FA/FATA	71	4	3	1	FA	medium	FA_orf13;FA_orf15;FA_orf17b	FATA_trsG	70:54800..57364:-	none	none	67:49837..52095:-	none	66:48530..49315:-	none	none	none	none	none	none	none	none	90.1	MOBC		no_slot_defined
NZ_CP124915.1	MPF_FA	T4SS_virb4 AND NOT(T/F/I) AND >=2 FA/FATA	56	6	3	3	unassigned	high	FA_orf13;FA_orf15;FA_orf17b	FATA_prgB;FATA_prgC;FATA_trsG	24:22685..25249:+	none	none	27:27954..30212:+	none	28:30734..31519:+	none	none	none	none	none	none	none	none	90.2	MOBC		no_slot_defined
NZ_CP124917.1	MPF_FA	T4SS_virb4 AND NOT(T/F/I) AND >=2 FA/FATA	68	6	3	3	unassigned	high	FA_orf13;FA_orf15;FA_orf17b	FATA_prgB;FATA_prgC;FATA_trsG	25:23278..25809:+	none	none	28:28514..30772:+	none	29:31294..32079:+	none	none	none	none	none	none	none	none	89.5	MOBC		no_slot_defined
NZ_CP124919.1	MPF_FA	T4SS_virb4 AND NOT(T/F/I) AND >=2 FA/FATA	101	3	2	1	FA	medium	FA_orf14;FA_orf15	FATA_prgB	81:69105..71660:-	none	84:74169..76700:-	3:4507..6765:+	none	4:7287..8072:+	none	none	71:61272..63332:-	71:61272..63332:-	none	none	none	none	147.6	MOBC;MOBP1;MOBP2		no_slot_defined
NZ_CP124922.1	MPF_FA	T4SS_virb4 AND NOT(T/F/I) AND >=2 FA/FATA	65	6	3	3	unassigned	high	FA_orf13;FA_orf15;FA_orf17b	FATA_prgB;FATA_prgC;FATA_trsG	23:23763..26294:+	none	none	26:28994..31252:+	none	27:31832..32560:+	none	none	none	none	none	none	none	none	91.1	MOBC		no_slot_defined
NZ_CP124924.1	MPF_FA	T4SS_virb4 AND NOT(T/F/I) AND >=2 FA/FATA	54	6	3	3	unassigned	high	FA_orf13;FA_orf15;FA_orf17b	FATA_prgB;FATA_prgC;FATA_trsG	21:21544..24108:+	none	24:26813..29026:+	24:26813..29026:+	none	26:29883..30668:+	none	none	none	none	none	none	none	none	87.9	MOBC		no_slot_defined
NZ_CP124926.1	MPF_FA	T4SS_virb4 AND NOT(T/F/I) AND >=2 FA/FATA	78	2	1	1	unassigned	minimal	FA_orf14	FATA_prgB	22:26052..28607:+	none	18:21012..23543:+	18:21012..23543:+	none	none	none	none	32:34303..36363:+	32:34303..36363:+	none	none	none	none	147.6	MOBP1;MOBP2		no_slot_defined
NZ_CP124932.1	MPF_FA	T4SS_virb4 AND NOT(T/F/I) AND >=2 FA/FATA	83	8	0	8	FATA	high		FATA_cd419a;FATA_prgB;FATA_prgC;FATA_prgF;FATA_prgHb;FATA_prgIc;FATA_prgK;FATA_prgL	48:39594..41984:-	none	38:28760..30589:-	38:28760..30589:-	none	none	none	none	34:23957..25642:-	none	none	none	none	none	294.7	MOBP1		no_slot_defined
NZ_CP124936.1	MPF_FA	T4SS_virb4 AND NOT(T/F/I) AND >=2 FA/FATA	77	2	1	1	unassigned	minimal	FA_orf14	FATA_prgB	21:26053..28608:+	none	18:21013..23544:+	18:21013..23544:+	none	none	none	none	31:34381..36441:+	31:34381..36441:+	none	none	none	none	147.6	MOBP1;MOBP2		no_slot_defined
NZ_CP124937.1	MPF_FA	T4SS_virb4 AND NOT(T/F/I) AND >=2 FA/FATA	60	6	3	3	unassigned	high	FA_orf13;FA_orf15;FA_orf17b	FATA_prgB;FATA_prgC;FATA_trsG	23:21896..24460:+	none	26:27165..29423:+	26:27165..29423:+	none	27:30002..30727:+	none	none	none	none	none	none	none	none	92.2	MOBC		no_slot_defined
NZ_CP124940.1	MPF_FA	T4SS_virb4 AND NOT(T/F/I) AND >=2 FA/FATA	77	2	1	1	unassigned	minimal	FA_orf14	FATA_prgB	21:26052..28607:+	none	18:21012..23543:+	18:21012..23543:+	none	none	none	none	31:34380..36440:+	31:34380..36440:+	none	none	none	none	147.6	MOBP1;MOBP2		no_slot_defined
NZ_CP124944.1	MPF_FA	T4SS_virb4 AND NOT(T/F/I) AND >=2 FA/FATA	90	2	1	1	unassigned	minimal	FA_orf14	FATA_prgB	23:26053..28608:+	none	20:21013..23544:+	20:21013..23544:+	none	none	none	none	33:34381..36441:+	33:34381..36441:+	none	none	none	none	147.6	MOBP1;MOBP2		no_slot_defined
NZ_CP124945.1	MPF_FA	T4SS_virb4 AND NOT(T/F/I) AND >=2 FA/FATA	65	3	1	2	FATA	medium	FA_orf14	FATA_prgB;FATA_prgC	6:6109..8646:-	none	12:12363..14960:-	12:12363..14960:-	none	none	none	none	none	none	none	none	none	none	145.0			no_slot_defined
NZ_CP124948.1	MPF_FA	T4SS_virb4 AND NOT(T/F/I) AND >=2 FA/FATA	81	2	1	1	unassigned	minimal	FA_orf14	FATA_prgB	21:25761..28316:+	none	18:20721..23252:+	18:20721..23252:+	none	none	none	none	31:34089..36149:+	31:34089..36149:+	none	none	none	none	147.6	MOBP1;MOBP2		no_slot_defined
NZ_CP124951.1	MPF_FA	T4SS_virb4 AND NOT(T/F/I) AND >=2 FA/FATA	77	2	1	1	unassigned	minimal	FA_orf14	FATA_prgB	21:26052..28607:+	none	18:21012..23543:+	18:21012..23543:+	none	none	none	none	31:34380..36440:+	31:34380..36440:+	none	none	none	none	147.6	MOBP1;MOBP2		no_slot_defined
NZ_CP124957.1	MPF_FA	T4SS_virb4 AND NOT(T/F/I) AND >=2 FA/FATA	90	6	3	3	unassigned	high	FA_orf13;FA_orf15;FA_orf17b	FATA_prgB;FATA_prgC;FATA_trsG	24:23165..25696:+	none	27:28405..30663:+	27:28405..30663:+	none	28:31243..31971:+	none	none	none	none	none	none	none	none	87.5	MOBC		no_slot_defined
NZ_CP124958.1	MPF_FA	T4SS_virb4 AND NOT(T/F/I) AND >=2 FA/FATA	76	2	1	1	unassigned	minimal	FA_orf14	FATA_prgB	21:26052..28607:+	none	18:21012..23543:+	18:21012..23543:+	none	none	none	none	31:34380..36440:+	31:34380..36440:+	none	none	none	none	147.6	MOBP1;MOBP2		no_slot_defined
NZ_CP124961.1	MPF_FA	T4SS_virb4 AND NOT(T/F/I) AND >=2 FA/FATA	77	2	1	1	unassigned	minimal	FA_orf14	FATA_prgB	21:26053..28608:+	none	18:21013..23544:+	18:21013..23544:+	none	none	none	none	31:34381..36441:+	31:34381..36441:+	none	none	none	none	147.6	MOBP1;MOBP2		no_slot_defined
NZ_CP125316.1	MPF_FA	T4SS_virb4 AND NOT(T/F/I) AND >=2 FA/FATA	53	8	0	8	FATA	high		FATA_cd411;FATA_prgF;FATA_prgHa;FATA_prgHb;FATA_prgIa;FATA_prgIb;FATA_prgIc;FATA_trsG	18:11374..13830:+	none	14:8059..9960:+	14:8059..9960:+	none	none	none	none	26:20235..22442:+	none	none	none	none	none	330.9	MOBP1		no_slot_defined
NZ_CP125813.1	MPF_FA	T4SS_virb4 AND NOT(T/F/I) AND >=2 FA/FATA	89	2	1	1	unassigned	minimal	FA_orf14	FATA_cd419a	0:1..1641:+	none	85:58161..60521:+	85:58161..60521:+	none	none	none	none	6:5394..6626:+	6:5394..6626:+	none	none	none	none	221.8	MOBP1;MOBP2		no_slot_defined
NZ_CP125990.1	MPF_FA	T4SS_virb4 AND NOT(T/F/I) AND >=2 FA/FATA	520	2	1	1	unassigned	minimal	FA_orf14	FATA_cd419a	294:377947..380046:-	none	350:429550..432726:+	350:429550..432726:+	none	none	none	none	none	none	none	none	none	none	321.8			no_slot_defined
NZ_CP126464.1	MPF_FA	T4SS_virb4 AND NOT(T/F/I) AND >=2 FA/FATA	189	3	1	2	FATA	medium	FA_orf14	FATA_cd419a;FATA_prgF	92:89450..91549:+	none	56:52148..55477:-	56:52148..55477:-	none	none	none	none	none	none	none	none	none	none	325.1			no_slot_defined
NZ_CP126465.1	MPF_FA	T4SS_virb4 AND NOT(T/F/I) AND >=2 FA/FATA	106	2	1	1	unassigned	minimal	FA_orf14	FATA_cd419a	6:4733..6667:-	none	13:11888..13723:-	13:11888..13723:-	none	none	none	none	none	105:93808..94836:-	none	none	none	none	345.1	MOBP2		no_slot_defined
NZ_CP126475.1	MPF_FA	T4SS_virb4 AND NOT(T/F/I) AND >=2 FA/FATA	441	2	1	1	unassigned	minimal	FA_orf14	FATA_cd419a	78:83214..85313:+	none	35:37612..40959:-	35:37612..40959:-	none	none	none	none	none	none	none	none	none	none	325.3			no_slot_defined
NZ_CP126517.1	MPF_FA	T4SS_virb4 AND NOT(T/F/I) AND >=2 FA/FATA	275	3	1	2	FATA	medium	FA_orf14	FATA_cd419a;FATA_prgC	46:45143..47080:+	16:14037..15218:-	41:38555..41125:+	41:38555..41125:+	none	15:13484..14098:-	none	none	51:50249..51439:+	51:50249..51439:+	none	none	none	none	328.7	MOBC;MOBP1;MOBP2		no_slot_defined
NZ_CP126519.1	MPF_FA	T4SS_virb4 AND NOT(T/F/I) AND >=2 FA/FATA	73	3	2	1	FA	medium	FA_orf13;FA_orf17a	FATA_cd419a	71:66974..69532:+	41:41755..42918:+	none	66:61042..63834:+	none	67:63852..64694:+	none	none	none	none	none	none	none	none	98.7	MOBC		no_slot_defined
NZ_CP126522.1	MPF_FA	T4SS_virb4 AND NOT(T/F/I) AND >=2 FA/FATA	272	3	1	2	FATA	medium	FA_orf14	FATA_cd419a;FATA_prgC	60:60563..62500:+	30:29878..31059:-	55:53843..56398:+	55:53843..56398:+	none	29:29325..29939:-	none	none	66:65960..67153:+	66:65960..67153:+	none	none	none	none	323.0	MOBC;MOBP1;MOBP2		no_slot_defined
NZ_CP126528.1	MPF_FA	T4SS_virb4 AND NOT(T/F/I) AND >=2 FA/FATA	254	3	1	2	FATA	medium	FA_orf14	FATA_cd419a;FATA_prgC	119:121517..123454:+	88:90586..91767:-	114:115004..117559:+	114:115004..117559:+	none	87:90033..90647:-	none	none	124:126624..127817:+	124:126624..127817:+	none	none	none	none	322.7	MOBC;MOBP1;MOBP2		no_slot_defined
NZ_CP126529.1	MPF_FA	T4SS_virb4 AND NOT(T/F/I) AND >=2 FA/FATA	291	8	6	2	FA	high	FA_orf13;FA_orf14;FA_orf15;FA_orf17a;FA_orf17b;FA_orf19	FATA_cd419a;FATA_prgC	23:23592..26132:-	272:261770..262936:-	none	39:43591..46665:-	none	none	none	none	none	none	none	none	none	none	139.5			no_slot_defined
NZ_CP126541.1	MPF_FA	T4SS_virb4 AND NOT(T/F/I) AND >=2 FA/FATA	46	3	2	1	FA	medium	FA_orf15;FA_orf17a	FATA_trsG	39:30874..33459:-	none	none	none	none	none	none	none	none	none	none	none	none	none	121.0			no_slot_defined
NZ_CP126628.1	MPF_FA	T4SS_virb4 AND NOT(T/F/I) AND >=2 FA/FATA	79	2	1	1	unassigned	minimal	FA_orf15	FATA_trsG	15:15274..17505:+	none	15:15274..17505:+	none	none	none	none	none	none	none	none	none	none	none	102.8			no_slot_defined
NZ_CP126903.1	MPF_FA	T4SS_virb4 AND NOT(T/F/I) AND >=2 FA/FATA	356	2	0	2	FATA	minimal		FATA_cd419a;FATA_prgB	113:95855..98443:+	none	104:89606..91018:+	104:89606..91018:+	none	none	143:143378..146218:-	none	none	none	none	none	none	none	74.8	MOBF		no_slot_defined
NZ_CP127023.1	MPF_FA	T4SS_virb4 AND NOT(T/F/I) AND >=2 FA/FATA	36	8	1	7	FATA	high	FA_orf13	FATA_prgF;FATA_trsC;FATA_trsD;FATA_trsF;FATA_trsG;FATA_trsJ;FATA_trsL	19:19214..21226:-	none	13:12092..13738:-	13:12092..13738:-	none	none	none	none	none	none	none	31:28209..30206:+	none	none	318.2	MOBQ		no_slot_defined
NZ_CP127178.1	MPF_FA	T4SS_virb4 AND NOT(T/F/I) AND >=2 FA/FATA	110	8	6	2	FA	high	FA_orf13;FA_orf14;FA_orf15;FA_orf17a;FA_orf19;FA_orf23	FATA_cd419_1;FATA_cd419a	14:15471..17918:-	19:20644..22029:-	none	none	none	none	none	none	25:26418..28103:+	none	none	none	18:19261..20466:-	6:4257..5519:-	93.8	MOBP1;MOBT;MOBV		no_slot_defined
NZ_CP127179.1	MPF_FA	T4SS_virb4 AND NOT(T/F/I) AND >=2 FA/FATA	66	6	3	3	unassigned	high	FA_orf13;FA_orf15;FA_orf17b	FATA_prgB;FATA_prgC;FATA_trsG	23:22247..24811:+	none	26:27516..29729:+	26:27516..29729:+	none	28:30587..31372:+	none	none	none	none	none	none	none	none	89.9	MOBC		no_slot_defined
NZ_CP127373.1	MPF_FA	T4SS_virb4 AND NOT(T/F/I) AND >=2 FA/FATA	236	2	1	1	unassigned	minimal	FA_orf14	FATA_cd419a	7:7122..9062:+	171:163945..165126:+	2:778..3501:+	2:778..3501:+	none	172:165065..165682:+	none	none	13:12577..13785:+	13:12577..13785:+	none	none	none	none	298.4	MOBC;MOBP1;MOBP2		no_slot_defined
NZ_CP127374.1	MPF_FA	T4SS_virb4 AND NOT(T/F/I) AND >=2 FA/FATA	90	4	3	1	FA	medium	FA_orf13;FA_orf15;FA_orf17a	FATA_cd419a	27:25094..27652:-	56:49204..50367:-	none	33:31140..33953:-	none	32:30292..31134:-	none	none	none	none	none	none	none	none	106.1	MOBC		no_slot_defined
NZ_CP127875.1	MPF_FA	T4SS_virb4 AND NOT(T/F/I) AND >=2 FA/FATA	110	2	1	1	unassigned	minimal	FA_orf14	FATA_cd419a	23:20505..22439:-	49:46464..47597:-	30:29930..31696:-	28:26550..27458:-	none	93:99754..100266:-	none	none	17:15807..17015:-	17:15807..17015:-	none	none	none	none	306.9	MOBC;MOBP1;MOBP2		no_slot_defined
NZ_CP127876.1	MPF_FA	T4SS_virb4 AND NOT(T/F/I) AND >=2 FA/FATA	128	2	1	1	unassigned	minimal	FA_orf14	FATA_cd419a	4:4156..6090:+	108:84851..85984:+	none	none	none	none	none	none	9:9214..10413:+	9:9214..10413:+	none	none	none	none	297.9	MOBP1;MOBP2		no_slot_defined
NZ_CP128115.1	MPF_FA	T4SS_virb4 AND NOT(T/F/I) AND >=2 FA/FATA	110	7	1	6	FATA	high	FA_orf14	FATA_cd419a;FATA_trsC;FATA_trsD;FATA_trsG;FATA_trsJ;FATA_trsL	81:50670..52556:-	none	68:35910..38423:-	68:35910..38423:-	none	none	none	none	none	none	none	107:68029..70278:+	none	none	237.4	MOBQ		no_slot_defined
NZ_CP128131.1	MPF_FA	T4SS_virb4 AND NOT(T/F/I) AND >=2 FA/FATA	92	4	3	1	FA	medium	FA_orf13;FA_orf15;FA_orf17a	FATA_cd419a	42:31068..33626:+	14:7892..9055:+	none	37:25217..27940:+	none	38:27946..28788:+	none	none	none	none	none	none	none	none	94.2	MOBC		no_slot_defined
NZ_CP128136.1	MPF_FA	T4SS_virb4 AND NOT(T/F/I) AND >=2 FA/FATA	291	2	1	1	unassigned	minimal	FA_orf14	FATA_cd419a	59:59429..61366:+	21:19526..20707:-	54:52780..55350:+	54:52780..55350:+	none	20:18970..19587:-	none	none	65:64824..66017:+	65:64824..66017:+	none	none	none	none	328.3	MOBC;MOBP1;MOBP2		no_slot_defined
NZ_CP128138.1	MPF_FA	T4SS_virb4 AND NOT(T/F/I) AND >=2 FA/FATA	94	2	1	1	unassigned	minimal	FA_orf14	FATA_cd419a	5:6732..8666:+	71:69867..71057:-	0:351..3071:+	0:351..3071:+	none	70:69311..69928:-	none	none	11:11848..13056:+	11:11848..13056:+	none	none	none	none	308.4	MOBC;MOBP1;MOBP2		no_slot_defined
NZ_CP128142.1	MPF_FA	T4SS_virb4 AND NOT(T/F/I) AND >=2 FA/FATA	334	2	1	1	unassigned	minimal	FA_orf14	FATA_cd419a	16:14039..15976:-	54:54900..56081:+	21:20124..22694:-	21:20124..22694:-	none	55:56020..56634:+	none	none	11:9673..10863:-	11:9673..10863:-	none	none	none	none	333.1	MOBC;MOBP1;MOBP2		no_slot_defined
NZ_CP128161.1	MPF_FA	T4SS_virb4 AND NOT(T/F/I) AND >=2 FA/FATA	111	2	1	1	unassigned	minimal	FA_orf14	FATA_cd419a	35:31619..33559:+	107:100061..101251:-	29:24846..27599:+	29:24846..27599:+	none	106:99505..100122:-	none	none	40:36784..37992:+	40:36784..37992:+	none	none	none	none	289.1	MOBC;MOBP1;MOBP2		no_slot_defined
NZ_CP128463.1	MPF_FA	T4SS_virb4 AND NOT(T/F/I) AND >=2 FA/FATA	62	7	1	6	FATA	high	FA_orf14	FATA_prgC;FATA_trsC;FATA_trsD;FATA_trsF;FATA_trsG;FATA_trsL	4:3994..5955:-	none	none	61:49077..50174:-	none	none	none	none	8:7370..9334:-	none	none	8:7370..9334:-	none	none	261.7	MOBP1;MOBQ		no_slot_defined
NZ_CP128469.1	MPF_FA	T4SS_virb4 AND NOT(T/F/I) AND >=2 FA/FATA	77	2	0	2	FATA	minimal		FATA_trsC;FATA_trsG	73:61632..63614:+	none	67:53144..56029:+	67:53144..56029:+	none	none	none	none	none	2:1077..2546:+	none	none	none	none	267.8	MOBP2		no_slot_defined
NZ_CP128554.1	MPF_FA	T4SS_virb4 AND NOT(T/F/I) AND >=2 FA/FATA	89	2	1	1	unassigned	minimal	FA_orf14	FATA_cd419a	10:10902..12836:-	36:37623..38756:-	16:17210..19801:-	16:17210..19801:-	none	none	none	none	5:6493..7713:-	5:6493..7713:-	none	none	none	none	297.7	MOBP1;MOBP2		no_slot_defined
NZ_CP129006.1	MPF_FA	T4SS_virb4 AND NOT(T/F/I) AND >=2 FA/FATA	558	2	1	1	unassigned	minimal	FA_orf14	FATA_cd419a	259:263094..265193:-	none	317:320393..323797:+	317:320393..323797:+	none	none	none	none	none	none	none	none	none	none	325.5			no_slot_defined
NZ_CP129296.1	MPF_FA	T4SS_virb4 AND NOT(T/F/I) AND >=2 FA/FATA	38	4	0	4	FATA	medium		FATA_trsC;FATA_trsD;FATA_trsJ;FATA_trsL	0:86..985:+	none	6:4995..6587:+	6:4995..6587:+	none	none	none	none	none	none	none	32:28997..31039:+	none	none	140.1	MOBQ		no_slot_defined
NZ_CP129608.2	MPF_FA	T4SS_virb4 AND NOT(T/F/I) AND >=2 FA/FATA	49	2	0	2	FATA	minimal		FATA_cd419a;FATA_trsC	15:10633..13473:-	none	37:27179..29134:-	37:27179..29134:-	none	none	none	none	33:23742..25361:+	none	none	none	none	none	476.2	MOBP1		no_slot_defined
NZ_CP129634.1	MPF_FA	T4SS_virb4 AND NOT(T/F/I) AND >=2 FA/FATA	165	2	1	1	unassigned	minimal	FA_orf14	FATA_cd419a	101:83688..85622:-	none	106:89682..92303:-	106:89682..92303:-	none	none	none	none	95:79089..80285:-	95:79089..80285:-	none	none	none	none	292.0	MOBP1;MOBP2		no_slot_defined
NZ_CP130278.1	MPF_FA	T4SS_virb4 AND NOT(T/F/I) AND >=2 FA/FATA	77	4	0	4	FATA	medium		FATA_gbs1347;FATA_prgF;FATA_prgHb;FATA_trsJ	57:59860..62214:-	none	61:63673..65427:-	61:63673..65427:-	none	none	none	none	46:49879..51390:-	none	none	none	none	27:27126..28337:+	311.8	MOBP1;MOBV		no_slot_defined
NZ_CP130285.1	MPF_FA	T4SS_virb4 AND NOT(T/F/I) AND >=2 FA/FATA	112	4	3	1	FA	medium	FA_orf13;FA_orf15;FA_orf17a	FATA_cd419a	14:10195..12783:+	88:79206..80372:+	none	8:4215..7271:+	none	9:7292..8125:+	none	none	none	none	none	none	none	none	95.3	MOBC		no_slot_defined
NZ_CP130286.1	MPF_FA	T4SS_virb4 AND NOT(T/F/I) AND >=2 FA/FATA	65	4	3	1	FA	medium	FA_orf13;FA_orf15;FA_orf17a	FATA_cd419a	41:29135..31693:-	2:888..2051:-	none	46:34821..37568:-	none	45:33973..34815:-	none	none	none	none	none	none	none	none	99.8	MOBC		no_slot_defined
NZ_CP130336.1	MPF_FA	T4SS_virb4 AND NOT(T/F/I) AND >=2 FA/FATA	301	2	1	1	unassigned	minimal	FA_orf14	FATA_cd419a	211:213113..215221:+	none	177:180458..181762:-	173:173022..174704:-	none	none	none	none	none	none	none	none	none	none	326.0			no_slot_defined
NZ_CP130337.1	MPF_FA	T4SS_virb4 AND NOT(T/F/I) AND >=2 FA/FATA	77	3	3	0	FA	medium	FA_orf13;FA_orf15;FA_orf17a		3:4954..7542:-	51:51436..52602:-	none	9:10467..13640:-	none	8:9613..10446:-	none	none	38:35620..36558:+	none	none	none	none	none	93.2	MOBC;MOBP1		no_slot_defined
NZ_CP130338.1	MPF_FA	T4SS_virb4 AND NOT(T/F/I) AND >=2 FA/FATA	107	3	0	3	FATA	medium		FATA_cd419a;FATA_trsD;FATA_trsG	77:57285..59159:+	none	62:42724..44985:-	62:42724..44985:-	none	none	none	none	none	none	none	63:44996..47092:-	none	none	261.7	MOBQ		no_slot_defined
NZ_CP132039.1	MPF_FA	T4SS_virb4 AND NOT(T/F/I) AND >=2 FA/FATA	33	3	2	1	FA	medium	FA_orf15;FA_orf17a	FATA_trsG	5:5086..7671:+	none	none	none	none	none	none	none	none	none	none	none	none	none	121.1			no_slot_defined
NZ_CP132068.1	MPF_FA	T4SS_virb4 AND NOT(T/F/I) AND >=2 FA/FATA	165	2	1	1	unassigned	minimal	FA_orf14	FATA_cd419a	53:55869..57971:-	none	107:113812..114957:+	109:117520..119865:+	none	none	none	none	none	none	none	none	none	none	326.0			no_slot_defined
NZ_CP132069.1	MPF_FA	T4SS_virb4 AND NOT(T/F/I) AND >=2 FA/FATA	107	4	3	1	FA	medium	FA_orf13;FA_orf15;FA_orf17a	FATA_cd419a	63:70042..72612:+	29:37334..38506:+	none	none	none	56:66236..67075:+	none	none	none	none	none	none	none	none	91.1	MOBC		no_slot_defined
NZ_CP132070.1	MPF_FA	T4SS_virb4 AND NOT(T/F/I) AND >=2 FA/FATA	84	5	4	1	FA	high	FA_orf13;FA_orf14;FA_orf15;FA_orf17a	FATA_cd419a	12:10627..13185:+	68:72611..73774:+	none	5:4312..7116:+	none	6:7122..7964:+	none	none	none	none	none	none	none	none	93.6	MOBC		no_slot_defined
NZ_CP132369.1	MPF_FA	T4SS_virb4 AND NOT(T/F/I) AND >=2 FA/FATA	39	7	0	7	FATA	high		FATA_prgF;FATA_trsC;FATA_trsD;FATA_trsF;FATA_trsG;FATA_trsJ;FATA_trsL	12:11525..13537:-	none	6:4409..6049:-	6:4409..6049:-	none	none	none	none	none	none	none	27:23438..25435:+	none	none	317.4	MOBQ		no_slot_defined
NZ_CP133365.1	MPF_FA	T4SS_virb4 AND NOT(T/F/I) AND >=2 FA/FATA	78	5	0	5	FATA	high		FATA_cd419a;FATA_trsC;FATA_trsD;FATA_trsG;FATA_trsL	21:19907..21805:+	none	16:15695..17611:+	16:15695..17611:+	none	none	none	none	15:13125..15668:+	none	15:13125..15668:+	none	none	none	288.0	MOBP1;MOBP3		no_slot_defined
NZ_CP133366.1	MPF_FA	T4SS_virb4 AND NOT(T/F/I) AND >=2 FA/FATA	103	3	0	3	FATA	medium		FATA_cd419a;FATA_trsD;FATA_trsG	38:36885..38768:+	none	23:22308..24569:-	23:22308..24569:-	none	none	none	none	none	none	none	24:24580..26676:-	none	none	268.9	MOBQ		no_slot_defined
NZ_CP133372.1	MPF_FA	T4SS_virb4 AND NOT(T/F/I) AND >=2 FA/FATA	105	3	0	3	FATA	medium		FATA_cd419a;FATA_trsD;FATA_trsG	25:14278..16161:-	none	40:28477..30738:+	40:28477..30738:+	none	none	none	none	none	none	none	39:26370..28466:+	none	none	268.9	MOBQ		no_slot_defined
NZ_CP133373.1	MPF_FA	T4SS_virb4 AND NOT(T/F/I) AND >=2 FA/FATA	78	5	0	5	FATA	high		FATA_cd419a;FATA_trsC;FATA_trsD;FATA_trsG;FATA_trsL	21:19907..21805:+	none	16:15695..17611:+	16:15695..17611:+	none	none	none	none	15:13125..15668:+	none	15:13125..15668:+	none	none	none	288.0	MOBP1;MOBP3		no_slot_defined
NZ_CP133378.1	MPF_FA	T4SS_virb4 AND NOT(T/F/I) AND >=2 FA/FATA	105	3	0	3	FATA	medium		FATA_cd419a;FATA_trsD;FATA_trsG	25:14309..16192:-	none	40:28508..30769:+	40:28508..30769:+	none	none	none	none	none	none	none	39:26401..28497:+	none	none	268.9	MOBQ		no_slot_defined
NZ_CP133379.1	MPF_FA	T4SS_virb4 AND NOT(T/F/I) AND >=2 FA/FATA	77	5	0	5	FATA	high		FATA_cd419a;FATA_trsC;FATA_trsD;FATA_trsG;FATA_trsL	48:39081..40979:-	none	53:43275..45191:-	53:43275..45191:-	none	none	none	none	54:45218..47761:-	none	54:45218..47761:-	none	none	none	288.0	MOBP1;MOBP3		no_slot_defined
NZ_CP133451.1	MPF_FA	T4SS_virb4 AND NOT(T/F/I) AND >=2 FA/FATA	110	8	6	2	FA	high	FA_orf13;FA_orf14;FA_orf15;FA_orf17a;FA_orf19;FA_orf23	FATA_cd419_1;FATA_cd419a	14:15471..17918:-	19:20644..22029:-	none	none	none	none	none	none	25:26418..28103:+	none	none	none	18:19261..20466:-	6:4257..5519:-	93.8	MOBP1;MOBT;MOBV		no_slot_defined
NZ_CP133558.1	MPF_FA	T4SS_virb4 AND NOT(T/F/I) AND >=2 FA/FATA	468	2	1	1	unassigned	minimal	FA_orf14	FATA_cd419a	355:444333..446432:-	147:194882..196048:+	406:494060..497581:+	406:494060..497581:+	none	none	none	none	none	none	none	none	none	none	325.1			no_slot_defined
NZ_CP133589.1	MPF_FA	T4SS_virb4 AND NOT(T/F/I) AND >=2 FA/FATA	47	4	0	4	FATA	medium		FATA_cd419a;FATA_trsD;FATA_trsG;FATA_trsL	19:16286..18139:-	31:24334..25491:+	40:32105..34240:+	40:32105..34240:+	none	none	none	none	none	none	none	39:30155..32086:+	none	none	293.0	MOBQ		no_slot_defined
NZ_CP133661.1	MPF_FA	T4SS_virb4 AND NOT(T/F/I) AND >=2 FA/FATA	45	7	0	7	FATA	high		FATA_prgF;FATA_trsC;FATA_trsD;FATA_trsF;FATA_trsG;FATA_trsJ;FATA_trsL	40:38678..40690:-	none	34:31562..33202:-	34:31562..33202:-	none	none	none	none	none	none	none	10:7529..9526:+	none	none	317.0	MOBQ		no_slot_defined
NZ_CP133766.1	MPF_FA	T4SS_virb4 AND NOT(T/F/I) AND >=2 FA/FATA	44	5	4	1	FA	high	FA_orf13;FA_orf14;FA_orf15;FA_orf17b	FATA_cd419a	16:13059..15497:+	16:13059..15497:+	12:9286..11427:+	12:9286..11427:+	none	11:8556..9341:+	none	none	none	none	none	none	none	none	157.4	MOBC		no_slot_defined
NZ_CP133769.1	MPF_FA	T4SS_virb4 AND NOT(T/F/I) AND >=2 FA/FATA	360	3	1	2	FATA	medium	FA_orf14	FATA_cd419a;FATA_trsC	187:219428..221497:-	341:367460..371266:+	221:250449..253511:-	221:250449..253511:-	none	264:291045..292121:-	none	none	none	none	none	none	none	none	292.4	MOBC		no_slot_defined
NZ_CP134052.1	MPF_FA	T4SS_virb4 AND NOT(T/F/I) AND >=2 FA/FATA	101	2	0	2	FATA	minimal		FATA_cd419a;FATA_trsL	50:34917..37349:-	none	98:75688..77820:-	98:75688..77820:-	none	none	none	none	99:77823..78443:-	none	none	none	none	99:77823..78443:-	255.6	MOBP1;MOBV		no_slot_defined
NZ_CP134205.1	MPF_FA	T4SS_virb4 AND NOT(T/F/I) AND >=2 FA/FATA	419	2	1	1	unassigned	minimal	FA_orf17a	FATA_cd419a	23:21496..24099:+	none	none	28:29492..31963:+	none	29:31960..32973:+	none	none	none	none	none	none	none	none	78.6	MOBC		no_slot_defined
NZ_CP134264.1	MPF_FA	T4SS_virb4 AND NOT(T/F/I) AND >=2 FA/FATA	75	2	1	1	unassigned	minimal	FA_orf17a	FATA_cd419a	28:32903..35425:-	35:39258..40874:-	none	none	none	60:58275..58496:-	none	none	none	none	none	none	none	none	85.8	MOBC		no_slot_defined
NZ_CP134266.1	MPF_FA	T4SS_virb4 AND NOT(T/F/I) AND >=2 FA/FATA	59	2	1	1	unassigned	minimal	FA_orf17a	FATA_cd419a	40:28685..31207:+	35:25041..26630:+	none	none	none	14:9728..10300:+	none	none	none	none	none	none	none	none	85.7	MOBC		no_slot_defined
NZ_CP134606.1	MPF_FA	T4SS_virb4 AND NOT(T/F/I) AND >=2 FA/FATA	321	2	1	1	unassigned	minimal	FA_orf17a	FATA_cd419a	299:301089..303695:-	29:29637..31682:-	293:293229..295679:-	none	none	292:292213..293229:-	none	none	none	none	none	none	none	none	78.7	MOBC		no_slot_defined
NZ_CP134840.1	MPF_FA	T4SS_virb4 AND NOT(T/F/I) AND >=2 FA/FATA	54	2	0	2	FATA	minimal		FATA_gbs1350;FATA_trsG	40:30368..32326:+	none	34:23206..25770:+	34:23206..25770:+	none	none	none	none	0:1122..2471:-	0:1122..2471:-	none	none	none	none	270.2	MOBP1;MOBP2		no_slot_defined
NZ_CP135061.1	MPF_FA	T4SS_virb4 AND NOT(T/F/I) AND >=2 FA/FATA	348	7	6	1	FA	high	FA_orf13;FA_orf14;FA_orf15;FA_orf17a;FA_orf17b;FA_orf19	FATA_cd419a	10:12539..15079:+	45:41966..43132:+	344:356897..359974:+	344:356897..359974:+	none	none	none	none	none	none	none	none	none	none	139.5			no_slot_defined
NZ_CP135064.1	MPF_FA	T4SS_virb4 AND NOT(T/F/I) AND >=2 FA/FATA	44	12	0	12	FATA	high		FATA_cd411;FATA_cd419_1;FATA_cd419a;FATA_cd419b;FATA_gbs1354;FATA_gbs1369;FATA_prgF;FATA_prgHa;FATA_prgHb;FATA_prgIa;FATA_prgIb;FATA_prgIc	15:19845..22274:-	none	20:24080..25672:-	20:24080..25672:-	none	none	none	none	none	none	none	none	none	none	300.4			no_slot_defined
NZ_CP135200.1	MPF_FA	T4SS_virb4 AND NOT(T/F/I) AND >=2 FA/FATA	109	6	1	5	FATA	high	FA_orf14	FATA_cd419a;FATA_trsC;FATA_trsD;FATA_trsG;FATA_trsL	97:59834..61720:+	none	1:2379..4904:+	1:2379..4904:+	none	none	none	none	none	none	none	68:41526..43775:-	none	none	236.6	MOBQ		no_slot_defined
NZ_CP135592.1	MPF_FA	T4SS_virb4 AND NOT(T/F/I) AND >=2 FA/FATA	72	2	0	2	FATA	minimal		FATA_gbs1354;FATA_prgC	32:32534..34507:-	none	none	63:56917..59736:-	none	none	none	none	none	none	none	none	none	none	114.7			no_slot_defined
NZ_CP136122.1	MPF_FA	T4SS_virb4 AND NOT(T/F/I) AND >=2 FA/FATA	81	2	0	2	FATA	minimal		FATA_cd419a;FATA_trsG	79:64121..66049:-	none	1:2090..4549:-	1:2090..4549:-	none	none	none	none	71:58462..59706:-	71:58462..59706:-	none	none	none	none	195.8	MOBP1;MOBP2		no_slot_defined
NZ_CP136123.1	MPF_FA	T4SS_virb4 AND NOT(T/F/I) AND >=2 FA/FATA	64	2	0	2	FATA	minimal		FATA_cd419a;FATA_trsG	23:15392..17320:+	none	19:9986..12442:+	19:9986..12442:+	none	none	none	none	31:21728..22435:+	31:21728..22435:+	none	none	none	none	194.3	MOBP1;MOBP2		no_slot_defined
NZ_CP136342.1	MPF_FA	T4SS_virb4 AND NOT(T/F/I) AND >=2 FA/FATA	79	8	0	8	FATA	high		FATA_cd419a;FATA_prgB;FATA_prgC;FATA_prgF;FATA_prgHb;FATA_prgIc;FATA_prgK;FATA_prgL	48:37934..40324:-	none	39:29906..31735:-	39:29906..31735:-	none	none	none	none	35:25104..26789:-	none	none	none	none	none	292.5	MOBP1		no_slot_defined
NZ_CP136343.1	MPF_FA	T4SS_virb4 AND NOT(T/F/I) AND >=2 FA/FATA	71	6	3	3	unassigned	high	FA_orf13;FA_orf15;FA_orf17b	FATA_prgB;FATA_prgC;FATA_trsG	26:23828..26320:+	none	29:29031..31289:+	29:29031..31289:+	none	30:31868..32596:+	none	none	none	none	none	none	none	none	90.4	MOBC		no_slot_defined
NZ_CP136347.1	MPF_FA	T4SS_virb4 AND NOT(T/F/I) AND >=2 FA/FATA	79	8	0	8	FATA	high		FATA_cd419a;FATA_prgB;FATA_prgC;FATA_prgF;FATA_prgHb;FATA_prgIc;FATA_prgK;FATA_prgL	49:37935..40325:-	none	39:29907..31241:-	39:29907..31241:-	none	none	none	none	35:25104..26789:-	none	none	none	none	none	292.5	MOBP1		no_slot_defined
NZ_CP136348.1	MPF_FA	T4SS_virb4 AND NOT(T/F/I) AND >=2 FA/FATA	70	6	3	3	unassigned	high	FA_orf13;FA_orf15;FA_orf17b	FATA_prgB;FATA_prgC;FATA_trsG	26:23828..26320:+	none	29:29031..31289:+	29:29031..31289:+	none	30:31868..32596:+	none	none	none	none	none	none	none	none	90.4	MOBC		no_slot_defined
NZ_CP136352.1	MPF_FA	T4SS_virb4 AND NOT(T/F/I) AND >=2 FA/FATA	47	8	0	8	FATA	high		FATA_cd419a;FATA_prgB;FATA_prgC;FATA_prgF;FATA_prgHb;FATA_prgIc;FATA_prgK;FATA_prgL	37:34695..37085:-	none	28:26667..28496:-	28:26667..28496:-	none	none	none	none	24:21864..23549:-	none	none	none	none	none	291.9	MOBP1		no_slot_defined
NZ_CP136354.1	MPF_FA	T4SS_virb4 AND NOT(T/F/I) AND >=2 FA/FATA	64	8	0	8	FATA	high		FATA_cd419a;FATA_prgB;FATA_prgC;FATA_prgF;FATA_prgHb;FATA_prgIc;FATA_prgK;FATA_prgL	50:47878..50268:-	none	44:41304..43133:-	44:41304..43133:-	none	none	none	none	40:36501..38186:-	none	none	none	none	none	291.5	MOBP1		no_slot_defined
NZ_CP136359.1	MPF_FA	T4SS_virb4 AND NOT(T/F/I) AND >=2 FA/FATA	77	2	1	1	unassigned	minimal	FA_orf14	FATA_prgB	47:43312..45867:+	none	44:38272..40803:+	44:38272..40803:+	none	none	none	none	57:51640..53700:+	57:51640..53700:+	none	none	none	none	147.6	MOBP1;MOBP2		no_slot_defined
NZ_CP136371.1	MPF_FA	T4SS_virb4 AND NOT(T/F/I) AND >=2 FA/FATA	110	8	6	2	FA	high	FA_orf13;FA_orf14;FA_orf15;FA_orf17a;FA_orf19;FA_orf23	FATA_cd419_1;FATA_cd419a	14:15471..17918:-	19:20644..22029:-	none	none	none	none	none	none	25:26418..28103:+	none	none	none	18:19261..20466:-	6:4257..5519:-	93.8	MOBP1;MOBT;MOBV		no_slot_defined
NZ_CP136373.1	MPF_FA	T4SS_virb4 AND NOT(T/F/I) AND >=2 FA/FATA	522	2	1	1	unassigned	minimal	FA_orf14	FATA_cd419a	198:249955..252054:-	488:503831..504997:+	238:291385..292896:+	240:295499..297430:+	none	none	none	none	none	none	none	none	none	none	326.0			no_slot_defined
NZ_CP136374.1	MPF_FA	T4SS_virb4 AND NOT(T/F/I) AND >=2 FA/FATA	218	2	1	1	unassigned	minimal	FA_orf14	FATA_cd419a	88:84799..86898:+	none	37:37236..38747:-	35:32648..34699:-	none	none	none	none	none	none	none	none	none	none	326.0			no_slot_defined
NZ_CP136375.1	MPF_FA	T4SS_virb4 AND NOT(T/F/I) AND >=2 FA/FATA	187	3	1	2	FATA	medium	FA_orf14	FATA_cd419a;FATA_prgC	5:6523..8460:+	58:62187..63353:+	0:1..2571:+	0:1..2571:+	none	none	none	none	11:11883..13076:+	11:11883..13076:+	none	none	none	none	331.0	MOBP1;MOBP2		no_slot_defined
NZ_CP136383.1	MPF_FA	T4SS_virb4 AND NOT(T/F/I) AND >=2 FA/FATA	149	3	1	2	FATA	medium	FA_orf14	FATA_cd419a;FATA_prgC	90:88486..90423:-	122:124072..125253:+	95:94651..97233:-	95:94651..97233:-	none	123:125192..125806:+	none	none	85:84124..85317:-	85:84124..85317:-	none	none	none	none	335.8	MOBC;MOBP1;MOBP2		no_slot_defined
NZ_CP136404.1	MPF_FA	T4SS_virb4 AND NOT(T/F/I) AND >=2 FA/FATA	110	8	6	2	FA	high	FA_orf13;FA_orf14;FA_orf15;FA_orf17a;FA_orf19;FA_orf23	FATA_cd419_1;FATA_cd419a	14:15471..17918:-	19:20644..22029:-	none	none	none	none	none	none	25:26418..28103:+	none	none	none	18:19261..20466:-	6:4257..5519:-	93.8	MOBP1;MOBT;MOBV		no_slot_defined
NZ_CP136525.1	MPF_FA	T4SS_virb4 AND NOT(T/F/I) AND >=2 FA/FATA	39	7	0	7	FATA	high		FATA_prgF;FATA_trsC;FATA_trsD;FATA_trsF;FATA_trsG;FATA_trsJ;FATA_trsL	13:12505..14517:+	none	19:19993..21633:+	19:19993..21633:+	none	none	none	none	none	none	none	33:33233..34144:-	none	none	317.4	MOBQ		no_slot_defined
NZ_CP136529.1	MPF_FA	T4SS_virb4 AND NOT(T/F/I) AND >=2 FA/FATA	39	7	0	7	FATA	high		FATA_prgF;FATA_trsC;FATA_trsD;FATA_trsF;FATA_trsG;FATA_trsJ;FATA_trsL	13:12505..14517:+	none	19:19993..21633:+	19:19993..21633:+	none	none	none	none	none	none	none	33:33233..34144:-	none	none	317.4	MOBQ		no_slot_defined
NZ_CP136644.1	MPF_FA	T4SS_virb4 AND NOT(T/F/I) AND >=2 FA/FATA	57	2	1	1	unassigned	minimal	FA_orf14	FATA_cd419a	46:30719..32614:-	none	50:36130..38409:-	50:36130..38409:-	none	none	none	none	39:26045..27253:-	39:26045..27253:-	none	none	none	none	233.4	MOBP1;MOBP2		no_slot_defined
NZ_CP136944.1	MPF_FA	T4SS_virb4 AND NOT(T/F/I) AND >=2 FA/FATA	38	7	1	6	FATA	high	FA_orf14	FATA_prgC;FATA_trsC;FATA_trsD;FATA_trsF;FATA_trsG;FATA_trsL	25:20580..22541:+	none	30:26031..27686:+	30:26031..27686:+	none	none	none	none	21:17126..19165:+	none	none	21:17126..19165:+	none	none	260.7	MOBP1;MOBQ		no_slot_defined
NZ_CP137467.1	MPF_FA	T4SS_virb4 AND NOT(T/F/I) AND >=2 FA/FATA	163	5	4	1	FA	high	FA_orf13;FA_orf14;FA_orf19;FA_orf23	FATA_cd419a	21:20381..22405:+	83:83055..84440:-	15:13625..16237:+	15:13625..16237:+	none	none	none	none	28:26643..28238:+	28:26643..28238:+	none	none	82:81673..82896:-	none	262.2	MOBP1;MOBP2;MOBT		no_slot_defined
NZ_CP137473.1	MPF_FA	T4SS_virb4 AND NOT(T/F/I) AND >=2 FA/FATA	234	7	6	1	FA	high	FA_orf13;FA_orf14;FA_orf15;FA_orf17a;FA_orf19;FA_orf23	FATA_cd419a	176:180013..182037:-	144:149505..150890:-	184:188072..190684:-	184:188072..190684:-	none	none	none	none	169:174180..175775:-	169:174180..175775:-	none	none	143:148122..149327:-	133:134533..135795:-	262.2	MOBP1;MOBP2;MOBT;MOBV		no_slot_defined
NZ_CP137560.1	MPF_FA	T4SS_virb4 AND NOT(T/F/I) AND >=2 FA/FATA	301	2	0	2	FATA	minimal		FATA_cd419a;FATA_prgC	165:167067..169979:-	none	none	none	none	none	none	none	156:158741..159964:-	none	none	none	none	143:144699..146135:-	331.0	MOBP1;MOBV		no_slot_defined
NZ_CP137637.1	MPF_FA	T4SS_virb4 AND NOT(T/F/I) AND >=2 FA/FATA	112	5	4	1	FA	high	FA_orf13;FA_orf15;FA_orf17a;FA_orf19	FATA_cd419a	63:65435..67990:+	38:35023..37308:+	63:65435..67990:+	57:59911..62502:+	none	none	none	none	none	none	none	none	none	none	128.0			no_slot_defined
NZ_CP137769.1	MPF_FA	T4SS_virb4 AND NOT(T/F/I) AND >=2 FA/FATA	439	2	1	1	unassigned	minimal	FA_orf14	FATA_cd419a	53:50318..52417:-	none	98:97187..100276:+	98:97187..100276:+	none	357:405404..405874:+	none	none	none	none	none	none	none	none	322.8	MOBC		no_slot_defined
NZ_CP138310.1	MPF_FA	T4SS_virb4 AND NOT(T/F/I) AND >=2 FA/FATA	74	6	0	6	FATA	high		FATA_prgF;FATA_prgHb;FATA_prgIa;FATA_prgIb;FATA_prgIc;FATA_trsG	11:9748..12135:-	none	17:14469..16304:-	17:14469..16304:-	none	none	none	none	2:1843..3360:-	none	none	none	none	none	312.3	MOBP1		no_slot_defined
NZ_CP138567.1	MPF_FA	T4SS_virb4 AND NOT(T/F/I) AND >=2 FA/FATA	37	8	1	7	FATA	high	FA_orf13	FATA_prgF;FATA_trsC;FATA_trsD;FATA_trsF;FATA_trsG;FATA_trsJ;FATA_trsL	6:3890..5902:+	none	12:11378..13024:+	12:11378..13024:+	none	none	none	none	none	none	none	31:29907..31904:-	none	none	318.2	MOBQ		no_slot_defined
NZ_CP138643.1	MPF_FA	T4SS_virb4 AND NOT(T/F/I) AND >=2 FA/FATA	107	5	3	2	unassigned	high	FA_orf13;FA_orf15;FA_orf17b	FATA_prgB;FATA_prgC	30:28178..30742:-	none	none	27:23215..25473:-	none	26:21908..22693:-	none	none	none	none	none	none	none	none	88.0	MOBC		no_slot_defined
NZ_CP138644.1	MPF_FA	T4SS_virb4 AND NOT(T/F/I) AND >=2 FA/FATA	52	8	0	8	FATA	high		FATA_cd419a;FATA_prgB;FATA_prgC;FATA_prgF;FATA_prgHb;FATA_prgIc;FATA_prgK;FATA_prgL	39:35733..38123:-	none	29:24900..26729:-	29:24900..26729:-	none	none	none	none	25:20098..21783:-	none	none	none	none	none	289.4	MOBP1		no_slot_defined
NZ_CP138650.1	MPF_FA	T4SS_virb4 AND NOT(T/F/I) AND >=2 FA/FATA	91	3	1	2	FATA	medium	FA_orf14	FATA_prgC;FATA_trsG	32:26014..27960:+	none	28:20852..23212:+	28:20852..23212:+	none	none	none	none	38:31512..32756:+	38:31512..32756:+	none	none	none	none	179.2	MOBP1;MOBP2		no_slot_defined
NZ_CP138651.1	MPF_FA	T4SS_virb4 AND NOT(T/F/I) AND >=2 FA/FATA	71	2	1	1	unassigned	minimal	FA_orf14	FATA_prgC	11:11940..14495:+	none	6:4945..7476:+	6:4945..7476:+	none	none	none	none	20:20268..22328:+	20:20268..22328:+	none	none	none	none	147.2	MOBP1;MOBP2		no_slot_defined
NZ_CP138654.1	MPF_FA	T4SS_virb4 AND NOT(T/F/I) AND >=2 FA/FATA	60	7	4	3	unassigned	high	FA_orf13;FA_orf15;FA_orf17a;FA_orf17b	FATA_prgB;FATA_prgC;FATA_trsG	37:30806..33298:-	none	34:25787..28036:-	34:25787..28036:-	none	32:24135..24917:-	none	none	none	none	none	none	none	none	104.6	MOBC		no_slot_defined
NZ_CP138656.1	MPF_FA	T4SS_virb4 AND NOT(T/F/I) AND >=2 FA/FATA	94	8	6	2	FA	high	FA_orf13;FA_orf14;FA_orf15;FA_orf17a;FA_orf19;FA_orf23	FATA_cd419_1;FATA_cd419a	14:15471..17918:-	19:20644..22029:-	none	none	none	none	none	none	26:26363..28048:+	none	none	none	18:19261..20466:-	6:4257..5519:-	93.8	MOBP1;MOBT;MOBV		no_slot_defined
NZ_CP138657.1	MPF_FA	T4SS_virb4 AND NOT(T/F/I) AND >=2 FA/FATA	91	5	3	2	unassigned	high	FA_orf13;FA_orf15;FA_orf17b	FATA_prgB;FATA_prgC	25:25506..28070:+	none	none	28:30775..33033:+	none	29:33555..34340:+	none	none	none	none	none	none	none	none	90.2	MOBC		no_slot_defined
NZ_CP138659.1	MPF_FA	T4SS_virb4 AND NOT(T/F/I) AND >=2 FA/FATA	93	5	3	2	unassigned	high	FA_orf13;FA_orf15;FA_orf17b	FATA_prgC;FATA_trsG	20:16201..18732:+	none	none	23:21434..23692:+	none	24:24272..25000:+	none	none	none	none	none	none	none	66:62861..63664:+	91.2	MOBC;MOBV		no_slot_defined
NZ_CP139201.1	MPF_FA	T4SS_virb4 AND NOT(T/F/I) AND >=2 FA/FATA	56	3	2	1	FA	medium	FA_orf17a;FA_orf17b	FATA_cd419a	0:1..2526:+	51:43780..45369:+	none	none	none	none	none	none	none	none	none	none	none	none	84.6			no_slot_defined
NZ_CP139215.1	MPF_FA	T4SS_virb4 AND NOT(T/F/I) AND >=2 FA/FATA	524	3	1	2	FATA	medium	FA_orf14	FATA_cd419a;FATA_prgC	398:468888..470987:-	none	452:519462..520973:+	454:523576..525438:+	none	none	none	none	none	none	none	none	none	none	326.3			no_slot_defined
NZ_CP139485.1	MPF_FA	T4SS_virb4 AND NOT(T/F/I) AND >=2 FA/FATA	99	2	1	1	unassigned	minimal	FA_orf14	FATA_cd419a	37:29588..31519:+	none	30:21914..24550:+	30:21914..24550:+	none	none	none	none	45:37097..38653:+	45:37097..38653:+	none	none	none	none	331.4	MOBP1;MOBP2		no_slot_defined
NZ_CP140124.1	MPF_FA	T4SS_virb4 AND NOT(T/F/I) AND >=2 FA/FATA	89	2	1	1	unassigned	minimal	FA_orf14	FATA_cd419a	15:11909..13804:+	none	11:5709..8069:+	11:5709..8069:+	none	none	none	none	21:17557..18789:+	21:17557..18789:+	none	none	none	none	257.2	MOBP1;MOBP2		no_slot_defined
NZ_CP140272.1	MPF_FA	T4SS_virb4 AND NOT(T/F/I) AND >=2 FA/FATA	60	2	1	1	unassigned	minimal	FA_orf14	FATA_cd419a	58:58108..60042:-	24:21578..22711:-	4:4139..6694:-	4:4139..6694:-	none	none	none	none	53:53789..54985:-	53:53789..54985:-	none	none	none	none	298.5	MOBP1;MOBP2		no_slot_defined
NZ_CP141097.1	MPF_FA	T4SS_virb4 AND NOT(T/F/I) AND >=2 FA/FATA	68	6	3	3	unassigned	high	FA_orf13;FA_orf15;FA_orf17b	FATA_prgB;FATA_prgC;FATA_trsG	50:43604..46096:-	none	none	47:38633..40606:-	none	46:37319..38104:-	none	none	none	none	none	none	none	none	89.8	MOBC		no_slot_defined
NZ_CP141708.1	MPF_FA	T4SS_virb4 AND NOT(T/F/I) AND >=2 FA/FATA	103	6	0	6	FATA	high		FATA_prgC;FATA_prgHa;FATA_prgHb;FATA_prgK;FATA_prgL;FATA_trsG	93:81551..83818:-	none	97:85394..87193:-	97:85394..87193:-	none	none	none	none	81:61925..63460:-	none	none	none	none	none	251.9	MOBP1		no_slot_defined
NZ_CP141711.1	MPF_FA	T4SS_virb4 AND NOT(T/F/I) AND >=2 FA/FATA	54	3	0	3	FATA	medium		FATA_cd411;FATA_prgHb;FATA_prgIc	34:29690..32065:-	none	38:33589..35358:-	38:33589..35358:-	none	none	none	none	22:16373..17905:-	none	none	none	none	none	307.0	MOBP1		no_slot_defined
NZ_CP141715.1	MPF_FA	T4SS_virb4 AND NOT(T/F/I) AND >=2 FA/FATA	57	3	0	3	FATA	medium		FATA_cd411;FATA_prgHb;FATA_prgIc	1:582..1268:+	none	53:42246..44015:+	53:42246..44015:+	none	none	none	none	15:13567..15099:+	none	none	none	none	none	91.3	MOBP1		no_slot_defined
NZ_CP141722.1	MPF_FA	T4SS_virb4 AND NOT(T/F/I) AND >=2 FA/FATA	65	6	0	6	FATA	high		FATA_prgC;FATA_prgHa;FATA_prgHb;FATA_prgK;FATA_prgL;FATA_trsG	64:64756..67020:+	none	60:61334..63133:+	60:61334..63133:+	none	none	none	none	10:14664..16196:+	none	none	none	none	20:25281..26543:+	253.4	MOBP1;MOBV		no_slot_defined
NZ_CP141724.1	MPF_FA	T4SS_virb4 AND NOT(T/F/I) AND >=2 FA/FATA	90	6	0	6	FATA	high		FATA_prgC;FATA_prgHa;FATA_prgHb;FATA_prgK;FATA_prgL;FATA_trsG	30:36493..38757:-	none	34:40381..42180:-	34:40381..42180:-	none	none	none	none	19:17265..18797:-	none	none	none	none	85:88378..89640:+	250.0	MOBP1;MOBV		no_slot_defined
NZ_CP141726.1	MPF_FA	T4SS_virb4 AND NOT(T/F/I) AND >=2 FA/FATA	65	6	0	6	FATA	high		FATA_prgC;FATA_prgHa;FATA_prgHb;FATA_prgK;FATA_prgL;FATA_trsG	54:49801..52065:+	none	50:46379..48178:+	50:46379..48178:+	none	none	none	none	none	none	none	none	none	24:21369..22631:-	253.4	MOBV		no_slot_defined
NZ_CP141999.1	MPF_FA	T4SS_virb4 AND NOT(T/F/I) AND >=2 FA/FATA	21	2	1	1	unassigned	minimal	FA_orf13	FATA_cd419a	15:14129..16675:+	none	none	none	none	none	none	none	none	none	none	none	none	none	91.7			no_slot_defined
NZ_CP142671.1	MPF_FA	T4SS_virb4 AND NOT(T/F/I) AND >=2 FA/FATA	409	2	1	1	unassigned	minimal	FA_orf14	FATA_cd419a	152:152192..154279:+	none	107:103257..106778:-	107:103257..106778:-	none	none	none	none	none	none	none	none	none	none	324.6			no_slot_defined
NZ_CP142813.1	MPF_FA	T4SS_virb4 AND NOT(T/F/I) AND >=2 FA/FATA	55	5	3	2	unassigned	high	FA_orf13;FA_orf15;FA_orf17b	FATA_prgB;FATA_prgC	26:26159..28690:+	none	none	29:31392..33650:+	none	30:34230..34958:+	none	none	none	none	none	none	none	none	89.2	MOBC		no_slot_defined
NZ_CP142817.1	MPF_FA	T4SS_virb4 AND NOT(T/F/I) AND >=2 FA/FATA	110	8	6	2	FA	high	FA_orf13;FA_orf14;FA_orf15;FA_orf17a;FA_orf19;FA_orf23	FATA_cd419_1;FATA_cd419a	14:15471..17918:-	19:20644..22029:-	none	none	none	none	none	none	25:26418..28103:+	none	none	none	18:19261..20466:-	6:4257..5519:-	93.8	MOBP1;MOBT;MOBV		no_slot_defined
NZ_CP142819.1	MPF_FA	T4SS_virb4 AND NOT(T/F/I) AND >=2 FA/FATA	110	8	6	2	FA	high	FA_orf13;FA_orf14;FA_orf15;FA_orf17a;FA_orf19;FA_orf23	FATA_cd419_1;FATA_cd419a	14:15471..17918:-	19:20644..22029:-	none	none	none	none	none	none	25:26418..28103:+	none	none	none	18:19261..20466:-	6:4257..5519:-	93.8	MOBP1;MOBT;MOBV		no_slot_defined
NZ_CP142822.1	MPF_FA	T4SS_virb4 AND NOT(T/F/I) AND >=2 FA/FATA	110	8	6	2	FA	high	FA_orf13;FA_orf14;FA_orf15;FA_orf17a;FA_orf19;FA_orf23	FATA_cd419_1;FATA_cd419a	14:15471..17918:-	19:20644..22029:-	none	none	none	none	none	none	25:26418..28103:+	none	none	none	18:19261..20466:-	6:4257..5519:-	93.8	MOBP1;MOBT;MOBV		no_slot_defined
NZ_CP142825.1	MPF_FA	T4SS_virb4 AND NOT(T/F/I) AND >=2 FA/FATA	110	8	6	2	FA	high	FA_orf13;FA_orf14;FA_orf15;FA_orf17a;FA_orf19;FA_orf23	FATA_cd419_1;FATA_cd419a	14:15471..17918:-	19:20644..22029:-	none	none	none	none	none	none	25:26418..28103:+	none	none	none	18:19261..20466:-	6:4257..5519:-	93.8	MOBP1;MOBT;MOBV		no_slot_defined
NZ_CP142828.1	MPF_FA	T4SS_virb4 AND NOT(T/F/I) AND >=2 FA/FATA	110	8	6	2	FA	high	FA_orf13;FA_orf14;FA_orf15;FA_orf17a;FA_orf19;FA_orf23	FATA_cd419_1;FATA_cd419a	14:15471..17918:-	19:20644..22029:-	none	none	none	none	none	none	25:26418..28103:+	none	none	none	18:19261..20466:-	6:4257..5519:-	93.8	MOBP1;MOBT;MOBV		no_slot_defined
NZ_CP142830.1	MPF_FA	T4SS_virb4 AND NOT(T/F/I) AND >=2 FA/FATA	110	8	6	2	FA	high	FA_orf13;FA_orf14;FA_orf15;FA_orf17a;FA_orf19;FA_orf23	FATA_cd419_1;FATA_cd419a	14:15471..17918:-	19:20644..22029:-	none	none	none	none	none	none	25:26418..28103:+	none	none	none	18:19261..20466:-	6:4257..5519:-	93.8	MOBP1;MOBT;MOBV		no_slot_defined
NZ_CP142832.1	MPF_FA	T4SS_virb4 AND NOT(T/F/I) AND >=2 FA/FATA	110	8	6	2	FA	high	FA_orf13;FA_orf14;FA_orf15;FA_orf17a;FA_orf19;FA_orf23	FATA_cd419_1;FATA_cd419a	14:15471..17918:-	19:20644..22029:-	none	none	none	none	none	none	25:26418..28103:+	none	none	none	18:19261..20466:-	6:4257..5519:-	93.8	MOBP1;MOBT;MOBV		no_slot_defined
NZ_CP142834.1	MPF_FA	T4SS_virb4 AND NOT(T/F/I) AND >=2 FA/FATA	99	8	6	2	FA	high	FA_orf13;FA_orf14;FA_orf15;FA_orf17a;FA_orf19;FA_orf23	FATA_cd419_1;FATA_cd419a	14:15471..17918:-	19:20644..22029:-	none	none	none	none	none	none	25:26418..28103:+	none	none	none	18:19261..20466:-	6:4257..5519:-	93.8	MOBP1;MOBT;MOBV		no_slot_defined
NZ_CP142856.1	MPF_FA	T4SS_virb4 AND NOT(T/F/I) AND >=2 FA/FATA	43	6	0	6	FATA	high		FATA_trsC;FATA_trsD;FATA_trsF;FATA_trsG;FATA_trsJ;FATA_trsL	12:6781..8793:+	none	18:14269..15915:+	18:14269..15915:+	none	none	none	none	none	none	none	42:37325..39322:-	none	none	320.4	MOBQ		no_slot_defined
NZ_CP143085.1	MPF_FA	T4SS_virb4 AND NOT(T/F/I) AND >=2 FA/FATA	78	2	0	2	FATA	minimal		FATA_cd419a;FATA_trsG	22:15334..17262:+	none	18:9931..12378:+	18:9931..12378:+	none	none	none	none	30:21660..22904:+	30:21660..22904:+	none	none	none	none	192.5	MOBP1;MOBP2		no_slot_defined
NZ_CP143279.1	MPF_FA	T4SS_virb4 AND NOT(T/F/I) AND >=2 FA/FATA	58	3	2	1	FA	medium	FA_orf17a;FA_orf17b	FATA_cd419a	41:32605..35127:+	35:28757..30346:+	none	none	none	none	none	none	none	none	none	none	none	none	88.6			no_slot_defined
NZ_CP143439.1	MPF_FA	T4SS_virb4 AND NOT(T/F/I) AND >=2 FA/FATA	61	4	4	0	FA	medium	FA_orf13;FA_orf15;FA_orf17b;FA_orf23		32:23010..25532:+	20:15727..16785:+	none	none	none	55:43529..43978:+	none	none	none	none	none	none	22:17506..18690:+	none	108.1	MOBC;MOBT		no_slot_defined
NZ_CP143494.1	MPF_FA	T4SS_virb4 AND NOT(T/F/I) AND >=2 FA/FATA	59	6	0	6	FATA	high		FATA_cd411;FATA_prgHa;FATA_prgHb;FATA_prgIa;FATA_prgIb;FATA_prgIc	12:13186..15537:-	none	16:17398..19188:-	16:17398..19188:-	none	none	none	none	18:20332..21816:-	none	none	none	none	none	353.9	MOBP1		no_slot_defined
NZ_CP143495.1	MPF_FA	T4SS_virb4 AND NOT(T/F/I) AND >=2 FA/FATA	53	2	1	1	unassigned	minimal	FA_orf17a	FATA_cd419a	17:9288..11813:+	11:5321..6925:+	none	none	none	none	none	none	none	none	none	none	none	none	67.1			no_slot_defined
NZ_CP143537.1	MPF_FA	T4SS_virb4 AND NOT(T/F/I) AND >=2 FA/FATA	60	3	2	1	FA	medium	FA_orf17a;FA_orf17b	FATA_cd419a	47:41452..43974:-	53:46233..47831:-	none	none	none	none	none	none	none	none	none	none	none	none	88.6			no_slot_defined
NZ_CP143538.1	MPF_FA	T4SS_virb4 AND NOT(T/F/I) AND >=2 FA/FATA	57	3	2	1	FA	medium	FA_orf17a;FA_orf17b	FATA_cd419a	44:37008..39530:-	50:41788..43386:-	none	none	none	14:10859..11389:-	none	none	none	none	none	none	none	none	82.6	MOBC		no_slot_defined
NZ_CP143580.1	MPF_FA	T4SS_virb4 AND NOT(T/F/I) AND >=2 FA/FATA	763	11	2	9	FATA	high	FA_orf17a;FA_orf19	FATA_cd419a;FATA_prgB;FATA_prgC;FATA_prgF;FATA_prgHb;FATA_prgIc;FATA_prgK;FATA_prgL;FATA_trsG	215:209663..212053:-	none	208:200290..202113:-	208:200290..202113:-	none	342:342189..342629:-	none	58:63682..64626:-	201:194854..196539:-	none	none	none	none	none	293.4	MOBC;MOBH;MOBP1		no_slot_defined
NZ_CP143581.1	MPF_FA	T4SS_virb4 AND NOT(T/F/I) AND >=2 FA/FATA	68	3	1	2	FATA	medium	FA_orf14	FATA_prgB;FATA_prgC	35:32349..34904:-	none	39:38177..40747:-	39:38177..40747:-	none	none	none	none	25:24517..26577:-	25:24517..26577:-	none	none	none	none	147.5	MOBP1;MOBP2		no_slot_defined
NZ_CP143585.1	MPF_FA	T4SS_virb4 AND NOT(T/F/I) AND >=2 FA/FATA	97	4	3	1	FA	medium	FA_orf13;FA_orf15;FA_orf17b	FATA_cd419a	55:48742..51273:-	none	none	52:43784..46042:-	none	51:42476..43204:-	none	none	none	none	none	none	none	14:14345..16105:+	91.2	MOBC;MOBV		no_slot_defined
NZ_CP143586.1	MPF_FA	T4SS_virb4 AND NOT(T/F/I) AND >=2 FA/FATA	62	3	1	2	FATA	medium	FA_orf14	FATA_prgB;FATA_prgC	25:26724..29279:+	none	21:20881..23451:+	21:20881..23451:+	none	none	none	none	34:35051..37111:+	34:35051..37111:+	none	none	none	none	146.6	MOBP1;MOBP2		no_slot_defined
NZ_CP143884.1	MPF_FA	T4SS_virb4 AND NOT(T/F/I) AND >=2 FA/FATA	81	2	0	2	FATA	minimal		FATA_cd419a;FATA_prgB	55:60990..62942:+	none	41:45079..47793:+	41:45079..47793:+	none	none	none	none	none	68:70349..72538:+	none	none	none	none	180.8	MOBP2		no_slot_defined
NZ_CP143943.1	MPF_FA	T4SS_virb4 AND NOT(T/F/I) AND >=2 FA/FATA	58	2	0	2	FATA	minimal		FATA_cd419a;FATA_trsC	38:30773..33613:-	none	10:10539..12494:-	10:10539..12494:-	none	none	none	none	0:64..1683:+	none	none	none	none	none	475.1	MOBP1		no_slot_defined
NZ_CP143959.1	MPF_FA	T4SS_virb4 AND NOT(T/F/I) AND >=2 FA/FATA	76	2	1	1	unassigned	minimal	FA_orf13	FATA_cd419a	1:1840..4386:-	none	none	none	none	none	none	none	none	none	none	none	none	none	91.3			no_slot_defined
NZ_CP144765.1	MPF_FA	T4SS_virb4 AND NOT(T/F/I) AND >=2 FA/FATA	48	7	0	7	FATA	high		FATA_gbs1365;FATA_prgB;FATA_prgC;FATA_prgHb;FATA_prgIc;FATA_prgK;FATA_prgL	11:11076..13436:+	none	18:18334..20133:+	18:18334..20133:+	none	none	none	none	26:28389..30071:+	none	none	none	none	none	285.6	MOBP1		no_slot_defined
NZ_CP144766.1	MPF_FA	T4SS_virb4 AND NOT(T/F/I) AND >=2 FA/FATA	77	3	1	2	FATA	medium	FA_orf14	FATA_prgB;FATA_prgC	23:18304..20841:+	none	14:11178..13775:+	14:11178..13775:+	none	none	none	none	30:25990..28056:+	30:25990..28056:+	none	none	none	none	152.3	MOBP1;MOBP2		no_slot_defined
NZ_CP145115.1	MPF_FA	T4SS_virb4 AND NOT(T/F/I) AND >=2 FA/FATA	68	7	6	1	FA	high	FA_orf13;FA_orf14;FA_orf15;FA_orf17a;FA_orf19;FA_orf23	FATA_cd419a	14:15471..17918:-	19:20644..22029:-	none	none	none	none	none	none	25:26418..28115:+	none	none	none	18:19261..20466:-	6:4257..5519:-	93.8	MOBP1;MOBT;MOBV		no_slot_defined
NZ_CP145727.1	MPF_FA	T4SS_virb4 AND NOT(T/F/I) AND >=2 FA/FATA	189	3	1	2	FATA	medium	FA_orf14	FATA_cd419a;FATA_prgF	115:109288..111387:-	none	151:145373..148702:+	151:145373..148702:+	none	none	none	none	none	none	none	none	none	none	322.9			no_slot_defined
NZ_CP145728.1	MPF_FA	T4SS_virb4 AND NOT(T/F/I) AND >=2 FA/FATA	107	2	1	1	unassigned	minimal	FA_orf14	FATA_cd419a	14:13067..15001:+	none	7:6092..7927:+	7:6092..7927:+	none	none	none	none	none	21:19210..20766:+	none	none	none	none	345.1	MOBP2		no_slot_defined
NZ_CP145730.1	MPF_FA	T4SS_virb4 AND NOT(T/F/I) AND >=2 FA/FATA	190	3	1	2	FATA	medium	FA_orf14	FATA_cd419a;FATA_prgF	56:56824..58923:-	none	92:92896..96225:+	92:92896..96225:+	none	none	none	none	none	none	none	none	none	none	325.1			no_slot_defined
NZ_CP145893.1	MPF_FA	T4SS_virb4 AND NOT(T/F/I) AND >=2 FA/FATA	293	2	1	1	unassigned	minimal	FA_orf14	FATA_cd419a	109:144573..146624:+	250:317849..321457:-	227:289614..290966:-	227:289614..290966:-	none	13:24093..25238:+	none	none	none	none	none	none	none	none	304.7	MOBC		no_slot_defined
NZ_CP146261.1	MPF_FA	T4SS_virb4 AND NOT(T/F/I) AND >=2 FA/FATA	156	2	1	1	unassigned	minimal	FA_orf14	FATA_cd419a	122:110745..112679:+	96:88117..89250:+	117:104102..106684:+	117:104102..106684:+	none	none	none	none	129:118320..119516:+	129:118320..119516:+	none	none	none	none	298.2	MOBP1;MOBP2		no_slot_defined
NZ_CP146755.1	MPF_FA	T4SS_virb4 AND NOT(T/F/I) AND >=2 FA/FATA	30	6	0	6	FATA	high		FATA_trsC;FATA_trsD;FATA_trsF;FATA_trsG;FATA_trsJ;FATA_trsL	5:2571..4535:+	none	13:9565..11322:+	13:9565..11322:+	none	none	none	none	none	none	none	29:23305..25407:+	none	none	311.6	MOBQ		no_slot_defined
NZ_CP147782.1	MPF_FA	T4SS_virb4 AND NOT(T/F/I) AND >=2 FA/FATA	189	3	1	2	FATA	medium	FA_orf14	FATA_cd419a;FATA_prgF	41:40776..42875:+	none	5:3474..6803:-	5:3474..6803:-	none	none	none	none	none	none	none	none	none	none	325.1			no_slot_defined
NZ_CP147784.1	MPF_FA	T4SS_virb4 AND NOT(T/F/I) AND >=2 FA/FATA	189	3	1	2	FATA	medium	FA_orf14	FATA_cd419a;FATA_prgF	173:165430..167529:+	none	137:128128..131457:-	137:128128..131457:-	none	none	none	none	none	none	none	none	none	none	325.1			no_slot_defined
NZ_CP147786.1	MPF_FA	T4SS_virb4 AND NOT(T/F/I) AND >=2 FA/FATA	189	3	1	2	FATA	medium	FA_orf14	FATA_cd419a;FATA_prgF	178:169362..171461:+	none	142:132060..135389:-	142:132060..135389:-	none	none	none	none	none	none	none	none	none	none	325.1			no_slot_defined
NZ_CP147788.1	MPF_FA	T4SS_virb4 AND NOT(T/F/I) AND >=2 FA/FATA	189	3	1	2	FATA	medium	FA_orf14	FATA_cd419a;FATA_prgF	35:34453..36552:+	none	188:178785..181490:-	188:178785..181490:-	none	none	none	none	none	none	none	none	none	none	325.1			no_slot_defined
NZ_CP147790.1	MPF_FA	T4SS_virb4 AND NOT(T/F/I) AND >=2 FA/FATA	189	3	1	2	FATA	medium	FA_orf14	FATA_cd419a;FATA_prgF	48:47187..49286:+	none	12:9885..13214:-	12:9885..13214:-	none	none	none	none	none	none	none	none	none	none	325.1			no_slot_defined
NZ_CP147792.1	MPF_FA	T4SS_virb4 AND NOT(T/F/I) AND >=2 FA/FATA	190	3	1	2	FATA	medium	FA_orf14	FATA_cd419a;FATA_prgF	1:1193..3292:-	none	37:37265..40594:+	37:37265..40594:+	none	none	none	none	none	none	none	none	none	none	325.1			no_slot_defined
NZ_CP147875.1	MPF_FA	T4SS_virb4 AND NOT(T/F/I) AND >=2 FA/FATA	245	2	0	2	FATA	minimal		FATA_cd419a;FATA_prgF	181:162947..165334:-	none	none	none	none	238:215785..216078:+	none	none	none	none	none	none	none	none	186.7	MOBC		no_slot_defined
NZ_CP148053.1	MPF_FA	T4SS_virb4 AND NOT(T/F/I) AND >=2 FA/FATA	91	7	6	1	FA	high	FA_orf13;FA_orf14;FA_orf15;FA_orf17a;FA_orf19;FA_orf23	FATA_cd419a	12:14051..16498:-	17:19224..20609:-	none	none	none	none	none	none	23:24998..26695:+	none	none	none	16:17841..19046:-	6:4333..5514:-	93.8	MOBP1;MOBT;MOBV		no_slot_defined
NZ_CP148054.1	MPF_FA	T4SS_virb4 AND NOT(T/F/I) AND >=2 FA/FATA	62	5	0	5	FATA	high		FATA_prgC;FATA_trsC;FATA_trsD;FATA_trsF;FATA_trsL	2:2458..4419:-	none	59:58828..60483:-	59:58828..60483:-	none	none	none	none	6:5834..7798:-	none	none	6:5834..7798:-	none	none	261.5	MOBP1;MOBQ		no_slot_defined
NZ_CP148082.1	MPF_FA	T4SS_virb4 AND NOT(T/F/I) AND >=2 FA/FATA	37	8	1	7	FATA	high	FA_orf13	FATA_prgF;FATA_trsC;FATA_trsD;FATA_trsF;FATA_trsG;FATA_trsJ;FATA_trsL	22:19592..21604:+	none	28:27080..28726:+	28:27080..28726:+	none	none	none	none	none	none	none	10:10612..12609:-	none	none	318.2	MOBQ		no_slot_defined
NZ_CP148589.1	MPF_FA	T4SS_virb4 AND NOT(T/F/I) AND >=2 FA/FATA	87	3	2	1	FA	medium	FA_orf17a;FA_orf17b	FATA_cd419a	12:12431..14953:-	18:17212..18801:-	none	none	none	none	none	none	none	none	none	none	none	none	85.7			no_slot_defined
NZ_CP148600.1	MPF_FA	T4SS_virb4 AND NOT(T/F/I) AND >=2 FA/FATA	62	3	2	1	FA	medium	FA_orf17a;FA_orf17b	FATA_cd419a	5:6332..8854:-	11:11113..12702:-	none	none	none	none	none	none	none	none	none	none	none	none	85.7			no_slot_defined
NZ_CP148602.1	MPF_FA	T4SS_virb4 AND NOT(T/F/I) AND >=2 FA/FATA	87	3	2	1	FA	medium	FA_orf17a;FA_orf17b	FATA_cd419a	69:60865..63387:-	75:65646..67235:-	none	none	none	none	none	none	none	none	none	none	none	none	85.7			no_slot_defined
NZ_CP148607.1	MPF_FA	T4SS_virb4 AND NOT(T/F/I) AND >=2 FA/FATA	78	3	2	1	FA	medium	FA_orf17a;FA_orf17b	FATA_cd419a	69:62566..65088:+	63:58718..60307:+	none	none	none	none	none	none	none	none	none	none	none	none	89.5			no_slot_defined
NZ_CP148611.1	MPF_FA	T4SS_virb4 AND NOT(T/F/I) AND >=2 FA/FATA	87	3	2	1	FA	medium	FA_orf17a;FA_orf17b	FATA_cd419a	73:58528..61050:+	67:54680..56269:+	none	none	none	none	none	none	none	none	none	none	none	none	85.7			no_slot_defined
NZ_CP148614.1	MPF_FA	T4SS_virb4 AND NOT(T/F/I) AND >=2 FA/FATA	87	3	2	1	FA	medium	FA_orf17a;FA_orf17b	FATA_cd419a	0:433..2955:-	6:5214..6803:-	none	none	none	none	none	none	none	none	none	none	none	none	85.3			no_slot_defined
NZ_CP148619.1	MPF_FA	T4SS_virb4 AND NOT(T/F/I) AND >=2 FA/FATA	87	3	2	1	FA	medium	FA_orf17a;FA_orf17b	FATA_cd419a	24:20831..23353:-	30:25612..27201:-	none	none	none	none	none	none	none	none	none	none	none	none	85.7			no_slot_defined
NZ_CP148622.1	MPF_FA	T4SS_virb4 AND NOT(T/F/I) AND >=2 FA/FATA	83	3	2	1	FA	medium	FA_orf17a;FA_orf17b	FATA_cd419a	13:7820..10342:+	7:3972..5561:+	none	none	none	none	none	none	none	none	none	none	none	none	85.7			no_slot_defined
NZ_CP148625.1	MPF_FA	T4SS_virb4 AND NOT(T/F/I) AND >=2 FA/FATA	85	3	2	1	FA	medium	FA_orf17a;FA_orf17b	FATA_cd419a	12:12143..14665:-	18:16924..18513:-	none	none	none	none	none	none	none	none	none	none	none	none	85.7			no_slot_defined
NZ_CP148630.1	MPF_FA	T4SS_virb4 AND NOT(T/F/I) AND >=2 FA/FATA	82	3	2	1	FA	medium	FA_orf17a;FA_orf17b	FATA_cd419a	75:67655..70177:-	81:72436..72954:-	none	none	none	none	none	none	none	none	none	none	none	none	89.5			no_slot_defined
NZ_CP148634.1	MPF_FA	T4SS_virb4 AND NOT(T/F/I) AND >=2 FA/FATA	86	3	2	1	FA	medium	FA_orf17a;FA_orf17b	FATA_cd419a	77:64114..66636:+	71:60266..61855:+	none	none	none	none	none	none	none	none	none	none	none	none	85.7			no_slot_defined
NZ_CP148639.1	MPF_FA	T4SS_virb4 AND NOT(T/F/I) AND >=2 FA/FATA	86	3	2	1	FA	medium	FA_orf17a;FA_orf17b	FATA_cd419a	45:38796..41318:-	51:43577..45166:-	none	none	none	none	none	none	none	none	none	none	none	none	85.7			no_slot_defined
NZ_CP148645.1	MPF_FA	T4SS_virb4 AND NOT(T/F/I) AND >=2 FA/FATA	87	3	2	1	FA	medium	FA_orf17a;FA_orf17b	FATA_cd419a	73:58830..61352:+	67:54982..56571:+	none	none	none	none	none	none	none	none	none	none	none	none	85.7			no_slot_defined
NZ_CP148649.1	MPF_FA	T4SS_virb4 AND NOT(T/F/I) AND >=2 FA/FATA	86	3	2	1	FA	medium	FA_orf17a;FA_orf17b	FATA_cd419a	55:49297..51819:-	61:54078..55667:-	none	none	none	none	none	none	none	none	none	none	none	none	85.7			no_slot_defined
NZ_CP148653.1	MPF_FA	T4SS_virb4 AND NOT(T/F/I) AND >=2 FA/FATA	88	3	2	1	FA	medium	FA_orf17a;FA_orf17b	FATA_cd419a	58:47287..49809:+	52:43439..45028:+	none	none	none	none	none	none	none	none	none	none	none	none	85.7			no_slot_defined
NZ_CP148658.1	MPF_FA	T4SS_virb4 AND NOT(T/F/I) AND >=2 FA/FATA	87	3	2	1	FA	medium	FA_orf17a;FA_orf17b	FATA_cd419a	8:8377..10899:-	14:13158..14747:-	none	none	none	none	none	none	none	none	none	none	none	none	85.7			no_slot_defined
NZ_CP148662.1	MPF_FA	T4SS_virb4 AND NOT(T/F/I) AND >=2 FA/FATA	95	2	1	1	unassigned	minimal	FA_orf17a	FATA_cd419a	65:54273..56798:+	61:50762..52345:+	none	none	none	none	none	none	none	none	none	none	none	none	86.8			no_slot_defined
NZ_CP148663.1	MPF_FA	T4SS_virb4 AND NOT(T/F/I) AND >=2 FA/FATA	70	2	1	1	unassigned	minimal	FA_orf17a	FATA_cd419a	61:54459..56981:+	55:49089..50705:+	none	none	none	none	none	none	none	none	none	none	none	none	87.3			no_slot_defined
NZ_CP148672.1	MPF_FA	T4SS_virb4 AND NOT(T/F/I) AND >=2 FA/FATA	51	3	2	1	FA	medium	FA_orf17a;FA_orf17b	FATA_cd419a	19:18863..21388:-	24:24255..25838:-	none	none	none	none	none	none	none	none	none	none	none	none	84.6			no_slot_defined
NZ_CP148677.1	MPF_FA	T4SS_virb4 AND NOT(T/F/I) AND >=2 FA/FATA	56	3	2	1	FA	medium	FA_orf17a;FA_orf17b	FATA_cd419a	36:27295..29820:+	30:22766..24349:+	none	none	none	none	none	none	none	none	none	none	none	none	86.9			no_slot_defined
NZ_CP148682.1	MPF_FA	T4SS_virb4 AND NOT(T/F/I) AND >=2 FA/FATA	59	3	2	1	FA	medium	FA_orf17a;FA_orf17b	FATA_cd419a	38:26821..29343:+	32:22973..24562:+	none	none	none	none	none	none	none	none	none	none	none	none	88.6			no_slot_defined
NZ_CP148685.1	MPF_FA	T4SS_virb4 AND NOT(T/F/I) AND >=2 FA/FATA	68	3	2	1	FA	medium	FA_orf17a;FA_orf17b	FATA_cd419a	49:46073..48385:+	45:42599..44182:+	none	none	none	none	none	none	none	none	none	none	none	none	74.3			no_slot_defined
NZ_CP148691.1	MPF_FA	T4SS_virb4 AND NOT(T/F/I) AND >=2 FA/FATA	59	2	1	1	unassigned	minimal	FA_orf17a	FATA_cd419a	39:28086..30608:+	32:22637..24253:+	none	none	none	none	none	none	none	none	none	none	none	none	87.3			no_slot_defined
NZ_CP148695.1	MPF_FA	T4SS_virb4 AND NOT(T/F/I) AND >=2 FA/FATA	81	3	2	1	FA	medium	FA_orf17a;FA_orf17b	FATA_cd419a	31:25453..27975:-	37:30246..31835:-	none	none	none	none	none	none	none	none	none	none	none	none	88.5			no_slot_defined
NZ_CP148702.1	MPF_FA	T4SS_virb4 AND NOT(T/F/I) AND >=2 FA/FATA	67	3	2	1	FA	medium	FA_orf17a;FA_orf17b	FATA_cd419a	20:14169..16691:+	16:10669..12237:+	none	none	none	none	none	none	none	none	none	none	none	none	83.0			no_slot_defined
NZ_CP148706.1	MPF_FA	T4SS_virb4 AND NOT(T/F/I) AND >=2 FA/FATA	120	3	2	1	FA	medium	FA_orf17a;FA_orf17b	FATA_cd419a	115:108083..110608:-	68:66046..67629:-	none	none	none	90:83274..83804:-	none	none	none	none	none	none	none	none	84.6	MOBC		no_slot_defined
NZ_CP148713.1	MPF_FA	T4SS_virb4 AND NOT(T/F/I) AND >=2 FA/FATA	87	3	2	1	FA	medium	FA_orf17a;FA_orf17b	FATA_cd419a	70:63263..65785:-	76:68044..69633:-	none	none	none	none	none	none	none	none	none	none	none	none	85.7			no_slot_defined
NZ_CP148717.1	MPF_FA	T4SS_virb4 AND NOT(T/F/I) AND >=2 FA/FATA	86	3	2	1	FA	medium	FA_orf17a;FA_orf17b	FATA_cd419a	7:5277..7799:+	1:1429..3018:+	none	none	none	none	none	none	none	none	none	none	none	none	85.7			no_slot_defined
NZ_CP148721.1	MPF_FA	T4SS_virb4 AND NOT(T/F/I) AND >=2 FA/FATA	65	3	2	1	FA	medium	FA_orf17a;FA_orf17b	FATA_cd419a	49:45861..48383:+	45:42361..43929:+	none	none	none	none	none	none	none	none	none	none	none	none	83.1			no_slot_defined
NZ_CP148722.1	MPF_FA	T4SS_virb4 AND NOT(T/F/I) AND >=2 FA/FATA	57	3	2	1	FA	medium	FA_orf17a;FA_orf17b	FATA_cd419a	43:37072..39594:-	49:41853..43442:-	none	none	none	none	none	none	none	none	none	none	none	none	88.3			no_slot_defined
NZ_CP148726.1	MPF_FA	T4SS_virb4 AND NOT(T/F/I) AND >=2 FA/FATA	87	3	2	1	FA	medium	FA_orf17a;FA_orf17b	FATA_cd419a	34:27550..30072:+	28:23702..25291:+	none	none	none	none	none	none	none	none	none	none	none	none	85.7			no_slot_defined
NZ_CP148734.1	MPF_FA	T4SS_virb4 AND NOT(T/F/I) AND >=2 FA/FATA	87	3	2	1	FA	medium	FA_orf17a;FA_orf17b	FATA_cd419a	56:49549..52071:-	62:54330..55919:-	none	none	none	none	none	none	none	none	none	none	none	none	85.7			no_slot_defined
NZ_CP148897.1	MPF_FA	T4SS_virb4 AND NOT(T/F/I) AND >=2 FA/FATA	81	2	0	2	FATA	minimal		FATA_cd419a;FATA_trsG	74:71999..74551:+	none	71:67077..69659:+	71:67077..69659:+	none	none	none	none	0:172..1998:+	0:172..1998:+	none	none	none	none	227.1	MOBP1;MOBP2		no_slot_defined
NZ_CP149680.1	MPF_FA	T4SS_virb4 AND NOT(T/F/I) AND >=2 FA/FATA	105	4	4	0	FA	medium	FA_orf17a;FA_orf17b;FA_orf19;FA_orf23		102:94680..97145:+	93:88891..90165:+	none	none	none	none	none	none	none	none	none	none	95:90799..91995:+	none	96.3	MOBT		no_slot_defined
NZ_CP150085.1	MPF_FA	T4SS_virb4 AND NOT(T/F/I) AND >=2 FA/FATA	22	5	4	1	FA	high	FA_orf13;FA_orf14;FA_orf15;FA_orf17b	FATA_cd419a	19:16684..19011:+	19:16684..19011:+	none	7:8779..10770:+	none	6:8112..8786:+	none	none	none	none	none	none	none	none	78.8	MOBC		no_slot_defined
NZ_CP150650.1	MPF_FA	T4SS_virb4 AND NOT(T/F/I) AND >=2 FA/FATA	210	3	1	2	FATA	medium	FA_orf14	FATA_cd419a;FATA_prgC	31:28366..30303:-	64:64798..65979:+	38:37956..39614:-	36:34522..35490:-	none	65:65918..66532:+	none	none	26:24000..25190:-	26:24000..25190:-	none	none	none	none	321.5	MOBC;MOBP1;MOBP2		no_slot_defined
NZ_CP150655.1	MPF_FA	T4SS_virb4 AND NOT(T/F/I) AND >=2 FA/FATA	45	3	2	1	FA	medium	FA_orf15;FA_orf17a	FATA_trsG	15:15466..18051:+	none	none	none	none	none	none	none	none	none	none	none	none	none	121.0			no_slot_defined
NZ_CP151094.1	MPF_FA	T4SS_virb4 AND NOT(T/F/I) AND >=2 FA/FATA	70	5	0	5	FATA	high		FATA_trsC;FATA_trsD;FATA_trsF;FATA_trsJ;FATA_trsL	69:58987..60042:-	none	63:53436..54965:-	63:53436..54965:-	none	none	none	none	none	none	none	5:3341..5398:-	none	none	165.5	MOBQ		no_slot_defined
NZ_CP151182.1	MPF_FA	T4SS_virb4 AND NOT(T/F/I) AND >=2 FA/FATA	71	8	0	8	FATA	high		FATA_cd411;FATA_prgF;FATA_prgHa;FATA_prgHb;FATA_prgIa;FATA_prgIb;FATA_prgIc;FATA_trsG	51:49387..51843:+	none	47:46078..47973:+	47:46078..47973:+	none	none	none	none	59:58247..60454:+	none	none	none	none	none	330.3	MOBP1		no_slot_defined
NZ_CP152421.1	MPF_FA	T4SS_virb4 AND NOT(T/F/I) AND >=2 FA/FATA	43	7	0	7	FATA	high		FATA_prgF;FATA_trsC;FATA_trsD;FATA_trsF;FATA_trsG;FATA_trsJ;FATA_trsL	5:5764..7776:-	none	none	42:38358..39572:-	none	none	none	none	none	none	none	20:17600..19597:+	none	none	317.4	MOBQ		no_slot_defined
NZ_CP152428.1	MPF_FA	T4SS_virb4 AND NOT(T/F/I) AND >=2 FA/FATA	100	2	1	1	unassigned	minimal	FA_orf14	FATA_cd419a	42:47865..49547:-	58:68907..70088:+	none	none	none	59:70027..70641:+	none	none	37:43506..44696:-	37:43506..44696:-	none	none	none	none	291.8	MOBC;MOBP1;MOBP2		no_slot_defined
NZ_CP152429.1	MPF_FA	T4SS_virb4 AND NOT(T/F/I) AND >=2 FA/FATA	272	8	6	2	FA	high	FA_orf13;FA_orf14;FA_orf15;FA_orf17a;FA_orf17b;FA_orf19	FATA_cd419a;FATA_prgC	154:216236..218776:-	none	171:236601..237686:-	170:235050..236132:-	none	none	none	none	none	none	none	none	none	none	144.8			no_slot_defined
NZ_CP152438.1	MPF_FA	T4SS_virb4 AND NOT(T/F/I) AND >=2 FA/FATA	602	2	1	1	unassigned	minimal	FA_orf14	FATA_cd419a	385:448618..450717:-	none	438:494627..495931:+	440:498469..500574:+	none	none	none	none	none	none	none	none	none	none	324.6			no_slot_defined
NZ_CP154917.1	MPF_FA	T4SS_virb4 AND NOT(T/F/I) AND >=2 FA/FATA	33	5	4	1	FA	high	FA_orf13;FA_orf15;FA_orf17a;FA_orf19	FATA_cd419a	24:15829..18372:-	none	none	none	none	none	none	none	none	none	none	none	none	none	124.9			no_slot_defined
NZ_CP156675.1	MPF_FA	T4SS_virb4 AND NOT(T/F/I) AND >=2 FA/FATA	360	4	3	1	FA	medium	FA_orf13;FA_orf14;FA_orf15	FATA_cd419a	268:264712..267162:+	265:261020..263002:+	265:261020..263002:+	265:261020..263002:+	none	264:260254..261036:+	none	none	none	none	none	none	none	none	128.2	MOBC		no_slot_defined
NZ_CP156991.1	MPF_FA	T4SS_virb4 AND NOT(T/F/I) AND >=2 FA/FATA	89	2	1	1	unassigned	minimal	FA_orf14	FATA_cd419a	15:11756..13651:+	none	11:5556..7916:+	11:5556..7916:+	none	none	none	none	21:17404..18636:+	21:17404..18636:+	none	none	none	none	257.2	MOBP1;MOBP2		no_slot_defined
NZ_CP156994.1	MPF_FA	T4SS_virb4 AND NOT(T/F/I) AND >=2 FA/FATA	89	2	1	1	unassigned	minimal	FA_orf14	FATA_cd419a	3:3827..5722:+	none	88:61936..64296:+	88:61936..64296:+	none	none	none	none	9:9475..10707:+	9:9475..10707:+	none	none	none	none	257.2	MOBP1;MOBP2		no_slot_defined
NZ_CP157039.1	MPF_FA	T4SS_virb4 AND NOT(T/F/I) AND >=2 FA/FATA	89	2	1	1	unassigned	minimal	FA_orf14	FATA_cd419a	15:11909..13804:+	none	11:5709..8069:+	11:5709..8069:+	none	none	none	none	21:17557..18789:+	21:17557..18789:+	none	none	none	none	257.2	MOBP1;MOBP2		no_slot_defined
NZ_DQ025752.1	MPF_FA	T4SS_virb4 AND NOT(T/F/I) AND >=2 FA/FATA	82	2	1	1	unassigned	minimal	FA_orf14	FATA_cd419a	8:7316..9250:-	none	14:14926..16905:-	14:14926..16905:-	none	none	none	none	none	81:70745..71773:-	none	none	none	none	346.0	MOBP2		no_slot_defined
NZ_DQ889677.1	MPF_FA	T4SS_virb4 AND NOT(T/F/I) AND >=2 FA/FATA	296	2	1	1	unassigned	minimal	FA_orf14	FATA_cd419a	116:105561..107660:+	none	58:52377..55877:-	58:52377..55877:-	none	none	none	none	none	none	none	none	none	none	329.4			no_slot_defined
NZ_DQ889678.1	MPF_FA	T4SS_virb4 AND NOT(T/F/I) AND >=2 FA/FATA	296	2	1	1	unassigned	minimal	FA_orf14	FATA_cd419a	116:105561..107660:+	none	58:52377..55877:-	58:52377..55877:-	none	none	none	none	none	none	none	none	none	none	329.4			no_slot_defined
NZ_HG813248.1	MPF_FA	T4SS_virb4 AND NOT(T/F/I) AND >=2 FA/FATA	85	3	1	2	FATA	medium	FA_orf14	FATA_cd419a;FATA_trsG	14:10553..12568:-	none	18:16030..18495:-	18:16030..18495:-	none	none	none	none	8:5591..6931:-	8:5591..6931:-	none	none	none	none	222.5	MOBP1;MOBP2		no_slot_defined
NZ_HG813250.1	MPF_FA	T4SS_virb4 AND NOT(T/F/I) AND >=2 FA/FATA	62	3	1	2	FATA	medium	FA_orf14	FATA_cd419a;FATA_trsG	9:6847..8862:-	none	13:12324..14789:-	13:12324..14789:-	none	none	none	none	3:1859..3199:-	3:1859..3199:-	none	none	none	none	222.5	MOBP1;MOBP2		no_slot_defined
NZ_JX406743.1	MPF_FA	T4SS_virb4 AND NOT(T/F/I) AND >=2 FA/FATA	47	6	5	1	FA	high	FA_orf13;FA_orf14;FA_orf15;FA_orf17a;FA_orf17b	FATA_cd419a	5:4972..7431:+	none	1:1151..3181:+	1:1151..3181:+	none	0:346..1149:+	none	none	none	none	none	none	none	none	108.4	MOBC		no_slot_defined
NZ_KC222021.1	MPF_FA	T4SS_virb4 AND NOT(T/F/I) AND >=2 FA/FATA	45	3	2	1	FA	medium	FA_orf15;FA_orf17a	FATA_trsG	15:15466..18051:+	none	none	none	none	none	none	none	none	none	none	none	none	none	121.0			no_slot_defined
NZ_KF831355.1	MPF_FA	T4SS_virb4 AND NOT(T/F/I) AND >=2 FA/FATA	44	2	0	2	FATA	minimal		FATA_gbs1346;FATA_trsG	37:27945..29630:-	none	none	43:33371..34876:-	none	none	none	none	32:23667..24818:-	32:23667..24818:-	none	none	none	none	214.1	MOBP1;MOBP2		no_slot_defined
NZ_KJ776578.1	MPF_FA	T4SS_virb4 AND NOT(T/F/I) AND >=2 FA/FATA	58	6	0	6	FATA	high		FATA_cd411;FATA_cd419_1;FATA_prgHa;FATA_prgIa;FATA_prgIb;FATA_prgIc	35:25730..28123:+	none	30:21283..23154:+	30:21283..23154:+	none	none	none	none	17:9980..11443:+	none	none	none	none	none	349.6	MOBP1		no_slot_defined
NZ_KJ776580.1	MPF_FA	T4SS_virb4 AND NOT(T/F/I) AND >=2 FA/FATA	62	6	0	6	FATA	high		FATA_cd411;FATA_cd419_1;FATA_prgHa;FATA_prgIa;FATA_prgIb;FATA_prgIc	39:30541..32934:+	none	34:26094..27965:+	34:26094..27965:+	none	none	none	none	21:14791..16254:+	none	none	none	none	none	349.6	MOBP1		no_slot_defined
NZ_KJ776582.1	MPF_FA	T4SS_virb4 AND NOT(T/F/I) AND >=2 FA/FATA	58	6	0	6	FATA	high		FATA_cd411;FATA_cd419_1;FATA_prgHa;FATA_prgIa;FATA_prgIb;FATA_prgIc	35:25730..28123:+	none	30:21283..23154:+	30:21283..23154:+	none	none	none	none	17:9980..11443:+	none	none	none	none	none	349.6	MOBP1		no_slot_defined
NZ_KJ922127.1	MPF_FA	T4SS_virb4 AND NOT(T/F/I) AND >=2 FA/FATA	43	6	0	6	FATA	high		FATA_trsC;FATA_trsD;FATA_trsF;FATA_trsG;FATA_trsJ;FATA_trsL	7:3890..5902:+	none	13:11378..13024:+	13:11378..13024:+	none	none	none	none	none	none	none	37:34414..36411:-	none	none	320.4	MOBQ		no_slot_defined
NZ_KM521836.1	MPF_FA	T4SS_virb4 AND NOT(T/F/I) AND >=2 FA/FATA	39	7	0	7	FATA	high		FATA_prgF;FATA_trsC;FATA_trsD;FATA_trsF;FATA_trsG;FATA_trsJ;FATA_trsL	8:5044..7056:+	none	14:12532..14178:+	14:12532..14178:+	none	none	none	none	none	none	none	35:32804..34801:-	none	none	318.4	MOBQ		no_slot_defined
NZ_KM521837.1	MPF_FA	T4SS_virb4 AND NOT(T/F/I) AND >=2 FA/FATA	44	3	2	1	FA	medium	FA_orf15;FA_orf17a	FATA_trsG	5:6142..8730:+	none	none	none	none	1:3311..4171:+	none	none	none	none	none	none	none	none	119.1	MOBC		no_slot_defined
NZ_KP345886.1	MPF_FA	T4SS_virb4 AND NOT(T/F/I) AND >=2 FA/FATA	22	7	6	1	FA	high	FA_orf13;FA_orf14;FA_orf15;FA_orf17a;FA_orf19;FA_orf23	FATA_cd419a	7:5163..7610:+	2:1052..2437:+	none	none	none	none	none	none	none	none	none	none	3:2615..3820:+	none	93.8	MOBT		no_slot_defined
NZ_KP670395.1	MPF_FA	T4SS_virb4 AND NOT(T/F/I) AND >=2 FA/FATA	25	7	0	7	FATA	high		FATA_prgF;FATA_trsC;FATA_trsD;FATA_trsF;FATA_trsG;FATA_trsJ;FATA_trsL	15:16141..18153:-	none	9:9028..10665:-	9:9028..10665:-	none	none	none	none	none	none	none	none	none	none	317.7			no_slot_defined
NZ_KP738729.1	MPF_FA	T4SS_virb4 AND NOT(T/F/I) AND >=2 FA/FATA	129	3	0	3	FATA	medium		FATA_cd419a;FATA_trsD;FATA_trsG	95:72184..74067:+	none	16:18631..19659:-	15:17255..18625:-	none	none	none	none	2:1289..2431:+	none	none	17:19674..21707:-	none	none	278.1	MOBP1;MOBQ		no_slot_defined
NZ_KP890694.1	MPF_FA	T4SS_virb4 AND NOT(T/F/I) AND >=2 FA/FATA	44	6	0	6	FATA	high		FATA_trsC;FATA_trsD;FATA_trsF;FATA_trsG;FATA_trsJ;FATA_trsL	30:26454..28466:+	none	36:33942..35588:+	36:33942..35588:+	none	none	none	none	none	none	none	17:17474..19471:-	none	none	320.4	MOBQ		no_slot_defined
NZ_KR066794.1	MPF_FA	T4SS_virb4 AND NOT(T/F/I) AND >=2 FA/FATA	72	8	1	7	FATA	high	FA_orf14	FATA_cd411;FATA_cd419_1;FATA_cd419a;FATA_cd419b;FATA_prgF;FATA_prgHa;FATA_prgHb	48:45502..47016:-	none	54:52825..54150:-	54:52825..54150:-	none	none	none	none	38:32272..33600:+	none	none	none	none	none	266.6	MOBP1		no_slot_defined
NZ_KR230047.1	MPF_FA	T4SS_virb4 AND NOT(T/F/I) AND >=2 FA/FATA	81	7	0	7	FATA	high		FATA_prgF;FATA_trsC;FATA_trsD;FATA_trsF;FATA_trsG;FATA_trsJ;FATA_trsL	9:5181..7193:+	none	15:12669..14315:+	15:12669..14315:+	none	none	none	none	none	none	none	48:45417..47414:-	none	none	318.8	MOBQ		no_slot_defined
NZ_KT020842.1	MPF_FA	T4SS_virb4 AND NOT(T/F/I) AND >=2 FA/FATA	69	4	2	2	unassigned	medium	FA_orf17a;FA_orf17b	FATA_cd419a;FATA_prgC	48:45022..47544:+	42:41171..42760:+	none	none	none	none	none	none	none	none	none	none	none	none	88.6			no_slot_defined
NZ_KT186230.1	MPF_FA	T4SS_virb4 AND NOT(T/F/I) AND >=2 FA/FATA	193	3	1	2	FATA	medium	FA_orf14	FATA_cd419a;FATA_prgF	95:89443..91542:+	none	57:52128..55457:-	57:52128..55457:-	none	none	none	none	none	none	none	none	none	none	322.9			no_slot_defined
NZ_KT290268.1	MPF_FA	T4SS_virb4 AND NOT(T/F/I) AND >=2 FA/FATA	64	3	1	2	FATA	medium	FA_orf14	FATA_prgB;FATA_prgC	39:31973..34510:-	none	48:39046..41643:-	48:39046..41643:-	none	none	none	none	32:24837..26870:-	32:24837..26870:-	none	none	none	none	146.1	MOBP1;MOBP2		no_slot_defined
NZ_KT373969.1	MPF_FA	T4SS_virb4 AND NOT(T/F/I) AND >=2 FA/FATA	61	7	0	7	FATA	high		FATA_prgF;FATA_trsC;FATA_trsD;FATA_trsF;FATA_trsG;FATA_trsJ;FATA_trsL	5:2827..4839:+	none	11:10315..11955:+	11:10315..11955:+	none	none	none	none	30:22678..23418:+	none	none	54:46450..48447:-	none	none	317.4	MOBP1;MOBQ		no_slot_defined
NZ_KT601170.1	MPF_FA	T4SS_virb4 AND NOT(T/F/I) AND >=2 FA/FATA	56	2	1	1	unassigned	minimal	FA_orf14	FATA_trsG	20:22015..23238:+	none	15:14452..17289:+	15:14452..17289:+	none	none	none	none	29:29036..30352:+	29:29036..30352:+	none	none	none	none	129.8	MOBP1;MOBP2		no_slot_defined
NZ_KT780704.1	MPF_FA	T4SS_virb4 AND NOT(T/F/I) AND >=2 FA/FATA	68	7	0	7	FATA	high		FATA_prgF;FATA_trsC;FATA_trsD;FATA_trsF;FATA_trsG;FATA_trsJ;FATA_trsL	7:4728..6740:+	none	13:12216..13856:+	13:12216..13856:+	none	none	none	none	none	none	none	62:59079..61076:-	none	23:23056..24318:+	317.4	MOBQ;MOBV		no_slot_defined
NZ_KT780705.1	MPF_FA	T4SS_virb4 AND NOT(T/F/I) AND >=2 FA/FATA	35	7	0	7	FATA	high		FATA_prgF;FATA_trsC;FATA_trsD;FATA_trsF;FATA_trsG;FATA_trsJ;FATA_trsL	7:4728..6740:+	none	13:12216..13856:+	13:12216..13856:+	none	none	none	none	none	none	none	29:29138..31135:-	none	none	317.4	MOBQ		no_slot_defined
NZ_KU510528.1	MPF_FA	T4SS_virb4 AND NOT(T/F/I) AND >=2 FA/FATA	32	5	4	1	FA	high	FA_orf13;FA_orf15;FA_orf17a;FA_orf17b	FATA_trsG	4:2897..5386:+	4:2897..5386:+	none	0:13..1170:+	none	28:23738..24430:+	none	none	none	none	none	none	none	none	100.3	MOBC	PF14729	no_slot_defined
NZ_KU513859.1	MPF_FA	T4SS_virb4 AND NOT(T/F/I) AND >=2 FA/FATA	85	3	1	2	FATA	medium	FA_orf14	FATA_cd419a;FATA_trsG	14:10553..12568:-	none	18:16030..18495:-	18:16030..18495:-	none	none	none	none	8:5591..6931:-	8:5591..6931:-	none	none	none	none	222.5	MOBP1;MOBP2		no_slot_defined
NZ_KU521355.1	MPF_FA	T4SS_virb4 AND NOT(T/F/I) AND >=2 FA/FATA	47	3	2	1	FA	medium	FA_orf15;FA_orf17a	FATA_trsG	17:17770..20355:+	none	none	none	none	none	none	none	none	none	none	none	none	none	121.0			no_slot_defined
NZ_KU525621.1	MPF_FA	T4SS_virb4 AND NOT(T/F/I) AND >=2 FA/FATA	106	2	1	1	unassigned	minimal	FA_orf14	FATA_cd419a	7:4517..6451:-	none	14:11671..13506:-	13:11259..11669:-	none	none	none	none	none	105:93564..94808:-	none	none	none	none	345.1	MOBP2		no_slot_defined
NZ_KU882681.1	MPF_FA	T4SS_virb4 AND NOT(T/F/I) AND >=2 FA/FATA	44	7	0	7	FATA	high		FATA_prgF;FATA_trsC;FATA_trsD;FATA_trsF;FATA_trsG;FATA_trsJ;FATA_trsL	9:6811..8823:+	none	15:14299..15939:+	15:14299..15939:+	none	none	none	none	none	none	none	38:37164..39161:-	none	none	317.4	MOBQ		no_slot_defined
NZ_KX149096.1	MPF_FA	T4SS_virb4 AND NOT(T/F/I) AND >=2 FA/FATA	45	3	2	1	FA	medium	FA_orf15;FA_orf17a	FATA_trsG	28:27196..29784:+	none	none	none	none	24:24365..25225:+	none	none	none	none	none	none	none	none	119.5	MOBC		no_slot_defined
NZ_KX149097.1	MPF_FA	T4SS_virb4 AND NOT(T/F/I) AND >=2 FA/FATA	42	2	1	1	unassigned	minimal	FA_orf15	FATA_trsG	36:25283..27868:-	none	none	none	none	none	none	none	none	none	none	none	none	none	121.3			no_slot_defined
NZ_KX258624.1	MPF_FA	T4SS_virb4 AND NOT(T/F/I) AND >=2 FA/FATA	255	2	0	2	FATA	minimal		FATA_cd419a;FATA_prgC	127:131863..133959:+	none	79:80867..82171:-	none	none	none	none	none	211:216191..216508:+	none	none	211:216191..216508:+	none	211:216191..216508:+	325.3	MOBP1;MOBQ;MOBV		no_slot_defined
NZ_KX520649.1	MPF_FA	T4SS_virb4 AND NOT(T/F/I) AND >=2 FA/FATA	43	3	2	1	FA	medium	FA_orf15;FA_orf17a	FATA_trsG	5:7083..9671:+	none	none	none	none	1:4252..5112:+	none	none	none	none	none	none	none	none	119.5	MOBC		no_slot_defined
NZ_KX853854.1	MPF_FA	T4SS_virb4 AND NOT(T/F/I) AND >=2 FA/FATA	89	2	1	1	unassigned	minimal	FA_orf14	FATA_cd419a	28:27459..29084:+	none	23:20482..23337:+	23:20482..23337:+	none	none	none	none	40:36685..38205:+	40:36685..38205:+	none	none	none	none	246.8	MOBP1;MOBP2		no_slot_defined
NZ_KX976485.1	MPF_FA	T4SS_virb4 AND NOT(T/F/I) AND >=2 FA/FATA	89	2	1	1	unassigned	minimal	FA_orf14	FATA_cd419a	56:47358..48983:-	none	61:53105..55960:-	61:53105..55960:-	none	none	none	none	44:38237..39757:-	44:38237..39757:-	none	none	none	none	246.8	MOBP1;MOBP2		no_slot_defined
NZ_KX982169.1	MPF_FA	T4SS_virb4 AND NOT(T/F/I) AND >=2 FA/FATA	50	2	1	1	unassigned	minimal	FA_orf14	FATA_trsG	34:36193..37416:-	none	39:42142..44979:-	39:42142..44979:-	none	none	none	none	25:29079..30395:-	25:29079..30395:-	none	none	none	none	129.8	MOBP1;MOBP2		no_slot_defined
NZ_KX982171.1	MPF_FA	T4SS_virb4 AND NOT(T/F/I) AND >=2 FA/FATA	54	2	1	1	unassigned	minimal	FA_orf14	FATA_trsG	37:40501..41724:-	none	42:46450..49287:-	42:46450..49287:-	none	none	none	none	28:33387..34703:-	28:33387..34703:-	none	none	none	none	129.8	MOBP1;MOBP2		no_slot_defined
NZ_KY270848.1	MPF_FA	T4SS_virb4 AND NOT(T/F/I) AND >=2 FA/FATA	45	5	0	5	FATA	high		FATA_prgF;FATA_prgHb;FATA_prgIc;FATA_prgK;FATA_prgL	26:27828..30203:+	none	34:38485..40296:+	34:38485..40296:+	none	none	none	none	41:47630..49339:+	none	none	none	none	none	279.4	MOBP1		no_slot_defined
NZ_KY290886.1	MPF_FA	T4SS_virb4 AND NOT(T/F/I) AND >=2 FA/FATA	99	4	3	1	FA	medium	FA_orf13;FA_orf14;FA_orf15	FATA_cd419a	67:64720..66675:+	none	62:57597..60455:+	62:57597..60455:+	none	none	none	none	74:70802..72388:+	74:70802..72388:+	none	none	none	13:12970..14232:-	319.9	MOBP1;MOBP2;MOBV		no_slot_defined
NZ_KY303941.1	MPF_FA	T4SS_virb4 AND NOT(T/F/I) AND >=2 FA/FATA	146	3	1	2	FATA	medium	FA_orf14	FATA_prgC;FATA_trsG	93:88574..90520:-	none	97:93322..95682:-	97:93322..95682:-	none	none	none	none	87:83779..85023:-	87:83779..85023:-	none	none	none	none	164.8	MOBP1;MOBP2		no_slot_defined
NZ_KY436023.1	MPF_FA	T4SS_virb4 AND NOT(T/F/I) AND >=2 FA/FATA	40	2	1	1	unassigned	minimal	FA_orf15	FATA_trsG	16:13625..16210:+	none	none	none	none	none	none	none	none	none	none	none	none	none	118.2			no_slot_defined
NZ_KY465818.1	MPF_FA	T4SS_virb4 AND NOT(T/F/I) AND >=2 FA/FATA	49	7	0	7	FATA	high		FATA_prgF;FATA_trsC;FATA_trsD;FATA_trsF;FATA_trsG;FATA_trsJ;FATA_trsL	36:32792..34804:+	none	42:40276..41922:+	42:40276..41922:+	none	none	none	none	none	none	none	24:23735..25732:-	none	none	321.0	MOBQ		no_slot_defined
NZ_KY513280.1	MPF_FA	T4SS_virb4 AND NOT(T/F/I) AND >=2 FA/FATA	36	9	1	8	FATA	high	FA_orf14	FATA_cd411;FATA_cd419a;FATA_gbs1347;FATA_prgF;FATA_prgHa;FATA_prgHb;FATA_prgIa;FATA_prgIc	6:4010..6409:+	none	13:11440..13434:+	13:11440..13434:+	none	none	none	none	31:31480..32781:-	none	none	none	none	none	320.4	MOBP1		no_slot_defined
NZ_KY579372.1	MPF_FA	T4SS_virb4 AND NOT(T/F/I) AND >=2 FA/FATA	85	7	1	6	FATA	high	FA_orf14	FATA_prgC;FATA_trsC;FATA_trsD;FATA_trsF;FATA_trsG;FATA_trsL	81:67473..69434:+	none	0:1..1656:+	0:1..1656:+	none	none	none	none	74:62203..62838:+	none	none	74:62203..62838:+	none	74:62203..62838:+	261.5	MOBP1;MOBQ;MOBV		no_slot_defined
NZ_KY940428.1	MPF_FA	T4SS_virb4 AND NOT(T/F/I) AND >=2 FA/FATA	226	2	1	1	unassigned	minimal	FA_orf14	FATA_cd419a	130:119747..120715:+	none	64:56329..59829:-	64:56329..59829:-	none	none	none	none	none	none	none	none	none	none	157.6			no_slot_defined
NZ_LC377538.1	MPF_FA	T4SS_virb4 AND NOT(T/F/I) AND >=2 FA/FATA	59	7	0	7	FATA	high		FATA_gbs1354;FATA_trsC;FATA_trsD;FATA_trsF;FATA_trsG;FATA_trsJ;FATA_trsL	31:21846..23846:-	none	25:16655..18109:-	25:16655..18109:-	none	none	none	none	52:41243..43246:-	none	none	52:41243..43246:-	none	none	309.1	MOBP1;MOBQ		no_slot_defined
NZ_LC473083.1	MPF_FA	T4SS_virb4 AND NOT(T/F/I) AND >=2 FA/FATA	29	4	0	4	FATA	medium		FATA_cd411;FATA_prgF;FATA_prgHa;FATA_prgHb	6:8463..11024:-	none	10:12791..14491:-	10:12791..14491:-	none	none	none	none	12:15094..16800:-	none	none	none	none	none	339.7	MOBP1		no_slot_defined
NZ_LN774770.1	MPF_FA	T4SS_virb4 AND NOT(T/F/I) AND >=2 FA/FATA	62	8	1	7	FATA	high	FA_orf14	FATA_prgB;FATA_prgC;FATA_trsC;FATA_trsD;FATA_trsF;FATA_trsG;FATA_trsL	24:27688..29649:-	none	19:22550..24208:-	19:22550..24208:-	none	none	none	none	28:31054..33003:-	none	none	28:31054..33003:-	none	none	255.1	MOBP1;MOBQ		no_slot_defined
NZ_LN835295.1	MPF_FA	T4SS_virb4 AND NOT(T/F/I) AND >=2 FA/FATA	99	8	7	1	FA	high	FA_orf13;FA_orf14;FA_orf15;FA_orf17a;FA_orf17b;FA_orf19;FA_orf23	FATA_cd419a	68:65512..67959:-	85:77215..78609:-	none	none	none	none	none	none	none	none	none	none	84:75834..76946:-	none	94.1	MOBT		no_slot_defined
NZ_LR026976.1	MPF_FA	T4SS_virb4 AND NOT(T/F/I) AND >=2 FA/FATA	62	2	1	1	unassigned	minimal	FA_orf14	FATA_cd419a	2:881..2776:+	none	60:38502..40652:+	60:38502..40652:+	none	none	none	none	9:6239..7447:+	9:6239..7447:+	none	none	none	none	231.7	MOBP1;MOBP2		no_slot_defined
NZ_LR134097.1	MPF_FA	T4SS_virb4 AND NOT(T/F/I) AND >=2 FA/FATA	37	7	6	1	FA	high	FA_orf13;FA_orf14;FA_orf15;FA_orf17a;FA_orf19;FA_orf23	FATA_cd419a	31:26158..28605:-	36:31331..32716:-	none	none	none	none	none	none	none	none	none	none	35:29948..31153:-	25:16359..17621:-	93.8	MOBT;MOBV		no_slot_defined
NZ_LR134111.1	MPF_FA	T4SS_virb4 AND NOT(T/F/I) AND >=2 FA/FATA	42	9	0	9	FATA	high		FATA_cd411;FATA_cd419a;FATA_prgC;FATA_prgF;FATA_prgHa;FATA_prgHb;FATA_prgIa;FATA_prgIb;FATA_prgIc	31:27438..29888:-	36:31567..33441:-	36:31567..33441:-	36:31567..33441:-	none	none	none	none	19:16543..18837:-	none	none	none	none	none	354.2	MOBP1		no_slot_defined
NZ_LR135183.1	MPF_FA	T4SS_virb4 AND NOT(T/F/I) AND >=2 FA/FATA	43	7	6	1	FA	high	FA_orf13;FA_orf14;FA_orf15;FA_orf17a;FA_orf19;FA_orf23	FATA_cd419a	37:29002..31449:+	32:24891..26276:+	none	none	none	none	none	none	none	none	none	none	33:26454..27659:+	0:683..1945:+	93.8	MOBT;MOBV		no_slot_defined
NZ_LR135205.1	MPF_FA	T4SS_virb4 AND NOT(T/F/I) AND >=2 FA/FATA	49	5	0	5	FATA	high		FATA_gbs1365;FATA_prgF;FATA_prgHb;FATA_prgK;FATA_prgL	43:40993..43416:+	none	none	0:55..627:+	none	none	none	none	6:8363..10030:+	none	none	none	none	none	297.2	MOBP1		no_slot_defined
NZ_LR135221.1	MPF_FA	T4SS_virb4 AND NOT(T/F/I) AND >=2 FA/FATA	131	7	6	1	FA	high	FA_orf13;FA_orf14;FA_orf15;FA_orf17a;FA_orf19;FA_orf23	FATA_cd419a	25:25159..27183:+	48:41082..42467:+	20:18543..21155:+	20:18543..21155:+	none	none	none	none	none	35:32487..32654:+	none	none	49:42645..43850:+	62:58530..59792:+	256.0	MOBP2;MOBT;MOBV		no_slot_defined
NZ_LR135229.1	MPF_FA	T4SS_virb4 AND NOT(T/F/I) AND >=2 FA/FATA	49	5	0	5	FATA	high		FATA_gbs1365;FATA_prgF;FATA_prgHb;FATA_prgK;FATA_prgL	43:40993..43416:+	none	none	0:55..627:+	none	none	none	none	6:8363..10030:+	none	none	none	none	none	297.2	MOBP1		no_slot_defined
NZ_LR135248.1	MPF_FA	T4SS_virb4 AND NOT(T/F/I) AND >=2 FA/FATA	41	6	0	6	FATA	high		FATA_cd411;FATA_cd419a;FATA_prgC;FATA_prgF;FATA_prgHa;FATA_prgHb	40:34707..37157:-	3:1513..3387:-	3:1513..3387:-	3:1513..3387:-	none	none	none	none	28:23812..26106:-	none	none	none	none	none	354.2	MOBP1		no_slot_defined
NZ_LR135260.1	MPF_FA	T4SS_virb4 AND NOT(T/F/I) AND >=2 FA/FATA	66	7	6	1	FA	high	FA_orf13;FA_orf14;FA_orf15;FA_orf17a;FA_orf19;FA_orf23	FATA_cd419a	44:40681..43128:-	49:45854..47239:-	none	none	none	none	none	none	none	63:55666..55833:-	none	none	48:44471..45676:-	none	93.8	MOBP2;MOBT		no_slot_defined
NZ_LR135298.1	MPF_FA	T4SS_virb4 AND NOT(T/F/I) AND >=2 FA/FATA	267	5	0	5	FATA	high		FATA_cd411;FATA_cd419_1;FATA_cd419a;FATA_prgIa;FATA_prgIb	175:149952..152210:-	none	180:154537..156345:-	21:16966..19578:+	none	none	none	none	162:136728..138056:+	33:29463..31052:+	none	none	none	144:123511..123738:+	325.1	MOBP1;MOBP2;MOBV		no_slot_defined
NZ_LR135299.1	MPF_FA	T4SS_virb4 AND NOT(T/F/I) AND >=2 FA/FATA	68	2	1	1	unassigned	minimal	FA_orf14	FATA_cd419a	39:31682..33637:-	none	44:37796..40654:-	44:37796..40654:-	none	none	none	none	32:25970..27505:-	32:25970..27505:-	none	none	none	none	319.8	MOBP1;MOBP2		no_slot_defined
NZ_LR135334.1	MPF_FA	T4SS_virb4 AND NOT(T/F/I) AND >=2 FA/FATA	78	5	0	5	FATA	high		FATA_gbs1365;FATA_prgHb;FATA_prgIc;FATA_prgK;FATA_prgL	57:46780..49155:+	none	63:54587..56389:+	63:54587..56389:+	none	none	none	none	69:64126..65793:+	none	none	none	none	none	294.6	MOBP1		no_slot_defined
NZ_LR135341.1	MPF_FA	T4SS_virb4 AND NOT(T/F/I) AND >=2 FA/FATA	68	2	1	1	unassigned	minimal	FA_orf14	FATA_cd419a	44:38851..40806:+	none	39:31834..34692:+	39:31834..34692:+	none	none	none	none	51:44983..46518:+	51:44983..46518:+	none	none	none	none	319.8	MOBP1;MOBP2		no_slot_defined
NZ_LR135359.1	MPF_FA	T4SS_virb4 AND NOT(T/F/I) AND >=2 FA/FATA	56	8	1	7	FATA	high	FA_orf14	FATA_cd411;FATA_cd419_1;FATA_cd419a;FATA_cd419b;FATA_prgF;FATA_prgHa;FATA_prgHb	23:18566..20965:+	none	17:11782..12927:+	19:15634..16380:+	none	none	none	none	33:32867..34195:-	none	none	none	none	none	341.2	MOBP1		no_slot_defined
NZ_LR135387.1	MPF_FA	T4SS_virb4 AND NOT(T/F/I) AND >=2 FA/FATA	69	8	1	7	FATA	high	FA_orf14	FATA_cd411;FATA_cd419_1;FATA_cd419a;FATA_cd419b;FATA_prgF;FATA_prgHa;FATA_prgHb	48:38094..40493:+	none	44:34100..35908:+	44:34100..35908:+	none	none	none	none	58:52395..53723:-	none	none	none	none	none	341.2	MOBP1		no_slot_defined
NZ_LR135396.1	MPF_FA	T4SS_virb4 AND NOT(T/F/I) AND >=2 FA/FATA	71	6	1	5	FATA	high	FA_orf14	FATA_cd411;FATA_cd419_1;FATA_cd419a;FATA_cd419b;FATA_prgF	1:1210..3609:+	none	68:61014..62822:+	68:61014..62822:+	none	none	none	none	11:15511..16839:-	none	none	none	none	none	341.2	MOBP1		no_slot_defined
NZ_LR135403.1	MPF_FA	T4SS_virb4 AND NOT(T/F/I) AND >=2 FA/FATA	71	8	1	7	FATA	high	FA_orf14	FATA_cd411;FATA_cd419_1;FATA_cd419a;FATA_cd419b;FATA_prgF;FATA_prgHa;FATA_prgHb	24:19897..22296:+	none	20:15903..17711:+	20:15903..17711:+	none	none	none	none	34:34198..35526:-	none	none	none	none	none	341.2	MOBP1		no_slot_defined
NZ_LR135410.1	MPF_FA	T4SS_virb4 AND NOT(T/F/I) AND >=2 FA/FATA	71	6	1	5	FATA	high	FA_orf14	FATA_cd411;FATA_cd419_1;FATA_cd419a;FATA_cd419b;FATA_prgF	1:1210..3609:+	none	68:61014..62822:+	68:61014..62822:+	none	none	none	none	11:15511..16839:-	none	none	none	none	none	341.2	MOBP1		no_slot_defined
NZ_LR135420.1	MPF_FA	T4SS_virb4 AND NOT(T/F/I) AND >=2 FA/FATA	257	2	1	1	unassigned	minimal	FA_orf14	FATA_cd419a	94:88596..90221:+	none	89:81579..84437:+	89:81579..84437:+	none	none	none	none	30:30633..32168:+	104:97485..99077:+	none	none	none	none	247.6	MOBP1;MOBP2		no_slot_defined
NZ_LR135484.1	MPF_FA	T4SS_virb4 AND NOT(T/F/I) AND >=2 FA/FATA	67	6	5	1	FA	high	FA_orf13;FA_orf14;FA_orf15;FA_orf17a;FA_orf23	FATA_cd419a	26:23998..26445:-	31:31929..33314:-	none	none	none	none	none	none	2:2391..2777:-	none	none	none	30:30546..31751:-	20:14199..15461:-	93.8	MOBP1;MOBT;MOBV		no_slot_defined
NZ_LT559118.1	MPF_FA	T4SS_virb4 AND NOT(T/F/I) AND >=2 FA/FATA	10939	4	1	3	FATA	medium	FA_orf17a	FATA_cd419a;FATA_prgB;FATA_prgC	10374:11240126..11242603:-	1867:1860424..1864407:-	10374:11240126..11242603:-	1409:1410975..1413998:-	none	5218:5576229..5576690:-	4771:5072109..5074280:-	none	5453:5837218..5837547:-	none	none	none	none	none	168.1	MOBC;MOBF;MOBP1		no_slot_defined
NZ_LT604075.1	MPF_FA	T4SS_virb4 AND NOT(T/F/I) AND >=2 FA/FATA	253	2	0	2	FATA	minimal		FATA_gbs1354;FATA_prgB	7:5153..7081:-	none	11:10988..13855:-	11:10988..13855:-	none	none	none	none	none	37:48007..50040:-	none	none	none	none	240.9	MOBP2		no_slot_defined
NZ_MF477836.1	MPF_FA	T4SS_virb4 AND NOT(T/F/I) AND >=2 FA/FATA	89	2	1	1	unassigned	minimal	FA_orf14	FATA_cd419a	21:22546..24519:+	none	15:14304..17228:+	15:14304..17228:+	none	none	none	none	27:28265..29680:+	27:28265..29680:+	none	none	none	none	277.3	MOBP1;MOBP2		no_slot_defined
NZ_MF547664.1	MPF_FA	T4SS_virb4 AND NOT(T/F/I) AND >=2 FA/FATA	82	2	0	2	FATA	minimal		FATA_cd419a;FATA_trsC	50:36113..38029:+	none	46:30815..32989:+	46:30815..32989:+	none	none	none	none	61:45747..46889:+	61:45747..46889:+	none	none	none	none	286.4	MOBP1;MOBP2		no_slot_defined
NZ_MF580438.1	MPF_FA	T4SS_virb4 AND NOT(T/F/I) AND >=2 FA/FATA	46	7	1	6	FATA	high	FA_orf14	FATA_prgC;FATA_trsC;FATA_trsD;FATA_trsF;FATA_trsG;FATA_trsL	23:23856..25817:-	none	18:18711..20366:-	18:18711..20366:-	none	none	none	none	27:27232..29196:-	none	none	27:27232..29196:-	none	none	261.5	MOBP1;MOBQ		no_slot_defined
NZ_MF996509.1	MPF_FA	T4SS_virb4 AND NOT(T/F/I) AND >=2 FA/FATA	74	5	4	1	FA	high	FA_orf13;FA_orf15;FA_orf17a;FA_orf17b	FATA_cd419a	39:29758..32382:-	none	none	45:35362..38100:-	none	none	none	none	none	none	none	none	none	none	74.6			no_slot_defined
NZ_MG205641.1	MPF_FA	T4SS_virb4 AND NOT(T/F/I) AND >=2 FA/FATA	102	2	0	2	FATA	minimal		FATA_cd419a;FATA_trsC	39:52138..54045:+	none	33:45824..48601:+	33:45824..48601:+	none	none	none	none	48:59148..60308:+	48:59148..60308:+	none	none	none	none	301.1	MOBP1;MOBP2		no_slot_defined
NZ_MG205642.1	MPF_FA	T4SS_virb4 AND NOT(T/F/I) AND >=2 FA/FATA	102	2	0	2	FATA	minimal		FATA_cd419a;FATA_trsC	39:52138..54045:+	none	33:45824..48601:+	33:45824..48601:+	none	none	none	none	48:59148..60308:+	48:59148..60308:+	none	none	none	none	301.1	MOBP1;MOBP2		no_slot_defined
NZ_MG205643.1	MPF_FA	T4SS_virb4 AND NOT(T/F/I) AND >=2 FA/FATA	85	2	0	2	FATA	minimal		FATA_cd419a;FATA_trsC	40:45090..46997:+	none	34:38777..41554:+	34:38777..41554:+	none	none	none	none	49:52137..53297:+	49:52137..53297:+	none	none	none	none	303.8	MOBP1;MOBP2		no_slot_defined
NZ_MG710485.1	MPF_FA	T4SS_virb4 AND NOT(T/F/I) AND >=2 FA/FATA	84	2	1	1	unassigned	minimal	FA_orf14	FATA_cd419a	44:36110..38044:+	none	37:29347..31317:+	37:29347..31317:+	none	none	none	none	none	53:44835..46379:+	none	none	none	none	343.5	MOBP2		no_slot_defined
NZ_MG765452.1	MPF_FA	T4SS_virb4 AND NOT(T/F/I) AND >=2 FA/FATA	55	8	0	8	FATA	high		FATA_cd419a;FATA_prgB;FATA_prgC;FATA_prgF;FATA_prgHb;FATA_prgIc;FATA_prgK;FATA_prgL	52:42999..45389:+	none	5:2536..4365:+	5:2536..4365:+	none	none	none	none	12:8422..10107:+	none	none	none	none	none	294.7	MOBP1		no_slot_defined
NZ_MH587576.1	MPF_FA	T4SS_virb4 AND NOT(T/F/I) AND >=2 FA/FATA	60	3	2	1	FA	medium	FA_orf15;FA_orf17a	FATA_trsG	6:8087..10675:+	none	none	none	none	2:5256..6116:+	none	none	none	none	none	none	none	none	120.2	MOBC		no_slot_defined
NZ_MH587577.1	MPF_FA	T4SS_virb4 AND NOT(T/F/I) AND >=2 FA/FATA	42	2	1	1	unassigned	minimal	FA_orf15	FATA_trsG	6:8176..10761:+	none	none	none	none	none	none	none	none	none	none	none	none	none	121.3			no_slot_defined
NZ_MH587578.1	MPF_FA	T4SS_virb4 AND NOT(T/F/I) AND >=2 FA/FATA	46	7	0	7	FATA	high		FATA_prgF;FATA_trsC;FATA_trsD;FATA_trsF;FATA_trsG;FATA_trsJ;FATA_trsL	12:10034..12046:+	none	18:17522..19162:+	18:17522..19162:+	none	none	none	none	none	none	none	40:38006..40003:-	none	3:2915..4177:-	317.4	MOBQ;MOBV		no_slot_defined
NZ_MH660279.1	MPF_FA	T4SS_virb4 AND NOT(T/F/I) AND >=2 FA/FATA	39	8	1	7	FATA	high	FA_orf13	FATA_prgF;FATA_trsC;FATA_trsD;FATA_trsF;FATA_trsG;FATA_trsJ;FATA_trsL	23:19605..21617:+	none	30:27092..28738:+	30:27092..28738:+	none	none	none	none	none	none	none	11:10613..12610:-	none	none	318.2	MOBQ		no_slot_defined
NZ_MH830362.1	MPF_FA	T4SS_virb4 AND NOT(T/F/I) AND >=2 FA/FATA	117	7	1	6	FATA	high	FA_orf14	FATA_prgC;FATA_trsC;FATA_trsD;FATA_trsF;FATA_trsG;FATA_trsL	58:45934..47895:-	none	53:40789..42444:-	107:84967..86622:-	none	none	none	none	62:49310..51274:-	none	none	62:49310..51274:-	none	none	263.0	MOBP1;MOBQ		no_slot_defined
NZ_MK024370.1	MPF_FA	T4SS_virb4 AND NOT(T/F/I) AND >=2 FA/FATA	39	7	0	7	FATA	high		FATA_prgF;FATA_trsC;FATA_trsD;FATA_trsF;FATA_trsG;FATA_trsJ;FATA_trsL	6:4000..6012:+	none	12:11496..13142:+	12:11496..13142:+	none	none	none	none	none	none	none	33:30518..32515:-	none	none	307.8	MOBQ		no_slot_defined
NZ_MK134858.1	MPF_FA	T4SS_virb4 AND NOT(T/F/I) AND >=2 FA/FATA	91	3	1	2	FATA	medium	FA_orf14	FATA_cd419a;FATA_trsG	20:17996..20011:-	none	24:23473..25938:-	24:23473..25938:-	none	none	none	none	14:13008..14348:-	14:13008..14348:-	none	none	none	none	222.5	MOBP1;MOBP2		no_slot_defined
NZ_MK140641.1	MPF_FA	T4SS_virb4 AND NOT(T/F/I) AND >=2 FA/FATA	129	6	3	3	unassigned	high	FA_orf13;FA_orf15;FA_orf17b	FATA_prgB;FATA_prgC;FATA_trsG	75:69665..72229:-	none	none	72:64705..66963:-	none	71:63397..64125:-	none	none	0:417..1313:-	none	none	none	none	0:417..1313:-	88.4	MOBC;MOBP1;MOBV		no_slot_defined
NZ_MK283981.1	MPF_FA	T4SS_virb4 AND NOT(T/F/I) AND >=2 FA/FATA	71	3	1	2	FATA	medium	FA_orf14	FATA_prgC;FATA_trsG	48:44464..47013:+	none	45:39492..42038:+	45:39492..42038:+	none	none	none	none	57:52858..55038:+	57:52858..55038:+	none	none	none	none	143.8	MOBP1;MOBP2		no_slot_defined
NZ_MK465702.1	MPF_FA	T4SS_virb4 AND NOT(T/F/I) AND >=2 FA/FATA	90	7	6	1	FA	high	FA_orf13;FA_orf14;FA_orf15;FA_orf17a;FA_orf19;FA_orf23	FATA_cd419a	76:57705..60152:+	71:53594..54979:+	none	none	none	none	none	none	65:47520..49205:-	none	none	none	72:55157..56362:+	84:70104..71366:+	93.8	MOBP1;MOBT;MOBV		no_slot_defined
NZ_MK465703.1	MPF_FA	T4SS_virb4 AND NOT(T/F/I) AND >=2 FA/FATA	113	8	6	2	FA	high	FA_orf13;FA_orf14;FA_orf15;FA_orf17a;FA_orf19;FA_orf23	FATA_cd419_1;FATA_cd419a	76:61968..64415:-	81:67141..68526:-	none	none	none	none	none	none	87:72915..74600:+	none	none	none	80:65758..66963:-	68:50754..52016:-	93.8	MOBP1;MOBT;MOBV		no_slot_defined
NZ_MK465704.1	MPF_FA	T4SS_virb4 AND NOT(T/F/I) AND >=2 FA/FATA	101	7	6	1	FA	high	FA_orf13;FA_orf14;FA_orf15;FA_orf17a;FA_orf19;FA_orf23	FATA_cd419a	35:32022..34469:-	40:37195..38580:-	none	none	none	none	none	none	46:42969..44666:+	none	none	none	39:35812..37017:-	29:22223..23485:-	93.9	MOBP1;MOBT;MOBV		no_slot_defined
NZ_MK784777.1	MPF_FA	T4SS_virb4 AND NOT(T/F/I) AND >=2 FA/FATA	102	7	6	1	FA	high	FA_orf13;FA_orf14;FA_orf15;FA_orf17a;FA_orf19;FA_orf23	FATA_cd419a	14:16378..18825:-	19:21551..22936:-	none	none	none	none	none	none	25:27325..29022:+	none	none	none	18:20168..21373:-	8:6579..7841:-	93.9	MOBP1;MOBT;MOBV		no_slot_defined
NZ_MK784778.1	MPF_FA	T4SS_virb4 AND NOT(T/F/I) AND >=2 FA/FATA	90	7	6	1	FA	high	FA_orf13;FA_orf14;FA_orf15;FA_orf17a;FA_orf19;FA_orf23	FATA_cd419a	13:11492..13939:+	8:7381..8766:+	none	none	none	none	none	none	2:1307..2992:-	none	none	none	9:8944..10149:+	21:23891..25153:+	93.8	MOBP1;MOBT;MOBV		no_slot_defined
NZ_MK798156.1	MPF_FA	T4SS_virb4 AND NOT(T/F/I) AND >=2 FA/FATA	84	2	1	1	unassigned	minimal	FA_orf14	FATA_cd419a	71:72604..74544:+	none	66:64974..67808:+	66:64974..67808:+	none	none	none	none	none	77:78354..79670:+	none	none	none	none	246.8	MOBP2		no_slot_defined
NZ_MK993385.1	MPF_FA	T4SS_virb4 AND NOT(T/F/I) AND >=2 FA/FATA	54	6	3	3	unassigned	high	FA_orf13;FA_orf15;FA_orf17b	FATA_prgB;FATA_prgC;FATA_trsG	32:27775..30339:+	none	none	35:33044..35302:+	none	36:35882..36610:+	none	none	none	none	none	none	none	none	90.1	MOBC		no_slot_defined
NZ_MN480762.1	MPF_FA	T4SS_virb4 AND NOT(T/F/I) AND >=2 FA/FATA	178	7	0	7	FATA	high		FATA_cd419a;FATA_gbs1346;FATA_gbs1347;FATA_gbs1369;FATA_prgB;FATA_prgC;FATA_prgL	139:140104..142065:-	none	none	41:30028..33066:-	none	none	none	none	none	none	none	none	none	none	117.0			no_slot_defined
NZ_MN480763.1	MPF_FA	T4SS_virb4 AND NOT(T/F/I) AND >=2 FA/FATA	150	3	0	3	FATA	medium		FATA_cd419a;FATA_prgB;FATA_prgC	14:14644..16605:+	none	none	103:105594..108632:+	none	none	none	none	none	none	none	none	none	none	124.0			no_slot_defined
NZ_MN831410.1	MPF_FA	T4SS_virb4 AND NOT(T/F/I) AND >=2 FA/FATA	36	8	1	7	FATA	high	FA_orf14	FATA_cd411;FATA_cd419a;FATA_gbs1347;FATA_prgF;FATA_prgHa;FATA_prgHb;FATA_prgIa	30:31310..33709:-	none	23:24285..26279:-	23:24285..26279:-	none	none	none	none	5:4938..6239:+	none	none	none	none	none	320.4	MOBP1		no_slot_defined
NZ_MN909556.1	MPF_FA	T4SS_virb4 AND NOT(T/F/I) AND >=2 FA/FATA	51	2	0	2	FATA	minimal		FATA_gbs1354;FATA_trsG	0:51..1304:+	none	46:35147..37972:+	46:35147..37972:+	none	32:26927..27355:-	none	none	5:4467..5642:+	5:4467..5642:+	none	none	none	none	146.3	MOBC;MOBP1;MOBP2		no_slot_defined
NZ_MT022086.1	MPF_FA	T4SS_virb4 AND NOT(T/F/I) AND >=2 FA/FATA	112	2	1	1	unassigned	minimal	FA_orf14	FATA_cd419a	77:66068..67516:+	none	71:59026..61719:+	71:59026..61719:+	none	none	none	none	88:73929..75464:+	88:73929..75464:+	none	none	none	none	224.9	MOBP1;MOBP2		no_slot_defined
NZ_MT075580.1	MPF_FA	T4SS_virb4 AND NOT(T/F/I) AND >=2 FA/FATA	181	2	0	2	FATA	minimal		FATA_cd419a;FATA_prgIc	113:98968..100977:+	none	none	64:51257..54250:+	none	63:49878..51113:+	none	none	none	none	none	none	none	none	322.8	MOBC		no_slot_defined
NZ_MT096435.1	MPF_FA	T4SS_virb4 AND NOT(T/F/I) AND >=2 FA/FATA	42	6	0	6	FATA	high		FATA_trsC;FATA_trsD;FATA_trsF;FATA_trsG;FATA_trsJ;FATA_trsL	24:20935..22947:+	none	30:28423..30069:+	30:28423..30069:+	none	none	none	none	none	none	none	11:11955..13952:-	none	none	320.4	MOBQ		no_slot_defined
NZ_MT223178.1	MPF_FA	T4SS_virb4 AND NOT(T/F/I) AND >=2 FA/FATA	36	9	1	8	FATA	high	FA_orf14	FATA_cd411;FATA_cd419a;FATA_gbs1347;FATA_prgF;FATA_prgHa;FATA_prgHb;FATA_prgIa;FATA_prgIc	19:15625..18024:+	none	26:23055..25049:+	26:23055..25049:+	none	none	none	none	8:6764..8065:-	none	none	none	none	none	318.1	MOBP1		no_slot_defined
NZ_MT261365.1	MPF_FA	T4SS_virb4 AND NOT(T/F/I) AND >=2 FA/FATA	60	9	0	9	FATA	high		FATA_cd411;FATA_cd419a;FATA_prgC;FATA_prgF;FATA_prgHa;FATA_prgHb;FATA_prgIa;FATA_prgIb;FATA_prgIc	33:33289..35739:+	28:29736..31610:+	28:29736..31610:+	28:29736..31610:+	none	none	none	none	45:44356..46650:+	none	none	none	none	none	355.7	MOBP1		no_slot_defined
NZ_MT683616.1	MPF_FA	T4SS_virb4 AND NOT(T/F/I) AND >=2 FA/FATA	27	6	5	1	FA	high	FA_orf14;FA_orf15;FA_orf17a;FA_orf19;FA_orf23	FATA_cd419a	18:16238..18685:-	23:21411..22796:-	none	none	none	none	none	none	none	none	none	none	22:20028..21233:-	none	93.8	MOBT		no_slot_defined
NZ_MW012677.1	MPF_FA	T4SS_virb4 AND NOT(T/F/I) AND >=2 FA/FATA	54	6	3	3	unassigned	high	FA_orf13;FA_orf15;FA_orf17b	FATA_prgB;FATA_prgC;FATA_trsG	32:27895..30459:+	none	none	35:33164..35422:+	none	36:36002..36730:+	none	none	none	none	none	none	none	none	90.3	MOBC		no_slot_defined
NZ_MW124301.1	MPF_FA	T4SS_virb4 AND NOT(T/F/I) AND >=2 FA/FATA	109	2	1	1	unassigned	minimal	FA_orf14	FATA_cd419a	78:72073..74604:-	none	81:76827..79049:-	81:76827..79049:-	none	none	none	none	72:67265..68467:-	72:67265..68467:-	none	none	none	none	201.4	MOBP1;MOBP2		no_slot_defined
NZ_MW124302.1	MPF_FA	T4SS_virb4 AND NOT(T/F/I) AND >=2 FA/FATA	65	2	1	1	unassigned	minimal	FA_orf14	FATA_cd419a	48:39350..41869:-	none	51:44062..46281:-	51:44062..46281:-	none	none	none	none	none	42:34538..35740:-	none	none	none	none	211.8	MOBP2		no_slot_defined
NZ_MW207670.1	MPF_FA	T4SS_virb4 AND NOT(T/F/I) AND >=2 FA/FATA	58	9	0	9	FATA	high		FATA_cd411;FATA_cd419a;FATA_prgC;FATA_prgF;FATA_prgHa;FATA_prgHb;FATA_prgIa;FATA_prgIb;FATA_prgIc	25:19261..21711:+	20:15706..17580:+	20:15706..17580:+	20:15706..17580:+	none	none	none	none	38:31648..33942:+	none	none	none	none	none	354.3	MOBP1		no_slot_defined
NZ_MW207673.1	MPF_FA	T4SS_virb4 AND NOT(T/F/I) AND >=2 FA/FATA	81	3	2	1	FA	medium	FA_orf13;FA_orf14	FATA_cd419a	30:30597..32528:+	none	36:37190..38791:+	36:37190..38791:+	none	35:36219..37010:+	none	none	none	none	none	none	none	none	207.7	MOBC		no_slot_defined
NZ_MW310588.1	MPF_FA	T4SS_virb4 AND NOT(T/F/I) AND >=2 FA/FATA	80	3	0	3	FATA	medium		FATA_cd411;FATA_prgHb;FATA_prgIc	65:61393..63768:-	none	69:65282..67051:-	69:65282..67051:-	none	none	none	none	54:50529..52061:-	none	none	none	none	35:33818..35029:-	308.7	MOBP1;MOBV		no_slot_defined
NZ_MW364930.1	MPF_FA	T4SS_virb4 AND NOT(T/F/I) AND >=2 FA/FATA	37	7	1	6	FATA	high	FA_orf14	FATA_cd419a;FATA_trsC;FATA_trsD;FATA_trsF;FATA_trsJ;FATA_trsL	18:20229..22223:-	none	13:15097..16770:-	13:15097..16770:-	none	none	none	none	none	none	none	24:24972..26975:-	none	none	319.3	MOBQ		no_slot_defined
NZ_MW934262.1	MPF_FA	T4SS_virb4 AND NOT(T/F/I) AND >=2 FA/FATA	110	2	0	2	FATA	minimal		FATA_cd419a;FATA_trsG	39:31604..33550:-	none	84:68906..71176:-	84:68906..71176:-	none	none	none	none	72:56925..58157:-	32:25443..26789:-	none	none	none	none	261.0	MOBP1;MOBP2		no_slot_defined
NZ_MZ043156.1	MPF_FA	T4SS_virb4 AND NOT(T/F/I) AND >=2 FA/FATA	98	2	0	2	FATA	minimal		FATA_cd419a;FATA_trsG	31:25721..27667:-	none	72:58215..60485:-	72:58215..60485:-	none	none	none	none	60:46234..47466:-	24:19560..20906:-	none	none	none	none	261.0	MOBP1;MOBP2		no_slot_defined
NZ_MZ043157.1	MPF_FA	T4SS_virb4 AND NOT(T/F/I) AND >=2 FA/FATA	63	2	0	2	FATA	minimal		FATA_cd419a;FATA_trsG	38:30224..32170:-	none	45:35730..38054:-	45:35730..38054:-	none	none	none	none	31:24063..25409:-	31:24063..25409:-	none	none	none	none	265.7	MOBP1;MOBP2		no_slot_defined
NZ_MZ065170.1	MPF_FA	T4SS_virb4 AND NOT(T/F/I) AND >=2 FA/FATA	64	3	1	2	FATA	medium	FA_orf14	FATA_cd419a;FATA_trsG	37:39073..41088:-	none	41:44550..47015:-	41:44550..47015:-	none	none	none	none	31:34085..35425:-	31:34085..35425:-	none	none	none	none	222.5	MOBP1;MOBP2		no_slot_defined
NZ_MZ089994.1	MPF_FA	T4SS_virb4 AND NOT(T/F/I) AND >=2 FA/FATA	62	3	1	2	FATA	medium	FA_orf14	FATA_cd419a;FATA_trsG	35:35672..37687:-	none	39:41149..43614:-	39:41149..43614:-	none	none	none	none	29:30684..32024:-	29:30684..32024:-	none	none	none	none	222.5	MOBP1;MOBP2		no_slot_defined
NZ_MZ090001.1	MPF_FA	T4SS_virb4 AND NOT(T/F/I) AND >=2 FA/FATA	60	3	1	2	FATA	medium	FA_orf14	FATA_cd419a;FATA_trsG	33:34386..36401:-	none	37:39863..42328:-	37:39863..42328:-	none	none	none	none	27:29398..30738:-	27:29398..30738:-	none	none	none	none	222.5	MOBP1;MOBP2		no_slot_defined
NZ_MZ090006.1	MPF_FA	T4SS_virb4 AND NOT(T/F/I) AND >=2 FA/FATA	63	2	0	2	FATA	minimal		FATA_cd419a;FATA_trsG	38:30224..32170:-	none	45:35730..38054:-	45:35730..38054:-	none	none	none	none	31:24063..25409:-	31:24063..25409:-	none	none	none	none	265.7	MOBP1;MOBP2		no_slot_defined
NZ_MZ127841.1	MPF_FA	T4SS_virb4 AND NOT(T/F/I) AND >=2 FA/FATA	69	3	1	2	FATA	medium	FA_orf14	FATA_cd419a;FATA_trsG	35:38960..40975:-	none	39:44437..46902:-	39:44437..46902:-	none	none	none	none	29:33972..35312:-	29:33972..35312:-	none	none	none	none	222.5	MOBP1;MOBP2		no_slot_defined
NZ_MZ127842.1	MPF_FA	T4SS_virb4 AND NOT(T/F/I) AND >=2 FA/FATA	70	3	1	2	FATA	medium	FA_orf14	FATA_cd419a;FATA_trsG	33:34397..36412:-	none	37:39874..42339:-	37:39874..42339:-	none	none	none	none	27:29412..30752:-	27:29412..30752:-	none	none	none	none	222.5	MOBP1;MOBP2		no_slot_defined
NZ_MZ127846.1	MPF_FA	T4SS_virb4 AND NOT(T/F/I) AND >=2 FA/FATA	110	2	0	2	FATA	minimal		FATA_cd419a;FATA_trsG	39:31605..33551:-	none	80:64000..66270:-	80:64000..66270:-	none	none	none	none	68:52019..53251:-	32:25444..26790:-	none	none	none	none	261.0	MOBP1;MOBP2		no_slot_defined
NZ_MZ127849.1	MPF_FA	T4SS_virb4 AND NOT(T/F/I) AND >=2 FA/FATA	65	3	1	2	FATA	medium	FA_orf14	FATA_cd419a;FATA_trsG	33:32832..34847:-	none	37:38309..40774:-	37:38309..40774:-	none	none	none	none	26:27846..29186:-	26:27846..29186:-	none	none	none	none	222.5	MOBP1;MOBP2		no_slot_defined
NZ_MZ147614.1	MPF_FA	T4SS_virb4 AND NOT(T/F/I) AND >=2 FA/FATA	81	3	1	2	FATA	medium	FA_orf14	FATA_cd419a;FATA_trsG	54:52795..54810:-	none	58:58272..60737:-	58:58272..60737:-	none	none	none	none	48:47807..49147:-	48:47807..49147:-	none	none	none	none	222.5	MOBP1;MOBP2		no_slot_defined
NZ_MZ147616.1	MPF_FA	T4SS_virb4 AND NOT(T/F/I) AND >=2 FA/FATA	68	2	0	2	FATA	minimal		FATA_cd419a;FATA_trsG	42:33123..35069:-	none	49:38629..40953:-	49:38629..40953:-	none	none	none	none	35:26962..28308:-	35:26962..28308:-	none	none	none	none	265.7	MOBP1;MOBP2		no_slot_defined
NZ_MZ147617.1	MPF_FA	T4SS_virb4 AND NOT(T/F/I) AND >=2 FA/FATA	65	2	1	1	unassigned	minimal	FA_orf14	FATA_cd419a	48:39349..41868:-	none	51:44061..46280:-	51:44061..46280:-	none	none	none	none	none	42:34537..35739:-	none	none	none	none	211.8	MOBP2		no_slot_defined
NZ_MZ147618.1	MPF_FA	T4SS_virb4 AND NOT(T/F/I) AND >=2 FA/FATA	50	4	1	3	FATA	medium	FA_orf14	FATA_cd419a;FATA_gbs1354;FATA_trsG	34:34021..36504:-	none	none	32:29581..31749:-	none	31:28074..28961:-	none	none	none	none	none	none	none	none	101.4	MOBC		no_slot_defined
NZ_MZ147619.1	MPF_FA	T4SS_virb4 AND NOT(T/F/I) AND >=2 FA/FATA	83	2	0	2	FATA	minimal		FATA_cd419a;FATA_trsG	65:51498..54086:-	none	68:56353..58938:-	68:56353..58938:-	none	none	none	none	57:44543..46333:-	57:44543..46333:-	none	none	none	none	238.0	MOBP1;MOBP2		no_slot_defined
NZ_MZ151535.1	MPF_FA	T4SS_virb4 AND NOT(T/F/I) AND >=2 FA/FATA	49	4	1	3	FATA	medium	FA_orf14	FATA_cd419a;FATA_gbs1354;FATA_trsG	33:33971..36454:-	none	none	31:29531..31699:-	none	30:28024..28911:-	none	none	none	none	none	none	none	none	101.4	MOBC		no_slot_defined
NZ_MZ151536.1	MPF_FA	T4SS_virb4 AND NOT(T/F/I) AND >=2 FA/FATA	97	2	1	1	unassigned	minimal	FA_orf14	FATA_cd419a	65:51640..54171:-	none	68:56394..58616:-	68:56394..58616:-	none	none	none	none	59:46832..48034:-	59:46832..48034:-	none	none	none	none	201.4	MOBP1;MOBP2		no_slot_defined
NZ_MZ151537.1	MPF_FA	T4SS_virb4 AND NOT(T/F/I) AND >=2 FA/FATA	46	4	1	3	FATA	medium	FA_orf14	FATA_cd419a;FATA_gbs1354;FATA_trsG	30:30176..32659:-	none	none	28:25736..27904:-	none	27:24229..25116:-	none	none	none	none	none	none	none	none	101.4	MOBC		no_slot_defined
NZ_MZ230002.1	MPF_FA	T4SS_virb4 AND NOT(T/F/I) AND >=2 FA/FATA	56	2	0	2	FATA	minimal		FATA_cd419a;FATA_trsG	34:29763..31709:-	none	41:35249..37573:-	41:35249..37573:-	none	none	none	none	28:25444..26388:-	28:25444..26388:-	none	none	none	none	261.9	MOBP1;MOBP2		no_slot_defined
NZ_MZ291453.1	MPF_FA	T4SS_virb4 AND NOT(T/F/I) AND >=2 FA/FATA	41	5	2	3	unassigned	high	FA_orf13;FA_orf14	FATA_cd419a;FATA_trsF;FATA_trsL	0:94..684:+	none	6:4738..6264:+	6:4738..6264:+	none	none	none	none	none	none	none	none	none	27:24360..24656:+	88.6	MOBV		no_slot_defined
NZ_MZ603802.1	MPF_FA	T4SS_virb4 AND NOT(T/F/I) AND >=2 FA/FATA	37	7	1	6	FATA	high	FA_orf14	FATA_prgC;FATA_trsC;FATA_trsD;FATA_trsF;FATA_trsG;FATA_trsL	10:9336..11297:-	none	5:4191..5846:-	5:4191..5846:-	none	none	none	none	14:12712..14676:-	none	none	14:12712..14676:-	none	none	262.4	MOBP1;MOBQ		no_slot_defined
NZ_OK210095.1	MPF_FA	T4SS_virb4 AND NOT(T/F/I) AND >=2 FA/FATA	81	2	1	1	unassigned	minimal	FA_orf14	FATA_cd419a	28:25733..27631:+	none	24:19849..22209:+	24:19849..22209:+	none	none	none	none	34:31303..32535:+	34:31303..32535:+	none	none	none	none	246.4	MOBP1;MOBP2		no_slot_defined
NZ_OL790696.1	MPF_FA	T4SS_virb4 AND NOT(T/F/I) AND >=2 FA/FATA	4416	2	0	2	FATA	minimal		FATA_cd419a;FATA_gbs1354	3849:4153617..4158671:-	2831:3022564..3026631:-	none	3856:4167862..4169364:+	none	4241:4593793..4594578:-	908:956093..957919:+	none	none	none	none	none	none	none	80.4	MOBC;MOBF		no_slot_defined
NZ_OM574792.1	MPF_FA	T4SS_virb4 AND NOT(T/F/I) AND >=2 FA/FATA	55	6	3	3	unassigned	high	FA_orf13;FA_orf15;FA_orf17b	FATA_prgB;FATA_prgC;FATA_trsG	24:22608..25172:+	none	none	27:27877..30135:+	none	28:30715..31443:+	none	none	none	none	none	none	none	none	90.3	MOBC		no_slot_defined
NZ_OM574793.1	MPF_FA	T4SS_virb4 AND NOT(T/F/I) AND >=2 FA/FATA	94	7	6	1	FA	high	FA_orf13;FA_orf14;FA_orf15;FA_orf17a;FA_orf19;FA_orf23	FATA_cd419a	80:58457..60904:+	75:54346..55731:+	none	none	none	none	none	none	69:48272..49957:-	none	none	none	76:55909..57114:+	88:70856..72118:+	93.8	MOBP1;MOBT;MOBV		no_slot_defined
NZ_ON321837.1	MPF_FA	T4SS_virb4 AND NOT(T/F/I) AND >=2 FA/FATA	31	7	1	6	FATA	high	FA_orf14	FATA_prgC;FATA_trsC;FATA_trsD;FATA_trsF;FATA_trsG;FATA_trsL	22:19517..21478:-	none	17:14372..16027:-	17:14372..16027:-	none	none	none	none	26:22893..24857:-	none	none	26:22893..24857:-	none	none	261.7	MOBP1;MOBQ		no_slot_defined
NZ_ON470181.1	MPF_FA	T4SS_virb4 AND NOT(T/F/I) AND >=2 FA/FATA	54	4	3	1	FA	medium	FA_orf13;FA_orf15;FA_orf17a	FATA_cd419a	43:39564..42152:+	43:39564..42152:+	none	37:33482..36664:+	none	38:36664..37500:+	none	none	8:11144..12082:-	none	none	none	none	none	92.1	MOBC;MOBP1		no_slot_defined
NZ_ON470182.1	MPF_FA	T4SS_virb4 AND NOT(T/F/I) AND >=2 FA/FATA	65	4	3	1	FA	medium	FA_orf13;FA_orf15;FA_orf17a	FATA_cd419a	41:32005..34593:+	41:32005..34593:+	none	35:25914..29087:+	none	36:29108..29941:+	none	none	4:3567..4505:-	none	none	none	none	none	92.1	MOBC;MOBP1		no_slot_defined
NZ_ON470183.1	MPF_FA	T4SS_virb4 AND NOT(T/F/I) AND >=2 FA/FATA	64	4	3	1	FA	medium	FA_orf13;FA_orf15;FA_orf17a	FATA_cd419a	38:32119..34707:+	38:32119..34707:+	none	32:26019..29201:+	none	33:29201..30055:+	none	none	3:3681..4619:-	none	none	none	none	none	92.1	MOBC;MOBP1		no_slot_defined
NZ_ON470184.1	MPF_FA	T4SS_virb4 AND NOT(T/F/I) AND >=2 FA/FATA	71	4	3	1	FA	medium	FA_orf13;FA_orf15;FA_orf17a	FATA_cd419a	63:66607..69195:+	63:66607..69195:+	none	57:60780..63689:+	none	58:63689..64543:+	none	none	28:38443..39381:-	none	none	none	none	none	92.1	MOBC;MOBP1		no_slot_defined
NZ_ON470186.1	MPF_FA	T4SS_virb4 AND NOT(T/F/I) AND >=2 FA/FATA	365	2	1	1	unassigned	minimal	FA_orf14	FATA_cd419a	327:367246..369345:+	none	284:323791..325002:-	275:311720..313420:-	none	none	none	none	none	none	none	none	none	none	325.3			no_slot_defined
NZ_ON470188.1	MPF_FA	T4SS_virb4 AND NOT(T/F/I) AND >=2 FA/FATA	196	7	6	1	FA	high	FA_orf13;FA_orf14;FA_orf15;FA_orf17a;FA_orf17b;FA_orf19	FATA_cd419a	90:114647..116182:-	none	104:133571..136645:-	104:133571..136645:-	none	none	none	none	none	none	none	none	none	none	78.7			no_slot_defined
NZ_ON470192.1	MPF_FA	T4SS_virb4 AND NOT(T/F/I) AND >=2 FA/FATA	59	4	3	1	FA	medium	FA_orf13;FA_orf15;FA_orf17a	FATA_cd419a	15:24344..26932:-	15:24344..26932:-	none	21:29850..33032:-	none	20:28996..29850:-	none	none	50:54432..55370:+	none	none	none	none	none	92.1	MOBC;MOBP1		no_slot_defined
NZ_ON953151.1	MPF_FA	T4SS_virb4 AND NOT(T/F/I) AND >=2 FA/FATA	42	7	0	7	FATA	high		FATA_prgF;FATA_trsC;FATA_trsD;FATA_trsF;FATA_trsG;FATA_trsJ;FATA_trsL	6:3904..5916:+	none	12:11392..13038:+	12:11392..13038:+	none	none	none	none	none	none	none	36:35092..37089:-	none	none	318.8	MOBQ		no_slot_defined
NZ_OP046172.1	MPF_FA	T4SS_virb4 AND NOT(T/F/I) AND >=2 FA/FATA	72	7	6	1	FA	high	FA_orf13;FA_orf14;FA_orf15;FA_orf17a;FA_orf19;FA_orf23	FATA_cd419a	12:14056..16503:-	17:19229..20614:-	none	none	none	none	none	none	24:25003..26700:+	none	none	none	16:17846..19051:-	6:4257..5519:-	93.8	MOBP1;MOBT;MOBV		no_slot_defined
NZ_OP046173.1	MPF_FA	T4SS_virb4 AND NOT(T/F/I) AND >=2 FA/FATA	98	7	6	1	FA	high	FA_orf13;FA_orf14;FA_orf15;FA_orf17a;FA_orf19;FA_orf23	FATA_cd419a	12:14056..16503:-	17:19229..20614:-	none	none	none	none	none	none	23:25003..26700:+	none	none	none	16:17846..19051:-	6:4257..5519:-	93.8	MOBP1;MOBT;MOBV		no_slot_defined
NZ_OP046177.1	MPF_FA	T4SS_virb4 AND NOT(T/F/I) AND >=2 FA/FATA	88	7	6	1	FA	high	FA_orf13;FA_orf14;FA_orf15;FA_orf17a;FA_orf19;FA_orf23	FATA_cd419a	12:14056..16503:-	17:19229..20614:-	none	none	none	none	none	none	23:25003..26700:+	none	none	none	16:17846..19051:-	6:4257..5519:-	93.8	MOBP1;MOBT;MOBV		no_slot_defined
NZ_OP046178.1	MPF_FA	T4SS_virb4 AND NOT(T/F/I) AND >=2 FA/FATA	95	7	6	1	FA	high	FA_orf13;FA_orf14;FA_orf15;FA_orf17a;FA_orf19;FA_orf23	FATA_cd419a	12:14056..16503:-	17:19229..20614:-	none	none	none	none	none	none	23:25003..26700:+	none	none	none	16:17846..19051:-	6:4257..5519:-	93.8	MOBP1;MOBT;MOBV		no_slot_defined
NZ_OP752358.1	MPF_FA	T4SS_virb4 AND NOT(T/F/I) AND >=2 FA/FATA	62	3	1	2	FATA	medium	FA_orf14	FATA_cd419a;FATA_trsG	35:35734..37749:-	none	39:41211..43676:-	39:41211..43676:-	none	none	none	none	29:30746..32086:-	29:30746..32086:-	none	none	none	none	222.5	MOBP1;MOBP2		no_slot_defined
NZ_OP752359.1	MPF_FA	T4SS_virb4 AND NOT(T/F/I) AND >=2 FA/FATA	62	3	1	2	FATA	medium	FA_orf14	FATA_cd419a;FATA_trsG	35:35679..37694:-	none	39:41156..43621:-	39:41156..43621:-	none	none	none	none	29:30691..32031:-	29:30691..32031:-	none	none	none	none	222.5	MOBP1;MOBP2		no_slot_defined
NZ_OP752360.1	MPF_FA	T4SS_virb4 AND NOT(T/F/I) AND >=2 FA/FATA	62	3	1	2	FATA	medium	FA_orf14	FATA_cd419a;FATA_trsG	35:35672..37687:-	none	39:41149..43614:-	39:41149..43614:-	none	none	none	none	29:30684..32024:-	29:30684..32024:-	none	none	none	none	222.5	MOBP1;MOBP2		no_slot_defined
NZ_OP921773.1	MPF_FA	T4SS_virb4 AND NOT(T/F/I) AND >=2 FA/FATA	86	3	1	2	FATA	medium	FA_orf14	FATA_cd419a;FATA_trsG	55:57344..59359:-	none	59:62821..65286:-	59:62821..65286:-	none	none	none	none	49:52382..53722:-	49:52382..53722:-	none	none	none	none	222.5	MOBP1;MOBP2		no_slot_defined
NZ_OP921774.1	MPF_FA	T4SS_virb4 AND NOT(T/F/I) AND >=2 FA/FATA	86	3	1	2	FATA	medium	FA_orf14	FATA_cd419a;FATA_trsG	55:57344..59359:-	none	59:62821..65286:-	59:62821..65286:-	none	none	none	none	49:52382..53722:-	49:52382..53722:-	none	none	none	none	222.5	MOBP1;MOBP2		no_slot_defined
NZ_OP947907.1	MPF_FA	T4SS_virb4 AND NOT(T/F/I) AND >=2 FA/FATA	203	2	0	2	FATA	minimal		FATA_cd419a;FATA_gbs1354	21:20380..22404:+	none	15:13624..16236:+	15:13624..16236:+	none	none	none	none	28:26590..28185:+	28:26590..28185:+	none	none	none	none	257.3	MOBP1;MOBP2		no_slot_defined
NZ_OQ053204.1	MPF_FA	T4SS_virb4 AND NOT(T/F/I) AND >=2 FA/FATA	30	4	0	4	FATA	medium		FATA_cd411;FATA_prgF;FATA_prgHa;FATA_prgHb	20:18755..21316:+	none	16:15288..16988:+	16:15288..16988:+	none	none	none	none	14:12979..14685:+	none	none	none	none	none	339.7	MOBP1		no_slot_defined
NZ_OQ181208.1	MPF_FA	T4SS_virb4 AND NOT(T/F/I) AND >=2 FA/FATA	97	7	6	1	FA	high	FA_orf13;FA_orf14;FA_orf15;FA_orf17a;FA_orf19;FA_orf23	FATA_cd419a	11:14056..16503:-	16:19229..20614:-	none	none	none	none	none	none	21:25003..26700:+	none	none	none	15:17846..19051:-	5:4257..5519:-	93.9	MOBP1;MOBT;MOBV		no_slot_defined
NZ_OQ181209.1	MPF_FA	T4SS_virb4 AND NOT(T/F/I) AND >=2 FA/FATA	37	8	1	7	FATA	high	FA_orf14	FATA_cd411;FATA_cd419a;FATA_gbs1347;FATA_prgF;FATA_prgHa;FATA_prgHb;FATA_prgIa	6:4010..6409:+	none	13:11440..13434:+	13:11440..13434:+	none	none	none	none	32:31480..32781:-	none	none	none	none	none	320.4	MOBP1		no_slot_defined
NZ_OQ298926.1	MPF_FA	T4SS_virb4 AND NOT(T/F/I) AND >=2 FA/FATA	39	7	1	6	FATA	high	FA_orf14	FATA_prgC;FATA_trsC;FATA_trsD;FATA_trsF;FATA_trsG;FATA_trsL	25:22283..24244:+	none	30:27734..29389:+	30:27734..29389:+	none	none	none	none	21:18904..20868:+	none	none	21:18904..20868:+	none	none	262.1	MOBP1;MOBQ		no_slot_defined
NZ_OQ298927.1	MPF_FA	T4SS_virb4 AND NOT(T/F/I) AND >=2 FA/FATA	45	7	1	6	FATA	high	FA_orf14	FATA_prgC;FATA_trsC;FATA_trsD;FATA_trsF;FATA_trsG;FATA_trsL	14:13902..15863:-	none	9:8757..10412:-	9:8757..10412:-	none	none	none	none	18:17278..19242:-	none	none	18:17278..19242:-	none	none	262.1	MOBP1;MOBQ		no_slot_defined
NZ_OQ434560.1	MPF_FA	T4SS_virb4 AND NOT(T/F/I) AND >=2 FA/FATA	89	8	0	8	FATA	high		FATA_cd419a;FATA_prgB;FATA_prgC;FATA_prgF;FATA_prgHb;FATA_prgIc;FATA_prgK;FATA_prgL	8:4344..6734:+	none	17:12936..14765:+	17:12936..14765:+	none	none	none	none	48:44334..46616:+	none	none	none	none	none	289.7	MOBP1		no_slot_defined
NZ_OR209137.1	MPF_FA	T4SS_virb4 AND NOT(T/F/I) AND >=2 FA/FATA	73	8	1	7	FATA	high	FA_orf14	FATA_cd419_1;FATA_prgC;FATA_trsC;FATA_trsD;FATA_trsF;FATA_trsG;FATA_trsL	39:37593..39554:-	none	34:32448..34103:-	34:32448..34103:-	none	none	none	none	43:40969..42933:-	none	none	43:40969..42933:-	none	60:55429..56517:+	261.2	MOBP1;MOBQ;MOBV		no_slot_defined
NZ_OR824990.1	MPF_FA	T4SS_virb4 AND NOT(T/F/I) AND >=2 FA/FATA	69	8	0	8	FATA	high		FATA_cd419a;FATA_prgB;FATA_prgC;FATA_prgF;FATA_prgHb;FATA_prgIc;FATA_prgK;FATA_prgL	35:36051..38441:+	none	41:43186..45015:+	41:43186..45015:+	none	none	none	none	45:48132..49817:+	none	none	none	none	none	292.1	MOBP1		no_slot_defined
NZ_OX419552.1	MPF_FA	T4SS_virb4 AND NOT(T/F/I) AND >=2 FA/FATA	87	2	1	1	unassigned	minimal	FA_orf14	FATA_cd419a	21:14424..16319:-	none	25:20091..22484:-	25:20091..22484:-	none	none	none	none	15:9437..10669:-	15:9437..10669:-	none	none	none	none	237.7	MOBP1;MOBP2		no_slot_defined
NZ_OX419568.1	MPF_FA	T4SS_virb4 AND NOT(T/F/I) AND >=2 FA/FATA	66	3	2	1	FA	medium	FA_orf17a;FA_orf17b	FATA_cd419a	12:13179..15743:+	none	none	4:6111..8852:+	none	none	none	none	none	none	none	none	none	none	127.2			no_slot_defined
NZ_OX419581.1	MPF_FA	T4SS_virb4 AND NOT(T/F/I) AND >=2 FA/FATA	65	3	2	1	FA	medium	FA_orf17a;FA_orf17b	FATA_cd419a	53:46393..48957:+	none	none	45:39120..41849:+	none	none	none	none	none	none	none	none	none	none	129.3			no_slot_defined
NZ_OY725736.1	MPF_FA	T4SS_virb4 AND NOT(T/F/I) AND >=2 FA/FATA	443	8	0	8	FATA	high		FATA_cd411;FATA_cd419a;FATA_prgF;FATA_prgHa;FATA_prgHb;FATA_prgIa;FATA_prgIb;FATA_prgIc	190:227890..230328:-	none	145:182474..183478:+	366:443604..445400:+	none	none	410:481458..483650:-	none	362:440366..441736:+	none	none	152:188817..190148:+	none	none	327.0	MOBF;MOBP1;MOBQ		no_slot_defined
NZ_OY725768.1	MPF_FA	T4SS_virb4 AND NOT(T/F/I) AND >=2 FA/FATA	311	3	0	3	FATA	medium		FATA_cd419a;FATA_prgC;FATA_prgF	279:358169..360880:+	none	297:374015..376201:+	297:374015..376201:+	none	none	219:283254..284669:-	none	none	none	none	none	none	none	342.9	MOBF		no_slot_defined
NZ_OY970401.1	MPF_FA	T4SS_virb4 AND NOT(T/F/I) AND >=2 FA/FATA	245	7	1	6	FATA	high	FA_orf14	FATA_cd419a;FATA_trsC;FATA_trsD;FATA_trsF;FATA_trsJ;FATA_trsL	11:10799..12772:-	none	6:5682..7256:-	6:5682..7256:-	none	150:154317..155069:+	none	none	none	none	none	29:29317..31329:+	none	none	335.2	MOBC;MOBQ		no_slot_defined
NZ_PP003004.1	MPF_FA	T4SS_virb4 AND NOT(T/F/I) AND >=2 FA/FATA	132	9	6	3	FA	high	FA_orf13;FA_orf14;FA_orf15;FA_orf17a;FA_orf19;FA_orf23	FATA_cd419_1;FATA_cd419a;FATA_gbs1354	26:26464..28911:-	31:31637..33022:-	none	none	none	none	none	none	37:37411..39096:+	none	none	none	30:30254..31459:-	6:4257..5519:-	93.8	MOBP1;MOBT;MOBV		no_slot_defined
NZ_PP277073.1	MPF_FA	T4SS_virb4 AND NOT(T/F/I) AND >=2 FA/FATA	271	3	1	2	FATA	medium	FA_orf14	FATA_cd419a;FATA_prgC	24:27725..29662:-	144:159453..160619:+	29:33882..36464:-	29:33882..36464:-	none	none	none	none	19:23366..24556:-	19:23366..24556:-	none	none	none	none	333.2	MOBP1;MOBP2		no_slot_defined
NZ_PP277075.1	MPF_FA	T4SS_virb4 AND NOT(T/F/I) AND >=2 FA/FATA	298	2	0	2	FATA	minimal		FATA_cd419a;FATA_prgC	161:163315..165252:-	295:308663..309829:+	166:169375..171945:-	166:169375..171945:-	none	none	none	none	153:156188..157381:-	153:156188..157381:-	none	none	none	none	322.5	MOBP1;MOBP2		no_slot_defined
NZ_PP589679.1	MPF_FA	T4SS_virb4 AND NOT(T/F/I) AND >=2 FA/FATA	57	6	0	6	FATA	high		FATA_trsC;FATA_trsD;FATA_trsF;FATA_trsG;FATA_trsJ;FATA_trsL	10:6618..8582:+	none	19:14224..15987:+	19:14224..15987:+	none	none	none	none	none	none	none	4:1888..3990:+	none	none	313.1	MOBQ		no_slot_defined
NZ_PP589684.1	MPF_FA	T4SS_virb4 AND NOT(T/F/I) AND >=2 FA/FATA	86	7	0	7	FATA	high		FATA_prgF;FATA_prgHa;FATA_prgHb;FATA_prgIa;FATA_prgIb;FATA_prgIc;FATA_trsG	11:9899..12286:-	none	16:14166..16001:-	16:14166..16001:-	none	none	none	none	2:1926..3443:-	none	none	none	none	none	314.1	MOBP1		no_slot_defined
NZ_PP589698.1	MPF_FA	T4SS_virb4 AND NOT(T/F/I) AND >=2 FA/FATA	38	7	0	7	FATA	high		FATA_prgF;FATA_prgHa;FATA_prgHb;FATA_prgIa;FATA_prgIb;FATA_prgIc;FATA_trsG	11:10219..12606:-	none	16:14486..16321:-	16:14486..16321:-	none	none	none	none	2:2292..3809:-	none	none	none	none	none	312.8	MOBP1		no_slot_defined
NZ_PP589700.1	MPF_FA	T4SS_virb4 AND NOT(T/F/I) AND >=2 FA/FATA	72	6	0	6	FATA	high		FATA_prgF;FATA_prgHa;FATA_prgHb;FATA_prgIb;FATA_prgIc;FATA_trsG	10:9574..11961:-	none	15:13709..15544:-	15:13709..15544:-	none	none	none	none	1:1625..3142:-	none	none	none	none	none	314.5	MOBP1		no_slot_defined
NZ_PP589749.1	MPF_FA	T4SS_virb4 AND NOT(T/F/I) AND >=2 FA/FATA	66	7	0	7	FATA	high		FATA_prgF;FATA_prgHa;FATA_prgHb;FATA_prgIa;FATA_prgIb;FATA_prgIc;FATA_trsG	11:9896..12283:-	none	16:14163..15998:-	16:14163..15998:-	none	none	none	none	2:1970..3487:-	none	none	none	none	none	313.4	MOBP1		no_slot_defined
NZ_PP589762.1	MPF_FA	T4SS_virb4 AND NOT(T/F/I) AND >=2 FA/FATA	65	6	0	6	FATA	high		FATA_prgF;FATA_prgHa;FATA_prgHb;FATA_prgIb;FATA_prgIc;FATA_trsG	11:9765..12152:-	none	16:14032..15867:-	16:14032..15867:-	none	none	none	none	2:1838..3355:-	none	none	none	none	none	314.1	MOBP1		no_slot_defined
NZ_PP589775.1	MPF_FA	T4SS_virb4 AND NOT(T/F/I) AND >=2 FA/FATA	66	7	0	7	FATA	high		FATA_prgF;FATA_prgHa;FATA_prgHb;FATA_prgIa;FATA_prgIb;FATA_prgIc;FATA_trsG	11:9896..12283:-	none	16:14163..15998:-	16:14163..15998:-	none	none	none	none	2:1970..3487:-	none	none	none	none	none	313.4	MOBP1		no_slot_defined
NZ_PP589790.1	MPF_FA	T4SS_virb4 AND NOT(T/F/I) AND >=2 FA/FATA	65	6	0	6	FATA	high		FATA_prgF;FATA_prgHa;FATA_prgHb;FATA_prgIb;FATA_prgIc;FATA_trsG	11:9765..12152:-	none	16:14032..15867:-	16:14032..15867:-	none	none	none	none	2:1838..3355:-	none	none	none	none	none	314.1	MOBP1		no_slot_defined
NZ_PP589828.1	MPF_FA	T4SS_virb4 AND NOT(T/F/I) AND >=2 FA/FATA	23	5	0	5	FATA	high		FATA_prgC;FATA_prgF;FATA_prgHb;FATA_prgIa;FATA_prgIc	12:8913..11129:+	none	8:5551..7377:+	8:5551..7377:+	none	none	none	none	22:17731..19242:+	none	none	none	none	none	298.6	MOBP1		no_slot_defined
NZ_PP589848.1	MPF_FA	T4SS_virb4 AND NOT(T/F/I) AND >=2 FA/FATA	46	6	0	6	FATA	high		FATA_prgF;FATA_prgHa;FATA_prgHb;FATA_prgIb;FATA_prgIc;FATA_trsG	13:11166..13553:-	none	18:15433..17268:-	18:15433..17268:-	none	none	none	none	4:3246..4763:-	none	none	none	none	none	315.7	MOBP1		no_slot_defined
NZ_PP589897.1	MPF_FA	T4SS_virb4 AND NOT(T/F/I) AND >=2 FA/FATA	40	3	0	3	FATA	medium		FATA_prgF;FATA_prgHb;FATA_trsG	30:33034..35415:+	none	21:24768..25949:+	26:30503..31222:+	none	none	none	none	39:41565..43076:+	none	none	none	none	none	311.8	MOBP1		no_slot_defined
NZ_PP589908.1	MPF_FA	T4SS_virb4 AND NOT(T/F/I) AND >=2 FA/FATA	72	6	0	6	FATA	high		FATA_prgF;FATA_prgHa;FATA_prgHb;FATA_prgIb;FATA_prgIc;FATA_trsG	10:9574..11961:-	none	15:13709..15544:-	15:13709..15544:-	none	none	none	none	1:1625..3142:-	none	none	none	none	none	314.5	MOBP1		no_slot_defined
OK210094.1	MPF_FA	T4SS_virb4 AND NOT(T/F/I) AND >=2 FA/FATA	88	2	1	1	unassigned	minimal	FA_orf14	FATA_cd419a	30:23639..25534:+	none	26:17465..19858:+	26:17465..19858:+	none	none	none	none	36:29286..30518:+	36:29286..30518:+	none	none	none	none	238.1	MOBP1;MOBP2		no_slot_defined
OX344835.1	MPF_FA	T4SS_virb4 AND NOT(T/F/I) AND >=2 FA/FATA	47	4	3	1	FA	medium	FA_orf17a;FA_orf17b;FA_orf19	FATA_trsG	28:21435..24116:-	none	none	33:26999..30112:-	none	none	none	none	none	none	none	none	none	none	70.5			no_slot_defined
OY725840.1	MPF_FA	T4SS_virb4 AND NOT(T/F/I) AND >=2 FA/FATA	92	8	1	7	FATA	high	FA_orf14	FATA_cd419_1;FATA_cd419a;FATA_prgF;FATA_prgHa;FATA_prgHb;FATA_prgIa;FATA_prgIb	21:15433..17790:+	76:75356..78019:+	none	0:165..1007:+	none	none	none	none	31:23458..24804:+	none	none	11:6238..7818:+	none	none	318.5	MOBP1;MOBQ		no_slot_defined
OY725857.1	MPF_FA	T4SS_virb4 AND NOT(T/F/I) AND >=2 FA/FATA	303	6	0	6	FATA	high		FATA_prgC;FATA_prgF;FATA_prgHa;FATA_prgHb;FATA_prgIa;FATA_prgIb	85:88485..90842:+	none	80:84776..86596:+	80:84776..86596:+	none	none	none	none	76:81391..82827:+	none	none	none	none	none	270.7	MOBP1		no_slot_defined
OY725868.1	MPF_FA	T4SS_virb4 AND NOT(T/F/I) AND >=2 FA/FATA	282	6	0	6	FATA	high		FATA_cd411;FATA_cd419a;FATA_prgHa;FATA_prgHb;FATA_prgIa;FATA_prgIb	16:17094..19412:-	none	25:26737..28563:-	25:26737..28563:-	none	190:200534..200869:-	none	none	28:30007..31407:-	none	none	none	none	none	274.1	MOBC;MOBP1		no_slot_defined
OY725877.1	MPF_FA	T4SS_virb4 AND NOT(T/F/I) AND >=2 FA/FATA	248	6	0	6	FATA	high		FATA_cd419a;FATA_cd419b;FATA_prgF;FATA_prgHa;FATA_prgIa;FATA_prgIb	241:258573..260969:-	none	none	247:266038..266790:-	none	41:38918..39244:-	none	none	220:236474..237808:+	none	none	114:118091..118447:-	none	32:29855..30799:+	330.7	MOBC;MOBP1;MOBQ;MOBV		no_slot_defined
OY725878.1	MPF_FA	T4SS_virb4 AND NOT(T/F/I) AND >=2 FA/FATA	245	6	0	6	FATA	high		FATA_cd411;FATA_cd419a;FATA_prgF;FATA_prgHa;FATA_prgHb;FATA_prgIb	123:122774..125830:-	none	169:171367..173193:+	169:171367..173193:+	none	none	18:22140..24413:+	none	165:168129..169550:+	none	none	152:157439..159025:+	none	none	298.5	MOBF;MOBP1;MOBQ		no_slot_defined
OY726015.1	MPF_FA	T4SS_virb4 AND NOT(T/F/I) AND >=2 FA/FATA	52	2	0	2	FATA	minimal		FATA_cd419a;FATA_trsC	3:1028..3868:+	none	31:22209..24164:+	31:22209..24164:+	none	none	none	none	35:25966..27585:-	none	none	none	none	none	472.9	MOBP1		no_slot_defined
