dataset	mpf_class	min_seq_id	prev_rank	rep	n_prot	n_elem	prev	med_aa	known	in_compute_cap
plsdb	MPF_T	0.5	1	2418021	5577	2402	32.30231307154384	234		1
plsdb	MPF_T	0.5	2	126001	2052	2006	26.97686928456159	80		1
plsdb	MPF_T	0.5	3	522904	1861	1857	24.973103819257666	94		1
plsdb	MPF_T	0.5	4	3767628	1859	1847	24.838622915545994	151		1
plsdb	MPF_T	0.5	5	3007152	1810	1803	24.246906939214632	171		1
plsdb	MPF_T	0.5	6	1191760	1800	1793	24.11242603550296	183		1
plsdb	MPF_T	0.5	7	534968	1744	1741	23.41312533620226	220		1
plsdb	MPF_T	0.5	8	2744611	1620	1610	21.651425497579343	164		1
plsdb	MPF_T	0.5	9	5827	1504	1483	19.943518020441097	68		1
plsdb	MPF_T	0.5	10	1191781	1454	1446	19.445938676707907	130		1
plsdb	MPF_T	0.5	11	3004326	1418	1413	19.002151694459386	117		1
plsdb	MPF_T	0.5	12	1191766	1404	1397	18.78698224852071	181		1
plsdb	MPF_T	0.5	13	18388	1403	1394	18.746637977407207	78		1
plsdb	MPF_T	0.5	14	2554130	1393	1385	18.6256051640667	54		1
plsdb	MPF_T	0.5	15	1643577	1387	1382	18.5852608929532	85		1
plsdb	MPF_T	0.5	16	220686	1349	1346	18.10112963959118	220		1
plsdb	MPF_T	0.5	17	3761431	1254	1243	16.715976331360945	104		1
plsdb	MPF_T	0.5	18	34397	1128	1119	15.048413125336202	104		1
plsdb	MPF_T	0.5	19	2768037	1091	1084	14.577729962345346	108		1
plsdb	MPF_T	0.5	20	5825	1041	1036	13.932221624529317	191		1
plsdb	MPF_T	0.5	21	1850	1020	1015	13.649811726734804	89		1
plsdb	MPF_T	0.5	22	1785673	998	994	13.36740182894029	112		1
plsdb	MPF_T	0.5	23	2435431	987	986	13.259817105970953	147		1
plsdb	MPF_T	0.5	24	3111978	989	983	13.21947283485745	84		1
plsdb	MPF_T	0.5	25	209608	963	959	12.896718665949436	85	Eex_IncN	1
plsdb	MPF_T	0.5	26	84496	959	954	12.829478214093598	169		1
plsdb	MPF_T	0.5	27	1676620	923	920	12.372243141473911	78		1
plsdb	MPF_T	0.5	28	179263	915	914	12.291554599246908	103		1
plsdb	MPF_T	0.5	29	857166	914	911	12.251210328133405	92		1
plsdb	MPF_T	0.5	30	129497	913	910	12.237762237762238	216		1
plsdb	MPF_T	0.5	31	410125	911	909	12.22431414739107	79		1
plsdb	MPF_T	0.5	32	1868	912	908	12.210866057019903	65		1
plsdb	MPF_T	0.5	33	1882	911	908	12.210866057019903	91		1
plsdb	MPF_T	0.5	34	1879	909	906	12.183969876277569	59		1
plsdb	MPF_T	0.5	35	2662065	891	890	11.968800430338892	94		1
plsdb	MPF_T	0.5	36	810303	886	883	11.874663797740721	48		1
plsdb	MPF_T	0.5	37	229993	870	861	11.57880580957504	177		1
plsdb	MPF_T	0.5	38	1633825	856	854	11.484669176976869	118		1
plsdb	MPF_T	0.5	39	451195	830	813	10.93329747175901	83		1
plsdb	MPF_T	0.5	40	41423	811	804	10.812264658418504	238		1
plsdb	MPF_T	0.5	41	1007648	810	803	10.798816568047338	101		1
plsdb	MPF_T	0.5	42	682596	787	776	10.43571812802582	177		1
plsdb	MPF_T	0.5	43	44118	844	773	10.395373856912318	146		1
plsdb	MPF_T	0.5	44	1137159	778	772	10.381925766541151	45		1
plsdb	MPF_T	0.5	45	971	778	771	10.368477676169984	93		1
plsdb	MPF_T	0.5	46	95795	770	763	10.260892953200646	103		1
plsdb	MPF_T	0.5	47	1467117	769	762	10.247444862829479	101		1
plsdb	MPF_T	0.5	48	2980060	762	757	10.180204410973642	93		1
plsdb	MPF_T	0.5	49	1246044	768	744	10.005379236148467	139		1
plsdb	MPF_T	0.5	50	1622195	810	737	9.911242603550296	204		1
plsdb	MPF_T	0.5	51	2354339	736	720	9.682625067240451	113		1
plsdb	MPF_T	0.5	52	95759	718	712	9.575040344271114	138		1
plsdb	MPF_T	0.5	53	450194	716	711	9.561592253899946	59		1
plsdb	MPF_T	0.5	54	936	716	711	9.561592253899946	114		1
plsdb	MPF_T	0.5	55	3962569	712	707	9.507799892415276	99		1
plsdb	MPF_T	0.5	56	3285864	888	701	9.427111350188273	88		1
plsdb	MPF_T	0.5	57	1418250	692	687	9.238838084991931	107		1
plsdb	MPF_T	0.5	58	84526	687	677	9.104357181280259	215		1
plsdb	MPF_T	0.5	59	198210	674	670	9.010220548682087	189		1
plsdb	MPF_T	0.5	60	1467137	682	667	8.969876277568586	94		1
plsdb	MPF_T	0.5	61	1421246	655	647	8.70091447014524	185		1
plsdb	MPF_T	0.5	62	18024	654	646	8.687466379774072	114		1
plsdb	MPF_T	0.5	63	3819761	642	640	8.60677783754707	75	Eex_IncN	1
plsdb	MPF_T	0.5	64	547646	624	622	8.364712210866058	250		1
plsdb	MPF_T	0.5	65	1165274	626	614	8.25712748789672	68		1
plsdb	MPF_T	0.5	66	324840	608	599	8.055406132329209	79		1
plsdb	MPF_T	0.5	67	1796585	605	596	8.015061861215708	141		1
plsdb	MPF_T	0.5	68	935	598	595	8.001613770844541	122		1
plsdb	MPF_T	0.5	69	41509	601	594	7.988165680473373	239		1
plsdb	MPF_T	0.5	70	749919	595	586	7.880580957504034	134		1
plsdb	MPF_T	0.5	71	324838	588	573	7.705755782678859	98		1
plsdb	MPF_T	0.5	72	2684137	591	564	7.584722969338354	169		1
plsdb	MPF_T	0.5	73	537955	564	563	7.571274878967187	113		1
plsdb	MPF_T	0.5	74	1892065	557	554	7.450242065626681	106		1
plsdb	MPF_T	0.5	75	2791623	539	539	7.2485207100591715	71		1
plsdb	MPF_T	0.5	76	261119	545	536	7.20817643894567	218		1
plsdb	MPF_T	0.5	77	1962936	532	528	7.100591715976331	115		1
plsdb	MPF_T	0.5	78	1131407	528	526	7.0736955352339965	109		1
plsdb	MPF_T	0.5	79	1752560	525	522	7.019903173749327	82		1
plsdb	MPF_T	0.5	80	682487	902	517	6.952662721893491	91		1
plsdb	MPF_T	0.5	81	2604856	520	516	6.939214631522324	181		1
plsdb	MPF_T	0.5	82	5859	510	510	6.85852608929532	147		1
plsdb	MPF_T	0.5	83	5851	509	509	6.845077998924153	190		1
plsdb	MPF_T	0.5	84	5864	509	509	6.845077998924153	85		1
plsdb	MPF_T	0.5	85	2010663	513	508	6.831629908552985	171		1
plsdb	MPF_T	0.5	86	5797	507	507	6.818181818181818	145		1
plsdb	MPF_T	0.5	87	1457282	506	506	6.804733727810651	150		1
plsdb	MPF_T	0.5	88	540540	506	506	6.804733727810651	132		1
plsdb	MPF_T	0.5	89	5860	505	505	6.791285637439484	56		1
plsdb	MPF_T	0.5	90	3962558	505	505	6.791285637439484	53		1
plsdb	MPF_T	0.5	91	1916485	511	505	6.791285637439484	211		1
plsdb	MPF_T	0.5	92	43690	509	504	6.777837547068316	185		1
plsdb	MPF_T	0.5	93	1457228	505	503	6.764389456697149	44		1
plsdb	MPF_T	0.5	94	5828	507	503	6.764389456697149	146		1
plsdb	MPF_T	0.5	95	1161577	500	500	6.724045185583647	71		1
plsdb	MPF_T	0.5	96	590083	620	500	6.724045185583647	115		1
plsdb	MPF_T	0.5	97	3415531	500	498	6.697149004841313	147		1
plsdb	MPF_T	0.5	98	2504269	497	496	6.670252824098978	250		1
plsdb	MPF_T	0.5	99	1457288	495	494	6.643356643356643	100		1
plsdb	MPF_T	0.5	100	5836	492	490	6.589564281871974	108		1
plsdb	MPF_T	0.5	101	145769	481	480	6.455083378160301	243		1
plsdb	MPF_T	0.5	102	5833	476	475	6.387842926304465	133		1
plsdb	MPF_T	0.5	103	1623086	518	475	6.387842926304465	181		1
plsdb	MPF_T	0.5	104	2484232	489	474	6.374394835933297	176		1
plsdb	MPF_T	0.5	105	5822	478	473	6.3609467455621305	217		1
plsdb	MPF_T	0.5	106	1391465	476	473	6.3609467455621305	59		1
plsdb	MPF_T	0.5	107	946	478	472	6.347498655190963	51		1
plsdb	MPF_T	0.5	108	424868	478	472	6.347498655190963	35		1
plsdb	MPF_T	0.5	109	1436472	473	471	6.334050564819796	60		1
plsdb	MPF_T	0.5	110	2466809	509	469	6.307154384077461	190		1
plsdb	MPF_T	0.5	111	2015737	478	465	6.253362022592792	71		1
plsdb	MPF_T	0.5	112	1890	465	464	6.239913932221625	183		1
plsdb	MPF_T	0.5	113	3745143	661	456	6.132329209252286	88		1
plsdb	MPF_T	0.5	114	941	460	455	6.118881118881119	110		1
plsdb	MPF_T	0.5	115	63800	456	454	6.105433028509951	145		1
plsdb	MPF_T	0.5	116	3566044	455	449	6.038192576654115	119		1
plsdb	MPF_T	0.5	117	42796	454	442	5.944055944055944	157		1
plsdb	MPF_T	0.5	118	278	445	441	5.930607853684776	83		1
plsdb	MPF_T	0.5	119	947480	443	438	5.890263582571275	178		1
plsdb	MPF_T	0.5	120	3193932	438	436	5.86336740182894	167		1
plsdb	MPF_T	0.5	121	748051	439	436	5.86336740182894	58		1
plsdb	MPF_T	0.5	122	748064	438	434	5.836471221086605	139		1
plsdb	MPF_T	0.5	123	3605647	435	434	5.836471221086605	97		1
plsdb	MPF_T	0.5	124	272	437	434	5.836471221086605	175		1
plsdb	MPF_T	0.5	125	273	436	434	5.836471221086605	134		1
plsdb	MPF_T	0.5	126	589691	453	434	5.836471221086605	186		1
plsdb	MPF_T	0.5	127	288	433	432	5.809575040344271	71	Eex_IncN	1
plsdb	MPF_T	0.5	128	3117273	434	431	5.796126949973104	75		1
plsdb	MPF_T	0.5	129	214996	431	428	5.755782678859602	211		1
plsdb	MPF_T	0.5	130	919	520	428	5.755782678859602	98		1
plsdb	MPF_T	0.5	131	115670	438	428	5.755782678859602	195		1
plsdb	MPF_T	0.5	132	295	430	426	5.728886498117268	59		1
plsdb	MPF_T	0.5	133	224104	437	420	5.6481979558902635	225		1
plsdb	MPF_T	0.5	134	245812	417	415	5.580957504034427	156		1
plsdb	MPF_T	0.5	135	2036306	668	413	5.554061323292093	115		1
plsdb	MPF_T	0.5	136	3606	414	413	5.554061323292093	109		1
plsdb	MPF_T	0.5	137	1632430	541	411	5.527165142549758	103		1
plsdb	MPF_T	0.5	138	2450434	413	409	5.500268961807423	148		1
plsdb	MPF_T	0.5	139	2496851	401	401	5.392684238838085	58		1
plsdb	MPF_T	0.5	140	81768	685	400	5.3792361484669176	117		1
plsdb	MPF_T	0.5	141	53601	394	392	5.27165142549758	116		1
plsdb	MPF_T	0.5	142	986	394	389	5.231307154384077	63		1
plsdb	MPF_T	0.5	143	823540	384	384	5.164066702528241	85		1
plsdb	MPF_T	0.5	144	3464304	407	377	5.06993006993007	199		1
plsdb	MPF_T	0.5	145	1008310	389	376	5.056481979558902	200		1
plsdb	MPF_T	0.5	146	3608	372	370	4.975793437331899	81		1
plsdb	MPF_T	0.5	147	153443	368	368	4.948897256589564	211		1
plsdb	MPF_T	0.5	148	1439960	363	361	4.854760623991393	97		1
plsdb	MPF_T	0.5	149	2957049	361	359	4.827864443249059	65		1
plsdb	MPF_T	0.5	150	384096	360	357	4.800968262506724	241		1
plsdb	MPF_T	0.5	151	3853593	344	339	4.558902635825713	215		1
plsdb	MPF_T	0.5	152	3062942	352	339	4.558902635825713	98		1
plsdb	MPF_T	0.5	153	2423576	349	338	4.545454545454546	157		1
plsdb	MPF_T	0.5	154	799011	342	338	4.545454545454546	85		1
plsdb	MPF_T	0.5	155	1125	341	334	4.4916621839698765	166		1
plsdb	MPF_T	0.5	156	41151	335	327	4.3975255513717055	86		1
plsdb	MPF_T	0.5	157	2632194	497	321	4.3168370091447015	69		1
plsdb	MPF_T	0.5	158	310	317	316	4.249596557288865	89		1
plsdb	MPF_T	0.5	159	3264704	313	312	4.195804195804196	215		1
plsdb	MPF_T	0.5	160	33457	316	307	4.12856374394836	40		1
plsdb	MPF_T	0.5	161	3502274	316	307	4.12856374394836	80		1
plsdb	MPF_T	0.5	162	1125438	307	304	4.088219472834857	121		1
plsdb	MPF_T	0.5	163	81945	321	303	4.07477138246369	92		1
plsdb	MPF_T	0.5	164	221455	304	303	4.07477138246369	92		1
plsdb	MPF_T	0.5	165	145294	303	303	4.07477138246369	148		1
plsdb	MPF_T	0.5	166	145736	311	303	4.07477138246369	74		1
plsdb	MPF_T	0.5	167	5846	305	302	4.061323292092523	69		1
plsdb	MPF_T	0.5	168	2868004	325	301	4.0478752017213555	230		1
plsdb	MPF_T	0.5	169	5841	299	299	4.020979020979021	44		1
plsdb	MPF_T	0.5	170	462996	298	295	3.967186659494352	115		1
plsdb	MPF_T	0.5	171	2659033	295	294	3.9537385691231846	59		1
plsdb	MPF_T	0.5	172	3398283	299	292	3.92684238838085	206		1
plsdb	MPF_T	0.5	173	1980897	495	291	3.9133942980096825	88		1
plsdb	MPF_T	0.5	174	29202	289	288	3.873050026896181	84		1
plsdb	MPF_T	0.5	175	3797601	293	285	3.832705755782679	76		1
plsdb	MPF_T	0.5	176	63795	286	283	3.8058095750403442	134		1
plsdb	MPF_T	0.5	177	2654973	288	281	3.7789133942980095	146		1
plsdb	MPF_T	0.5	178	989	279	277	3.7251210328133406	85		1
plsdb	MPF_T	0.5	179	2859026	387	273	3.6713286713286712	125		1
plsdb	MPF_T	0.5	180	791201	267	267	3.5906401291016676	142		1
plsdb	MPF_T	0.5	181	3242905	265	265	3.563743948359333	209		1
plsdb	MPF_T	0.5	182	2310803	266	264	3.5502958579881656	107		1
plsdb	MPF_T	0.5	183	3162589	294	264	3.5502958579881656	144		1
plsdb	MPF_T	0.5	184	261179	281	263	3.5368477676169983	121		1
plsdb	MPF_T	0.5	185	3847657	314	261	3.5099515868746636	249		1
plsdb	MPF_T	0.5	186	954293	261	259	3.4830554061323293	232		1
plsdb	MPF_T	0.5	187	3786959	269	257	3.4561592253899946	88		1
plsdb	MPF_T	0.5	188	866542	254	253	3.4023668639053253	113		1
plsdb	MPF_T	0.5	189	682573	265	253	3.4023668639053253	91		1
plsdb	MPF_T	0.5	190	2384645	380	253	3.4023668639053253	108		1
plsdb	MPF_T	0.5	191	224244	270	252	3.388918773534158	141		1
plsdb	MPF_T	0.5	192	156258	278	252	3.388918773534158	116		1
plsdb	MPF_T	0.5	193	959	254	251	3.375470683162991	94		1
plsdb	MPF_T	0.5	194	286599	253	249	3.3485745024206564	55		1
plsdb	MPF_T	0.5	195	1300577	251	249	3.3485745024206564	195		1
plsdb	MPF_T	0.5	196	173575	247	245	3.294782140935987	208		1
plsdb	MPF_T	0.5	197	3302817	258	245	3.294782140935987	78		1
plsdb	MPF_T	0.5	198	1671962	247	235	3.160301237224314	236		1
plsdb	MPF_T	0.5	199	2435445	248	234	3.1468531468531467	201		1
plsdb	MPF_T	0.5	200	1052639	232	230	3.0930607853684777	195		1
plsdb	MPF_T	0.5	201	114454	228	228	3.066164604626143	179		1
plsdb	MPF_T	0.5	202	125994	229	228	3.066164604626143	156		1
plsdb	MPF_T	0.5	203	2924366	235	227	3.0527165142549757	133		1
plsdb	MPF_T	0.5	204	29144	226	226	3.0392684238838084	74	Eex_IncN	1
plsdb	MPF_T	0.5	205	5791	224	224	3.012372243141474	95	Eex_IncN	1
plsdb	MPF_T	0.5	206	2861195	221	221	2.972027972027972	79		1
plsdb	MPF_T	0.5	207	44122	357	221	2.972027972027972	248		1
plsdb	MPF_T	0.5	208	649417	223	221	2.972027972027972	55		1
plsdb	MPF_T	0.5	209	2138898	232	220	2.9585798816568047	185		1
plsdb	MPF_T	0.5	210	1084247	269	220	2.9585798816568047	234		1
plsdb	MPF_T	0.5	211	114462	218	218	2.93168370091447	93		1
plsdb	MPF_T	0.5	212	1882503	224	218	2.93168370091447	219		1
plsdb	MPF_T	0.5	213	177626	221	215	2.8913394298009685	72		1
plsdb	MPF_T	0.5	214	2538035	215	214	2.877891339429801	146		1
plsdb	MPF_T	0.5	215	5790	214	214	2.877891339429801	84	Eex_IncN	1
plsdb	MPF_T	0.5	216	1338981	246	212	2.8509951586874664	121		1
plsdb	MPF_T	0.5	217	61314	210	209	2.8106508875739644	98		1
plsdb	MPF_T	0.5	218	1780141	216	206	2.770306616460463	85		1
plsdb	MPF_T	0.5	219	1198632	206	206	2.770306616460463	145		1
plsdb	MPF_T	0.5	220	189646	223	205	2.7568585260892955	186		1
plsdb	MPF_T	0.5	221	2844778	206	204	2.743410435718128	217		1
plsdb	MPF_T	0.5	222	2138901	205	204	2.743410435718128	204		1
plsdb	MPF_T	0.5	223	275	205	204	2.743410435718128	41		1
plsdb	MPF_T	0.5	224	2412604	205	204	2.743410435718128	178		1
plsdb	MPF_T	0.5	225	138110	205	203	2.729962345346961	110		1
plsdb	MPF_T	0.5	226	580941	239	203	2.729962345346961	196		1
plsdb	MPF_T	0.5	227	764121	203	203	2.729962345346961	206		1
plsdb	MPF_T	0.5	228	729222	208	201	2.703066164604626	72		1
plsdb	MPF_T	0.5	229	50568	201	201	2.703066164604626	31		1
plsdb	MPF_T	0.5	230	3584015	201	201	2.703066164604626	95		1
plsdb	MPF_T	0.5	231	3761444	207	200	2.6896180742334588	100		1
plsdb	MPF_T	0.5	232	428501	200	199	2.6761699838622914	176		1
plsdb	MPF_T	0.5	233	41387	199	199	2.6761699838622914	140		1
plsdb	MPF_T	0.5	234	3614657	199	199	2.6761699838622914	183		1
plsdb	MPF_T	0.5	235	1198622	199	199	2.6761699838622914	91		1
plsdb	MPF_T	0.5	236	20872	200	198	2.662721893491124	175		1
plsdb	MPF_T	0.5	237	1370148	205	198	2.662721893491124	142		1
plsdb	MPF_T	0.5	238	1419896	198	198	2.662721893491124	134		1
plsdb	MPF_T	0.5	239	3076878	215	198	2.662721893491124	178		1
plsdb	MPF_T	0.5	240	2347921	251	197	2.6492738031199567	243		1
plsdb	MPF_T	0.5	241	16511	217	197	2.6492738031199567	88		1
plsdb	MPF_T	0.5	242	16529	199	197	2.6492738031199567	107		1
plsdb	MPF_T	0.5	243	486128	196	196	2.63582571274879	93		1
plsdb	MPF_T	0.5	244	16528	198	196	2.63582571274879	125		1
plsdb	MPF_T	0.5	245	1496532	199	196	2.63582571274879	102		1
plsdb	MPF_T	0.5	246	3597659	198	195	2.6223776223776225	64		1
plsdb	MPF_T	0.5	247	3614683	195	195	2.6223776223776225	55		1
plsdb	MPF_T	0.5	248	922	197	193	2.595481441635288	212		1
plsdb	MPF_T	0.5	249	985	196	193	2.595481441635288	54		1
plsdb	MPF_T	0.5	250	3614655	193	193	2.595481441635288	203		1
plsdb	MPF_T	0.5	251	647389	217	191	2.568585260892953	142		1
plsdb	MPF_T	0.5	252	923	193	188	2.528240989779451	86		1
plsdb	MPF_T	0.5	253	1089226	241	187	2.514792899408284	50		1
plsdb	MPF_T	0.5	254	5840	187	187	2.514792899408284	88		1
plsdb	MPF_T	0.5	255	16521	197	187	2.514792899408284	92	Eex_IncN	1
plsdb	MPF_T	0.5	256	156615	193	187	2.514792899408284	202		1
plsdb	MPF_T	0.5	257	303259	193	186	2.501344809037117	141		1
plsdb	MPF_T	0.5	258	1538613	188	186	2.501344809037117	133		1
plsdb	MPF_T	0.5	259	64444	192	184	2.474448628294782	108		1
plsdb	MPF_T	0.5	260	3314733	183	183	2.461000537923615	216		1
plsdb	MPF_T	0.5	261	2745210	184	182	2.4475524475524475	87		1
plsdb	MPF_T	0.5	262	820867	188	181	2.43410435718128	71		1
plsdb	MPF_T	0.5	263	2468668	183	180	2.420656266810113	84		1
plsdb	MPF_T	0.5	264	533080	183	180	2.420656266810113	70		1
plsdb	MPF_T	0.5	265	26187	180	179	2.4072081764389455	78		1
plsdb	MPF_T	0.5	266	16509	179	179	2.4072081764389455	88		1
plsdb	MPF_T	0.5	267	3768515	184	179	2.4072081764389455	158		1
plsdb	MPF_T	0.5	268	3787036	179	178	2.3937600860677786	52		1
plsdb	MPF_T	0.5	269	216672	179	177	2.3803119956966112	92		1
plsdb	MPF_T	0.5	270	40472	179	177	2.3803119956966112	129		1
plsdb	MPF_T	0.5	271	125829	181	176	2.366863905325444	58		1
plsdb	MPF_T	0.5	272	2968730	181	176	2.366863905325444	103		1
plsdb	MPF_T	0.5	273	2438162	181	176	2.366863905325444	81		1
plsdb	MPF_T	0.5	274	2968729	180	175	2.3534158149542765	204		1
plsdb	MPF_T	0.5	275	1799719	175	175	2.3534158149542765	103		1
plsdb	MPF_T	0.5	276	1189066	214	175	2.3534158149542765	158		1
plsdb	MPF_T	0.5	277	2187443	184	175	2.3534158149542765	231		1
plsdb	MPF_T	0.5	278	1118387	174	174	2.339967724583109	119		1
plsdb	MPF_T	0.5	279	57767	177	173	2.326519634211942	96		1
plsdb	MPF_T	0.5	280	52001	178	173	2.326519634211942	118		1
plsdb	MPF_T	0.5	281	2084604	174	172	2.3130715438407745	147		1
plsdb	MPF_T	0.5	282	751848	172	171	2.299623453469607	94	Eex_IncN	1
plsdb	MPF_T	0.5	283	1901	183	171	2.299623453469607	76		1
plsdb	MPF_T	0.5	284	237196	171	170	2.28617536309844	248		1
plsdb	MPF_T	0.5	285	3395113	225	170	2.28617536309844	135		1
plsdb	MPF_T	0.5	286	1866606	212	169	2.272727272727273	152		1
plsdb	MPF_T	0.5	287	46203	180	168	2.2592791823561056	138		1
plsdb	MPF_T	0.5	288	105723	172	165	2.2189349112426036	71		1
plsdb	MPF_T	0.5	289	43479	165	164	2.205486820871436	110		1
plsdb	MPF_T	0.5	290	16500	165	164	2.205486820871436	59		1
plsdb	MPF_T	0.5	291	995155	173	164	2.205486820871436	105		1
plsdb	MPF_T	0.5	292	1239	165	164	2.205486820871436	58		1
plsdb	MPF_T	0.5	293	3677219	180	163	2.192038730500269	147		1
plsdb	MPF_T	0.5	294	3624588	190	163	2.192038730500269	138		1
plsdb	MPF_T	0.5	295	41370	169	162	2.1785906401291015	217		1
plsdb	MPF_T	0.5	296	1248458	162	162	2.1785906401291015	198		1
plsdb	MPF_T	0.5	297	40454	178	161	2.165142549757934	210		1
plsdb	MPF_T	0.5	298	2568536	164	160	2.1516944593867673	133		1
plsdb	MPF_T	0.5	299	3489848	161	159	2.1382463690156	65		1
plsdb	MPF_T	0.5	300	3090163	159	159	2.1382463690156	146		1
plsdb	MPF_T	0.5	301	792222	175	158	2.1247982786444326	193		1
plsdb	MPF_T	0.5	302	693037	189	158	2.1247982786444326	136		1
plsdb	MPF_T	0.5	303	2478742	158	158	2.1247982786444326	114		1
plsdb	MPF_T	0.5	304	548821	164	158	2.1247982786444326	202		1
plsdb	MPF_T	0.5	305	2535859	164	158	2.1247982786444326	150		1
plsdb	MPF_T	0.5	306	2538802	160	158	2.1247982786444326	145		1
plsdb	MPF_T	0.5	307	20884	158	157	2.1113501882732653	46		1
plsdb	MPF_T	0.5	308	64166	158	156	2.097902097902098	205		1
plsdb	MPF_T	0.5	309	284493	155	155	2.0844540075309306	220		1
plsdb	MPF_T	0.5	310	451209	156	155	2.0844540075309306	86	Eex_IncN	1
plsdb	MPF_T	0.5	311	2097568	164	155	2.0844540075309306	216		1
plsdb	MPF_T	0.5	312	3451450	159	154	2.0710059171597632	83		1
plsdb	MPF_T	0.5	313	1499939	155	154	2.0710059171597632	217		1
plsdb	MPF_T	0.5	314	3746905	186	154	2.0710059171597632	117		1
plsdb	MPF_T	0.5	315	134647	197	154	2.0710059171597632	212		1
plsdb	MPF_T	0.5	316	51617	153	152	2.0441097364174285	75	Eex_IncN	1
plsdb	MPF_T	0.5	317	101261	152	152	2.0441097364174285	122		1
plsdb	MPF_T	0.5	318	2804687	153	151	2.0306616460462616	109		1
plsdb	MPF_T	0.5	319	64432	162	151	2.0306616460462616	168		1
plsdb	MPF_T	0.5	320	920	151	151	2.0306616460462616	109		1
plsdb	MPF_T	0.5	321	2187159	155	151	2.0306616460462616	58		1
plsdb	MPF_T	0.5	322	1366355	150	150	2.0172135556750943	170		1
plsdb	MPF_T	0.5	323	71667	161	149	2.003765465303927	175		1
plsdb	MPF_T	0.5	324	261177	153	149	2.003765465303927	67		1
plsdb	MPF_T	0.5	325	274433	172	149	2.003765465303927	222		1
plsdb	MPF_T	0.5	326	1002365	151	149	2.003765465303927	124		1
plsdb	MPF_T	0.5	327	1610475	149	148	1.9903173749327596	63		1
plsdb	MPF_T	0.5	328	2135851	149	148	1.9903173749327596	162		1
plsdb	MPF_T	0.5	329	97259	202	148	1.9903173749327596	62		1
plsdb	MPF_T	0.5	330	45735	151	148	1.9903173749327596	98		1
plsdb	MPF_T	0.5	331	313906	149	148	1.9903173749327596	102		1
plsdb	MPF_T	0.5	332	148348	149	147	1.9768692845615923	169		1
plsdb	MPF_T	0.5	333	778744	150	147	1.9768692845615923	194		1
plsdb	MPF_T	0.5	334	2372933	152	147	1.9768692845615923	241		1
plsdb	MPF_T	0.5	335	16508	147	147	1.9768692845615923	185		1
plsdb	MPF_T	0.5	336	619261	147	145	1.9499731038192576	102		1
plsdb	MPF_T	0.5	337	2894034	146	145	1.9499731038192576	130		1
plsdb	MPF_T	0.5	338	625449	159	144	1.9365250134480905	158		1
plsdb	MPF_T	0.5	339	285805	143	143	1.9230769230769231	232		1
plsdb	MPF_T	0.5	340	33423	143	143	1.9230769230769231	143		1
plsdb	MPF_T	0.5	341	2659472	398	143	1.9230769230769231	101		1
plsdb	MPF_T	0.5	342	3971932	147	143	1.9230769230769231	139		1
plsdb	MPF_T	0.5	343	16506	142	142	1.9096288327057558	130		1
plsdb	MPF_T	0.5	344	33407	142	141	1.8961807423345884	94	Eex_IncN	1
plsdb	MPF_T	0.5	345	1277001	142	141	1.8961807423345884	144		1
plsdb	MPF_T	0.5	346	1077072	147	140	1.882732651963421	140		1
plsdb	MPF_T	0.5	347	2568507	141	140	1.882732651963421	132		1
plsdb	MPF_T	0.5	348	33416	140	139	1.869284561592254	111		1
plsdb	MPF_T	0.5	349	20893	141	139	1.869284561592254	119		1
plsdb	MPF_T	0.5	350	16505	139	139	1.869284561592254	102		1
plsdb	MPF_T	0.5	351	105092	142	138	1.8558364712210866	165		1
plsdb	MPF_T	0.5	352	619244	138	138	1.8558364712210866	102		1
plsdb	MPF_T	0.5	353	863451	139	138	1.8558364712210866	143		1
plsdb	MPF_T	0.5	354	3823815	138	138	1.8558364712210866	134		1
plsdb	MPF_T	0.5	355	2384623	194	138	1.8558364712210866	166		1
plsdb	MPF_T	0.5	356	29193	138	137	1.8423883808499193	99		1
plsdb	MPF_T	0.5	357	26142	141	137	1.8423883808499193	75	TrbK	1
plsdb	MPF_T	0.5	358	3321022	174	137	1.8423883808499193	67		1
plsdb	MPF_T	0.5	359	12217	140	136	1.828940290478752	73		1
plsdb	MPF_T	0.5	360	7524	139	136	1.828940290478752	200		1
plsdb	MPF_T	0.5	361	3544763	139	136	1.828940290478752	91		1
plsdb	MPF_T	0.5	362	3926748	139	135	1.8154922001075848	84		1
plsdb	MPF_T	0.5	363	987336	136	135	1.8154922001075848	155		1
plsdb	MPF_T	0.5	364	2736820	136	135	1.8154922001075848	246		1
plsdb	MPF_T	0.5	365	453552	169	135	1.8154922001075848	200		1
plsdb	MPF_T	0.5	366	156348	137	134	1.8020441097364175	197		1
plsdb	MPF_T	0.5	367	1635787	140	134	1.8020441097364175	160		1
plsdb	MPF_T	0.5	368	33402	133	133	1.7885960193652501	71		1
plsdb	MPF_T	0.5	369	1813	137	133	1.7885960193652501	101		1
plsdb	MPF_T	0.5	370	32900	134	132	1.7751479289940828	169		1
plsdb	MPF_T	0.5	371	3108517	132	132	1.7751479289940828	177		1
plsdb	MPF_T	0.5	372	1360014	137	132	1.7751479289940828	178		1
plsdb	MPF_T	0.5	373	619241	131	131	1.7616998386229155	162		1
plsdb	MPF_T	0.5	374	31635	131	131	1.7616998386229155	153		1
plsdb	MPF_T	0.5	375	10221	159	131	1.7616998386229155	105		1
plsdb	MPF_T	0.5	376	3297102	181	131	1.7616998386229155	236		1
plsdb	MPF_T	0.5	377	59834	133	130	1.7482517482517483	238		1
plsdb	MPF_T	0.5	378	41456	131	130	1.7482517482517483	108		1
plsdb	MPF_T	0.5	379	2214267	129	129	1.734803657880581	80		1
plsdb	MPF_T	0.5	380	3623990	143	129	1.734803657880581	247		1
plsdb	MPF_T	0.5	381	3208545	153	129	1.734803657880581	96		1
plsdb	MPF_T	0.5	382	12223	130	128	1.7213555675094137	217		1
plsdb	MPF_T	0.5	383	7569	128	128	1.7213555675094137	93		1
plsdb	MPF_T	0.5	384	1426983	132	128	1.7213555675094137	100		1
plsdb	MPF_T	0.5	385	1426999	128	128	1.7213555675094137	234		1
plsdb	MPF_T	0.5	386	52010	140	128	1.7213555675094137	93		1
plsdb	MPF_T	0.5	387	1275003	168	128	1.7213555675094137	87		1
plsdb	MPF_T	0.5	388	40483	129	128	1.7213555675094137	88		1
plsdb	MPF_T	0.5	389	2944045	127	127	1.7079074771382463	191		1
plsdb	MPF_T	0.5	390	2521922	207	127	1.7079074771382463	151		1
plsdb	MPF_T	0.5	391	324831	127	127	1.7079074771382463	66		1
plsdb	MPF_T	0.5	392	2618418	126	126	1.694459386767079	91		1
plsdb	MPF_T	0.5	393	1750040	127	126	1.694459386767079	194		1
plsdb	MPF_T	0.5	394	17753	127	125	1.6810112963959118	51		1
plsdb	MPF_T	0.5	395	98105	129	125	1.6810112963959118	122		1
plsdb	MPF_T	0.5	396	783569	129	125	1.6810112963959118	100		1
plsdb	MPF_T	0.5	397	846933	125	125	1.6810112963959118	77	Eex_IncN	1
plsdb	MPF_T	0.5	398	1423761	131	125	1.6810112963959118	105		1
plsdb	MPF_T	0.5	399	2054159	127	124	1.6675632060247445	185		1
plsdb	MPF_T	0.5	400	319170	126	124	1.6675632060247445	120		1
plsdb	MPF_T	0.7	1	2666696	4728	2163	29.088219472834858	234		1
plsdb	MPF_T	0.7	2	12901	1719	1713	23.036578805809576	171		1
plsdb	MPF_T	0.7	3	3875746	1674	1672	22.485207100591715	220		1
plsdb	MPF_T	0.7	4	2744611	1611	1601	21.530392684238837	164		1
plsdb	MPF_T	0.7	5	2662077	1401	1394	18.746637977407207	181		1
plsdb	MPF_T	0.7	6	3603	1361	1357	18.249058633674018	85		1
plsdb	MPF_T	0.7	7	1653661	1321	1314	17.670790747713824	54		1
plsdb	MPF_T	0.7	8	3767628	1269	1263	16.984938138784294	151		1
plsdb	MPF_T	0.7	9	145756	1249	1241	16.68908015061861	100		1
plsdb	MPF_T	0.7	10	220686	1208	1205	16.20494889725659	220		1
plsdb	MPF_T	0.7	11	748078	1156	1155	15.532544378698224	94		1
plsdb	MPF_T	0.7	12	2768037	1091	1084	14.577729962345346	108		1
plsdb	MPF_T	0.7	13	1851	1043	1036	13.932221624529317	80		1
plsdb	MPF_T	0.7	14	5825	1018	1013	13.62291554599247	191		1
plsdb	MPF_T	0.7	15	1850	1010	1007	13.542227003765465	89		1
plsdb	MPF_T	0.7	16	1849	1008	1006	13.528778913394298	183		1
plsdb	MPF_T	0.7	17	300171	1003	992	13.340505648197956	147		1
plsdb	MPF_T	0.7	18	1643586	993	991	13.32705755782679	117		1
plsdb	MPF_T	0.7	19	3111978	984	978	13.152232383001614	84		1
plsdb	MPF_T	0.7	20	3311760	980	976	13.125336202259279	130		1
plsdb	MPF_T	0.7	21	1335947	958	954	12.829478214093598	85	Eex_IncN	1
plsdb	MPF_T	0.7	22	1858	948	940	12.641204948897256	78		1
plsdb	MPF_T	0.7	23	1872	935	929	12.493275954814417	104		1
plsdb	MPF_T	0.7	24	1852	926	923	12.412587412587413	112		1
plsdb	MPF_T	0.7	25	2507737	921	918	12.345346960731575	78		1
plsdb	MPF_T	0.7	26	3722458	915	914	12.291554599246908	103		1
plsdb	MPF_T	0.7	27	129497	913	910	12.237762237762238	216		1
plsdb	MPF_T	0.7	28	857166	913	910	12.237762237762238	92		1
plsdb	MPF_T	0.7	29	1882	911	908	12.210866057019903	91		1
plsdb	MPF_T	0.7	30	1868	911	907	12.197417966648736	65		1
plsdb	MPF_T	0.7	31	1879	909	906	12.183969876277569	59		1
plsdb	MPF_T	0.7	32	1151088	891	890	11.968800430338892	94		1
plsdb	MPF_T	0.7	33	410125	884	883	11.874663797740721	79		1
plsdb	MPF_T	0.7	34	810303	886	883	11.874663797740721	48		1
plsdb	MPF_T	0.7	35	3022479	860	854	11.484669176976869	177		1
plsdb	MPF_T	0.7	36	1633825	856	854	11.484669176976869	118		1
plsdb	MPF_T	0.7	37	282	771	765	10.28778913394298	45		1
plsdb	MPF_T	0.7	38	84496	765	761	10.23399677245831	169		1
plsdb	MPF_T	0.7	39	305	731	725	9.749865519096288	68		1
plsdb	MPF_T	0.7	40	934	723	718	9.655728886498117	238		1
plsdb	MPF_T	0.7	41	2145947	711	707	9.507799892415276	180		1
plsdb	MPF_T	0.7	42	553407	712	707	9.507799892415276	99		1
plsdb	MPF_T	0.7	43	3816547	888	701	9.427111350188273	88		1
plsdb	MPF_T	0.7	44	2980060	689	685	9.211941904249597	93		1
plsdb	MPF_T	0.7	45	3611	687	683	9.185045723507262	83		1
plsdb	MPF_T	0.7	46	3609	680	675	9.077461000537923	107		1
plsdb	MPF_T	0.7	47	2277353	682	672	9.037116729424422	215		1
plsdb	MPF_T	0.7	48	971	662	656	8.821947283485745	93		1
plsdb	MPF_T	0.7	49	966	656	650	8.741258741258742	103		1
plsdb	MPF_T	0.7	50	969	656	650	8.741258741258742	101		1
plsdb	MPF_T	0.7	51	1943576	655	647	8.70091447014524	185		1
plsdb	MPF_T	0.7	52	967	654	647	8.70091447014524	104		1
plsdb	MPF_T	0.7	53	18024	654	646	8.687466379774072	114		1
plsdb	MPF_T	0.7	54	547646	624	622	8.364712210866058	250		1
plsdb	MPF_T	0.7	55	2971768	626	614	8.25712748789672	68		1
plsdb	MPF_T	0.7	56	2354339	619	604	8.122646584185047	113		1
plsdb	MPF_T	0.7	57	932	603	599	8.055406132329209	138		1
plsdb	MPF_T	0.7	58	1796585	605	596	8.015061861215708	141		1
plsdb	MPF_T	0.7	59	935	597	594	7.988165680473373	122		1
plsdb	MPF_T	0.7	60	936	598	594	7.988165680473373	114		1
plsdb	MPF_T	0.7	61	41509	601	594	7.988165680473373	239		1
plsdb	MPF_T	0.7	62	1493364	595	593	7.974717590102205	59		1
plsdb	MPF_T	0.7	63	475761	592	591	7.947821409359871	189		1
plsdb	MPF_T	0.7	64	1113463	596	587	7.894029047875201	79		1
plsdb	MPF_T	0.7	65	749919	595	586	7.880580957504034	134		1
plsdb	MPF_T	0.7	66	2438175	588	573	7.705755782678859	98		1
plsdb	MPF_T	0.7	67	682596	567	562	7.557826788596019	177		1
plsdb	MPF_T	0.7	68	2438178	573	559	7.5174825174825175	94		1
plsdb	MPF_T	0.7	69	450145	549	541	7.275416890801506	146		1
plsdb	MPF_T	0.7	70	939	539	532	7.154384077461001	169		1
plsdb	MPF_T	0.7	71	1962936	531	527	7.087143625605164	115		1
plsdb	MPF_T	0.7	72	1077742	525	522	7.019903173749327	82		1
plsdb	MPF_T	0.7	73	1131407	520	518	6.966110812264659	109		1
plsdb	MPF_T	0.7	74	682487	902	517	6.952662721893491	91		1
plsdb	MPF_T	0.7	75	987	519	511	6.871974179666488	218		1
plsdb	MPF_T	0.7	76	3004428	512	511	6.871974179666488	94		1
plsdb	MPF_T	0.7	77	2438183	513	510	6.85852608929532	106		1
plsdb	MPF_T	0.7	78	5851	509	509	6.845077998924153	190		1
plsdb	MPF_T	0.7	79	3284842	509	509	6.845077998924153	147		1
plsdb	MPF_T	0.7	80	5864	508	508	6.831629908552985	85		1
plsdb	MPF_T	0.7	81	2010663	513	508	6.831629908552985	171		1
plsdb	MPF_T	0.7	82	5797	507	507	6.818181818181818	145		1
plsdb	MPF_T	0.7	83	5832	508	507	6.818181818181818	113		1
plsdb	MPF_T	0.7	84	5853	505	505	6.791285637439484	53		1
plsdb	MPF_T	0.7	85	5855	505	505	6.791285637439484	150		1
plsdb	MPF_T	0.7	86	5860	505	505	6.791285637439484	56		1
plsdb	MPF_T	0.7	87	1916485	511	505	6.791285637439484	211		1
plsdb	MPF_T	0.7	88	540540	505	505	6.791285637439484	132		1
plsdb	MPF_T	0.7	89	43690	509	504	6.777837547068316	185		1
plsdb	MPF_T	0.7	90	5828	507	503	6.764389456697149	146		1
plsdb	MPF_T	0.7	91	29181	506	503	6.764389456697149	68		1
plsdb	MPF_T	0.7	92	3967942	504	502	6.750941366325982	75	Eex_IncN	1
plsdb	MPF_T	0.7	93	1161577	500	500	6.724045185583647	71		1
plsdb	MPF_T	0.7	94	73186	500	498	6.697149004841313	147		1
plsdb	MPF_T	0.7	95	43654	496	496	6.670252824098978	71		1
plsdb	MPF_T	0.7	96	145768	494	493	6.629908552985476	250		1
plsdb	MPF_T	0.7	97	73237	494	493	6.629908552985476	100		1
plsdb	MPF_T	0.7	98	5836	492	490	6.589564281871974	108		1
plsdb	MPF_T	0.7	99	278775	517	474	6.374394835933297	181		1
plsdb	MPF_T	0.7	100	1391465	477	474	6.374394835933297	59		1
plsdb	MPF_T	0.7	101	5822	478	473	6.3609467455621305	217		1
plsdb	MPF_T	0.7	102	1837752	478	472	6.347498655190963	51		1
plsdb	MPF_T	0.7	103	195516	473	471	6.334050564819796	60		1
plsdb	MPF_T	0.7	104	2466809	509	469	6.307154384077461	190		1
plsdb	MPF_T	0.7	105	1890	465	464	6.239913932221625	183		1
plsdb	MPF_T	0.7	106	17872	470	457	6.145777299623454	71		1
plsdb	MPF_T	0.7	107	785571	459	457	6.145777299623454	70		1
plsdb	MPF_T	0.7	108	590083	541	456	6.132329209252286	115		1
plsdb	MPF_T	0.7	109	941	460	455	6.118881118881119	110		1
plsdb	MPF_T	0.7	110	63800	456	454	6.105433028509951	145		1
plsdb	MPF_T	0.7	111	3566044	455	449	6.038192576654115	119		1
plsdb	MPF_T	0.7	112	5803	447	446	5.9978483055406135	44		1
plsdb	MPF_T	0.7	113	748076	447	442	5.944055944055944	154		1
plsdb	MPF_T	0.7	114	2494462	443	438	5.890263582571275	178		1
plsdb	MPF_T	0.7	115	940	443	437	5.876815492200108	35		1
plsdb	MPF_T	0.7	116	289	435	432	5.809575040344271	58		1
plsdb	MPF_T	0.7	117	278	435	431	5.796126949973104	83		1
plsdb	MPF_T	0.7	118	2083649	434	430	5.782678859601937	139		1
plsdb	MPF_T	0.7	119	2496783	433	430	5.782678859601937	75		1
plsdb	MPF_T	0.7	120	87446	433	430	5.782678859601937	175		1
plsdb	MPF_T	0.7	121	273	432	430	5.782678859601937	134		1
plsdb	MPF_T	0.7	122	5835	429	428	5.755782678859602	243		1
plsdb	MPF_T	0.7	123	295	430	426	5.728886498117268	59		1
plsdb	MPF_T	0.7	124	5833	425	424	5.701990317374933	133		1
plsdb	MPF_T	0.7	125	285	420	419	5.634749865519097	167		1
plsdb	MPF_T	0.7	126	3576525	435	418	5.621301775147929	186		1
plsdb	MPF_T	0.7	127	245812	417	415	5.580957504034427	156		1
plsdb	MPF_T	0.7	128	1427101	416	412	5.540613232920926	181		1
plsdb	MPF_T	0.7	129	543673	424	409	5.500268961807423	225		1
plsdb	MPF_T	0.7	130	2496851	401	401	5.392684238838085	58		1
plsdb	MPF_T	0.7	131	3606	402	401	5.392684238838085	109		1
plsdb	MPF_T	0.7	132	3561	404	400	5.3792361484669176	148		1
plsdb	MPF_T	0.7	133	699949	406	397	5.338891877353416	204		1
plsdb	MPF_T	0.7	134	2726653	393	392	5.27165142549758	139		1
plsdb	MPF_T	0.7	135	751820	393	392	5.27165142549758	71		1
plsdb	MPF_T	0.7	136	53601	394	392	5.27165142549758	116		1
plsdb	MPF_T	0.7	137	823540	384	384	5.164066702528241	85		1
plsdb	MPF_T	0.7	138	3464304	407	377	5.06993006993007	199		1
plsdb	MPF_T	0.7	139	986	381	376	5.056481979558902	63		1
plsdb	MPF_T	0.7	140	3608	372	370	4.975793437331899	81		1
plsdb	MPF_T	0.7	141	153443	368	368	4.948897256589564	211		1
plsdb	MPF_T	0.7	142	287	364	363	4.881656804733728	97		1
plsdb	MPF_T	0.7	143	748050	363	362	4.86820871436256	71	Eex_IncN	1
plsdb	MPF_T	0.7	144	1439960	363	361	4.854760623991393	97		1
plsdb	MPF_T	0.7	145	2957049	361	359	4.827864443249059	65		1
plsdb	MPF_T	0.7	146	687377	347	335	4.505110274341043	80		1
plsdb	MPF_T	0.7	147	1125	341	334	4.4916621839698765	166		1
plsdb	MPF_T	0.7	148	2106451	337	329	4.42442173211404	157		1
plsdb	MPF_T	0.7	149	41150	330	322	4.330285099515868	83		1
plsdb	MPF_T	0.7	150	516772	317	316	4.249596557288865	89		1
plsdb	MPF_T	0.7	151	3264704	313	312	4.195804195804196	215		1
plsdb	MPF_T	0.7	152	33457	316	307	4.12856374394836	40		1
plsdb	MPF_T	0.7	153	1125438	307	304	4.088219472834857	121		1
plsdb	MPF_T	0.7	154	1162539	310	303	4.07477138246369	199		1
plsdb	MPF_T	0.7	155	145294	303	303	4.07477138246369	148		1
plsdb	MPF_T	0.7	156	145735	311	303	4.07477138246369	86		1
plsdb	MPF_T	0.7	157	145736	311	303	4.07477138246369	74		1
plsdb	MPF_T	0.7	158	5841	299	299	4.020979020979021	44		1
plsdb	MPF_T	0.7	159	498667	299	297	3.9940828402366866	137		1
plsdb	MPF_T	0.7	160	3605641	292	290	3.899946207638515	80		1
plsdb	MPF_T	0.7	161	5842	289	288	3.873050026896181	92		1
plsdb	MPF_T	0.7	162	129578	294	287	3.8596019365250136	206		1
plsdb	MPF_T	0.7	163	29202	285	284	3.8192576654115116	84		1
plsdb	MPF_T	0.7	164	2659033	285	284	3.8192576654115116	59		1
plsdb	MPF_T	0.7	165	2411838	344	276	3.7116729424421733	103		1
plsdb	MPF_T	0.7	166	20863	281	274	3.6847767616998386	76		1
plsdb	MPF_T	0.7	167	989	276	274	3.6847767616998386	85		1
plsdb	MPF_T	0.7	168	2859026	387	273	3.6713286713286712	125		1
plsdb	MPF_T	0.7	169	3111961	268	268	3.604088219472835	142		1
plsdb	MPF_T	0.7	170	1053580	299	267	3.5906401291016676	144		1
plsdb	MPF_T	0.7	171	5846	267	266	3.5771920387305003	69		1
plsdb	MPF_T	0.7	172	3242905	265	265	3.563743948359333	209		1
plsdb	MPF_T	0.7	173	3945874	273	265	3.563743948359333	250		1
plsdb	MPF_T	0.7	174	2310803	260	259	3.4830554061323293	107		1
plsdb	MPF_T	0.7	175	3609722	261	258	3.469607315761162	134		1
plsdb	MPF_T	0.7	176	3757305	265	252	3.388918773534158	121		1
plsdb	MPF_T	0.7	177	449838	277	251	3.375470683162991	116		1
plsdb	MPF_T	0.7	178	959	254	251	3.375470683162991	94		1
plsdb	MPF_T	0.7	179	1052613	262	249	3.3485745024206564	222		1
plsdb	MPF_T	0.7	180	3193914	251	249	3.3485745024206564	195		1
plsdb	MPF_T	0.7	181	682573	256	245	3.294782140935987	91		1
plsdb	MPF_T	0.7	182	3302817	257	244	3.2813340505648196	78		1
plsdb	MPF_T	0.7	183	880821	319	240	3.2275416890801507	69		1
plsdb	MPF_T	0.7	184	22346	275	228	3.066164604626143	104		1
plsdb	MPF_T	0.7	185	29144	226	226	3.0392684238838084	74	Eex_IncN	1
plsdb	MPF_T	0.7	186	5791	224	224	3.012372243141474	95	Eex_IncN	1
plsdb	MPF_T	0.7	187	660743	226	218	2.93168370091447	158		1
plsdb	MPF_T	0.7	188	26176	214	212	2.8509951586874664	241		1
plsdb	MPF_T	0.7	189	7611	210	210	2.8240989779451318	79		1
plsdb	MPF_T	0.7	190	647435	215	209	2.8106508875739644	58		1
plsdb	MPF_T	0.7	191	275	205	204	2.743410435718128	41		1
plsdb	MPF_T	0.7	192	1994098	203	203	2.729962345346961	118		1
plsdb	MPF_T	0.7	193	12221	209	203	2.729962345346961	219		1
plsdb	MPF_T	0.7	194	2435445	213	201	2.703066164604626	201		1
plsdb	MPF_T	0.7	195	50568	201	201	2.703066164604626	31		1
plsdb	MPF_T	0.7	196	729222	208	201	2.703066164604626	72		1
plsdb	MPF_T	0.7	197	1198621	199	199	2.6761699838622914	140		1
plsdb	MPF_T	0.7	198	217245	198	198	2.662721893491124	206		1
plsdb	MPF_T	0.7	199	189646	216	198	2.662721893491124	186		1
plsdb	MPF_T	0.7	200	253296	251	197	2.6492738031199567	243		1
plsdb	MPF_T	0.7	201	16511	217	197	2.6492738031199567	88		1
plsdb	MPF_T	0.7	202	12220	204	197	2.6492738031199567	100		1
plsdb	MPF_T	0.7	203	3614686	196	196	2.63582571274879	91		1
plsdb	MPF_T	0.7	204	16492	196	196	2.63582571274879	145		1
plsdb	MPF_T	0.7	205	16529	196	196	2.63582571274879	107		1
plsdb	MPF_T	0.7	206	16532	205	196	2.63582571274879	185		1
plsdb	MPF_T	0.7	207	486134	195	195	2.6223776223776225	204		1
plsdb	MPF_T	0.7	208	1117808	303	195	2.6223776223776225	67		1
plsdb	MPF_T	0.7	209	16516	194	194	2.608929532006455	183		1
plsdb	MPF_T	0.7	210	985	196	193	2.595481441635288	54		1
plsdb	MPF_T	0.7	211	2621719	193	193	2.595481441635288	125		1
plsdb	MPF_T	0.7	212	3592599	192	192	2.5820333512641205	203		1
plsdb	MPF_T	0.7	213	3344613	231	191	2.568585260892953	249		1
plsdb	MPF_T	0.7	214	1245942	191	191	2.568585260892953	93		1
plsdb	MPF_T	0.7	215	3828223	192	190	2.555137170521786	117		1
plsdb	MPF_T	0.7	216	41391	190	190	2.555137170521786	55		1
plsdb	MPF_T	0.7	217	18401	191	189	2.5416890801506185	110		1
plsdb	MPF_T	0.7	218	922	192	188	2.528240989779451	212		1
plsdb	MPF_T	0.7	219	5840	186	186	2.501344809037117	88		1
plsdb	MPF_T	0.7	220	16521	194	186	2.501344809037117	92	Eex_IncN	1
plsdb	MPF_T	0.7	221	2352765	192	184	2.474448628294782	108		1
plsdb	MPF_T	0.7	222	923	188	184	2.474448628294782	86		1
plsdb	MPF_T	0.7	223	553908	183	183	2.461000537923615	216		1
plsdb	MPF_T	0.7	224	261182	188	183	2.461000537923615	141		1
plsdb	MPF_T	0.7	225	2027999	185	183	2.461000537923615	176		1
plsdb	MPF_T	0.7	226	114468	185	182	2.4475524475524475	92		1
plsdb	MPF_T	0.7	227	5790	182	182	2.4475524475524475	84	Eex_IncN	1
plsdb	MPF_T	0.7	228	3581	184	182	2.4475524475524475	87		1
plsdb	MPF_T	0.7	229	112171	207	181	2.43410435718128	121		1
plsdb	MPF_T	0.7	230	2468668	183	180	2.420656266810113	84		1
plsdb	MPF_T	0.7	231	820867	187	180	2.420656266810113	71		1
plsdb	MPF_T	0.7	232	940648	521	180	2.420656266810113	101		1
plsdb	MPF_T	0.7	233	40503	182	179	2.4072081764389455	85		1
plsdb	MPF_T	0.7	234	16509	179	179	2.4072081764389455	88		1
plsdb	MPF_T	0.7	235	3828209	175	173	2.326519634211942	97		1
plsdb	MPF_T	0.7	236	57767	176	172	2.3130715438407745	96		1
plsdb	MPF_T	0.7	237	3958904	175	172	2.3130715438407745	145		1
plsdb	MPF_T	0.7	238	391253	206	170	2.28617536309844	234		1
plsdb	MPF_T	0.7	239	2999175	234	170	2.28617536309844	115		1
plsdb	MPF_T	0.7	240	59889	172	169	2.272727272727273	102		1
plsdb	MPF_T	0.7	241	400122	169	169	2.272727272727273	146		1
plsdb	MPF_T	0.7	242	1643574	168	167	2.2458310919849382	163		1
plsdb	MPF_T	0.7	243	1368041	167	167	2.2458310919849382	98		1
plsdb	MPF_T	0.7	244	2135958	167	165	2.2189349112426036	115		1
plsdb	MPF_T	0.7	245	1239	164	164	2.205486820871436	58		1
plsdb	MPF_T	0.7	246	3771829	171	164	2.205486820871436	92		1
plsdb	MPF_T	0.7	247	43479	165	164	2.205486820871436	110		1
plsdb	MPF_T	0.7	248	2546762	169	163	2.192038730500269	105		1
plsdb	MPF_T	0.7	249	103148	172	162	2.1785906401291015	188		1
plsdb	MPF_T	0.7	250	41370	169	162	2.1785906401291015	217		1
plsdb	MPF_T	0.7	251	3907610	163	162	2.1785906401291015	232		1
plsdb	MPF_T	0.7	252	40454	178	161	2.165142549757934	210		1
plsdb	MPF_T	0.7	253	2589502	167	161	2.165142549757934	231		1
plsdb	MPF_T	0.7	254	278480	163	161	2.165142549757934	147		1
plsdb	MPF_T	0.7	255	2568536	164	160	2.1516944593867673	133		1
plsdb	MPF_T	0.7	256	610073	161	160	2.1516944593867673	113		1
plsdb	MPF_T	0.7	257	1689869	164	159	2.1382463690156	98		1
plsdb	MPF_T	0.7	258	16500	159	158	2.1247982786444326	59		1
plsdb	MPF_T	0.7	259	792222	175	158	2.1247982786444326	193		1
plsdb	MPF_T	0.7	260	179266	158	158	2.1247982786444326	212		1
plsdb	MPF_T	0.7	261	919	157	157	2.1113501882732653	96		1
plsdb	MPF_T	0.7	262	131278	157	157	2.1113501882732653	64		1
plsdb	MPF_T	0.7	263	1901	168	156	2.097902097902098	76		1
plsdb	MPF_T	0.7	264	315255	167	155	2.0844540075309306	138		1
plsdb	MPF_T	0.7	265	12219	160	155	2.0844540075309306	83		1
plsdb	MPF_T	0.7	266	216672	156	154	2.0710059171597632	92		1
plsdb	MPF_T	0.7	267	51617	153	152	2.0441097364174285	75	Eex_IncN	1
plsdb	MPF_T	0.7	268	1471266	156	152	2.0441097364174285	118		1
plsdb	MPF_T	0.7	269	66874	158	152	2.0441097364174285	142		1
plsdb	MPF_T	0.7	270	920	151	151	2.0306616460462616	109		1
plsdb	MPF_T	0.7	271	3878224	156	151	2.0306616460462616	204		1
plsdb	MPF_T	0.7	272	744200	151	150	2.0172135556750943	236		1
plsdb	MPF_T	0.7	273	97259	202	148	1.9903173749327596	62		1
plsdb	MPF_T	0.7	274	1114	153	147	1.9768692845615923	150		1
plsdb	MPF_T	0.7	275	16508	147	147	1.9768692845615923	185		1
plsdb	MPF_T	0.7	276	1118178	148	146	1.963421194190425	69		1
plsdb	MPF_T	0.7	277	48726	148	146	1.963421194190425	109		1
plsdb	MPF_T	0.7	278	284534	148	146	1.963421194190425	208		1
plsdb	MPF_T	0.7	279	276100	145	145	1.9499731038192576	170		1
plsdb	MPF_T	0.7	280	2609229	193	145	1.9499731038192576	115		1
plsdb	MPF_T	0.7	281	26232	146	145	1.9499731038192576	78		1
plsdb	MPF_T	0.7	282	2179129	144	144	1.9365250134480905	198		1
plsdb	MPF_T	0.7	283	1749852	145	144	1.9365250134480905	146		1
plsdb	MPF_T	0.7	284	285805	143	143	1.9230769230769231	232		1
plsdb	MPF_T	0.7	285	33423	143	143	1.9230769230769231	143		1
plsdb	MPF_T	0.7	286	2894014	143	142	1.9096288327057558	46		1
plsdb	MPF_T	0.7	287	16506	142	142	1.9096288327057558	130		1
plsdb	MPF_T	0.7	288	26144	144	142	1.9096288327057558	195		1
plsdb	MPF_T	0.7	289	1143129	206	142	1.9096288327057558	88		1
plsdb	MPF_T	0.7	290	348224	144	142	1.9096288327057558	124		1
plsdb	MPF_T	0.7	291	18408	142	141	1.8961807423345884	134		1
plsdb	MPF_T	0.7	292	1047043	233	141	1.8961807423345884	88		1
plsdb	MPF_T	0.7	293	3532871	157	141	1.8961807423345884	222		1
plsdb	MPF_T	0.7	294	33422	141	141	1.8961807423345884	175		1
plsdb	MPF_T	0.7	295	324877	150	140	1.882732651963421	128		1
plsdb	MPF_T	0.7	296	313906	141	140	1.882732651963421	102		1
plsdb	MPF_T	0.7	297	3243155	140	140	1.882732651963421	220		1
plsdb	MPF_T	0.7	298	1880292	144	140	1.882732651963421	67		1
plsdb	MPF_T	0.7	299	33407	140	140	1.882732651963421	94	Eex_IncN	1
plsdb	MPF_T	0.7	300	16505	139	139	1.869284561592254	102		1
plsdb	MPF_T	0.7	301	401318	193	139	1.869284561592254	117		1
plsdb	MPF_T	0.7	302	1053530	140	139	1.869284561592254	178		1
plsdb	MPF_T	0.7	303	1816090	139	139	1.869284561592254	130		1
plsdb	MPF_T	0.7	304	33416	140	139	1.869284561592254	111		1
plsdb	MPF_T	0.7	305	3819761	138	138	1.8558364712210866	75	Eex_IncN	1
plsdb	MPF_T	0.7	306	832764	138	138	1.8558364712210866	144		1
plsdb	MPF_T	0.7	307	33414	139	138	1.8558364712210866	133		1
plsdb	MPF_T	0.7	308	29193	138	137	1.8423883808499193	99		1
plsdb	MPF_T	0.7	309	33417	138	137	1.8423883808499193	102		1
plsdb	MPF_T	0.7	310	12217	140	136	1.828940290478752	73		1
plsdb	MPF_T	0.7	311	879676	160	135	1.8154922001075848	117		1
plsdb	MPF_T	0.7	312	2241148	138	135	1.8154922001075848	168		1
plsdb	MPF_T	0.7	313	3921692	148	134	1.8020441097364175	158		1
plsdb	MPF_T	0.7	314	2308084	135	134	1.8020441097364175	105		1
plsdb	MPF_T	0.7	315	33401	134	134	1.8020441097364175	102		1
plsdb	MPF_T	0.7	316	147120	139	133	1.7885960193652501	202		1
plsdb	MPF_T	0.7	317	2736820	134	133	1.7885960193652501	246		1
plsdb	MPF_T	0.7	318	3754458	135	133	1.7885960193652501	231		1
plsdb	MPF_T	0.7	319	1813	137	133	1.7885960193652501	101		1
plsdb	MPF_T	0.7	320	2963514	133	133	1.7885960193652501	144		1
plsdb	MPF_T	0.7	321	33402	133	133	1.7885960193652501	71		1
plsdb	MPF_T	0.7	322	578295	132	132	1.7751479289940828	95		1
plsdb	MPF_T	0.7	323	31635	131	131	1.7616998386229155	153		1
plsdb	MPF_T	0.7	324	64166	131	129	1.734803657880581	205		1
plsdb	MPF_T	0.7	325	1574296	155	129	1.734803657880581	151		1
plsdb	MPF_T	0.7	326	12223	130	128	1.7213555675094137	217		1
plsdb	MPF_T	0.7	327	98105	132	128	1.7213555675094137	122		1
plsdb	MPF_T	0.7	328	4001631	127	127	1.7079074771382463	211		1
plsdb	MPF_T	0.7	329	12881	126	126	1.694459386767079	156		1
plsdb	MPF_T	0.7	330	17753	127	125	1.6810112963959118	51		1
plsdb	MPF_T	0.7	331	2654973	128	125	1.6810112963959118	149		1
plsdb	MPF_T	0.7	332	17752	126	124	1.6675632060247445	98		1
plsdb	MPF_T	0.7	333	2420452	123	123	1.6541151156535772	217		1
plsdb	MPF_T	0.7	334	3542292	122	122	1.6406670252824098	101		1
plsdb	MPF_T	0.7	335	33398	122	122	1.6406670252824098	162		1
plsdb	MPF_T	0.7	336	1754212	127	121	1.6272189349112427	71		1
plsdb	MPF_T	0.7	337	1199741	124	121	1.6272189349112427	66		1
plsdb	MPF_T	0.7	338	734875	125	120	1.6137708445400754	236		1
plsdb	MPF_T	0.7	339	48751	121	120	1.6137708445400754	88		1
plsdb	MPF_T	0.7	340	127121	120	120	1.6137708445400754	57		1
plsdb	MPF_T	0.7	341	334773	121	120	1.6137708445400754	68		1
plsdb	MPF_T	0.7	342	3818233	126	120	1.6137708445400754	89		1
plsdb	MPF_T	0.7	343	73239	120	120	1.6137708445400754	60		1
plsdb	MPF_T	0.7	344	1625693	122	119	1.600322754168908	116		1
plsdb	MPF_T	0.7	345	3208834	185	119	1.600322754168908	109		1
plsdb	MPF_T	0.7	346	2566629	121	118	1.5868746637977407	201		1
plsdb	MPF_T	0.7	347	84323	118	118	1.5868746637977407	71		1
plsdb	MPF_T	0.7	348	95796	117	117	1.5734265734265733	61		1
plsdb	MPF_T	0.7	349	1121	124	117	1.5734265734265733	226		1
plsdb	MPF_T	0.7	350	2359019	120	117	1.5734265734265733	103		1
plsdb	MPF_T	0.7	351	3884387	130	117	1.5734265734265733	92		1
plsdb	MPF_T	0.7	352	59956	117	117	1.5734265734265733	221		1
plsdb	MPF_T	0.7	353	2856864	118	117	1.5734265734265733	200		1
plsdb	MPF_T	0.7	354	131322	151	117	1.5734265734265733	135		1
plsdb	MPF_T	0.7	355	3644168	118	117	1.5734265734265733	120		1
plsdb	MPF_T	0.7	356	1413476	116	116	1.5599784830554062	183		1
plsdb	MPF_T	0.7	357	95743	116	116	1.5599784830554062	109		1
plsdb	MPF_T	0.7	358	95790	116	116	1.5599784830554062	92		1
plsdb	MPF_T	0.7	359	95792	116	116	1.5599784830554062	105		1
plsdb	MPF_T	0.7	360	95794	116	116	1.5599784830554062	112		1
plsdb	MPF_T	0.7	361	53974	117	116	1.5599784830554062	103		1
plsdb	MPF_T	0.7	362	54310	137	116	1.5599784830554062	99		1
plsdb	MPF_T	0.7	363	1246044	116	115	1.5465303926842389	139		1
plsdb	MPF_T	0.7	364	95756	115	115	1.5465303926842389	122		1
plsdb	MPF_T	0.7	365	95759	116	115	1.5465303926842389	140		1
plsdb	MPF_T	0.7	366	95793	115	115	1.5465303926842389	116		1
plsdb	MPF_T	0.7	367	173568	115	115	1.5465303926842389	116		1
plsdb	MPF_T	0.7	368	784374	114	114	1.5330823023130715	60		1
plsdb	MPF_T	0.7	369	95746	114	114	1.5330823023130715	140		1
plsdb	MPF_T	0.7	370	95758	114	114	1.5330823023130715	143		1
plsdb	MPF_T	0.7	371	95785	114	114	1.5330823023130715	80	Eex_IncN	1
plsdb	MPF_T	0.7	372	95797	114	114	1.5330823023130715	202		1
plsdb	MPF_T	0.7	373	3650912	154	114	1.5330823023130715	158		1
plsdb	MPF_T	0.7	374	41400	115	114	1.5330823023130715	30		1
plsdb	MPF_T	0.7	375	3576645	114	114	1.5330823023130715	102		1
plsdb	MPF_T	0.7	376	857245	136	114	1.5330823023130715	114		1
plsdb	MPF_T	0.7	377	5250	113	113	1.5196342119419042	180		1
plsdb	MPF_T	0.7	378	3783278	113	113	1.5196342119419042	141		1
plsdb	MPF_T	0.7	379	3080294	113	113	1.5196342119419042	50		1
plsdb	MPF_T	0.7	380	2724505	112	112	1.506186121570737	196		1
plsdb	MPF_T	0.7	381	17755	114	112	1.506186121570737	92		1
plsdb	MPF_T	0.7	382	2131539	112	112	1.506186121570737	240		1
plsdb	MPF_T	0.7	383	95795	112	112	1.506186121570737	102		1
plsdb	MPF_T	0.7	384	173009	114	112	1.506186121570737	164		1
plsdb	MPF_T	0.7	385	207313	112	112	1.506186121570737	183		1
plsdb	MPF_T	0.7	386	3308406	133	112	1.506186121570737	158		1
plsdb	MPF_T	0.7	387	18393	112	111	1.4927380311995697	86	Eex_IncN	1
plsdb	MPF_T	0.7	388	3373146	111	111	1.4927380311995697	85		1
plsdb	MPF_T	0.7	389	538389	114	111	1.4927380311995697	136		1
plsdb	MPF_T	0.7	390	2872517	112	111	1.4927380311995697	182		1
plsdb	MPF_T	0.7	391	1267328	151	111	1.4927380311995697	81		1
plsdb	MPF_T	0.7	392	1759492	111	111	1.4927380311995697	68		1
plsdb	MPF_T	0.7	393	3681247	113	111	1.4927380311995697	133		1
plsdb	MPF_T	0.7	394	95747	111	111	1.4927380311995697	96		1
plsdb	MPF_T	0.7	395	95751	111	111	1.4927380311995697	66		1
plsdb	MPF_T	0.7	396	16525	117	111	1.4927380311995697	67		1
plsdb	MPF_T	0.7	397	41435	112	111	1.4927380311995697	64		1
plsdb	MPF_T	0.7	398	18400	110	110	1.4792899408284024	131		1
plsdb	MPF_T	0.7	399	95778	110	110	1.4792899408284024	103		1
plsdb	MPF_T	0.7	400	95798	110	110	1.4792899408284024	110		1
plsdb	MPF_F	0.5	1	3576089	29616	7103	63.87589928057554	234		1
plsdb	MPF_F	0.5	2	755772	6435	6192	55.68345323741007	127		1
plsdb	MPF_F	0.5	3	745932	6078	6034	54.26258992805755	181		1
plsdb	MPF_F	0.5	4	144548	6133	5620	50.539568345323744	77		1
plsdb	MPF_F	0.5	5	3935288	5789	5332	47.94964028776978	76		1
plsdb	MPF_F	0.5	6	3661	5136	4654	41.85251798561151	63		1
plsdb	MPF_F	0.5	7	2186892	5146	4646	41.780575539568346	73		1
plsdb	MPF_F	0.5	8	145007	4260	4040	36.330935251798564	144		1
plsdb	MPF_F	0.5	9	2374977	4155	3875	34.847122302158276	141		1
plsdb	MPF_F	0.5	10	1480375	4221	3764	33.84892086330935	144		1
plsdb	MPF_F	0.5	11	1857878	3770	3731	33.552158273381295	248		1
plsdb	MPF_F	0.5	12	2426222	3665	3624	32.589928057553955	186		1
plsdb	MPF_F	0.5	13	2592755	6431	3593	32.31115107913669	91		1
plsdb	MPF_F	0.5	14	1591	4276	3531	31.753597122302157	115		1
plsdb	MPF_F	0.5	15	1096584	3509	3487	31.357913669064747	94		1
plsdb	MPF_F	0.5	16	2290716	3501	3416	30.719424460431654	180		1
plsdb	MPF_F	0.5	17	2847199	3443	3409	30.656474820143885	196		1
plsdb	MPF_F	0.5	18	1692354	5055	3363	30.242805755395683	91		1
plsdb	MPF_F	0.5	19	2122285	3295	3275	29.451438848920862	85		1
plsdb	MPF_F	0.5	20	1442238	3258	3207	28.83992805755396	227		1
plsdb	MPF_F	0.5	21	417781	5897	3200	28.776978417266186	125		1
plsdb	MPF_F	0.5	22	12844	3224	3170	28.507194244604317	175		1
plsdb	MPF_F	0.5	23	1158088	3176	3136	28.201438848920862	239		1
plsdb	MPF_F	0.5	24	783966	3158	3133	28.174460431654676	246		1
plsdb	MPF_F	0.5	25	2065141	3142	3094	27.823741007194243	140		1
plsdb	MPF_F	0.5	26	789465	3112	3063	27.544964028776977	141		1
plsdb	MPF_F	0.5	27	402754	2995	2974	26.744604316546763	129		1
plsdb	MPF_F	0.5	28	905181	2931	2915	26.214028776978417	128		1
plsdb	MPF_F	0.5	29	4997	2811	2764	24.85611510791367	67		1
plsdb	MPF_F	0.5	30	3549136	2757	2728	24.532374100719423	70		1
plsdb	MPF_F	0.5	31	2243487	2739	2707	24.343525179856115	187		1
plsdb	MPF_F	0.5	32	3552275	2672	2655	23.87589928057554	100		1
plsdb	MPF_F	0.5	33	36798	2870	2650	23.83093525179856	84		1
plsdb	MPF_F	0.5	34	124086	2731	2631	23.66007194244604	191		1
plsdb	MPF_F	0.5	35	1692464	2632	2581	23.21043165467626	185		1
plsdb	MPF_F	0.5	36	905344	2515	2500	22.48201438848921	114		1
plsdb	MPF_F	0.5	37	504912	2481	2464	22.158273381294965	122		1
plsdb	MPF_F	0.5	38	115578	2449	2435	21.89748201438849	84		1
plsdb	MPF_F	0.5	39	327901	2774	2425	21.807553956834532	76		1
plsdb	MPF_F	0.5	40	3497793	2581	2392	21.510791366906474	118		1
plsdb	MPF_F	0.5	41	73268	2384	2367	21.285971223021583	130		1
plsdb	MPF_F	0.5	42	648365	2565	2366	21.276978417266186	120		1
plsdb	MPF_F	0.5	43	3796150	2399	2365	21.26798561151079	105		1
plsdb	MPF_F	0.5	44	2813593	3024	2365	21.26798561151079	115		1
plsdb	MPF_F	0.5	45	1455857	2690	2347	21.10611510791367	138		1
plsdb	MPF_F	0.5	46	755752	2353	2336	21.007194244604317	79		1
plsdb	MPF_F	0.5	47	157954	2340	2325	20.908273381294965	241		1
plsdb	MPF_F	0.5	48	54532	2335	2320	20.863309352517987	197		1
plsdb	MPF_F	0.5	49	185407	2516	2313	20.800359712230215	108		1
plsdb	MPF_F	0.5	50	1145368	2326	2312	20.79136690647482	134		1
plsdb	MPF_F	0.5	51	47595	2327	2311	20.782374100719423	108		1
plsdb	MPF_F	0.5	52	2018612	2473	2291	20.60251798561151	78		1
plsdb	MPF_F	0.5	53	27096	2304	2288	20.575539568345324	130		1
plsdb	MPF_F	0.5	54	3185657	2279	2266	20.37769784172662	72		1
plsdb	MPF_F	0.5	55	2025800	2260	2245	20.18884892086331	84		1
plsdb	MPF_F	0.5	56	2584171	2595	2243	20.17086330935252	144		1
plsdb	MPF_F	0.5	57	3845932	2258	2232	20.071942446043167	75		1
plsdb	MPF_F	0.5	58	3958671	2243	2215	19.91906474820144	95		1
plsdb	MPF_F	0.5	59	2592659	3495	2175	19.559352517985612	97		1
plsdb	MPF_F	0.5	60	164249	2427	2164	19.46043165467626	116		1
plsdb	MPF_F	0.5	61	2918670	2174	2143	19.27158273381295	121		1
plsdb	MPF_F	0.5	62	2556584	2141	2129	19.14568345323741	103		1
plsdb	MPF_F	0.5	63	242474	2351	2126	19.118705035971225	91		1
plsdb	MPF_F	0.5	64	330747	2132	2112	18.992805755395683	242		1
plsdb	MPF_F	0.5	65	53348	2112	2105	18.929856115107913	104		1
plsdb	MPF_F	0.5	66	953178	2218	2097	18.857913669064747	106		1
plsdb	MPF_F	0.5	67	1846851	2112	2030	18.255395683453237	225		1
plsdb	MPF_F	0.5	68	464898	2045	2029	18.246402877697843	119		1
plsdb	MPF_F	0.5	69	45803	2041	2028	18.237410071942445	83		1
plsdb	MPF_F	0.5	70	768254	2204	2016	18.1294964028777	185		1
plsdb	MPF_F	0.5	71	2215958	2146	2016	18.1294964028777	140		1
plsdb	MPF_F	0.5	72	831867	2029	2011	18.084532374100718	187		1
plsdb	MPF_F	0.5	73	120439	2002	1993	17.922661870503596	163	TraS_R100	1
plsdb	MPF_F	0.5	74	1388716	2003	1990	17.89568345323741	85		1
plsdb	MPF_F	0.5	75	2101918	1990	1975	17.760791366906474	110		1
plsdb	MPF_F	0.5	76	3671127	2261	1975	17.760791366906474	121		1
plsdb	MPF_F	0.5	77	267	1946	1945	17.491007194244606	117		1
plsdb	MPF_F	0.5	78	2610288	2094	1936	17.41007194244604	141		1
plsdb	MPF_F	0.5	79	1027999	1954	1932	17.37410071942446	143		1
plsdb	MPF_F	0.5	80	1157197	1914	1897	17.059352517985612	80		1
plsdb	MPF_F	0.5	81	3242013	1908	1895	17.04136690647482	116		1
plsdb	MPF_F	0.5	82	999739	1979	1895	17.04136690647482	85		1
plsdb	MPF_F	0.5	83	3667767	1899	1886	16.96043165467626	90		1
plsdb	MPF_F	0.5	84	86575	1878	1872	16.834532374100718	52		1
plsdb	MPF_F	0.5	85	3025139	1879	1871	16.825539568345324	72		1
plsdb	MPF_F	0.5	86	3947565	1827	1821	16.37589928057554	217		1
plsdb	MPF_F	0.5	87	2542729	1824	1811	16.285971223021583	70		1
plsdb	MPF_F	0.5	88	504016	1837	1793	16.12410071942446	194		1
plsdb	MPF_F	0.5	89	3688276	1786	1773	15.944244604316546	144		1
plsdb	MPF_F	0.5	90	459077	3528	1769	15.908273381294965	192		1
plsdb	MPF_F	0.5	91	27126	1776	1760	15.827338129496402	86		1
plsdb	MPF_F	0.5	92	38682	1762	1760	15.827338129496402	151		1
plsdb	MPF_F	0.5	93	4023022	1767	1755	15.782374100719425	155		1
plsdb	MPF_F	0.5	94	3865462	1748	1746	15.701438848920864	193		1
plsdb	MPF_F	0.5	95	860410	3195	1727	15.530575539568344	226		1
plsdb	MPF_F	0.5	96	1629928	1857	1717	15.440647482014388	40		1
plsdb	MPF_F	0.5	97	83935	1780	1709	15.368705035971223	164		1
plsdb	MPF_F	0.5	98	3833743	1715	1705	15.332733812949641	74		1
plsdb	MPF_F	0.5	99	2428510	1707	1696	15.251798561151078	136		1
plsdb	MPF_F	0.5	100	2931302	1888	1687	15.170863309352518	168		1
plsdb	MPF_F	0.5	101	3167549	1691	1682	15.12589928057554	92		1
plsdb	MPF_F	0.5	102	39653	1705	1679	15.098920863309353	153		1
plsdb	MPF_F	0.5	103	221812	1721	1673	15.04496402877698	141		1
plsdb	MPF_F	0.5	104	11864	1658	1658	14.910071942446043	212		1
plsdb	MPF_F	0.5	105	487046	1822	1657	14.901079136690647	199		1
plsdb	MPF_F	0.5	106	3941683	1879	1656	14.892086330935252	233		1
plsdb	MPF_F	0.5	107	1996399	1653	1651	14.847122302158274	212		1
plsdb	MPF_F	0.5	108	62	1646	1645	14.793165467625899	213		1
plsdb	MPF_F	0.5	109	753175	1640	1633	14.68525179856115	119		1
plsdb	MPF_F	0.5	110	3051325	1695	1629	14.649280575539569	237		1
plsdb	MPF_F	0.5	111	419358	1632	1627	14.631294964028777	143		1
plsdb	MPF_F	0.5	112	449230	1644	1601	14.397482014388489	115		1
plsdb	MPF_F	0.5	113	831797	1606	1596	14.352517985611511	147		1
plsdb	MPF_F	0.5	114	51820	1603	1594	14.33453237410072	196		1
plsdb	MPF_F	0.5	115	2028323	1598	1594	14.33453237410072	117		1
plsdb	MPF_F	0.5	116	3447202	1593	1585	14.253597122302159	146		1
plsdb	MPF_F	0.5	117	2467918	1564	1555	13.983812949640289	124		1
plsdb	MPF_F	0.5	118	190915	1558	1555	13.983812949640289	228		1
plsdb	MPF_F	0.5	119	3497932	1540	1539	13.839928057553957	65		1
plsdb	MPF_F	0.5	120	27116	1547	1538	13.83093525179856	229		1
plsdb	MPF_F	0.5	121	3569095	1595	1536	13.81294964028777	202		1
plsdb	MPF_F	0.5	122	2382080	1541	1531	13.767985611510792	245		1
plsdb	MPF_F	0.5	123	2966843	1538	1527	13.732014388489208	126		1
plsdb	MPF_F	0.5	124	419347	1495	1493	13.426258992805755	149		1
plsdb	MPF_F	0.5	125	2673086	1538	1468	13.201438848920864	67		1
plsdb	MPF_F	0.5	126	566282	1520	1467	13.192446043165468	108		1
plsdb	MPF_F	0.5	127	2705284	1464	1462	13.147482014388489	134		1
plsdb	MPF_F	0.5	128	341196	1463	1459	13.120503597122303	34		1
plsdb	MPF_F	0.5	129	3139993	1472	1452	13.057553956834532	102		1
plsdb	MPF_F	0.5	130	3140008	1456	1447	13.012589928057555	88		1
plsdb	MPF_F	0.5	131	616977	1564	1443	12.976618705035971	95		1
plsdb	MPF_F	0.5	132	2081877	1447	1434	12.89568345323741	173		1
plsdb	MPF_F	0.5	133	1547296	1458	1426	12.823741007194245	98		1
plsdb	MPF_F	0.5	134	3057002	1437	1418	12.751798561151078	137		1
plsdb	MPF_F	0.5	135	221602	1424	1417	12.742805755395683	216		1
plsdb	MPF_F	0.5	136	2265267	1524	1412	12.697841726618705	116		1
plsdb	MPF_F	0.5	137	16	1402	1399	12.58093525179856	150		1
plsdb	MPF_F	0.5	138	17	1396	1394	12.535971223021583	141		1
plsdb	MPF_F	0.5	139	340618	1396	1394	12.535971223021583	70		1
plsdb	MPF_F	0.5	140	3291676	1395	1394	12.535971223021583	55		1
plsdb	MPF_F	0.5	141	1149428	1394	1392	12.517985611510792	170		1
plsdb	MPF_F	0.5	142	2	1392	1391	12.508992805755396	160		1
plsdb	MPF_F	0.5	143	35665	1392	1390	12.5	109		1
plsdb	MPF_F	0.5	144	1932073	1392	1390	12.5	129		1
plsdb	MPF_F	0.5	145	11072	1391	1388	12.482014388489208	44		1
plsdb	MPF_F	0.5	146	11092	1392	1387	12.473021582733812	91		1
plsdb	MPF_F	0.5	147	11341	1392	1387	12.473021582733812	178		1
plsdb	MPF_F	0.5	148	31	1389	1386	12.464028776978417	125		1
plsdb	MPF_F	0.5	149	11068	1388	1386	12.464028776978417	193		1
plsdb	MPF_F	0.5	150	11060	1387	1385	12.45503597122302	173		1
plsdb	MPF_F	0.5	151	37	1389	1384	12.446043165467627	73		1
plsdb	MPF_F	0.5	152	11086	1386	1381	12.41906474820144	173		1
plsdb	MPF_F	0.5	153	2966832	2138	1381	12.41906474820144	108		1
plsdb	MPF_F	0.5	154	11094	1384	1380	12.410071942446043	85		1
plsdb	MPF_F	0.5	155	11043	1380	1379	12.401079136690647	66		1
plsdb	MPF_F	0.5	156	140179	1373	1371	12.329136690647482	58		1
plsdb	MPF_F	0.5	157	959943	1386	1370	12.320143884892087	186		1
plsdb	MPF_F	0.5	158	3088506	1368	1368	12.302158273381295	130		1
plsdb	MPF_F	0.5	159	49	1368	1365	12.275179856115107	148		1
plsdb	MPF_F	0.5	160	912727	1563	1364	12.266187050359711	134		1
plsdb	MPF_F	0.5	161	123564	1366	1363	12.257194244604317	108		1
plsdb	MPF_F	0.5	162	163711	1480	1360	12.23021582733813	160		1
plsdb	MPF_F	0.5	163	267166	1414	1358	12.212230215827338	76		1
plsdb	MPF_F	0.5	164	240259	1359	1357	12.203237410071942	93		1
plsdb	MPF_F	0.5	165	1914458	1360	1344	12.086330935251798	144		1
plsdb	MPF_F	0.5	166	310870	1344	1344	12.086330935251798	87		1
plsdb	MPF_F	0.5	167	3316571	1366	1341	12.059352517985612	120		1
plsdb	MPF_F	0.5	168	1958289	1348	1340	12.050359712230216	117		1
plsdb	MPF_F	0.5	169	1339649	1340	1332	11.97841726618705	65		1
plsdb	MPF_F	0.5	170	135093	1852	1331	11.969424460431656	97		1
plsdb	MPF_F	0.5	171	2888	1332	1325	11.91546762589928	39		1
plsdb	MPF_F	0.5	172	81	1319	1319	11.861510791366907	121		1
plsdb	MPF_F	0.5	173	10950	1313	1312	11.798561151079136	135		1
plsdb	MPF_F	0.5	174	11394	1313	1312	11.798561151079136	238		1
plsdb	MPF_F	0.5	175	1583689	1314	1309	11.77158273381295	198		1
plsdb	MPF_F	0.5	176	2925529	1309	1306	11.744604316546763	101		1
plsdb	MPF_F	0.5	177	791552	1316	1301	11.699640287769784	235		1
plsdb	MPF_F	0.5	178	27123	1290	1285	11.555755395683454	214		1
plsdb	MPF_F	0.5	179	235	1287	1285	11.555755395683454	98		1
plsdb	MPF_F	0.5	180	11020	1285	1283	11.537769784172662	156		1
plsdb	MPF_F	0.5	181	973018	1395	1278	11.492805755395683	88		1
plsdb	MPF_F	0.5	182	1131712	1290	1274	11.456834532374101	93		1
plsdb	MPF_F	0.5	183	96939	1260	1255	11.285971223021583	223		1
plsdb	MPF_F	0.5	184	1746257	1252	1250	11.241007194244604	103		1
plsdb	MPF_F	0.5	185	3963025	1251	1250	11.241007194244604	74		1
plsdb	MPF_F	0.5	186	1499674	1247	1245	11.196043165467627	103		1
plsdb	MPF_F	0.5	187	11677	1243	1242	11.16906474820144	67		1
plsdb	MPF_F	0.5	188	613938	1248	1241	11.160071942446043	122		1
plsdb	MPF_F	0.5	189	10982	1244	1241	11.160071942446043	145		1
plsdb	MPF_F	0.5	190	233564	1511	1234	11.097122302158274	98		1
plsdb	MPF_F	0.5	191	2171831	1242	1234	11.097122302158274	75		1
plsdb	MPF_F	0.5	192	11434	1231	1229	11.052158273381295	79		1
plsdb	MPF_F	0.5	193	190905	1235	1227	11.034172661870503	73		1
plsdb	MPF_F	0.5	194	219	1227	1226	11.025179856115107	177		1
plsdb	MPF_F	0.5	195	11000	1223	1222	10.989208633093526	163		1
plsdb	MPF_F	0.5	196	86195	1312	1220	10.971223021582734	131		1
plsdb	MPF_F	0.5	197	685217	1219	1217	10.944244604316546	220		1
plsdb	MPF_F	0.5	198	2150267	1531	1216	10.93525179856115	157		1
plsdb	MPF_F	0.5	199	10981	1218	1216	10.93525179856115	178		1
plsdb	MPF_F	0.5	200	178	1221	1215	10.926258992805755	161		1
plsdb	MPF_F	0.5	201	76093	1219	1214	10.917266187050359	245		1
plsdb	MPF_F	0.5	202	175	1214	1211	10.890287769784173	170		1
plsdb	MPF_F	0.5	203	2391916	1213	1211	10.890287769784173	243		1
plsdb	MPF_F	0.5	204	3535054	1223	1209	10.872302158273381	161		1
plsdb	MPF_F	0.5	205	2804	1200	1199	10.782374100719425	130		1
plsdb	MPF_F	0.5	206	391973	1246	1194	10.737410071942445	203		1
plsdb	MPF_F	0.5	207	789705	1192	1192	10.719424460431656	249		1
plsdb	MPF_F	0.5	208	3689401	1214	1192	10.719424460431656	165		1
plsdb	MPF_F	0.5	209	350489	1184	1183	10.638489208633093	203		1
plsdb	MPF_F	0.5	210	826753	1179	1176	10.575539568345324	103		1
plsdb	MPF_F	0.5	211	3353285	1180	1173	10.548561151079136	83		1
plsdb	MPF_F	0.5	212	1270054	1201	1165	10.476618705035971	80		1
plsdb	MPF_F	0.5	213	794878	1167	1165	10.476618705035971	185		1
plsdb	MPF_F	0.5	214	615009	1151	1151	10.350719424460431	63		1
plsdb	MPF_F	0.5	215	1337559	1147	1143	10.278776978417266	142		1
plsdb	MPF_F	0.5	216	318287	1152	1133	10.18884892086331	118		1
plsdb	MPF_F	0.5	217	1515811	1150	1130	10.161870503597122	101		1
plsdb	MPF_F	0.5	218	815198	1129	1122	10.089928057553957	101		1
plsdb	MPF_F	0.5	219	28301	1121	1119	10.06294964028777	68		1
plsdb	MPF_F	0.5	220	487892	1153	1117	10.04496402877698	101		1
plsdb	MPF_F	0.5	221	1692	1112	1111	9.991007194244604	153		1
plsdb	MPF_F	0.5	222	2432745	1195	1108	9.964028776978417	182		1
plsdb	MPF_F	0.5	223	843297	1115	1106	9.946043165467627	49		1
plsdb	MPF_F	0.5	224	135	1106	1105	9.93705035971223	67		1
plsdb	MPF_F	0.5	225	170380	1107	1104	9.928057553956835	116		1
plsdb	MPF_F	0.5	226	46	1106	1102	9.910071942446043	154		1
plsdb	MPF_F	0.5	227	2660	1102	1098	9.87410071942446	57		1
plsdb	MPF_F	0.5	228	350364	1098	1096	9.856115107913668	218		1
plsdb	MPF_F	0.5	229	3981163	1095	1092	9.820143884892087	186		1
plsdb	MPF_F	0.5	230	2414614	1110	1091	9.81115107913669	180		1
plsdb	MPF_F	0.5	231	253	1086	1085	9.757194244604317	208		1
plsdb	MPF_F	0.5	232	266	1084	1083	9.739208633093526	82		1
plsdb	MPF_F	0.5	233	11311	1078	1076	9.676258992805755	221		1
plsdb	MPF_F	0.5	234	1361015	1089	1073	9.649280575539569	76		1
plsdb	MPF_F	0.5	235	419306	1089	1072	9.640287769784173	177		1
plsdb	MPF_F	0.5	236	953181	1083	1070	9.622302158273381	115		1
plsdb	MPF_F	0.5	237	2917347	1066	1064	9.568345323741006	125		1
plsdb	MPF_F	0.5	238	839253	1063	1060	9.532374100719425	96		1
plsdb	MPF_F	0.5	239	908828	1061	1059	9.523381294964029	84		1
plsdb	MPF_F	0.5	240	86	1061	1059	9.523381294964029	136		1
plsdb	MPF_F	0.5	241	2200342	1098	1057	9.505395683453237	90		1
plsdb	MPF_F	0.5	242	11420	1059	1057	9.505395683453237	85		1
plsdb	MPF_F	0.5	243	126625	1057	1056	9.496402877697841	171		1
plsdb	MPF_F	0.5	244	121	1046	1046	9.406474820143885	175		1
plsdb	MPF_F	0.5	245	1868303	1045	1045	9.397482014388489	203		1
plsdb	MPF_F	0.5	246	28392	1044	1042	9.370503597122303	95		1
plsdb	MPF_F	0.5	247	982888	1357	1041	9.361510791366907	87		1
plsdb	MPF_F	0.5	248	1688620	1067	1040	9.352517985611511	83		1
plsdb	MPF_F	0.5	249	207187	1035	1033	9.28956834532374	98		1
plsdb	MPF_F	0.5	250	1430925	1033	1032	9.280575539568344	116		1
plsdb	MPF_F	0.5	251	14	1032	1031	9.27158273381295	212		1
plsdb	MPF_F	0.5	252	126791	1031	1027	9.235611510791367	131		1
plsdb	MPF_F	0.5	253	2734540	1280	1025	9.217625899280575	204		1
plsdb	MPF_F	0.5	254	104195	1026	1024	9.20863309352518	239		1
plsdb	MPF_F	0.5	255	112621	1065	1024	9.20863309352518	218		1
plsdb	MPF_F	0.5	256	124	1025	1023	9.199640287769784	76		1
plsdb	MPF_F	0.5	257	1283892	1023	1022	9.190647482014388	202		1
plsdb	MPF_F	0.5	258	224	1024	1022	9.190647482014388	149		1
plsdb	MPF_F	0.5	259	14723	1031	1017	9.14568345323741	85		1
plsdb	MPF_F	0.5	260	3375	1073	1014	9.118705035971223	74		1
plsdb	MPF_F	0.5	261	384756	1059	1011	9.091726618705035	110		1
plsdb	MPF_F	0.5	262	125643	1011	1005	9.037769784172662	85		1
plsdb	MPF_F	0.5	263	1546569	1005	1003	9.01978417266187	153		1
plsdb	MPF_F	0.5	264	3113920	1004	1000	8.992805755395683	111		1
plsdb	MPF_F	0.5	265	857738	998	994	8.93884892086331	75		1
plsdb	MPF_F	0.5	266	654122	992	992	8.920863309352518	63		1
plsdb	MPF_F	0.5	267	254	992	990	8.902877697841726	93		1
plsdb	MPF_F	0.5	268	1465597	993	989	8.893884892086332	132		1
plsdb	MPF_F	0.5	269	3678035	991	988	8.884892086330936	229		1
plsdb	MPF_F	0.5	270	209	988	987	8.87589928057554	66		1
plsdb	MPF_F	0.5	271	690546	1039	985	8.857913669064748	245		1
plsdb	MPF_F	0.5	272	206	983	981	8.821942446043165	201		1
plsdb	MPF_F	0.5	273	571773	983	981	8.821942446043165	75		1
plsdb	MPF_F	0.5	274	2966803	1019	979	8.803956834532373	201		1
plsdb	MPF_F	0.5	275	350448	978	977	8.785971223021583	58		1
plsdb	MPF_F	0.5	276	232	979	977	8.785971223021583	142		1
plsdb	MPF_F	0.5	277	215	978	976	8.776978417266188	106		1
plsdb	MPF_F	0.5	278	14773	982	973	8.75	85		1
plsdb	MPF_F	0.5	279	226	974	971	8.732014388489208	85		1
plsdb	MPF_F	0.5	280	983003	975	971	8.732014388489208	94		1
plsdb	MPF_F	0.5	281	198	970	969	8.714028776978417	199		1
plsdb	MPF_F	0.5	282	3051328	969	969	8.714028776978417	120		1
plsdb	MPF_F	0.5	283	189	971	968	8.70503597122302	122		1
plsdb	MPF_F	0.5	284	211	968	967	8.696043165467627	67		1
plsdb	MPF_F	0.5	285	141485	978	965	8.678057553956835	116		1
plsdb	MPF_F	0.5	286	11637	965	963	8.660071942446043	62		1
plsdb	MPF_F	0.5	287	446	982	962	8.651079136690647	58		1
plsdb	MPF_F	0.5	288	3051326	961	961	8.642086330935252	181		1
plsdb	MPF_F	0.5	289	194	961	958	8.615107913669064	93		1
plsdb	MPF_F	0.5	290	234944	957	955	8.588129496402878	176		1
plsdb	MPF_F	0.5	291	186	954	950	8.543165467625899	117		1
plsdb	MPF_F	0.5	292	20734	948	948	8.525179856115107	205		1
plsdb	MPF_F	0.5	293	166	937	936	8.417266187050359	140		1
plsdb	MPF_F	0.5	294	1919158	934	931	8.372302158273381	100		1
plsdb	MPF_F	0.5	295	2792233	931	929	8.35431654676259	126		1
plsdb	MPF_F	0.5	296	566284	930	929	8.35431654676259	178		1
plsdb	MPF_F	0.5	297	2668414	930	928	8.345323741007194	126		1
plsdb	MPF_F	0.5	298	1121531	930	928	8.345323741007194	84		1
plsdb	MPF_F	0.5	299	551593	949	927	8.336330935251798	157		1
plsdb	MPF_F	0.5	300	756150	1080	926	8.327338129496402	210		1
plsdb	MPF_F	0.5	301	1559330	928	924	8.309352517985612	133		1
plsdb	MPF_F	0.5	302	74362	929	921	8.282374100719425	90		1
plsdb	MPF_F	0.5	303	240296	919	918	8.255395683453237	67		1
plsdb	MPF_F	0.5	304	8671	912	911	8.192446043165468	90		1
plsdb	MPF_F	0.5	305	51274	899	898	8.075539568345324	181		1
plsdb	MPF_F	0.5	306	8626	898	898	8.075539568345324	173		1
plsdb	MPF_F	0.5	307	67992	908	898	8.075539568345324	189		1
plsdb	MPF_F	0.5	308	8616	891	891	8.012589928057555	97		1
plsdb	MPF_F	0.5	309	383061	893	890	8.003597122302159	169		1
plsdb	MPF_F	0.5	310	2665668	913	889	7.994604316546763	235		1
plsdb	MPF_F	0.5	311	3794479	891	885	7.9586330935251794	241		1
plsdb	MPF_F	0.5	312	125678	883	883	7.940647482014389	198		1
plsdb	MPF_F	0.5	313	3114766	883	882	7.931654676258993	205		1
plsdb	MPF_F	0.5	314	3757483	890	882	7.931654676258993	83		1
plsdb	MPF_F	0.5	315	188088	877	877	7.886690647482014	104		1
plsdb	MPF_F	0.5	316	149936	877	877	7.886690647482014	144		1
plsdb	MPF_F	0.5	317	1335	876	875	7.868705035971223	47		1
plsdb	MPF_F	0.5	318	3689726	873	873	7.850719424460432	97		1
plsdb	MPF_F	0.5	319	3377326	874	873	7.850719424460432	105		1
plsdb	MPF_F	0.5	320	1339	874	873	7.850719424460432	168		1
plsdb	MPF_F	0.5	321	1260	873	873	7.850719424460432	173		1
plsdb	MPF_F	0.5	322	14755	873	873	7.850719424460432	165		1
plsdb	MPF_F	0.5	323	1812795	873	872	7.841726618705036	176		1
plsdb	MPF_F	0.5	324	4752	873	872	7.841726618705036	178		1
plsdb	MPF_F	0.5	325	1259	871	871	7.83273381294964	202		1
plsdb	MPF_F	0.5	326	51570	870	870	7.823741007194244	175		1
plsdb	MPF_F	0.5	327	3967748	869	869	7.8147482014388485	179		1
plsdb	MPF_F	0.5	328	1355	870	869	7.8147482014388485	125		1
plsdb	MPF_F	0.5	329	14783	872	869	7.8147482014388485	65		1
plsdb	MPF_F	0.5	330	2750242	927	869	7.8147482014388485	150		1
plsdb	MPF_F	0.5	331	2497639	870	868	7.805755395683454	141		1
plsdb	MPF_F	0.5	332	1262	867	866	7.787769784172662	157		1
plsdb	MPF_F	0.5	333	4649	866	866	7.787769784172662	75		1
plsdb	MPF_F	0.5	334	3114741	865	865	7.778776978417266	139		1
plsdb	MPF_F	0.5	335	1269	865	865	7.778776978417266	148		1
plsdb	MPF_F	0.5	336	103747	862	862	7.751798561151079	121		1
plsdb	MPF_F	0.5	337	812164	870	862	7.751798561151079	71		1
plsdb	MPF_F	0.5	338	1262436	861	861	7.7428057553956835	220		1
plsdb	MPF_F	0.5	339	3658518	860	860	7.733812949640288	47		1
plsdb	MPF_F	0.5	340	3639189	860	860	7.733812949640288	172		1
plsdb	MPF_F	0.5	341	1330	860	859	7.724820143884892	103		1
plsdb	MPF_F	0.5	342	1119716	859	858	7.715827338129497	103		1
plsdb	MPF_F	0.5	343	2523457	858	857	7.706834532374101	205		1
plsdb	MPF_F	0.5	344	3017895	874	857	7.706834532374101	118		1
plsdb	MPF_F	0.5	345	1558748	857	856	7.697841726618705	224		1
plsdb	MPF_F	0.5	346	1354	854	853	7.670863309352518	148		1
plsdb	MPF_F	0.5	347	14768	855	853	7.670863309352518	89		1
plsdb	MPF_F	0.5	348	52266	855	853	7.670863309352518	72		1
plsdb	MPF_F	0.5	349	249332	855	852	7.661870503597123	163		1
plsdb	MPF_F	0.5	350	1278594	855	851	7.652877697841727	186		1
plsdb	MPF_F	0.5	351	2323579	850	849	7.634892086330935	211		1
plsdb	MPF_F	0.5	352	14732	847	847	7.616906474820144	134		1
plsdb	MPF_F	0.5	353	3420200	847	846	7.607913669064748	93		1
plsdb	MPF_F	0.5	354	567150	846	846	7.607913669064748	134		1
plsdb	MPF_F	0.5	355	1058060	846	844	7.589928057553957	157		1
plsdb	MPF_F	0.5	356	25805	845	842	7.571942446043166	93		1
plsdb	MPF_F	0.5	357	3848232	841	840	7.553956834532374	92		1
plsdb	MPF_F	0.5	358	1480617	844	839	7.544964028776978	101		1
plsdb	MPF_F	0.5	359	264558	837	837	7.526978417266187	123		1
plsdb	MPF_F	0.5	360	2256430	869	832	7.482014388489208	163		1
plsdb	MPF_F	0.5	361	3886552	834	832	7.482014388489208	92		1
plsdb	MPF_F	0.5	362	1070540	841	831	7.473021582733813	207		1
plsdb	MPF_F	0.5	363	1280	830	830	7.4640287769784175	64		1
plsdb	MPF_F	0.5	364	51520	829	829	7.455035971223022	221		1
plsdb	MPF_F	0.5	365	1277	826	825	7.419064748201439	100		1
plsdb	MPF_F	0.5	366	51573	825	825	7.419064748201439	111		1
plsdb	MPF_F	0.5	367	3033079	847	824	7.410071942446043	214		1
plsdb	MPF_F	0.5	368	335404	823	823	7.401079136690647	120		1
plsdb	MPF_F	0.5	369	1558751	823	822	7.392086330935252	166		1
plsdb	MPF_F	0.5	370	3701743	821	821	7.383093525179856	183		1
plsdb	MPF_F	0.5	371	4011957	819	819	7.365107913669065	90		1
plsdb	MPF_F	0.5	372	335398	819	819	7.365107913669065	92		1
plsdb	MPF_F	0.5	373	1376	818	818	7.356115107913669	106		1
plsdb	MPF_F	0.5	374	2192927	819	818	7.356115107913669	125		1
plsdb	MPF_F	0.5	375	3114789	817	817	7.347122302158273	213		1
plsdb	MPF_F	0.5	376	1458	817	816	7.338129496402877	95		1
plsdb	MPF_F	0.5	377	1833943	899	816	7.338129496402877	91		1
plsdb	MPF_F	0.5	378	1223854	817	816	7.338129496402877	191		1
plsdb	MPF_F	0.5	379	2848030	815	815	7.329136690647482	119		1
plsdb	MPF_F	0.5	380	1757245	819	815	7.329136690647482	140		1
plsdb	MPF_F	0.5	381	1558715	815	815	7.329136690647482	142		1
plsdb	MPF_F	0.5	382	383036	813	812	7.302158273381295	115		1
plsdb	MPF_F	0.5	383	207004	822	812	7.302158273381295	164		1
plsdb	MPF_F	0.5	384	4703	812	812	7.302158273381295	223		1
plsdb	MPF_F	0.5	385	1337	812	811	7.293165467625899	93		1
plsdb	MPF_F	0.5	386	1036519	810	809	7.275179856115108	200		1
plsdb	MPF_F	0.5	387	322267	809	808	7.266187050359712	162		1
plsdb	MPF_F	0.5	388	2363669	808	808	7.266187050359712	62		1
plsdb	MPF_F	0.5	389	1558827	808	807	7.2571942446043165	218		1
plsdb	MPF_F	0.5	390	1125717	823	807	7.2571942446043165	67		1
plsdb	MPF_F	0.5	391	1251511	807	807	7.2571942446043165	182		1
plsdb	MPF_F	0.5	392	14787	806	805	7.239208633093525	87		1
plsdb	MPF_F	0.5	393	521608	800	800	7.194244604316546	156		1
plsdb	MPF_F	0.5	394	296596	792	792	7.122302158273381	162		1
plsdb	MPF_F	0.5	395	1735316	1018	792	7.122302158273381	115		1
plsdb	MPF_F	0.5	396	2661006	791	791	7.113309352517986	123		1
plsdb	MPF_F	0.5	397	1410	791	790	7.10431654676259	128		1
plsdb	MPF_F	0.5	398	14839	789	789	7.095323741007194	173		1
plsdb	MPF_F	0.5	399	3689837	789	789	7.095323741007194	61		1
plsdb	MPF_F	0.5	400	14239	784	783	7.0413669064748206	204		1
plsdb	MPF_F	0.7	1	2909039	29618	7104	63.884892086330936	234		1
plsdb	MPF_F	0.7	2	273579	5846	5805	52.20323741007194	181		1
plsdb	MPF_F	0.7	3	2611530	12240	5713	51.37589928057554	91		1
plsdb	MPF_F	0.7	4	3216774	5511	5067	45.56654676258993	76		1
plsdb	MPF_F	0.7	5	1465628	3674	3634	32.67985611510792	127		1
plsdb	MPF_F	0.7	6	2426222	3663	3622	32.57194244604317	186		1
plsdb	MPF_F	0.7	7	772578	3600	3578	32.17625899280576	128		1
plsdb	MPF_F	0.7	8	2775886	4245	3515	31.609712230215827	115		1
plsdb	MPF_F	0.7	9	1810902	3544	3506	31.528776978417266	248		1
plsdb	MPF_F	0.7	10	1096584	3478	3456	31.07913669064748	94		1
plsdb	MPF_F	0.7	11	852020	3283	3264	29.35251798561151	85		1
plsdb	MPF_F	0.7	12	3872804	3266	3218	28.93884892086331	63		1
plsdb	MPF_F	0.7	13	3949	3405	3193	28.714028776978417	73		1
plsdb	MPF_F	0.7	14	122302	3204	3177	28.570143884892087	196		1
plsdb	MPF_F	0.7	15	1971125	3217	3168	28.489208633093526	144		1
plsdb	MPF_F	0.7	16	1157116	3211	3166	28.471223021582734	77		1
plsdb	MPF_F	0.7	17	3610479	3158	3133	28.174460431654676	246		1
plsdb	MPF_F	0.7	18	1158088	3164	3125	28.10251798561151	239		1
plsdb	MPF_F	0.7	19	167228	5786	3120	28.057553956834532	125		1
plsdb	MPF_F	0.7	20	2065141	3150	3101	27.886690647482013	140		1
plsdb	MPF_F	0.7	21	1442238	3026	2980	26.798561151079138	227		1
plsdb	MPF_F	0.7	22	2578640	2839	2793	25.116906474820144	144		1
plsdb	MPF_F	0.7	23	2243487	2733	2701	24.28956834532374	187		1
plsdb	MPF_F	0.7	24	3237086	2720	2693	24.217625899280577	70		1
plsdb	MPF_F	0.7	25	249376	2893	2666	23.97482014388489	82		1
plsdb	MPF_F	0.7	26	3552275	2670	2653	23.857913669064747	100		1
plsdb	MPF_F	0.7	27	36798	2869	2649	23.821942446043167	84		1
plsdb	MPF_F	0.7	28	3820442	2673	2619	23.552158273381295	185		1
plsdb	MPF_F	0.7	29	2918670	2550	2527	22.72482014388489	121		1
plsdb	MPF_F	0.7	30	373	2482	2465	22.16726618705036	122		1
plsdb	MPF_F	0.7	31	3093880	2429	2395	21.537769784172664	105		1
plsdb	MPF_F	0.7	32	890624	2736	2390	21.492805755395683	76		1
plsdb	MPF_F	0.7	33	2200191	2565	2366	21.276978417266186	120		1
plsdb	MPF_F	0.7	34	755752	2352	2335	20.99820143884892	79		1
plsdb	MPF_F	0.7	35	3610394	2672	2329	20.944244604316548	138		1
plsdb	MPF_F	0.7	36	157954	2340	2325	20.908273381294965	241		1
plsdb	MPF_F	0.7	37	3602597	2514	2319	20.85431654676259	78		1
plsdb	MPF_F	0.7	38	3140007	2299	2283	20.530575539568346	108		1
plsdb	MPF_F	0.7	39	2282978	2263	2248	20.215827338129497	197		1
plsdb	MPF_F	0.7	40	2584171	2588	2237	20.116906474820144	144		1
plsdb	MPF_F	0.7	41	75260	2231	2218	19.946043165467625	72		1
plsdb	MPF_F	0.7	42	363	2200	2186	19.658273381294965	130		1
plsdb	MPF_F	0.7	43	40594	4206	2176	19.568345323741006	97		1
plsdb	MPF_F	0.7	44	47606	2176	2164	19.46043165467626	134		1
plsdb	MPF_F	0.7	45	164249	2391	2152	19.35251798561151	116		1
plsdb	MPF_F	0.7	46	267200	2137	2125	19.109712230215827	103		1
plsdb	MPF_F	0.7	47	199063	2141	2121	19.073741007194243	242		1
plsdb	MPF_F	0.7	48	4780	2337	2115	19.019784172661872	91		1
plsdb	MPF_F	0.7	49	1701020	2107	2100	18.884892086330936	104		1
plsdb	MPF_F	0.7	50	3981297	2101	2057	18.49820143884892	180		1
plsdb	MPF_F	0.7	51	1846851	2112	2030	18.255395683453237	225		1
plsdb	MPF_F	0.7	52	2822789	2044	2028	18.237410071942445	119		1
plsdb	MPF_F	0.7	53	45803	2040	2027	18.22841726618705	83		1
plsdb	MPF_F	0.7	54	1193112	2028	2010	18.075539568345324	187		1
plsdb	MPF_F	0.7	55	403	2020	2000	17.985611510791365	75		1
plsdb	MPF_F	0.7	56	3414585	2181	1994	17.931654676258994	185		1
plsdb	MPF_F	0.7	57	2423	2118	1990	17.89568345323741	140		1
plsdb	MPF_F	0.7	58	1388716	2003	1990	17.89568345323741	85		1
plsdb	MPF_F	0.7	59	2101918	1993	1978	17.787769784172664	110		1
plsdb	MPF_F	0.7	60	361112	1968	1952	17.553956834532375	118		1
plsdb	MPF_F	0.7	61	15154	1944	1928	17.33812949640288	95		1
plsdb	MPF_F	0.7	62	939389	2046	1890	16.996402877697843	141		1
plsdb	MPF_F	0.7	63	798377	1903	1890	16.996402877697843	116		1
plsdb	MPF_F	0.7	64	391	1899	1886	16.96043165467626	90		1
plsdb	MPF_F	0.7	65	56603	1920	1885	16.951438848920862	141		1
plsdb	MPF_F	0.7	66	3864154	1879	1871	16.825539568345324	72		1
plsdb	MPF_F	0.7	67	2227881	1877	1871	16.825539568345324	52		1
plsdb	MPF_F	0.7	68	56663	1855	1846	16.600719424460433	163	TraS_R100	1
plsdb	MPF_F	0.7	69	2546900	2105	1843	16.573741007194243	199		1
plsdb	MPF_F	0.7	70	158123	1855	1843	16.573741007194243	129		1
plsdb	MPF_F	0.7	71	3947565	1824	1818	16.348920863309353	217		1
plsdb	MPF_F	0.7	72	2980600	1842	1798	16.16906474820144	194		1
plsdb	MPF_F	0.7	73	3688276	1786	1773	15.944244604316546	144		1
plsdb	MPF_F	0.7	74	2781162	1758	1757	15.800359712230216	191		1
plsdb	MPF_F	0.7	75	1454344	1759	1757	15.800359712230216	192		1
plsdb	MPF_F	0.7	76	38682	1758	1756	15.79136690647482	151		1
plsdb	MPF_F	0.7	77	3865462	1741	1739	15.638489208633093	193		1
plsdb	MPF_F	0.7	78	3525198	1803	1729	15.548561151079136	164		1
plsdb	MPF_F	0.7	79	1629928	1857	1717	15.440647482014388	40		1
plsdb	MPF_F	0.7	80	584193	1721	1710	15.377697841726619	70		1
plsdb	MPF_F	0.7	81	386	1712	1702	15.305755395683454	74		1
plsdb	MPF_F	0.7	82	3167549	1690	1681	15.116906474820144	92		1
plsdb	MPF_F	0.7	83	87985	1714	1675	15.06294964028777	190		1
plsdb	MPF_F	0.7	84	953178	1677	1669	15.008992805755396	106		1
plsdb	MPF_F	0.7	85	11864	1657	1657	14.901079136690647	212		1
plsdb	MPF_F	0.7	86	39653	1672	1647	14.81115107913669	153		1
plsdb	MPF_F	0.7	87	2516220	1654	1645	14.793165467625899	136		1
plsdb	MPF_F	0.7	88	62	1645	1644	14.784172661870503	213		1
plsdb	MPF_F	0.7	89	3989670	1646	1644	14.784172661870503	212		1
plsdb	MPF_F	0.7	90	884452	1837	1638	14.73021582733813	168		1
plsdb	MPF_F	0.7	91	2006343	1636	1633	14.68525179856115	226		1
plsdb	MPF_F	0.7	92	419358	1630	1625	14.613309352517986	143		1
plsdb	MPF_F	0.7	93	3214702	1685	1618	14.550359712230216	237		1
plsdb	MPF_F	0.7	94	185407	1615	1606	14.442446043165468	108		1
plsdb	MPF_F	0.7	95	330948	1639	1604	14.424460431654676	142		1
plsdb	MPF_F	0.7	96	630118	1600	1594	14.33453237410072	82		1
plsdb	MPF_F	0.7	97	1027999	1609	1593	14.325539568345324	143		1
plsdb	MPF_F	0.7	98	48483	1596	1592	14.316546762589928	117		1
plsdb	MPF_F	0.7	99	3076700	1599	1590	14.298561151079136	147		1
plsdb	MPF_F	0.7	100	3447202	1592	1585	14.253597122302159	146		1
plsdb	MPF_F	0.7	101	2514	1767	1569	14.109712230215827	63		1
plsdb	MPF_F	0.7	102	431	1600	1569	14.109712230215827	67		1
plsdb	MPF_F	0.7	103	51820	1559	1550	13.93884892086331	196		1
plsdb	MPF_F	0.7	104	579988	1558	1549	13.929856115107913	124		1
plsdb	MPF_F	0.7	105	3497932	1540	1539	13.839928057553957	65		1
plsdb	MPF_F	0.7	106	976219	1544	1534	13.79496402877698	245		1
plsdb	MPF_F	0.7	107	3671127	1754	1515	13.62410071942446	121		1
plsdb	MPF_F	0.7	108	96756	1680	1495	13.444244604316546	139		1
plsdb	MPF_F	0.7	109	419347	1495	1493	13.426258992805755	149		1
plsdb	MPF_F	0.7	110	2470	1491	1487	13.372302158273381	126		1
plsdb	MPF_F	0.7	111	2052730	1492	1478	13.29136690647482	179		1
plsdb	MPF_F	0.7	112	3447325	1479	1467	13.192446043165468	141		1
plsdb	MPF_F	0.7	113	341196	1463	1459	13.120503597122303	34		1
plsdb	MPF_F	0.7	114	31914	1525	1457	13.102517985611511	67		1
plsdb	MPF_F	0.7	115	48606	1461	1453	13.066546762589928	229		1
plsdb	MPF_F	0.7	116	141483	1451	1447	13.012589928057555	226		1
plsdb	MPF_F	0.7	117	354	1454	1445	12.994604316546763	88		1
plsdb	MPF_F	0.7	118	803270	1416	1409	12.670863309352518	216		1
plsdb	MPF_F	0.7	119	190891	1412	1407	12.652877697841726	115		1
plsdb	MPF_F	0.7	120	92231	1415	1407	12.652877697841726	130		1
plsdb	MPF_F	0.7	121	16	1402	1399	12.58093525179856	150		1
plsdb	MPF_F	0.7	122	47576	1399	1393	12.526978417266188	82		1
plsdb	MPF_F	0.7	123	1121885	1424	1393	12.526978417266188	98		1
plsdb	MPF_F	0.7	124	1932073	1392	1390	12.5	129		1
plsdb	MPF_F	0.7	125	35665	1392	1390	12.5	109		1
plsdb	MPF_F	0.7	126	11072	1391	1388	12.482014388489208	44		1
plsdb	MPF_F	0.7	127	31	1389	1386	12.464028776978417	125		1
plsdb	MPF_F	0.7	128	693385	1388	1386	12.464028776978417	170		1
plsdb	MPF_F	0.7	129	54	1382	1381	12.41906474820144	70		1
plsdb	MPF_F	0.7	130	1573176	1371	1368	12.302158273381295	228		1
plsdb	MPF_F	0.7	131	3673490	1377	1345	12.095323741007194	73		1
plsdb	MPF_F	0.7	132	1958289	1343	1335	12.005395683453237	117		1
plsdb	MPF_F	0.7	133	789465	1333	1330	11.96043165467626	141		1
plsdb	MPF_F	0.7	134	3057002	1333	1329	11.951438848920864	137		1
plsdb	MPF_F	0.7	135	3013885	1328	1326	11.924460431654676	93		1
plsdb	MPF_F	0.7	136	2888	1331	1325	11.91546762589928	39		1
plsdb	MPF_F	0.7	137	1337548	1377	1323	11.897482014388489	76		1
plsdb	MPF_F	0.7	138	1339649	1327	1319	11.861510791366907	65		1
plsdb	MPF_F	0.7	139	3479213	1372	1317	11.843525179856115	233		1
plsdb	MPF_F	0.7	140	221975	2054	1315	11.825539568345324	108		1
plsdb	MPF_F	0.7	141	47578	1324	1312	11.798561151079136	102		1
plsdb	MPF_F	0.7	142	285423	1313	1308	11.762589928057555	198		1
plsdb	MPF_F	0.7	143	3088506	1306	1306	11.744604316546763	130		1
plsdb	MPF_F	0.7	144	791552	1316	1301	11.699640287769784	235		1
plsdb	MPF_F	0.7	145	2925529	1298	1295	11.64568345323741	101		1
plsdb	MPF_F	0.7	146	1215631	1310	1291	11.609712230215827	116		1
plsdb	MPF_F	0.7	147	71045	1304	1288	11.582733812949641	120		1
plsdb	MPF_F	0.7	148	235	1287	1285	11.555755395683454	98		1
plsdb	MPF_F	0.7	149	352476	1395	1278	11.492805755395683	88		1
plsdb	MPF_F	0.7	150	470572	1283	1278	11.492805755395683	214		1
plsdb	MPF_F	0.7	151	12035	1287	1275	11.465827338129497	143		1
plsdb	MPF_F	0.7	152	1131712	1290	1274	11.456834532374101	93		1
plsdb	MPF_F	0.7	153	890546	1294	1269	11.411870503597122	203		1
plsdb	MPF_F	0.7	154	546739	1295	1266	11.384892086330936	160		1
plsdb	MPF_F	0.7	155	96939	1260	1255	11.285971223021583	223		1
plsdb	MPF_F	0.7	156	2892075	1266	1251	11.25	141		1
plsdb	MPF_F	0.7	157	1746257	1252	1250	11.241007194244604	103		1
plsdb	MPF_F	0.7	158	2929411	1285	1250	11.241007194244604	107		1
plsdb	MPF_F	0.7	159	613938	1248	1241	11.160071942446043	122		1
plsdb	MPF_F	0.7	160	685217	1219	1217	10.944244604316546	220		1
plsdb	MPF_F	0.7	161	178	1218	1213	10.908273381294965	161		1
plsdb	MPF_F	0.7	162	175	1214	1211	10.890287769784173	170		1
plsdb	MPF_F	0.7	163	135143	1206	1206	10.845323741007194	155		1
plsdb	MPF_F	0.7	164	3689401	1214	1192	10.719424460431656	165		1
plsdb	MPF_F	0.7	165	789705	1192	1192	10.719424460431656	249		1
plsdb	MPF_F	0.7	166	86195	1268	1189	10.692446043165468	131		1
plsdb	MPF_F	0.7	167	11008	1174	1172	10.53956834532374	103		1
plsdb	MPF_F	0.7	168	2108662	1201	1165	10.476618705035971	80		1
plsdb	MPF_F	0.7	169	219	1158	1157	10.404676258992806	177		1
plsdb	MPF_F	0.7	170	896788	1163	1154	10.377697841726619	69		1
plsdb	MPF_F	0.7	171	2688695	1164	1151	10.350719424460431	86		1
plsdb	MPF_F	0.7	172	2081877	1152	1141	10.260791366906474	173		1
plsdb	MPF_F	0.7	173	3065	1264	1138	10.233812949640289	116		1
plsdb	MPF_F	0.7	174	159927	1152	1132	10.179856115107913	101		1
plsdb	MPF_F	0.7	175	83	1130	1126	10.12589928057554	98		1
plsdb	MPF_F	0.7	176	3651935	1127	1120	10.071942446043165	101		1
plsdb	MPF_F	0.7	177	1326	1154	1119	10.06294964028777	101		1
plsdb	MPF_F	0.7	178	28301	1121	1119	10.06294964028777	68		1
plsdb	MPF_F	0.7	179	80	1115	1115	10.026978417266188	63		1
plsdb	MPF_F	0.7	180	161	1115	1115	10.026978417266188	144		1
plsdb	MPF_F	0.7	181	2	1114	1113	10.008992805755396	160		1
plsdb	MPF_F	0.7	182	17	1115	1113	10.008992805755396	141		1
plsdb	MPF_F	0.7	183	267	1114	1113	10.008992805755396	117		1
plsdb	MPF_F	0.7	184	1692	1112	1111	9.991007194244604	153		1
plsdb	MPF_F	0.7	185	81	1110	1110	9.982014388489208	123		1
plsdb	MPF_F	0.7	186	48	1111	1107	9.95503597122302	178		1
plsdb	MPF_F	0.7	187	18	1108	1106	9.946043165467627	193		1
plsdb	MPF_F	0.7	188	37	1110	1105	9.93705035971223	73		1
plsdb	MPF_F	0.7	189	3435766	1109	1105	9.93705035971223	91		1
plsdb	MPF_F	0.7	190	3800474	1107	1105	9.93705035971223	173		1
plsdb	MPF_F	0.7	191	135	1106	1105	9.93705035971223	67		1
plsdb	MPF_F	0.7	192	49	1106	1104	9.928057553956835	148		1
plsdb	MPF_F	0.7	193	133	1105	1104	9.928057553956835	55		1
plsdb	MPF_F	0.7	194	1570480	1107	1102	9.910071942446043	173		1
plsdb	MPF_F	0.7	195	693419	1103	1102	9.910071942446043	66		1
plsdb	MPF_F	0.7	196	693359	1105	1101	9.901079136690647	154		1
plsdb	MPF_F	0.7	197	2660	1102	1098	9.87410071942446	57		1
plsdb	MPF_F	0.7	198	646834	1106	1098	9.87410071942446	113		1
plsdb	MPF_F	0.7	199	232076	1110	1094	9.838129496402878	76		1
plsdb	MPF_F	0.7	200	350364	1095	1093	9.829136690647482	218		1
plsdb	MPF_F	0.7	201	256	1094	1092	9.820143884892087	58		1
plsdb	MPF_F	0.7	202	3981163	1095	1092	9.820143884892087	186		1
plsdb	MPF_F	0.7	203	693420	1093	1092	9.820143884892087	238		1
plsdb	MPF_F	0.7	204	2414614	1110	1091	9.81115107913669	180		1
plsdb	MPF_F	0.7	205	3098317	1091	1089	9.793165467625899	85		1
plsdb	MPF_F	0.7	206	253	1085	1084	9.748201438848922	208		1
plsdb	MPF_F	0.7	207	266	1084	1083	9.739208633093526	82		1
plsdb	MPF_F	0.7	208	310870	1072	1072	9.640287769784173	87		1
plsdb	MPF_F	0.7	209	40723	1076	1071	9.631294964028777	73		1
plsdb	MPF_F	0.7	210	1343991	1153	1064	9.568345323741006	182		1
plsdb	MPF_F	0.7	211	953181	1074	1061	9.54136690647482	115		1
plsdb	MPF_F	0.7	212	167628	1061	1059	9.523381294964029	84		1
plsdb	MPF_F	0.7	213	86	1060	1058	9.514388489208633	136		1
plsdb	MPF_F	0.7	214	126625	1057	1056	9.496402877697841	171		1
plsdb	MPF_F	0.7	215	1526948	1056	1054	9.47841726618705	83		1
plsdb	MPF_F	0.7	216	2200342	1094	1053	9.469424460431656	90		1
plsdb	MPF_F	0.7	217	2992	1060	1053	9.469424460431656	49		1
plsdb	MPF_F	0.7	218	1868303	1045	1045	9.397482014388489	203		1
plsdb	MPF_F	0.7	219	28392	1044	1042	9.370503597122303	95		1
plsdb	MPF_F	0.7	220	119263	1358	1040	9.352517985611511	87		1
plsdb	MPF_F	0.7	221	207187	1035	1033	9.28956834532374	98		1
plsdb	MPF_F	0.7	222	14	1032	1031	9.27158273381295	212		1
plsdb	MPF_F	0.7	223	3221212	1030	1027	9.235611510791367	175		1
plsdb	MPF_F	0.7	224	124	1024	1022	9.190647482014388	76		1
plsdb	MPF_F	0.7	225	3015796	1024	1021	9.181654676258994	84		1
plsdb	MPF_F	0.7	226	47616	1021	1019	9.163669064748202	127		1
plsdb	MPF_F	0.7	227	122	1020	1019	9.163669064748202	135		1
plsdb	MPF_F	0.7	228	14723	1031	1017	9.14568345323741	85		1
plsdb	MPF_F	0.7	229	2934011	1073	1014	9.118705035971223	74		1
plsdb	MPF_F	0.7	230	3990034	1014	1012	9.100719424460431	156		1
plsdb	MPF_F	0.7	231	753175	1015	1011	9.091726618705035	119		1
plsdb	MPF_F	0.7	232	3681	1013	1009	9.073741007194245	131		1
plsdb	MPF_F	0.7	233	255	1005	1003	9.01978417266187	153		1
plsdb	MPF_F	0.7	234	121	1003	1003	9.01978417266187	175		1
plsdb	MPF_F	0.7	235	654122	992	992	8.920863309352518	63		1
plsdb	MPF_F	0.7	236	2171819	991	990	8.902877697841726	115		1
plsdb	MPF_F	0.7	237	254	991	989	8.893884892086332	93		1
plsdb	MPF_F	0.7	238	857738	991	987	8.87589928057554	75		1
plsdb	MPF_F	0.7	239	208	989	987	8.87589928057554	103		1
plsdb	MPF_F	0.7	240	209	988	987	8.87589928057554	66		1
plsdb	MPF_F	0.7	241	2917347	989	987	8.87589928057554	125		1
plsdb	MPF_F	0.7	242	3798376	990	986	8.866906474820144	132		1
plsdb	MPF_F	0.7	243	231	988	986	8.866906474820144	85		1
plsdb	MPF_F	0.7	244	210	985	984	8.848920863309353	74		1
plsdb	MPF_F	0.7	245	11677	982	981	8.821942446043165	67		1
plsdb	MPF_F	0.7	246	206	983	981	8.821942446043165	201		1
plsdb	MPF_F	0.7	247	571773	982	980	8.81294964028777	75		1
plsdb	MPF_F	0.7	248	48522	994	979	8.803956834532373	97		1
plsdb	MPF_F	0.7	249	232	979	977	8.785971223021583	142		1
plsdb	MPF_F	0.7	250	2750288	978	977	8.785971223021583	116		1
plsdb	MPF_F	0.7	251	215	978	976	8.776978417266188	106		1
plsdb	MPF_F	0.7	252	196	977	976	8.776978417266188	58		1
plsdb	MPF_F	0.7	253	1436308	1016	976	8.776978417266188	201		1
plsdb	MPF_F	0.7	254	2283403	977	975	8.767985611510792	239		1
plsdb	MPF_F	0.7	255	3678035	977	974	8.758992805755396	229		1
plsdb	MPF_F	0.7	256	2141829	1022	972	8.741007194244604	245		1
plsdb	MPF_F	0.7	257	2534326	975	972	8.741007194244604	145		1
plsdb	MPF_F	0.7	258	226	974	971	8.732014388489208	85		1
plsdb	MPF_F	0.7	259	983003	975	971	8.732014388489208	94		1
plsdb	MPF_F	0.7	260	227	973	970	8.723021582733812	108		1
plsdb	MPF_F	0.7	261	1283910	972	970	8.723021582733812	202		1
plsdb	MPF_F	0.7	262	198	970	969	8.714028776978417	199		1
plsdb	MPF_F	0.7	263	2585989	971	968	8.70503597122302	122		1
plsdb	MPF_F	0.7	264	3981216	968	968	8.70503597122302	120		1
plsdb	MPF_F	0.7	265	213	968	967	8.696043165467627	163		1
plsdb	MPF_F	0.7	266	211	968	967	8.696043165467627	67		1
plsdb	MPF_F	0.7	267	11637	965	963	8.660071942446043	62		1
plsdb	MPF_F	0.7	268	3051326	961	961	8.642086330935252	181		1
plsdb	MPF_F	0.7	269	2289520	973	959	8.62410071942446	177		1
plsdb	MPF_F	0.7	270	190	961	959	8.62410071942446	178		1
plsdb	MPF_F	0.7	271	2171831	958	957	8.606115107913668	75		1
plsdb	MPF_F	0.7	272	194	960	957	8.606115107913668	93		1
plsdb	MPF_F	0.7	273	14773	961	955	8.588129496402878	85		1
plsdb	MPF_F	0.7	274	186	954	950	8.543165467625899	117		1
plsdb	MPF_F	0.7	275	446	969	949	8.534172661870503	58		1
plsdb	MPF_F	0.7	276	76093	952	949	8.534172661870503	245		1
plsdb	MPF_F	0.7	277	185	947	945	8.498201438848922	243		1
plsdb	MPF_F	0.7	278	350420	939	937	8.426258992805755	79		1
plsdb	MPF_F	0.7	279	2804	938	937	8.426258992805755	130		1
plsdb	MPF_F	0.7	280	2237655	937	936	8.417266187050359	140		1
plsdb	MPF_F	0.7	281	31188	936	933	8.390287769784173	158		1
plsdb	MPF_F	0.7	282	3781902	932	931	8.372302158273381	203		1
plsdb	MPF_F	0.7	283	1919158	934	931	8.372302158273381	100		1
plsdb	MPF_F	0.7	284	2668414	930	928	8.345323741007194	126		1
plsdb	MPF_F	0.7	285	157888	926	926	8.327338129496402	108		1
plsdb	MPF_F	0.7	286	2991	931	925	8.318345323741006	85		1
plsdb	MPF_F	0.7	287	1559330	928	924	8.309352517985612	133		1
plsdb	MPF_F	0.7	288	757715	987	920	8.273381294964029	121		1
plsdb	MPF_F	0.7	289	2306077	1067	914	8.219424460431656	210		1
plsdb	MPF_F	0.7	290	2807	910	909	8.174460431654676	172		1
plsdb	MPF_F	0.7	291	1290992	948	909	8.174460431654676	115		1
plsdb	MPF_F	0.7	292	35627	910	909	8.174460431654676	67		1
plsdb	MPF_F	0.7	293	142	907	906	8.147482014388489	134		1
plsdb	MPF_F	0.7	294	14762	902	902	8.111510791366907	178		1
plsdb	MPF_F	0.7	295	67992	908	898	8.075539568345324	189		1
plsdb	MPF_F	0.7	296	488228	994	897	8.066546762589928	115		1
plsdb	MPF_F	0.7	297	8671	897	896	8.057553956834532	90		1
plsdb	MPF_F	0.7	298	3785805	901	896	8.057553956834532	143		1
plsdb	MPF_F	0.7	299	447064	891	889	7.994604316546763	96		1
plsdb	MPF_F	0.7	300	555097	881	879	7.904676258992806	84		1
plsdb	MPF_F	0.7	301	1335	876	875	7.868705035971223	47		1
plsdb	MPF_F	0.7	302	2592705	873	873	7.850719424460432	165		1
plsdb	MPF_F	0.7	303	3114749	872	872	7.841726618705036	173		1
plsdb	MPF_F	0.7	304	4684	872	871	7.83273381294964	181		1
plsdb	MPF_F	0.7	305	2750242	927	869	7.8147482014388485	150		1
plsdb	MPF_F	0.7	306	25808	872	869	7.8147482014388485	65		1
plsdb	MPF_F	0.7	307	1349	869	868	7.805755395683454	205		1
plsdb	MPF_F	0.7	308	2497639	870	868	7.805755395683454	141		1
plsdb	MPF_F	0.7	309	51570	867	867	7.796762589928058	175		1
plsdb	MPF_F	0.7	310	139	869	867	7.796762589928058	221		1
plsdb	MPF_F	0.7	311	2471940	867	866	7.787769784172662	157		1
plsdb	MPF_F	0.7	312	3111604	866	866	7.787769784172662	90		1
plsdb	MPF_F	0.7	313	4649	866	866	7.787769784172662	75		1
plsdb	MPF_F	0.7	314	188088	866	866	7.787769784172662	104		1
plsdb	MPF_F	0.7	315	798310	959	865	7.778776978417266	115		1
plsdb	MPF_F	0.7	316	1269	865	865	7.778776978417266	148		1
plsdb	MPF_F	0.7	317	1339	865	864	7.76978417266187	168		1
plsdb	MPF_F	0.7	318	3003	867	864	7.76978417266187	169		1
plsdb	MPF_F	0.7	319	1259	863	863	7.760791366906475	202		1
plsdb	MPF_F	0.7	320	1260	862	862	7.751798561151079	173		1
plsdb	MPF_F	0.7	321	1262436	861	861	7.7428057553956835	220		1
plsdb	MPF_F	0.7	322	4653	861	861	7.7428057553956835	97		1
plsdb	MPF_F	0.7	323	813426	861	861	7.7428057553956835	144		1
plsdb	MPF_F	0.7	324	3114780	885	861	7.7428057553956835	235		1
plsdb	MPF_F	0.7	325	1357	860	860	7.733812949640288	47		1
plsdb	MPF_F	0.7	326	2665625	860	860	7.733812949640288	172		1
plsdb	MPF_F	0.7	327	1330	860	859	7.724820143884892	103		1
plsdb	MPF_F	0.7	328	1355	859	858	7.715827338129497	125		1
plsdb	MPF_F	0.7	329	1119716	859	858	7.715827338129497	103		1
plsdb	MPF_F	0.7	330	2885679	857	857	7.706834532374101	179		1
plsdb	MPF_F	0.7	331	3017895	874	857	7.706834532374101	118		1
plsdb	MPF_F	0.7	332	103747	856	856	7.697841726618705	121		1
plsdb	MPF_F	0.7	333	2523457	857	856	7.697841726618705	205		1
plsdb	MPF_F	0.7	334	3701741	856	856	7.697841726618705	97		1
plsdb	MPF_F	0.7	335	1558748	857	856	7.697841726618705	224		1
plsdb	MPF_F	0.7	336	812164	861	853	7.670863309352518	71		1
plsdb	MPF_F	0.7	337	14768	855	853	7.670863309352518	89		1
plsdb	MPF_F	0.7	338	52266	855	853	7.670863309352518	72		1
plsdb	MPF_F	0.7	339	1354	853	852	7.661870503597123	148		1
plsdb	MPF_F	0.7	340	1278594	855	851	7.652877697841727	186		1
plsdb	MPF_F	0.7	341	1475	851	851	7.652877697841727	139		1
plsdb	MPF_F	0.7	342	328127	952	850	7.643884892086331	141		1
plsdb	MPF_F	0.7	343	2431916	850	849	7.634892086330935	211		1
plsdb	MPF_F	0.7	344	4752	849	848	7.625899280575539	178		1
plsdb	MPF_F	0.7	345	1637304	847	847	7.616906474820144	134		1
plsdb	MPF_F	0.7	346	2592706	846	846	7.607913669064748	134		1
plsdb	MPF_F	0.7	347	3368917	846	844	7.589928057553957	84		1
plsdb	MPF_F	0.7	348	25805	845	842	7.571942446043166	93		1
plsdb	MPF_F	0.7	349	1070435	841	841	7.56294964028777	198		1
plsdb	MPF_F	0.7	350	1369	841	840	7.553956834532374	176		1
plsdb	MPF_F	0.7	351	2841652	844	839	7.544964028776978	130		1
plsdb	MPF_F	0.7	352	1480617	843	838	7.5359712230215825	101		1
plsdb	MPF_F	0.7	353	1058060	838	838	7.5359712230215825	157		1
plsdb	MPF_F	0.7	354	60550	838	837	7.526978417266187	105		1
plsdb	MPF_F	0.7	355	264558	837	837	7.526978417266187	123		1
plsdb	MPF_F	0.7	356	1457	836	835	7.508992805755396	93		1
plsdb	MPF_F	0.7	357	2580922	833	832	7.482014388489208	92		1
plsdb	MPF_F	0.7	358	3236915	869	832	7.482014388489208	163		1
plsdb	MPF_F	0.7	359	551593	854	832	7.482014388489208	157		1
plsdb	MPF_F	0.7	360	716355	837	832	7.482014388489208	241		1
plsdb	MPF_F	0.7	361	1280	829	829	7.455035971223022	64		1
plsdb	MPF_F	0.7	362	4812	825	825	7.419064748201439	120		1
plsdb	MPF_F	0.7	363	1465	824	824	7.410071942446043	92		1
plsdb	MPF_F	0.7	364	1558751	823	822	7.392086330935252	166		1
plsdb	MPF_F	0.7	365	3033079	844	821	7.383093525179856	214		1
plsdb	MPF_F	0.7	366	4707	821	821	7.383093525179856	213		1
plsdb	MPF_F	0.7	367	1277	821	820	7.374100719424461	100		1
plsdb	MPF_F	0.7	368	1278	820	820	7.374100719424461	116		1
plsdb	MPF_F	0.7	369	2192927	819	818	7.356115107913669	125		1
plsdb	MPF_F	0.7	370	648382	817	816	7.338129496402877	95		1
plsdb	MPF_F	0.7	371	2848030	815	815	7.329136690647482	119		1
plsdb	MPF_F	0.7	372	1558715	815	815	7.329136690647482	142		1
plsdb	MPF_F	0.7	373	322233	813	813	7.311151079136691	111		1
plsdb	MPF_F	0.7	374	1337	811	810	7.284172661870503	93		1
plsdb	MPF_F	0.7	375	1036519	810	809	7.275179856115108	200		1
plsdb	MPF_F	0.7	376	1283892	810	809	7.275179856115108	202		1
plsdb	MPF_F	0.7	377	4011957	808	808	7.266187050359712	90		1
plsdb	MPF_F	0.7	378	322267	809	808	7.266187050359712	162		1
plsdb	MPF_F	0.7	379	2363669	808	808	7.266187050359712	62		1
plsdb	MPF_F	0.7	380	899922	823	807	7.2571942446043165	67		1
plsdb	MPF_F	0.7	381	1558827	808	807	7.2571942446043165	218		1
plsdb	MPF_F	0.7	382	14787	806	805	7.239208633093525	87		1
plsdb	MPF_F	0.7	383	28010	809	805	7.239208633093525	140		1
plsdb	MPF_F	0.7	384	3106554	803	803	7.221223021582734	182		1
plsdb	MPF_F	0.7	385	586023	803	803	7.221223021582734	221		1
plsdb	MPF_F	0.7	386	4001129	825	800	7.194244604316546	218		1
plsdb	MPF_F	0.7	387	521608	800	800	7.194244604316546	156		1
plsdb	MPF_F	0.7	388	4703	798	798	7.176258992805756	223		1
plsdb	MPF_F	0.7	389	296596	792	792	7.122302158273381	162		1
plsdb	MPF_F	0.7	390	1281	791	791	7.113309352517986	123		1
plsdb	MPF_F	0.7	391	866101	792	791	7.113309352517986	92		1
plsdb	MPF_F	0.7	392	1494562	789	789	7.095323741007194	173		1
plsdb	MPF_F	0.7	393	1378	787	787	7.077338129496403	61		1
plsdb	MPF_F	0.7	394	1804946	786	785	7.059352517985611	191		1
plsdb	MPF_F	0.7	395	1285	783	783	7.0413669064748206	165		1
plsdb	MPF_F	0.7	396	3967768	784	782	7.032374100719425	163		1
plsdb	MPF_F	0.7	397	2282924	786	780	7.014388489208633	225		1
plsdb	MPF_F	0.7	398	1376	779	779	7.005395683453237	106		1
plsdb	MPF_F	0.7	399	14780	779	779	7.005395683453237	101		1
plsdb	MPF_F	0.7	400	126576	783	777	6.987410071942446	118		1
plsdb	MPF_I	0.5	1	540428	2105	2093	56.08252947481243	152		1
plsdb	MPF_I	0.5	2	2117366	1884	1865	49.97320471596999	63		1
plsdb	MPF_I	0.5	3	1442313	1823	1814	48.60664523043944	227		1
plsdb	MPF_I	0.5	4	38129	1813	1802	48.28510182207931	73		1
plsdb	MPF_I	0.5	5	2184336	1799	1778	47.642015005359056	141		1
plsdb	MPF_I	0.5	6	921877	1764	1759	47.132904608788856	194		1
plsdb	MPF_I	0.5	7	2193592	1882	1754	46.9989281886388	83		1
plsdb	MPF_I	0.5	8	38324	1761	1752	46.945337620578776	145		1
plsdb	MPF_I	0.5	9	1293883	1748	1741	46.650589496248664	111		1
plsdb	MPF_I	0.5	10	285995	1872	1734	46.463022508038584	88		1
plsdb	MPF_I	0.5	11	1344496	1740	1729	46.32904608788853	144		1
plsdb	MPF_I	0.5	12	3893116	1745	1726	46.248660235798496	77		1
plsdb	MPF_I	0.5	13	473426	1708	1697	45.47159699892819	144		1
plsdb	MPF_I	0.5	14	3505060	1704	1689	45.257234726688104	166		1
plsdb	MPF_I	0.5	15	3483	1721	1683	45.09646302250804	175		1
plsdb	MPF_I	0.5	16	3900685	1671	1655	44.346195069667736	183		1
plsdb	MPF_I	0.5	17	112507	1666	1652	44.265809217577704	144		1
plsdb	MPF_I	0.5	18	1993	1657	1640	43.944265809217576	239		1
plsdb	MPF_I	0.5	19	2533002	1609	1601	42.89924973204716	140		1
plsdb	MPF_I	0.5	20	2714115	1560	1540	41.264737406216504	200		1
plsdb	MPF_I	0.5	21	1530666	1539	1537	41.18435155412647	82		1
plsdb	MPF_I	0.5	22	2117355	1496	1488	39.87138263665595	110		1
plsdb	MPF_I	0.5	23	3179069	1427	1419	38.02250803858521	217	ExcA	1
plsdb	MPF_I	0.5	24	1994	1414	1404	37.62057877813505	198		1
plsdb	MPF_I	0.5	25	897075	3996	1403	37.59378349410504	234		1
plsdb	MPF_I	0.5	26	481158	1404	1395	37.37942122186495	60		1
plsdb	MPF_I	0.5	27	2184409	1353	1347	36.09324758842444	145		1
plsdb	MPF_I	0.5	28	4158	1381	1338	35.852090032154344	51		1
plsdb	MPF_I	0.5	29	285918	1345	1333	35.71811361200429	204		1
plsdb	MPF_I	0.5	30	2184374	1327	1320	35.369774919614144	62		1
plsdb	MPF_I	0.5	31	1378444	1314	1302	34.88745980707395	194		1
plsdb	MPF_I	0.5	32	285905	1296	1294	34.67309753483387	95		1
plsdb	MPF_I	0.5	33	3768260	1291	1288	34.51232583065381	177		1
plsdb	MPF_I	0.5	34	507	1287	1286	34.458735262593784	147		1
plsdb	MPF_I	0.5	35	2053	1279	1271	34.056806002143624	150		1
plsdb	MPF_I	0.5	36	2161139	1327	1271	34.056806002143624	196		1
plsdb	MPF_I	0.5	37	2033770	1271	1268	33.97642015005359	246		1
plsdb	MPF_I	0.5	38	2184401	1275	1260	33.762057877813504	218		1
plsdb	MPF_I	0.5	39	877528	1260	1255	33.62808145766345	227		1
plsdb	MPF_I	0.5	40	4009843	1257	1252	33.547695605573416	84		1
plsdb	MPF_I	0.5	41	2895291	1251	1226	32.851018220793144	85		1
plsdb	MPF_I	0.5	42	3564530	1208	1202	32.20793140407288	197		1
plsdb	MPF_I	0.5	43	72806	1199	1195	32.02036441586281	58		1
plsdb	MPF_I	0.5	44	2684152	1179	1175	31.484458735262592	83		1
plsdb	MPF_I	0.5	45	500	1168	1167	31.270096463022508	82		1
plsdb	MPF_I	0.5	46	196671	1159	1158	31.028938906752412	161		1
plsdb	MPF_I	0.5	47	1048	1157	1156	30.975348338692392	146		1
plsdb	MPF_I	0.5	48	3236603	1157	1155	30.94855305466238	59		1
plsdb	MPF_I	0.5	49	2340	1150	1149	30.787781350482316	159		1
plsdb	MPF_I	0.5	50	2161219	1130	1128	30.225080385852092	69		1
plsdb	MPF_I	0.5	51	3045040	1130	1127	30.19828510182208	144		1
plsdb	MPF_I	0.5	52	509	1128	1127	30.19828510182208	168		1
plsdb	MPF_I	0.5	53	331674	1118	1115	29.876741693461952	69		1
plsdb	MPF_I	0.5	54	2903760	1110	1109	29.715969989281888	94		1
plsdb	MPF_I	0.5	55	1037	1108	1107	29.662379421221864	149		1
plsdb	MPF_I	0.5	56	515	1107	1106	29.635584137191856	88		1
plsdb	MPF_I	0.5	57	787243	1096	1095	29.340836012861736	112		1
plsdb	MPF_I	0.5	58	134105	1096	1095	29.340836012861736	76		1
plsdb	MPF_I	0.5	59	1044	1081	1079	28.912111468381564	37		1
plsdb	MPF_I	0.5	60	3635392	1037	1036	27.759914255091104	101		1
plsdb	MPF_I	0.5	61	1046	1035	1034	27.706323687031084	136		1
plsdb	MPF_I	0.5	62	2902607	1014	1013	27.143622722400856	187		1
plsdb	MPF_I	0.5	63	1263233	980	977	26.178992497320472	85		1
plsdb	MPF_I	0.5	64	2983538	978	975	26.125401929260452	110		1
plsdb	MPF_I	0.5	65	55246	956	956	25.616291532690248	153		1
plsdb	MPF_I	0.5	66	501	954	953	25.535905680600216	195		1
plsdb	MPF_I	0.5	67	3124835	946	946	25.34833869239014	181		1
plsdb	MPF_I	0.5	68	526	942	941	25.214362272240084	65		1
plsdb	MPF_I	0.5	69	527	942	941	25.214362272240084	136		1
plsdb	MPF_I	0.5	70	534	937	937	25.107181136120044	164		1
plsdb	MPF_I	0.5	71	511	937	936	25.080385852090032	136		1
plsdb	MPF_I	0.5	72	504	936	935	25.05359056806002	82		1
plsdb	MPF_I	0.5	73	23793	934	934	25.026795284030012	114		1
plsdb	MPF_I	0.5	74	476	934	933	25.0	131		1
plsdb	MPF_I	0.5	75	1747798	934	932	24.973204715969988	156		1
plsdb	MPF_I	0.5	76	75151	932	932	24.973204715969988	194		1
plsdb	MPF_I	0.5	77	1214244	932	932	24.973204715969988	198		1
plsdb	MPF_I	0.5	78	2714070	931	931	24.94640943193998	227		1
plsdb	MPF_I	0.5	79	491	930	930	24.919614147909968	72		1
plsdb	MPF_I	0.5	80	103275	929	929	24.892818863879956	76		1
plsdb	MPF_I	0.5	81	477	915	914	24.490889603429796	116		1
plsdb	MPF_I	0.5	82	2117278	1592	910	24.383708467309752	91		1
plsdb	MPF_I	0.5	83	2055545	907	907	24.30332261521972	166		1
plsdb	MPF_I	0.5	84	1054	901	901	24.142550911039656	46		1
plsdb	MPF_I	0.5	85	1056	900	900	24.115755627009648	105		1
plsdb	MPF_I	0.5	86	1053	894	894	23.95498392282958	178		1
plsdb	MPF_I	0.5	87	61937	895	894	23.95498392282958	144		1
plsdb	MPF_I	0.5	88	1050	892	891	23.874598070739548	73		1
plsdb	MPF_I	0.5	89	180421	889	889	23.821007502679528	121		1
plsdb	MPF_I	0.5	90	1052	888	887	23.767416934619508	103		1
plsdb	MPF_I	0.5	91	2317605	888	886	23.740621650589496	164		1
plsdb	MPF_I	0.5	92	1974	880	879	23.55305466237942	102		1
plsdb	MPF_I	0.5	93	1973	877	876	23.472668810289388	214		1
plsdb	MPF_I	0.5	94	493	876	876	23.472668810289388	90		1
plsdb	MPF_I	0.5	95	1976	870	868	23.258306538049304	138		1
plsdb	MPF_I	0.5	96	512	852	851	22.80278670953912	87		1
plsdb	MPF_I	0.5	97	513	844	843	22.588424437299036	120		1
plsdb	MPF_I	0.5	98	10730	811	810	21.70418006430868	137		1
plsdb	MPF_I	0.5	99	572234	756	754	20.20364415862808	88		1
plsdb	MPF_I	0.5	100	1552684	1344	738	19.774919614147908	125		1
plsdb	MPF_I	0.5	101	3826	680	679	18.193997856377276	71		1
plsdb	MPF_I	0.5	102	496	677	677	18.140407288317256	52		1
plsdb	MPF_I	0.5	103	1942	663	660	17.684887459807072	89		1
plsdb	MPF_I	0.5	104	539	655	655	17.55091103965702	217		1
plsdb	MPF_I	0.5	105	527400	651	639	17.122186495176848	40		1
plsdb	MPF_I	0.5	106	1943	631	630	16.881028938906752	93		1
plsdb	MPF_I	0.5	107	4888	618	618	16.559485530546624	75		1
plsdb	MPF_I	0.5	108	130147	594	592	15.862808145766346	100		1
plsdb	MPF_I	0.5	109	3729222	565	558	14.95176848874598	44		1
plsdb	MPF_I	0.5	110	149369	548	547	14.657020364415862	183		1
plsdb	MPF_I	0.5	111	481125	576	544	14.57663451232583	115		1
plsdb	MPF_I	0.5	112	3959200	528	528	14.14790996784566	107		1
plsdb	MPF_I	0.5	113	465	526	524	14.040728831725616	225		1
plsdb	MPF_I	0.5	114	758287	547	514	13.77277599142551	115		1
plsdb	MPF_I	0.5	115	3880189	507	507	13.585209003215434	115		1
plsdb	MPF_I	0.5	116	173179	508	507	13.585209003215434	77		1
plsdb	MPF_I	0.5	117	777	474	473	12.67416934619507	208		1
plsdb	MPF_I	0.5	118	26934	472	467	12.513397642015006	56		1
plsdb	MPF_I	0.5	119	843	449	449	12.031082529474812	178		1
plsdb	MPF_I	0.5	120	849	448	448	12.004287245444802	145		1
plsdb	MPF_I	0.5	121	4201	449	447	11.97749196141479	98		1
plsdb	MPF_I	0.5	122	3557	447	446	11.95069667738478	220		1
plsdb	MPF_I	0.5	123	305996	444	444	11.897106109324758	103		1
plsdb	MPF_I	0.5	124	6039	443	443	11.870310825294748	152		1
plsdb	MPF_I	0.5	125	1384668	442	441	11.816720257234726	213		1
plsdb	MPF_I	0.5	126	989088	461	437	11.709539121114684	226		1
plsdb	MPF_I	0.5	127	825	434	434	11.629153269024652	83		1
plsdb	MPF_I	0.5	128	1753756	444	432	11.57556270096463	155		1
plsdb	MPF_I	0.5	129	3990748	434	431	11.54876741693462	80		1
plsdb	MPF_I	0.5	130	851	426	426	11.414790996784566	80		1
plsdb	MPF_I	0.5	131	2018164	455	426	11.414790996784566	71		1
plsdb	MPF_I	0.5	132	62024	418	417	11.17363344051447	92		1
plsdb	MPF_I	0.5	133	4160	412	412	11.039657020364416	98		1
plsdb	MPF_I	0.5	134	30524	413	412	11.039657020364416	129		1
plsdb	MPF_I	0.5	135	2836770	419	408	10.932475884244372	144		1
plsdb	MPF_I	0.5	136	14614	395	395	10.584137191854234	130		1
plsdb	MPF_I	0.5	137	555944	389	389	10.42336548767417	214		1
plsdb	MPF_I	0.5	138	196820	388	387	10.369774919614148	157		1
plsdb	MPF_I	0.5	139	1632621	387	387	10.369774919614148	91		1
plsdb	MPF_I	0.5	140	1967334	391	386	10.342979635584138	100		1
plsdb	MPF_I	0.5	141	3958964	382	381	10.209003215434084	91		1
plsdb	MPF_I	0.5	142	3417850	396	376	10.07502679528403	157		1
plsdb	MPF_I	0.5	143	63245	366	365	9.780278670953912	58		1
plsdb	MPF_I	0.5	144	1420505	356	356	9.539121114683816	67		1
plsdb	MPF_I	0.5	145	2006725	352	351	9.405144694533762	93		1
plsdb	MPF_I	0.5	146	1299891	348	348	9.32475884244373	78		1
plsdb	MPF_I	0.5	147	3925411	348	347	9.29796355841372	83		1
plsdb	MPF_I	0.5	148	768439	341	340	9.110396570203644	122		1
plsdb	MPF_I	0.5	149	3632577	342	340	9.110396570203644	140		1
plsdb	MPF_I	0.5	150	12278	339	339	9.083601286173634	150		1
plsdb	MPF_I	0.5	151	2992063	350	339	9.083601286173634	116		1
plsdb	MPF_I	0.5	152	50414	340	339	9.083601286173634	72		1
plsdb	MPF_I	0.5	153	3270956	342	333	8.92282958199357	91		1
plsdb	MPF_I	0.5	154	4008185	340	331	8.869239013933548	186		1
plsdb	MPF_I	0.5	155	2055505	330	329	8.815648445873526	101		1
plsdb	MPF_I	0.5	156	8094	418	323	8.654876741693462	76		1
plsdb	MPF_I	0.5	157	253937	335	322	8.628081457663452	69		1
plsdb	MPF_I	0.5	158	3178421	330	321	8.60128617363344	120		1
plsdb	MPF_I	0.5	159	196764	407	320	8.57449088960343	138		1
plsdb	MPF_I	0.5	160	85446	469	318	8.520900321543408	115		1
plsdb	MPF_I	0.5	161	236617	321	316	8.467309753483386	78		1
plsdb	MPF_I	0.5	162	389560	316	315	8.440514469453376	111		1
plsdb	MPF_I	0.5	163	74020	344	314	8.413719185423366	181		1
plsdb	MPF_I	0.5	164	1407602	305	303	8.118971061093248	80		1
plsdb	MPF_I	0.5	165	420290	300	300	8.038585209003216	114		1
plsdb	MPF_I	0.5	166	12280	297	297	7.958199356913183	188		1
plsdb	MPF_I	0.5	167	2323	324	296	7.931404072883173	190		1
plsdb	MPF_I	0.5	168	3032412	299	295	7.904608788853162	185		1
plsdb	MPF_I	0.5	169	12321	283	283	7.583065380493033	84		1
plsdb	MPF_I	0.5	170	1077	280	280	7.502679528403001	217		1
plsdb	MPF_I	0.5	171	446	275	274	7.341907824222937	58		1
plsdb	MPF_I	0.5	172	203143	273	272	7.288317256162915	43		1
plsdb	MPF_I	0.5	173	10719	272	271	7.261521972132905	70		1
plsdb	MPF_I	0.5	174	3258824	272	270	7.234726688102894	218		1
plsdb	MPF_I	0.5	175	2275	269	269	7.207931404072883	187		1
plsdb	MPF_I	0.5	176	49042	269	269	7.207931404072883	201		1
plsdb	MPF_I	0.5	177	50437	269	269	7.207931404072883	103		1
plsdb	MPF_I	0.5	178	2251	268	268	7.181136120042872	106		1
plsdb	MPF_I	0.5	179	245133	269	268	7.181136120042872	158		1
plsdb	MPF_I	0.5	180	2280	267	267	7.154340836012862	207	ExcA	1
plsdb	MPF_I	0.5	181	2278	265	265	7.10075026795284	193		1
plsdb	MPF_I	0.5	182	2015846	265	265	7.10075026795284	77		1
plsdb	MPF_I	0.5	183	50475	258	257	6.886387995712755	208		1
plsdb	MPF_I	0.5	184	2285	256	256	6.859592711682744	83		1
plsdb	MPF_I	0.5	185	384	263	256	6.859592711682744	93		1
plsdb	MPF_I	0.5	186	3093386	254	254	6.806002143622722	131		1
plsdb	MPF_I	0.5	187	2327	261	254	6.806002143622722	109		1
plsdb	MPF_I	0.5	188	1199275	257	254	6.806002143622722	110		1
plsdb	MPF_I	0.5	189	922501	437	251	6.72561629153269	87		1
plsdb	MPF_I	0.5	190	853	251	251	6.72561629153269	206		1
plsdb	MPF_I	0.5	191	780617	277	246	6.591639871382637	121		1
plsdb	MPF_I	0.5	192	209166	253	245	6.564844587352626	204		1
plsdb	MPF_I	0.5	193	196838	247	241	6.457663451232583	63		1
plsdb	MPF_I	0.5	194	473404	240	240	6.430868167202572	131		1
plsdb	MPF_I	0.5	195	2081164	240	239	6.404072883172562	235		1
plsdb	MPF_I	0.5	196	1681885	242	238	6.377277599142551	145		1
plsdb	MPF_I	0.5	197	5989	240	236	6.323687031082529	97		1
plsdb	MPF_I	0.5	198	841	233	233	6.243301178992497	208		1
plsdb	MPF_I	0.5	199	921875	232	230	6.162915326902465	204	ExcA	1
plsdb	MPF_I	0.5	200	480194	227	226	6.055734190782422	104		1
plsdb	MPF_I	0.5	201	399696	222	221	5.921757770632369	218		1
plsdb	MPF_I	0.5	202	1653114	230	221	5.921757770632369	245		1
plsdb	MPF_I	0.5	203	3519	220	220	5.894962486602358	126		1
plsdb	MPF_I	0.5	204	3520	215	215	5.760986066452304	119		1
plsdb	MPF_I	0.5	205	2304	216	214	5.734190782422294	74		1
plsdb	MPF_I	0.5	206	293269	213	213	5.707395498392283	106		1
plsdb	MPF_I	0.5	207	2370416	212	212	5.680600214362272	164		1
plsdb	MPF_I	0.5	208	2260	212	212	5.680600214362272	75		1
plsdb	MPF_I	0.5	209	1079023	212	211	5.653804930332262	31		1
plsdb	MPF_I	0.5	210	4105	211	208	5.573419078242229	166		1
plsdb	MPF_I	0.5	211	3684757	210	207	5.546623794212219	54		1
plsdb	MPF_I	0.5	212	32101	207	207	5.546623794212219	116		1
plsdb	MPF_I	0.5	213	2171687	207	206	5.519828510182208	111		1
plsdb	MPF_I	0.5	214	2329	206	205	5.493033226152197	94		1
plsdb	MPF_I	0.5	215	1685835	227	205	5.493033226152197	199		1
plsdb	MPF_I	0.5	216	18630	207	204	5.466237942122186	38		1
plsdb	MPF_I	0.5	217	2713988	203	203	5.439442658092176	135		1
plsdb	MPF_I	0.5	218	2055561	204	203	5.439442658092176	213		1
plsdb	MPF_I	0.5	219	575932	212	203	5.439442658092176	83		1
plsdb	MPF_I	0.5	220	449117	203	195	5.22508038585209	66		1
plsdb	MPF_I	0.5	221	2712387	195	195	5.22508038585209	86		1
plsdb	MPF_I	0.5	222	2334	194	194	5.198285101822079	31		1
plsdb	MPF_I	0.5	223	63617	233	193	5.171489817792069	215		1
plsdb	MPF_I	0.5	224	2292813	191	191	5.117899249732047	148		1
plsdb	MPF_I	0.5	225	86743	233	190	5.091103965702036	115		1
plsdb	MPF_I	0.5	226	125479	190	189	5.064308681672026	180		1
plsdb	MPF_I	0.5	227	3539	189	188	5.037513397642015	96		1
plsdb	MPF_I	0.5	228	1011	187	187	5.010718113612004	212		1
plsdb	MPF_I	0.5	229	3455	200	185	4.957127545551983	90		1
plsdb	MPF_I	0.5	230	2287	184	184	4.930332261521972	93		1
plsdb	MPF_I	0.5	231	17449	184	184	4.930332261521972	105		1
plsdb	MPF_I	0.5	232	5882	229	183	4.903536977491961	141		1
plsdb	MPF_I	0.5	233	17448	181	181	4.84994640943194	177		1
plsdb	MPF_I	0.5	234	26975	180	180	4.823151125401929	117		1
plsdb	MPF_I	0.5	235	8207	180	180	4.823151125401929	86		1
plsdb	MPF_I	0.5	236	86714	165	165	4.421221864951768	107		1
plsdb	MPF_I	0.5	237	1020	163	163	4.367631296891747	239		1
plsdb	MPF_I	0.5	238	121935	168	163	4.367631296891747	201		1
plsdb	MPF_I	0.5	239	8185	164	160	4.287245444801715	164		1
plsdb	MPF_I	0.5	240	305971	160	158	4.233654876741693	151		1
plsdb	MPF_I	0.5	241	2368099	158	158	4.233654876741693	163		1
plsdb	MPF_I	0.5	242	1572942	184	158	4.233654876741693	204		1
plsdb	MPF_I	0.5	243	3535	157	157	4.206859592711683	56		1
plsdb	MPF_I	0.5	244	2139979	156	153	4.09967845659164	95		1
plsdb	MPF_I	0.5	245	125478	152	152	4.072883172561629	75		1
plsdb	MPF_I	0.5	246	1495240	153	151	4.046087888531618	216		1
plsdb	MPF_I	0.5	247	1290123	150	150	4.019292604501608	229		1
plsdb	MPF_I	0.5	248	2400038	223	148	3.9657020364415865	96		1
plsdb	MPF_I	0.5	249	1911933	148	147	3.9389067524115755	160		1
plsdb	MPF_I	0.5	250	8104	142	142	3.804930332261522	95		1
plsdb	MPF_I	0.5	251	778989	142	142	3.804930332261522	131		1
plsdb	MPF_I	0.5	252	419	142	142	3.804930332261522	210		1
plsdb	MPF_I	0.5	253	14509	142	140	3.7513397642015005	101		1
plsdb	MPF_I	0.5	254	418	138	138	3.697749196141479	124		1
plsdb	MPF_I	0.5	255	1633662	228	137	3.6709539121114685	108		1
plsdb	MPF_I	0.5	256	422596	139	137	3.6709539121114685	106		1
plsdb	MPF_I	0.5	257	2714090	136	136	3.6441586280814575	130		1
plsdb	MPF_I	0.5	258	1142132	136	136	3.6441586280814575	179		1
plsdb	MPF_I	0.5	259	1267966	136	136	3.6441586280814575	106		1
plsdb	MPF_I	0.5	260	38313	134	134	3.590568060021436	96		1
plsdb	MPF_I	0.5	261	146335	132	132	3.536977491961415	31		1
plsdb	MPF_I	0.5	262	1530693	132	132	3.536977491961415	95		1
plsdb	MPF_I	0.5	263	12330	131	131	3.510182207931404	59		1
plsdb	MPF_I	0.5	264	8117	131	131	3.510182207931404	86		1
plsdb	MPF_I	0.5	265	8119	247	131	3.510182207931404	141		1
plsdb	MPF_I	0.5	266	8131	131	131	3.510182207931404	153		1
plsdb	MPF_I	0.5	267	8134	131	131	3.510182207931404	87		1
plsdb	MPF_I	0.5	268	8153	131	131	3.510182207931404	99		1
plsdb	MPF_I	0.5	269	8156	131	131	3.510182207931404	124		1
plsdb	MPF_I	0.5	270	2983206	131	130	3.4833869239013935	203		1
plsdb	MPF_I	0.5	271	8061	130	130	3.4833869239013935	101		1
plsdb	MPF_I	0.5	272	8129	130	130	3.4833869239013935	61		1
plsdb	MPF_I	0.5	273	8132	130	130	3.4833869239013935	76		1
plsdb	MPF_I	0.5	274	1633691	133	130	3.4833869239013935	165		1
plsdb	MPF_I	0.5	275	40316	130	130	3.4833869239013935	174		1
plsdb	MPF_I	0.5	276	8066	129	129	3.4565916398713825	94		1
plsdb	MPF_I	0.5	277	8070	129	129	3.4565916398713825	80		1
plsdb	MPF_I	0.5	278	8105	129	129	3.4565916398713825	45		1
plsdb	MPF_I	0.5	279	8109	129	129	3.4565916398713825	165		1
plsdb	MPF_I	0.5	280	8112	129	129	3.4565916398713825	72		1
plsdb	MPF_I	0.5	281	8113	129	129	3.4565916398713825	186		1
plsdb	MPF_I	0.5	282	8136	129	129	3.4565916398713825	143		1
plsdb	MPF_I	0.5	283	8159	129	129	3.4565916398713825	52		1
plsdb	MPF_I	0.5	284	8160	129	129	3.4565916398713825	56		1
plsdb	MPF_I	0.5	285	8165	129	129	3.4565916398713825	50		1
plsdb	MPF_I	0.5	286	8174	129	129	3.4565916398713825	102		1
plsdb	MPF_I	0.5	287	24061	130	129	3.4565916398713825	79		1
plsdb	MPF_I	0.5	288	2633651	129	129	3.4565916398713825	190		1
plsdb	MPF_I	0.5	289	6030	129	128	3.429796355841372	106		1
plsdb	MPF_I	0.5	290	8039	128	128	3.429796355841372	131		1
plsdb	MPF_I	0.5	291	8056	128	128	3.429796355841372	55		1
plsdb	MPF_I	0.5	292	8068	128	128	3.429796355841372	121		1
plsdb	MPF_I	0.5	293	8084	128	128	3.429796355841372	164		1
plsdb	MPF_I	0.5	294	8108	128	128	3.429796355841372	38		1
plsdb	MPF_I	0.5	295	8111	128	128	3.429796355841372	239		1
plsdb	MPF_I	0.5	296	8163	128	128	3.429796355841372	116		1
plsdb	MPF_I	0.5	297	8168	128	128	3.429796355841372	59		1
plsdb	MPF_I	0.5	298	8077	127	127	3.403001071811361	214		1
plsdb	MPF_I	0.5	299	8090	127	127	3.403001071811361	48		1
plsdb	MPF_I	0.5	300	8099	127	127	3.403001071811361	63		1
plsdb	MPF_I	0.5	301	8308	127	127	3.403001071811361	170		1
plsdb	MPF_I	0.5	302	8064	126	126	3.3762057877813505	111		1
plsdb	MPF_I	0.5	303	3499	126	126	3.3762057877813505	100		1
plsdb	MPF_I	0.5	304	8315	126	126	3.3762057877813505	95		1
plsdb	MPF_I	0.5	305	3236695	126	126	3.3762057877813505	50		1
plsdb	MPF_I	0.5	306	649618	126	126	3.3762057877813505	131		1
plsdb	MPF_I	0.5	307	8063	125	125	3.34941050375134	87		1
plsdb	MPF_I	0.5	308	3120200	125	125	3.34941050375134	70		1
plsdb	MPF_I	0.5	309	8307	125	125	3.34941050375134	36		1
plsdb	MPF_I	0.5	310	3351738	126	125	3.34941050375134	87		1
plsdb	MPF_I	0.5	311	8118	125	125	3.34941050375134	120		1
plsdb	MPF_I	0.5	312	8164	125	125	3.34941050375134	194		1
plsdb	MPF_I	0.5	313	8175	125	125	3.34941050375134	96		1
plsdb	MPF_I	0.5	314	280495	124	124	3.322615219721329	95		1
plsdb	MPF_I	0.5	315	8088	124	124	3.322615219721329	192		1
plsdb	MPF_I	0.5	316	8092	124	124	3.322615219721329	88		1
plsdb	MPF_I	0.5	317	8100	124	124	3.322615219721329	178		1
plsdb	MPF_I	0.5	318	141294	126	123	3.2958199356913185	141		1
plsdb	MPF_I	0.5	319	8042	123	123	3.2958199356913185	165		1
plsdb	MPF_I	0.5	320	8054	123	123	3.2958199356913185	75		1
plsdb	MPF_I	0.5	321	8059	123	123	3.2958199356913185	115		1
plsdb	MPF_I	0.5	322	8065	123	123	3.2958199356913185	92		1
plsdb	MPF_I	0.5	323	2945583	151	123	3.2958199356913185	97		1
plsdb	MPF_I	0.5	324	8116	123	123	3.2958199356913185	210		1
plsdb	MPF_I	0.5	325	8127	123	123	3.2958199356913185	88		1
plsdb	MPF_I	0.5	326	8167	123	123	3.2958199356913185	122		1
plsdb	MPF_I	0.5	327	3542	122	122	3.2690246516613075	216		1
plsdb	MPF_I	0.5	328	8079	121	121	3.242229367631297	44		1
plsdb	MPF_I	0.5	329	2184444	122	121	3.242229367631297	109		1
plsdb	MPF_I	0.5	330	761638	121	121	3.242229367631297	170		1
plsdb	MPF_I	0.5	331	8179	121	121	3.242229367631297	134		1
plsdb	MPF_I	0.5	332	3212645	120	120	3.215434083601286	110		1
plsdb	MPF_I	0.5	333	8037	120	120	3.215434083601286	88		1
plsdb	MPF_I	0.5	334	1280947	120	120	3.215434083601286	243		1
plsdb	MPF_I	0.5	335	32970	120	120	3.215434083601286	194		1
plsdb	MPF_I	0.5	336	1488632	119	119	3.1886387995712755	179		1
plsdb	MPF_I	0.5	337	8062	119	119	3.1886387995712755	168		1
plsdb	MPF_I	0.5	338	3925033	119	119	3.1886387995712755	85		1
plsdb	MPF_I	0.5	339	8178	119	119	3.1886387995712755	217		1
plsdb	MPF_I	0.5	340	1309877	118	118	3.1618435155412645	49		1
plsdb	MPF_I	0.5	341	8058	117	117	3.135048231511254	149		1
plsdb	MPF_I	0.5	342	8045	116	116	3.1082529474812435	168		1
plsdb	MPF_I	0.5	343	8050	115	115	3.0814576634512325	42		1
plsdb	MPF_I	0.5	344	8098	115	115	3.0814576634512325	209		1
plsdb	MPF_I	0.5	345	8107	115	115	3.0814576634512325	124		1
plsdb	MPF_I	0.5	346	2044646	115	115	3.0814576634512325	200		1
plsdb	MPF_I	0.5	347	8120	115	115	3.0814576634512325	137		1
plsdb	MPF_I	0.5	348	8126	115	115	3.0814576634512325	100		1
plsdb	MPF_I	0.5	349	8133	115	115	3.0814576634512325	243		1
plsdb	MPF_I	0.5	350	8157	115	115	3.0814576634512325	145		1
plsdb	MPF_I	0.5	351	1420702	116	114	3.054662379421222	197		1
plsdb	MPF_I	0.5	352	8312	113	113	3.027867095391211	78		1
plsdb	MPF_I	0.5	353	817745	115	113	3.027867095391211	194		1
plsdb	MPF_I	0.5	354	457	114	112	3.0010718113612005	90		1
plsdb	MPF_I	0.5	355	14591	112	111	2.9742765273311895	120		1
plsdb	MPF_I	0.5	356	1715785	111	111	2.9742765273311895	198		1
plsdb	MPF_I	0.5	357	817740	113	111	2.9742765273311895	222		1
plsdb	MPF_I	0.5	358	14592	111	110	2.947481243301179	181		1
plsdb	MPF_I	0.5	359	14515	113	109	2.9206859592711685	250		1
plsdb	MPF_I	0.5	360	306066	313	109	2.9206859592711685	246		1
plsdb	MPF_I	0.5	361	2978536	113	109	2.9206859592711685	102		1
plsdb	MPF_I	0.5	362	14517	111	108	2.8938906752411575	73		1
plsdb	MPF_I	0.5	363	622217	108	108	2.8938906752411575	198		1
plsdb	MPF_I	0.5	364	2184462	165	108	2.8938906752411575	121		1
plsdb	MPF_I	0.5	365	726529	108	108	2.8938906752411575	166	ExcA	1
plsdb	MPF_I	0.5	366	172865	106	106	2.840300107181136	169		1
plsdb	MPF_I	0.5	367	2672439	106	106	2.840300107181136	139		1
plsdb	MPF_I	0.5	368	229039	108	106	2.840300107181136	98		1
plsdb	MPF_I	0.5	369	23986	106	106	2.840300107181136	32		1
plsdb	MPF_I	0.5	370	731844	107	105	2.8135048231511255	82		1
plsdb	MPF_I	0.5	371	2308	107	104	2.7867095391211145	166		1
plsdb	MPF_I	0.5	372	1414726	104	104	2.7867095391211145	184		1
plsdb	MPF_I	0.5	373	2309	106	103	2.759914255091104	213		1
plsdb	MPF_I	0.5	374	8314	103	103	2.759914255091104	98		1
plsdb	MPF_I	0.5	375	2171684	128	103	2.759914255091104	126		1
plsdb	MPF_I	0.5	376	27618	103	103	2.759914255091104	194		1
plsdb	MPF_I	0.5	377	18584	102	102	2.733118971061093	127		1
plsdb	MPF_I	0.5	378	14589	101	101	2.7063236870310825	122		1
plsdb	MPF_I	0.5	379	8295	102	100	2.679528403001072	79		1
plsdb	MPF_I	0.5	380	4006	101	100	2.679528403001072	210		1
plsdb	MPF_I	0.5	381	149296	99	99	2.652733118971061	193		1
plsdb	MPF_I	0.5	382	2713164	99	99	2.652733118971061	193		1
plsdb	MPF_I	0.5	383	3555	98	98	2.6259378349410505	143		1
plsdb	MPF_I	0.5	384	62164	98	98	2.6259378349410505	104		1
plsdb	MPF_I	0.5	385	115931	98	98	2.6259378349410505	111		1
plsdb	MPF_I	0.5	386	2657744	296	97	2.5991425509110395	105		1
plsdb	MPF_I	0.5	387	115930	97	97	2.5991425509110395	215		1
plsdb	MPF_I	0.5	388	27515	94	94	2.5187566988210075	100		1
plsdb	MPF_I	0.5	389	921797	113	94	2.5187566988210075	62		1
plsdb	MPF_I	0.5	390	54704	94	94	2.5187566988210075	47		1
plsdb	MPF_I	0.5	391	3779913	91	91	2.4383708467309755	199		1
plsdb	MPF_I	0.5	392	3564469	92	91	2.4383708467309755	152		1
plsdb	MPF_I	0.5	393	358650	90	90	2.4115755627009645	151		1
plsdb	MPF_I	0.5	394	780668	91	90	2.4115755627009645	118		1
plsdb	MPF_I	0.5	395	3103674	89	89	2.384780278670954	166		1
plsdb	MPF_I	0.5	396	50404	90	88	2.357984994640943	113		1
plsdb	MPF_I	0.5	397	3554	87	87	2.3311897106109325	131		1
plsdb	MPF_I	0.5	398	66072	87	87	2.3311897106109325	150		1
plsdb	MPF_I	0.5	399	8309	86	86	2.304394426580922	43		1
plsdb	MPF_I	0.5	400	2532207	86	86	2.304394426580922	84		1
plsdb	MPF_I	0.7	1	529694	1762	1754	46.9989281886388	227		1
plsdb	MPF_I	0.7	2	2193592	1879	1751	46.91854233654877	83		1
plsdb	MPF_I	0.7	3	1982	1740	1731	46.38263665594855	73		1
plsdb	MPF_I	0.7	4	2018191	1740	1729	46.32904608788853	144		1
plsdb	MPF_I	0.7	5	1997	1736	1725	46.22186495176849	88		1
plsdb	MPF_I	0.7	6	2476594	1718	1711	45.846730975348336	111		1
plsdb	MPF_I	0.7	7	1987	1727	1710	45.81993569131833	63		1
plsdb	MPF_I	0.7	8	473426	1707	1696	45.444801714898176	144		1
plsdb	MPF_I	0.7	9	2766404	1703	1692	45.337620578778136	140		1
plsdb	MPF_I	0.7	10	3505060	1702	1687	45.20364415862808	166		1
plsdb	MPF_I	0.7	11	360885	1695	1679	44.98928188638799	141		1
plsdb	MPF_I	0.7	12	331651	1665	1650	44.21221864951769	144		1
plsdb	MPF_I	0.7	13	1993	1628	1616	43.30117899249732	239		1
plsdb	MPF_I	0.7	14	2162676	1583	1572	42.12218649517685	175		1
plsdb	MPF_I	0.7	15	1978	1537	1533	41.07717041800643	145		1
plsdb	MPF_I	0.7	16	436577	1533	1531	41.02357984994641	82		1
plsdb	MPF_I	0.7	17	1572948	4046	1406	37.67416934619507	234		1
plsdb	MPF_I	0.7	18	72788	1414	1404	37.62057877813505	198		1
plsdb	MPF_I	0.7	19	4158	1379	1336	35.79849946409432	51		1
plsdb	MPF_I	0.7	20	285918	1345	1333	35.71811361200429	204		1
plsdb	MPF_I	0.7	21	2023	1319	1315	35.235798499464096	194		1
plsdb	MPF_I	0.7	22	2028	1316	1309	35.07502679528403	62		1
plsdb	MPF_I	0.7	23	140305	1314	1304	34.941050375133976	183		1
plsdb	MPF_I	0.7	24	1378444	1314	1302	34.88745980707395	194		1
plsdb	MPF_I	0.7	25	236806	1307	1296	34.72668810289389	152		1
plsdb	MPF_I	0.7	26	285905	1295	1293	34.646302250803856	95		1
plsdb	MPF_I	0.7	27	2060	1294	1290	34.565916398713824	227		1
plsdb	MPF_I	0.7	28	30505	1287	1286	34.458735262593784	147		1
plsdb	MPF_I	0.7	29	3794736	1285	1282	34.351554126473744	177		1
plsdb	MPF_I	0.7	30	253960	1288	1282	34.351554126473744	145		1
plsdb	MPF_I	0.7	31	2053	1278	1270	34.030010718113616	150		1
plsdb	MPF_I	0.7	32	2048	1272	1258	33.70846730975348	218		1
plsdb	MPF_I	0.7	33	3702742	1256	1250	33.4941050375134	197		1
plsdb	MPF_I	0.7	34	4009843	1248	1243	33.30653804930332	84		1
plsdb	MPF_I	0.7	35	669768	1245	1238	33.17256162915327	110		1
plsdb	MPF_I	0.7	36	2402599	1264	1209	32.39549839228296	196		1
plsdb	MPF_I	0.7	37	72806	1199	1195	32.02036441586281	58		1
plsdb	MPF_I	0.7	38	847564	1189	1186	31.779206859592712	200		1
plsdb	MPF_I	0.7	39	2684152	1179	1175	31.484458735262592	83		1
plsdb	MPF_I	0.7	40	500	1159	1158	31.028938906752412	82		1
plsdb	MPF_I	0.7	41	2340	1150	1149	30.787781350482316	159		1
plsdb	MPF_I	0.7	42	532949	1149	1147	30.734190782422292	161		1
plsdb	MPF_I	0.7	43	2033770	1144	1144	30.65380493033226	246		1
plsdb	MPF_I	0.7	44	2161219	1130	1128	30.225080385852092	69		1
plsdb	MPF_I	0.7	45	509	1128	1127	30.19828510182208	168		1
plsdb	MPF_I	0.7	46	331674	1118	1115	29.876741693461952	69		1
plsdb	MPF_I	0.7	47	1049	1110	1109	29.715969989281888	94		1
plsdb	MPF_I	0.7	48	1037	1108	1107	29.662379421221864	149		1
plsdb	MPF_I	0.7	49	515	1107	1106	29.635584137191856	88		1
plsdb	MPF_I	0.7	50	1048	1102	1101	29.5016077170418	146		1
plsdb	MPF_I	0.7	51	532957	1099	1098	29.421221864951768	59		1
plsdb	MPF_I	0.7	52	410317	1085	1084	29.04608788853162	112		1
plsdb	MPF_I	0.7	53	1043	1083	1082	28.992497320471596	76		1
plsdb	MPF_I	0.7	54	1044	1081	1079	28.912111468381564	37		1
plsdb	MPF_I	0.7	55	3635392	1037	1036	27.759914255091104	101		1
plsdb	MPF_I	0.7	56	1046	1034	1033	27.679528403001072	136		1
plsdb	MPF_I	0.7	57	385420	1021	1011	27.090032154340836	77		1
plsdb	MPF_I	0.7	58	8047	979	976	26.15219721329046	85		1
plsdb	MPF_I	0.7	59	487	977	974	26.09860664523044	110		1
plsdb	MPF_I	0.7	60	55246	956	956	25.616291532690248	153		1
plsdb	MPF_I	0.7	61	501	954	953	25.535905680600216	195		1
plsdb	MPF_I	0.7	62	498	946	946	25.34833869239014	181		1
plsdb	MPF_I	0.7	63	526	942	941	25.214362272240084	65		1
plsdb	MPF_I	0.7	64	527	942	941	25.214362272240084	136		1
plsdb	MPF_I	0.7	65	534	937	937	25.107181136120044	164		1
plsdb	MPF_I	0.7	66	511	937	936	25.080385852090032	136		1
plsdb	MPF_I	0.7	67	764156	936	935	25.05359056806002	82		1
plsdb	MPF_I	0.7	68	23793	933	933	25.0	114		1
plsdb	MPF_I	0.7	69	508	933	932	24.973204715969988	187		1
plsdb	MPF_I	0.7	70	1504170	931	931	24.94640943193998	194		1
plsdb	MPF_I	0.7	71	491	930	930	24.919614147909968	72		1
plsdb	MPF_I	0.7	72	103275	929	929	24.892818863879956	76		1
plsdb	MPF_I	0.7	73	1754825	928	928	24.866023579849948	227		1
plsdb	MPF_I	0.7	74	488	929	928	24.866023579849948	144		1
plsdb	MPF_I	0.7	75	43972	1590	909	24.356913183279744	91		1
plsdb	MPF_I	0.7	76	476	909	908	24.330117899249732	131		1
plsdb	MPF_I	0.7	77	3178990	926	908	24.330117899249732	85		1
plsdb	MPF_I	0.7	78	520	906	906	24.276527331189712	166		1
plsdb	MPF_I	0.7	79	1054	901	901	24.142550911039656	46		1
plsdb	MPF_I	0.7	80	1056	899	899	24.088960342979636	105		1
plsdb	MPF_I	0.7	81	3947982	895	894	23.95498392282958	144		1
plsdb	MPF_I	0.7	82	1053	894	894	23.95498392282958	178		1
plsdb	MPF_I	0.7	83	1050	892	891	23.874598070739548	73		1
plsdb	MPF_I	0.7	84	1055	888	888	23.794212218649516	121		1
plsdb	MPF_I	0.7	85	1308810	888	887	23.767416934619508	103		1
plsdb	MPF_I	0.7	86	493	876	876	23.472668810289388	90		1
plsdb	MPF_I	0.7	87	1973	877	876	23.472668810289388	214		1
plsdb	MPF_I	0.7	88	1974	870	869	23.285101822079316	102		1
plsdb	MPF_I	0.7	89	1976	869	867	23.231511254019292	138		1
plsdb	MPF_I	0.7	90	477	862	861	23.070739549839228	116		1
plsdb	MPF_I	0.7	91	512	850	849	22.7491961414791	87		1
plsdb	MPF_I	0.7	92	513	844	843	22.588424437299036	120		1
plsdb	MPF_I	0.7	93	10730	811	810	21.70418006430868	137		1
plsdb	MPF_I	0.7	94	572234	756	754	20.20364415862808	88		1
plsdb	MPF_I	0.7	95	1552684	1344	738	19.774919614147908	125		1
plsdb	MPF_I	0.7	96	1807154	698	695	18.622722400857448	56		1
plsdb	MPF_I	0.7	97	10686	698	695	18.622722400857448	220	ExcA	1
plsdb	MPF_I	0.7	98	3826	680	679	18.193997856377276	71		1
plsdb	MPF_I	0.7	99	496	677	677	18.140407288317256	52		1
plsdb	MPF_I	0.7	100	1942	663	660	17.684887459807072	89		1
plsdb	MPF_I	0.7	101	537	656	656	17.577706323687032	198		1
plsdb	MPF_I	0.7	102	539	655	655	17.55091103965702	217		1
plsdb	MPF_I	0.7	103	527400	650	638	17.09539121114684	40		1
plsdb	MPF_I	0.7	104	1662400	637	634	16.988210075026796	77		1
plsdb	MPF_I	0.7	105	2317605	632	631	16.907824222936764	164		1
plsdb	MPF_I	0.7	106	1681744	625	624	16.720257234726688	93		1
plsdb	MPF_I	0.7	107	4888	618	618	16.559485530546624	75		1
plsdb	MPF_I	0.7	108	2305736	604	603	16.157556270096464	156		1
plsdb	MPF_I	0.7	109	453504	592	590	15.809217577706324	100		1
plsdb	MPF_I	0.7	110	3729222	565	558	14.95176848874598	44		1
plsdb	MPF_I	0.7	111	3805687	579	547	14.657020364415862	115		1
plsdb	MPF_I	0.7	112	1766283	547	546	14.630225080385852	183		1
plsdb	MPF_I	0.7	113	3959200	527	527	14.121114683815648	107		1
plsdb	MPF_I	0.7	114	2849247	526	522	13.987138263665594	60		1
plsdb	MPF_I	0.7	115	465	516	514	13.77277599142551	225		1
plsdb	MPF_I	0.7	116	4015926	547	514	13.77277599142551	115		1
plsdb	MPF_I	0.7	117	3880189	507	507	13.585209003215434	115		1
plsdb	MPF_I	0.7	118	173179	508	507	13.585209003215434	77		1
plsdb	MPF_I	0.7	119	1021379	500	498	13.344051446945338	73		1
plsdb	MPF_I	0.7	120	777	474	473	12.67416934619507	208		1
plsdb	MPF_I	0.7	121	849	448	448	12.004287245444802	145		1
plsdb	MPF_I	0.7	122	93352	449	447	11.97749196141479	98		1
plsdb	MPF_I	0.7	123	3557	447	446	11.95069667738478	220		1
plsdb	MPF_I	0.7	124	1384668	442	441	11.816720257234726	213		1
plsdb	MPF_I	0.7	125	989088	461	437	11.709539121114684	226		1
plsdb	MPF_I	0.7	126	820	437	436	11.682743837084674	189		1
plsdb	MPF_I	0.7	127	825	434	434	11.629153269024652	83		1
plsdb	MPF_I	0.7	128	851	426	426	11.414790996784566	80		1
plsdb	MPF_I	0.7	129	293342	432	423	11.334405144694534	155		1
plsdb	MPF_I	0.7	130	3534	423	422	11.307609860664524	152		1
plsdb	MPF_I	0.7	131	2676486	448	420	11.254019292604502	71		1
plsdb	MPF_I	0.7	132	970082	420	418	11.20042872454448	92		1
plsdb	MPF_I	0.7	133	4160	411	411	11.012861736334406	98		1
plsdb	MPF_I	0.7	134	30524	411	410	10.986066452304394	129		1
plsdb	MPF_I	0.7	135	150664	408	401	10.744908896034298	144		1
plsdb	MPF_I	0.7	136	1967334	391	386	10.342979635584138	100		1
plsdb	MPF_I	0.7	137	93573	381	381	10.209003215434084	91		1
plsdb	MPF_I	0.7	138	38319	381	381	10.209003215434084	214		1
plsdb	MPF_I	0.7	139	2021	381	380	10.182207931404072	216	ExcA	1
plsdb	MPF_I	0.7	140	3958964	375	374	10.021436227224008	91		1
plsdb	MPF_I	0.7	141	196820	368	367	9.833869239013934	157		1
plsdb	MPF_I	0.7	142	63245	365	364	9.753483386923902	58		1
plsdb	MPF_I	0.7	143	216935	364	363	9.72668810289389	93		1
plsdb	MPF_I	0.7	144	2014	356	356	9.539121114683816	67		1
plsdb	MPF_I	0.7	145	1753651	351	348	9.32475884244373	217	ExcA	1
plsdb	MPF_I	0.7	146	1299891	348	348	9.32475884244373	78		1
plsdb	MPF_I	0.7	147	3925411	347	346	9.271168274383708	83		1
plsdb	MPF_I	0.7	148	768439	341	340	9.110396570203644	122		1
plsdb	MPF_I	0.7	149	863613	340	340	9.110396570203644	150		1
plsdb	MPF_I	0.7	150	1006	335	334	8.94962486602358	217		1
plsdb	MPF_I	0.7	151	3452	334	332	8.896034297963558	205		1
plsdb	MPF_I	0.7	152	14614	331	331	8.869239013933548	130		1
plsdb	MPF_I	0.7	153	161194	332	330	8.842443729903536	140		1
plsdb	MPF_I	0.7	154	409630	335	328	8.788853161843516	116		1
plsdb	MPF_I	0.7	155	1911940	333	327	8.762057877813504	91		1
plsdb	MPF_I	0.7	156	797	326	325	8.708467309753484	110		1
plsdb	MPF_I	0.7	157	8094	416	322	8.628081457663452	76		1
plsdb	MPF_I	0.7	158	645439	325	320	8.57449088960343	120		1
plsdb	MPF_I	0.7	159	1506860	407	320	8.57449088960343	138		1
plsdb	MPF_I	0.7	160	74020	344	314	8.413719185423366	181		1
plsdb	MPF_I	0.7	161	8191	312	309	8.279742765273312	78		1
plsdb	MPF_I	0.7	162	1407602	305	303	8.118971061093248	80		1
plsdb	MPF_I	0.7	163	10731	304	303	8.118971061093248	84		1
plsdb	MPF_I	0.7	164	327825	302	301	8.065380493033226	111		1
plsdb	MPF_I	0.7	165	2323	324	296	7.931404072883173	190		1
plsdb	MPF_I	0.7	166	12280	296	296	7.931404072883173	188		1
plsdb	MPF_I	0.7	167	1383686	299	295	7.904608788853162	185		1
plsdb	MPF_I	0.7	168	93317	291	291	7.797427652733119	114		1
plsdb	MPF_I	0.7	169	426	285	284	7.609860664523044	72		1
plsdb	MPF_I	0.7	170	12321	282	282	7.556270096463023	84		1
plsdb	MPF_I	0.7	171	3990748	281	280	7.502679528403001	80		1
plsdb	MPF_I	0.7	172	1077	280	280	7.502679528403001	217		1
plsdb	MPF_I	0.7	173	1075	279	279	7.47588424437299	216		1
plsdb	MPF_I	0.7	174	2714157	381	276	7.395498392282958	115		1
plsdb	MPF_I	0.7	175	428553	276	275	7.368703108252947	132		1
plsdb	MPF_I	0.7	176	425	275	274	7.341907824222937	101		1
plsdb	MPF_I	0.7	177	23530	274	272	7.288317256162915	69		1
plsdb	MPF_I	0.7	178	10719	272	271	7.261521972132905	70		1
plsdb	MPF_I	0.7	179	50437	269	269	7.207931404072883	103		1
plsdb	MPF_I	0.7	180	2251	268	268	7.181136120042872	106		1
plsdb	MPF_I	0.7	181	2263	268	268	7.181136120042872	155		1
plsdb	MPF_I	0.7	182	2275	268	268	7.181136120042872	187		1
plsdb	MPF_I	0.7	183	155777	268	268	7.181136120042872	201		1
plsdb	MPF_I	0.7	184	2320	269	267	7.154340836012862	218		1
plsdb	MPF_I	0.7	185	49073	267	267	7.154340836012862	103		1
plsdb	MPF_I	0.7	186	1200891	267	267	7.154340836012862	207	ExcA	1
plsdb	MPF_I	0.7	187	2252	266	266	7.127545551982851	43		1
plsdb	MPF_I	0.7	188	446	267	266	7.127545551982851	58		1
plsdb	MPF_I	0.7	189	2015846	265	265	7.10075026795284	77		1
plsdb	MPF_I	0.7	190	1200893	265	265	7.10075026795284	193		1
plsdb	MPF_I	0.7	191	390565	260	259	6.939978563772776	157		1
plsdb	MPF_I	0.7	192	50475	258	257	6.886387995712755	208		1
plsdb	MPF_I	0.7	193	2285	256	256	6.859592711682744	83		1
plsdb	MPF_I	0.7	194	1021445	255	255	6.832797427652733	169		1
plsdb	MPF_I	0.7	195	853	251	251	6.72561629153269	206		1
plsdb	MPF_I	0.7	196	2326	251	249	6.672025723472669	93		1
plsdb	MPF_I	0.7	197	2327	248	247	6.618435155412647	109		1
plsdb	MPF_I	0.7	198	1092825	276	245	6.564844587352626	121		1
plsdb	MPF_I	0.7	199	473404	240	240	6.430868167202572	131		1
plsdb	MPF_I	0.7	200	843	238	238	6.377277599142551	178		1
plsdb	MPF_I	0.7	201	1399652	239	238	6.377277599142551	235		1
plsdb	MPF_I	0.7	202	209166	243	236	6.323687031082529	204		1
plsdb	MPF_I	0.7	203	846	236	236	6.323687031082529	152		1
plsdb	MPF_I	0.7	204	841	233	233	6.243301178992497	208		1
plsdb	MPF_I	0.7	205	527306	234	232	6.216505894962487	145		1
plsdb	MPF_I	0.7	206	2319	234	231	6.189710610932476	63		1
plsdb	MPF_I	0.7	207	23529	230	228	6.109324758842444	204	ExcA	1
plsdb	MPF_I	0.7	208	2870265	222	221	5.921757770632369	218		1
plsdb	MPF_I	0.7	209	1192434	229	220	5.894962486602358	245		1
plsdb	MPF_I	0.7	210	3519	219	219	5.868167202572347	126		1
plsdb	MPF_I	0.7	211	768429	215	215	5.760986066452304	97		1
plsdb	MPF_I	0.7	212	2284	215	214	5.734190782422294	177		1
plsdb	MPF_I	0.7	213	2456555	216	214	5.734190782422294	74		1
plsdb	MPF_I	0.7	214	2260	212	212	5.680600214362272	75		1
plsdb	MPF_I	0.7	215	3520	212	212	5.680600214362272	119		1
plsdb	MPF_I	0.7	216	1079023	212	211	5.653804930332262	31		1
plsdb	MPF_I	0.7	217	2018126	211	211	5.653804930332262	178		1
plsdb	MPF_I	0.7	218	2257	210	210	5.627009646302251	164		1
plsdb	MPF_I	0.7	219	4105	211	208	5.573419078242229	166		1
plsdb	MPF_I	0.7	220	3684757	210	207	5.546623794212219	54		1
plsdb	MPF_I	0.7	221	2171687	207	206	5.519828510182208	111		1
plsdb	MPF_I	0.7	222	3350961	206	206	5.519828510182208	150		1
plsdb	MPF_I	0.7	223	2329	206	205	5.493033226152197	94		1
plsdb	MPF_I	0.7	224	3124823	205	205	5.493033226152197	106		1
plsdb	MPF_I	0.7	225	1685835	227	205	5.493033226152197	199		1
plsdb	MPF_I	0.7	226	18630	207	204	5.466237942122186	38		1
plsdb	MPF_I	0.7	227	2328	203	202	5.412647374062165	213		1
plsdb	MPF_I	0.7	228	23795	202	202	5.412647374062165	135		1
plsdb	MPF_I	0.7	229	14608	202	201	5.385852090032154	104		1
plsdb	MPF_I	0.7	230	2325	201	200	5.359056806002144	158		1
plsdb	MPF_I	0.7	231	2290	198	198	5.305466237942122	141		1
plsdb	MPF_I	0.7	232	8287	196	196	5.251875669882101	116		1
plsdb	MPF_I	0.7	233	2712387	194	194	5.198285101822079	86		1
plsdb	MPF_I	0.7	234	2334	194	194	5.198285101822079	31		1
plsdb	MPF_I	0.7	235	236616	200	192	5.144694533762058	66		1
plsdb	MPF_I	0.7	236	125479	190	189	5.064308681672026	180		1
plsdb	MPF_I	0.7	237	1011	187	187	5.010718113612004	212		1
plsdb	MPF_I	0.7	238	2287	184	184	4.930332261521972	93		1
plsdb	MPF_I	0.7	239	3455	198	184	4.930332261521972	90		1
plsdb	MPF_I	0.7	240	17449	182	182	4.876741693461951	105		1
plsdb	MPF_I	0.7	241	5943	228	181	4.84994640943194	116		1
plsdb	MPF_I	0.7	242	17448	181	181	4.84994640943194	177		1
plsdb	MPF_I	0.7	243	26975	180	180	4.823151125401929	117		1
plsdb	MPF_I	0.7	244	8207	180	180	4.823151125401929	86		1
plsdb	MPF_I	0.7	245	1020	162	162	4.340836012861736	239		1
plsdb	MPF_I	0.7	246	8185	164	160	4.287245444801715	164		1
plsdb	MPF_I	0.7	247	306213	159	159	4.260450160771704	148		1
plsdb	MPF_I	0.7	248	3535	157	157	4.206859592711683	56		1
plsdb	MPF_I	0.7	249	2306	153	153	4.09967845659164	163		1
plsdb	MPF_I	0.7	250	940040	156	153	4.09967845659164	95		1
plsdb	MPF_I	0.7	251	125478	152	152	4.072883172561629	75		1
plsdb	MPF_I	0.7	252	14594	151	151	4.046087888531618	107		1
plsdb	MPF_I	0.7	253	1632531	151	150	4.019292604501608	83		1
plsdb	MPF_I	0.7	254	4008185	151	149	3.992497320471597	186		1
plsdb	MPF_I	0.7	255	1830855	149	147	3.9389067524115755	186		1
plsdb	MPF_I	0.7	256	1290123	145	145	3.885316184351554	229		1
plsdb	MPF_I	0.7	257	119157	168	143	3.8317256162915325	215		1
plsdb	MPF_I	0.7	258	419	142	142	3.804930332261522	210		1
plsdb	MPF_I	0.7	259	778989	142	142	3.804930332261522	131		1
plsdb	MPF_I	0.7	260	14509	142	140	3.7513397642015005	101		1
plsdb	MPF_I	0.7	261	2983629	140	137	3.6709539121114685	88		1
plsdb	MPF_I	0.7	262	8081	136	136	3.6441586280814575	179		1
plsdb	MPF_I	0.7	263	285995	135	135	3.617363344051447	80		1
plsdb	MPF_I	0.7	264	316	140	135	3.617363344051447	201		1
plsdb	MPF_I	0.7	265	1267966	135	135	3.617363344051447	106		1
plsdb	MPF_I	0.7	266	416	134	134	3.590568060021436	130		1
plsdb	MPF_I	0.7	267	418	134	134	3.590568060021436	124		1
plsdb	MPF_I	0.7	268	146335	132	132	3.536977491961415	31		1
plsdb	MPF_I	0.7	269	8110	247	131	3.510182207931404	141		1
plsdb	MPF_I	0.7	270	8117	131	131	3.510182207931404	86		1
plsdb	MPF_I	0.7	271	8131	131	131	3.510182207931404	153		1
plsdb	MPF_I	0.7	272	8134	131	131	3.510182207931404	87		1
plsdb	MPF_I	0.7	273	8153	131	131	3.510182207931404	99		1
plsdb	MPF_I	0.7	274	8156	131	131	3.510182207931404	124		1
plsdb	MPF_I	0.7	275	12330	131	131	3.510182207931404	59		1
plsdb	MPF_I	0.7	276	8073	132	131	3.510182207931404	70		1
plsdb	MPF_I	0.7	277	3768140	130	130	3.4833869239013935	96		1
plsdb	MPF_I	0.7	278	40316	130	130	3.4833869239013935	174		1
plsdb	MPF_I	0.7	279	8129	130	130	3.4833869239013935	61		1
plsdb	MPF_I	0.7	280	8132	130	130	3.4833869239013935	76		1
plsdb	MPF_I	0.7	281	8060	130	130	3.4833869239013935	95		1
plsdb	MPF_I	0.7	282	8061	130	130	3.4833869239013935	101		1
plsdb	MPF_I	0.7	283	8112	129	129	3.4565916398713825	72		1
plsdb	MPF_I	0.7	284	8113	129	129	3.4565916398713825	186		1
plsdb	MPF_I	0.7	285	8136	129	129	3.4565916398713825	143		1
plsdb	MPF_I	0.7	286	8159	129	129	3.4565916398713825	52		1
plsdb	MPF_I	0.7	287	8160	129	129	3.4565916398713825	56		1
plsdb	MPF_I	0.7	288	8165	129	129	3.4565916398713825	50		1
plsdb	MPF_I	0.7	289	8174	129	129	3.4565916398713825	102		1
plsdb	MPF_I	0.7	290	24061	130	129	3.4565916398713825	79		1
plsdb	MPF_I	0.7	291	8049	129	129	3.4565916398713825	203		1
plsdb	MPF_I	0.7	292	8066	129	129	3.4565916398713825	94		1
plsdb	MPF_I	0.7	293	8067	129	129	3.4565916398713825	160		1
plsdb	MPF_I	0.7	294	8070	129	129	3.4565916398713825	80		1
plsdb	MPF_I	0.7	295	8104	129	129	3.4565916398713825	95		1
plsdb	MPF_I	0.7	296	8105	129	129	3.4565916398713825	45		1
plsdb	MPF_I	0.7	297	8106	129	129	3.4565916398713825	190		1
plsdb	MPF_I	0.7	298	8109	129	129	3.4565916398713825	165		1
plsdb	MPF_I	0.7	299	8111	128	128	3.429796355841372	239		1
plsdb	MPF_I	0.7	300	8163	128	128	3.429796355841372	116		1
plsdb	MPF_I	0.7	301	8168	128	128	3.429796355841372	59		1
plsdb	MPF_I	0.7	302	8039	128	128	3.429796355841372	131		1
plsdb	MPF_I	0.7	303	8056	128	128	3.429796355841372	55		1
plsdb	MPF_I	0.7	304	8068	128	128	3.429796355841372	121		1
plsdb	MPF_I	0.7	305	8108	128	128	3.429796355841372	38		1
plsdb	MPF_I	0.7	306	3948325	132	127	3.403001071811361	94		1
plsdb	MPF_I	0.7	307	422596	127	127	3.403001071811361	106		1
plsdb	MPF_I	0.7	308	8077	127	127	3.403001071811361	214		1
plsdb	MPF_I	0.7	309	8090	127	127	3.403001071811361	48		1
plsdb	MPF_I	0.7	310	8099	127	127	3.403001071811361	63		1
plsdb	MPF_I	0.7	311	649618	126	126	3.3762057877813505	131		1
plsdb	MPF_I	0.7	312	5944	168	126	3.3762057877813505	141		1
plsdb	MPF_I	0.7	313	8308	126	126	3.3762057877813505	170		1
plsdb	MPF_I	0.7	314	8315	126	126	3.3762057877813505	95		1
plsdb	MPF_I	0.7	315	3499	126	126	3.3762057877813505	100		1
plsdb	MPF_I	0.7	316	1384686	127	126	3.3762057877813505	96		1
plsdb	MPF_I	0.7	317	8064	126	126	3.3762057877813505	111		1
plsdb	MPF_I	0.7	318	641348	125	125	3.34941050375134	120		1
plsdb	MPF_I	0.7	319	3236695	125	125	3.34941050375134	50		1
plsdb	MPF_I	0.7	320	8164	125	125	3.34941050375134	194		1
plsdb	MPF_I	0.7	321	8307	125	125	3.34941050375134	36		1
plsdb	MPF_I	0.7	322	8063	125	125	3.34941050375134	87		1
plsdb	MPF_I	0.7	323	8175	124	124	3.322615219721329	96		1
plsdb	MPF_I	0.7	324	8306	124	124	3.322615219721329	95		1
plsdb	MPF_I	0.7	325	12318	125	124	3.322615219721329	157		1
plsdb	MPF_I	0.7	326	8088	124	124	3.322615219721329	192		1
plsdb	MPF_I	0.7	327	8092	124	124	3.322615219721329	88		1
plsdb	MPF_I	0.7	328	8100	124	124	3.322615219721329	178		1
plsdb	MPF_I	0.7	329	8116	123	123	3.2958199356913185	210		1
plsdb	MPF_I	0.7	330	8127	123	123	3.2958199356913185	88		1
plsdb	MPF_I	0.7	331	8167	123	123	3.2958199356913185	122		1
plsdb	MPF_I	0.7	332	6030	124	123	3.2958199356913185	106		1
plsdb	MPF_I	0.7	333	8042	123	123	3.2958199356913185	165		1
plsdb	MPF_I	0.7	334	8054	123	123	3.2958199356913185	75		1
plsdb	MPF_I	0.7	335	8059	123	123	3.2958199356913185	115		1
plsdb	MPF_I	0.7	336	8065	123	123	3.2958199356913185	92		1
plsdb	MPF_I	0.7	337	8089	123	123	3.2958199356913185	70		1
plsdb	MPF_I	0.7	338	2945583	149	122	3.2690246516613075	97		1
plsdb	MPF_I	0.7	339	3542	122	122	3.2690246516613075	216		1
plsdb	MPF_I	0.7	340	761638	121	121	3.242229367631297	170		1
plsdb	MPF_I	0.7	341	8179	121	121	3.242229367631297	134		1
plsdb	MPF_I	0.7	342	8079	121	121	3.242229367631297	44		1
plsdb	MPF_I	0.7	343	32970	120	120	3.215434083601286	194		1
plsdb	MPF_I	0.7	344	8311	120	120	3.215434083601286	165		1
plsdb	MPF_I	0.7	345	1280947	120	120	3.215434083601286	243		1
plsdb	MPF_I	0.7	346	8037	120	120	3.215434083601286	88		1
plsdb	MPF_I	0.7	347	3925033	119	119	3.1886387995712755	85		1
plsdb	MPF_I	0.7	348	8178	119	119	3.1886387995712755	217		1
plsdb	MPF_I	0.7	349	8062	119	119	3.1886387995712755	168		1
plsdb	MPF_I	0.7	350	987588	118	118	3.1618435155412645	216		1
plsdb	MPF_I	0.7	351	1309877	118	118	3.1618435155412645	49		1
plsdb	MPF_I	0.7	352	560911	118	118	3.1618435155412645	110		1
plsdb	MPF_I	0.7	353	8057	117	117	3.135048231511254	109		1
plsdb	MPF_I	0.7	354	8058	117	117	3.135048231511254	149		1
plsdb	MPF_I	0.7	355	8045	116	116	3.1082529474812435	168		1
plsdb	MPF_I	0.7	356	8084	116	116	3.1082529474812435	164		1
plsdb	MPF_I	0.7	357	8120	115	115	3.0814576634512325	137		1
plsdb	MPF_I	0.7	358	8126	115	115	3.0814576634512325	100		1
plsdb	MPF_I	0.7	359	8133	115	115	3.0814576634512325	243		1
plsdb	MPF_I	0.7	360	8157	115	115	3.0814576634512325	145		1
plsdb	MPF_I	0.7	361	8050	115	115	3.0814576634512325	42		1
plsdb	MPF_I	0.7	362	8098	115	115	3.0814576634512325	209		1
plsdb	MPF_I	0.7	363	8107	115	115	3.0814576634512325	124		1
plsdb	MPF_I	0.7	364	43079	116	113	3.027867095391211	110		1
plsdb	MPF_I	0.7	365	8312	113	113	3.027867095391211	78		1
plsdb	MPF_I	0.7	366	3724750	116	113	3.027867095391211	141		1
plsdb	MPF_I	0.7	367	422367	112	112	3.0010718113612005	200		1
plsdb	MPF_I	0.7	368	457	114	112	3.0010718113612005	90		1
plsdb	MPF_I	0.7	369	14591	112	111	2.9742765273311895	120		1
plsdb	MPF_I	0.7	370	1715785	111	111	2.9742765273311895	198		1
plsdb	MPF_I	0.7	371	14592	111	110	2.947481243301179	181		1
plsdb	MPF_I	0.7	372	817745	112	110	2.947481243301179	194		1
plsdb	MPF_I	0.7	373	14515	113	109	2.9206859592711685	250		1
plsdb	MPF_I	0.7	374	74003	111	109	2.9206859592711685	197		1
plsdb	MPF_I	0.7	375	14517	111	108	2.8938906752411575	73		1
plsdb	MPF_I	0.7	376	622217	108	108	2.8938906752411575	198		1
plsdb	MPF_I	0.7	377	2005123	165	108	2.8938906752411575	121		1
plsdb	MPF_I	0.7	378	172865	106	106	2.840300107181136	169		1
plsdb	MPF_I	0.7	379	23986	106	106	2.840300107181136	32		1
plsdb	MPF_I	0.7	380	2308	107	104	2.7867095391211145	166		1
plsdb	MPF_I	0.7	381	1414726	104	104	2.7867095391211145	184		1
plsdb	MPF_I	0.7	382	2309	106	103	2.759914255091104	213		1
plsdb	MPF_I	0.7	383	27618	103	103	2.759914255091104	194		1
plsdb	MPF_I	0.7	384	8314	103	103	2.759914255091104	98		1
plsdb	MPF_I	0.7	385	18584	102	102	2.733118971061093	127		1
plsdb	MPF_I	0.7	386	8299	102	101	2.7063236870310825	87		1
plsdb	MPF_I	0.7	387	645093	103	101	2.7063236870310825	204		1
plsdb	MPF_I	0.7	388	14589	100	100	2.679528403001072	122		1
plsdb	MPF_I	0.7	389	2319814	101	100	2.679528403001072	102		1
plsdb	MPF_I	0.7	390	8295	102	100	2.679528403001072	79		1
plsdb	MPF_I	0.7	391	1293821	99	99	2.652733118971061	199		1
plsdb	MPF_I	0.7	392	1633662	163	98	2.6259378349410505	108		1
plsdb	MPF_I	0.7	393	115931	98	98	2.6259378349410505	111		1
plsdb	MPF_I	0.7	394	3555	98	98	2.6259378349410505	143		1
plsdb	MPF_I	0.7	395	54678	98	98	2.6259378349410505	193		1
plsdb	MPF_I	0.7	396	115930	97	97	2.5991425509110395	215		1
plsdb	MPF_I	0.7	397	149296	97	97	2.5991425509110395	193		1
plsdb	MPF_I	0.7	398	2768845	96	96	2.572347266881029	96		1
plsdb	MPF_I	0.7	399	305996	96	96	2.572347266881029	101		1
plsdb	MPF_I	0.7	400	1084773	95	95	2.545551982851018	166	ExcA	1
plsdb	MPF_FA	0.5	1	93958	561	187	37.77777777777778	228		1
plsdb	MPF_FA	0.5	2	3994097	165	161	32.525252525252526	98		1
plsdb	MPF_FA	0.5	3	6065	141	140	28.282828282828284	165		1
plsdb	MPF_FA	0.5	4	3380205	142	134	27.07070707070707	200		1
plsdb	MPF_FA	0.5	5	305006	217	127	25.656565656565657	245		1
plsdb	MPF_FA	0.5	6	6114	120	119	24.04040404040404	104		1
plsdb	MPF_FA	0.5	7	6050	118	118	23.838383838383837	222		1
plsdb	MPF_FA	0.5	8	162572	116	115	23.232323232323232	206		1
plsdb	MPF_FA	0.5	9	3295723	114	113	22.828282828282827	68		1
plsdb	MPF_FA	0.5	10	6124	183	104	21.01010101010101	63		1
plsdb	MPF_FA	0.5	11	6052	100	100	20.2020202020202	123		1
plsdb	MPF_FA	0.5	12	6053	99	99	20.0	85		1
plsdb	MPF_FA	0.5	13	6054	99	99	20.0	185		1
plsdb	MPF_FA	0.5	14	6072	99	99	20.0	90		1
plsdb	MPF_FA	0.5	15	6073	99	99	20.0	118		1
plsdb	MPF_FA	0.5	16	6111	98	98	19.7979797979798	113		1
plsdb	MPF_FA	0.5	17	6112	98	98	19.7979797979798	76		1
plsdb	MPF_FA	0.5	18	208348	107	98	19.7979797979798	87		1
plsdb	MPF_FA	0.5	19	6075	95	95	19.19191919191919	116		1
plsdb	MPF_FA	0.5	20	3173740	89	89	17.97979797979798	172		1
plsdb	MPF_FA	0.5	21	2103563	103	86	17.373737373737374	152		1
plsdb	MPF_FA	0.5	22	6157	81	81	16.363636363636363	132		1
plsdb	MPF_FA	0.5	23	6129	81	78	15.757575757575758	244		1
plsdb	MPF_FA	0.5	24	6153	78	77	15.555555555555555	71		1
plsdb	MPF_FA	0.5	25	6116	76	76	15.353535353535353	64		1
plsdb	MPF_FA	0.5	26	6117	76	76	15.353535353535353	63		1
plsdb	MPF_FA	0.5	27	6119	76	76	15.353535353535353	113		1
plsdb	MPF_FA	0.5	28	6152	77	76	15.353535353535353	90		1
plsdb	MPF_FA	0.5	29	6118	75	75	15.151515151515152	71		1
plsdb	MPF_FA	0.5	30	6123	74	74	14.94949494949495	210		1
plsdb	MPF_FA	0.5	31	6127	70	69	13.93939393939394	180		1
plsdb	MPF_FA	0.5	32	824481	69	69	13.93939393939394	215		1
plsdb	MPF_FA	0.5	33	16453	72	69	13.93939393939394	72		1
plsdb	MPF_FA	0.5	34	6121	68	68	13.737373737373737	30		1
plsdb	MPF_FA	0.5	35	388000	69	68	13.737373737373737	94		1
plsdb	MPF_FA	0.5	36	423851	69	68	13.737373737373737	124		1
plsdb	MPF_FA	0.5	37	87326	69	68	13.737373737373737	68		1
plsdb	MPF_FA	0.5	38	16449	69	68	13.737373737373737	42		1
plsdb	MPF_FA	0.5	39	16450	69	68	13.737373737373737	85		1
plsdb	MPF_FA	0.5	40	1398764	71	67	13.535353535353535	203		1
plsdb	MPF_FA	0.5	41	16481	75	67	13.535353535353535	135		1
plsdb	MPF_FA	0.5	42	126089	70	66	13.333333333333334	190		1
plsdb	MPF_FA	0.5	43	16451	67	66	13.333333333333334	214		1
plsdb	MPF_FA	0.5	44	16452	67	66	13.333333333333334	100		1
plsdb	MPF_FA	0.5	45	16461	67	66	13.333333333333334	111		1
plsdb	MPF_FA	0.5	46	87329	66	65	13.131313131313131	124		1
plsdb	MPF_FA	0.5	47	862985	66	65	13.131313131313131	244		1
plsdb	MPF_FA	0.5	48	769345	64	64	12.929292929292929	106		1
plsdb	MPF_FA	0.5	49	16423	65	64	12.929292929292929	164		1
plsdb	MPF_FA	0.5	50	87263	63	62	12.525252525252526	164		1
plsdb	MPF_FA	0.5	51	87265	63	62	12.525252525252526	101		1
plsdb	MPF_FA	0.5	52	1409538	64	61	12.323232323232324	156		1
plsdb	MPF_FA	0.5	53	87276	64	60	12.121212121212121	103		1
plsdb	MPF_FA	0.5	54	1328833	66	58	11.717171717171718	77		1
plsdb	MPF_FA	0.5	55	1356880	58	58	11.717171717171718	144		1
plsdb	MPF_FA	0.5	56	6057	57	57	11.515151515151516	94		1
plsdb	MPF_FA	0.5	57	29972	57	57	11.515151515151516	160		1
plsdb	MPF_FA	0.5	58	87299	57	57	11.515151515151516	75		1
plsdb	MPF_FA	0.5	59	2488834	57	56	11.313131313131313	29		1
plsdb	MPF_FA	0.5	60	426771	56	56	11.313131313131313	140		1
plsdb	MPF_FA	0.5	61	1726899	56	56	11.313131313131313	228		1
plsdb	MPF_FA	0.5	62	6131	59	55	11.11111111111111	74		1
plsdb	MPF_FA	0.5	63	44571	55	55	11.11111111111111	87		1
plsdb	MPF_FA	0.5	64	45071	56	55	11.11111111111111	201		1
plsdb	MPF_FA	0.5	65	29975	54	54	10.909090909090908	198		1
plsdb	MPF_FA	0.5	66	29901	54	54	10.909090909090908	199		1
plsdb	MPF_FA	0.5	67	44743	54	54	10.909090909090908	118		1
plsdb	MPF_FA	0.5	68	17147	54	54	10.909090909090908	69		1
plsdb	MPF_FA	0.5	69	388101	53	53	10.707070707070708	133		1
plsdb	MPF_FA	0.5	70	29941	51	51	10.303030303030303	76		1
plsdb	MPF_FA	0.5	71	87291	50	50	10.1010101010101	35		1
plsdb	MPF_FA	0.5	72	1885870	67	50	10.1010101010101	72		1
plsdb	MPF_FA	0.5	73	87255	49	49	9.8989898989899	56		1
plsdb	MPF_FA	0.5	74	87295	49	49	9.8989898989899	213		1
plsdb	MPF_FA	0.5	75	44521	49	49	9.8989898989899	80		1
plsdb	MPF_FA	0.5	76	206787	49	49	9.8989898989899	176		1
plsdb	MPF_FA	0.5	77	17164	49	49	9.8989898989899	233		1
plsdb	MPF_FA	0.5	78	17166	49	49	9.8989898989899	204		1
plsdb	MPF_FA	0.5	79	87292	48	48	9.696969696969697	42		1
plsdb	MPF_FA	0.5	80	87296	48	48	9.696969696969697	107		1
plsdb	MPF_FA	0.5	81	30050	70	48	9.696969696969697	92		1
plsdb	MPF_FA	0.5	82	44520	47	47	9.494949494949495	65		1
plsdb	MPF_FA	0.5	83	16470	49	47	9.494949494949495	57		1
plsdb	MPF_FA	0.5	84	6143	46	46	9.292929292929292	173		1
plsdb	MPF_FA	0.5	85	6149	46	46	9.292929292929292	168		1
plsdb	MPF_FA	0.5	86	30038	46	46	9.292929292929292	199		1
plsdb	MPF_FA	0.5	87	87252	45	45	9.090909090909092	103		1
plsdb	MPF_FA	0.5	88	208435	45	45	9.090909090909092	183		1
plsdb	MPF_FA	0.5	89	44526	45	45	9.090909090909092	79		1
plsdb	MPF_FA	0.5	90	44528	45	45	9.090909090909092	232		1
plsdb	MPF_FA	0.5	91	3632796	46	45	9.090909090909092	72		1
plsdb	MPF_FA	0.5	92	17167	45	45	9.090909090909092	72		1
plsdb	MPF_FA	0.5	93	1307759	44	44	8.88888888888889	239		1
plsdb	MPF_FA	0.5	94	93779	44	44	8.88888888888889	52		1
plsdb	MPF_FA	0.5	95	6139	43	43	8.686868686868687	175		1
plsdb	MPF_FA	0.5	96	29917	43	43	8.686868686868687	64		1
plsdb	MPF_FA	0.5	97	1307814	43	43	8.686868686868687	124		1
plsdb	MPF_FA	0.5	98	87322	43	43	8.686868686868687	83		1
plsdb	MPF_FA	0.5	99	533463	43	43	8.686868686868687	204		1
plsdb	MPF_FA	0.5	100	113594	42	42	8.484848484848484	184		1
plsdb	MPF_FA	0.5	101	87333	42	42	8.484848484848484	128		1
plsdb	MPF_FA	0.5	102	6150	42	41	8.282828282828282	121		1
plsdb	MPF_FA	0.5	103	2960670	41	41	8.282828282828282	205		1
plsdb	MPF_FA	0.5	104	87259	40	40	8.080808080808081	55		1
plsdb	MPF_FA	0.5	105	6135	40	40	8.080808080808081	194		1
plsdb	MPF_FA	0.5	106	6136	40	40	8.080808080808081	152		1
plsdb	MPF_FA	0.5	107	6137	40	40	8.080808080808081	83		1
plsdb	MPF_FA	0.5	108	44522	40	40	8.080808080808081	155		1
plsdb	MPF_FA	0.5	109	44523	39	39	7.878787878787879	120		1
plsdb	MPF_FA	0.5	110	17150	39	39	7.878787878787879	47		1
plsdb	MPF_FA	0.5	111	764861	38	38	7.6767676767676765	62		1
plsdb	MPF_FA	0.5	112	590779	37	37	7.474747474747475	196		1
plsdb	MPF_FA	0.5	113	2785434	40	37	7.474747474747475	194		1
plsdb	MPF_FA	0.5	114	769315	36	36	7.2727272727272725	174		1
plsdb	MPF_FA	0.5	115	1754262	39	36	7.2727272727272725	149		1
plsdb	MPF_FA	0.5	116	3088783	36	36	7.2727272727272725	83		1
plsdb	MPF_FA	0.5	117	1246265	35	35	7.070707070707071	184		1
plsdb	MPF_FA	0.5	118	6106	35	35	7.070707070707071	196		1
plsdb	MPF_FA	0.5	119	3173447	35	35	7.070707070707071	249		1
plsdb	MPF_FA	0.5	120	2126513	35	35	7.070707070707071	105		1
plsdb	MPF_FA	0.5	121	1820040	35	35	7.070707070707071	146		1
plsdb	MPF_FA	0.5	122	1001478	37	34	6.8686868686868685	138		1
plsdb	MPF_FA	0.5	123	82597	34	34	6.8686868686868685	61		1
plsdb	MPF_FA	0.5	124	3632863	34	34	6.8686868686868685	194		1
plsdb	MPF_FA	0.5	125	94126	36	34	6.8686868686868685	90		1
plsdb	MPF_FA	0.5	126	594189	50	34	6.8686868686868685	132		1
plsdb	MPF_FA	0.5	127	977042	34	33	6.666666666666667	142		1
plsdb	MPF_FA	0.5	128	6078	33	33	6.666666666666667	44		1
plsdb	MPF_FA	0.5	129	6079	33	33	6.666666666666667	74		1
plsdb	MPF_FA	0.5	130	6081	33	33	6.666666666666667	204		1
plsdb	MPF_FA	0.5	131	6085	33	33	6.666666666666667	226		1
plsdb	MPF_FA	0.5	132	6087	33	33	6.666666666666667	68		1
plsdb	MPF_FA	0.5	133	3385010	33	33	6.666666666666667	144		1
plsdb	MPF_FA	0.5	134	1770575	33	33	6.666666666666667	98		1
plsdb	MPF_FA	0.5	135	162595	33	33	6.666666666666667	205		1
plsdb	MPF_FA	0.5	136	86111	32	32	6.4646464646464645	122		1
plsdb	MPF_FA	0.5	137	6082	32	32	6.4646464646464645	121		1
plsdb	MPF_FA	0.5	138	6088	32	32	6.4646464646464645	198		1
plsdb	MPF_FA	0.5	139	6095	32	32	6.4646464646464645	68		1
plsdb	MPF_FA	0.5	140	82614	32	32	6.4646464646464645	194		1
plsdb	MPF_FA	0.5	141	86048	32	32	6.4646464646464645	81		1
plsdb	MPF_FA	0.5	142	86051	32	32	6.4646464646464645	189		1
plsdb	MPF_FA	0.5	143	86056	32	32	6.4646464646464645	74		1
plsdb	MPF_FA	0.5	144	469997	32	32	6.4646464646464645	101		1
plsdb	MPF_FA	0.5	145	2173876	32	32	6.4646464646464645	152		1
plsdb	MPF_FA	0.5	146	496711	32	32	6.4646464646464645	142		1
plsdb	MPF_FA	0.5	147	222822	32	32	6.4646464646464645	193		1
plsdb	MPF_FA	0.5	148	683555	32	32	6.4646464646464645	164		1
plsdb	MPF_FA	0.5	149	2126554	32	32	6.4646464646464645	62		1
plsdb	MPF_FA	0.5	150	44707	32	32	6.4646464646464645	91		1
plsdb	MPF_FA	0.5	151	86102	31	31	6.262626262626263	164		1
plsdb	MPF_FA	0.5	152	86109	31	31	6.262626262626263	88		1
plsdb	MPF_FA	0.5	153	938812	31	31	6.262626262626263	161		1
plsdb	MPF_FA	0.5	154	6083	31	31	6.262626262626263	134		1
plsdb	MPF_FA	0.5	155	6092	31	31	6.262626262626263	151		1
plsdb	MPF_FA	0.5	156	6099	31	31	6.262626262626263	113		1
plsdb	MPF_FA	0.5	157	2354641	43	31	6.262626262626263	99		1
plsdb	MPF_FA	0.5	158	17192	31	31	6.262626262626263	217		1
plsdb	MPF_FA	0.5	159	1247402	31	31	6.262626262626263	133		1
plsdb	MPF_FA	0.5	160	2605253	31	31	6.262626262626263	75		1
plsdb	MPF_FA	0.5	161	86046	31	31	6.262626262626263	74		1
plsdb	MPF_FA	0.5	162	1912784	31	31	6.262626262626263	231		1
plsdb	MPF_FA	0.5	163	93813	44	31	6.262626262626263	113		1
plsdb	MPF_FA	0.5	164	56338	31	31	6.262626262626263	129		1
plsdb	MPF_FA	0.5	165	44692	31	31	6.262626262626263	91		1
plsdb	MPF_FA	0.5	166	86093	30	30	6.0606060606060606	195		1
plsdb	MPF_FA	0.5	167	86094	30	30	6.0606060606060606	63		1
plsdb	MPF_FA	0.5	168	86095	30	30	6.0606060606060606	50		1
plsdb	MPF_FA	0.5	169	86098	30	30	6.0606060606060606	84		1
plsdb	MPF_FA	0.5	170	86110	33	30	6.0606060606060606	128		1
plsdb	MPF_FA	0.5	171	86117	30	30	6.0606060606060606	103		1
plsdb	MPF_FA	0.5	172	6090	30	30	6.0606060606060606	122		1
plsdb	MPF_FA	0.5	173	6100	30	30	6.0606060606060606	60		1
plsdb	MPF_FA	0.5	174	6141	30	30	6.0606060606060606	38		1
plsdb	MPF_FA	0.5	175	2737694	30	30	6.0606060606060606	137		1
plsdb	MPF_FA	0.5	176	496720	30	30	6.0606060606060606	93		1
plsdb	MPF_FA	0.5	177	469269	30	30	6.0606060606060606	243		1
plsdb	MPF_FA	0.5	178	2354387	30	30	6.0606060606060606	77		1
plsdb	MPF_FA	0.5	179	117222	30	30	6.0606060606060606	166		1
plsdb	MPF_FA	0.5	180	44698	32	30	6.0606060606060606	162		1
plsdb	MPF_FA	0.5	181	44702	31	30	6.0606060606060606	132		1
plsdb	MPF_FA	0.5	182	55957	30	30	6.0606060606060606	122		1
plsdb	MPF_FA	0.5	183	6097	29	29	5.858585858585859	206		1
plsdb	MPF_FA	0.5	184	1856419	29	29	5.858585858585859	73		1
plsdb	MPF_FA	0.5	185	2230684	29	29	5.858585858585859	64		1
plsdb	MPF_FA	0.5	186	388092	29	29	5.858585858585859	92		1
plsdb	MPF_FA	0.5	187	3856311	29	29	5.858585858585859	199		1
plsdb	MPF_FA	0.5	188	55902	30	29	5.858585858585859	122		1
plsdb	MPF_FA	0.5	189	44664	29	29	5.858585858585859	91		1
plsdb	MPF_FA	0.5	190	44667	49	29	5.858585858585859	109		1
plsdb	MPF_FA	0.5	191	44693	29	29	5.858585858585859	100		1
plsdb	MPF_FA	0.5	192	30036	30	29	5.858585858585859	66		1
plsdb	MPF_FA	0.5	193	93830	28	28	5.656565656565657	73		1
plsdb	MPF_FA	0.5	194	1834519	28	28	5.656565656565657	151		1
plsdb	MPF_FA	0.5	195	162575	28	28	5.656565656565657	84		1
plsdb	MPF_FA	0.5	196	162576	28	28	5.656565656565657	222		1
plsdb	MPF_FA	0.5	197	162577	28	28	5.656565656565657	105		1
plsdb	MPF_FA	0.5	198	162599	28	28	5.656565656565657	55		1
plsdb	MPF_FA	0.5	199	2737811	29	28	5.656565656565657	225		1
plsdb	MPF_FA	0.5	200	44687	28	28	5.656565656565657	242		1
plsdb	MPF_FA	0.5	201	87273	27	27	5.454545454545454	109		1
plsdb	MPF_FA	0.5	202	1392706	27	27	5.454545454545454	184		1
plsdb	MPF_FA	0.5	203	1735194	27	27	5.454545454545454	144		1
plsdb	MPF_FA	0.5	204	1192830	27	27	5.454545454545454	151		1
plsdb	MPF_FA	0.5	205	44684	27	27	5.454545454545454	57		1
plsdb	MPF_FA	0.5	206	44685	27	27	5.454545454545454	112		1
plsdb	MPF_FA	0.5	207	44686	27	27	5.454545454545454	136		1
plsdb	MPF_FA	0.5	208	44697	27	27	5.454545454545454	88		1
plsdb	MPF_FA	0.5	209	44740	27	27	5.454545454545454	71		1
plsdb	MPF_FA	0.5	210	581977	26	26	5.252525252525253	66		1
plsdb	MPF_FA	0.5	211	769305	27	26	5.252525252525253	70		1
plsdb	MPF_FA	0.5	212	29908	26	26	5.252525252525253	136		1
plsdb	MPF_FA	0.5	213	29932	26	26	5.252525252525253	173		1
plsdb	MPF_FA	0.5	214	3917010	26	26	5.252525252525253	135		1
plsdb	MPF_FA	0.5	215	87312	26	26	5.252525252525253	81		1
plsdb	MPF_FA	0.5	216	87314	26	26	5.252525252525253	206		1
plsdb	MPF_FA	0.5	217	87320	26	26	5.252525252525253	74		1
plsdb	MPF_FA	0.5	218	87321	52	26	5.252525252525253	33		1
plsdb	MPF_FA	0.5	219	3344098	26	26	5.252525252525253	92		1
plsdb	MPF_FA	0.5	220	45081	26	26	5.252525252525253	56		1
plsdb	MPF_FA	0.5	221	87270	25	25	5.05050505050505	71		1
plsdb	MPF_FA	0.5	222	87293	25	25	5.05050505050505	59		1
plsdb	MPF_FA	0.5	223	6132	25	25	5.05050505050505	222		1
plsdb	MPF_FA	0.5	224	468977	28	25	5.05050505050505	88		1
plsdb	MPF_FA	0.5	225	2392905	25	25	5.05050505050505	106		1
plsdb	MPF_FA	0.5	226	117271	25	25	5.05050505050505	78		1
plsdb	MPF_FA	0.5	227	87306	25	25	5.05050505050505	195		1
plsdb	MPF_FA	0.5	228	44705	25	25	5.05050505050505	160		1
plsdb	MPF_FA	0.5	229	44709	25	25	5.05050505050505	104		1
plsdb	MPF_FA	0.5	230	44710	25	25	5.05050505050505	122		1
plsdb	MPF_FA	0.5	231	30005	24	24	4.848484848484849	148		1
plsdb	MPF_FA	0.5	232	56246	24	24	4.848484848484849	184		1
plsdb	MPF_FA	0.5	233	56314	24	24	4.848484848484849	165		1
plsdb	MPF_FA	0.5	234	1307816	24	24	4.848484848484849	55		1
plsdb	MPF_FA	0.5	235	1492881	24	24	4.848484848484849	156		1
plsdb	MPF_FA	0.5	236	82561	24	24	4.848484848484849	226		1
plsdb	MPF_FA	0.5	237	29902	24	24	4.848484848484849	57		1
plsdb	MPF_FA	0.5	238	206782	24	24	4.848484848484849	39		1
plsdb	MPF_FA	0.5	239	469340	24	24	4.848484848484849	155		1
plsdb	MPF_FA	0.5	240	1247459	86	24	4.848484848484849	235		1
plsdb	MPF_FA	0.5	241	769297	23	23	4.646464646464646	83		1
plsdb	MPF_FA	0.5	242	87268	23	23	4.646464646464646	123		1
plsdb	MPF_FA	0.5	243	87283	23	23	4.646464646464646	239		1
plsdb	MPF_FA	0.5	244	87284	23	23	4.646464646464646	106		1
plsdb	MPF_FA	0.5	245	6147	23	23	4.646464646464646	175		1
plsdb	MPF_FA	0.5	246	56439	27	23	4.646464646464646	197		1
plsdb	MPF_FA	0.5	247	65860	23	23	4.646464646464646	224		1
plsdb	MPF_FA	0.5	248	29903	23	23	4.646464646464646	176		1
plsdb	MPF_FA	0.5	249	29904	23	23	4.646464646464646	157		1
plsdb	MPF_FA	0.5	250	388090	23	23	4.646464646464646	50		1
plsdb	MPF_FA	0.5	251	594277	23	23	4.646464646464646	176		1
plsdb	MPF_FA	0.5	252	1820323	24	23	4.646464646464646	134		1
plsdb	MPF_FA	0.5	253	1885866	23	23	4.646464646464646	104		1
plsdb	MPF_FA	0.5	254	44673	23	23	4.646464646464646	174		1
plsdb	MPF_FA	0.5	255	44674	23	23	4.646464646464646	118		1
plsdb	MPF_FA	0.5	256	87280	22	22	4.444444444444445	84		1
plsdb	MPF_FA	0.5	257	87286	22	22	4.444444444444445	209		1
plsdb	MPF_FA	0.5	258	87287	22	22	4.444444444444445	242		1
plsdb	MPF_FA	0.5	259	838597	22	22	4.444444444444445	188		1
plsdb	MPF_FA	0.5	260	20253	23	22	4.444444444444445	121		1
plsdb	MPF_FA	0.5	261	20261	22	22	4.444444444444445	99		1
plsdb	MPF_FA	0.5	262	468987	23	22	4.444444444444445	98		1
plsdb	MPF_FA	0.5	263	2965878	22	22	4.444444444444445	129		1
plsdb	MPF_FA	0.5	264	93939	23	22	4.444444444444445	156		1
plsdb	MPF_FA	0.5	265	126064	22	22	4.444444444444445	173		1
plsdb	MPF_FA	0.5	266	111544	22	22	4.444444444444445	139		1
plsdb	MPF_FA	0.5	267	93808	22	22	4.444444444444445	111		1
plsdb	MPF_FA	0.5	268	436365	22	22	4.444444444444445	87		1
plsdb	MPF_FA	0.5	269	3350372	23	22	4.444444444444445	62		1
plsdb	MPF_FA	0.5	270	1158807	23	22	4.444444444444445	102		1
plsdb	MPF_FA	0.5	271	1381420	24	22	4.444444444444445	154		1
plsdb	MPF_FA	0.5	272	44656	22	22	4.444444444444445	190		1
plsdb	MPF_FA	0.5	273	44678	22	22	4.444444444444445	114		1
plsdb	MPF_FA	0.5	274	44680	22	22	4.444444444444445	91		1
plsdb	MPF_FA	0.5	275	55920	22	22	4.444444444444445	118		1
plsdb	MPF_FA	0.5	276	86112	21	21	4.242424242424242	57		1
plsdb	MPF_FA	0.5	277	87285	21	21	4.242424242424242	160		1
plsdb	MPF_FA	0.5	278	938988	22	21	4.242424242424242	75		1
plsdb	MPF_FA	0.5	279	20257	22	21	4.242424242424242	148		1
plsdb	MPF_FA	0.5	280	20269	21	21	4.242424242424242	63		1
plsdb	MPF_FA	0.5	281	469000	27	21	4.242424242424242	133		1
plsdb	MPF_FA	0.5	282	29905	21	21	4.242424242424242	140		1
plsdb	MPF_FA	0.5	283	469969	21	21	4.242424242424242	206		1
plsdb	MPF_FA	0.5	284	126071	21	21	4.242424242424242	209		1
plsdb	MPF_FA	0.5	285	105657	21	21	4.242424242424242	198		1
plsdb	MPF_FA	0.5	286	105661	21	21	4.242424242424242	201		1
plsdb	MPF_FA	0.5	287	105664	21	21	4.242424242424242	125		1
plsdb	MPF_FA	0.5	288	45073	21	21	4.242424242424242	99		1
plsdb	MPF_FA	0.5	289	45077	21	21	4.242424242424242	229		1
plsdb	MPF_FA	0.5	290	44670	21	21	4.242424242424242	50		1
plsdb	MPF_FA	0.5	291	36213	21	21	4.242424242424242	73		1
plsdb	MPF_FA	0.5	292	55929	21	21	4.242424242424242	194		1
plsdb	MPF_FA	0.5	293	206822	21	21	4.242424242424242	109		1
plsdb	MPF_FA	0.5	294	335703	20	20	4.040404040404041	202		1
plsdb	MPF_FA	0.5	295	731661	41	20	4.040404040404041	199		1
plsdb	MPF_FA	0.5	296	756536	20	20	4.040404040404041	58		1
plsdb	MPF_FA	0.5	297	86113	20	20	4.040404040404041	105		1
plsdb	MPF_FA	0.5	298	86114	20	20	4.040404040404041	85		1
plsdb	MPF_FA	0.5	299	86118	20	20	4.040404040404041	59		1
plsdb	MPF_FA	0.5	300	20279	20	20	4.040404040404041	221		1
plsdb	MPF_FA	0.5	301	1307821	20	20	4.040404040404041	173		1
plsdb	MPF_FA	0.5	302	1687676	20	20	4.040404040404041	174		1
plsdb	MPF_FA	0.5	303	29906	20	20	4.040404040404041	205		1
plsdb	MPF_FA	0.5	304	4008629	21	20	4.040404040404041	189		1
plsdb	MPF_FA	0.5	305	206790	20	20	4.040404040404041	87		1
plsdb	MPF_FA	0.5	306	105654	20	20	4.040404040404041	98		1
plsdb	MPF_FA	0.5	307	111554	20	20	4.040404040404041	168		1
plsdb	MPF_FA	0.5	308	2960745	21	20	4.040404040404041	92		1
plsdb	MPF_FA	0.5	309	45075	20	20	4.040404040404041	131		1
plsdb	MPF_FA	0.5	310	45078	20	20	4.040404040404041	153		1
plsdb	MPF_FA	0.5	311	44683	20	20	4.040404040404041	219		1
plsdb	MPF_FA	0.5	312	208323	22	20	4.040404040404041	191		1
plsdb	MPF_FA	0.5	313	582159	27	20	4.040404040404041	144		1
plsdb	MPF_FA	0.5	314	86115	19	19	3.8383838383838382	65		1
plsdb	MPF_FA	0.5	315	938796	20	19	3.8383838383838382	68		1
plsdb	MPF_FA	0.5	316	20252	20	19	3.8383838383838382	218		1
plsdb	MPF_FA	0.5	317	20276	19	19	3.8383838383838382	176		1
plsdb	MPF_FA	0.5	318	29920	19	19	3.8383838383838382	100		1
plsdb	MPF_FA	0.5	319	2785622	19	19	3.8383838383838382	131		1
plsdb	MPF_FA	0.5	320	86057	39	19	3.8383838383838382	250		1
plsdb	MPF_FA	0.5	321	591118	19	19	3.8383838383838382	56		1
plsdb	MPF_FA	0.5	322	889022	19	19	3.8383838383838382	65		1
plsdb	MPF_FA	0.5	323	36230	19	19	3.8383838383838382	121		1
plsdb	MPF_FA	0.5	324	1962731	19	19	3.8383838383838382	64		1
plsdb	MPF_FA	0.5	325	105659	19	19	3.8383838383838382	176		1
plsdb	MPF_FA	0.5	326	3485044	19	19	3.8383838383838382	159		1
plsdb	MPF_FA	0.5	327	1356346	19	19	3.8383838383838382	147		1
plsdb	MPF_FA	0.5	328	56394	19	19	3.8383838383838382	232		1
plsdb	MPF_FA	0.5	329	45072	19	19	3.8383838383838382	55		1
plsdb	MPF_FA	0.5	330	36219	19	19	3.8383838383838382	115		1
plsdb	MPF_FA	0.5	331	17149	19	19	3.8383838383838382	145		1
plsdb	MPF_FA	0.5	332	17152	19	19	3.8383838383838382	63		1
plsdb	MPF_FA	0.5	333	581912	21	18	3.6363636363636362	115		1
plsdb	MPF_FA	0.5	334	939016	18	18	3.6363636363636362	42		1
plsdb	MPF_FA	0.5	335	2278864	18	18	3.6363636363636362	52		1
plsdb	MPF_FA	0.5	336	1233631	18	18	3.6363636363636362	174		1
plsdb	MPF_FA	0.5	337	469964	18	18	3.6363636363636362	73		1
plsdb	MPF_FA	0.5	338	36226	18	18	3.6363636363636362	59		1
plsdb	MPF_FA	0.5	339	36228	18	18	3.6363636363636362	44		1
plsdb	MPF_FA	0.5	340	36231	18	18	3.6363636363636362	138		1
plsdb	MPF_FA	0.5	341	36243	18	18	3.6363636363636362	82		1
plsdb	MPF_FA	0.5	342	2057378	18	18	3.6363636363636362	57		1
plsdb	MPF_FA	0.5	343	2709616	19	18	3.6363636363636362	103		1
plsdb	MPF_FA	0.5	344	590957	18	18	3.6363636363636362	65		1
plsdb	MPF_FA	0.5	345	105641	18	18	3.6363636363636362	85		1
plsdb	MPF_FA	0.5	346	1706606	18	18	3.6363636363636362	86		1
plsdb	MPF_FA	0.5	347	581789	18	18	3.6363636363636362	52		1
plsdb	MPF_FA	0.5	348	44650	18	18	3.6363636363636362	83		1
plsdb	MPF_FA	0.5	349	44677	18	18	3.6363636363636362	64		1
plsdb	MPF_FA	0.5	350	44679	18	18	3.6363636363636362	219		1
plsdb	MPF_FA	0.5	351	44682	18	18	3.6363636363636362	59		1
plsdb	MPF_FA	0.5	352	44725	20	18	3.6363636363636362	29		1
plsdb	MPF_FA	0.5	353	36222	18	18	3.6363636363636362	136		1
plsdb	MPF_FA	0.5	354	86116	17	17	3.4343434343434343	45		1
plsdb	MPF_FA	0.5	355	938782	17	17	3.4343434343434343	240		1
plsdb	MPF_FA	0.5	356	1307855	27	17	3.4343434343434343	146		1
plsdb	MPF_FA	0.5	357	82605	17	17	3.4343434343434343	124		1
plsdb	MPF_FA	0.5	358	591111	21	17	3.4343434343434343	45		1
plsdb	MPF_FA	0.5	359	439083	17	17	3.4343434343434343	124		1
plsdb	MPF_FA	0.5	360	469967	17	17	3.4343434343434343	130		1
plsdb	MPF_FA	0.5	361	469973	17	17	3.4343434343434343	139		1
plsdb	MPF_FA	0.5	362	3863101	17	17	3.4343434343434343	237		1
plsdb	MPF_FA	0.5	363	113620	20	17	3.4343434343434343	140		1
plsdb	MPF_FA	0.5	364	105643	17	17	3.4343434343434343	131		1
plsdb	MPF_FA	0.5	365	469312	17	17	3.4343434343434343	86		1
plsdb	MPF_FA	0.5	366	3175647	17	17	3.4343434343434343	69		1
plsdb	MPF_FA	0.5	367	1770298	17	17	3.4343434343434343	124		1
plsdb	MPF_FA	0.5	368	379534	17	17	3.4343434343434343	190		1
plsdb	MPF_FA	0.5	369	1233838	17	17	3.4343434343434343	234		1
plsdb	MPF_FA	0.5	370	45064	17	17	3.4343434343434343	81		1
plsdb	MPF_FA	0.5	371	1564074	33	17	3.4343434343434343	63		1
plsdb	MPF_FA	0.5	372	163981	18	17	3.4343434343434343	63		1
plsdb	MPF_FA	0.5	373	163983	18	17	3.4343434343434343	235		1
plsdb	MPF_FA	0.5	374	44690	17	17	3.4343434343434343	48		1
plsdb	MPF_FA	0.5	375	30051	17	17	3.4343434343434343	176		1
plsdb	MPF_FA	0.5	376	17169	18	17	3.4343434343434343	141		1
plsdb	MPF_FA	0.5	377	58024	16	16	3.2323232323232323	76		1
plsdb	MPF_FA	0.5	378	3472287	19	16	3.2323232323232323	223		1
plsdb	MPF_FA	0.5	379	1233751	17	16	3.2323232323232323	86		1
plsdb	MPF_FA	0.5	380	29856	18	16	3.2323232323232323	68		1
plsdb	MPF_FA	0.5	381	29882	16	16	3.2323232323232323	206		1
plsdb	MPF_FA	0.5	382	249294	16	16	3.2323232323232323	93		1
plsdb	MPF_FA	0.5	383	2832135	21	16	3.2323232323232323	209		1
plsdb	MPF_FA	0.5	384	582091	16	16	3.2323232323232323	228		1
plsdb	MPF_FA	0.5	385	591019	22	16	3.2323232323232323	246		1
plsdb	MPF_FA	0.5	386	2016260	16	16	3.2323232323232323	47		1
plsdb	MPF_FA	0.5	387	2126552	16	16	3.2323232323232323	138		1
plsdb	MPF_FA	0.5	388	45065	16	16	3.2323232323232323	224		1
plsdb	MPF_FA	0.5	389	45069	16	16	3.2323232323232323	135		1
plsdb	MPF_FA	0.5	390	3863316	17	16	3.2323232323232323	163		1
plsdb	MPF_FA	0.5	391	55962	16	16	3.2323232323232323	106		1
plsdb	MPF_FA	0.5	392	582145	16	16	3.2323232323232323	200		1
plsdb	MPF_FA	0.5	393	708138	17	16	3.2323232323232323	98		1
plsdb	MPF_FA	0.5	394	708192	16	16	3.2323232323232323	82		1
plsdb	MPF_FA	0.5	395	94003	21	15	3.0303030303030303	84		1
plsdb	MPF_FA	0.5	396	802112	15	15	3.0303030303030303	120		1
plsdb	MPF_FA	0.5	397	469038	15	15	3.0303030303030303	186		1
plsdb	MPF_FA	0.5	398	469042	15	15	3.0303030303030303	81		1
plsdb	MPF_FA	0.5	399	1751280	15	15	3.0303030303030303	123		1
plsdb	MPF_FA	0.5	400	1307866	15	15	3.0303030303030303	185		1
plsdb	MPF_FA	0.7	1	57982	527	162	32.72727272727273	228		1
plsdb	MPF_FA	0.7	2	6065	139	138	27.87878787878788	165		1
plsdb	MPF_FA	0.7	3	3380205	136	134	27.07070707070707	200		1
plsdb	MPF_FA	0.7	4	6122	134	132	26.666666666666668	98		1
plsdb	MPF_FA	0.7	5	3916658	200	121	24.444444444444443	245		1
plsdb	MPF_FA	0.7	6	6050	118	118	23.838383838383837	222		1
plsdb	MPF_FA	0.7	7	162572	116	115	23.232323232323232	206		1
plsdb	MPF_FA	0.7	8	6124	183	104	21.01010101010101	63		1
plsdb	MPF_FA	0.7	9	162574	103	102	20.606060606060606	68		1
plsdb	MPF_FA	0.7	10	6052	100	100	20.2020202020202	123		1
plsdb	MPF_FA	0.7	11	6053	99	99	20.0	85		1
plsdb	MPF_FA	0.7	12	6054	99	99	20.0	185		1
plsdb	MPF_FA	0.7	13	6072	99	99	20.0	90		1
plsdb	MPF_FA	0.7	14	6073	99	99	20.0	118		1
plsdb	MPF_FA	0.7	15	6111	98	98	19.7979797979798	113		1
plsdb	MPF_FA	0.7	16	6112	98	98	19.7979797979798	76		1
plsdb	MPF_FA	0.7	17	288427	96	96	19.393939393939394	172		1
plsdb	MPF_FA	0.7	18	6075	95	95	19.19191919191919	116		1
plsdb	MPF_FA	0.7	19	6108	101	93	18.78787878787879	87		1
plsdb	MPF_FA	0.7	20	6114	91	91	18.383838383838384	104		1
plsdb	MPF_FA	0.7	21	6157	81	81	16.363636363636363	132		1
plsdb	MPF_FA	0.7	22	6129	81	78	15.757575757575758	244		1
plsdb	MPF_FA	0.7	23	6153	78	77	15.555555555555555	71		1
plsdb	MPF_FA	0.7	24	6116	76	76	15.353535353535353	64		1
plsdb	MPF_FA	0.7	25	6117	76	76	15.353535353535353	63		1
plsdb	MPF_FA	0.7	26	6119	76	76	15.353535353535353	113		1
plsdb	MPF_FA	0.7	27	6152	77	76	15.353535353535353	90		1
plsdb	MPF_FA	0.7	28	6118	75	75	15.151515151515152	71		1
plsdb	MPF_FA	0.7	29	6123	74	74	14.94949494949495	210		1
plsdb	MPF_FA	0.7	30	708226	80	70	14.141414141414142	152		1
plsdb	MPF_FA	0.7	31	6127	70	69	13.93939393939394	180		1
plsdb	MPF_FA	0.7	32	6121	68	68	13.737373737373737	30		1
plsdb	MPF_FA	0.7	33	87326	69	68	13.737373737373737	68		1
plsdb	MPF_FA	0.7	34	16449	69	68	13.737373737373737	42		1
plsdb	MPF_FA	0.7	35	16450	69	68	13.737373737373737	85		1
plsdb	MPF_FA	0.7	36	423851	69	68	13.737373737373737	124		1
plsdb	MPF_FA	0.7	37	388000	69	68	13.737373737373737	94		1
plsdb	MPF_FA	0.7	38	388002	69	68	13.737373737373737	72		1
plsdb	MPF_FA	0.7	39	16481	75	67	13.535353535353535	135		1
plsdb	MPF_FA	0.7	40	16452	67	66	13.333333333333334	100		1
plsdb	MPF_FA	0.7	41	16461	67	66	13.333333333333334	111		1
plsdb	MPF_FA	0.7	42	423845	67	66	13.333333333333334	214		1
plsdb	MPF_FA	0.7	43	87329	66	65	13.131313131313131	124		1
plsdb	MPF_FA	0.7	44	862939	65	64	12.929292929292929	164		1
plsdb	MPF_FA	0.7	45	862985	65	64	12.929292929292929	244		1
plsdb	MPF_FA	0.7	46	6056	63	63	12.727272727272727	215		1
plsdb	MPF_FA	0.7	47	87263	63	62	12.525252525252526	164		1
plsdb	MPF_FA	0.7	48	87265	63	62	12.525252525252526	101		1
plsdb	MPF_FA	0.7	49	87276	64	60	12.121212121212121	103		1
plsdb	MPF_FA	0.7	50	1409538	63	60	12.121212121212121	156		1
plsdb	MPF_FA	0.7	51	1328833	66	58	11.717171717171718	77		1
plsdb	MPF_FA	0.7	52	1356880	58	58	11.717171717171718	144		1
plsdb	MPF_FA	0.7	53	6057	57	57	11.515151515151516	94		1
plsdb	MPF_FA	0.7	54	87299	57	57	11.515151515151516	75		1
plsdb	MPF_FA	0.7	55	29972	57	57	11.515151515151516	160		1
plsdb	MPF_FA	0.7	56	2488834	57	56	11.313131313131313	29		1
plsdb	MPF_FA	0.7	57	426771	56	56	11.313131313131313	140		1
plsdb	MPF_FA	0.7	58	1726899	56	56	11.313131313131313	228		1
plsdb	MPF_FA	0.7	59	6131	59	55	11.11111111111111	74		1
plsdb	MPF_FA	0.7	60	45071	55	55	11.11111111111111	201		1
plsdb	MPF_FA	0.7	61	44571	55	55	11.11111111111111	87		1
plsdb	MPF_FA	0.7	62	17147	54	54	10.909090909090908	69		1
plsdb	MPF_FA	0.7	63	29975	54	54	10.909090909090908	198		1
plsdb	MPF_FA	0.7	64	29901	54	54	10.909090909090908	199		1
plsdb	MPF_FA	0.7	65	388101	53	53	10.707070707070708	133		1
plsdb	MPF_FA	0.7	66	44743	52	52	10.505050505050505	118		1
plsdb	MPF_FA	0.7	67	29941	51	51	10.303030303030303	76		1
plsdb	MPF_FA	0.7	68	87291	50	50	10.1010101010101	35		1
plsdb	MPF_FA	0.7	69	206787	49	49	9.8989898989899	176		1
plsdb	MPF_FA	0.7	70	87255	49	49	9.8989898989899	56		1
plsdb	MPF_FA	0.7	71	87295	49	49	9.8989898989899	213		1
plsdb	MPF_FA	0.7	72	17164	49	49	9.8989898989899	233		1
plsdb	MPF_FA	0.7	73	17166	49	49	9.8989898989899	204		1
plsdb	MPF_FA	0.7	74	44521	49	49	9.8989898989899	80		1
plsdb	MPF_FA	0.7	75	87292	48	48	9.696969696969697	42		1
plsdb	MPF_FA	0.7	76	87296	48	48	9.696969696969697	107		1
plsdb	MPF_FA	0.7	77	16470	49	47	9.494949494949495	57		1
plsdb	MPF_FA	0.7	78	44520	47	47	9.494949494949495	65		1
plsdb	MPF_FA	0.7	79	30038	46	46	9.292929292929292	199		1
plsdb	MPF_FA	0.7	80	6143	46	46	9.292929292929292	173		1
plsdb	MPF_FA	0.7	81	6149	46	46	9.292929292929292	168		1
plsdb	MPF_FA	0.7	82	87252	45	45	9.090909090909092	103		1
plsdb	MPF_FA	0.7	83	1885870	62	45	9.090909090909092	72		1
plsdb	MPF_FA	0.7	84	17167	45	45	9.090909090909092	72		1
plsdb	MPF_FA	0.7	85	1307759	44	44	8.88888888888889	239		1
plsdb	MPF_FA	0.7	86	93779	44	44	8.88888888888889	52		1
plsdb	MPF_FA	0.7	87	756615	48	44	8.88888888888889	202		1
plsdb	MPF_FA	0.7	88	6139	43	43	8.686868686868687	175		1
plsdb	MPF_FA	0.7	89	16438	43	43	8.686868686868687	83		1
plsdb	MPF_FA	0.7	90	29917	43	43	8.686868686868687	64		1
plsdb	MPF_FA	0.7	91	1307814	43	43	8.686868686868687	124		1
plsdb	MPF_FA	0.7	92	533463	43	43	8.686868686868687	204		1
plsdb	MPF_FA	0.7	93	87333	42	42	8.484848484848484	128		1
plsdb	MPF_FA	0.7	94	6150	42	41	8.282828282828282	121		1
plsdb	MPF_FA	0.7	95	6135	40	40	8.080808080808081	194		1
plsdb	MPF_FA	0.7	96	6136	40	40	8.080808080808081	152		1
plsdb	MPF_FA	0.7	97	6137	40	40	8.080808080808081	83		1
plsdb	MPF_FA	0.7	98	87259	40	40	8.080808080808081	55		1
plsdb	MPF_FA	0.7	99	44522	40	40	8.080808080808081	155		1
plsdb	MPF_FA	0.7	100	17150	39	39	7.878787878787879	47		1
plsdb	MPF_FA	0.7	101	1433277	39	39	7.878787878787879	72		1
plsdb	MPF_FA	0.7	102	44523	39	39	7.878787878787879	120		1
plsdb	MPF_FA	0.7	103	44526	39	39	7.878787878787879	79		1
plsdb	MPF_FA	0.7	104	44527	39	39	7.878787878787879	183		1
plsdb	MPF_FA	0.7	105	44528	38	38	7.6767676767676765	232		1
plsdb	MPF_FA	0.7	106	590779	37	37	7.474747474747475	196		1
plsdb	MPF_FA	0.7	107	288526	39	36	7.2727272727272725	194		1
plsdb	MPF_FA	0.7	108	6106	35	35	7.070707070707071	196		1
plsdb	MPF_FA	0.7	109	3173447	35	35	7.070707070707071	249		1
plsdb	MPF_FA	0.7	110	93831	34	34	6.8686868686868685	106		1
plsdb	MPF_FA	0.7	111	82597	34	34	6.8686868686868685	61		1
plsdb	MPF_FA	0.7	112	30012	34	34	6.8686868686868685	146		1
plsdb	MPF_FA	0.7	113	3632863	34	34	6.8686868686868685	194		1
plsdb	MPF_FA	0.7	114	594189	50	34	6.8686868686868685	132		1
plsdb	MPF_FA	0.7	115	6078	33	33	6.666666666666667	44		1
plsdb	MPF_FA	0.7	116	6079	33	33	6.666666666666667	74		1
plsdb	MPF_FA	0.7	117	6081	33	33	6.666666666666667	204		1
plsdb	MPF_FA	0.7	118	6085	33	33	6.666666666666667	226		1
plsdb	MPF_FA	0.7	119	6087	33	33	6.666666666666667	68		1
plsdb	MPF_FA	0.7	120	977042	34	33	6.666666666666667	142		1
plsdb	MPF_FA	0.7	121	6082	32	32	6.4646464646464645	121		1
plsdb	MPF_FA	0.7	122	6088	32	32	6.4646464646464645	198		1
plsdb	MPF_FA	0.7	123	6095	32	32	6.4646464646464645	68		1
plsdb	MPF_FA	0.7	124	86111	32	32	6.4646464646464645	122		1
plsdb	MPF_FA	0.7	125	1247419	32	32	6.4646464646464645	189		1
plsdb	MPF_FA	0.7	126	769311	32	32	6.4646464646464645	194		1
plsdb	MPF_FA	0.7	127	86048	32	32	6.4646464646464645	81		1
plsdb	MPF_FA	0.7	128	222822	32	32	6.4646464646464645	193		1
plsdb	MPF_FA	0.7	129	2173876	32	32	6.4646464646464645	152		1
plsdb	MPF_FA	0.7	130	44707	32	32	6.4646464646464645	91		1
plsdb	MPF_FA	0.7	131	469997	32	32	6.4646464646464645	101		1
plsdb	MPF_FA	0.7	132	17192	31	31	6.262626262626263	217		1
plsdb	MPF_FA	0.7	133	6083	31	31	6.262626262626263	134		1
plsdb	MPF_FA	0.7	134	6092	31	31	6.262626262626263	151		1
plsdb	MPF_FA	0.7	135	6098	31	31	6.262626262626263	144		1
plsdb	MPF_FA	0.7	136	6099	31	31	6.262626262626263	113		1
plsdb	MPF_FA	0.7	137	86102	31	31	6.262626262626263	164		1
plsdb	MPF_FA	0.7	138	86109	31	31	6.262626262626263	88		1
plsdb	MPF_FA	0.7	139	1912784	31	31	6.262626262626263	231		1
plsdb	MPF_FA	0.7	140	86046	31	31	6.262626262626263	74		1
plsdb	MPF_FA	0.7	141	86056	31	31	6.262626262626263	74		1
plsdb	MPF_FA	0.7	142	2605253	31	31	6.262626262626263	75		1
plsdb	MPF_FA	0.7	143	222828	31	31	6.262626262626263	205		1
plsdb	MPF_FA	0.7	144	6090	30	30	6.0606060606060606	122		1
plsdb	MPF_FA	0.7	145	6100	30	30	6.0606060606060606	60		1
plsdb	MPF_FA	0.7	146	6141	30	30	6.0606060606060606	38		1
plsdb	MPF_FA	0.7	147	496720	30	30	6.0606060606060606	93		1
plsdb	MPF_FA	0.7	148	117222	30	30	6.0606060606060606	166		1
plsdb	MPF_FA	0.7	149	86093	30	30	6.0606060606060606	195		1
plsdb	MPF_FA	0.7	150	86094	30	30	6.0606060606060606	63		1
plsdb	MPF_FA	0.7	151	86095	30	30	6.0606060606060606	50		1
plsdb	MPF_FA	0.7	152	86098	30	30	6.0606060606060606	84		1
plsdb	MPF_FA	0.7	153	86110	33	30	6.0606060606060606	128		1
plsdb	MPF_FA	0.7	154	469269	30	30	6.0606060606060606	243		1
plsdb	MPF_FA	0.7	155	55952	30	30	6.0606060606060606	83		1
plsdb	MPF_FA	0.7	156	1576655	30	30	6.0606060606060606	133		1
plsdb	MPF_FA	0.7	157	44698	32	30	6.0606060606060606	162		1
plsdb	MPF_FA	0.7	158	30036	30	29	5.858585858585859	66		1
plsdb	MPF_FA	0.7	159	1050954	29	29	5.858585858585859	194		1
plsdb	MPF_FA	0.7	160	6097	29	29	5.858585858585859	206		1
plsdb	MPF_FA	0.7	161	3856399	29	29	5.858585858585859	199		1
plsdb	MPF_FA	0.7	162	86117	29	29	5.858585858585859	103		1
plsdb	MPF_FA	0.7	163	659898	29	29	5.858585858585859	190		1
plsdb	MPF_FA	0.7	164	55902	30	29	5.858585858585859	122		1
plsdb	MPF_FA	0.7	165	55957	29	29	5.858585858585859	122		1
plsdb	MPF_FA	0.7	166	379502	29	29	5.858585858585859	105		1
plsdb	MPF_FA	0.7	167	388092	29	29	5.858585858585859	92		1
plsdb	MPF_FA	0.7	168	44664	29	29	5.858585858585859	91		1
plsdb	MPF_FA	0.7	169	44692	29	29	5.858585858585859	91		1
plsdb	MPF_FA	0.7	170	44693	29	29	5.858585858585859	100		1
plsdb	MPF_FA	0.7	171	1834519	28	28	5.656565656565657	151		1
plsdb	MPF_FA	0.7	172	683781	28	28	5.656565656565657	164		1
plsdb	MPF_FA	0.7	173	683783	28	28	5.656565656565657	138		1
plsdb	MPF_FA	0.7	174	93830	28	28	5.656565656565657	73		1
plsdb	MPF_FA	0.7	175	45080	28	28	5.656565656565657	205		1
plsdb	MPF_FA	0.7	176	162573	29	28	5.656565656565657	94		1
plsdb	MPF_FA	0.7	177	162575	28	28	5.656565656565657	84		1
plsdb	MPF_FA	0.7	178	162576	28	28	5.656565656565657	222		1
plsdb	MPF_FA	0.7	179	162577	28	28	5.656565656565657	105		1
plsdb	MPF_FA	0.7	180	162599	28	28	5.656565656565657	55		1
plsdb	MPF_FA	0.7	181	469342	27	27	5.454545454545454	137		1
plsdb	MPF_FA	0.7	182	87273	27	27	5.454545454545454	109		1
plsdb	MPF_FA	0.7	183	232495	27	27	5.454545454545454	174		1
plsdb	MPF_FA	0.7	184	2709733	27	27	5.454545454545454	61		1
plsdb	MPF_FA	0.7	185	55943	27	27	5.454545454545454	77		1
plsdb	MPF_FA	0.7	186	55961	27	27	5.454545454545454	98		1
plsdb	MPF_FA	0.7	187	94126	29	27	5.454545454545454	90		1
plsdb	MPF_FA	0.7	188	618516	28	27	5.454545454545454	231		1
plsdb	MPF_FA	0.7	189	44684	27	27	5.454545454545454	57		1
plsdb	MPF_FA	0.7	190	44685	27	27	5.454545454545454	112		1
plsdb	MPF_FA	0.7	191	44686	27	27	5.454545454545454	136		1
plsdb	MPF_FA	0.7	192	44687	27	27	5.454545454545454	242		1
plsdb	MPF_FA	0.7	193	44691	27	27	5.454545454545454	64		1
plsdb	MPF_FA	0.7	194	44697	27	27	5.454545454545454	88		1
plsdb	MPF_FA	0.7	195	44740	27	27	5.454545454545454	71		1
plsdb	MPF_FA	0.7	196	581977	26	26	5.252525252525253	66		1
plsdb	MPF_FA	0.7	197	87312	26	26	5.252525252525253	81		1
plsdb	MPF_FA	0.7	198	87314	26	26	5.252525252525253	206		1
plsdb	MPF_FA	0.7	199	87320	26	26	5.252525252525253	74		1
plsdb	MPF_FA	0.7	200	87321	52	26	5.252525252525253	33		1
plsdb	MPF_FA	0.7	201	45081	26	26	5.252525252525253	56		1
plsdb	MPF_FA	0.7	202	29908	26	26	5.252525252525253	136		1
plsdb	MPF_FA	0.7	203	29932	26	26	5.252525252525253	173		1
plsdb	MPF_FA	0.7	204	590949	26	26	5.252525252525253	161		1
plsdb	MPF_FA	0.7	205	56338	26	26	5.252525252525253	129		1
plsdb	MPF_FA	0.7	206	3344098	26	26	5.252525252525253	92		1
plsdb	MPF_FA	0.7	207	44667	46	26	5.252525252525253	109		1
plsdb	MPF_FA	0.7	208	44702	27	26	5.252525252525253	132		1
plsdb	MPF_FA	0.7	209	469341	25	25	5.05050505050505	135		1
plsdb	MPF_FA	0.7	210	6132	25	25	5.05050505050505	222		1
plsdb	MPF_FA	0.7	211	117271	25	25	5.05050505050505	78		1
plsdb	MPF_FA	0.7	212	86086	25	25	5.05050505050505	142		1
plsdb	MPF_FA	0.7	213	87270	25	25	5.05050505050505	71		1
plsdb	MPF_FA	0.7	214	87293	25	25	5.05050505050505	59		1
plsdb	MPF_FA	0.7	215	87306	25	25	5.05050505050505	195		1
plsdb	MPF_FA	0.7	216	468977	28	25	5.05050505050505	88		1
plsdb	MPF_FA	0.7	217	2392905	25	25	5.05050505050505	106		1
plsdb	MPF_FA	0.7	218	44705	25	25	5.05050505050505	160		1
plsdb	MPF_FA	0.7	219	44709	25	25	5.05050505050505	104		1
plsdb	MPF_FA	0.7	220	44710	25	25	5.05050505050505	122		1
plsdb	MPF_FA	0.7	221	58021	24	24	4.848484848484849	105		1
plsdb	MPF_FA	0.7	222	469340	24	24	4.848484848484849	155		1
plsdb	MPF_FA	0.7	223	206782	24	24	4.848484848484849	39		1
plsdb	MPF_FA	0.7	224	113594	24	24	4.848484848484849	184		1
plsdb	MPF_FA	0.7	225	87269	24	24	4.848484848484849	151		1
plsdb	MPF_FA	0.7	226	30005	24	24	4.848484848484849	148		1
plsdb	MPF_FA	0.7	227	1307766	24	24	4.848484848484849	237		1
plsdb	MPF_FA	0.7	228	1307816	24	24	4.848484848484849	55		1
plsdb	MPF_FA	0.7	229	56246	24	24	4.848484848484849	184		1
plsdb	MPF_FA	0.7	230	29902	24	24	4.848484848484849	57		1
plsdb	MPF_FA	0.7	231	65860	23	23	4.646464646464646	224		1
plsdb	MPF_FA	0.7	232	6147	23	23	4.646464646464646	175		1
plsdb	MPF_FA	0.7	233	87283	23	23	4.646464646464646	239		1
plsdb	MPF_FA	0.7	234	87284	23	23	4.646464646464646	106		1
plsdb	MPF_FA	0.7	235	1885866	23	23	4.646464646464646	104		1
plsdb	MPF_FA	0.7	236	232468	23	23	4.646464646464646	217		1
plsdb	MPF_FA	0.7	237	29903	23	23	4.646464646464646	176		1
plsdb	MPF_FA	0.7	238	29904	23	23	4.646464646464646	157		1
plsdb	MPF_FA	0.7	239	379555	23	23	4.646464646464646	156		1
plsdb	MPF_FA	0.7	240	388090	23	23	4.646464646464646	50		1
plsdb	MPF_FA	0.7	241	44673	23	23	4.646464646464646	174		1
plsdb	MPF_FA	0.7	242	44674	23	23	4.646464646464646	118		1
plsdb	MPF_FA	0.7	243	594277	23	23	4.646464646464646	176		1
plsdb	MPF_FA	0.7	244	20261	22	22	4.444444444444445	99		1
plsdb	MPF_FA	0.7	245	87268	22	22	4.444444444444445	123		1
plsdb	MPF_FA	0.7	246	87280	22	22	4.444444444444445	84		1
plsdb	MPF_FA	0.7	247	87286	22	22	4.444444444444445	209		1
plsdb	MPF_FA	0.7	248	87287	22	22	4.444444444444445	242		1
plsdb	MPF_FA	0.7	249	2965878	22	22	4.444444444444445	129		1
plsdb	MPF_FA	0.7	250	468987	23	22	4.444444444444445	98		1
plsdb	MPF_FA	0.7	251	232466	22	22	4.444444444444445	107		1
plsdb	MPF_FA	0.7	252	2953125	22	22	4.444444444444445	134		1
plsdb	MPF_FA	0.7	253	731381	22	22	4.444444444444445	111		1
plsdb	MPF_FA	0.7	254	3956032	22	22	4.444444444444445	173		1
plsdb	MPF_FA	0.7	255	3350372	23	22	4.444444444444445	62		1
plsdb	MPF_FA	0.7	256	44656	22	22	4.444444444444445	190		1
plsdb	MPF_FA	0.7	257	44678	22	22	4.444444444444445	114		1
plsdb	MPF_FA	0.7	258	44680	22	22	4.444444444444445	91		1
plsdb	MPF_FA	0.7	259	436365	22	22	4.444444444444445	87		1
plsdb	MPF_FA	0.7	260	36213	21	21	4.242424242424242	73		1
plsdb	MPF_FA	0.7	261	20257	22	21	4.242424242424242	148		1
plsdb	MPF_FA	0.7	262	87285	21	21	4.242424242424242	160		1
plsdb	MPF_FA	0.7	263	206822	21	21	4.242424242424242	109		1
plsdb	MPF_FA	0.7	264	469000	27	21	4.242424242424242	133		1
plsdb	MPF_FA	0.7	265	769342	21	21	4.242424242424242	73		1
plsdb	MPF_FA	0.7	266	16456	22	21	4.242424242424242	102		1
plsdb	MPF_FA	0.7	267	105657	21	21	4.242424242424242	198		1
plsdb	MPF_FA	0.7	268	731661	62	21	4.242424242424242	235		1
plsdb	MPF_FA	0.7	269	45073	21	21	4.242424242424242	99		1
plsdb	MPF_FA	0.7	270	45077	21	21	4.242424242424242	229		1
plsdb	MPF_FA	0.7	271	29905	21	21	4.242424242424242	140		1
plsdb	MPF_FA	0.7	272	496701	21	21	4.242424242424242	83		1
plsdb	MPF_FA	0.7	273	55929	21	21	4.242424242424242	194		1
plsdb	MPF_FA	0.7	274	55930	21	21	4.242424242424242	139		1
plsdb	MPF_FA	0.7	275	3956033	21	21	4.242424242424242	63		1
plsdb	MPF_FA	0.7	276	3956040	21	21	4.242424242424242	209		1
plsdb	MPF_FA	0.7	277	44670	21	21	4.242424242424242	50		1
plsdb	MPF_FA	0.7	278	469969	21	21	4.242424242424242	206		1
plsdb	MPF_FA	0.7	279	640021	60	21	4.242424242424242	235		1
plsdb	MPF_FA	0.7	280	20253	21	20	4.040404040404041	121		1
plsdb	MPF_FA	0.7	281	20279	20	20	4.040404040404041	221		1
plsdb	MPF_FA	0.7	282	206790	20	20	4.040404040404041	87		1
plsdb	MPF_FA	0.7	283	86112	20	20	4.040404040404041	57		1
plsdb	MPF_FA	0.7	284	86113	20	20	4.040404040404041	105		1
plsdb	MPF_FA	0.7	285	86114	20	20	4.040404040404041	85		1
plsdb	MPF_FA	0.7	286	86118	20	20	4.040404040404041	59		1
plsdb	MPF_FA	0.7	287	4008629	21	20	4.040404040404041	189		1
plsdb	MPF_FA	0.7	288	208323	22	20	4.040404040404041	191		1
plsdb	MPF_FA	0.7	289	105654	20	20	4.040404040404041	98		1
plsdb	MPF_FA	0.7	290	1751916	22	20	4.040404040404041	185		1
plsdb	MPF_FA	0.7	291	45075	20	20	4.040404040404041	131		1
plsdb	MPF_FA	0.7	292	45078	20	20	4.040404040404041	153		1
plsdb	MPF_FA	0.7	293	1307821	20	20	4.040404040404041	173		1
plsdb	MPF_FA	0.7	294	29906	20	20	4.040404040404041	205		1
plsdb	MPF_FA	0.7	295	335703	20	20	4.040404040404041	202		1
plsdb	MPF_FA	0.7	296	469966	20	20	4.040404040404041	174		1
plsdb	MPF_FA	0.7	297	838597	20	20	4.040404040404041	188		1
plsdb	MPF_FA	0.7	298	36242	20	20	4.040404040404041	184		1
plsdb	MPF_FA	0.7	299	36209	19	19	3.8383838383838382	176		1
plsdb	MPF_FA	0.7	300	36219	19	19	3.8383838383838382	115		1
plsdb	MPF_FA	0.7	301	2364431	19	19	3.8383838383838382	97		1
plsdb	MPF_FA	0.7	302	56439	23	19	3.8383838383838382	197		1
plsdb	MPF_FA	0.7	303	889022	19	19	3.8383838383838382	65		1
plsdb	MPF_FA	0.7	304	2785622	19	19	3.8383838383838382	131		1
plsdb	MPF_FA	0.7	305	20252	20	19	3.8383838383838382	218		1
plsdb	MPF_FA	0.7	306	20276	19	19	3.8383838383838382	176		1
plsdb	MPF_FA	0.7	307	582002	19	19	3.8383838383838382	100		1
plsdb	MPF_FA	0.7	308	1962731	19	19	3.8383838383838382	64		1
plsdb	MPF_FA	0.7	309	86115	19	19	3.8383838383838382	65		1
plsdb	MPF_FA	0.7	310	591118	19	19	3.8383838383838382	56		1
plsdb	MPF_FA	0.7	311	17149	19	19	3.8383838383838382	145		1
plsdb	MPF_FA	0.7	312	17152	19	19	3.8383838383838382	63		1
plsdb	MPF_FA	0.7	313	82574	19	19	3.8383838383838382	168		1
plsdb	MPF_FA	0.7	314	86057	39	19	3.8383838383838382	250		1
plsdb	MPF_FA	0.7	315	45072	19	19	3.8383838383838382	55		1
plsdb	MPF_FA	0.7	316	56394	19	19	3.8383838383838382	232		1
plsdb	MPF_FA	0.7	317	594342	19	19	3.8383838383838382	226		1
plsdb	MPF_FA	0.7	318	55920	19	19	3.8383838383838382	118		1
plsdb	MPF_FA	0.7	319	55921	19	19	3.8383838383838382	61		1
plsdb	MPF_FA	0.7	320	1398779	19	19	3.8383838383838382	144		1
plsdb	MPF_FA	0.7	321	2960745	20	19	3.8383838383838382	92		1
plsdb	MPF_FA	0.7	322	44683	19	19	3.8383838383838382	219		1
plsdb	MPF_FA	0.7	323	36222	18	18	3.6363636363636362	136		1
plsdb	MPF_FA	0.7	324	2278864	18	18	3.6363636363636362	52		1
plsdb	MPF_FA	0.7	325	1726939	18	18	3.6363636363636362	86		1
plsdb	MPF_FA	0.7	326	939016	18	18	3.6363636363636362	42		1
plsdb	MPF_FA	0.7	327	581789	18	18	3.6363636363636362	52		1
plsdb	MPF_FA	0.7	328	105641	18	18	3.6363636363636362	85		1
plsdb	MPF_FA	0.7	329	590957	18	18	3.6363636363636362	65		1
plsdb	MPF_FA	0.7	330	56314	18	18	3.6363636363636362	165		1
plsdb	MPF_FA	0.7	331	44650	18	18	3.6363636363636362	83		1
plsdb	MPF_FA	0.7	332	44677	18	18	3.6363636363636362	64		1
plsdb	MPF_FA	0.7	333	44679	18	18	3.6363636363636362	219		1
plsdb	MPF_FA	0.7	334	44682	18	18	3.6363636363636362	59		1
plsdb	MPF_FA	0.7	335	44725	20	18	3.6363636363636362	29		1
plsdb	MPF_FA	0.7	336	1233631	18	18	3.6363636363636362	174		1
plsdb	MPF_FA	0.7	337	1564266	20	18	3.6363636363636362	113		1
plsdb	MPF_FA	0.7	338	36226	18	18	3.6363636363636362	59		1
plsdb	MPF_FA	0.7	339	36228	18	18	3.6363636363636362	44		1
plsdb	MPF_FA	0.7	340	36231	18	18	3.6363636363636362	138		1
plsdb	MPF_FA	0.7	341	30051	17	17	3.4343434343434343	176		1
plsdb	MPF_FA	0.7	342	469312	17	17	3.4343434343434343	86		1
plsdb	MPF_FA	0.7	343	113620	20	17	3.4343434343434343	140		1
plsdb	MPF_FA	0.7	344	86116	17	17	3.4343434343434343	45		1
plsdb	MPF_FA	0.7	345	591111	21	17	3.4343434343434343	45		1
plsdb	MPF_FA	0.7	346	17169	18	17	3.4343434343434343	141		1
plsdb	MPF_FA	0.7	347	45064	17	17	3.4343434343434343	81		1
plsdb	MPF_FA	0.7	348	1233838	17	17	3.4343434343434343	234		1
plsdb	MPF_FA	0.7	349	163981	18	17	3.4343434343434343	63		1
plsdb	MPF_FA	0.7	350	163983	18	17	3.4343434343434343	235		1
plsdb	MPF_FA	0.7	351	938782	17	17	3.4343434343434343	240		1
plsdb	MPF_FA	0.7	352	1770298	17	17	3.4343434343434343	124		1
plsdb	MPF_FA	0.7	353	379534	17	17	3.4343434343434343	190		1
plsdb	MPF_FA	0.7	354	764588	17	17	3.4343434343434343	159		1
plsdb	MPF_FA	0.7	355	44690	17	17	3.4343434343434343	48		1
plsdb	MPF_FA	0.7	356	2442645	17	17	3.4343434343434343	124		1
plsdb	MPF_FA	0.7	357	1233650	17	17	3.4343434343434343	97		1
plsdb	MPF_FA	0.7	358	1564062	17	17	3.4343434343434343	57		1
plsdb	MPF_FA	0.7	359	1564074	33	17	3.4343434343434343	63		1
plsdb	MPF_FA	0.7	360	469967	17	17	3.4343434343434343	130		1
plsdb	MPF_FA	0.7	361	469973	17	17	3.4343434343434343	139		1
plsdb	MPF_FA	0.7	362	58024	16	16	3.2323232323232323	76		1
plsdb	MPF_FA	0.7	363	249296	16	16	3.2323232323232323	147		1
plsdb	MPF_FA	0.7	364	2126552	16	16	3.2323232323232323	138		1
plsdb	MPF_FA	0.7	365	469012	16	16	3.2323232323232323	78		1
plsdb	MPF_FA	0.7	366	105664	16	16	3.2323232323232323	125		1
plsdb	MPF_FA	0.7	367	45065	16	16	3.2323232323232323	224		1
plsdb	MPF_FA	0.7	368	45069	16	16	3.2323232323232323	135		1
plsdb	MPF_FA	0.7	369	29856	18	16	3.2323232323232323	68		1
plsdb	MPF_FA	0.7	370	29882	16	16	3.2323232323232323	206		1
plsdb	MPF_FA	0.7	371	582145	16	16	3.2323232323232323	200		1
plsdb	MPF_FA	0.7	372	55962	16	16	3.2323232323232323	106		1
plsdb	MPF_FA	0.7	373	582091	16	16	3.2323232323232323	228		1
plsdb	MPF_FA	0.7	374	94067	21	16	3.2323232323232323	209		1
plsdb	MPF_FA	0.7	375	2442650	16	16	3.2323232323232323	47		1
plsdb	MPF_FA	0.7	376	469290	15	15	3.0303030303030303	186		1
plsdb	MPF_FA	0.7	377	469324	19	15	3.0303030303030303	228		1
plsdb	MPF_FA	0.7	378	2659901	15	15	3.0303030303030303	85		1
plsdb	MPF_FA	0.7	379	1246223	16	15	3.0303030303030303	80		1
plsdb	MPF_FA	0.7	380	3484963	15	15	3.0303030303030303	165		1
plsdb	MPF_FA	0.7	381	2254911	15	15	3.0303030303030303	144		1
plsdb	MPF_FA	0.7	382	113615	18	15	3.0303030303030303	86		1
plsdb	MPF_FA	0.7	383	113616	17	15	3.0303030303030303	161		1
plsdb	MPF_FA	0.7	384	93823	15	15	3.0303030303030303	233		1
plsdb	MPF_FA	0.7	385	469038	15	15	3.0303030303030303	186		1
plsdb	MPF_FA	0.7	386	469042	15	15	3.0303030303030303	81		1
plsdb	MPF_FA	0.7	387	3561226	15	15	3.0303030303030303	207		1
plsdb	MPF_FA	0.7	388	470186	15	15	3.0303030303030303	60		1
plsdb	MPF_FA	0.7	389	802112	15	15	3.0303030303030303	120		1
plsdb	MPF_FA	0.7	390	581787	15	15	3.0303030303030303	72		1
plsdb	MPF_FA	0.7	391	105649	15	15	3.0303030303030303	82		1
plsdb	MPF_FA	0.7	392	461166	19	15	3.0303030303030303	60		1
plsdb	MPF_FA	0.7	393	1307769	16	15	3.0303030303030303	163		1
plsdb	MPF_FA	0.7	394	1307866	15	15	3.0303030303030303	185		1
plsdb	MPF_FA	0.7	395	305006	15	15	3.0303030303030303	243		1
plsdb	MPF_FA	0.7	396	1307877	16	15	3.0303030303030303	181		1
plsdb	MPF_FA	0.7	397	94003	21	15	3.0303030303030303	84		1
plsdb	MPF_FA	0.7	398	2605413	15	15	3.0303030303030303	35		1
plsdb	MPF_FA	0.7	399	29848	15	15	3.0303030303030303	183		1
plsdb	MPF_FA	0.7	400	1770605	15	15	3.0303030303030303	127		1
plsdb	MPF_FATA	0.5	1	1801644	1976	551	27.77217741935484	226		1
plsdb	MPF_FATA	0.5	2	2304807	339	326	16.431451612903224	201		1
plsdb	MPF_FATA	0.5	3	683659	306	299	15.070564516129032	101		1
plsdb	MPF_FATA	0.5	4	196513	305	295	14.868951612903226	98		1
plsdb	MPF_FATA	0.5	5	2719309	282	277	13.961693548387096	152		1
plsdb	MPF_FATA	0.5	6	538978	272	270	13.608870967741936	118		1
plsdb	MPF_FATA	0.5	7	1756114	257	253	12.752016129032258	206		1
plsdb	MPF_FATA	0.5	8	867	240	236	11.89516129032258	95		1
plsdb	MPF_FATA	0.5	9	1475137	229	226	11.391129032258064	92		1
plsdb	MPF_FATA	0.5	10	70303	211	209	10.534274193548388	205		1
plsdb	MPF_FATA	0.5	11	1801451	206	206	10.383064516129032	126		1
plsdb	MPF_FATA	0.5	12	88249	298	204	10.28225806451613	245		1
plsdb	MPF_FATA	0.5	13	1927757	204	203	10.231854838709678	185		1
plsdb	MPF_FATA	0.5	14	3878224	200	194	9.778225806451612	204		1
plsdb	MPF_FATA	0.5	15	2406524	190	187	9.425403225806452	194		1
plsdb	MPF_FATA	0.5	16	105723	193	185	9.324596774193548	71		1
plsdb	MPF_FATA	0.5	17	885561	215	184	9.274193548387096	61		1
plsdb	MPF_FATA	0.5	18	49582	184	183	9.223790322580646	149		1
plsdb	MPF_FATA	0.5	19	210903	316	181	9.122983870967742	99		1
plsdb	MPF_FATA	0.5	20	878	179	177	8.921370967741936	63		1
plsdb	MPF_FATA	0.5	21	2482251	182	177	8.921370967741936	103		1
plsdb	MPF_FATA	0.5	22	335424	182	177	8.921370967741936	122		1
plsdb	MPF_FATA	0.5	23	3899027	178	176	8.870967741935484	118		1
plsdb	MPF_FATA	0.5	24	929934	176	175	8.820564516129032	172		1
plsdb	MPF_FATA	0.5	25	6143	175	174	8.77016129032258	148		1
plsdb	MPF_FATA	0.5	26	3097988	174	174	8.77016129032258	62		1
plsdb	MPF_FATA	0.5	27	44956	188	172	8.669354838709678	200		1
plsdb	MPF_FATA	0.5	28	49560	172	172	8.669354838709678	62		1
plsdb	MPF_FATA	0.5	29	199901	173	172	8.669354838709678	86		1
plsdb	MPF_FATA	0.5	30	1438354	171	171	8.618951612903226	131		1
plsdb	MPF_FATA	0.5	31	199898	172	171	8.618951612903226	77		1
plsdb	MPF_FATA	0.5	32	2367650	172	170	8.568548387096774	69		1
plsdb	MPF_FATA	0.5	33	49568	170	170	8.568548387096774	161		1
plsdb	MPF_FATA	0.5	34	49592	171	170	8.568548387096774	109		1
plsdb	MPF_FATA	0.5	35	199897	171	170	8.568548387096774	90		1
plsdb	MPF_FATA	0.5	36	2882660	257	167	8.41733870967742	71		1
plsdb	MPF_FATA	0.5	37	44365	167	166	8.366935483870968	86		1
plsdb	MPF_FATA	0.5	38	88177	169	165	8.316532258064516	150		1
plsdb	MPF_FATA	0.5	39	52465	166	164	8.266129032258064	91		1
plsdb	MPF_FATA	0.5	40	3173638	166	164	8.266129032258064	122		1
plsdb	MPF_FATA	0.5	41	683367	165	163	8.215725806451612	104		1
plsdb	MPF_FATA	0.5	42	3151922	162	162	8.165322580645162	111		1
plsdb	MPF_FATA	0.5	43	6072	162	161	8.11491935483871	90		1
plsdb	MPF_FATA	0.5	44	19947	161	158	7.963709677419355	166		1
plsdb	MPF_FATA	0.5	45	45029	156	156	7.862903225806452	85		1
plsdb	MPF_FATA	0.5	46	44369	155	154	7.762096774193548	205		1
plsdb	MPF_FATA	0.5	47	259931	155	153	7.711693548387097	132		1
plsdb	MPF_FATA	0.5	48	1050960	153	151	7.610887096774194	74		1
plsdb	MPF_FATA	0.5	49	143437	152	150	7.560483870967742	116		1
plsdb	MPF_FATA	0.5	50	2601740	149	148	7.459677419354839	204		1
plsdb	MPF_FATA	0.5	51	50271	156	147	7.409274193548387	90		1
plsdb	MPF_FATA	0.5	52	539097	145	143	7.207661290322581	162		1
plsdb	MPF_FATA	0.5	53	879	143	142	7.157258064516129	64		1
plsdb	MPF_FATA	0.5	54	863	195	140	7.056451612903226	63		1
plsdb	MPF_FATA	0.5	55	2753244	153	139	7.006048387096774	186		1
plsdb	MPF_FATA	0.5	56	2358003	142	139	7.006048387096774	146		1
plsdb	MPF_FATA	0.5	57	1475180	139	138	6.955645161290323	66		1
plsdb	MPF_FATA	0.5	58	1772556	173	133	6.703629032258065	152		1
plsdb	MPF_FATA	0.5	59	289130	137	132	6.653225806451613	113		1
plsdb	MPF_FATA	0.5	60	2772026	132	130	6.55241935483871	144		1
plsdb	MPF_FATA	0.5	61	44364	127	127	6.401209677419355	128		1
plsdb	MPF_FATA	0.5	62	94427	219	124	6.25	107		1
plsdb	MPF_FATA	0.5	63	2434661	127	124	6.25	111		1
plsdb	MPF_FATA	0.5	64	3434383	123	123	6.199596774193548	196		1
plsdb	MPF_FATA	0.5	65	538389	123	120	6.048387096774194	136		1
plsdb	MPF_FATA	0.5	66	411320	120	120	6.048387096774194	206		1
plsdb	MPF_FATA	0.5	67	361856	123	120	6.048387096774194	108		1
plsdb	MPF_FATA	0.5	68	69969	589	117	5.897177419354839	234		1
plsdb	MPF_FATA	0.5	69	3887925	118	117	5.897177419354839	76		1
plsdb	MPF_FATA	0.5	70	410823	116	116	5.846774193548387	71		1
plsdb	MPF_FATA	0.5	71	156252	229	116	5.846774193548387	226		1
plsdb	MPF_FATA	0.5	72	44606	116	116	5.846774193548387	84		1
plsdb	MPF_FATA	0.5	73	1761544	115	115	5.796370967741935	69		1
plsdb	MPF_FATA	0.5	74	983113	116	115	5.796370967741935	96		1
plsdb	MPF_FATA	0.5	75	6112	115	114	5.745967741935484	76		1
plsdb	MPF_FATA	0.5	76	453373	121	114	5.745967741935484	204		1
plsdb	MPF_FATA	0.5	77	94302	116	114	5.745967741935484	170		1
plsdb	MPF_FATA	0.5	78	1401363	145	113	5.695564516129032	90		1
plsdb	MPF_FATA	0.5	79	3496351	112	112	5.645161290322581	86		1
plsdb	MPF_FATA	0.5	80	30362	112	111	5.594758064516129	160		1
plsdb	MPF_FATA	0.5	81	859720	120	111	5.594758064516129	192		1
plsdb	MPF_FATA	0.5	82	30321	111	111	5.594758064516129	95		1
plsdb	MPF_FATA	0.5	83	222601	113	111	5.594758064516129	135		1
plsdb	MPF_FATA	0.5	84	44600	111	110	5.544354838709677	98		1
plsdb	MPF_FATA	0.5	85	30121	111	110	5.544354838709677	209		1
plsdb	MPF_FATA	0.5	86	44608	110	109	5.493951612903226	162		1
plsdb	MPF_FATA	0.5	87	552381	109	109	5.493951612903226	211		1
plsdb	MPF_FATA	0.5	88	222476	109	109	5.493951612903226	132		1
plsdb	MPF_FATA	0.5	89	222502	109	109	5.493951612903226	156		1
plsdb	MPF_FATA	0.5	90	848657	110	109	5.493951612903226	140		1
plsdb	MPF_FATA	0.5	91	848550	109	108	5.443548387096774	150		1
plsdb	MPF_FATA	0.5	92	718895	109	108	5.443548387096774	198		1
plsdb	MPF_FATA	0.5	93	222511	108	108	5.443548387096774	149		1
plsdb	MPF_FATA	0.5	94	2243072	107	107	5.393145161290323	61		1
plsdb	MPF_FATA	0.5	95	2231992	242	107	5.393145161290323	68		1
plsdb	MPF_FATA	0.5	96	552541	107	107	5.393145161290323	181		1
plsdb	MPF_FATA	0.5	97	222541	108	107	5.393145161290323	193		1
plsdb	MPF_FATA	0.5	98	1008952	106	106	5.342741935483871	201		1
plsdb	MPF_FATA	0.5	99	44842	107	106	5.342741935483871	88		1
plsdb	MPF_FATA	0.5	100	1676719	106	106	5.342741935483871	248		1
plsdb	MPF_FATA	0.5	101	1730469	107	106	5.342741935483871	242		1
plsdb	MPF_FATA	0.5	102	44617	105	105	5.292338709677419	183		1
plsdb	MPF_FATA	0.5	103	552511	106	105	5.292338709677419	127		1
plsdb	MPF_FATA	0.5	104	222534	105	105	5.292338709677419	116		1
plsdb	MPF_FATA	0.5	105	222543	106	105	5.292338709677419	101		1
plsdb	MPF_FATA	0.5	106	222435	105	104	5.241935483870968	46		1
plsdb	MPF_FATA	0.5	107	1722316	163	104	5.241935483870968	67		1
plsdb	MPF_FATA	0.5	108	222512	104	104	5.241935483870968	131		1
plsdb	MPF_FATA	0.5	109	222449	104	103	5.191532258064516	194		1
plsdb	MPF_FATA	0.5	110	94299	104	103	5.191532258064516	60		1
plsdb	MPF_FATA	0.5	111	222459	104	103	5.191532258064516	47		1
plsdb	MPF_FATA	0.5	112	591534	102	101	5.090725806451613	243		1
plsdb	MPF_FATA	0.5	113	103183	102	100	5.040322580645161	85		1
plsdb	MPF_FATA	0.5	114	44623	103	100	5.040322580645161	50		1
plsdb	MPF_FATA	0.5	115	45045	102	100	5.040322580645161	116		1
plsdb	MPF_FATA	0.5	116	222532	100	100	5.040322580645161	89		1
plsdb	MPF_FATA	0.5	117	474118	100	100	5.040322580645161	193		1
plsdb	MPF_FATA	0.5	118	222460	100	99	4.98991935483871	137		1
plsdb	MPF_FATA	0.5	119	222497	102	99	4.98991935483871	60		1
plsdb	MPF_FATA	0.5	120	44388	99	98	4.939516129032258	91		1
plsdb	MPF_FATA	0.5	121	335789	133	98	4.939516129032258	92		1
plsdb	MPF_FATA	0.5	122	222450	99	98	4.939516129032258	192		1
plsdb	MPF_FATA	0.5	123	6050	98	98	4.939516129032258	222		1
plsdb	MPF_FATA	0.5	124	2118133	98	98	4.939516129032258	152		1
plsdb	MPF_FATA	0.5	125	411319	98	97	4.889112903225806	160		1
plsdb	MPF_FATA	0.5	126	1261428	98	97	4.889112903225806	227		1
plsdb	MPF_FATA	0.5	127	730748	97	96	4.838709677419355	192		1
plsdb	MPF_FATA	0.5	128	858187	97	96	4.838709677419355	144		1
plsdb	MPF_FATA	0.5	129	50288	99	96	4.838709677419355	56		1
plsdb	MPF_FATA	0.5	130	2118239	96	95	4.788306451612903	75		1
plsdb	MPF_FATA	0.5	131	222431	96	95	4.788306451612903	125		1
plsdb	MPF_FATA	0.5	132	2345476	97	95	4.788306451612903	117		1
plsdb	MPF_FATA	0.5	133	222505	95	95	4.788306451612903	119		1
plsdb	MPF_FATA	0.5	134	222515	95	95	4.788306451612903	68		1
plsdb	MPF_FATA	0.5	135	2562574	120	95	4.788306451612903	71		1
plsdb	MPF_FATA	0.5	136	222432	95	94	4.737903225806452	107		1
plsdb	MPF_FATA	0.5	137	222433	95	94	4.737903225806452	149		1
plsdb	MPF_FATA	0.5	138	222448	95	94	4.737903225806452	77		1
plsdb	MPF_FATA	0.5	139	3523214	95	94	4.737903225806452	65		1
plsdb	MPF_FATA	0.5	140	3242555	93	93	4.6875	91		1
plsdb	MPF_FATA	0.5	141	774571	94	93	4.6875	126		1
plsdb	MPF_FATA	0.5	142	222468	93	93	4.6875	36		1
plsdb	MPF_FATA	0.5	143	222494	97	93	4.6875	66		1
plsdb	MPF_FATA	0.5	144	222578	94	93	4.6875	101		1
plsdb	MPF_FATA	0.5	145	44397	93	92	4.637096774193548	57		1
plsdb	MPF_FATA	0.5	146	2436553	93	92	4.637096774193548	177		1
plsdb	MPF_FATA	0.5	147	69942	93	92	4.637096774193548	146		1
plsdb	MPF_FATA	0.5	148	344604	93	92	4.637096774193548	132		1
plsdb	MPF_FATA	0.5	149	222399	92	92	4.637096774193548	204		1
plsdb	MPF_FATA	0.5	150	222401	92	92	4.637096774193548	34		1
plsdb	MPF_FATA	0.5	151	222403	93	92	4.637096774193548	76		1
plsdb	MPF_FATA	0.5	152	222404	93	92	4.637096774193548	111		1
plsdb	MPF_FATA	0.5	153	222405	93	92	4.637096774193548	68		1
plsdb	MPF_FATA	0.5	154	222407	93	92	4.637096774193548	126		1
plsdb	MPF_FATA	0.5	155	222408	93	92	4.637096774193548	74		1
plsdb	MPF_FATA	0.5	156	222410	93	92	4.637096774193548	60		1
plsdb	MPF_FATA	0.5	157	222411	93	92	4.637096774193548	67		1
plsdb	MPF_FATA	0.5	158	222416	93	92	4.637096774193548	62		1
plsdb	MPF_FATA	0.5	159	222417	93	92	4.637096774193548	64		1
plsdb	MPF_FATA	0.5	160	222418	93	92	4.637096774193548	98		1
plsdb	MPF_FATA	0.5	161	1222207	178	92	4.637096774193548	226		1
plsdb	MPF_FATA	0.5	162	222471	92	92	4.637096774193548	55		1
plsdb	MPF_FATA	0.5	163	222477	92	92	4.637096774193548	57		1
plsdb	MPF_FATA	0.5	164	222480	92	92	4.637096774193548	40		1
plsdb	MPF_FATA	0.5	165	222487	92	92	4.637096774193548	194		1
plsdb	MPF_FATA	0.5	166	222491	92	92	4.637096774193548	70		1
plsdb	MPF_FATA	0.5	167	222506	92	92	4.637096774193548	201		1
plsdb	MPF_FATA	0.5	168	222507	92	92	4.637096774193548	54		1
plsdb	MPF_FATA	0.5	169	222548	93	92	4.637096774193548	53		1
plsdb	MPF_FATA	0.5	170	222549	93	92	4.637096774193548	82		1
plsdb	MPF_FATA	0.5	171	222556	93	92	4.637096774193548	38		1
plsdb	MPF_FATA	0.5	172	222562	93	92	4.637096774193548	92		1
plsdb	MPF_FATA	0.5	173	222567	93	92	4.637096774193548	85		1
plsdb	MPF_FATA	0.5	174	222571	93	92	4.637096774193548	125		1
plsdb	MPF_FATA	0.5	175	222573	93	92	4.637096774193548	37		1
plsdb	MPF_FATA	0.5	176	222575	93	92	4.637096774193548	57		1
plsdb	MPF_FATA	0.5	177	222576	93	92	4.637096774193548	110		1
plsdb	MPF_FATA	0.5	178	222577	93	92	4.637096774193548	67		1
plsdb	MPF_FATA	0.5	179	222584	93	92	4.637096774193548	76		1
plsdb	MPF_FATA	0.5	180	222738	92	91	4.586693548387097	49		1
plsdb	MPF_FATA	0.5	181	344591	91	91	4.586693548387097	151		1
plsdb	MPF_FATA	0.5	182	222466	91	91	4.586693548387097	70		1
plsdb	MPF_FATA	0.5	183	222469	91	91	4.586693548387097	71		1
plsdb	MPF_FATA	0.5	184	222474	91	91	4.586693548387097	111		1
plsdb	MPF_FATA	0.5	185	222499	92	91	4.586693548387097	108		1
plsdb	MPF_FATA	0.5	186	222572	92	91	4.586693548387097	150		1
plsdb	MPF_FATA	0.5	187	222461	90	90	4.536290322580645	202		1
plsdb	MPF_FATA	0.5	188	222490	94	90	4.536290322580645	193		1
plsdb	MPF_FATA	0.5	189	222500	90	90	4.536290322580645	72		1
plsdb	MPF_FATA	0.5	190	2696613	183	89	4.485887096774194	109		1
plsdb	MPF_FATA	0.5	191	69949	90	89	4.485887096774194	143		1
plsdb	MPF_FATA	0.5	192	222445	90	89	4.485887096774194	71		1
plsdb	MPF_FATA	0.5	193	30118	89	89	4.485887096774194	212		1
plsdb	MPF_FATA	0.5	194	6108	109	89	4.485887096774194	87		1
plsdb	MPF_FATA	0.5	195	222478	89	89	4.485887096774194	64		1
plsdb	MPF_FATA	0.5	196	44396	89	88	4.435483870967742	112		1
plsdb	MPF_FATA	0.5	197	222446	89	88	4.435483870967742	29		1
plsdb	MPF_FATA	0.5	198	344575	89	88	4.435483870967742	158		1
plsdb	MPF_FATA	0.5	199	222538	89	88	4.435483870967742	108		1
plsdb	MPF_FATA	0.5	200	222555	88	88	4.435483870967742	75		1
plsdb	MPF_FATA	0.5	201	222398	87	87	4.38508064516129	43		1
plsdb	MPF_FATA	0.5	202	222443	88	87	4.38508064516129	246		1
plsdb	MPF_FATA	0.5	203	1991231	87	87	4.38508064516129	107		1
plsdb	MPF_FATA	0.5	204	2459817	89	87	4.38508064516129	184		1
plsdb	MPF_FATA	0.5	205	222521	87	87	4.38508064516129	57		1
plsdb	MPF_FATA	0.5	206	222544	88	87	4.38508064516129	95		1
plsdb	MPF_FATA	0.5	207	44383	87	86	4.334677419354839	88		1
plsdb	MPF_FATA	0.5	208	282805	87	86	4.334677419354839	149		1
plsdb	MPF_FATA	0.5	209	222426	87	86	4.334677419354839	213		1
plsdb	MPF_FATA	0.5	210	222442	87	86	4.334677419354839	134		1
plsdb	MPF_FATA	0.5	211	6157	85	85	4.284274193548387	132		1
plsdb	MPF_FATA	0.5	212	222563	86	85	4.284274193548387	55		1
plsdb	MPF_FATA	0.5	213	1801779	87	84	4.233870967741935	122		1
plsdb	MPF_FATA	0.5	214	549952	84	84	4.233870967741935	44		1
plsdb	MPF_FATA	0.5	215	222568	85	84	4.233870967741935	81		1
plsdb	MPF_FATA	0.5	216	289168	83	83	4.183467741935484	60		1
plsdb	MPF_FATA	0.5	217	222569	84	83	4.183467741935484	105		1
plsdb	MPF_FATA	0.5	218	44395	83	82	4.133064516129032	136		1
plsdb	MPF_FATA	0.5	219	1624446	85	82	4.133064516129032	129		1
plsdb	MPF_FATA	0.5	220	88180	82	81	4.082661290322581	88		1
plsdb	MPF_FATA	0.5	221	3229290	127	81	4.082661290322581	132		1
plsdb	MPF_FATA	0.5	222	222557	82	81	4.082661290322581	99		1
plsdb	MPF_FATA	0.5	223	143449	81	80	4.032258064516129	106		1
plsdb	MPF_FATA	0.5	224	2566465	92	80	4.032258064516129	135		1
plsdb	MPF_FATA	0.5	225	1744298	81	80	4.032258064516129	104		1
plsdb	MPF_FATA	0.5	226	44961	82	79	3.9818548387096775	91		1
plsdb	MPF_FATA	0.5	227	44490	79	79	3.9818548387096775	118		1
plsdb	MPF_FATA	0.5	228	86179	85	79	3.9818548387096775	119		1
plsdb	MPF_FATA	0.5	229	1455700	95	79	3.9818548387096775	57		1
plsdb	MPF_FATA	0.5	230	222581	80	79	3.9818548387096775	150		1
plsdb	MPF_FATA	0.5	231	2063572	107	78	3.931451612903226	173		1
plsdb	MPF_FATA	0.5	232	1975897	81	77	3.881048387096774	220		1
plsdb	MPF_FATA	0.5	233	61043	79	77	3.881048387096774	190		1
plsdb	MPF_FATA	0.5	234	3244239	79	76	3.8306451612903225	93		1
plsdb	MPF_FATA	0.5	235	1260464	177	75	3.780241935483871	91		1
plsdb	MPF_FATA	0.5	236	288733	83	74	3.7298387096774195	201		1
plsdb	MPF_FATA	0.5	237	19976	75	74	3.7298387096774195	183		1
plsdb	MPF_FATA	0.5	238	222483	74	74	3.7298387096774195	189		1
plsdb	MPF_FATA	0.5	239	69950	75	73	3.6794354838709675	116		1
plsdb	MPF_FATA	0.5	240	1604623	76	73	3.6794354838709675	180		1
plsdb	MPF_FATA	0.5	241	2168925	74	73	3.6794354838709675	144		1
plsdb	MPF_FATA	0.5	242	19977	74	73	3.6794354838709675	143		1
plsdb	MPF_FATA	0.5	243	3043900	73	73	3.6794354838709675	244		1
plsdb	MPF_FATA	0.5	244	222493	73	73	3.6794354838709675	69		1
plsdb	MPF_FATA	0.5	245	222528	73	73	3.6794354838709675	162		1
plsdb	MPF_FATA	0.5	246	2032445	88	72	3.629032258064516	161		1
plsdb	MPF_FATA	0.5	247	50337	71	71	3.5786290322580645	100		1
plsdb	MPF_FATA	0.5	248	2972392	78	71	3.5786290322580645	106		1
plsdb	MPF_FATA	0.5	249	3127272	122	71	3.5786290322580645	97		1
plsdb	MPF_FATA	0.5	250	70071	86	70	3.528225806451613	88		1
plsdb	MPF_FATA	0.5	251	44401	69	69	3.4778225806451615	91		1
plsdb	MPF_FATA	0.5	252	3641373	69	69	3.4778225806451615	47		1
plsdb	MPF_FATA	0.5	253	44642	68	68	3.4274193548387095	83		1
plsdb	MPF_FATA	0.5	254	196552	68	68	3.4274193548387095	60		1
plsdb	MPF_FATA	0.5	255	44621	67	67	3.377016129032258	164		1
plsdb	MPF_FATA	0.5	256	44747	68	67	3.377016129032258	118		1
plsdb	MPF_FATA	0.5	257	88181	69	67	3.377016129032258	124		1
plsdb	MPF_FATA	0.5	258	1967098	119	67	3.377016129032258	129		1
plsdb	MPF_FATA	0.5	259	585330	97	66	3.3266129032258065	87		1
plsdb	MPF_FATA	0.5	260	1760467	67	66	3.3266129032258065	114		1
plsdb	MPF_FATA	0.5	261	1234303	65	64	3.225806451612903	72		1
plsdb	MPF_FATA	0.5	262	475354	67	64	3.225806451612903	74		1
plsdb	MPF_FATA	0.5	263	410820	63	63	3.1754032258064515	74		1
plsdb	MPF_FATA	0.5	264	111121	63	63	3.1754032258064515	60		1
plsdb	MPF_FATA	0.5	265	19968	64	63	3.1754032258064515	99		1
plsdb	MPF_FATA	0.5	266	94527	62	62	3.125	95		1
plsdb	MPF_FATA	0.5	267	1975727	62	62	3.125	165		1
plsdb	MPF_FATA	0.5	268	306334	62	62	3.125	137		1
plsdb	MPF_FATA	0.5	269	859707	62	62	3.125	143		1
plsdb	MPF_FATA	0.5	270	1879928	61	61	3.0745967741935485	82		1
plsdb	MPF_FATA	0.5	271	94521	61	61	3.0745967741935485	102		1
plsdb	MPF_FATA	0.5	272	555720	74	61	3.0745967741935485	237		1
plsdb	MPF_FATA	0.5	273	211039	61	61	3.0745967741935485	91		1
plsdb	MPF_FATA	0.5	274	94525	60	60	3.024193548387097	69		1
plsdb	MPF_FATA	0.5	275	94532	60	60	3.024193548387097	192		1
plsdb	MPF_FATA	0.5	276	1852261	60	60	3.024193548387097	147		1
plsdb	MPF_FATA	0.5	277	1600731	60	60	3.024193548387097	80		1
plsdb	MPF_FATA	0.5	278	585352	63	60	3.024193548387097	185		1
plsdb	MPF_FATA	0.5	279	19970	61	60	3.024193548387097	110		1
plsdb	MPF_FATA	0.5	280	1604032	59	59	2.973790322580645	68		1
plsdb	MPF_FATA	0.5	281	69955	64	59	2.973790322580645	76		1
plsdb	MPF_FATA	0.5	282	59606	59	59	2.973790322580645	207		1
plsdb	MPF_FATA	0.5	283	59607	59	59	2.973790322580645	243		1
plsdb	MPF_FATA	0.5	284	19945	60	59	2.973790322580645	38		1
plsdb	MPF_FATA	0.5	285	288713	58	58	2.9233870967741935	68		1
plsdb	MPF_FATA	0.5	286	88176	58	58	2.9233870967741935	65		1
plsdb	MPF_FATA	0.5	287	6078	58	58	2.9233870967741935	44		1
plsdb	MPF_FATA	0.5	288	3124491	212	58	2.9233870967741935	235		1
plsdb	MPF_FATA	0.5	289	1245892	59	57	2.872983870967742	226		1
plsdb	MPF_FATA	0.5	290	282940	62	57	2.872983870967742	136		1
plsdb	MPF_FATA	0.5	291	3949416	57	57	2.872983870967742	219		1
plsdb	MPF_FATA	0.5	292	45162	57	57	2.872983870967742	189		1
plsdb	MPF_FATA	0.5	293	6079	57	57	2.872983870967742	74		1
plsdb	MPF_FATA	0.5	294	1721157	61	56	2.8225806451612905	113		1
plsdb	MPF_FATA	0.5	295	6081	56	56	2.8225806451612905	204		1
plsdb	MPF_FATA	0.5	296	6087	56	56	2.8225806451612905	68		1
plsdb	MPF_FATA	0.5	297	6088	56	56	2.8225806451612905	198		1
plsdb	MPF_FATA	0.5	298	95675	58	55	2.7721774193548385	185		1
plsdb	MPF_FATA	0.5	299	44641	55	55	2.7721774193548385	51		1
plsdb	MPF_FATA	0.5	300	335536	60	55	2.7721774193548385	144		1
plsdb	MPF_FATA	0.5	301	1260361	61	54	2.721774193548387	143		1
plsdb	MPF_FATA	0.5	302	615443	55	54	2.721774193548387	147		1
plsdb	MPF_FATA	0.5	303	1604026	53	53	2.6713709677419355	151		1
plsdb	MPF_FATA	0.5	304	1668612	79	53	2.6713709677419355	115		1
plsdb	MPF_FATA	0.5	305	1433281	53	53	2.6713709677419355	234		1
plsdb	MPF_FATA	0.5	306	689943	56	53	2.6713709677419355	180		1
plsdb	MPF_FATA	0.5	307	3229445	61	53	2.6713709677419355	71		1
plsdb	MPF_FATA	0.5	308	6082	53	53	2.6713709677419355	121		1
plsdb	MPF_FATA	0.5	309	2032281	71	53	2.6713709677419355	116		1
plsdb	MPF_FATA	0.5	310	1754239	56	52	2.620967741935484	128		1
plsdb	MPF_FATA	0.5	311	1936640	52	52	2.620967741935484	89		1
plsdb	MPF_FATA	0.5	312	3127662	52	52	2.620967741935484	68		1
plsdb	MPF_FATA	0.5	313	492366	52	52	2.620967741935484	191		1
plsdb	MPF_FATA	0.5	314	178323	53	51	2.5705645161290325	123		1
plsdb	MPF_FATA	0.5	315	325951	100	51	2.5705645161290325	106		1
plsdb	MPF_FATA	0.5	316	319417	51	51	2.5705645161290325	159		1
plsdb	MPF_FATA	0.5	317	44968	51	51	2.5705645161290325	190		1
plsdb	MPF_FATA	0.5	318	1936672	53	51	2.5705645161290325	79		1
plsdb	MPF_FATA	0.5	319	2815990	53	51	2.5705645161290325	74		1
plsdb	MPF_FATA	0.5	320	44631	51	51	2.5705645161290325	175		1
plsdb	MPF_FATA	0.5	321	902726	51	51	2.5705645161290325	77		1
plsdb	MPF_FATA	0.5	322	88174	52	51	2.5705645161290325	47		1
plsdb	MPF_FATA	0.5	323	983119	58	51	2.5705645161290325	250		1
plsdb	MPF_FATA	0.5	324	210731	51	51	2.5705645161290325	203		1
plsdb	MPF_FATA	0.5	325	245326	70	51	2.5705645161290325	141		1
plsdb	MPF_FATA	0.5	326	344460	52	50	2.5201612903225805	248		1
plsdb	MPF_FATA	0.5	327	683701	50	50	2.5201612903225805	211		1
plsdb	MPF_FATA	0.5	328	6127	50	50	2.5201612903225805	180		1
plsdb	MPF_FATA	0.5	329	2358044	52	50	2.5201612903225805	68		1
plsdb	MPF_FATA	0.5	330	1475161	51	50	2.5201612903225805	113		1
plsdb	MPF_FATA	0.5	331	331229	50	49	2.469758064516129	137		1
plsdb	MPF_FATA	0.5	332	44958	50	49	2.469758064516129	50		1
plsdb	MPF_FATA	0.5	333	2489613	49	49	2.469758064516129	86		1
plsdb	MPF_FATA	0.5	334	1941130	50	48	2.4193548387096775	95		1
plsdb	MPF_FATA	0.5	335	162285	48	48	2.4193548387096775	149		1
plsdb	MPF_FATA	0.5	336	2691027	49	48	2.4193548387096775	191		1
plsdb	MPF_FATA	0.5	337	1223819	52	48	2.4193548387096775	67		1
plsdb	MPF_FATA	0.5	338	511662	48	48	2.4193548387096775	202		1
plsdb	MPF_FATA	0.5	339	3766300	50	48	2.4193548387096775	137		1
plsdb	MPF_FATA	0.5	340	1696977	60	48	2.4193548387096775	178		1
plsdb	MPF_FATA	0.5	341	1453928	50	48	2.4193548387096775	118		1
plsdb	MPF_FATA	0.5	342	44863	49	48	2.4193548387096775	105		1
plsdb	MPF_FATA	0.5	343	6056	48	48	2.4193548387096775	215		1
plsdb	MPF_FATA	0.5	344	3113627	50	47	2.368951612903226	85		1
plsdb	MPF_FATA	0.5	345	3654369	57	47	2.368951612903226	77		1
plsdb	MPF_FATA	0.5	346	344451	50	47	2.368951612903226	181		1
plsdb	MPF_FATA	0.5	347	6098	47	47	2.368951612903226	144		1
plsdb	MPF_FATA	0.5	348	2679730	53	47	2.368951612903226	179		1
plsdb	MPF_FATA	0.5	349	848483	48	47	2.368951612903226	183		1
plsdb	MPF_FATA	0.5	350	44910	49	46	2.318548387096774	204		1
plsdb	MPF_FATA	0.5	351	2785602	48	46	2.318548387096774	71		1
plsdb	MPF_FATA	0.5	352	2392882	46	46	2.318548387096774	140		1
plsdb	MPF_FATA	0.5	353	344441	47	46	2.318548387096774	128		1
plsdb	MPF_FATA	0.5	354	521090	47	46	2.318548387096774	165		1
plsdb	MPF_FATA	0.5	355	794711	47	46	2.318548387096774	233		1
plsdb	MPF_FATA	0.5	356	30331	46	46	2.318548387096774	246		1
plsdb	MPF_FATA	0.5	357	3113681	50	45	2.2681451612903225	141		1
plsdb	MPF_FATA	0.5	358	52452	45	45	2.2681451612903225	103		1
plsdb	MPF_FATA	0.5	359	96048	63	45	2.2681451612903225	105		1
plsdb	MPF_FATA	0.5	360	2408121	73	45	2.2681451612903225	125		1
plsdb	MPF_FATA	0.5	361	96113	45	45	2.2681451612903225	100		1
plsdb	MPF_FATA	0.5	362	96116	45	45	2.2681451612903225	100		1
plsdb	MPF_FATA	0.5	363	96121	45	45	2.2681451612903225	156		1
plsdb	MPF_FATA	0.5	364	96130	45	45	2.2681451612903225	202		1
plsdb	MPF_FATA	0.5	365	96141	45	45	2.2681451612903225	113		1
plsdb	MPF_FATA	0.5	366	96143	45	45	2.2681451612903225	119		1
plsdb	MPF_FATA	0.5	367	96145	45	45	2.2681451612903225	189		1
plsdb	MPF_FATA	0.5	368	96151	45	45	2.2681451612903225	133		1
plsdb	MPF_FATA	0.5	369	96181	45	45	2.2681451612903225	189		1
plsdb	MPF_FATA	0.5	370	96196	45	45	2.2681451612903225	79		1
plsdb	MPF_FATA	0.5	371	2370121	45	45	2.2681451612903225	108		1
plsdb	MPF_FATA	0.5	372	2370122	45	45	2.2681451612903225	86		1
plsdb	MPF_FATA	0.5	373	555782	45	45	2.2681451612903225	159		1
plsdb	MPF_FATA	0.5	374	555814	45	45	2.2681451612903225	99		1
plsdb	MPF_FATA	0.5	375	105546	55	45	2.2681451612903225	83		1
plsdb	MPF_FATA	0.5	376	1718496	48	44	2.217741935483871	153		1
plsdb	MPF_FATA	0.5	377	96025	44	44	2.217741935483871	134		1
plsdb	MPF_FATA	0.5	378	310102	45	44	2.217741935483871	206		1
plsdb	MPF_FATA	0.5	379	96103	44	44	2.217741935483871	136		1
plsdb	MPF_FATA	0.5	380	96108	44	44	2.217741935483871	192		1
plsdb	MPF_FATA	0.5	381	96125	44	44	2.217741935483871	249		1
plsdb	MPF_FATA	0.5	382	96139	44	44	2.217741935483871	94		1
plsdb	MPF_FATA	0.5	383	96140	44	44	2.217741935483871	131		1
plsdb	MPF_FATA	0.5	384	96150	44	44	2.217741935483871	227		1
plsdb	MPF_FATA	0.5	385	96162	44	44	2.217741935483871	221		1
plsdb	MPF_FATA	0.5	386	96164	44	44	2.217741935483871	112		1
plsdb	MPF_FATA	0.5	387	96184	44	44	2.217741935483871	173		1
plsdb	MPF_FATA	0.5	388	96192	44	44	2.217741935483871	110		1
plsdb	MPF_FATA	0.5	389	96193	44	44	2.217741935483871	193		1
plsdb	MPF_FATA	0.5	390	96199	44	44	2.217741935483871	118		1
plsdb	MPF_FATA	0.5	391	1356185	44	44	2.217741935483871	211		1
plsdb	MPF_FATA	0.5	392	555762	44	44	2.217741935483871	134		1
plsdb	MPF_FATA	0.5	393	2707111	43	43	2.1673387096774195	160		1
plsdb	MPF_FATA	0.5	394	156258	48	43	2.1673387096774195	116		1
plsdb	MPF_FATA	0.5	395	3518738	45	43	2.1673387096774195	124		1
plsdb	MPF_FATA	0.5	396	96131	43	43	2.1673387096774195	215		1
plsdb	MPF_FATA	0.5	397	344408	50	43	2.1673387096774195	76		1
plsdb	MPF_FATA	0.5	398	96149	43	43	2.1673387096774195	180		1
plsdb	MPF_FATA	0.5	399	96157	43	43	2.1673387096774195	216		1
plsdb	MPF_FATA	0.5	400	96189	43	43	2.1673387096774195	190		1
plsdb	MPF_FATA	0.7	1	2667822	1130	356	17.943548387096776	228		1
plsdb	MPF_FATA	0.7	2	2671807	363	303	15.272177419354838	152		1
plsdb	MPF_FATA	0.7	3	538978	272	270	13.608870967741936	118		1
plsdb	MPF_FATA	0.7	4	3948875	264	258	13.004032258064516	97		1
plsdb	MPF_FATA	0.7	5	3295935	264	257	12.953629032258064	98		1
plsdb	MPF_FATA	0.7	6	45194	254	250	12.600806451612904	206		1
plsdb	MPF_FATA	0.7	7	44588	206	206	10.383064516129032	126		1
plsdb	MPF_FATA	0.7	8	3285403	192	192	9.67741935483871	185		1
plsdb	MPF_FATA	0.7	9	143448	182	180	9.07258064516129	194		1
plsdb	MPF_FATA	0.7	10	878	179	177	8.921370967741936	63		1
plsdb	MPF_FATA	0.7	11	929934	176	175	8.820564516129032	172		1
plsdb	MPF_FATA	0.7	12	6143	175	174	8.77016129032258	148		1
plsdb	MPF_FATA	0.7	13	2463252	250	174	8.77016129032258	245		1
plsdb	MPF_FATA	0.7	14	49586	168	168	8.46774193548387	62		1
plsdb	MPF_FATA	0.7	15	216672	170	167	8.41733870967742	92		1
plsdb	MPF_FATA	0.7	16	49560	167	167	8.41733870967742	62		1
plsdb	MPF_FATA	0.7	17	49568	167	167	8.41733870967742	161		1
plsdb	MPF_FATA	0.7	18	49593	168	167	8.41733870967742	86		1
plsdb	MPF_FATA	0.7	19	49590	167	166	8.366935483870968	77		1
plsdb	MPF_FATA	0.7	20	44956	177	165	8.316532258064516	200		1
plsdb	MPF_FATA	0.7	21	49592	166	165	8.316532258064516	109		1
plsdb	MPF_FATA	0.7	22	59608	165	165	8.316532258064516	131		1
plsdb	MPF_FATA	0.7	23	49589	165	164	8.266129032258064	90		1
plsdb	MPF_FATA	0.7	24	3878224	168	162	8.165322580645162	204		1
plsdb	MPF_FATA	0.7	25	49582	161	160	8.064516129032258	149		1
plsdb	MPF_FATA	0.7	26	6072	160	159	8.014112903225806	90		1
plsdb	MPF_FATA	0.7	27	44361	159	159	8.014112903225806	111		1
plsdb	MPF_FATA	0.7	28	1118178	160	158	7.963709677419355	69		1
plsdb	MPF_FATA	0.7	29	6153	166	157	7.913306451612903	71		1
plsdb	MPF_FATA	0.7	30	45029	156	156	7.862903225806452	85		1
plsdb	MPF_FATA	0.7	31	44365	156	155	7.8125	86		1
plsdb	MPF_FATA	0.7	32	44370	157	155	7.8125	122		1
plsdb	MPF_FATA	0.7	33	44373	157	155	7.8125	91		1
plsdb	MPF_FATA	0.7	34	44369	155	154	7.762096774193548	205		1
plsdb	MPF_FATA	0.7	35	683367	156	154	7.762096774193548	104		1
plsdb	MPF_FATA	0.7	36	143437	152	150	7.560483870967742	116		1
plsdb	MPF_FATA	0.7	37	1761545	151	150	7.560483870967742	98		1
plsdb	MPF_FATA	0.7	38	2601740	149	148	7.459677419354839	204		1
plsdb	MPF_FATA	0.7	39	50271	155	146	7.358870967741935	90		1
plsdb	MPF_FATA	0.7	40	6073	145	144	7.258064516129032	118		1
plsdb	MPF_FATA	0.7	41	539097	145	143	7.207661290322581	162		1
plsdb	MPF_FATA	0.7	42	879	143	142	7.157258064516129	64		1
plsdb	MPF_FATA	0.7	43	863	195	140	7.056451612903226	63		1
plsdb	MPF_FATA	0.7	44	11534	141	139	7.006048387096774	205		1
plsdb	MPF_FATA	0.7	45	98105	140	135	6.804435483870968	122		1
plsdb	MPF_FATA	0.7	46	1754212	139	132	6.653225806451613	71		1
plsdb	MPF_FATA	0.7	47	162398	127	127	6.401209677419355	128		1
plsdb	MPF_FATA	0.7	48	3948942	126	125	6.300403225806452	74		1
plsdb	MPF_FATA	0.7	49	3652290	138	124	6.25	186		1
plsdb	MPF_FATA	0.7	50	1438382	675	122	6.149193548387097	224		1
plsdb	MPF_FATA	0.7	51	538389	123	120	6.048387096774194	136		1
plsdb	MPF_FATA	0.7	52	411320	120	120	6.048387096774194	206		1
plsdb	MPF_FATA	0.7	53	1053330	124	119	5.997983870967742	195		1
plsdb	MPF_FATA	0.7	54	44639	118	118	5.94758064516129	69		1
plsdb	MPF_FATA	0.7	55	44598	118	117	5.897177419354839	144		1
plsdb	MPF_FATA	0.7	56	590433	538	115	5.796370967741935	234		1
plsdb	MPF_FATA	0.7	57	3571798	117	114	5.745967741935484	205		1
plsdb	MPF_FATA	0.7	58	1721132	115	114	5.745967741935484	97		1
plsdb	MPF_FATA	0.7	59	94302	116	114	5.745967741935484	170		1
plsdb	MPF_FATA	0.7	60	1452311	115	114	5.745967741935484	76		1
plsdb	MPF_FATA	0.7	61	3829867	115	112	5.645161290322581	111		1
plsdb	MPF_FATA	0.7	62	6111	113	112	5.645161290322581	113		1
plsdb	MPF_FATA	0.7	63	222601	113	111	5.594758064516129	135		1
plsdb	MPF_FATA	0.7	64	30319	111	111	5.594758064516129	86		1
plsdb	MPF_FATA	0.7	65	30321	111	111	5.594758064516129	95		1
plsdb	MPF_FATA	0.7	66	30362	112	111	5.594758064516129	160		1
plsdb	MPF_FATA	0.7	67	30121	111	110	5.544354838709677	209		1
plsdb	MPF_FATA	0.7	68	44600	111	110	5.544354838709677	98		1
plsdb	MPF_FATA	0.7	69	995623	110	110	5.544354838709677	196		1
plsdb	MPF_FATA	0.7	70	222474	110	110	5.544354838709677	111		1
plsdb	MPF_FATA	0.7	71	552381	109	109	5.493951612903226	211		1
plsdb	MPF_FATA	0.7	72	848657	110	109	5.493951612903226	140		1
plsdb	MPF_FATA	0.7	73	44606	109	109	5.493951612903226	84		1
plsdb	MPF_FATA	0.7	74	222476	109	109	5.493951612903226	132		1
plsdb	MPF_FATA	0.7	75	222502	109	109	5.493951612903226	156		1
plsdb	MPF_FATA	0.7	76	591774	110	109	5.493951612903226	96		1
plsdb	MPF_FATA	0.7	77	2231902	109	108	5.443548387096774	198		1
plsdb	MPF_FATA	0.7	78	410823	107	107	5.393145161290323	73		1
plsdb	MPF_FATA	0.7	79	552541	107	107	5.393145161290323	181		1
plsdb	MPF_FATA	0.7	80	44608	108	107	5.393145161290323	162		1
plsdb	MPF_FATA	0.7	81	222541	108	107	5.393145161290323	193		1
plsdb	MPF_FATA	0.7	82	2231992	242	107	5.393145161290323	68		1
plsdb	MPF_FATA	0.7	83	2231765	107	106	5.342741935483871	243		1
plsdb	MPF_FATA	0.7	84	1008952	106	106	5.342741935483871	201		1
plsdb	MPF_FATA	0.7	85	44842	107	106	5.342741935483871	88		1
plsdb	MPF_FATA	0.7	86	1676719	106	106	5.342741935483871	248		1
plsdb	MPF_FATA	0.7	87	552511	106	105	5.292338709677419	127		1
plsdb	MPF_FATA	0.7	88	44617	105	105	5.292338709677419	183		1
plsdb	MPF_FATA	0.7	89	222534	105	105	5.292338709677419	116		1
plsdb	MPF_FATA	0.7	90	222543	106	105	5.292338709677419	101		1
plsdb	MPF_FATA	0.7	91	350323	105	104	5.241935483870968	192		1
plsdb	MPF_FATA	0.7	92	850100	107	104	5.241935483870968	105		1
plsdb	MPF_FATA	0.7	93	222512	104	104	5.241935483870968	131		1
plsdb	MPF_FATA	0.7	94	222435	105	104	5.241935483870968	46		1
plsdb	MPF_FATA	0.7	95	2231914	104	103	5.191532258064516	194		1
plsdb	MPF_FATA	0.7	96	222459	104	103	5.191532258064516	47		1
plsdb	MPF_FATA	0.7	97	94299	104	103	5.191532258064516	60		1
plsdb	MPF_FATA	0.7	98	44620	102	101	5.090725806451613	76		1
plsdb	MPF_FATA	0.7	99	222511	101	101	5.090725806451613	149		1
plsdb	MPF_FATA	0.7	100	45045	102	100	5.040322580645161	116		1
plsdb	MPF_FATA	0.7	101	222532	100	100	5.040322580645161	89		1
plsdb	MPF_FATA	0.7	102	222436	101	100	5.040322580645161	61		1
plsdb	MPF_FATA	0.7	103	222586	99	99	4.98991935483871	193		1
plsdb	MPF_FATA	0.7	104	222460	100	99	4.98991935483871	137		1
plsdb	MPF_FATA	0.7	105	222497	102	99	4.98991935483871	60		1
plsdb	MPF_FATA	0.7	106	2118133	98	98	4.939516129032258	152		1
plsdb	MPF_FATA	0.7	107	44388	99	98	4.939516129032258	91		1
plsdb	MPF_FATA	0.7	108	259931	99	98	4.939516129032258	131		1
plsdb	MPF_FATA	0.7	109	222450	99	98	4.939516129032258	192		1
plsdb	MPF_FATA	0.7	110	94427	98	97	4.889112903225806	120		1
plsdb	MPF_FATA	0.7	111	3561919	103	97	4.889112903225806	204		1
plsdb	MPF_FATA	0.7	112	730748	97	96	4.838709677419355	192		1
plsdb	MPF_FATA	0.7	113	1772556	131	96	4.838709677419355	152		1
plsdb	MPF_FATA	0.7	114	44623	97	96	4.838709677419355	50		1
plsdb	MPF_FATA	0.7	115	50288	99	96	4.838709677419355	56		1
plsdb	MPF_FATA	0.7	116	858187	97	96	4.838709677419355	144		1
plsdb	MPF_FATA	0.7	117	411319	97	96	4.838709677419355	160		1
plsdb	MPF_FATA	0.7	118	2118239	96	95	4.788306451612903	75		1
plsdb	MPF_FATA	0.7	119	222579	96	95	4.788306451612903	227		1
plsdb	MPF_FATA	0.7	120	222505	95	95	4.788306451612903	119		1
plsdb	MPF_FATA	0.7	121	222515	95	95	4.788306451612903	68		1
plsdb	MPF_FATA	0.7	122	858419	96	95	4.788306451612903	125		1
plsdb	MPF_FATA	0.7	123	222421	95	94	4.737903225806452	150		1
plsdb	MPF_FATA	0.7	124	222432	95	94	4.737903225806452	107		1
plsdb	MPF_FATA	0.7	125	222448	95	94	4.737903225806452	77		1
plsdb	MPF_FATA	0.7	126	222718	93	93	4.6875	61		1
plsdb	MPF_FATA	0.7	127	3242555	93	93	4.6875	91		1
plsdb	MPF_FATA	0.7	128	624491	94	93	4.6875	117		1
plsdb	MPF_FATA	0.7	129	222578	94	93	4.6875	101		1
plsdb	MPF_FATA	0.7	130	222468	93	93	4.6875	36		1
plsdb	MPF_FATA	0.7	131	222498	94	93	4.6875	66		1
plsdb	MPF_FATA	0.7	132	69940	94	93	4.6875	65		1
plsdb	MPF_FATA	0.7	133	579399	95	93	4.6875	226		1
plsdb	MPF_FATA	0.7	134	222433	94	93	4.6875	149		1
plsdb	MPF_FATA	0.7	135	2230441	178	92	4.637096774193548	226		1
plsdb	MPF_FATA	0.7	136	344604	93	92	4.637096774193548	132		1
plsdb	MPF_FATA	0.7	137	222567	93	92	4.637096774193548	85		1
plsdb	MPF_FATA	0.7	138	222571	93	92	4.637096774193548	125		1
plsdb	MPF_FATA	0.7	139	222573	93	92	4.637096774193548	37		1
plsdb	MPF_FATA	0.7	140	222575	93	92	4.637096774193548	57		1
plsdb	MPF_FATA	0.7	141	222576	93	92	4.637096774193548	110		1
plsdb	MPF_FATA	0.7	142	222577	93	92	4.637096774193548	67		1
plsdb	MPF_FATA	0.7	143	222584	93	92	4.637096774193548	76		1
plsdb	MPF_FATA	0.7	144	222471	92	92	4.637096774193548	55		1
plsdb	MPF_FATA	0.7	145	222477	92	92	4.637096774193548	57		1
plsdb	MPF_FATA	0.7	146	222480	92	92	4.637096774193548	40		1
plsdb	MPF_FATA	0.7	147	222487	92	92	4.637096774193548	194		1
plsdb	MPF_FATA	0.7	148	222491	92	92	4.637096774193548	70		1
plsdb	MPF_FATA	0.7	149	222494	93	92	4.637096774193548	66		1
plsdb	MPF_FATA	0.7	150	222506	92	92	4.637096774193548	201		1
plsdb	MPF_FATA	0.7	151	222507	92	92	4.637096774193548	54		1
plsdb	MPF_FATA	0.7	152	222548	93	92	4.637096774193548	53		1
plsdb	MPF_FATA	0.7	153	222549	93	92	4.637096774193548	82		1
plsdb	MPF_FATA	0.7	154	222556	93	92	4.637096774193548	38		1
plsdb	MPF_FATA	0.7	155	222562	93	92	4.637096774193548	92		1
plsdb	MPF_FATA	0.7	156	69942	93	92	4.637096774193548	146		1
plsdb	MPF_FATA	0.7	157	222399	92	92	4.637096774193548	204		1
plsdb	MPF_FATA	0.7	158	222401	92	92	4.637096774193548	34		1
plsdb	MPF_FATA	0.7	159	222402	93	92	4.637096774193548	99		1
plsdb	MPF_FATA	0.7	160	222403	93	92	4.637096774193548	76		1
plsdb	MPF_FATA	0.7	161	222404	93	92	4.637096774193548	111		1
plsdb	MPF_FATA	0.7	162	222405	93	92	4.637096774193548	68		1
plsdb	MPF_FATA	0.7	163	222407	93	92	4.637096774193548	126		1
plsdb	MPF_FATA	0.7	164	222408	93	92	4.637096774193548	74		1
plsdb	MPF_FATA	0.7	165	222410	93	92	4.637096774193548	60		1
plsdb	MPF_FATA	0.7	166	222411	93	92	4.637096774193548	67		1
plsdb	MPF_FATA	0.7	167	222416	93	92	4.637096774193548	62		1
plsdb	MPF_FATA	0.7	168	222417	93	92	4.637096774193548	64		1
plsdb	MPF_FATA	0.7	169	222418	93	92	4.637096774193548	98		1
plsdb	MPF_FATA	0.7	170	222419	93	92	4.637096774193548	177		1
plsdb	MPF_FATA	0.7	171	222738	92	91	4.586693548387097	49		1
plsdb	MPF_FATA	0.7	172	344591	91	91	4.586693548387097	151		1
plsdb	MPF_FATA	0.7	173	222572	92	91	4.586693548387097	150		1
plsdb	MPF_FATA	0.7	174	222466	91	91	4.586693548387097	70		1
plsdb	MPF_FATA	0.7	175	222469	91	91	4.586693548387097	71		1
plsdb	MPF_FATA	0.7	176	222499	92	91	4.586693548387097	108		1
plsdb	MPF_FATA	0.7	177	352306	92	91	4.586693548387097	57		1
plsdb	MPF_FATA	0.7	178	222461	90	90	4.536290322580645	202		1
plsdb	MPF_FATA	0.7	179	222490	94	90	4.536290322580645	193		1
plsdb	MPF_FATA	0.7	180	222500	90	90	4.536290322580645	72		1
plsdb	MPF_FATA	0.7	181	683693	91	90	4.536290322580645	242		1
plsdb	MPF_FATA	0.7	182	30118	89	89	4.485887096774194	212		1
plsdb	MPF_FATA	0.7	183	222478	89	89	4.485887096774194	64		1
plsdb	MPF_FATA	0.7	184	222424	90	89	4.485887096774194	106		1
plsdb	MPF_FATA	0.7	185	222445	90	89	4.485887096774194	71		1
plsdb	MPF_FATA	0.7	186	344575	89	88	4.435483870967742	158		1
plsdb	MPF_FATA	0.7	187	19656	94	88	4.435483870967742	87		1
plsdb	MPF_FATA	0.7	188	44396	89	88	4.435483870967742	112		1
plsdb	MPF_FATA	0.7	189	222538	89	88	4.435483870967742	108		1
plsdb	MPF_FATA	0.7	190	222555	88	88	4.435483870967742	75		1
plsdb	MPF_FATA	0.7	191	69949	89	88	4.435483870967742	143		1
plsdb	MPF_FATA	0.7	192	222446	89	88	4.435483870967742	29		1
plsdb	MPF_FATA	0.7	193	222521	87	87	4.38508064516129	57		1
plsdb	MPF_FATA	0.7	194	222544	88	87	4.38508064516129	95		1
plsdb	MPF_FATA	0.7	195	222398	87	87	4.38508064516129	43		1
plsdb	MPF_FATA	0.7	196	222443	88	87	4.38508064516129	246		1
plsdb	MPF_FATA	0.7	197	282805	87	86	4.334677419354839	149		1
plsdb	MPF_FATA	0.7	198	45172	87	86	4.334677419354839	164		1
plsdb	MPF_FATA	0.7	199	222426	87	86	4.334677419354839	213		1
plsdb	MPF_FATA	0.7	200	222442	87	86	4.334677419354839	134		1
plsdb	MPF_FATA	0.7	201	6050	85	85	4.284274193548387	222		1
plsdb	MPF_FATA	0.7	202	44383	86	85	4.284274193548387	88		1
plsdb	MPF_FATA	0.7	203	883	86	85	4.284274193548387	150		1
plsdb	MPF_FATA	0.7	204	222563	86	85	4.284274193548387	55		1
plsdb	MPF_FATA	0.7	205	69935	86	85	4.284274193548387	126		1
plsdb	MPF_FATA	0.7	206	2048542	87	84	4.233870967741935	122		1
plsdb	MPF_FATA	0.7	207	222568	85	84	4.233870967741935	81		1
plsdb	MPF_FATA	0.7	208	222583	84	84	4.233870967741935	44		1
plsdb	MPF_FATA	0.7	209	19768	174	84	4.233870967741935	109		1
plsdb	MPF_FATA	0.7	210	6157	83	83	4.183467741935484	132		1
plsdb	MPF_FATA	0.7	211	222569	84	83	4.183467741935484	105		1
plsdb	MPF_FATA	0.7	212	52412	83	83	4.183467741935484	158		1
plsdb	MPF_FATA	0.7	213	289168	83	83	4.183467741935484	60		1
plsdb	MPF_FATA	0.7	214	69933	84	83	4.183467741935484	226		1
plsdb	MPF_FATA	0.7	215	222422	106	83	4.183467741935484	71		1
plsdb	MPF_FATA	0.7	216	6108	99	82	4.133064516129032	84		1
plsdb	MPF_FATA	0.7	217	44395	83	82	4.133064516129032	136		1
plsdb	MPF_FATA	0.7	218	1624446	85	82	4.133064516129032	129		1
plsdb	MPF_FATA	0.7	219	111120	81	81	4.082661290322581	107		1
plsdb	MPF_FATA	0.7	220	222557	82	81	4.082661290322581	99		1
plsdb	MPF_FATA	0.7	221	143449	81	80	4.032258064516129	106		1
plsdb	MPF_FATA	0.7	222	1744298	81	80	4.032258064516129	104		1
plsdb	MPF_FATA	0.7	223	88180	80	79	3.9818548387096775	88		1
plsdb	MPF_FATA	0.7	224	222581	80	79	3.9818548387096775	150		1
plsdb	MPF_FATA	0.7	225	2801863	95	79	3.9818548387096775	57		1
plsdb	MPF_FATA	0.7	226	3329256	78	77	3.881048387096774	207		1
plsdb	MPF_FATA	0.7	227	44353	77	77	3.881048387096774	118		1
plsdb	MPF_FATA	0.7	228	3244239	79	76	3.8306451612903225	93		1
plsdb	MPF_FATA	0.7	229	830818	175	75	3.780241935483871	91		1
plsdb	MPF_FATA	0.7	230	2397063	77	75	3.780241935483871	68		1
plsdb	MPF_FATA	0.7	231	222483	74	74	3.7298387096774195	189		1
plsdb	MPF_FATA	0.7	232	19976	75	74	3.7298387096774195	183		1
plsdb	MPF_FATA	0.7	233	19947	74	73	3.6794354838709675	168		1
plsdb	MPF_FATA	0.7	234	2168925	74	73	3.6794354838709675	144		1
plsdb	MPF_FATA	0.7	235	222493	73	73	3.6794354838709675	69		1
plsdb	MPF_FATA	0.7	236	222528	73	73	3.6794354838709675	162		1
plsdb	MPF_FATA	0.7	237	19977	74	73	3.6794354838709675	143		1
plsdb	MPF_FATA	0.7	238	69950	73	72	3.629032258064516	116		1
plsdb	MPF_FATA	0.7	239	3127272	122	71	3.5786290322580645	97		1
plsdb	MPF_FATA	0.7	240	2972392	78	71	3.5786290322580645	106		1
plsdb	MPF_FATA	0.7	241	50337	71	71	3.5786290322580645	100		1
plsdb	MPF_FATA	0.7	242	2359019	73	70	3.528225806451613	103		1
plsdb	MPF_FATA	0.7	243	70070	86	70	3.528225806451613	161		1
plsdb	MPF_FATA	0.7	244	70071	86	70	3.528225806451613	88		1
plsdb	MPF_FATA	0.7	245	862	70	70	3.528225806451613	184		1
plsdb	MPF_FATA	0.7	246	1456131	69	69	3.4778225806451615	91		1
plsdb	MPF_FATA	0.7	247	44642	68	68	3.4274193548387095	83		1
plsdb	MPF_FATA	0.7	248	1817372	69	68	3.4274193548387095	85		1
plsdb	MPF_FATA	0.7	249	88181	68	67	3.377016129032258	124		1
plsdb	MPF_FATA	0.7	250	44621	67	67	3.377016129032258	164		1
plsdb	MPF_FATA	0.7	251	44961	69	67	3.377016129032258	91		1
plsdb	MPF_FATA	0.7	252	1760467	67	66	3.3266129032258065	114		1
plsdb	MPF_FATA	0.7	253	42136	66	66	3.3266129032258065	47		1
plsdb	MPF_FATA	0.7	254	3586161	109	65	3.276209677419355	132		1
plsdb	MPF_FATA	0.7	255	3127292	108	65	3.276209677419355	129		1
plsdb	MPF_FATA	0.7	256	111138	67	64	3.225806451612903	74		1
plsdb	MPF_FATA	0.7	257	410820	63	63	3.1754032258064515	74		1
plsdb	MPF_FATA	0.7	258	1991259	64	63	3.1754032258064515	99		1
plsdb	MPF_FATA	0.7	259	1970852	63	63	3.1754032258064515	244		1
plsdb	MPF_FATA	0.7	260	361823	73	62	3.125	135		1
plsdb	MPF_FATA	0.7	261	1818631	63	61	3.0745967741935485	190		1
plsdb	MPF_FATA	0.7	262	211039	61	61	3.0745967741935485	91		1
plsdb	MPF_FATA	0.7	263	94525	60	60	3.024193548387097	69		1
plsdb	MPF_FATA	0.7	264	94532	60	60	3.024193548387097	192		1
plsdb	MPF_FATA	0.7	265	1852261	60	60	3.024193548387097	147		1
plsdb	MPF_FATA	0.7	266	1600731	60	60	3.024193548387097	80		1
plsdb	MPF_FATA	0.7	267	506043	60	60	3.024193548387097	143		1
plsdb	MPF_FATA	0.7	268	44358	61	60	3.024193548387097	118		1
plsdb	MPF_FATA	0.7	269	3332911	60	60	3.024193548387097	95		1
plsdb	MPF_FATA	0.7	270	94518	59	59	2.973790322580645	82		1
plsdb	MPF_FATA	0.7	271	94521	59	59	2.973790322580645	102		1
plsdb	MPF_FATA	0.7	272	19945	60	59	2.973790322580645	38		1
plsdb	MPF_FATA	0.7	273	69955	64	59	2.973790322580645	76		1
plsdb	MPF_FATA	0.7	274	19970	60	59	2.973790322580645	110		1
plsdb	MPF_FATA	0.7	275	59607	59	59	2.973790322580645	243		1
plsdb	MPF_FATA	0.7	276	6149	58	58	2.9233870967741935	165		1
plsdb	MPF_FATA	0.7	277	3707975	58	58	2.9233870967741935	103		1
plsdb	MPF_FATA	0.7	278	6078	58	58	2.9233870967741935	44		1
plsdb	MPF_FATA	0.7	279	19825	63	58	2.9233870967741935	201		1
plsdb	MPF_FATA	0.7	280	88176	58	58	2.9233870967741935	65		1
plsdb	MPF_FATA	0.7	281	59606	58	58	2.9233870967741935	207		1
plsdb	MPF_FATA	0.7	282	6095	57	57	2.872983870967742	68		1
plsdb	MPF_FATA	0.7	283	6079	57	57	2.872983870967742	74		1
plsdb	MPF_FATA	0.7	284	689941	57	57	2.872983870967742	60		1
plsdb	MPF_FATA	0.7	285	288713	57	57	2.872983870967742	68		1
plsdb	MPF_FATA	0.7	286	45162	57	57	2.872983870967742	189		1
plsdb	MPF_FATA	0.7	287	69954	62	57	2.872983870967742	136		1
plsdb	MPF_FATA	0.7	288	6081	56	56	2.8225806451612905	204		1
plsdb	MPF_FATA	0.7	289	6087	56	56	2.8225806451612905	68		1
plsdb	MPF_FATA	0.7	290	6088	56	56	2.8225806451612905	198		1
plsdb	MPF_FATA	0.7	291	50279	57	56	2.8225806451612905	65		1
plsdb	MPF_FATA	0.7	292	211035	57	56	2.8225806451612905	220		1
plsdb	MPF_FATA	0.7	293	44641	55	55	2.7721774193548385	51		1
plsdb	MPF_FATA	0.7	294	6085	54	54	2.721774193548387	226		1
plsdb	MPF_FATA	0.7	295	44626	54	54	2.721774193548387	60		1
plsdb	MPF_FATA	0.7	296	2406663	54	54	2.721774193548387	137		1
plsdb	MPF_FATA	0.7	297	6082	53	53	2.6713709677419355	121		1
plsdb	MPF_FATA	0.7	298	689943	56	53	2.6713709677419355	180		1
plsdb	MPF_FATA	0.7	299	44378	53	53	2.6713709677419355	134		1
plsdb	MPF_FATA	0.7	300	335536	58	53	2.6713709677419355	144		1
plsdb	MPF_FATA	0.7	301	3127662	52	52	2.620967741935484	68		1
plsdb	MPF_FATA	0.7	302	3496349	58	52	2.620967741935484	71		1
plsdb	MPF_FATA	0.7	303	245327	64	51	2.5705645161290325	237		1
plsdb	MPF_FATA	0.7	304	6092	51	51	2.5705645161290325	151		1
plsdb	MPF_FATA	0.7	305	44631	51	51	2.5705645161290325	175		1
plsdb	MPF_FATA	0.7	306	2815990	53	51	2.5705645161290325	74		1
plsdb	MPF_FATA	0.7	307	3037067	51	51	2.5705645161290325	199		1
plsdb	MPF_FATA	0.7	308	210731	51	51	2.5705645161290325	203		1
plsdb	MPF_FATA	0.7	309	319417	51	51	2.5705645161290325	159		1
plsdb	MPF_FATA	0.7	310	88173	52	51	2.5705645161290325	147		1
plsdb	MPF_FATA	0.7	311	88174	52	51	2.5705645161290325	47		1
plsdb	MPF_FATA	0.7	312	6127	50	50	2.5201612903225805	180		1
plsdb	MPF_FATA	0.7	313	816017	51	50	2.5201612903225805	113		1
plsdb	MPF_FATA	0.7	314	216643	55	50	2.5201612903225805	128		1
plsdb	MPF_FATA	0.7	315	683293	50	50	2.5201612903225805	180		1
plsdb	MPF_FATA	0.7	316	965797	69	50	2.5201612903225805	141		1
plsdb	MPF_FATA	0.7	317	683701	50	50	2.5201612903225805	211		1
plsdb	MPF_FATA	0.7	318	983119	56	49	2.469758064516129	250		1
plsdb	MPF_FATA	0.7	319	2489613	49	49	2.469758064516129	86		1
plsdb	MPF_FATA	0.7	320	591620	155	49	2.469758064516129	235		1
plsdb	MPF_FATA	0.7	321	44958	50	49	2.469758064516129	50		1
plsdb	MPF_FATA	0.7	322	331229	50	49	2.469758064516129	137		1
plsdb	MPF_FATA	0.7	323	162285	48	48	2.4193548387096775	149		1
plsdb	MPF_FATA	0.7	324	3295545	48	48	2.4193548387096775	94		1
plsdb	MPF_FATA	0.7	325	1967268	63	48	2.4193548387096775	87		1
plsdb	MPF_FATA	0.7	326	6056	47	47	2.368951612903226	215		1
plsdb	MPF_FATA	0.7	327	794711	47	46	2.318548387096774	233		1
plsdb	MPF_FATA	0.7	328	19959	46	46	2.318548387096774	202		1
plsdb	MPF_FATA	0.7	329	44909	47	46	2.318548387096774	72		1
plsdb	MPF_FATA	0.7	330	44910	49	46	2.318548387096774	204		1
plsdb	MPF_FATA	0.7	331	44969	46	46	2.318548387096774	234		1
plsdb	MPF_FATA	0.7	332	2392882	46	46	2.318548387096774	140		1
plsdb	MPF_FATA	0.7	333	105546	57	46	2.318548387096774	83		1
plsdb	MPF_FATA	0.7	334	521090	45	45	2.2681451612903225	165		1
plsdb	MPF_FATA	0.7	335	96113	45	45	2.2681451612903225	100		1
plsdb	MPF_FATA	0.7	336	96116	45	45	2.2681451612903225	100		1
plsdb	MPF_FATA	0.7	337	96121	45	45	2.2681451612903225	156		1
plsdb	MPF_FATA	0.7	338	96130	45	45	2.2681451612903225	202		1
plsdb	MPF_FATA	0.7	339	96141	45	45	2.2681451612903225	113		1
plsdb	MPF_FATA	0.7	340	96143	45	45	2.2681451612903225	119		1
plsdb	MPF_FATA	0.7	341	96145	45	45	2.2681451612903225	189		1
plsdb	MPF_FATA	0.7	342	96151	45	45	2.2681451612903225	133		1
plsdb	MPF_FATA	0.7	343	96181	45	45	2.2681451612903225	189		1
plsdb	MPF_FATA	0.7	344	96196	45	45	2.2681451612903225	79		1
plsdb	MPF_FATA	0.7	345	555782	45	45	2.2681451612903225	159		1
plsdb	MPF_FATA	0.7	346	555814	45	45	2.2681451612903225	99		1
plsdb	MPF_FATA	0.7	347	2370121	45	45	2.2681451612903225	108		1
plsdb	MPF_FATA	0.7	348	2370122	45	45	2.2681451612903225	86		1
plsdb	MPF_FATA	0.7	349	3113922	46	45	2.2681451612903225	181		1
plsdb	MPF_FATA	0.7	350	2381965	72	45	2.2681451612903225	62		1
plsdb	MPF_FATA	0.7	351	2408121	73	45	2.2681451612903225	125		1
plsdb	MPF_FATA	0.7	352	1344193	45	45	2.2681451612903225	71		1
plsdb	MPF_FATA	0.7	353	94491	47	44	2.217741935483871	153		1
plsdb	MPF_FATA	0.7	354	816071	61	44	2.217741935483871	90		1
plsdb	MPF_FATA	0.7	355	52452	44	44	2.217741935483871	103		1
plsdb	MPF_FATA	0.7	356	96103	44	44	2.217741935483871	136		1
plsdb	MPF_FATA	0.7	357	96108	44	44	2.217741935483871	192		1
plsdb	MPF_FATA	0.7	358	96125	44	44	2.217741935483871	249		1
plsdb	MPF_FATA	0.7	359	96139	44	44	2.217741935483871	94		1
plsdb	MPF_FATA	0.7	360	96140	44	44	2.217741935483871	131		1
plsdb	MPF_FATA	0.7	361	96150	44	44	2.217741935483871	227		1
plsdb	MPF_FATA	0.7	362	96162	44	44	2.217741935483871	221		1
plsdb	MPF_FATA	0.7	363	96164	44	44	2.217741935483871	112		1
plsdb	MPF_FATA	0.7	364	96184	44	44	2.217741935483871	173		1
plsdb	MPF_FATA	0.7	365	96193	44	44	2.217741935483871	193		1
plsdb	MPF_FATA	0.7	366	96199	44	44	2.217741935483871	118		1
plsdb	MPF_FATA	0.7	367	555762	44	44	2.217741935483871	134		1
plsdb	MPF_FATA	0.7	368	44968	44	44	2.217741935483871	190		1
plsdb	MPF_FATA	0.7	369	44863	45	44	2.217741935483871	105		1
plsdb	MPF_FATA	0.7	370	96025	44	44	2.217741935483871	134		1
plsdb	MPF_FATA	0.7	371	3124491	85	44	2.217741935483871	235		1
plsdb	MPF_FATA	0.7	372	94260	66	44	2.217741935483871	92		1
plsdb	MPF_FATA	0.7	373	6119	44	43	2.1673387096774195	113		1
plsdb	MPF_FATA	0.7	374	3518738	45	43	2.1673387096774195	124		1
plsdb	MPF_FATA	0.7	375	96131	43	43	2.1673387096774195	215		1
plsdb	MPF_FATA	0.7	376	96149	43	43	2.1673387096774195	180		1
plsdb	MPF_FATA	0.7	377	96157	43	43	2.1673387096774195	216		1
plsdb	MPF_FATA	0.7	378	96189	43	43	2.1673387096774195	190		1
plsdb	MPF_FATA	0.7	379	96198	43	43	2.1673387096774195	116		1
plsdb	MPF_FATA	0.7	380	96200	43	43	2.1673387096774195	89		1
plsdb	MPF_FATA	0.7	381	555784	43	43	2.1673387096774195	165		1
plsdb	MPF_FATA	0.7	382	53003	43	43	2.1673387096774195	77		1
plsdb	MPF_FATA	0.7	383	2707111	43	43	2.1673387096774195	160		1
plsdb	MPF_FATA	0.7	384	6098	42	42	2.1169354838709675	144		1
plsdb	MPF_FATA	0.7	385	6099	42	42	2.1169354838709675	113		1
plsdb	MPF_FATA	0.7	386	2063614	51	42	2.1169354838709675	81		1
plsdb	MPF_FATA	0.7	387	344408	47	42	2.1169354838709675	76		1
plsdb	MPF_FATA	0.7	388	1331031	45	42	2.1169354838709675	116		1
plsdb	MPF_FATA	0.7	389	288311	42	42	2.1169354838709675	101		1
plsdb	MPF_FATA	0.7	390	3097455	47	42	2.1169354838709675	116		1
plsdb	MPF_FATA	0.7	391	44619	42	42	2.1169354838709675	92		1
plsdb	MPF_FATA	0.7	392	44949	42	42	2.1169354838709675	219		1
plsdb	MPF_FATA	0.7	393	96035	42	42	2.1169354838709675	141		1
plsdb	MPF_FATA	0.7	394	30455	43	42	2.1169354838709675	48		1
plsdb	MPF_FATA	0.7	395	30456	45	42	2.1169354838709675	77		1
plsdb	MPF_FATA	0.7	396	30304	44	42	2.1169354838709675	137		1
plsdb	MPF_FATA	0.7	397	1701661	43	42	2.1169354838709675	191		1
plsdb	MPF_FATA	0.7	398	3895313	49	42	2.1169354838709675	91		1
plsdb	MPF_FATA	0.7	399	235101	43	42	2.1169354838709675	63		1
plsdb	MPF_FATA	0.7	400	235102	43	42	2.1169354838709675	68		1
plsdb	MPF_G	0.5	1	301739	30	25	22.93577981651376	91		1
plsdb	MPF_G	0.5	2	44157	30	25	22.93577981651376	144		1
plsdb	MPF_G	0.5	3	3350480	30	23	21.10091743119266	186		1
plsdb	MPF_G	0.5	4	44158	28	23	21.10091743119266	116		1
plsdb	MPF_G	0.5	5	1779434	23	22	20.18348623853211	168		1
plsdb	MPF_G	0.5	6	80163	67	22	20.18348623853211	234		1
plsdb	MPF_G	0.5	7	1190870	28	20	18.34862385321101	115		1
plsdb	MPF_G	0.5	8	3391545	21	20	18.34862385321101	160		1
plsdb	MPF_G	0.5	9	2706316	21	20	18.34862385321101	142		1
plsdb	MPF_G	0.5	10	2822373	22	19	17.431192660550458	215		1
plsdb	MPF_G	0.5	11	237713	22	19	17.431192660550458	183		1
plsdb	MPF_G	0.5	12	1126860	19	19	17.431192660550458	194		1
plsdb	MPF_G	0.5	13	141466	19	18	16.513761467889907	142		1
plsdb	MPF_G	0.5	14	141483	30	18	16.513761467889907	226		1
plsdb	MPF_G	0.5	15	1322884	24	18	16.513761467889907	92		1
plsdb	MPF_G	0.5	16	1126857	18	18	16.513761467889907	237		1
plsdb	MPF_G	0.5	17	126933	19	18	16.513761467889907	191		1
plsdb	MPF_G	0.5	18	141457	30	18	16.513761467889907	87		1
plsdb	MPF_G	0.5	19	295737	18	17	15.596330275229358	117		1
plsdb	MPF_G	0.5	20	301743	20	17	15.596330275229358	78		1
plsdb	MPF_G	0.5	21	77734	19	16	14.678899082568808	91		1
plsdb	MPF_G	0.5	22	659581	18	16	14.678899082568808	121		1
plsdb	MPF_G	0.5	23	644722	15	15	13.761467889908257	115		1
plsdb	MPF_G	0.5	24	301818	15	15	13.761467889908257	133		1
plsdb	MPF_G	0.5	25	990033	19	15	13.761467889908257	88		1
plsdb	MPF_G	0.5	26	1881561	14	14	12.844036697247706	113		1
plsdb	MPF_G	0.5	27	2030650	33	14	12.844036697247706	250		1
plsdb	MPF_G	0.5	28	301785	14	14	12.844036697247706	213		1
plsdb	MPF_G	0.5	29	301786	14	14	12.844036697247706	183		1
plsdb	MPF_G	0.5	30	301790	14	14	12.844036697247706	123		1
plsdb	MPF_G	0.5	31	301809	14	14	12.844036697247706	248		1
plsdb	MPF_G	0.5	32	301811	14	14	12.844036697247706	71		1
plsdb	MPF_G	0.5	33	301850	14	14	12.844036697247706	105		1
plsdb	MPF_G	0.5	34	1126856	14	14	12.844036697247706	187		1
plsdb	MPF_G	0.5	35	301719	14	14	12.844036697247706	107		1
plsdb	MPF_G	0.5	36	1823748	14	14	12.844036697247706	168		1
plsdb	MPF_G	0.5	37	1823789	14	14	12.844036697247706	77		1
plsdb	MPF_G	0.5	38	659636	14	14	12.844036697247706	101		1
plsdb	MPF_G	0.5	39	659661	14	14	12.844036697247706	250		1
plsdb	MPF_G	0.5	40	659662	14	14	12.844036697247706	114		1
plsdb	MPF_G	0.5	41	124218	14	14	12.844036697247706	80		1
plsdb	MPF_G	0.5	42	124219	14	14	12.844036697247706	82		1
plsdb	MPF_G	0.5	43	1190770	13	13	11.926605504587156	191		1
plsdb	MPF_G	0.5	44	301876	13	13	11.926605504587156	90		1
plsdb	MPF_G	0.5	45	301913	13	13	11.926605504587156	237		1
plsdb	MPF_G	0.5	46	1469748	13	13	11.926605504587156	178		1
plsdb	MPF_G	0.5	47	2894709	14	13	11.926605504587156	124		1
plsdb	MPF_G	0.5	48	301784	13	13	11.926605504587156	246		1
plsdb	MPF_G	0.5	49	301787	13	13	11.926605504587156	80		1
plsdb	MPF_G	0.5	50	301821	13	13	11.926605504587156	106		1
plsdb	MPF_G	0.5	51	301857	13	13	11.926605504587156	139		1
plsdb	MPF_G	0.5	52	301862	13	13	11.926605504587156	213		1
plsdb	MPF_G	0.5	53	301864	13	13	11.926605504587156	118		1
plsdb	MPF_G	0.5	54	301865	13	13	11.926605504587156	228		1
plsdb	MPF_G	0.5	55	424509	13	13	11.926605504587156	144		1
plsdb	MPF_G	0.5	56	424568	13	13	11.926605504587156	214		1
plsdb	MPF_G	0.5	57	301712	14	13	11.926605504587156	237		1
plsdb	MPF_G	0.5	58	301729	13	13	11.926605504587156	84		1
plsdb	MPF_G	0.5	59	301732	13	13	11.926605504587156	79		1
plsdb	MPF_G	0.5	60	301735	14	13	11.926605504587156	185		1
plsdb	MPF_G	0.5	61	44147	14	13	11.926605504587156	210		1
plsdb	MPF_G	0.5	62	1779480	14	13	11.926605504587156	242		1
plsdb	MPF_G	0.5	63	659716	13	13	11.926605504587156	201		1
plsdb	MPF_G	0.5	64	3630864	15	13	11.926605504587156	126		1
plsdb	MPF_G	0.5	65	124302	13	13	11.926605504587156	128		1
plsdb	MPF_G	0.5	66	124303	13	13	11.926605504587156	156		1
plsdb	MPF_G	0.5	67	124304	13	13	11.926605504587156	191		1
plsdb	MPF_G	0.5	68	1323108	12	12	11.009174311926605	138		1
plsdb	MPF_G	0.5	69	1190771	12	12	11.009174311926605	152		1
plsdb	MPF_G	0.5	70	600401	12	12	11.009174311926605	191		1
plsdb	MPF_G	0.5	71	424599	12	12	11.009174311926605	189		1
plsdb	MPF_G	0.5	72	424607	12	12	11.009174311926605	171		1
plsdb	MPF_G	0.5	73	141465	14	12	11.009174311926605	240		1
plsdb	MPF_G	0.5	74	301780	12	12	11.009174311926605	72		1
plsdb	MPF_G	0.5	75	301781	12	12	11.009174311926605	78		1
plsdb	MPF_G	0.5	76	301800	12	12	11.009174311926605	149		1
plsdb	MPF_G	0.5	77	301820	12	12	11.009174311926605	87		1
plsdb	MPF_G	0.5	78	301826	12	12	11.009174311926605	242		1
plsdb	MPF_G	0.5	79	301832	12	12	11.009174311926605	162		1
plsdb	MPF_G	0.5	80	301849	12	12	11.009174311926605	94		1
plsdb	MPF_G	0.5	81	301852	12	12	11.009174311926605	95		1
plsdb	MPF_G	0.5	82	301858	12	12	11.009174311926605	46		1
plsdb	MPF_G	0.5	83	301872	12	12	11.009174311926605	201		1
plsdb	MPF_G	0.5	84	1910544	12	12	11.009174311926605	76		1
plsdb	MPF_G	0.5	85	301713	13	12	11.009174311926605	43		1
plsdb	MPF_G	0.5	86	3189326	12	12	11.009174311926605	66		1
plsdb	MPF_G	0.5	87	141416	12	12	11.009174311926605	82		1
plsdb	MPF_G	0.5	88	3189435	12	12	11.009174311926605	107		1
plsdb	MPF_G	0.5	89	2147784	20	12	11.009174311926605	199		1
plsdb	MPF_G	0.5	90	659725	12	12	11.009174311926605	184		1
plsdb	MPF_G	0.5	91	3633346	12	12	11.009174311926605	161		1
plsdb	MPF_G	0.5	92	1363998	13	12	11.009174311926605	144		1
plsdb	MPF_G	0.5	93	1487385	12	11	10.091743119266056	77		1
plsdb	MPF_G	0.5	94	44252	11	11	10.091743119266056	114		1
plsdb	MPF_G	0.5	95	141500	11	11	10.091743119266056	202		1
plsdb	MPF_G	0.5	96	2029232	11	11	10.091743119266056	124		1
plsdb	MPF_G	0.5	97	301808	11	11	10.091743119266056	249		1
plsdb	MPF_G	0.5	98	301871	11	11	10.091743119266056	131		1
plsdb	MPF_G	0.5	99	3350486	11	11	10.091743119266056	201		1
plsdb	MPF_G	0.5	100	2257985	11	11	10.091743119266056	228		1
plsdb	MPF_G	0.5	101	295685	11	11	10.091743119266056	226		1
plsdb	MPF_G	0.5	102	301730	11	11	10.091743119266056	189		1
plsdb	MPF_G	0.5	103	2842688	11	11	10.091743119266056	189		1
plsdb	MPF_G	0.5	104	600260	12	11	10.091743119266056	196		1
plsdb	MPF_G	0.5	105	3121204	11	10	9.174311926605505	211		1
plsdb	MPF_G	0.5	106	1278849	12	10	9.174311926605505	170		1
plsdb	MPF_G	0.5	107	2822422	11	10	9.174311926605505	77		1
plsdb	MPF_G	0.5	108	1993125	10	10	9.174311926605505	101		1
plsdb	MPF_G	0.5	109	1190858	12	10	9.174311926605505	204		1
plsdb	MPF_G	0.5	110	141485	11	10	9.174311926605505	116		1
plsdb	MPF_G	0.5	111	37302	14	10	9.174311926605505	135		1
plsdb	MPF_G	0.5	112	3391560	10	10	9.174311926605505	161		1
plsdb	MPF_G	0.5	113	545792	10	10	9.174311926605505	147		1
plsdb	MPF_G	0.5	114	301733	10	10	9.174311926605505	79		1
plsdb	MPF_G	0.5	115	301749	10	10	9.174311926605505	194		1
plsdb	MPF_G	0.5	116	1190959	10	10	9.174311926605505	157		1
plsdb	MPF_G	0.5	117	2042770	17	10	9.174311926605505	232		1
plsdb	MPF_G	0.5	118	124286	10	10	9.174311926605505	125		1
plsdb	MPF_G	0.5	119	1450618	9	9	8.256880733944953	114		1
plsdb	MPF_G	0.5	120	2576997	9	9	8.256880733944953	222		1
plsdb	MPF_G	0.5	121	2031423	9	9	8.256880733944953	141		1
plsdb	MPF_G	0.5	122	1823646	10	9	8.256880733944953	186		1
plsdb	MPF_G	0.5	123	141502	9	9	8.256880733944953	198		1
plsdb	MPF_G	0.5	124	1454343	18	9	8.256880733944953	192		1
plsdb	MPF_G	0.5	125	77974	9	9	8.256880733944953	62		1
plsdb	MPF_G	0.5	126	37326	9	9	8.256880733944953	110		1
plsdb	MPF_G	0.5	127	301819	9	9	8.256880733944953	89		1
plsdb	MPF_G	0.5	128	301867	9	9	8.256880733944953	177		1
plsdb	MPF_G	0.5	129	545788	9	9	8.256880733944953	54		1
plsdb	MPF_G	0.5	130	1322944	9	9	8.256880733944953	247		1
plsdb	MPF_G	0.5	131	1191000	9	9	8.256880733944953	90		1
plsdb	MPF_G	0.5	132	2706162	9	9	8.256880733944953	194		1
plsdb	MPF_G	0.5	133	1191010	9	9	8.256880733944953	133		1
plsdb	MPF_G	0.5	134	1779474	10	9	8.256880733944953	78		1
plsdb	MPF_G	0.5	135	2257925	9	9	8.256880733944953	140		1
plsdb	MPF_G	0.5	136	659656	9	9	8.256880733944953	128		1
plsdb	MPF_G	0.5	137	552165	10	9	8.256880733944953	127		1
plsdb	MPF_G	0.5	138	1278880	9	9	8.256880733944953	166		1
plsdb	MPF_G	0.5	139	124271	9	9	8.256880733944953	83		1
plsdb	MPF_G	0.5	140	80092	9	9	8.256880733944953	151		1
plsdb	MPF_G	0.5	141	80172	9	9	8.256880733944953	150		1
plsdb	MPF_G	0.5	142	1323049	8	8	7.339449541284404	180		1
plsdb	MPF_G	0.5	143	1323050	8	8	7.339449541284404	142		1
plsdb	MPF_G	0.5	144	1323057	9	8	7.339449541284404	118		1
plsdb	MPF_G	0.5	145	1323063	8	8	7.339449541284404	125		1
plsdb	MPF_G	0.5	146	1323068	8	8	7.339449541284404	88		1
plsdb	MPF_G	0.5	147	1323069	8	8	7.339449541284404	142		1
plsdb	MPF_G	0.5	148	1323073	8	8	7.339449541284404	169		1
plsdb	MPF_G	0.5	149	1323074	8	8	7.339449541284404	86		1
plsdb	MPF_G	0.5	150	1323075	8	8	7.339449541284404	156		1
plsdb	MPF_G	0.5	151	1323076	8	8	7.339449541284404	147		1
plsdb	MPF_G	0.5	152	1323093	8	8	7.339449541284404	178		1
plsdb	MPF_G	0.5	153	1323119	18	8	7.339449541284404	167		1
plsdb	MPF_G	0.5	154	1323121	8	8	7.339449541284404	175		1
plsdb	MPF_G	0.5	155	1323122	8	8	7.339449541284404	89		1
plsdb	MPF_G	0.5	156	2576988	8	8	7.339449541284404	89		1
plsdb	MPF_G	0.5	157	3121188	8	8	7.339449541284404	94		1
plsdb	MPF_G	0.5	158	3756263	8	8	7.339449541284404	115		1
plsdb	MPF_G	0.5	159	1278767	8	8	7.339449541284404	218		1
plsdb	MPF_G	0.5	160	620936	8	8	7.339449541284404	133		1
plsdb	MPF_G	0.5	161	1993193	8	8	7.339449541284404	152		1
plsdb	MPF_G	0.5	162	3819194	16	8	7.339449541284404	91		1
plsdb	MPF_G	0.5	163	141494	8	8	7.339449541284404	208		1
plsdb	MPF_G	0.5	164	141501	8	8	7.339449541284404	203		1
plsdb	MPF_G	0.5	165	1994059	8	8	7.339449541284404	96		1
plsdb	MPF_G	0.5	166	659595	8	8	7.339449541284404	126		1
plsdb	MPF_G	0.5	167	659596	8	8	7.339449541284404	108		1
plsdb	MPF_G	0.5	168	1434151	8	8	7.339449541284404	152		1
plsdb	MPF_G	0.5	169	1322875	8	8	7.339449541284404	228		1
plsdb	MPF_G	0.5	170	1322876	8	8	7.339449541284404	238		1
plsdb	MPF_G	0.5	171	1322919	8	8	7.339449541284404	234		1
plsdb	MPF_G	0.5	172	3610314	9	8	7.339449541284404	108		1
plsdb	MPF_G	0.5	173	301775	8	8	7.339449541284404	180		1
plsdb	MPF_G	0.5	174	301776	8	8	7.339449541284404	75		1
plsdb	MPF_G	0.5	175	3350498	8	8	7.339449541284404	58		1
plsdb	MPF_G	0.5	176	1126850	8	8	7.339449541284404	247		1
plsdb	MPF_G	0.5	177	301744	8	8	7.339449541284404	235		1
plsdb	MPF_G	0.5	178	1322924	8	8	7.339449541284404	201		1
plsdb	MPF_G	0.5	179	1322925	8	8	7.339449541284404	243		1
plsdb	MPF_G	0.5	180	1322927	8	8	7.339449541284404	130		1
plsdb	MPF_G	0.5	181	1322930	8	8	7.339449541284404	215		1
plsdb	MPF_G	0.5	182	1322940	8	8	7.339449541284404	109		1
plsdb	MPF_G	0.5	183	1322941	8	8	7.339449541284404	219		1
plsdb	MPF_G	0.5	184	1322946	8	8	7.339449541284404	124		1
plsdb	MPF_G	0.5	185	1322947	8	8	7.339449541284404	139		1
plsdb	MPF_G	0.5	186	1323000	8	8	7.339449541284404	134		1
plsdb	MPF_G	0.5	187	1323001	8	8	7.339449541284404	160		1
plsdb	MPF_G	0.5	188	1323002	8	8	7.339449541284404	92		1
plsdb	MPF_G	0.5	189	1323003	8	8	7.339449541284404	178		1
plsdb	MPF_G	0.5	190	1323004	8	8	7.339449541284404	67		1
plsdb	MPF_G	0.5	191	1323005	8	8	7.339449541284404	104		1
plsdb	MPF_G	0.5	192	1323006	8	8	7.339449541284404	160		1
plsdb	MPF_G	0.5	193	1323011	8	8	7.339449541284404	84		1
plsdb	MPF_G	0.5	194	1323013	8	8	7.339449541284404	105		1
plsdb	MPF_G	0.5	195	1323014	8	8	7.339449541284404	107		1
plsdb	MPF_G	0.5	196	1323017	8	8	7.339449541284404	135		1
plsdb	MPF_G	0.5	197	1323018	8	8	7.339449541284404	154		1
plsdb	MPF_G	0.5	198	1323019	8	8	7.339449541284404	80		1
plsdb	MPF_G	0.5	199	237701	8	8	7.339449541284404	100		1
plsdb	MPF_G	0.5	200	3405313	14	8	7.339449541284404	102		1
plsdb	MPF_G	0.5	201	1525492	8	8	7.339449541284404	158		1
plsdb	MPF_G	0.5	202	44151	8	8	7.339449541284404	166		1
plsdb	MPF_G	0.5	203	237815	9	8	7.339449541284404	111		1
plsdb	MPF_G	0.5	204	124276	8	8	7.339449541284404	199		1
plsdb	MPF_G	0.5	205	600327	8	8	7.339449541284404	114		1
plsdb	MPF_G	0.5	206	3685960	7	7	6.422018348623853	248		1
plsdb	MPF_G	0.5	207	1434301	7	7	6.422018348623853	236		1
plsdb	MPF_G	0.5	208	758200	7	7	6.422018348623853	94		1
plsdb	MPF_G	0.5	209	1323051	7	7	6.422018348623853	199		1
plsdb	MPF_G	0.5	210	1323056	7	7	6.422018348623853	144		1
plsdb	MPF_G	0.5	211	1323058	7	7	6.422018348623853	77		1
plsdb	MPF_G	0.5	212	1323059	7	7	6.422018348623853	115		1
plsdb	MPF_G	0.5	213	1323060	7	7	6.422018348623853	145		1
plsdb	MPF_G	0.5	214	1323062	7	7	6.422018348623853	98		1
plsdb	MPF_G	0.5	215	1323064	7	7	6.422018348623853	44		1
plsdb	MPF_G	0.5	216	1323078	7	7	6.422018348623853	73		1
plsdb	MPF_G	0.5	217	1323080	7	7	6.422018348623853	113		1
plsdb	MPF_G	0.5	218	1323082	7	7	6.422018348623853	58		1
plsdb	MPF_G	0.5	219	1323084	7	7	6.422018348623853	101		1
plsdb	MPF_G	0.5	220	1323085	7	7	6.422018348623853	74		1
plsdb	MPF_G	0.5	221	1323086	7	7	6.422018348623853	50		1
plsdb	MPF_G	0.5	222	1323092	7	7	6.422018348623853	122		1
plsdb	MPF_G	0.5	223	1323094	7	7	6.422018348623853	38		1
plsdb	MPF_G	0.5	224	1323096	7	7	6.422018348623853	38		1
plsdb	MPF_G	0.5	225	1323097	7	7	6.422018348623853	234		1
plsdb	MPF_G	0.5	226	1323098	7	7	6.422018348623853	112		1
plsdb	MPF_G	0.5	227	1323099	7	7	6.422018348623853	57		1
plsdb	MPF_G	0.5	228	1323102	7	7	6.422018348623853	142		1
plsdb	MPF_G	0.5	229	1323104	7	7	6.422018348623853	131		1
plsdb	MPF_G	0.5	230	1323105	7	7	6.422018348623853	194		1
plsdb	MPF_G	0.5	231	1323111	7	7	6.422018348623853	211		1
plsdb	MPF_G	0.5	232	1323117	7	7	6.422018348623853	202		1
plsdb	MPF_G	0.5	233	1323120	7	7	6.422018348623853	102		1
plsdb	MPF_G	0.5	234	1323132	7	7	6.422018348623853	236		1
plsdb	MPF_G	0.5	235	1323133	7	7	6.422018348623853	227		1
plsdb	MPF_G	0.5	236	1323135	7	7	6.422018348623853	248		1
plsdb	MPF_G	0.5	237	1487415	11	7	6.422018348623853	143		1
plsdb	MPF_G	0.5	238	620892	7	7	6.422018348623853	80		1
plsdb	MPF_G	0.5	239	2165666	7	7	6.422018348623853	99		1
plsdb	MPF_G	0.5	240	2070725	7	7	6.422018348623853	81		1
plsdb	MPF_G	0.5	241	1323140	7	7	6.422018348623853	229		1
plsdb	MPF_G	0.5	242	3819201	7	7	6.422018348623853	95		1
plsdb	MPF_G	0.5	243	141496	7	7	6.422018348623853	85		1
plsdb	MPF_G	0.5	244	659750	7	7	6.422018348623853	111		1
plsdb	MPF_G	0.5	245	3883797	7	7	6.422018348623853	169		1
plsdb	MPF_G	0.5	246	659597	7	7	6.422018348623853	111		1
plsdb	MPF_G	0.5	247	659598	7	7	6.422018348623853	111		1
plsdb	MPF_G	0.5	248	659599	7	7	6.422018348623853	118		1
plsdb	MPF_G	0.5	249	659600	7	7	6.422018348623853	211		1
plsdb	MPF_G	0.5	250	1322918	7	7	6.422018348623853	36		1
plsdb	MPF_G	0.5	251	1739340	7	7	6.422018348623853	103		1
plsdb	MPF_G	0.5	252	301789	7	7	6.422018348623853	80		1
plsdb	MPF_G	0.5	253	301802	8	7	6.422018348623853	131		1
plsdb	MPF_G	0.5	254	301835	7	7	6.422018348623853	84		1
plsdb	MPF_G	0.5	255	37396	7	7	6.422018348623853	136		1
plsdb	MPF_G	0.5	256	37397	7	7	6.422018348623853	79		1
plsdb	MPF_G	0.5	257	545721	7	7	6.422018348623853	131		1
plsdb	MPF_G	0.5	258	301740	7	7	6.422018348623853	140		1
plsdb	MPF_G	0.5	259	301753	7	7	6.422018348623853	67		1
plsdb	MPF_G	0.5	260	1322921	7	7	6.422018348623853	76		1
plsdb	MPF_G	0.5	261	1322953	7	7	6.422018348623853	122		1
plsdb	MPF_G	0.5	262	1323024	7	7	6.422018348623853	72		1
plsdb	MPF_G	0.5	263	1323025	7	7	6.422018348623853	101		1
plsdb	MPF_G	0.5	264	1323026	7	7	6.422018348623853	213		1
plsdb	MPF_G	0.5	265	1323028	7	7	6.422018348623853	101		1
plsdb	MPF_G	0.5	266	2028323	7	7	6.422018348623853	117		1
plsdb	MPF_G	0.5	267	3737365	21	7	6.422018348623853	69		1
plsdb	MPF_G	0.5	268	659620	7	7	6.422018348623853	90		1
plsdb	MPF_G	0.5	269	989923	7	7	6.422018348623853	144		1
plsdb	MPF_G	0.5	270	600313	7	7	6.422018348623853	170		1
plsdb	MPF_G	0.5	271	126760	8	6	5.504587155963303	115		1
plsdb	MPF_G	0.5	272	758184	6	6	5.504587155963303	89		1
plsdb	MPF_G	0.5	273	758201	6	6	5.504587155963303	219		1
plsdb	MPF_G	0.5	274	1323035	6	6	5.504587155963303	171		1
plsdb	MPF_G	0.5	275	1323039	6	6	5.504587155963303	113		1
plsdb	MPF_G	0.5	276	1323040	6	6	5.504587155963303	103		1
plsdb	MPF_G	0.5	277	1323041	6	6	5.504587155963303	242		1
plsdb	MPF_G	0.5	278	1323091	6	6	5.504587155963303	95		1
plsdb	MPF_G	0.5	279	2576933	6	6	5.504587155963303	194		1
plsdb	MPF_G	0.5	280	3432048	6	6	5.504587155963303	205		1
plsdb	MPF_G	0.5	281	478376	6	6	5.504587155963303	150		1
plsdb	MPF_G	0.5	282	1278797	6	6	5.504587155963303	195		1
plsdb	MPF_G	0.5	283	1278816	6	6	5.504587155963303	154		1
plsdb	MPF_G	0.5	284	2554486	6	6	5.504587155963303	198		1
plsdb	MPF_G	0.5	285	1487359	6	6	5.504587155963303	103		1
plsdb	MPF_G	0.5	286	2463986	6	6	5.504587155963303	202		1
plsdb	MPF_G	0.5	287	3686026	6	6	5.504587155963303	180		1
plsdb	MPF_G	0.5	288	1993220	6	6	5.504587155963303	158		1
plsdb	MPF_G	0.5	289	301878	6	6	5.504587155963303	178		1
plsdb	MPF_G	0.5	290	301879	6	6	5.504587155963303	59		1
plsdb	MPF_G	0.5	291	301880	6	6	5.504587155963303	76		1
plsdb	MPF_G	0.5	292	301881	6	6	5.504587155963303	100		1
plsdb	MPF_G	0.5	293	301884	6	6	5.504587155963303	216		1
plsdb	MPF_G	0.5	294	301887	6	6	5.504587155963303	73		1
plsdb	MPF_G	0.5	295	301888	6	6	5.504587155963303	75		1
plsdb	MPF_G	0.5	296	301889	6	6	5.504587155963303	100		1
plsdb	MPF_G	0.5	297	301890	6	6	5.504587155963303	98		1
plsdb	MPF_G	0.5	298	301891	6	6	5.504587155963303	191		1
plsdb	MPF_G	0.5	299	301895	6	6	5.504587155963303	66		1
plsdb	MPF_G	0.5	300	301896	6	6	5.504587155963303	148		1
plsdb	MPF_G	0.5	301	301899	6	6	5.504587155963303	102		1
plsdb	MPF_G	0.5	302	301900	6	6	5.504587155963303	138		1
plsdb	MPF_G	0.5	303	301901	6	6	5.504587155963303	145		1
plsdb	MPF_G	0.5	304	301905	6	6	5.504587155963303	122		1
plsdb	MPF_G	0.5	305	301909	6	6	5.504587155963303	134		1
plsdb	MPF_G	0.5	306	301911	6	6	5.504587155963303	74		1
plsdb	MPF_G	0.5	307	3819237	21	6	5.504587155963303	138		1
plsdb	MPF_G	0.5	308	141463	6	6	5.504587155963303	149		1
plsdb	MPF_G	0.5	309	141478	6	6	5.504587155963303	76		1
plsdb	MPF_G	0.5	310	223449	6	6	5.504587155963303	72		1
plsdb	MPF_G	0.5	311	223465	6	6	5.504587155963303	182		1
plsdb	MPF_G	0.5	312	659729	6	6	5.504587155963303	195		1
plsdb	MPF_G	0.5	313	223514	6	6	5.504587155963303	230		1
plsdb	MPF_G	0.5	314	237367	7	6	5.504587155963303	63		1
plsdb	MPF_G	0.5	315	659591	11	6	5.504587155963303	121		1
plsdb	MPF_G	0.5	316	659592	11	6	5.504587155963303	100		1
plsdb	MPF_G	0.5	317	1434146	6	6	5.504587155963303	212		1
plsdb	MPF_G	0.5	318	1434147	6	6	5.504587155963303	213		1
plsdb	MPF_G	0.5	319	1434148	6	6	5.504587155963303	212		1
plsdb	MPF_G	0.5	320	2577015	6	6	5.504587155963303	62		1
plsdb	MPF_G	0.5	321	301762	13	6	5.504587155963303	125		1
plsdb	MPF_G	0.5	322	301788	6	6	5.504587155963303	86		1
plsdb	MPF_G	0.5	323	301799	6	6	5.504587155963303	64		1
plsdb	MPF_G	0.5	324	3883825	6	6	5.504587155963303	99		1
plsdb	MPF_G	0.5	325	545791	6	6	5.504587155963303	76		1
plsdb	MPF_G	0.5	326	295742	6	6	5.504587155963303	175		1
plsdb	MPF_G	0.5	327	301723	6	6	5.504587155963303	60		1
plsdb	MPF_G	0.5	328	301731	6	6	5.504587155963303	97		1
plsdb	MPF_G	0.5	329	990042	6	6	5.504587155963303	53		1
plsdb	MPF_G	0.5	330	990055	6	6	5.504587155963303	106		1
plsdb	MPF_G	0.5	331	1322923	6	6	5.504587155963303	43		1
plsdb	MPF_G	0.5	332	1322961	6	6	5.504587155963303	228		1
plsdb	MPF_G	0.5	333	1323034	6	6	5.504587155963303	200		1
plsdb	MPF_G	0.5	334	1888212	6	6	5.504587155963303	245		1
plsdb	MPF_G	0.5	335	989987	6	6	5.504587155963303	158		1
plsdb	MPF_G	0.5	336	44160	6	6	5.504587155963303	70		1
plsdb	MPF_G	0.5	337	1004292	6	6	5.504587155963303	162		1
plsdb	MPF_G	0.5	338	659631	6	6	5.504587155963303	86		1
plsdb	MPF_G	0.5	339	659641	6	6	5.504587155963303	77		1
plsdb	MPF_G	0.5	340	659679	6	6	5.504587155963303	47		1
plsdb	MPF_G	0.5	341	552222	6	6	5.504587155963303	197		1
plsdb	MPF_G	0.5	342	2507258	7	6	5.504587155963303	76		1
plsdb	MPF_G	0.5	343	2884250	6	6	5.504587155963303	162		1
plsdb	MPF_G	0.5	344	2884279	6	6	5.504587155963303	175		1
plsdb	MPF_G	0.5	345	2884284	6	6	5.504587155963303	233		1
plsdb	MPF_G	0.5	346	600296	6	6	5.504587155963303	133		1
plsdb	MPF_G	0.5	347	600329	6	6	5.504587155963303	162		1
plsdb	MPF_G	0.5	348	1363936	6	6	5.504587155963303	162		1
plsdb	MPF_G	0.5	349	1363952	6	6	5.504587155963303	37		1
plsdb	MPF_G	0.5	350	3000124	5	5	4.587155963302752	72		1
plsdb	MPF_G	0.5	351	3000127	5	5	4.587155963302752	105		1
plsdb	MPF_G	0.5	352	3000128	5	5	4.587155963302752	84		1
plsdb	MPF_G	0.5	353	758161	5	5	4.587155963302752	145		1
plsdb	MPF_G	0.5	354	2704476	5	5	4.587155963302752	134		1
plsdb	MPF_G	0.5	355	2165084	9	5	4.587155963302752	172		1
plsdb	MPF_G	0.5	356	1888129	5	5	4.587155963302752	72		1
plsdb	MPF_G	0.5	357	1888197	5	5	4.587155963302752	89		1
plsdb	MPF_G	0.5	358	1047469	5	5	4.587155963302752	201		1
plsdb	MPF_G	0.5	359	2165586	5	5	4.587155963302752	235		1
plsdb	MPF_G	0.5	360	77550	5	5	4.587155963302752	95		1
plsdb	MPF_G	0.5	361	301883	5	5	4.587155963302752	143		1
plsdb	MPF_G	0.5	362	301885	5	5	4.587155963302752	195		1
plsdb	MPF_G	0.5	363	301886	5	5	4.587155963302752	100		1
plsdb	MPF_G	0.5	364	301902	5	5	4.587155963302752	249		1
plsdb	MPF_G	0.5	365	1190860	5	5	4.587155963302752	135		1
plsdb	MPF_G	0.5	366	1739375	5	5	4.587155963302752	61		1
plsdb	MPF_G	0.5	367	1363880	5	5	4.587155963302752	98		1
plsdb	MPF_G	0.5	368	3000198	5	5	4.587155963302752	80		1
plsdb	MPF_G	0.5	369	3000199	5	5	4.587155963302752	201		1
plsdb	MPF_G	0.5	370	3819164	5	5	4.587155963302752	134		1
plsdb	MPF_G	0.5	371	223452	5	5	4.587155963302752	61		1
plsdb	MPF_G	0.5	372	223456	5	5	4.587155963302752	77		1
plsdb	MPF_G	0.5	373	223483	5	5	4.587155963302752	177		1
plsdb	MPF_G	0.5	374	223486	5	5	4.587155963302752	176		1
plsdb	MPF_G	0.5	375	223495	5	5	4.587155963302752	52		1
plsdb	MPF_G	0.5	376	659731	5	5	4.587155963302752	69		1
plsdb	MPF_G	0.5	377	659733	5	5	4.587155963302752	76		1
plsdb	MPF_G	0.5	378	659756	6	5	4.587155963302752	121		1
plsdb	MPF_G	0.5	379	659757	6	5	4.587155963302752	50		1
plsdb	MPF_G	0.5	380	659758	6	5	4.587155963302752	115		1
plsdb	MPF_G	0.5	381	659759	5	5	4.587155963302752	228		1
plsdb	MPF_G	0.5	382	659760	5	5	4.587155963302752	83		1
plsdb	MPF_G	0.5	383	659762	6	5	4.587155963302752	76		1
plsdb	MPF_G	0.5	384	659764	6	5	4.587155963302752	81		1
plsdb	MPF_G	0.5	385	659769	6	5	4.587155963302752	91		1
plsdb	MPF_G	0.5	386	659771	6	5	4.587155963302752	221		1
plsdb	MPF_G	0.5	387	738511	5	5	4.587155963302752	189		1
plsdb	MPF_G	0.5	388	738512	5	5	4.587155963302752	151		1
plsdb	MPF_G	0.5	389	738518	5	5	4.587155963302752	241		1
plsdb	MPF_G	0.5	390	738520	5	5	4.587155963302752	108		1
plsdb	MPF_G	0.5	391	738522	5	5	4.587155963302752	131		1
plsdb	MPF_G	0.5	392	77936	5	5	4.587155963302752	139		1
plsdb	MPF_G	0.5	393	78229	5	5	4.587155963302752	82		1
plsdb	MPF_G	0.5	394	223502	5	5	4.587155963302752	84		1
plsdb	MPF_G	0.5	395	659535	7	5	4.587155963302752	58		1
plsdb	MPF_G	0.5	396	659543	7	5	4.587155963302752	36		1
plsdb	MPF_G	0.5	397	659553	6	5	4.587155963302752	185		1
plsdb	MPF_G	0.5	398	659570	5	5	4.587155963302752	169		1
plsdb	MPF_G	0.5	399	659574	5	5	4.587155963302752	210		1
plsdb	MPF_G	0.5	400	659575	5	5	4.587155963302752	47		1
plsdb	MPF_G	0.7	1	3405085	28	22	20.18348623853211	186		1
plsdb	MPF_G	0.7	2	301755	25	20	18.34862385321101	115		1
plsdb	MPF_G	0.7	3	989993	22	19	17.431192660550458	116		1
plsdb	MPF_G	0.7	4	301737	22	19	17.431192660550458	144		1
plsdb	MPF_G	0.7	5	80163	49	18	16.513761467889907	234		1
plsdb	MPF_G	0.7	6	126942	19	18	16.513761467889907	160		1
plsdb	MPF_G	0.7	7	301739	19	17	15.596330275229358	91		1
plsdb	MPF_G	0.7	8	301743	19	16	14.678899082568808	78		1
plsdb	MPF_G	0.7	9	659581	18	16	14.678899082568808	121		1
plsdb	MPF_G	0.7	10	141466	16	15	13.761467889908257	142		1
plsdb	MPF_G	0.7	11	1322884	21	15	13.761467889908257	92		1
plsdb	MPF_G	0.7	12	659636	14	14	12.844036697247706	101		1
plsdb	MPF_G	0.7	13	659661	14	14	12.844036697247706	250		1
plsdb	MPF_G	0.7	14	124218	14	14	12.844036697247706	80		1
plsdb	MPF_G	0.7	15	124219	14	14	12.844036697247706	82		1
plsdb	MPF_G	0.7	16	301719	14	14	12.844036697247706	107		1
plsdb	MPF_G	0.7	17	1823748	14	14	12.844036697247706	168		1
plsdb	MPF_G	0.7	18	1823789	14	14	12.844036697247706	77		1
plsdb	MPF_G	0.7	19	301785	14	14	12.844036697247706	213		1
plsdb	MPF_G	0.7	20	301786	14	14	12.844036697247706	183		1
plsdb	MPF_G	0.7	21	301790	14	14	12.844036697247706	123		1
plsdb	MPF_G	0.7	22	301805	14	14	12.844036697247706	114		1
plsdb	MPF_G	0.7	23	301809	14	14	12.844036697247706	248		1
plsdb	MPF_G	0.7	24	301811	14	14	12.844036697247706	71		1
plsdb	MPF_G	0.7	25	301818	14	14	12.844036697247706	133		1
plsdb	MPF_G	0.7	26	301850	14	14	12.844036697247706	105		1
plsdb	MPF_G	0.7	27	659716	13	13	11.926605504587156	201		1
plsdb	MPF_G	0.7	28	3121148	14	13	11.926605504587156	124		1
plsdb	MPF_G	0.7	29	124212	13	13	11.926605504587156	193		1
plsdb	MPF_G	0.7	30	124302	13	13	11.926605504587156	128		1
plsdb	MPF_G	0.7	31	124303	13	13	11.926605504587156	156		1
plsdb	MPF_G	0.7	32	301712	14	13	11.926605504587156	237		1
plsdb	MPF_G	0.7	33	301729	13	13	11.926605504587156	84		1
plsdb	MPF_G	0.7	34	301732	13	13	11.926605504587156	79		1
plsdb	MPF_G	0.7	35	301735	14	13	11.926605504587156	185		1
plsdb	MPF_G	0.7	36	644728	13	13	11.926605504587156	191		1
plsdb	MPF_G	0.7	37	301876	13	13	11.926605504587156	90		1
plsdb	MPF_G	0.7	38	301913	13	13	11.926605504587156	237		1
plsdb	MPF_G	0.7	39	1190770	13	13	11.926605504587156	191		1
plsdb	MPF_G	0.7	40	44147	14	13	11.926605504587156	210		1
plsdb	MPF_G	0.7	41	301784	13	13	11.926605504587156	246		1
plsdb	MPF_G	0.7	42	301787	13	13	11.926605504587156	80		1
plsdb	MPF_G	0.7	43	301821	13	13	11.926605504587156	106		1
plsdb	MPF_G	0.7	44	301857	13	13	11.926605504587156	139		1
plsdb	MPF_G	0.7	45	301862	13	13	11.926605504587156	213		1
plsdb	MPF_G	0.7	46	301864	13	13	11.926605504587156	118		1
plsdb	MPF_G	0.7	47	301865	13	13	11.926605504587156	228		1
plsdb	MPF_G	0.7	48	424509	13	13	11.926605504587156	144		1
plsdb	MPF_G	0.7	49	424568	13	13	11.926605504587156	214		1
plsdb	MPF_G	0.7	50	659725	12	12	11.009174311926605	184		1
plsdb	MPF_G	0.7	51	141465	14	12	11.009174311926605	240		1
plsdb	MPF_G	0.7	52	301713	13	12	11.009174311926605	43		1
plsdb	MPF_G	0.7	53	1323033	21	12	11.009174311926605	87		1
plsdb	MPF_G	0.7	54	2147784	20	12	11.009174311926605	199		1
plsdb	MPF_G	0.7	55	424599	12	12	11.009174311926605	189		1
plsdb	MPF_G	0.7	56	424607	12	12	11.009174311926605	171		1
plsdb	MPF_G	0.7	57	141416	12	12	11.009174311926605	82		1
plsdb	MPF_G	0.7	58	301780	12	12	11.009174311926605	72		1
plsdb	MPF_G	0.7	59	301781	12	12	11.009174311926605	78		1
plsdb	MPF_G	0.7	60	301800	12	12	11.009174311926605	149		1
plsdb	MPF_G	0.7	61	301826	12	12	11.009174311926605	242		1
plsdb	MPF_G	0.7	62	301849	12	12	11.009174311926605	94		1
plsdb	MPF_G	0.7	63	301852	12	12	11.009174311926605	95		1
plsdb	MPF_G	0.7	64	301858	12	12	11.009174311926605	46		1
plsdb	MPF_G	0.7	65	301859	12	12	11.009174311926605	152		1
plsdb	MPF_G	0.7	66	301872	12	12	11.009174311926605	201		1
plsdb	MPF_G	0.7	67	2257985	11	11	10.091743119266056	228		1
plsdb	MPF_G	0.7	68	141498	11	11	10.091743119266056	113		1
plsdb	MPF_G	0.7	69	141500	11	11	10.091743119266056	202		1
plsdb	MPF_G	0.7	70	301730	11	11	10.091743119266056	189		1
plsdb	MPF_G	0.7	71	2028915	11	11	10.091743119266056	91		1
plsdb	MPF_G	0.7	72	301808	11	11	10.091743119266056	249		1
plsdb	MPF_G	0.7	73	301832	11	11	10.091743119266056	162		1
plsdb	MPF_G	0.7	74	301871	11	11	10.091743119266056	131		1
plsdb	MPF_G	0.7	75	141468	11	10	9.174311926605505	117		1
plsdb	MPF_G	0.7	76	124260	10	10	9.174311926605505	222		1
plsdb	MPF_G	0.7	77	124287	10	10	9.174311926605505	107		1
plsdb	MPF_G	0.7	78	301733	10	10	9.174311926605505	79		1
plsdb	MPF_G	0.7	79	301749	10	10	9.174311926605505	194		1
plsdb	MPF_G	0.7	80	552233	10	10	9.174311926605505	191		1
plsdb	MPF_G	0.7	81	37302	14	10	9.174311926605505	135		1
plsdb	MPF_G	0.7	82	1190959	10	10	9.174311926605505	157		1
plsdb	MPF_G	0.7	83	1323107	10	10	9.174311926605505	76		1
plsdb	MPF_G	0.7	84	1323108	10	10	9.174311926605505	138		1
plsdb	MPF_G	0.7	85	141420	10	10	9.174311926605505	184		1
plsdb	MPF_G	0.7	86	301817	10	10	9.174311926605505	115		1
plsdb	MPF_G	0.7	87	301820	10	10	9.174311926605505	87		1
plsdb	MPF_G	0.7	88	659656	9	9	8.256880733944953	128		1
plsdb	MPF_G	0.7	89	1191010	9	9	8.256880733944953	133		1
plsdb	MPF_G	0.7	90	141483	9	9	8.256880733944953	226		1
plsdb	MPF_G	0.7	91	141502	9	9	8.256880733944953	198		1
plsdb	MPF_G	0.7	92	80090	9	9	8.256880733944953	192		1
plsdb	MPF_G	0.7	93	80172	9	9	8.256880733944953	150		1
plsdb	MPF_G	0.7	94	124271	9	9	8.256880733944953	83		1
plsdb	MPF_G	0.7	95	124293	9	9	8.256880733944953	115		1
plsdb	MPF_G	0.7	96	301751	9	9	8.256880733944953	101		1
plsdb	MPF_G	0.7	97	545788	9	9	8.256880733944953	54		1
plsdb	MPF_G	0.7	98	600345	9	9	8.256880733944953	144		1
plsdb	MPF_G	0.7	99	1191000	9	9	8.256880733944953	90		1
plsdb	MPF_G	0.7	100	659602	10	9	8.256880733944953	186		1
plsdb	MPF_G	0.7	101	80089	9	9	8.256880733944953	191		1
plsdb	MPF_G	0.7	102	301819	9	9	8.256880733944953	89		1
plsdb	MPF_G	0.7	103	301867	9	9	8.256880733944953	177		1
plsdb	MPF_G	0.7	104	2706162	8	8	7.339449541284404	194		1
plsdb	MPF_G	0.7	105	3121188	8	8	7.339449541284404	94		1
plsdb	MPF_G	0.7	106	141501	8	8	7.339449541284404	203		1
plsdb	MPF_G	0.7	107	80092	8	8	7.339449541284404	151		1
plsdb	MPF_G	0.7	108	124214	8	8	7.339449541284404	237		1
plsdb	MPF_G	0.7	109	124276	8	8	7.339449541284404	199		1
plsdb	MPF_G	0.7	110	124278	8	8	7.339449541284404	141		1
plsdb	MPF_G	0.7	111	124281	8	8	7.339449541284404	124		1
plsdb	MPF_G	0.7	112	124286	8	8	7.339449541284404	125		1
plsdb	MPF_G	0.7	113	301744	8	8	7.339449541284404	235		1
plsdb	MPF_G	0.7	114	1126850	8	8	7.339449541284404	247		1
plsdb	MPF_G	0.7	115	3350497	8	8	7.339449541284404	161		1
plsdb	MPF_G	0.7	116	37300	10	8	7.339449541284404	170		1
plsdb	MPF_G	0.7	117	1278767	8	8	7.339449541284404	218		1
plsdb	MPF_G	0.7	118	1469748	8	8	7.339449541284404	178		1
plsdb	MPF_G	0.7	119	1487352	8	8	7.339449541284404	66		1
plsdb	MPF_G	0.7	120	44151	8	8	7.339449541284404	166		1
plsdb	MPF_G	0.7	121	1322924	8	8	7.339449541284404	201		1
plsdb	MPF_G	0.7	122	1322925	8	8	7.339449541284404	243		1
plsdb	MPF_G	0.7	123	1322927	8	8	7.339449541284404	130		1
plsdb	MPF_G	0.7	124	1322940	8	8	7.339449541284404	109		1
plsdb	MPF_G	0.7	125	1322941	8	8	7.339449541284404	219		1
plsdb	MPF_G	0.7	126	1322944	8	8	7.339449541284404	247		1
plsdb	MPF_G	0.7	127	1322946	8	8	7.339449541284404	124		1
plsdb	MPF_G	0.7	128	1322947	8	8	7.339449541284404	139		1
plsdb	MPF_G	0.7	129	1323000	8	8	7.339449541284404	134		1
plsdb	MPF_G	0.7	130	1323001	8	8	7.339449541284404	160		1
plsdb	MPF_G	0.7	131	1323002	8	8	7.339449541284404	92		1
plsdb	MPF_G	0.7	132	1323003	8	8	7.339449541284404	178		1
plsdb	MPF_G	0.7	133	1323004	8	8	7.339449541284404	67		1
plsdb	MPF_G	0.7	134	1323005	8	8	7.339449541284404	104		1
plsdb	MPF_G	0.7	135	1323006	8	8	7.339449541284404	160		1
plsdb	MPF_G	0.7	136	1323011	8	8	7.339449541284404	84		1
plsdb	MPF_G	0.7	137	1323013	8	8	7.339449541284404	105		1
plsdb	MPF_G	0.7	138	1323014	8	8	7.339449541284404	107		1
plsdb	MPF_G	0.7	139	1323017	8	8	7.339449541284404	135		1
plsdb	MPF_G	0.7	140	1323018	8	8	7.339449541284404	154		1
plsdb	MPF_G	0.7	141	1323019	8	8	7.339449541284404	80		1
plsdb	MPF_G	0.7	142	659595	8	8	7.339449541284404	126		1
plsdb	MPF_G	0.7	143	659596	8	8	7.339449541284404	108		1
plsdb	MPF_G	0.7	144	1323049	8	8	7.339449541284404	180		1
plsdb	MPF_G	0.7	145	1323050	8	8	7.339449541284404	142		1
plsdb	MPF_G	0.7	146	1323057	9	8	7.339449541284404	118		1
plsdb	MPF_G	0.7	147	1323063	8	8	7.339449541284404	125		1
plsdb	MPF_G	0.7	148	1323067	8	8	7.339449541284404	161		1
plsdb	MPF_G	0.7	149	1323068	8	8	7.339449541284404	88		1
plsdb	MPF_G	0.7	150	1323069	8	8	7.339449541284404	142		1
plsdb	MPF_G	0.7	151	1323074	8	8	7.339449541284404	86		1
plsdb	MPF_G	0.7	152	1323075	8	8	7.339449541284404	156		1
plsdb	MPF_G	0.7	153	1323076	8	8	7.339449541284404	147		1
plsdb	MPF_G	0.7	154	1323093	8	8	7.339449541284404	178		1
plsdb	MPF_G	0.7	155	1323119	18	8	7.339449541284404	167		1
plsdb	MPF_G	0.7	156	1323121	8	8	7.339449541284404	175		1
plsdb	MPF_G	0.7	157	1323122	8	8	7.339449541284404	89		1
plsdb	MPF_G	0.7	158	2554465	8	8	7.339449541284404	111		1
plsdb	MPF_G	0.7	159	3848524	9	8	7.339449541284404	149		1
plsdb	MPF_G	0.7	160	301775	8	8	7.339449541284404	180		1
plsdb	MPF_G	0.7	161	301776	8	8	7.339449541284404	75		1
plsdb	MPF_G	0.7	162	620936	8	8	7.339449541284404	133		1
plsdb	MPF_G	0.7	163	1322875	8	8	7.339449541284404	228		1
plsdb	MPF_G	0.7	164	1322876	8	8	7.339449541284404	238		1
plsdb	MPF_G	0.7	165	659620	7	7	6.422018348623853	90		1
plsdb	MPF_G	0.7	166	3985607	7	7	6.422018348623853	111		1
plsdb	MPF_G	0.7	167	1323140	7	7	6.422018348623853	229		1
plsdb	MPF_G	0.7	168	1739380	7	7	6.422018348623853	196		1
plsdb	MPF_G	0.7	169	37396	7	7	6.422018348623853	136		1
plsdb	MPF_G	0.7	170	37397	7	7	6.422018348623853	79		1
plsdb	MPF_G	0.7	171	141475	7	7	6.422018348623853	226		1
plsdb	MPF_G	0.7	172	141494	7	7	6.422018348623853	208		1
plsdb	MPF_G	0.7	173	141496	7	7	6.422018348623853	85		1
plsdb	MPF_G	0.7	174	124304	7	7	6.422018348623853	191		1
plsdb	MPF_G	0.7	175	301740	7	7	6.422018348623853	140		1
plsdb	MPF_G	0.7	176	301753	7	7	6.422018348623853	67		1
plsdb	MPF_G	0.7	177	545723	7	7	6.422018348623853	172		1
plsdb	MPF_G	0.7	178	545786	7	7	6.422018348623853	103		1
plsdb	MPF_G	0.7	179	1126870	7	7	6.422018348623853	226		1
plsdb	MPF_G	0.7	180	301922	7	7	6.422018348623853	166		1
plsdb	MPF_G	0.7	181	659750	7	7	6.422018348623853	111		1
plsdb	MPF_G	0.7	182	1322921	7	7	6.422018348623853	76		1
plsdb	MPF_G	0.7	183	1322953	7	7	6.422018348623853	122		1
plsdb	MPF_G	0.7	184	1323024	7	7	6.422018348623853	72		1
plsdb	MPF_G	0.7	185	1323025	7	7	6.422018348623853	101		1
plsdb	MPF_G	0.7	186	1323026	7	7	6.422018348623853	213		1
plsdb	MPF_G	0.7	187	1323028	7	7	6.422018348623853	101		1
plsdb	MPF_G	0.7	188	659597	7	7	6.422018348623853	111		1
plsdb	MPF_G	0.7	189	659598	7	7	6.422018348623853	111		1
plsdb	MPF_G	0.7	190	659599	7	7	6.422018348623853	118		1
plsdb	MPF_G	0.7	191	659600	7	7	6.422018348623853	211		1
plsdb	MPF_G	0.7	192	1190858	7	7	6.422018348623853	212		1
plsdb	MPF_G	0.7	193	2070725	7	7	6.422018348623853	81		1
plsdb	MPF_G	0.7	194	1323051	7	7	6.422018348623853	199		1
plsdb	MPF_G	0.7	195	1323056	7	7	6.422018348623853	144		1
plsdb	MPF_G	0.7	196	1323058	7	7	6.422018348623853	77		1
plsdb	MPF_G	0.7	197	1323059	7	7	6.422018348623853	115		1
plsdb	MPF_G	0.7	198	1323060	7	7	6.422018348623853	145		1
plsdb	MPF_G	0.7	199	1323062	7	7	6.422018348623853	98		1
plsdb	MPF_G	0.7	200	1323064	7	7	6.422018348623853	44		1
plsdb	MPF_G	0.7	201	1323072	7	7	6.422018348623853	211		1
plsdb	MPF_G	0.7	202	1323073	7	7	6.422018348623853	169		1
plsdb	MPF_G	0.7	203	1323077	7	7	6.422018348623853	158		1
plsdb	MPF_G	0.7	204	1323078	7	7	6.422018348623853	73		1
plsdb	MPF_G	0.7	205	1323080	7	7	6.422018348623853	113		1
plsdb	MPF_G	0.7	206	1323082	7	7	6.422018348623853	58		1
plsdb	MPF_G	0.7	207	1323084	7	7	6.422018348623853	101		1
plsdb	MPF_G	0.7	208	1323085	7	7	6.422018348623853	74		1
plsdb	MPF_G	0.7	209	1323086	7	7	6.422018348623853	50		1
plsdb	MPF_G	0.7	210	1323092	7	7	6.422018348623853	122		1
plsdb	MPF_G	0.7	211	1323094	7	7	6.422018348623853	38		1
plsdb	MPF_G	0.7	212	1323095	14	7	6.422018348623853	250		1
plsdb	MPF_G	0.7	213	1323096	7	7	6.422018348623853	38		1
plsdb	MPF_G	0.7	214	1323097	7	7	6.422018348623853	234		1
plsdb	MPF_G	0.7	215	1323098	7	7	6.422018348623853	112		1
plsdb	MPF_G	0.7	216	1323099	7	7	6.422018348623853	57		1
plsdb	MPF_G	0.7	217	1323102	7	7	6.422018348623853	142		1
plsdb	MPF_G	0.7	218	1323104	7	7	6.422018348623853	131		1
plsdb	MPF_G	0.7	219	1323105	7	7	6.422018348623853	194		1
plsdb	MPF_G	0.7	220	1323111	7	7	6.422018348623853	211		1
plsdb	MPF_G	0.7	221	1323117	7	7	6.422018348623853	202		1
plsdb	MPF_G	0.7	222	1323120	7	7	6.422018348623853	102		1
plsdb	MPF_G	0.7	223	1323132	7	7	6.422018348623853	236		1
plsdb	MPF_G	0.7	224	1323133	7	7	6.422018348623853	227		1
plsdb	MPF_G	0.7	225	1323134	7	7	6.422018348623853	250		1
plsdb	MPF_G	0.7	226	1323135	7	7	6.422018348623853	248		1
plsdb	MPF_G	0.7	227	237701	7	7	6.422018348623853	99		1
plsdb	MPF_G	0.7	228	552175	7	7	6.422018348623853	144		1
plsdb	MPF_G	0.7	229	301789	7	7	6.422018348623853	80		1
plsdb	MPF_G	0.7	230	301802	8	7	6.422018348623853	131		1
plsdb	MPF_G	0.7	231	301835	7	7	6.422018348623853	84		1
plsdb	MPF_G	0.7	232	1434301	7	7	6.422018348623853	236		1
plsdb	MPF_G	0.7	233	1322868	7	7	6.422018348623853	140		1
plsdb	MPF_G	0.7	234	1322918	7	7	6.422018348623853	36		1
plsdb	MPF_G	0.7	235	1322919	7	7	6.422018348623853	234		1
plsdb	MPF_G	0.7	236	1322920	7	7	6.422018348623853	88		1
plsdb	MPF_G	0.7	237	659631	6	6	5.504587155963303	86		1
plsdb	MPF_G	0.7	238	659641	6	6	5.504587155963303	77		1
plsdb	MPF_G	0.7	239	2165666	6	6	5.504587155963303	99		1
plsdb	MPF_G	0.7	240	141469	6	6	5.504587155963303	152		1
plsdb	MPF_G	0.7	241	141481	6	6	5.504587155963303	126		1
plsdb	MPF_G	0.7	242	141499	6	6	5.504587155963303	114		1
plsdb	MPF_G	0.7	243	124285	6	6	5.504587155963303	76		1
plsdb	MPF_G	0.7	244	295691	6	6	5.504587155963303	117		1
plsdb	MPF_G	0.7	245	301723	6	6	5.504587155963303	60		1
plsdb	MPF_G	0.7	246	301731	6	6	5.504587155963303	97		1
plsdb	MPF_G	0.7	247	600344	7	6	5.504587155963303	77		1
plsdb	MPF_G	0.7	248	644722	6	6	5.504587155963303	115		1
plsdb	MPF_G	0.7	249	1126857	6	6	5.504587155963303	237		1
plsdb	MPF_G	0.7	250	301878	6	6	5.504587155963303	178		1
plsdb	MPF_G	0.7	251	301879	6	6	5.504587155963303	59		1
plsdb	MPF_G	0.7	252	301880	6	6	5.504587155963303	76		1
plsdb	MPF_G	0.7	253	301881	6	6	5.504587155963303	100		1
plsdb	MPF_G	0.7	254	301884	6	6	5.504587155963303	216		1
plsdb	MPF_G	0.7	255	301887	6	6	5.504587155963303	73		1
plsdb	MPF_G	0.7	256	301888	6	6	5.504587155963303	75		1
plsdb	MPF_G	0.7	257	301889	6	6	5.504587155963303	100		1
plsdb	MPF_G	0.7	258	301890	6	6	5.504587155963303	98		1
plsdb	MPF_G	0.7	259	301891	6	6	5.504587155963303	191		1
plsdb	MPF_G	0.7	260	301895	6	6	5.504587155963303	66		1
plsdb	MPF_G	0.7	261	301896	6	6	5.504587155963303	148		1
plsdb	MPF_G	0.7	262	301899	6	6	5.504587155963303	102		1
plsdb	MPF_G	0.7	263	301900	6	6	5.504587155963303	138		1
plsdb	MPF_G	0.7	264	301901	6	6	5.504587155963303	145		1
plsdb	MPF_G	0.7	265	301909	6	6	5.504587155963303	134		1
plsdb	MPF_G	0.7	266	659729	6	6	5.504587155963303	195		1
plsdb	MPF_G	0.7	267	1363936	6	6	5.504587155963303	162		1
plsdb	MPF_G	0.7	268	1487353	6	6	5.504587155963303	191		1
plsdb	MPF_G	0.7	269	2576909	6	6	5.504587155963303	197		1
plsdb	MPF_G	0.7	270	44157	6	6	5.504587155963303	132		1
plsdb	MPF_G	0.7	271	44158	6	6	5.504587155963303	116		1
plsdb	MPF_G	0.7	272	44159	6	6	5.504587155963303	91		1
plsdb	MPF_G	0.7	273	1322923	6	6	5.504587155963303	43		1
plsdb	MPF_G	0.7	274	1322930	6	6	5.504587155963303	215		1
plsdb	MPF_G	0.7	275	1322961	6	6	5.504587155963303	228		1
plsdb	MPF_G	0.7	276	1323034	6	6	5.504587155963303	200		1
plsdb	MPF_G	0.7	277	2884252	6	6	5.504587155963303	242		1
plsdb	MPF_G	0.7	278	2576988	6	6	5.504587155963303	89		1
plsdb	MPF_G	0.7	279	659591	11	6	5.504587155963303	121		1
plsdb	MPF_G	0.7	280	1434146	6	6	5.504587155963303	212		1
plsdb	MPF_G	0.7	281	1434147	6	6	5.504587155963303	213		1
plsdb	MPF_G	0.7	282	1434148	6	6	5.504587155963303	212		1
plsdb	MPF_G	0.7	283	758184	6	6	5.504587155963303	89		1
plsdb	MPF_G	0.7	284	758200	6	6	5.504587155963303	94		1
plsdb	MPF_G	0.7	285	758201	6	6	5.504587155963303	219		1
plsdb	MPF_G	0.7	286	1323035	6	6	5.504587155963303	171		1
plsdb	MPF_G	0.7	287	1323039	6	6	5.504587155963303	113		1
plsdb	MPF_G	0.7	288	1323040	6	6	5.504587155963303	103		1
plsdb	MPF_G	0.7	289	1323041	6	6	5.504587155963303	242		1
plsdb	MPF_G	0.7	290	1323091	6	6	5.504587155963303	95		1
plsdb	MPF_G	0.7	291	2554486	6	6	5.504587155963303	198		1
plsdb	MPF_G	0.7	292	2822373	6	6	5.504587155963303	212		1
plsdb	MPF_G	0.7	293	237367	7	6	5.504587155963303	63		1
plsdb	MPF_G	0.7	294	2031989	6	6	5.504587155963303	62		1
plsdb	MPF_G	0.7	295	552153	6	6	5.504587155963303	215		1
plsdb	MPF_G	0.7	296	644713	6	6	5.504587155963303	78		1
plsdb	MPF_G	0.7	297	301762	13	6	5.504587155963303	125		1
plsdb	MPF_G	0.7	298	301763	13	6	5.504587155963303	91		1
plsdb	MPF_G	0.7	299	301788	6	6	5.504587155963303	86		1
plsdb	MPF_G	0.7	300	301799	6	6	5.504587155963303	64		1
plsdb	MPF_G	0.7	301	659604	5	5	4.587155963302752	83		1
plsdb	MPF_G	0.7	302	659628	5	5	4.587155963302752	43		1
plsdb	MPF_G	0.7	303	659633	5	5	4.587155963302752	92		1
plsdb	MPF_G	0.7	304	659648	5	5	4.587155963302752	73		1
plsdb	MPF_G	0.7	305	659649	5	5	4.587155963302752	105		1
plsdb	MPF_G	0.7	306	659653	5	5	4.587155963302752	70		1
plsdb	MPF_G	0.7	307	659658	5	5	4.587155963302752	49		1
plsdb	MPF_G	0.7	308	659671	5	5	4.587155963302752	165		1
plsdb	MPF_G	0.7	309	659675	5	5	4.587155963302752	47		1
plsdb	MPF_G	0.7	310	659679	5	5	4.587155963302752	47		1
plsdb	MPF_G	0.7	311	659682	5	5	4.587155963302752	115		1
plsdb	MPF_G	0.7	312	659724	5	5	4.587155963302752	64		1
plsdb	MPF_G	0.7	313	989981	5	5	4.587155963302752	142		1
plsdb	MPF_G	0.7	314	989987	5	5	4.587155963302752	158		1
plsdb	MPF_G	0.7	315	2257975	5	5	4.587155963302752	103		1
plsdb	MPF_G	0.7	316	1739375	5	5	4.587155963302752	61		1
plsdb	MPF_G	0.7	317	1888129	5	5	4.587155963302752	72		1
plsdb	MPF_G	0.7	318	1888190	5	5	4.587155963302752	182		1
plsdb	MPF_G	0.7	319	1888197	5	5	4.587155963302752	89		1
plsdb	MPF_G	0.7	320	3000268	5	5	4.587155963302752	246		1
plsdb	MPF_G	0.7	321	141485	5	5	4.587155963302752	116		1
plsdb	MPF_G	0.7	322	223452	5	5	4.587155963302752	61		1
plsdb	MPF_G	0.7	323	223453	5	5	4.587155963302752	175		1
plsdb	MPF_G	0.7	324	223456	5	5	4.587155963302752	77		1
plsdb	MPF_G	0.7	325	295686	5	5	4.587155963302752	116		1
plsdb	MPF_G	0.7	326	295687	5	5	4.587155963302752	143		1
plsdb	MPF_G	0.7	327	295694	5	5	4.587155963302752	146		1
plsdb	MPF_G	0.7	328	295696	5	5	4.587155963302752	65		1
plsdb	MPF_G	0.7	329	295699	5	5	4.587155963302752	149		1
plsdb	MPF_G	0.7	330	545791	5	5	4.587155963302752	76		1
plsdb	MPF_G	0.7	331	3405333	8	5	4.587155963302752	230		1
plsdb	MPF_G	0.7	332	223467	5	5	4.587155963302752	162		1
plsdb	MPF_G	0.7	333	223483	5	5	4.587155963302752	177		1
plsdb	MPF_G	0.7	334	223486	5	5	4.587155963302752	176		1
plsdb	MPF_G	0.7	335	223495	5	5	4.587155963302752	52		1
plsdb	MPF_G	0.7	336	3000127	5	5	4.587155963302752	105		1
plsdb	MPF_G	0.7	337	301883	5	5	4.587155963302752	143		1
plsdb	MPF_G	0.7	338	301885	5	5	4.587155963302752	195		1
plsdb	MPF_G	0.7	339	301886	5	5	4.587155963302752	100		1
plsdb	MPF_G	0.7	340	301902	5	5	4.587155963302752	249		1
plsdb	MPF_G	0.7	341	301905	5	5	4.587155963302752	122		1
plsdb	MPF_G	0.7	342	301911	5	5	4.587155963302752	74		1
plsdb	MPF_G	0.7	343	659731	5	5	4.587155963302752	69		1
plsdb	MPF_G	0.7	344	659733	5	5	4.587155963302752	76		1
plsdb	MPF_G	0.7	345	659756	6	5	4.587155963302752	121		1
plsdb	MPF_G	0.7	346	659757	6	5	4.587155963302752	50		1
plsdb	MPF_G	0.7	347	659758	6	5	4.587155963302752	115		1
plsdb	MPF_G	0.7	348	659759	5	5	4.587155963302752	228		1
plsdb	MPF_G	0.7	349	659760	5	5	4.587155963302752	83		1
plsdb	MPF_G	0.7	350	659762	6	5	4.587155963302752	76		1
plsdb	MPF_G	0.7	351	659764	6	5	4.587155963302752	81		1
plsdb	MPF_G	0.7	352	659769	6	5	4.587155963302752	91		1
plsdb	MPF_G	0.7	353	659771	6	5	4.587155963302752	221		1
plsdb	MPF_G	0.7	354	738512	5	5	4.587155963302752	151		1
plsdb	MPF_G	0.7	355	1888212	5	5	4.587155963302752	245		1
plsdb	MPF_G	0.7	356	44160	5	5	4.587155963302752	70		1
plsdb	MPF_G	0.7	357	1190948	5	5	4.587155963302752	145		1
plsdb	MPF_G	0.7	358	2576962	6	5	4.587155963302752	76		1
plsdb	MPF_G	0.7	359	659535	7	5	4.587155963302752	58		1
plsdb	MPF_G	0.7	360	659543	7	5	4.587155963302752	36		1
plsdb	MPF_G	0.7	361	659553	6	5	4.587155963302752	185		1
plsdb	MPF_G	0.7	362	659570	5	5	4.587155963302752	169		1
plsdb	MPF_G	0.7	363	659572	5	5	4.587155963302752	189		1
plsdb	MPF_G	0.7	364	659574	5	5	4.587155963302752	210		1
plsdb	MPF_G	0.7	365	659575	5	5	4.587155963302752	47		1
plsdb	MPF_G	0.7	366	659588	5	5	4.587155963302752	203		1
plsdb	MPF_G	0.7	367	659589	5	5	4.587155963302752	176		1
plsdb	MPF_G	0.7	368	659592	9	5	4.587155963302752	100		1
plsdb	MPF_G	0.7	369	990056	5	5	4.587155963302752	63		1
plsdb	MPF_G	0.7	370	1190851	5	5	4.587155963302752	204		1
plsdb	MPF_G	0.7	371	1434142	5	5	4.587155963302752	135		1
plsdb	MPF_G	0.7	372	1434150	5	5	4.587155963302752	63		1
plsdb	MPF_G	0.7	373	1434151	5	5	4.587155963302752	152		1
plsdb	MPF_G	0.7	374	758161	5	5	4.587155963302752	145		1
plsdb	MPF_G	0.7	375	2554522	5	5	4.587155963302752	202		1
plsdb	MPF_G	0.7	376	2463986	5	5	4.587155963302752	180		1
plsdb	MPF_G	0.7	377	223514	5	5	4.587155963302752	230		1
plsdb	MPF_G	0.7	378	141433	5	5	4.587155963302752	80		1
plsdb	MPF_G	0.7	379	3848619	5	5	4.587155963302752	180		1
plsdb	MPF_G	0.7	380	301833	5	5	4.587155963302752	143		1
plsdb	MPF_G	0.7	381	301866	5	5	4.587155963302752	41		1
plsdb	MPF_G	0.7	382	424570	5	5	4.587155963302752	105		1
plsdb	MPF_G	0.7	383	738552	5	5	4.587155963302752	205		1
plsdb	MPF_G	0.7	384	738573	5	5	4.587155963302752	150		1
plsdb	MPF_G	0.7	385	738621	5	5	4.587155963302752	132		1
plsdb	MPF_G	0.7	386	758125	5	5	4.587155963302752	233		1
plsdb	MPF_G	0.7	387	758127	5	5	4.587155963302752	72		1
plsdb	MPF_G	0.7	388	2032738	4	4	3.669724770642202	150		1
plsdb	MPF_G	0.7	389	2703619	4	4	3.669724770642202	162		1
plsdb	MPF_G	0.7	390	2703631	4	4	3.669724770642202	211		1
plsdb	MPF_G	0.7	391	659609	6	4	3.669724770642202	115		1
plsdb	MPF_G	0.7	392	659654	4	4	3.669724770642202	66		1
plsdb	MPF_G	0.7	393	659659	4	4	3.669724770642202	78		1
plsdb	MPF_G	0.7	394	659669	4	4	3.669724770642202	51		1
plsdb	MPF_G	0.7	395	989989	4	4	3.669724770642202	110		1
plsdb	MPF_G	0.7	396	2703412	8	4	3.669724770642202	88		1
plsdb	MPF_G	0.7	397	3391575	4	4	3.669724770642202	172		1
plsdb	MPF_G	0.7	398	1323147	4	4	3.669724770642202	88		1
plsdb	MPF_G	0.7	399	2165642	4	4	3.669724770642202	120		1
plsdb	MPF_G	0.7	400	79721	4	4	3.669724770642202	130		1
plsdb	MPF_B	0.5	1	95594	52	52	35.13513513513514	149		1
plsdb	MPF_B	0.5	2	95595	52	52	35.13513513513514	159		1
plsdb	MPF_B	0.5	3	1691801	49	46	31.08108108108108	197		1
plsdb	MPF_B	0.5	4	95647	39	34	22.972972972972972	117		1
plsdb	MPF_B	0.5	5	2367332	36	34	22.972972972972972	73		1
plsdb	MPF_B	0.5	6	2367345	36	34	22.972972972972972	61		1
plsdb	MPF_B	0.5	7	238542	34	33	22.2972972972973	218		1
plsdb	MPF_B	0.5	8	238548	33	33	22.2972972972973	167		1
plsdb	MPF_B	0.5	9	238571	34	33	22.2972972972973	70		1
plsdb	MPF_B	0.5	10	95603	34	33	22.2972972972973	136		1
plsdb	MPF_B	0.5	11	95661	33	33	22.2972972972973	213		1
plsdb	MPF_B	0.5	12	1201997	34	33	22.2972972972973	232		1
plsdb	MPF_B	0.5	13	2367326	33	33	22.2972972972973	70		1
plsdb	MPF_B	0.5	14	238562	32	32	21.62162162162162	92		1
plsdb	MPF_B	0.5	15	309159	32	32	21.62162162162162	128		1
plsdb	MPF_B	0.5	16	1202257	33	32	21.62162162162162	109		1
plsdb	MPF_B	0.5	17	95633	33	32	21.62162162162162	207		1
plsdb	MPF_B	0.5	18	95662	32	32	21.62162162162162	219		1
plsdb	MPF_B	0.5	19	185174	31	31	20.945945945945947	144		1
plsdb	MPF_B	0.5	20	224221	31	31	20.945945945945947	160		1
plsdb	MPF_B	0.5	21	238541	32	31	20.945945945945947	224		1
plsdb	MPF_B	0.5	22	95649	31	31	20.945945945945947	235		1
plsdb	MPF_B	0.5	23	95653	31	31	20.945945945945947	239		1
plsdb	MPF_B	0.5	24	3317068	31	31	20.945945945945947	90		1
plsdb	MPF_B	0.5	25	558797	32	31	20.945945945945947	161		1
plsdb	MPF_B	0.5	26	224194	30	30	20.27027027027027	86		1
plsdb	MPF_B	0.5	27	2268767	30	30	20.27027027027027	72		1
plsdb	MPF_B	0.5	28	95644	30	30	20.27027027027027	147		1
plsdb	MPF_B	0.5	29	95666	31	30	20.27027027027027	143		1
plsdb	MPF_B	0.5	30	1201939	29	29	19.594594594594593	113		1
plsdb	MPF_B	0.5	31	95601	39	29	19.594594594594593	132		1
plsdb	MPF_B	0.5	32	95643	29	29	19.594594594594593	74		1
plsdb	MPF_B	0.5	33	95679	29	29	19.594594594594593	83		1
plsdb	MPF_B	0.5	34	1821255	30	29	19.594594594594593	105		1
plsdb	MPF_B	0.5	35	95607	28	28	18.91891891891892	139		1
plsdb	MPF_B	0.5	36	95622	29	28	18.91891891891892	114		1
plsdb	MPF_B	0.5	37	95674	29	28	18.91891891891892	113		1
plsdb	MPF_B	0.5	38	606931	28	28	18.91891891891892	94		1
plsdb	MPF_B	0.5	39	2628430	28	28	18.91891891891892	61		1
plsdb	MPF_B	0.5	40	435028	28	28	18.91891891891892	114		1
plsdb	MPF_B	0.5	41	95503	27	27	18.243243243243242	128		1
plsdb	MPF_B	0.5	42	1201945	27	27	18.243243243243242	188		1
plsdb	MPF_B	0.5	43	95570	27	27	18.243243243243242	208		1
plsdb	MPF_B	0.5	44	95573	28	27	18.243243243243242	198		1
plsdb	MPF_B	0.5	45	95574	27	27	18.243243243243242	109		1
plsdb	MPF_B	0.5	46	95621	27	27	18.243243243243242	103		1
plsdb	MPF_B	0.5	47	95660	28	27	18.243243243243242	89		1
plsdb	MPF_B	0.5	48	3322954	27	27	18.243243243243242	160		1
plsdb	MPF_B	0.5	49	558867	27	27	18.243243243243242	63		1
plsdb	MPF_B	0.5	50	95571	27	26	17.56756756756757	136		1
plsdb	MPF_B	0.5	51	2628468	27	26	17.56756756756757	132		1
plsdb	MPF_B	0.5	52	558823	26	26	17.56756756756757	90		1
plsdb	MPF_B	0.5	53	558858	26	26	17.56756756756757	204		1
plsdb	MPF_B	0.5	54	95584	25	25	16.89189189189189	159		1
plsdb	MPF_B	0.5	55	95626	25	25	16.89189189189189	197		1
plsdb	MPF_B	0.5	56	2367304	25	25	16.89189189189189	108		1
plsdb	MPF_B	0.5	57	95506	25	24	16.216216216216218	51		1
plsdb	MPF_B	0.5	58	95534	25	24	16.216216216216218	103		1
plsdb	MPF_B	0.5	59	95535	25	24	16.216216216216218	78		1
plsdb	MPF_B	0.5	60	95537	25	24	16.216216216216218	145		1
plsdb	MPF_B	0.5	61	95545	24	24	16.216216216216218	116		1
plsdb	MPF_B	0.5	62	1763193	24	24	16.216216216216218	212		1
plsdb	MPF_B	0.5	63	95572	24	24	16.216216216216218	132		1
plsdb	MPF_B	0.5	64	95576	24	24	16.216216216216218	82		1
plsdb	MPF_B	0.5	65	95581	24	24	16.216216216216218	125		1
plsdb	MPF_B	0.5	66	95583	24	24	16.216216216216218	84		1
plsdb	MPF_B	0.5	67	95585	24	24	16.216216216216218	87		1
plsdb	MPF_B	0.5	68	95598	25	24	16.216216216216218	112		1
plsdb	MPF_B	0.5	69	95600	24	24	16.216216216216218	53		1
plsdb	MPF_B	0.5	70	3322944	24	24	16.216216216216218	85		1
plsdb	MPF_B	0.5	71	2367370	24	24	16.216216216216218	241		1
plsdb	MPF_B	0.5	72	95536	24	23	15.54054054054054	82		1
plsdb	MPF_B	0.5	73	95540	24	23	15.54054054054054	106		1
plsdb	MPF_B	0.5	74	95554	23	23	15.54054054054054	109		1
plsdb	MPF_B	0.5	75	95567	23	23	15.54054054054054	138		1
plsdb	MPF_B	0.5	76	95568	23	23	15.54054054054054	133		1
plsdb	MPF_B	0.5	77	95575	23	23	15.54054054054054	220		1
plsdb	MPF_B	0.5	78	95577	23	23	15.54054054054054	106		1
plsdb	MPF_B	0.5	79	95587	23	23	15.54054054054054	107		1
plsdb	MPF_B	0.5	80	95592	23	23	15.54054054054054	45		1
plsdb	MPF_B	0.5	81	95593	23	23	15.54054054054054	50		1
plsdb	MPF_B	0.5	82	95556	22	22	14.864864864864865	41		1
plsdb	MPF_B	0.5	83	95558	22	22	14.864864864864865	50		1
plsdb	MPF_B	0.5	84	95559	22	22	14.864864864864865	159		1
plsdb	MPF_B	0.5	85	95561	22	22	14.864864864864865	211		1
plsdb	MPF_B	0.5	86	95566	22	22	14.864864864864865	130		1
plsdb	MPF_B	0.5	87	95588	22	22	14.864864864864865	117		1
plsdb	MPF_B	0.5	88	95508	21	21	14.18918918918919	215		1
plsdb	MPF_B	0.5	89	95538	22	21	14.18918918918919	169		1
plsdb	MPF_B	0.5	90	461240	21	21	14.18918918918919	74		1
plsdb	MPF_B	0.5	91	95564	21	21	14.18918918918919	201		1
plsdb	MPF_B	0.5	92	245340	22	21	14.18918918918919	238		1
plsdb	MPF_B	0.5	93	95507	20	20	13.513513513513514	74		1
plsdb	MPF_B	0.5	94	95509	20	19	12.837837837837839	35		1
plsdb	MPF_B	0.5	95	95513	19	19	12.837837837837839	192		1
plsdb	MPF_B	0.5	96	95521	20	19	12.837837837837839	155		1
plsdb	MPF_B	0.5	97	95522	17	17	11.486486486486486	147		1
plsdb	MPF_B	0.5	98	95529	18	17	11.486486486486486	192		1
plsdb	MPF_B	0.5	99	95530	18	17	11.486486486486486	31		1
plsdb	MPF_B	0.5	100	95596	17	17	11.486486486486486	56		1
plsdb	MPF_B	0.5	101	95597	17	17	11.486486486486486	52		1
plsdb	MPF_B	0.5	102	3045904	19	16	10.81081081081081	227		1
plsdb	MPF_B	0.5	103	3990593	16	16	10.81081081081081	116		1
plsdb	MPF_B	0.5	104	309179	16	16	10.81081081081081	129		1
plsdb	MPF_B	0.5	105	3028543	17	16	10.81081081081081	111		1
plsdb	MPF_B	0.5	106	309177	15	15	10.135135135135135	63		1
plsdb	MPF_B	0.5	107	309180	16	15	10.135135135135135	71		1
plsdb	MPF_B	0.5	108	95548	15	15	10.135135135135135	49		1
plsdb	MPF_B	0.5	109	309182	14	14	9.45945945945946	186		1
plsdb	MPF_B	0.5	110	1370843	14	13	8.783783783783784	70		1
plsdb	MPF_B	0.5	111	95635	13	13	8.783783783783784	240		1
plsdb	MPF_B	0.5	112	95640	13	13	8.783783783783784	142		1
plsdb	MPF_B	0.5	113	309178	12	12	8.108108108108109	59		1
plsdb	MPF_B	0.5	114	3698346	12	12	8.108108108108109	226		1
plsdb	MPF_B	0.5	115	309176	11	11	7.4324324324324325	68		1
plsdb	MPF_B	0.5	116	1217066	11	11	7.4324324324324325	120		1
plsdb	MPF_B	0.5	117	1217252	11	11	7.4324324324324325	204		1
plsdb	MPF_B	0.5	118	3671345	11	11	7.4324324324324325	157		1
plsdb	MPF_B	0.5	119	1465768	11	10	6.756756756756757	155		1
plsdb	MPF_B	0.5	120	2198473	10	10	6.756756756756757	164		1
plsdb	MPF_B	0.5	121	3751077	11	10	6.756756756756757	180		1
plsdb	MPF_B	0.5	122	95678	10	10	6.756756756756757	139		1
plsdb	MPF_B	0.5	123	1207517	10	10	6.756756756756757	97		1
plsdb	MPF_B	0.5	124	3671336	10	10	6.756756756756757	206		1
plsdb	MPF_B	0.5	125	1159676	10	10	6.756756756756757	96		1
plsdb	MPF_B	0.5	126	1715003	10	10	6.756756756756757	243		1
plsdb	MPF_B	0.5	127	196392	10	10	6.756756756756757	154		1
plsdb	MPF_B	0.5	128	196396	10	10	6.756756756756757	143		1
plsdb	MPF_B	0.5	129	196405	10	10	6.756756756756757	125		1
plsdb	MPF_B	0.5	130	1159757	9	9	6.081081081081081	107		1
plsdb	MPF_B	0.5	131	3698411	9	9	6.081081081081081	109		1
plsdb	MPF_B	0.5	132	1714965	9	9	6.081081081081081	81		1
plsdb	MPF_B	0.5	133	817823	9	9	6.081081081081081	125		1
plsdb	MPF_B	0.5	134	196452	8	8	5.405405405405405	118		1
plsdb	MPF_B	0.5	135	3028542	8	8	5.405405405405405	210		1
plsdb	MPF_B	0.5	136	1632647	8	8	5.405405405405405	211		1
plsdb	MPF_B	0.5	137	3738837	8	8	5.405405405405405	168		1
plsdb	MPF_B	0.5	138	2198488	7	7	4.72972972972973	204		1
plsdb	MPF_B	0.5	139	232288	7	7	4.72972972972973	140		1
plsdb	MPF_B	0.5	140	3671392	7	7	4.72972972972973	209		1
plsdb	MPF_B	0.5	141	738309	8	7	4.72972972972973	56		1
plsdb	MPF_B	0.5	142	3698431	7	7	4.72972972972973	103		1
plsdb	MPF_B	0.5	143	3833579	7	7	4.72972972972973	121		1
plsdb	MPF_B	0.5	144	558878	7	7	4.72972972972973	97		1
plsdb	MPF_B	0.5	145	196440	8	7	4.72972972972973	127		1
plsdb	MPF_B	0.5	146	141228	7	6	4.054054054054054	95		1
plsdb	MPF_B	0.5	147	196475	6	6	4.054054054054054	108		1
plsdb	MPF_B	0.5	148	2531483	6	6	4.054054054054054	226		1
plsdb	MPF_B	0.5	149	3751074	6	6	4.054054054054054	43		1
plsdb	MPF_B	0.5	150	232276	6	6	4.054054054054054	206		1
plsdb	MPF_B	0.5	151	738331	6	6	4.054054054054054	139		1
plsdb	MPF_B	0.5	152	2198174	7	6	4.054054054054054	106		1
plsdb	MPF_B	0.5	153	2531463	9	6	4.054054054054054	204		1
plsdb	MPF_B	0.5	154	533316	6	6	4.054054054054054	95		1
plsdb	MPF_B	0.5	155	3698450	6	6	4.054054054054054	209		1
plsdb	MPF_B	0.5	156	3671486	6	6	4.054054054054054	111		1
plsdb	MPF_B	0.5	157	95682	6	6	4.054054054054054	109		1
plsdb	MPF_B	0.5	158	461183	6	6	4.054054054054054	146		1
plsdb	MPF_B	0.5	159	1714979	6	6	4.054054054054054	92		1
plsdb	MPF_B	0.5	160	1783938	5	5	3.3783783783783785	157		1
plsdb	MPF_B	0.5	161	2531484	5	5	3.3783783783783785	120		1
plsdb	MPF_B	0.5	162	3599677	5	5	3.3783783783783785	88		1
plsdb	MPF_B	0.5	163	3246308	6	5	3.3783783783783785	43		1
plsdb	MPF_B	0.5	164	738305	5	5	3.3783783783783785	139		1
plsdb	MPF_B	0.5	165	2198155	5	5	3.3783783783783785	62		1
plsdb	MPF_B	0.5	166	2531445	5	5	3.3783783783783785	214		1
plsdb	MPF_B	0.5	167	3964724	5	5	3.3783783783783785	108		1
plsdb	MPF_B	0.5	168	3751088	5	5	3.3783783783783785	85		1
plsdb	MPF_B	0.5	169	3751093	5	5	3.3783783783783785	150		1
plsdb	MPF_B	0.5	170	1202046	5	5	3.3783783783783785	124		1
plsdb	MPF_B	0.5	171	1217091	5	5	3.3783783783783785	225		1
plsdb	MPF_B	0.5	172	95680	5	5	3.3783783783783785	65		1
plsdb	MPF_B	0.5	173	95681	5	5	3.3783783783783785	115		1
plsdb	MPF_B	0.5	174	3246439	5	5	3.3783783783783785	112		1
plsdb	MPF_B	0.5	175	245449	5	5	3.3783783783783785	142		1
plsdb	MPF_B	0.5	176	893698	5	5	3.3783783783783785	195		1
plsdb	MPF_B	0.5	177	893754	5	5	3.3783783783783785	246		1
plsdb	MPF_B	0.5	178	196397	5	5	3.3783783783783785	60		1
plsdb	MPF_B	0.5	179	196458	4	4	2.7027027027027026	220		1
plsdb	MPF_B	0.5	180	196463	4	4	2.7027027027027026	151		1
plsdb	MPF_B	0.5	181	196473	4	4	2.7027027027027026	100		1
plsdb	MPF_B	0.5	182	817777	4	4	2.7027027027027026	154		1
plsdb	MPF_B	0.5	183	817797	4	4	2.7027027027027026	119		1
plsdb	MPF_B	0.5	184	1265306	4	4	2.7027027027027026	112		1
plsdb	MPF_B	0.5	185	1265307	4	4	2.7027027027027026	72		1
plsdb	MPF_B	0.5	186	1265309	4	4	2.7027027027027026	102		1
plsdb	MPF_B	0.5	187	2198420	4	4	2.7027027027027026	62		1
plsdb	MPF_B	0.5	188	2198485	4	4	2.7027027027027026	108		1
plsdb	MPF_B	0.5	189	3028483	4	4	2.7027027027027026	167		1
plsdb	MPF_B	0.5	190	3750989	4	4	2.7027027027027026	164		1
plsdb	MPF_B	0.5	191	95511	4	4	2.7027027027027026	163		1
plsdb	MPF_B	0.5	192	3599757	4	4	2.7027027027027026	87		1
plsdb	MPF_B	0.5	193	3671439	5	4	2.7027027027027026	137		1
plsdb	MPF_B	0.5	194	606987	4	4	2.7027027027027026	164		1
plsdb	MPF_B	0.5	195	2531450	4	4	2.7027027027027026	172		1
plsdb	MPF_B	0.5	196	1366385	4	4	2.7027027027027026	236		1
plsdb	MPF_B	0.5	197	533323	4	4	2.7027027027027026	164		1
plsdb	MPF_B	0.5	198	584652	4	4	2.7027027027027026	125		1
plsdb	MPF_B	0.5	199	3792776	4	4	2.7027027027027026	88		1
plsdb	MPF_B	0.5	200	3792826	4	4	2.7027027027027026	103		1
plsdb	MPF_B	0.5	201	3792829	4	4	2.7027027027027026	216		1
plsdb	MPF_B	0.5	202	3792837	4	4	2.7027027027027026	156		1
plsdb	MPF_B	0.5	203	1201991	4	4	2.7027027027027026	155		1
plsdb	MPF_B	0.5	204	3671475	6	4	2.7027027027027026	99		1
plsdb	MPF_B	0.5	205	2367318	4	4	2.7027027027027026	102		1
plsdb	MPF_B	0.5	206	3246426	4	4	2.7027027027027026	90		1
plsdb	MPF_B	0.5	207	3246427	4	4	2.7027027027027026	130		1
plsdb	MPF_B	0.5	208	3833587	4	4	2.7027027027027026	191		1
plsdb	MPF_B	0.5	209	3833623	4	4	2.7027027027027026	103		1
plsdb	MPF_B	0.5	210	2226358	4	4	2.7027027027027026	65		1
plsdb	MPF_B	0.5	211	2632887	4	4	2.7027027027027026	222		1
plsdb	MPF_B	0.5	212	2632892	4	4	2.7027027027027026	126		1
plsdb	MPF_B	0.5	213	2632894	4	4	2.7027027027027026	216		1
plsdb	MPF_B	0.5	214	2632896	4	4	2.7027027027027026	132		1
plsdb	MPF_B	0.5	215	2632900	4	4	2.7027027027027026	247		1
plsdb	MPF_B	0.5	216	2669958	4	4	2.7027027027027026	87		1
plsdb	MPF_B	0.5	217	2669960	4	4	2.7027027027027026	137		1
plsdb	MPF_B	0.5	218	2669979	4	4	2.7027027027027026	148		1
plsdb	MPF_B	0.5	219	430035	4	4	2.7027027027027026	110		1
plsdb	MPF_B	0.5	220	558778	5	4	2.7027027027027026	199		1
plsdb	MPF_B	0.5	221	996487	4	4	2.7027027027027026	249		1
plsdb	MPF_B	0.5	222	1481058	4	4	2.7027027027027026	73		1
plsdb	MPF_B	0.5	223	196390	4	4	2.7027027027027026	103		1
plsdb	MPF_B	0.5	224	882311	4	4	2.7027027027027026	82		1
plsdb	MPF_B	0.5	225	1416522	3	3	2.027027027027027	218		1
plsdb	MPF_B	0.5	226	2531591	3	3	2.027027027027027	97		1
plsdb	MPF_B	0.5	227	3045928	3	3	2.027027027027027	111		1
plsdb	MPF_B	0.5	228	3533589	3	3	2.027027027027027	118		1
plsdb	MPF_B	0.5	229	3533590	3	3	2.027027027027027	137		1
plsdb	MPF_B	0.5	230	3533591	3	3	2.027027027027027	129		1
plsdb	MPF_B	0.5	231	3533592	3	3	2.027027027027027	237		1
plsdb	MPF_B	0.5	232	3533593	3	3	2.027027027027027	67		1
plsdb	MPF_B	0.5	233	3533602	3	3	2.027027027027027	183		1
plsdb	MPF_B	0.5	234	3533603	3	3	2.027027027027027	225		1
plsdb	MPF_B	0.5	235	3533619	3	3	2.027027027027027	137		1
plsdb	MPF_B	0.5	236	3533620	3	3	2.027027027027027	98		1
plsdb	MPF_B	0.5	237	3533621	3	3	2.027027027027027	126		1
plsdb	MPF_B	0.5	238	3974611	3	3	2.027027027027027	195		1
plsdb	MPF_B	0.5	239	141241	3	3	2.027027027027027	50		1
plsdb	MPF_B	0.5	240	196466	3	3	2.027027027027027	183		1
plsdb	MPF_B	0.5	241	232375	4	3	2.027027027027027	228		1
plsdb	MPF_B	0.5	242	765139	3	3	2.027027027027027	172		1
plsdb	MPF_B	0.5	243	1691755	3	3	2.027027027027027	147		1
plsdb	MPF_B	0.5	244	1691776	3	3	2.027027027027027	93		1
plsdb	MPF_B	0.5	245	2198472	3	3	2.027027027027027	147		1
plsdb	MPF_B	0.5	246	2531567	3	3	2.027027027027027	149		1
plsdb	MPF_B	0.5	247	3021155	3	3	2.027027027027027	153		1
plsdb	MPF_B	0.5	248	3028512	3	3	2.027027027027027	141		1
plsdb	MPF_B	0.5	249	3409130	3	3	2.027027027027027	102		1
plsdb	MPF_B	0.5	250	3409133	3	3	2.027027027027027	85		1
plsdb	MPF_B	0.5	251	3751003	3	3	2.027027027027027	45		1
plsdb	MPF_B	0.5	252	3751034	3	3	2.027027027027027	234		1
plsdb	MPF_B	0.5	253	3751049	3	3	2.027027027027027	181		1
plsdb	MPF_B	0.5	254	3967362	3	3	2.027027027027027	136		1
plsdb	MPF_B	0.5	255	95531	3	3	2.027027027027027	161		1
plsdb	MPF_B	0.5	256	95541	3	3	2.027027027027027	138		1
plsdb	MPF_B	0.5	257	2722558	3	3	2.027027027027027	147		1
plsdb	MPF_B	0.5	258	2722560	3	3	2.027027027027027	84		1
plsdb	MPF_B	0.5	259	2722561	3	3	2.027027027027027	132		1
plsdb	MPF_B	0.5	260	2722563	3	3	2.027027027027027	203		1
plsdb	MPF_B	0.5	261	2722564	3	3	2.027027027027027	135		1
plsdb	MPF_B	0.5	262	2722565	3	3	2.027027027027027	201		1
plsdb	MPF_B	0.5	263	2722566	3	3	2.027027027027027	105		1
plsdb	MPF_B	0.5	264	2722569	3	3	2.027027027027027	153		1
plsdb	MPF_B	0.5	265	2722571	3	3	2.027027027027027	233		1
plsdb	MPF_B	0.5	266	2722572	3	3	2.027027027027027	219		1
plsdb	MPF_B	0.5	267	2722573	3	3	2.027027027027027	217		1
plsdb	MPF_B	0.5	268	2722574	3	3	2.027027027027027	218		1
plsdb	MPF_B	0.5	269	2722575	3	3	2.027027027027027	217		1
plsdb	MPF_B	0.5	270	2722578	3	3	2.027027027027027	173		1
plsdb	MPF_B	0.5	271	2722581	3	3	2.027027027027027	115		1
plsdb	MPF_B	0.5	272	2722589	3	3	2.027027027027027	87		1
plsdb	MPF_B	0.5	273	2722593	3	3	2.027027027027027	89		1
plsdb	MPF_B	0.5	274	3908577	3	3	2.027027027027027	170		1
plsdb	MPF_B	0.5	275	3908582	3	3	2.027027027027027	124		1
plsdb	MPF_B	0.5	276	3908589	3	3	2.027027027027027	241		1
plsdb	MPF_B	0.5	277	2263705	3	3	2.027027027027027	120		1
plsdb	MPF_B	0.5	278	2610493	3	3	2.027027027027027	180		1
plsdb	MPF_B	0.5	279	3246296	3	3	2.027027027027027	244		1
plsdb	MPF_B	0.5	280	3671406	3	3	2.027027027027027	113		1
plsdb	MPF_B	0.5	281	3671434	3	3	2.027027027027027	224		1
plsdb	MPF_B	0.5	282	3883311	3	3	2.027027027027027	162		1
plsdb	MPF_B	0.5	283	3883313	3	3	2.027027027027027	131		1
plsdb	MPF_B	0.5	284	606601	6	3	2.027027027027027	155		1
plsdb	MPF_B	0.5	285	606622	3	3	2.027027027027027	85		1
plsdb	MPF_B	0.5	286	607079	3	3	2.027027027027027	73		1
plsdb	MPF_B	0.5	287	1202288	3	3	2.027027027027027	101		1
plsdb	MPF_B	0.5	288	1370849	3	3	2.027027027027027	213		1
plsdb	MPF_B	0.5	289	1201957	3	3	2.027027027027027	108		1
plsdb	MPF_B	0.5	290	2198141	3	3	2.027027027027027	200		1
plsdb	MPF_B	0.5	291	2531427	3	3	2.027027027027027	208		1
plsdb	MPF_B	0.5	292	2531442	3	3	2.027027027027027	196		1
plsdb	MPF_B	0.5	293	2531457	3	3	2.027027027027027	76		1
plsdb	MPF_B	0.5	294	1027501	3	3	2.027027027027027	218		1
plsdb	MPF_B	0.5	295	1027549	4	3	2.027027027027027	145		1
plsdb	MPF_B	0.5	296	1366442	3	3	2.027027027027027	115		1
plsdb	MPF_B	0.5	297	2263754	3	3	2.027027027027027	157		1
plsdb	MPF_B	0.5	298	2268734	3	3	2.027027027027027	176		1
plsdb	MPF_B	0.5	299	2268745	4	3	2.027027027027027	114		1
plsdb	MPF_B	0.5	300	3738889	3	3	2.027027027027027	221		1
plsdb	MPF_B	0.5	301	3698440	3	3	2.027027027027027	226		1
plsdb	MPF_B	0.5	302	3698448	3	3	2.027027027027027	143		1
plsdb	MPF_B	0.5	303	3738839	3	3	2.027027027027027	76		1
plsdb	MPF_B	0.5	304	3738840	3	3	2.027027027027027	84		1
plsdb	MPF_B	0.5	305	3738843	3	3	2.027027027027027	143		1
plsdb	MPF_B	0.5	306	3738864	3	3	2.027027027027027	227		1
plsdb	MPF_B	0.5	307	3738872	3	3	2.027027027027027	54		1
plsdb	MPF_B	0.5	308	3792774	3	3	2.027027027027027	73		1
plsdb	MPF_B	0.5	309	3792779	3	3	2.027027027027027	79		1
plsdb	MPF_B	0.5	310	3792782	3	3	2.027027027027027	193		1
plsdb	MPF_B	0.5	311	3792844	3	3	2.027027027027027	232		1
plsdb	MPF_B	0.5	312	3792847	3	3	2.027027027027027	157		1
plsdb	MPF_B	0.5	313	1388955	3	3	2.027027027027027	120		1
plsdb	MPF_B	0.5	314	1549627	4	3	2.027027027027027	147		1
plsdb	MPF_B	0.5	315	1549628	4	3	2.027027027027027	101		1
plsdb	MPF_B	0.5	316	2326412	5	3	2.027027027027027	132		1
plsdb	MPF_B	0.5	317	2326441	3	3	2.027027027027027	152		1
plsdb	MPF_B	0.5	318	2862798	3	3	2.027027027027027	133		1
plsdb	MPF_B	0.5	319	2862810	3	3	2.027027027027027	77		1
plsdb	MPF_B	0.5	320	3322881	3	3	2.027027027027027	187		1
plsdb	MPF_B	0.5	321	3322883	4	3	2.027027027027027	154		1
plsdb	MPF_B	0.5	322	3322884	3	3	2.027027027027027	202		1
plsdb	MPF_B	0.5	323	644319	3	3	2.027027027027027	133		1
plsdb	MPF_B	0.5	324	1098548	3	3	2.027027027027027	223		1
plsdb	MPF_B	0.5	325	1217070	3	3	2.027027027027027	72		1
plsdb	MPF_B	0.5	326	606559	7	3	2.027027027027027	139		1
plsdb	MPF_B	0.5	327	1027440	3	3	2.027027027027027	207		1
plsdb	MPF_B	0.5	328	1027449	3	3	2.027027027027027	177		1
plsdb	MPF_B	0.5	329	1027451	3	3	2.027027027027027	72		1
plsdb	MPF_B	0.5	330	1027453	3	3	2.027027027027027	106		1
plsdb	MPF_B	0.5	331	1217177	3	3	2.027027027027027	119		1
plsdb	MPF_B	0.5	332	1217188	3	3	2.027027027027027	160		1
plsdb	MPF_B	0.5	333	1217189	3	3	2.027027027027027	242		1
plsdb	MPF_B	0.5	334	2137311	3	3	2.027027027027027	67		1
plsdb	MPF_B	0.5	335	3322939	4	3	2.027027027027027	182		1
plsdb	MPF_B	0.5	336	3322943	3	3	2.027027027027027	94		1
plsdb	MPF_B	0.5	337	3671489	3	3	2.027027027027027	200		1
plsdb	MPF_B	0.5	338	3698322	3	3	2.027027027027027	220		1
plsdb	MPF_B	0.5	339	3698339	3	3	2.027027027027027	141		1
plsdb	MPF_B	0.5	340	1363334	3	3	2.027027027027027	210		1
plsdb	MPF_B	0.5	341	3246419	3	3	2.027027027027027	82		1
plsdb	MPF_B	0.5	342	3671326	3	3	2.027027027027027	122		1
plsdb	MPF_B	0.5	343	2198505	3	3	2.027027027027027	91		1
plsdb	MPF_B	0.5	344	2198527	3	3	2.027027027027027	113		1
plsdb	MPF_B	0.5	345	2198528	3	3	2.027027027027027	186		1
plsdb	MPF_B	0.5	346	2215549	3	3	2.027027027027027	56		1
plsdb	MPF_B	0.5	347	2632863	3	3	2.027027027027027	119		1
plsdb	MPF_B	0.5	348	2632864	3	3	2.027027027027027	105		1
plsdb	MPF_B	0.5	349	2632874	3	3	2.027027027027027	58		1
plsdb	MPF_B	0.5	350	3533690	3	3	2.027027027027027	163		1
plsdb	MPF_B	0.5	351	3883322	3	3	2.027027027027027	162		1
plsdb	MPF_B	0.5	352	3883325	3	3	2.027027027027027	85		1
plsdb	MPF_B	0.5	353	1217092	3	3	2.027027027027027	66		1
plsdb	MPF_B	0.5	354	1217102	3	3	2.027027027027027	147		1
plsdb	MPF_B	0.5	355	1217122	3	3	2.027027027027027	104		1
plsdb	MPF_B	0.5	356	1607947	3	3	2.027027027027027	160		1
plsdb	MPF_B	0.5	357	1821261	3	3	2.027027027027027	197		1
plsdb	MPF_B	0.5	358	430069	3	3	2.027027027027027	186		1
plsdb	MPF_B	0.5	359	461199	3	3	2.027027027027027	174		1
plsdb	MPF_B	0.5	360	558755	4	3	2.027027027027027	163		1
plsdb	MPF_B	0.5	361	558756	4	3	2.027027027027027	90		1
plsdb	MPF_B	0.5	362	558757	4	3	2.027027027027027	100		1
plsdb	MPF_B	0.5	363	558762	4	3	2.027027027027027	195		1
plsdb	MPF_B	0.5	364	558763	4	3	2.027027027027027	74		1
plsdb	MPF_B	0.5	365	558764	4	3	2.027027027027027	162		1
plsdb	MPF_B	0.5	366	558768	4	3	2.027027027027027	79		1
plsdb	MPF_B	0.5	367	558771	4	3	2.027027027027027	66		1
plsdb	MPF_B	0.5	368	558772	4	3	2.027027027027027	78		1
plsdb	MPF_B	0.5	369	558777	4	3	2.027027027027027	249		1
plsdb	MPF_B	0.5	370	558781	4	3	2.027027027027027	136		1
plsdb	MPF_B	0.5	371	558790	5	3	2.027027027027027	59		1
plsdb	MPF_B	0.5	372	558795	4	3	2.027027027027027	98		1
plsdb	MPF_B	0.5	373	558798	4	3	2.027027027027027	146		1
plsdb	MPF_B	0.5	374	584809	3	3	2.027027027027027	102		1
plsdb	MPF_B	0.5	375	1347176	3	3	2.027027027027027	242		1
plsdb	MPF_B	0.5	376	1347188	3	3	2.027027027027027	136		1
plsdb	MPF_B	0.5	377	1481059	3	3	2.027027027027027	71		1
plsdb	MPF_B	0.5	378	1497997	3	3	2.027027027027027	94		1
plsdb	MPF_B	0.5	379	1498023	3	3	2.027027027027027	37		1
plsdb	MPF_B	0.5	380	1362315	3	3	2.027027027027027	239		1
plsdb	MPF_B	0.5	381	1363277	3	3	2.027027027027027	241		1
plsdb	MPF_B	0.5	382	1549582	5	3	2.027027027027027	67		1
plsdb	MPF_B	0.5	383	584891	3	3	2.027027027027027	193		1
plsdb	MPF_B	0.5	384	584922	3	3	2.027027027027027	87		1
plsdb	MPF_B	0.5	385	584944	3	3	2.027027027027027	205		1
plsdb	MPF_B	0.5	386	584945	3	3	2.027027027027027	248		1
plsdb	MPF_B	0.5	387	607122	3	3	2.027027027027027	189		1
plsdb	MPF_B	0.5	388	196428	3	3	2.027027027027027	126		1
plsdb	MPF_B	0.5	389	11954	3	3	2.027027027027027	185		1
plsdb	MPF_B	0.5	390	610271	3	3	2.027027027027027	236		1
plsdb	MPF_B	0.5	391	610323	3	3	2.027027027027027	148		1
plsdb	MPF_B	0.5	392	1217284	3	3	2.027027027027027	138		1
plsdb	MPF_B	0.5	393	3909709	3	2	1.3513513513513513	56		1
plsdb	MPF_B	0.5	394	1783937	2	2	1.3513513513513513	232		1
plsdb	MPF_B	0.5	395	2242662	3	2	1.3513513513513513	84		1
plsdb	MPF_B	0.5	396	2531649	2	2	1.3513513513513513	126		1
plsdb	MPF_B	0.5	397	2563131	2	2	1.3513513513513513	90		1
plsdb	MPF_B	0.5	398	3045890	2	2	1.3513513513513513	65		1
plsdb	MPF_B	0.5	399	3064678	2	2	1.3513513513513513	90		1
plsdb	MPF_B	0.5	400	3533559	2	2	1.3513513513513513	132		1
plsdb	MPF_B	0.7	1	95594	52	52	35.13513513513514	149		1
plsdb	MPF_B	0.7	2	95595	52	52	35.13513513513514	159		1
plsdb	MPF_B	0.7	3	95633	33	32	21.62162162162162	207		1
plsdb	MPF_B	0.7	4	95669	33	32	21.62162162162162	218		1
plsdb	MPF_B	0.7	5	95683	36	31	20.945945945945947	117		1
plsdb	MPF_B	0.7	6	95688	32	31	20.945945945945947	70		1
plsdb	MPF_B	0.7	7	185174	31	31	20.945945945945947	144		1
plsdb	MPF_B	0.7	8	224207	31	31	20.945945945945947	128		1
plsdb	MPF_B	0.7	9	3317068	31	31	20.945945945945947	90		1
plsdb	MPF_B	0.7	10	95646	31	31	20.945945945945947	92		1
plsdb	MPF_B	0.7	11	95649	31	31	20.945945945945947	235		1
plsdb	MPF_B	0.7	12	95661	31	31	20.945945945945947	213		1
plsdb	MPF_B	0.7	13	95675	32	31	20.945945945945947	197		1
plsdb	MPF_B	0.7	14	1202257	32	31	20.945945945945947	109		1
plsdb	MPF_B	0.7	15	1265310	30	30	20.27027027027027	160		1
plsdb	MPF_B	0.7	16	224194	30	30	20.27027027027027	86		1
plsdb	MPF_B	0.7	17	2139812	30	30	20.27027027027027	167		1
plsdb	MPF_B	0.7	18	95619	30	30	20.27027027027027	73		1
plsdb	MPF_B	0.7	19	95644	30	30	20.27027027027027	147		1
plsdb	MPF_B	0.7	20	95662	30	30	20.27027027027027	219		1
plsdb	MPF_B	0.7	21	95666	31	30	20.27027027027027	143		1
plsdb	MPF_B	0.7	22	95670	31	30	20.27027027027027	224		1
plsdb	MPF_B	0.7	23	95601	39	29	19.594594594594593	132		1
plsdb	MPF_B	0.7	24	95643	29	29	19.594594594594593	74		1
plsdb	MPF_B	0.7	25	95653	29	29	19.594594594594593	239		1
plsdb	MPF_B	0.7	26	95679	29	29	19.594594594594593	83		1
plsdb	MPF_B	0.7	27	558835	29	29	19.594594594594593	70		1
plsdb	MPF_B	0.7	28	3322959	28	28	18.91891891891892	114		1
plsdb	MPF_B	0.7	29	2628430	28	28	18.91891891891892	61		1
plsdb	MPF_B	0.7	30	95605	28	28	18.91891891891892	161		1
plsdb	MPF_B	0.7	31	95607	28	28	18.91891891891892	139		1
plsdb	MPF_B	0.7	32	95611	28	28	18.91891891891892	61		1
plsdb	MPF_B	0.7	33	95674	29	28	18.91891891891892	113		1
plsdb	MPF_B	0.7	34	95686	28	27	18.243243243243242	105		1
plsdb	MPF_B	0.7	35	95503	27	27	18.243243243243242	128		1
plsdb	MPF_B	0.7	36	3322954	27	27	18.243243243243242	160		1
plsdb	MPF_B	0.7	37	95570	27	27	18.243243243243242	208		1
plsdb	MPF_B	0.7	38	95573	28	27	18.243243243243242	198		1
plsdb	MPF_B	0.7	39	95574	27	27	18.243243243243242	109		1
plsdb	MPF_B	0.7	40	95609	27	27	18.243243243243242	113		1
plsdb	MPF_B	0.7	41	95629	27	27	18.243243243243242	232		1
plsdb	MPF_B	0.7	42	95660	28	27	18.243243243243242	89		1
plsdb	MPF_B	0.7	43	95571	27	26	17.56756756756757	136		1
plsdb	MPF_B	0.7	44	95621	26	26	17.56756756756757	103		1
plsdb	MPF_B	0.7	45	95622	26	26	17.56756756756757	114		1
plsdb	MPF_B	0.7	46	95578	26	25	16.89189189189189	132		1
plsdb	MPF_B	0.7	47	95584	25	25	16.89189189189189	159		1
plsdb	MPF_B	0.7	48	95589	25	25	16.89189189189189	188		1
plsdb	MPF_B	0.7	49	95602	25	25	16.89189189189189	63		1
plsdb	MPF_B	0.7	50	95626	25	25	16.89189189189189	197		1
plsdb	MPF_B	0.7	51	95685	24	24	16.216216216216218	72		1
plsdb	MPF_B	0.7	52	95506	25	24	16.216216216216218	51		1
plsdb	MPF_B	0.7	53	95535	25	24	16.216216216216218	78		1
plsdb	MPF_B	0.7	54	95545	24	24	16.216216216216218	116		1
plsdb	MPF_B	0.7	55	95572	24	24	16.216216216216218	132		1
plsdb	MPF_B	0.7	56	95576	24	24	16.216216216216218	82		1
plsdb	MPF_B	0.7	57	95579	24	24	16.216216216216218	94		1
plsdb	MPF_B	0.7	58	95580	24	24	16.216216216216218	90		1
plsdb	MPF_B	0.7	59	95581	24	24	16.216216216216218	125		1
plsdb	MPF_B	0.7	60	95582	24	24	16.216216216216218	108		1
plsdb	MPF_B	0.7	61	95583	24	24	16.216216216216218	84		1
plsdb	MPF_B	0.7	62	95590	24	24	16.216216216216218	204		1
plsdb	MPF_B	0.7	63	95598	25	24	16.216216216216218	112		1
plsdb	MPF_B	0.7	64	95600	24	24	16.216216216216218	53		1
plsdb	MPF_B	0.7	65	95603	24	24	16.216216216216218	136		1
plsdb	MPF_B	0.7	66	95534	24	23	15.54054054054054	103		1
plsdb	MPF_B	0.7	67	95536	24	23	15.54054054054054	82		1
plsdb	MPF_B	0.7	68	95537	24	23	15.54054054054054	145		1
plsdb	MPF_B	0.7	69	95540	24	23	15.54054054054054	106		1
plsdb	MPF_B	0.7	70	95554	23	23	15.54054054054054	109		1
plsdb	MPF_B	0.7	71	95567	23	23	15.54054054054054	138		1
plsdb	MPF_B	0.7	72	95568	23	23	15.54054054054054	133		1
plsdb	MPF_B	0.7	73	95575	23	23	15.54054054054054	220		1
plsdb	MPF_B	0.7	74	95577	23	23	15.54054054054054	106		1
plsdb	MPF_B	0.7	75	95585	23	23	15.54054054054054	87		1
plsdb	MPF_B	0.7	76	95586	23	23	15.54054054054054	241		1
plsdb	MPF_B	0.7	77	95587	23	23	15.54054054054054	107		1
plsdb	MPF_B	0.7	78	95592	23	23	15.54054054054054	45		1
plsdb	MPF_B	0.7	79	95593	23	23	15.54054054054054	50		1
plsdb	MPF_B	0.7	80	2242673	23	23	15.54054054054054	212		1
plsdb	MPF_B	0.7	81	95552	22	22	14.864864864864865	85		1
plsdb	MPF_B	0.7	82	95556	22	22	14.864864864864865	41		1
plsdb	MPF_B	0.7	83	95558	22	22	14.864864864864865	50		1
plsdb	MPF_B	0.7	84	95559	22	22	14.864864864864865	159		1
plsdb	MPF_B	0.7	85	95561	22	22	14.864864864864865	211		1
plsdb	MPF_B	0.7	86	95566	22	22	14.864864864864865	130		1
plsdb	MPF_B	0.7	87	95588	22	22	14.864864864864865	117		1
plsdb	MPF_B	0.7	88	461240	21	21	14.18918918918919	74		1
plsdb	MPF_B	0.7	89	95508	21	21	14.18918918918919	215		1
plsdb	MPF_B	0.7	90	95538	22	21	14.18918918918919	169		1
plsdb	MPF_B	0.7	91	95564	21	21	14.18918918918919	201		1
plsdb	MPF_B	0.7	92	95507	20	20	13.513513513513514	74		1
plsdb	MPF_B	0.7	93	95525	21	20	13.513513513513514	238		1
plsdb	MPF_B	0.7	94	95509	20	19	12.837837837837839	35		1
plsdb	MPF_B	0.7	95	95513	19	19	12.837837837837839	192		1
plsdb	MPF_B	0.7	96	95521	20	19	12.837837837837839	155		1
plsdb	MPF_B	0.7	97	95522	17	17	11.486486486486486	147		1
plsdb	MPF_B	0.7	98	95529	18	17	11.486486486486486	192		1
plsdb	MPF_B	0.7	99	95530	18	17	11.486486486486486	31		1
plsdb	MPF_B	0.7	100	95596	17	17	11.486486486486486	56		1
plsdb	MPF_B	0.7	101	95597	17	17	11.486486486486486	52		1
plsdb	MPF_B	0.7	102	309179	16	16	10.81081081081081	129		1
plsdb	MPF_B	0.7	103	95548	15	15	10.135135135135135	49		1
plsdb	MPF_B	0.7	104	309177	15	15	10.135135135135135	63		1
plsdb	MPF_B	0.7	105	309180	16	15	10.135135135135135	71		1
plsdb	MPF_B	0.7	106	309182	14	14	9.45945945945946	186		1
plsdb	MPF_B	0.7	107	1027474	13	13	8.783783783783784	142		1
plsdb	MPF_B	0.7	108	309178	12	12	8.108108108108109	59		1
plsdb	MPF_B	0.7	109	95635	11	11	7.4324324324324325	240		1
plsdb	MPF_B	0.7	110	309176	11	11	7.4324324324324325	68		1
plsdb	MPF_B	0.7	111	196405	10	10	6.756756756756757	125		1
plsdb	MPF_B	0.7	112	3751025	11	10	6.756756756756757	111		1
plsdb	MPF_B	0.7	113	95678	10	10	6.756756756756757	139		1
plsdb	MPF_B	0.7	114	1202267	10	10	6.756756756756757	97		1
plsdb	MPF_B	0.7	115	2198431	10	10	6.756756756756757	243		1
plsdb	MPF_B	0.7	116	1217205	9	9	6.081081081081081	164		1
plsdb	MPF_B	0.7	117	1217209	9	9	6.081081081081081	116		1
plsdb	MPF_B	0.7	118	196392	8	8	5.405405405405405	154		1
plsdb	MPF_B	0.7	119	196452	8	8	5.405405405405405	118		1
plsdb	MPF_B	0.7	120	1632647	8	8	5.405405405405405	211		1
plsdb	MPF_B	0.7	121	196396	7	7	4.72972972972973	143		1
plsdb	MPF_B	0.7	122	1714965	7	7	4.72972972972973	82		1
plsdb	MPF_B	0.7	123	430054	7	7	4.72972972972973	209		1
plsdb	MPF_B	0.7	124	2198488	7	7	4.72972972972973	204		1
plsdb	MPF_B	0.7	125	95682	6	6	4.054054054054054	109		1
plsdb	MPF_B	0.7	126	141228	7	6	4.054054054054054	95		1
plsdb	MPF_B	0.7	127	196408	6	6	4.054054054054054	157		1
plsdb	MPF_B	0.7	128	3751074	6	6	4.054054054054054	43		1
plsdb	MPF_B	0.7	129	3246449	6	6	4.054054054054054	204		1
plsdb	MPF_B	0.7	130	461183	6	6	4.054054054054054	146		1
plsdb	MPF_B	0.7	131	95680	5	5	3.3783783783783785	65		1
plsdb	MPF_B	0.7	132	95681	5	5	3.3783783783783785	115		1
plsdb	MPF_B	0.7	133	95684	5	5	3.3783783783783785	97		1
plsdb	MPF_B	0.7	134	196362	5	5	3.3783783783783785	107		1
plsdb	MPF_B	0.7	135	196397	5	5	3.3783783783783785	60		1
plsdb	MPF_B	0.7	136	196475	5	5	3.3783783783783785	108		1
plsdb	MPF_B	0.7	137	1217247	5	5	3.3783783783783785	209		1
plsdb	MPF_B	0.7	138	2531411	5	5	3.3783783783783785	225		1
plsdb	MPF_B	0.7	139	2531445	5	5	3.3783783783783785	214		1
plsdb	MPF_B	0.7	140	2531458	5	5	3.3783783783783785	160		1
plsdb	MPF_B	0.7	141	1714996	5	5	3.3783783783783785	203		1
plsdb	MPF_B	0.7	142	1715014	5	5	3.3783783783783785	68		1
plsdb	MPF_B	0.7	143	3750974	5	5	3.3783783783783785	156		1
plsdb	MPF_B	0.7	144	3751011	5	5	3.3783783783783785	109		1
plsdb	MPF_B	0.7	145	3246443	5	5	3.3783783783783785	103		1
plsdb	MPF_B	0.7	146	430021	6	5	3.3783783783783785	123		1
plsdb	MPF_B	0.7	147	2198439	5	5	3.3783783783783785	85		1
plsdb	MPF_B	0.7	148	1217091	5	5	3.3783783783783785	225		1
plsdb	MPF_B	0.7	149	3751085	5	5	3.3783783783783785	198		1
plsdb	MPF_B	0.7	150	430005	4	4	2.7027027027027026	203		1
plsdb	MPF_B	0.7	151	1265305	4	4	2.7027027027027026	67		1
plsdb	MPF_B	0.7	152	1265306	4	4	2.7027027027027026	112		1
plsdb	MPF_B	0.7	153	1265307	4	4	2.7027027027027026	72		1
plsdb	MPF_B	0.7	154	1265309	4	4	2.7027027027027026	102		1
plsdb	MPF_B	0.7	155	3671439	4	4	2.7027027027027026	137		1
plsdb	MPF_B	0.7	156	196458	4	4	2.7027027027027026	220		1
plsdb	MPF_B	0.7	157	196459	5	4	2.7027027027027026	94		1
plsdb	MPF_B	0.7	158	196473	4	4	2.7027027027027026	100		1
plsdb	MPF_B	0.7	159	3246426	4	4	2.7027027027027026	90		1
plsdb	MPF_B	0.7	160	3246427	4	4	2.7027027027027026	130		1
plsdb	MPF_B	0.7	161	1202046	4	4	2.7027027027027026	124		1
plsdb	MPF_B	0.7	162	95511	4	4	2.7027027027027026	163		1
plsdb	MPF_B	0.7	163	1481057	4	4	2.7027027027027026	138		1
plsdb	MPF_B	0.7	164	1481058	4	4	2.7027027027027026	73		1
plsdb	MPF_B	0.7	165	2531450	4	4	2.7027027027027026	172		1
plsdb	MPF_B	0.7	166	1714967	4	4	2.7027027027027026	125		1
plsdb	MPF_B	0.7	167	3750989	4	4	2.7027027027027026	164		1
plsdb	MPF_B	0.7	168	3751002	4	4	2.7027027027027026	139		1
plsdb	MPF_B	0.7	169	3751077	4	4	2.7027027027027026	175		1
plsdb	MPF_B	0.7	170	2198468	4	4	2.7027027027027026	103		1
plsdb	MPF_B	0.7	171	2632887	4	4	2.7027027027027026	222		1
plsdb	MPF_B	0.7	172	2632900	4	4	2.7027027027027026	247		1
plsdb	MPF_B	0.7	173	2531478	4	4	2.7027027027027026	144		1
plsdb	MPF_B	0.7	174	2226369	4	4	2.7027027027027026	96		1
plsdb	MPF_B	0.7	175	3671478	4	4	2.7027027027027026	151		1
plsdb	MPF_B	0.7	176	3792826	4	4	2.7027027027027026	103		1
plsdb	MPF_B	0.7	177	3792829	4	4	2.7027027027027026	216		1
plsdb	MPF_B	0.7	178	3792837	4	4	2.7027027027027026	156		1
plsdb	MPF_B	0.7	179	3738837	3	3	2.027027027027027	168		1
plsdb	MPF_B	0.7	180	3738839	3	3	2.027027027027027	76		1
plsdb	MPF_B	0.7	181	3738840	3	3	2.027027027027027	84		1
plsdb	MPF_B	0.7	182	3738842	3	3	2.027027027027027	139		1
plsdb	MPF_B	0.7	183	3738843	3	3	2.027027027027027	143		1
plsdb	MPF_B	0.7	184	3738872	3	3	2.027027027027027	54		1
plsdb	MPF_B	0.7	185	533316	3	3	2.027027027027027	91		1
plsdb	MPF_B	0.7	186	584809	3	3	2.027027027027027	102		1
plsdb	MPF_B	0.7	187	584828	4	3	2.027027027027027	139		1
plsdb	MPF_B	0.7	188	584852	6	3	2.027027027027027	155		1
plsdb	MPF_B	0.7	189	2198141	3	3	2.027027027027027	200		1
plsdb	MPF_B	0.7	190	2198198	3	3	2.027027027027027	211		1
plsdb	MPF_B	0.7	191	3671366	3	3	2.027027027027027	92		1
plsdb	MPF_B	0.7	192	3671393	3	3	2.027027027027027	125		1
plsdb	MPF_B	0.7	193	3671406	3	3	2.027027027027027	113		1
plsdb	MPF_B	0.7	194	141241	3	3	2.027027027027027	50		1
plsdb	MPF_B	0.7	195	196350	3	3	2.027027027027027	88		1
plsdb	MPF_B	0.7	196	196428	3	3	2.027027027027027	126		1
plsdb	MPF_B	0.7	197	196466	3	3	2.027027027027027	183		1
plsdb	MPF_B	0.7	198	1217189	3	3	2.027027027027027	242		1
plsdb	MPF_B	0.7	199	3883322	3	3	2.027027027027027	162		1
plsdb	MPF_B	0.7	200	3883325	3	3	2.027027027027027	85		1
plsdb	MPF_B	0.7	201	3883327	3	3	2.027027027027027	65		1
plsdb	MPF_B	0.7	202	996487	3	3	2.027027027027027	249		1
plsdb	MPF_B	0.7	203	817832	3	3	2.027027027027027	229		1
plsdb	MPF_B	0.7	204	882312	3	3	2.027027027027027	77		1
plsdb	MPF_B	0.7	205	1691766	3	3	2.027027027027027	206		1
plsdb	MPF_B	0.7	206	1691801	3	3	2.027027027027027	189		1
plsdb	MPF_B	0.7	207	3246419	3	3	2.027027027027027	82		1
plsdb	MPF_B	0.7	208	95531	3	3	2.027027027027027	161		1
plsdb	MPF_B	0.7	209	95541	3	3	2.027027027027027	138		1
plsdb	MPF_B	0.7	210	3738889	3	3	2.027027027027027	221		1
plsdb	MPF_B	0.7	211	1481059	3	3	2.027027027027027	71		1
plsdb	MPF_B	0.7	212	1497997	3	3	2.027027027027027	94		1
plsdb	MPF_B	0.7	213	1498023	3	3	2.027027027027027	37		1
plsdb	MPF_B	0.7	214	1027449	3	3	2.027027027027027	177		1
plsdb	MPF_B	0.7	215	1027451	3	3	2.027027027027027	72		1
plsdb	MPF_B	0.7	216	3533690	3	3	2.027027027027027	163		1
plsdb	MPF_B	0.7	217	3599642	3	3	2.027027027027027	118		1
plsdb	MPF_B	0.7	218	1347176	3	3	2.027027027027027	242		1
plsdb	MPF_B	0.7	219	1347188	3	3	2.027027027027027	136		1
plsdb	MPF_B	0.7	220	2198527	3	3	2.027027027027027	113		1
plsdb	MPF_B	0.7	221	2198528	3	3	2.027027027027027	186		1
plsdb	MPF_B	0.7	222	3246290	3	3	2.027027027027027	121		1
plsdb	MPF_B	0.7	223	3246296	3	3	2.027027027027027	244		1
plsdb	MPF_B	0.7	224	3246308	4	3	2.027027027027027	43		1
plsdb	MPF_B	0.7	225	3246309	3	3	2.027027027027027	62		1
plsdb	MPF_B	0.7	226	2531427	3	3	2.027027027027027	208		1
plsdb	MPF_B	0.7	227	1714956	3	3	2.027027027027027	244		1
plsdb	MPF_B	0.7	228	1714976	3	3	2.027027027027027	160		1
plsdb	MPF_B	0.7	229	1714979	3	3	2.027027027027027	92		1
plsdb	MPF_B	0.7	230	1715004	3	3	2.027027027027027	183		1
plsdb	MPF_B	0.7	231	3322881	3	3	2.027027027027027	187		1
plsdb	MPF_B	0.7	232	3322884	3	3	2.027027027027027	202		1
plsdb	MPF_B	0.7	233	1159735	3	3	2.027027027027027	122		1
plsdb	MPF_B	0.7	234	1201959	3	3	2.027027027027027	101		1
plsdb	MPF_B	0.7	235	2862811	3	3	2.027027027027027	81		1
plsdb	MPF_B	0.7	236	3967362	3	3	2.027027027027027	136		1
plsdb	MPF_B	0.7	237	11954	3	3	2.027027027027027	185		1
plsdb	MPF_B	0.7	238	3322943	3	3	2.027027027027027	94		1
plsdb	MPF_B	0.7	239	1549582	5	3	2.027027027027027	67		1
plsdb	MPF_B	0.7	240	3750986	3	3	2.027027027027027	120		1
plsdb	MPF_B	0.7	241	3750988	3	3	2.027027027027027	95		1
plsdb	MPF_B	0.7	242	3750991	3	3	2.027027027027027	96		1
plsdb	MPF_B	0.7	243	3751003	3	3	2.027027027027027	45		1
plsdb	MPF_B	0.7	244	3751013	3	3	2.027027027027027	226		1
plsdb	MPF_B	0.7	245	3751034	3	3	2.027027027027027	234		1
plsdb	MPF_B	0.7	246	3751067	3	3	2.027027027027027	210		1
plsdb	MPF_B	0.7	247	738381	3	3	2.027027027027027	119		1
plsdb	MPF_B	0.7	248	430032	3	3	2.027027027027027	91		1
plsdb	MPF_B	0.7	249	430035	3	3	2.027027027027027	110		1
plsdb	MPF_B	0.7	250	584922	3	3	2.027027027027027	87		1
plsdb	MPF_B	0.7	251	584944	3	3	2.027027027027027	205		1
plsdb	MPF_B	0.7	252	584945	3	3	2.027027027027027	248		1
plsdb	MPF_B	0.7	253	1217284	3	3	2.027027027027027	138		1
plsdb	MPF_B	0.7	254	1896710	3	3	2.027027027027027	218		1
plsdb	MPF_B	0.7	255	3409128	3	3	2.027027027027027	175		1
plsdb	MPF_B	0.7	256	3409130	3	3	2.027027027027027	102		1
plsdb	MPF_B	0.7	257	3409133	3	3	2.027027027027027	85		1
plsdb	MPF_B	0.7	258	2198420	3	3	2.027027027027027	62		1
plsdb	MPF_B	0.7	259	2198472	3	3	2.027027027027027	147		1
plsdb	MPF_B	0.7	260	3599725	4	3	2.027027027027027	204		1
plsdb	MPF_B	0.7	261	3883266	4	3	2.027027027027027	155		1
plsdb	MPF_B	0.7	262	3883313	3	3	2.027027027027027	131		1
plsdb	MPF_B	0.7	263	2632874	3	3	2.027027027027027	58		1
plsdb	MPF_B	0.7	264	2632881	3	3	2.027027027027027	148		1
plsdb	MPF_B	0.7	265	2632892	3	3	2.027027027027027	126		1
plsdb	MPF_B	0.7	266	2632894	3	3	2.027027027027027	216		1
plsdb	MPF_B	0.7	267	2669955	3	3	2.027027027027027	185		1
plsdb	MPF_B	0.7	268	3964724	3	3	2.027027027027027	108		1
plsdb	MPF_B	0.7	269	461199	3	3	2.027027027027027	174		1
plsdb	MPF_B	0.7	270	558755	4	3	2.027027027027027	163		1
plsdb	MPF_B	0.7	271	558756	4	3	2.027027027027027	90		1
plsdb	MPF_B	0.7	272	558757	4	3	2.027027027027027	100		1
plsdb	MPF_B	0.7	273	558762	4	3	2.027027027027027	195		1
plsdb	MPF_B	0.7	274	558763	4	3	2.027027027027027	74		1
plsdb	MPF_B	0.7	275	558765	4	3	2.027027027027027	231		1
plsdb	MPF_B	0.7	276	558766	3	3	2.027027027027027	102		1
plsdb	MPF_B	0.7	277	558768	4	3	2.027027027027027	79		1
plsdb	MPF_B	0.7	278	558771	4	3	2.027027027027027	66		1
plsdb	MPF_B	0.7	279	558772	4	3	2.027027027027027	78		1
plsdb	MPF_B	0.7	280	558777	4	3	2.027027027027027	249		1
plsdb	MPF_B	0.7	281	558778	4	3	2.027027027027027	199		1
plsdb	MPF_B	0.7	282	558780	3	3	2.027027027027027	66		1
plsdb	MPF_B	0.7	283	558781	4	3	2.027027027027027	136		1
plsdb	MPF_B	0.7	284	558782	5	3	2.027027027027027	112		1
plsdb	MPF_B	0.7	285	558785	5	3	2.027027027027027	72		1
plsdb	MPF_B	0.7	286	558790	5	3	2.027027027027027	59		1
plsdb	MPF_B	0.7	287	558793	5	3	2.027027027027027	62		1
plsdb	MPF_B	0.7	288	558795	4	3	2.027027027027027	98		1
plsdb	MPF_B	0.7	289	558797	4	3	2.027027027027027	159		1
plsdb	MPF_B	0.7	290	558798	4	3	2.027027027027027	146		1
plsdb	MPF_B	0.7	291	2268734	3	3	2.027027027027027	176		1
plsdb	MPF_B	0.7	292	2268745	4	3	2.027027027027027	114		1
plsdb	MPF_B	0.7	293	610271	3	3	2.027027027027027	236		1
plsdb	MPF_B	0.7	294	2722558	3	3	2.027027027027027	147		1
plsdb	MPF_B	0.7	295	2722560	3	3	2.027027027027027	84		1
plsdb	MPF_B	0.7	296	2722561	3	3	2.027027027027027	132		1
plsdb	MPF_B	0.7	297	2722563	3	3	2.027027027027027	203		1
plsdb	MPF_B	0.7	298	2722565	3	3	2.027027027027027	201		1
plsdb	MPF_B	0.7	299	2722566	3	3	2.027027027027027	105		1
plsdb	MPF_B	0.7	300	2722569	3	3	2.027027027027027	153		1
plsdb	MPF_B	0.7	301	2722571	3	3	2.027027027027027	233		1
plsdb	MPF_B	0.7	302	2722572	3	3	2.027027027027027	219		1
plsdb	MPF_B	0.7	303	2722573	3	3	2.027027027027027	217		1
plsdb	MPF_B	0.7	304	2722574	3	3	2.027027027027027	218		1
plsdb	MPF_B	0.7	305	2722575	3	3	2.027027027027027	217		1
plsdb	MPF_B	0.7	306	2722578	3	3	2.027027027027027	173		1
plsdb	MPF_B	0.7	307	2722589	3	3	2.027027027027027	87		1
plsdb	MPF_B	0.7	308	2722592	3	3	2.027027027027027	236		1
plsdb	MPF_B	0.7	309	1549627	4	3	2.027027027027027	147		1
plsdb	MPF_B	0.7	310	1549628	4	3	2.027027027027027	101		1
plsdb	MPF_B	0.7	311	1549669	4	3	2.027027027027027	162		1
plsdb	MPF_B	0.7	312	2531484	3	3	2.027027027027027	120		1
plsdb	MPF_B	0.7	313	2531496	3	3	2.027027027027027	162		1
plsdb	MPF_B	0.7	314	1217070	3	3	2.027027027027027	72		1
plsdb	MPF_B	0.7	315	1217122	3	3	2.027027027027027	104		1
plsdb	MPF_B	0.7	316	3533589	3	3	2.027027027027027	118		1
plsdb	MPF_B	0.7	317	3533590	3	3	2.027027027027027	137		1
plsdb	MPF_B	0.7	318	3533591	3	3	2.027027027027027	129		1
plsdb	MPF_B	0.7	319	3533592	3	3	2.027027027027027	237		1
plsdb	MPF_B	0.7	320	3533602	3	3	2.027027027027027	183		1
plsdb	MPF_B	0.7	321	3533603	3	3	2.027027027027027	225		1
plsdb	MPF_B	0.7	322	3533619	3	3	2.027027027027027	137		1
plsdb	MPF_B	0.7	323	3533620	3	3	2.027027027027027	98		1
plsdb	MPF_B	0.7	324	3533621	3	3	2.027027027027027	126		1
plsdb	MPF_B	0.7	325	1363277	3	3	2.027027027027027	241		1
plsdb	MPF_B	0.7	326	3671486	3	3	2.027027027027027	109		1
plsdb	MPF_B	0.7	327	3751096	3	3	2.027027027027027	196		1
plsdb	MPF_B	0.7	328	3792774	3	3	2.027027027027027	73		1
plsdb	MPF_B	0.7	329	3792816	3	3	2.027027027027027	137		1
plsdb	MPF_B	0.7	330	3792817	3	3	2.027027027027027	195		1
plsdb	MPF_B	0.7	331	3792847	3	3	2.027027027027027	157		1
plsdb	MPF_B	0.7	332	3792848	3	3	2.027027027027027	166		1
plsdb	MPF_B	0.7	333	3698446	2	2	1.3513513513513513	74		1
plsdb	MPF_B	0.7	334	3698447	2	2	1.3513513513513513	93		1
plsdb	MPF_B	0.7	335	3698448	2	2	1.3513513513513513	143		1
plsdb	MPF_B	0.7	336	3698450	2	2	1.3513513513513513	208		1
plsdb	MPF_B	0.7	337	3698451	2	2	1.3513513513513513	143		1
plsdb	MPF_B	0.7	338	3698452	2	2	1.3513513513513513	153		1
plsdb	MPF_B	0.7	339	3738844	2	2	1.3513513513513513	115		1
plsdb	MPF_B	0.7	340	3738860	3	2	1.3513513513513513	143		1
plsdb	MPF_B	0.7	341	3738864	2	2	1.3513513513513513	227		1
plsdb	MPF_B	0.7	342	3738866	2	2	1.3513513513513513	203		1
plsdb	MPF_B	0.7	343	3738870	2	2	1.3513513513513513	65		1
plsdb	MPF_B	0.7	344	3738874	2	2	1.3513513513513513	29		1
plsdb	MPF_B	0.7	345	3738875	2	2	1.3513513513513513	35		1
plsdb	MPF_B	0.7	346	3738881	2	2	1.3513513513513513	94		1
plsdb	MPF_B	0.7	347	245394	2	2	1.3513513513513513	178		1
plsdb	MPF_B	0.7	348	533329	2	2	1.3513513513513513	155		1
plsdb	MPF_B	0.7	349	606746	2	2	1.3513513513513513	84		1
plsdb	MPF_B	0.7	350	2326404	2	2	1.3513513513513513	70		1
plsdb	MPF_B	0.7	351	2326412	4	2	1.3513513513513513	132		1
plsdb	MPF_B	0.7	352	2326415	2	2	1.3513513513513513	52		1
plsdb	MPF_B	0.7	353	2326417	2	2	1.3513513513513513	151		1
plsdb	MPF_B	0.7	354	2326418	2	2	1.3513513513513513	165		1
plsdb	MPF_B	0.7	355	2326421	2	2	1.3513513513513513	220		1
plsdb	MPF_B	0.7	356	2326424	2	2	1.3513513513513513	106		1
plsdb	MPF_B	0.7	357	2326426	2	2	1.3513513513513513	184		1
plsdb	MPF_B	0.7	358	2326430	2	2	1.3513513513513513	58		1
plsdb	MPF_B	0.7	359	2326433	2	2	1.3513513513513513	230		1
plsdb	MPF_B	0.7	360	2326441	2	2	1.3513513513513513	152		1
plsdb	MPF_B	0.7	361	2326448	2	2	1.3513513513513513	50		1
plsdb	MPF_B	0.7	362	2326449	2	2	1.3513513513513513	68		1
plsdb	MPF_B	0.7	363	2326453	2	2	1.3513513513513513	106		1
plsdb	MPF_B	0.7	364	2326470	2	2	1.3513513513513513	132		1
plsdb	MPF_B	0.7	365	2326473	2	2	1.3513513513513513	61		1
plsdb	MPF_B	0.7	366	1098596	4	2	1.3513513513513513	81		1
plsdb	MPF_B	0.7	367	1098597	4	2	1.3513513513513513	65		1
plsdb	MPF_B	0.7	368	1159677	2	2	1.3513513513513513	113		1
plsdb	MPF_B	0.7	369	1159684	2	2	1.3513513513513513	105		1
plsdb	MPF_B	0.7	370	2198144	2	2	1.3513513513513513	110		1
plsdb	MPF_B	0.7	371	2198174	2	2	1.3513513513513513	106		1
plsdb	MPF_B	0.7	372	2198219	2	2	1.3513513513513513	142		1
plsdb	MPF_B	0.7	373	3671367	2	2	1.3513513513513513	99		1
plsdb	MPF_B	0.7	374	3671370	2	2	1.3513513513513513	116		1
plsdb	MPF_B	0.7	375	3671371	2	2	1.3513513513513513	242		1
plsdb	MPF_B	0.7	376	3671407	2	2	1.3513513513513513	203		1
plsdb	MPF_B	0.7	377	3671434	2	2	1.3513513513513513	224		1
plsdb	MPF_B	0.7	378	608238	3	2	1.3513513513513513	202		1
plsdb	MPF_B	0.7	379	1896761	2	2	1.3513513513513513	159		1
plsdb	MPF_B	0.7	380	224192	2	2	1.3513513513513513	77		1
plsdb	MPF_B	0.7	381	700891	2	2	1.3513513513513513	211		1
plsdb	MPF_B	0.7	382	700909	2	2	1.3513513513513513	73		1
plsdb	MPF_B	0.7	383	700924	2	2	1.3513513513513513	149		1
plsdb	MPF_B	0.7	384	700960	2	2	1.3513513513513513	186		1
plsdb	MPF_B	0.7	385	1366395	2	2	1.3513513513513513	191		1
plsdb	MPF_B	0.7	386	2268800	3	2	1.3513513513513513	93		1
plsdb	MPF_B	0.7	387	2268822	2	2	1.3513513513513513	63		1
plsdb	MPF_B	0.7	388	2268828	2	2	1.3513513513513513	124		1
plsdb	MPF_B	0.7	389	2326331	2	2	1.3513513513513513	196		1
plsdb	MPF_B	0.7	390	2326332	2	2	1.3513513513513513	194		1
plsdb	MPF_B	0.7	391	2326335	2	2	1.3513513513513513	135		1
plsdb	MPF_B	0.7	392	2326343	2	2	1.3513513513513513	134		1
plsdb	MPF_B	0.7	393	2326344	2	2	1.3513513513513513	250		1
plsdb	MPF_B	0.7	394	2326345	2	2	1.3513513513513513	127		1
plsdb	MPF_B	0.7	395	2326346	2	2	1.3513513513513513	122		1
plsdb	MPF_B	0.7	396	2326351	2	2	1.3513513513513513	121		1
plsdb	MPF_B	0.7	397	2326352	2	2	1.3513513513513513	72		1
plsdb	MPF_B	0.7	398	2326357	2	2	1.3513513513513513	213		1
plsdb	MPF_B	0.7	399	2326363	2	2	1.3513513513513513	239		1
plsdb	MPF_B	0.7	400	2326369	2	2	1.3513513513513513	83		1
plsdb	MPF_C	0.5	1	133148	41	39	33.333333333333336	98		1
plsdb	MPF_C	0.5	2	629303	33	32	27.35042735042735	185		1
plsdb	MPF_C	0.5	3	629299	32	31	26.495726495726494	69		1
plsdb	MPF_C	0.5	4	1384570	32	31	26.495726495726494	149		1
plsdb	MPF_C	0.5	5	1929120	33	31	26.495726495726494	176		1
plsdb	MPF_C	0.5	6	2834276	32	30	25.641025641025642	226		1
plsdb	MPF_C	0.5	7	1384489	50	29	24.786324786324787	152		1
plsdb	MPF_C	0.5	8	1733308	32	29	24.786324786324787	155		1
plsdb	MPF_C	0.5	9	1671339	31	28	23.931623931623932	99		1
plsdb	MPF_C	0.5	10	97071	49	28	23.931623931623932	235		1
plsdb	MPF_C	0.5	11	1384133	33	28	23.931623931623932	187		1
plsdb	MPF_C	0.5	12	1778079	39	27	23.076923076923077	199		1
plsdb	MPF_C	0.5	13	3157926	28	27	23.076923076923077	215		1
plsdb	MPF_C	0.5	14	583659	43	26	22.22222222222222	66		1
plsdb	MPF_C	0.5	15	1353534	26	26	22.22222222222222	240		1
plsdb	MPF_C	0.5	16	1671421	38	26	22.22222222222222	108		1
plsdb	MPF_C	0.5	17	1353864	27	24	20.512820512820515	178		1
plsdb	MPF_C	0.5	18	2250345	29	23	19.65811965811966	110		1
plsdb	MPF_C	0.5	19	3749321	27	23	19.65811965811966	137		1
plsdb	MPF_C	0.5	20	1890684	27	22	18.803418803418804	155		1
plsdb	MPF_C	0.5	21	610729	25	21	17.94871794871795	83		1
plsdb	MPF_C	0.5	22	1318449	23	20	17.094017094017094	138		1
plsdb	MPF_C	0.5	23	2834383	22	20	17.094017094017094	205		1
plsdb	MPF_C	0.5	24	2269004	24	20	17.094017094017094	130		1
plsdb	MPF_C	0.5	25	2834365	25	20	17.094017094017094	86		1
plsdb	MPF_C	0.5	26	4008318	23	20	17.094017094017094	133		1
plsdb	MPF_C	0.5	27	2269123	29	19	16.23931623931624	69		1
plsdb	MPF_C	0.5	28	133206	21	19	16.23931623931624	235		1
plsdb	MPF_C	0.5	29	1332077	24	19	16.23931623931624	117		1
plsdb	MPF_C	0.5	30	1100477	20	19	16.23931623931624	224		1
plsdb	MPF_C	0.5	31	3019651	19	18	15.384615384615385	71		1
plsdb	MPF_C	0.5	32	819508	19	18	15.384615384615385	221		1
plsdb	MPF_C	0.5	33	759255	28	18	15.384615384615385	132		1
plsdb	MPF_C	0.5	34	534943	20	18	15.384615384615385	97		1
plsdb	MPF_C	0.5	35	1353744	18	18	15.384615384615385	192		1
plsdb	MPF_C	0.5	36	1044201	17	17	14.52991452991453	85		1
plsdb	MPF_C	0.5	37	307216	17	17	14.52991452991453	225		1
plsdb	MPF_C	0.5	38	1854847	18	17	14.52991452991453	89		1
plsdb	MPF_C	0.5	39	477704	20	17	14.52991452991453	159		1
plsdb	MPF_C	0.5	40	1890442	17	17	14.52991452991453	89		1
plsdb	MPF_C	0.5	41	1460331	19	17	14.52991452991453	182		1
plsdb	MPF_C	0.5	42	28856	22	17	14.52991452991453	114		1
plsdb	MPF_C	0.5	43	2122745	16	16	13.675213675213675	127		1
plsdb	MPF_C	0.5	44	3119562	20	16	13.675213675213675	66		1
plsdb	MPF_C	0.5	45	133173	16	16	13.675213675213675	136		1
plsdb	MPF_C	0.5	46	132960	18	16	13.675213675213675	243		1
plsdb	MPF_C	0.5	47	819495	16	16	13.675213675213675	136		1
plsdb	MPF_C	0.5	48	629479	17	16	13.675213675213675	197		1
plsdb	MPF_C	0.5	49	1384483	20	16	13.675213675213675	230		1
plsdb	MPF_C	0.5	50	3776095	16	16	13.675213675213675	218		1
plsdb	MPF_C	0.5	51	759277	17	16	13.675213675213675	90		1
plsdb	MPF_C	0.5	52	1353733	18	16	13.675213675213675	151		1
plsdb	MPF_C	0.5	53	1460416	17	16	13.675213675213675	234		1
plsdb	MPF_C	0.5	54	575123	17	16	13.675213675213675	111		1
plsdb	MPF_C	0.5	55	2122731	15	15	12.820512820512821	115		1
plsdb	MPF_C	0.5	56	1855040	15	15	12.820512820512821	188		1
plsdb	MPF_C	0.5	57	2269166	18	15	12.820512820512821	106		1
plsdb	MPF_C	0.5	58	133202	15	15	12.820512820512821	80		1
plsdb	MPF_C	0.5	59	534802	17	15	12.820512820512821	146		1
plsdb	MPF_C	0.5	60	97110	15	15	12.820512820512821	200		1
plsdb	MPF_C	0.5	61	583903	16	15	12.820512820512821	220		1
plsdb	MPF_C	0.5	62	3119448	23	15	12.820512820512821	188		1
plsdb	MPF_C	0.5	63	1439834	15	15	12.820512820512821	156		1
plsdb	MPF_C	0.5	64	747167	14	14	11.965811965811966	160		1
plsdb	MPF_C	0.5	65	747171	15	14	11.965811965811966	162		1
plsdb	MPF_C	0.5	66	2822167	14	14	11.965811965811966	138		1
plsdb	MPF_C	0.5	67	1374745	15	14	11.965811965811966	184		1
plsdb	MPF_C	0.5	68	2845720	15	14	11.965811965811966	247		1
plsdb	MPF_C	0.5	69	96968	14	14	11.965811965811966	162		1
plsdb	MPF_C	0.5	70	96977	14	14	11.965811965811966	150		1
plsdb	MPF_C	0.5	71	629540	14	14	11.965811965811966	67		1
plsdb	MPF_C	0.5	72	759214	17	14	11.965811965811966	101		1
plsdb	MPF_C	0.5	73	307266	14	14	11.965811965811966	164		1
plsdb	MPF_C	0.5	74	1547436	18	14	11.965811965811966	95		1
plsdb	MPF_C	0.5	75	2822229	15	14	11.965811965811966	90		1
plsdb	MPF_C	0.5	76	1248274	14	14	11.965811965811966	115		1
plsdb	MPF_C	0.5	77	3354407	13	13	11.11111111111111	161		1
plsdb	MPF_C	0.5	78	2363040	13	13	11.11111111111111	186		1
plsdb	MPF_C	0.5	79	1929199	14	13	11.11111111111111	189		1
plsdb	MPF_C	0.5	80	2972918	15	13	11.11111111111111	64		1
plsdb	MPF_C	0.5	81	3749296	13	13	11.11111111111111	217		1
plsdb	MPF_C	0.5	82	132990	13	13	11.11111111111111	80		1
plsdb	MPF_C	0.5	83	133065	14	13	11.11111111111111	75		1
plsdb	MPF_C	0.5	84	477861	13	13	11.11111111111111	139		1
plsdb	MPF_C	0.5	85	96973	13	13	11.11111111111111	154		1
plsdb	MPF_C	0.5	86	96980	13	13	11.11111111111111	93		1
plsdb	MPF_C	0.5	87	97073	13	13	11.11111111111111	137		1
plsdb	MPF_C	0.5	88	629548	19	13	11.11111111111111	65		1
plsdb	MPF_C	0.5	89	28853	13	13	11.11111111111111	116		1
plsdb	MPF_C	0.5	90	1384478	15	13	11.11111111111111	126		1
plsdb	MPF_C	0.5	91	1236866	17	13	11.11111111111111	185		1
plsdb	MPF_C	0.5	92	3020024	15	13	11.11111111111111	209		1
plsdb	MPF_C	0.5	93	1248244	13	13	11.11111111111111	88		1
plsdb	MPF_C	0.5	94	1671119	12	12	10.256410256410257	124		1
plsdb	MPF_C	0.5	95	1671232	12	12	10.256410256410257	119		1
plsdb	MPF_C	0.5	96	28879	12	12	10.256410256410257	65		1
plsdb	MPF_C	0.5	97	307222	12	12	10.256410256410257	206		1
plsdb	MPF_C	0.5	98	1237389	12	12	10.256410256410257	136		1
plsdb	MPF_C	0.5	99	1374720	14	12	10.256410256410257	105		1
plsdb	MPF_C	0.5	100	3185950	13	12	10.256410256410257	184		1
plsdb	MPF_C	0.5	101	3091084	12	12	10.256410256410257	134		1
plsdb	MPF_C	0.5	102	477747	14	12	10.256410256410257	224		1
plsdb	MPF_C	0.5	103	477838	12	12	10.256410256410257	140		1
plsdb	MPF_C	0.5	104	477839	12	12	10.256410256410257	242		1
plsdb	MPF_C	0.5	105	477840	12	12	10.256410256410257	240		1
plsdb	MPF_C	0.5	106	610738	14	12	10.256410256410257	99		1
plsdb	MPF_C	0.5	107	1332069	13	12	10.256410256410257	170		1
plsdb	MPF_C	0.5	108	96962	12	12	10.256410256410257	132		1
plsdb	MPF_C	0.5	109	96965	12	12	10.256410256410257	72		1
plsdb	MPF_C	0.5	110	96974	12	12	10.256410256410257	159		1
plsdb	MPF_C	0.5	111	97025	12	12	10.256410256410257	227		1
plsdb	MPF_C	0.5	112	97035	12	12	10.256410256410257	248		1
plsdb	MPF_C	0.5	113	97049	12	12	10.256410256410257	64		1
plsdb	MPF_C	0.5	114	97109	12	12	10.256410256410257	149		1
plsdb	MPF_C	0.5	115	97111	12	12	10.256410256410257	55		1
plsdb	MPF_C	0.5	116	583858	14	12	10.256410256410257	82		1
plsdb	MPF_C	0.5	117	610879	12	12	10.256410256410257	247		1
plsdb	MPF_C	0.5	118	629483	12	12	10.256410256410257	224		1
plsdb	MPF_C	0.5	119	3933429	12	12	10.256410256410257	188		1
plsdb	MPF_C	0.5	120	3254115	12	12	10.256410256410257	82		1
plsdb	MPF_C	0.5	121	307245	12	12	10.256410256410257	138		1
plsdb	MPF_C	0.5	122	307254	12	12	10.256410256410257	195		1
plsdb	MPF_C	0.5	123	1292003	12	12	10.256410256410257	100		1
plsdb	MPF_C	0.5	124	1112130	14	11	9.401709401709402	229		1
plsdb	MPF_C	0.5	125	1909240	12	11	9.401709401709402	71		1
plsdb	MPF_C	0.5	126	28904	11	11	9.401709401709402	108		1
plsdb	MPF_C	0.5	127	1374601	12	11	9.401709401709402	123		1
plsdb	MPF_C	0.5	128	3933400	11	11	9.401709401709402	225		1
plsdb	MPF_C	0.5	129	307171	14	11	9.401709401709402	167		1
plsdb	MPF_C	0.5	130	1702830	13	11	9.401709401709402	91		1
plsdb	MPF_C	0.5	131	1854839	13	11	9.401709401709402	157		1
plsdb	MPF_C	0.5	132	3225734	13	11	9.401709401709402	128		1
plsdb	MPF_C	0.5	133	1909891	11	11	9.401709401709402	81		1
plsdb	MPF_C	0.5	134	1909925	11	11	9.401709401709402	63		1
plsdb	MPF_C	0.5	135	2250256	11	11	9.401709401709402	164		1
plsdb	MPF_C	0.5	136	534778	13	11	9.401709401709402	139		1
plsdb	MPF_C	0.5	137	132992	11	11	9.401709401709402	201		1
plsdb	MPF_C	0.5	138	477858	11	11	9.401709401709402	223		1
plsdb	MPF_C	0.5	139	1332099	11	11	9.401709401709402	157		1
plsdb	MPF_C	0.5	140	96963	11	11	9.401709401709402	206		1
plsdb	MPF_C	0.5	141	96969	11	11	9.401709401709402	113		1
plsdb	MPF_C	0.5	142	96976	11	11	9.401709401709402	168		1
plsdb	MPF_C	0.5	143	97027	11	11	9.401709401709402	198		1
plsdb	MPF_C	0.5	144	97108	11	11	9.401709401709402	122		1
plsdb	MPF_C	0.5	145	629451	11	11	9.401709401709402	124		1
plsdb	MPF_C	0.5	146	2486672	11	11	9.401709401709402	84		1
plsdb	MPF_C	0.5	147	2963811	11	11	9.401709401709402	63		1
plsdb	MPF_C	0.5	148	1374530	11	11	9.401709401709402	180		1
plsdb	MPF_C	0.5	149	600118	11	11	9.401709401709402	142		1
plsdb	MPF_C	0.5	150	307318	11	11	9.401709401709402	160		1
plsdb	MPF_C	0.5	151	3776056	11	11	9.401709401709402	185		1
plsdb	MPF_C	0.5	152	3776058	11	11	9.401709401709402	162		1
plsdb	MPF_C	0.5	153	3875821	11	11	9.401709401709402	133		1
plsdb	MPF_C	0.5	154	1384268	12	11	9.401709401709402	107		1
plsdb	MPF_C	0.5	155	3748391	10	10	8.547008547008547	92		1
plsdb	MPF_C	0.5	156	2055294	10	10	8.547008547008547	171		1
plsdb	MPF_C	0.5	157	3251418	10	10	8.547008547008547	64		1
plsdb	MPF_C	0.5	158	2362995	11	10	8.547008547008547	182		1
plsdb	MPF_C	0.5	159	865681	10	10	8.547008547008547	72		1
plsdb	MPF_C	0.5	160	474905	11	10	8.547008547008547	126		1
plsdb	MPF_C	0.5	161	759238	12	10	8.547008547008547	75		1
plsdb	MPF_C	0.5	162	3749370	10	10	8.547008547008547	126		1
plsdb	MPF_C	0.5	163	1332039	14	10	8.547008547008547	166		1
plsdb	MPF_C	0.5	164	575180	10	10	8.547008547008547	137		1
plsdb	MPF_C	0.5	165	600145	9	9	7.6923076923076925	121		1
plsdb	MPF_C	0.5	166	1044209	9	9	7.6923076923076925	72		1
plsdb	MPF_C	0.5	167	1318442	9	9	7.6923076923076925	120		1
plsdb	MPF_C	0.5	168	2269202	12	9	7.6923076923076925	156		1
plsdb	MPF_C	0.5	169	3741806	9	9	7.6923076923076925	147		1
plsdb	MPF_C	0.5	170	307174	9	9	7.6923076923076925	228		1
plsdb	MPF_C	0.5	171	340927	9	9	7.6923076923076925	250		1
plsdb	MPF_C	0.5	172	1439741	10	9	7.6923076923076925	201		1
plsdb	MPF_C	0.5	173	3079902	9	9	7.6923076923076925	104		1
plsdb	MPF_C	0.5	174	2269704	13	9	7.6923076923076925	69		1
plsdb	MPF_C	0.5	175	3225730	10	9	7.6923076923076925	117		1
plsdb	MPF_C	0.5	176	1460247	10	9	7.6923076923076925	220		1
plsdb	MPF_C	0.5	177	97044	9	9	7.6923076923076925	161		1
plsdb	MPF_C	0.5	178	97137	9	9	7.6923076923076925	110		1
plsdb	MPF_C	0.5	179	759187	9	9	7.6923076923076925	144		1
plsdb	MPF_C	0.5	180	864803	9	9	7.6923076923076925	110		1
plsdb	MPF_C	0.5	181	3933552	9	9	7.6923076923076925	233		1
plsdb	MPF_C	0.5	182	1460228	9	9	7.6923076923076925	123		1
plsdb	MPF_C	0.5	183	307305	9	9	7.6923076923076925	151		1
plsdb	MPF_C	0.5	184	3157778	9	9	7.6923076923076925	103		1
plsdb	MPF_C	0.5	185	3875830	9	9	7.6923076923076925	65		1
plsdb	MPF_C	0.5	186	1353510	10	9	7.6923076923076925	162		1
plsdb	MPF_C	0.5	187	1671373	11	9	7.6923076923076925	164		1
plsdb	MPF_C	0.5	188	2269562	15	9	7.6923076923076925	126		1
plsdb	MPF_C	0.5	189	952239	8	8	6.837606837606837	181		1
plsdb	MPF_C	0.5	190	1733213	8	8	6.837606837606837	140		1
plsdb	MPF_C	0.5	191	1384495	8	8	6.837606837606837	156		1
plsdb	MPF_C	0.5	192	1384520	9	8	6.837606837606837	84		1
plsdb	MPF_C	0.5	193	3119551	8	8	6.837606837606837	107		1
plsdb	MPF_C	0.5	194	3933398	8	8	6.837606837606837	109		1
plsdb	MPF_C	0.5	195	307208	8	8	6.837606837606837	192		1
plsdb	MPF_C	0.5	196	475039	8	8	6.837606837606837	166		1
plsdb	MPF_C	0.5	197	1237365	8	8	6.837606837606837	95		1
plsdb	MPF_C	0.5	198	1237392	8	8	6.837606837606837	165		1
plsdb	MPF_C	0.5	199	1374680	9	8	6.837606837606837	134		1
plsdb	MPF_C	0.5	200	2845687	13	8	6.837606837606837	121		1
plsdb	MPF_C	0.5	201	1890655	8	8	6.837606837606837	130		1
plsdb	MPF_C	0.5	202	1890681	13	8	6.837606837606837	95		1
plsdb	MPF_C	0.5	203	3019882	8	8	6.837606837606837	153		1
plsdb	MPF_C	0.5	204	3019924	8	8	6.837606837606837	119		1
plsdb	MPF_C	0.5	205	1702760	12	8	6.837606837606837	164		1
plsdb	MPF_C	0.5	206	2947403	8	8	6.837606837606837	146		1
plsdb	MPF_C	0.5	207	3019660	11	8	6.837606837606837	91		1
plsdb	MPF_C	0.5	208	3354311	8	8	6.837606837606837	116		1
plsdb	MPF_C	0.5	209	4008379	8	8	6.837606837606837	218		1
plsdb	MPF_C	0.5	210	4008402	8	8	6.837606837606837	143		1
plsdb	MPF_C	0.5	211	307351	8	8	6.837606837606837	231		1
plsdb	MPF_C	0.5	212	2046733	8	8	6.837606837606837	55		1
plsdb	MPF_C	0.5	213	133052	8	8	6.837606837606837	84		1
plsdb	MPF_C	0.5	214	477800	8	8	6.837606837606837	76		1
plsdb	MPF_C	0.5	215	819501	8	8	6.837606837606837	91		1
plsdb	MPF_C	0.5	216	1044012	8	8	6.837606837606837	109		1
plsdb	MPF_C	0.5	217	1236939	8	8	6.837606837606837	124		1
plsdb	MPF_C	0.5	218	1374770	9	8	6.837606837606837	125		1
plsdb	MPF_C	0.5	219	97022	8	8	6.837606837606837	67		1
plsdb	MPF_C	0.5	220	97101	8	8	6.837606837606837	147		1
plsdb	MPF_C	0.5	221	97107	8	8	6.837606837606837	73		1
plsdb	MPF_C	0.5	222	583813	11	8	6.837606837606837	200		1
plsdb	MPF_C	0.5	223	2834309	8	8	6.837606837606837	122		1
plsdb	MPF_C	0.5	224	28800	8	8	6.837606837606837	78		1
plsdb	MPF_C	0.5	225	28858	8	8	6.837606837606837	70		1
plsdb	MPF_C	0.5	226	28860	8	8	6.837606837606837	189		1
plsdb	MPF_C	0.5	227	583772	8	8	6.837606837606837	89		1
plsdb	MPF_C	0.5	228	3748233	11	8	6.837606837606837	131		1
plsdb	MPF_C	0.5	229	307309	8	8	6.837606837606837	80		1
plsdb	MPF_C	0.5	230	307328	8	8	6.837606837606837	95		1
plsdb	MPF_C	0.5	231	1318370	8	8	6.837606837606837	192		1
plsdb	MPF_C	0.5	232	2402859	8	8	6.837606837606837	131		1
plsdb	MPF_C	0.5	233	3157779	8	8	6.837606837606837	68		1
plsdb	MPF_C	0.5	234	1460376	9	8	6.837606837606837	110		1
plsdb	MPF_C	0.5	235	1111958	9	8	6.837606837606837	105		1
plsdb	MPF_C	0.5	236	1237267	7	7	5.982905982905983	215		1
plsdb	MPF_C	0.5	237	1909174	7	7	5.982905982905983	86		1
plsdb	MPF_C	0.5	238	1384547	7	7	5.982905982905983	168		1
plsdb	MPF_C	0.5	239	3079799	7	7	5.982905982905983	193		1
plsdb	MPF_C	0.5	240	3119564	7	7	5.982905982905983	62		1
plsdb	MPF_C	0.5	241	307166	7	7	5.982905982905983	161		1
plsdb	MPF_C	0.5	242	307205	7	7	5.982905982905983	104		1
plsdb	MPF_C	0.5	243	307212	7	7	5.982905982905983	112		1
plsdb	MPF_C	0.5	244	340900	7	7	5.982905982905983	136		1
plsdb	MPF_C	0.5	245	340923	7	7	5.982905982905983	129		1
plsdb	MPF_C	0.5	246	475035	7	7	5.982905982905983	206		1
plsdb	MPF_C	0.5	247	1439813	7	7	5.982905982905983	122		1
plsdb	MPF_C	0.5	248	3079904	7	7	5.982905982905983	84		1
plsdb	MPF_C	0.5	249	3019968	7	7	5.982905982905983	147		1
plsdb	MPF_C	0.5	250	3090924	7	7	5.982905982905983	155		1
plsdb	MPF_C	0.5	251	1854899	7	7	5.982905982905983	127		1
plsdb	MPF_C	0.5	252	3106157	7	7	5.982905982905983	118		1
plsdb	MPF_C	0.5	253	3106198	7	7	5.982905982905983	57		1
plsdb	MPF_C	0.5	254	3119422	7	7	5.982905982905983	144		1
plsdb	MPF_C	0.5	255	3020108	7	7	5.982905982905983	120		1
plsdb	MPF_C	0.5	256	3354288	7	7	5.982905982905983	208		1
plsdb	MPF_C	0.5	257	3749292	7	7	5.982905982905983	120		1
plsdb	MPF_C	0.5	258	4008375	7	7	5.982905982905983	208		1
plsdb	MPF_C	0.5	259	133150	7	7	5.982905982905983	77		1
plsdb	MPF_C	0.5	260	2363025	8	7	5.982905982905983	247		1
plsdb	MPF_C	0.5	261	474955	9	7	5.982905982905983	113		1
plsdb	MPF_C	0.5	262	477737	8	7	5.982905982905983	170		1
plsdb	MPF_C	0.5	263	1702863	7	7	5.982905982905983	232		1
plsdb	MPF_C	0.5	264	132968	7	7	5.982905982905983	176		1
plsdb	MPF_C	0.5	265	819496	7	7	5.982905982905983	110		1
plsdb	MPF_C	0.5	266	819525	8	7	5.982905982905983	90		1
plsdb	MPF_C	0.5	267	3380422	8	7	5.982905982905983	118		1
plsdb	MPF_C	0.5	268	474914	7	7	5.982905982905983	63		1
plsdb	MPF_C	0.5	269	475202	8	7	5.982905982905983	126		1
plsdb	MPF_C	0.5	270	534661	8	7	5.982905982905983	65		1
plsdb	MPF_C	0.5	271	629497	7	7	5.982905982905983	216		1
plsdb	MPF_C	0.5	272	759189	7	7	5.982905982905983	133		1
plsdb	MPF_C	0.5	273	3019701	7	7	5.982905982905983	201		1
plsdb	MPF_C	0.5	274	3254083	7	7	5.982905982905983	118		1
plsdb	MPF_C	0.5	275	1237125	11	7	5.982905982905983	176		1
plsdb	MPF_C	0.5	276	1384440	10	7	5.982905982905983	168		1
plsdb	MPF_C	0.5	277	3794644	7	7	5.982905982905983	239		1
plsdb	MPF_C	0.5	278	3794506	7	7	5.982905982905983	212		1
plsdb	MPF_C	0.5	279	3794523	7	7	5.982905982905983	242		1
plsdb	MPF_C	0.5	280	1374486	9	7	5.982905982905983	169		1
plsdb	MPF_C	0.5	281	2963943	7	7	5.982905982905983	119		1
plsdb	MPF_C	0.5	282	3106138	7	7	5.982905982905983	71		1
plsdb	MPF_C	0.5	283	864888	8	7	5.982905982905983	93		1
plsdb	MPF_C	0.5	284	1237226	7	7	5.982905982905983	96		1
plsdb	MPF_C	0.5	285	307302	7	7	5.982905982905983	66		1
plsdb	MPF_C	0.5	286	1547752	7	7	5.982905982905983	226		1
plsdb	MPF_C	0.5	287	3875800	7	7	5.982905982905983	188		1
plsdb	MPF_C	0.5	288	2046611	7	7	5.982905982905983	171		1
plsdb	MPF_C	0.5	289	2249960	8	7	5.982905982905983	52		1
plsdb	MPF_C	0.5	290	2269556	8	7	5.982905982905983	202		1
plsdb	MPF_C	0.5	291	2269558	7	7	5.982905982905983	76		1
plsdb	MPF_C	0.5	292	952247	6	6	5.128205128205129	207		1
plsdb	MPF_C	0.5	293	1044186	7	6	5.128205128205129	138		1
plsdb	MPF_C	0.5	294	1100454	6	6	5.128205128205129	156		1
plsdb	MPF_C	0.5	295	1615754	6	6	5.128205128205129	232		1
plsdb	MPF_C	0.5	296	1318458	6	6	5.128205128205129	232		1
plsdb	MPF_C	0.5	297	1909112	7	6	5.128205128205129	172		1
plsdb	MPF_C	0.5	298	2972801	6	6	5.128205128205129	175		1
plsdb	MPF_C	0.5	299	307211	6	6	5.128205128205129	84		1
plsdb	MPF_C	0.5	300	340894	6	6	5.128205128205129	201		1
plsdb	MPF_C	0.5	301	475108	6	6	5.128205128205129	65		1
plsdb	MPF_C	0.5	302	475115	7	6	5.128205128205129	51		1
plsdb	MPF_C	0.5	303	1237388	6	6	5.128205128205129	171		1
plsdb	MPF_C	0.5	304	1374739	6	6	5.128205128205129	110		1
plsdb	MPF_C	0.5	305	1532223	6	6	5.128205128205129	133		1
plsdb	MPF_C	0.5	306	1532224	6	6	5.128205128205129	226		1
plsdb	MPF_C	0.5	307	1532252	6	6	5.128205128205129	135		1
plsdb	MPF_C	0.5	308	3019774	7	6	5.128205128205129	108		1
plsdb	MPF_C	0.5	309	3748417	6	6	5.128205128205129	97		1
plsdb	MPF_C	0.5	310	1908947	7	6	5.128205128205129	182		1
plsdb	MPF_C	0.5	311	3157849	6	6	5.128205128205129	107		1
plsdb	MPF_C	0.5	312	3251362	6	6	5.128205128205129	104		1
plsdb	MPF_C	0.5	313	3251396	6	6	5.128205128205129	79		1
plsdb	MPF_C	0.5	314	3757942	6	6	5.128205128205129	142		1
plsdb	MPF_C	0.5	315	1777893	6	6	5.128205128205129	98		1
plsdb	MPF_C	0.5	316	1890567	6	6	5.128205128205129	194		1
plsdb	MPF_C	0.5	317	3225774	6	6	5.128205128205129	156		1
plsdb	MPF_C	0.5	318	3225780	6	6	5.128205128205129	87		1
plsdb	MPF_C	0.5	319	3091181	6	6	5.128205128205129	212		1
plsdb	MPF_C	0.5	320	133083	6	6	5.128205128205129	224		1
plsdb	MPF_C	0.5	321	2269728	6	6	5.128205128205129	150		1
plsdb	MPF_C	0.5	322	475014	6	6	5.128205128205129	79		1
plsdb	MPF_C	0.5	323	583662	6	6	5.128205128205129	122		1
plsdb	MPF_C	0.5	324	610754	6	6	5.128205128205129	118		1
plsdb	MPF_C	0.5	325	610811	6	6	5.128205128205129	62		1
plsdb	MPF_C	0.5	326	819497	6	6	5.128205128205129	57		1
plsdb	MPF_C	0.5	327	819540	7	6	5.128205128205129	122		1
plsdb	MPF_C	0.5	328	1374759	6	6	5.128205128205129	53		1
plsdb	MPF_C	0.5	329	1374779	6	6	5.128205128205129	64		1
plsdb	MPF_C	0.5	330	474860	6	6	5.128205128205129	167		1
plsdb	MPF_C	0.5	331	474913	6	6	5.128205128205129	144		1
plsdb	MPF_C	0.5	332	475145	6	6	5.128205128205129	162		1
plsdb	MPF_C	0.5	333	534642	6	6	5.128205128205129	67		1
plsdb	MPF_C	0.5	334	534666	7	6	5.128205128205129	92		1
plsdb	MPF_C	0.5	335	534705	6	6	5.128205128205129	199		1
plsdb	MPF_C	0.5	336	2963870	6	6	5.128205128205129	194		1
plsdb	MPF_C	0.5	337	991399	6	6	5.128205128205129	159		1
plsdb	MPF_C	0.5	338	1384444	6	6	5.128205128205129	135		1
plsdb	MPF_C	0.5	339	3933548	7	6	5.128205128205129	166		1
plsdb	MPF_C	0.5	340	3776065	6	6	5.128205128205129	141		1
plsdb	MPF_C	0.5	341	3794518	6	6	5.128205128205129	76		1
plsdb	MPF_C	0.5	342	1236902	6	6	5.128205128205129	250		1
plsdb	MPF_C	0.5	343	3106066	6	6	5.128205128205129	217		1
plsdb	MPF_C	0.5	344	3106072	6	6	5.128205128205129	136		1
plsdb	MPF_C	0.5	345	759280	8	6	5.128205128205129	79		1
plsdb	MPF_C	0.5	346	864595	7	6	5.128205128205129	243		1
plsdb	MPF_C	0.5	347	307246	6	6	5.128205128205129	169		1
plsdb	MPF_C	0.5	348	307289	6	6	5.128205128205129	60		1
plsdb	MPF_C	0.5	349	1460457	7	6	5.128205128205129	222		1
plsdb	MPF_C	0.5	350	2402836	6	6	5.128205128205129	53		1
plsdb	MPF_C	0.5	351	3225819	6	6	5.128205128205129	140		1
plsdb	MPF_C	0.5	352	1532496	6	6	5.128205128205129	103		1
plsdb	MPF_C	0.5	353	1671374	7	6	5.128205128205129	217		1
plsdb	MPF_C	0.5	354	575169	7	6	5.128205128205129	119		1
plsdb	MPF_C	0.5	355	819560	6	6	5.128205128205129	111		1
plsdb	MPF_C	0.5	356	819590	8	6	5.128205128205129	129		1
plsdb	MPF_C	0.5	357	952107	6	6	5.128205128205129	104		1
plsdb	MPF_C	0.5	358	1248208	6	6	5.128205128205129	126		1
plsdb	MPF_C	0.5	359	865801	6	6	5.128205128205129	181		1
plsdb	MPF_C	0.5	360	2269527	7	6	5.128205128205129	152		1
plsdb	MPF_C	0.5	361	2269528	7	6	5.128205128205129	76		1
plsdb	MPF_C	0.5	362	2269578	8	6	5.128205128205129	149		1
plsdb	MPF_C	0.5	363	952198	5	5	4.273504273504273	183		1
plsdb	MPF_C	0.5	364	952251	5	5	4.273504273504273	214		1
plsdb	MPF_C	0.5	365	952260	5	5	4.273504273504273	108		1
plsdb	MPF_C	0.5	366	1331907	5	5	4.273504273504273	151		1
plsdb	MPF_C	0.5	367	1237313	5	5	4.273504273504273	241		1
plsdb	MPF_C	0.5	368	1358904	6	5	4.273504273504273	109		1
plsdb	MPF_C	0.5	369	1384498	5	5	4.273504273504273	168		1
plsdb	MPF_C	0.5	370	1547513	6	5	4.273504273504273	150		1
plsdb	MPF_C	0.5	371	28980	5	5	4.273504273504273	121		1
plsdb	MPF_C	0.5	372	1909120	5	5	4.273504273504273	247		1
plsdb	MPF_C	0.5	373	2122649	5	5	4.273504273504273	123		1
plsdb	MPF_C	0.5	374	2752549	5	5	4.273504273504273	169		1
plsdb	MPF_C	0.5	375	3079828	5	5	4.273504273504273	212		1
plsdb	MPF_C	0.5	376	3741791	11	5	4.273504273504273	190		1
plsdb	MPF_C	0.5	377	3916172	5	5	4.273504273504273	82		1
plsdb	MPF_C	0.5	378	3916211	5	5	4.273504273504273	105		1
plsdb	MPF_C	0.5	379	307214	5	5	4.273504273504273	120		1
plsdb	MPF_C	0.5	380	475073	5	5	4.273504273504273	209		1
plsdb	MPF_C	0.5	381	1237399	5	5	4.273504273504273	230		1
plsdb	MPF_C	0.5	382	1237404	5	5	4.273504273504273	125		1
plsdb	MPF_C	0.5	383	1532221	5	5	4.273504273504273	174		1
plsdb	MPF_C	0.5	384	3019768	6	5	4.273504273504273	92		1
plsdb	MPF_C	0.5	385	3079933	5	5	4.273504273504273	152		1
plsdb	MPF_C	0.5	386	471454	5	5	4.273504273504273	199		1
plsdb	MPF_C	0.5	387	471463	5	5	4.273504273504273	214		1
plsdb	MPF_C	0.5	388	2263118	5	5	4.273504273504273	235		1
plsdb	MPF_C	0.5	389	2834464	5	5	4.273504273504273	143		1
plsdb	MPF_C	0.5	390	3019943	5	5	4.273504273504273	243		1
plsdb	MPF_C	0.5	391	3749526	6	5	4.273504273504273	108		1
plsdb	MPF_C	0.5	392	117668	5	5	4.273504273504273	211		1
plsdb	MPF_C	0.5	393	1854915	5	5	4.273504273504273	136		1
plsdb	MPF_C	0.5	394	1890521	5	5	4.273504273504273	90		1
plsdb	MPF_C	0.5	395	2046804	5	5	4.273504273504273	133		1
plsdb	MPF_C	0.5	396	2046844	5	5	4.273504273504273	146		1
plsdb	MPF_C	0.5	397	2731809	5	5	4.273504273504273	83		1
plsdb	MPF_C	0.5	398	2731810	5	5	4.273504273504273	70		1
plsdb	MPF_C	0.5	399	2731812	5	5	4.273504273504273	145		1
plsdb	MPF_C	0.5	400	2731813	6	5	4.273504273504273	135		1
plsdb	MPF_C	0.7	1	3354405	31	29	24.786324786324787	226		1
plsdb	MPF_C	0.7	2	1547598	27	26	22.22222222222222	69		1
plsdb	MPF_C	0.7	3	1532294	37	26	22.22222222222222	199		1
plsdb	MPF_C	0.7	4	1044036	25	21	17.94871794871795	83		1
plsdb	MPF_C	0.7	5	2269004	24	20	17.094017094017094	130		1
plsdb	MPF_C	0.7	6	2046864	20	19	16.23931623931624	96		1
plsdb	MPF_C	0.7	7	471442	19	19	16.23931623931624	239		1
plsdb	MPF_C	0.7	8	4008260	20	18	15.384615384615385	137		1
plsdb	MPF_C	0.7	9	3411574	22	17	14.52991452991453	114		1
plsdb	MPF_C	0.7	10	1460243	24	17	14.52991452991453	152		1
plsdb	MPF_C	0.7	11	1671075	18	17	14.52991452991453	149		1
plsdb	MPF_C	0.7	12	1733306	17	17	14.52991452991453	155		1
plsdb	MPF_C	0.7	13	3019891	22	16	13.675213675213675	108		1
plsdb	MPF_C	0.7	14	534943	18	16	13.675213675213675	97		1
plsdb	MPF_C	0.7	15	1890414	20	16	13.675213675213675	230		1
plsdb	MPF_C	0.7	16	1890440	17	16	13.675213675213675	90		1
plsdb	MPF_C	0.7	17	3185890	17	16	13.675213675213675	186		1
plsdb	MPF_C	0.7	18	3411571	19	15	12.820512820512821	86		1
plsdb	MPF_C	0.7	19	534802	17	15	12.820512820512821	146		1
plsdb	MPF_C	0.7	20	3251336	14	14	11.965811965811966	231		1
plsdb	MPF_C	0.7	21	819628	14	14	11.965811965811966	164		1
plsdb	MPF_C	0.7	22	96977	14	14	11.965811965811966	150		1
plsdb	MPF_C	0.7	23	4021029	15	14	11.965811965811966	184		1
plsdb	MPF_C	0.7	24	3019651	14	14	11.965811965811966	71		1
plsdb	MPF_C	0.7	25	1547436	18	14	11.965811965811966	95		1
plsdb	MPF_C	0.7	26	28895	14	14	11.965811965811966	176		1
plsdb	MPF_C	0.7	27	759305	14	14	11.965811965811966	240		1
plsdb	MPF_C	0.7	28	2269123	19	14	11.965811965811966	69		1
plsdb	MPF_C	0.7	29	2269166	17	14	11.965811965811966	106		1
plsdb	MPF_C	0.7	30	3776095	13	13	11.11111111111111	208		1
plsdb	MPF_C	0.7	31	97110	13	13	11.11111111111111	200		1
plsdb	MPF_C	0.7	32	1817649	13	13	11.11111111111111	89		1
plsdb	MPF_C	0.7	33	3380425	16	13	11.11111111111111	101		1
plsdb	MPF_C	0.7	34	96980	13	13	11.11111111111111	93		1
plsdb	MPF_C	0.7	35	3749296	13	13	11.11111111111111	217		1
plsdb	MPF_C	0.7	36	1332077	14	13	11.11111111111111	117		1
plsdb	MPF_C	0.7	37	3079919	13	13	11.11111111111111	64		1
plsdb	MPF_C	0.7	38	28804	20	13	11.11111111111111	67		1
plsdb	MPF_C	0.7	39	28846	13	13	11.11111111111111	89		1
plsdb	MPF_C	0.7	40	1929199	14	13	11.11111111111111	189		1
plsdb	MPF_C	0.7	41	759283	14	13	11.11111111111111	69		1
plsdb	MPF_C	0.7	42	1532451	15	12	10.256410256410257	188		1
plsdb	MPF_C	0.7	43	3354404	14	12	10.256410256410257	155		1
plsdb	MPF_C	0.7	44	97109	12	12	10.256410256410257	149		1
plsdb	MPF_C	0.7	45	97112	12	12	10.256410256410257	99		1
plsdb	MPF_C	0.7	46	307222	12	12	10.256410256410257	206		1
plsdb	MPF_C	0.7	47	1384344	13	12	10.256410256410257	123		1
plsdb	MPF_C	0.7	48	1671119	12	12	10.256410256410257	124		1
plsdb	MPF_C	0.7	49	96962	12	12	10.256410256410257	132		1
plsdb	MPF_C	0.7	50	96965	12	12	10.256410256410257	72		1
plsdb	MPF_C	0.7	51	96968	12	12	10.256410256410257	162		1
plsdb	MPF_C	0.7	52	96973	12	12	10.256410256410257	154		1
plsdb	MPF_C	0.7	53	96974	12	12	10.256410256410257	159		1
plsdb	MPF_C	0.7	54	97007	12	12	10.256410256410257	139		1
plsdb	MPF_C	0.7	55	97008	12	12	10.256410256410257	127		1
plsdb	MPF_C	0.7	56	610879	12	12	10.256410256410257	247		1
plsdb	MPF_C	0.7	57	1910073	12	12	10.256410256410257	55		1
plsdb	MPF_C	0.7	58	1671232	12	12	10.256410256410257	119		1
plsdb	MPF_C	0.7	59	991508	12	12	10.256410256410257	137		1
plsdb	MPF_C	0.7	60	1332069	13	12	10.256410256410257	170		1
plsdb	MPF_C	0.7	61	3254115	12	12	10.256410256410257	82		1
plsdb	MPF_C	0.7	62	583766	12	12	10.256410256410257	178		1
plsdb	MPF_C	0.7	63	307254	12	12	10.256410256410257	195		1
plsdb	MPF_C	0.7	64	307286	12	12	10.256410256410257	192		1
plsdb	MPF_C	0.7	65	1532325	12	12	10.256410256410257	136		1
plsdb	MPF_C	0.7	66	1547376	11	11	9.401709401709402	136		1
plsdb	MPF_C	0.7	67	2245616	11	11	9.401709401709402	224		1
plsdb	MPF_C	0.7	68	97028	11	11	9.401709401709402	240		1
plsdb	MPF_C	0.7	69	97029	11	11	9.401709401709402	242		1
plsdb	MPF_C	0.7	70	97030	11	11	9.401709401709402	140		1
plsdb	MPF_C	0.7	71	97108	11	11	9.401709401709402	122		1
plsdb	MPF_C	0.7	72	1909891	11	11	9.401709401709402	81		1
plsdb	MPF_C	0.7	73	1384268	12	11	9.401709401709402	107		1
plsdb	MPF_C	0.7	74	600118	11	11	9.401709401709402	142		1
plsdb	MPF_C	0.7	75	534944	12	11	9.401709401709402	246		1
plsdb	MPF_C	0.7	76	96963	11	11	9.401709401709402	206		1
plsdb	MPF_C	0.7	77	96969	11	11	9.401709401709402	113		1
plsdb	MPF_C	0.7	78	96976	11	11	9.401709401709402	168		1
plsdb	MPF_C	0.7	79	97024	11	11	9.401709401709402	116		1
plsdb	MPF_C	0.7	80	97025	11	11	9.401709401709402	227		1
plsdb	MPF_C	0.7	81	97027	11	11	9.401709401709402	198		1
plsdb	MPF_C	0.7	82	3119630	11	11	9.401709401709402	177		1
plsdb	MPF_C	0.7	83	629479	11	11	9.401709401709402	197		1
plsdb	MPF_C	0.7	84	3019663	12	11	9.401709401709402	71		1
plsdb	MPF_C	0.7	85	2250345	11	11	9.401709401709402	110		1
plsdb	MPF_C	0.7	86	3776058	11	11	9.401709401709402	162		1
plsdb	MPF_C	0.7	87	610946	11	11	9.401709401709402	128		1
plsdb	MPF_C	0.7	88	3933429	11	11	9.401709401709402	188		1
plsdb	MPF_C	0.7	89	3254057	11	11	9.401709401709402	130		1
plsdb	MPF_C	0.7	90	3794630	11	11	9.401709401709402	184		1
plsdb	MPF_C	0.7	91	307270	11	11	9.401709401709402	187		1
plsdb	MPF_C	0.7	92	307271	11	11	9.401709401709402	179		1
plsdb	MPF_C	0.7	93	307288	11	11	9.401709401709402	188		1
plsdb	MPF_C	0.7	94	307315	11	11	9.401709401709402	248		1
plsdb	MPF_C	0.7	95	307318	11	11	9.401709401709402	160		1
plsdb	MPF_C	0.7	96	1100477	11	11	9.401709401709402	216		1
plsdb	MPF_C	0.7	97	3049330	11	11	9.401709401709402	115		1
plsdb	MPF_C	0.7	98	132992	11	11	9.401709401709402	201		1
plsdb	MPF_C	0.7	99	2046612	10	10	8.547008547008547	241		1
plsdb	MPF_C	0.7	100	1460485	12	10	8.547008547008547	91		1
plsdb	MPF_C	0.7	101	759238	12	10	8.547008547008547	75		1
plsdb	MPF_C	0.7	102	2486631	10	10	8.547008547008547	80		1
plsdb	MPF_C	0.7	103	1384546	10	10	8.547008547008547	65		1
plsdb	MPF_C	0.7	104	865681	10	10	8.547008547008547	72		1
plsdb	MPF_C	0.7	105	819585	10	10	8.547008547008547	101		1
plsdb	MPF_C	0.7	106	3741811	10	10	8.547008547008547	83		1
plsdb	MPF_C	0.7	107	534878	10	10	8.547008547008547	189		1
plsdb	MPF_C	0.7	108	534899	10	10	8.547008547008547	224		1
plsdb	MPF_C	0.7	109	3253944	10	10	8.547008547008547	161		1
plsdb	MPF_C	0.7	110	474928	14	10	8.547008547008547	127		1
plsdb	MPF_C	0.7	111	1460424	11	10	8.547008547008547	73		1
plsdb	MPF_C	0.7	112	307337	10	10	8.547008547008547	223		1
plsdb	MPF_C	0.7	113	759272	10	10	8.547008547008547	85		1
plsdb	MPF_C	0.7	114	1929370	9	9	7.6923076923076925	151		1
plsdb	MPF_C	0.7	115	3875830	9	9	7.6923076923076925	65		1
plsdb	MPF_C	0.7	116	759215	11	9	7.6923076923076925	99		1
plsdb	MPF_C	0.7	117	97137	9	9	7.6923076923076925	110		1
plsdb	MPF_C	0.7	118	2269562	15	9	7.6923076923076925	126		1
plsdb	MPF_C	0.7	119	340927	9	9	7.6923076923076925	250		1
plsdb	MPF_C	0.7	120	1484212	9	9	7.6923076923076925	234		1
plsdb	MPF_C	0.7	121	3741806	9	9	7.6923076923076925	147		1
plsdb	MPF_C	0.7	122	307174	9	9	7.6923076923076925	228		1
plsdb	MPF_C	0.7	123	307204	9	9	7.6923076923076925	162		1
plsdb	MPF_C	0.7	124	307216	9	9	7.6923076923076925	225		1
plsdb	MPF_C	0.7	125	534785	11	9	7.6923076923076925	66		1
plsdb	MPF_C	0.7	126	1460228	9	9	7.6923076923076925	123		1
plsdb	MPF_C	0.7	127	2269726	11	9	7.6923076923076925	169		1
plsdb	MPF_C	0.7	128	307305	9	9	7.6923076923076925	151		1
plsdb	MPF_C	0.7	129	1100520	9	9	7.6923076923076925	133		1
plsdb	MPF_C	0.7	130	2055294	9	9	7.6923076923076925	170		1
plsdb	MPF_C	0.7	131	1929740	9	9	7.6923076923076925	209		1
plsdb	MPF_C	0.7	132	747183	9	9	7.6923076923076925	245		1
plsdb	MPF_C	0.7	133	2363069	8	8	6.837606837606837	127		1
plsdb	MPF_C	0.7	134	3411582	8	8	6.837606837606837	91		1
plsdb	MPF_C	0.7	135	1460247	9	8	6.837606837606837	220		1
plsdb	MPF_C	0.7	136	474905	9	8	6.837606837606837	126		1
plsdb	MPF_C	0.7	137	1237392	8	8	6.837606837606837	165		1
plsdb	MPF_C	0.7	138	97044	8	8	6.837606837606837	161		1
plsdb	MPF_C	0.7	139	97107	8	8	6.837606837606837	73		1
plsdb	MPF_C	0.7	140	97120	8	8	6.837606837606837	174		1
plsdb	MPF_C	0.7	141	1384495	8	8	6.837606837606837	156		1
plsdb	MPF_C	0.7	142	1384550	9	8	6.837606837606837	102		1
plsdb	MPF_C	0.7	143	3354310	8	8	6.837606837606837	189		1
plsdb	MPF_C	0.7	144	1374599	8	8	6.837606837606837	111		1
plsdb	MPF_C	0.7	145	3091051	8	8	6.837606837606837	107		1
plsdb	MPF_C	0.7	146	3019882	8	8	6.837606837606837	153		1
plsdb	MPF_C	0.7	147	96991	8	8	6.837606837606837	64		1
plsdb	MPF_C	0.7	148	96998	8	8	6.837606837606837	192		1
plsdb	MPF_C	0.7	149	97022	8	8	6.837606837606837	67		1
plsdb	MPF_C	0.7	150	534778	9	8	6.837606837606837	139		1
plsdb	MPF_C	0.7	151	534803	8	8	6.837606837606837	121		1
plsdb	MPF_C	0.7	152	1439741	9	8	6.837606837606837	201		1
plsdb	MPF_C	0.7	153	474920	8	8	6.837606837606837	138		1
plsdb	MPF_C	0.7	154	575019	8	8	6.837606837606837	154		1
plsdb	MPF_C	0.7	155	1460376	9	8	6.837606837606837	110		1
plsdb	MPF_C	0.7	156	28800	8	8	6.837606837606837	78		1
plsdb	MPF_C	0.7	157	307309	8	8	6.837606837606837	80		1
plsdb	MPF_C	0.7	158	307328	8	8	6.837606837606837	95		1
plsdb	MPF_C	0.7	159	133052	8	8	6.837606837606837	84		1
plsdb	MPF_C	0.7	160	28908	8	8	6.837606837606837	217		1
plsdb	MPF_C	0.7	161	1374517	7	7	5.982905982905983	144		1
plsdb	MPF_C	0.7	162	1374522	7	7	5.982905982905983	138		1
plsdb	MPF_C	0.7	163	1374530	7	7	5.982905982905983	180		1
plsdb	MPF_C	0.7	164	759384	7	7	5.982905982905983	156		1
plsdb	MPF_C	0.7	165	819525	8	7	5.982905982905983	90		1
plsdb	MPF_C	0.7	166	3225779	7	7	5.982905982905983	184		1
plsdb	MPF_C	0.7	167	2046611	7	7	5.982905982905983	171		1
plsdb	MPF_C	0.7	168	629401	7	7	5.982905982905983	152		1
plsdb	MPF_C	0.7	169	1384440	10	7	5.982905982905983	168		1
plsdb	MPF_C	0.7	170	759189	7	7	5.982905982905983	133		1
plsdb	MPF_C	0.7	171	474914	7	7	5.982905982905983	63		1
plsdb	MPF_C	0.7	172	3106157	7	7	5.982905982905983	118		1
plsdb	MPF_C	0.7	173	3119422	7	7	5.982905982905983	144		1
plsdb	MPF_C	0.7	174	1733241	11	7	5.982905982905983	166		1
plsdb	MPF_C	0.7	175	952237	7	7	5.982905982905983	143		1
plsdb	MPF_C	0.7	176	1318370	7	7	5.982905982905983	192		1
plsdb	MPF_C	0.7	177	1384570	7	7	5.982905982905983	149		1
plsdb	MPF_C	0.7	178	3354288	7	7	5.982905982905983	208		1
plsdb	MPF_C	0.7	179	3119498	10	7	5.982905982905983	65		1
plsdb	MPF_C	0.7	180	307166	7	7	5.982905982905983	161		1
plsdb	MPF_C	0.7	181	307205	7	7	5.982905982905983	104		1
plsdb	MPF_C	0.7	182	307212	7	7	5.982905982905983	112		1
plsdb	MPF_C	0.7	183	3019924	7	7	5.982905982905983	118		1
plsdb	MPF_C	0.7	184	475113	8	7	5.982905982905983	234		1
plsdb	MPF_C	0.7	185	1671358	9	7	5.982905982905983	67		1
plsdb	MPF_C	0.7	186	3749227	7	7	5.982905982905983	96		1
plsdb	MPF_C	0.7	187	1460225	7	7	5.982905982905983	84		1
plsdb	MPF_C	0.7	188	1439813	7	7	5.982905982905983	122		1
plsdb	MPF_C	0.7	189	1547752	7	7	5.982905982905983	226		1
plsdb	MPF_C	0.7	190	629451	7	7	5.982905982905983	126		1
plsdb	MPF_C	0.7	191	3019660	10	7	5.982905982905983	91		1
plsdb	MPF_C	0.7	192	2250108	11	7	5.982905982905983	164		1
plsdb	MPF_C	0.7	193	629317	7	7	5.982905982905983	136		1
plsdb	MPF_C	0.7	194	583770	8	7	5.982905982905983	52		1
plsdb	MPF_C	0.7	195	1237125	11	7	5.982905982905983	176		1
plsdb	MPF_C	0.7	196	475209	8	7	5.982905982905983	116		1
plsdb	MPF_C	0.7	197	952295	7	7	5.982905982905983	148		1
plsdb	MPF_C	0.7	198	952300	7	7	5.982905982905983	183		1
plsdb	MPF_C	0.7	199	3794644	7	7	5.982905982905983	239		1
plsdb	MPF_C	0.7	200	307302	7	7	5.982905982905983	66		1
plsdb	MPF_C	0.7	201	534661	8	7	5.982905982905983	65		1
plsdb	MPF_C	0.7	202	3019850	7	7	5.982905982905983	137		1
plsdb	MPF_C	0.7	203	3933562	7	7	5.982905982905983	159		1
plsdb	MPF_C	0.7	204	3049380	7	7	5.982905982905983	185		1
plsdb	MPF_C	0.7	205	133014	7	7	5.982905982905983	116		1
plsdb	MPF_C	0.7	206	3157848	6	6	5.128205128205129	181		1
plsdb	MPF_C	0.7	207	1374534	6	6	5.128205128205129	103		1
plsdb	MPF_C	0.7	208	1374543	6	6	5.128205128205129	245		1
plsdb	MPF_C	0.7	209	759379	6	6	5.128205128205129	77		1
plsdb	MPF_C	0.7	210	759382	6	6	5.128205128205129	130		1
plsdb	MPF_C	0.7	211	819495	6	6	5.128205128205129	135		1
plsdb	MPF_C	0.7	212	819497	6	6	5.128205128205129	57		1
plsdb	MPF_C	0.7	213	819504	6	6	5.128205128205129	76		1
plsdb	MPF_C	0.7	214	819508	6	6	5.128205128205129	233		1
plsdb	MPF_C	0.7	215	819539	6	6	5.128205128205129	105		1
plsdb	MPF_C	0.7	216	819544	6	6	5.128205128205129	76		1
plsdb	MPF_C	0.7	217	819551	6	6	5.128205128205129	140		1
plsdb	MPF_C	0.7	218	1547512	6	6	5.128205128205129	229		1
plsdb	MPF_C	0.7	219	1460354	7	6	5.128205128205129	65		1
plsdb	MPF_C	0.7	220	3106058	6	6	5.128205128205129	232		1
plsdb	MPF_C	0.7	221	3106066	6	6	5.128205128205129	217		1
plsdb	MPF_C	0.7	222	3106072	6	6	5.128205128205129	136		1
plsdb	MPF_C	0.7	223	3875800	6	6	5.128205128205129	188		1
plsdb	MPF_C	0.7	224	1460457	7	6	5.128205128205129	222		1
plsdb	MPF_C	0.7	225	3380257	6	6	5.128205128205129	159		1
plsdb	MPF_C	0.7	226	1374779	6	6	5.128205128205129	64		1
plsdb	MPF_C	0.7	227	3251362	6	6	5.128205128205129	104		1
plsdb	MPF_C	0.7	228	474913	6	6	5.128205128205129	144		1
plsdb	MPF_C	0.7	229	1237388	6	6	5.128205128205129	171		1
plsdb	MPF_C	0.7	230	575169	7	6	5.128205128205129	119		1
plsdb	MPF_C	0.7	231	952247	6	6	5.128205128205129	207		1
plsdb	MPF_C	0.7	232	2269528	7	6	5.128205128205129	76		1
plsdb	MPF_C	0.7	233	2269578	8	6	5.128205128205129	149		1
plsdb	MPF_C	0.7	234	610760	7	6	5.128205128205129	139		1
plsdb	MPF_C	0.7	235	610811	6	6	5.128205128205129	62		1
plsdb	MPF_C	0.7	236	1374661	6	6	5.128205128205129	116		1
plsdb	MPF_C	0.7	237	340894	6	6	5.128205128205129	201		1
plsdb	MPF_C	0.7	238	340900	6	6	5.128205128205129	136		1
plsdb	MPF_C	0.7	239	1908947	7	6	5.128205128205129	182		1
plsdb	MPF_C	0.7	240	3157779	6	6	5.128205128205129	68		1
plsdb	MPF_C	0.7	241	307350	6	6	5.128205128205129	157		1
plsdb	MPF_C	0.7	242	307351	6	6	5.128205128205129	231		1
plsdb	MPF_C	0.7	243	307355	6	6	5.128205128205129	233		1
plsdb	MPF_C	0.7	244	307360	6	6	5.128205128205129	162		1
plsdb	MPF_C	0.7	245	307364	6	6	5.128205128205129	225		1
plsdb	MPF_C	0.7	246	819584	6	6	5.128205128205129	124		1
plsdb	MPF_C	0.7	247	819590	8	6	5.128205128205129	129		1
plsdb	MPF_C	0.7	248	1615754	6	6	5.128205128205129	232		1
plsdb	MPF_C	0.7	249	1358738	6	6	5.128205128205129	120		1
plsdb	MPF_C	0.7	250	1318443	6	6	5.128205128205129	108		1
plsdb	MPF_C	0.7	251	307170	6	6	5.128205128205129	119		1
plsdb	MPF_C	0.7	252	307211	6	6	5.128205128205129	84		1
plsdb	MPF_C	0.7	253	3380322	6	6	5.128205128205129	226		1
plsdb	MPF_C	0.7	254	475039	6	6	5.128205128205129	166		1
plsdb	MPF_C	0.7	255	1671374	7	6	5.128205128205129	217		1
plsdb	MPF_C	0.7	256	534794	7	6	5.128205128205129	106		1
plsdb	MPF_C	0.7	257	474952	6	6	5.128205128205129	165		1
plsdb	MPF_C	0.7	258	1248244	6	6	5.128205128205129	88		1
plsdb	MPF_C	0.7	259	1532223	6	6	5.128205128205129	133		1
plsdb	MPF_C	0.7	260	1532252	6	6	5.128205128205129	135		1
plsdb	MPF_C	0.7	261	471470	6	6	5.128205128205129	182		1
plsdb	MPF_C	0.7	262	1909112	7	6	5.128205128205129	172		1
plsdb	MPF_C	0.7	263	1043929	6	6	5.128205128205129	93		1
plsdb	MPF_C	0.7	264	1854883	6	6	5.128205128205129	240		1
plsdb	MPF_C	0.7	265	2269728	6	6	5.128205128205129	150		1
plsdb	MPF_C	0.7	266	3254083	6	6	5.128205128205129	118		1
plsdb	MPF_C	0.7	267	475139	6	6	5.128205128205129	87		1
plsdb	MPF_C	0.7	268	475145	6	6	5.128205128205129	162		1
plsdb	MPF_C	0.7	269	475199	7	6	5.128205128205129	165		1
plsdb	MPF_C	0.7	270	475202	7	6	5.128205128205129	126		1
plsdb	MPF_C	0.7	271	2402836	6	6	5.128205128205129	53		1
plsdb	MPF_C	0.7	272	1547434	7	6	5.128205128205129	151		1
plsdb	MPF_C	0.7	273	307289	6	6	5.128205128205129	60		1
plsdb	MPF_C	0.7	274	534726	6	6	5.128205128205129	168		1
plsdb	MPF_C	0.7	275	3933548	7	6	5.128205128205129	166		1
plsdb	MPF_C	0.7	276	1100454	6	6	5.128205128205129	156		1
plsdb	MPF_C	0.7	277	28904	6	6	5.128205128205129	108		1
plsdb	MPF_C	0.7	278	4008282	6	6	5.128205128205129	110		1
plsdb	MPF_C	0.7	279	2269119	7	6	5.128205128205129	92		1
plsdb	MPF_C	0.7	280	1890521	5	5	4.273504273504273	90		1
plsdb	MPF_C	0.7	281	1890544	5	5	4.273504273504273	97		1
plsdb	MPF_C	0.7	282	2731810	5	5	4.273504273504273	70		1
plsdb	MPF_C	0.7	283	2731813	6	5	4.273504273504273	135		1
plsdb	MPF_C	0.7	284	1547594	6	5	4.273504273504273	138		1
plsdb	MPF_C	0.7	285	3157849	5	5	4.273504273504273	107		1
plsdb	MPF_C	0.7	286	819496	5	5	4.273504273504273	110		1
plsdb	MPF_C	0.7	287	819540	5	5	4.273504273504273	122		1
plsdb	MPF_C	0.7	288	819541	5	5	4.273504273504273	73		1
plsdb	MPF_C	0.7	289	819542	5	5	4.273504273504273	165		1
plsdb	MPF_C	0.7	290	819547	5	5	4.273504273504273	73		1
plsdb	MPF_C	0.7	291	819548	5	5	4.273504273504273	250		1
plsdb	MPF_C	0.7	292	1547443	5	5	4.273504273504273	224		1
plsdb	MPF_C	0.7	293	1547513	5	5	4.273504273504273	150		1
plsdb	MPF_C	0.7	294	629393	5	5	4.273504273504273	108		1
plsdb	MPF_C	0.7	295	1384444	5	5	4.273504273504273	135		1
plsdb	MPF_C	0.7	296	583813	6	5	4.273504273504273	201		1
plsdb	MPF_C	0.7	297	583862	5	5	4.273504273504273	152		1
plsdb	MPF_C	0.7	298	3875828	5	5	4.273504273504273	109		1
plsdb	MPF_C	0.7	299	865732	5	5	4.273504273504273	185		1
plsdb	MPF_C	0.7	300	1460481	5	5	4.273504273504273	68		1
plsdb	MPF_C	0.7	301	1484157	5	5	4.273504273504273	128		1
plsdb	MPF_C	0.7	302	3354402	5	5	4.273504273504273	137		1
plsdb	MPF_C	0.7	303	1374759	5	5	4.273504273504273	53		1
plsdb	MPF_C	0.7	304	474889	5	5	4.273504273504273	108		1
plsdb	MPF_C	0.7	305	1237399	5	5	4.273504273504273	230		1
plsdb	MPF_C	0.7	306	2250277	5	5	4.273504273504273	233		1
plsdb	MPF_C	0.7	307	952251	5	5	4.273504273504273	214		1
plsdb	MPF_C	0.7	308	952260	5	5	4.273504273504273	108		1
plsdb	MPF_C	0.7	309	1318363	5	5	4.273504273504273	198		1
plsdb	MPF_C	0.7	310	1318373	5	5	4.273504273504273	145		1
plsdb	MPF_C	0.7	311	1318376	5	5	4.273504273504273	230		1
plsdb	MPF_C	0.7	312	97063	5	5	4.273504273504273	58		1
plsdb	MPF_C	0.7	313	97136	5	5	4.273504273504273	101		1
plsdb	MPF_C	0.7	314	3354283	5	5	4.273504273504273	212		1
plsdb	MPF_C	0.7	315	610749	5	5	4.273504273504273	70		1
plsdb	MPF_C	0.7	316	610754	5	5	4.273504273504273	117		1
plsdb	MPF_C	0.7	317	1358904	5	5	4.273504273504273	109		1
plsdb	MPF_C	0.7	318	865699	9	5	4.273504273504273	146		1
plsdb	MPF_C	0.7	319	865712	5	5	4.273504273504273	179		1
plsdb	MPF_C	0.7	320	865713	5	5	4.273504273504273	133		1
plsdb	MPF_C	0.7	321	3157789	5	5	4.273504273504273	218		1
plsdb	MPF_C	0.7	322	2245621	5	5	4.273504273504273	232		1
plsdb	MPF_C	0.7	323	307359	5	5	4.273504273504273	157		1
plsdb	MPF_C	0.7	324	307361	5	5	4.273504273504273	161		1
plsdb	MPF_C	0.7	325	307366	5	5	4.273504273504273	127		1
plsdb	MPF_C	0.7	326	307368	5	5	4.273504273504273	63		1
plsdb	MPF_C	0.7	327	2055242	5	5	4.273504273504273	205		1
plsdb	MPF_C	0.7	328	3091053	5	5	4.273504273504273	90		1
plsdb	MPF_C	0.7	329	819560	5	5	4.273504273504273	111		1
plsdb	MPF_C	0.7	330	2269202	6	5	4.273504273504273	156		1
plsdb	MPF_C	0.7	331	2269240	5	5	4.273504273504273	228		1
plsdb	MPF_C	0.7	332	3157939	5	5	4.273504273504273	242		1
plsdb	MPF_C	0.7	333	3185789	5	5	4.273504273504273	63		1
plsdb	MPF_C	0.7	334	1318397	5	5	4.273504273504273	68		1
plsdb	MPF_C	0.7	335	1318398	5	5	4.273504273504273	85		1
plsdb	MPF_C	0.7	336	1318442	5	5	4.273504273504273	120		1
plsdb	MPF_C	0.7	337	307184	5	5	4.273504273504273	147		1
plsdb	MPF_C	0.7	338	307196	5	5	4.273504273504273	122		1
plsdb	MPF_C	0.7	339	307200	5	5	4.273504273504273	64		1
plsdb	MPF_C	0.7	340	3380409	5	5	4.273504273504273	66		1
plsdb	MPF_C	0.7	341	1291999	8	5	4.273504273504273	63		1
plsdb	MPF_C	0.7	342	1909002	5	5	4.273504273504273	212		1
plsdb	MPF_C	0.7	343	96989	5	5	4.273504273504273	118		1
plsdb	MPF_C	0.7	344	96993	5	5	4.273504273504273	109		1
plsdb	MPF_C	0.7	345	97002	5	5	4.273504273504273	113		1
plsdb	MPF_C	0.7	346	3749251	5	5	4.273504273504273	241		1
plsdb	MPF_C	0.7	347	2834464	5	5	4.273504273504273	143		1
plsdb	MPF_C	0.7	348	534740	6	5	4.273504273504273	82		1
plsdb	MPF_C	0.7	349	2046844	5	5	4.273504273504273	146		1
plsdb	MPF_C	0.7	350	1547745	6	5	4.273504273504273	93		1
plsdb	MPF_C	0.7	351	474934	6	5	4.273504273504273	84		1
plsdb	MPF_C	0.7	352	474959	5	5	4.273504273504273	208		1
plsdb	MPF_C	0.7	353	474979	5	5	4.273504273504273	129		1
plsdb	MPF_C	0.7	354	475014	5	5	4.273504273504273	79		1
plsdb	MPF_C	0.7	355	1248235	5	5	4.273504273504273	155		1
plsdb	MPF_C	0.7	356	583662	5	5	4.273504273504273	122		1
plsdb	MPF_C	0.7	357	1532290	5	5	4.273504273504273	132		1
plsdb	MPF_C	0.7	358	2263118	5	5	4.273504273504273	235		1
plsdb	MPF_C	0.7	359	471463	5	5	4.273504273504273	214		1
plsdb	MPF_C	0.7	360	1909120	5	5	4.273504273504273	247		1
plsdb	MPF_C	0.7	361	3749450	5	5	4.273504273504273	85		1
plsdb	MPF_C	0.7	362	3749462	5	5	4.273504273504273	63		1
plsdb	MPF_C	0.7	363	3091128	6	5	4.273504273504273	51		1
plsdb	MPF_C	0.7	364	1547645	5	5	4.273504273504273	201		1
plsdb	MPF_C	0.7	365	1547697	6	5	4.273504273504273	109		1
plsdb	MPF_C	0.7	366	2250195	5	5	4.273504273504273	218		1
plsdb	MPF_C	0.7	367	952107	5	5	4.273504273504273	104		1
plsdb	MPF_C	0.7	368	1460358	5	5	4.273504273504273	86		1
plsdb	MPF_C	0.7	369	3019698	5	5	4.273504273504273	206		1
plsdb	MPF_C	0.7	370	117668	5	5	4.273504273504273	211		1
plsdb	MPF_C	0.7	371	475138	5	5	4.273504273504273	62		1
plsdb	MPF_C	0.7	372	475149	5	5	4.273504273504273	111		1
plsdb	MPF_C	0.7	373	475185	5	5	4.273504273504273	80		1
plsdb	MPF_C	0.7	374	475214	5	5	4.273504273504273	102		1
plsdb	MPF_C	0.7	375	475215	5	5	4.273504273504273	169		1
plsdb	MPF_C	0.7	376	307262	5	5	4.273504273504273	155		1
plsdb	MPF_C	0.7	377	1100474	5	5	4.273504273504273	185		1
plsdb	MPF_C	0.7	378	3020224	5	5	4.273504273504273	215		1
plsdb	MPF_C	0.7	379	534730	7	5	4.273504273504273	188		1
plsdb	MPF_C	0.7	380	1532156	5	5	4.273504273504273	126		1
plsdb	MPF_C	0.7	381	3019772	6	5	4.273504273504273	200		1
plsdb	MPF_C	0.7	382	3933602	5	5	4.273504273504273	219		1
plsdb	MPF_C	0.7	383	3933610	5	5	4.273504273504273	183		1
plsdb	MPF_C	0.7	384	3049367	5	5	4.273504273504273	129		1
plsdb	MPF_C	0.7	385	132969	5	5	4.273504273504273	136		1
plsdb	MPF_C	0.7	386	133007	5	5	4.273504273504273	98		1
plsdb	MPF_C	0.7	387	133033	5	5	4.273504273504273	70		1
plsdb	MPF_C	0.7	388	3185887	5	5	4.273504273504273	199		1
plsdb	MPF_C	0.7	389	28928	5	5	4.273504273504273	101		1
plsdb	MPF_C	0.7	390	28980	5	5	4.273504273504273	121		1
plsdb	MPF_C	0.7	391	1733293	5	5	4.273504273504273	206		1
plsdb	MPF_C	0.7	392	759269	5	5	4.273504273504273	118		1
plsdb	MPF_C	0.7	393	759301	5	5	4.273504273504273	194		1
plsdb	MPF_C	0.7	394	3225823	5	5	4.273504273504273	158		1
plsdb	MPF_C	0.7	395	3251325	5	5	4.273504273504273	184		1
plsdb	MPF_C	0.7	396	3758151	4	4	3.4188034188034186	155		1
plsdb	MPF_C	0.7	397	133089	4	4	3.4188034188034186	201		1
plsdb	MPF_C	0.7	398	1890554	4	4	3.4188034188034186	207		1
plsdb	MPF_C	0.7	399	2731809	4	4	3.4188034188034186	83		1
plsdb	MPF_C	0.7	400	2731812	4	4	3.4188034188034186	145		1
