dataset	mpf_class	min_seq_id	rep	n_elem	prevalence_pct	aa	known	lipobox_strict	lipobox_relaxed	tm_count	anchor_mode	passes
ice	MPF_B	0.5	363074	136	47.72	145		0	0	0	none	0
ice	MPF_B	0.5	246988	63	22.11	141		0	0	0	none	0
ice	MPF_B	0.5	17921	52	18.25	102		0	0	0	none	0
ice	MPF_B	0.5	365100	51	17.89	136		0	0	0	none	0
ice	MPF_B	0.5	195587	49	17.19	72		0	0	0	none	0
ice	MPF_B	0.5	1235	47	16.49	199		0	0	0	none	0
ice	MPF_B	0.5	338945	43	15.09	240		0	0	0	none	0
ice	MPF_B	0.5	215330	41	14.39	69		0	0	0	none	0
ice	MPF_B	0.5	144536	40	14.04	185		0	0	0	none	0
ice	MPF_B	0.5	172103	38	13.33	203		0	0	0	none	0
ice	MPF_B	0.5	44881	33	11.58	73		0	0	0	none	0
ice	MPF_B	0.5	306014	32	11.23	236		0	0	0	none	0
ice	MPF_B	0.5	59095	32	11.23	93		0	0	0	none	0
ice	MPF_B	0.5	365330	32	11.23	253		0	0	0	none	0
ice	MPF_B	0.5	306013	31	10.88	221		0	0	0	none	0
ice	MPF_B	0.5	96646	31	10.88	237		0	0	0	none	0
ice	MPF_B	0.5	218102	31	10.88	219		0	0	0	none	0
ice	MPF_B	0.5	96753	30	10.53	83		0	0	0	none	0
ice	MPF_B	0.5	345676	30	10.53	84		0	0	0	none	0
ice	MPF_B	0.5	206978	30	10.53	220		0	1	0	none	0
ice	MPF_B	0.5	204634	30	10.53	75		0	0	2	multi_pass	1
ice	MPF_B	0.5	17908	29	10.18	145		0	0	0	none	0
ice	MPF_B	0.5	39119	29	10.18	108		0	0	0	none	0
ice	MPF_B	0.5	195591	29	10.18	93		0	0	0	none	0
ice	MPF_B	0.5	5751	29	10.18	159		0	0	0	none	0
ice	MPF_B	0.5	268414	29	10.18	208		0	0	1	single_pass	1
ice	MPF_B	0.5	306021	28	9.82	124		0	0	0	none	0
ice	MPF_B	0.5	18484	26	9.12	142		0	0	0	none	0
ice	MPF_B	0.5	39	26	9.12	120		0	1	0	none	0
ice	MPF_B	0.5	314336	25	8.77	112		0	0	1	single_pass	1
ice	MPF_B	0.5	44876	25	8.77	81		0	0	0	none	0
ice	MPF_B	0.5	51209	25	8.77	108		0	0	0	none	0
ice	MPF_B	0.5	58679	25	8.77	142		0	0	0	none	0
ice	MPF_B	0.5	204239	23	8.07	64		0	0	0	none	0
ice	MPF_B	0.5	196027	23	8.07	148		0	0	0	none	0
ice	MPF_B	0.5	1006	23	8.07	142		0	0	0	none	0
ice	MPF_B	0.5	17922	22	7.72	117		0	0	0	none	0
ice	MPF_B	0.5	22667	22	7.72	142		0	0	0	none	0
ice	MPF_B	0.5	10145	22	7.72	143		0	0	0	none	0
ice	MPF_B	0.5	256227	22	7.72	98		0	0	0	none	0
ice	MPF_B	0.5	145607	22	7.72	141		0	0	0	none	0
ice	MPF_B	0.5	160726	22	7.72	155		0	0	0	none	0
ice	MPF_B	0.5	344899	22	7.72	197		0	0	1	single_pass	1
ice	MPF_B	0.5	38704	22	7.72	86		0	0	0	none	0
ice	MPF_B	0.5	215386	22	7.72	173		0	0	0	none	0
ice	MPF_B	0.5	38470	21	7.37	176		0	0	0	none	0
ice	MPF_B	0.5	10148	21	7.37	106		0	0	0	none	0
ice	MPF_B	0.5	10151	21	7.37	100		0	0	0	none	0
ice	MPF_B	0.5	345321	21	7.37	198		0	0	1	single_pass	1
ice	MPF_B	0.5	216273	21	7.37	239		0	0	1	single_pass	1
ice	MPF_B	0.5	44850	21	7.37	201		0	0	0	none	0
ice	MPF_B	0.5	58669	21	7.37	153		0	0	0	none	0
ice	MPF_B	0.5	10129	21	7.37	246		0	0	0	none	0
ice	MPF_B	0.5	10131	21	7.37	117		0	0	0	none	0
ice	MPF_B	0.5	10137	21	7.37	147		0	0	2	multi_pass	1
ice	MPF_B	0.5	51211	20	7.02	157		0	0	0	none	0
ice	MPF_B	0.5	279215	20	7.02	137		0	0	0	none	0
ice	MPF_B	0.5	10149	19	6.67	117		0	0	0	none	0
ice	MPF_B	0.5	185416	19	6.67	161		0	0	1	single_pass	1
ice	MPF_B	0.5	231596	19	6.67	159		0	0	0	none	0
ice	MPF_B	0.5	28831	18	6.32	71		0	0	0	none	0
ice	MPF_B	0.5	246899	18	6.32	104		0	0	0	none	0
ice	MPF_B	0.5	1204	18	6.32	119		0	0	0	none	0
ice	MPF_B	0.5	39170	18	6.32	96		0	0	0	none	0
ice	MPF_B	0.5	222205	17	5.96	162		0	0	0	none	0
ice	MPF_B	0.5	279433	17	5.96	87		0	0	0	none	0
ice	MPF_B	0.5	145705	17	5.96	139		0	0	3	multi_pass	1
ice	MPF_B	0.5	58976	17	5.96	136		0	0	0	none	0
ice	MPF_B	0.5	18369	17	5.96	143		0	0	0	none	0
ice	MPF_B	0.5	1205	17	5.96	148		0	0	0	none	0
ice	MPF_B	0.5	344910	17	5.96	122		0	0	0	none	0
ice	MPF_B	0.5	129037	17	5.96	127		0	0	0	none	0
ice	MPF_B	0.5	39070	16	5.61	149		0	0	0	none	0
ice	MPF_B	0.5	18409	16	5.61	102		0	0	0	none	0
ice	MPF_B	0.5	1238	16	5.61	106		0	0	0	none	0
ice	MPF_B	0.5	39155	16	5.61	57		0	0	0	none	0
ice	MPF_B	0.5	279180	16	5.61	98		0	0	0	none	0
ice	MPF_B	0.5	48231	15	5.26	118		0	0	0	none	0
ice	MPF_B	0.5	247170	15	5.26	196		0	0	0	none	0
ice	MPF_B	0.5	136543	15	5.26	198		0	0	3	multi_pass	1
ice	MPF_B	0.5	365287	15	5.26	180		0	0	0	none	0
ice	MPF_B	0.5	1226	15	5.26	128		0	0	0	none	0
ice	MPF_B	0.5	44882	15	5.26	71		0	0	1	single_pass	1
ice	MPF_B	0.5	344229	15	5.26	220		0	0	1	single_pass	1
ice	MPF_B	0.5	279253	15	5.26	73		0	0	0	none	0
ice	MPF_B	0.5	39067	14	4.91	108		0	0	0	none	0
ice	MPF_B	0.5	39090	14	4.91	131		0	0	3	multi_pass	1
ice	MPF_B	0.5	336582	14	4.91	221		0	1	0	none	0
ice	MPF_B	0.5	336088	14	4.91	170		0	0	8	multi_pass	1
ice	MPF_B	0.5	204505	14	4.91	73		0	0	0	none	0
ice	MPF_B	0.5	78058	14	4.91	147		0	0	0	none	0
ice	MPF_B	0.5	1254	14	4.91	118		0	0	0	none	0
ice	MPF_B	0.5	1255	14	4.91	121		0	0	0	none	0
ice	MPF_B	0.5	70450	14	4.91	196		0	0	0	none	0
ice	MPF_B	0.5	204404	14	4.91	220		0	0	0	none	0
ice	MPF_B	0.5	38193	13	4.56	203		0	0	0	none	0
ice	MPF_B	0.5	238142	13	4.56	218		0	0	0	none	0
ice	MPF_B	0.5	359906	13	4.56	152		1	0	0	lipid	1
ice	MPF_B	0.5	204946	13	4.56	98		0	0	0	none	0
ice	MPF_B	0.5	215989	13	4.56	182		0	0	0	none	0
ice	MPF_B	0.5	1261	13	4.56	233		0	0	0	none	0
ice	MPF_B	0.5	330918	13	4.56	186		0	0	0	none	0
ice	MPF_B	0.5	279649	13	4.56	207		0	0	0	none	0
ice	MPF_B	0.5	33331	12	4.21	89		0	0	0	none	0
ice	MPF_B	0.5	33332	12	4.21	104		0	0	0	none	0
ice	MPF_B	0.5	39096	12	4.21	140		0	0	0	none	0
ice	MPF_B	0.5	215832	12	4.21	73		0	0	0	none	0
ice	MPF_B	0.5	285517	12	4.21	233		0	0	0	none	0
ice	MPF_B	0.5	144475	12	4.21	168		0	0	0	none	0
ice	MPF_B	0.5	365568	12	4.21	69		0	0	0	none	0
ice	MPF_B	0.5	1219	12	4.21	195		0	0	0	none	0
ice	MPF_B	0.5	1224	12	4.21	113		0	0	0	none	0
ice	MPF_B	0.5	44951	12	4.21	246		0	0	1	single_pass	1
ice	MPF_B	0.5	235774	12	4.21	195		0	0	0	none	0
ice	MPF_B	0.5	44692	12	4.21	241		0	0	0	none	0
ice	MPF_B	0.5	39072	11	3.86	71		0	0	1	single_pass	1
ice	MPF_B	0.5	39097	11	3.86	139		0	0	1	single_pass	1
ice	MPF_B	0.5	201709	11	3.86	221		0	1	0	none	0
ice	MPF_B	0.5	205658	11	3.86	145		0	0	0	none	0
ice	MPF_B	0.5	38779	11	3.86	93		0	0	0	none	0
ice	MPF_B	0.5	78992	11	3.86	84		0	0	0	none	0
ice	MPF_B	0.5	215334	11	3.86	231		0	0	0	none	0
ice	MPF_B	0.5	70453	11	3.86	102		0	0	3	multi_pass	1
ice	MPF_B	0.5	366826	11	3.86	205		0	0	0	none	0
ice	MPF_B	0.5	33321	10	3.51	132		0	0	0	none	0
ice	MPF_B	0.5	191830	10	3.51	123		0	0	0	none	0
ice	MPF_B	0.5	201708	10	3.51	174		0	0	3	multi_pass	1
ice	MPF_B	0.5	86526	10	3.51	95		0	0	1	single_pass	1
ice	MPF_B	0.5	170017	10	3.51	94		0	0	0	none	0
ice	MPF_B	0.5	231392	10	3.51	74		0	0	0	none	0
ice	MPF_B	0.5	38703	10	3.51	102		0	0	0	none	0
ice	MPF_B	0.5	141104	10	3.51	103		0	0	0	none	0
ice	MPF_B	0.5	215401	10	3.51	220		0	0	0	none	0
ice	MPF_B	0.5	215665	10	3.51	102		0	0	0	none	0
ice	MPF_B	0.5	285459	10	3.51	89		0	0	0	none	0
ice	MPF_B	0.5	44657	10	3.51	161		0	0	2	multi_pass	1
ice	MPF_B	0.5	39066	9	3.16	103		0	0	0	none	0
ice	MPF_B	0.5	39118	9	3.16	105		0	0	0	none	0
ice	MPF_B	0.5	256341	9	3.16	125		0	0	0	none	0
ice	MPF_B	0.5	256356	9	3.16	127		0	0	1	single_pass	1
ice	MPF_B	0.5	17558	9	3.16	69		0	0	0	none	0
ice	MPF_B	0.5	136546	9	3.16	73		0	0	0	none	0
ice	MPF_B	0.5	144067	9	3.16	126		0	0	0	none	0
ice	MPF_B	0.5	196161	9	3.16	97		0	0	0	none	0
ice	MPF_B	0.5	196222	9	3.16	195		0	0	0	none	0
ice	MPF_B	0.5	344089	9	3.16	148		0	0	0	none	0
ice	MPF_B	0.5	336556	9	3.16	216		0	0	3	multi_pass	1
ice	MPF_B	0.5	355369	9	3.16	203		0	0	0	none	0
ice	MPF_B	0.5	336074	9	3.16	92		0	0	0	none	0
ice	MPF_B	0.5	330644	9	3.16	97		0	0	0	none	0
ice	MPF_B	0.5	255241	9	3.16	65		0	0	0	none	0
ice	MPF_B	0.5	44706	9	3.16	113		0	0	0	none	0
ice	MPF_B	0.5	145679	9	3.16	157		0	0	0	none	0
ice	MPF_B	0.5	185394	9	3.16	114		0	0	0	none	0
ice	MPF_B	0.5	204476	9	3.16	158		0	1	5	multi_pass	1
ice	MPF_B	0.5	235645	9	3.16	71		0	0	0	none	0
ice	MPF_B	0.5	44832	9	3.16	150		0	0	1	single_pass	1
ice	MPF_B	0.5	365720	9	3.16	221		0	0	1	single_pass	1
ice	MPF_B	0.5	42087	9	3.16	177		0	0	1	single_pass	1
ice	MPF_B	0.5	78989	9	3.16	90		0	0	0	none	0
ice	MPF_B	0.5	44616	9	3.16	128		0	0	0	none	0
ice	MPF_B	0.5	336526	9	3.16	148		0	0	0	none	0
ice	MPF_B	0.5	344314	9	3.16	211		0	0	0	none	0
ice	MPF_B	0.5	70451	9	3.16	128		0	0	3	multi_pass	1
ice	MPF_B	0.5	109304	9	3.16	69		0	0	3	multi_pass	1
ice	MPF_B	0.5	235777	9	3.16	244		0	0	0	none	0
ice	MPF_B	0.5	335971	9	3.16	114		0	0	0	none	0
ice	MPF_B	0.5	238039	9	3.16	57		0	0	0	none	0
ice	MPF_B	0.5	231554	9	3.16	206		0	0	0	none	0
ice	MPF_B	0.5	39114	8	2.81	128		0	0	0	none	0
ice	MPF_B	0.5	39116	8	2.81	59		0	0	0	none	0
ice	MPF_B	0.5	17532	8	2.81	139		0	0	0	none	0
ice	MPF_B	0.5	370933	8	2.81	180		0	0	0	none	0
ice	MPF_B	0.5	279310	8	2.81	142		0	0	0	none	0
ice	MPF_B	0.5	285513	8	2.81	69		0	0	0	none	0
ice	MPF_B	0.5	204525	8	2.81	107		1	1	0	lipid	1
ice	MPF_B	0.5	205441	8	2.81	179		0	0	0	none	0
ice	MPF_B	0.5	231298	8	2.81	94		0	0	0	none	0
ice	MPF_B	0.5	231400	8	2.81	120		0	0	0	none	0
ice	MPF_B	0.5	5689	8	2.81	97		0	0	0	none	0
ice	MPF_B	0.5	5732	8	2.81	131		0	0	0	none	0
ice	MPF_B	0.5	5760	8	2.81	237		0	0	0	none	0
ice	MPF_B	0.5	5764	8	2.81	99		0	0	0	none	0
ice	MPF_B	0.5	5770	8	2.81	98		0	0	0	none	0
ice	MPF_B	0.5	365282	8	2.81	82		0	0	0	none	0
ice	MPF_B	0.5	18411	8	2.81	126		0	0	0	none	0
ice	MPF_B	0.5	160555	8	2.81	101		0	0	0	none	0
ice	MPF_B	0.5	146417	8	2.81	153		0	0	0	none	0
ice	MPF_B	0.5	201742	8	2.81	145		0	0	0	none	0
ice	MPF_B	0.5	204104	8	2.81	135		0	0	0	none	0
ice	MPF_B	0.5	204576	8	2.81	158		0	0	1	single_pass	1
ice	MPF_B	0.5	330922	8	2.81	63		0	0	0	none	0
ice	MPF_B	0.5	129015	8	2.81	165		0	0	0	none	0
ice	MPF_B	0.5	279641	8	2.81	221		0	0	0	none	0
ice	MPF_B	0.5	205369	8	2.81	62		0	0	0	none	0
ice	MPF_B	0.5	70435	8	2.81	55		1	1	0	lipid	1
ice	MPF_B	0.5	70443	8	2.81	113		0	0	0	none	0
ice	MPF_B	0.5	366753	8	2.81	148		0	0	0	none	0
ice	MPF_B	0.5	222118	8	2.81	149		0	0	0	none	0
ice	MPF_B	0.5	256143	8	2.81	146		0	0	2	multi_pass	1
ice	MPF_B	0.5	33320	7	2.46	159		1	1	0	lipid	1
ice	MPF_B	0.5	38210	7	2.46	64		0	0	1	single_pass	1
ice	MPF_B	0.5	238095	7	2.46	141		0	0	0	none	0
ice	MPF_B	0.5	238123	7	2.46	70		0	0	0	none	0
ice	MPF_B	0.5	238131	7	2.46	136		0	0	0	none	0
ice	MPF_B	0.5	238144	7	2.46	223		0	0	0	none	0
ice	MPF_B	0.5	256296	7	2.46	137		0	0	0	none	0
ice	MPF_B	0.5	310993	7	2.46	132		0	0	0	none	0
ice	MPF_B	0.5	330092	7	2.46	89		0	0	1	single_pass	1
ice	MPF_B	0.5	205474	7	2.46	163		0	0	0	none	0
ice	MPF_B	0.5	215518	7	2.46	127		0	0	0	none	0
ice	MPF_B	0.5	44874	7	2.46	81		0	0	0	none	0
ice	MPF_B	0.5	78173	7	2.46	65		0	0	0	none	0
ice	MPF_B	0.5	365461	7	2.46	138		0	1	0	none	0
ice	MPF_B	0.5	78077	7	2.46	195		0	0	1	single_pass	1
ice	MPF_B	0.5	224765	7	2.46	88		0	0	0	none	0
ice	MPF_B	0.5	224806	7	2.46	65		0	0	0	none	0
ice	MPF_B	0.5	5710	7	2.46	234		0	0	0	none	0
ice	MPF_B	0.5	351167	7	2.46	127		0	0	0	none	0
ice	MPF_B	0.5	146500	7	2.46	175		0	0	0	none	0
ice	MPF_B	0.5	336107	7	2.46	149		0	0	1	single_pass	1
ice	MPF_B	0.5	96880	7	2.46	64		0	0	0	none	0
ice	MPF_B	0.5	279625	7	2.46	152		0	0	2	multi_pass	1
ice	MPF_B	0.5	215440	7	2.46	134		0	0	0	none	0
ice	MPF_B	0.5	231474	7	2.46	83		0	0	3	multi_pass	1
ice	MPF_B	0.5	70449	7	2.46	181		0	0	0	none	0
ice	MPF_B	0.5	135570	7	2.46	83		0	0	0	none	0
ice	MPF_B	0.5	135571	7	2.46	165		0	0	0	none	0
ice	MPF_B	0.5	239757	7	2.46	140		0	0	0	none	0
ice	MPF_B	0.5	331486	7	2.46	135		0	0	0	none	0
ice	MPF_B	0.5	17861	6	2.11	191		0	0	0	none	0
ice	MPF_B	0.5	22684	6	2.11	173		0	0	0	none	0
ice	MPF_B	0.5	22689	6	2.11	233		0	0	0	none	0
ice	MPF_B	0.5	38472	6	2.11	70		0	0	3	multi_pass	1
ice	MPF_B	0.5	38498	6	2.11	208		0	0	0	none	0
ice	MPF_B	0.5	38642	6	2.11	211		0	0	0	none	0
ice	MPF_B	0.5	256308	6	2.11	206		0	0	0	none	0
ice	MPF_B	0.5	131927	6	2.11	240		0	0	0	none	0
ice	MPF_B	0.5	191834	6	2.11	120		0	0	0	none	0
ice	MPF_B	0.5	201711	6	2.11	101		0	0	0	none	0
ice	MPF_B	0.5	37	6	2.11	104		0	0	0	none	0
ice	MPF_B	0.5	50	6	2.11	190		0	0	5	multi_pass	1
ice	MPF_B	0.5	55	6	2.11	155		0	0	2	multi_pass	1
ice	MPF_B	0.5	68	6	2.11	234		0	0	1	single_pass	1
ice	MPF_B	0.5	69	6	2.11	128		0	0	0	none	0
ice	MPF_B	0.5	71	6	2.11	133		0	0	0	none	0
ice	MPF_B	0.5	369053	6	2.11	58		1	1	2	ambiguous	1
ice	MPF_B	0.5	17719	6	2.11	197		0	0	0	none	0
ice	MPF_B	0.5	336039	6	2.11	87		0	0	0	none	0
ice	MPF_B	0.5	336041	6	2.11	201		0	0	0	none	0
ice	MPF_B	0.5	78872	6	2.11	124		0	0	0	none	0
ice	MPF_B	0.5	235918	6	2.11	83		0	0	0	none	0
ice	MPF_B	0.5	285972	6	2.11	210		0	0	0	none	0
ice	MPF_B	0.5	285984	6	2.11	139		0	0	1	single_pass	1
ice	MPF_B	0.5	285996	6	2.11	87		0	0	0	none	0
ice	MPF_B	0.5	331327	6	2.11	188		0	0	0	none	0
ice	MPF_B	0.5	90893	6	2.11	161		0	0	0	none	0
ice	MPF_B	0.5	144456	6	2.11	183		0	0	0	none	0
ice	MPF_B	0.5	144458	6	2.11	217		0	0	6	multi_pass	1
ice	MPF_B	0.5	60351	6	2.11	235		0	0	0	none	0
ice	MPF_B	0.5	67180	6	2.11	156		0	0	1	single_pass	1
ice	MPF_B	0.5	235901	6	2.11	111		0	0	0	none	0
ice	MPF_B	0.5	51605	6	2.11	96		0	0	0	none	0
ice	MPF_B	0.5	145758	6	2.11	232		0	0	0	none	0
ice	MPF_B	0.5	145775	6	2.11	208		0	0	0	none	0
ice	MPF_B	0.5	146193	6	2.11	70		0	0	0	none	0
ice	MPF_B	0.5	204472	6	2.11	246		0	0	6	multi_pass	1
ice	MPF_B	0.5	204529	6	2.11	182		0	0	1	single_pass	1
ice	MPF_B	0.5	215528	6	2.11	124		0	0	3	multi_pass	1
ice	MPF_B	0.5	17793	6	2.11	141		0	0	0	none	0
ice	MPF_B	0.5	63522	6	2.11	112		0	0	0	none	0
ice	MPF_B	0.5	63384	6	2.11	248		0	0	0	none	0
ice	MPF_B	0.5	78052	6	2.11	216		0	0	0	none	0
ice	MPF_B	0.5	78053	6	2.11	182		0	0	0	none	0
ice	MPF_B	0.5	78084	6	2.11	173		0	0	0	none	0
ice	MPF_B	0.5	78110	6	2.11	119		0	0	0	none	0
ice	MPF_B	0.5	78160	6	2.11	119		0	0	0	none	0
ice	MPF_B	0.5	231387	6	2.11	227		0	0	0	none	0
ice	MPF_B	0.5	238220	6	2.11	199		0	0	0	none	0
ice	MPF_B	0.5	331397	6	2.11	112		0	0	0	none	0
ice	MPF_B	0.5	5697	6	2.11	70		0	0	3	multi_pass	1
ice	MPF_B	0.5	5699	6	2.11	91		0	0	0	none	0
ice	MPF_B	0.5	5706	6	2.11	182		0	0	0	none	0
ice	MPF_B	0.5	5728	6	2.11	102		0	0	0	none	0
ice	MPF_B	0.5	338899	6	2.11	186		0	0	0	none	0
ice	MPF_B	0.5	365308	6	2.11	149		0	0	1	single_pass	1
ice	MPF_B	0.5	18388	6	2.11	158		0	0	1	single_pass	1
ice	MPF_B	0.5	195583	6	2.11	61		0	0	0	none	0
ice	MPF_B	0.5	149293	6	2.11	185		0	0	0	none	0
ice	MPF_B	0.5	1001	6	2.11	62		0	0	1	single_pass	1
ice	MPF_B	0.5	1222	6	2.11	116		0	0	0	none	0
ice	MPF_B	0.5	139544	6	2.11	169		0	0	0	none	0
ice	MPF_B	0.5	141646	6	2.11	118		0	0	1	single_pass	1
ice	MPF_B	0.5	336096	6	2.11	128		0	0	0	none	0
ice	MPF_B	0.5	204085	6	2.11	231		0	0	0	none	0
ice	MPF_B	0.5	204619	6	2.11	131		0	0	0	none	0
ice	MPF_B	0.5	78978	6	2.11	168		0	0	0	none	0
ice	MPF_B	0.5	79885	6	2.11	177		0	0	0	none	0
ice	MPF_B	0.5	96900	6	2.11	145		0	0	0	none	0
ice	MPF_B	0.5	279686	6	2.11	187		0	0	0	none	0
ice	MPF_B	0.5	42099	6	2.11	248		0	0	0	none	0
ice	MPF_B	0.5	314264	6	2.11	148		0	0	0	none	0
ice	MPF_B	0.5	231424	6	2.11	137		0	0	0	none	0
ice	MPF_B	0.5	231425	6	2.11	80		0	0	0	none	0
ice	MPF_B	0.5	67635	6	2.11	226		0	0	1	single_pass	1
ice	MPF_B	0.5	70437	6	2.11	79		0	0	0	none	0
ice	MPF_B	0.5	70445	6	2.11	83		0	0	0	none	0
ice	MPF_B	0.5	70463	6	2.11	81		0	0	0	none	0
ice	MPF_B	0.5	135550	6	2.11	241		0	0	1	single_pass	1
ice	MPF_B	0.5	345182	6	2.11	104		0	0	4	multi_pass	1
ice	MPF_B	0.5	222056	6	2.11	185		0	0	0	none	0
ice	MPF_B	0.5	251424	6	2.11	198		0	0	0	none	0
ice	MPF_B	0.5	306808	6	2.11	137		0	0	5	multi_pass	1
ice	MPF_B	0.5	58666	6	2.11	125		0	0	0	none	0
ice	MPF_B	0.5	238482	6	2.11	64		0	0	0	none	0
ice	MPF_B	0.5	279236	6	2.11	127		0	0	0	none	0
ice	MPF_B	0.5	294479	6	2.11	183		0	0	1	single_pass	1
ice	MPF_B	0.5	5856	6	2.11	99		0	0	0	none	0
ice	MPF_B	0.5	5857	6	2.11	100		0	0	0	none	0
ice	MPF_B	0.5	10140	6	2.11	81		1	1	0	lipid	1
ice	MPF_B	0.5	22682	5	1.75	147		0	0	3	multi_pass	1
ice	MPF_B	0.5	38237	5	1.75	195		0	0	0	none	0
ice	MPF_B	0.5	38245	5	1.75	137		0	0	0	none	0
ice	MPF_B	0.5	38495	5	1.75	65		0	0	0	none	0
ice	MPF_B	0.5	38497	5	1.75	136		0	1	0	none	0
ice	MPF_B	0.5	38508	5	1.75	155		0	0	4	multi_pass	1
ice	MPF_B	0.5	38888	5	1.75	140		0	0	0	none	0
ice	MPF_B	0.5	39051	5	1.75	194		0	0	6	multi_pass	1
ice	MPF_B	0.5	205179	5	1.75	216		0	0	0	none	0
ice	MPF_B	0.5	215915	5	1.75	223		0	0	0	none	0
ice	MPF_B	0.5	231249	5	1.75	193		0	0	0	none	0
ice	MPF_B	0.5	238090	5	1.75	218		0	0	0	none	0
ice	MPF_B	0.5	238093	5	1.75	188		0	0	0	none	0
ice	MPF_B	0.5	238103	5	1.75	109		0	0	4	multi_pass	1
ice	MPF_B	0.5	238112	5	1.75	230		0	0	7	multi_pass	1
ice	MPF_B	0.5	238172	5	1.75	189		0	0	0	none	0
ice	MPF_B	0.5	238195	5	1.75	97		0	0	0	none	0
ice	MPF_B	0.5	238199	5	1.75	147		0	0	4	multi_pass	1
ice	MPF_B	0.5	328244	5	1.75	74		0	0	0	none	0
ice	MPF_B	0.5	247006	5	1.75	120		0	0	0	none	0
ice	MPF_B	0.5	256280	5	1.75	231		0	0	0	none	0
ice	MPF_B	0.5	306877	5	1.75	221		0	0	0	none	0
ice	MPF_B	0.5	83116	5	1.75	96		0	0	1	single_pass	1
ice	MPF_B	0.5	131935	5	1.75	148		0	0	0	none	0
ice	MPF_B	0.5	136279	5	1.75	138		0	0	5	multi_pass	1
ice	MPF_B	0.5	144664	5	1.75	220		0	0	0	none	0
ice	MPF_B	0.5	196115	5	1.75	143		0	0	0	none	0
ice	MPF_B	0.5	196116	5	1.75	229		0	0	0	none	0
ice	MPF_B	0.5	204230	5	1.75	94		0	0	0	none	0
ice	MPF_B	0.5	344160	5	1.75	157		0	0	0	none	0
ice	MPF_B	0.5	43	5	1.75	152		0	0	0	none	0
ice	MPF_B	0.5	44	5	1.75	119		0	0	0	none	0
ice	MPF_B	0.5	45	5	1.75	173		0	0	0	none	0
ice	MPF_B	0.5	56	5	1.75	215		0	0	0	none	0
ice	MPF_B	0.5	355366	5	1.75	85		0	0	0	none	0
ice	MPF_B	0.5	369050	5	1.75	123		0	0	0	none	0
ice	MPF_B	0.5	17677	5	1.75	134		0	0	3	multi_pass	1
ice	MPF_B	0.5	78047	5	1.75	187		0	0	0	none	0
ice	MPF_B	0.5	96752	5	1.75	239		0	0	0	none	0
ice	MPF_B	0.5	96760	5	1.75	151		0	0	2	multi_pass	1
ice	MPF_B	0.5	330658	5	1.75	151		0	0	0	none	0
ice	MPF_B	0.5	222284	5	1.75	191		0	0	0	none	0
ice	MPF_B	0.5	222345	5	1.75	195		0	0	0	none	0
ice	MPF_B	0.5	256080	5	1.75	46		1	1	0	lipid	1
ice	MPF_B	0.5	257728	5	1.75	113		0	0	1	single_pass	1
ice	MPF_B	0.5	286019	5	1.75	148		0	0	4	multi_pass	1
ice	MPF_B	0.5	286021	5	1.75	191		0	0	0	none	0
ice	MPF_B	0.5	286023	5	1.75	75		0	0	0	none	0
ice	MPF_B	0.5	90879	5	1.75	205		0	0	0	none	0
ice	MPF_B	0.5	97107	5	1.75	63		0	0	0	none	0
ice	MPF_B	0.5	137939	5	1.75	101		0	0	0	none	0
ice	MPF_B	0.5	144503	5	1.75	112		0	0	0	none	0
ice	MPF_B	0.5	144546	5	1.75	148		0	0	0	none	0
ice	MPF_B	0.5	67163	5	1.75	71		0	0	0	none	0
ice	MPF_B	0.5	67181	5	1.75	69		0	0	0	none	0
ice	MPF_B	0.5	144231	5	1.75	171		0	0	0	none	0
ice	MPF_B	0.5	144654	5	1.75	233		0	0	0	none	0
ice	MPF_B	0.5	146189	5	1.75	93		0	0	0	none	0
ice	MPF_B	0.5	204469	5	1.75	97		0	0	0	none	0
ice	MPF_B	0.5	215514	5	1.75	192		0	0	2	multi_pass	1
ice	MPF_B	0.5	235704	5	1.75	97		0	0	0	none	0
ice	MPF_B	0.5	345591	5	1.75	107		0	0	0	none	0
ice	MPF_B	0.5	51449	5	1.75	177		0	0	0	none	0
ice	MPF_B	0.5	83048	5	1.75	43		0	0	0	none	0
ice	MPF_B	0.5	58818	5	1.75	151		0	0	3	multi_pass	1
ice	MPF_B	0.5	344861	5	1.75	202		0	0	0	none	0
ice	MPF_B	0.5	238206	5	1.75	76		0	0	0	none	0
ice	MPF_B	0.5	238207	5	1.75	133		0	0	0	none	0
ice	MPF_B	0.5	238239	5	1.75	160		0	0	0	none	0
ice	MPF_B	0.5	238249	5	1.75	159		0	0	3	multi_pass	1
ice	MPF_B	0.5	238257	5	1.75	239		0	0	0	none	0
ice	MPF_B	0.5	5717	5	1.75	132		0	0	0	none	0
ice	MPF_B	0.5	5721	5	1.75	79		0	0	0	none	0
ice	MPF_B	0.5	5723	5	1.75	232		0	0	0	none	0
ice	MPF_B	0.5	5727	5	1.75	56		0	0	0	none	0
ice	MPF_B	0.5	5761	5	1.75	233		0	0	0	none	0
ice	MPF_B	0.5	5771	5	1.75	135		0	0	4	multi_pass	1
ice	MPF_B	0.5	195584	5	1.75	77		0	0	0	none	0
ice	MPF_B	0.5	160563	5	1.75	83		0	0	0	none	0
ice	MPF_B	0.5	193781	5	1.75	159		0	0	0	none	0
ice	MPF_B	0.7	145645	39	13.68	168		0	0	0	none	0
ice	MPF_B	0.7	51343	36	12.63	72		0	0	0	none	0
ice	MPF_B	0.7	17921	29	10.18	102		0	0	0	none	0
ice	MPF_B	0.7	365330	28	9.82	253		0	0	0	none	0
ice	MPF_B	0.7	10134	27	9.47	137		0	0	0	none	0
ice	MPF_B	0.7	58974	27	9.47	143		0	0	0	none	0
ice	MPF_B	0.7	146240	26	9.12	78		0	0	0	none	0
ice	MPF_B	0.7	96853	23	8.07	210		0	0	1	single_pass	1
ice	MPF_B	0.7	345294	23	8.07	119		0	1	0	none	0
ice	MPF_B	0.7	17908	23	8.07	145		0	0	0	none	0
ice	MPF_B	0.7	145635	22	7.72	155		0	0	0	none	0
ice	MPF_B	0.7	10145	22	7.72	143		0	0	0	none	0
ice	MPF_B	0.7	222050	22	7.72	117		0	0	0	none	0
ice	MPF_B	0.7	10129	21	7.37	246		0	0	0	none	0
ice	MPF_B	0.7	10131	21	7.37	117		0	0	0	none	0
ice	MPF_B	0.7	10132	21	7.37	143		0	0	0	none	0
ice	MPF_B	0.7	10137	21	7.37	147		0	0	2	multi_pass	1
ice	MPF_B	0.7	42131	21	7.37	83		0	0	0	none	0
ice	MPF_B	0.7	145607	21	7.37	141		0	0	0	none	0
ice	MPF_B	0.7	363094	21	7.37	177		0	0	0	none	0
ice	MPF_B	0.7	345321	21	7.37	198		0	0	1	single_pass	1
ice	MPF_B	0.7	365667	21	7.37	140		0	0	0	none	0
ice	MPF_B	0.7	10148	21	7.37	106		0	0	0	none	0
ice	MPF_B	0.7	10150	21	7.37	92		0	0	0	none	0
ice	MPF_B	0.7	10151	21	7.37	100		0	0	0	none	0
ice	MPF_B	0.7	328702	20	7.02	101		0	0	0	none	0
ice	MPF_B	0.7	51367	20	7.02	221		0	0	0	none	0
ice	MPF_B	0.7	51255	20	7.02	240		0	0	0	none	0
ice	MPF_B	0.7	215608	19	6.67	200		0	0	0	none	0
ice	MPF_B	0.7	204166	19	6.67	87		0	0	0	none	0
ice	MPF_B	0.7	204199	19	6.67	241		0	0	0	none	0
ice	MPF_B	0.7	10149	19	6.67	117		0	0	0	none	0
ice	MPF_B	0.7	44881	19	6.67	73		0	0	0	none	0
ice	MPF_B	0.7	10110	18	6.32	176		0	0	0	none	0
ice	MPF_B	0.7	365348	18	6.32	225		0	0	0	none	0
ice	MPF_B	0.7	1006	18	6.32	142		0	0	0	none	0
ice	MPF_B	0.7	38473	18	6.32	73		0	0	0	none	0
ice	MPF_B	0.7	246899	18	6.32	104		0	0	0	none	0
ice	MPF_B	0.7	204717	18	6.32	241		0	0	0	none	0
ice	MPF_B	0.7	10109	17	5.96	138		0	0	0	none	0
ice	MPF_B	0.7	160775	17	5.96	244		0	0	1	single_pass	1
ice	MPF_B	0.7	59087	17	5.96	200		0	0	0	none	0
ice	MPF_B	0.7	145705	17	5.96	139		0	0	3	multi_pass	1
ice	MPF_B	0.7	18369	17	5.96	143		0	0	0	none	0
ice	MPF_B	0.7	144200	17	5.96	201		0	0	1	single_pass	1
ice	MPF_B	0.7	1204	17	5.96	119		0	0	0	none	0
ice	MPF_B	0.7	1205	17	5.96	148		0	0	0	none	0
ice	MPF_B	0.7	279433	17	5.96	87		0	0	0	none	0
ice	MPF_B	0.7	279443	17	5.96	176		0	0	0	none	0
ice	MPF_B	0.7	51211	17	5.96	157		0	0	0	none	0
ice	MPF_B	0.7	385376	16	5.61	185		0	0	0	none	0
ice	MPF_B	0.7	18409	16	5.61	102		0	0	0	none	0
ice	MPF_B	0.7	48269	16	5.61	76		0	0	0	none	0
ice	MPF_B	0.7	215857	16	5.61	139		0	0	0	none	0
ice	MPF_B	0.7	1213	16	5.61	140		0	0	0	none	0
ice	MPF_B	0.7	160798	15	5.26	102		0	0	0	none	0
ice	MPF_B	0.7	328692	15	5.26	130		0	0	0	none	0
ice	MPF_B	0.7	58679	15	5.26	142		0	0	0	none	0
ice	MPF_B	0.7	44876	15	5.26	81		0	0	0	none	0
ice	MPF_B	0.7	22666	15	5.26	209		0	0	1	single_pass	1
ice	MPF_B	0.7	1226	15	5.26	128		0	0	0	none	0
ice	MPF_B	0.7	1237	15	5.26	176		0	0	0	none	0
ice	MPF_B	0.7	1257	15	5.26	140		0	0	0	none	0
ice	MPF_B	0.7	1264	15	5.26	172		0	0	0	none	0
ice	MPF_B	0.7	344626	15	5.26	132		0	0	0	none	0
ice	MPF_B	0.7	44882	15	5.26	71		0	0	1	single_pass	1
ice	MPF_B	0.7	10108	14	4.91	72		0	0	0	none	0
ice	MPF_B	0.7	70450	14	4.91	196		0	0	0	none	0
ice	MPF_B	0.7	39090	14	4.91	131		0	0	3	multi_pass	1
ice	MPF_B	0.7	1238	14	4.91	106		0	0	0	none	0
ice	MPF_B	0.7	1254	14	4.91	118		0	0	0	none	0
ice	MPF_B	0.7	1255	14	4.91	121		0	0	0	none	0
ice	MPF_B	0.7	144321	14	4.91	164		0	0	1	single_pass	1
ice	MPF_B	0.7	366980	14	4.91	91		0	0	2	multi_pass	1
ice	MPF_B	0.7	109302	14	4.91	98		0	0	0	none	0
ice	MPF_B	0.7	28781	13	4.56	120		0	0	0	none	0
ice	MPF_B	0.7	268433	13	4.56	58		0	0	0	none	0
ice	MPF_B	0.7	144099	13	4.56	196		0	0	0	none	0
ice	MPF_B	0.7	185279	13	4.56	136		0	0	0	none	0
ice	MPF_B	0.7	359906	13	4.56	152		1	0	0	lipid	1
ice	MPF_B	0.7	1261	13	4.56	233		0	0	0	none	0
ice	MPF_B	0.7	33331	12	4.21	89		0	0	0	none	0
ice	MPF_B	0.7	33332	12	4.21	104		0	0	0	none	0
ice	MPF_B	0.7	1219	12	4.21	195		0	0	0	none	0
ice	MPF_B	0.7	1224	12	4.21	113		0	0	0	none	0
ice	MPF_B	0.7	144475	11	3.86	168		0	0	0	none	0
ice	MPF_B	0.7	58992	11	3.86	93		0	0	2	multi_pass	1
ice	MPF_B	0.7	70453	11	3.86	102		0	0	3	multi_pass	1
ice	MPF_B	0.7	318615	11	3.86	132		0	0	0	none	0
ice	MPF_B	0.7	58976	11	3.86	136		0	0	0	none	0
ice	MPF_B	0.7	39070	11	3.86	149		0	0	0	none	0
ice	MPF_B	0.7	39072	11	3.86	71		0	0	1	single_pass	1
ice	MPF_B	0.7	39094	11	3.86	140		0	0	0	none	0
ice	MPF_B	0.7	39095	11	3.86	250		0	0	0	none	0
ice	MPF_B	0.7	39096	11	3.86	140		0	0	0	none	0
ice	MPF_B	0.7	39097	11	3.86	139		0	0	1	single_pass	1
ice	MPF_B	0.7	38470	11	3.86	176		0	0	0	none	0
ice	MPF_B	0.7	144294	11	3.86	76		0	0	0	none	0
ice	MPF_B	0.7	44951	11	3.86	246		0	0	1	single_pass	1
ice	MPF_B	0.7	336608	11	3.86	243		0	0	0	none	0
ice	MPF_B	0.7	136520	10	3.51	95		0	0	0	none	0
ice	MPF_B	0.7	365469	10	3.51	203		0	0	0	none	0
ice	MPF_B	0.7	385548	10	3.51	64		0	0	0	none	0
ice	MPF_B	0.7	215401	10	3.51	220		0	0	0	none	0
ice	MPF_B	0.7	192019	10	3.51	132		0	0	0	none	0
ice	MPF_B	0.7	201708	10	3.51	174		0	0	3	multi_pass	1
ice	MPF_B	0.7	222090	10	3.51	88		0	0	1	single_pass	1
ice	MPF_B	0.7	360127	10	3.51	133		0	0	0	none	0
ice	MPF_B	0.7	5735	10	3.51	140		0	0	0	none	0
ice	MPF_B	0.7	5758	10	3.51	96		0	0	0	none	0
ice	MPF_B	0.7	231554	9	3.16	206		0	0	0	none	0
ice	MPF_B	0.7	238039	9	3.16	57		0	0	0	none	0
ice	MPF_B	0.7	70451	9	3.16	128		0	0	3	multi_pass	1
ice	MPF_B	0.7	144067	9	3.16	126		0	0	0	none	0
ice	MPF_B	0.7	231409	9	3.16	218		0	0	0	none	0
ice	MPF_B	0.7	231410	9	3.16	170		0	1	8	multi_pass	1
ice	MPF_B	0.7	344314	9	3.16	211		0	0	0	none	0
ice	MPF_B	0.7	44831	9	3.16	120		0	0	0	none	0
ice	MPF_B	0.7	44616	9	3.16	128		0	0	0	none	0
ice	MPF_B	0.7	336094	9	3.16	124		0	0	1	single_pass	1
ice	MPF_B	0.7	39066	9	3.16	103		0	0	0	none	0
ice	MPF_B	0.7	39067	9	3.16	108		0	0	0	none	0
ice	MPF_B	0.7	336074	9	3.16	92		0	0	0	none	0
ice	MPF_B	0.7	279606	9	3.16	203		0	0	0	none	0
ice	MPF_B	0.7	51240	9	3.16	69		0	0	0	none	0
ice	MPF_B	0.7	5751	9	3.16	159		0	0	0	none	0
ice	MPF_B	0.7	109304	9	3.16	69		0	0	3	multi_pass	1
ice	MPF_B	0.7	5787	8	2.81	92		0	0	0	none	0
ice	MPF_B	0.7	38717	8	2.81	139		0	0	0	none	0
ice	MPF_B	0.7	345649	8	2.81	77		0	0	0	none	0
ice	MPF_B	0.7	70435	8	2.81	55		1	1	0	lipid	1
ice	MPF_B	0.7	70443	8	2.81	113		0	0	0	none	0
ice	MPF_B	0.7	70483	8	2.81	67		0	0	0	none	0
ice	MPF_B	0.7	17732	8	2.81	73		0	0	0	none	0
ice	MPF_B	0.7	78988	8	2.81	124		0	0	0	none	0
ice	MPF_B	0.7	78992	8	2.81	84		0	0	0	none	0
ice	MPF_B	0.7	238142	8	2.81	218		0	0	0	none	0
ice	MPF_B	0.7	18411	8	2.81	126		0	0	0	none	0
ice	MPF_B	0.7	44832	8	2.81	150		0	0	1	single_pass	1
ice	MPF_B	0.7	58661	8	2.81	127		0	0	0	none	0
ice	MPF_B	0.7	204269	8	2.81	145		0	0	0	none	0
ice	MPF_B	0.7	363066	8	2.81	92		0	0	0	none	0
ice	MPF_B	0.7	39114	8	2.81	128		0	0	0	none	0
ice	MPF_B	0.7	39116	8	2.81	59		0	0	0	none	0
ice	MPF_B	0.7	39117	8	2.81	88		0	0	0	none	0
ice	MPF_B	0.7	39118	8	2.81	105		0	0	0	none	0
ice	MPF_B	0.7	39119	8	2.81	108		0	0	0	none	0
ice	MPF_B	0.7	136558	8	2.81	151		0	0	1	single_pass	1
ice	MPF_B	0.7	196222	8	2.81	195		0	0	0	none	0
ice	MPF_B	0.7	314285	8	2.81	112		0	0	0	none	0
ice	MPF_B	0.7	51209	8	2.81	108		0	0	0	none	0
ice	MPF_B	0.7	5759	8	2.81	114		0	0	0	none	0
ice	MPF_B	0.7	5760	8	2.81	237		0	0	0	none	0
ice	MPF_B	0.7	5763	8	2.81	69		0	0	0	none	0
ice	MPF_B	0.7	5780	8	2.81	91		0	0	0	none	0
ice	MPF_B	0.7	318405	7	2.46	110		0	0	0	none	0
ice	MPF_B	0.7	78173	7	2.46	65		0	0	0	none	0
ice	MPF_B	0.7	70449	7	2.46	181		0	0	0	none	0
ice	MPF_B	0.7	185394	7	2.46	114		0	0	0	none	0
ice	MPF_B	0.7	185415	7	2.46	141		0	0	0	none	0
ice	MPF_B	0.7	204526	7	2.46	120		0	0	0	none	0
ice	MPF_B	0.7	78989	7	2.46	90		0	0	0	none	0
ice	MPF_B	0.7	96851	7	2.46	145		0	0	0	none	0
ice	MPF_B	0.7	135570	7	2.46	83		0	0	0	none	0
ice	MPF_B	0.7	135571	7	2.46	165		0	0	0	none	0
ice	MPF_B	0.7	44874	7	2.46	81		0	0	0	none	0
ice	MPF_B	0.7	365567	7	2.46	132		0	0	0	none	0
ice	MPF_B	0.7	257594	7	2.46	149		0	0	0	none	0
ice	MPF_B	0.7	351167	7	2.46	127		0	0	0	none	0
ice	MPF_B	0.7	997	7	2.46	145		0	0	0	none	0
ice	MPF_B	0.7	78080	7	2.46	142		0	0	0	none	0
ice	MPF_B	0.7	136563	7	2.46	109		0	0	0	none	0
ice	MPF_B	0.7	276304	7	2.46	248		0	0	0	none	0
ice	MPF_B	0.7	224765	7	2.46	88		0	0	0	none	0
ice	MPF_B	0.7	141673	7	2.46	179		0	0	0	none	0
ice	MPF_B	0.7	201713	7	2.46	73		0	0	0	none	0
ice	MPF_B	0.7	215188	7	2.46	221		0	0	1	single_pass	1
ice	MPF_B	0.7	51241	7	2.46	200		0	0	3	multi_pass	1
ice	MPF_B	0.7	5732	7	2.46	131		0	0	0	none	0
ice	MPF_B	0.7	5764	7	2.46	99		0	0	0	none	0
ice	MPF_B	0.7	5856	6	2.11	99		0	0	0	none	0
ice	MPF_B	0.7	5857	6	2.11	100		0	0	0	none	0
ice	MPF_B	0.7	42071	6	2.11	240		0	0	0	none	0
ice	MPF_B	0.7	42077	6	2.11	117		0	0	1	single_pass	1
ice	MPF_B	0.7	136543	6	2.11	198		0	0	3	multi_pass	1
ice	MPF_B	0.7	144456	6	2.11	183		0	0	0	none	0
ice	MPF_B	0.7	144458	6	2.11	217		0	0	6	multi_pass	1
ice	MPF_B	0.7	58666	6	2.11	125		0	0	0	none	0
ice	MPF_B	0.7	58689	6	2.11	101		0	0	0	none	0
ice	MPF_B	0.7	67634	6	2.11	156		0	0	0	none	0
ice	MPF_B	0.7	67635	6	2.11	226		0	0	1	single_pass	1
ice	MPF_B	0.7	70437	6	2.11	79		0	0	0	none	0
ice	MPF_B	0.7	70445	6	2.11	83		0	0	0	none	0
ice	MPF_B	0.7	145679	6	2.11	157		0	0	0	none	0
ice	MPF_B	0.7	145758	6	2.11	232		0	0	0	none	0
ice	MPF_B	0.7	204104	6	2.11	135		0	0	0	none	0
ice	MPF_B	0.7	78942	6	2.11	131		0	0	0	none	0
ice	MPF_B	0.7	78978	6	2.11	168		0	0	0	none	0
ice	MPF_B	0.7	139544	6	2.11	169		0	0	0	none	0
ice	MPF_B	0.7	17719	6	2.11	197		0	0	0	none	0
ice	MPF_B	0.7	129015	6	2.11	165		0	0	0	none	0
ice	MPF_B	0.7	129020	6	2.11	93		0	0	0	none	0
ice	MPF_B	0.7	231387	6	2.11	227		0	0	0	none	0
ice	MPF_B	0.7	231392	6	2.11	74		0	0	0	none	0
ice	MPF_B	0.7	238143	6	2.11	222		0	0	0	none	0
ice	MPF_B	0.7	238144	6	2.11	223		0	0	0	none	0
ice	MPF_B	0.7	18388	6	2.11	158		0	0	1	single_pass	1
ice	MPF_B	0.7	369042	6	2.11	94		0	0	0	none	0
ice	MPF_B	0.7	48231	6	2.11	118		0	0	0	none	0
ice	MPF_B	0.7	204226	6	2.11	148		1	1	0	lipid	1
ice	MPF_B	0.7	205494	6	2.11	212		0	1	0	none	0
ice	MPF_B	0.7	22684	6	2.11	173		0	0	0	none	0
ice	MPF_B	0.7	376441	6	2.11	165		0	0	0	none	0
ice	MPF_B	0.7	204619	6	2.11	131		0	0	0	none	0
ice	MPF_B	0.7	252571	6	2.11	190		0	0	0	none	0
ice	MPF_B	0.7	1001	6	2.11	62		0	0	1	single_pass	1
ice	MPF_B	0.7	1222	6	2.11	116		0	0	0	none	0
ice	MPF_B	0.7	38472	6	2.11	70		0	0	3	multi_pass	1
ice	MPF_B	0.7	38498	6	2.11	208		0	0	0	none	0
ice	MPF_B	0.7	78052	6	2.11	216		0	0	0	none	0
ice	MPF_B	0.7	78053	6	2.11	182		0	0	0	none	0
ice	MPF_B	0.7	78056	6	2.11	73		0	0	0	none	0
ice	MPF_B	0.7	78058	6	2.11	147		0	0	0	none	0
ice	MPF_B	0.7	78077	6	2.11	195		0	0	1	single_pass	1
ice	MPF_B	0.7	78084	6	2.11	173		0	0	0	none	0
ice	MPF_B	0.7	78110	6	2.11	119		0	0	0	none	0
ice	MPF_B	0.7	78160	6	2.11	119		0	0	0	none	0
ice	MPF_B	0.7	78161	6	2.11	103		0	0	0	none	0
ice	MPF_B	0.7	78162	6	2.11	97		0	0	0	none	0
ice	MPF_B	0.7	215386	6	2.11	173		0	0	0	none	0
ice	MPF_B	0.7	215440	6	2.11	134		0	0	0	none	0
ice	MPF_B	0.7	345067	6	2.11	176		0	0	0	none	0
ice	MPF_B	0.7	235918	6	2.11	83		0	0	0	none	0
ice	MPF_B	0.7	247003	6	2.11	59		0	0	0	none	0
ice	MPF_B	0.7	226313	6	2.11	88		0	0	0	none	0
ice	MPF_B	0.7	231424	6	2.11	137		0	0	0	none	0
ice	MPF_B	0.7	231425	6	2.11	80		0	0	0	none	0
ice	MPF_B	0.7	231474	6	2.11	83		0	0	3	multi_pass	1
ice	MPF_B	0.7	235774	6	2.11	195		0	0	0	none	0
ice	MPF_B	0.7	238220	6	2.11	199		0	0	0	none	0
ice	MPF_B	0.7	201711	6	2.11	101		0	0	0	none	0
ice	MPF_B	0.7	205100	6	2.11	203		0	0	0	none	0
ice	MPF_B	0.7	215528	6	2.11	124		0	0	3	multi_pass	1
ice	MPF_B	0.7	314284	6	2.11	69		0	0	0	none	0
ice	MPF_B	0.7	344576	6	2.11	234		0	0	0	none	0
ice	MPF_B	0.7	50	6	2.11	190		0	0	5	multi_pass	1
ice	MPF_B	0.7	55	6	2.11	155		0	0	2	multi_pass	1
ice	MPF_B	0.7	68	6	2.11	234		0	0	1	single_pass	1
ice	MPF_B	0.7	69	6	2.11	128		0	0	0	none	0
ice	MPF_B	0.7	71	6	2.11	133		0	0	0	none	0
ice	MPF_B	0.7	279236	6	2.11	127		0	0	0	none	0
ice	MPF_B	0.7	5689	6	2.11	97		0	0	0	none	0
ice	MPF_B	0.7	5697	6	2.11	70		0	0	3	multi_pass	1
ice	MPF_B	0.7	5699	6	2.11	91		0	0	0	none	0
ice	MPF_B	0.7	5706	6	2.11	182		0	0	0	none	0
ice	MPF_B	0.7	5728	6	2.11	102		0	0	0	none	0
ice	MPF_B	0.7	235900	6	2.11	209		0	0	0	none	0
ice	MPF_B	0.7	235901	6	2.11	111		0	0	0	none	0
ice	MPF_B	0.7	136279	5	1.75	138		0	0	5	multi_pass	1
ice	MPF_B	0.7	144546	5	1.75	148		0	0	0	none	0
ice	MPF_B	0.7	146117	5	1.75	163		0	0	1	single_pass	1
ice	MPF_B	0.7	345591	5	1.75	107		0	0	0	none	0
ice	MPF_B	0.7	238074	5	1.75	91		0	0	0	none	0
ice	MPF_B	0.7	314264	5	1.75	148		0	0	0	none	0
ice	MPF_B	0.7	70442	5	1.75	231		0	0	0	none	0
ice	MPF_B	0.7	144664	5	1.75	220		0	0	0	none	0
ice	MPF_B	0.7	256243	5	1.75	148		0	0	0	none	0
ice	MPF_B	0.7	306875	5	1.75	220		0	0	0	none	0
ice	MPF_B	0.7	330831	5	1.75	94		0	0	1	single_pass	1
ice	MPF_B	0.7	365442	5	1.75	247		0	0	0	none	0
ice	MPF_B	0.7	67163	5	1.75	71		0	0	0	none	0
ice	MPF_B	0.7	67180	5	1.75	156		0	0	1	single_pass	1
ice	MPF_B	0.7	67181	5	1.75	69		0	0	0	none	0
ice	MPF_B	0.7	67186	5	1.75	221		0	0	0	none	0
ice	MPF_B	0.7	67188	5	1.75	223		0	0	0	none	0
ice	MPF_B	0.7	67192	5	1.75	110		0	0	1	single_pass	1
ice	MPF_B	0.7	78975	5	1.75	131		0	0	0	none	0
ice	MPF_B	0.7	139546	5	1.75	58		0	0	0	none	0
ice	MPF_B	0.7	96613	5	1.75	127		0	0	0	none	0
ice	MPF_B	0.7	96646	5	1.75	237		0	0	0	none	0
ice	MPF_B	0.7	129009	5	1.75	144		0	0	0	none	0
ice	MPF_B	0.7	129011	5	1.75	68		0	0	0	none	0
ice	MPF_B	0.7	129016	5	1.75	72		0	0	0	none	0
ice	MPF_B	0.7	129021	5	1.75	94		0	0	0	none	0
ice	MPF_B	0.7	129037	5	1.75	127		0	0	0	none	0
ice	MPF_B	0.7	129039	5	1.75	141		0	0	0	none	0
ice	MPF_B	0.7	231386	5	1.75	221		0	0	2	multi_pass	1
ice	MPF_B	0.7	235704	5	1.75	97		0	0	0	none	0
ice	MPF_B	0.7	238092	5	1.75	109		0	0	0	none	0
ice	MPF_B	0.7	238093	5	1.75	188		0	0	0	none	0
ice	MPF_B	0.7	238095	5	1.75	141		0	0	0	none	0
ice	MPF_B	0.7	238103	5	1.75	109		0	0	4	multi_pass	1
ice	MPF_B	0.7	238123	5	1.75	70		0	0	0	none	0
ice	MPF_B	0.7	238172	5	1.75	189		0	0	0	none	0
ice	MPF_B	0.7	238193	5	1.75	146		0	0	0	none	0
ice	MPF_B	0.7	238195	5	1.75	97		0	0	0	none	0
ice	MPF_B	0.7	369050	5	1.75	123		0	0	0	none	0
ice	MPF_B	0.7	131927	5	1.75	240		0	0	0	none	0
ice	MPF_B	0.7	131935	5	1.75	148		0	0	0	none	0
ice	MPF_B	0.7	137932	5	1.75	244		0	0	0	none	0
ice	MPF_B	0.7	144231	5	1.75	171		0	0	0	none	0
ice	MPF_B	0.7	144232	5	1.75	238		0	0	0	none	0
ice	MPF_B	0.7	78047	5	1.75	187		0	0	0	none	0
ice	MPF_B	0.7	78285	5	1.75	129		0	0	0	none	0
ice	MPF_B	0.7	42122	5	1.75	209		0	0	0	none	0
ice	MPF_B	0.7	365309	5	1.75	219		0	1	0	none	0
ice	MPF_B	0.7	145641	5	1.75	93		0	0	0	none	0
ice	MPF_B	0.7	145658	5	1.75	172		0	0	0	none	0
ice	MPF_B	0.7	160543	5	1.75	111		0	0	0	none	0
ice	MPF_B	0.7	160563	5	1.75	83		0	0	0	none	0
ice	MPF_B	0.7	22689	5	1.75	233		0	0	0	none	0
ice	MPF_B	0.7	365102	5	1.75	147		0	0	0	none	0
ice	MPF_B	0.7	331486	5	1.75	135		0	0	0	none	0
ice	MPF_B	0.7	331487	5	1.75	165		0	0	0	none	0
ice	MPF_B	0.7	331488	5	1.75	64		0	0	0	none	0
ice	MPF_B	0.7	331490	5	1.75	191		0	0	0	none	0
ice	MPF_B	0.7	204221	5	1.75	153		0	0	5	multi_pass	1
ice	MPF_B	0.7	365569	5	1.75	145		0	0	0	none	0
ice	MPF_B	0.7	365599	5	1.75	117		0	0	1	single_pass	1
ice	MPF_B	0.7	976	5	1.75	150		0	0	0	none	0
ice	MPF_B	0.7	294479	5	1.75	183		0	0	1	single_pass	1
ice	MPF_B	0.7	51585	5	1.75	227		1	1	0	lipid	1
ice	MPF_B	0.7	51597	5	1.75	228		0	0	0	none	0
ice	MPF_B	0.7	51605	5	1.75	96		0	0	0	none	0
ice	MPF_B	0.7	51608	5	1.75	125		0	0	0	none	0
ice	MPF_B	0.7	51622	5	1.75	149		0	0	2	multi_pass	1
ice	MPF_B	0.7	38495	5	1.75	65		0	0	0	none	0
ice	MPF_B	0.7	38497	5	1.75	136		0	1	0	none	0
ice	MPF_B	0.7	38508	5	1.75	155		0	0	4	multi_pass	1
ice	MPF_B	0.7	355324	5	1.75	194		0	0	6	multi_pass	1
ice	MPF_B	0.7	78109	5	1.75	163		0	0	0	none	0
ice	MPF_B	0.7	204792	5	1.75	65		0	0	0	none	0
ice	MPF_B	0.7	18484	5	1.75	142		0	0	0	none	0
ice	MPF_B	0.7	215354	5	1.75	183		0	0	0	none	0
ice	MPF_B	0.7	215813	5	1.75	149		0	0	0	none	0
ice	MPF_B	0.7	224941	5	1.75	234		0	0	0	none	0
ice	MPF_B	0.7	305886	5	1.75	240		0	0	0	none	0
ice	MPF_B	0.7	146189	5	1.75	93		0	0	0	none	0
ice	MPF_B	0.7	146193	5	1.75	70		0	0	0	none	0
ice	MPF_B	0.7	256080	5	1.75	46		1	1	0	lipid	1
ice	MPF_B	0.7	345743	5	1.75	209		0	0	1	single_pass	1
ice	MPF_B	0.7	231426	5	1.75	157		0	0	0	none	0
ice	MPF_B	0.7	231516	5	1.75	149		0	0	0	none	0
ice	MPF_B	0.7	238206	5	1.75	76		0	0	0	none	0
ice	MPF_B	0.7	238207	5	1.75	133		0	0	0	none	0
ice	MPF_B	0.7	238249	5	1.75	159		0	0	3	multi_pass	1
ice	MPF_B	0.7	238257	5	1.75	239		0	0	0	none	0
ice	MPF_B	0.7	205090	5	1.75	43		0	0	0	none	0
ice	MPF_B	0.7	205096	5	1.75	95		0	0	0	none	0
ice	MPF_B	0.7	215307	5	1.75	146		0	0	0	none	0
ice	MPF_B	0.7	215514	5	1.75	192		0	0	2	multi_pass	1
ice	MPF_B	0.7	336517	5	1.75	214		0	0	0	none	0
ice	MPF_B	0.7	331363	5	1.75	249		0	0	0	none	0
ice	MPF_B	0.7	336558	5	1.75	229		0	0	0	none	0
ice	MPF_B	0.7	336592	5	1.75	205		0	0	0	none	0
ice	MPF_B	0.7	43	5	1.75	152		0	0	0	none	0
ice	MPF_B	0.7	44	5	1.75	119		0	0	0	none	0
ice	MPF_B	0.7	45	5	1.75	173		0	0	0	none	0
ice	MPF_B	0.7	47	5	1.75	93		0	0	0	none	0
ice	MPF_B	0.7	56	5	1.75	215		0	0	0	none	0
ice	MPF_B	0.7	279231	5	1.75	134		0	0	0	none	0
ice	MPF_B	0.7	279232	5	1.75	117		0	0	0	none	0
ice	MPF_B	0.7	5690	5	1.75	234		0	0	0	none	0
ice	MPF_B	0.7	5717	5	1.75	132		0	0	0	none	0
ice	MPF_B	0.7	5721	5	1.75	79		0	0	0	none	0
ice	MPF_B	0.7	5723	5	1.75	232		0	0	0	none	0
ice	MPF_B	0.7	5727	5	1.75	56		0	0	0	none	0
ice	MPF_B	0.7	5761	5	1.75	233		0	0	0	none	0
ice	MPF_B	0.7	5771	5	1.75	135		0	0	4	multi_pass	1
ice	MPF_B	0.7	257268	5	1.75	147		0	0	0	none	0
ice	MPF_B	0.7	318408	4	1.4	183		0	0	0	none	0
ice	MPF_B	0.7	318409	4	1.4	194		0	0	0	none	0
ice	MPF_B	0.7	344910	4	1.4	122		0	0	0	none	0
ice	MPF_B	0.7	42074	4	1.4	79		1	1	1	ambiguous	1
ice	MPF_B	0.7	42087	4	1.4	177		0	0	1	single_pass	1
ice	MPF_B	0.7	42090	4	1.4	116		0	0	0	none	0
ice	MPF_B	0.7	42092	4	1.4	232		0	0	0	none	0
ice	MPF_B	0.7	136273	4	1.4	99		0	0	0	none	0
ice	MPF_B	0.7	146148	4	1.4	115		0	0	0	none	0
ice	MPF_B	0.7	385415	4	1.4	118		0	0	1	single_pass	1
ice	MPF_B	0.7	231615	4	1.4	93		0	0	0	none	0
ice	MPF_B	0.7	238005	4	1.4	41		0	0	0	none	0
ice	MPF_B	0.7	238076	4	1.4	76		0	0	0	none	0
ice	MPF_B	0.7	238078	4	1.4	191		0	0	0	none	0
ice	MPF_B	0.7	238080	4	1.4	150		0	0	4	multi_pass	1
ice	MPF_B	0.7	238081	4	1.4	93		0	0	0	none	0
ice	MPF_B	0.7	238085	4	1.4	70		0	0	0	none	0
ice	MPF_B	0.7	238086	4	1.4	129		0	0	0	none	0
ice	MPF_B	0.7	238087	4	1.4	135		0	0	0	none	0
ice	MPF_B	0.7	238088	4	1.4	100		0	0	0	none	0
ice	MPF_B	0.7	238089	4	1.4	91		0	0	0	none	0
ice	MPF_B	0.7	252413	4	1.4	183		0	0	0	none	0
ice	MPF_B	0.7	330646	4	1.4	166		0	0	5	multi_pass	1
ice	MPF_B	0.7	70438	4	1.4	123		0	0	0	none	0
ice	MPF_B	0.7	70463	4	1.4	81		0	0	0	none	0
ice	MPF_B	0.7	256224	4	1.4	97		0	0	0	none	0
ice	MPF_B	0.7	256225	4	1.4	58		0	0	0	none	0
ice	MPF_B	0.7	256226	4	1.4	110		0	0	0	none	0
ice	MPF_B	0.7	256239	4	1.4	104		0	0	0	none	0
ice	MPF_B	0.7	256296	4	1.4	137		0	0	0	none	0
ice	MPF_F	0.5	3469	45	18.91	129		0	0	2	multi_pass	1
ice	MPF_F	0.5	3494	44	18.49	230		0	0	0	none	0
ice	MPF_F	0.5	3496	44	18.49	115		0	0	1	single_pass	1
ice	MPF_F	0.5	3497	44	18.49	170		0	0	1	single_pass	1
ice	MPF_F	0.5	3505	44	18.49	200		0	0	0	none	0
ice	MPF_F	0.5	8856	44	18.49	186		0	0	0	none	0
ice	MPF_F	0.5	3443	42	17.65	149		0	0	0	none	0
ice	MPF_F	0.5	3507	41	17.23	139		0	0	0	none	0
ice	MPF_F	0.5	3514	41	17.23	146		0	0	0	none	0
ice	MPF_F	0.5	3516	41	17.23	165		0	0	0	none	0
ice	MPF_F	0.5	3517	41	17.23	113		0	0	0	none	0
ice	MPF_F	0.5	8832	41	17.23	108		0	0	1	single_pass	1
ice	MPF_F	0.5	237087	40	16.81	250		0	0	0	none	0
ice	MPF_F	0.5	8829	40	16.81	47		0	0	1	single_pass	1
ice	MPF_F	0.5	12925	40	16.81	147		0	0	0	none	0
ice	MPF_F	0.5	3437	39	16.39	64		0	0	0	none	0
ice	MPF_F	0.5	8870	39	16.39	91		0	0	0	none	0
ice	MPF_F	0.5	3532	38	15.97	143	EexR/S	0	0	4	multi_pass	1
ice	MPF_F	0.5	3533	38	15.97	177		0	0	0	none	0
ice	MPF_F	0.5	3534	38	15.97	99		0	0	0	none	0
ice	MPF_F	0.5	3536	38	15.97	220		0	0	0	none	0
ice	MPF_F	0.5	12905	38	15.97	104		0	1	0	none	0
ice	MPF_F	0.5	3538	37	15.55	83		0	0	0	none	0
ice	MPF_F	0.5	3539	37	15.55	215		0	0	0	none	0
ice	MPF_F	0.5	237065	33	13.87	256		0	0	0	none	0
ice	MPF_F	0.5	20237	32	13.45	214		0	0	0	none	0
ice	MPF_F	0.5	124514	31	13.03	207		0	0	0	none	0
ice	MPF_F	0.5	3462	30	12.61	195		0	0	0	none	0
ice	MPF_F	0.5	140637	30	12.61	178		0	0	1	single_pass	1
ice	MPF_F	0.5	258459	30	12.61	135		0	0	0	none	0
ice	MPF_F	0.5	57963	28	11.76	237		0	0	0	none	0
ice	MPF_F	0.5	248305	26	10.92	224		0	0	0	none	0
ice	MPF_F	0.5	50142	26	10.92	148		0	0	0	none	0
ice	MPF_F	0.5	114270	26	10.92	119		0	0	0	none	0
ice	MPF_F	0.5	243699	26	10.92	114		0	0	0	none	0
ice	MPF_F	0.5	373614	25	10.5	152		0	0	0	none	0
ice	MPF_F	0.5	23022	25	10.5	79		0	0	0	none	0
ice	MPF_F	0.5	23026	25	10.5	166		0	0	0	none	0
ice	MPF_F	0.5	23028	25	10.5	125		0	0	0	none	0
ice	MPF_F	0.5	23033	25	10.5	163		0	0	0	none	0
ice	MPF_F	0.5	30003	24	10.08	83		0	0	0	none	0
ice	MPF_F	0.5	30004	24	10.08	207		0	0	0	none	0
ice	MPF_F	0.5	30005	24	10.08	68		0	0	0	none	0
ice	MPF_F	0.5	12918	24	10.08	101		0	0	0	none	0
ice	MPF_F	0.5	23047	24	10.08	113		0	0	1	single_pass	1
ice	MPF_F	0.5	23068	23	9.66	97		0	0	0	none	0
ice	MPF_F	0.5	23069	23	9.66	173		0	0	2	multi_pass	1
ice	MPF_F	0.5	23070	23	9.66	152		0	0	0	none	0
ice	MPF_F	0.5	23071	23	9.66	75		0	0	0	none	0
ice	MPF_F	0.5	23073	23	9.66	184		0	0	0	none	0
ice	MPF_F	0.5	23074	23	9.66	101		0	0	0	none	0
ice	MPF_F	0.5	241145	23	9.66	194		0	0	0	none	0
ice	MPF_F	0.5	7064	23	9.66	110		0	0	2	multi_pass	1
ice	MPF_F	0.5	20501	23	9.66	203		0	0	1	single_pass	1
ice	MPF_F	0.5	206437	23	9.66	237		0	0	0	none	0
ice	MPF_F	0.5	289678	23	9.66	213		0	0	2	multi_pass	1
ice	MPF_F	0.5	30051	23	9.66	165		0	0	0	none	0
ice	MPF_F	0.5	30065	23	9.66	127		0	0	0	none	0
ice	MPF_F	0.5	34772	23	9.66	87		0	0	0	none	0
ice	MPF_F	0.5	12923	23	9.66	197		0	0	0	none	0
ice	MPF_F	0.5	23038	23	9.66	178		0	0	0	none	0
ice	MPF_F	0.5	23053	23	9.66	100		0	0	2	multi_pass	1
ice	MPF_F	0.5	23054	23	9.66	78		0	0	0	none	0
ice	MPF_F	0.5	23055	23	9.66	125		0	0	0	none	0
ice	MPF_F	0.5	23058	23	9.66	224		0	0	0	none	0
ice	MPF_F	0.5	23059	23	9.66	190		0	0	0	none	0
ice	MPF_F	0.5	23061	23	9.66	195		0	0	6	multi_pass	1
ice	MPF_F	0.5	23065	23	9.66	165		0	0	4	multi_pass	1
ice	MPF_F	0.5	84665	22	9.24	190		0	0	0	none	0
ice	MPF_F	0.5	8876	22	9.24	136		0	0	0	none	0
ice	MPF_F	0.5	34861	22	9.24	185		0	0	0	none	0
ice	MPF_F	0.5	118325	22	9.24	71		0	0	0	none	0
ice	MPF_F	0.5	66696	21	8.82	114		0	0	2	multi_pass	1
ice	MPF_F	0.5	240599	21	8.82	91		0	0	3	multi_pass	1
ice	MPF_F	0.5	346204	21	8.82	152		0	1	0	none	0
ice	MPF_F	0.5	8879	21	8.82	180		0	0	0	none	0
ice	MPF_F	0.5	8893	21	8.82	203		0	0	0	none	0
ice	MPF_F	0.5	23064	21	8.82	46		0	0	0	none	0
ice	MPF_F	0.5	3463	20	8.4	79		0	0	0	none	0
ice	MPF_F	0.5	48648	20	8.4	179		0	0	0	none	0
ice	MPF_F	0.5	2264	20	8.4	66		0	0	1	single_pass	1
ice	MPF_F	0.5	124524	20	8.4	194		0	0	0	none	0
ice	MPF_F	0.5	118350	20	8.4	190		0	0	0	none	0
ice	MPF_F	0.5	124526	19	7.98	151		0	0	0	none	0
ice	MPF_F	0.5	124509	19	7.98	210		0	0	0	none	0
ice	MPF_F	0.5	358436	19	7.98	88		0	0	0	none	0
ice	MPF_F	0.5	42800	18	7.56	115		0	0	4	multi_pass	1
ice	MPF_F	0.5	261234	18	7.56	100		0	0	3	multi_pass	1
ice	MPF_F	0.5	302857	18	7.56	152		0	0	0	none	0
ice	MPF_F	0.5	206470	18	7.56	106		0	0	0	none	0
ice	MPF_F	0.5	346190	18	7.56	211		0	0	0	none	0
ice	MPF_F	0.5	124511	18	7.56	86		0	0	0	none	0
ice	MPF_F	0.5	2392	17	7.14	96		0	0	0	none	0
ice	MPF_F	0.5	240631	17	7.14	214		0	0	0	none	0
ice	MPF_F	0.5	374232	17	7.14	163		0	0	0	none	0
ice	MPF_F	0.5	133742	16	6.72	128		0	1	1	single_pass	1
ice	MPF_F	0.5	240638	16	6.72	164		0	0	0	none	0
ice	MPF_F	0.5	103197	16	6.72	115		0	0	0	none	0
ice	MPF_F	0.5	642	16	6.72	207		0	0	0	none	0
ice	MPF_F	0.5	224009	16	6.72	227		0	0	0	none	0
ice	MPF_F	0.5	241127	15	6.3	258		0	0	0	none	0
ice	MPF_F	0.5	110873	15	6.3	163		0	0	0	none	0
ice	MPF_F	0.5	241105	15	6.3	67		0	0	0	none	0
ice	MPF_F	0.5	146980	15	6.3	153		0	0	0	none	0
ice	MPF_F	0.5	305303	15	6.3	90		0	0	0	none	0
ice	MPF_F	0.5	301642	15	6.3	126		0	0	2	multi_pass	1
ice	MPF_F	0.5	373767	15	6.3	197		0	0	8	multi_pass	1
ice	MPF_F	0.5	124518	15	6.3	135		0	0	0	none	0
ice	MPF_F	0.5	8899	15	6.3	166		0	0	0	none	0
ice	MPF_F	0.5	8900	15	6.3	136		0	0	0	none	0
ice	MPF_F	0.5	8902	15	6.3	184		0	0	0	none	0
ice	MPF_F	0.5	8905	15	6.3	216		1	1	7	ambiguous	1
ice	MPF_F	0.5	10267	14	5.88	159		0	0	0	none	0
ice	MPF_F	0.5	80099	14	5.88	91		0	0	0	none	0
ice	MPF_F	0.5	304551	14	5.88	124		0	0	0	none	0
ice	MPF_F	0.5	304554	14	5.88	100		0	0	0	none	0
ice	MPF_F	0.5	12902	14	5.88	194		0	0	0	none	0
ice	MPF_F	0.5	12903	14	5.88	199		0	0	0	none	0
ice	MPF_F	0.5	68899	14	5.88	88		0	0	0	none	0
ice	MPF_F	0.5	20208	13	5.46	137		0	0	0	none	0
ice	MPF_F	0.5	133716	13	5.46	139		0	0	0	none	0
ice	MPF_F	0.5	254730	13	5.46	150		0	0	0	none	0
ice	MPF_F	0.5	206434	13	5.46	135		0	0	0	none	0
ice	MPF_F	0.5	8883	13	5.46	138		0	0	0	none	0
ice	MPF_F	0.5	2393	12	5.04	128		0	0	0	none	0
ice	MPF_F	0.5	20229	12	5.04	78		0	0	0	none	0
ice	MPF_F	0.5	372969	12	5.04	132		0	0	0	none	0
ice	MPF_F	0.5	10242	12	5.04	92		0	0	0	none	0
ice	MPF_F	0.5	118424	12	5.04	115		0	0	2	multi_pass	1
ice	MPF_F	0.5	206405	12	5.04	170		0	0	4	multi_pass	1
ice	MPF_F	0.5	206423	12	5.04	150		0	0	0	none	0
ice	MPF_F	0.5	281061	12	5.04	110		0	0	0	none	0
ice	MPF_F	0.5	10335	12	5.04	50		0	0	0	none	0
ice	MPF_F	0.5	10347	12	5.04	233		0	0	0	none	0
ice	MPF_F	0.5	134773	12	5.04	129		0	0	0	none	0
ice	MPF_F	0.5	8873	12	5.04	178		0	0	0	none	0
ice	MPF_F	0.5	36141	12	5.04	108		0	0	2	multi_pass	1
ice	MPF_F	0.5	20230	11	4.62	64		0	0	0	none	0
ice	MPF_F	0.5	305307	11	4.62	109		0	0	0	none	0
ice	MPF_F	0.5	308931	11	4.62	183		0	0	1	single_pass	1
ice	MPF_F	0.5	103179	11	4.62	242		0	0	0	none	0
ice	MPF_F	0.5	374744	11	4.62	130		0	0	0	none	0
ice	MPF_F	0.5	35345	11	4.62	141		0	0	0	none	0
ice	MPF_F	0.5	12848	10	4.2	157		0	0	0	none	0
ice	MPF_F	0.5	4425	10	4.2	129		0	0	0	none	0
ice	MPF_F	0.5	47209	10	4.2	131		0	0	0	none	0
ice	MPF_F	0.5	69689	10	4.2	174		0	0	1	single_pass	1
ice	MPF_F	0.5	110916	10	4.2	134		0	0	1	single_pass	1
ice	MPF_F	0.5	206430	10	4.2	104		0	0	0	none	0
ice	MPF_F	0.5	206433	10	4.2	92		0	0	0	none	0
ice	MPF_F	0.5	2436	10	4.2	144		1	1	1	ambiguous	1
ice	MPF_F	0.5	229575	10	4.2	129		0	0	0	none	0
ice	MPF_F	0.5	170871	10	4.2	137		0	0	2	multi_pass	1
ice	MPF_F	0.5	35314	10	4.2	244		0	0	0	none	0
ice	MPF_F	0.5	36130	10	4.2	139		0	0	0	none	0
ice	MPF_F	0.5	59233	10	4.2	145		0	0	0	none	0
ice	MPF_F	0.5	118084	10	4.2	99		0	0	0	none	0
ice	MPF_F	0.5	12869	10	4.2	220		0	0	0	none	0
ice	MPF_F	0.5	12870	10	4.2	110		0	0	0	none	0
ice	MPF_F	0.5	373414	9	3.78	86		0	0	0	none	0
ice	MPF_F	0.5	20228	9	3.78	94		0	0	0	none	0
ice	MPF_F	0.5	372909	9	3.78	192		0	0	0	none	0
ice	MPF_F	0.5	10247	9	3.78	124		0	0	0	none	0
ice	MPF_F	0.5	69091	9	3.78	219		0	0	4	multi_pass	1
ice	MPF_F	0.5	77437	9	3.78	90		0	0	2	multi_pass	1
ice	MPF_F	0.5	237145	9	3.78	106		0	0	0	none	0
ice	MPF_F	0.5	281230	9	3.78	143		0	0	0	none	0
ice	MPF_F	0.5	373031	9	3.78	38		0	0	0	none	0
ice	MPF_F	0.5	115283	9	3.78	234		0	0	0	none	0
ice	MPF_F	0.5	199827	9	3.78	188		0	0	0	none	0
ice	MPF_F	0.5	110926	9	3.78	153		0	0	0	none	0
ice	MPF_F	0.5	131714	9	3.78	127		0	0	0	none	0
ice	MPF_F	0.5	131715	9	3.78	245		0	0	0	none	0
ice	MPF_F	0.5	240826	9	3.78	42		0	0	0	none	0
ice	MPF_F	0.5	224002	9	3.78	100		0	0	0	none	0
ice	MPF_F	0.5	206410	9	3.78	199		0	0	0	none	0
ice	MPF_F	0.5	206473	9	3.78	96		0	0	0	none	0
ice	MPF_F	0.5	303014	9	3.78	72		0	0	0	none	0
ice	MPF_F	0.5	281057	9	3.78	65		0	0	0	none	0
ice	MPF_F	0.5	165690	9	3.78	130		0	0	2	multi_pass	1
ice	MPF_F	0.5	95580	9	3.78	212		0	0	0	none	0
ice	MPF_F	0.5	373805	9	3.78	87		0	0	0	none	0
ice	MPF_F	0.5	373832	9	3.78	168		0	0	0	none	0
ice	MPF_F	0.5	301352	9	3.78	62		0	0	0	none	0
ice	MPF_F	0.5	32203	9	3.78	93		0	0	0	none	0
ice	MPF_F	0.5	32204	9	3.78	157		0	0	1	single_pass	1
ice	MPF_F	0.5	59167	9	3.78	149		1	1	0	lipid	1
ice	MPF_F	0.5	20248	8	3.36	76		0	0	1	single_pass	1
ice	MPF_F	0.5	19565	8	3.36	119		0	0	1	single_pass	1
ice	MPF_F	0.5	20527	8	3.36	196		0	0	0	none	0
ice	MPF_F	0.5	303052	8	3.36	217		0	0	0	none	0
ice	MPF_F	0.5	77443	8	3.36	162		1	1	0	lipid	1
ice	MPF_F	0.5	133879	8	3.36	110		0	0	0	none	0
ice	MPF_F	0.5	237130	8	3.36	37		0	0	0	none	0
ice	MPF_F	0.5	374587	8	3.36	145		0	0	0	none	0
ice	MPF_F	0.5	244914	8	3.36	59		0	0	1	single_pass	1
ice	MPF_F	0.5	302840	8	3.36	141		0	0	5	multi_pass	1
ice	MPF_F	0.5	76785	8	3.36	95		0	0	0	none	0
ice	MPF_F	0.5	240906	8	3.36	109		0	1	0	none	0
ice	MPF_F	0.5	304530	8	3.36	111		0	0	0	none	0
ice	MPF_F	0.5	318110	8	3.36	90		0	0	0	none	0
ice	MPF_F	0.5	206414	8	3.36	43		0	0	0	none	0
ice	MPF_F	0.5	289701	8	3.36	91		0	0	0	none	0
ice	MPF_F	0.5	301616	8	3.36	137		0	0	3	multi_pass	1
ice	MPF_F	0.5	2428	8	3.36	175		0	0	3	multi_pass	1
ice	MPF_F	0.5	2440	8	3.36	186		0	0	0	none	0
ice	MPF_F	0.5	249988	8	3.36	189		0	0	0	none	0
ice	MPF_F	0.5	249995	8	3.36	73		0	0	0	none	0
ice	MPF_F	0.5	374737	8	3.36	184		0	0	0	none	0
ice	MPF_F	0.5	223932	8	3.36	144		0	0	0	none	0
ice	MPF_F	0.5	81035	8	3.36	53		0	0	0	none	0
ice	MPF_F	0.5	42691	8	3.36	91		0	0	0	none	0
ice	MPF_F	0.5	228596	8	3.36	78		0	0	2	multi_pass	1
ice	MPF_F	0.5	46017	7	2.94	247		0	0	0	none	0
ice	MPF_F	0.5	373257	7	2.94	108		0	0	0	none	0
ice	MPF_F	0.5	10168	7	2.94	57		0	0	0	none	0
ice	MPF_F	0.5	10223	7	2.94	238		0	0	0	none	0
ice	MPF_F	0.5	20581	7	2.94	68		0	0	0	none	0
ice	MPF_F	0.5	20582	7	2.94	145		0	0	0	none	0
ice	MPF_F	0.5	245176	7	2.94	147		0	0	0	none	0
ice	MPF_F	0.5	236980	7	2.94	194		0	0	0	none	0
ice	MPF_F	0.5	207254	7	2.94	115		0	0	0	none	0
ice	MPF_F	0.5	49604	7	2.94	121		0	0	0	none	0
ice	MPF_F	0.5	77448	7	2.94	125		1	1	0	lipid	1
ice	MPF_F	0.5	103666	7	2.94	205		0	0	0	none	0
ice	MPF_F	0.5	146957	7	2.94	244		0	0	2	multi_pass	1
ice	MPF_F	0.5	371446	7	2.94	226		0	0	0	none	0
ice	MPF_F	0.5	692	7	2.94	119		0	0	0	none	0
ice	MPF_F	0.5	217363	7	2.94	165		0	0	0	none	0
ice	MPF_F	0.5	263434	7	2.94	161		0	0	0	none	0
ice	MPF_F	0.5	261314	7	2.94	97		0	0	0	none	0
ice	MPF_F	0.5	374183	7	2.94	51		0	0	0	none	0
ice	MPF_F	0.5	124397	7	2.94	45		0	0	0	none	0
ice	MPF_F	0.5	124400	7	2.94	63		0	0	0	none	0
ice	MPF_F	0.5	66763	7	2.94	70		0	0	0	none	0
ice	MPF_F	0.5	240910	7	2.94	126		0	0	1	single_pass	1
ice	MPF_F	0.5	103184	7	2.94	236		0	0	5	multi_pass	1
ice	MPF_F	0.5	206418	7	2.94	105		0	0	0	none	0
ice	MPF_F	0.5	206419	7	2.94	130		0	0	0	none	0
ice	MPF_F	0.5	54744	7	2.94	127		0	0	0	none	0
ice	MPF_F	0.5	54768	7	2.94	181		0	0	0	none	0
ice	MPF_F	0.5	68794	7	2.94	120		0	0	0	none	0
ice	MPF_F	0.5	245753	7	2.94	212		0	0	6	multi_pass	1
ice	MPF_F	0.5	289702	7	2.94	115		0	0	3	multi_pass	1
ice	MPF_F	0.5	80181	7	2.94	249		0	0	0	none	0
ice	MPF_F	0.5	2426	7	2.94	234		0	0	0	none	0
ice	MPF_F	0.5	2430	7	2.94	249		0	0	5	multi_pass	1
ice	MPF_F	0.5	2434	7	2.94	228		0	0	0	none	0
ice	MPF_F	0.5	2435	7	2.94	98		0	0	1	single_pass	1
ice	MPF_F	0.5	2437	7	2.94	185		0	0	0	none	0
ice	MPF_F	0.5	10357	7	2.94	39		0	0	0	none	0
ice	MPF_F	0.5	374201	7	2.94	65		0	0	0	none	0
ice	MPF_F	0.5	213347	7	2.94	90		0	0	0	none	0
ice	MPF_F	0.5	36153	7	2.94	152		0	0	2	multi_pass	1
ice	MPF_F	0.5	42711	7	2.94	76		0	0	0	none	0
ice	MPF_F	0.5	47130	7	2.94	225		0	0	0	none	0
ice	MPF_F	0.5	47496	7	2.94	68		0	0	0	none	0
ice	MPF_F	0.5	59224	7	2.94	89		0	0	0	none	0
ice	MPF_F	0.5	12849	6	2.52	131		0	0	4	multi_pass	1
ice	MPF_F	0.5	20068	6	2.52	207		0	0	4	multi_pass	1
ice	MPF_F	0.5	7063	6	2.52	151		0	0	0	none	0
ice	MPF_F	0.5	10187	6	2.52	112		0	0	0	none	0
ice	MPF_F	0.5	20495	6	2.52	78		0	0	2	multi_pass	1
ice	MPF_F	0.5	20516	6	2.52	143		0	0	0	none	0
ice	MPF_F	0.5	20517	6	2.52	204		0	0	0	none	0
ice	MPF_F	0.5	20531	6	2.52	107		0	0	0	none	0
ice	MPF_F	0.5	20536	6	2.52	49		0	0	0	none	0
ice	MPF_F	0.5	303046	6	2.52	126		0	0	0	none	0
ice	MPF_F	0.5	304447	6	2.52	139		0	0	0	none	0
ice	MPF_F	0.5	304448	6	2.52	140		0	0	0	none	0
ice	MPF_F	0.5	49906	6	2.52	87		0	0	0	none	0
ice	MPF_F	0.5	50067	6	2.52	120		0	0	2	multi_pass	1
ice	MPF_F	0.5	80156	6	2.52	150		0	0	0	none	0
ice	MPF_F	0.5	311908	6	2.52	124		0	0	0	none	0
ice	MPF_F	0.5	118461	6	2.52	103		0	0	0	none	0
ice	MPF_F	0.5	241079	6	2.52	114		0	0	0	none	0
ice	MPF_F	0.5	271936	6	2.52	135		0	0	4	multi_pass	1
ice	MPF_F	0.5	58012	6	2.52	189		0	0	0	none	0
ice	MPF_F	0.5	77319	6	2.52	119		0	0	0	none	0
ice	MPF_F	0.5	374650	6	2.52	60		0	0	0	none	0
ice	MPF_F	0.5	240655	6	2.52	186		0	1	0	none	0
ice	MPF_F	0.5	281219	6	2.52	209		0	0	0	none	0
ice	MPF_F	0.5	373130	6	2.52	47		0	0	0	none	0
ice	MPF_F	0.5	103653	6	2.52	220		0	0	0	none	0
ice	MPF_F	0.5	103654	6	2.52	125		0	0	0	none	0
ice	MPF_F	0.5	103655	6	2.52	148		0	0	2	multi_pass	1
ice	MPF_F	0.5	103660	6	2.52	205		1	1	0	lipid	1
ice	MPF_F	0.5	103663	6	2.52	162		0	0	0	none	0
ice	MPF_F	0.5	103669	6	2.52	218		0	0	0	none	0
ice	MPF_F	0.5	103671	6	2.52	166		0	0	0	none	0
ice	MPF_F	0.5	103672	6	2.52	103		0	0	0	none	0
ice	MPF_F	0.5	140891	6	2.52	98		0	0	0	none	0
ice	MPF_F	0.5	146956	6	2.52	168		0	0	4	multi_pass	1
ice	MPF_F	0.5	147001	6	2.52	53		0	0	1	single_pass	1
ice	MPF_F	0.5	696	6	2.52	126		0	0	0	none	0
ice	MPF_F	0.5	263451	6	2.52	149		0	0	1	single_pass	1
ice	MPF_F	0.5	103673	6	2.52	168		0	0	0	none	0
ice	MPF_F	0.5	103674	6	2.52	224		0	1	0	none	0
ice	MPF_F	0.5	103675	6	2.52	93		0	0	0	none	0
ice	MPF_F	0.5	103677	6	2.52	47		0	1	0	none	0
ice	MPF_F	0.5	103678	6	2.52	211		0	0	0	none	0
ice	MPF_F	0.5	103682	6	2.52	103		0	0	0	none	0
ice	MPF_F	0.5	219858	6	2.52	214		0	0	0	none	0
ice	MPF_F	0.5	198210	6	2.52	152		0	0	0	none	0
ice	MPF_F	0.5	302833	6	2.52	57		0	0	0	none	0
ice	MPF_F	0.5	243294	6	2.52	115		0	0	0	none	0
ice	MPF_F	0.5	301328	6	2.52	233		0	0	0	none	0
ice	MPF_F	0.5	374119	6	2.52	131		0	0	0	none	0
ice	MPF_F	0.5	124360	6	2.52	188		0	0	0	none	0
ice	MPF_F	0.5	124361	6	2.52	158		0	0	0	none	0
ice	MPF_F	0.5	124362	6	2.52	206		0	1	0	none	0
ice	MPF_F	0.5	608	6	2.52	140		0	0	0	none	0
ice	MPF_F	0.5	66725	6	2.52	219		0	0	6	multi_pass	1
ice	MPF_F	0.5	66812	6	2.52	126		0	0	0	none	0
ice	MPF_F	0.5	76784	6	2.52	79		0	0	0	none	0
ice	MPF_F	0.5	76786	6	2.52	52		0	0	1	single_pass	1
ice	MPF_F	0.5	95913	6	2.52	107		1	1	0	lipid	1
ice	MPF_F	0.5	347427	6	2.52	169		0	0	0	none	0
ice	MPF_F	0.5	199857	6	2.52	215		0	0	0	none	0
ice	MPF_F	0.5	54758	6	2.52	128		0	0	1	single_pass	1
ice	MPF_F	0.5	147098	6	2.52	67		0	0	0	none	0
ice	MPF_F	0.5	281014	6	2.52	89		0	0	0	none	0
ice	MPF_F	0.5	95616	6	2.52	167		0	0	0	none	0
ice	MPF_F	0.5	145282	6	2.52	216		0	0	0	none	0
ice	MPF_F	0.5	370157	6	2.52	174		0	0	1	single_pass	1
ice	MPF_F	0.5	118065	6	2.52	153		1	1	0	lipid	1
ice	MPF_F	0.5	373972	6	2.52	102		0	0	0	none	0
ice	MPF_F	0.5	2219	6	2.52	83		0	0	0	none	0
ice	MPF_F	0.5	2443	6	2.52	95		0	0	0	none	0
ice	MPF_F	0.5	2493	6	2.52	158		0	0	0	none	0
ice	MPF_F	0.5	127893	6	2.52	99		0	0	0	none	0
ice	MPF_F	0.5	250006	6	2.52	105		0	0	3	multi_pass	1
ice	MPF_F	0.5	223722	6	2.52	61		0	0	0	none	0
ice	MPF_F	0.5	84671	6	2.52	98		0	0	0	none	0
ice	MPF_F	0.5	84672	6	2.52	150		0	0	0	none	0
ice	MPF_F	0.5	371352	6	2.52	241		0	0	9	multi_pass	1
ice	MPF_F	0.5	32197	6	2.52	234		0	0	0	none	0
ice	MPF_F	0.5	36076	6	2.52	102		0	0	0	none	0
ice	MPF_F	0.5	47163	6	2.52	104		0	0	0	none	0
ice	MPF_F	0.5	47445	6	2.52	135		0	0	0	none	0
ice	MPF_F	0.5	12935	6	2.52	175		0	0	0	none	0
ice	MPF_F	0.5	229728	6	2.52	204		0	0	0	none	0
ice	MPF_F	0.5	366259	6	2.52	158		0	0	0	none	0
ice	MPF_F	0.5	2395	5	2.1	214		0	0	0	none	0
ice	MPF_F	0.5	3501	5	2.1	82		0	0	0	none	0
ice	MPF_F	0.5	3503	5	2.1	172		0	0	0	none	0
ice	MPF_F	0.5	373387	5	2.1	210		0	0	0	none	0
ice	MPF_F	0.5	12811	5	2.1	144		0	0	0	none	0
ice	MPF_F	0.5	20053	5	2.1	136		0	0	0	none	0
ice	MPF_F	0.5	372943	5	2.1	66		0	0	0	none	0
ice	MPF_F	0.5	7079	5	2.1	92		0	0	0	none	0
ice	MPF_F	0.5	8907	5	2.1	192		0	0	5	multi_pass	1
ice	MPF_F	0.5	19541	5	2.1	200		0	0	0	none	0
ice	MPF_F	0.5	20483	5	2.1	101		0	1	0	none	0
ice	MPF_F	0.5	20493	5	2.1	136		0	0	2	multi_pass	1
ice	MPF_F	0.5	20494	5	2.1	171		0	0	2	multi_pass	1
ice	MPF_F	0.5	20515	5	2.1	136		0	0	0	none	0
ice	MPF_F	0.5	20519	5	2.1	164		0	0	0	none	0
ice	MPF_F	0.5	20521	5	2.1	108		0	0	0	none	0
ice	MPF_F	0.5	20522	5	2.1	78		0	0	0	none	0
ice	MPF_F	0.5	20534	5	2.1	78		0	0	0	none	0
ice	MPF_F	0.5	20549	5	2.1	182		0	0	0	none	0
ice	MPF_F	0.5	20550	5	2.1	64		0	0	0	none	0
ice	MPF_F	0.5	20556	5	2.1	196		0	0	0	none	0
ice	MPF_F	0.5	20558	5	2.1	146		0	0	0	none	0
ice	MPF_F	0.5	20559	5	2.1	172		0	0	0	none	0
ice	MPF_F	0.5	20561	5	2.1	64		0	0	0	none	0
ice	MPF_F	0.5	20575	5	2.1	94		0	0	0	none	0
ice	MPF_F	0.5	20576	5	2.1	91		0	0	0	none	0
ice	MPF_F	0.5	245092	5	2.1	100		0	0	0	none	0
ice	MPF_F	0.5	245126	5	2.1	204		0	0	0	none	0
ice	MPF_F	0.5	49903	5	2.1	164		0	0	4	multi_pass	1
ice	MPF_F	0.5	50074	5	2.1	83		0	0	0	none	0
ice	MPF_F	0.5	311972	5	2.1	48		0	0	0	none	0
ice	MPF_F	0.5	207186	5	2.1	163		0	0	0	none	0
ice	MPF_F	0.5	207208	5	2.1	140		0	0	0	none	0
ice	MPF_F	0.5	271939	5	2.1	151		0	0	0	none	0
ice	MPF_F	0.5	360666	5	2.1	89		0	0	0	none	0
ice	MPF_F	0.5	58147	5	2.1	170		0	0	0	none	0
ice	MPF_F	0.5	66672	5	2.1	87		0	0	0	none	0
ice	MPF_F	0.5	77309	5	2.1	72		0	0	0	none	0
ice	MPF_F	0.5	76892	5	2.1	111		1	1	4	ambiguous	1
ice	MPF_F	0.5	358569	5	2.1	69		0	0	0	none	0
ice	MPF_F	0.5	254798	5	2.1	92		0	0	0	none	0
ice	MPF_F	0.5	140877	5	2.1	143		0	0	0	none	0
ice	MPF_F	0.5	243793	5	2.1	158		0	0	0	none	0
ice	MPF_F	0.5	283615	5	2.1	178		0	0	0	none	0
ice	MPF_F	0.5	283616	5	2.1	163		0	0	0	none	0
ice	MPF_F	0.5	683	5	2.1	198		0	0	0	none	0
ice	MPF_F	0.5	263453	5	2.1	138		0	0	0	none	0
ice	MPF_F	0.5	263456	5	2.1	116		0	0	0	none	0
ice	MPF_F	0.5	103676	5	2.1	125		0	0	0	none	0
ice	MPF_F	0.5	103688	5	2.1	245		0	0	0	none	0
ice	MPF_F	0.5	260638	5	2.1	204		0	0	0	none	0
ice	MPF_F	0.5	108907	5	2.1	47		0	0	1	single_pass	1
ice	MPF_F	0.5	108908	5	2.1	121		0	0	2	multi_pass	1
ice	MPF_F	0.5	259287	5	2.1	111		0	0	0	none	0
ice	MPF_F	0.5	302838	5	2.1	140		0	0	0	none	0
ice	MPF_F	0.5	243299	5	2.1	207		0	0	0	none	0
ice	MPF_F	0.5	283038	5	2.1	197		0	0	0	none	0
ice	MPF_F	0.7	3469	45	18.91	129		0	0	2	multi_pass	1
ice	MPF_F	0.7	3494	44	18.49	230		0	0	0	none	0
ice	MPF_F	0.7	3496	44	18.49	115		0	0	1	single_pass	1
ice	MPF_F	0.7	3497	44	18.49	170		0	0	1	single_pass	1
ice	MPF_F	0.7	8856	44	18.49	186		0	0	0	none	0
ice	MPF_F	0.7	3505	41	17.23	200		0	0	0	none	0
ice	MPF_F	0.7	3507	41	17.23	139		0	0	0	none	0
ice	MPF_F	0.7	3514	41	17.23	146		0	0	0	none	0
ice	MPF_F	0.7	3516	41	17.23	165		0	0	0	none	0
ice	MPF_F	0.7	3517	41	17.23	113		0	0	0	none	0
ice	MPF_F	0.7	8832	41	17.23	108		0	0	1	single_pass	1
ice	MPF_F	0.7	237087	40	16.81	250		0	0	0	none	0
ice	MPF_F	0.7	12925	40	16.81	147		0	0	0	none	0
ice	MPF_F	0.7	8829	40	16.81	47		0	0	1	single_pass	1
ice	MPF_F	0.7	3437	39	16.39	64		0	0	0	none	0
ice	MPF_F	0.7	8870	39	16.39	91		0	0	0	none	0
ice	MPF_F	0.7	3533	38	15.97	177		0	0	0	none	0
ice	MPF_F	0.7	3534	38	15.97	99		0	0	0	none	0
ice	MPF_F	0.7	3536	38	15.97	220		0	0	0	none	0
ice	MPF_F	0.7	3538	37	15.55	83		0	0	0	none	0
ice	MPF_F	0.7	3539	37	15.55	215		0	0	0	none	0
ice	MPF_F	0.7	12905	37	15.55	104		0	1	0	none	0
ice	MPF_F	0.7	3443	36	15.13	149		0	0	0	none	0
ice	MPF_F	0.7	289680	33	13.87	240		0	0	0	none	0
ice	MPF_F	0.7	3462	30	12.61	195		0	0	0	none	0
ice	MPF_F	0.7	20227	29	12.18	129		0	0	0	none	0
ice	MPF_F	0.7	42788	27	11.34	234		0	0	0	none	0
ice	MPF_F	0.7	3532	25	10.5	143	EexR/S	0	0	4	multi_pass	1
ice	MPF_F	0.7	23022	25	10.5	79		0	0	0	none	0
ice	MPF_F	0.7	23026	25	10.5	166		0	0	0	none	0
ice	MPF_F	0.7	23028	25	10.5	125		0	0	0	none	0
ice	MPF_F	0.7	23031	25	10.5	124		0	0	0	none	0
ice	MPF_F	0.7	23033	25	10.5	163		0	0	0	none	0
ice	MPF_F	0.7	373614	25	10.5	152		0	0	0	none	0
ice	MPF_F	0.7	30004	24	10.08	207		0	0	0	none	0
ice	MPF_F	0.7	30005	24	10.08	68		0	0	0	none	0
ice	MPF_F	0.7	23047	24	10.08	113		0	0	1	single_pass	1
ice	MPF_F	0.7	12918	24	10.08	101		0	0	0	none	0
ice	MPF_F	0.7	30003	23	9.66	83		0	0	0	none	0
ice	MPF_F	0.7	30048	23	9.66	234		0	0	0	none	0
ice	MPF_F	0.7	30051	23	9.66	165		0	0	0	none	0
ice	MPF_F	0.7	30065	23	9.66	127		0	0	0	none	0
ice	MPF_F	0.7	23038	23	9.66	178		0	0	0	none	0
ice	MPF_F	0.7	23053	23	9.66	100		0	0	2	multi_pass	1
ice	MPF_F	0.7	23054	23	9.66	78		0	0	0	none	0
ice	MPF_F	0.7	23055	23	9.66	125		0	0	0	none	0
ice	MPF_F	0.7	23058	23	9.66	224		0	0	0	none	0
ice	MPF_F	0.7	23059	23	9.66	190		0	0	0	none	0
ice	MPF_F	0.7	23061	23	9.66	195		0	0	6	multi_pass	1
ice	MPF_F	0.7	23065	23	9.66	165		0	0	4	multi_pass	1
ice	MPF_F	0.7	12923	23	9.66	197		0	0	0	none	0
ice	MPF_F	0.7	10377	23	9.66	192		0	0	0	none	0
ice	MPF_F	0.7	206437	23	9.66	237		0	0	0	none	0
ice	MPF_F	0.7	23068	23	9.66	97		0	0	0	none	0
ice	MPF_F	0.7	23069	23	9.66	173		0	0	2	multi_pass	1
ice	MPF_F	0.7	23070	23	9.66	152		0	0	0	none	0
ice	MPF_F	0.7	23071	23	9.66	75		0	0	0	none	0
ice	MPF_F	0.7	23072	23	9.66	173		0	0	0	none	0
ice	MPF_F	0.7	23073	23	9.66	184		0	0	0	none	0
ice	MPF_F	0.7	23074	23	9.66	101		0	0	0	none	0
ice	MPF_F	0.7	8803	22	9.24	115		0	0	0	none	0
ice	MPF_F	0.7	8875	22	9.24	148		0	0	0	none	0
ice	MPF_F	0.7	8876	22	9.24	136		0	0	0	none	0
ice	MPF_F	0.7	240599	21	8.82	91		0	0	3	multi_pass	1
ice	MPF_F	0.7	23064	21	8.82	46		0	0	0	none	0
ice	MPF_F	0.7	8879	21	8.82	180		0	0	0	none	0
ice	MPF_F	0.7	8889	21	8.82	230		0	0	2	multi_pass	1
ice	MPF_F	0.7	8893	21	8.82	203		0	0	0	none	0
ice	MPF_F	0.7	124502	21	8.82	88		0	0	0	none	0
ice	MPF_F	0.7	66696	21	8.82	114		0	0	2	multi_pass	1
ice	MPF_F	0.7	48648	20	8.4	179		0	0	0	none	0
ice	MPF_F	0.7	3463	20	8.4	79		0	0	0	none	0
ice	MPF_F	0.7	131725	20	8.4	211		0	0	0	none	0
ice	MPF_F	0.7	124526	19	7.98	151		0	0	0	none	0
ice	MPF_F	0.7	124528	19	7.98	192		0	0	0	none	0
ice	MPF_F	0.7	124509	19	7.98	210		0	0	0	none	0
ice	MPF_F	0.7	124514	19	7.98	207		0	0	0	none	0
ice	MPF_F	0.7	261218	19	7.98	163		0	0	0	none	0
ice	MPF_F	0.7	346197	19	7.98	194		0	0	0	none	0
ice	MPF_F	0.7	206337	18	7.56	191		0	0	0	none	0
ice	MPF_F	0.7	206470	18	7.56	106		0	0	0	none	0
ice	MPF_F	0.7	124511	18	7.56	86		0	0	0	none	0
ice	MPF_F	0.7	261234	18	7.56	100		0	0	3	multi_pass	1
ice	MPF_F	0.7	2177	18	7.56	73		0	0	0	none	0
ice	MPF_F	0.7	240631	17	7.14	214		0	0	0	none	0
ice	MPF_F	0.7	372938	17	7.14	111		1	1	2	ambiguous	1
ice	MPF_F	0.7	374232	17	7.14	163		0	0	0	none	0
ice	MPF_F	0.7	262179	17	7.14	110		0	0	4	multi_pass	1
ice	MPF_F	0.7	240638	16	6.72	164		0	0	0	none	0
ice	MPF_F	0.7	206336	16	6.72	226		0	0	0	none	0
ice	MPF_F	0.7	224009	16	6.72	227		0	0	0	none	0
ice	MPF_F	0.7	8899	15	6.3	166		0	0	0	none	0
ice	MPF_F	0.7	8900	15	6.3	136		0	0	0	none	0
ice	MPF_F	0.7	8902	15	6.3	184		0	0	0	none	0
ice	MPF_F	0.7	8905	15	6.3	216		1	1	7	ambiguous	1
ice	MPF_F	0.7	124518	15	6.3	135		0	0	0	none	0
ice	MPF_F	0.7	373767	15	6.3	197		0	0	8	multi_pass	1
ice	MPF_F	0.7	68866	15	6.3	173		0	0	1	single_pass	1
ice	MPF_F	0.7	305303	15	6.3	90		0	0	0	none	0
ice	MPF_F	0.7	12902	14	5.88	194		0	0	0	none	0
ice	MPF_F	0.7	12903	14	5.88	199		0	0	0	none	0
ice	MPF_F	0.7	10267	14	5.88	159		0	0	0	none	0
ice	MPF_F	0.7	241127	14	5.88	258		0	0	0	none	0
ice	MPF_F	0.7	68903	14	5.88	141		0	0	0	none	0
ice	MPF_F	0.7	8883	13	5.46	138		0	0	0	none	0
ice	MPF_F	0.7	206434	13	5.46	135		0	0	0	none	0
ice	MPF_F	0.7	254843	13	5.46	159	EexR/S	0	0	4	multi_pass	1
ice	MPF_F	0.7	10242	12	5.04	92		0	0	0	none	0
ice	MPF_F	0.7	10335	12	5.04	50		0	0	0	none	0
ice	MPF_F	0.7	10347	12	5.04	233		0	0	0	none	0
ice	MPF_F	0.7	20208	12	5.04	137		0	0	0	none	0
ice	MPF_F	0.7	20237	12	5.04	214		0	0	0	none	0
ice	MPF_F	0.7	8873	12	5.04	178		0	0	0	none	0
ice	MPF_F	0.7	206405	12	5.04	170		0	0	4	multi_pass	1
ice	MPF_F	0.7	206423	12	5.04	150		0	0	0	none	0
ice	MPF_F	0.7	206424	12	5.04	210		0	0	0	none	0
ice	MPF_F	0.7	241052	12	5.04	67		0	0	0	none	0
ice	MPF_F	0.7	373458	12	5.04	126		0	0	0	none	0
ice	MPF_F	0.7	2172	12	5.04	140		0	0	0	none	0
ice	MPF_F	0.7	134773	12	5.04	129		0	0	0	none	0
ice	MPF_F	0.7	110885	12	5.04	77		0	0	0	none	0
ice	MPF_F	0.7	20223	11	4.62	140		0	0	0	none	0
ice	MPF_F	0.7	20230	11	4.62	64		0	0	0	none	0
ice	MPF_F	0.7	240926	11	4.62	130		0	0	0	none	0
ice	MPF_F	0.7	35345	10	4.2	141		0	0	0	none	0
ice	MPF_F	0.7	165775	10	4.2	244		0	0	0	none	0
ice	MPF_F	0.7	12869	10	4.2	220		0	0	0	none	0
ice	MPF_F	0.7	12870	10	4.2	110		0	0	0	none	0
ice	MPF_F	0.7	206430	10	4.2	104		0	0	0	none	0
ice	MPF_F	0.7	206431	10	4.2	219		0	0	0	none	0
ice	MPF_F	0.7	206433	10	4.2	92		0	0	0	none	0
ice	MPF_F	0.7	66760	10	4.2	91		0	0	0	none	0
ice	MPF_F	0.7	32203	9	3.78	93		0	0	0	none	0
ice	MPF_F	0.7	32204	9	3.78	157		0	0	1	single_pass	1
ice	MPF_F	0.7	35343	9	3.78	65		0	0	0	none	0
ice	MPF_F	0.7	237145	9	3.78	106		0	0	0	none	0
ice	MPF_F	0.7	240826	9	3.78	42		0	0	0	none	0
ice	MPF_F	0.7	95580	9	3.78	212		0	0	0	none	0
ice	MPF_F	0.7	374498	9	3.78	115		0	0	0	none	0
ice	MPF_F	0.7	20257	9	3.78	135		0	0	1	single_pass	1
ice	MPF_F	0.7	12848	9	3.78	157		0	0	0	none	0
ice	MPF_F	0.7	372909	9	3.78	192		0	0	0	none	0
ice	MPF_F	0.7	206410	9	3.78	199		0	0	0	none	0
ice	MPF_F	0.7	206473	9	3.78	96		0	0	0	none	0
ice	MPF_F	0.7	229747	9	3.78	76		0	0	0	none	0
ice	MPF_F	0.7	2381	9	3.78	126		0	0	1	single_pass	1
ice	MPF_F	0.7	373805	9	3.78	87		0	0	0	none	0
ice	MPF_F	0.7	373832	9	3.78	168		0	0	0	none	0
ice	MPF_F	0.7	224002	9	3.78	100		0	0	0	none	0
ice	MPF_F	0.7	59200	9	3.78	174		0	0	1	single_pass	1
ice	MPF_F	0.7	66766	9	3.78	71		0	0	0	none	0
ice	MPF_F	0.7	69853	9	3.78	134		0	0	2	multi_pass	1
ice	MPF_F	0.7	358414	9	3.78	131		0	0	0	none	0
ice	MPF_F	0.7	373031	9	3.78	38		0	0	0	none	0
ice	MPF_F	0.7	42691	8	3.36	91		0	0	0	none	0
ice	MPF_F	0.7	223932	8	3.36	144		0	0	0	none	0
ice	MPF_F	0.7	244914	8	3.36	59		0	0	1	single_pass	1
ice	MPF_F	0.7	249988	8	3.36	189		0	0	0	none	0
ice	MPF_F	0.7	249992	8	3.36	250		0	0	0	none	0
ice	MPF_F	0.7	249995	8	3.36	73		0	0	0	none	0
ice	MPF_F	0.7	237130	8	3.36	37		0	0	0	none	0
ice	MPF_F	0.7	303052	8	3.36	217		0	0	0	none	0
ice	MPF_F	0.7	2428	8	3.36	175		0	0	3	multi_pass	1
ice	MPF_F	0.7	2433	8	3.36	155		1	1	0	lipid	1
ice	MPF_F	0.7	2436	8	3.36	144		1	1	1	ambiguous	1
ice	MPF_F	0.7	10414	8	3.36	146		0	0	0	none	0
ice	MPF_F	0.7	20267	8	3.36	153		0	0	0	none	0
ice	MPF_F	0.7	206414	8	3.36	43		0	0	0	none	0
ice	MPF_F	0.7	4440	8	3.36	120		0	0	2	multi_pass	1
ice	MPF_F	0.7	68990	8	3.36	125		0	0	0	none	0
ice	MPF_F	0.7	77437	8	3.36	90		0	0	2	multi_pass	1
ice	MPF_F	0.7	77443	8	3.36	162		1	1	0	lipid	1
ice	MPF_F	0.7	77470	8	3.36	190		0	0	1	single_pass	1
ice	MPF_F	0.7	66771	8	3.36	100		0	0	0	none	0
ice	MPF_F	0.7	2199	8	3.36	69		0	0	1	single_pass	1
ice	MPF_F	0.7	373045	8	3.36	106		0	0	0	none	0
ice	MPF_F	0.7	245753	7	2.94	212		0	0	6	multi_pass	1
ice	MPF_F	0.7	245780	7	2.94	209		0	0	4	multi_pass	1
ice	MPF_F	0.7	240910	7	2.94	126		0	0	1	single_pass	1
ice	MPF_F	0.7	20503	7	2.94	194		0	0	0	none	0
ice	MPF_F	0.7	20581	7	2.94	68		0	0	0	none	0
ice	MPF_F	0.7	103666	7	2.94	205		0	0	0	none	0
ice	MPF_F	0.7	301616	7	2.94	137		0	0	3	multi_pass	1
ice	MPF_F	0.7	2426	7	2.94	234		0	0	0	none	0
ice	MPF_F	0.7	2430	7	2.94	249		0	0	5	multi_pass	1
ice	MPF_F	0.7	2437	7	2.94	185		0	0	0	none	0
ice	MPF_F	0.7	10168	7	2.94	57		0	0	0	none	0
ice	MPF_F	0.7	10223	7	2.94	238		0	0	0	none	0
ice	MPF_F	0.7	140666	7	2.94	248		0	0	0	none	0
ice	MPF_F	0.7	124397	7	2.94	45		0	0	0	none	0
ice	MPF_F	0.7	124400	7	2.94	63		0	0	0	none	0
ice	MPF_F	0.7	206418	7	2.94	105		0	0	0	none	0
ice	MPF_F	0.7	206419	7	2.94	130		0	0	0	none	0
ice	MPF_F	0.7	2356	7	2.94	109		0	0	0	none	0
ice	MPF_F	0.7	263434	7	2.94	161		0	0	0	none	0
ice	MPF_F	0.7	213347	7	2.94	90		0	0	0	none	0
ice	MPF_F	0.7	66735	7	2.94	143		0	0	0	none	0
ice	MPF_F	0.7	146957	7	2.94	244		0	0	2	multi_pass	1
ice	MPF_F	0.7	374094	7	2.94	54		0	0	0	none	0
ice	MPF_F	0.7	374183	7	2.94	51		0	0	0	none	0
ice	MPF_F	0.7	32197	6	2.52	234		0	0	0	none	0
ice	MPF_F	0.7	34911	6	2.52	198		0	0	1	single_pass	1
ice	MPF_F	0.7	36076	6	2.52	102		0	0	0	none	0
ice	MPF_F	0.7	250006	6	2.52	105		0	0	3	multi_pass	1
ice	MPF_F	0.7	47163	6	2.52	104		0	0	0	none	0
ice	MPF_F	0.7	20527	6	2.52	196		0	0	0	none	0
ice	MPF_F	0.7	20530	6	2.52	99		0	0	0	none	0
ice	MPF_F	0.7	20531	6	2.52	107		0	0	0	none	0
ice	MPF_F	0.7	20533	6	2.52	157		0	0	0	none	0
ice	MPF_F	0.7	20535	6	2.52	131		0	0	0	none	0
ice	MPF_F	0.7	20536	6	2.52	49		0	0	0	none	0
ice	MPF_F	0.7	103653	6	2.52	220		0	0	0	none	0
ice	MPF_F	0.7	103654	6	2.52	125		0	0	0	none	0
ice	MPF_F	0.7	103655	6	2.52	148		0	0	2	multi_pass	1
ice	MPF_F	0.7	103657	6	2.52	181		0	0	0	none	0
ice	MPF_F	0.7	103660	6	2.52	205		1	1	0	lipid	1
ice	MPF_F	0.7	103663	6	2.52	162		0	0	0	none	0
ice	MPF_F	0.7	103669	6	2.52	218		0	0	0	none	0
ice	MPF_F	0.7	103671	6	2.52	166		0	0	0	none	0
ice	MPF_F	0.7	103672	6	2.52	103		0	0	0	none	0
ice	MPF_F	0.7	301345	6	2.52	158		0	0	0	none	0
ice	MPF_F	0.7	301621	6	2.52	228		0	0	0	none	0
ice	MPF_F	0.7	329630	6	2.52	72		0	0	1	single_pass	1
ice	MPF_F	0.7	2435	6	2.52	98		0	0	1	single_pass	1
ice	MPF_F	0.7	2440	6	2.52	186		0	0	0	none	0
ice	MPF_F	0.7	2443	6	2.52	95		0	0	0	none	0
ice	MPF_F	0.7	692	6	2.52	119		0	0	0	none	0
ice	MPF_F	0.7	696	6	2.52	126		0	0	0	none	0
ice	MPF_F	0.7	12916	6	2.52	225		0	0	0	none	0
ice	MPF_F	0.7	12932	6	2.52	149		0	0	0	none	0
ice	MPF_F	0.7	12935	6	2.52	175		0	0	0	none	0
ice	MPF_F	0.7	10187	6	2.52	112		0	0	0	none	0
ice	MPF_F	0.7	12849	6	2.52	131		0	0	4	multi_pass	1
ice	MPF_F	0.7	103673	6	2.52	168		0	0	0	none	0
ice	MPF_F	0.7	103674	6	2.52	224		0	1	0	none	0
ice	MPF_F	0.7	103675	6	2.52	93		0	0	0	none	0
ice	MPF_F	0.7	103677	6	2.52	47		0	1	0	none	0
ice	MPF_F	0.7	103678	6	2.52	211		0	0	0	none	0
ice	MPF_F	0.7	103682	6	2.52	103		0	0	0	none	0
ice	MPF_F	0.7	311908	6	2.52	124		0	0	0	none	0
ice	MPF_F	0.7	124360	6	2.52	188		0	0	0	none	0
ice	MPF_F	0.7	124361	6	2.52	158		0	0	0	none	0
ice	MPF_F	0.7	124362	6	2.52	206		0	1	0	none	0
ice	MPF_F	0.7	373972	6	2.52	102		0	0	0	none	0
ice	MPF_F	0.7	245176	6	2.52	147		0	0	0	none	0
ice	MPF_F	0.7	34861	6	2.52	185		0	0	0	none	0
ice	MPF_F	0.7	207606	6	2.52	128		0	0	0	none	0
ice	MPF_F	0.7	241079	6	2.52	114		0	0	0	none	0
ice	MPF_F	0.7	267532	6	2.52	127		1	1	0	lipid	1
ice	MPF_F	0.7	2332	6	2.52	87		0	0	0	none	0
ice	MPF_F	0.7	373257	6	2.52	108		0	0	0	none	0
ice	MPF_F	0.7	20492	6	2.52	108		0	0	2	multi_pass	1
ice	MPF_F	0.7	20495	6	2.52	78		0	0	2	multi_pass	1
ice	MPF_F	0.7	373414	6	2.52	86		0	0	0	none	0
ice	MPF_F	0.7	374650	6	2.52	60		0	0	0	none	0
ice	MPF_F	0.7	281219	6	2.52	209		0	0	0	none	0
ice	MPF_F	0.7	69043	6	2.52	163		0	0	0	none	0
ice	MPF_F	0.7	263451	6	2.52	149		0	0	1	single_pass	1
ice	MPF_F	0.7	146956	6	2.52	168		0	0	4	multi_pass	1
ice	MPF_F	0.7	146979	6	2.52	85		0	0	0	none	0
ice	MPF_F	0.7	77527	6	2.52	242		0	0	0	none	0
ice	MPF_F	0.7	358428	6	2.52	76		0	0	0	none	0
ice	MPF_F	0.7	54768	6	2.52	181		0	0	0	none	0
ice	MPF_F	0.7	199578	6	2.52	247		0	0	0	none	0
ice	MPF_F	0.7	373032	6	2.52	41		0	0	0	none	0
ice	MPF_F	0.7	304448	6	2.52	140		0	0	0	none	0
ice	MPF_F	0.7	373130	6	2.52	47		0	0	0	none	0
ice	MPF_F	0.7	42681	5	2.1	246		0	0	0	none	0
ice	MPF_F	0.7	42690	5	2.1	125		0	0	0	none	0
ice	MPF_F	0.7	42751	5	2.1	194		0	0	2	multi_pass	1
ice	MPF_F	0.7	42766	5	2.1	94		0	0	2	multi_pass	1
ice	MPF_F	0.7	35333	5	2.1	153		0	0	0	none	0
ice	MPF_F	0.7	35339	5	2.1	110		0	0	0	none	0
ice	MPF_F	0.7	76784	5	2.1	79		0	0	0	none	0
ice	MPF_F	0.7	76785	5	2.1	95		0	0	0	none	0
ice	MPF_F	0.7	76811	5	2.1	161		0	0	0	none	0
ice	MPF_F	0.7	76813	5	2.1	170		0	0	0	none	0
ice	MPF_F	0.7	76821	5	2.1	249		0	0	0	none	0
ice	MPF_F	0.7	81078	5	2.1	131		0	0	2	multi_pass	1
ice	MPF_F	0.7	118321	5	2.1	179		0	0	0	none	0
ice	MPF_F	0.7	198245	5	2.1	107		0	0	0	none	0
ice	MPF_F	0.7	240655	5	2.1	186		0	1	0	none	0
ice	MPF_F	0.7	243793	5	2.1	158		0	0	0	none	0
ice	MPF_F	0.7	245712	5	2.1	207		0	0	0	none	0
ice	MPF_F	0.7	240810	5	2.1	135		0	0	0	none	0
ice	MPF_F	0.7	245092	5	2.1	100		0	0	0	none	0
ice	MPF_F	0.7	20515	5	2.1	136		0	0	0	none	0
ice	MPF_F	0.7	20516	5	2.1	143		0	0	0	none	0
ice	MPF_F	0.7	20517	5	2.1	204		0	0	0	none	0
ice	MPF_F	0.7	20519	5	2.1	164		0	0	0	none	0
ice	MPF_F	0.7	20521	5	2.1	108		0	0	0	none	0
ice	MPF_F	0.7	20522	5	2.1	78		0	0	0	none	0
ice	MPF_F	0.7	20534	5	2.1	78		0	0	0	none	0
ice	MPF_F	0.7	20550	5	2.1	64		0	0	0	none	0
ice	MPF_F	0.7	20556	5	2.1	196		0	0	0	none	0
ice	MPF_F	0.7	20558	5	2.1	146		0	0	0	none	0
ice	MPF_F	0.7	20561	5	2.1	64		0	0	0	none	0
ice	MPF_F	0.7	20575	5	2.1	94		0	0	0	none	0
ice	MPF_F	0.7	103664	5	2.1	92		0	0	0	none	0
ice	MPF_F	0.7	301606	5	2.1	113		0	0	0	none	0
ice	MPF_F	0.7	303066	5	2.1	230		0	0	0	none	0
ice	MPF_F	0.7	348325	5	2.1	137		0	0	0	none	0
ice	MPF_F	0.7	3501	5	2.1	82		0	0	0	none	0
ice	MPF_F	0.7	3503	5	2.1	172		0	0	0	none	0
ice	MPF_F	0.7	8907	5	2.1	192		0	0	5	multi_pass	1
ice	MPF_F	0.7	10227	5	2.1	131		0	0	0	none	0
ice	MPF_F	0.7	10331	5	2.1	203		0	0	0	none	0
ice	MPF_F	0.7	10372	5	2.1	93		0	0	6	multi_pass	1
ice	MPF_F	0.7	20048	5	2.1	130		0	0	0	none	0
ice	MPF_F	0.7	20055	5	2.1	123		0	0	1	single_pass	1
ice	MPF_F	0.7	372943	5	2.1	66		0	0	0	none	0
ice	MPF_F	0.7	103676	5	2.1	125		0	0	0	none	0
ice	MPF_F	0.7	118424	5	2.1	115		0	0	2	multi_pass	1
ice	MPF_F	0.7	118425	5	2.1	79		0	0	2	multi_pass	1
ice	MPF_F	0.7	118431	5	2.1	199		0	0	1	single_pass	1
ice	MPF_F	0.7	118433	5	2.1	191		0	0	0	none	0
ice	MPF_F	0.7	214093	5	2.1	172		0	0	0	none	0
ice	MPF_F	0.7	302857	5	2.1	152		0	0	0	none	0
ice	MPF_F	0.7	311972	5	2.1	48		0	0	0	none	0
ice	MPF_F	0.7	108907	5	2.1	47		0	0	1	single_pass	1
ice	MPF_F	0.7	108908	5	2.1	121		0	0	2	multi_pass	1
ice	MPF_F	0.7	229684	5	2.1	87		0	0	0	none	0
ice	MPF_F	0.7	245674	5	2.1	67		0	0	0	none	0
ice	MPF_F	0.7	34804	5	2.1	144		0	0	0	none	0
ice	MPF_F	0.7	19650	5	2.1	197		0	0	1	single_pass	1
ice	MPF_F	0.7	7060	5	2.1	55		0	0	0	none	0
ice	MPF_F	0.7	7063	5	2.1	151		0	0	0	none	0
ice	MPF_F	0.7	7064	5	2.1	110		0	0	2	multi_pass	1
ice	MPF_F	0.7	283038	5	2.1	197		0	0	0	none	0
ice	MPF_F	0.7	283040	5	2.1	250		0	0	0	none	0
ice	MPF_F	0.7	2391	5	2.1	153		0	0	0	none	0
ice	MPF_F	0.7	2393	5	2.1	128		0	0	0	none	0
ice	MPF_F	0.7	2394	5	2.1	120		0	0	0	none	0
ice	MPF_F	0.7	2395	5	2.1	214		0	0	0	none	0
ice	MPF_F	0.7	20482	5	2.1	138		0	0	0	none	0
ice	MPF_F	0.7	20483	5	2.1	101		0	1	0	none	0
ice	MPF_F	0.7	20493	5	2.1	136		0	0	2	multi_pass	1
ice	MPF_F	0.7	20494	5	2.1	171		0	0	2	multi_pass	1
ice	MPF_F	0.7	373387	5	2.1	210		0	0	0	none	0
ice	MPF_F	0.7	266402	5	2.1	168		0	0	0	none	0
ice	MPF_F	0.7	266403	5	2.1	208		0	0	0	none	0
ice	MPF_F	0.7	281239	5	2.1	114		0	0	0	none	0
ice	MPF_F	0.7	308955	5	2.1	110		0	0	0	none	0
ice	MPF_F	0.7	50067	5	2.1	120		0	0	2	multi_pass	1
ice	MPF_F	0.7	50074	5	2.1	83		0	0	0	none	0
ice	MPF_F	0.7	77319	5	2.1	119		0	0	0	none	0
ice	MPF_F	0.7	263453	5	2.1	138		0	0	0	none	0
ice	MPF_F	0.7	263456	5	2.1	116		0	0	0	none	0
ice	MPF_F	0.7	374241	5	2.1	57		0	0	0	none	0
ice	MPF_F	0.7	49906	5	2.1	87		0	0	0	none	0
ice	MPF_F	0.7	59224	5	2.1	89		0	0	0	none	0
ice	MPF_F	0.7	59227	5	2.1	110		0	0	0	none	0
ice	MPF_F	0.7	66757	5	2.1	84		0	0	0	none	0
ice	MPF_F	0.7	80617	5	2.1	179		0	0	0	none	0
ice	MPF_F	0.7	54744	5	2.1	127		0	0	0	none	0
ice	MPF_F	0.7	54758	5	2.1	128		0	0	1	single_pass	1
ice	MPF_F	0.7	54763	5	2.1	85		0	0	2	multi_pass	1
ice	MPF_F	0.7	54765	5	2.1	115		0	0	4	multi_pass	1
ice	MPF_F	0.7	54769	5	2.1	93		0	0	2	multi_pass	1
ice	MPF_F	0.7	54776	5	2.1	132		0	0	0	none	0
ice	MPF_F	0.7	54779	5	2.1	248		0	0	9	multi_pass	1
ice	MPF_F	0.7	349174	5	2.1	71		0	0	0	none	0
ice	MPF_F	0.7	207208	5	2.1	140		0	0	0	none	0
ice	MPF_F	0.7	254798	5	2.1	92		0	0	0	none	0
ice	MPF_F	0.7	347468	5	2.1	211		0	0	0	none	0
ice	MPF_F	0.7	42682	4	1.68	39		0	0	0	none	0
ice	MPF_F	0.7	42729	4	1.68	227		1	0	0	lipid	1
ice	MPF_F	0.7	42733	4	1.68	141		0	0	0	none	0
ice	MPF_F	0.7	42735	4	1.68	63		0	0	0	none	0
ice	MPF_F	0.7	36066	4	1.68	179		0	0	0	none	0
ice	MPF_F	0.7	47532	4	1.68	108		0	0	0	none	0
ice	MPF_F	0.7	76806	4	1.68	220		0	0	4	multi_pass	1
ice	MPF_F	0.7	76827	4	1.68	144		0	1	0	none	0
ice	MPF_F	0.7	19548	4	1.68	216		0	0	0	none	0
ice	MPF_F	0.7	19554	4	1.68	165		0	0	0	none	0
ice	MPF_F	0.7	92121	4	1.68	117		0	0	0	none	0
ice	MPF_F	0.7	103179	4	1.68	242		0	0	0	none	0
ice	MPF_F	0.7	125192	4	1.68	218		0	0	0	none	0
ice	MPF_F	0.7	125193	4	1.68	48		0	0	0	none	0
ice	MPF_F	0.7	374730	4	1.68	116		0	0	0	none	0
ice	MPF_F	0.7	374737	4	1.68	184		0	0	0	none	0
ice	MPF_F	0.7	374743	4	1.68	162		0	0	0	none	0
ice	MPF_F	0.7	36080	4	1.68	131		0	0	0	none	0
ice	MPF_F	0.7	36130	4	1.68	139		0	0	0	none	0
ice	MPF_F	0.7	36141	4	1.68	108		0	0	2	multi_pass	1
ice	MPF_F	0.7	36142	4	1.68	77		0	0	2	multi_pass	1
ice	MPF_F	0.7	36148	4	1.68	201		0	0	1	single_pass	1
ice	MPF_F	0.7	36248	4	1.68	89		0	0	0	none	0
ice	MPF_F	0.7	223963	4	1.68	235		0	0	0	none	0
ice	MPF_F	0.7	228950	4	1.68	132		0	0	2	multi_pass	1
ice	MPF_F	0.7	240628	4	1.68	146		0	0	0	none	0
ice	MPF_F	0.7	243286	4	1.68	239		1	1	0	lipid	1
ice	MPF_F	0.7	237183	4	1.68	119		0	0	3	multi_pass	1
ice	MPF_F	0.7	240923	4	1.68	268		0	0	0	none	0
ice	MPF_F	0.7	245091	4	1.68	217		1	1	0	lipid	1
ice	MPF_F	0.7	47117	4	1.68	190		0	0	6	multi_pass	1
ice	MPF_F	0.7	47118	4	1.68	136		0	0	0	none	0
ice	MPF_F	0.7	47119	4	1.68	194		0	1	5	multi_pass	1
ice	MPF_F	0.7	47121	4	1.68	238		0	0	0	none	0
ice	MPF_F	0.7	47123	4	1.68	216		0	0	0	none	0
ice	MPF_FA	0.5	45557	360	59.9	167		0	0	0	none	0
ice	MPF_FA	0.5	275510	220	36.61	75		0	0	0	none	0
ice	MPF_FA	0.5	35497	200	33.28	71		0	0	0	none	0
ice	MPF_FA	0.5	328548	194	32.28	138		0	0	0	none	0
ice	MPF_FA	0.5	143981	179	29.78	140		0	0	0	none	0
ice	MPF_FA	0.5	276	80	13.31	62		0	0	0	none	0
ice	MPF_FA	0.5	14445	66	10.98	86		0	0	2	multi_pass	1
ice	MPF_FA	0.5	14448	64	10.65	100		0	0	0	none	0
ice	MPF_FA	0.5	172739	64	10.65	113		0	0	0	none	0
ice	MPF_FA	0.5	233887	63	10.48	197		0	0	1	single_pass	1
ice	MPF_FA	0.5	39549	61	10.15	45		0	0	1	single_pass	1
ice	MPF_FA	0.5	23791	61	10.15	94		0	0	0	none	0
ice	MPF_FA	0.5	23808	61	10.15	167		0	0	0	none	0
ice	MPF_FA	0.5	227877	59	9.82	93		0	0	0	none	0
ice	MPF_FA	0.5	325975	58	9.65	71		0	0	0	none	0
ice	MPF_FA	0.5	129091	55	9.15	181		0	0	0	none	0
ice	MPF_FA	0.5	44267	55	9.15	132		0	0	0	none	0
ice	MPF_FA	0.5	63205	55	9.15	89		0	0	0	none	0
ice	MPF_FA	0.5	265467	55	9.15	43		0	0	1	single_pass	1
ice	MPF_FA	0.5	39551	53	8.82	96		0	0	0	none	0
ice	MPF_FA	0.5	348115	51	8.49	61		0	0	0	none	0
ice	MPF_FA	0.5	242434	51	8.49	60		0	0	0	none	0
ice	MPF_FA	0.5	198597	48	7.99	244		0	0	0	none	0
ice	MPF_FA	0.5	79373	47	7.82	167		0	0	0	none	0
ice	MPF_FA	0.5	5312	46	7.65	98		0	0	0	none	0
ice	MPF_FA	0.5	110977	46	7.65	95		0	0	0	none	0
ice	MPF_FA	0.5	42430	44	7.32	246		0	0	0	none	0
ice	MPF_FA	0.5	23809	44	7.32	149		0	0	0	none	0
ice	MPF_FA	0.5	42423	42	6.99	191		0	0	6	multi_pass	1
ice	MPF_FA	0.5	42426	42	6.99	172		0	0	0	none	0
ice	MPF_FA	0.5	42407	42	6.99	134		0	0	0	none	0
ice	MPF_FA	0.5	42418	42	6.99	125		0	0	0	none	0
ice	MPF_FA	0.5	37719	42	6.99	188		0	0	0	none	0
ice	MPF_FA	0.5	305435	42	6.99	79		0	0	0	none	0
ice	MPF_FA	0.5	46550	41	6.82	77		0	0	0	none	0
ice	MPF_FA	0.5	42415	41	6.82	79		0	0	0	none	0
ice	MPF_FA	0.5	42409	40	6.66	110		0	0	0	none	0
ice	MPF_FA	0.5	42413	40	6.66	72		0	0	0	none	0
ice	MPF_FA	0.5	42414	40	6.66	187		0	0	0	none	0
ice	MPF_FA	0.5	23807	40	6.66	113	DUF4467	1	1	0	lipid	1
ice	MPF_FA	0.5	76587	40	6.66	144		0	0	0	none	0
ice	MPF_FA	0.5	162010	39	6.49	174		0	0	3	multi_pass	1
ice	MPF_FA	0.5	42400	39	6.49	223		0	0	0	none	0
ice	MPF_FA	0.5	26064	39	6.49	82		0	0	2	multi_pass	1
ice	MPF_FA	0.5	146649	38	6.32	170		0	0	1	single_pass	1
ice	MPF_FA	0.5	42408	38	6.32	63		0	0	0	none	0
ice	MPF_FA	0.5	220799	38	6.32	173		0	0	0	none	0
ice	MPF_FA	0.5	124311	38	6.32	125	DUF4467	1	1	0	lipid	1
ice	MPF_FA	0.5	111076	37	6.16	86		0	0	0	none	0
ice	MPF_FA	0.5	39553	36	5.99	54		0	0	0	none	0
ice	MPF_FA	0.5	46551	36	5.99	30		0	0	1	single_pass	1
ice	MPF_FA	0.5	136757	36	5.99	224		0	0	0	none	0
ice	MPF_FA	0.5	68338	36	5.99	212		0	0	0	none	0
ice	MPF_FA	0.5	194438	36	5.99	108		1	1	0	lipid	1
ice	MPF_FA	0.5	76582	33	5.49	62		0	0	0	none	0
ice	MPF_FA	0.5	76606	33	5.49	144		0	0	0	none	0
ice	MPF_FA	0.5	220800	32	5.32	130		0	0	0	none	0
ice	MPF_FA	0.5	307423	32	5.32	74		0	0	0	none	0
ice	MPF_FA	0.5	76605	32	5.32	180		0	0	0	none	0
ice	MPF_FA	0.5	30107	31	5.16	218		0	0	0	none	0
ice	MPF_FA	0.5	9	31	5.16	96		0	0	0	none	0
ice	MPF_FA	0.5	348068	31	5.16	80		0	0	0	none	0
ice	MPF_FA	0.5	266894	30	4.99	65		0	0	0	none	0
ice	MPF_FA	0.5	26049	30	4.99	64		0	0	0	none	0
ice	MPF_FA	0.5	152745	30	4.99	227		0	0	0	none	0
ice	MPF_FA	0.5	105097	29	4.83	210		0	0	0	none	0
ice	MPF_FA	0.5	124321	29	4.83	105		0	0	0	none	0
ice	MPF_FA	0.5	93129	27	4.49	131		1	0	0	lipid	1
ice	MPF_FA	0.5	79180	27	4.49	100		0	0	0	none	0
ice	MPF_FA	0.5	330720	27	4.49	74		0	0	0	none	0
ice	MPF_FA	0.5	124350	27	4.49	172		0	0	0	none	0
ice	MPF_FA	0.5	227297	27	4.49	98		0	0	0	none	0
ice	MPF_FA	0.5	253217	25	4.16	212		0	0	0	none	0
ice	MPF_FA	0.5	105129	24	3.99	105		0	0	0	none	0
ice	MPF_FA	0.5	375893	24	3.99	193		0	0	0	none	0
ice	MPF_FA	0.5	348207	24	3.99	151		0	0	0	none	0
ice	MPF_FA	0.5	37685	24	3.99	98		0	0	0	none	0
ice	MPF_FA	0.5	42218	23	3.83	187		0	0	0	none	0
ice	MPF_FA	0.5	12405	23	3.83	121		0	0	0	none	0
ice	MPF_FA	0.5	285344	23	3.83	217		0	0	0	none	0
ice	MPF_FA	0.5	20732	22	3.66	74		0	0	2	multi_pass	1
ice	MPF_FA	0.5	260709	22	3.66	164		0	0	0	none	0
ice	MPF_FA	0.5	37011	22	3.66	220		0	0	0	none	0
ice	MPF_FA	0.5	37012	22	3.66	135		0	0	0	none	0
ice	MPF_FA	0.5	60925	20	3.33	242		0	0	0	none	0
ice	MPF_FA	0.5	370721	20	3.33	95		0	0	0	none	0
ice	MPF_FA	0.5	37235	20	3.33	119		0	0	0	none	0
ice	MPF_FA	0.5	13620	20	3.33	73		0	0	0	none	0
ice	MPF_FA	0.5	20735	20	3.33	77		0	0	0	none	0
ice	MPF_FA	0.5	124354	20	3.33	68		0	0	0	none	0
ice	MPF_FA	0.5	44072	19	3.16	156		0	0	0	none	0
ice	MPF_FA	0.5	51856	19	3.16	137		0	0	0	none	0
ice	MPF_FA	0.5	271810	19	3.16	231		0	0	0	none	0
ice	MPF_FA	0.5	351778	19	3.16	235		0	0	0	none	0
ice	MPF_FA	0.5	275411	19	3.16	170		0	0	0	none	0
ice	MPF_FA	0.5	37702	19	3.16	208		1	1	0	lipid	1
ice	MPF_FA	0.5	164759	19	3.16	130		0	0	4	multi_pass	1
ice	MPF_FA	0.5	82768	18	3.0	201		1	1	0	lipid	1
ice	MPF_FA	0.5	50928	18	3.0	85		0	0	0	none	0
ice	MPF_FA	0.5	105082	18	3.0	227		0	0	0	none	0
ice	MPF_FA	0.5	37279	18	3.0	52		0	0	0	none	0
ice	MPF_FA	0.5	351872	18	3.0	117	DUF4467	1	1	0	lipid	1
ice	MPF_FA	0.5	172694	18	3.0	118		0	0	0	none	0
ice	MPF_FA	0.5	37695	18	3.0	87		0	0	0	none	0
ice	MPF_FA	0.5	37696	18	3.0	83		0	0	3	multi_pass	1
ice	MPF_FA	0.5	37699	18	3.0	193		0	0	0	none	0
ice	MPF_FA	0.5	299474	17	2.83	222		0	0	0	none	0
ice	MPF_FA	0.5	361435	17	2.83	185		0	0	0	none	0
ice	MPF_FA	0.5	5218	17	2.83	194		0	0	0	none	0
ice	MPF_FA	0.5	5288	17	2.83	58		0	0	0	none	0
ice	MPF_FA	0.5	12330	17	2.83	91		0	0	0	none	0
ice	MPF_FA	0.5	14438	17	2.83	55		0	0	0	none	0
ice	MPF_FA	0.5	37684	17	2.83	63		0	0	0	none	0
ice	MPF_FA	0.5	37029	17	2.83	50		0	0	0	none	0
ice	MPF_FA	0.5	37033	17	2.83	119		0	0	4	multi_pass	1
ice	MPF_FA	0.5	37693	17	2.83	122		0	0	1	single_pass	1
ice	MPF_FA	0.5	83718	17	2.83	223		0	0	0	none	0
ice	MPF_FA	0.5	258167	17	2.83	77		0	0	0	none	0
ice	MPF_FA	0.5	63329	16	2.66	240		0	0	0	none	0
ice	MPF_FA	0.5	63347	16	2.66	116		0	0	0	none	0
ice	MPF_FA	0.5	50917	16	2.66	52		0	0	0	none	0
ice	MPF_FA	0.5	258707	16	2.66	117		0	0	0	none	0
ice	MPF_FA	0.5	164730	16	2.66	66		0	0	0	none	0
ice	MPF_FA	0.5	165923	16	2.66	141		0	0	0	none	0
ice	MPF_FA	0.5	105076	16	2.66	209		0	0	0	none	0
ice	MPF_FA	0.5	15865	16	2.66	91		0	0	0	none	0
ice	MPF_FA	0.5	44299	16	2.66	207		0	0	0	none	0
ice	MPF_FA	0.5	363949	16	2.66	98		0	0	0	none	0
ice	MPF_FA	0.5	30822	16	2.66	63		0	0	0	none	0
ice	MPF_FA	0.5	12390	16	2.66	94		0	0	0	none	0
ice	MPF_FA	0.5	370491	16	2.66	163		0	0	0	none	0
ice	MPF_FA	0.5	376591	16	2.66	245		0	0	0	none	0
ice	MPF_FA	0.5	32929	16	2.66	138		0	0	0	none	0
ice	MPF_FA	0.5	37691	16	2.66	203		0	0	0	none	0
ice	MPF_FA	0.5	37792	16	2.66	69		0	0	0	none	0
ice	MPF_FA	0.5	223357	16	2.66	91		0	0	0	none	0
ice	MPF_FA	0.5	50966	15	2.5	238		0	0	0	none	0
ice	MPF_FA	0.5	189574	15	2.5	119		0	1	0	none	0
ice	MPF_FA	0.5	104974	15	2.5	108		0	0	0	none	0
ice	MPF_FA	0.5	105149	15	2.5	91		0	0	0	none	0
ice	MPF_FA	0.5	376382	15	2.5	68		0	0	0	none	0
ice	MPF_FA	0.5	44293	15	2.5	144		0	0	0	none	0
ice	MPF_FA	0.5	83322	15	2.5	89		0	0	0	none	0
ice	MPF_FA	0.5	26062	15	2.5	49		0	0	0	none	0
ice	MPF_FA	0.5	105203	15	2.5	80		0	0	0	none	0
ice	MPF_FA	0.5	9196	15	2.5	93		0	0	0	none	0
ice	MPF_FA	0.5	348153	15	2.5	53		0	0	0	none	0
ice	MPF_FA	0.5	77270	15	2.5	232		0	0	0	none	0
ice	MPF_FA	0.5	124756	15	2.5	118		0	0	0	none	0
ice	MPF_FA	0.5	363524	15	2.5	239		0	0	0	none	0
ice	MPF_FA	0.5	37035	15	2.5	226		0	0	0	none	0
ice	MPF_FA	0.5	37036	15	2.5	231		0	0	0	none	0
ice	MPF_FA	0.5	37741	15	2.5	178		0	0	0	none	0
ice	MPF_FA	0.5	358089	15	2.5	79		0	0	0	none	0
ice	MPF_FA	0.5	164817	15	2.5	239		0	0	0	none	0
ice	MPF_FA	0.5	363278	15	2.5	107		0	0	0	none	0
ice	MPF_FA	0.5	82838	15	2.5	232		0	0	0	none	0
ice	MPF_FA	0.5	82867	15	2.5	219		0	0	0	none	0
ice	MPF_FA	0.5	46506	14	2.33	160		0	0	0	none	0
ice	MPF_FA	0.5	304	14	2.33	82		0	0	0	none	0
ice	MPF_FA	0.5	1028	14	2.33	141		0	0	0	none	0
ice	MPF_FA	0.5	348599	14	2.33	118		0	0	0	none	0
ice	MPF_FA	0.5	348602	14	2.33	146		0	0	0	none	0
ice	MPF_FA	0.5	340599	14	2.33	80		0	0	0	none	0
ice	MPF_FA	0.5	95388	14	2.33	113		0	0	0	none	0
ice	MPF_FA	0.5	105011	14	2.33	117		0	0	0	none	0
ice	MPF_FA	0.5	363202	14	2.33	80		0	0	0	none	0
ice	MPF_FA	0.5	105070	14	2.33	218		0	0	0	none	0
ice	MPF_FA	0.5	42356	14	2.33	81		0	0	0	none	0
ice	MPF_FA	0.5	42357	14	2.33	113		0	0	0	none	0
ice	MPF_FA	0.5	42358	14	2.33	164		0	0	1	single_pass	1
ice	MPF_FA	0.5	42362	14	2.33	65		0	0	0	none	0
ice	MPF_FA	0.5	42366	14	2.33	108		0	0	0	none	0
ice	MPF_FA	0.5	44232	14	2.33	142		0	0	0	none	0
ice	MPF_FA	0.5	44283	14	2.33	166		0	0	0	none	0
ice	MPF_FA	0.5	44295	14	2.33	117		0	0	0	none	0
ice	MPF_FA	0.5	15817	14	2.33	171		0	0	0	none	0
ice	MPF_FA	0.5	188390	14	2.33	283		0	0	0	none	0
ice	MPF_FA	0.5	220977	14	2.33	117		0	0	0	none	0
ice	MPF_FA	0.5	104961	14	2.33	149		0	0	0	none	0
ice	MPF_FA	0.5	105202	14	2.33	152		0	0	0	none	0
ice	MPF_FA	0.5	5293	14	2.33	138		0	0	0	none	0
ice	MPF_FA	0.5	9150	14	2.33	184		0	0	0	none	0
ice	MPF_FA	0.5	9152	14	2.33	79		0	0	0	none	0
ice	MPF_FA	0.5	84853	14	2.33	134		0	0	4	multi_pass	1
ice	MPF_FA	0.5	12379	14	2.33	99		0	0	0	none	0
ice	MPF_FA	0.5	5213	14	2.33	203		0	0	0	none	0
ice	MPF_FA	0.5	260415	14	2.33	233		0	0	0	none	0
ice	MPF_FA	0.5	27760	14	2.33	112		0	0	2	multi_pass	1
ice	MPF_FA	0.5	27762	14	2.33	124		0	0	0	none	0
ice	MPF_FA	0.5	346966	14	2.33	100		0	0	0	none	0
ice	MPF_FA	0.5	285383	14	2.33	178		0	0	0	none	0
ice	MPF_FA	0.5	37043	14	2.33	227		0	0	0	none	0
ice	MPF_FA	0.5	83727	14	2.33	133		0	0	0	none	0
ice	MPF_FA	0.5	83728	14	2.33	81		0	0	0	none	0
ice	MPF_FA	0.5	44076	13	2.16	194		0	0	0	none	0
ice	MPF_FA	0.5	349678	13	2.16	176		0	0	0	none	0
ice	MPF_FA	0.5	349681	13	2.16	103		0	0	0	none	0
ice	MPF_FA	0.5	349683	13	2.16	87		0	0	0	none	0
ice	MPF_FA	0.5	5346	13	2.16	42		0	0	0	none	0
ice	MPF_FA	0.5	325122	13	2.16	185		0	0	0	none	0
ice	MPF_FA	0.5	348604	13	2.16	215		0	0	0	none	0
ice	MPF_FA	0.5	348610	13	2.16	120		0	0	0	none	0
ice	MPF_FA	0.5	105032	13	2.16	228		0	0	0	none	0
ice	MPF_FA	0.5	105058	13	2.16	59		0	0	0	none	0
ice	MPF_FA	0.5	105063	13	2.16	61		0	0	0	none	0
ice	MPF_FA	0.5	105181	13	2.16	169		0	0	0	none	0
ice	MPF_FA	0.5	30199	13	2.16	116		0	0	0	none	0
ice	MPF_FA	0.5	42340	13	2.16	136		0	0	0	none	0
ice	MPF_FA	0.5	42342	13	2.16	90		0	0	0	none	0
ice	MPF_FA	0.5	42361	13	2.16	203		0	0	0	none	0
ice	MPF_FA	0.5	44275	13	2.16	129		0	0	0	none	0
ice	MPF_FA	0.5	44276	13	2.16	121		0	0	0	none	0
ice	MPF_FA	0.5	44278	13	2.16	72		0	0	0	none	0
ice	MPF_FA	0.5	44286	13	2.16	132		0	0	0	none	0
ice	MPF_FA	0.5	44288	13	2.16	179		0	0	0	none	0
ice	MPF_FA	0.5	44290	13	2.16	122		0	0	0	none	0
ice	MPF_FA	0.5	105188	13	2.16	155		0	0	0	none	0
ice	MPF_FA	0.5	105194	13	2.16	136		0	0	0	none	0
ice	MPF_FA	0.5	105196	13	2.16	124		0	0	0	none	0
ice	MPF_FA	0.5	135693	13	2.16	254		0	0	0	none	0
ice	MPF_FA	0.5	5248	13	2.16	80		0	0	0	none	0
ice	MPF_FA	0.5	5295	13	2.16	56		0	0	1	single_pass	1
ice	MPF_FA	0.5	5297	13	2.16	103		0	0	3	multi_pass	1
ice	MPF_FA	0.5	5299	13	2.16	168		0	0	0	none	0
ice	MPF_FA	0.5	8642	13	2.16	43		0	0	0	none	0
ice	MPF_FA	0.5	20728	13	2.16	74		0	0	0	none	0
ice	MPF_FA	0.5	27745	13	2.16	123		0	0	0	none	0
ice	MPF_FA	0.5	27763	13	2.16	161		0	0	0	none	0
ice	MPF_FA	0.5	127650	13	2.16	179		0	0	6	multi_pass	1
ice	MPF_FA	0.5	281530	13	2.16	49		0	1	0	none	0
ice	MPF_FA	0.5	305751	13	2.16	210		0	0	0	none	0
ice	MPF_FA	0.5	131207	13	2.16	158		0	0	0	none	0
ice	MPF_FA	0.5	156838	13	2.16	225		0	0	0	none	0
ice	MPF_FA	0.5	168379	13	2.16	161		0	0	0	none	0
ice	MPF_FA	0.5	307442	13	2.16	207		0	0	0	none	0
ice	MPF_FA	0.5	37692	13	2.16	39		0	0	0	none	0
ice	MPF_FA	0.5	73567	12	2.0	225		0	0	0	none	0
ice	MPF_FA	0.5	30123	12	2.0	62		0	0	0	none	0
ice	MPF_FA	0.5	254295	12	2.0	132		0	0	0	none	0
ice	MPF_FA	0.5	292	12	2.0	232		0	0	0	none	0
ice	MPF_FA	0.5	1019	12	2.0	74		0	0	2	multi_pass	1
ice	MPF_FA	0.5	1033	12	2.0	122		0	0	0	none	0
ice	MPF_FA	0.5	1034	12	2.0	110		0	0	0	none	0
ice	MPF_FA	0.5	243831	12	2.0	201		0	0	0	none	0
ice	MPF_FA	0.5	340614	12	2.0	57		0	0	2	multi_pass	1
ice	MPF_FA	0.5	127612	12	2.0	216		0	0	0	none	0
ice	MPF_FA	0.5	95153	12	2.0	119		0	0	0	none	0
ice	MPF_FA	0.5	105053	12	2.0	38		0	0	0	none	0
ice	MPF_FA	0.5	159075	12	2.0	123		0	0	0	none	0
ice	MPF_FA	0.5	275477	12	2.0	170		1	1	0	lipid	1
ice	MPF_FA	0.5	30178	12	2.0	122		0	0	0	none	0
ice	MPF_FA	0.5	30179	12	2.0	108		0	0	0	none	0
ice	MPF_FA	0.5	30180	12	2.0	189		0	0	0	none	0
ice	MPF_FA	0.5	30181	12	2.0	139		0	0	0	none	0
ice	MPF_FA	0.5	30183	12	2.0	241		0	0	0	none	0
ice	MPF_FA	0.5	42339	12	2.0	206		0	0	0	none	0
ice	MPF_FA	0.5	45549	12	2.0	172		0	1	0	none	0
ice	MPF_FA	0.5	5249	12	2.0	156		0	0	0	none	0
ice	MPF_FA	0.5	5285	12	2.0	232		0	0	0	none	0
ice	MPF_FA	0.5	5287	12	2.0	133		0	0	0	none	0
ice	MPF_FA	0.5	5289	12	2.0	212		0	0	1	single_pass	1
ice	MPF_FA	0.5	5298	12	2.0	225		0	0	5	multi_pass	1
ice	MPF_FA	0.5	5303	12	2.0	42		0	0	0	none	0
ice	MPF_FA	0.5	84875	12	2.0	156		0	0	0	none	0
ice	MPF_FA	0.5	84886	12	2.0	94		0	0	0	none	0
ice	MPF_FA	0.5	84891	12	2.0	182		0	0	0	none	0
ice	MPF_FA	0.5	233730	12	2.0	209		0	0	0	none	0
ice	MPF_FA	0.5	27739	12	2.0	66		0	0	0	none	0
ice	MPF_FA	0.5	27740	12	2.0	134		0	0	0	none	0
ice	MPF_FA	0.5	27741	12	2.0	152		0	0	0	none	0
ice	MPF_FA	0.5	27742	12	2.0	103		0	0	0	none	0
ice	MPF_FA	0.5	37389	12	2.0	238		0	0	0	none	0
ice	MPF_FA	0.5	37671	12	2.0	209		0	0	6	multi_pass	1
ice	MPF_FA	0.5	37674	12	2.0	250		0	0	0	none	0
ice	MPF_FA	0.5	248499	12	2.0	243		0	0	0	none	0
ice	MPF_FA	0.5	32917	12	2.0	227		0	0	0	none	0
ice	MPF_FA	0.5	83729	12	2.0	61		0	0	0	none	0
ice	MPF_FA	0.5	340715	12	2.0	69		0	0	0	none	0
ice	MPF_FA	0.5	42449	11	1.83	49		0	0	0	none	0
ice	MPF_FA	0.5	51831	11	1.83	106		0	0	0	none	0
ice	MPF_FA	0.5	25238	11	1.83	144		0	0	0	none	0
ice	MPF_FA	0.5	30113	11	1.83	47		0	0	0	none	0
ice	MPF_FA	0.5	30115	11	1.83	186		0	0	0	none	0
ice	MPF_FA	0.5	30118	11	1.83	213		0	0	0	none	0
ice	MPF_FA	0.5	30120	11	1.83	151		0	0	0	none	0
ice	MPF_FA	0.5	170139	11	1.83	103		0	0	0	none	0
ice	MPF_FA	0.5	300	11	1.83	109		0	0	0	none	0
ice	MPF_FA	0.5	301	11	1.83	213		0	0	5	multi_pass	1
ice	MPF_FA	0.5	1010	11	1.83	119		1	1	0	lipid	1
ice	MPF_FA	0.5	1011	11	1.83	178		0	1	0	none	0
ice	MPF_FA	0.5	1012	11	1.83	74		0	0	0	none	0
ice	MPF_FA	0.5	1022	11	1.83	183		0	0	0	none	0
ice	MPF_FA	0.5	1026	11	1.83	204		0	0	0	none	0
ice	MPF_FA	0.5	1037	11	1.83	50		0	0	0	none	0
ice	MPF_FA	0.5	1041	11	1.83	83		0	0	0	none	0
ice	MPF_FA	0.5	243829	11	1.83	106		0	0	0	none	0
ice	MPF_FA	0.5	348623	11	1.83	120		0	0	0	none	0
ice	MPF_FA	0.5	127604	11	1.83	89		0	0	0	none	0
ice	MPF_FA	0.5	110630	11	1.83	225		0	0	0	none	0
ice	MPF_FA	0.5	30147	11	1.83	194		0	0	0	none	0
ice	MPF_FA	0.5	30152	11	1.83	189		0	0	0	none	0
ice	MPF_FA	0.5	30156	11	1.83	107		0	0	0	none	0
ice	MPF_FA	0.5	30157	11	1.83	60		0	0	0	none	0
ice	MPF_FA	0.5	30164	11	1.83	151		0	0	0	none	0
ice	MPF_FA	0.5	30167	11	1.83	149		0	0	0	none	0
ice	MPF_FA	0.5	30176	11	1.83	85		0	0	0	none	0
ice	MPF_FA	0.5	30177	11	1.83	112		0	0	0	none	0
ice	MPF_FA	0.5	30192	11	1.83	70		0	0	0	none	0
ice	MPF_FA	0.5	30193	11	1.83	249		0	0	0	none	0
ice	MPF_FA	0.5	30195	11	1.83	62		0	0	0	none	0
ice	MPF_FA	0.5	30196	11	1.83	126		0	0	0	none	0
ice	MPF_FA	0.5	30197	11	1.83	123		0	0	0	none	0
ice	MPF_FA	0.5	30200	11	1.83	115		0	0	0	none	0
ice	MPF_FA	0.5	367125	11	1.83	122		0	0	0	none	0
ice	MPF_FA	0.5	91559	11	1.83	92		0	0	0	none	0
ice	MPF_FA	0.5	367496	11	1.83	120		0	0	0	none	0
ice	MPF_FA	0.5	38029	11	1.83	67		0	0	0	none	0
ice	MPF_FA	0.5	5273	11	1.83	194		0	0	0	none	0
ice	MPF_FA	0.5	5274	11	1.83	88		0	0	0	none	0
ice	MPF_FA	0.5	5275	11	1.83	31		0	0	0	none	0
ice	MPF_FA	0.5	5276	11	1.83	41		0	0	0	none	0
ice	MPF_FA	0.5	5278	11	1.83	237		0	0	0	none	0
ice	MPF_FA	0.5	5301	11	1.83	55		0	0	0	none	0
ice	MPF_FA	0.5	5302	11	1.83	110		0	0	0	none	0
ice	MPF_FA	0.5	5326	11	1.83	141		0	0	0	none	0
ice	MPF_FA	0.5	5329	11	1.83	237		0	0	0	none	0
ice	MPF_FA	0.5	5333	11	1.83	165		0	0	0	none	0
ice	MPF_FA	0.5	12308	11	1.83	226		0	0	0	none	0
ice	MPF_FA	0.5	161890	11	1.83	125		0	0	0	none	0
ice	MPF_FA	0.5	12359	11	1.83	126		0	0	0	none	0
ice	MPF_FA	0.5	12361	11	1.83	200		0	0	7	multi_pass	1
ice	MPF_FA	0.5	12461	11	1.83	122		0	0	0	none	0
ice	MPF_FA	0.5	251711	11	1.83	104		0	0	0	none	0
ice	MPF_FA	0.5	261604	11	1.83	242		0	0	0	none	0
ice	MPF_FA	0.5	275167	11	1.83	88		0	0	0	none	0
ice	MPF_FA	0.5	110720	11	1.83	248		0	0	1	single_pass	1
ice	MPF_FA	0.5	60210	11	1.83	231		0	0	8	multi_pass	1
ice	MPF_FA	0.5	375052	11	1.83	209		0	0	0	none	0
ice	MPF_FA	0.5	79022	10	1.66	163		0	0	0	none	0
ice	MPF_FA	0.5	30119	10	1.66	161		0	0	0	none	0
ice	MPF_FA	0.5	10	10	1.66	72		0	0	0	none	0
ice	MPF_FA	0.5	22	10	1.66	39		0	0	0	none	0
ice	MPF_FA	0.5	293	10	1.66	122		0	0	0	none	0
ice	MPF_FA	0.5	302	10	1.66	209		0	0	0	none	0
ice	MPF_FA	0.5	198057	10	1.66	85		0	0	0	none	0
ice	MPF_FA	0.5	370900	10	1.66	53		0	0	0	none	0
ice	MPF_FA	0.5	127572	10	1.66	66		0	0	0	none	0
ice	MPF_FA	0.5	172215	10	1.66	91		0	0	0	none	0
ice	MPF_FA	0.5	46539	10	1.66	88		0	0	0	none	0
ice	MPF_FA	0.5	92355	10	1.66	59		0	0	0	none	0
ice	MPF_FA	0.5	105084	10	1.66	51		0	0	0	none	0
ice	MPF_FA	0.5	105132	10	1.66	230		0	0	0	none	0
ice	MPF_FA	0.5	110634	10	1.66	161		0	0	1	single_pass	1
ice	MPF_FA	0.5	111921	10	1.66	89		0	0	0	none	0
ice	MPF_FA	0.5	346749	10	1.66	176		0	0	0	none	0
ice	MPF_FA	0.5	30150	10	1.66	65		0	0	0	none	0
ice	MPF_FA	0.5	30161	10	1.66	169		0	0	0	none	0
ice	MPF_FA	0.5	30170	10	1.66	85		0	0	0	none	0
ice	MPF_FA	0.5	30171	10	1.66	123		0	0	0	none	0
ice	MPF_FA	0.5	30172	10	1.66	108		0	0	0	none	0
ice	MPF_FA	0.5	42367	10	1.66	200		0	0	0	none	0
ice	MPF_FA	0.5	63266	10	1.66	68		0	0	0	none	0
ice	MPF_FA	0.5	20645	10	1.66	160		0	0	0	none	0
ice	MPF_FA	0.5	350132	10	1.66	139		0	0	0	none	0
ice	MPF_FA	0.5	32866	10	1.66	170		0	0	0	none	0
ice	MPF_FA	0.5	103996	10	1.66	105		0	0	0	none	0
ice	MPF_FA	0.5	105208	10	1.66	97		0	0	0	none	0
ice	MPF_FA	0.5	5220	10	1.66	156		0	0	0	none	0
ice	MPF_FA	0.5	5224	10	1.66	140		0	0	0	none	0
ice	MPF_FA	0.5	5226	10	1.66	171		0	1	0	none	0
ice	MPF_FA	0.5	5228	10	1.66	183		0	0	0	none	0
ice	MPF_FA	0.5	5229	10	1.66	71		0	0	0	none	0
ice	MPF_FA	0.5	5232	10	1.66	138		0	0	0	none	0
ice	MPF_FA	0.5	5235	10	1.66	209		0	0	0	none	0
ice	MPF_FA	0.5	5237	10	1.66	191		0	0	0	none	0
ice	MPF_FA	0.5	5270	10	1.66	222		0	0	0	none	0
ice	MPF_FA	0.5	13556	10	1.66	137		0	0	0	none	0
ice	MPF_FA	0.5	23802	10	1.66	88		0	0	2	multi_pass	1
ice	MPF_FA	0.5	23812	10	1.66	233		0	0	0	none	0
ice	MPF_FA	0.5	5215	10	1.66	170		0	0	6	multi_pass	1
ice	MPF_FA	0.5	5216	10	1.66	175		0	0	8	multi_pass	1
ice	MPF_FA	0.5	37679	10	1.66	129		0	0	0	none	0
ice	MPF_FA	0.5	261670	10	1.66	91		0	0	0	none	0
ice	MPF_FA	0.5	295132	10	1.66	154		0	0	0	none	0
ice	MPF_FA	0.5	131197	10	1.66	163		0	0	6	multi_pass	1
ice	MPF_FA	0.5	131200	10	1.66	180		0	0	0	none	0
ice	MPF_FA	0.5	131210	10	1.66	122		0	0	0	none	0
ice	MPF_FA	0.5	220921	10	1.66	169		0	0	0	none	0
ice	MPF_FA	0.5	60219	10	1.66	133		0	0	0	none	0
ice	MPF_FA	0.5	209989	10	1.66	236		0	0	0	none	0
ice	MPF_FA	0.5	83542	10	1.66	98		0	0	0	none	0
ice	MPF_FA	0.5	83544	10	1.66	165		0	0	0	none	0
ice	MPF_FA	0.5	83696	10	1.66	103		0	0	0	none	0
ice	MPF_FA	0.5	83698	10	1.66	181		0	0	0	none	0
ice	MPF_FA	0.5	83699	10	1.66	166		0	0	0	none	0
ice	MPF_FA	0.5	83700	10	1.66	43		0	0	0	none	0
ice	MPF_FA	0.5	83701	10	1.66	92		0	0	0	none	0
ice	MPF_FA	0.5	83702	10	1.66	114		0	0	1	single_pass	1
ice	MPF_FA	0.5	83711	10	1.66	85		0	0	0	none	0
ice	MPF_FA	0.7	353842	216	35.94	79		0	0	0	none	0
ice	MPF_FA	0.7	35497	199	33.11	71		0	0	0	none	0
ice	MPF_FA	0.7	277	197	32.78	117		0	0	0	none	0
ice	MPF_FA	0.7	5254	182	30.28	178		0	0	0	none	0
ice	MPF_FA	0.7	22600	164	27.29	141		0	0	0	none	0
ice	MPF_FA	0.7	276	80	13.31	62		0	0	0	none	0
ice	MPF_FA	0.7	307276	66	10.98	166		0	0	0	none	0
ice	MPF_FA	0.7	172739	64	10.65	113		0	0	0	none	0
ice	MPF_FA	0.7	39549	61	10.15	45		0	0	1	single_pass	1
ice	MPF_FA	0.7	45557	56	9.32	167		0	0	0	none	0
ice	MPF_FA	0.7	348137	55	9.15	166		0	0	0	none	0
ice	MPF_FA	0.7	44267	54	8.99	132		0	0	0	none	0
ice	MPF_FA	0.7	39551	53	8.82	96		0	0	0	none	0
ice	MPF_FA	0.7	348115	51	8.49	61		0	0	0	none	0
ice	MPF_FA	0.7	349651	51	8.49	148		0	0	0	none	0
ice	MPF_FA	0.7	79377	48	7.99	44		0	0	1	single_pass	1
ice	MPF_FA	0.7	305725	47	7.82	167		0	0	0	none	0
ice	MPF_FA	0.7	5312	46	7.65	98		0	0	0	none	0
ice	MPF_FA	0.7	23796	45	7.49	86		0	0	2	multi_pass	1
ice	MPF_FA	0.7	23793	44	7.32	100		0	0	0	none	0
ice	MPF_FA	0.7	63235	44	7.32	143		0	0	0	none	0
ice	MPF_FA	0.7	14754	44	7.32	96		0	0	0	none	0
ice	MPF_FA	0.7	23806	43	7.15	196		0	0	1	single_pass	1
ice	MPF_FA	0.7	23808	43	7.15	167		0	0	0	none	0
ice	MPF_FA	0.7	42420	43	7.15	89		0	0	0	none	0
ice	MPF_FA	0.7	42423	42	6.99	191		0	0	6	multi_pass	1
ice	MPF_FA	0.7	42426	42	6.99	172		0	0	0	none	0
ice	MPF_FA	0.7	42430	42	6.99	246		0	0	0	none	0
ice	MPF_FA	0.7	37719	42	6.99	188		0	0	0	none	0
ice	MPF_FA	0.7	42418	42	6.99	125		0	0	0	none	0
ice	MPF_FA	0.7	42419	42	6.99	59		0	0	0	none	0
ice	MPF_FA	0.7	8643	42	6.99	245		0	0	0	none	0
ice	MPF_FA	0.7	46550	41	6.82	77		0	0	0	none	0
ice	MPF_FA	0.7	42415	41	6.82	79		0	0	0	none	0
ice	MPF_FA	0.7	23791	40	6.66	94		0	0	0	none	0
ice	MPF_FA	0.7	76587	40	6.66	144		0	0	0	none	0
ice	MPF_FA	0.7	42396	40	6.66	71		0	0	0	none	0
ice	MPF_FA	0.7	42407	40	6.66	134		0	0	0	none	0
ice	MPF_FA	0.7	42409	40	6.66	110		0	0	0	none	0
ice	MPF_FA	0.7	42413	40	6.66	72		0	0	0	none	0
ice	MPF_FA	0.7	42414	40	6.66	187		0	0	0	none	0
ice	MPF_FA	0.7	162010	39	6.49	174		0	0	3	multi_pass	1
ice	MPF_FA	0.7	42400	38	6.32	223		0	0	0	none	0
ice	MPF_FA	0.7	42408	38	6.32	63		0	0	0	none	0
ice	MPF_FA	0.7	46551	36	5.99	30		0	0	1	single_pass	1
ice	MPF_FA	0.7	39553	36	5.99	54		0	0	0	none	0
ice	MPF_FA	0.7	42355	36	5.99	109		0	0	0	none	0
ice	MPF_FA	0.7	14758	35	5.82	212		0	0	0	none	0
ice	MPF_FA	0.7	79227	35	5.82	224		0	0	0	none	0
ice	MPF_FA	0.7	76582	33	5.49	62		0	0	0	none	0
ice	MPF_FA	0.7	76606	33	5.49	144		0	0	0	none	0
ice	MPF_FA	0.7	76605	32	5.32	180		0	0	0	none	0
ice	MPF_FA	0.7	124321	29	4.83	105		0	0	0	none	0
ice	MPF_FA	0.7	196339	28	4.66	105		0	0	0	none	0
ice	MPF_FA	0.7	165911	27	4.49	78		0	0	0	none	0
ice	MPF_FA	0.7	86622	27	4.49	82		0	0	2	multi_pass	1
ice	MPF_FA	0.7	79180	27	4.49	100		0	0	0	none	0
ice	MPF_FA	0.7	327683	26	4.33	78		0	0	0	none	0
ice	MPF_FA	0.7	86637	26	4.33	86		0	0	0	none	0
ice	MPF_FA	0.7	26070	26	4.33	168		0	0	1	single_pass	1
ice	MPF_FA	0.7	96206	26	4.33	84		0	0	0	none	0
ice	MPF_FA	0.7	9	25	4.16	96		0	0	0	none	0
ice	MPF_FA	0.7	23807	24	3.99	113	DUF4467	1	1	0	lipid	1
ice	MPF_FA	0.7	26067	24	3.99	108		0	0	0	none	0
ice	MPF_FA	0.7	258108	23	3.83	227		0	0	0	none	0
ice	MPF_FA	0.7	37013	23	3.83	192		0	0	0	none	0
ice	MPF_FA	0.7	30107	22	3.66	218		0	0	0	none	0
ice	MPF_FA	0.7	30109	22	3.66	217		0	0	0	none	0
ice	MPF_FA	0.7	37011	22	3.66	220		0	0	0	none	0
ice	MPF_FA	0.7	37012	22	3.66	135		0	0	0	none	0
ice	MPF_FA	0.7	260709	22	3.66	164		0	0	0	none	0
ice	MPF_FA	0.7	322903	21	3.49	128	DUF4467	1	1	0	lipid	1
ice	MPF_FA	0.7	91527	21	3.49	66		0	0	0	none	0
ice	MPF_FA	0.7	14451	21	3.49	94		0	0	0	none	0
ice	MPF_FA	0.7	111460	20	3.33	187		0	0	0	none	0
ice	MPF_FA	0.7	164759	19	3.16	130		0	0	4	multi_pass	1
ice	MPF_FA	0.7	40398	19	3.16	86		0	0	2	multi_pass	1
ice	MPF_FA	0.7	44072	19	3.16	156		0	0	0	none	0
ice	MPF_FA	0.7	37702	19	3.16	208		1	1	0	lipid	1
ice	MPF_FA	0.7	51856	19	3.16	137		0	0	0	none	0
ice	MPF_FA	0.7	220800	19	3.16	130		0	0	0	none	0
ice	MPF_FA	0.7	50928	18	3.0	85		0	0	0	none	0
ice	MPF_FA	0.7	37279	18	3.0	52		0	0	0	none	0
ice	MPF_FA	0.7	37694	18	3.0	190		1	1	0	lipid	1
ice	MPF_FA	0.7	37695	18	3.0	87		0	0	0	none	0
ice	MPF_FA	0.7	37696	18	3.0	83		0	0	3	multi_pass	1
ice	MPF_FA	0.7	37699	18	3.0	193		0	0	0	none	0
ice	MPF_FA	0.7	14434	18	3.0	197		0	0	1	single_pass	1
ice	MPF_FA	0.7	14448	18	3.0	100		0	0	0	none	0
ice	MPF_FA	0.7	227297	18	3.0	98		0	0	0	none	0
ice	MPF_FA	0.7	103649	17	2.83	237		0	0	0	none	0
ice	MPF_FA	0.7	37029	17	2.83	50		0	0	0	none	0
ice	MPF_FA	0.7	37033	17	2.83	119		0	0	4	multi_pass	1
ice	MPF_FA	0.7	37685	17	2.83	98		0	0	0	none	0
ice	MPF_FA	0.7	37686	17	2.83	167		0	0	0	none	0
ice	MPF_FA	0.7	37693	17	2.83	122		0	0	1	single_pass	1
ice	MPF_FA	0.7	30128	17	2.83	172		0	0	0	none	0
ice	MPF_FA	0.7	37682	17	2.83	67		0	0	0	none	0
ice	MPF_FA	0.7	37684	17	2.83	63		0	0	0	none	0
ice	MPF_FA	0.7	14438	17	2.83	55		0	0	0	none	0
ice	MPF_FA	0.7	50917	16	2.66	52		0	0	0	none	0
ice	MPF_FA	0.7	12390	16	2.66	94		0	0	0	none	0
ice	MPF_FA	0.7	20732	16	2.66	74		0	0	2	multi_pass	1
ice	MPF_FA	0.7	38174	16	2.66	118	DUF4467	1	1	0	lipid	1
ice	MPF_FA	0.7	93128	16	2.66	220		0	0	0	none	0
ice	MPF_FA	0.7	363949	16	2.66	98		0	0	0	none	0
ice	MPF_FA	0.7	15865	16	2.66	91		0	0	0	none	0
ice	MPF_FA	0.7	37691	16	2.66	203		0	0	0	none	0
ice	MPF_FA	0.7	37743	16	2.66	90		0	0	0	none	0
ice	MPF_FA	0.7	37792	16	2.66	69		0	0	0	none	0
ice	MPF_FA	0.7	30822	16	2.66	63		0	0	0	none	0
ice	MPF_FA	0.7	105093	16	2.66	132		1	0	0	lipid	1
ice	MPF_FA	0.7	9196	15	2.5	93		0	0	0	none	0
ice	MPF_FA	0.7	164817	15	2.5	239		0	0	0	none	0
ice	MPF_FA	0.7	40381	15	2.5	226		0	0	0	none	0
ice	MPF_FA	0.7	37036	15	2.5	231		0	0	0	none	0
ice	MPF_FA	0.7	37042	15	2.5	232		0	0	0	none	0
ice	MPF_FA	0.7	358089	15	2.5	79		0	0	0	none	0
ice	MPF_FA	0.7	60223	15	2.5	141		0	0	0	none	0
ice	MPF_FA	0.7	37741	15	2.5	178		0	0	0	none	0
ice	MPF_FA	0.7	50966	15	2.5	238		0	0	0	none	0
ice	MPF_FA	0.7	105097	15	2.5	210		0	0	0	none	0
ice	MPF_FA	0.7	83727	14	2.33	133		0	0	0	none	0
ice	MPF_FA	0.7	83728	14	2.33	81		0	0	0	none	0
ice	MPF_FA	0.7	105202	14	2.33	152		0	0	0	none	0
ice	MPF_FA	0.7	105203	14	2.33	80		0	0	0	none	0
ice	MPF_FA	0.7	5291	14	2.33	47		0	0	0	none	0
ice	MPF_FA	0.7	5292	14	2.33	79		0	0	0	none	0
ice	MPF_FA	0.7	5293	14	2.33	138		0	0	0	none	0
ice	MPF_FA	0.7	9150	14	2.33	184		0	0	0	none	0
ice	MPF_FA	0.7	9152	14	2.33	79		0	0	0	none	0
ice	MPF_FA	0.7	12330	14	2.33	91		0	0	0	none	0
ice	MPF_FA	0.7	164820	14	2.33	234		0	0	0	none	0
ice	MPF_FA	0.7	12379	14	2.33	99		0	0	0	none	0
ice	MPF_FA	0.7	63347	14	2.33	116		0	0	0	none	0
ice	MPF_FA	0.7	258710	14	2.33	151		0	0	0	none	0
ice	MPF_FA	0.7	340599	14	2.33	80		0	0	0	none	0
ice	MPF_FA	0.7	340630	14	2.33	119		0	0	0	none	0
ice	MPF_FA	0.7	37040	14	2.33	231		0	0	0	none	0
ice	MPF_FA	0.7	37043	14	2.33	227		0	0	0	none	0
ice	MPF_FA	0.7	77270	14	2.33	232		0	0	0	none	0
ice	MPF_FA	0.7	27760	14	2.33	112		0	0	2	multi_pass	1
ice	MPF_FA	0.7	27762	14	2.33	124		0	0	0	none	0
ice	MPF_FA	0.7	105011	14	2.33	117		0	0	0	none	0
ice	MPF_FA	0.7	105068	14	2.33	62		0	0	0	none	0
ice	MPF_FA	0.7	363202	14	2.33	80		0	0	0	none	0
ice	MPF_FA	0.7	15817	14	2.33	171		0	0	0	none	0
ice	MPF_FA	0.7	223372	14	2.33	166		0	0	0	none	0
ice	MPF_FA	0.7	124756	14	2.33	118		0	0	0	none	0
ice	MPF_FA	0.7	105070	14	2.33	218		0	0	0	none	0
ice	MPF_FA	0.7	42356	14	2.33	81		0	0	0	none	0
ice	MPF_FA	0.7	42357	14	2.33	113		0	0	0	none	0
ice	MPF_FA	0.7	42358	14	2.33	164		0	0	1	single_pass	1
ice	MPF_FA	0.7	42362	14	2.33	65		0	0	0	none	0
ice	MPF_FA	0.7	42366	14	2.33	108		0	0	0	none	0
ice	MPF_FA	0.7	105188	13	2.16	155		0	0	0	none	0
ice	MPF_FA	0.7	105193	13	2.16	163		0	0	0	none	0
ice	MPF_FA	0.7	105194	13	2.16	136		0	0	0	none	0
ice	MPF_FA	0.7	105196	13	2.16	124		0	0	0	none	0
ice	MPF_FA	0.7	105204	13	2.16	71		0	0	0	none	0
ice	MPF_FA	0.7	105205	13	2.16	104		0	0	0	none	0
ice	MPF_FA	0.7	5248	13	2.16	80		0	0	0	none	0
ice	MPF_FA	0.7	5288	13	2.16	58		0	0	0	none	0
ice	MPF_FA	0.7	5295	13	2.16	56		0	0	1	single_pass	1
ice	MPF_FA	0.7	5297	13	2.16	103		0	0	3	multi_pass	1
ice	MPF_FA	0.7	5299	13	2.16	168		0	0	0	none	0
ice	MPF_FA	0.7	9193	13	2.16	207		0	0	0	none	0
ice	MPF_FA	0.7	20728	13	2.16	74		0	0	0	none	0
ice	MPF_FA	0.7	20735	13	2.16	77		0	0	0	none	0
ice	MPF_FA	0.7	76624	13	2.16	104		0	0	0	none	0
ice	MPF_FA	0.7	93144	13	2.16	228		0	0	0	none	0
ice	MPF_FA	0.7	44275	13	2.16	129		0	0	0	none	0
ice	MPF_FA	0.7	44278	13	2.16	72		0	0	0	none	0
ice	MPF_FA	0.7	44286	13	2.16	132		0	0	0	none	0
ice	MPF_FA	0.7	44288	13	2.16	179		0	0	0	none	0
ice	MPF_FA	0.7	44290	13	2.16	122		0	0	0	none	0
ice	MPF_FA	0.7	27744	13	2.16	97		0	0	0	none	0
ice	MPF_FA	0.7	27745	13	2.16	123		0	0	0	none	0
ice	MPF_FA	0.7	27746	13	2.16	121		0	1	0	none	0
ice	MPF_FA	0.7	27763	13	2.16	161		0	0	0	none	0
ice	MPF_FA	0.7	376374	13	2.16	208		0	0	0	none	0
ice	MPF_FA	0.7	37692	13	2.16	39		0	0	0	none	0
ice	MPF_FA	0.7	26049	13	2.16	64		0	0	0	none	0
ice	MPF_FA	0.7	349683	13	2.16	87		0	0	0	none	0
ice	MPF_FA	0.7	325122	13	2.16	185		0	0	0	none	0
ice	MPF_FA	0.7	5346	13	2.16	42		0	0	0	none	0
ice	MPF_FA	0.7	14432	13	2.16	170		0	0	0	none	0
ice	MPF_FA	0.7	105177	13	2.16	242		0	0	0	none	0
ice	MPF_FA	0.7	105181	13	2.16	169		0	0	0	none	0
ice	MPF_FA	0.7	42340	13	2.16	136		0	0	0	none	0
ice	MPF_FA	0.7	42342	13	2.16	90		0	0	0	none	0
ice	MPF_FA	0.7	42361	13	2.16	203		0	0	0	none	0
ice	MPF_FA	0.7	8642	13	2.16	43		0	0	0	none	0
ice	MPF_FA	0.7	83729	12	2.0	61		0	0	0	none	0
ice	MPF_FA	0.7	5249	12	2.0	156		0	0	0	none	0
ice	MPF_FA	0.7	5285	12	2.0	232		0	0	0	none	0
ice	MPF_FA	0.7	5287	12	2.0	133		0	0	0	none	0
ice	MPF_FA	0.7	5289	12	2.0	212		0	0	1	single_pass	1
ice	MPF_FA	0.7	5298	12	2.0	225		0	0	5	multi_pass	1
ice	MPF_FA	0.7	5303	12	2.0	42		0	0	0	none	0
ice	MPF_FA	0.7	30123	12	2.0	62		0	0	0	none	0
ice	MPF_FA	0.7	254295	12	2.0	132		0	0	0	none	0
ice	MPF_FA	0.7	44277	12	2.0	37		0	0	0	none	0
ice	MPF_FA	0.7	44281	12	2.0	146		0	0	0	none	0
ice	MPF_FA	0.7	44293	12	2.0	144		0	0	0	none	0
ice	MPF_FA	0.7	82860	12	2.0	115		0	0	0	none	0
ice	MPF_FA	0.7	27739	12	2.0	66		0	0	0	none	0
ice	MPF_FA	0.7	27740	12	2.0	134		0	0	0	none	0
ice	MPF_FA	0.7	27741	12	2.0	152		0	0	0	none	0
ice	MPF_FA	0.7	27742	12	2.0	103		0	0	0	none	0
ice	MPF_FA	0.7	105063	12	2.0	61		0	0	0	none	0
ice	MPF_FA	0.7	304	12	2.0	82		0	0	0	none	0
ice	MPF_FA	0.7	30125	12	2.0	170		1	0	0	lipid	1
ice	MPF_FA	0.7	30180	12	2.0	189		0	0	0	none	0
ice	MPF_FA	0.7	30181	12	2.0	139		0	0	0	none	0
ice	MPF_FA	0.7	30186	12	2.0	132		0	0	4	multi_pass	1
ice	MPF_FA	0.7	51099	12	2.0	49		0	1	0	none	0
ice	MPF_FA	0.7	26062	12	2.0	49		0	0	0	none	0
ice	MPF_FA	0.7	37671	12	2.0	209		0	0	6	multi_pass	1
ice	MPF_FA	0.7	37674	12	2.0	250		0	0	0	none	0
ice	MPF_FA	0.7	95153	12	2.0	119		0	0	0	none	0
ice	MPF_FA	0.7	260415	12	2.0	233		0	0	0	none	0
ice	MPF_FA	0.7	105071	12	2.0	115		0	0	0	none	0
ice	MPF_FA	0.7	105082	12	2.0	227		0	0	0	none	0
ice	MPF_FA	0.7	42339	12	2.0	206		0	0	0	none	0
ice	MPF_FA	0.7	5218	11	1.83	194		0	0	0	none	0
ice	MPF_FA	0.7	5272	11	1.83	107		0	0	0	none	0
ice	MPF_FA	0.7	5273	11	1.83	194		0	0	0	none	0
ice	MPF_FA	0.7	5274	11	1.83	88		0	0	0	none	0
ice	MPF_FA	0.7	5275	11	1.83	31		0	0	0	none	0
ice	MPF_FA	0.7	5276	11	1.83	41		0	0	0	none	0
ice	MPF_FA	0.7	5278	11	1.83	237		0	0	0	none	0
ice	MPF_FA	0.7	5301	11	1.83	55		0	0	0	none	0
ice	MPF_FA	0.7	5302	11	1.83	110		0	0	0	none	0
ice	MPF_FA	0.7	5326	11	1.83	141		0	0	0	none	0
ice	MPF_FA	0.7	5329	11	1.83	237		0	0	0	none	0
ice	MPF_FA	0.7	5333	11	1.83	165		0	0	0	none	0
ice	MPF_FA	0.7	40306	11	1.83	120	DUF4467	1	1	0	lipid	1
ice	MPF_FA	0.7	12359	11	1.83	126		0	0	0	none	0
ice	MPF_FA	0.7	12360	11	1.83	77		0	0	0	none	0
ice	MPF_FA	0.7	12361	11	1.83	200		0	0	7	multi_pass	1
ice	MPF_FA	0.7	30113	11	1.83	47		0	0	0	none	0
ice	MPF_FA	0.7	30115	11	1.83	186		0	0	0	none	0
ice	MPF_FA	0.7	30118	11	1.83	213		0	0	0	none	0
ice	MPF_FA	0.7	30120	11	1.83	151		0	0	0	none	0
ice	MPF_FA	0.7	42449	11	1.83	49		0	0	0	none	0
ice	MPF_FA	0.7	86639	11	1.83	127		0	0	0	none	0
ice	MPF_FA	0.7	44232	11	1.83	142		0	0	0	none	0
ice	MPF_FA	0.7	44276	11	1.83	121		0	0	0	none	0
ice	MPF_FA	0.7	275167	11	1.83	88		0	0	0	none	0
ice	MPF_FA	0.7	91559	11	1.83	92		0	0	0	none	0
ice	MPF_FA	0.7	27751	11	1.83	59		0	0	2	multi_pass	1
ice	MPF_FA	0.7	233385	11	1.83	208		0	0	0	none	0
ice	MPF_FA	0.7	1011	11	1.83	178		0	1	0	none	0
ice	MPF_FA	0.7	1012	11	1.83	74		0	0	0	none	0
ice	MPF_FA	0.7	1019	11	1.83	74		0	0	2	multi_pass	1
ice	MPF_FA	0.7	1021	11	1.83	155		0	0	0	none	0
ice	MPF_FA	0.7	1022	11	1.83	183		0	0	0	none	0
ice	MPF_FA	0.7	1026	11	1.83	204		0	0	0	none	0
ice	MPF_FA	0.7	1037	11	1.83	50		0	0	0	none	0
ice	MPF_FA	0.7	1041	11	1.83	83		0	0	0	none	0
ice	MPF_FA	0.7	131159	11	1.83	240		0	0	0	none	0
ice	MPF_FA	0.7	30147	11	1.83	194		0	0	0	none	0
ice	MPF_FA	0.7	30152	11	1.83	189		0	0	0	none	0
ice	MPF_FA	0.7	30154	11	1.83	187		0	0	0	none	0
ice	MPF_FA	0.7	30156	11	1.83	107		0	0	0	none	0
ice	MPF_FA	0.7	30157	11	1.83	60		0	0	0	none	0
ice	MPF_FA	0.7	30159	11	1.83	109		0	0	0	none	0
ice	MPF_FA	0.7	30164	11	1.83	151		0	0	0	none	0
ice	MPF_FA	0.7	30167	11	1.83	149		0	0	0	none	0
ice	MPF_FA	0.7	30168	11	1.83	165		0	0	0	none	0
ice	MPF_FA	0.7	30176	11	1.83	85		0	0	0	none	0
ice	MPF_FA	0.7	30177	11	1.83	112		0	0	0	none	0
ice	MPF_FA	0.7	30178	11	1.83	122		0	0	0	none	0
ice	MPF_FA	0.7	30179	11	1.83	108		0	0	0	none	0
ice	MPF_FA	0.7	30183	11	1.83	241		0	0	0	none	0
ice	MPF_FA	0.7	30192	11	1.83	70		0	0	0	none	0
ice	MPF_FA	0.7	30193	11	1.83	249		0	0	0	none	0
ice	MPF_FA	0.7	30195	11	1.83	62		0	0	0	none	0
ice	MPF_FA	0.7	30196	11	1.83	126		0	0	0	none	0
ice	MPF_FA	0.7	30197	11	1.83	123		0	0	0	none	0
ice	MPF_FA	0.7	30198	11	1.83	249		0	0	0	none	0
ice	MPF_FA	0.7	30199	11	1.83	116		0	0	0	none	0
ice	MPF_FA	0.7	30200	11	1.83	115		0	0	0	none	0
ice	MPF_FA	0.7	15821	11	1.83	105		0	0	0	none	0
ice	MPF_FA	0.7	51831	11	1.83	106		0	0	0	none	0
ice	MPF_FA	0.7	52333	11	1.83	66		0	0	0	none	0
ice	MPF_FA	0.7	105074	11	1.83	96		0	0	0	none	0
ice	MPF_FA	0.7	105083	11	1.83	193		0	0	0	none	0
ice	MPF_FA	0.7	105129	11	1.83	105		0	0	0	none	0
ice	MPF_FA	0.7	95388	11	1.83	113		0	0	0	none	0
ice	MPF_FA	0.7	172187	11	1.83	170		0	0	0	none	0
ice	MPF_FA	0.7	83542	10	1.66	98		0	0	0	none	0
ice	MPF_FA	0.7	83544	10	1.66	165		0	0	0	none	0
ice	MPF_FA	0.7	83696	10	1.66	103		0	0	0	none	0
ice	MPF_FA	0.7	83698	10	1.66	181		0	0	0	none	0
ice	MPF_FA	0.7	83699	10	1.66	166		0	0	0	none	0
ice	MPF_FA	0.7	83700	10	1.66	43		0	0	0	none	0
ice	MPF_FA	0.7	83701	10	1.66	92		0	0	0	none	0
ice	MPF_FA	0.7	83702	10	1.66	114		0	0	1	single_pass	1
ice	MPF_FA	0.7	83710	10	1.66	184		1	1	0	lipid	1
ice	MPF_FA	0.7	83711	10	1.66	85		0	0	0	none	0
ice	MPF_FA	0.7	83712	10	1.66	110		0	0	0	none	0
ice	MPF_FA	0.7	83713	10	1.66	182		0	0	0	none	0
ice	MPF_FA	0.7	83714	10	1.66	150		0	0	0	none	0
ice	MPF_FA	0.7	83718	10	1.66	223		0	0	0	none	0
ice	MPF_FA	0.7	83722	10	1.66	215		0	0	0	none	0
ice	MPF_FA	0.7	83734	10	1.66	137		0	0	0	none	0
ice	MPF_FA	0.7	83740	10	1.66	184		0	0	3	multi_pass	1
ice	MPF_FA	0.7	83771	10	1.66	40		0	0	0	none	0
ice	MPF_FA	0.7	105208	10	1.66	97		0	0	0	none	0
ice	MPF_FA	0.7	5220	10	1.66	156		0	0	0	none	0
ice	MPF_FA	0.7	5224	10	1.66	140		0	0	0	none	0
ice	MPF_FA	0.7	5226	10	1.66	171		0	1	0	none	0
ice	MPF_FA	0.7	5228	10	1.66	183		0	0	0	none	0
ice	MPF_FA	0.7	5229	10	1.66	71		0	0	0	none	0
ice	MPF_FA	0.7	5232	10	1.66	138		0	0	0	none	0
ice	MPF_FA	0.7	5234	10	1.66	219		0	0	0	none	0
ice	MPF_FA	0.7	5235	10	1.66	209		0	0	0	none	0
ice	MPF_FA	0.7	5237	10	1.66	191		0	0	0	none	0
ice	MPF_FA	0.7	5270	10	1.66	222		0	0	0	none	0
ice	MPF_FA	0.7	5271	10	1.66	172		0	0	0	none	0
ice	MPF_FA	0.7	23802	10	1.66	88		0	0	2	multi_pass	1
ice	MPF_FA	0.7	13674	10	1.66	244		0	0	0	none	0
ice	MPF_FA	0.7	30119	10	1.66	161		0	0	0	none	0
ice	MPF_FA	0.7	111062	10	1.66	108		0	0	0	none	0
ice	MPF_FA	0.7	111065	10	1.66	82		0	0	2	multi_pass	1
ice	MPF_FA	0.7	60210	10	1.66	231		0	0	8	multi_pass	1
ice	MPF_FA	0.7	60213	10	1.66	171		0	0	0	none	0
ice	MPF_FA	0.7	60215	10	1.66	244		0	0	0	none	0
ice	MPF_FA	0.7	60216	10	1.66	121		0	0	0	none	0
ice	MPF_FA	0.7	60219	10	1.66	133		0	0	0	none	0
ice	MPF_FA	0.7	105060	10	1.66	118		0	0	0	none	0
ice	MPF_FA	0.7	292	10	1.66	232		0	0	0	none	0
ice	MPF_FA	0.7	300	10	1.66	109		0	0	0	none	0
ice	MPF_FA	0.7	301	10	1.66	213		0	0	5	multi_pass	1
ice	MPF_FA	0.7	302	10	1.66	209		0	0	0	none	0
ice	MPF_FA	0.7	306	10	1.66	196		0	0	0	none	0
ice	MPF_FA	0.7	103996	10	1.66	105		0	0	0	none	0
ice	MPF_FA	0.7	30150	10	1.66	65		0	0	0	none	0
ice	MPF_FA	0.7	30161	10	1.66	169		0	0	0	none	0
ice	MPF_FA	0.7	30170	10	1.66	85		0	0	0	none	0
ice	MPF_FA	0.7	30171	10	1.66	123		0	0	0	none	0
ice	MPF_FA	0.7	30172	10	1.66	108		0	0	0	none	0
ice	MPF_FA	0.7	32865	10	1.66	122		0	0	0	none	0
ice	MPF_FA	0.7	37679	10	1.66	129		0	0	0	none	0
ice	MPF_FA	0.7	10	10	1.66	72		0	0	0	none	0
ice	MPF_FA	0.7	105084	10	1.66	51		0	0	0	none	0
ice	MPF_FA	0.7	105132	10	1.66	230		0	0	0	none	0
ice	MPF_FA	0.7	131197	10	1.66	163		0	0	6	multi_pass	1
ice	MPF_FA	0.7	42367	10	1.66	200		0	0	0	none	0
ice	MPF_FA	0.7	79022	10	1.66	163		0	0	0	none	0
ice	MPF_FA	0.7	5213	10	1.66	203		0	0	0	none	0
ice	MPF_FA	0.7	5215	10	1.66	170		0	0	6	multi_pass	1
ice	MPF_FA	0.7	5216	10	1.66	175		0	0	8	multi_pass	1
ice	MPF_FA	0.7	13605	10	1.66	250		0	0	0	none	0
ice	MPF_FA	0.7	83705	9	1.5	72		0	0	2	multi_pass	1
ice	MPF_FA	0.7	83735	9	1.5	161		0	1	0	none	0
ice	MPF_FA	0.7	83736	9	1.5	71		0	0	2	multi_pass	1
ice	MPF_FA	0.7	83739	9	1.5	163		0	0	1	single_pass	1
ice	MPF_FA	0.7	83743	9	1.5	132		0	0	0	none	0
ice	MPF_FA	0.7	83744	9	1.5	236		0	0	0	none	0
ice	MPF_FA	0.7	65813	9	1.5	145		0	0	0	none	0
ice	MPF_FA	0.7	105207	9	1.5	42		0	0	0	none	0
ice	MPF_FA	0.7	5238	9	1.5	92		0	0	0	none	0
ice	MPF_FA	0.7	5268	9	1.5	160		0	0	0	none	0
ice	MPF_FA	0.7	23799	9	1.5	57		0	0	1	single_pass	1
ice	MPF_FA	0.7	23801	9	1.5	47		0	0	1	single_pass	1
ice	MPF_FA	0.7	100548	9	1.5	61		0	0	0	none	0
ice	MPF_FA	0.7	12326	9	1.5	97		0	0	0	none	0
ice	MPF_FA	0.7	13703	9	1.5	164		0	0	0	none	0
ice	MPF_FA	0.7	50899	9	1.5	55		0	0	2	multi_pass	1
ice	MPF_FA	0.7	50916	9	1.5	103		0	0	0	none	0
ice	MPF_FA	0.7	12404	9	1.5	118		0	0	0	none	0
ice	MPF_FA	0.7	12462	9	1.5	99		0	0	0	none	0
ice	MPF_FA	0.7	63366	9	1.5	63		0	0	0	none	0
ice	MPF_FA	0.7	111051	9	1.5	174		0	0	0	none	0
ice	MPF_FA	0.7	111076	9	1.5	86		0	0	0	none	0
ice	MPF_FA	0.7	65646	9	1.5	83		0	0	0	none	0
ice	MPF_FA	0.7	188435	9	1.5	98		0	0	0	none	0
ice	MPF_FA	0.7	86640	9	1.5	171		0	0	0	none	0
ice	MPF_FA	0.7	46561	9	1.5	49		0	0	0	none	0
ice	MPF_FA	0.7	131248	9	1.5	104		0	0	0	none	0
ice	MPF_FA	0.7	131252	9	1.5	89		0	0	0	none	0
ice	MPF_FA	0.7	131304	9	1.5	163		0	0	4	multi_pass	1
ice	MPF_FA	0.7	105049	9	1.5	126		0	0	0	none	0
ice	MPF_FA	0.7	105058	9	1.5	59		0	0	0	none	0
ice	MPF_FA	0.7	105061	9	1.5	178		0	0	0	none	0
ice	MPF_FA	0.7	105065	9	1.5	102		0	0	0	none	0
ice	MPF_FA	0.7	73567	9	1.5	225		0	0	0	none	0
ice	MPF_FA	0.7	293	9	1.5	122		0	0	0	none	0
ice	MPF_FA	0.7	297	9	1.5	185		0	0	1	single_pass	1
ice	MPF_FA	0.7	307	9	1.5	138		0	0	0	none	0
ice	MPF_FA	0.7	1010	9	1.5	119		1	1	0	lipid	1
ice	MPF_FA	0.7	271839	9	1.5	139		0	0	0	none	0
ice	MPF_FA	0.7	352460	9	1.5	114		0	0	0	none	0
ice	MPF_FA	0.7	87052	9	1.5	220		0	0	0	none	0
ice	MPF_FA	0.7	30162	9	1.5	64		0	0	0	none	0
ice	MPF_FA	0.7	51873	9	1.5	79		0	0	0	none	0
ice	MPF_FA	0.7	124730	9	1.5	55		0	0	0	none	0
ice	MPF_FATA	0.5	353854	81	15.76	178		0	0	0	none	0
ice	MPF_FATA	0.5	35497	76	14.79	71		0	0	0	none	0
ice	MPF_FATA	0.5	269269	68	13.23	115		0	0	0	none	0
ice	MPF_FATA	0.5	31653	68	13.23	116		0	0	0	none	0
ice	MPF_FATA	0.5	22629	68	13.23	114		0	0	0	none	0
ice	MPF_FATA	0.5	209	64	12.45	121		0	0	0	none	0
ice	MPF_FATA	0.5	114575	63	12.26	140		0	0	0	none	0
ice	MPF_FATA	0.5	10984	58	11.28	118		0	0	0	none	0
ice	MPF_FATA	0.5	75380	57	11.09	79		0	0	0	none	0
ice	MPF_FATA	0.5	121789	55	10.7	139		0	0	0	none	0
ice	MPF_FATA	0.5	45265	51	9.92	71		0	0	0	none	0
ice	MPF_FATA	0.5	253450	48	9.34	87		0	0	0	none	0
ice	MPF_FATA	0.5	112831	48	9.34	164		0	0	0	none	0
ice	MPF_FATA	0.5	252493	47	9.14	225		0	0	0	none	0
ice	MPF_FATA	0.5	98411	44	8.56	98		0	0	0	none	0
ice	MPF_FATA	0.5	258167	41	7.98	77		0	0	0	none	0
ice	MPF_FATA	0.5	45301	40	7.78	98		0	0	0	none	0
ice	MPF_FATA	0.5	265042	37	7.2	67		0	0	0	none	0
ice	MPF_FATA	0.5	235010	37	7.2	228		0	0	0	none	0
ice	MPF_FATA	0.5	13684	33	6.42	63		0	0	0	none	0
ice	MPF_FATA	0.5	253426	33	6.42	94		0	0	2	multi_pass	1
ice	MPF_FATA	0.5	30831	32	6.23	62		0	0	0	none	0
ice	MPF_FATA	0.5	124678	32	6.23	211		0	0	0	none	0
ice	MPF_FATA	0.5	227877	32	6.23	93		0	0	0	none	0
ice	MPF_FATA	0.5	375381	31	6.03	56		0	0	0	none	0
ice	MPF_FATA	0.5	383435	30	5.84	57		0	0	0	none	0
ice	MPF_FATA	0.5	13828	27	5.25	171		0	0	0	none	0
ice	MPF_FATA	0.5	10973	26	5.06	63		0	0	0	none	0
ice	MPF_FATA	0.5	351469	26	5.06	120		0	0	0	none	0
ice	MPF_FATA	0.5	74338	25	4.86	216		0	0	0	none	0
ice	MPF_FATA	0.5	11001	25	4.86	94		0	0	0	none	0
ice	MPF_FATA	0.5	375679	25	4.86	255		0	0	0	none	0
ice	MPF_FATA	0.5	199450	25	4.86	228		0	0	0	none	0
ice	MPF_FATA	0.5	36407	25	4.86	127		0	0	0	none	0
ice	MPF_FATA	0.5	24297	24	4.67	217		0	0	0	none	0
ice	MPF_FATA	0.5	39321	24	4.67	142		0	0	0	none	0
ice	MPF_FATA	0.5	13686	24	4.67	196		0	0	0	none	0
ice	MPF_FATA	0.5	325711	24	4.67	73		0	0	0	none	0
ice	MPF_FATA	0.5	31229	24	4.67	124		0	0	0	none	0
ice	MPF_FATA	0.5	348698	24	4.67	118		0	0	0	none	0
ice	MPF_FATA	0.5	263313	24	4.67	86		0	0	0	none	0
ice	MPF_FATA	0.5	109317	23	4.47	222		0	0	1	single_pass	1
ice	MPF_FATA	0.5	368542	23	4.47	105		0	0	0	none	0
ice	MPF_FATA	0.5	28274	23	4.47	250		0	0	0	none	0
ice	MPF_FATA	0.5	13697	23	4.47	127		0	0	0	none	0
ice	MPF_FATA	0.5	336475	23	4.47	142		0	0	0	none	0
ice	MPF_FATA	0.5	70265	22	4.28	90		0	0	0	none	0
ice	MPF_FATA	0.5	351470	22	4.28	166		0	0	0	none	0
ice	MPF_FATA	0.5	37279	21	4.09	52		0	0	0	none	0
ice	MPF_FATA	0.5	367103	21	4.09	178		0	0	0	none	0
ice	MPF_FATA	0.5	185774	21	4.09	104		0	0	0	none	0
ice	MPF_FATA	0.5	25455	21	4.09	124		0	0	0	none	0
ice	MPF_FATA	0.5	225814	21	4.09	109		0	0	0	none	0
ice	MPF_FATA	0.5	134823	21	4.09	75		0	0	0	none	0
ice	MPF_FATA	0.5	38056	21	4.09	44		0	0	1	single_pass	1
ice	MPF_FATA	0.5	148592	20	3.89	233		0	0	0	none	0
ice	MPF_FATA	0.5	359621	20	3.89	181		0	0	2	multi_pass	1
ice	MPF_FATA	0.5	13695	20	3.89	194		0	0	7	multi_pass	1
ice	MPF_FATA	0.5	252494	20	3.89	246		0	0	0	none	0
ice	MPF_FATA	0.5	38060	20	3.89	160		0	0	0	none	0
ice	MPF_FATA	0.5	71707	20	3.89	98		0	0	0	none	0
ice	MPF_FATA	0.5	227	19	3.7	230		0	0	0	none	0
ice	MPF_FATA	0.5	44197	19	3.7	73		0	0	0	none	0
ice	MPF_FATA	0.5	98381	19	3.7	163		0	0	0	none	0
ice	MPF_FATA	0.5	8557	19	3.7	178		0	0	0	none	0
ice	MPF_FATA	0.5	8559	19	3.7	61		0	0	0	none	0
ice	MPF_FATA	0.5	156743	19	3.7	103		0	0	0	none	0
ice	MPF_FATA	0.5	21818	19	3.7	65		0	0	0	none	0
ice	MPF_FATA	0.5	22724	19	3.7	66		0	0	0	none	0
ice	MPF_FATA	0.5	96206	19	3.7	84		0	0	0	none	0
ice	MPF_FATA	0.5	248052	18	3.5	113		0	0	0	none	0
ice	MPF_FATA	0.5	30978	18	3.5	139		1	0	4	ambiguous	1
ice	MPF_FATA	0.5	359629	18	3.5	90		0	0	0	none	0
ice	MPF_FATA	0.5	253419	18	3.5	250		0	0	0	none	0
ice	MPF_FATA	0.5	357951	17	3.31	232		0	0	0	none	0
ice	MPF_FATA	0.5	284479	17	3.31	109		0	0	0	none	0
ice	MPF_FATA	0.5	34168	17	3.31	225		0	0	0	none	0
ice	MPF_FATA	0.5	24295	17	3.31	37		0	0	0	none	0
ice	MPF_FATA	0.5	85191	17	3.31	197		0	0	0	none	0
ice	MPF_FATA	0.5	249700	17	3.31	184		0	0	0	none	0
ice	MPF_FATA	0.5	266781	17	3.31	132		0	0	0	none	0
ice	MPF_FATA	0.5	45324	17	3.31	88		0	0	0	none	0
ice	MPF_FATA	0.5	341653	16	3.11	202		0	0	0	none	0
ice	MPF_FATA	0.5	12379	16	3.11	99		0	0	0	none	0
ice	MPF_FATA	0.5	25382	16	3.11	113		0	0	0	none	0
ice	MPF_FATA	0.5	171200	16	3.11	59		0	0	0	none	0
ice	MPF_FATA	0.5	2790	16	3.11	72		0	0	0	none	0
ice	MPF_FATA	0.5	5946	16	3.11	74		0	0	0	none	0
ice	MPF_FATA	0.5	211672	16	3.11	135		0	0	0	none	0
ice	MPF_FATA	0.5	37087	16	3.11	115		0	1	0	none	0
ice	MPF_FATA	0.5	74336	15	2.92	108		0	0	0	none	0
ice	MPF_FATA	0.5	357937	15	2.92	246		0	0	0	none	0
ice	MPF_FATA	0.5	336289	15	2.92	194		0	0	0	none	0
ice	MPF_FATA	0.5	355325	15	2.92	192		0	0	6	multi_pass	1
ice	MPF_FATA	0.5	527	15	2.92	200		0	0	0	none	0
ice	MPF_FATA	0.5	27864	15	2.92	103		0	0	0	none	0
ice	MPF_FATA	0.5	27869	15	2.92	108		0	0	0	none	0
ice	MPF_FATA	0.5	27904	15	2.92	156		0	0	0	none	0
ice	MPF_FATA	0.5	70326	15	2.92	210		0	0	0	none	0
ice	MPF_FATA	0.5	2793	15	2.92	111		0	0	0	none	0
ice	MPF_FATA	0.5	2800	15	2.92	88		0	0	0	none	0
ice	MPF_FATA	0.5	307423	15	2.92	74		0	0	0	none	0
ice	MPF_FATA	0.5	95118	15	2.92	219		0	0	0	none	0
ice	MPF_FATA	0.5	13559	15	2.92	60		0	0	0	none	0
ice	MPF_FATA	0.5	13562	15	2.92	193		0	0	0	none	0
ice	MPF_FATA	0.5	13569	15	2.92	199		0	0	1	single_pass	1
ice	MPF_FATA	0.5	355938	15	2.92	65		0	0	0	none	0
ice	MPF_FATA	0.5	249669	15	2.92	99		0	0	0	none	0
ice	MPF_FATA	0.5	266765	15	2.92	69		0	0	0	none	0
ice	MPF_FATA	0.5	28352	15	2.92	140		0	0	0	none	0
ice	MPF_FATA	0.5	31215	15	2.92	118		0	0	2	multi_pass	1
ice	MPF_FATA	0.5	211973	15	2.92	139		0	0	0	none	0
ice	MPF_FATA	0.5	24344	15	2.92	237		0	0	0	none	0
ice	MPF_FATA	0.5	24348	15	2.92	165		0	0	0	none	0
ice	MPF_FATA	0.5	24361	15	2.92	42		0	0	0	none	0
ice	MPF_FATA	0.5	97829	15	2.92	66		0	0	0	none	0
ice	MPF_FATA	0.5	37140	14	2.72	57		0	0	0	none	0
ice	MPF_FATA	0.5	25453	14	2.72	170		0	0	0	none	0
ice	MPF_FATA	0.5	329263	14	2.72	130		0	0	0	none	0
ice	MPF_FATA	0.5	99696	14	2.72	116		0	0	0	none	0
ice	MPF_FATA	0.5	6743	14	2.72	186		0	0	0	none	0
ice	MPF_FATA	0.5	378498	14	2.72	157		0	0	0	none	0
ice	MPF_FATA	0.5	266623	14	2.72	76		0	0	0	none	0
ice	MPF_FATA	0.5	223037	14	2.72	88		0	0	0	none	0
ice	MPF_FATA	0.5	21789	14	2.72	249		0	0	0	none	0
ice	MPF_FATA	0.5	21793	14	2.72	90		0	0	0	none	0
ice	MPF_FATA	0.5	30639	14	2.72	220		0	0	0	none	0
ice	MPF_FATA	0.5	31070	14	2.72	107		0	0	0	none	0
ice	MPF_FATA	0.5	24302	14	2.72	50		0	0	1	single_pass	1
ice	MPF_FATA	0.5	24398	14	2.72	241		0	0	0	none	0
ice	MPF_FATA	0.5	355817	14	2.72	131		0	0	0	none	0
ice	MPF_FATA	0.5	6816	14	2.72	193		0	0	0	none	0
ice	MPF_FATA	0.5	213048	13	2.53	130		0	0	0	none	0
ice	MPF_FATA	0.5	24291	13	2.53	212		0	0	1	single_pass	1
ice	MPF_FATA	0.5	369311	13	2.53	67		0	0	0	none	0
ice	MPF_FATA	0.5	14656	13	2.53	104		0	0	0	none	0
ice	MPF_FATA	0.5	12361	13	2.53	200		0	0	7	multi_pass	1
ice	MPF_FATA	0.5	74293	13	2.53	192		0	0	4	multi_pass	1
ice	MPF_FATA	0.5	74304	13	2.53	87		0	0	0	none	0
ice	MPF_FATA	0.5	35887	13	2.53	145		0	0	0	none	0
ice	MPF_FATA	0.5	27890	13	2.53	82		0	0	0	none	0
ice	MPF_FATA	0.5	6742	13	2.53	113		0	0	0	none	0
ice	MPF_FATA	0.5	6744	13	2.53	248		1	1	0	lipid	1
ice	MPF_FATA	0.5	6745	13	2.53	101		0	0	0	none	0
ice	MPF_FATA	0.5	6748	13	2.53	205		0	0	0	none	0
ice	MPF_FATA	0.5	6750	13	2.53	204		0	0	0	none	0
ice	MPF_FATA	0.5	6752	13	2.53	231		0	0	0	none	0
ice	MPF_FATA	0.5	6758	13	2.53	109		0	0	4	multi_pass	1
ice	MPF_FATA	0.5	6759	13	2.53	121		0	0	4	multi_pass	1
ice	MPF_FATA	0.5	6766	13	2.53	111		0	0	4	multi_pass	1
ice	MPF_FATA	0.5	6784	13	2.53	71		0	0	0	none	0
ice	MPF_FATA	0.5	6785	13	2.53	146		0	0	4	multi_pass	1
ice	MPF_FATA	0.5	6787	13	2.53	192		0	0	1	single_pass	1
ice	MPF_FATA	0.5	6790	13	2.53	206		0	0	1	single_pass	1
ice	MPF_FATA	0.5	6791	13	2.53	231		0	0	6	multi_pass	1
ice	MPF_FATA	0.5	6792	13	2.53	211		0	0	0	none	0
ice	MPF_FATA	0.5	6795	13	2.53	201		0	0	0	none	0
ice	MPF_FATA	0.5	6798	13	2.53	218		0	0	0	none	0
ice	MPF_FATA	0.5	6801	13	2.53	155		1	1	3	ambiguous	1
ice	MPF_FATA	0.5	6802	13	2.53	144		0	0	0	none	0
ice	MPF_FATA	0.5	6803	13	2.53	78		0	0	2	multi_pass	1
ice	MPF_FATA	0.5	24468	13	2.53	185		0	0	0	none	0
ice	MPF_FATA	0.5	76882	13	2.53	175		0	0	0	none	0
ice	MPF_FATA	0.5	76892	13	2.53	111		1	1	4	ambiguous	1
ice	MPF_FATA	0.5	76921	13	2.53	243		0	0	0	none	0
ice	MPF_FATA	0.5	76947	13	2.53	120		1	1	0	lipid	1
ice	MPF_FATA	0.5	8592	13	2.53	81		0	0	0	none	0
ice	MPF_FATA	0.5	2801	13	2.53	58		0	0	0	none	0
ice	MPF_FATA	0.5	2802	13	2.53	75		0	0	2	multi_pass	1
ice	MPF_FATA	0.5	2805	13	2.53	139		0	0	0	none	0
ice	MPF_FATA	0.5	2809	13	2.53	111		0	0	2	multi_pass	1
ice	MPF_FATA	0.5	2810	13	2.53	198		0	0	0	none	0
ice	MPF_FATA	0.5	2813	13	2.53	214		0	0	1	single_pass	1
ice	MPF_FATA	0.5	6602	13	2.53	231		0	0	0	none	0
ice	MPF_FATA	0.5	351704	13	2.53	135		0	0	0	none	0
ice	MPF_FATA	0.5	129982	13	2.53	69		0	0	0	none	0
ice	MPF_FATA	0.5	113767	13	2.53	68		0	0	0	none	0
ice	MPF_FATA	0.5	113773	13	2.53	140		0	0	0	none	0
ice	MPF_FATA	0.5	113774	13	2.53	83		0	0	0	none	0
ice	MPF_FATA	0.5	62749	13	2.53	199		0	0	0	none	0
ice	MPF_FATA	0.5	62751	13	2.53	135		0	0	0	none	0
ice	MPF_FATA	0.5	24138	13	2.53	62		0	0	2	multi_pass	1
ice	MPF_FATA	0.5	6685	13	2.53	144		0	0	0	none	0
ice	MPF_FATA	0.5	6686	13	2.53	127		0	0	0	none	0
ice	MPF_FATA	0.5	6696	13	2.53	31		0	0	1	single_pass	1
ice	MPF_FATA	0.5	6698	13	2.53	130		0	0	0	none	0
ice	MPF_FATA	0.5	6701	13	2.53	248		0	0	0	none	0
ice	MPF_FATA	0.5	6702	13	2.53	228		0	0	0	none	0
ice	MPF_FATA	0.5	6703	13	2.53	67		0	0	0	none	0
ice	MPF_FATA	0.5	109321	13	2.53	68		0	0	0	none	0
ice	MPF_FATA	0.5	114040	13	2.53	148		0	0	0	none	0
ice	MPF_FATA	0.5	221656	13	2.53	71		0	0	0	none	0
ice	MPF_FATA	0.5	142112	13	2.53	231		0	0	0	none	0
ice	MPF_FATA	0.5	252143	13	2.53	119		0	0	0	none	0
ice	MPF_FATA	0.5	97791	13	2.53	66		0	0	0	none	0
ice	MPF_FATA	0.5	155073	13	2.53	225		0	0	5	multi_pass	1
ice	MPF_FATA	0.5	6806	13	2.53	173		0	0	0	none	0
ice	MPF_FATA	0.5	6812	13	2.53	215		0	0	0	none	0
ice	MPF_FATA	0.5	6814	13	2.53	115		0	0	0	none	0
ice	MPF_FATA	0.5	27856	13	2.53	147		0	0	0	none	0
ice	MPF_FATA	0.5	147749	13	2.53	77		0	0	0	none	0
ice	MPF_FATA	0.5	60215	13	2.53	244		0	0	0	none	0
ice	MPF_FATA	0.5	50489	12	2.33	133		0	0	0	none	0
ice	MPF_FATA	0.5	50491	12	2.33	136		0	0	0	none	0
ice	MPF_FATA	0.5	12359	12	2.33	126		0	0	0	none	0
ice	MPF_FATA	0.5	72147	12	2.33	58		0	0	0	none	0
ice	MPF_FATA	0.5	367395	12	2.33	167		0	0	0	none	0
ice	MPF_FATA	0.5	44260	12	2.33	86		0	0	2	multi_pass	1
ice	MPF_FATA	0.5	44263	12	2.33	100		0	0	0	none	0
ice	MPF_FATA	0.5	27865	12	2.33	242		0	0	0	none	0
ice	MPF_FATA	0.5	27884	12	2.33	135		0	0	1	single_pass	1
ice	MPF_FATA	0.5	24423	12	2.33	189		0	0	0	none	0
ice	MPF_FATA	0.5	24424	12	2.33	144		0	0	1	single_pass	1
ice	MPF_FATA	0.5	24429	12	2.33	95		0	0	0	none	0
ice	MPF_FATA	0.5	333217	12	2.33	186		0	0	0	none	0
ice	MPF_FATA	0.5	8239	12	2.33	92		0	0	0	none	0
ice	MPF_FATA	0.5	2792	12	2.33	92		0	0	0	none	0
ice	MPF_FATA	0.5	6553	12	2.33	176		0	0	4	multi_pass	1
ice	MPF_FATA	0.5	6555	12	2.33	49		0	0	1	single_pass	1
ice	MPF_FATA	0.5	6564	12	2.33	197		0	0	0	none	0
ice	MPF_FATA	0.5	6565	12	2.33	222		1	1	0	lipid	1
ice	MPF_FATA	0.5	6569	12	2.33	178		0	0	0	none	0
ice	MPF_FATA	0.5	6581	12	2.33	77		0	0	0	none	0
ice	MPF_FATA	0.5	6583	12	2.33	172		0	0	0	none	0
ice	MPF_FATA	0.5	90503	12	2.33	212		0	1	0	none	0
ice	MPF_FATA	0.5	13556	12	2.33	137		0	0	0	none	0
ice	MPF_FATA	0.5	13603	12	2.33	83		0	0	0	none	0
ice	MPF_FATA	0.5	13610	12	2.33	46		0	0	0	none	0
ice	MPF_FATA	0.5	13617	12	2.33	249		0	0	0	none	0
ice	MPF_FATA	0.5	15796	12	2.33	182		0	0	0	none	0
ice	MPF_FATA	0.5	46302	12	2.33	110		0	0	0	none	0
ice	MPF_FATA	0.5	365889	12	2.33	143		0	0	0	none	0
ice	MPF_FATA	0.5	5948	12	2.33	138		0	0	0	none	0
ice	MPF_FATA	0.5	24362	12	2.33	192		0	0	0	none	0
ice	MPF_FATA	0.5	24367	12	2.33	250		0	0	0	none	0
ice	MPF_FATA	0.5	24368	12	2.33	241		0	0	0	none	0
ice	MPF_FATA	0.5	24371	12	2.33	191		0	0	0	none	0
ice	MPF_FATA	0.5	24372	12	2.33	202		0	0	0	none	0
ice	MPF_FATA	0.5	24374	12	2.33	210		0	0	0	none	0
ice	MPF_FATA	0.5	24380	12	2.33	204		0	0	0	none	0
ice	MPF_FATA	0.5	24382	12	2.33	186		0	0	0	none	0
ice	MPF_FATA	0.5	24384	12	2.33	63		0	0	0	none	0
ice	MPF_FATA	0.5	24385	12	2.33	39		0	0	0	none	0
ice	MPF_FATA	0.5	24390	12	2.33	111		0	0	0	none	0
ice	MPF_FATA	0.5	24391	12	2.33	101		0	0	0	none	0
ice	MPF_FATA	0.5	6609	12	2.33	195		0	0	0	none	0
ice	MPF_FATA	0.5	6612	12	2.33	217		0	0	4	multi_pass	1
ice	MPF_FATA	0.5	6616	12	2.33	45		0	0	0	none	0
ice	MPF_FATA	0.5	6617	12	2.33	71		0	0	0	none	0
ice	MPF_FATA	0.5	6618	12	2.33	143		0	0	0	none	0
ice	MPF_FATA	0.5	6677	12	2.33	119		0	0	0	none	0
ice	MPF_FATA	0.5	126038	12	2.33	78		0	0	0	none	0
ice	MPF_FATA	0.5	330518	12	2.33	159		0	0	0	none	0
ice	MPF_FATA	0.5	6808	12	2.33	79		0	0	0	none	0
ice	MPF_FATA	0.5	18102	12	2.33	105		0	0	0	none	0
ice	MPF_FATA	0.5	147993	12	2.33	244		0	0	6	multi_pass	1
ice	MPF_FATA	0.5	45320	12	2.33	129		1	1	0	lipid	1
ice	MPF_FATA	0.5	60216	12	2.33	121		0	0	0	none	0
ice	MPF_FATA	0.5	60219	12	2.33	133		0	0	0	none	0
ice	MPF_FATA	0.5	74341	11	2.14	155		0	0	0	none	0
ice	MPF_FATA	0.5	74343	11	2.14	186		0	0	0	none	0
ice	MPF_FATA	0.5	74350	11	2.14	142		0	0	0	none	0
ice	MPF_FATA	0.5	285417	11	2.14	235		0	0	0	none	0
ice	MPF_FATA	0.5	31309	11	2.14	109		0	0	0	none	0
ice	MPF_FATA	0.5	31674	11	2.14	228		0	0	0	none	0
ice	MPF_FATA	0.5	37149	11	2.14	72		0	0	0	none	0
ice	MPF_FATA	0.5	86146	11	2.14	240		0	0	0	none	0
ice	MPF_FATA	0.5	30934	11	2.14	93		0	0	2	multi_pass	1
ice	MPF_FATA	0.5	96166	11	2.14	139		0	0	0	none	0
ice	MPF_FATA	0.5	96167	11	2.14	121		0	0	0	none	0
ice	MPF_FATA	0.5	12322	11	2.14	99		0	0	0	none	0
ice	MPF_FATA	0.5	12392	11	2.14	65		0	0	0	none	0
ice	MPF_FATA	0.5	551	11	2.14	152		0	0	0	none	0
ice	MPF_FATA	0.5	35939	11	2.14	57		0	0	0	none	0
ice	MPF_FATA	0.5	44254	11	2.14	196		0	0	1	single_pass	1
ice	MPF_FATA	0.5	52199	11	2.14	205		0	0	0	none	0
ice	MPF_FATA	0.5	24061	11	2.14	160		0	0	5	multi_pass	1
ice	MPF_FATA	0.5	24082	11	2.14	56		0	0	1	single_pass	1
ice	MPF_FATA	0.5	28279	11	2.14	194		0	0	6	multi_pass	1
ice	MPF_FATA	0.5	62569	11	2.14	205		0	0	0	none	0
ice	MPF_FATA	0.5	62586	11	2.14	96		0	0	3	multi_pass	1
ice	MPF_FATA	0.5	6756	11	2.14	102		0	0	0	none	0
ice	MPF_FATA	0.5	6765	11	2.14	240		0	0	0	none	0
ice	MPF_FATA	0.5	6777	11	2.14	192		0	0	0	none	0
ice	MPF_FATA	0.5	24417	11	2.14	233		0	0	1	single_pass	1
ice	MPF_FATA	0.5	24431	11	2.14	196		1	1	0	lipid	1
ice	MPF_FATA	0.5	24432	11	2.14	153		0	0	0	none	0
ice	MPF_FATA	0.5	24433	11	2.14	126		0	0	0	none	0
ice	MPF_FATA	0.5	24434	11	2.14	86		0	0	0	none	0
ice	MPF_FATA	0.5	24438	11	2.14	181		0	0	0	none	0
ice	MPF_FATA	0.5	24439	11	2.14	165		0	0	1	single_pass	1
ice	MPF_FATA	0.5	24440	11	2.14	86		0	0	2	multi_pass	1
ice	MPF_FATA	0.5	24441	11	2.14	234		0	0	5	multi_pass	1
ice	MPF_FATA	0.5	24442	11	2.14	128		0	0	4	multi_pass	1
ice	MPF_FATA	0.5	24443	11	2.14	75		0	1	2	multi_pass	1
ice	MPF_FATA	0.5	24444	11	2.14	145		0	0	0	none	0
ice	MPF_FATA	0.5	24448	11	2.14	149		0	0	0	none	0
ice	MPF_FATA	0.5	24450	11	2.14	226		0	0	8	multi_pass	1
ice	MPF_FATA	0.5	24454	11	2.14	66		0	0	0	none	0
ice	MPF_FATA	0.5	24456	11	2.14	37		0	0	1	single_pass	1
ice	MPF_FATA	0.5	24462	11	2.14	177		0	0	3	multi_pass	1
ice	MPF_FATA	0.5	24463	11	2.14	84		0	0	0	none	0
ice	MPF_FATA	0.5	24472	11	2.14	216		0	0	8	multi_pass	1
ice	MPF_FATA	0.5	93198	11	2.14	82		0	0	0	none	0
ice	MPF_FATA	0.5	280011	11	2.14	77		0	0	0	none	0
ice	MPF_FATA	0.5	135257	11	2.14	239		0	0	5	multi_pass	1
ice	MPF_FATA	0.5	2787	11	2.14	31		0	0	0	none	0
ice	MPF_FATA	0.5	6548	11	2.14	201		0	0	0	none	0
ice	MPF_FATA	0.5	6554	11	2.14	57		0	0	0	none	0
ice	MPF_FATA	0.5	6560	11	2.14	74		0	0	0	none	0
ice	MPF_FATA	0.5	6571	11	2.14	56		0	0	0	none	0
ice	MPF_FATA	0.5	6573	11	2.14	145		0	0	0	none	0
ice	MPF_FATA	0.5	6580	11	2.14	57		0	0	1	single_pass	1
ice	MPF_FATA	0.5	6590	11	2.14	70		0	0	0	none	0
ice	MPF_FATA	0.5	6598	11	2.14	189		0	0	0	none	0
ice	MPF_FATA	0.5	134811	11	2.14	167		1	1	0	lipid	1
ice	MPF_FATA	0.5	13607	11	2.14	248		0	0	6	multi_pass	1
ice	MPF_FATA	0.5	15798	11	2.14	186		0	0	0	none	0
ice	MPF_FATA	0.5	233869	11	2.14	94		0	0	0	none	0
ice	MPF_FATA	0.5	24133	11	2.14	60		0	0	2	multi_pass	1
ice	MPF_FATA	0.5	24134	11	2.14	180		0	0	0	none	0
ice	MPF_FATA	0.5	28284	11	2.14	190		0	0	0	none	0
ice	MPF_FATA	0.5	321720	11	2.14	100		0	0	0	none	0
ice	MPF_FATA	0.5	6613	11	2.14	94		0	0	0	none	0
ice	MPF_FATA	0.5	6631	11	2.14	193		0	0	0	none	0
ice	MPF_FATA	0.5	6644	11	2.14	77		0	0	1	single_pass	1
ice	MPF_FATA	0.5	6647	11	2.14	167		0	0	0	none	0
ice	MPF_FATA	0.5	6648	11	2.14	176		0	0	0	none	0
ice	MPF_FATA	0.5	6687	11	2.14	72		1	1	0	lipid	1
ice	MPF_FATA	0.5	109351	11	2.14	212		0	0	0	none	0
ice	MPF_FATA	0.5	132456	11	2.14	231		0	0	0	none	0
ice	MPF_FATA	0.5	129134	11	2.14	89		0	0	0	none	0
ice	MPF_FATA	0.5	185708	11	2.14	250		1	1	0	lipid	1
ice	MPF_FATA	0.5	72045	11	2.14	108		0	0	0	none	0
ice	MPF_FATA	0.5	74356	10	1.95	111		0	0	0	none	0
ice	MPF_FATA	0.5	86152	10	1.95	49		0	0	0	none	0
ice	MPF_FATA	0.5	148586	10	1.95	139		0	0	0	none	0
ice	MPF_FATA	0.5	190787	10	1.95	103		0	0	0	none	0
ice	MPF_FATA	0.5	138351	10	1.95	116		0	0	0	none	0
ice	MPF_FATA	0.5	131596	10	1.95	120		0	0	0	none	0
ice	MPF_FATA	0.5	317763	10	1.95	50		0	0	0	none	0
ice	MPF_FATA	0.5	39940	10	1.95	100		0	0	0	none	0
ice	MPF_FATA	0.5	35857	10	1.95	134		0	0	0	none	0
ice	MPF_FATA	0.5	37881	10	1.95	152		0	0	0	none	0
ice	MPF_FATA	0.5	62508	10	1.95	248		0	0	0	none	0
ice	MPF_FATA	0.5	44251	10	1.95	149		0	0	0	none	0
ice	MPF_FATA	0.5	44252	10	1.95	167		0	0	0	none	0
ice	MPF_FATA	0.5	44253	10	1.95	113	DUF4467	1	1	0	lipid	1
ice	MPF_FATA	0.5	24046	10	1.95	203		0	0	0	none	0
ice	MPF_FATA	0.5	24079	10	1.95	168		0	0	0	none	0
ice	MPF_FATA	0.5	24080	10	1.95	103		0	0	3	multi_pass	1
ice	MPF_FATA	0.5	24092	10	1.95	102		0	0	0	none	0
ice	MPF_FATA	0.5	24094	10	1.95	124		0	0	0	none	0
ice	MPF_FATA	0.5	24099	10	1.95	154		0	0	0	none	0
ice	MPF_FATA	0.5	27897	10	1.95	148		0	0	0	none	0
ice	MPF_FATA	0.5	62645	10	1.95	96		0	0	0	none	0
ice	MPF_FATA	0.5	70282	10	1.95	209		0	0	0	none	0
ice	MPF_FATA	0.5	227652	10	1.95	59		0	0	0	none	0
ice	MPF_FATA	0.5	6793	10	1.95	66		0	0	0	none	0
ice	MPF_FATA	0.5	24476	10	1.95	175		0	0	1	single_pass	1
ice	MPF_FATA	0.5	24477	10	1.95	188		0	0	1	single_pass	1
ice	MPF_FATA	0.5	24482	10	1.95	173		0	0	1	single_pass	1
ice	MPF_FATA	0.5	376745	10	1.95	210		0	0	7	multi_pass	1
ice	MPF_FATA	0.5	333222	10	1.95	93		0	0	0	none	0
ice	MPF_FATA	0.5	8575	10	1.95	244		0	0	0	none	0
ice	MPF_FATA	0.5	135208	10	1.95	224		0	0	0	none	0
ice	MPF_FATA	0.5	250986	10	1.95	181		0	0	0	none	0
ice	MPF_FATA	0.5	75602	10	1.95	67		0	0	0	none	0
ice	MPF_FATA	0.5	6531	10	1.95	165		0	0	0	none	0
ice	MPF_FATA	0.5	6536	10	1.95	140		0	0	0	none	0
ice	MPF_FATA	0.5	6540	10	1.95	196		0	0	0	none	0
ice	MPF_FATA	0.5	6544	10	1.95	201		0	0	6	multi_pass	1
ice	MPF_FATA	0.5	6582	10	1.95	149		0	0	5	multi_pass	1
ice	MPF_FATA	0.5	134812	10	1.95	56		0	1	2	multi_pass	1
ice	MPF_FATA	0.5	13572	10	1.95	117		0	0	0	none	0
ice	MPF_FATA	0.5	131141	10	1.95	245		0	0	0	none	0
ice	MPF_FATA	0.5	131159	10	1.95	240		0	0	0	none	0
ice	MPF_FATA	0.5	266703	10	1.95	62		0	0	0	none	0
ice	MPF_FATA	0.5	24100	10	1.95	120		0	0	0	none	0
ice	MPF_FATA	0.5	24149	10	1.95	128		0	0	0	none	0
ice	MPF_FATA	0.5	24307	10	1.95	153		0	0	0	none	0
ice	MPF_FATA	0.5	107586	10	1.95	227		0	0	1	single_pass	1
ice	MPF_FATA	0.5	6684	10	1.95	221		0	0	6	multi_pass	1
ice	MPF_FATA	0.5	375878	10	1.95	158		0	0	0	none	0
ice	MPF_FATA	0.5	185718	10	1.95	246		0	0	0	none	0
ice	MPF_FATA	0.5	97837	10	1.95	151		0	0	0	none	0
ice	MPF_FATA	0.5	23953	10	1.95	109		0	0	0	none	0
ice	MPF_FATA	0.5	27849	10	1.95	248		0	0	0	none	0
ice	MPF_FATA	0.5	27851	10	1.95	172		0	0	0	none	0
ice	MPF_FATA	0.5	27852	10	1.95	140		0	0	0	none	0
ice	MPF_FATA	0.5	27853	10	1.95	245		0	0	0	none	0
ice	MPF_FATA	0.5	27854	10	1.95	95		0	0	0	none	0
ice	MPF_FATA	0.5	129937	10	1.95	117		0	0	0	none	0
ice	MPF_FATA	0.5	60210	10	1.95	231		0	0	8	multi_pass	1
ice	MPF_FATA	0.5	64048	9	1.75	111		0	0	0	none	0
ice	MPF_FATA	0.5	74351	9	1.75	134		0	0	0	none	0
ice	MPF_FATA	0.5	74352	9	1.75	70		0	0	0	none	0
ice	MPF_FATA	0.5	74354	9	1.75	186		0	0	0	none	0
ice	MPF_FATA	0.5	50567	9	1.75	144		0	0	0	none	0
ice	MPF_FATA	0.5	12316	9	1.75	223		0	0	0	none	0
ice	MPF_FATA	0.7	35497	76	14.79	71		0	0	0	none	0
ice	MPF_FATA	0.7	24323	62	12.06	103		0	0	0	none	0
ice	MPF_FATA	0.7	22600	51	9.92	141		0	0	0	none	0
ice	MPF_FATA	0.7	12364	51	9.92	76		0	0	0	none	0
ice	MPF_FATA	0.7	31653	50	9.73	116		0	0	0	none	0
ice	MPF_FATA	0.7	353854	49	9.53	178		0	0	0	none	0
ice	MPF_FATA	0.7	12366	49	9.53	117		0	0	0	none	0
ice	MPF_FATA	0.7	112831	48	9.34	164		0	0	0	none	0
ice	MPF_FATA	0.7	45181	47	9.14	97		0	0	0	none	0
ice	MPF_FATA	0.7	37104	43	8.37	161		0	0	0	none	0
ice	MPF_FATA	0.7	10974	39	7.59	245		0	0	0	none	0
ice	MPF_FATA	0.7	13681	38	7.39	99		0	0	0	none	0
ice	MPF_FATA	0.7	98411	37	7.2	98		0	0	0	none	0
ice	MPF_FATA	0.7	253426	33	6.42	94		0	0	2	multi_pass	1
ice	MPF_FATA	0.7	30831	32	6.23	62		0	0	0	none	0
ice	MPF_FATA	0.7	13684	31	6.03	63		0	0	0	none	0
ice	MPF_FATA	0.7	33017	31	6.03	63		0	0	0	none	0
ice	MPF_FATA	0.7	24310	30	5.84	76		0	0	0	none	0
ice	MPF_FATA	0.7	13822	29	5.64	121		0	0	0	none	0
ice	MPF_FATA	0.7	185649	28	5.45	46		0	0	0	none	0
ice	MPF_FATA	0.7	258167	28	5.45	77		0	0	0	none	0
ice	MPF_FATA	0.7	10973	26	5.06	63		0	0	0	none	0
ice	MPF_FATA	0.7	11001	25	4.86	94		0	0	0	none	0
ice	MPF_FATA	0.7	24297	24	4.67	217		0	0	0	none	0
ice	MPF_FATA	0.7	263313	24	4.67	86		0	0	0	none	0
ice	MPF_FATA	0.7	13828	24	4.67	171		0	0	0	none	0
ice	MPF_FATA	0.7	13686	23	4.47	196		0	0	0	none	0
ice	MPF_FATA	0.7	13697	23	4.47	127		0	0	0	none	0
ice	MPF_FATA	0.7	24299	23	4.47	218		0	0	0	none	0
ice	MPF_FATA	0.7	31071	23	4.47	247		0	0	0	none	0
ice	MPF_FATA	0.7	114575	23	4.47	140		0	0	0	none	0
ice	MPF_FATA	0.7	31788	22	4.28	140		0	0	0	none	0
ice	MPF_FATA	0.7	13703	21	4.09	164		0	0	0	none	0
ice	MPF_FATA	0.7	37279	21	4.09	52		0	0	0	none	0
ice	MPF_FATA	0.7	25455	21	4.09	124		0	0	0	none	0
ice	MPF_FATA	0.7	38061	21	4.09	167		0	0	0	none	0
ice	MPF_FATA	0.7	368542	21	4.09	105		0	0	0	none	0
ice	MPF_FATA	0.7	93232	21	4.09	228		0	0	0	none	0
ice	MPF_FATA	0.7	13695	20	3.89	194		0	0	7	multi_pass	1
ice	MPF_FATA	0.7	32865	20	3.89	122		0	0	0	none	0
ice	MPF_FATA	0.7	25448	20	3.89	76		0	0	0	none	0
ice	MPF_FATA	0.7	71707	20	3.89	98		0	0	0	none	0
ice	MPF_FATA	0.7	38060	20	3.89	160		0	0	0	none	0
ice	MPF_FATA	0.7	8557	19	3.7	178		0	0	0	none	0
ice	MPF_FATA	0.7	244696	19	3.7	74		0	0	0	none	0
ice	MPF_FATA	0.7	38056	19	3.7	44		0	0	1	single_pass	1
ice	MPF_FATA	0.7	34696	18	3.5	73		0	0	0	none	0
ice	MPF_FATA	0.7	13821	18	3.5	119		0	0	0	none	0
ice	MPF_FATA	0.7	252494	18	3.5	246		0	0	0	none	0
ice	MPF_FATA	0.7	24295	17	3.31	37		0	0	0	none	0
ice	MPF_FATA	0.7	44149	17	3.31	143		0	0	0	none	0
ice	MPF_FATA	0.7	69911	17	3.31	82		0	0	0	none	0
ice	MPF_FATA	0.7	284479	17	3.31	109		0	0	0	none	0
ice	MPF_FATA	0.7	25382	16	3.11	113		0	0	0	none	0
ice	MPF_FATA	0.7	133198	16	3.11	119		0	0	0	none	0
ice	MPF_FATA	0.7	357951	16	3.11	232		0	0	0	none	0
ice	MPF_FATA	0.7	12379	16	3.11	99		0	0	0	none	0
ice	MPF_FATA	0.7	5946	16	3.11	74		0	0	0	none	0
ice	MPF_FATA	0.7	34168	16	3.11	225		0	0	0	none	0
ice	MPF_FATA	0.7	2790	15	2.92	72		0	0	0	none	0
ice	MPF_FATA	0.7	2793	15	2.92	111		0	0	0	none	0
ice	MPF_FATA	0.7	2800	15	2.92	88		0	0	0	none	0
ice	MPF_FATA	0.7	13559	15	2.92	60		0	0	0	none	0
ice	MPF_FATA	0.7	13562	15	2.92	193		0	0	0	none	0
ice	MPF_FATA	0.7	21818	15	2.92	65		0	0	0	none	0
ice	MPF_FATA	0.7	24341	15	2.92	141		0	0	0	none	0
ice	MPF_FATA	0.7	24344	15	2.92	237		0	0	0	none	0
ice	MPF_FATA	0.7	24348	15	2.92	165		0	0	0	none	0
ice	MPF_FATA	0.7	24361	15	2.92	42		0	0	0	none	0
ice	MPF_FATA	0.7	172702	15	2.92	109		0	0	0	none	0
ice	MPF_FATA	0.7	317874	15	2.92	152		0	0	0	none	0
ice	MPF_FATA	0.7	357937	15	2.92	246		0	0	0	none	0
ice	MPF_FATA	0.7	355821	15	2.92	64		0	0	0	none	0
ice	MPF_FATA	0.7	266765	15	2.92	69		0	0	0	none	0
ice	MPF_FATA	0.7	461	15	2.92	250		0	0	0	none	0
ice	MPF_FATA	0.7	27864	15	2.92	103		0	0	0	none	0
ice	MPF_FATA	0.7	27869	15	2.92	108		0	0	0	none	0
ice	MPF_FATA	0.7	27909	15	2.92	227		0	0	0	none	0
ice	MPF_FATA	0.7	370713	14	2.72	129		0	0	2	multi_pass	1
ice	MPF_FATA	0.7	148596	14	2.72	75		0	0	0	none	0
ice	MPF_FATA	0.7	21793	14	2.72	90		0	0	0	none	0
ice	MPF_FATA	0.7	21794	14	2.72	129		0	0	0	none	0
ice	MPF_FATA	0.7	24302	14	2.72	50		0	0	1	single_pass	1
ice	MPF_FATA	0.7	31070	14	2.72	107		0	0	0	none	0
ice	MPF_FATA	0.7	37140	14	2.72	57		0	0	0	none	0
ice	MPF_FATA	0.7	8559	14	2.72	61		0	0	0	none	0
ice	MPF_FATA	0.7	74336	14	2.72	108		0	0	0	none	0
ice	MPF_FATA	0.7	25453	14	2.72	170		0	0	0	none	0
ice	MPF_FATA	0.7	99696	14	2.72	116		0	0	0	none	0
ice	MPF_FATA	0.7	30639	14	2.72	220		0	0	0	none	0
ice	MPF_FATA	0.7	330540	14	2.72	108		0	0	0	none	0
ice	MPF_FATA	0.7	31883	14	2.72	120		0	0	0	none	0
ice	MPF_FATA	0.7	31884	14	2.72	121		0	0	0	none	0
ice	MPF_FATA	0.7	60213	14	2.72	171		0	0	0	none	0
ice	MPF_FATA	0.7	2801	13	2.53	58		0	0	0	none	0
ice	MPF_FATA	0.7	2802	13	2.53	75		0	0	2	multi_pass	1
ice	MPF_FATA	0.7	2805	13	2.53	139		0	0	0	none	0
ice	MPF_FATA	0.7	2809	13	2.53	111		0	0	2	multi_pass	1
ice	MPF_FATA	0.7	2810	13	2.53	198		0	0	0	none	0
ice	MPF_FATA	0.7	2813	13	2.53	214		0	0	1	single_pass	1
ice	MPF_FATA	0.7	147749	13	2.53	77		0	0	0	none	0
ice	MPF_FATA	0.7	62749	13	2.53	199		0	0	0	none	0
ice	MPF_FATA	0.7	62751	13	2.53	135		0	0	0	none	0
ice	MPF_FATA	0.7	21589	13	2.53	62		0	0	0	none	0
ice	MPF_FATA	0.7	24291	13	2.53	212		0	0	1	single_pass	1
ice	MPF_FATA	0.7	24138	13	2.53	62		0	0	2	multi_pass	1
ice	MPF_FATA	0.7	8531	13	2.53	118		1	0	0	lipid	1
ice	MPF_FATA	0.7	74293	13	2.53	192		0	0	4	multi_pass	1
ice	MPF_FATA	0.7	27856	13	2.53	147		0	0	0	none	0
ice	MPF_FATA	0.7	96206	13	2.53	84		0	0	0	none	0
ice	MPF_FATA	0.7	10983	13	2.53	121		0	0	0	none	0
ice	MPF_FATA	0.7	12360	13	2.53	77		0	0	0	none	0
ice	MPF_FATA	0.7	12361	13	2.53	200		0	0	7	multi_pass	1
ice	MPF_FATA	0.7	12404	13	2.53	118		0	0	0	none	0
ice	MPF_FATA	0.7	90486	13	2.53	63		0	0	0	none	0
ice	MPF_FATA	0.7	221656	13	2.53	71		0	0	0	none	0
ice	MPF_FATA	0.7	76892	13	2.53	111		1	1	4	ambiguous	1
ice	MPF_FATA	0.7	76921	13	2.53	243		0	0	0	none	0
ice	MPF_FATA	0.7	76947	13	2.53	120		1	1	0	lipid	1
ice	MPF_FATA	0.7	355817	13	2.53	131		0	0	0	none	0
ice	MPF_FATA	0.7	266780	13	2.53	244		0	0	0	none	0
ice	MPF_FATA	0.7	6806	13	2.53	173		0	0	0	none	0
ice	MPF_FATA	0.7	6812	13	2.53	215		0	0	0	none	0
ice	MPF_FATA	0.7	6814	13	2.53	115		0	0	0	none	0
ice	MPF_FATA	0.7	6816	13	2.53	193		0	0	0	none	0
ice	MPF_FATA	0.7	249669	13	2.53	99		0	0	0	none	0
ice	MPF_FATA	0.7	6685	13	2.53	144		0	0	0	none	0
ice	MPF_FATA	0.7	6686	13	2.53	127		0	0	0	none	0
ice	MPF_FATA	0.7	6696	13	2.53	31		0	0	1	single_pass	1
ice	MPF_FATA	0.7	6698	13	2.53	130		0	0	0	none	0
ice	MPF_FATA	0.7	6701	13	2.53	248		0	0	0	none	0
ice	MPF_FATA	0.7	6702	13	2.53	228		0	0	0	none	0
ice	MPF_FATA	0.7	6703	13	2.53	67		0	0	0	none	0
ice	MPF_FATA	0.7	6742	13	2.53	113		0	0	0	none	0
ice	MPF_FATA	0.7	6743	13	2.53	186		0	0	0	none	0
ice	MPF_FATA	0.7	6744	13	2.53	248		1	1	0	lipid	1
ice	MPF_FATA	0.7	6745	13	2.53	101		0	0	0	none	0
ice	MPF_FATA	0.7	6748	13	2.53	205		0	0	0	none	0
ice	MPF_FATA	0.7	6750	13	2.53	204		0	0	0	none	0
ice	MPF_FATA	0.7	6752	13	2.53	231		0	0	0	none	0
ice	MPF_FATA	0.7	6758	13	2.53	109		0	0	4	multi_pass	1
ice	MPF_FATA	0.7	6759	13	2.53	121		0	0	4	multi_pass	1
ice	MPF_FATA	0.7	6766	13	2.53	111		0	0	4	multi_pass	1
ice	MPF_FATA	0.7	6784	13	2.53	71		0	0	0	none	0
ice	MPF_FATA	0.7	6785	13	2.53	146		0	0	4	multi_pass	1
ice	MPF_FATA	0.7	6786	13	2.53	193		0	0	6	multi_pass	1
ice	MPF_FATA	0.7	6787	13	2.53	192		0	0	1	single_pass	1
ice	MPF_FATA	0.7	6790	13	2.53	206		0	0	1	single_pass	1
ice	MPF_FATA	0.7	6791	13	2.53	231		0	0	6	multi_pass	1
ice	MPF_FATA	0.7	6792	13	2.53	211		0	0	0	none	0
ice	MPF_FATA	0.7	6795	13	2.53	201		0	0	0	none	0
ice	MPF_FATA	0.7	6798	13	2.53	218		0	0	0	none	0
ice	MPF_FATA	0.7	6801	13	2.53	155		1	1	3	ambiguous	1
ice	MPF_FATA	0.7	6802	13	2.53	144		0	0	0	none	0
ice	MPF_FATA	0.7	6803	13	2.53	78		0	0	2	multi_pass	1
ice	MPF_FATA	0.7	317754	13	2.53	82		0	0	0	none	0
ice	MPF_FATA	0.7	27890	13	2.53	82		0	0	0	none	0
ice	MPF_FATA	0.7	69926	13	2.53	119		0	0	0	none	0
ice	MPF_FATA	0.7	28999	13	2.53	157		0	0	0	none	0
ice	MPF_FATA	0.7	2792	12	2.33	92		0	0	0	none	0
ice	MPF_FATA	0.7	13603	12	2.33	83		0	0	0	none	0
ice	MPF_FATA	0.7	13610	12	2.33	46		0	0	0	none	0
ice	MPF_FATA	0.7	13617	12	2.33	249		0	0	0	none	0
ice	MPF_FATA	0.7	341704	12	2.33	74		0	0	0	none	0
ice	MPF_FATA	0.7	28485	12	2.33	96		0	0	0	none	0
ice	MPF_FATA	0.7	24362	12	2.33	192		0	0	0	none	0
ice	MPF_FATA	0.7	24367	12	2.33	250		0	0	0	none	0
ice	MPF_FATA	0.7	24368	12	2.33	241		0	0	0	none	0
ice	MPF_FATA	0.7	24371	12	2.33	191		0	0	0	none	0
ice	MPF_FATA	0.7	24372	12	2.33	202		0	0	0	none	0
ice	MPF_FATA	0.7	24374	12	2.33	210		0	0	0	none	0
ice	MPF_FATA	0.7	24380	12	2.33	204		0	0	0	none	0
ice	MPF_FATA	0.7	24382	12	2.33	186		0	0	0	none	0
ice	MPF_FATA	0.7	24384	12	2.33	63		0	0	0	none	0
ice	MPF_FATA	0.7	24385	12	2.33	39		0	0	0	none	0
ice	MPF_FATA	0.7	24390	12	2.33	111		0	0	0	none	0
ice	MPF_FATA	0.7	24391	12	2.33	101		0	0	0	none	0
ice	MPF_FATA	0.7	24398	12	2.33	241		0	0	0	none	0
ice	MPF_FATA	0.7	113757	12	2.33	93		0	0	0	none	0
ice	MPF_FATA	0.7	12359	12	2.33	126		0	0	0	none	0
ice	MPF_FATA	0.7	367395	12	2.33	167		0	0	0	none	0
ice	MPF_FATA	0.7	5948	12	2.33	138		0	0	0	none	0
ice	MPF_FATA	0.7	24423	12	2.33	189		0	0	0	none	0
ice	MPF_FATA	0.7	24424	12	2.33	144		0	0	1	single_pass	1
ice	MPF_FATA	0.7	24428	12	2.33	130		0	0	0	none	0
ice	MPF_FATA	0.7	24429	12	2.33	95		0	0	0	none	0
ice	MPF_FATA	0.7	24485	12	2.33	92		0	0	0	none	0
ice	MPF_FATA	0.7	6553	12	2.33	176		0	0	4	multi_pass	1
ice	MPF_FATA	0.7	6564	12	2.33	197		0	0	0	none	0
ice	MPF_FATA	0.7	6565	12	2.33	222		1	1	0	lipid	1
ice	MPF_FATA	0.7	6569	12	2.33	178		0	0	0	none	0
ice	MPF_FATA	0.7	6581	12	2.33	77		0	0	0	none	0
ice	MPF_FATA	0.7	6583	12	2.33	172		0	0	0	none	0
ice	MPF_FATA	0.7	6601	12	2.33	226		0	0	5	multi_pass	1
ice	MPF_FATA	0.7	6602	12	2.33	231		0	0	0	none	0
ice	MPF_FATA	0.7	72147	12	2.33	58		0	0	0	none	0
ice	MPF_FATA	0.7	6808	12	2.33	79		0	0	0	none	0
ice	MPF_FATA	0.7	6609	12	2.33	195		0	0	0	none	0
ice	MPF_FATA	0.7	6612	12	2.33	217		0	0	4	multi_pass	1
ice	MPF_FATA	0.7	6616	12	2.33	45		0	0	0	none	0
ice	MPF_FATA	0.7	6617	12	2.33	71		0	0	0	none	0
ice	MPF_FATA	0.7	6618	12	2.33	143		0	0	0	none	0
ice	MPF_FATA	0.7	6677	12	2.33	119		0	0	0	none	0
ice	MPF_FATA	0.7	330546	12	2.33	134		0	0	0	none	0
ice	MPF_FATA	0.7	45320	12	2.33	129		1	1	0	lipid	1
ice	MPF_FATA	0.7	27865	12	2.33	242		0	0	0	none	0
ice	MPF_FATA	0.7	27884	12	2.33	135		0	0	1	single_pass	1
ice	MPF_FATA	0.7	60215	12	2.33	244		0	0	0	none	0
ice	MPF_FATA	0.7	60216	12	2.33	121		0	0	0	none	0
ice	MPF_FATA	0.7	37635	12	2.33	75		0	0	0	none	0
ice	MPF_FATA	0.7	2787	11	2.14	31		0	0	0	none	0
ice	MPF_FATA	0.7	12422	11	2.14	154		0	0	0	none	0
ice	MPF_FATA	0.7	13565	11	2.14	200		0	0	0	none	0
ice	MPF_FATA	0.7	13566	11	2.14	143		0	0	0	none	0
ice	MPF_FATA	0.7	13569	11	2.14	199		0	0	1	single_pass	1
ice	MPF_FATA	0.7	44260	11	2.14	86		0	0	2	multi_pass	1
ice	MPF_FATA	0.7	44263	11	2.14	100		0	0	0	none	0
ice	MPF_FATA	0.7	185708	11	2.14	250		1	1	0	lipid	1
ice	MPF_FATA	0.7	21798	11	2.14	113		0	0	0	none	0
ice	MPF_FATA	0.7	21799	11	2.14	98		0	0	0	none	0
ice	MPF_FATA	0.7	52276	11	2.14	162		0	0	0	none	0
ice	MPF_FATA	0.7	24061	11	2.14	160		0	0	5	multi_pass	1
ice	MPF_FATA	0.7	24082	11	2.14	56		0	0	1	single_pass	1
ice	MPF_FATA	0.7	15796	11	2.14	182		0	0	0	none	0
ice	MPF_FATA	0.7	15797	11	2.14	133		0	0	0	none	0
ice	MPF_FATA	0.7	15798	11	2.14	186		0	0	0	none	0
ice	MPF_FATA	0.7	62569	11	2.14	205		0	0	0	none	0
ice	MPF_FATA	0.7	62586	11	2.14	96		0	0	3	multi_pass	1
ice	MPF_FATA	0.7	37149	11	2.14	72		0	0	0	none	0
ice	MPF_FATA	0.7	24133	11	2.14	60		0	0	2	multi_pass	1
ice	MPF_FATA	0.7	24134	11	2.14	180		0	0	0	none	0
ice	MPF_FATA	0.7	134814	11	2.14	199		0	0	0	none	0
ice	MPF_FATA	0.7	74343	11	2.14	186		0	0	0	none	0
ice	MPF_FATA	0.7	74350	11	2.14	142		0	0	0	none	0
ice	MPF_FATA	0.7	99683	11	2.14	104		0	0	0	none	0
ice	MPF_FATA	0.7	233869	11	2.14	94		0	0	0	none	0
ice	MPF_FATA	0.7	280011	11	2.14	77		0	0	0	none	0
ice	MPF_FATA	0.7	44178	11	2.14	109		0	0	0	none	0
ice	MPF_FATA	0.7	12322	11	2.14	99		0	0	0	none	0
ice	MPF_FATA	0.7	12392	11	2.14	65		0	0	0	none	0
ice	MPF_FATA	0.7	28284	11	2.14	190		0	0	0	none	0
ice	MPF_FATA	0.7	376634	11	2.14	167		0	0	0	none	0
ice	MPF_FATA	0.7	24417	11	2.14	233		0	0	1	single_pass	1
ice	MPF_FATA	0.7	24431	11	2.14	196		1	1	0	lipid	1
ice	MPF_FATA	0.7	24432	11	2.14	153		0	0	0	none	0
ice	MPF_FATA	0.7	24433	11	2.14	126		0	0	0	none	0
ice	MPF_FATA	0.7	24434	11	2.14	86		0	0	0	none	0
ice	MPF_FATA	0.7	24438	11	2.14	181		0	0	0	none	0
ice	MPF_FATA	0.7	24439	11	2.14	165		0	0	1	single_pass	1
ice	MPF_FATA	0.7	24440	11	2.14	86		0	0	2	multi_pass	1
ice	MPF_FATA	0.7	24441	11	2.14	234		0	0	5	multi_pass	1
ice	MPF_FATA	0.7	24442	11	2.14	128		0	0	4	multi_pass	1
ice	MPF_FATA	0.7	24443	11	2.14	75		0	1	2	multi_pass	1
ice	MPF_FATA	0.7	24444	11	2.14	145		0	0	0	none	0
ice	MPF_FATA	0.7	24446	11	2.14	209		0	0	0	none	0
ice	MPF_FATA	0.7	24447	11	2.14	150		0	0	0	none	0
ice	MPF_FATA	0.7	24448	11	2.14	149		0	0	0	none	0
ice	MPF_FATA	0.7	24450	11	2.14	226		0	0	8	multi_pass	1
ice	MPF_FATA	0.7	24454	11	2.14	66		0	0	0	none	0
ice	MPF_FATA	0.7	24456	11	2.14	37		0	0	1	single_pass	1
ice	MPF_FATA	0.7	24462	11	2.14	177		0	0	3	multi_pass	1
ice	MPF_FATA	0.7	24463	11	2.14	84		0	0	0	none	0
ice	MPF_FATA	0.7	24464	11	2.14	80		0	0	0	none	0
ice	MPF_FATA	0.7	24465	11	2.14	92		0	0	0	none	0
ice	MPF_FATA	0.7	24468	11	2.14	185		0	0	0	none	0
ice	MPF_FATA	0.7	24471	11	2.14	186		0	0	0	none	0
ice	MPF_FATA	0.7	24472	11	2.14	216		0	0	8	multi_pass	1
ice	MPF_FATA	0.7	6548	11	2.14	201		0	0	0	none	0
ice	MPF_FATA	0.7	6554	11	2.14	57		0	0	0	none	0
ice	MPF_FATA	0.7	6555	11	2.14	49		0	0	1	single_pass	1
ice	MPF_FATA	0.7	6560	11	2.14	74		0	0	0	none	0
ice	MPF_FATA	0.7	6571	11	2.14	56		0	0	0	none	0
ice	MPF_FATA	0.7	6573	11	2.14	145		0	0	0	none	0
ice	MPF_FATA	0.7	6580	11	2.14	57		0	0	1	single_pass	1
ice	MPF_FATA	0.7	6590	11	2.14	70		0	0	0	none	0
ice	MPF_FATA	0.7	6598	11	2.14	189		0	0	0	none	0
ice	MPF_FATA	0.7	30934	11	2.14	93		0	0	2	multi_pass	1
ice	MPF_FATA	0.7	6613	11	2.14	94		0	0	0	none	0
ice	MPF_FATA	0.7	6631	11	2.14	193		0	0	0	none	0
ice	MPF_FATA	0.7	6644	11	2.14	77		0	0	1	single_pass	1
ice	MPF_FATA	0.7	6647	11	2.14	167		0	0	0	none	0
ice	MPF_FATA	0.7	6648	11	2.14	176		0	0	0	none	0
ice	MPF_FATA	0.7	6687	11	2.14	72		1	1	0	lipid	1
ice	MPF_FATA	0.7	6699	11	2.14	172		0	0	0	none	0
ice	MPF_FATA	0.7	198813	11	2.14	180		0	0	0	none	0
ice	MPF_FATA	0.7	551	11	2.14	152		0	0	0	none	0
ice	MPF_FATA	0.7	6756	11	2.14	102		0	0	0	none	0
ice	MPF_FATA	0.7	6765	11	2.14	240		0	0	0	none	0
ice	MPF_FATA	0.7	6777	11	2.14	192		0	0	0	none	0
ice	MPF_FATA	0.7	28279	11	2.14	194		0	0	6	multi_pass	1
ice	MPF_FATA	0.7	107579	11	2.14	111		0	0	0	none	0
ice	MPF_FATA	0.7	60219	11	2.14	133		0	0	0	none	0
ice	MPF_FATA	0.7	2840	11	2.14	59		0	0	0	none	0
ice	MPF_FATA	0.7	2864	11	2.14	202		0	0	0	none	0
ice	MPF_FATA	0.7	129090	11	2.14	155		0	0	0	none	0
ice	MPF_FATA	0.7	13552	10	1.95	170		0	0	0	none	0
ice	MPF_FATA	0.7	13556	10	1.95	137		0	0	0	none	0
ice	MPF_FATA	0.7	13572	10	1.95	117		0	0	0	none	0
ice	MPF_FATA	0.7	13606	10	1.95	244		0	0	6	multi_pass	1
ice	MPF_FATA	0.7	13607	10	1.95	248		0	0	6	multi_pass	1
ice	MPF_FATA	0.7	44251	10	1.95	149		0	0	0	none	0
ice	MPF_FATA	0.7	44254	10	1.95	196		0	0	1	single_pass	1
ice	MPF_FATA	0.7	185718	10	1.95	246		0	0	0	none	0
ice	MPF_FATA	0.7	24079	10	1.95	168		0	0	0	none	0
ice	MPF_FATA	0.7	24080	10	1.95	103		0	0	3	multi_pass	1
ice	MPF_FATA	0.7	24092	10	1.95	102		0	0	0	none	0
ice	MPF_FATA	0.7	24094	10	1.95	124		0	0	0	none	0
ice	MPF_FATA	0.7	24099	10	1.95	154		0	0	0	none	0
ice	MPF_FATA	0.7	24307	10	1.95	153		0	0	0	none	0
ice	MPF_FATA	0.7	62645	10	1.95	96		0	0	0	none	0
ice	MPF_FATA	0.7	24100	10	1.95	120		0	0	0	none	0
ice	MPF_FATA	0.7	74356	10	1.95	111		0	0	0	none	0
ice	MPF_FATA	0.7	35857	10	1.95	134		0	0	0	none	0
ice	MPF_FATA	0.7	27849	10	1.95	248		0	0	0	none	0
ice	MPF_FATA	0.7	27851	10	1.95	172		0	0	0	none	0
ice	MPF_FATA	0.7	27852	10	1.95	140		0	0	0	none	0
ice	MPF_FATA	0.7	27853	10	1.95	245		0	0	0	none	0
ice	MPF_FATA	0.7	27854	10	1.95	95		0	0	0	none	0
ice	MPF_FATA	0.7	23953	10	1.95	109		0	0	0	none	0
ice	MPF_FATA	0.7	375236	10	1.95	89		0	0	0	none	0
ice	MPF_FATA	0.7	62508	10	1.95	248		0	0	0	none	0
ice	MPF_FATA	0.7	24476	10	1.95	175		0	0	1	single_pass	1
ice	MPF_FATA	0.7	24477	10	1.95	188		0	0	1	single_pass	1
ice	MPF_FATA	0.7	24482	10	1.95	173		0	0	1	single_pass	1
ice	MPF_FATA	0.7	6531	10	1.95	165		0	0	0	none	0
ice	MPF_FATA	0.7	6536	10	1.95	140		0	0	0	none	0
ice	MPF_FATA	0.7	6540	10	1.95	196		0	0	0	none	0
ice	MPF_FATA	0.7	6544	10	1.95	201		0	0	6	multi_pass	1
ice	MPF_FATA	0.7	6582	10	1.95	149		0	0	5	multi_pass	1
ice	MPF_FATA	0.7	6684	10	1.95	221		0	0	6	multi_pass	1
ice	MPF_FATA	0.7	6793	10	1.95	66		0	0	0	none	0
ice	MPF_FATA	0.7	317763	10	1.95	50		0	0	0	none	0
ice	MPF_FATA	0.7	27897	10	1.95	148		0	0	0	none	0
ice	MPF_FATA	0.7	31821	10	1.95	246		0	0	0	none	0
ice	MPF_FATA	0.7	60210	10	1.95	231		0	0	8	multi_pass	1
ice	MPF_FATA	0.7	285417	10	1.95	235		0	0	0	none	0
ice	MPF_FATA	0.7	364979	10	1.95	139		0	0	0	none	0
ice	MPF_FATA	0.7	254295	9	1.75	132		0	0	0	none	0
ice	MPF_FATA	0.7	13553	9	1.75	57		0	0	2	multi_pass	1
ice	MPF_FATA	0.7	13561	9	1.75	74		0	0	2	multi_pass	1
ice	MPF_FATA	0.7	13594	9	1.75	246		0	0	8	multi_pass	1
ice	MPF_FATA	0.7	44252	9	1.75	167		0	0	0	none	0
ice	MPF_FATA	0.7	13676	9	1.75	175		0	0	0	none	0
ice	MPF_FATA	0.7	21814	9	1.75	181		0	0	0	none	0
ice	MPF_FATA	0.7	15901	9	1.75	43		0	0	0	none	0
ice	MPF_FATA	0.7	37281	9	1.75	183		0	0	0	none	0
ice	MPF_FATA	0.7	24105	9	1.75	227		0	0	0	none	0
ice	MPF_FATA	0.7	24108	9	1.75	220		0	0	0	none	0
ice	MPF_FATA	0.7	24109	9	1.75	212		0	0	0	none	0
ice	MPF_FATA	0.7	24110	9	1.75	201		0	0	0	none	0
ice	MPF_FATA	0.7	74309	9	1.75	125		0	0	0	none	0
ice	MPF_FATA	0.7	74351	9	1.75	134		0	0	0	none	0
ice	MPF_FATA	0.7	74352	9	1.75	70		0	0	0	none	0
ice	MPF_FATA	0.7	74354	9	1.75	186		0	0	0	none	0
ice	MPF_FATA	0.7	99655	9	1.75	79		0	0	0	none	0
ice	MPF_FATA	0.7	190787	9	1.75	103		0	0	0	none	0
ice	MPF_FATA	0.7	23273	9	1.75	235		0	0	0	none	0
ice	MPF_FATA	0.7	23927	9	1.75	230		0	0	0	none	0
ice	MPF_FATA	0.7	23930	9	1.75	186		0	0	0	none	0
ice	MPF_FATA	0.7	23931	9	1.75	163		0	0	0	none	0
ice	MPF_FATA	0.7	23932	9	1.75	183		0	0	0	none	0
ice	MPF_FATA	0.7	23940	9	1.75	198		0	0	0	none	0
ice	MPF_FATA	0.7	23941	9	1.75	172		0	0	6	multi_pass	1
ice	MPF_FATA	0.7	44147	9	1.75	57		0	0	0	none	0
ice	MPF_FATA	0.7	44181	9	1.75	68		0	0	0	none	0
ice	MPF_FATA	0.7	96167	9	1.75	121		0	0	0	none	0
ice	MPF_FATA	0.7	12316	9	1.75	223		0	0	0	none	0
ice	MPF_FATA	0.7	378590	9	1.75	193		0	0	6	multi_pass	1
ice	MPF_FATA	0.7	28280	9	1.75	233		0	0	5	multi_pass	1
ice	MPF_FATA	0.7	61144	9	1.75	140		0	0	0	none	0
ice	MPF_FATA	0.7	5953	9	1.75	183		0	0	0	none	0
ice	MPF_FATA	0.7	113875	9	1.75	72		0	0	0	none	0
ice	MPF_FATA	0.7	6518	9	1.75	88		1	1	0	lipid	1
ice	MPF_FATA	0.7	6522	9	1.75	61		1	1	0	lipid	1
ice	MPF_FATA	0.7	6523	9	1.75	108		0	0	0	none	0
ice	MPF_FATA	0.7	6529	9	1.75	95		0	0	0	none	0
ice	MPF_FATA	0.7	51950	9	1.75	134		0	0	0	none	0
ice	MPF_FATA	0.7	132212	9	1.75	113		0	0	0	none	0
ice	MPF_FATA	0.7	6662	9	1.75	88		0	0	0	none	0
ice	MPF_FATA	0.7	186097	9	1.75	136		0	1	0	none	0
ice	MPF_FATA	0.7	71501	9	1.75	61		0	0	0	none	0
ice	MPF_FATA	0.7	45324	9	1.75	88		0	0	0	none	0
ice	MPF_FATA	0.7	97837	9	1.75	151		0	0	0	none	0
ice	MPF_FATA	0.7	112819	9	1.75	90		0	0	0	none	0
ice	MPF_FATA	0.7	112838	9	1.75	232		0	0	0	none	0
ice	MPF_FATA	0.7	112840	9	1.75	238		0	0	0	none	0
ice	MPF_FATA	0.7	112841	9	1.75	250		0	0	6	multi_pass	1
ice	MPF_FATA	0.7	112842	9	1.75	228		0	0	6	multi_pass	1
ice	MPF_FATA	0.7	112845	9	1.75	134		0	0	0	none	0
ice	MPF_FATA	0.7	172739	9	1.75	113		0	0	0	none	0
ice	MPF_FATA	0.7	31913	8	1.56	162		0	0	0	none	0
ice	MPF_FATA	0.7	13547	8	1.56	111		0	0	4	multi_pass	1
ice	MPF_FATA	0.7	13549	8	1.56	92		0	0	3	multi_pass	1
ice	MPF_FATA	0.7	13550	8	1.56	100		0	0	3	multi_pass	1
ice	MPF_FATA	0.7	13595	8	1.56	145		0	0	0	none	0
ice	MPF_FATA	0.7	375826	8	1.56	121		0	0	0	none	0
ice	MPF_FATA	0.7	13669	8	1.56	165		0	0	0	none	0
ice	MPF_FATA	0.7	99820	8	1.56	212		0	0	0	none	0
ice	MPF_FATA	0.7	24077	8	1.56	55		0	0	0	none	0
ice	MPF_FATA	0.7	64039	8	1.56	79		0	0	0	none	0
ice	MPF_G	0.5	14220	403	35.14	186		0	0	0	none	0
ice	MPF_G	0.5	106958	397	34.61	192		0	0	0	none	0
ice	MPF_G	0.5	234176	397	34.61	158		0	0	0	none	0
ice	MPF_G	0.5	130262	379	33.04	191		0	0	0	none	0
ice	MPF_G	0.5	5099	366	31.91	203		0	0	0	none	0
ice	MPF_G	0.5	2006	356	31.04	81		0	0	0	none	0
ice	MPF_G	0.5	223238	327	28.51	65		0	0	0	none	0
ice	MPF_G	0.5	73737	298	25.98	133		0	0	0	none	0
ice	MPF_G	0.5	49082	293	25.54	155		0	0	0	none	0
ice	MPF_G	0.5	221508	274	23.89	70		0	0	0	none	0
ice	MPF_G	0.5	292167	248	21.62	181		0	0	0	none	0
ice	MPF_G	0.5	355482	234	20.4	186		0	0	0	none	0
ice	MPF_G	0.5	384619	228	19.88	100		0	0	0	none	0
ice	MPF_G	0.5	149177	217	18.92	195		0	0	1	single_pass	1
ice	MPF_G	0.5	139949	215	18.74	130		0	0	0	none	0
ice	MPF_G	0.5	162670	209	18.22	103		0	0	0	none	0
ice	MPF_G	0.5	106052	208	18.13	172		0	1	0	none	0
ice	MPF_G	0.5	287321	190	16.56	247		0	0	0	none	0
ice	MPF_G	0.5	323246	183	15.95	104		0	0	0	none	0
ice	MPF_G	0.5	116450	180	15.69	226		0	0	1	single_pass	1
ice	MPF_G	0.5	192491	172	15.0	206		0	0	1	single_pass	1
ice	MPF_G	0.5	94491	171	14.91	117		0	0	0	none	0
ice	MPF_G	0.5	129502	170	14.82	229		0	0	0	none	0
ice	MPF_G	0.5	53429	169	14.73	241		0	0	0	none	0
ice	MPF_G	0.5	162586	168	14.65	250		0	0	0	none	0
ice	MPF_G	0.5	6061	165	14.39	86		0	0	0	none	0
ice	MPF_G	0.5	321	163	14.21	172		0	0	0	none	0
ice	MPF_G	0.5	207922	157	13.69	180		0	0	0	none	0
ice	MPF_G	0.5	106937	157	13.69	41		0	0	1	single_pass	1
ice	MPF_G	0.5	6074	156	13.6	89		0	0	0	none	0
ice	MPF_G	0.5	107028	156	13.6	93		0	0	0	none	0
ice	MPF_G	0.5	320731	154	13.43	61		0	0	0	none	0
ice	MPF_G	0.5	109943	154	13.43	127		0	0	0	none	0
ice	MPF_G	0.5	29413	153	13.34	58		0	0	2	multi_pass	1
ice	MPF_G	0.5	187512	152	13.25	227		0	0	0	none	0
ice	MPF_G	0.5	6043	150	13.08	177		0	0	0	none	0
ice	MPF_G	0.5	346071	150	13.08	90		0	0	0	none	0
ice	MPF_G	0.5	6046	149	12.99	176		0	0	1	single_pass	1
ice	MPF_G	0.5	323523	147	12.82	119		0	0	0	none	0
ice	MPF_G	0.5	6003	147	12.82	165		0	0	0	none	0
ice	MPF_G	0.5	6060	146	12.73	120		0	0	0	none	0
ice	MPF_G	0.5	141903	146	12.73	91		0	0	0	none	0
ice	MPF_G	0.5	159828	145	12.64	124		0	0	0	none	0
ice	MPF_G	0.5	6014	144	12.55	85		0	0	0	none	0
ice	MPF_G	0.5	224347	142	12.38	92		1	0	0	lipid	1
ice	MPF_G	0.5	2602	141	12.29	135		0	0	0	none	0
ice	MPF_G	0.5	6054	141	12.29	52		0	0	0	none	0
ice	MPF_G	0.5	133492	140	12.21	249		0	0	0	none	0
ice	MPF_G	0.5	323522	135	11.77	236		0	0	0	none	0
ice	MPF_G	0.5	6095	133	11.6	72		0	0	0	none	0
ice	MPF_G	0.5	78802	133	11.6	123		0	0	2	multi_pass	1
ice	MPF_G	0.5	6007	132	11.51	74		0	0	0	none	0
ice	MPF_G	0.5	59419	131	11.42	190		0	0	0	none	0
ice	MPF_G	0.5	79097	130	11.33	83		0	0	0	none	0
ice	MPF_G	0.5	377755	127	11.07	114		0	0	0	none	0
ice	MPF_G	0.5	266220	125	10.9	208		0	0	0	none	0
ice	MPF_G	0.5	36841	123	10.72	81		0	0	0	none	0
ice	MPF_G	0.5	300147	122	10.64	194		0	0	1	single_pass	1
ice	MPF_G	0.5	2641	121	10.55	210		0	0	0	none	0
ice	MPF_G	0.5	286403	120	10.46	230		0	0	0	none	0
ice	MPF_G	0.5	43556	119	10.37	82		0	0	0	none	0
ice	MPF_G	0.5	332846	118	10.29	242		0	0	0	none	0
ice	MPF_G	0.5	36806	117	10.2	240		0	0	0	none	0
ice	MPF_G	0.5	43980	115	10.03	243		0	0	0	none	0
ice	MPF_G	0.5	106573	113	9.85	97		0	0	0	none	0
ice	MPF_G	0.5	36796	112	9.76	128		0	0	0	none	0
ice	MPF_G	0.5	36809	112	9.76	246		0	0	1	single_pass	1
ice	MPF_G	0.5	36814	112	9.76	87		0	0	0	none	0
ice	MPF_G	0.5	36816	112	9.76	158		0	0	0	none	0
ice	MPF_G	0.5	36853	112	9.76	92		0	0	0	none	0
ice	MPF_G	0.5	36854	112	9.76	132		0	0	0	none	0
ice	MPF_G	0.5	36855	112	9.76	115		0	0	0	none	0
ice	MPF_G	0.5	36856	112	9.76	201		0	0	0	none	0
ice	MPF_G	0.5	133522	112	9.76	86		0	0	0	none	0
ice	MPF_G	0.5	36839	111	9.68	99		0	0	0	none	0
ice	MPF_G	0.5	106575	111	9.68	158		0	0	0	none	0
ice	MPF_G	0.5	36827	108	9.42	51		0	0	0	none	0
ice	MPF_G	0.5	30481	107	9.33	81		0	0	0	none	0
ice	MPF_G	0.5	36831	107	9.33	97		0	0	0	none	0
ice	MPF_G	0.5	36843	107	9.33	56		0	0	2	multi_pass	1
ice	MPF_G	0.5	36846	107	9.33	72		0	0	0	none	0
ice	MPF_G	0.5	36828	106	9.24	234		0	0	0	none	0
ice	MPF_G	0.5	87542	105	9.15	93		0	0	0	none	0
ice	MPF_G	0.5	156232	104	9.07	136		0	0	0	none	0
ice	MPF_G	0.5	221565	98	8.54	119		0	0	2	multi_pass	1
ice	MPF_G	0.5	6077	98	8.54	163		0	0	4	multi_pass	1
ice	MPF_G	0.5	150839	96	8.37	142		0	0	0	none	0
ice	MPF_G	0.5	23616	95	8.28	97		0	0	0	none	0
ice	MPF_G	0.5	23617	95	8.28	163		0	0	0	none	0
ice	MPF_G	0.5	223198	94	8.2	147		0	0	1	single_pass	1
ice	MPF_G	0.5	6080	94	8.2	103		0	0	0	none	0
ice	MPF_G	0.5	45504	92	8.02	46		0	0	0	none	0
ice	MPF_G	0.5	323517	87	7.59	129		0	0	0	none	0
ice	MPF_G	0.5	84975	87	7.59	234		0	1	0	none	0
ice	MPF_G	0.5	29385	82	7.15	165		0	0	0	none	0
ice	MPF_G	0.5	145163	81	7.06	118		0	0	2	multi_pass	1
ice	MPF_G	0.5	239288	81	7.06	151		0	0	0	none	0
ice	MPF_G	0.5	221567	80	6.97	106		0	0	0	none	0
ice	MPF_G	0.5	115842	80	6.97	85		0	0	0	none	0
ice	MPF_G	0.5	13416	79	6.89	154		0	0	0	none	0
ice	MPF_G	0.5	2591	79	6.89	116		0	0	3	multi_pass	1
ice	MPF_G	0.5	210956	79	6.89	142		0	0	0	none	0
ice	MPF_G	0.5	70074	79	6.89	98		0	0	0	none	0
ice	MPF_G	0.5	6025	79	6.89	65		0	0	0	none	0
ice	MPF_G	0.5	76217	78	6.8	247		0	0	0	none	0
ice	MPF_G	0.5	113418	78	6.8	151		0	0	0	none	0
ice	MPF_G	0.5	103588	78	6.8	145		0	0	1	single_pass	1
ice	MPF_G	0.5	194881	78	6.8	185		0	0	0	none	0
ice	MPF_G	0.5	23692	78	6.8	108		0	0	0	none	0
ice	MPF_G	0.5	27020	78	6.8	207		0	0	0	none	0
ice	MPF_G	0.5	382347	77	6.71	235		0	1	8	multi_pass	1
ice	MPF_G	0.5	207956	77	6.71	142		0	0	0	none	0
ice	MPF_G	0.5	287250	77	6.71	212		0	0	0	none	0
ice	MPF_G	0.5	94718	77	6.71	74		0	0	0	none	0
ice	MPF_G	0.5	94719	77	6.71	87		0	0	0	none	0
ice	MPF_G	0.5	23624	77	6.71	240		0	0	0	none	0
ice	MPF_G	0.5	23627	77	6.71	82		0	0	0	none	0
ice	MPF_G	0.5	23680	77	6.71	213		0	0	0	none	0
ice	MPF_G	0.5	165486	77	6.71	91		0	0	0	none	0
ice	MPF_G	0.5	55879	76	6.63	114		0	0	0	none	0
ice	MPF_G	0.5	94737	76	6.63	197		0	0	0	none	0
ice	MPF_G	0.5	23686	76	6.63	150		0	0	0	none	0
ice	MPF_G	0.5	23687	76	6.63	97		0	0	0	none	0
ice	MPF_G	0.5	128577	75	6.54	220		0	0	0	none	0
ice	MPF_G	0.5	142391	75	6.54	182		1	1	0	lipid	1
ice	MPF_G	0.5	104353	75	6.54	122		0	0	0	none	0
ice	MPF_G	0.5	355185	74	6.45	100		0	0	0	none	0
ice	MPF_G	0.5	208977	68	5.93	227		0	0	0	none	0
ice	MPF_G	0.5	312343	68	5.93	185		0	0	0	none	0
ice	MPF_G	0.5	134081	67	5.84	224		0	0	0	none	0
ice	MPF_G	0.5	130323	66	5.75	69		0	0	1	single_pass	1
ice	MPF_G	0.5	193555	65	5.67	172		0	0	0	none	0
ice	MPF_G	0.5	23625	65	5.67	31		0	0	0	none	0
ice	MPF_G	0.5	23631	65	5.67	58		0	0	0	none	0
ice	MPF_G	0.5	159669	64	5.58	80		0	0	0	none	0
ice	MPF_G	0.5	23698	64	5.58	161		0	0	0	none	0
ice	MPF_G	0.5	23707	64	5.58	201		0	0	0	none	0
ice	MPF_G	0.5	25702	64	5.58	132		0	0	0	none	0
ice	MPF_G	0.5	26956	64	5.58	59		0	0	0	none	0
ice	MPF_G	0.5	23677	63	5.49	129		0	0	0	none	0
ice	MPF_G	0.5	239376	63	5.49	250		0	0	0	none	0
ice	MPF_G	0.5	23717	63	5.49	67		0	0	0	none	0
ice	MPF_G	0.5	136101	62	5.41	96		0	0	0	none	0
ice	MPF_G	0.5	103541	62	5.41	202		0	0	0	none	0
ice	MPF_G	0.5	253077	62	5.41	120		0	0	0	none	0
ice	MPF_G	0.5	263778	62	5.41	165		0	0	0	none	0
ice	MPF_G	0.5	6105	61	5.32	79		0	0	0	none	0
ice	MPF_G	0.5	211187	61	5.32	78		0	0	0	none	0
ice	MPF_G	0.5	6038	61	5.32	96		0	0	0	none	0
ice	MPF_G	0.5	6039	61	5.32	99		0	0	0	none	0
ice	MPF_G	0.5	153192	60	5.23	254		0	0	0	none	0
ice	MPF_G	0.5	225085	60	5.23	209		0	0	0	none	0
ice	MPF_G	0.5	23640	59	5.14	119		0	0	1	single_pass	1
ice	MPF_G	0.5	30437	59	5.14	102		0	0	0	none	0
ice	MPF_G	0.5	23700	59	5.14	100		0	0	0	none	0
ice	MPF_G	0.5	23747	59	5.14	231		0	1	0	none	0
ice	MPF_G	0.5	23755	59	5.14	62		0	0	0	none	0
ice	MPF_G	0.5	19849	59	5.14	79		0	0	0	none	0
ice	MPF_G	0.5	23635	58	5.06	202		0	0	0	none	0
ice	MPF_G	0.5	23668	58	5.06	138		0	0	0	none	0
ice	MPF_G	0.5	6050	58	5.06	188		0	0	0	none	0
ice	MPF_G	0.5	23703	58	5.06	72		0	0	0	none	0
ice	MPF_G	0.5	23704	58	5.06	240		0	0	0	none	0
ice	MPF_G	0.5	23705	58	5.06	135		0	0	0	none	0
ice	MPF_G	0.5	23709	58	5.06	119		0	0	0	none	0
ice	MPF_G	0.5	23710	58	5.06	192		0	0	0	none	0
ice	MPF_G	0.5	23711	58	5.06	148		0	0	0	none	0
ice	MPF_G	0.5	23712	58	5.06	143		0	0	0	none	0
ice	MPF_G	0.5	23713	58	5.06	141		0	0	1	single_pass	1
ice	MPF_G	0.5	23715	58	5.06	169		0	0	0	none	0
ice	MPF_G	0.5	23716	58	5.06	71		0	0	2	multi_pass	1
ice	MPF_G	0.5	23718	58	5.06	154		0	0	0	none	0
ice	MPF_G	0.5	23719	58	5.06	216		0	0	0	none	0
ice	MPF_G	0.5	23724	58	5.06	231		0	0	0	none	0
ice	MPF_G	0.5	23727	58	5.06	77		0	0	0	none	0
ice	MPF_G	0.5	23728	58	5.06	62		0	0	0	none	0
ice	MPF_G	0.5	23732	58	5.06	194		0	0	0	none	0
ice	MPF_G	0.5	23733	58	5.06	75		0	0	0	none	0
ice	MPF_G	0.5	23734	58	5.06	77		0	0	0	none	0
ice	MPF_G	0.5	23735	58	5.06	113		0	0	0	none	0
ice	MPF_G	0.5	23736	58	5.06	66		0	0	0	none	0
ice	MPF_G	0.5	23737	58	5.06	169		0	0	0	none	0
ice	MPF_G	0.5	23738	58	5.06	80		0	0	0	none	0
ice	MPF_G	0.5	23739	58	5.06	210		0	0	0	none	0
ice	MPF_G	0.5	23754	58	5.06	179		0	0	0	none	0
ice	MPF_G	0.5	23761	58	5.06	150		0	0	3	multi_pass	1
ice	MPF_G	0.5	27021	58	5.06	94		0	0	0	none	0
ice	MPF_G	0.5	89562	57	4.97	207		0	1	0	none	0
ice	MPF_G	0.5	23695	57	4.97	125		0	0	0	none	0
ice	MPF_G	0.5	23714	57	4.97	125		0	0	3	multi_pass	1
ice	MPF_G	0.5	32275	55	4.8	127		0	0	0	none	0
ice	MPF_G	0.5	2617	52	4.53	241		0	0	0	none	0
ice	MPF_G	0.5	30434	52	4.53	90		0	0	0	none	0
ice	MPF_G	0.5	137631	51	4.45	141		0	0	0	none	0
ice	MPF_G	0.5	383271	50	4.36	69		0	0	0	none	0
ice	MPF_G	0.5	197214	50	4.36	182		0	0	0	none	0
ice	MPF_G	0.5	29285	50	4.36	146		0	1	0	none	0
ice	MPF_G	0.5	43570	48	4.18	162		0	0	2	multi_pass	1
ice	MPF_G	0.5	289911	48	4.18	202		0	0	0	none	0
ice	MPF_G	0.5	6068	47	4.1	92		0	0	0	none	0
ice	MPF_G	0.5	41009	47	4.1	212		0	0	0	none	0
ice	MPF_G	0.5	350855	47	4.1	93		0	0	0	none	0
ice	MPF_G	0.5	357988	46	4.01	73		0	0	0	none	0
ice	MPF_G	0.5	5084	45	3.92	109		0	0	0	none	0
ice	MPF_G	0.5	36848	45	3.92	91		0	0	0	none	0
ice	MPF_G	0.5	50316	45	3.92	111		0	0	0	none	0
ice	MPF_G	0.5	23573	45	3.92	104		0	0	2	multi_pass	1
ice	MPF_G	0.5	23526	45	3.92	136		0	0	4	multi_pass	1
ice	MPF_G	0.5	23536	45	3.92	122		0	0	3	multi_pass	1
ice	MPF_G	0.5	23543	45	3.92	80		0	0	2	multi_pass	1
ice	MPF_G	0.5	23549	45	3.92	138		0	0	0	none	0
ice	MPF_G	0.5	23696	45	3.92	79		0	0	0	none	0
ice	MPF_G	0.5	43640	44	3.84	121		0	0	0	none	0
ice	MPF_G	0.5	21302	44	3.84	208		0	0	0	none	0
ice	MPF_G	0.5	27276	44	3.84	164		0	0	0	none	0
ice	MPF_G	0.5	23562	44	3.84	93		0	0	2	multi_pass	1
ice	MPF_G	0.5	23564	44	3.84	107		0	0	0	none	0
ice	MPF_G	0.5	23566	44	3.84	222		0	0	0	none	0
ice	MPF_G	0.5	23570	44	3.84	136		0	0	4	multi_pass	1
ice	MPF_G	0.5	23571	44	3.84	229		0	0	6	multi_pass	1
ice	MPF_G	0.5	23576	44	3.84	188		0	0	0	none	0
ice	MPF_G	0.5	23577	44	3.84	223		0	0	0	none	0
ice	MPF_G	0.5	23580	44	3.84	169		0	0	1	single_pass	1
ice	MPF_G	0.5	23581	44	3.84	206		0	0	1	single_pass	1
ice	MPF_G	0.5	23583	44	3.84	229		0	0	0	none	0
ice	MPF_G	0.5	23585	44	3.84	139		0	0	0	none	0
ice	MPF_G	0.5	23587	44	3.84	144		0	0	0	none	0
ice	MPF_G	0.5	23588	44	3.84	147		0	0	0	none	0
ice	MPF_G	0.5	23592	44	3.84	222		0	0	0	none	0
ice	MPF_G	0.5	23602	44	3.84	88		0	0	0	none	0
ice	MPF_G	0.5	23603	44	3.84	239		0	0	0	none	0
ice	MPF_G	0.5	23607	44	3.84	141		0	0	0	none	0
ice	MPF_G	0.5	23608	44	3.84	131		0	0	0	none	0
ice	MPF_G	0.5	23613	44	3.84	87		0	0	0	none	0
ice	MPF_G	0.5	23614	44	3.84	90		0	0	0	none	0
ice	MPF_G	0.5	23618	44	3.84	250		0	0	0	none	0
ice	MPF_G	0.5	23636	44	3.84	105		0	0	0	none	0
ice	MPF_G	0.5	23507	44	3.84	60		0	0	0	none	0
ice	MPF_G	0.5	23512	44	3.84	229		0	0	0	none	0
ice	MPF_G	0.5	23513	44	3.84	179		0	0	0	none	0
ice	MPF_G	0.5	23515	44	3.84	90		0	0	0	none	0
ice	MPF_G	0.5	23522	44	3.84	81		0	0	0	none	0
ice	MPF_G	0.5	23523	44	3.84	212		0	0	0	none	0
ice	MPF_G	0.5	23524	44	3.84	244		0	0	0	none	0
ice	MPF_G	0.5	23533	44	3.84	165		0	0	0	none	0
ice	MPF_G	0.5	23539	44	3.84	70		0	0	0	none	0
ice	MPF_G	0.5	23540	44	3.84	171		0	0	0	none	0
ice	MPF_G	0.5	23548	44	3.84	237		0	0	0	none	0
ice	MPF_G	0.5	23550	44	3.84	118		0	0	0	none	0
ice	MPF_G	0.5	23551	44	3.84	112		0	0	1	single_pass	1
ice	MPF_G	0.5	23552	44	3.84	147		1	1	0	lipid	1
ice	MPF_G	0.5	23555	44	3.84	210		0	0	1	single_pass	1
ice	MPF_G	0.5	27279	43	3.75	183		0	0	0	none	0
ice	MPF_G	0.5	67069	43	3.75	85		0	0	0	none	0
ice	MPF_G	0.5	150675	43	3.75	122		0	0	0	none	0
ice	MPF_G	0.5	23610	43	3.75	197		0	0	0	none	0
ice	MPF_G	0.5	2581	42	3.66	166		0	0	4	multi_pass	1
ice	MPF_G	0.5	275708	42	3.66	150		0	0	0	none	0
ice	MPF_G	0.5	67910	42	3.66	179		0	0	0	none	0
ice	MPF_G	0.5	6030	42	3.66	117		0	0	0	none	0
ice	MPF_G	0.5	29418	42	3.66	50		0	0	0	none	0
ice	MPF_G	0.5	194287	41	3.57	77		0	0	0	none	0
ice	MPF_G	0.5	275709	41	3.57	187		0	0	0	none	0
ice	MPF_G	0.5	23649	41	3.57	83		0	0	0	none	0
ice	MPF_G	0.5	7413	41	3.57	88		0	0	0	none	0
ice	MPF_G	0.5	50377	40	3.49	85		0	0	0	none	0
ice	MPF_G	0.5	21355	40	3.49	183		0	0	0	none	0
ice	MPF_G	0.5	211184	40	3.49	147		0	0	1	single_pass	1
ice	MPF_G	0.5	23207	40	3.49	241		0	0	0	none	0
ice	MPF_G	0.5	30441	39	3.4	116		0	0	0	none	0
ice	MPF_G	0.5	100822	39	3.4	81		0	0	0	none	0
ice	MPF_G	0.5	196311	39	3.4	113		0	0	0	none	0
ice	MPF_G	0.5	99749	39	3.4	215		0	0	0	none	0
ice	MPF_G	0.5	29433	39	3.4	87		0	0	0	none	0
ice	MPF_G	0.5	36525	38	3.31	151		0	0	0	none	0
ice	MPF_G	0.5	4414	38	3.31	166		0	0	3	multi_pass	1
ice	MPF_G	0.5	67945	38	3.31	99		0	0	0	none	0
ice	MPF_G	0.5	19880	38	3.31	139		0	0	0	none	0
ice	MPF_G	0.5	100904	38	3.31	214		0	0	1	single_pass	1
ice	MPF_G	0.5	43642	37	3.23	200		0	0	0	none	0
ice	MPF_G	0.5	43643	37	3.23	115		0	0	0	none	0
ice	MPF_G	0.5	308355	37	3.23	91		0	0	0	none	0
ice	MPF_G	0.5	211309	37	3.23	64		0	0	0	none	0
ice	MPF_G	0.5	2619	37	3.23	166		0	0	0	none	0
ice	MPF_G	0.5	2620	37	3.23	156		0	0	0	none	0
ice	MPF_G	0.5	157537	37	3.23	115		0	0	0	none	0
ice	MPF_G	0.5	52625	37	3.23	50		0	0	0	none	0
ice	MPF_G	0.5	303672	37	3.23	65		0	0	0	none	0
ice	MPF_G	0.5	156161	36	3.14	234		0	0	1	single_pass	1
ice	MPF_G	0.5	33767	36	3.14	42		0	0	0	none	0
ice	MPF_G	0.5	321808	36	3.14	203		0	0	0	none	0
ice	MPF_G	0.5	52506	36	3.14	231		0	0	0	none	0
ice	MPF_G	0.5	272883	36	3.14	133		0	0	0	none	0
ice	MPF_G	0.5	33809	35	3.05	124		0	0	0	none	0
ice	MPF_G	0.5	33813	35	3.05	130		0	0	0	none	0
ice	MPF_G	0.5	33569	35	3.05	78		0	0	2	multi_pass	1
ice	MPF_G	0.5	23202	35	3.05	147		0	0	0	none	0
ice	MPF_G	0.5	33405	34	2.96	135		0	0	0	none	0
ice	MPF_G	0.5	61705	34	2.96	208		0	0	0	none	0
ice	MPF_G	0.5	77163	34	2.96	119		0	0	0	none	0
ice	MPF_G	0.5	142003	34	2.96	205		0	0	0	none	0
ice	MPF_G	0.5	52626	34	2.96	197		0	1	0	none	0
ice	MPF_G	0.5	92400	34	2.96	151		0	0	0	none	0
ice	MPF_G	0.5	25703	34	2.96	211		0	0	6	multi_pass	1
ice	MPF_G	0.5	95534	33	2.88	117		0	0	0	none	0
ice	MPF_G	0.5	97918	33	2.88	146		0	0	0	none	0
ice	MPF_G	0.5	2582	33	2.88	103		0	0	0	none	0
ice	MPF_G	0.5	33812	33	2.88	67		0	0	0	none	0
ice	MPF_G	0.5	319247	33	2.88	113		0	0	0	none	0
ice	MPF_G	0.5	371176	33	2.88	87		0	0	0	none	0
ice	MPF_G	0.5	98558	33	2.88	169		0	0	0	none	0
ice	MPF_G	0.5	112370	33	2.88	130		0	0	2	multi_pass	1
ice	MPF_G	0.5	15375	33	2.88	178		1	1	0	lipid	1
ice	MPF_G	0.5	55848	33	2.88	197		0	0	0	none	0
ice	MPF_G	0.5	8912	32	2.79	99		0	0	0	none	0
ice	MPF_G	0.5	33811	32	2.79	198		0	0	0	none	0
ice	MPF_G	0.5	33814	32	2.79	107		0	0	0	none	0
ice	MPF_G	0.5	33815	32	2.79	232		0	0	0	none	0
ice	MPF_G	0.5	242053	32	2.79	225		0	0	0	none	0
ice	MPF_G	0.5	2595	32	2.79	213		0	0	0	none	0
ice	MPF_G	0.5	6066	32	2.79	68		0	0	0	none	0
ice	MPF_G	0.5	6067	32	2.79	84		0	1	1	single_pass	1
ice	MPF_G	0.5	82120	32	2.79	119		0	0	2	multi_pass	1
ice	MPF_G	0.5	33695	32	2.79	115		0	0	4	multi_pass	1
ice	MPF_G	0.5	23729	32	2.79	96		0	0	0	none	0
ice	MPF_G	0.5	234926	31	2.7	102		0	0	0	none	0
ice	MPF_G	0.5	8916	31	2.7	118		0	0	0	none	0
ice	MPF_G	0.5	2596	31	2.7	86		0	0	0	none	0
ice	MPF_G	0.5	6065	31	2.7	34		0	0	0	none	0
ice	MPF_G	0.5	8915	30	2.62	170		0	0	0	none	0
ice	MPF_G	0.5	8919	30	2.62	120		0	0	0	none	0
ice	MPF_G	0.5	8945	30	2.62	65		0	0	1	single_pass	1
ice	MPF_G	0.5	8949	30	2.62	246		1	1	1	ambiguous	1
ice	MPF_G	0.5	43581	30	2.62	122		0	0	0	none	0
ice	MPF_G	0.5	43592	30	2.62	171		0	0	0	none	0
ice	MPF_G	0.5	125308	30	2.62	237		0	0	0	none	0
ice	MPF_G	0.5	125310	30	2.62	93		0	0	0	none	0
ice	MPF_G	0.5	242037	30	2.62	164		0	0	0	none	0
ice	MPF_G	0.5	62836	30	2.62	145		0	0	0	none	0
ice	MPF_G	0.5	42812	30	2.62	199		0	0	0	none	0
ice	MPF_G	0.5	289215	30	2.62	85		0	0	0	none	0
ice	MPF_G	0.5	34560	30	2.62	110		0	0	0	none	0
ice	MPF_G	0.5	29241	30	2.62	137		0	0	0	none	0
ice	MPF_G	0.5	22928	30	2.62	117		0	0	1	single_pass	1
ice	MPF_G	0.5	22932	30	2.62	142		0	1	0	none	0
ice	MPF_G	0.5	22947	30	2.62	123		0	0	0	none	0
ice	MPF_G	0.5	22949	30	2.62	117		0	0	0	none	0
ice	MPF_G	0.5	30440	29	2.53	186		0	0	0	none	0
ice	MPF_G	0.5	139134	29	2.53	109		0	0	0	none	0
ice	MPF_G	0.5	313323	29	2.53	198		0	0	0	none	0
ice	MPF_G	0.5	232538	29	2.53	150		0	0	0	none	0
ice	MPF_G	0.5	42816	29	2.53	181		0	1	0	none	0
ice	MPF_G	0.5	259885	29	2.53	222		0	0	1	single_pass	1
ice	MPF_G	0.5	52502	29	2.53	165		1	1	0	lipid	1
ice	MPF_G	0.5	22927	29	2.53	81		0	0	0	none	0
ice	MPF_G	0.5	7326	29	2.53	81		0	0	0	none	0
ice	MPF_G	0.5	206066	28	2.44	108		0	0	0	none	0
ice	MPF_G	0.5	2103	28	2.44	84		0	0	0	none	0
ice	MPF_G	0.5	2589	28	2.44	62		0	0	0	none	0
ice	MPF_G	0.5	78754	28	2.44	80		0	0	0	none	0
ice	MPF_G	0.5	62781	28	2.44	202		0	0	0	none	0
ice	MPF_G	0.5	62844	28	2.44	134		0	0	1	single_pass	1
ice	MPF_G	0.5	294409	28	2.44	170		0	0	0	none	0
ice	MPF_G	0.5	56494	28	2.44	226		0	0	0	none	0
ice	MPF_G	0.5	6011	28	2.44	145		0	0	0	none	0
ice	MPF_G	0.5	164029	28	2.44	249		0	0	0	none	0
ice	MPF_G	0.5	197210	28	2.44	133		0	0	0	none	0
ice	MPF_G	0.5	248654	28	2.44	121		0	0	2	multi_pass	1
ice	MPF_G	0.5	30476	27	2.35	76		0	0	0	none	0
ice	MPF_G	0.5	30480	27	2.35	72		0	0	0	none	0
ice	MPF_G	0.5	162630	27	2.35	111		0	0	0	none	0
ice	MPF_G	0.5	124850	27	2.35	146		0	0	0	none	0
ice	MPF_G	0.5	50221	27	2.35	69		0	0	0	none	0
ice	MPF_G	0.5	332287	27	2.35	172		0	0	0	none	0
ice	MPF_G	0.5	6010	27	2.35	34		0	0	0	none	0
ice	MPF_G	0.5	143495	27	2.35	65		0	0	0	none	0
ice	MPF_G	0.5	289309	27	2.35	209		0	0	0	none	0
ice	MPF_G	0.5	219282	27	2.35	155		0	0	0	none	0
ice	MPF_G	0.5	77166	26	2.27	128		0	0	0	none	0
ice	MPF_G	0.5	104894	26	2.27	146		0	1	0	none	0
ice	MPF_G	0.5	67838	26	2.27	61		0	0	0	none	0
ice	MPF_G	0.5	12703	26	2.27	90		0	0	0	none	0
ice	MPF_G	0.5	23143	26	2.27	102		0	0	0	none	0
ice	MPF_G	0.5	23146	26	2.27	138		0	0	0	none	0
ice	MPF_G	0.5	43339	26	2.27	222		0	0	8	multi_pass	1
ice	MPF_G	0.5	270943	26	2.27	137		0	0	2	multi_pass	1
ice	MPF_G	0.5	49133	25	2.18	119		0	0	0	none	0
ice	MPF_G	0.5	260794	25	2.18	234		0	0	1	single_pass	1
ice	MPF_G	0.5	293577	25	2.18	145		0	0	0	none	0
ice	MPF_G	0.5	60048	25	2.18	119		0	0	0	none	0
ice	MPF_G	0.5	32315	25	2.18	85		0	0	0	none	0
ice	MPF_G	0.5	16717	25	2.18	94		0	0	0	none	0
ice	MPF_G	0.5	210904	25	2.18	174		0	0	0	none	0
ice	MPF_G	0.5	32022	25	2.18	107		0	0	2	multi_pass	1
ice	MPF_G	0.5	40884	25	2.18	254		0	0	0	none	0
ice	MPF_G	0.5	29281	25	2.18	86		0	0	0	none	0
ice	MPF_G	0.5	29282	25	2.18	120		0	0	0	none	0
ice	MPF_G	0.5	30443	24	2.09	184		0	0	0	none	0
ice	MPF_G	0.5	8920	24	2.09	64		0	0	3	multi_pass	1
ice	MPF_G	0.5	2062	24	2.09	122		0	0	0	none	0
ice	MPF_G	0.7	100922	232	20.23	149		0	0	0	none	0
ice	MPF_G	0.7	331924	204	17.79	188		0	0	0	none	0
ice	MPF_G	0.7	4399	201	17.52	130		0	0	0	none	0
ice	MPF_G	0.7	252985	198	17.26	161		0	0	0	none	0
ice	MPF_G	0.7	169453	196	17.09	215		0	0	0	none	0
ice	MPF_G	0.7	92383	188	16.39	85		0	0	0	none	0
ice	MPF_G	0.7	94519	184	16.04	164		0	0	0	none	0
ice	MPF_G	0.7	162606	164	14.3	179		0	0	0	none	0
ice	MPF_G	0.7	214495	163	14.21	70		0	0	0	none	0
ice	MPF_G	0.7	48841	163	14.21	234		0	0	0	none	0
ice	MPF_G	0.7	73724	158	13.78	79		0	0	0	none	0
ice	MPF_G	0.7	56766	157	13.69	230		0	0	1	single_pass	1
ice	MPF_G	0.7	6091	157	13.69	94		0	0	0	none	0
ice	MPF_G	0.7	6062	157	13.69	201		0	0	0	none	0
ice	MPF_G	0.7	6074	156	13.6	89		0	0	0	none	0
ice	MPF_G	0.7	53429	152	13.25	241		0	0	0	none	0
ice	MPF_G	0.7	187512	151	13.16	227		0	0	0	none	0
ice	MPF_G	0.7	6053	148	12.9	162		0	0	0	none	0
ice	MPF_G	0.7	194558	147	12.82	244		0	0	0	none	0
ice	MPF_G	0.7	157390	147	12.82	118		0	0	0	none	0
ice	MPF_G	0.7	6003	147	12.82	165		0	0	0	none	0
ice	MPF_G	0.7	6043	147	12.82	177		0	0	0	none	0
ice	MPF_G	0.7	6049	147	12.82	145		0	0	1	single_pass	1
ice	MPF_G	0.7	6061	147	12.82	86		0	0	0	none	0
ice	MPF_G	0.7	26936	146	12.73	236		0	0	0	none	0
ice	MPF_G	0.7	141903	146	12.73	91		0	0	0	none	0
ice	MPF_G	0.7	6012	146	12.73	61		0	0	0	none	0
ice	MPF_G	0.7	6029	146	12.73	162		0	0	0	none	0
ice	MPF_G	0.7	6046	146	12.73	176		0	0	1	single_pass	1
ice	MPF_G	0.7	6060	146	12.73	120		0	0	0	none	0
ice	MPF_G	0.7	6102	145	12.64	90		0	0	0	none	0
ice	MPF_G	0.7	133517	145	12.64	121		0	0	0	none	0
ice	MPF_G	0.7	6013	145	12.64	175		0	0	0	none	0
ice	MPF_G	0.7	6016	145	12.64	77		0	0	0	none	0
ice	MPF_G	0.7	6014	144	12.55	85		0	0	0	none	0
ice	MPF_G	0.7	323708	144	12.55	115		0	0	0	none	0
ice	MPF_G	0.7	29443	142	12.38	103		0	0	0	none	0
ice	MPF_G	0.7	6055	142	12.38	65		0	0	0	none	0
ice	MPF_G	0.7	2587	141	12.29	92		1	0	0	lipid	1
ice	MPF_G	0.7	267928	140	12.21	132		0	0	0	none	0
ice	MPF_G	0.7	6054	140	12.21	52		0	0	0	none	0
ice	MPF_G	0.7	54566	139	12.12	216		0	0	1	single_pass	1
ice	MPF_G	0.7	192506	139	12.12	246		0	0	0	none	0
ice	MPF_G	0.7	14337	136	11.86	73		0	0	0	none	0
ice	MPF_G	0.7	26981	134	11.68	235		0	0	0	none	0
ice	MPF_G	0.7	6095	131	11.42	72		0	0	0	none	0
ice	MPF_G	0.7	6007	129	11.25	74		0	0	0	none	0
ice	MPF_G	0.7	353646	126	10.99	251		0	0	0	none	0
ice	MPF_G	0.7	1078	123	10.72	152		0	0	0	none	0
ice	MPF_G	0.7	56872	122	10.64	210		0	0	0	none	0
ice	MPF_G	0.7	377755	121	10.55	114		0	0	0	none	0
ice	MPF_G	0.7	2641	121	10.55	210		0	0	0	none	0
ice	MPF_G	0.7	36807	112	9.76	150		0	0	0	none	0
ice	MPF_G	0.7	36809	112	9.76	246		0	0	1	single_pass	1
ice	MPF_G	0.7	36814	112	9.76	87		0	0	0	none	0
ice	MPF_G	0.7	36816	112	9.76	158		0	0	0	none	0
ice	MPF_G	0.7	36853	112	9.76	92		0	0	0	none	0
ice	MPF_G	0.7	36854	112	9.76	132		0	0	0	none	0
ice	MPF_G	0.7	36855	112	9.76	115		0	0	0	none	0
ice	MPF_G	0.7	36856	112	9.76	201		0	0	0	none	0
ice	MPF_G	0.7	36796	112	9.76	128		0	0	0	none	0
ice	MPF_G	0.7	36799	112	9.76	194		0	0	0	none	0
ice	MPF_G	0.7	36806	112	9.76	240		0	0	0	none	0
ice	MPF_G	0.7	36839	111	9.68	99		0	0	0	none	0
ice	MPF_G	0.7	106575	111	9.68	158		0	0	0	none	0
ice	MPF_G	0.7	36841	109	9.5	81		0	0	0	none	0
ice	MPF_G	0.7	36827	108	9.42	51		0	0	0	none	0
ice	MPF_G	0.7	36831	107	9.33	97		0	0	0	none	0
ice	MPF_G	0.7	36843	107	9.33	56		0	0	2	multi_pass	1
ice	MPF_G	0.7	36846	107	9.33	72		0	0	0	none	0
ice	MPF_G	0.7	310839	106	9.24	210		0	0	0	none	0
ice	MPF_G	0.7	36828	106	9.24	234		0	0	0	none	0
ice	MPF_G	0.7	30481	106	9.24	81		0	0	0	none	0
ice	MPF_G	0.7	87542	105	9.15	93		0	0	0	none	0
ice	MPF_G	0.7	106573	105	9.15	97		0	0	0	none	0
ice	MPF_G	0.7	58026	104	9.07	136		0	0	0	none	0
ice	MPF_G	0.7	287313	102	8.89	106		0	0	0	none	0
ice	MPF_G	0.7	24914	102	8.89	124		0	0	2	multi_pass	1
ice	MPF_G	0.7	6077	98	8.54	163		0	0	4	multi_pass	1
ice	MPF_G	0.7	4069	97	8.46	86		0	0	0	none	0
ice	MPF_G	0.7	52627	95	8.28	161		0	0	0	none	0
ice	MPF_G	0.7	23616	95	8.28	97		0	0	0	none	0
ice	MPF_G	0.7	6080	94	8.2	103		0	0	0	none	0
ice	MPF_G	0.7	135850	94	8.2	222		0	0	0	none	0
ice	MPF_G	0.7	45504	92	8.02	46		0	0	0	none	0
ice	MPF_G	0.7	92728	90	7.85	70		0	0	0	none	0
ice	MPF_G	0.7	192521	90	7.85	175		0	0	0	none	0
ice	MPF_G	0.7	837	89	7.76	204		0	0	0	none	0
ice	MPF_G	0.7	1714	86	7.5	101		0	0	0	none	0
ice	MPF_G	0.7	29413	85	7.41	58		0	0	2	multi_pass	1
ice	MPF_G	0.7	29412	84	7.32	117		0	0	0	none	0
ice	MPF_G	0.7	2607	84	7.32	101		0	0	0	none	0
ice	MPF_G	0.7	26976	82	7.15	44		0	0	1	single_pass	1
ice	MPF_G	0.7	29385	82	7.15	165		0	0	0	none	0
ice	MPF_G	0.7	84346	81	7.06	185		0	0	0	none	0
ice	MPF_G	0.7	2591	79	6.89	116		0	0	3	multi_pass	1
ice	MPF_G	0.7	202604	79	6.89	227		0	1	0	none	0
ice	MPF_G	0.7	6025	79	6.89	65		0	0	0	none	0
ice	MPF_G	0.7	13416	79	6.89	154		0	0	0	none	0
ice	MPF_G	0.7	12173	79	6.89	105		0	0	0	none	0
ice	MPF_G	0.7	27020	78	6.8	207		0	0	0	none	0
ice	MPF_G	0.7	117838	78	6.8	92		0	0	0	none	0
ice	MPF_G	0.7	36518	78	6.8	135		0	0	0	none	0
ice	MPF_G	0.7	194881	78	6.8	185		0	0	0	none	0
ice	MPF_G	0.7	128111	77	6.71	251		0	0	0	none	0
ice	MPF_G	0.7	94718	77	6.71	74		0	0	0	none	0
ice	MPF_G	0.7	94719	77	6.71	87		0	0	0	none	0
ice	MPF_G	0.7	137017	77	6.71	143		0	0	0	none	0
ice	MPF_G	0.7	23693	77	6.71	89		0	0	0	none	0
ice	MPF_G	0.7	103520	77	6.71	140		0	0	0	none	0
ice	MPF_G	0.7	23624	77	6.71	240		0	0	0	none	0
ice	MPF_G	0.7	23627	77	6.71	82		0	0	0	none	0
ice	MPF_G	0.7	23632	77	6.71	149		0	0	0	none	0
ice	MPF_G	0.7	23633	77	6.71	72		0	0	0	none	0
ice	MPF_G	0.7	355234	76	6.63	155		0	0	1	single_pass	1
ice	MPF_G	0.7	55879	76	6.63	114		0	0	0	none	0
ice	MPF_G	0.7	23686	76	6.63	150		0	0	0	none	0
ice	MPF_G	0.7	23687	76	6.63	97		0	0	0	none	0
ice	MPF_G	0.7	23688	76	6.63	152		0	0	1	single_pass	1
ice	MPF_G	0.7	135151	76	6.63	206		0	0	1	single_pass	1
ice	MPF_G	0.7	94785	75	6.54	122		0	0	0	none	0
ice	MPF_G	0.7	103588	75	6.54	145		0	0	1	single_pass	1
ice	MPF_G	0.7	23692	75	6.54	108		0	0	0	none	0
ice	MPF_G	0.7	23647	75	6.54	220		0	1	8	multi_pass	1
ice	MPF_G	0.7	355185	74	6.45	100		0	0	0	none	0
ice	MPF_G	0.7	94737	73	6.36	197		0	0	0	none	0
ice	MPF_G	0.7	116488	71	6.19	116		0	0	2	multi_pass	1
ice	MPF_G	0.7	23742	70	6.1	85		0	0	0	none	0
ice	MPF_G	0.7	198381	69	6.02	212		0	0	0	none	0
ice	MPF_G	0.7	64882	68	5.93	227		0	0	0	none	0
ice	MPF_G	0.7	130323	66	5.75	69		0	0	1	single_pass	1
ice	MPF_G	0.7	2585	66	5.75	228		0	0	0	none	0
ice	MPF_G	0.7	23625	65	5.67	31		0	0	0	none	0
ice	MPF_G	0.7	23626	65	5.67	185		0	0	0	none	0
ice	MPF_G	0.7	23631	65	5.67	58		0	0	0	none	0
ice	MPF_G	0.7	23657	65	5.67	189		0	0	0	none	0
ice	MPF_G	0.7	6052	64	5.58	44		0	0	1	single_pass	1
ice	MPF_G	0.7	159669	64	5.58	80		0	0	0	none	0
ice	MPF_G	0.7	6051	63	5.49	59		0	0	2	multi_pass	1
ice	MPF_G	0.7	287326	63	5.49	187		0	0	0	none	0
ice	MPF_G	0.7	239376	63	5.49	250		0	0	0	none	0
ice	MPF_G	0.7	23744	63	5.49	248		0	0	0	none	0
ice	MPF_G	0.7	26956	62	5.41	59		0	0	0	none	0
ice	MPF_G	0.7	321897	62	5.41	117		0	0	0	none	0
ice	MPF_G	0.7	103541	62	5.41	202		0	0	0	none	0
ice	MPF_G	0.7	6105	61	5.32	79		0	0	0	none	0
ice	MPF_G	0.7	23677	61	5.32	129		0	0	0	none	0
ice	MPF_G	0.7	67413	60	5.23	97		0	0	0	none	0
ice	MPF_G	0.7	6038	60	5.23	96		0	0	0	none	0
ice	MPF_G	0.7	6039	60	5.23	99		0	0	0	none	0
ice	MPF_G	0.7	30437	59	5.14	102		0	0	0	none	0
ice	MPF_G	0.7	218762	59	5.14	82		0	0	0	none	0
ice	MPF_G	0.7	23747	59	5.14	231		0	1	0	none	0
ice	MPF_G	0.7	23755	59	5.14	62		0	0	0	none	0
ice	MPF_G	0.7	23640	59	5.14	119		0	0	1	single_pass	1
ice	MPF_G	0.7	27021	58	5.06	94		0	0	0	none	0
ice	MPF_G	0.7	6050	58	5.06	188		0	0	0	none	0
ice	MPF_G	0.7	23700	58	5.06	100		0	0	0	none	0
ice	MPF_G	0.7	23701	58	5.06	171		0	0	0	none	0
ice	MPF_G	0.7	23703	58	5.06	72		0	0	0	none	0
ice	MPF_G	0.7	23704	58	5.06	240		0	0	0	none	0
ice	MPF_G	0.7	23705	58	5.06	135		0	0	0	none	0
ice	MPF_G	0.7	23707	58	5.06	201		0	0	0	none	0
ice	MPF_G	0.7	23709	58	5.06	119		0	0	0	none	0
ice	MPF_G	0.7	23710	58	5.06	192		0	0	0	none	0
ice	MPF_G	0.7	23711	58	5.06	148		0	0	0	none	0
ice	MPF_G	0.7	23712	58	5.06	143		0	0	0	none	0
ice	MPF_G	0.7	23713	58	5.06	141		0	0	1	single_pass	1
ice	MPF_G	0.7	23715	58	5.06	169		0	0	0	none	0
ice	MPF_G	0.7	23716	58	5.06	71		0	0	2	multi_pass	1
ice	MPF_G	0.7	23717	58	5.06	67		0	0	0	none	0
ice	MPF_G	0.7	23718	58	5.06	154		0	0	0	none	0
ice	MPF_G	0.7	23719	58	5.06	216		0	0	0	none	0
ice	MPF_G	0.7	23724	58	5.06	231		0	0	0	none	0
ice	MPF_G	0.7	23727	58	5.06	77		0	0	0	none	0
ice	MPF_G	0.7	23728	58	5.06	62		0	0	0	none	0
ice	MPF_G	0.7	23732	58	5.06	194		0	0	0	none	0
ice	MPF_G	0.7	23733	58	5.06	75		0	0	0	none	0
ice	MPF_G	0.7	23734	58	5.06	77		0	0	0	none	0
ice	MPF_G	0.7	23735	58	5.06	113		0	0	0	none	0
ice	MPF_G	0.7	23736	58	5.06	66		0	0	0	none	0
ice	MPF_G	0.7	23737	58	5.06	169		0	0	0	none	0
ice	MPF_G	0.7	23738	58	5.06	80		0	0	0	none	0
ice	MPF_G	0.7	23739	58	5.06	210		0	0	0	none	0
ice	MPF_G	0.7	23754	58	5.06	179		0	0	0	none	0
ice	MPF_G	0.7	23761	58	5.06	150		0	0	3	multi_pass	1
ice	MPF_G	0.7	43359	58	5.06	80		0	0	0	none	0
ice	MPF_G	0.7	23635	58	5.06	202		0	0	0	none	0
ice	MPF_G	0.7	23668	58	5.06	138		0	0	0	none	0
ice	MPF_G	0.7	23695	57	4.97	125		0	0	0	none	0
ice	MPF_G	0.7	23698	57	4.97	161		0	0	0	none	0
ice	MPF_G	0.7	23714	57	4.97	125		0	0	3	multi_pass	1
ice	MPF_G	0.7	89562	56	4.88	207		0	1	0	none	0
ice	MPF_G	0.7	30434	52	4.53	90		0	0	0	none	0
ice	MPF_G	0.7	2617	51	4.45	241		0	0	0	none	0
ice	MPF_G	0.7	30474	49	4.27	69		0	0	0	none	0
ice	MPF_G	0.7	33472	49	4.27	146		0	0	0	none	0
ice	MPF_G	0.7	302049	48	4.18	203		0	0	0	none	0
ice	MPF_G	0.7	43559	48	4.18	184		1	1	0	lipid	1
ice	MPF_G	0.7	43569	48	4.18	190		0	0	1	single_pass	1
ice	MPF_G	0.7	43570	48	4.18	162		0	0	2	multi_pass	1
ice	MPF_G	0.7	6068	47	4.1	92		0	0	0	none	0
ice	MPF_G	0.7	43554	47	4.1	236		0	0	0	none	0
ice	MPF_G	0.7	43556	47	4.1	82		0	0	0	none	0
ice	MPF_G	0.7	36848	45	3.92	91		0	0	0	none	0
ice	MPF_G	0.7	354511	45	3.92	107		0	0	0	none	0
ice	MPF_G	0.7	43641	45	3.92	215		0	0	0	none	0
ice	MPF_G	0.7	23536	45	3.92	122		0	0	3	multi_pass	1
ice	MPF_G	0.7	19375	44	3.84	184		0	1	0	none	0
ice	MPF_G	0.7	23696	44	3.84	79		0	0	0	none	0
ice	MPF_G	0.7	43640	44	3.84	121		0	0	0	none	0
ice	MPF_G	0.7	23507	44	3.84	60		0	0	0	none	0
ice	MPF_G	0.7	23512	44	3.84	229		0	0	0	none	0
ice	MPF_G	0.7	23513	44	3.84	179		0	0	0	none	0
ice	MPF_G	0.7	23515	44	3.84	90		0	0	0	none	0
ice	MPF_G	0.7	23522	44	3.84	81		0	0	0	none	0
ice	MPF_G	0.7	23523	44	3.84	212		0	0	0	none	0
ice	MPF_G	0.7	23524	44	3.84	244		0	0	0	none	0
ice	MPF_G	0.7	23526	44	3.84	136		0	0	4	multi_pass	1
ice	MPF_G	0.7	23533	44	3.84	165		0	0	0	none	0
ice	MPF_G	0.7	23537	44	3.84	202		0	0	0	none	0
ice	MPF_G	0.7	23539	44	3.84	70		0	0	0	none	0
ice	MPF_G	0.7	23540	44	3.84	171		0	0	0	none	0
ice	MPF_G	0.7	23543	44	3.84	80		0	0	2	multi_pass	1
ice	MPF_G	0.7	23548	44	3.84	237		0	0	0	none	0
ice	MPF_G	0.7	23549	44	3.84	138		0	0	0	none	0
ice	MPF_G	0.7	23550	44	3.84	118		0	0	0	none	0
ice	MPF_G	0.7	23551	44	3.84	112		0	0	1	single_pass	1
ice	MPF_G	0.7	23552	44	3.84	147		1	1	0	lipid	1
ice	MPF_G	0.7	23555	44	3.84	210		0	0	1	single_pass	1
ice	MPF_G	0.7	23562	44	3.84	93		0	0	2	multi_pass	1
ice	MPF_G	0.7	23564	44	3.84	107		0	0	0	none	0
ice	MPF_G	0.7	23565	44	3.84	152		0	0	0	none	0
ice	MPF_G	0.7	23566	44	3.84	222		0	0	0	none	0
ice	MPF_G	0.7	23570	44	3.84	136		0	0	4	multi_pass	1
ice	MPF_G	0.7	23571	44	3.84	229		0	0	6	multi_pass	1
ice	MPF_G	0.7	23573	44	3.84	104		0	0	2	multi_pass	1
ice	MPF_G	0.7	23576	44	3.84	188		0	0	0	none	0
ice	MPF_G	0.7	23577	44	3.84	223		0	0	0	none	0
ice	MPF_G	0.7	23580	44	3.84	169		0	0	1	single_pass	1
ice	MPF_G	0.7	23581	44	3.84	206		0	0	1	single_pass	1
ice	MPF_G	0.7	23583	44	3.84	229		0	0	0	none	0
ice	MPF_G	0.7	23585	44	3.84	139		0	0	0	none	0
ice	MPF_G	0.7	23587	44	3.84	144		0	0	0	none	0
ice	MPF_G	0.7	23588	44	3.84	147		0	0	0	none	0
ice	MPF_G	0.7	23589	44	3.84	111		0	0	0	none	0
ice	MPF_G	0.7	23592	44	3.84	222		0	0	0	none	0
ice	MPF_G	0.7	23602	44	3.84	88		0	0	0	none	0
ice	MPF_G	0.7	23603	44	3.84	239		0	0	0	none	0
ice	MPF_G	0.7	23607	44	3.84	141		0	0	0	none	0
ice	MPF_G	0.7	23608	44	3.84	131		0	0	0	none	0
ice	MPF_G	0.7	23613	44	3.84	87		0	0	0	none	0
ice	MPF_G	0.7	23614	44	3.84	90		0	0	0	none	0
ice	MPF_G	0.7	23618	44	3.84	250		0	0	0	none	0
ice	MPF_G	0.7	23636	44	3.84	105		0	0	0	none	0
ice	MPF_G	0.7	263778	44	3.84	165		0	0	0	none	0
ice	MPF_G	0.7	297596	43	3.75	183		0	0	0	none	0
ice	MPF_G	0.7	27279	43	3.75	183		0	0	0	none	0
ice	MPF_G	0.7	150675	43	3.75	122		0	0	0	none	0
ice	MPF_G	0.7	23610	43	3.75	197		0	0	0	none	0
ice	MPF_G	0.7	29418	42	3.66	50		0	0	0	none	0
ice	MPF_G	0.7	29432	42	3.66	227		0	0	0	none	0
ice	MPF_G	0.7	6030	42	3.66	117		0	0	0	none	0
ice	MPF_G	0.7	32273	42	3.66	231		0	0	0	none	0
ice	MPF_G	0.7	7413	41	3.57	88		0	0	0	none	0
ice	MPF_G	0.7	10952	41	3.57	87		0	0	0	none	0
ice	MPF_G	0.7	29431	40	3.49	143		0	0	0	none	0
ice	MPF_G	0.7	2622	40	3.49	191		0	0	0	none	0
ice	MPF_G	0.7	2623	40	3.49	156		0	0	0	none	0
ice	MPF_G	0.7	23649	40	3.49	83		0	0	0	none	0
ice	MPF_G	0.7	29433	38	3.31	87		0	0	0	none	0
ice	MPF_G	0.7	4414	38	3.31	166		0	0	3	multi_pass	1
ice	MPF_G	0.7	287315	38	3.31	218		0	0	0	none	0
ice	MPF_G	0.7	43573	38	3.31	115		0	0	0	none	0
ice	MPF_G	0.7	2619	37	3.23	166		0	0	0	none	0
ice	MPF_G	0.7	2620	37	3.23	156		0	0	0	none	0
ice	MPF_G	0.7	303672	37	3.23	65		0	0	0	none	0
ice	MPF_G	0.7	43642	37	3.23	200		0	0	0	none	0
ice	MPF_G	0.7	43643	37	3.23	115		0	0	0	none	0
ice	MPF_G	0.7	1908	37	3.23	99		0	0	0	none	0
ice	MPF_G	0.7	52506	36	3.14	231		0	0	0	none	0
ice	MPF_G	0.7	272883	36	3.14	133		0	0	0	none	0
ice	MPF_G	0.7	33683	36	3.14	120		0	0	2	multi_pass	1
ice	MPF_G	0.7	33767	36	3.14	42		0	0	0	none	0
ice	MPF_G	0.7	52625	36	3.14	50		0	0	0	none	0
ice	MPF_G	0.7	33569	35	3.05	78		0	0	2	multi_pass	1
ice	MPF_G	0.7	33570	35	3.05	121		0	0	0	none	0
ice	MPF_G	0.7	33809	35	3.05	124		0	0	0	none	0
ice	MPF_G	0.7	33813	35	3.05	130		0	0	0	none	0
ice	MPF_G	0.7	98550	34	2.96	170		0	0	0	none	0
ice	MPF_G	0.7	142003	34	2.96	205		0	0	0	none	0
ice	MPF_G	0.7	33405	34	2.96	135		0	0	0	none	0
ice	MPF_G	0.7	33408	34	2.96	91		0	0	0	none	0
ice	MPF_G	0.7	61705	34	2.96	208		0	0	0	none	0
ice	MPF_G	0.7	2581	34	2.96	166		0	0	4	multi_pass	1
ice	MPF_G	0.7	52626	34	2.96	197		0	1	0	none	0
ice	MPF_G	0.7	25703	34	2.96	211		0	0	6	multi_pass	1
ice	MPF_G	0.7	5087	33	2.88	238		0	0	0	none	0
ice	MPF_G	0.7	25549	33	2.88	67		0	0	0	none	0
ice	MPF_G	0.7	25550	33	2.88	178		0	0	0	none	0
ice	MPF_G	0.7	2582	33	2.88	103		0	0	0	none	0
ice	MPF_G	0.7	33812	33	2.88	67		0	0	0	none	0
ice	MPF_G	0.7	25702	33	2.88	132		0	0	0	none	0
ice	MPF_G	0.7	89080	32	2.79	200		0	0	0	none	0
ice	MPF_G	0.7	246013	32	2.79	110		0	0	4	multi_pass	1
ice	MPF_G	0.7	15265	32	2.79	76		0	0	0	none	0
ice	MPF_G	0.7	2595	32	2.79	213		0	0	0	none	0
ice	MPF_G	0.7	118625	32	2.79	240		0	0	0	none	0
ice	MPF_G	0.7	55848	32	2.79	197		0	0	0	none	0
ice	MPF_G	0.7	6066	32	2.79	68		0	0	0	none	0
ice	MPF_G	0.7	6067	32	2.79	84		0	1	1	single_pass	1
ice	MPF_G	0.7	23729	32	2.79	96		0	0	0	none	0
ice	MPF_G	0.7	385008	32	2.79	230		0	0	1	single_pass	1
ice	MPF_G	0.7	33811	32	2.79	198		0	0	0	none	0
ice	MPF_G	0.7	33814	32	2.79	107		0	0	0	none	0
ice	MPF_G	0.7	33815	32	2.79	232		0	0	0	none	0
ice	MPF_G	0.7	48806	31	2.7	211		0	0	0	none	0
ice	MPF_G	0.7	6065	31	2.7	34		0	0	0	none	0
ice	MPF_G	0.7	242053	31	2.7	225		0	0	0	none	0
ice	MPF_G	0.7	8912	31	2.7	99		0	0	0	none	0
ice	MPF_G	0.7	8916	31	2.7	118		0	0	0	none	0
ice	MPF_G	0.7	19291	30	2.62	122		0	0	2	multi_pass	1
ice	MPF_G	0.7	29241	30	2.62	137		0	0	0	none	0
ice	MPF_G	0.7	77195	30	2.62	196		0	0	1	single_pass	1
ice	MPF_G	0.7	260194	30	2.62	235		0	0	1	single_pass	1
ice	MPF_G	0.7	2596	30	2.62	86		0	0	0	none	0
ice	MPF_G	0.7	25145	30	2.62	85		0	0	0	none	0
ice	MPF_G	0.7	7387	30	2.62	213		0	0	0	none	0
ice	MPF_G	0.7	59910	30	2.62	241		0	0	0	none	0
ice	MPF_G	0.7	8919	30	2.62	120		0	0	0	none	0
ice	MPF_G	0.7	8945	30	2.62	65		0	0	1	single_pass	1
ice	MPF_G	0.7	8983	30	2.62	155		0	0	0	none	0
ice	MPF_G	0.7	62836	30	2.62	145		0	0	0	none	0
ice	MPF_G	0.7	63137	30	2.62	158		0	0	0	none	0
ice	MPF_G	0.7	22928	30	2.62	117		0	0	1	single_pass	1
ice	MPF_G	0.7	22932	30	2.62	142		0	1	0	none	0
ice	MPF_G	0.7	22937	30	2.62	142		0	0	0	none	0
ice	MPF_G	0.7	22949	30	2.62	117		0	0	0	none	0
ice	MPF_G	0.7	43581	30	2.62	122		0	0	0	none	0
ice	MPF_G	0.7	43592	30	2.62	171		0	0	0	none	0
ice	MPF_G	0.7	326939	30	2.62	151		0	0	0	none	0
ice	MPF_G	0.7	42812	30	2.62	199		0	0	0	none	0
ice	MPF_G	0.7	232538	29	2.53	150		0	0	0	none	0
ice	MPF_G	0.7	297537	29	2.53	288		0	0	1	single_pass	1
ice	MPF_G	0.7	7326	29	2.53	81		0	0	0	none	0
ice	MPF_G	0.7	125310	29	2.53	93		0	0	0	none	0
ice	MPF_G	0.7	8915	29	2.53	170		0	0	0	none	0
ice	MPF_G	0.7	2078	29	2.53	172		0	0	0	none	0
ice	MPF_G	0.7	2081	29	2.53	197		0	0	0	none	0
ice	MPF_G	0.7	2083	29	2.53	164		0	0	0	none	0
ice	MPF_G	0.7	2086	29	2.53	223		0	0	1	single_pass	1
ice	MPF_G	0.7	22927	29	2.53	81		0	0	0	none	0
ice	MPF_G	0.7	78754	28	2.44	80		0	0	0	none	0
ice	MPF_G	0.7	56494	28	2.44	226		0	0	0	none	0
ice	MPF_G	0.7	12688	28	2.44	133		0	0	0	none	0
ice	MPF_G	0.7	30441	28	2.44	116		0	0	0	none	0
ice	MPF_G	0.7	5112	28	2.44	215		0	0	1	single_pass	1
ice	MPF_G	0.7	6011	28	2.44	145		0	0	0	none	0
ice	MPF_G	0.7	8910	28	2.44	108		0	0	1	single_pass	1
ice	MPF_G	0.7	2103	28	2.44	84		0	0	0	none	0
ice	MPF_G	0.7	2589	28	2.44	62		0	0	0	none	0
ice	MPF_G	0.7	26303	28	2.44	103		0	0	0	none	0
ice	MPF_G	0.7	46196	27	2.35	211		0	0	0	none	0
ice	MPF_G	0.7	92400	27	2.35	151		0	0	0	none	0
ice	MPF_G	0.7	30476	27	2.35	76		0	0	0	none	0
ice	MPF_G	0.7	30477	27	2.35	136		0	0	0	none	0
ice	MPF_G	0.7	30480	27	2.35	72		0	0	0	none	0
ice	MPF_G	0.7	6010	27	2.35	34		0	0	0	none	0
ice	MPF_G	0.7	8987	27	2.35	172		0	0	0	none	0
ice	MPF_G	0.7	16715	27	2.35	128		0	0	0	none	0
ice	MPF_G	0.7	143495	27	2.35	65		0	0	0	none	0
ice	MPF_G	0.7	263784	27	2.35	77		0	0	0	none	0
ice	MPF_G	0.7	124850	27	2.35	146		0	0	0	none	0
ice	MPF_G	0.7	73615	26	2.27	215		0	0	1	single_pass	1
ice	MPF_G	0.7	78771	26	2.27	113		0	0	0	none	0
ice	MPF_G	0.7	273023	26	2.27	201		0	0	0	none	0
ice	MPF_G	0.7	15277	26	2.27	165		0	0	0	none	0
ice	MPF_G	0.7	15280	26	2.27	198		0	0	1	single_pass	1
ice	MPF_G	0.7	29287	26	2.27	172		0	1	0	none	0
ice	MPF_G	0.7	12703	26	2.27	90		0	0	0	none	0
ice	MPF_G	0.7	62781	26	2.27	202		0	0	0	none	0
ice	MPF_G	0.7	116752	26	2.27	213		0	0	0	none	0
ice	MPF_G	0.7	99159	25	2.18	233		0	0	1	single_pass	1
ice	MPF_G	0.7	15274	25	2.18	147		0	0	1	single_pass	1
ice	MPF_G	0.7	12759	25	2.18	69		0	0	0	none	0
ice	MPF_G	0.7	29281	25	2.18	86		0	0	0	none	0
ice	MPF_G	0.7	29282	25	2.18	120		0	0	0	none	0
ice	MPF_G	0.7	290504	25	2.18	137		0	1	0	none	0
ice	MPF_G	0.7	16717	25	2.18	94		0	0	0	none	0
ice	MPF_G	0.7	2082	25	2.18	85		0	0	0	none	0
ice	MPF_G	0.7	32022	25	2.18	107		0	0	2	multi_pass	1
ice	MPF_G	0.7	99166	24	2.09	108		0	0	0	none	0
ice	MPF_G	0.7	29283	24	2.09	135		0	0	0	none	0
ice	MPF_G	0.7	29290	24	2.09	169		0	0	0	none	0
ice	MPF_G	0.7	29293	24	2.09	185		0	0	0	none	0
ice	MPF_G	0.7	62266	24	2.09	147		0	0	0	none	0
ice	MPF_G	0.7	30443	24	2.09	184		0	0	0	none	0
ice	MPF_G	0.7	8920	24	2.09	64		0	0	3	multi_pass	1
ice	MPF_G	0.7	16712	24	2.09	161		0	0	0	none	0
ice	MPF_G	0.7	16713	24	2.09	90		0	0	2	multi_pass	1
ice	MPF_T	0.5	149251	291	24.81	212		0	0	0	none	0
ice	MPF_T	0.5	776	258	21.99	64		0	0	0	none	0
ice	MPF_T	0.5	203855	258	21.99	106		0	0	0	none	0
ice	MPF_T	0.5	236379	257	21.91	195		0	0	0	none	0
ice	MPF_T	0.5	774	252	21.48	69		0	0	0	none	0
ice	MPF_T	0.5	367997	245	20.89	170		0	0	1	single_pass	1
ice	MPF_T	0.5	130224	241	20.55	73		0	0	0	none	0
ice	MPF_T	0.5	16070	241	20.55	146		0	0	0	none	0
ice	MPF_T	0.5	329725	238	20.29	100		0	1	0	none	0
ice	MPF_T	0.5	220626	236	20.12	90		0	0	0	none	0
ice	MPF_T	0.5	106140	231	19.69	93		0	0	0	none	0
ice	MPF_T	0.5	57051	213	18.16	116		0	0	0	none	0
ice	MPF_T	0.5	247315	207	17.65	175		0	0	0	none	0
ice	MPF_T	0.5	286731	175	14.92	87	Eex_IncN	1	1	0	lipid	1
ice	MPF_T	0.5	64597	154	13.13	168		0	0	0	none	0
ice	MPF_T	0.5	14544	153	13.04	45		0	1	0	none	0
ice	MPF_T	0.5	188108	153	13.04	105	Eex_IncN	1	1	0	lipid	1
ice	MPF_T	0.5	14551	152	12.96	132		1	1	0	lipid	1
ice	MPF_T	0.5	6466	150	12.79	101		0	0	0	none	0
ice	MPF_T	0.5	270087	147	12.53	113		0	0	0	none	0
ice	MPF_T	0.5	270350	140	11.94	95		0	1	0	none	0
ice	MPF_T	0.5	342237	138	11.76	60		0	0	0	none	0
ice	MPF_T	0.5	36766	125	10.66	168		0	0	0	none	0
ice	MPF_T	0.5	6482	120	10.23	42		0	0	0	none	0
ice	MPF_T	0.5	6485	118	10.06	60		0	0	0	none	0
ice	MPF_T	0.5	6476	116	9.89	80	Eex_IncN	1	1	0	lipid	1
ice	MPF_T	0.5	11594	83	7.08	123		0	0	0	none	0
ice	MPF_T	0.5	119169	79	6.73	86		0	0	0	none	0
ice	MPF_T	0.5	22390	73	6.22	91	Eex_IncN	1	1	0	lipid	1
ice	MPF_T	0.5	45014	68	5.8	99		0	0	0	none	0
ice	MPF_T	0.5	152859	67	5.71	139		0	0	0	none	0
ice	MPF_T	0.5	129528	62	5.29	89		0	0	0	none	0
ice	MPF_T	0.5	219989	62	5.29	103		0	0	0	none	0
ice	MPF_T	0.5	122599	60	5.12	102		0	0	0	none	0
ice	MPF_T	0.5	14980	58	4.94	170		0	0	0	none	0
ice	MPF_T	0.5	33145	58	4.94	88		0	0	0	none	0
ice	MPF_T	0.5	69956	57	4.86	73		0	0	0	none	0
ice	MPF_T	0.5	64509	57	4.86	129		0	0	0	none	0
ice	MPF_T	0.5	44986	55	4.69	140		0	0	0	none	0
ice	MPF_T	0.5	30362	55	4.69	105		0	0	4	multi_pass	1
ice	MPF_T	0.5	30370	54	4.6	206		1	1	0	lipid	1
ice	MPF_T	0.5	120215	51	4.35	141		0	0	0	none	0
ice	MPF_T	0.5	236302	51	4.35	211		0	0	0	none	0
ice	MPF_T	0.5	9543	51	4.35	254		0	0	0	none	0
ice	MPF_T	0.5	121413	50	4.26	234		0	0	0	none	0
ice	MPF_T	0.5	67900	50	4.26	168		0	0	0	none	0
ice	MPF_T	0.5	361749	49	4.18	73		0	1	0	none	0
ice	MPF_T	0.5	206822	49	4.18	167		0	0	0	none	0
ice	MPF_T	0.5	134955	49	4.18	181		0	0	1	single_pass	1
ice	MPF_T	0.5	30374	48	4.09	233		1	1	0	lipid	1
ice	MPF_T	0.5	202937	48	4.09	88		0	0	1	single_pass	1
ice	MPF_T	0.5	7303	48	4.09	92		0	0	0	none	0
ice	MPF_T	0.5	81883	46	3.92	88		0	0	0	none	0
ice	MPF_T	0.5	149548	45	3.84	87		0	0	0	none	0
ice	MPF_T	0.5	44518	44	3.75	111		0	0	0	none	0
ice	MPF_T	0.5	5536	43	3.67	83		0	0	0	none	0
ice	MPF_T	0.5	80432	42	3.58	240		0	0	6	multi_pass	1
ice	MPF_T	0.5	337205	41	3.5	74	Eex_IncN	1	1	0	lipid	1
ice	MPF_T	0.5	48124	41	3.5	85		0	0	0	none	0
ice	MPF_T	0.5	21505	41	3.5	192		0	0	1	single_pass	1
ice	MPF_T	0.5	122224	40	3.41	228		0	0	0	none	0
ice	MPF_T	0.5	67679	40	3.41	241		0	0	0	none	0
ice	MPF_T	0.5	67883	38	3.24	46		0	1	0	none	0
ice	MPF_T	0.5	5659	36	3.07	117		0	0	0	none	0
ice	MPF_T	0.5	149561	36	3.07	55		0	0	1	single_pass	1
ice	MPF_T	0.5	295650	36	3.07	115		0	0	0	none	0
ice	MPF_T	0.5	5622	35	2.98	151		0	0	1	single_pass	1
ice	MPF_T	0.5	185117	35	2.98	78		0	0	0	none	0
ice	MPF_T	0.5	14804	35	2.98	54		0	0	0	none	0
ice	MPF_T	0.5	144536	35	2.98	185		0	0	0	none	0
ice	MPF_T	0.5	313026	35	2.98	208		0	0	0	none	0
ice	MPF_T	0.5	53814	34	2.9	113		0	0	0	none	0
ice	MPF_T	0.5	5660	34	2.9	108		0	0	0	none	0
ice	MPF_T	0.5	123854	34	2.9	116		0	0	0	none	0
ice	MPF_T	0.5	174715	34	2.9	67		0	0	0	none	0
ice	MPF_T	0.5	245309	33	2.81	136		1	1	0	lipid	1
ice	MPF_T	0.5	231812	33	2.81	183		0	0	1	single_pass	1
ice	MPF_T	0.5	70770	33	2.81	154		0	0	0	none	0
ice	MPF_T	0.5	246894	32	2.73	142		0	0	0	none	0
ice	MPF_T	0.5	276675	32	2.73	102		0	0	0	none	0
ice	MPF_T	0.5	131874	32	2.73	136		0	0	0	none	0
ice	MPF_T	0.5	383683	32	2.73	70		1	1	0	lipid	1
ice	MPF_T	0.5	273099	32	2.73	88		0	0	0	none	0
ice	MPF_T	0.5	68611	31	2.64	95		0	0	0	none	0
ice	MPF_T	0.5	27470	30	2.56	166		1	1	1	ambiguous	1
ice	MPF_T	0.5	55375	30	2.56	249		0	0	0	none	0
ice	MPF_T	0.5	86344	30	2.56	145		0	0	4	multi_pass	1
ice	MPF_T	0.5	197126	30	2.56	108		0	0	0	none	0
ice	MPF_T	0.5	80431	29	2.47	215		0	0	1	single_pass	1
ice	MPF_T	0.5	28526	29	2.47	225		0	0	0	none	0
ice	MPF_T	0.5	210269	29	2.47	143		0	0	0	none	0
ice	MPF_T	0.5	67659	29	2.47	86		0	0	0	none	0
ice	MPF_T	0.5	45714	29	2.47	78		0	0	0	none	0
ice	MPF_T	0.5	22397	29	2.47	101		0	0	0	none	0
ice	MPF_T	0.5	285293	29	2.47	112		0	0	0	none	0
ice	MPF_T	0.5	158060	28	2.39	118		0	0	0	none	0
ice	MPF_T	0.5	345676	28	2.39	84		0	0	0	none	0
ice	MPF_T	0.5	49805	28	2.39	112		0	0	0	none	0
ice	MPF_T	0.5	170652	28	2.39	91		0	0	0	none	0
ice	MPF_T	0.5	168131	28	2.39	172		0	0	0	none	0
ice	MPF_T	0.5	190333	27	2.3	251		0	0	0	none	0
ice	MPF_T	0.5	1427	27	2.3	87		0	0	0	none	0
ice	MPF_T	0.5	83852	27	2.3	104		0	1	0	none	0
ice	MPF_T	0.5	27710	27	2.3	186		0	0	0	none	0
ice	MPF_T	0.5	28165	27	2.3	76	Eex_IncN	0	1	0	none	0
ice	MPF_T	0.5	105873	26	2.22	98	Eex_IncN	1	1	0	lipid	1
ice	MPF_T	0.5	322718	26	2.22	128		0	0	0	none	0
ice	MPF_T	0.5	6450	26	2.22	82		0	0	0	none	0
ice	MPF_T	0.5	6462	26	2.22	240		0	0	0	none	0
ice	MPF_T	0.5	241816	26	2.22	100		0	0	0	none	0
ice	MPF_T	0.5	68083	25	2.13	177		0	0	0	none	0
ice	MPF_T	0.5	30	25	2.13	138		0	0	0	none	0
ice	MPF_T	0.5	237654	25	2.13	108		0	0	0	none	0
ice	MPF_T	0.5	55322	25	2.13	87		0	0	0	none	0
ice	MPF_T	0.5	55329	25	2.13	132		0	0	0	none	0
ice	MPF_T	0.5	319930	25	2.13	128		0	0	0	none	0
ice	MPF_T	0.5	6442	25	2.13	132		0	0	0	none	0
ice	MPF_T	0.5	6445	25	2.13	244		0	0	0	none	0
ice	MPF_T	0.5	6446	25	2.13	70		0	0	0	none	0
ice	MPF_T	0.5	352145	24	2.05	102		0	0	0	none	0
ice	MPF_T	0.5	152194	24	2.05	142		0	0	0	none	0
ice	MPF_T	0.5	39	24	2.05	120		0	1	0	none	0
ice	MPF_T	0.5	322105	24	2.05	251		0	0	0	none	0
ice	MPF_T	0.5	27125	24	2.05	68		0	0	0	none	0
ice	MPF_T	0.5	6470	24	2.05	106		0	0	2	multi_pass	1
ice	MPF_T	0.5	19175	24	2.05	127		0	0	0	none	0
ice	MPF_T	0.5	16832	24	2.05	73		0	0	0	none	0
ice	MPF_T	0.5	41807	24	2.05	68		0	0	0	none	0
ice	MPF_T	0.5	65330	24	2.05	249		0	0	0	none	0
ice	MPF_T	0.5	283167	23	1.96	143		0	0	0	none	0
ice	MPF_T	0.5	352126	23	1.96	172		0	0	0	none	0
ice	MPF_T	0.5	97468	23	1.96	131		0	0	0	none	0
ice	MPF_T	0.5	27706	23	1.96	150		0	0	0	none	0
ice	MPF_T	0.5	27708	23	1.96	140		0	0	0	none	0
ice	MPF_T	0.5	69248	23	1.96	226		0	0	0	none	0
ice	MPF_T	0.5	218512	23	1.96	83		0	0	0	none	0
ice	MPF_T	0.5	27721	22	1.88	111		0	0	0	none	0
ice	MPF_T	0.5	27724	22	1.88	84		0	0	0	none	0
ice	MPF_T	0.5	27728	22	1.88	245		0	0	0	none	0
ice	MPF_T	0.5	10145	22	1.88	143		0	0	0	none	0
ice	MPF_T	0.5	19155	22	1.88	156		0	0	0	none	0
ice	MPF_T	0.5	21485	22	1.88	102		0	0	1	single_pass	1
ice	MPF_T	0.5	27606	22	1.88	245		0	0	0	none	0
ice	MPF_T	0.5	27607	22	1.88	196		0	0	0	none	0
ice	MPF_T	0.5	43008	22	1.88	91		0	0	0	none	0
ice	MPF_T	0.5	344899	22	1.88	197		0	0	1	single_pass	1
ice	MPF_T	0.5	259558	22	1.88	75		0	0	0	none	0
ice	MPF_T	0.5	308627	22	1.88	183		0	0	0	none	0
ice	MPF_T	0.5	68777	22	1.88	123		0	0	0	none	0
ice	MPF_T	0.5	13429	22	1.88	78		0	0	0	none	0
ice	MPF_T	0.5	298639	21	1.79	131		0	0	0	none	0
ice	MPF_T	0.5	30369	21	1.79	143		0	1	4	multi_pass	1
ice	MPF_T	0.5	210124	21	1.79	218		0	0	0	none	0
ice	MPF_T	0.5	354073	21	1.79	73		0	0	0	none	0
ice	MPF_T	0.5	5393	21	1.79	130		0	0	0	none	0
ice	MPF_T	0.5	345321	21	1.79	198		0	0	1	single_pass	1
ice	MPF_T	0.5	10129	21	1.79	246		0	0	0	none	0
ice	MPF_T	0.5	10131	21	1.79	117		0	0	0	none	0
ice	MPF_T	0.5	10137	21	1.79	147		0	0	2	multi_pass	1
ice	MPF_T	0.5	10148	21	1.79	106		0	0	0	none	0
ice	MPF_T	0.5	10150	21	1.79	92		0	0	0	none	0
ice	MPF_T	0.5	60707	21	1.79	107		0	1	0	none	0
ice	MPF_T	0.5	60709	21	1.79	144		0	0	0	none	0
ice	MPF_T	0.5	10151	21	1.79	100		0	0	0	none	0
ice	MPF_T	0.5	27568	21	1.79	213		0	0	0	none	0
ice	MPF_T	0.5	27569	21	1.79	193		0	0	0	none	0
ice	MPF_T	0.5	173895	20	1.71	111		0	0	0	none	0
ice	MPF_T	0.5	119862	20	1.71	247		0	0	7	multi_pass	1
ice	MPF_T	0.5	80421	20	1.71	83		0	0	1	single_pass	1
ice	MPF_T	0.5	41588	20	1.71	118		0	0	4	multi_pass	1
ice	MPF_T	0.5	122451	20	1.71	219		0	0	0	none	0
ice	MPF_T	0.5	5353	20	1.71	241		0	0	0	none	0
ice	MPF_T	0.5	294095	20	1.71	210		0	0	0	none	0
ice	MPF_T	0.5	283158	20	1.71	173		0	0	0	none	0
ice	MPF_T	0.5	107919	20	1.71	214		0	0	0	none	0
ice	MPF_T	0.5	27700	20	1.71	73		0	0	0	none	0
ice	MPF_T	0.5	345678	20	1.71	176		0	0	0	none	0
ice	MPF_T	0.5	131873	20	1.71	214		0	0	0	none	0
ice	MPF_T	0.5	267447	20	1.71	110		0	0	0	none	0
ice	MPF_T	0.5	257372	20	1.71	98		0	0	0	none	0
ice	MPF_T	0.5	27615	20	1.71	103		0	0	0	none	0
ice	MPF_T	0.5	342351	20	1.71	92		0	0	0	none	0
ice	MPF_T	0.5	352683	20	1.71	229		0	0	0	none	0
ice	MPF_T	0.5	119825	19	1.62	157		0	0	0	none	0
ice	MPF_T	0.5	1280	19	1.62	200		0	0	0	none	0
ice	MPF_T	0.5	52972	19	1.62	91		0	0	0	none	0
ice	MPF_T	0.5	383204	19	1.62	65		0	0	0	none	0
ice	MPF_T	0.5	16633	19	1.62	94		0	0	0	none	0
ice	MPF_T	0.5	228841	19	1.62	106		0	0	0	none	0
ice	MPF_T	0.5	10149	19	1.62	117		0	0	0	none	0
ice	MPF_T	0.5	81557	19	1.62	234		0	0	0	none	0
ice	MPF_T	0.5	128821	19	1.62	132		0	0	0	none	0
ice	MPF_T	0.5	95335	19	1.62	215		0	0	0	none	0
ice	MPF_T	0.5	85915	19	1.62	241		0	0	0	none	0
ice	MPF_T	0.5	98933	18	1.53	203		0	0	1	single_pass	1
ice	MPF_T	0.5	1279	18	1.53	200		0	0	0	none	0
ice	MPF_T	0.5	42996	18	1.53	112		0	0	0	none	0
ice	MPF_T	0.5	113349	18	1.53	207		0	0	0	none	0
ice	MPF_T	0.5	211672	18	1.53	135		0	0	0	none	0
ice	MPF_T	0.5	16630	18	1.53	104		0	0	0	none	0
ice	MPF_T	0.5	73245	18	1.53	164		0	0	1	single_pass	1
ice	MPF_T	0.5	81953	18	1.53	124		0	1	2	multi_pass	1
ice	MPF_T	0.5	322634	18	1.53	139		0	0	0	none	0
ice	MPF_T	0.5	1287	18	1.53	243		0	1	0	none	0
ice	MPF_T	0.5	1332	18	1.53	119		0	0	0	none	0
ice	MPF_T	0.5	224393	18	1.53	168		0	0	0	none	0
ice	MPF_T	0.5	383634	18	1.53	227		0	0	0	none	0
ice	MPF_T	0.5	30361	18	1.53	168		0	0	0	none	0
ice	MPF_T	0.5	231717	18	1.53	200		0	0	0	none	0
ice	MPF_T	0.5	306645	18	1.53	204		0	0	5	multi_pass	1
ice	MPF_T	0.5	20786	18	1.53	260		0	0	0	none	0
ice	MPF_T	0.5	383500	18	1.53	102		0	0	0	none	0
ice	MPF_T	0.5	147482	18	1.53	37		0	0	0	none	0
ice	MPF_T	0.5	93749	18	1.53	241		0	0	0	none	0
ice	MPF_T	0.5	217519	17	1.45	69		0	0	0	none	0
ice	MPF_T	0.5	13215	17	1.45	120		0	0	0	none	0
ice	MPF_T	0.5	371704	17	1.45	144		0	0	0	none	0
ice	MPF_T	0.5	5329	17	1.45	237		0	0	0	none	0
ice	MPF_T	0.5	5333	17	1.45	165		0	0	0	none	0
ice	MPF_T	0.5	5346	17	1.45	42		0	0	0	none	0
ice	MPF_T	0.5	5347	17	1.45	192		0	0	0	none	0
ice	MPF_T	0.5	5352	17	1.45	250		0	0	0	none	0
ice	MPF_T	0.5	5356	17	1.45	191		0	0	0	none	0
ice	MPF_T	0.5	5357	17	1.45	202		0	0	0	none	0
ice	MPF_T	0.5	5365	17	1.45	204		0	0	0	none	0
ice	MPF_T	0.5	5367	17	1.45	186		0	0	0	none	0
ice	MPF_T	0.5	5369	17	1.45	63		0	0	0	none	0
ice	MPF_T	0.5	5370	17	1.45	39		0	0	0	none	0
ice	MPF_T	0.5	5375	17	1.45	111		0	0	0	none	0
ice	MPF_T	0.5	5376	17	1.45	101		0	0	0	none	0
ice	MPF_T	0.5	5383	17	1.45	241		0	0	0	none	0
ice	MPF_T	0.5	5388	17	1.45	189		0	0	0	none	0
ice	MPF_T	0.5	5389	17	1.45	144		0	0	1	single_pass	1
ice	MPF_T	0.5	5394	17	1.45	95		0	0	0	none	0
ice	MPF_T	0.5	16626	17	1.45	96		0	0	0	none	0
ice	MPF_T	0.5	42050	17	1.45	160		0	0	0	none	0
ice	MPF_T	0.5	5527	17	1.45	82		0	0	0	none	0
ice	MPF_T	0.5	120343	17	1.45	159		0	0	0	none	0
ice	MPF_T	0.5	1285	17	1.45	58		0	0	0	none	0
ice	MPF_T	0.5	94359	17	1.45	83		0	0	0	none	0
ice	MPF_T	0.5	145607	17	1.45	141		0	0	0	none	0
ice	MPF_T	0.5	22379	17	1.45	234		0	0	0	none	0
ice	MPF_T	0.5	35219	17	1.45	109		0	0	0	none	0
ice	MPF_T	0.5	347715	17	1.45	80		0	0	0	none	0
ice	MPF_T	0.5	59690	17	1.45	91		0	0	0	none	0
ice	MPF_T	0.5	25770	17	1.45	110		0	0	0	none	0
ice	MPF_T	0.5	247411	17	1.45	132		0	0	0	none	0
ice	MPF_T	0.5	33330	17	1.45	161		0	0	0	none	0
ice	MPF_T	0.5	121198	17	1.45	60		0	0	0	none	0
ice	MPF_T	0.5	211336	16	1.36	138		0	0	4	multi_pass	1
ice	MPF_T	0.5	98955	16	1.36	93		0	0	0	none	0
ice	MPF_T	0.5	48020	16	1.36	216		0	0	0	none	0
ice	MPF_T	0.5	143350	16	1.36	112		0	0	0	none	0
ice	MPF_T	0.5	42967	16	1.36	229		0	0	0	none	0
ice	MPF_T	0.5	44500	16	1.36	108		0	0	1	single_pass	1
ice	MPF_T	0.5	189400	16	1.36	185		0	0	0	none	0
ice	MPF_T	0.5	265364	16	1.36	94		0	0	0	none	0
ice	MPF_T	0.5	35293	16	1.36	173		0	0	1	single_pass	1
ice	MPF_T	0.5	76349	16	1.36	237		0	0	0	none	0
ice	MPF_T	0.5	76371	16	1.36	119		0	0	0	none	0
ice	MPF_T	0.5	76372	16	1.36	248		0	0	0	none	0
ice	MPF_T	0.5	48520	16	1.36	126		0	0	0	none	0
ice	MPF_T	0.5	48522	16	1.36	74		0	0	0	none	0
ice	MPF_T	0.5	22374	16	1.36	191		0	0	0	none	0
ice	MPF_T	0.5	45658	16	1.36	154		0	0	0	none	0
ice	MPF_T	0.5	54653	16	1.36	168		0	0	0	none	0
ice	MPF_T	0.5	116097	16	1.36	174		0	0	0	none	0
ice	MPF_T	0.5	24454	16	1.36	66		0	0	0	none	0
ice	MPF_T	0.5	352671	16	1.36	216		0	0	0	none	0
ice	MPF_T	0.5	267684	16	1.36	168		0	0	0	none	0
ice	MPF_T	0.5	278547	16	1.36	84		0	0	0	none	0
ice	MPF_T	0.5	93697	16	1.36	128		0	0	0	none	0
ice	MPF_T	0.5	173909	15	1.28	91		0	0	0	none	0
ice	MPF_T	0.5	98960	15	1.28	84		0	0	0	none	0
ice	MPF_T	0.5	98009	15	1.28	201		0	0	0	none	0
ice	MPF_T	0.5	119790	15	1.28	216		0	0	6	multi_pass	1
ice	MPF_T	0.5	196867	15	1.28	54		0	0	0	none	0
ice	MPF_T	0.5	42974	15	1.28	191		0	0	0	none	0
ice	MPF_T	0.5	89981	15	1.28	241		0	0	9	multi_pass	1
ice	MPF_T	0.5	189384	15	1.28	123		0	0	0	none	0
ice	MPF_T	0.5	76332	15	1.28	111		0	0	0	none	0
ice	MPF_T	0.5	93021	15	1.28	129		0	0	0	none	0
ice	MPF_T	0.5	128368	15	1.28	248		0	0	0	none	0
ice	MPF_T	0.5	43163	15	1.28	234		0	0	0	none	0
ice	MPF_T	0.5	43265	15	1.28	107		0	0	3	multi_pass	1
ice	MPF_T	0.5	16625	15	1.28	151		0	0	0	none	0
ice	MPF_T	0.5	16627	15	1.28	185		0	0	4	multi_pass	1
ice	MPF_T	0.5	10108	15	1.28	72		0	0	0	none	0
ice	MPF_T	0.5	48516	15	1.28	62		0	0	0	none	0
ice	MPF_T	0.5	1315	15	1.28	48		1	1	0	lipid	1
ice	MPF_T	0.5	284852	15	1.28	94		0	0	0	none	0
ice	MPF_T	0.5	22373	15	1.28	239		0	0	0	none	0
ice	MPF_T	0.5	22375	15	1.28	243		0	0	0	none	0
ice	MPF_T	0.5	344910	15	1.28	122		0	0	0	none	0
ice	MPF_T	0.5	24464	15	1.28	80		0	0	0	none	0
ice	MPF_T	0.5	287023	15	1.28	68		0	0	0	none	0
ice	MPF_T	0.5	184914	15	1.28	151		0	0	0	none	0
ice	MPF_T	0.5	24755	15	1.28	147		0	0	0	none	0
ice	MPF_T	0.5	283162	14	1.19	171		0	0	0	none	0
ice	MPF_T	0.5	283165	14	1.19	64		0	0	0	none	0
ice	MPF_T	0.5	197006	14	1.19	98		0	0	0	none	0
ice	MPF_T	0.5	193093	14	1.19	221		0	0	0	none	0
ice	MPF_T	0.5	98927	14	1.19	69		0	0	1	single_pass	1
ice	MPF_T	0.5	98929	14	1.19	179		0	0	1	single_pass	1
ice	MPF_T	0.5	98932	14	1.19	61		0	0	1	single_pass	1
ice	MPF_T	0.5	98939	14	1.19	210		0	0	0	none	0
ice	MPF_T	0.5	98949	14	1.19	117		0	0	0	none	0
ice	MPF_T	0.5	98952	14	1.19	59		0	0	0	none	0
ice	MPF_T	0.5	98954	14	1.19	198		0	0	0	none	0
ice	MPF_T	0.5	98956	14	1.19	183		0	0	0	none	0
ice	MPF_T	0.5	220644	14	1.19	116		0	0	3	multi_pass	1
ice	MPF_T	0.5	48117	14	1.19	53		0	0	0	none	0
ice	MPF_T	0.5	147249	14	1.19	96		0	0	0	none	0
ice	MPF_T	0.5	278426	14	1.19	118		0	0	0	none	0
ice	MPF_T	0.5	56137	14	1.19	230		0	0	0	none	0
ice	MPF_T	0.5	111363	14	1.19	78		0	0	0	none	0
ice	MPF_T	0.5	81665	14	1.19	180		0	0	0	none	0
ice	MPF_T	0.5	7740	14	1.19	147		0	0	0	none	0
ice	MPF_T	0.5	335390	14	1.19	92		0	0	0	none	0
ice	MPF_T	0.5	190547	14	1.19	229		0	0	0	none	0
ice	MPF_T	0.5	116536	14	1.19	125		0	0	0	none	0
ice	MPF_T	0.5	16623	14	1.19	99		0	0	0	none	0
ice	MPF_T	0.5	283157	14	1.19	243		0	0	0	none	0
ice	MPF_T	0.5	289432	14	1.19	63		0	0	1	single_pass	1
ice	MPF_T	0.5	289482	14	1.19	154		0	0	0	none	0
ice	MPF_T	0.5	70005	14	1.19	109		1	1	4	ambiguous	1
ice	MPF_T	0.5	171801	14	1.19	185		0	0	0	none	0
ice	MPF_T	0.5	345675	14	1.19	72		0	0	0	none	0
ice	MPF_T	0.5	150988	14	1.19	163		0	0	0	none	0
ice	MPF_T	0.5	24431	14	1.19	196		1	1	0	lipid	1
ice	MPF_T	0.5	24432	14	1.19	153		0	0	0	none	0
ice	MPF_T	0.5	24433	14	1.19	126		0	0	0	none	0
ice	MPF_T	0.5	24434	14	1.19	86		0	0	0	none	0
ice	MPF_T	0.5	24438	14	1.19	181		0	0	0	none	0
ice	MPF_T	0.5	24439	14	1.19	165		0	0	1	single_pass	1
ice	MPF_T	0.5	24440	14	1.19	86		0	0	2	multi_pass	1
ice	MPF_T	0.5	24441	14	1.19	234		0	0	5	multi_pass	1
ice	MPF_T	0.5	24442	14	1.19	128		0	0	4	multi_pass	1
ice	MPF_T	0.5	24443	14	1.19	75		0	1	2	multi_pass	1
ice	MPF_T	0.5	24444	14	1.19	145		0	0	0	none	0
ice	MPF_T	0.5	24447	14	1.19	150		0	0	0	none	0
ice	MPF_T	0.5	24448	14	1.19	149		0	0	0	none	0
ice	MPF_T	0.5	24450	14	1.19	226		0	0	8	multi_pass	1
ice	MPF_T	0.5	24456	14	1.19	37		0	0	1	single_pass	1
ice	MPF_T	0.5	24462	14	1.19	177		0	0	3	multi_pass	1
ice	MPF_T	0.5	24463	14	1.19	84		0	0	0	none	0
ice	MPF_T	0.5	24465	14	1.19	92		0	0	0	none	0
ice	MPF_T	0.5	24468	14	1.19	185		0	0	0	none	0
ice	MPF_T	0.5	18409	14	1.19	102		0	0	0	none	0
ice	MPF_T	0.5	35132	14	1.19	77		0	0	0	none	0
ice	MPF_T	0.5	85442	14	1.19	191		0	0	0	none	0
ice	MPF_T	0.5	27633	14	1.19	110		0	0	0	none	0
ice	MPF_T	0.5	43007	14	1.19	125		0	0	0	none	0
ice	MPF_T	0.5	197117	14	1.19	78		0	0	0	none	0
ice	MPF_T	0.5	98942	13	1.11	80		0	0	0	none	0
ice	MPF_T	0.5	57851	13	1.11	76		0	0	0	none	0
ice	MPF_T	0.5	5289	13	1.11	212		0	0	1	single_pass	1
ice	MPF_T	0.5	319889	13	1.11	132		0	0	0	none	0
ice	MPF_T	0.5	213640	13	1.11	183		0	0	0	none	0
ice	MPF_T	0.5	76474	13	1.11	127		0	0	0	none	0
ice	MPF_T	0.5	168182	13	1.11	73		0	0	0	none	0
ice	MPF_T	0.5	11473	13	1.11	198		0	0	0	none	0
ice	MPF_T	0.5	144099	13	1.11	196		0	0	0	none	0
ice	MPF_T	0.5	24635	13	1.11	161		0	0	0	none	0
ice	MPF_T	0.5	24652	13	1.11	168		0	0	0	none	0
ice	MPF_T	0.5	76343	13	1.11	66		0	0	1	single_pass	1
ice	MPF_T	0.5	6141	13	1.11	185		0	0	0	none	0
ice	MPF_T	0.5	43226	13	1.11	87		0	0	0	none	0
ice	MPF_T	0.5	43266	13	1.11	130		0	0	0	none	0
ice	MPF_T	0.5	16622	13	1.11	87		0	0	0	none	0
ice	MPF_T	0.5	61726	13	1.11	115		0	0	0	none	0
ice	MPF_T	0.5	210196	13	1.11	71		0	0	2	multi_pass	1
ice	MPF_T	0.5	24471	13	1.11	186		0	0	0	none	0
ice	MPF_T	0.5	24472	13	1.11	216		0	0	8	multi_pass	1
ice	MPF_T	0.5	24517	13	1.11	232		0	0	0	none	0
ice	MPF_T	0.5	210725	13	1.11	235		0	0	0	none	0
ice	MPF_T	0.5	2732	13	1.11	276		0	0	0	none	0
ice	MPF_T	0.5	314962	13	1.11	224		0	0	5	multi_pass	1
ice	MPF_T	0.5	1377	13	1.11	102		0	0	0	none	0
ice	MPF_T	0.5	1381	13	1.11	159		0	0	2	multi_pass	1
ice	MPF_T	0.5	41749	13	1.11	245		0	0	6	multi_pass	1
ice	MPF_T	0.5	35245	13	1.11	216		0	0	0	none	0
ice	MPF_T	0.5	41957	13	1.11	105		0	0	0	none	0
ice	MPF_T	0.5	69191	13	1.11	165		0	0	0	none	0
ice	MPF_T	0.5	18368	13	1.11	115		0	0	3	multi_pass	1
ice	MPF_T	0.5	18369	13	1.11	143		0	0	0	none	0
ice	MPF_T	0.5	25761	13	1.11	225		0	0	0	none	0
ice	MPF_T	0.5	27629	13	1.11	246		0	0	0	none	0
ice	MPF_T	0.5	27631	13	1.11	165		0	0	0	none	0
ice	MPF_T	0.5	313046	13	1.11	198		0	0	0	none	0
ice	MPF_T	0.5	57852	12	1.02	234		0	0	0	none	0
ice	MPF_T	0.5	61584	12	1.02	159		0	0	0	none	0
ice	MPF_T	0.5	5272	12	1.02	107		0	0	0	none	0
ice	MPF_T	0.5	18548	12	1.02	117		0	0	0	none	0
ice	MPF_T	0.5	42972	12	1.02	245		0	0	0	none	0
ice	MPF_T	0.5	146015	12	1.02	89		0	0	0	none	0
ice	MPF_T	0.5	297837	12	1.02	81		0	0	0	none	0
ice	MPF_T	0.5	56164	12	1.02	171		0	0	0	none	0
ice	MPF_T	0.5	76450	12	1.02	237		0	1	0	none	0
ice	MPF_T	0.5	76455	12	1.02	211		0	0	0	none	0
ice	MPF_T	0.7	776	258	21.99	64		0	0	0	none	0
ice	MPF_T	0.7	774	250	21.31	69		0	0	0	none	0
ice	MPF_T	0.7	367595	236	20.12	253		0	0	0	none	0
ice	MPF_T	0.7	220626	224	19.1	90		0	0	0	none	0
ice	MPF_T	0.7	4563	224	19.1	101		0	0	0	none	0
ice	MPF_T	0.7	270460	222	18.93	206		1	1	1	ambiguous	1
ice	MPF_T	0.7	339625	220	18.76	187		0	0	0	none	0
ice	MPF_T	0.7	64595	218	18.58	101		0	0	0	none	0
ice	MPF_T	0.7	6481	165	14.07	77		0	0	0	none	0
ice	MPF_T	0.7	14544	153	13.04	45		0	1	0	none	0
ice	MPF_T	0.7	10509	152	12.96	110		0	0	0	none	0
ice	MPF_T	0.7	14552	149	12.7	100		0	0	0	none	0
ice	MPF_T	0.7	342237	136	11.59	60		0	0	0	none	0
ice	MPF_T	0.7	68535	136	11.59	169		0	0	0	none	0
ice	MPF_T	0.7	222692	135	11.51	111		0	0	0	none	0
ice	MPF_T	0.7	6466	134	11.42	101		0	0	0	none	0
ice	MPF_T	0.7	16070	133	11.34	146		0	0	0	none	0
ice	MPF_T	0.7	6484	126	10.74	193		0	1	0	none	0
ice	MPF_T	0.7	6482	120	10.23	42		0	0	0	none	0
ice	MPF_T	0.7	6485	118	10.06	60		0	0	0	none	0
ice	MPF_T	0.7	247388	117	9.97	156		0	0	0	none	0
ice	MPF_T	0.7	157966	116	9.89	75	Eex_IncN	1	1	0	lipid	1
ice	MPF_T	0.7	101560	115	9.8	93		0	0	0	none	0
ice	MPF_T	0.7	312089	109	9.29	106	Eex_IncN	1	1	0	lipid	1
ice	MPF_T	0.7	128007	98	8.35	135		1	1	0	lipid	1
ice	MPF_T	0.7	236379	80	6.82	195		0	0	0	none	0
ice	MPF_T	0.7	69119	77	6.56	99	Eex_IncN	1	1	0	lipid	1
ice	MPF_T	0.7	116893	75	6.39	116		0	0	0	none	0
ice	MPF_T	0.7	244314	74	6.31	73		0	0	0	none	0
ice	MPF_T	0.7	22390	73	6.22	91	Eex_IncN	1	1	0	lipid	1
ice	MPF_T	0.7	89990	70	5.97	143		0	0	0	none	0
ice	MPF_T	0.7	208494	60	5.12	99		0	0	0	none	0
ice	MPF_T	0.7	105868	60	5.12	85		0	0	0	none	0
ice	MPF_T	0.7	122599	58	4.94	102		0	0	0	none	0
ice	MPF_T	0.7	26485	57	4.86	129		0	0	0	none	0
ice	MPF_T	0.7	140470	54	4.6	212		0	0	0	none	0
ice	MPF_T	0.7	245803	52	4.43	90		0	0	0	none	0
ice	MPF_T	0.7	138870	51	4.35	118		0	0	0	none	0
ice	MPF_T	0.7	67900	50	4.26	168		0	0	0	none	0
ice	MPF_T	0.7	230669	50	4.26	232		0	0	0	none	0
ice	MPF_T	0.7	45688	48	4.09	231		1	1	0	lipid	1
ice	MPF_T	0.7	67903	48	4.09	87		0	0	0	none	0
ice	MPF_T	0.7	7303	48	4.09	92		0	0	0	none	0
ice	MPF_T	0.7	30370	47	4.01	206		1	1	0	lipid	1
ice	MPF_T	0.7	30360	47	4.01	176		0	0	0	none	0
ice	MPF_T	0.7	30362	47	4.01	105		0	0	4	multi_pass	1
ice	MPF_T	0.7	6444	43	3.67	88		0	0	0	none	0
ice	MPF_T	0.7	316913	41	3.5	91	Eex_IncN	1	1	0	lipid	1
ice	MPF_T	0.7	337205	40	3.41	74	Eex_IncN	1	1	0	lipid	1
ice	MPF_T	0.7	310466	40	3.41	222		0	0	0	none	0
ice	MPF_T	0.7	121046	39	3.32	242		0	0	0	none	0
ice	MPF_T	0.7	167577	39	3.32	116		1	1	0	lipid	1
ice	MPF_T	0.7	67883	36	3.07	46		0	1	0	none	0
ice	MPF_T	0.7	106548	36	3.07	122		1	1	0	lipid	1
ice	MPF_T	0.7	383173	35	2.98	117		0	0	0	none	0
ice	MPF_T	0.7	145645	35	2.98	168		0	0	0	none	0
ice	MPF_T	0.7	241792	34	2.9	79		0	0	0	none	0
ice	MPF_T	0.7	70770	33	2.81	154		0	0	0	none	0
ice	MPF_T	0.7	48124	33	2.81	85		0	0	0	none	0
ice	MPF_T	0.7	49808	32	2.73	195		0	0	0	none	0
ice	MPF_T	0.7	273126	31	2.64	81		0	0	0	none	0
ice	MPF_T	0.7	68611	30	2.56	95		0	0	0	none	0
ice	MPF_T	0.7	22397	29	2.47	101		0	0	0	none	0
ice	MPF_T	0.7	45714	29	2.47	78		0	0	0	none	0
ice	MPF_T	0.7	16065	28	2.39	112		0	1	0	none	0
ice	MPF_T	0.7	47914	28	2.39	143		0	0	0	none	0
ice	MPF_T	0.7	231799	28	2.39	98		0	0	0	none	0
ice	MPF_T	0.7	277927	28	2.39	100		0	0	0	none	0
ice	MPF_T	0.7	264405	27	2.3	101		0	1	0	none	0
ice	MPF_T	0.7	146240	26	2.22	78		0	0	0	none	0
ice	MPF_T	0.7	276675	26	2.22	102		0	0	0	none	0
ice	MPF_T	0.7	6450	26	2.22	82		0	0	0	none	0
ice	MPF_T	0.7	6462	26	2.22	240		0	0	0	none	0
ice	MPF_T	0.7	6463	26	2.22	170		0	0	0	none	0
ice	MPF_T	0.7	55322	25	2.13	87		0	0	0	none	0
ice	MPF_T	0.7	55323	25	2.13	210		0	0	1	single_pass	1
ice	MPF_T	0.7	55329	25	2.13	132		0	0	0	none	0
ice	MPF_T	0.7	10134	25	2.13	137		0	0	0	none	0
ice	MPF_T	0.7	80320	25	2.13	138		0	0	0	none	0
ice	MPF_T	0.7	6442	25	2.13	132		0	0	0	none	0
ice	MPF_T	0.7	6445	25	2.13	244		0	0	0	none	0
ice	MPF_T	0.7	6446	25	2.13	70		0	0	0	none	0
ice	MPF_T	0.7	49805	25	2.13	112		0	0	0	none	0
ice	MPF_T	0.7	55324	24	2.05	245		0	1	6	multi_pass	1
ice	MPF_T	0.7	19175	24	2.05	127		0	0	0	none	0
ice	MPF_T	0.7	35117	24	2.05	250		0	0	0	none	0
ice	MPF_T	0.7	6470	24	2.05	106		0	0	2	multi_pass	1
ice	MPF_T	0.7	359185	24	2.05	54		0	0	0	none	0
ice	MPF_T	0.7	41807	24	2.05	68		0	0	0	none	0
ice	MPF_T	0.7	27706	23	1.96	150		0	0	0	none	0
ice	MPF_T	0.7	27708	23	1.96	140		0	0	0	none	0
ice	MPF_T	0.7	27710	23	1.96	186		0	0	0	none	0
ice	MPF_T	0.7	10145	22	1.88	143		0	0	0	none	0
ice	MPF_T	0.7	13429	22	1.88	78		0	0	0	none	0
ice	MPF_T	0.7	13430	22	1.88	104		0	0	0	none	0
ice	MPF_T	0.7	121039	22	1.88	183		0	0	1	single_pass	1
ice	MPF_T	0.7	27606	22	1.88	245		0	0	0	none	0
ice	MPF_T	0.7	27607	22	1.88	196		0	0	0	none	0
ice	MPF_T	0.7	43008	22	1.88	91		0	0	0	none	0
ice	MPF_T	0.7	308627	22	1.88	183		0	0	0	none	0
ice	MPF_T	0.7	27721	22	1.88	111		0	0	0	none	0
ice	MPF_T	0.7	27724	22	1.88	84		0	0	0	none	0
ice	MPF_T	0.7	252789	22	1.88	195		0	0	0	none	0
ice	MPF_T	0.7	67666	21	1.79	135		1	1	0	lipid	1
ice	MPF_T	0.7	10129	21	1.79	246		0	0	0	none	0
ice	MPF_T	0.7	10131	21	1.79	117		0	0	0	none	0
ice	MPF_T	0.7	10132	21	1.79	143		0	0	0	none	0
ice	MPF_T	0.7	10137	21	1.79	147		0	0	2	multi_pass	1
ice	MPF_T	0.7	10148	21	1.79	106		0	0	0	none	0
ice	MPF_T	0.7	10150	21	1.79	92		0	0	0	none	0
ice	MPF_T	0.7	10151	21	1.79	100		0	0	0	none	0
ice	MPF_T	0.7	27568	21	1.79	213		0	0	0	none	0
ice	MPF_T	0.7	27569	21	1.79	193		0	0	0	none	0
ice	MPF_T	0.7	218512	21	1.79	83		0	0	0	none	0
ice	MPF_T	0.7	33145	21	1.79	88		0	0	0	none	0
ice	MPF_T	0.7	345294	21	1.79	119		0	1	0	none	0
ice	MPF_T	0.7	345321	21	1.79	198		0	0	1	single_pass	1
ice	MPF_T	0.7	43071	21	1.79	128		0	0	0	none	0
ice	MPF_T	0.7	30369	21	1.79	143		0	1	4	multi_pass	1
ice	MPF_T	0.7	27728	21	1.79	245		0	0	0	none	0
ice	MPF_T	0.7	210124	21	1.79	218		0	0	0	none	0
ice	MPF_T	0.7	1426	20	1.71	70		0	0	0	none	0
ice	MPF_T	0.7	119862	20	1.71	247		0	0	7	multi_pass	1
ice	MPF_T	0.7	173895	20	1.71	111		0	0	0	none	0
ice	MPF_T	0.7	19154	20	1.71	109		0	0	0	none	0
ice	MPF_T	0.7	45716	20	1.71	131		0	0	0	none	0
ice	MPF_T	0.7	27700	20	1.71	73		0	0	0	none	0
ice	MPF_T	0.7	10149	19	1.62	117		0	0	0	none	0
ice	MPF_T	0.7	1316	19	1.62	131		1	1	0	lipid	1
ice	MPF_T	0.7	11461	19	1.62	55		0	0	1	single_pass	1
ice	MPF_T	0.7	120821	19	1.62	67		1	1	0	lipid	1
ice	MPF_T	0.7	43072	19	1.62	107		0	1	0	none	0
ice	MPF_T	0.7	278520	19	1.62	89		0	0	0	none	0
ice	MPF_T	0.7	67731	19	1.62	229		0	0	0	none	0
ice	MPF_T	0.7	196993	19	1.62	221		0	0	0	none	0
ice	MPF_T	0.7	56987	19	1.62	112		0	0	0	none	0
ice	MPF_T	0.7	278104	19	1.62	97		1	1	0	lipid	1
ice	MPF_T	0.7	116890	19	1.62	164		0	0	0	none	0
ice	MPF_T	0.7	14809	19	1.62	114		0	0	0	none	0
ice	MPF_T	0.7	354061	18	1.53	195		0	0	0	none	0
ice	MPF_T	0.7	10110	18	1.53	176		0	0	0	none	0
ice	MPF_T	0.7	147482	18	1.53	37		0	0	0	none	0
ice	MPF_T	0.7	14551	18	1.53	132		1	1	0	lipid	1
ice	MPF_T	0.7	1310	18	1.53	67		0	0	0	none	0
ice	MPF_T	0.7	16630	18	1.53	104		0	0	0	none	0
ice	MPF_T	0.7	27556	18	1.53	240		0	0	0	none	0
ice	MPF_T	0.7	30363	18	1.53	87	Eex_IncN	1	1	0	lipid	1
ice	MPF_T	0.7	231719	18	1.53	200		0	0	0	none	0
ice	MPF_T	0.7	30361	18	1.53	168		0	0	0	none	0
ice	MPF_T	0.7	46730	18	1.53	150		0	0	0	none	0
ice	MPF_T	0.7	10109	17	1.45	138		0	0	0	none	0
ice	MPF_T	0.7	22379	17	1.45	234		0	0	0	none	0
ice	MPF_T	0.7	145706	17	1.45	155		0	0	0	none	0
ice	MPF_T	0.7	59960	17	1.45	83		0	0	0	none	0
ice	MPF_T	0.7	42050	17	1.45	160		0	0	0	none	0
ice	MPF_T	0.7	16626	17	1.45	96		0	0	0	none	0
ice	MPF_T	0.7	5326	17	1.45	141		0	0	0	none	0
ice	MPF_T	0.7	5329	17	1.45	237		0	0	0	none	0
ice	MPF_T	0.7	5333	17	1.45	165		0	0	0	none	0
ice	MPF_T	0.7	5346	17	1.45	42		0	0	0	none	0
ice	MPF_T	0.7	5347	17	1.45	192		0	0	0	none	0
ice	MPF_T	0.7	5352	17	1.45	250		0	0	0	none	0
ice	MPF_T	0.7	5353	17	1.45	241		0	0	0	none	0
ice	MPF_T	0.7	5356	17	1.45	191		0	0	0	none	0
ice	MPF_T	0.7	5357	17	1.45	202		0	0	0	none	0
ice	MPF_T	0.7	5359	17	1.45	210		0	0	0	none	0
ice	MPF_T	0.7	5365	17	1.45	204		0	0	0	none	0
ice	MPF_T	0.7	5367	17	1.45	186		0	0	0	none	0
ice	MPF_T	0.7	5369	17	1.45	63		0	0	0	none	0
ice	MPF_T	0.7	5370	17	1.45	39		0	0	0	none	0
ice	MPF_T	0.7	5375	17	1.45	111		0	0	0	none	0
ice	MPF_T	0.7	5376	17	1.45	101		0	0	0	none	0
ice	MPF_T	0.7	5383	17	1.45	241		0	0	0	none	0
ice	MPF_T	0.7	5388	17	1.45	189		0	0	0	none	0
ice	MPF_T	0.7	5389	17	1.45	144		0	0	1	single_pass	1
ice	MPF_T	0.7	5393	17	1.45	130		0	0	0	none	0
ice	MPF_T	0.7	5394	17	1.45	95		0	0	0	none	0
ice	MPF_T	0.7	5527	17	1.45	82		0	0	0	none	0
ice	MPF_T	0.7	36708	17	1.45	214		0	0	0	none	0
ice	MPF_T	0.7	67720	17	1.45	61		0	0	0	none	0
ice	MPF_T	0.7	41588	17	1.45	118		0	0	4	multi_pass	1
ice	MPF_T	0.7	120343	17	1.45	159		0	0	0	none	0
ice	MPF_T	0.7	144200	17	1.45	201		0	0	1	single_pass	1
ice	MPF_T	0.7	274306	16	1.36	226		0	0	0	none	0
ice	MPF_T	0.7	22374	16	1.36	191		0	0	0	none	0
ice	MPF_T	0.7	314725	16	1.36	176		0	0	0	none	0
ice	MPF_T	0.7	47804	16	1.36	76	Eex_IncN	1	1	0	lipid	1
ice	MPF_T	0.7	1285	16	1.36	58		0	0	0	none	0
ice	MPF_T	0.7	1287	16	1.36	243		0	1	0	none	0
ice	MPF_T	0.7	1289	16	1.36	230		0	0	0	none	0
ice	MPF_T	0.7	1278	16	1.36	204		0	0	0	none	0
ice	MPF_T	0.7	1279	16	1.36	200		0	0	0	none	0
ice	MPF_T	0.7	116097	16	1.36	174		0	0	0	none	0
ice	MPF_T	0.7	48520	16	1.36	126		0	0	0	none	0
ice	MPF_T	0.7	48522	16	1.36	74		0	0	0	none	0
ice	MPF_T	0.7	48529	16	1.36	76		0	0	0	none	0
ice	MPF_T	0.7	145561	16	1.36	101		0	0	0	none	0
ice	MPF_T	0.7	145607	16	1.36	141		0	0	0	none	0
ice	MPF_T	0.7	76372	16	1.36	248		0	0	0	none	0
ice	MPF_T	0.7	76374	16	1.36	208		0	0	0	none	0
ice	MPF_T	0.7	76349	16	1.36	237		0	0	0	none	0
ice	MPF_T	0.7	149246	16	1.36	111		0	0	0	none	0
ice	MPF_T	0.7	120340	16	1.36	214		0	0	0	none	0
ice	MPF_T	0.7	297019	16	1.36	135		0	0	0	none	0
ice	MPF_T	0.7	252807	16	1.36	73		0	0	0	none	0
ice	MPF_T	0.7	54653	16	1.36	168		0	0	0	none	0
ice	MPF_T	0.7	148890	16	1.36	82	Eex_IncN	1	1	0	lipid	1
ice	MPF_T	0.7	265364	16	1.36	94		0	0	0	none	0
ice	MPF_T	0.7	15152	15	1.28	146		0	0	0	none	0
ice	MPF_T	0.7	22373	15	1.28	239		0	0	0	none	0
ice	MPF_T	0.7	22375	15	1.28	243		0	0	0	none	0
ice	MPF_T	0.7	1315	15	1.28	48		1	1	0	lipid	1
ice	MPF_T	0.7	1332	15	1.28	119		0	0	0	none	0
ice	MPF_T	0.7	14980	15	1.28	170		0	0	0	none	0
ice	MPF_T	0.7	16625	15	1.28	151		0	0	0	none	0
ice	MPF_T	0.7	16627	15	1.28	185		0	0	4	multi_pass	1
ice	MPF_T	0.7	93697	15	1.28	128		0	0	0	none	0
ice	MPF_T	0.7	48516	15	1.28	62		0	0	0	none	0
ice	MPF_T	0.7	89981	15	1.28	241		0	0	9	multi_pass	1
ice	MPF_T	0.7	106155	15	1.28	116		0	0	0	none	0
ice	MPF_T	0.7	147334	15	1.28	144		0	0	0	none	0
ice	MPF_T	0.7	24753	15	1.28	56		0	0	0	none	0
ice	MPF_T	0.7	28526	15	1.28	225		0	0	0	none	0
ice	MPF_T	0.7	36702	15	1.28	117		0	0	0	none	0
ice	MPF_T	0.7	45748	15	1.28	193		0	0	0	none	0
ice	MPF_T	0.7	76354	15	1.28	156		0	0	0	none	0
ice	MPF_T	0.7	94359	15	1.28	83		0	0	0	none	0
ice	MPF_T	0.7	376452	15	1.28	109		0	0	0	none	0
ice	MPF_T	0.7	98945	15	1.28	79		0	0	0	none	0
ice	MPF_T	0.7	85915	15	1.28	241		0	0	0	none	0
ice	MPF_T	0.7	10108	14	1.19	72		0	0	0	none	0
ice	MPF_T	0.7	24431	14	1.19	196		1	1	0	lipid	1
ice	MPF_T	0.7	24432	14	1.19	153		0	0	0	none	0
ice	MPF_T	0.7	24433	14	1.19	126		0	0	0	none	0
ice	MPF_T	0.7	24434	14	1.19	86		0	0	0	none	0
ice	MPF_T	0.7	24438	14	1.19	181		0	0	0	none	0
ice	MPF_T	0.7	24439	14	1.19	165		0	0	1	single_pass	1
ice	MPF_T	0.7	24440	14	1.19	86		0	0	2	multi_pass	1
ice	MPF_T	0.7	24441	14	1.19	234		0	0	5	multi_pass	1
ice	MPF_T	0.7	24442	14	1.19	128		0	0	4	multi_pass	1
ice	MPF_T	0.7	24443	14	1.19	75		0	1	2	multi_pass	1
ice	MPF_T	0.7	24444	14	1.19	145		0	0	0	none	0
ice	MPF_T	0.7	24446	14	1.19	209		0	0	0	none	0
ice	MPF_T	0.7	24447	14	1.19	150		0	0	0	none	0
ice	MPF_T	0.7	24448	14	1.19	149		0	0	0	none	0
ice	MPF_T	0.7	24450	14	1.19	226		0	0	8	multi_pass	1
ice	MPF_T	0.7	24454	14	1.19	66		0	0	0	none	0
ice	MPF_T	0.7	24456	14	1.19	37		0	0	1	single_pass	1
ice	MPF_T	0.7	24462	14	1.19	177		0	0	3	multi_pass	1
ice	MPF_T	0.7	24463	14	1.19	84		0	0	0	none	0
ice	MPF_T	0.7	24464	14	1.19	80		0	0	0	none	0
ice	MPF_T	0.7	24465	14	1.19	92		0	0	0	none	0
ice	MPF_T	0.7	24468	14	1.19	185		0	0	0	none	0
ice	MPF_T	0.7	1309	14	1.19	120		0	0	0	none	0
ice	MPF_T	0.7	27615	14	1.19	103		0	0	0	none	0
ice	MPF_T	0.7	27633	14	1.19	110		0	0	0	none	0
ice	MPF_T	0.7	16623	14	1.19	99		0	0	0	none	0
ice	MPF_T	0.7	18409	14	1.19	102		0	0	0	none	0
ice	MPF_T	0.7	171801	14	1.19	185		0	0	0	none	0
ice	MPF_T	0.7	322085	14	1.19	88		0	0	0	none	0
ice	MPF_T	0.7	313034	14	1.19	188		1	1	0	lipid	1
ice	MPF_T	0.7	36288	14	1.19	110		0	0	0	none	0
ice	MPF_T	0.7	43007	14	1.19	125		0	0	0	none	0
ice	MPF_T	0.7	48117	14	1.19	53		0	0	0	none	0
ice	MPF_T	0.7	147249	14	1.19	96		0	0	0	none	0
ice	MPF_T	0.7	289432	14	1.19	63		0	0	1	single_pass	1
ice	MPF_T	0.7	76371	14	1.19	119		0	0	0	none	0
ice	MPF_T	0.7	76376	14	1.19	212		0	0	0	none	0
ice	MPF_T	0.7	150987	14	1.19	220		0	0	0	none	0
ice	MPF_T	0.7	150988	14	1.19	163		0	0	0	none	0
ice	MPF_T	0.7	42985	14	1.19	86		0	0	0	none	0
ice	MPF_T	0.7	42996	14	1.19	112		0	0	0	none	0
ice	MPF_T	0.7	144321	14	1.19	164		0	0	1	single_pass	1
ice	MPF_T	0.7	197006	14	1.19	98		0	0	0	none	0
ice	MPF_T	0.7	168154	14	1.19	164		0	0	0	none	0
ice	MPF_T	0.7	287023	14	1.19	68		0	0	0	none	0
ice	MPF_T	0.7	98927	14	1.19	69		0	0	1	single_pass	1
ice	MPF_T	0.7	98929	14	1.19	179		0	0	1	single_pass	1
ice	MPF_T	0.7	98932	14	1.19	61		0	0	1	single_pass	1
ice	MPF_T	0.7	98933	14	1.19	203		0	0	1	single_pass	1
ice	MPF_T	0.7	98939	14	1.19	210		0	0	0	none	0
ice	MPF_T	0.7	98949	14	1.19	117		0	0	0	none	0
ice	MPF_T	0.7	98952	14	1.19	59		0	0	0	none	0
ice	MPF_T	0.7	98954	14	1.19	198		0	0	0	none	0
ice	MPF_T	0.7	98955	14	1.19	93		0	0	0	none	0
ice	MPF_T	0.7	98956	14	1.19	183		0	0	0	none	0
ice	MPF_T	0.7	98960	14	1.19	84		0	0	0	none	0
ice	MPF_T	0.7	98961	14	1.19	202		0	0	0	none	0
ice	MPF_T	0.7	109302	14	1.19	98		0	0	0	none	0
ice	MPF_T	0.7	14811	14	1.19	145		0	0	1	single_pass	1
ice	MPF_T	0.7	24471	13	1.11	186		0	0	0	none	0
ice	MPF_T	0.7	24472	13	1.11	216		0	0	8	multi_pass	1
ice	MPF_T	0.7	57851	13	1.11	76		0	0	0	none	0
ice	MPF_T	0.7	80342	13	1.11	140		0	0	0	none	0
ice	MPF_T	0.7	1334	13	1.11	79		0	0	0	none	0
ice	MPF_T	0.7	1377	13	1.11	102		0	0	0	none	0
ice	MPF_T	0.7	27620	13	1.11	157		0	0	0	none	0
ice	MPF_T	0.7	27631	13	1.11	165		0	0	0	none	0
ice	MPF_T	0.7	16622	13	1.11	87		0	0	0	none	0
ice	MPF_T	0.7	2732	13	1.11	276		0	0	0	none	0
ice	MPF_T	0.7	18368	13	1.11	115		0	0	3	multi_pass	1
ice	MPF_T	0.7	18369	13	1.11	143		0	0	0	none	0
ice	MPF_T	0.7	88731	13	1.11	108		0	0	0	none	0
ice	MPF_T	0.7	116098	13	1.11	89		0	0	0	none	0
ice	MPF_T	0.7	86335	13	1.11	173		0	0	0	none	0
ice	MPF_T	0.7	5289	13	1.11	212		0	0	1	single_pass	1
ice	MPF_T	0.7	43163	13	1.11	234		0	0	0	none	0
ice	MPF_T	0.7	43264	13	1.11	205		0	0	5	multi_pass	1
ice	MPF_T	0.7	43265	13	1.11	107		0	0	3	multi_pass	1
ice	MPF_T	0.7	43266	13	1.11	130		0	0	0	none	0
ice	MPF_T	0.7	127290	13	1.11	239		0	0	0	none	0
ice	MPF_T	0.7	36726	13	1.11	93		0	0	0	none	0
ice	MPF_T	0.7	41749	13	1.11	245		0	0	6	multi_pass	1
ice	MPF_T	0.7	76341	13	1.11	118		0	0	0	none	0
ice	MPF_T	0.7	76343	13	1.11	66		0	0	1	single_pass	1
ice	MPF_T	0.7	42974	13	1.11	191		0	0	0	none	0
ice	MPF_T	0.7	259656	13	1.11	225		0	0	0	none	0
ice	MPF_T	0.7	259659	13	1.11	125		0	0	0	none	0
ice	MPF_T	0.7	144099	13	1.11	196		0	0	0	none	0
ice	MPF_T	0.7	24652	13	1.11	168		0	0	0	none	0
ice	MPF_T	0.7	140478	13	1.11	147		0	0	0	none	0
ice	MPF_T	0.7	98942	13	1.11	80		0	0	0	none	0
ice	MPF_T	0.7	70849	13	1.11	246		0	0	0	none	0
ice	MPF_T	0.7	25970	13	1.11	154		0	0	0	none	0
ice	MPF_T	0.7	119790	12	1.02	216		0	0	6	multi_pass	1
ice	MPF_T	0.7	24476	12	1.02	175		0	0	1	single_pass	1
ice	MPF_T	0.7	24477	12	1.02	188		0	0	1	single_pass	1
ice	MPF_T	0.7	24482	12	1.02	173		0	0	1	single_pass	1
ice	MPF_T	0.7	24485	12	1.02	92		0	0	0	none	0
ice	MPF_T	0.7	57852	12	1.02	234		0	0	0	none	0
ice	MPF_T	0.7	1371	12	1.02	89		0	0	0	none	0
ice	MPF_T	0.7	1379	12	1.02	125		0	0	0	none	0
ice	MPF_T	0.7	207130	12	1.02	87		0	0	0	none	0
ice	MPF_T	0.7	218518	12	1.02	142		0	0	1	single_pass	1
ice	MPF_T	0.7	93392	12	1.02	246		0	0	0	none	0
ice	MPF_T	0.7	43226	12	1.02	87		0	0	0	none	0
ice	MPF_T	0.7	43230	12	1.02	250		0	0	0	none	0
ice	MPF_T	0.7	36292	12	1.02	139		0	0	0	none	0
ice	MPF_T	0.7	43076	12	1.02	66		0	0	0	none	0
ice	MPF_T	0.7	76413	12	1.02	143		0	0	0	none	0
ice	MPF_T	0.7	76422	12	1.02	171		0	0	0	none	0
ice	MPF_T	0.7	76455	12	1.02	211		0	0	0	none	0
ice	MPF_T	0.7	76458	12	1.02	126		0	0	0	none	0
ice	MPF_T	0.7	76460	12	1.02	242		0	0	0	none	0
ice	MPF_T	0.7	76465	12	1.02	159		1	1	2	ambiguous	1
ice	MPF_T	0.7	76467	12	1.02	216		0	0	1	single_pass	1
ice	MPF_T	0.7	76473	12	1.02	195		0	0	6	multi_pass	1
ice	MPF_T	0.7	76477	12	1.02	139		0	0	0	none	0
ice	MPF_T	0.7	76478	12	1.02	232		0	0	0	none	0
ice	MPF_T	0.7	199183	12	1.02	194		0	0	0	none	0
ice	MPF_T	0.7	11179	12	1.02	141		0	0	0	none	0
ice	MPF_T	0.7	76326	12	1.02	95		0	0	0	none	0
ice	MPF_T	0.7	76327	12	1.02	97		0	0	0	none	0
ice	MPF_T	0.7	76330	12	1.02	233		0	0	0	none	0
ice	MPF_T	0.7	76331	12	1.02	159		0	0	0	none	0
ice	MPF_T	0.7	76332	12	1.02	111		0	0	0	none	0
ice	MPF_T	0.7	76337	12	1.02	191		0	0	0	none	0
ice	MPF_T	0.7	98796	12	1.02	172		0	0	0	none	0
ice	MPF_T	0.7	42972	12	1.02	245		0	0	0	none	0
ice	MPF_T	0.7	42983	12	1.02	243		0	0	0	none	0
ice	MPF_T	0.7	168118	12	1.02	245		0	0	0	none	0
ice	MPF_T	0.7	168131	12	1.02	172		0	0	0	none	0
ice	MPF_T	0.7	41820	12	1.02	211		0	0	0	none	0
ice	MPF_T	0.7	290258	12	1.02	118		0	0	0	none	0
ice	MPF_T	0.7	85912	12	1.02	71		0	0	2	multi_pass	1
ice	MPF_T	0.7	107229	12	1.02	192		0	0	1	single_pass	1
ice	MPF_T	0.7	111339	12	1.02	226		0	0	0	none	0
ice	MPF_T	0.7	25976	12	1.02	172		0	0	0	none	0
ice	MPF_T	0.7	13455	11	0.94	172		0	0	0	none	0
ice	MPF_T	0.7	42063	11	0.94	68		0	0	0	none	0
ice	MPF_T	0.7	27627	11	0.94	129		0	0	0	none	0
ice	MPF_T	0.7	27636	11	0.94	191		0	0	6	multi_pass	1
ice	MPF_T	0.7	27541	11	0.94	249		0	0	0	none	0
ice	MPF_T	0.7	171810	11	0.94	203		0	0	0	none	0
ice	MPF_T	0.7	171811	11	0.94	242		0	0	2	multi_pass	1
ice	MPF_T	0.7	111349	11	0.94	218		0	0	0	none	0
ice	MPF_T	0.7	93351	11	0.94	248		0	0	0	none	0
ice	MPF_T	0.7	19155	11	0.94	156		0	0	0	none	0
ice	MPF_T	0.7	11469	11	0.94	73		0	0	0	none	0
ice	MPF_T	0.7	5288	11	0.94	58		0	0	0	none	0
ice	MPF_T	0.7	47272	11	0.94	98		0	0	0	none	0
ice	MPF_T	0.7	36282	11	0.94	87		0	0	0	none	0
ice	MPF_T	0.7	40628	11	0.94	61		0	0	0	none	0
ice	MPF_T	0.7	40629	11	0.94	119		0	0	0	none	0
ice	MPF_T	0.7	69191	11	0.94	165		0	0	0	none	0
ice	MPF_T	0.7	69228	11	0.94	210		0	0	0	none	0
ice	MPF_T	0.7	76408	11	0.94	206		0	0	1	single_pass	1
ice	MPF_T	0.7	76392	11	0.94	69		0	0	0	none	0
ice	MPF_T	0.7	318693	11	0.94	171		0	0	0	none	0
ice	MPF_T	0.7	41759	11	0.94	164		0	0	0	none	0
ice	MPF_T	0.7	43729	11	0.94	113		0	0	0	none	0
ice	MPF_T	0.7	9494	11	0.94	194		0	0	0	none	0
ice	MPF_T	0.7	7253	11	0.94	202		0	0	0	none	0
ice	MPF_T	0.7	222420	11	0.94	183		0	0	0	none	0
ice	MPF_T	0.7	56079	11	0.94	91		0	0	0	none	0
ice	MPF_T	0.7	56080	11	0.94	158		0	0	0	none	0
ice	MPF_T	0.7	56081	11	0.94	158		0	0	0	none	0
ice	MPF_T	0.7	24649	11	0.94	84		0	0	0	none	0
ice	MPF_T	0.7	197077	11	0.94	91		0	0	0	none	0
ice	MPF_T	0.7	129531	11	0.94	83		0	0	0	none	0
