dataset	mpf_class	min_seq_id	prev_rank	rep	n_prot	n_elem	prev	med_aa	known	in_compute_cap
ice	MPF_T	0.5	1	149251	292	291	24.808184143222505	212		1
ice	MPF_T	0.5	2	776	258	258	21.994884910485933	61		1
ice	MPF_T	0.5	3	203855	263	258	21.994884910485933	104		1
ice	MPF_T	0.5	4	236379	257	257	21.909633418584825	193		1
ice	MPF_T	0.5	5	774	252	252	21.483375959079282	69		1
ice	MPF_T	0.5	6	367997	246	245	20.886615515771528	195		1
ice	MPF_T	0.5	7	130224	241	241	20.545609548167093	77		1
ice	MPF_T	0.5	8	16070	245	241	20.545609548167093	154		1
ice	MPF_T	0.5	9	329725	238	238	20.28985507246377	100		1
ice	MPF_T	0.5	10	220626	237	236	20.11935208866155	90		1
ice	MPF_T	0.5	11	106140	233	231	19.69309462915601	94		1
ice	MPF_T	0.5	12	57051	213	213	18.15856777493606	116		1
ice	MPF_T	0.5	13	247315	209	207	17.647058823529413	181		1
ice	MPF_T	0.5	14	286731	181	175	14.919011082693947	90	Eex_IncN	1
ice	MPF_T	0.5	15	64597	156	154	13.128729752770674	169		1
ice	MPF_T	0.5	16	14544	153	153	13.043478260869565	45		1
ice	MPF_T	0.5	17	188108	156	153	13.043478260869565	108	Eex_IncN	1
ice	MPF_T	0.5	18	14551	152	152	12.958226768968457	132		1
ice	MPF_T	0.5	19	6466	150	150	12.787723785166241	101		1
ice	MPF_T	0.5	20	270087	148	147	12.531969309462916	97		1
ice	MPF_T	0.5	21	270350	142	140	11.935208866155158	81		1
ice	MPF_T	0.5	22	342237	139	138	11.764705882352942	69		1
ice	MPF_T	0.5	23	36766	130	125	10.656436487638533	172		1
ice	MPF_T	0.5	24	6482	120	120	10.230179028132993	42		1
ice	MPF_T	0.5	25	6485	118	118	10.059676044330775	60		1
ice	MPF_T	0.5	26	6476	116	116	9.88917306052856	80	Eex_IncN	1
ice	MPF_T	0.5	27	11594	84	83	7.075873827791987	116		1
ice	MPF_T	0.5	28	119169	86	79	6.734867860187554	87		1
ice	MPF_T	0.5	29	22390	73	73	6.223358908780904	91	Eex_IncN	1
ice	MPF_T	0.5	30	45014	69	68	5.797101449275362	93		1
ice	MPF_T	0.5	31	152859	68	67	5.711849957374254	142		1
ice	MPF_T	0.5	32	129528	62	62	5.285592497868713	88		1
ice	MPF_T	0.5	33	219989	64	62	5.285592497868713	108		1
ice	MPF_T	0.5	34	122599	61	60	5.115089514066496	97		1
ice	MPF_T	0.5	35	14980	58	58	4.94458653026428	144		1
ice	MPF_T	0.5	36	33145	58	58	4.94458653026428	84		1
ice	MPF_T	0.5	37	69956	58	57	4.859335038363171	75		1
ice	MPF_T	0.5	38	64509	57	57	4.859335038363171	130		1
ice	MPF_T	0.5	39	44986	57	55	4.6888320545609545	140		1
ice	MPF_T	0.5	40	30362	56	55	4.6888320545609545	105		1
ice	MPF_T	0.5	41	30370	55	54	4.603580562659847	206		1
ice	MPF_T	0.5	42	120215	54	51	4.3478260869565215	166		1
ice	MPF_T	0.5	43	236302	53	51	4.3478260869565215	213		1
ice	MPF_T	0.5	44	9543	53	51	4.3478260869565215	245		1
ice	MPF_T	0.5	45	121413	53	50	4.262574595055414	227		1
ice	MPF_T	0.5	46	67900	50	50	4.262574595055414	164		1
ice	MPF_T	0.5	47	361749	49	49	4.177323103154305	79		1
ice	MPF_T	0.5	48	206822	49	49	4.177323103154305	176		1
ice	MPF_T	0.5	49	134955	49	49	4.177323103154305	181		1
ice	MPF_T	0.5	50	30374	48	48	4.092071611253197	231		1
ice	MPF_T	0.5	51	202937	48	48	4.092071611253197	95		1
ice	MPF_T	0.5	52	7303	48	48	4.092071611253197	92		1
ice	MPF_T	0.5	53	81883	47	46	3.9215686274509802	88		1
ice	MPF_T	0.5	54	149548	45	45	3.836317135549872	87		1
ice	MPF_T	0.5	55	44518	44	44	3.7510656436487637	111		1
ice	MPF_T	0.5	56	5536	43	43	3.6658141517476555	83		1
ice	MPF_T	0.5	57	80432	42	42	3.580562659846547	245		1
ice	MPF_T	0.5	58	337205	41	41	3.495311167945439	74	Eex_IncN	1
ice	MPF_T	0.5	59	48124	42	41	3.495311167945439	85		1
ice	MPF_T	0.5	60	21505	44	41	3.495311167945439	192		1
ice	MPF_T	0.5	61	122224	49	40	3.4100596760443307	227		1
ice	MPF_T	0.5	62	67679	41	40	3.4100596760443307	241		1
ice	MPF_T	0.5	63	67883	38	38	3.239556692242114	46		1
ice	MPF_T	0.5	64	5659	37	36	3.0690537084398977	117		1
ice	MPF_T	0.5	65	149561	36	36	3.0690537084398977	55		1
ice	MPF_T	0.5	66	295650	43	36	3.0690537084398977	115		1
ice	MPF_T	0.5	67	5622	36	35	2.9838022165387894	145		1
ice	MPF_T	0.5	68	185117	35	35	2.9838022165387894	92		1
ice	MPF_T	0.5	69	14804	36	35	2.9838022165387894	54		1
ice	MPF_T	0.5	70	144536	39	35	2.9838022165387894	169		1
ice	MPF_T	0.5	71	313026	35	35	2.9838022165387894	209		1
ice	MPF_T	0.5	72	53814	36	34	2.898550724637681	109		1
ice	MPF_T	0.5	73	5660	35	34	2.898550724637681	114		1
ice	MPF_T	0.5	74	123854	35	34	2.898550724637681	131		1
ice	MPF_T	0.5	75	174715	39	34	2.898550724637681	69		1
ice	MPF_T	0.5	76	245309	34	33	2.813299232736573	135		1
ice	MPF_T	0.5	77	231812	34	33	2.813299232736573	181		1
ice	MPF_T	0.5	78	70770	33	33	2.813299232736573	159		1
ice	MPF_T	0.5	79	246894	33	32	2.7280477408354646	138		1
ice	MPF_T	0.5	80	276675	32	32	2.7280477408354646	100		1
ice	MPF_T	0.5	81	131874	33	32	2.7280477408354646	138		1
ice	MPF_T	0.5	82	383683	32	32	2.7280477408354646	70		1
ice	MPF_T	0.5	83	273099	32	32	2.7280477408354646	78		1
ice	MPF_T	0.5	84	68611	31	31	2.6427962489343564	95		1
ice	MPF_T	0.5	85	27470	30	30	2.557544757033248	181		1
ice	MPF_T	0.5	86	55375	31	30	2.557544757033248	249		1
ice	MPF_T	0.5	87	86344	30	30	2.557544757033248	146		1
ice	MPF_T	0.5	88	197126	30	30	2.557544757033248	111		1
ice	MPF_T	0.5	89	80431	29	29	2.47229326513214	210		1
ice	MPF_T	0.5	90	28526	34	29	2.47229326513214	218		1
ice	MPF_T	0.5	91	210269	29	29	2.47229326513214	170		1
ice	MPF_T	0.5	92	67659	30	29	2.47229326513214	86		1
ice	MPF_T	0.5	93	45714	29	29	2.47229326513214	78		1
ice	MPF_T	0.5	94	22397	29	29	2.47229326513214	101		1
ice	MPF_T	0.5	95	285293	29	29	2.47229326513214	112		1
ice	MPF_T	0.5	96	158060	56	28	2.3870417732310316	104		1
ice	MPF_T	0.5	97	345676	32	28	2.3870417732310316	84		1
ice	MPF_T	0.5	98	49805	28	28	2.3870417732310316	90		1
ice	MPF_T	0.5	99	170652	29	28	2.3870417732310316	79		1
ice	MPF_T	0.5	100	168131	28	28	2.3870417732310316	172		1
ice	MPF_T	0.5	101	190333	33	27	2.3017902813299234	249		1
ice	MPF_T	0.5	102	1427	28	27	2.3017902813299234	89		1
ice	MPF_T	0.5	103	83852	27	27	2.3017902813299234	104		1
ice	MPF_T	0.5	104	27710	27	27	2.3017902813299234	186		1
ice	MPF_T	0.5	105	28165	27	27	2.3017902813299234	75	Eex_IncN	1
ice	MPF_T	0.5	106	105873	26	26	2.216538789428815	100	Eex_IncN	1
ice	MPF_T	0.5	107	322718	29	26	2.216538789428815	124		1
ice	MPF_T	0.5	108	6450	26	26	2.216538789428815	82		1
ice	MPF_T	0.5	109	6462	26	26	2.216538789428815	240		1
ice	MPF_T	0.5	110	241816	26	26	2.216538789428815	90		1
ice	MPF_T	0.5	111	68083	25	25	2.131287297527707	177		1
ice	MPF_T	0.5	112	30	26	25	2.131287297527707	137		1
ice	MPF_T	0.5	113	237654	32	25	2.131287297527707	107		1
ice	MPF_T	0.5	114	55322	25	25	2.131287297527707	87		1
ice	MPF_T	0.5	115	55329	25	25	2.131287297527707	132		1
ice	MPF_T	0.5	116	319930	25	25	2.131287297527707	133		1
ice	MPF_T	0.5	117	6442	25	25	2.131287297527707	132		1
ice	MPF_T	0.5	118	6445	25	25	2.131287297527707	244		1
ice	MPF_T	0.5	119	6446	25	25	2.131287297527707	70		1
ice	MPF_T	0.5	120	352145	25	24	2.0460358056265986	104		1
ice	MPF_T	0.5	121	152194	25	24	2.0460358056265986	142		1
ice	MPF_T	0.5	122	39	24	24	2.0460358056265986	120		1
ice	MPF_T	0.5	123	322105	24	24	2.0460358056265986	250		1
ice	MPF_T	0.5	124	27125	25	24	2.0460358056265986	68		1
ice	MPF_T	0.5	125	6470	24	24	2.0460358056265986	106		1
ice	MPF_T	0.5	126	19175	24	24	2.0460358056265986	127		1
ice	MPF_T	0.5	127	16832	24	24	2.0460358056265986	73		1
ice	MPF_T	0.5	128	41807	24	24	2.0460358056265986	68		1
ice	MPF_T	0.5	129	65330	24	24	2.0460358056265986	249		1
ice	MPF_T	0.5	130	283167	23	23	1.9607843137254901	143		1
ice	MPF_T	0.5	131	352126	23	23	1.9607843137254901	172		1
ice	MPF_T	0.5	132	97468	24	23	1.9607843137254901	152		1
ice	MPF_T	0.5	133	27706	23	23	1.9607843137254901	150		1
ice	MPF_T	0.5	134	27708	23	23	1.9607843137254901	140		1
ice	MPF_T	0.5	135	69248	24	23	1.9607843137254901	226		1
ice	MPF_T	0.5	136	218512	28	23	1.9607843137254901	68		1
ice	MPF_T	0.5	137	27721	22	22	1.8755328218243819	111		1
ice	MPF_T	0.5	138	27724	22	22	1.8755328218243819	84		1
ice	MPF_T	0.5	139	27728	22	22	1.8755328218243819	245		1
ice	MPF_T	0.5	140	10145	22	22	1.8755328218243819	143		1
ice	MPF_T	0.5	141	19155	24	22	1.8755328218243819	154		1
ice	MPF_T	0.5	142	21485	22	22	1.8755328218243819	102		1
ice	MPF_T	0.5	143	27606	22	22	1.8755328218243819	245		1
ice	MPF_T	0.5	144	27607	22	22	1.8755328218243819	196		1
ice	MPF_T	0.5	145	43008	26	22	1.8755328218243819	91		1
ice	MPF_T	0.5	146	344899	23	22	1.8755328218243819	195		1
ice	MPF_T	0.5	147	259558	22	22	1.8755328218243819	76		1
ice	MPF_T	0.5	148	308627	22	22	1.8755328218243819	160		1
ice	MPF_T	0.5	149	68777	22	22	1.8755328218243819	125		1
ice	MPF_T	0.5	150	13429	23	22	1.8755328218243819	78		1
ice	MPF_T	0.5	151	298639	21	21	1.7902813299232736	131		1
ice	MPF_T	0.5	152	30369	21	21	1.7902813299232736	143		1
ice	MPF_T	0.5	153	210124	21	21	1.7902813299232736	199		1
ice	MPF_T	0.5	154	354073	22	21	1.7902813299232736	79		1
ice	MPF_T	0.5	155	5393	21	21	1.7902813299232736	130		1
ice	MPF_T	0.5	156	345321	22	21	1.7902813299232736	196		1
ice	MPF_T	0.5	157	10129	22	21	1.7902813299232736	246		1
ice	MPF_T	0.5	158	10131	22	21	1.7902813299232736	117		1
ice	MPF_T	0.5	159	10137	22	21	1.7902813299232736	147		1
ice	MPF_T	0.5	160	10148	21	21	1.7902813299232736	106		1
ice	MPF_T	0.5	161	10150	21	21	1.7902813299232736	92		1
ice	MPF_T	0.5	162	60707	21	21	1.7902813299232736	107		1
ice	MPF_T	0.5	163	60709	21	21	1.7902813299232736	128		1
ice	MPF_T	0.5	164	10151	21	21	1.7902813299232736	100		1
ice	MPF_T	0.5	165	27568	21	21	1.7902813299232736	213		1
ice	MPF_T	0.5	166	27569	21	21	1.7902813299232736	193		1
ice	MPF_T	0.5	167	173895	20	20	1.7050298380221653	107		1
ice	MPF_T	0.5	168	119862	20	20	1.7050298380221653	246		1
ice	MPF_T	0.5	169	80421	20	20	1.7050298380221653	92		1
ice	MPF_T	0.5	170	41588	20	20	1.7050298380221653	113		1
ice	MPF_T	0.5	171	122451	20	20	1.7050298380221653	226		1
ice	MPF_T	0.5	172	5353	20	20	1.7050298380221653	241		1
ice	MPF_T	0.5	173	294095	20	20	1.7050298380221653	210		1
ice	MPF_T	0.5	174	283158	20	20	1.7050298380221653	163		1
ice	MPF_T	0.5	175	107919	20	20	1.7050298380221653	215		1
ice	MPF_T	0.5	176	27700	20	20	1.7050298380221653	73		1
ice	MPF_T	0.5	177	345678	21	20	1.7050298380221653	176		1
ice	MPF_T	0.5	178	131873	20	20	1.7050298380221653	214		1
ice	MPF_T	0.5	179	267447	20	20	1.7050298380221653	110		1
ice	MPF_T	0.5	180	257372	22	20	1.7050298380221653	93		1
ice	MPF_T	0.5	181	27615	22	20	1.7050298380221653	103		1
ice	MPF_T	0.5	182	342351	24	20	1.7050298380221653	93		1
ice	MPF_T	0.5	183	352683	20	20	1.7050298380221653	240		1
ice	MPF_T	0.5	184	119825	19	19	1.619778346121057	157		1
ice	MPF_T	0.5	185	1280	19	19	1.619778346121057	200		1
ice	MPF_T	0.5	186	52972	19	19	1.619778346121057	91		1
ice	MPF_T	0.5	187	383204	20	19	1.619778346121057	67		1
ice	MPF_T	0.5	188	16633	19	19	1.619778346121057	94		1
ice	MPF_T	0.5	189	228841	19	19	1.619778346121057	106		1
ice	MPF_T	0.5	190	10149	19	19	1.619778346121057	117		1
ice	MPF_T	0.5	191	81557	19	19	1.619778346121057	234		1
ice	MPF_T	0.5	192	128821	19	19	1.619778346121057	135		1
ice	MPF_T	0.5	193	95335	20	19	1.619778346121057	223		1
ice	MPF_T	0.5	194	85915	19	19	1.619778346121057	229		1
ice	MPF_T	0.5	195	98933	32	18	1.5345268542199488	203		1
ice	MPF_T	0.5	196	1279	18	18	1.5345268542199488	200		1
ice	MPF_T	0.5	197	42996	18	18	1.5345268542199488	112		1
ice	MPF_T	0.5	198	113349	18	18	1.5345268542199488	205		1
ice	MPF_T	0.5	199	211672	18	18	1.5345268542199488	141		1
ice	MPF_T	0.5	200	16630	18	18	1.5345268542199488	104		1
ice	MPF_T	0.5	201	73245	21	18	1.5345268542199488	164		1
ice	MPF_T	0.5	202	81953	18	18	1.5345268542199488	124		1
ice	MPF_T	0.5	203	322634	18	18	1.5345268542199488	125		1
ice	MPF_T	0.5	204	1287	18	18	1.5345268542199488	243		1
ice	MPF_T	0.5	205	1332	19	18	1.5345268542199488	119		1
ice	MPF_T	0.5	206	224393	18	18	1.5345268542199488	172		1
ice	MPF_T	0.5	207	383634	18	18	1.5345268542199488	230		1
ice	MPF_T	0.5	208	30361	18	18	1.5345268542199488	168		1
ice	MPF_T	0.5	209	231717	18	18	1.5345268542199488	204		1
ice	MPF_T	0.5	210	306645	18	18	1.5345268542199488	205		1
ice	MPF_T	0.5	211	20786	19	18	1.5345268542199488	235		1
ice	MPF_T	0.5	212	383500	18	18	1.5345268542199488	120		1
ice	MPF_T	0.5	213	147482	18	18	1.5345268542199488	37		1
ice	MPF_T	0.5	214	93749	19	18	1.5345268542199488	215		1
ice	MPF_T	0.5	215	217519	19	17	1.4492753623188406	76		1
ice	MPF_T	0.5	216	13215	17	17	1.4492753623188406	111		1
ice	MPF_T	0.5	217	371704	17	17	1.4492753623188406	144		1
ice	MPF_T	0.5	218	5329	17	17	1.4492753623188406	237		1
ice	MPF_T	0.5	219	5333	17	17	1.4492753623188406	165		1
ice	MPF_T	0.5	220	5346	22	17	1.4492753623188406	42		1
ice	MPF_T	0.5	221	5347	17	17	1.4492753623188406	192		1
ice	MPF_T	0.5	222	5352	17	17	1.4492753623188406	250		1
ice	MPF_T	0.5	223	5356	17	17	1.4492753623188406	191		1
ice	MPF_T	0.5	224	5357	17	17	1.4492753623188406	202		1
ice	MPF_T	0.5	225	5365	17	17	1.4492753623188406	204		1
ice	MPF_T	0.5	226	5367	17	17	1.4492753623188406	186		1
ice	MPF_T	0.5	227	5369	17	17	1.4492753623188406	63		1
ice	MPF_T	0.5	228	5370	17	17	1.4492753623188406	39		1
ice	MPF_T	0.5	229	5375	17	17	1.4492753623188406	111		1
ice	MPF_T	0.5	230	5376	17	17	1.4492753623188406	101		1
ice	MPF_T	0.5	231	5383	17	17	1.4492753623188406	241		1
ice	MPF_T	0.5	232	5388	17	17	1.4492753623188406	189		1
ice	MPF_T	0.5	233	5389	17	17	1.4492753623188406	144		1
ice	MPF_T	0.5	234	5394	17	17	1.4492753623188406	95		1
ice	MPF_T	0.5	235	16626	17	17	1.4492753623188406	96		1
ice	MPF_T	0.5	236	42050	17	17	1.4492753623188406	160		1
ice	MPF_T	0.5	237	5527	17	17	1.4492753623188406	87		1
ice	MPF_T	0.5	238	120343	18	17	1.4492753623188406	154		1
ice	MPF_T	0.5	239	1285	17	17	1.4492753623188406	58		1
ice	MPF_T	0.5	240	94359	17	17	1.4492753623188406	80		1
ice	MPF_T	0.5	241	145607	29	17	1.4492753623188406	139		1
ice	MPF_T	0.5	242	22379	17	17	1.4492753623188406	234		1
ice	MPF_T	0.5	243	35219	17	17	1.4492753623188406	110		1
ice	MPF_T	0.5	244	347715	17	17	1.4492753623188406	79		1
ice	MPF_T	0.5	245	59690	18	17	1.4492753623188406	91		1
ice	MPF_T	0.5	246	25770	17	17	1.4492753623188406	113		1
ice	MPF_T	0.5	247	247411	18	17	1.4492753623188406	156		1
ice	MPF_T	0.5	248	33330	27	17	1.4492753623188406	155		1
ice	MPF_T	0.5	249	121198	17	17	1.4492753623188406	61		1
ice	MPF_T	0.5	250	211336	16	16	1.3640238704177323	138		1
ice	MPF_T	0.5	251	98955	16	16	1.3640238704177323	93		1
ice	MPF_T	0.5	252	48020	16	16	1.3640238704177323	232		1
ice	MPF_T	0.5	253	143350	16	16	1.3640238704177323	113		1
ice	MPF_T	0.5	254	42967	16	16	1.3640238704177323	229		1
ice	MPF_T	0.5	255	44500	16	16	1.3640238704177323	123		1
ice	MPF_T	0.5	256	189400	16	16	1.3640238704177323	190		1
ice	MPF_T	0.5	257	265364	16	16	1.3640238704177323	93		1
ice	MPF_T	0.5	258	35293	16	16	1.3640238704177323	190		1
ice	MPF_T	0.5	259	76349	16	16	1.3640238704177323	237		1
ice	MPF_T	0.5	260	76371	16	16	1.3640238704177323	119		1
ice	MPF_T	0.5	261	76372	16	16	1.3640238704177323	248		1
ice	MPF_T	0.5	262	48520	16	16	1.3640238704177323	126		1
ice	MPF_T	0.5	263	48522	16	16	1.3640238704177323	74		1
ice	MPF_T	0.5	264	22374	16	16	1.3640238704177323	191		1
ice	MPF_T	0.5	265	45658	16	16	1.3640238704177323	156		1
ice	MPF_T	0.5	266	54653	16	16	1.3640238704177323	168		1
ice	MPF_T	0.5	267	116097	16	16	1.3640238704177323	174		1
ice	MPF_T	0.5	268	24454	16	16	1.3640238704177323	66		1
ice	MPF_T	0.5	269	352671	16	16	1.3640238704177323	212		1
ice	MPF_T	0.5	270	267684	17	16	1.3640238704177323	172		1
ice	MPF_T	0.5	271	278547	16	16	1.3640238704177323	86		1
ice	MPF_T	0.5	272	93697	16	16	1.3640238704177323	126		1
ice	MPF_T	0.5	273	173909	18	15	1.278772378516624	96		1
ice	MPF_T	0.5	274	98960	15	15	1.278772378516624	84		1
ice	MPF_T	0.5	275	98009	15	15	1.278772378516624	202		1
ice	MPF_T	0.5	276	119790	15	15	1.278772378516624	209		1
ice	MPF_T	0.5	277	196867	15	15	1.278772378516624	54		1
ice	MPF_T	0.5	278	42974	15	15	1.278772378516624	191		1
ice	MPF_T	0.5	279	89981	15	15	1.278772378516624	240		1
ice	MPF_T	0.5	280	189384	15	15	1.278772378516624	118		1
ice	MPF_T	0.5	281	76332	15	15	1.278772378516624	111		1
ice	MPF_T	0.5	282	93021	15	15	1.278772378516624	129		1
ice	MPF_T	0.5	283	128368	15	15	1.278772378516624	243		1
ice	MPF_T	0.5	284	43163	40	15	1.278772378516624	234		1
ice	MPF_T	0.5	285	43265	15	15	1.278772378516624	107		1
ice	MPF_T	0.5	286	16625	15	15	1.278772378516624	151		1
ice	MPF_T	0.5	287	16627	15	15	1.278772378516624	185		1
ice	MPF_T	0.5	288	10108	16	15	1.278772378516624	72		1
ice	MPF_T	0.5	289	48516	15	15	1.278772378516624	62		1
ice	MPF_T	0.5	290	1315	15	15	1.278772378516624	48		1
ice	MPF_T	0.5	291	284852	16	15	1.278772378516624	91		1
ice	MPF_T	0.5	292	22373	15	15	1.278772378516624	239		1
ice	MPF_T	0.5	293	22375	15	15	1.278772378516624	243		1
ice	MPF_T	0.5	294	344910	15	15	1.278772378516624	108		1
ice	MPF_T	0.5	295	24464	15	15	1.278772378516624	80		1
ice	MPF_T	0.5	296	287023	15	15	1.278772378516624	63		1
ice	MPF_T	0.5	297	184914	16	15	1.278772378516624	157		1
ice	MPF_T	0.5	298	24755	15	15	1.278772378516624	144		1
ice	MPF_T	0.5	299	283162	14	14	1.1935208866155158	171		1
ice	MPF_T	0.5	300	283165	14	14	1.1935208866155158	66		1
ice	MPF_T	0.5	301	197006	14	14	1.1935208866155158	97		1
ice	MPF_T	0.5	302	193093	14	14	1.1935208866155158	220		1
ice	MPF_T	0.5	303	98927	14	14	1.1935208866155158	69		1
ice	MPF_T	0.5	304	98929	14	14	1.1935208866155158	179		1
ice	MPF_T	0.5	305	98932	28	14	1.1935208866155158	61		1
ice	MPF_T	0.5	306	98939	14	14	1.1935208866155158	210		1
ice	MPF_T	0.5	307	98949	14	14	1.1935208866155158	117		1
ice	MPF_T	0.5	308	98952	14	14	1.1935208866155158	59		1
ice	MPF_T	0.5	309	98954	14	14	1.1935208866155158	198		1
ice	MPF_T	0.5	310	98956	14	14	1.1935208866155158	183		1
ice	MPF_T	0.5	311	220644	14	14	1.1935208866155158	121		1
ice	MPF_T	0.5	312	48117	14	14	1.1935208866155158	53		1
ice	MPF_T	0.5	313	147249	14	14	1.1935208866155158	78		1
ice	MPF_T	0.5	314	278426	14	14	1.1935208866155158	121		1
ice	MPF_T	0.5	315	56137	14	14	1.1935208866155158	230		1
ice	MPF_T	0.5	316	111363	14	14	1.1935208866155158	78		1
ice	MPF_T	0.5	317	81665	14	14	1.1935208866155158	184		1
ice	MPF_T	0.5	318	7740	14	14	1.1935208866155158	146		1
ice	MPF_T	0.5	319	335390	14	14	1.1935208866155158	96		1
ice	MPF_T	0.5	320	190547	14	14	1.1935208866155158	226		1
ice	MPF_T	0.5	321	116536	22	14	1.1935208866155158	118		1
ice	MPF_T	0.5	322	16623	14	14	1.1935208866155158	99		1
ice	MPF_T	0.5	323	283157	14	14	1.1935208866155158	245		1
ice	MPF_T	0.5	324	289432	14	14	1.1935208866155158	57		1
ice	MPF_T	0.5	325	289482	14	14	1.1935208866155158	151		1
ice	MPF_T	0.5	326	70005	14	14	1.1935208866155158	111		1
ice	MPF_T	0.5	327	171801	14	14	1.1935208866155158	185		1
ice	MPF_T	0.5	328	345675	17	14	1.1935208866155158	76		1
ice	MPF_T	0.5	329	150988	14	14	1.1935208866155158	163		1
ice	MPF_T	0.5	330	24431	14	14	1.1935208866155158	196		1
ice	MPF_T	0.5	331	24432	14	14	1.1935208866155158	153		1
ice	MPF_T	0.5	332	24433	14	14	1.1935208866155158	126		1
ice	MPF_T	0.5	333	24434	14	14	1.1935208866155158	86		1
ice	MPF_T	0.5	334	24438	14	14	1.1935208866155158	181		1
ice	MPF_T	0.5	335	24439	14	14	1.1935208866155158	165		1
ice	MPF_T	0.5	336	24440	14	14	1.1935208866155158	86		1
ice	MPF_T	0.5	337	24441	14	14	1.1935208866155158	234		1
ice	MPF_T	0.5	338	24442	14	14	1.1935208866155158	128		1
ice	MPF_T	0.5	339	24443	14	14	1.1935208866155158	75		1
ice	MPF_T	0.5	340	24444	14	14	1.1935208866155158	145		1
ice	MPF_T	0.5	341	24447	14	14	1.1935208866155158	150		1
ice	MPF_T	0.5	342	24448	14	14	1.1935208866155158	149		1
ice	MPF_T	0.5	343	24450	14	14	1.1935208866155158	226		1
ice	MPF_T	0.5	344	24456	14	14	1.1935208866155158	37		1
ice	MPF_T	0.5	345	24462	14	14	1.1935208866155158	177		1
ice	MPF_T	0.5	346	24463	14	14	1.1935208866155158	84		1
ice	MPF_T	0.5	347	24465	14	14	1.1935208866155158	92		1
ice	MPF_T	0.5	348	24468	14	14	1.1935208866155158	185		1
ice	MPF_T	0.5	349	18409	16	14	1.1935208866155158	102		1
ice	MPF_T	0.5	350	35132	14	14	1.1935208866155158	91		1
ice	MPF_T	0.5	351	85442	14	14	1.1935208866155158	191		1
ice	MPF_T	0.5	352	27633	14	14	1.1935208866155158	110		1
ice	MPF_T	0.5	353	43007	19	14	1.1935208866155158	125		1
ice	MPF_T	0.5	354	197117	15	14	1.1935208866155158	75		1
ice	MPF_T	0.5	355	98942	13	13	1.1082693947144076	80		1
ice	MPF_T	0.5	356	57851	13	13	1.1082693947144076	76		1
ice	MPF_T	0.5	357	5289	13	13	1.1082693947144076	212		1
ice	MPF_T	0.5	358	319889	13	13	1.1082693947144076	138		1
ice	MPF_T	0.5	359	213640	13	13	1.1082693947144076	182		1
ice	MPF_T	0.5	360	76474	13	13	1.1082693947144076	127		1
ice	MPF_T	0.5	361	168182	13	13	1.1082693947144076	71		1
ice	MPF_T	0.5	362	11473	13	13	1.1082693947144076	197		1
ice	MPF_T	0.5	363	144099	14	13	1.1082693947144076	196		1
ice	MPF_T	0.5	364	24635	13	13	1.1082693947144076	156		1
ice	MPF_T	0.5	365	24652	13	13	1.1082693947144076	159		1
ice	MPF_T	0.5	366	76343	13	13	1.1082693947144076	66		1
ice	MPF_T	0.5	367	6141	13	13	1.1082693947144076	185		1
ice	MPF_T	0.5	368	43226	13	13	1.1082693947144076	87		1
ice	MPF_T	0.5	369	43266	13	13	1.1082693947144076	130		1
ice	MPF_T	0.5	370	16622	13	13	1.1082693947144076	87		1
ice	MPF_T	0.5	371	61726	13	13	1.1082693947144076	132		1
ice	MPF_T	0.5	372	210196	13	13	1.1082693947144076	71		1
ice	MPF_T	0.5	373	24471	13	13	1.1082693947144076	186		1
ice	MPF_T	0.5	374	24472	13	13	1.1082693947144076	216		1
ice	MPF_T	0.5	375	24517	13	13	1.1082693947144076	234		1
ice	MPF_T	0.5	376	210725	13	13	1.1082693947144076	235		1
ice	MPF_T	0.5	377	2732	13	13	1.1082693947144076	250		1
ice	MPF_T	0.5	378	314962	13	13	1.1082693947144076	215		1
ice	MPF_T	0.5	379	1377	13	13	1.1082693947144076	102		1
ice	MPF_T	0.5	380	1381	13	13	1.1082693947144076	155		1
ice	MPF_T	0.5	381	41749	13	13	1.1082693947144076	243		1
ice	MPF_T	0.5	382	35245	21	13	1.1082693947144076	194		1
ice	MPF_T	0.5	383	41957	13	13	1.1082693947144076	105		1
ice	MPF_T	0.5	384	69191	13	13	1.1082693947144076	165		1
ice	MPF_T	0.5	385	18368	13	13	1.1082693947144076	115		1
ice	MPF_T	0.5	386	18369	14	13	1.1082693947144076	143		1
ice	MPF_T	0.5	387	25761	13	13	1.1082693947144076	227		1
ice	MPF_T	0.5	388	27629	13	13	1.1082693947144076	246		1
ice	MPF_T	0.5	389	27631	13	13	1.1082693947144076	165		1
ice	MPF_T	0.5	390	313046	13	13	1.1082693947144076	191		1
ice	MPF_T	0.5	391	57852	12	12	1.0230179028132993	234		1
ice	MPF_T	0.5	392	61584	12	12	1.0230179028132993	160		1
ice	MPF_T	0.5	393	5272	12	12	1.0230179028132993	107		1
ice	MPF_T	0.5	394	18548	12	12	1.0230179028132993	126		1
ice	MPF_T	0.5	395	42972	12	12	1.0230179028132993	245		1
ice	MPF_T	0.5	396	146015	12	12	1.0230179028132993	104		1
ice	MPF_T	0.5	397	297837	12	12	1.0230179028132993	88		1
ice	MPF_T	0.5	398	56164	12	12	1.0230179028132993	171		1
ice	MPF_T	0.5	399	76450	12	12	1.0230179028132993	237		1
ice	MPF_T	0.5	400	76455	12	12	1.0230179028132993	211		1
ice	MPF_T	0.7	1	776	258	258	21.994884910485933	61		1
ice	MPF_T	0.7	2	774	250	250	21.312872975277067	69		1
ice	MPF_T	0.7	3	367595	237	236	20.11935208866155	212		1
ice	MPF_T	0.7	4	220626	225	224	19.096334185848253	90		1
ice	MPF_T	0.7	5	4563	226	224	19.096334185848253	94		1
ice	MPF_T	0.7	6	270460	223	222	18.925831202046037	198		1
ice	MPF_T	0.7	7	339625	222	220	18.755328218243818	181		1
ice	MPF_T	0.7	8	64595	219	218	18.584825234441603	104		1
ice	MPF_T	0.7	9	6481	165	165	14.066496163682864	77		1
ice	MPF_T	0.7	10	14544	153	153	13.043478260869565	45		1
ice	MPF_T	0.7	11	10509	153	152	12.958226768968457	97		1
ice	MPF_T	0.7	12	14552	149	149	12.702472293265131	100		1
ice	MPF_T	0.7	13	342237	137	136	11.594202898550725	69		1
ice	MPF_T	0.7	14	68535	137	136	11.594202898550725	169		1
ice	MPF_T	0.7	15	222692	135	135	11.508951406649617	116		1
ice	MPF_T	0.7	16	6466	134	134	11.423699914748507	101		1
ice	MPF_T	0.7	17	16070	134	133	11.3384484228474	154		1
ice	MPF_T	0.7	18	6484	126	126	10.741687979539641	193		1
ice	MPF_T	0.7	19	6482	120	120	10.230179028132993	42		1
ice	MPF_T	0.7	20	6485	118	118	10.059676044330775	60		1
ice	MPF_T	0.7	21	247388	117	117	9.974424552429667	158		1
ice	MPF_T	0.7	22	157966	116	116	9.88917306052856	80	Eex_IncN	1
ice	MPF_T	0.7	23	101560	116	115	9.803921568627452	81		1
ice	MPF_T	0.7	24	312089	110	109	9.292412617220801	106	Eex_IncN	1
ice	MPF_T	0.7	25	128007	98	98	8.35464620630861	132		1
ice	MPF_T	0.7	26	236379	80	80	6.820119352088661	195		1
ice	MPF_T	0.7	27	69119	78	77	6.564364876385337	92	Eex_IncN	1
ice	MPF_T	0.7	28	116893	75	75	6.3938618925831205	116		1
ice	MPF_T	0.7	29	244314	74	74	6.308610400682012	73		1
ice	MPF_T	0.7	30	22390	73	73	6.223358908780904	91	Eex_IncN	1
ice	MPF_T	0.7	31	89990	70	70	5.967604433077579	116		1
ice	MPF_T	0.7	32	208494	60	60	5.115089514066496	100		1
ice	MPF_T	0.7	33	105868	60	60	5.115089514066496	81		1
ice	MPF_T	0.7	34	122599	59	58	4.94458653026428	97		1
ice	MPF_T	0.7	35	26485	57	57	4.859335038363171	130		1
ice	MPF_T	0.7	36	140470	54	54	4.603580562659847	212		1
ice	MPF_T	0.7	37	245803	53	52	4.43307757885763	93		1
ice	MPF_T	0.7	38	138870	51	51	4.3478260869565215	108		1
ice	MPF_T	0.7	39	67900	50	50	4.262574595055414	164		1
ice	MPF_T	0.7	40	230669	52	50	4.262574595055414	245		1
ice	MPF_T	0.7	41	45688	48	48	4.092071611253197	231		1
ice	MPF_T	0.7	42	67903	51	48	4.092071611253197	87		1
ice	MPF_T	0.7	43	7303	48	48	4.092071611253197	92		1
ice	MPF_T	0.7	44	30370	47	47	4.0068201193520885	206		1
ice	MPF_T	0.7	45	30360	47	47	4.0068201193520885	176		1
ice	MPF_T	0.7	46	30362	47	47	4.0068201193520885	105		1
ice	MPF_T	0.7	47	6444	43	43	3.6658141517476555	88		1
ice	MPF_T	0.7	48	316913	41	41	3.495311167945439	87	Eex_IncN	1
ice	MPF_T	0.7	49	337205	40	40	3.4100596760443307	74	Eex_IncN	1
ice	MPF_T	0.7	50	310466	40	40	3.4100596760443307	213		1
ice	MPF_T	0.7	51	121046	40	39	3.3248081841432224	241		1
ice	MPF_T	0.7	52	167577	39	39	3.3248081841432224	108		1
ice	MPF_T	0.7	53	67883	36	36	3.0690537084398977	46		1
ice	MPF_T	0.7	54	106548	36	36	3.0690537084398977	122		1
ice	MPF_T	0.7	55	383173	36	35	2.9838022165387894	117		1
ice	MPF_T	0.7	56	145645	39	35	2.9838022165387894	169		1
ice	MPF_T	0.7	57	241792	34	34	2.898550724637681	78		1
ice	MPF_T	0.7	58	70770	33	33	2.813299232736573	159		1
ice	MPF_T	0.7	59	48124	34	33	2.813299232736573	85		1
ice	MPF_T	0.7	60	49808	32	32	2.7280477408354646	194		1
ice	MPF_T	0.7	61	273126	31	31	2.6427962489343564	83		1
ice	MPF_T	0.7	62	68611	30	30	2.557544757033248	95		1
ice	MPF_T	0.7	63	22397	29	29	2.47229326513214	101		1
ice	MPF_T	0.7	64	45714	29	29	2.47229326513214	78		1
ice	MPF_T	0.7	65	16065	56	28	2.3870417732310316	104		1
ice	MPF_T	0.7	66	47914	30	28	2.3870417732310316	140		1
ice	MPF_T	0.7	67	231799	28	28	2.3870417732310316	86		1
ice	MPF_T	0.7	68	277927	28	28	2.3870417732310316	100		1
ice	MPF_T	0.7	69	264405	27	27	2.3017902813299234	104		1
ice	MPF_T	0.7	70	146240	28	26	2.216538789428815	84		1
ice	MPF_T	0.7	71	276675	26	26	2.216538789428815	100		1
ice	MPF_T	0.7	72	6450	26	26	2.216538789428815	82		1
ice	MPF_T	0.7	73	6462	26	26	2.216538789428815	240		1
ice	MPF_T	0.7	74	6463	26	26	2.216538789428815	170		1
ice	MPF_T	0.7	75	55322	25	25	2.131287297527707	87		1
ice	MPF_T	0.7	76	55323	25	25	2.131287297527707	210		1
ice	MPF_T	0.7	77	55329	25	25	2.131287297527707	132		1
ice	MPF_T	0.7	78	10134	26	25	2.131287297527707	137		1
ice	MPF_T	0.7	79	80320	25	25	2.131287297527707	138		1
ice	MPF_T	0.7	80	6442	25	25	2.131287297527707	132		1
ice	MPF_T	0.7	81	6445	25	25	2.131287297527707	244		1
ice	MPF_T	0.7	82	6446	25	25	2.131287297527707	70		1
ice	MPF_T	0.7	83	49805	25	25	2.131287297527707	90		1
ice	MPF_T	0.7	84	55324	24	24	2.0460358056265986	245		1
ice	MPF_T	0.7	85	19175	24	24	2.0460358056265986	127		1
ice	MPF_T	0.7	86	35117	24	24	2.0460358056265986	249		1
ice	MPF_T	0.7	87	6470	24	24	2.0460358056265986	106		1
ice	MPF_T	0.7	88	359185	25	24	2.0460358056265986	54		1
ice	MPF_T	0.7	89	41807	24	24	2.0460358056265986	68		1
ice	MPF_T	0.7	90	27706	23	23	1.9607843137254901	150		1
ice	MPF_T	0.7	91	27708	23	23	1.9607843137254901	140		1
ice	MPF_T	0.7	92	27710	23	23	1.9607843137254901	186		1
ice	MPF_T	0.7	93	10145	22	22	1.8755328218243819	143		1
ice	MPF_T	0.7	94	13429	23	22	1.8755328218243819	78		1
ice	MPF_T	0.7	95	13430	23	22	1.8755328218243819	104		1
ice	MPF_T	0.7	96	121039	23	22	1.8755328218243819	181		1
ice	MPF_T	0.7	97	27606	22	22	1.8755328218243819	245		1
ice	MPF_T	0.7	98	27607	22	22	1.8755328218243819	196		1
ice	MPF_T	0.7	99	43008	26	22	1.8755328218243819	91		1
ice	MPF_T	0.7	100	308627	22	22	1.8755328218243819	160		1
ice	MPF_T	0.7	101	27721	22	22	1.8755328218243819	111		1
ice	MPF_T	0.7	102	27724	22	22	1.8755328218243819	84		1
ice	MPF_T	0.7	103	252789	23	22	1.8755328218243819	173		1
ice	MPF_T	0.7	104	67666	22	21	1.7902813299232736	135		1
ice	MPF_T	0.7	105	10129	22	21	1.7902813299232736	246		1
ice	MPF_T	0.7	106	10131	22	21	1.7902813299232736	117		1
ice	MPF_T	0.7	107	10132	22	21	1.7902813299232736	142		1
ice	MPF_T	0.7	108	10137	22	21	1.7902813299232736	147		1
ice	MPF_T	0.7	109	10148	21	21	1.7902813299232736	106		1
ice	MPF_T	0.7	110	10150	21	21	1.7902813299232736	92		1
ice	MPF_T	0.7	111	10151	21	21	1.7902813299232736	100		1
ice	MPF_T	0.7	112	27568	21	21	1.7902813299232736	213		1
ice	MPF_T	0.7	113	27569	21	21	1.7902813299232736	193		1
ice	MPF_T	0.7	114	218512	26	21	1.7902813299232736	68		1
ice	MPF_T	0.7	115	33145	21	21	1.7902813299232736	84		1
ice	MPF_T	0.7	116	345294	21	21	1.7902813299232736	120		1
ice	MPF_T	0.7	117	345321	22	21	1.7902813299232736	196		1
ice	MPF_T	0.7	118	43071	21	21	1.7902813299232736	128		1
ice	MPF_T	0.7	119	30369	21	21	1.7902813299232736	143		1
ice	MPF_T	0.7	120	27728	21	21	1.7902813299232736	245		1
ice	MPF_T	0.7	121	210124	21	21	1.7902813299232736	199		1
ice	MPF_T	0.7	122	1426	21	20	1.7050298380221653	68		1
ice	MPF_T	0.7	123	119862	20	20	1.7050298380221653	246		1
ice	MPF_T	0.7	124	173895	20	20	1.7050298380221653	107		1
ice	MPF_T	0.7	125	19154	20	20	1.7050298380221653	109		1
ice	MPF_T	0.7	126	45716	23	20	1.7050298380221653	121		1
ice	MPF_T	0.7	127	27700	20	20	1.7050298380221653	73		1
ice	MPF_T	0.7	128	10149	19	19	1.619778346121057	117		1
ice	MPF_T	0.7	129	1316	19	19	1.619778346121057	131		1
ice	MPF_T	0.7	130	11461	19	19	1.619778346121057	55		1
ice	MPF_T	0.7	131	120821	19	19	1.619778346121057	70		1
ice	MPF_T	0.7	132	43072	19	19	1.619778346121057	107		1
ice	MPF_T	0.7	133	278520	19	19	1.619778346121057	94		1
ice	MPF_T	0.7	134	67731	19	19	1.619778346121057	227		1
ice	MPF_T	0.7	135	196993	19	19	1.619778346121057	218		1
ice	MPF_T	0.7	136	56987	19	19	1.619778346121057	111		1
ice	MPF_T	0.7	137	278104	19	19	1.619778346121057	99		1
ice	MPF_T	0.7	138	116890	19	19	1.619778346121057	165		1
ice	MPF_T	0.7	139	14809	19	19	1.619778346121057	114		1
ice	MPF_T	0.7	140	354061	19	18	1.5345268542199488	227		1
ice	MPF_T	0.7	141	10110	19	18	1.5345268542199488	176		1
ice	MPF_T	0.7	142	147482	18	18	1.5345268542199488	37		1
ice	MPF_T	0.7	143	14551	18	18	1.5345268542199488	132		1
ice	MPF_T	0.7	144	1310	18	18	1.5345268542199488	67		1
ice	MPF_T	0.7	145	16630	18	18	1.5345268542199488	104		1
ice	MPF_T	0.7	146	27556	18	18	1.5345268542199488	240		1
ice	MPF_T	0.7	147	30363	18	18	1.5345268542199488	87	Eex_IncN	1
ice	MPF_T	0.7	148	231719	18	18	1.5345268542199488	200		1
ice	MPF_T	0.7	149	30361	18	18	1.5345268542199488	168		1
ice	MPF_T	0.7	150	46730	18	18	1.5345268542199488	144		1
ice	MPF_T	0.7	151	10109	18	17	1.4492753623188406	138		1
ice	MPF_T	0.7	152	22379	17	17	1.4492753623188406	234		1
ice	MPF_T	0.7	153	145706	27	17	1.4492753623188406	155		1
ice	MPF_T	0.7	154	59960	17	17	1.4492753623188406	88		1
ice	MPF_T	0.7	155	42050	17	17	1.4492753623188406	160		1
ice	MPF_T	0.7	156	16626	17	17	1.4492753623188406	96		1
ice	MPF_T	0.7	157	5326	17	17	1.4492753623188406	141		1
ice	MPF_T	0.7	158	5329	17	17	1.4492753623188406	237		1
ice	MPF_T	0.7	159	5333	17	17	1.4492753623188406	165		1
ice	MPF_T	0.7	160	5346	22	17	1.4492753623188406	42		1
ice	MPF_T	0.7	161	5347	17	17	1.4492753623188406	192		1
ice	MPF_T	0.7	162	5352	17	17	1.4492753623188406	250		1
ice	MPF_T	0.7	163	5353	17	17	1.4492753623188406	241		1
ice	MPF_T	0.7	164	5356	17	17	1.4492753623188406	191		1
ice	MPF_T	0.7	165	5357	17	17	1.4492753623188406	202		1
ice	MPF_T	0.7	166	5359	17	17	1.4492753623188406	210		1
ice	MPF_T	0.7	167	5365	17	17	1.4492753623188406	204		1
ice	MPF_T	0.7	168	5367	17	17	1.4492753623188406	186		1
ice	MPF_T	0.7	169	5369	17	17	1.4492753623188406	63		1
ice	MPF_T	0.7	170	5370	17	17	1.4492753623188406	39		1
ice	MPF_T	0.7	171	5375	17	17	1.4492753623188406	111		1
ice	MPF_T	0.7	172	5376	17	17	1.4492753623188406	101		1
ice	MPF_T	0.7	173	5383	17	17	1.4492753623188406	241		1
ice	MPF_T	0.7	174	5388	17	17	1.4492753623188406	189		1
ice	MPF_T	0.7	175	5389	17	17	1.4492753623188406	144		1
ice	MPF_T	0.7	176	5393	17	17	1.4492753623188406	130		1
ice	MPF_T	0.7	177	5394	17	17	1.4492753623188406	95		1
ice	MPF_T	0.7	178	5527	17	17	1.4492753623188406	87		1
ice	MPF_T	0.7	179	36708	17	17	1.4492753623188406	214		1
ice	MPF_T	0.7	180	67720	17	17	1.4492753623188406	61		1
ice	MPF_T	0.7	181	41588	17	17	1.4492753623188406	113		1
ice	MPF_T	0.7	182	120343	18	17	1.4492753623188406	154		1
ice	MPF_T	0.7	183	144200	17	17	1.4492753623188406	197		1
ice	MPF_T	0.7	184	274306	16	16	1.3640238704177323	227		1
ice	MPF_T	0.7	185	22374	16	16	1.3640238704177323	191		1
ice	MPF_T	0.7	186	314725	16	16	1.3640238704177323	173		1
ice	MPF_T	0.7	187	47804	16	16	1.3640238704177323	75	Eex_IncN	1
ice	MPF_T	0.7	188	1285	16	16	1.3640238704177323	58		1
ice	MPF_T	0.7	189	1287	16	16	1.3640238704177323	243		1
ice	MPF_T	0.7	190	1289	16	16	1.3640238704177323	230		1
ice	MPF_T	0.7	191	1278	16	16	1.3640238704177323	204		1
ice	MPF_T	0.7	192	1279	16	16	1.3640238704177323	200		1
ice	MPF_T	0.7	193	116097	16	16	1.3640238704177323	174		1
ice	MPF_T	0.7	194	48520	16	16	1.3640238704177323	126		1
ice	MPF_T	0.7	195	48522	16	16	1.3640238704177323	74		1
ice	MPF_T	0.7	196	48529	16	16	1.3640238704177323	76		1
ice	MPF_T	0.7	197	145561	16	16	1.3640238704177323	101		1
ice	MPF_T	0.7	198	145607	18	16	1.3640238704177323	137		1
ice	MPF_T	0.7	199	76372	16	16	1.3640238704177323	248		1
ice	MPF_T	0.7	200	76374	16	16	1.3640238704177323	208		1
ice	MPF_T	0.7	201	76349	16	16	1.3640238704177323	237		1
ice	MPF_T	0.7	202	149246	16	16	1.3640238704177323	111		1
ice	MPF_T	0.7	203	120340	17	16	1.3640238704177323	215		1
ice	MPF_T	0.7	204	297019	16	16	1.3640238704177323	133		1
ice	MPF_T	0.7	205	252807	16	16	1.3640238704177323	73		1
ice	MPF_T	0.7	206	54653	16	16	1.3640238704177323	168		1
ice	MPF_T	0.7	207	148890	16	16	1.3640238704177323	84	Eex_IncN	1
ice	MPF_T	0.7	208	265364	16	16	1.3640238704177323	93		1
ice	MPF_T	0.7	209	15152	15	15	1.278772378516624	143		1
ice	MPF_T	0.7	210	22373	15	15	1.278772378516624	239		1
ice	MPF_T	0.7	211	22375	15	15	1.278772378516624	243		1
ice	MPF_T	0.7	212	1315	15	15	1.278772378516624	48		1
ice	MPF_T	0.7	213	1332	16	15	1.278772378516624	119		1
ice	MPF_T	0.7	214	14980	15	15	1.278772378516624	144		1
ice	MPF_T	0.7	215	16625	15	15	1.278772378516624	151		1
ice	MPF_T	0.7	216	16627	15	15	1.278772378516624	185		1
ice	MPF_T	0.7	217	93697	15	15	1.278772378516624	126		1
ice	MPF_T	0.7	218	48516	15	15	1.278772378516624	62		1
ice	MPF_T	0.7	219	89981	15	15	1.278772378516624	240		1
ice	MPF_T	0.7	220	106155	15	15	1.278772378516624	125		1
ice	MPF_T	0.7	221	147334	15	15	1.278772378516624	144		1
ice	MPF_T	0.7	222	24753	15	15	1.278772378516624	54		1
ice	MPF_T	0.7	223	28526	15	15	1.278772378516624	222		1
ice	MPF_T	0.7	224	36702	15	15	1.278772378516624	123		1
ice	MPF_T	0.7	225	45748	15	15	1.278772378516624	172		1
ice	MPF_T	0.7	226	76354	15	15	1.278772378516624	156		1
ice	MPF_T	0.7	227	94359	15	15	1.278772378516624	80		1
ice	MPF_T	0.7	228	376452	15	15	1.278772378516624	108		1
ice	MPF_T	0.7	229	98945	15	15	1.278772378516624	79		1
ice	MPF_T	0.7	230	85915	15	15	1.278772378516624	229		1
ice	MPF_T	0.7	231	10108	15	14	1.1935208866155158	72		1
ice	MPF_T	0.7	232	24431	14	14	1.1935208866155158	196		1
ice	MPF_T	0.7	233	24432	14	14	1.1935208866155158	153		1
ice	MPF_T	0.7	234	24433	14	14	1.1935208866155158	126		1
ice	MPF_T	0.7	235	24434	14	14	1.1935208866155158	86		1
ice	MPF_T	0.7	236	24438	14	14	1.1935208866155158	181		1
ice	MPF_T	0.7	237	24439	14	14	1.1935208866155158	165		1
ice	MPF_T	0.7	238	24440	14	14	1.1935208866155158	86		1
ice	MPF_T	0.7	239	24441	14	14	1.1935208866155158	234		1
ice	MPF_T	0.7	240	24442	14	14	1.1935208866155158	128		1
ice	MPF_T	0.7	241	24443	14	14	1.1935208866155158	75		1
ice	MPF_T	0.7	242	24444	14	14	1.1935208866155158	145		1
ice	MPF_T	0.7	243	24446	14	14	1.1935208866155158	209		1
ice	MPF_T	0.7	244	24447	14	14	1.1935208866155158	150		1
ice	MPF_T	0.7	245	24448	14	14	1.1935208866155158	149		1
ice	MPF_T	0.7	246	24450	14	14	1.1935208866155158	226		1
ice	MPF_T	0.7	247	24454	14	14	1.1935208866155158	66		1
ice	MPF_T	0.7	248	24456	14	14	1.1935208866155158	37		1
ice	MPF_T	0.7	249	24462	14	14	1.1935208866155158	177		1
ice	MPF_T	0.7	250	24463	14	14	1.1935208866155158	84		1
ice	MPF_T	0.7	251	24464	14	14	1.1935208866155158	80		1
ice	MPF_T	0.7	252	24465	14	14	1.1935208866155158	92		1
ice	MPF_T	0.7	253	24468	14	14	1.1935208866155158	185		1
ice	MPF_T	0.7	254	1309	14	14	1.1935208866155158	120		1
ice	MPF_T	0.7	255	27615	14	14	1.1935208866155158	103		1
ice	MPF_T	0.7	256	27633	14	14	1.1935208866155158	110		1
ice	MPF_T	0.7	257	16623	14	14	1.1935208866155158	99		1
ice	MPF_T	0.7	258	18409	16	14	1.1935208866155158	102		1
ice	MPF_T	0.7	259	171801	14	14	1.1935208866155158	185		1
ice	MPF_T	0.7	260	322085	14	14	1.1935208866155158	91		1
ice	MPF_T	0.7	261	313034	14	14	1.1935208866155158	190		1
ice	MPF_T	0.7	262	36288	14	14	1.1935208866155158	110		1
ice	MPF_T	0.7	263	43007	19	14	1.1935208866155158	125		1
ice	MPF_T	0.7	264	48117	14	14	1.1935208866155158	53		1
ice	MPF_T	0.7	265	147249	14	14	1.1935208866155158	78		1
ice	MPF_T	0.7	266	289432	14	14	1.1935208866155158	57		1
ice	MPF_T	0.7	267	76371	14	14	1.1935208866155158	119		1
ice	MPF_T	0.7	268	76376	14	14	1.1935208866155158	212		1
ice	MPF_T	0.7	269	150987	14	14	1.1935208866155158	220		1
ice	MPF_T	0.7	270	150988	14	14	1.1935208866155158	163		1
ice	MPF_T	0.7	271	42985	14	14	1.1935208866155158	86		1
ice	MPF_T	0.7	272	42996	14	14	1.1935208866155158	112		1
ice	MPF_T	0.7	273	144321	15	14	1.1935208866155158	164		1
ice	MPF_T	0.7	274	197006	14	14	1.1935208866155158	97		1
ice	MPF_T	0.7	275	168154	14	14	1.1935208866155158	162		1
ice	MPF_T	0.7	276	287023	14	14	1.1935208866155158	63		1
ice	MPF_T	0.7	277	98927	14	14	1.1935208866155158	69		1
ice	MPF_T	0.7	278	98929	14	14	1.1935208866155158	179		1
ice	MPF_T	0.7	279	98932	28	14	1.1935208866155158	61		1
ice	MPF_T	0.7	280	98933	28	14	1.1935208866155158	203		1
ice	MPF_T	0.7	281	98939	14	14	1.1935208866155158	210		1
ice	MPF_T	0.7	282	98949	14	14	1.1935208866155158	117		1
ice	MPF_T	0.7	283	98952	14	14	1.1935208866155158	59		1
ice	MPF_T	0.7	284	98954	14	14	1.1935208866155158	198		1
ice	MPF_T	0.7	285	98955	14	14	1.1935208866155158	93		1
ice	MPF_T	0.7	286	98956	14	14	1.1935208866155158	183		1
ice	MPF_T	0.7	287	98960	14	14	1.1935208866155158	84		1
ice	MPF_T	0.7	288	98961	14	14	1.1935208866155158	202		1
ice	MPF_T	0.7	289	109302	15	14	1.1935208866155158	93		1
ice	MPF_T	0.7	290	14811	14	14	1.1935208866155158	145		1
ice	MPF_T	0.7	291	24471	13	13	1.1082693947144076	186		1
ice	MPF_T	0.7	292	24472	13	13	1.1082693947144076	216		1
ice	MPF_T	0.7	293	57851	13	13	1.1082693947144076	76		1
ice	MPF_T	0.7	294	80342	13	13	1.1082693947144076	141		1
ice	MPF_T	0.7	295	1334	14	13	1.1082693947144076	79		1
ice	MPF_T	0.7	296	1377	13	13	1.1082693947144076	102		1
ice	MPF_T	0.7	297	27620	13	13	1.1082693947144076	157		1
ice	MPF_T	0.7	298	27631	13	13	1.1082693947144076	165		1
ice	MPF_T	0.7	299	16622	13	13	1.1082693947144076	87		1
ice	MPF_T	0.7	300	2732	13	13	1.1082693947144076	250		1
ice	MPF_T	0.7	301	18368	13	13	1.1082693947144076	115		1
ice	MPF_T	0.7	302	18369	14	13	1.1082693947144076	143		1
ice	MPF_T	0.7	303	88731	19	13	1.1082693947144076	107		1
ice	MPF_T	0.7	304	116098	13	13	1.1082693947144076	91		1
ice	MPF_T	0.7	305	86335	13	13	1.1082693947144076	173		1
ice	MPF_T	0.7	306	5289	13	13	1.1082693947144076	212		1
ice	MPF_T	0.7	307	43163	35	13	1.1082693947144076	234		1
ice	MPF_T	0.7	308	43264	13	13	1.1082693947144076	205		1
ice	MPF_T	0.7	309	43265	13	13	1.1082693947144076	107		1
ice	MPF_T	0.7	310	43266	13	13	1.1082693947144076	130		1
ice	MPF_T	0.7	311	127290	13	13	1.1082693947144076	237		1
ice	MPF_T	0.7	312	36726	13	13	1.1082693947144076	93		1
ice	MPF_T	0.7	313	41749	13	13	1.1082693947144076	243		1
ice	MPF_T	0.7	314	76341	13	13	1.1082693947144076	118		1
ice	MPF_T	0.7	315	76343	13	13	1.1082693947144076	66		1
ice	MPF_T	0.7	316	42974	13	13	1.1082693947144076	191		1
ice	MPF_T	0.7	317	259656	13	13	1.1082693947144076	229		1
ice	MPF_T	0.7	318	259659	13	13	1.1082693947144076	127		1
ice	MPF_T	0.7	319	144099	14	13	1.1082693947144076	196		1
ice	MPF_T	0.7	320	24652	13	13	1.1082693947144076	159		1
ice	MPF_T	0.7	321	140478	14	13	1.1082693947144076	142		1
ice	MPF_T	0.7	322	98942	13	13	1.1082693947144076	80		1
ice	MPF_T	0.7	323	70849	13	13	1.1082693947144076	246		1
ice	MPF_T	0.7	324	25970	13	13	1.1082693947144076	156		1
ice	MPF_T	0.7	325	119790	12	12	1.0230179028132993	209		1
ice	MPF_T	0.7	326	24476	12	12	1.0230179028132993	175		1
ice	MPF_T	0.7	327	24477	12	12	1.0230179028132993	188		1
ice	MPF_T	0.7	328	24482	12	12	1.0230179028132993	173		1
ice	MPF_T	0.7	329	24485	12	12	1.0230179028132993	92		1
ice	MPF_T	0.7	330	57852	12	12	1.0230179028132993	234		1
ice	MPF_T	0.7	331	1371	12	12	1.0230179028132993	89		1
ice	MPF_T	0.7	332	1379	12	12	1.0230179028132993	125		1
ice	MPF_T	0.7	333	207130	12	12	1.0230179028132993	87		1
ice	MPF_T	0.7	334	218518	13	12	1.0230179028132993	149		1
ice	MPF_T	0.7	335	93392	12	12	1.0230179028132993	246		1
ice	MPF_T	0.7	336	43226	12	12	1.0230179028132993	87		1
ice	MPF_T	0.7	337	43230	12	12	1.0230179028132993	250		1
ice	MPF_T	0.7	338	36292	12	12	1.0230179028132993	139		1
ice	MPF_T	0.7	339	43076	12	12	1.0230179028132993	66		1
ice	MPF_T	0.7	340	76413	12	12	1.0230179028132993	143		1
ice	MPF_T	0.7	341	76422	12	12	1.0230179028132993	171		1
ice	MPF_T	0.7	342	76455	12	12	1.0230179028132993	211		1
ice	MPF_T	0.7	343	76458	12	12	1.0230179028132993	126		1
ice	MPF_T	0.7	344	76460	12	12	1.0230179028132993	242		1
ice	MPF_T	0.7	345	76465	12	12	1.0230179028132993	159		1
ice	MPF_T	0.7	346	76467	12	12	1.0230179028132993	216		1
ice	MPF_T	0.7	347	76473	12	12	1.0230179028132993	195		1
ice	MPF_T	0.7	348	76477	12	12	1.0230179028132993	139		1
ice	MPF_T	0.7	349	76478	12	12	1.0230179028132993	232		1
ice	MPF_T	0.7	350	199183	20	12	1.0230179028132993	194		1
ice	MPF_T	0.7	351	11179	12	12	1.0230179028132993	141		1
ice	MPF_T	0.7	352	76326	12	12	1.0230179028132993	95		1
ice	MPF_T	0.7	353	76327	12	12	1.0230179028132993	97		1
ice	MPF_T	0.7	354	76330	12	12	1.0230179028132993	233		1
ice	MPF_T	0.7	355	76331	12	12	1.0230179028132993	159		1
ice	MPF_T	0.7	356	76332	12	12	1.0230179028132993	111		1
ice	MPF_T	0.7	357	76337	12	12	1.0230179028132993	191		1
ice	MPF_T	0.7	358	98796	12	12	1.0230179028132993	172		1
ice	MPF_T	0.7	359	42972	12	12	1.0230179028132993	245		1
ice	MPF_T	0.7	360	42983	12	12	1.0230179028132993	243		1
ice	MPF_T	0.7	361	168118	12	12	1.0230179028132993	226		1
ice	MPF_T	0.7	362	168131	12	12	1.0230179028132993	167		1
ice	MPF_T	0.7	363	41820	12	12	1.0230179028132993	211		1
ice	MPF_T	0.7	364	290258	12	12	1.0230179028132993	132		1
ice	MPF_T	0.7	365	85912	12	12	1.0230179028132993	71		1
ice	MPF_T	0.7	366	107229	12	12	1.0230179028132993	192		1
ice	MPF_T	0.7	367	111339	12	12	1.0230179028132993	227		1
ice	MPF_T	0.7	368	25976	12	12	1.0230179028132993	172		1
ice	MPF_T	0.7	369	13455	11	11	0.9377664109121909	172		1
ice	MPF_T	0.7	370	42063	11	11	0.9377664109121909	68		1
ice	MPF_T	0.7	371	27627	11	11	0.9377664109121909	129		1
ice	MPF_T	0.7	372	27636	11	11	0.9377664109121909	191		1
ice	MPF_T	0.7	373	27541	11	11	0.9377664109121909	249		1
ice	MPF_T	0.7	374	171810	11	11	0.9377664109121909	203		1
ice	MPF_T	0.7	375	171811	11	11	0.9377664109121909	242		1
ice	MPF_T	0.7	376	111349	11	11	0.9377664109121909	218		1
ice	MPF_T	0.7	377	93351	11	11	0.9377664109121909	232		1
ice	MPF_T	0.7	378	19155	11	11	0.9377664109121909	148		1
ice	MPF_T	0.7	379	11469	11	11	0.9377664109121909	73		1
ice	MPF_T	0.7	380	5288	11	11	0.9377664109121909	58		1
ice	MPF_T	0.7	381	47272	11	11	0.9377664109121909	99		1
ice	MPF_T	0.7	382	36282	11	11	0.9377664109121909	87		1
ice	MPF_T	0.7	383	40628	11	11	0.9377664109121909	61		1
ice	MPF_T	0.7	384	40629	11	11	0.9377664109121909	119		1
ice	MPF_T	0.7	385	69191	11	11	0.9377664109121909	165		1
ice	MPF_T	0.7	386	69228	11	11	0.9377664109121909	210		1
ice	MPF_T	0.7	387	76408	11	11	0.9377664109121909	206		1
ice	MPF_T	0.7	388	76392	11	11	0.9377664109121909	69		1
ice	MPF_T	0.7	389	318693	11	11	0.9377664109121909	170		1
ice	MPF_T	0.7	390	41759	11	11	0.9377664109121909	164		1
ice	MPF_T	0.7	391	43729	11	11	0.9377664109121909	113		1
ice	MPF_T	0.7	392	9494	11	11	0.9377664109121909	191		1
ice	MPF_T	0.7	393	7253	11	11	0.9377664109121909	202		1
ice	MPF_T	0.7	394	222420	11	11	0.9377664109121909	217		1
ice	MPF_T	0.7	395	56079	11	11	0.9377664109121909	91		1
ice	MPF_T	0.7	396	56080	11	11	0.9377664109121909	158		1
ice	MPF_T	0.7	397	56081	11	11	0.9377664109121909	158		1
ice	MPF_T	0.7	398	24649	11	11	0.9377664109121909	84		1
ice	MPF_T	0.7	399	197077	11	11	0.9377664109121909	91		1
ice	MPF_T	0.7	400	129531	11	11	0.9377664109121909	83		1
ice	MPF_F	0.5	1	3469	45	45	18.907563025210084	128		1
ice	MPF_F	0.5	2	3494	44	44	18.48739495798319	230		1
ice	MPF_F	0.5	3	3496	44	44	18.48739495798319	115		1
ice	MPF_F	0.5	4	3497	44	44	18.48739495798319	170		1
ice	MPF_F	0.5	5	3505	44	44	18.48739495798319	200		1
ice	MPF_F	0.5	6	8856	44	44	18.48739495798319	186		1
ice	MPF_F	0.5	7	3443	42	42	17.647058823529413	149		1
ice	MPF_F	0.5	8	3507	41	41	17.22689075630252	139		1
ice	MPF_F	0.5	9	3514	41	41	17.22689075630252	146		1
ice	MPF_F	0.5	10	3516	41	41	17.22689075630252	165		1
ice	MPF_F	0.5	11	3517	41	41	17.22689075630252	113		1
ice	MPF_F	0.5	12	8832	41	41	17.22689075630252	108		1
ice	MPF_F	0.5	13	237087	40	40	16.80672268907563	235		1
ice	MPF_F	0.5	14	8829	40	40	16.80672268907563	47		1
ice	MPF_F	0.5	15	12925	40	40	16.80672268907563	147		1
ice	MPF_F	0.5	16	3437	39	39	16.386554621848738	64		1
ice	MPF_F	0.5	17	8870	39	39	16.386554621848738	91		1
ice	MPF_F	0.5	18	3532	38	38	15.966386554621849	143	EexR/S	1
ice	MPF_F	0.5	19	3533	38	38	15.966386554621849	177		1
ice	MPF_F	0.5	20	3534	38	38	15.966386554621849	99		1
ice	MPF_F	0.5	21	3536	38	38	15.966386554621849	220		1
ice	MPF_F	0.5	22	12905	38	38	15.966386554621849	99		1
ice	MPF_F	0.5	23	3538	37	37	15.546218487394958	83		1
ice	MPF_F	0.5	24	3539	37	37	15.546218487394958	215		1
ice	MPF_F	0.5	25	237065	33	33	13.865546218487395	238		1
ice	MPF_F	0.5	26	20237	34	32	13.445378151260504	211		1
ice	MPF_F	0.5	27	124514	38	31	13.025210084033613	207		1
ice	MPF_F	0.5	28	3462	30	30	12.605042016806722	195		1
ice	MPF_F	0.5	29	140637	30	30	12.605042016806722	173		1
ice	MPF_F	0.5	30	258459	36	30	12.605042016806722	132		1
ice	MPF_F	0.5	31	57963	143	28	11.764705882352942	234		1
ice	MPF_F	0.5	32	248305	27	26	10.92436974789916	226		1
ice	MPF_F	0.5	33	50142	26	26	10.92436974789916	148		1
ice	MPF_F	0.5	34	114270	26	26	10.92436974789916	124		1
ice	MPF_F	0.5	35	243699	26	26	10.92436974789916	115		1
ice	MPF_F	0.5	36	373614	43	25	10.504201680672269	151		1
ice	MPF_F	0.5	37	23022	25	25	10.504201680672269	79		1
ice	MPF_F	0.5	38	23026	25	25	10.504201680672269	166		1
ice	MPF_F	0.5	39	23028	25	25	10.504201680672269	125		1
ice	MPF_F	0.5	40	23033	26	25	10.504201680672269	163		1
ice	MPF_F	0.5	41	30003	24	24	10.084033613445378	83		1
ice	MPF_F	0.5	42	30004	24	24	10.084033613445378	207		1
ice	MPF_F	0.5	43	30005	24	24	10.084033613445378	68		1
ice	MPF_F	0.5	44	12918	29	24	10.084033613445378	101		1
ice	MPF_F	0.5	45	23047	24	24	10.084033613445378	113		1
ice	MPF_F	0.5	46	23068	23	23	9.663865546218487	97		1
ice	MPF_F	0.5	47	23069	23	23	9.663865546218487	173		1
ice	MPF_F	0.5	48	23070	23	23	9.663865546218487	152		1
ice	MPF_F	0.5	49	23071	24	23	9.663865546218487	75		1
ice	MPF_F	0.5	50	23073	23	23	9.663865546218487	184		1
ice	MPF_F	0.5	51	23074	23	23	9.663865546218487	101		1
ice	MPF_F	0.5	52	241145	65	23	9.663865546218487	191		1
ice	MPF_F	0.5	53	7064	23	23	9.663865546218487	110		1
ice	MPF_F	0.5	54	20501	23	23	9.663865546218487	199		1
ice	MPF_F	0.5	55	206437	23	23	9.663865546218487	227		1
ice	MPF_F	0.5	56	289678	23	23	9.663865546218487	230		1
ice	MPF_F	0.5	57	30051	47	23	9.663865546218487	173		1
ice	MPF_F	0.5	58	30065	23	23	9.663865546218487	111		1
ice	MPF_F	0.5	59	34772	23	23	9.663865546218487	88		1
ice	MPF_F	0.5	60	12923	23	23	9.663865546218487	197		1
ice	MPF_F	0.5	61	23038	23	23	9.663865546218487	178		1
ice	MPF_F	0.5	62	23053	23	23	9.663865546218487	100		1
ice	MPF_F	0.5	63	23054	23	23	9.663865546218487	78		1
ice	MPF_F	0.5	64	23055	23	23	9.663865546218487	125		1
ice	MPF_F	0.5	65	23058	23	23	9.663865546218487	224		1
ice	MPF_F	0.5	66	23059	23	23	9.663865546218487	190		1
ice	MPF_F	0.5	67	23061	23	23	9.663865546218487	195		1
ice	MPF_F	0.5	68	23065	23	23	9.663865546218487	165		1
ice	MPF_F	0.5	69	84665	22	22	9.243697478991596	194		1
ice	MPF_F	0.5	70	8876	22	22	9.243697478991596	136		1
ice	MPF_F	0.5	71	34861	22	22	9.243697478991596	179		1
ice	MPF_F	0.5	72	118325	27	22	9.243697478991596	73		1
ice	MPF_F	0.5	73	66696	21	21	8.823529411764707	105		1
ice	MPF_F	0.5	74	240599	21	21	8.823529411764707	87		1
ice	MPF_F	0.5	75	346204	21	21	8.823529411764707	155		1
ice	MPF_F	0.5	76	8879	21	21	8.823529411764707	180		1
ice	MPF_F	0.5	77	8893	21	21	8.823529411764707	203		1
ice	MPF_F	0.5	78	23064	21	21	8.823529411764707	46		1
ice	MPF_F	0.5	79	3463	20	20	8.403361344537815	79		1
ice	MPF_F	0.5	80	48648	20	20	8.403361344537815	179		1
ice	MPF_F	0.5	81	2264	20	20	8.403361344537815	69		1
ice	MPF_F	0.5	82	124524	20	20	8.403361344537815	194		1
ice	MPF_F	0.5	83	118350	39	20	8.403361344537815	192		1
ice	MPF_F	0.5	84	124526	19	19	7.983193277310924	151		1
ice	MPF_F	0.5	85	124509	19	19	7.983193277310924	210		1
ice	MPF_F	0.5	86	358436	21	19	7.983193277310924	88		1
ice	MPF_F	0.5	87	42800	23	18	7.563025210084033	115		1
ice	MPF_F	0.5	88	261234	18	18	7.563025210084033	96		1
ice	MPF_F	0.5	89	302857	18	18	7.563025210084033	157		1
ice	MPF_F	0.5	90	206470	18	18	7.563025210084033	89		1
ice	MPF_F	0.5	91	346190	18	18	7.563025210084033	226		1
ice	MPF_F	0.5	92	124511	18	18	7.563025210084033	86		1
ice	MPF_F	0.5	93	2392	17	17	7.142857142857143	85		1
ice	MPF_F	0.5	94	240631	25	17	7.142857142857143	214		1
ice	MPF_F	0.5	95	374232	19	17	7.142857142857143	158		1
ice	MPF_F	0.5	96	133742	16	16	6.722689075630252	126		1
ice	MPF_F	0.5	97	240638	18	16	6.722689075630252	164		1
ice	MPF_F	0.5	98	103197	23	16	6.722689075630252	115		1
ice	MPF_F	0.5	99	642	16	16	6.722689075630252	210		1
ice	MPF_F	0.5	100	224009	16	16	6.722689075630252	199		1
ice	MPF_F	0.5	101	241127	20	15	6.302521008403361	242		1
ice	MPF_F	0.5	102	110873	15	15	6.302521008403361	146		1
ice	MPF_F	0.5	103	241105	15	15	6.302521008403361	67		1
ice	MPF_F	0.5	104	146980	15	15	6.302521008403361	160		1
ice	MPF_F	0.5	105	305303	15	15	6.302521008403361	89		1
ice	MPF_F	0.5	106	301642	15	15	6.302521008403361	134		1
ice	MPF_F	0.5	107	373767	24	15	6.302521008403361	177		1
ice	MPF_F	0.5	108	124518	15	15	6.302521008403361	135		1
ice	MPF_F	0.5	109	8899	15	15	6.302521008403361	166		1
ice	MPF_F	0.5	110	8900	15	15	6.302521008403361	136		1
ice	MPF_F	0.5	111	8902	15	15	6.302521008403361	184		1
ice	MPF_F	0.5	112	8905	15	15	6.302521008403361	216		1
ice	MPF_F	0.5	113	10267	16	14	5.882352941176471	159		1
ice	MPF_F	0.5	114	80099	16	14	5.882352941176471	91		1
ice	MPF_F	0.5	115	304551	14	14	5.882352941176471	142		1
ice	MPF_F	0.5	116	304554	14	14	5.882352941176471	100		1
ice	MPF_F	0.5	117	12902	14	14	5.882352941176471	194		1
ice	MPF_F	0.5	118	12903	14	14	5.882352941176471	199		1
ice	MPF_F	0.5	119	68899	14	14	5.882352941176471	88		1
ice	MPF_F	0.5	120	20208	13	13	5.46218487394958	137		1
ice	MPF_F	0.5	121	133716	13	13	5.46218487394958	140		1
ice	MPF_F	0.5	122	254730	14	13	5.46218487394958	154		1
ice	MPF_F	0.5	123	206434	21	13	5.46218487394958	135		1
ice	MPF_F	0.5	124	8883	14	13	5.46218487394958	138		1
ice	MPF_F	0.5	125	2393	12	12	5.042016806722689	132		1
ice	MPF_F	0.5	126	20229	12	12	5.042016806722689	78		1
ice	MPF_F	0.5	127	372969	14	12	5.042016806722689	124		1
ice	MPF_F	0.5	128	10242	13	12	5.042016806722689	92		1
ice	MPF_F	0.5	129	118424	12	12	5.042016806722689	113		1
ice	MPF_F	0.5	130	206405	18	12	5.042016806722689	170		1
ice	MPF_F	0.5	131	206423	17	12	5.042016806722689	150		1
ice	MPF_F	0.5	132	281061	12	12	5.042016806722689	110		1
ice	MPF_F	0.5	133	10335	15	12	5.042016806722689	50		1
ice	MPF_F	0.5	134	10347	13	12	5.042016806722689	233		1
ice	MPF_F	0.5	135	134773	15	12	5.042016806722689	128		1
ice	MPF_F	0.5	136	8873	12	12	5.042016806722689	178		1
ice	MPF_F	0.5	137	36141	12	12	5.042016806722689	108		1
ice	MPF_F	0.5	138	20230	11	11	4.621848739495798	64		1
ice	MPF_F	0.5	139	305307	11	11	4.621848739495798	109		1
ice	MPF_F	0.5	140	308931	11	11	4.621848739495798	183		1
ice	MPF_F	0.5	141	103179	14	11	4.621848739495798	245		1
ice	MPF_F	0.5	142	374744	18	11	4.621848739495798	130		1
ice	MPF_F	0.5	143	35345	11	11	4.621848739495798	141		1
ice	MPF_F	0.5	144	12848	11	10	4.201680672268908	157		1
ice	MPF_F	0.5	145	4425	10	10	4.201680672268908	130		1
ice	MPF_F	0.5	146	47209	10	10	4.201680672268908	131		1
ice	MPF_F	0.5	147	69689	10	10	4.201680672268908	197		1
ice	MPF_F	0.5	148	110916	10	10	4.201680672268908	135		1
ice	MPF_F	0.5	149	206430	10	10	4.201680672268908	104		1
ice	MPF_F	0.5	150	206433	10	10	4.201680672268908	92		1
ice	MPF_F	0.5	151	2436	10	10	4.201680672268908	144		1
ice	MPF_F	0.5	152	229575	15	10	4.201680672268908	121		1
ice	MPF_F	0.5	153	170871	10	10	4.201680672268908	120		1
ice	MPF_F	0.5	154	35314	10	10	4.201680672268908	242		1
ice	MPF_F	0.5	155	36130	10	10	4.201680672268908	138		1
ice	MPF_F	0.5	156	59233	10	10	4.201680672268908	153		1
ice	MPF_F	0.5	157	118084	10	10	4.201680672268908	99		1
ice	MPF_F	0.5	158	12869	10	10	4.201680672268908	220		1
ice	MPF_F	0.5	159	12870	10	10	4.201680672268908	110		1
ice	MPF_F	0.5	160	373414	9	9	3.7815126050420167	80		1
ice	MPF_F	0.5	161	20228	9	9	3.7815126050420167	76		1
ice	MPF_F	0.5	162	372909	9	9	3.7815126050420167	190		1
ice	MPF_F	0.5	163	10247	29	9	3.7815126050420167	124		1
ice	MPF_F	0.5	164	69091	9	9	3.7815126050420167	221		1
ice	MPF_F	0.5	165	77437	9	9	3.7815126050420167	91		1
ice	MPF_F	0.5	166	237145	9	9	3.7815126050420167	106		1
ice	MPF_F	0.5	167	281230	9	9	3.7815126050420167	142		1
ice	MPF_F	0.5	168	373031	12	9	3.7815126050420167	38		1
ice	MPF_F	0.5	169	115283	9	9	3.7815126050420167	246		1
ice	MPF_F	0.5	170	199827	11	9	3.7815126050420167	188		1
ice	MPF_F	0.5	171	110926	9	9	3.7815126050420167	153		1
ice	MPF_F	0.5	172	131714	9	9	3.7815126050420167	125		1
ice	MPF_F	0.5	173	131715	9	9	3.7815126050420167	242		1
ice	MPF_F	0.5	174	240826	19	9	3.7815126050420167	42		1
ice	MPF_F	0.5	175	224002	9	9	3.7815126050420167	100		1
ice	MPF_F	0.5	176	206410	9	9	3.7815126050420167	199		1
ice	MPF_F	0.5	177	206473	9	9	3.7815126050420167	96		1
ice	MPF_F	0.5	178	303014	9	9	3.7815126050420167	71		1
ice	MPF_F	0.5	179	281057	9	9	3.7815126050420167	65		1
ice	MPF_F	0.5	180	165690	9	9	3.7815126050420167	131		1
ice	MPF_F	0.5	181	95580	9	9	3.7815126050420167	212		1
ice	MPF_F	0.5	182	373805	10	9	3.7815126050420167	87		1
ice	MPF_F	0.5	183	373832	31	9	3.7815126050420167	168		1
ice	MPF_F	0.5	184	301352	9	9	3.7815126050420167	62		1
ice	MPF_F	0.5	185	32203	9	9	3.7815126050420167	93		1
ice	MPF_F	0.5	186	32204	9	9	3.7815126050420167	157		1
ice	MPF_F	0.5	187	59167	9	9	3.7815126050420167	155		1
ice	MPF_F	0.5	188	20248	8	8	3.361344537815126	75		1
ice	MPF_F	0.5	189	19565	8	8	3.361344537815126	121		1
ice	MPF_F	0.5	190	20527	8	8	3.361344537815126	196		1
ice	MPF_F	0.5	191	303052	8	8	3.361344537815126	219		1
ice	MPF_F	0.5	192	77443	8	8	3.361344537815126	162		1
ice	MPF_F	0.5	193	133879	8	8	3.361344537815126	110		1
ice	MPF_F	0.5	194	237130	8	8	3.361344537815126	37		1
ice	MPF_F	0.5	195	374587	12	8	3.361344537815126	145		1
ice	MPF_F	0.5	196	244914	8	8	3.361344537815126	59		1
ice	MPF_F	0.5	197	302840	8	8	3.361344537815126	144		1
ice	MPF_F	0.5	198	76785	8	8	3.361344537815126	95		1
ice	MPF_F	0.5	199	240906	8	8	3.361344537815126	109		1
ice	MPF_F	0.5	200	304530	8	8	3.361344537815126	114		1
ice	MPF_F	0.5	201	318110	9	8	3.361344537815126	90		1
ice	MPF_F	0.5	202	206414	8	8	3.361344537815126	43		1
ice	MPF_F	0.5	203	289701	8	8	3.361344537815126	91		1
ice	MPF_F	0.5	204	301616	8	8	3.361344537815126	137		1
ice	MPF_F	0.5	205	2428	8	8	3.361344537815126	175		1
ice	MPF_F	0.5	206	2440	8	8	3.361344537815126	186		1
ice	MPF_F	0.5	207	249988	8	8	3.361344537815126	189		1
ice	MPF_F	0.5	208	249995	8	8	3.361344537815126	73		1
ice	MPF_F	0.5	209	374737	9	8	3.361344537815126	175		1
ice	MPF_F	0.5	210	223932	8	8	3.361344537815126	144		1
ice	MPF_F	0.5	211	81035	8	8	3.361344537815126	54		1
ice	MPF_F	0.5	212	42691	20	8	3.361344537815126	91		1
ice	MPF_F	0.5	213	228596	8	8	3.361344537815126	79		1
ice	MPF_F	0.5	214	46017	7	7	2.9411764705882355	248		1
ice	MPF_F	0.5	215	373257	7	7	2.9411764705882355	96		1
ice	MPF_F	0.5	216	10168	8	7	2.9411764705882355	57		1
ice	MPF_F	0.5	217	10223	8	7	2.9411764705882355	238		1
ice	MPF_F	0.5	218	20581	7	7	2.9411764705882355	68		1
ice	MPF_F	0.5	219	20582	7	7	2.9411764705882355	145		1
ice	MPF_F	0.5	220	245176	8	7	2.9411764705882355	138		1
ice	MPF_F	0.5	221	236980	7	7	2.9411764705882355	181		1
ice	MPF_F	0.5	222	207254	7	7	2.9411764705882355	120		1
ice	MPF_F	0.5	223	49604	7	7	2.9411764705882355	121		1
ice	MPF_F	0.5	224	77448	7	7	2.9411764705882355	126		1
ice	MPF_F	0.5	225	103666	7	7	2.9411764705882355	205		1
ice	MPF_F	0.5	226	146957	7	7	2.9411764705882355	244		1
ice	MPF_F	0.5	227	371446	11	7	2.9411764705882355	226		1
ice	MPF_F	0.5	228	692	7	7	2.9411764705882355	119		1
ice	MPF_F	0.5	229	217363	7	7	2.9411764705882355	165		1
ice	MPF_F	0.5	230	263434	7	7	2.9411764705882355	161		1
ice	MPF_F	0.5	231	261314	12	7	2.9411764705882355	99		1
ice	MPF_F	0.5	232	374183	8	7	2.9411764705882355	58		1
ice	MPF_F	0.5	233	124397	7	7	2.9411764705882355	45		1
ice	MPF_F	0.5	234	124400	7	7	2.9411764705882355	63		1
ice	MPF_F	0.5	235	66763	7	7	2.9411764705882355	70		1
ice	MPF_F	0.5	236	240910	11	7	2.9411764705882355	126		1
ice	MPF_F	0.5	237	103184	7	7	2.9411764705882355	233		1
ice	MPF_F	0.5	238	206418	7	7	2.9411764705882355	105		1
ice	MPF_F	0.5	239	206419	7	7	2.9411764705882355	130		1
ice	MPF_F	0.5	240	54744	7	7	2.9411764705882355	127		1
ice	MPF_F	0.5	241	54768	7	7	2.9411764705882355	181		1
ice	MPF_F	0.5	242	68794	7	7	2.9411764705882355	120		1
ice	MPF_F	0.5	243	245753	7	7	2.9411764705882355	212		1
ice	MPF_F	0.5	244	289702	7	7	2.9411764705882355	116		1
ice	MPF_F	0.5	245	80181	7	7	2.9411764705882355	249		1
ice	MPF_F	0.5	246	2426	7	7	2.9411764705882355	234		1
ice	MPF_F	0.5	247	2430	7	7	2.9411764705882355	249		1
ice	MPF_F	0.5	248	2434	7	7	2.9411764705882355	228		1
ice	MPF_F	0.5	249	2435	7	7	2.9411764705882355	98		1
ice	MPF_F	0.5	250	2437	7	7	2.9411764705882355	185		1
ice	MPF_F	0.5	251	10357	7	7	2.9411764705882355	39		1
ice	MPF_F	0.5	252	374201	9	7	2.9411764705882355	65		1
ice	MPF_F	0.5	253	213347	7	7	2.9411764705882355	90		1
ice	MPF_F	0.5	254	36153	7	7	2.9411764705882355	151		1
ice	MPF_F	0.5	255	42711	8	7	2.9411764705882355	76		1
ice	MPF_F	0.5	256	47130	7	7	2.9411764705882355	225		1
ice	MPF_F	0.5	257	47496	7	7	2.9411764705882355	68		1
ice	MPF_F	0.5	258	59224	7	7	2.9411764705882355	82		1
ice	MPF_F	0.5	259	12849	6	6	2.5210084033613445	131		1
ice	MPF_F	0.5	260	20068	6	6	2.5210084033613445	207		1
ice	MPF_F	0.5	261	7063	7	6	2.5210084033613445	151		1
ice	MPF_F	0.5	262	10187	8	6	2.5210084033613445	112		1
ice	MPF_F	0.5	263	20495	6	6	2.5210084033613445	78		1
ice	MPF_F	0.5	264	20516	6	6	2.5210084033613445	143		1
ice	MPF_F	0.5	265	20517	6	6	2.5210084033613445	204		1
ice	MPF_F	0.5	266	20531	6	6	2.5210084033613445	107		1
ice	MPF_F	0.5	267	20536	6	6	2.5210084033613445	49		1
ice	MPF_F	0.5	268	303046	6	6	2.5210084033613445	133		1
ice	MPF_F	0.5	269	304447	6	6	2.5210084033613445	139		1
ice	MPF_F	0.5	270	304448	6	6	2.5210084033613445	139		1
ice	MPF_F	0.5	271	49906	6	6	2.5210084033613445	87		1
ice	MPF_F	0.5	272	50067	6	6	2.5210084033613445	121		1
ice	MPF_F	0.5	273	80156	6	6	2.5210084033613445	152		1
ice	MPF_F	0.5	274	311908	6	6	2.5210084033613445	124		1
ice	MPF_F	0.5	275	118461	6	6	2.5210084033613445	105		1
ice	MPF_F	0.5	276	241079	6	6	2.5210084033613445	128		1
ice	MPF_F	0.5	277	271936	6	6	2.5210084033613445	137		1
ice	MPF_F	0.5	278	58012	8	6	2.5210084033613445	206		1
ice	MPF_F	0.5	279	77319	6	6	2.5210084033613445	119		1
ice	MPF_F	0.5	280	374650	8	6	2.5210084033613445	60		1
ice	MPF_F	0.5	281	240655	6	6	2.5210084033613445	188		1
ice	MPF_F	0.5	282	281219	6	6	2.5210084033613445	210		1
ice	MPF_F	0.5	283	373130	6	6	2.5210084033613445	47		1
ice	MPF_F	0.5	284	103653	6	6	2.5210084033613445	220		1
ice	MPF_F	0.5	285	103654	6	6	2.5210084033613445	125		1
ice	MPF_F	0.5	286	103655	6	6	2.5210084033613445	148		1
ice	MPF_F	0.5	287	103660	6	6	2.5210084033613445	205		1
ice	MPF_F	0.5	288	103663	6	6	2.5210084033613445	162		1
ice	MPF_F	0.5	289	103669	6	6	2.5210084033613445	218		1
ice	MPF_F	0.5	290	103671	6	6	2.5210084033613445	166		1
ice	MPF_F	0.5	291	103672	6	6	2.5210084033613445	103		1
ice	MPF_F	0.5	292	140891	7	6	2.5210084033613445	107		1
ice	MPF_F	0.5	293	146956	6	6	2.5210084033613445	168		1
ice	MPF_F	0.5	294	147001	6	6	2.5210084033613445	43		1
ice	MPF_F	0.5	295	696	6	6	2.5210084033613445	126		1
ice	MPF_F	0.5	296	263451	6	6	2.5210084033613445	149		1
ice	MPF_F	0.5	297	103673	6	6	2.5210084033613445	168		1
ice	MPF_F	0.5	298	103674	6	6	2.5210084033613445	224		1
ice	MPF_F	0.5	299	103675	6	6	2.5210084033613445	93		1
ice	MPF_F	0.5	300	103677	6	6	2.5210084033613445	47		1
ice	MPF_F	0.5	301	103678	6	6	2.5210084033613445	211		1
ice	MPF_F	0.5	302	103682	6	6	2.5210084033613445	103		1
ice	MPF_F	0.5	303	219858	6	6	2.5210084033613445	215		1
ice	MPF_F	0.5	304	198210	6	6	2.5210084033613445	151		1
ice	MPF_F	0.5	305	302833	6	6	2.5210084033613445	57		1
ice	MPF_F	0.5	306	243294	6	6	2.5210084033613445	116		1
ice	MPF_F	0.5	307	301328	6	6	2.5210084033613445	234		1
ice	MPF_F	0.5	308	374119	7	6	2.5210084033613445	131		1
ice	MPF_F	0.5	309	124360	6	6	2.5210084033613445	188		1
ice	MPF_F	0.5	310	124361	6	6	2.5210084033613445	158		1
ice	MPF_F	0.5	311	124362	6	6	2.5210084033613445	206		1
ice	MPF_F	0.5	312	608	6	6	2.5210084033613445	140		1
ice	MPF_F	0.5	313	66725	6	6	2.5210084033613445	218		1
ice	MPF_F	0.5	314	66812	6	6	2.5210084033613445	131		1
ice	MPF_F	0.5	315	76784	6	6	2.5210084033613445	79		1
ice	MPF_F	0.5	316	76786	6	6	2.5210084033613445	52		1
ice	MPF_F	0.5	317	95913	6	6	2.5210084033613445	112		1
ice	MPF_F	0.5	318	347427	6	6	2.5210084033613445	162		1
ice	MPF_F	0.5	319	199857	6	6	2.5210084033613445	210		1
ice	MPF_F	0.5	320	54758	6	6	2.5210084033613445	128		1
ice	MPF_F	0.5	321	147098	6	6	2.5210084033613445	74		1
ice	MPF_F	0.5	322	281014	6	6	2.5210084033613445	102		1
ice	MPF_F	0.5	323	95616	6	6	2.5210084033613445	167		1
ice	MPF_F	0.5	324	145282	6	6	2.5210084033613445	227		1
ice	MPF_F	0.5	325	370157	6	6	2.5210084033613445	191		1
ice	MPF_F	0.5	326	118065	6	6	2.5210084033613445	153		1
ice	MPF_F	0.5	327	373972	6	6	2.5210084033613445	102		1
ice	MPF_F	0.5	328	2219	6	6	2.5210084033613445	75		1
ice	MPF_F	0.5	329	2443	6	6	2.5210084033613445	95		1
ice	MPF_F	0.5	330	2493	6	6	2.5210084033613445	153		1
ice	MPF_F	0.5	331	127893	6	6	2.5210084033613445	92		1
ice	MPF_F	0.5	332	250006	6	6	2.5210084033613445	105		1
ice	MPF_F	0.5	333	223722	7	6	2.5210084033613445	55		1
ice	MPF_F	0.5	334	84671	6	6	2.5210084033613445	104		1
ice	MPF_F	0.5	335	84672	6	6	2.5210084033613445	150		1
ice	MPF_F	0.5	336	371352	6	6	2.5210084033613445	248		1
ice	MPF_F	0.5	337	32197	6	6	2.5210084033613445	234		1
ice	MPF_F	0.5	338	36076	6	6	2.5210084033613445	102		1
ice	MPF_F	0.5	339	47163	6	6	2.5210084033613445	104		1
ice	MPF_F	0.5	340	47445	6	6	2.5210084033613445	136		1
ice	MPF_F	0.5	341	12935	6	6	2.5210084033613445	175		1
ice	MPF_F	0.5	342	229728	10	6	2.5210084033613445	214		1
ice	MPF_F	0.5	343	366259	6	6	2.5210084033613445	159		1
ice	MPF_F	0.5	344	2395	5	5	2.100840336134454	214		1
ice	MPF_F	0.5	345	3501	5	5	2.100840336134454	82		1
ice	MPF_F	0.5	346	3503	5	5	2.100840336134454	172		1
ice	MPF_F	0.5	347	373387	7	5	2.100840336134454	210		1
ice	MPF_F	0.5	348	12811	5	5	2.100840336134454	144		1
ice	MPF_F	0.5	349	20053	5	5	2.100840336134454	131		1
ice	MPF_F	0.5	350	372943	6	5	2.100840336134454	66		1
ice	MPF_F	0.5	351	7079	5	5	2.100840336134454	92		1
ice	MPF_F	0.5	352	8907	5	5	2.100840336134454	192		1
ice	MPF_F	0.5	353	19541	5	5	2.100840336134454	193		1
ice	MPF_F	0.5	354	20483	5	5	2.100840336134454	101		1
ice	MPF_F	0.5	355	20493	5	5	2.100840336134454	136		1
ice	MPF_F	0.5	356	20494	5	5	2.100840336134454	171		1
ice	MPF_F	0.5	357	20515	5	5	2.100840336134454	136		1
ice	MPF_F	0.5	358	20519	5	5	2.100840336134454	164		1
ice	MPF_F	0.5	359	20521	5	5	2.100840336134454	108		1
ice	MPF_F	0.5	360	20522	5	5	2.100840336134454	78		1
ice	MPF_F	0.5	361	20534	5	5	2.100840336134454	78		1
ice	MPF_F	0.5	362	20549	5	5	2.100840336134454	182		1
ice	MPF_F	0.5	363	20550	5	5	2.100840336134454	64		1
ice	MPF_F	0.5	364	20556	5	5	2.100840336134454	196		1
ice	MPF_F	0.5	365	20558	5	5	2.100840336134454	146		1
ice	MPF_F	0.5	366	20559	5	5	2.100840336134454	172		1
ice	MPF_F	0.5	367	20561	5	5	2.100840336134454	64		1
ice	MPF_F	0.5	368	20575	5	5	2.100840336134454	94		1
ice	MPF_F	0.5	369	20576	5	5	2.100840336134454	91		1
ice	MPF_F	0.5	370	245092	9	5	2.100840336134454	100		1
ice	MPF_F	0.5	371	245126	5	5	2.100840336134454	204		1
ice	MPF_F	0.5	372	49903	5	5	2.100840336134454	171		1
ice	MPF_F	0.5	373	50074	5	5	2.100840336134454	83		1
ice	MPF_F	0.5	374	311972	5	5	2.100840336134454	48		1
ice	MPF_F	0.5	375	207186	5	5	2.100840336134454	159		1
ice	MPF_F	0.5	376	207208	5	5	2.100840336134454	141		1
ice	MPF_F	0.5	377	271939	5	5	2.100840336134454	144		1
ice	MPF_F	0.5	378	360666	5	5	2.100840336134454	89		1
ice	MPF_F	0.5	379	58147	5	5	2.100840336134454	170		1
ice	MPF_F	0.5	380	66672	5	5	2.100840336134454	87		1
ice	MPF_F	0.5	381	77309	5	5	2.100840336134454	60		1
ice	MPF_F	0.5	382	76892	5	5	2.100840336134454	108		1
ice	MPF_F	0.5	383	358569	6	5	2.100840336134454	70		1
ice	MPF_F	0.5	384	254798	5	5	2.100840336134454	92		1
ice	MPF_F	0.5	385	140877	6	5	2.100840336134454	145		1
ice	MPF_F	0.5	386	243793	5	5	2.100840336134454	150		1
ice	MPF_F	0.5	387	283615	5	5	2.100840336134454	178		1
ice	MPF_F	0.5	388	283616	5	5	2.100840336134454	163		1
ice	MPF_F	0.5	389	683	5	5	2.100840336134454	198		1
ice	MPF_F	0.5	390	263453	5	5	2.100840336134454	138		1
ice	MPF_F	0.5	391	263456	5	5	2.100840336134454	116		1
ice	MPF_F	0.5	392	103676	5	5	2.100840336134454	125		1
ice	MPF_F	0.5	393	103688	5	5	2.100840336134454	245		1
ice	MPF_F	0.5	394	260638	5	5	2.100840336134454	204		1
ice	MPF_F	0.5	395	108907	5	5	2.100840336134454	47		1
ice	MPF_F	0.5	396	108908	5	5	2.100840336134454	121		1
ice	MPF_F	0.5	397	259287	5	5	2.100840336134454	113		1
ice	MPF_F	0.5	398	302838	5	5	2.100840336134454	140		1
ice	MPF_F	0.5	399	243299	5	5	2.100840336134454	207		1
ice	MPF_F	0.5	400	283038	5	5	2.100840336134454	188		1
ice	MPF_F	0.7	1	3469	45	45	18.907563025210084	128		1
ice	MPF_F	0.7	2	3494	44	44	18.48739495798319	230		1
ice	MPF_F	0.7	3	3496	44	44	18.48739495798319	115		1
ice	MPF_F	0.7	4	3497	44	44	18.48739495798319	170		1
ice	MPF_F	0.7	5	8856	44	44	18.48739495798319	186		1
ice	MPF_F	0.7	6	3505	41	41	17.22689075630252	200		1
ice	MPF_F	0.7	7	3507	41	41	17.22689075630252	139		1
ice	MPF_F	0.7	8	3514	41	41	17.22689075630252	146		1
ice	MPF_F	0.7	9	3516	41	41	17.22689075630252	165		1
ice	MPF_F	0.7	10	3517	41	41	17.22689075630252	113		1
ice	MPF_F	0.7	11	8832	41	41	17.22689075630252	108		1
ice	MPF_F	0.7	12	237087	40	40	16.80672268907563	235		1
ice	MPF_F	0.7	13	12925	40	40	16.80672268907563	147		1
ice	MPF_F	0.7	14	8829	40	40	16.80672268907563	47		1
ice	MPF_F	0.7	15	3437	39	39	16.386554621848738	64		1
ice	MPF_F	0.7	16	8870	39	39	16.386554621848738	91		1
ice	MPF_F	0.7	17	3533	38	38	15.966386554621849	177		1
ice	MPF_F	0.7	18	3534	38	38	15.966386554621849	99		1
ice	MPF_F	0.7	19	3536	38	38	15.966386554621849	220		1
ice	MPF_F	0.7	20	3538	37	37	15.546218487394958	83		1
ice	MPF_F	0.7	21	3539	37	37	15.546218487394958	215		1
ice	MPF_F	0.7	22	12905	37	37	15.546218487394958	99		1
ice	MPF_F	0.7	23	3443	36	36	15.126050420168067	149		1
ice	MPF_F	0.7	24	289680	33	33	13.865546218487395	238		1
ice	MPF_F	0.7	25	3462	30	30	12.605042016806722	195		1
ice	MPF_F	0.7	26	20227	34	29	12.184873949579831	132		1
ice	MPF_F	0.7	27	42788	130	27	11.344537815126051	234		1
ice	MPF_F	0.7	28	3532	25	25	10.504201680672269	143	EexR/S	1
ice	MPF_F	0.7	29	23022	25	25	10.504201680672269	79		1
ice	MPF_F	0.7	30	23026	25	25	10.504201680672269	166		1
ice	MPF_F	0.7	31	23028	25	25	10.504201680672269	125		1
ice	MPF_F	0.7	32	23031	25	25	10.504201680672269	124		1
ice	MPF_F	0.7	33	23033	26	25	10.504201680672269	163		1
ice	MPF_F	0.7	34	373614	43	25	10.504201680672269	151		1
ice	MPF_F	0.7	35	30004	24	24	10.084033613445378	207		1
ice	MPF_F	0.7	36	30005	24	24	10.084033613445378	68		1
ice	MPF_F	0.7	37	23047	24	24	10.084033613445378	113		1
ice	MPF_F	0.7	38	12918	29	24	10.084033613445378	101		1
ice	MPF_F	0.7	39	30003	23	23	9.663865546218487	83		1
ice	MPF_F	0.7	40	30048	23	23	9.663865546218487	226		1
ice	MPF_F	0.7	41	30051	23	23	9.663865546218487	153		1
ice	MPF_F	0.7	42	30065	23	23	9.663865546218487	111		1
ice	MPF_F	0.7	43	23038	23	23	9.663865546218487	178		1
ice	MPF_F	0.7	44	23053	23	23	9.663865546218487	100		1
ice	MPF_F	0.7	45	23054	23	23	9.663865546218487	78		1
ice	MPF_F	0.7	46	23055	23	23	9.663865546218487	125		1
ice	MPF_F	0.7	47	23058	23	23	9.663865546218487	224		1
ice	MPF_F	0.7	48	23059	23	23	9.663865546218487	190		1
ice	MPF_F	0.7	49	23061	23	23	9.663865546218487	195		1
ice	MPF_F	0.7	50	23065	23	23	9.663865546218487	165		1
ice	MPF_F	0.7	51	12923	23	23	9.663865546218487	197		1
ice	MPF_F	0.7	52	10377	65	23	9.663865546218487	191		1
ice	MPF_F	0.7	53	206437	23	23	9.663865546218487	227		1
ice	MPF_F	0.7	54	23068	23	23	9.663865546218487	97		1
ice	MPF_F	0.7	55	23069	23	23	9.663865546218487	173		1
ice	MPF_F	0.7	56	23070	23	23	9.663865546218487	152		1
ice	MPF_F	0.7	57	23071	24	23	9.663865546218487	75		1
ice	MPF_F	0.7	58	23072	24	23	9.663865546218487	173		1
ice	MPF_F	0.7	59	23073	23	23	9.663865546218487	184		1
ice	MPF_F	0.7	60	23074	23	23	9.663865546218487	101		1
ice	MPF_F	0.7	61	8803	22	22	9.243697478991596	115		1
ice	MPF_F	0.7	62	8875	22	22	9.243697478991596	148		1
ice	MPF_F	0.7	63	8876	22	22	9.243697478991596	136		1
ice	MPF_F	0.7	64	240599	21	21	8.823529411764707	87		1
ice	MPF_F	0.7	65	23064	21	21	8.823529411764707	46		1
ice	MPF_F	0.7	66	8879	21	21	8.823529411764707	180		1
ice	MPF_F	0.7	67	8889	21	21	8.823529411764707	230		1
ice	MPF_F	0.7	68	8893	21	21	8.823529411764707	203		1
ice	MPF_F	0.7	69	124502	21	21	8.823529411764707	88		1
ice	MPF_F	0.7	70	66696	21	21	8.823529411764707	105		1
ice	MPF_F	0.7	71	48648	20	20	8.403361344537815	179		1
ice	MPF_F	0.7	72	3463	20	20	8.403361344537815	79		1
ice	MPF_F	0.7	73	131725	20	20	8.403361344537815	211		1
ice	MPF_F	0.7	74	124526	19	19	7.983193277310924	151		1
ice	MPF_F	0.7	75	124528	19	19	7.983193277310924	192		1
ice	MPF_F	0.7	76	124509	19	19	7.983193277310924	210		1
ice	MPF_F	0.7	77	124514	19	19	7.983193277310924	207		1
ice	MPF_F	0.7	78	261218	19	19	7.983193277310924	155		1
ice	MPF_F	0.7	79	346197	19	19	7.983193277310924	194		1
ice	MPF_F	0.7	80	206337	18	18	7.563025210084033	191		1
ice	MPF_F	0.7	81	206470	18	18	7.563025210084033	89		1
ice	MPF_F	0.7	82	124511	18	18	7.563025210084033	86		1
ice	MPF_F	0.7	83	261234	18	18	7.563025210084033	96		1
ice	MPF_F	0.7	84	2177	23	18	7.563025210084033	73		1
ice	MPF_F	0.7	85	240631	25	17	7.142857142857143	214		1
ice	MPF_F	0.7	86	372938	17	17	7.142857142857143	110		1
ice	MPF_F	0.7	87	374232	19	17	7.142857142857143	158		1
ice	MPF_F	0.7	88	262179	22	17	7.142857142857143	115		1
ice	MPF_F	0.7	89	240638	18	16	6.722689075630252	164		1
ice	MPF_F	0.7	90	206336	16	16	6.722689075630252	226		1
ice	MPF_F	0.7	91	224009	16	16	6.722689075630252	199		1
ice	MPF_F	0.7	92	8899	15	15	6.302521008403361	166		1
ice	MPF_F	0.7	93	8900	15	15	6.302521008403361	136		1
ice	MPF_F	0.7	94	8902	15	15	6.302521008403361	184		1
ice	MPF_F	0.7	95	8905	15	15	6.302521008403361	216		1
ice	MPF_F	0.7	96	124518	15	15	6.302521008403361	135		1
ice	MPF_F	0.7	97	373767	23	15	6.302521008403361	177		1
ice	MPF_F	0.7	98	68866	15	15	6.302521008403361	168		1
ice	MPF_F	0.7	99	305303	15	15	6.302521008403361	89		1
ice	MPF_F	0.7	100	12902	14	14	5.882352941176471	194		1
ice	MPF_F	0.7	101	12903	14	14	5.882352941176471	199		1
ice	MPF_F	0.7	102	10267	16	14	5.882352941176471	159		1
ice	MPF_F	0.7	103	241127	19	14	5.882352941176471	242		1
ice	MPF_F	0.7	104	68903	14	14	5.882352941176471	146		1
ice	MPF_F	0.7	105	8883	14	13	5.46218487394958	138		1
ice	MPF_F	0.7	106	206434	21	13	5.46218487394958	135		1
ice	MPF_F	0.7	107	254843	13	13	5.46218487394958	143	EexR/S	1
ice	MPF_F	0.7	108	10242	13	12	5.042016806722689	92		1
ice	MPF_F	0.7	109	10335	15	12	5.042016806722689	50		1
ice	MPF_F	0.7	110	10347	13	12	5.042016806722689	233		1
ice	MPF_F	0.7	111	20208	12	12	5.042016806722689	137		1
ice	MPF_F	0.7	112	20237	12	12	5.042016806722689	214		1
ice	MPF_F	0.7	113	8873	12	12	5.042016806722689	178		1
ice	MPF_F	0.7	114	206405	18	12	5.042016806722689	170		1
ice	MPF_F	0.7	115	206423	17	12	5.042016806722689	150		1
ice	MPF_F	0.7	116	206424	12	12	5.042016806722689	210		1
ice	MPF_F	0.7	117	241052	12	12	5.042016806722689	67		1
ice	MPF_F	0.7	118	373458	14	12	5.042016806722689	124		1
ice	MPF_F	0.7	119	2172	12	12	5.042016806722689	142		1
ice	MPF_F	0.7	120	134773	15	12	5.042016806722689	128		1
ice	MPF_F	0.7	121	110885	12	12	5.042016806722689	78		1
ice	MPF_F	0.7	122	20223	11	11	4.621848739495798	140		1
ice	MPF_F	0.7	123	20230	11	11	4.621848739495798	64		1
ice	MPF_F	0.7	124	240926	17	11	4.621848739495798	130		1
ice	MPF_F	0.7	125	35345	10	10	4.201680672268908	141		1
ice	MPF_F	0.7	126	165775	10	10	4.201680672268908	242		1
ice	MPF_F	0.7	127	12869	10	10	4.201680672268908	220		1
ice	MPF_F	0.7	128	12870	10	10	4.201680672268908	110		1
ice	MPF_F	0.7	129	206430	10	10	4.201680672268908	104		1
ice	MPF_F	0.7	130	206431	10	10	4.201680672268908	219		1
ice	MPF_F	0.7	131	206433	10	10	4.201680672268908	92		1
ice	MPF_F	0.7	132	66760	12	10	4.201680672268908	91		1
ice	MPF_F	0.7	133	32203	9	9	3.7815126050420167	93		1
ice	MPF_F	0.7	134	32204	9	9	3.7815126050420167	157		1
ice	MPF_F	0.7	135	35343	9	9	3.7815126050420167	65		1
ice	MPF_F	0.7	136	237145	9	9	3.7815126050420167	106		1
ice	MPF_F	0.7	137	240826	19	9	3.7815126050420167	42		1
ice	MPF_F	0.7	138	95580	9	9	3.7815126050420167	212		1
ice	MPF_F	0.7	139	374498	29	9	3.7815126050420167	124		1
ice	MPF_F	0.7	140	20257	9	9	3.7815126050420167	135		1
ice	MPF_F	0.7	141	12848	10	9	3.7815126050420167	157		1
ice	MPF_F	0.7	142	372909	9	9	3.7815126050420167	190		1
ice	MPF_F	0.7	143	206410	9	9	3.7815126050420167	199		1
ice	MPF_F	0.7	144	206473	9	9	3.7815126050420167	96		1
ice	MPF_F	0.7	145	229747	9	9	3.7815126050420167	76		1
ice	MPF_F	0.7	146	2381	9	9	3.7815126050420167	126		1
ice	MPF_F	0.7	147	373805	10	9	3.7815126050420167	87		1
ice	MPF_F	0.7	148	373832	31	9	3.7815126050420167	168		1
ice	MPF_F	0.7	149	224002	9	9	3.7815126050420167	100		1
ice	MPF_F	0.7	150	59200	9	9	3.7815126050420167	174		1
ice	MPF_F	0.7	151	66766	9	9	3.7815126050420167	71		1
ice	MPF_F	0.7	152	69853	9	9	3.7815126050420167	134		1
ice	MPF_F	0.7	153	358414	13	9	3.7815126050420167	121		1
ice	MPF_F	0.7	154	373031	12	9	3.7815126050420167	38		1
ice	MPF_F	0.7	155	42691	20	8	3.361344537815126	91		1
ice	MPF_F	0.7	156	223932	8	8	3.361344537815126	144		1
ice	MPF_F	0.7	157	244914	8	8	3.361344537815126	59		1
ice	MPF_F	0.7	158	249988	8	8	3.361344537815126	189		1
ice	MPF_F	0.7	159	249992	8	8	3.361344537815126	250		1
ice	MPF_F	0.7	160	249995	8	8	3.361344537815126	73		1
ice	MPF_F	0.7	161	237130	8	8	3.361344537815126	37		1
ice	MPF_F	0.7	162	303052	8	8	3.361344537815126	219		1
ice	MPF_F	0.7	163	2428	8	8	3.361344537815126	175		1
ice	MPF_F	0.7	164	2433	8	8	3.361344537815126	155		1
ice	MPF_F	0.7	165	2436	8	8	3.361344537815126	144		1
ice	MPF_F	0.7	166	10414	12	8	3.361344537815126	145		1
ice	MPF_F	0.7	167	20267	8	8	3.361344537815126	153		1
ice	MPF_F	0.7	168	206414	8	8	3.361344537815126	43		1
ice	MPF_F	0.7	169	4440	8	8	3.361344537815126	120		1
ice	MPF_F	0.7	170	68990	8	8	3.361344537815126	125		1
ice	MPF_F	0.7	171	77437	8	8	3.361344537815126	91		1
ice	MPF_F	0.7	172	77443	8	8	3.361344537815126	162		1
ice	MPF_F	0.7	173	77470	8	8	3.361344537815126	179		1
ice	MPF_F	0.7	174	66771	8	8	3.361344537815126	100		1
ice	MPF_F	0.7	175	2199	8	8	3.361344537815126	69		1
ice	MPF_F	0.7	176	373045	8	8	3.361344537815126	109		1
ice	MPF_F	0.7	177	245753	7	7	2.9411764705882355	212		1
ice	MPF_F	0.7	178	245780	7	7	2.9411764705882355	221		1
ice	MPF_F	0.7	179	240910	11	7	2.9411764705882355	126		1
ice	MPF_F	0.7	180	20503	7	7	2.9411764705882355	194		1
ice	MPF_F	0.7	181	20581	7	7	2.9411764705882355	68		1
ice	MPF_F	0.7	182	103666	7	7	2.9411764705882355	205		1
ice	MPF_F	0.7	183	301616	7	7	2.9411764705882355	137		1
ice	MPF_F	0.7	184	2426	7	7	2.9411764705882355	234		1
ice	MPF_F	0.7	185	2430	7	7	2.9411764705882355	249		1
ice	MPF_F	0.7	186	2437	7	7	2.9411764705882355	185		1
ice	MPF_F	0.7	187	10168	8	7	2.9411764705882355	57		1
ice	MPF_F	0.7	188	10223	8	7	2.9411764705882355	238		1
ice	MPF_F	0.7	189	140666	7	7	2.9411764705882355	248		1
ice	MPF_F	0.7	190	124397	7	7	2.9411764705882355	45		1
ice	MPF_F	0.7	191	124400	7	7	2.9411764705882355	63		1
ice	MPF_F	0.7	192	206418	7	7	2.9411764705882355	105		1
ice	MPF_F	0.7	193	206419	7	7	2.9411764705882355	130		1
ice	MPF_F	0.7	194	2356	7	7	2.9411764705882355	109		1
ice	MPF_F	0.7	195	263434	7	7	2.9411764705882355	161		1
ice	MPF_F	0.7	196	213347	7	7	2.9411764705882355	90		1
ice	MPF_F	0.7	197	66735	7	7	2.9411764705882355	143		1
ice	MPF_F	0.7	198	146957	7	7	2.9411764705882355	244		1
ice	MPF_F	0.7	199	374094	9	7	2.9411764705882355	65		1
ice	MPF_F	0.7	200	374183	8	7	2.9411764705882355	58		1
ice	MPF_F	0.7	201	32197	6	6	2.5210084033613445	234		1
ice	MPF_F	0.7	202	34911	6	6	2.5210084033613445	203		1
ice	MPF_F	0.7	203	36076	6	6	2.5210084033613445	102		1
ice	MPF_F	0.7	204	250006	6	6	2.5210084033613445	105		1
ice	MPF_F	0.7	205	47163	6	6	2.5210084033613445	104		1
ice	MPF_F	0.7	206	20527	6	6	2.5210084033613445	196		1
ice	MPF_F	0.7	207	20530	6	6	2.5210084033613445	99		1
ice	MPF_F	0.7	208	20531	6	6	2.5210084033613445	107		1
ice	MPF_F	0.7	209	20533	6	6	2.5210084033613445	157		1
ice	MPF_F	0.7	210	20535	6	6	2.5210084033613445	131		1
ice	MPF_F	0.7	211	20536	6	6	2.5210084033613445	49		1
ice	MPF_F	0.7	212	103653	6	6	2.5210084033613445	220		1
ice	MPF_F	0.7	213	103654	6	6	2.5210084033613445	125		1
ice	MPF_F	0.7	214	103655	6	6	2.5210084033613445	148		1
ice	MPF_F	0.7	215	103657	6	6	2.5210084033613445	181		1
ice	MPF_F	0.7	216	103660	6	6	2.5210084033613445	205		1
ice	MPF_F	0.7	217	103663	6	6	2.5210084033613445	162		1
ice	MPF_F	0.7	218	103669	6	6	2.5210084033613445	218		1
ice	MPF_F	0.7	219	103671	6	6	2.5210084033613445	166		1
ice	MPF_F	0.7	220	103672	6	6	2.5210084033613445	103		1
ice	MPF_F	0.7	221	301345	6	6	2.5210084033613445	159		1
ice	MPF_F	0.7	222	301621	6	6	2.5210084033613445	228		1
ice	MPF_F	0.7	223	329630	6	6	2.5210084033613445	75		1
ice	MPF_F	0.7	224	2435	6	6	2.5210084033613445	98		1
ice	MPF_F	0.7	225	2440	6	6	2.5210084033613445	186		1
ice	MPF_F	0.7	226	2443	6	6	2.5210084033613445	95		1
ice	MPF_F	0.7	227	692	6	6	2.5210084033613445	119		1
ice	MPF_F	0.7	228	696	6	6	2.5210084033613445	126		1
ice	MPF_F	0.7	229	12916	6	6	2.5210084033613445	225		1
ice	MPF_F	0.7	230	12932	6	6	2.5210084033613445	151		1
ice	MPF_F	0.7	231	12935	6	6	2.5210084033613445	175		1
ice	MPF_F	0.7	232	10187	8	6	2.5210084033613445	112		1
ice	MPF_F	0.7	233	12849	6	6	2.5210084033613445	131		1
ice	MPF_F	0.7	234	103673	6	6	2.5210084033613445	168		1
ice	MPF_F	0.7	235	103674	6	6	2.5210084033613445	224		1
ice	MPF_F	0.7	236	103675	6	6	2.5210084033613445	93		1
ice	MPF_F	0.7	237	103677	6	6	2.5210084033613445	47		1
ice	MPF_F	0.7	238	103678	6	6	2.5210084033613445	211		1
ice	MPF_F	0.7	239	103682	6	6	2.5210084033613445	103		1
ice	MPF_F	0.7	240	311908	6	6	2.5210084033613445	124		1
ice	MPF_F	0.7	241	124360	6	6	2.5210084033613445	188		1
ice	MPF_F	0.7	242	124361	6	6	2.5210084033613445	158		1
ice	MPF_F	0.7	243	124362	6	6	2.5210084033613445	206		1
ice	MPF_F	0.7	244	373972	6	6	2.5210084033613445	102		1
ice	MPF_F	0.7	245	245176	7	6	2.5210084033613445	138		1
ice	MPF_F	0.7	246	34861	6	6	2.5210084033613445	179		1
ice	MPF_F	0.7	247	207606	6	6	2.5210084033613445	121		1
ice	MPF_F	0.7	248	241079	6	6	2.5210084033613445	128		1
ice	MPF_F	0.7	249	267532	6	6	2.5210084033613445	127		1
ice	MPF_F	0.7	250	2332	6	6	2.5210084033613445	87		1
ice	MPF_F	0.7	251	373257	6	6	2.5210084033613445	108		1
ice	MPF_F	0.7	252	20492	6	6	2.5210084033613445	108		1
ice	MPF_F	0.7	253	20495	6	6	2.5210084033613445	78		1
ice	MPF_F	0.7	254	373414	6	6	2.5210084033613445	86		1
ice	MPF_F	0.7	255	374650	8	6	2.5210084033613445	60		1
ice	MPF_F	0.7	256	281219	6	6	2.5210084033613445	210		1
ice	MPF_F	0.7	257	69043	6	6	2.5210084033613445	163		1
ice	MPF_F	0.7	258	263451	6	6	2.5210084033613445	149		1
ice	MPF_F	0.7	259	146956	6	6	2.5210084033613445	168		1
ice	MPF_F	0.7	260	146979	6	6	2.5210084033613445	96		1
ice	MPF_F	0.7	261	77527	6	6	2.5210084033613445	242		1
ice	MPF_F	0.7	262	358428	7	6	2.5210084033613445	76		1
ice	MPF_F	0.7	263	54768	6	6	2.5210084033613445	181		1
ice	MPF_F	0.7	264	199578	6	6	2.5210084033613445	249		1
ice	MPF_F	0.7	265	373032	6	6	2.5210084033613445	39		1
ice	MPF_F	0.7	266	304448	6	6	2.5210084033613445	139		1
ice	MPF_F	0.7	267	373130	6	6	2.5210084033613445	47		1
ice	MPF_F	0.7	268	42681	5	5	2.100840336134454	246		1
ice	MPF_F	0.7	269	42690	17	5	2.100840336134454	125		1
ice	MPF_F	0.7	270	42751	5	5	2.100840336134454	196		1
ice	MPF_F	0.7	271	42766	5	5	2.100840336134454	94		1
ice	MPF_F	0.7	272	35333	5	5	2.100840336134454	153		1
ice	MPF_F	0.7	273	35339	5	5	2.100840336134454	110		1
ice	MPF_F	0.7	274	76784	5	5	2.100840336134454	79		1
ice	MPF_F	0.7	275	76785	5	5	2.100840336134454	95		1
ice	MPF_F	0.7	276	76811	5	5	2.100840336134454	161		1
ice	MPF_F	0.7	277	76813	5	5	2.100840336134454	170		1
ice	MPF_F	0.7	278	76821	5	5	2.100840336134454	249		1
ice	MPF_F	0.7	279	81078	5	5	2.100840336134454	131		1
ice	MPF_F	0.7	280	118321	5	5	2.100840336134454	179		1
ice	MPF_F	0.7	281	198245	5	5	2.100840336134454	107		1
ice	MPF_F	0.7	282	240655	5	5	2.100840336134454	188		1
ice	MPF_F	0.7	283	243793	5	5	2.100840336134454	150		1
ice	MPF_F	0.7	284	245712	5	5	2.100840336134454	207		1
ice	MPF_F	0.7	285	240810	7	5	2.100840336134454	115		1
ice	MPF_F	0.7	286	245092	9	5	2.100840336134454	100		1
ice	MPF_F	0.7	287	20515	5	5	2.100840336134454	136		1
ice	MPF_F	0.7	288	20516	5	5	2.100840336134454	143		1
ice	MPF_F	0.7	289	20517	5	5	2.100840336134454	204		1
ice	MPF_F	0.7	290	20519	5	5	2.100840336134454	164		1
ice	MPF_F	0.7	291	20521	5	5	2.100840336134454	108		1
ice	MPF_F	0.7	292	20522	5	5	2.100840336134454	78		1
ice	MPF_F	0.7	293	20534	5	5	2.100840336134454	78		1
ice	MPF_F	0.7	294	20550	5	5	2.100840336134454	64		1
ice	MPF_F	0.7	295	20556	5	5	2.100840336134454	196		1
ice	MPF_F	0.7	296	20558	5	5	2.100840336134454	146		1
ice	MPF_F	0.7	297	20561	5	5	2.100840336134454	64		1
ice	MPF_F	0.7	298	20575	5	5	2.100840336134454	94		1
ice	MPF_F	0.7	299	103664	5	5	2.100840336134454	92		1
ice	MPF_F	0.7	300	301606	5	5	2.100840336134454	113		1
ice	MPF_F	0.7	301	303066	5	5	2.100840336134454	234		1
ice	MPF_F	0.7	302	348325	5	5	2.100840336134454	137		1
ice	MPF_F	0.7	303	3501	5	5	2.100840336134454	82		1
ice	MPF_F	0.7	304	3503	5	5	2.100840336134454	172		1
ice	MPF_F	0.7	305	8907	5	5	2.100840336134454	192		1
ice	MPF_F	0.7	306	10227	5	5	2.100840336134454	131		1
ice	MPF_F	0.7	307	10331	5	5	2.100840336134454	203		1
ice	MPF_F	0.7	308	10372	6	5	2.100840336134454	93		1
ice	MPF_F	0.7	309	20048	5	5	2.100840336134454	129		1
ice	MPF_F	0.7	310	20055	5	5	2.100840336134454	118		1
ice	MPF_F	0.7	311	372943	6	5	2.100840336134454	66		1
ice	MPF_F	0.7	312	103676	5	5	2.100840336134454	125		1
ice	MPF_F	0.7	313	118424	5	5	2.100840336134454	115		1
ice	MPF_F	0.7	314	118425	5	5	2.100840336134454	79		1
ice	MPF_F	0.7	315	118431	5	5	2.100840336134454	199		1
ice	MPF_F	0.7	316	118433	5	5	2.100840336134454	191		1
ice	MPF_F	0.7	317	214093	5	5	2.100840336134454	185		1
ice	MPF_F	0.7	318	302857	5	5	2.100840336134454	153		1
ice	MPF_F	0.7	319	311972	5	5	2.100840336134454	48		1
ice	MPF_F	0.7	320	108907	5	5	2.100840336134454	47		1
ice	MPF_F	0.7	321	108908	5	5	2.100840336134454	121		1
ice	MPF_F	0.7	322	229684	5	5	2.100840336134454	87		1
ice	MPF_F	0.7	323	245674	5	5	2.100840336134454	74		1
ice	MPF_F	0.7	324	34804	5	5	2.100840336134454	145		1
ice	MPF_F	0.7	325	19650	5	5	2.100840336134454	196		1
ice	MPF_F	0.7	326	7060	6	5	2.100840336134454	55		1
ice	MPF_F	0.7	327	7063	6	5	2.100840336134454	151		1
ice	MPF_F	0.7	328	7064	5	5	2.100840336134454	110		1
ice	MPF_F	0.7	329	283038	5	5	2.100840336134454	188		1
ice	MPF_F	0.7	330	283040	5	5	2.100840336134454	248		1
ice	MPF_F	0.7	331	2391	5	5	2.100840336134454	153		1
ice	MPF_F	0.7	332	2393	5	5	2.100840336134454	128		1
ice	MPF_F	0.7	333	2394	5	5	2.100840336134454	120		1
ice	MPF_F	0.7	334	2395	5	5	2.100840336134454	214		1
ice	MPF_F	0.7	335	20482	5	5	2.100840336134454	138		1
ice	MPF_F	0.7	336	20483	5	5	2.100840336134454	101		1
ice	MPF_F	0.7	337	20493	5	5	2.100840336134454	136		1
ice	MPF_F	0.7	338	20494	5	5	2.100840336134454	171		1
ice	MPF_F	0.7	339	373387	7	5	2.100840336134454	210		1
ice	MPF_F	0.7	340	266402	5	5	2.100840336134454	168		1
ice	MPF_F	0.7	341	266403	5	5	2.100840336134454	208		1
ice	MPF_F	0.7	342	281239	5	5	2.100840336134454	114		1
ice	MPF_F	0.7	343	308955	5	5	2.100840336134454	110		1
ice	MPF_F	0.7	344	50067	5	5	2.100840336134454	121		1
ice	MPF_F	0.7	345	50074	5	5	2.100840336134454	83		1
ice	MPF_F	0.7	346	77319	5	5	2.100840336134454	119		1
ice	MPF_F	0.7	347	263453	5	5	2.100840336134454	138		1
ice	MPF_F	0.7	348	263456	5	5	2.100840336134454	116		1
ice	MPF_F	0.7	349	374241	6	5	2.100840336134454	58		1
ice	MPF_F	0.7	350	49906	5	5	2.100840336134454	86		1
ice	MPF_F	0.7	351	59224	5	5	2.100840336134454	82		1
ice	MPF_F	0.7	352	59227	5	5	2.100840336134454	110		1
ice	MPF_F	0.7	353	66757	5	5	2.100840336134454	84		1
ice	MPF_F	0.7	354	80617	5	5	2.100840336134454	179		1
ice	MPF_F	0.7	355	54744	5	5	2.100840336134454	127		1
ice	MPF_F	0.7	356	54758	5	5	2.100840336134454	128		1
ice	MPF_F	0.7	357	54763	5	5	2.100840336134454	85		1
ice	MPF_F	0.7	358	54765	5	5	2.100840336134454	115		1
ice	MPF_F	0.7	359	54769	5	5	2.100840336134454	93		1
ice	MPF_F	0.7	360	54776	5	5	2.100840336134454	132		1
ice	MPF_F	0.7	361	54779	5	5	2.100840336134454	248		1
ice	MPF_F	0.7	362	349174	5	5	2.100840336134454	74		1
ice	MPF_F	0.7	363	207208	5	5	2.100840336134454	141		1
ice	MPF_F	0.7	364	254798	5	5	2.100840336134454	92		1
ice	MPF_F	0.7	365	347468	5	5	2.100840336134454	245		1
ice	MPF_F	0.7	366	42682	4	4	1.680672268907563	39		1
ice	MPF_F	0.7	367	42729	4	4	1.680672268907563	227		1
ice	MPF_F	0.7	368	42733	4	4	1.680672268907563	141		1
ice	MPF_F	0.7	369	42735	4	4	1.680672268907563	63		1
ice	MPF_F	0.7	370	36066	4	4	1.680672268907563	179		1
ice	MPF_F	0.7	371	47532	4	4	1.680672268907563	108		1
ice	MPF_F	0.7	372	76806	4	4	1.680672268907563	220		1
ice	MPF_F	0.7	373	76827	4	4	1.680672268907563	144		1
ice	MPF_F	0.7	374	19548	4	4	1.680672268907563	220		1
ice	MPF_F	0.7	375	19554	4	4	1.680672268907563	165		1
ice	MPF_F	0.7	376	92121	4	4	1.680672268907563	118		1
ice	MPF_F	0.7	377	103179	6	4	1.680672268907563	242		1
ice	MPF_F	0.7	378	125192	4	4	1.680672268907563	218		1
ice	MPF_F	0.7	379	125193	4	4	1.680672268907563	48		1
ice	MPF_F	0.7	380	374730	4	4	1.680672268907563	117		1
ice	MPF_F	0.7	381	374737	4	4	1.680672268907563	191		1
ice	MPF_F	0.7	382	374743	4	4	1.680672268907563	162		1
ice	MPF_F	0.7	383	36080	4	4	1.680672268907563	131		1
ice	MPF_F	0.7	384	36130	4	4	1.680672268907563	139		1
ice	MPF_F	0.7	385	36141	4	4	1.680672268907563	108		1
ice	MPF_F	0.7	386	36142	4	4	1.680672268907563	77		1
ice	MPF_F	0.7	387	36148	4	4	1.680672268907563	201		1
ice	MPF_F	0.7	388	36248	4	4	1.680672268907563	92		1
ice	MPF_F	0.7	389	223963	4	4	1.680672268907563	235		1
ice	MPF_F	0.7	390	228950	4	4	1.680672268907563	130		1
ice	MPF_F	0.7	391	240628	4	4	1.680672268907563	146		1
ice	MPF_F	0.7	392	243286	4	4	1.680672268907563	239		1
ice	MPF_F	0.7	393	237183	4	4	1.680672268907563	119		1
ice	MPF_F	0.7	394	240923	6	4	1.680672268907563	246		1
ice	MPF_F	0.7	395	245091	8	4	1.680672268907563	217		1
ice	MPF_F	0.7	396	47117	4	4	1.680672268907563	190		1
ice	MPF_F	0.7	397	47118	4	4	1.680672268907563	136		1
ice	MPF_F	0.7	398	47119	4	4	1.680672268907563	194		1
ice	MPF_F	0.7	399	47121	4	4	1.680672268907563	238		1
ice	MPF_F	0.7	400	47123	4	4	1.680672268907563	216		1
ice	MPF_FA	0.5	1	45557	368	360	59.90016638935108	165		1
ice	MPF_FA	0.5	2	275510	220	220	36.605657237936775	76		1
ice	MPF_FA	0.5	3	35497	202	200	33.277870216306155	67		1
ice	MPF_FA	0.5	4	328548	194	194	32.27953410981697	117		1
ice	MPF_FA	0.5	5	143981	179	179	29.78369384359401	140		1
ice	MPF_FA	0.5	6	276	80	80	13.311148086522463	62		1
ice	MPF_FA	0.5	7	14445	66	66	10.98169717138103	86		1
ice	MPF_FA	0.5	8	14448	64	64	10.64891846921797	100		1
ice	MPF_FA	0.5	9	172739	64	64	10.64891846921797	111		1
ice	MPF_FA	0.5	10	233887	63	63	10.482529118136439	196		1
ice	MPF_FA	0.5	11	39549	61	61	10.149750415973378	45		1
ice	MPF_FA	0.5	12	23791	61	61	10.149750415973378	94		1
ice	MPF_FA	0.5	13	23808	61	61	10.149750415973378	167		1
ice	MPF_FA	0.5	14	227877	76	59	9.816971713810316	96		1
ice	MPF_FA	0.5	15	325975	58	58	9.650582362728786	71		1
ice	MPF_FA	0.5	16	129091	55	55	9.151414309484194	174		1
ice	MPF_FA	0.5	17	44267	55	55	9.151414309484194	130		1
ice	MPF_FA	0.5	18	63205	55	55	9.151414309484194	89		1
ice	MPF_FA	0.5	19	265467	56	55	9.151414309484194	44		1
ice	MPF_FA	0.5	20	39551	53	53	8.81863560732113	96		1
ice	MPF_FA	0.5	21	348115	51	51	8.48585690515807	66		1
ice	MPF_FA	0.5	22	242434	52	51	8.48585690515807	59		1
ice	MPF_FA	0.5	23	198597	48	48	7.9866888519134775	245		1
ice	MPF_FA	0.5	24	79373	48	47	7.820299500831947	160		1
ice	MPF_FA	0.5	25	5312	47	46	7.653910149750416	98		1
ice	MPF_FA	0.5	26	110977	46	46	7.653910149750416	96		1
ice	MPF_FA	0.5	27	42430	44	44	7.321131447587354	239		1
ice	MPF_FA	0.5	28	23809	44	44	7.321131447587354	149		1
ice	MPF_FA	0.5	29	42423	42	42	6.988352745424293	189		1
ice	MPF_FA	0.5	30	42426	42	42	6.988352745424293	138		1
ice	MPF_FA	0.5	31	42407	42	42	6.988352745424293	134		1
ice	MPF_FA	0.5	32	42418	42	42	6.988352745424293	125		1
ice	MPF_FA	0.5	33	37719	42	42	6.988352745424293	160		1
ice	MPF_FA	0.5	34	305435	43	42	6.988352745424293	80		1
ice	MPF_FA	0.5	35	46550	41	41	6.821963394342762	77		1
ice	MPF_FA	0.5	36	42415	41	41	6.821963394342762	79		1
ice	MPF_FA	0.5	37	42409	40	40	6.655574043261232	110		1
ice	MPF_FA	0.5	38	42413	40	40	6.655574043261232	72		1
ice	MPF_FA	0.5	39	42414	40	40	6.655574043261232	153		1
ice	MPF_FA	0.5	40	23807	40	40	6.655574043261232	113	DUF4467	1
ice	MPF_FA	0.5	41	76587	40	40	6.655574043261232	144		1
ice	MPF_FA	0.5	42	162010	39	39	6.4891846921797	160		1
ice	MPF_FA	0.5	43	42400	39	39	6.4891846921797	210		1
ice	MPF_FA	0.5	44	26064	39	39	6.4891846921797	82		1
ice	MPF_FA	0.5	45	146649	38	38	6.322795341098169	168		1
ice	MPF_FA	0.5	46	42408	38	38	6.322795341098169	63		1
ice	MPF_FA	0.5	47	220799	38	38	6.322795341098169	171		1
ice	MPF_FA	0.5	48	124311	38	38	6.322795341098169	128	DUF4467	1
ice	MPF_FA	0.5	49	111076	37	37	6.156405990016639	86		1
ice	MPF_FA	0.5	50	39553	36	36	5.990016638935108	54		1
ice	MPF_FA	0.5	51	46551	36	36	5.990016638935108	30		1
ice	MPF_FA	0.5	52	136757	36	36	5.990016638935108	224		1
ice	MPF_FA	0.5	53	68338	36	36	5.990016638935108	212		1
ice	MPF_FA	0.5	54	194438	36	36	5.990016638935108	108		1
ice	MPF_FA	0.5	55	76582	33	33	5.490848585690515	62		1
ice	MPF_FA	0.5	56	76606	33	33	5.490848585690515	144		1
ice	MPF_FA	0.5	57	220800	32	32	5.324459234608985	127		1
ice	MPF_FA	0.5	58	307423	34	32	5.324459234608985	74		1
ice	MPF_FA	0.5	59	76605	32	32	5.324459234608985	180		1
ice	MPF_FA	0.5	60	30107	32	31	5.158069883527454	218		1
ice	MPF_FA	0.5	61	9	36	31	5.158069883527454	88		1
ice	MPF_FA	0.5	62	348068	31	31	5.158069883527454	80		1
ice	MPF_FA	0.5	63	266894	32	30	4.9916805324459235	66		1
ice	MPF_FA	0.5	64	26049	30	30	4.9916805324459235	63		1
ice	MPF_FA	0.5	65	152745	49	30	4.9916805324459235	226		1
ice	MPF_FA	0.5	66	105097	29	29	4.825291181364393	201		1
ice	MPF_FA	0.5	67	124321	29	29	4.825291181364393	97		1
ice	MPF_FA	0.5	68	93129	27	27	4.492512479201331	132		1
ice	MPF_FA	0.5	69	79180	27	27	4.492512479201331	100		1
ice	MPF_FA	0.5	70	330720	27	27	4.492512479201331	80		1
ice	MPF_FA	0.5	71	124350	28	27	4.492512479201331	167		1
ice	MPF_FA	0.5	72	227297	27	27	4.492512479201331	98		1
ice	MPF_FA	0.5	73	253217	25	25	4.159733777038269	220		1
ice	MPF_FA	0.5	74	105129	26	24	3.9933444259567388	105		1
ice	MPF_FA	0.5	75	375893	24	24	3.9933444259567388	192		1
ice	MPF_FA	0.5	76	348207	24	24	3.9933444259567388	153		1
ice	MPF_FA	0.5	77	37685	24	24	3.9933444259567388	98		1
ice	MPF_FA	0.5	78	42218	23	23	3.826955074875208	189		1
ice	MPF_FA	0.5	79	12405	25	23	3.826955074875208	121		1
ice	MPF_FA	0.5	80	285344	23	23	3.826955074875208	217		1
ice	MPF_FA	0.5	81	20732	22	22	3.660565723793677	74		1
ice	MPF_FA	0.5	82	260709	28	22	3.660565723793677	158		1
ice	MPF_FA	0.5	83	37011	22	22	3.660565723793677	220		1
ice	MPF_FA	0.5	84	37012	22	22	3.660565723793677	135		1
ice	MPF_FA	0.5	85	60925	20	20	3.327787021630616	242		1
ice	MPF_FA	0.5	86	370721	22	20	3.327787021630616	99		1
ice	MPF_FA	0.5	87	37235	23	20	3.327787021630616	118		1
ice	MPF_FA	0.5	88	13620	23	20	3.327787021630616	74		1
ice	MPF_FA	0.5	89	20735	20	20	3.327787021630616	77		1
ice	MPF_FA	0.5	90	124354	20	20	3.327787021630616	67		1
ice	MPF_FA	0.5	91	44072	19	19	3.1613976705490847	156		1
ice	MPF_FA	0.5	92	51856	19	19	3.1613976705490847	137		1
ice	MPF_FA	0.5	93	271810	19	19	3.1613976705490847	245		1
ice	MPF_FA	0.5	94	351778	19	19	3.1613976705490847	235		1
ice	MPF_FA	0.5	95	275411	30	19	3.1613976705490847	172		1
ice	MPF_FA	0.5	96	37702	19	19	3.1613976705490847	208		1
ice	MPF_FA	0.5	97	164759	19	19	3.1613976705490847	128		1
ice	MPF_FA	0.5	98	82768	18	18	2.995008319467554	190		1
ice	MPF_FA	0.5	99	50928	18	18	2.995008319467554	85		1
ice	MPF_FA	0.5	100	105082	18	18	2.995008319467554	227		1
ice	MPF_FA	0.5	101	37279	18	18	2.995008319467554	52		1
ice	MPF_FA	0.5	102	351872	18	18	2.995008319467554	120	DUF4467	1
ice	MPF_FA	0.5	103	172694	18	18	2.995008319467554	104		1
ice	MPF_FA	0.5	104	37695	18	18	2.995008319467554	87		1
ice	MPF_FA	0.5	105	37696	18	18	2.995008319467554	83		1
ice	MPF_FA	0.5	106	37699	18	18	2.995008319467554	193		1
ice	MPF_FA	0.5	107	299474	17	17	2.8286189683860234	228		1
ice	MPF_FA	0.5	108	361435	17	17	2.8286189683860234	184		1
ice	MPF_FA	0.5	109	5218	26	17	2.8286189683860234	194		1
ice	MPF_FA	0.5	110	5288	17	17	2.8286189683860234	58		1
ice	MPF_FA	0.5	111	12330	17	17	2.8286189683860234	91		1
ice	MPF_FA	0.5	112	14438	17	17	2.8286189683860234	55		1
ice	MPF_FA	0.5	113	37684	17	17	2.8286189683860234	63		1
ice	MPF_FA	0.5	114	37029	17	17	2.8286189683860234	50		1
ice	MPF_FA	0.5	115	37033	17	17	2.8286189683860234	119		1
ice	MPF_FA	0.5	116	37693	17	17	2.8286189683860234	122		1
ice	MPF_FA	0.5	117	83718	17	17	2.8286189683860234	223		1
ice	MPF_FA	0.5	118	258167	17	17	2.8286189683860234	77		1
ice	MPF_FA	0.5	119	63329	16	16	2.6622296173044924	241		1
ice	MPF_FA	0.5	120	63347	16	16	2.6622296173044924	116		1
ice	MPF_FA	0.5	121	50917	16	16	2.6622296173044924	52		1
ice	MPF_FA	0.5	122	258707	16	16	2.6622296173044924	113		1
ice	MPF_FA	0.5	123	164730	17	16	2.6622296173044924	59		1
ice	MPF_FA	0.5	124	165923	16	16	2.6622296173044924	139		1
ice	MPF_FA	0.5	125	105076	16	16	2.6622296173044924	209		1
ice	MPF_FA	0.5	126	15865	17	16	2.6622296173044924	90		1
ice	MPF_FA	0.5	127	44299	16	16	2.6622296173044924	207		1
ice	MPF_FA	0.5	128	363949	16	16	2.6622296173044924	102		1
ice	MPF_FA	0.5	129	30822	16	16	2.6622296173044924	63		1
ice	MPF_FA	0.5	130	12390	16	16	2.6622296173044924	94		1
ice	MPF_FA	0.5	131	370491	16	16	2.6622296173044924	170		1
ice	MPF_FA	0.5	132	376591	17	16	2.6622296173044924	246		1
ice	MPF_FA	0.5	133	32929	16	16	2.6622296173044924	136		1
ice	MPF_FA	0.5	134	37691	16	16	2.6622296173044924	203		1
ice	MPF_FA	0.5	135	37792	16	16	2.6622296173044924	69		1
ice	MPF_FA	0.5	136	223357	16	16	2.6622296173044924	96		1
ice	MPF_FA	0.5	137	50966	15	15	2.4958402662229617	234		1
ice	MPF_FA	0.5	138	189574	28	15	2.4958402662229617	117		1
ice	MPF_FA	0.5	139	104974	15	15	2.4958402662229617	106		1
ice	MPF_FA	0.5	140	105149	15	15	2.4958402662229617	91		1
ice	MPF_FA	0.5	141	376382	15	15	2.4958402662229617	62		1
ice	MPF_FA	0.5	142	44293	15	15	2.4958402662229617	144		1
ice	MPF_FA	0.5	143	83322	15	15	2.4958402662229617	89		1
ice	MPF_FA	0.5	144	26062	15	15	2.4958402662229617	49		1
ice	MPF_FA	0.5	145	105203	15	15	2.4958402662229617	80		1
ice	MPF_FA	0.5	146	9196	15	15	2.4958402662229617	92		1
ice	MPF_FA	0.5	147	348153	15	15	2.4958402662229617	47		1
ice	MPF_FA	0.5	148	77270	15	15	2.4958402662229617	232		1
ice	MPF_FA	0.5	149	124756	15	15	2.4958402662229617	118		1
ice	MPF_FA	0.5	150	363524	15	15	2.4958402662229617	244		1
ice	MPF_FA	0.5	151	37035	15	15	2.4958402662229617	226		1
ice	MPF_FA	0.5	152	37036	15	15	2.4958402662229617	231		1
ice	MPF_FA	0.5	153	37741	15	15	2.4958402662229617	178		1
ice	MPF_FA	0.5	154	358089	15	15	2.4958402662229617	79		1
ice	MPF_FA	0.5	155	164817	15	15	2.4958402662229617	234		1
ice	MPF_FA	0.5	156	363278	15	15	2.4958402662229617	107		1
ice	MPF_FA	0.5	157	82838	43	15	2.4958402662229617	232		1
ice	MPF_FA	0.5	158	82867	15	15	2.4958402662229617	219		1
ice	MPF_FA	0.5	159	46506	14	14	2.329450915141431	163		1
ice	MPF_FA	0.5	160	304	14	14	2.329450915141431	82		1
ice	MPF_FA	0.5	161	1028	14	14	2.329450915141431	141		1
ice	MPF_FA	0.5	162	348599	14	14	2.329450915141431	118		1
ice	MPF_FA	0.5	163	348602	14	14	2.329450915141431	146		1
ice	MPF_FA	0.5	164	340599	14	14	2.329450915141431	68		1
ice	MPF_FA	0.5	165	95388	14	14	2.329450915141431	110		1
ice	MPF_FA	0.5	166	105011	14	14	2.329450915141431	117		1
ice	MPF_FA	0.5	167	363202	14	14	2.329450915141431	64		1
ice	MPF_FA	0.5	168	105070	14	14	2.329450915141431	218		1
ice	MPF_FA	0.5	169	42356	14	14	2.329450915141431	81		1
ice	MPF_FA	0.5	170	42357	14	14	2.329450915141431	113		1
ice	MPF_FA	0.5	171	42358	14	14	2.329450915141431	164		1
ice	MPF_FA	0.5	172	42362	14	14	2.329450915141431	65		1
ice	MPF_FA	0.5	173	42366	14	14	2.329450915141431	108		1
ice	MPF_FA	0.5	174	44232	15	14	2.329450915141431	141		1
ice	MPF_FA	0.5	175	44283	14	14	2.329450915141431	166		1
ice	MPF_FA	0.5	176	44295	14	14	2.329450915141431	115		1
ice	MPF_FA	0.5	177	15817	15	14	2.329450915141431	171		1
ice	MPF_FA	0.5	178	188390	25	14	2.329450915141431	240		1
ice	MPF_FA	0.5	179	220977	14	14	2.329450915141431	117		1
ice	MPF_FA	0.5	180	104961	14	14	2.329450915141431	155		1
ice	MPF_FA	0.5	181	105202	14	14	2.329450915141431	152		1
ice	MPF_FA	0.5	182	5293	14	14	2.329450915141431	138		1
ice	MPF_FA	0.5	183	9150	14	14	2.329450915141431	184		1
ice	MPF_FA	0.5	184	9152	14	14	2.329450915141431	79		1
ice	MPF_FA	0.5	185	84853	14	14	2.329450915141431	132		1
ice	MPF_FA	0.5	186	12379	14	14	2.329450915141431	99		1
ice	MPF_FA	0.5	187	5213	14	14	2.329450915141431	203		1
ice	MPF_FA	0.5	188	260415	14	14	2.329450915141431	228		1
ice	MPF_FA	0.5	189	27760	14	14	2.329450915141431	112		1
ice	MPF_FA	0.5	190	27762	14	14	2.329450915141431	124		1
ice	MPF_FA	0.5	191	346966	14	14	2.329450915141431	104		1
ice	MPF_FA	0.5	192	285383	14	14	2.329450915141431	171		1
ice	MPF_FA	0.5	193	37043	14	14	2.329450915141431	227		1
ice	MPF_FA	0.5	194	83727	14	14	2.329450915141431	133		1
ice	MPF_FA	0.5	195	83728	14	14	2.329450915141431	81		1
ice	MPF_FA	0.5	196	44076	13	13	2.1630615640599	193		1
ice	MPF_FA	0.5	197	349678	13	13	2.1630615640599	178		1
ice	MPF_FA	0.5	198	349681	13	13	2.1630615640599	102		1
ice	MPF_FA	0.5	199	349683	13	13	2.1630615640599	88		1
ice	MPF_FA	0.5	200	5346	16	13	2.1630615640599	42		1
ice	MPF_FA	0.5	201	325122	13	13	2.1630615640599	185		1
ice	MPF_FA	0.5	202	348604	13	13	2.1630615640599	215		1
ice	MPF_FA	0.5	203	348610	13	13	2.1630615640599	126		1
ice	MPF_FA	0.5	204	105032	13	13	2.1630615640599	243		1
ice	MPF_FA	0.5	205	105058	13	13	2.1630615640599	59		1
ice	MPF_FA	0.5	206	105063	13	13	2.1630615640599	61		1
ice	MPF_FA	0.5	207	105181	13	13	2.1630615640599	169		1
ice	MPF_FA	0.5	208	30199	13	13	2.1630615640599	116		1
ice	MPF_FA	0.5	209	42340	13	13	2.1630615640599	136		1
ice	MPF_FA	0.5	210	42342	18	13	2.1630615640599	90		1
ice	MPF_FA	0.5	211	42361	13	13	2.1630615640599	203		1
ice	MPF_FA	0.5	212	44275	13	13	2.1630615640599	129		1
ice	MPF_FA	0.5	213	44276	13	13	2.1630615640599	121		1
ice	MPF_FA	0.5	214	44278	13	13	2.1630615640599	72		1
ice	MPF_FA	0.5	215	44286	13	13	2.1630615640599	132		1
ice	MPF_FA	0.5	216	44288	13	13	2.1630615640599	179		1
ice	MPF_FA	0.5	217	44290	13	13	2.1630615640599	122		1
ice	MPF_FA	0.5	218	105188	13	13	2.1630615640599	155		1
ice	MPF_FA	0.5	219	105194	13	13	2.1630615640599	136		1
ice	MPF_FA	0.5	220	105196	13	13	2.1630615640599	124		1
ice	MPF_FA	0.5	221	135693	14	13	2.1630615640599	250		1
ice	MPF_FA	0.5	222	5248	13	13	2.1630615640599	80		1
ice	MPF_FA	0.5	223	5295	13	13	2.1630615640599	56		1
ice	MPF_FA	0.5	224	5297	13	13	2.1630615640599	103		1
ice	MPF_FA	0.5	225	5299	13	13	2.1630615640599	168		1
ice	MPF_FA	0.5	226	8642	13	13	2.1630615640599	43		1
ice	MPF_FA	0.5	227	20728	13	13	2.1630615640599	74		1
ice	MPF_FA	0.5	228	27745	13	13	2.1630615640599	123		1
ice	MPF_FA	0.5	229	27763	13	13	2.1630615640599	161		1
ice	MPF_FA	0.5	230	127650	13	13	2.1630615640599	192		1
ice	MPF_FA	0.5	231	281530	13	13	2.1630615640599	49		1
ice	MPF_FA	0.5	232	305751	13	13	2.1630615640599	215		1
ice	MPF_FA	0.5	233	131207	13	13	2.1630615640599	158		1
ice	MPF_FA	0.5	234	156838	24	13	2.1630615640599	224		1
ice	MPF_FA	0.5	235	168379	13	13	2.1630615640599	150		1
ice	MPF_FA	0.5	236	307442	13	13	2.1630615640599	207		1
ice	MPF_FA	0.5	237	37692	13	13	2.1630615640599	39		1
ice	MPF_FA	0.5	238	73567	12	12	1.9966722129783694	227		1
ice	MPF_FA	0.5	239	30123	12	12	1.9966722129783694	62		1
ice	MPF_FA	0.5	240	254295	13	12	1.9966722129783694	129		1
ice	MPF_FA	0.5	241	292	12	12	1.9966722129783694	232		1
ice	MPF_FA	0.5	242	1019	12	12	1.9966722129783694	74		1
ice	MPF_FA	0.5	243	1033	12	12	1.9966722129783694	122		1
ice	MPF_FA	0.5	244	1034	12	12	1.9966722129783694	110		1
ice	MPF_FA	0.5	245	243831	12	12	1.9966722129783694	201		1
ice	MPF_FA	0.5	246	340614	12	12	1.9966722129783694	59		1
ice	MPF_FA	0.5	247	127612	12	12	1.9966722129783694	220		1
ice	MPF_FA	0.5	248	95153	12	12	1.9966722129783694	99		1
ice	MPF_FA	0.5	249	105053	12	12	1.9966722129783694	38		1
ice	MPF_FA	0.5	250	159075	12	12	1.9966722129783694	127		1
ice	MPF_FA	0.5	251	275477	12	12	1.9966722129783694	184		1
ice	MPF_FA	0.5	252	30178	12	12	1.9966722129783694	122		1
ice	MPF_FA	0.5	253	30179	12	12	1.9966722129783694	108		1
ice	MPF_FA	0.5	254	30180	12	12	1.9966722129783694	189		1
ice	MPF_FA	0.5	255	30181	12	12	1.9966722129783694	139		1
ice	MPF_FA	0.5	256	30183	12	12	1.9966722129783694	241		1
ice	MPF_FA	0.5	257	42339	12	12	1.9966722129783694	206		1
ice	MPF_FA	0.5	258	45549	12	12	1.9966722129783694	172		1
ice	MPF_FA	0.5	259	5249	12	12	1.9966722129783694	156		1
ice	MPF_FA	0.5	260	5285	12	12	1.9966722129783694	232		1
ice	MPF_FA	0.5	261	5287	12	12	1.9966722129783694	133		1
ice	MPF_FA	0.5	262	5289	12	12	1.9966722129783694	212		1
ice	MPF_FA	0.5	263	5298	12	12	1.9966722129783694	225		1
ice	MPF_FA	0.5	264	5303	12	12	1.9966722129783694	42		1
ice	MPF_FA	0.5	265	84875	12	12	1.9966722129783694	165		1
ice	MPF_FA	0.5	266	84886	12	12	1.9966722129783694	109		1
ice	MPF_FA	0.5	267	84891	12	12	1.9966722129783694	187		1
ice	MPF_FA	0.5	268	233730	12	12	1.9966722129783694	209		1
ice	MPF_FA	0.5	269	27739	12	12	1.9966722129783694	66		1
ice	MPF_FA	0.5	270	27740	12	12	1.9966722129783694	134		1
ice	MPF_FA	0.5	271	27741	12	12	1.9966722129783694	152		1
ice	MPF_FA	0.5	272	27742	12	12	1.9966722129783694	103		1
ice	MPF_FA	0.5	273	37389	12	12	1.9966722129783694	230		1
ice	MPF_FA	0.5	274	37671	12	12	1.9966722129783694	209		1
ice	MPF_FA	0.5	275	37674	12	12	1.9966722129783694	250		1
ice	MPF_FA	0.5	276	248499	12	12	1.9966722129783694	244		1
ice	MPF_FA	0.5	277	32917	12	12	1.9966722129783694	232		1
ice	MPF_FA	0.5	278	83729	12	12	1.9966722129783694	61		1
ice	MPF_FA	0.5	279	340715	12	12	1.9966722129783694	70		1
ice	MPF_FA	0.5	280	42449	11	11	1.8302828618968385	49		1
ice	MPF_FA	0.5	281	51831	11	11	1.8302828618968385	99		1
ice	MPF_FA	0.5	282	25238	11	11	1.8302828618968385	157		1
ice	MPF_FA	0.5	283	30113	11	11	1.8302828618968385	47		1
ice	MPF_FA	0.5	284	30115	11	11	1.8302828618968385	186		1
ice	MPF_FA	0.5	285	30118	11	11	1.8302828618968385	213		1
ice	MPF_FA	0.5	286	30120	11	11	1.8302828618968385	151		1
ice	MPF_FA	0.5	287	170139	11	11	1.8302828618968385	103		1
ice	MPF_FA	0.5	288	300	11	11	1.8302828618968385	109		1
ice	MPF_FA	0.5	289	301	11	11	1.8302828618968385	213		1
ice	MPF_FA	0.5	290	1010	11	11	1.8302828618968385	118		1
ice	MPF_FA	0.5	291	1011	11	11	1.8302828618968385	178		1
ice	MPF_FA	0.5	292	1012	11	11	1.8302828618968385	74		1
ice	MPF_FA	0.5	293	1022	11	11	1.8302828618968385	183		1
ice	MPF_FA	0.5	294	1026	11	11	1.8302828618968385	204		1
ice	MPF_FA	0.5	295	1037	11	11	1.8302828618968385	50		1
ice	MPF_FA	0.5	296	1041	11	11	1.8302828618968385	83		1
ice	MPF_FA	0.5	297	243829	11	11	1.8302828618968385	106		1
ice	MPF_FA	0.5	298	348623	11	11	1.8302828618968385	130		1
ice	MPF_FA	0.5	299	127604	11	11	1.8302828618968385	77		1
ice	MPF_FA	0.5	300	110630	11	11	1.8302828618968385	236		1
ice	MPF_FA	0.5	301	30147	11	11	1.8302828618968385	194		1
ice	MPF_FA	0.5	302	30152	11	11	1.8302828618968385	189		1
ice	MPF_FA	0.5	303	30156	11	11	1.8302828618968385	107		1
ice	MPF_FA	0.5	304	30157	11	11	1.8302828618968385	60		1
ice	MPF_FA	0.5	305	30164	11	11	1.8302828618968385	151		1
ice	MPF_FA	0.5	306	30167	11	11	1.8302828618968385	149		1
ice	MPF_FA	0.5	307	30176	11	11	1.8302828618968385	85		1
ice	MPF_FA	0.5	308	30177	11	11	1.8302828618968385	112		1
ice	MPF_FA	0.5	309	30192	11	11	1.8302828618968385	70		1
ice	MPF_FA	0.5	310	30193	11	11	1.8302828618968385	249		1
ice	MPF_FA	0.5	311	30195	11	11	1.8302828618968385	62		1
ice	MPF_FA	0.5	312	30196	11	11	1.8302828618968385	126		1
ice	MPF_FA	0.5	313	30197	11	11	1.8302828618968385	123		1
ice	MPF_FA	0.5	314	30200	11	11	1.8302828618968385	115		1
ice	MPF_FA	0.5	315	367125	11	11	1.8302828618968385	121		1
ice	MPF_FA	0.5	316	91559	11	11	1.8302828618968385	88		1
ice	MPF_FA	0.5	317	367496	11	11	1.8302828618968385	121		1
ice	MPF_FA	0.5	318	38029	12	11	1.8302828618968385	67		1
ice	MPF_FA	0.5	319	5273	11	11	1.8302828618968385	194		1
ice	MPF_FA	0.5	320	5274	11	11	1.8302828618968385	88		1
ice	MPF_FA	0.5	321	5275	11	11	1.8302828618968385	31		1
ice	MPF_FA	0.5	322	5276	11	11	1.8302828618968385	41		1
ice	MPF_FA	0.5	323	5278	11	11	1.8302828618968385	237		1
ice	MPF_FA	0.5	324	5301	11	11	1.8302828618968385	55		1
ice	MPF_FA	0.5	325	5302	11	11	1.8302828618968385	108		1
ice	MPF_FA	0.5	326	5326	11	11	1.8302828618968385	141		1
ice	MPF_FA	0.5	327	5329	11	11	1.8302828618968385	237		1
ice	MPF_FA	0.5	328	5333	11	11	1.8302828618968385	165		1
ice	MPF_FA	0.5	329	12308	11	11	1.8302828618968385	232		1
ice	MPF_FA	0.5	330	161890	11	11	1.8302828618968385	125		1
ice	MPF_FA	0.5	331	12359	11	11	1.8302828618968385	126		1
ice	MPF_FA	0.5	332	12361	11	11	1.8302828618968385	195		1
ice	MPF_FA	0.5	333	12461	11	11	1.8302828618968385	122		1
ice	MPF_FA	0.5	334	251711	11	11	1.8302828618968385	107		1
ice	MPF_FA	0.5	335	261604	11	11	1.8302828618968385	241		1
ice	MPF_FA	0.5	336	275167	11	11	1.8302828618968385	84		1
ice	MPF_FA	0.5	337	110720	11	11	1.8302828618968385	247		1
ice	MPF_FA	0.5	338	60210	11	11	1.8302828618968385	231		1
ice	MPF_FA	0.5	339	375052	11	11	1.8302828618968385	210		1
ice	MPF_FA	0.5	340	79022	10	10	1.663893510815308	163		1
ice	MPF_FA	0.5	341	30119	10	10	1.663893510815308	161		1
ice	MPF_FA	0.5	342	10	10	10	1.663893510815308	72		1
ice	MPF_FA	0.5	343	22	10	10	1.663893510815308	39		1
ice	MPF_FA	0.5	344	293	10	10	1.663893510815308	122		1
ice	MPF_FA	0.5	345	302	10	10	1.663893510815308	209		1
ice	MPF_FA	0.5	346	198057	10	10	1.663893510815308	87		1
ice	MPF_FA	0.5	347	370900	10	10	1.663893510815308	60		1
ice	MPF_FA	0.5	348	127572	11	10	1.663893510815308	67		1
ice	MPF_FA	0.5	349	172215	10	10	1.663893510815308	86		1
ice	MPF_FA	0.5	350	46539	10	10	1.663893510815308	89		1
ice	MPF_FA	0.5	351	92355	10	10	1.663893510815308	60		1
ice	MPF_FA	0.5	352	105084	10	10	1.663893510815308	51		1
ice	MPF_FA	0.5	353	105132	10	10	1.663893510815308	230		1
ice	MPF_FA	0.5	354	110634	10	10	1.663893510815308	163		1
ice	MPF_FA	0.5	355	111921	10	10	1.663893510815308	92		1
ice	MPF_FA	0.5	356	346749	10	10	1.663893510815308	172		1
ice	MPF_FA	0.5	357	30150	10	10	1.663893510815308	65		1
ice	MPF_FA	0.5	358	30161	10	10	1.663893510815308	169		1
ice	MPF_FA	0.5	359	30170	10	10	1.663893510815308	85		1
ice	MPF_FA	0.5	360	30171	10	10	1.663893510815308	123		1
ice	MPF_FA	0.5	361	30172	10	10	1.663893510815308	108		1
ice	MPF_FA	0.5	362	42367	10	10	1.663893510815308	200		1
ice	MPF_FA	0.5	363	63266	10	10	1.663893510815308	77		1
ice	MPF_FA	0.5	364	20645	10	10	1.663893510815308	159		1
ice	MPF_FA	0.5	365	350132	11	10	1.663893510815308	139		1
ice	MPF_FA	0.5	366	32866	10	10	1.663893510815308	166		1
ice	MPF_FA	0.5	367	103996	10	10	1.663893510815308	105		1
ice	MPF_FA	0.5	368	105208	10	10	1.663893510815308	97		1
ice	MPF_FA	0.5	369	5220	10	10	1.663893510815308	156		1
ice	MPF_FA	0.5	370	5224	10	10	1.663893510815308	140		1
ice	MPF_FA	0.5	371	5226	10	10	1.663893510815308	171		1
ice	MPF_FA	0.5	372	5228	10	10	1.663893510815308	183		1
ice	MPF_FA	0.5	373	5229	10	10	1.663893510815308	71		1
ice	MPF_FA	0.5	374	5232	10	10	1.663893510815308	138		1
ice	MPF_FA	0.5	375	5235	10	10	1.663893510815308	209		1
ice	MPF_FA	0.5	376	5237	10	10	1.663893510815308	191		1
ice	MPF_FA	0.5	377	5270	10	10	1.663893510815308	222		1
ice	MPF_FA	0.5	378	13556	10	10	1.663893510815308	138		1
ice	MPF_FA	0.5	379	23802	10	10	1.663893510815308	88		1
ice	MPF_FA	0.5	380	23812	10	10	1.663893510815308	234		1
ice	MPF_FA	0.5	381	5215	10	10	1.663893510815308	170		1
ice	MPF_FA	0.5	382	5216	10	10	1.663893510815308	175		1
ice	MPF_FA	0.5	383	37679	10	10	1.663893510815308	129		1
ice	MPF_FA	0.5	384	261670	10	10	1.663893510815308	91		1
ice	MPF_FA	0.5	385	295132	10	10	1.663893510815308	156		1
ice	MPF_FA	0.5	386	131197	10	10	1.663893510815308	163		1
ice	MPF_FA	0.5	387	131200	10	10	1.663893510815308	180		1
ice	MPF_FA	0.5	388	131210	10	10	1.663893510815308	122		1
ice	MPF_FA	0.5	389	220921	10	10	1.663893510815308	169		1
ice	MPF_FA	0.5	390	60219	10	10	1.663893510815308	133		1
ice	MPF_FA	0.5	391	209989	10	10	1.663893510815308	233		1
ice	MPF_FA	0.5	392	83542	10	10	1.663893510815308	98		1
ice	MPF_FA	0.5	393	83544	10	10	1.663893510815308	165		1
ice	MPF_FA	0.5	394	83696	10	10	1.663893510815308	103		1
ice	MPF_FA	0.5	395	83698	10	10	1.663893510815308	181		1
ice	MPF_FA	0.5	396	83699	10	10	1.663893510815308	166		1
ice	MPF_FA	0.5	397	83700	10	10	1.663893510815308	43		1
ice	MPF_FA	0.5	398	83701	10	10	1.663893510815308	92		1
ice	MPF_FA	0.5	399	83702	10	10	1.663893510815308	114		1
ice	MPF_FA	0.5	400	83711	10	10	1.663893510815308	85		1
ice	MPF_FA	0.7	1	353842	216	216	35.940099833610645	76		1
ice	MPF_FA	0.7	2	35497	201	199	33.11148086522463	67		1
ice	MPF_FA	0.7	3	277	197	197	32.77870216306157	117		1
ice	MPF_FA	0.7	4	5254	182	182	30.282861896838604	165		1
ice	MPF_FA	0.7	5	22600	164	164	27.28785357737105	140		1
ice	MPF_FA	0.7	6	276	80	80	13.311148086522463	62		1
ice	MPF_FA	0.7	7	307276	66	66	10.98169717138103	167		1
ice	MPF_FA	0.7	8	172739	64	64	10.64891846921797	111		1
ice	MPF_FA	0.7	9	39549	61	61	10.149750415973378	45		1
ice	MPF_FA	0.7	10	45557	57	56	9.317803660565724	167		1
ice	MPF_FA	0.7	11	348137	57	55	9.151414309484194	164		1
ice	MPF_FA	0.7	12	44267	54	54	8.985024958402661	130		1
ice	MPF_FA	0.7	13	39551	53	53	8.81863560732113	96		1
ice	MPF_FA	0.7	14	348115	51	51	8.48585690515807	66		1
ice	MPF_FA	0.7	15	349651	51	51	8.48585690515807	174		1
ice	MPF_FA	0.7	16	79377	49	48	7.9866888519134775	44		1
ice	MPF_FA	0.7	17	305725	48	47	7.820299500831947	160		1
ice	MPF_FA	0.7	18	5312	47	46	7.653910149750416	98		1
ice	MPF_FA	0.7	19	23796	45	45	7.487520798668885	86		1
ice	MPF_FA	0.7	20	23793	44	44	7.321131447587354	100		1
ice	MPF_FA	0.7	21	63235	44	44	7.321131447587354	149		1
ice	MPF_FA	0.7	22	14754	44	44	7.321131447587354	96		1
ice	MPF_FA	0.7	23	23806	43	43	7.1547420965058235	196		1
ice	MPF_FA	0.7	24	23808	43	43	7.1547420965058235	167		1
ice	MPF_FA	0.7	25	42420	43	43	7.1547420965058235	89		1
ice	MPF_FA	0.7	26	42423	42	42	6.988352745424293	189		1
ice	MPF_FA	0.7	27	42426	42	42	6.988352745424293	138		1
ice	MPF_FA	0.7	28	42430	42	42	6.988352745424293	239		1
ice	MPF_FA	0.7	29	37719	42	42	6.988352745424293	160		1
ice	MPF_FA	0.7	30	42418	42	42	6.988352745424293	125		1
ice	MPF_FA	0.7	31	42419	43	42	6.988352745424293	59		1
ice	MPF_FA	0.7	32	8643	42	42	6.988352745424293	245		1
ice	MPF_FA	0.7	33	46550	41	41	6.821963394342762	77		1
ice	MPF_FA	0.7	34	42415	41	41	6.821963394342762	79		1
ice	MPF_FA	0.7	35	23791	40	40	6.655574043261232	94		1
ice	MPF_FA	0.7	36	76587	40	40	6.655574043261232	144		1
ice	MPF_FA	0.7	37	42396	40	40	6.655574043261232	71		1
ice	MPF_FA	0.7	38	42407	40	40	6.655574043261232	134		1
ice	MPF_FA	0.7	39	42409	40	40	6.655574043261232	110		1
ice	MPF_FA	0.7	40	42413	40	40	6.655574043261232	72		1
ice	MPF_FA	0.7	41	42414	40	40	6.655574043261232	153		1
ice	MPF_FA	0.7	42	162010	39	39	6.4891846921797	160		1
ice	MPF_FA	0.7	43	42400	38	38	6.322795341098169	210		1
ice	MPF_FA	0.7	44	42408	38	38	6.322795341098169	63		1
ice	MPF_FA	0.7	45	46551	36	36	5.990016638935108	30		1
ice	MPF_FA	0.7	46	39553	36	36	5.990016638935108	54		1
ice	MPF_FA	0.7	47	42355	52	36	5.990016638935108	96		1
ice	MPF_FA	0.7	48	14758	35	35	5.8236272878535775	212		1
ice	MPF_FA	0.7	49	79227	35	35	5.8236272878535775	224		1
ice	MPF_FA	0.7	50	76582	33	33	5.490848585690515	62		1
ice	MPF_FA	0.7	51	76606	33	33	5.490848585690515	144		1
ice	MPF_FA	0.7	52	76605	32	32	5.324459234608985	180		1
ice	MPF_FA	0.7	53	124321	29	29	4.825291181364393	97		1
ice	MPF_FA	0.7	54	196339	28	28	4.658901830282862	86		1
ice	MPF_FA	0.7	55	165911	29	27	4.492512479201331	74		1
ice	MPF_FA	0.7	56	86622	27	27	4.492512479201331	82		1
ice	MPF_FA	0.7	57	79180	27	27	4.492512479201331	100		1
ice	MPF_FA	0.7	58	327683	26	26	4.3261231281198	80		1
ice	MPF_FA	0.7	59	86637	26	26	4.3261231281198	83		1
ice	MPF_FA	0.7	60	26070	26	26	4.3261231281198	168		1
ice	MPF_FA	0.7	61	96206	26	26	4.3261231281198	82		1
ice	MPF_FA	0.7	62	9	25	25	4.159733777038269	88		1
ice	MPF_FA	0.7	63	23807	24	24	3.9933444259567388	113	DUF4467	1
ice	MPF_FA	0.7	64	26067	24	24	3.9933444259567388	108		1
ice	MPF_FA	0.7	65	258108	37	23	3.826955074875208	226		1
ice	MPF_FA	0.7	66	37013	23	23	3.826955074875208	192		1
ice	MPF_FA	0.7	67	30107	22	22	3.660565723793677	218		1
ice	MPF_FA	0.7	68	30109	22	22	3.660565723793677	217		1
ice	MPF_FA	0.7	69	37011	22	22	3.660565723793677	220		1
ice	MPF_FA	0.7	70	37012	22	22	3.660565723793677	135		1
ice	MPF_FA	0.7	71	260709	28	22	3.660565723793677	158		1
ice	MPF_FA	0.7	72	322903	21	21	3.4941763727121464	129	DUF4467	1
ice	MPF_FA	0.7	73	91527	22	21	3.4941763727121464	66		1
ice	MPF_FA	0.7	74	14451	21	21	3.4941763727121464	94		1
ice	MPF_FA	0.7	75	111460	20	20	3.327787021630616	189		1
ice	MPF_FA	0.7	76	164759	19	19	3.1613976705490847	128		1
ice	MPF_FA	0.7	77	40398	19	19	3.1613976705490847	86		1
ice	MPF_FA	0.7	78	44072	19	19	3.1613976705490847	156		1
ice	MPF_FA	0.7	79	37702	19	19	3.1613976705490847	208		1
ice	MPF_FA	0.7	80	51856	19	19	3.1613976705490847	137		1
ice	MPF_FA	0.7	81	220800	19	19	3.1613976705490847	127		1
ice	MPF_FA	0.7	82	50928	18	18	2.995008319467554	85		1
ice	MPF_FA	0.7	83	37279	18	18	2.995008319467554	52		1
ice	MPF_FA	0.7	84	37694	18	18	2.995008319467554	190		1
ice	MPF_FA	0.7	85	37695	18	18	2.995008319467554	87		1
ice	MPF_FA	0.7	86	37696	18	18	2.995008319467554	83		1
ice	MPF_FA	0.7	87	37699	18	18	2.995008319467554	193		1
ice	MPF_FA	0.7	88	14434	18	18	2.995008319467554	197		1
ice	MPF_FA	0.7	89	14448	18	18	2.995008319467554	100		1
ice	MPF_FA	0.7	90	227297	18	18	2.995008319467554	98		1
ice	MPF_FA	0.7	91	103649	17	17	2.8286189683860234	235		1
ice	MPF_FA	0.7	92	37029	17	17	2.8286189683860234	50		1
ice	MPF_FA	0.7	93	37033	17	17	2.8286189683860234	119		1
ice	MPF_FA	0.7	94	37685	17	17	2.8286189683860234	98		1
ice	MPF_FA	0.7	95	37686	17	17	2.8286189683860234	167		1
ice	MPF_FA	0.7	96	37693	17	17	2.8286189683860234	122		1
ice	MPF_FA	0.7	97	30128	28	17	2.8286189683860234	172		1
ice	MPF_FA	0.7	98	37682	17	17	2.8286189683860234	67		1
ice	MPF_FA	0.7	99	37684	17	17	2.8286189683860234	63		1
ice	MPF_FA	0.7	100	14438	17	17	2.8286189683860234	55		1
ice	MPF_FA	0.7	101	50917	16	16	2.6622296173044924	52		1
ice	MPF_FA	0.7	102	12390	16	16	2.6622296173044924	94		1
ice	MPF_FA	0.7	103	20732	16	16	2.6622296173044924	74		1
ice	MPF_FA	0.7	104	38174	16	16	2.6622296173044924	118	DUF4467	1
ice	MPF_FA	0.7	105	93128	16	16	2.6622296173044924	220		1
ice	MPF_FA	0.7	106	363949	16	16	2.6622296173044924	102		1
ice	MPF_FA	0.7	107	15865	17	16	2.6622296173044924	90		1
ice	MPF_FA	0.7	108	37691	16	16	2.6622296173044924	203		1
ice	MPF_FA	0.7	109	37743	16	16	2.6622296173044924	90		1
ice	MPF_FA	0.7	110	37792	16	16	2.6622296173044924	69		1
ice	MPF_FA	0.7	111	30822	16	16	2.6622296173044924	63		1
ice	MPF_FA	0.7	112	105093	16	16	2.6622296173044924	132		1
ice	MPF_FA	0.7	113	9196	15	15	2.4958402662229617	92		1
ice	MPF_FA	0.7	114	164817	15	15	2.4958402662229617	234		1
ice	MPF_FA	0.7	115	40381	15	15	2.4958402662229617	226		1
ice	MPF_FA	0.7	116	37036	15	15	2.4958402662229617	231		1
ice	MPF_FA	0.7	117	37042	15	15	2.4958402662229617	232		1
ice	MPF_FA	0.7	118	358089	15	15	2.4958402662229617	79		1
ice	MPF_FA	0.7	119	60223	15	15	2.4958402662229617	136		1
ice	MPF_FA	0.7	120	37741	15	15	2.4958402662229617	178		1
ice	MPF_FA	0.7	121	50966	15	15	2.4958402662229617	234		1
ice	MPF_FA	0.7	122	105097	15	15	2.4958402662229617	210		1
ice	MPF_FA	0.7	123	83727	14	14	2.329450915141431	133		1
ice	MPF_FA	0.7	124	83728	14	14	2.329450915141431	81		1
ice	MPF_FA	0.7	125	105202	14	14	2.329450915141431	152		1
ice	MPF_FA	0.7	126	105203	14	14	2.329450915141431	80		1
ice	MPF_FA	0.7	127	5291	14	14	2.329450915141431	47		1
ice	MPF_FA	0.7	128	5292	14	14	2.329450915141431	79		1
ice	MPF_FA	0.7	129	5293	14	14	2.329450915141431	138		1
ice	MPF_FA	0.7	130	9150	14	14	2.329450915141431	184		1
ice	MPF_FA	0.7	131	9152	14	14	2.329450915141431	79		1
ice	MPF_FA	0.7	132	12330	14	14	2.329450915141431	91		1
ice	MPF_FA	0.7	133	164820	14	14	2.329450915141431	232		1
ice	MPF_FA	0.7	134	12379	14	14	2.329450915141431	99		1
ice	MPF_FA	0.7	135	63347	14	14	2.329450915141431	116		1
ice	MPF_FA	0.7	136	258710	14	14	2.329450915141431	153		1
ice	MPF_FA	0.7	137	340599	14	14	2.329450915141431	68		1
ice	MPF_FA	0.7	138	340630	14	14	2.329450915141431	106		1
ice	MPF_FA	0.7	139	37040	14	14	2.329450915141431	231		1
ice	MPF_FA	0.7	140	37043	14	14	2.329450915141431	227		1
ice	MPF_FA	0.7	141	77270	14	14	2.329450915141431	232		1
ice	MPF_FA	0.7	142	27760	14	14	2.329450915141431	112		1
ice	MPF_FA	0.7	143	27762	14	14	2.329450915141431	124		1
ice	MPF_FA	0.7	144	105011	14	14	2.329450915141431	117		1
ice	MPF_FA	0.7	145	105068	14	14	2.329450915141431	62		1
ice	MPF_FA	0.7	146	363202	14	14	2.329450915141431	64		1
ice	MPF_FA	0.7	147	15817	15	14	2.329450915141431	171		1
ice	MPF_FA	0.7	148	223372	14	14	2.329450915141431	166		1
ice	MPF_FA	0.7	149	124756	14	14	2.329450915141431	118		1
ice	MPF_FA	0.7	150	105070	14	14	2.329450915141431	218		1
ice	MPF_FA	0.7	151	42356	14	14	2.329450915141431	81		1
ice	MPF_FA	0.7	152	42357	14	14	2.329450915141431	113		1
ice	MPF_FA	0.7	153	42358	14	14	2.329450915141431	164		1
ice	MPF_FA	0.7	154	42362	14	14	2.329450915141431	65		1
ice	MPF_FA	0.7	155	42366	14	14	2.329450915141431	108		1
ice	MPF_FA	0.7	156	105188	13	13	2.1630615640599	155		1
ice	MPF_FA	0.7	157	105193	13	13	2.1630615640599	163		1
ice	MPF_FA	0.7	158	105194	13	13	2.1630615640599	136		1
ice	MPF_FA	0.7	159	105196	13	13	2.1630615640599	124		1
ice	MPF_FA	0.7	160	105204	13	13	2.1630615640599	71		1
ice	MPF_FA	0.7	161	105205	13	13	2.1630615640599	104		1
ice	MPF_FA	0.7	162	5248	13	13	2.1630615640599	80		1
ice	MPF_FA	0.7	163	5288	13	13	2.1630615640599	58		1
ice	MPF_FA	0.7	164	5295	13	13	2.1630615640599	56		1
ice	MPF_FA	0.7	165	5297	13	13	2.1630615640599	103		1
ice	MPF_FA	0.7	166	5299	13	13	2.1630615640599	168		1
ice	MPF_FA	0.7	167	9193	13	13	2.1630615640599	207		1
ice	MPF_FA	0.7	168	20728	13	13	2.1630615640599	74		1
ice	MPF_FA	0.7	169	20735	13	13	2.1630615640599	77		1
ice	MPF_FA	0.7	170	76624	13	13	2.1630615640599	104		1
ice	MPF_FA	0.7	171	93144	13	13	2.1630615640599	228		1
ice	MPF_FA	0.7	172	44275	13	13	2.1630615640599	129		1
ice	MPF_FA	0.7	173	44278	13	13	2.1630615640599	72		1
ice	MPF_FA	0.7	174	44286	13	13	2.1630615640599	132		1
ice	MPF_FA	0.7	175	44288	13	13	2.1630615640599	179		1
ice	MPF_FA	0.7	176	44290	13	13	2.1630615640599	122		1
ice	MPF_FA	0.7	177	27744	13	13	2.1630615640599	97		1
ice	MPF_FA	0.7	178	27745	13	13	2.1630615640599	123		1
ice	MPF_FA	0.7	179	27746	13	13	2.1630615640599	121		1
ice	MPF_FA	0.7	180	27763	13	13	2.1630615640599	161		1
ice	MPF_FA	0.7	181	376374	13	13	2.1630615640599	209		1
ice	MPF_FA	0.7	182	37692	13	13	2.1630615640599	39		1
ice	MPF_FA	0.7	183	26049	13	13	2.1630615640599	64		1
ice	MPF_FA	0.7	184	349683	13	13	2.1630615640599	88		1
ice	MPF_FA	0.7	185	325122	13	13	2.1630615640599	185		1
ice	MPF_FA	0.7	186	5346	16	13	2.1630615640599	42		1
ice	MPF_FA	0.7	187	14432	13	13	2.1630615640599	168		1
ice	MPF_FA	0.7	188	105177	13	13	2.1630615640599	242		1
ice	MPF_FA	0.7	189	105181	13	13	2.1630615640599	169		1
ice	MPF_FA	0.7	190	42340	13	13	2.1630615640599	136		1
ice	MPF_FA	0.7	191	42342	18	13	2.1630615640599	90		1
ice	MPF_FA	0.7	192	42361	13	13	2.1630615640599	203		1
ice	MPF_FA	0.7	193	8642	13	13	2.1630615640599	43		1
ice	MPF_FA	0.7	194	83729	12	12	1.9966722129783694	61		1
ice	MPF_FA	0.7	195	5249	12	12	1.9966722129783694	156		1
ice	MPF_FA	0.7	196	5285	12	12	1.9966722129783694	232		1
ice	MPF_FA	0.7	197	5287	12	12	1.9966722129783694	133		1
ice	MPF_FA	0.7	198	5289	12	12	1.9966722129783694	212		1
ice	MPF_FA	0.7	199	5298	12	12	1.9966722129783694	225		1
ice	MPF_FA	0.7	200	5303	12	12	1.9966722129783694	42		1
ice	MPF_FA	0.7	201	30123	12	12	1.9966722129783694	62		1
ice	MPF_FA	0.7	202	254295	13	12	1.9966722129783694	129		1
ice	MPF_FA	0.7	203	44277	12	12	1.9966722129783694	38		1
ice	MPF_FA	0.7	204	44281	12	12	1.9966722129783694	146		1
ice	MPF_FA	0.7	205	44293	12	12	1.9966722129783694	144		1
ice	MPF_FA	0.7	206	82860	12	12	1.9966722129783694	113		1
ice	MPF_FA	0.7	207	27739	12	12	1.9966722129783694	66		1
ice	MPF_FA	0.7	208	27740	12	12	1.9966722129783694	134		1
ice	MPF_FA	0.7	209	27741	12	12	1.9966722129783694	152		1
ice	MPF_FA	0.7	210	27742	12	12	1.9966722129783694	103		1
ice	MPF_FA	0.7	211	105063	12	12	1.9966722129783694	61		1
ice	MPF_FA	0.7	212	304	12	12	1.9966722129783694	82		1
ice	MPF_FA	0.7	213	30125	12	12	1.9966722129783694	170		1
ice	MPF_FA	0.7	214	30180	12	12	1.9966722129783694	189		1
ice	MPF_FA	0.7	215	30181	12	12	1.9966722129783694	139		1
ice	MPF_FA	0.7	216	30186	12	12	1.9966722129783694	132		1
ice	MPF_FA	0.7	217	51099	12	12	1.9966722129783694	49		1
ice	MPF_FA	0.7	218	26062	12	12	1.9966722129783694	49		1
ice	MPF_FA	0.7	219	37671	12	12	1.9966722129783694	209		1
ice	MPF_FA	0.7	220	37674	12	12	1.9966722129783694	250		1
ice	MPF_FA	0.7	221	95153	12	12	1.9966722129783694	99		1
ice	MPF_FA	0.7	222	260415	12	12	1.9966722129783694	228		1
ice	MPF_FA	0.7	223	105071	12	12	1.9966722129783694	115		1
ice	MPF_FA	0.7	224	105082	12	12	1.9966722129783694	227		1
ice	MPF_FA	0.7	225	42339	12	12	1.9966722129783694	206		1
ice	MPF_FA	0.7	226	5218	20	11	1.8302828618968385	194		1
ice	MPF_FA	0.7	227	5272	11	11	1.8302828618968385	107		1
ice	MPF_FA	0.7	228	5273	11	11	1.8302828618968385	194		1
ice	MPF_FA	0.7	229	5274	11	11	1.8302828618968385	88		1
ice	MPF_FA	0.7	230	5275	11	11	1.8302828618968385	31		1
ice	MPF_FA	0.7	231	5276	11	11	1.8302828618968385	41		1
ice	MPF_FA	0.7	232	5278	11	11	1.8302828618968385	237		1
ice	MPF_FA	0.7	233	5301	11	11	1.8302828618968385	55		1
ice	MPF_FA	0.7	234	5302	11	11	1.8302828618968385	108		1
ice	MPF_FA	0.7	235	5326	11	11	1.8302828618968385	141		1
ice	MPF_FA	0.7	236	5329	11	11	1.8302828618968385	237		1
ice	MPF_FA	0.7	237	5333	11	11	1.8302828618968385	165		1
ice	MPF_FA	0.7	238	40306	11	11	1.8302828618968385	120	DUF4467	1
ice	MPF_FA	0.7	239	12359	11	11	1.8302828618968385	126		1
ice	MPF_FA	0.7	240	12360	11	11	1.8302828618968385	77		1
ice	MPF_FA	0.7	241	12361	11	11	1.8302828618968385	195		1
ice	MPF_FA	0.7	242	30113	11	11	1.8302828618968385	47		1
ice	MPF_FA	0.7	243	30115	11	11	1.8302828618968385	186		1
ice	MPF_FA	0.7	244	30118	11	11	1.8302828618968385	213		1
ice	MPF_FA	0.7	245	30120	11	11	1.8302828618968385	151		1
ice	MPF_FA	0.7	246	42449	11	11	1.8302828618968385	49		1
ice	MPF_FA	0.7	247	86639	11	11	1.8302828618968385	127		1
ice	MPF_FA	0.7	248	44232	12	11	1.8302828618968385	141		1
ice	MPF_FA	0.7	249	44276	11	11	1.8302828618968385	121		1
ice	MPF_FA	0.7	250	275167	11	11	1.8302828618968385	84		1
ice	MPF_FA	0.7	251	91559	11	11	1.8302828618968385	88		1
ice	MPF_FA	0.7	252	27751	11	11	1.8302828618968385	59		1
ice	MPF_FA	0.7	253	233385	11	11	1.8302828618968385	232		1
ice	MPF_FA	0.7	254	1011	11	11	1.8302828618968385	178		1
ice	MPF_FA	0.7	255	1012	11	11	1.8302828618968385	74		1
ice	MPF_FA	0.7	256	1019	11	11	1.8302828618968385	74		1
ice	MPF_FA	0.7	257	1021	11	11	1.8302828618968385	155		1
ice	MPF_FA	0.7	258	1022	11	11	1.8302828618968385	183		1
ice	MPF_FA	0.7	259	1026	11	11	1.8302828618968385	204		1
ice	MPF_FA	0.7	260	1037	11	11	1.8302828618968385	50		1
ice	MPF_FA	0.7	261	1041	11	11	1.8302828618968385	83		1
ice	MPF_FA	0.7	262	131159	11	11	1.8302828618968385	240		1
ice	MPF_FA	0.7	263	30147	11	11	1.8302828618968385	194		1
ice	MPF_FA	0.7	264	30152	11	11	1.8302828618968385	189		1
ice	MPF_FA	0.7	265	30154	11	11	1.8302828618968385	187		1
ice	MPF_FA	0.7	266	30156	11	11	1.8302828618968385	107		1
ice	MPF_FA	0.7	267	30157	11	11	1.8302828618968385	60		1
ice	MPF_FA	0.7	268	30159	11	11	1.8302828618968385	109		1
ice	MPF_FA	0.7	269	30164	11	11	1.8302828618968385	151		1
ice	MPF_FA	0.7	270	30167	11	11	1.8302828618968385	149		1
ice	MPF_FA	0.7	271	30168	11	11	1.8302828618968385	165		1
ice	MPF_FA	0.7	272	30176	11	11	1.8302828618968385	85		1
ice	MPF_FA	0.7	273	30177	11	11	1.8302828618968385	112		1
ice	MPF_FA	0.7	274	30178	11	11	1.8302828618968385	122		1
ice	MPF_FA	0.7	275	30179	11	11	1.8302828618968385	108		1
ice	MPF_FA	0.7	276	30183	11	11	1.8302828618968385	241		1
ice	MPF_FA	0.7	277	30192	11	11	1.8302828618968385	70		1
ice	MPF_FA	0.7	278	30193	11	11	1.8302828618968385	249		1
ice	MPF_FA	0.7	279	30195	11	11	1.8302828618968385	62		1
ice	MPF_FA	0.7	280	30196	11	11	1.8302828618968385	126		1
ice	MPF_FA	0.7	281	30197	11	11	1.8302828618968385	123		1
ice	MPF_FA	0.7	282	30198	22	11	1.8302828618968385	249		1
ice	MPF_FA	0.7	283	30199	11	11	1.8302828618968385	116		1
ice	MPF_FA	0.7	284	30200	11	11	1.8302828618968385	115		1
ice	MPF_FA	0.7	285	15821	12	11	1.8302828618968385	105		1
ice	MPF_FA	0.7	286	51831	11	11	1.8302828618968385	99		1
ice	MPF_FA	0.7	287	52333	12	11	1.8302828618968385	59		1
ice	MPF_FA	0.7	288	105074	11	11	1.8302828618968385	96		1
ice	MPF_FA	0.7	289	105083	11	11	1.8302828618968385	193		1
ice	MPF_FA	0.7	290	105129	11	11	1.8302828618968385	105		1
ice	MPF_FA	0.7	291	95388	11	11	1.8302828618968385	110		1
ice	MPF_FA	0.7	292	172187	11	11	1.8302828618968385	169		1
ice	MPF_FA	0.7	293	83542	10	10	1.663893510815308	98		1
ice	MPF_FA	0.7	294	83544	10	10	1.663893510815308	165		1
ice	MPF_FA	0.7	295	83696	10	10	1.663893510815308	103		1
ice	MPF_FA	0.7	296	83698	10	10	1.663893510815308	181		1
ice	MPF_FA	0.7	297	83699	10	10	1.663893510815308	166		1
ice	MPF_FA	0.7	298	83700	10	10	1.663893510815308	43		1
ice	MPF_FA	0.7	299	83701	10	10	1.663893510815308	92		1
ice	MPF_FA	0.7	300	83702	10	10	1.663893510815308	114		1
ice	MPF_FA	0.7	301	83710	10	10	1.663893510815308	184		1
ice	MPF_FA	0.7	302	83711	10	10	1.663893510815308	85		1
ice	MPF_FA	0.7	303	83712	10	10	1.663893510815308	110		1
ice	MPF_FA	0.7	304	83713	10	10	1.663893510815308	182		1
ice	MPF_FA	0.7	305	83714	10	10	1.663893510815308	150		1
ice	MPF_FA	0.7	306	83718	10	10	1.663893510815308	223		1
ice	MPF_FA	0.7	307	83722	10	10	1.663893510815308	215		1
ice	MPF_FA	0.7	308	83734	10	10	1.663893510815308	137		1
ice	MPF_FA	0.7	309	83740	10	10	1.663893510815308	184		1
ice	MPF_FA	0.7	310	83771	10	10	1.663893510815308	40		1
ice	MPF_FA	0.7	311	105208	10	10	1.663893510815308	97		1
ice	MPF_FA	0.7	312	5220	10	10	1.663893510815308	156		1
ice	MPF_FA	0.7	313	5224	10	10	1.663893510815308	140		1
ice	MPF_FA	0.7	314	5226	10	10	1.663893510815308	171		1
ice	MPF_FA	0.7	315	5228	10	10	1.663893510815308	183		1
ice	MPF_FA	0.7	316	5229	10	10	1.663893510815308	71		1
ice	MPF_FA	0.7	317	5232	10	10	1.663893510815308	138		1
ice	MPF_FA	0.7	318	5234	10	10	1.663893510815308	219		1
ice	MPF_FA	0.7	319	5235	10	10	1.663893510815308	209		1
ice	MPF_FA	0.7	320	5237	10	10	1.663893510815308	191		1
ice	MPF_FA	0.7	321	5270	10	10	1.663893510815308	222		1
ice	MPF_FA	0.7	322	5271	10	10	1.663893510815308	172		1
ice	MPF_FA	0.7	323	23802	10	10	1.663893510815308	88		1
ice	MPF_FA	0.7	324	13674	10	10	1.663893510815308	244		1
ice	MPF_FA	0.7	325	30119	10	10	1.663893510815308	161		1
ice	MPF_FA	0.7	326	111062	10	10	1.663893510815308	108		1
ice	MPF_FA	0.7	327	111065	10	10	1.663893510815308	82		1
ice	MPF_FA	0.7	328	60210	10	10	1.663893510815308	231		1
ice	MPF_FA	0.7	329	60213	10	10	1.663893510815308	171		1
ice	MPF_FA	0.7	330	60215	10	10	1.663893510815308	244		1
ice	MPF_FA	0.7	331	60216	10	10	1.663893510815308	121		1
ice	MPF_FA	0.7	332	60219	10	10	1.663893510815308	133		1
ice	MPF_FA	0.7	333	105060	10	10	1.663893510815308	118		1
ice	MPF_FA	0.7	334	292	10	10	1.663893510815308	232		1
ice	MPF_FA	0.7	335	300	10	10	1.663893510815308	109		1
ice	MPF_FA	0.7	336	301	10	10	1.663893510815308	213		1
ice	MPF_FA	0.7	337	302	10	10	1.663893510815308	209		1
ice	MPF_FA	0.7	338	306	10	10	1.663893510815308	196		1
ice	MPF_FA	0.7	339	103996	10	10	1.663893510815308	105		1
ice	MPF_FA	0.7	340	30150	10	10	1.663893510815308	65		1
ice	MPF_FA	0.7	341	30161	10	10	1.663893510815308	169		1
ice	MPF_FA	0.7	342	30170	10	10	1.663893510815308	85		1
ice	MPF_FA	0.7	343	30171	10	10	1.663893510815308	123		1
ice	MPF_FA	0.7	344	30172	10	10	1.663893510815308	108		1
ice	MPF_FA	0.7	345	32865	10	10	1.663893510815308	121		1
ice	MPF_FA	0.7	346	37679	10	10	1.663893510815308	129		1
ice	MPF_FA	0.7	347	10	10	10	1.663893510815308	72		1
ice	MPF_FA	0.7	348	105084	10	10	1.663893510815308	51		1
ice	MPF_FA	0.7	349	105132	10	10	1.663893510815308	230		1
ice	MPF_FA	0.7	350	131197	10	10	1.663893510815308	163		1
ice	MPF_FA	0.7	351	42367	10	10	1.663893510815308	200		1
ice	MPF_FA	0.7	352	79022	10	10	1.663893510815308	163		1
ice	MPF_FA	0.7	353	5213	10	10	1.663893510815308	203		1
ice	MPF_FA	0.7	354	5215	10	10	1.663893510815308	170		1
ice	MPF_FA	0.7	355	5216	10	10	1.663893510815308	175		1
ice	MPF_FA	0.7	356	13605	10	10	1.663893510815308	250		1
ice	MPF_FA	0.7	357	83705	9	9	1.497504159733777	72		1
ice	MPF_FA	0.7	358	83735	9	9	1.497504159733777	161		1
ice	MPF_FA	0.7	359	83736	9	9	1.497504159733777	71		1
ice	MPF_FA	0.7	360	83739	9	9	1.497504159733777	163		1
ice	MPF_FA	0.7	361	83743	9	9	1.497504159733777	132		1
ice	MPF_FA	0.7	362	83744	9	9	1.497504159733777	236		1
ice	MPF_FA	0.7	363	65813	9	9	1.497504159733777	145		1
ice	MPF_FA	0.7	364	105207	9	9	1.497504159733777	42		1
ice	MPF_FA	0.7	365	5238	9	9	1.497504159733777	92		1
ice	MPF_FA	0.7	366	5268	9	9	1.497504159733777	160		1
ice	MPF_FA	0.7	367	23799	9	9	1.497504159733777	57		1
ice	MPF_FA	0.7	368	23801	9	9	1.497504159733777	47		1
ice	MPF_FA	0.7	369	100548	9	9	1.497504159733777	60		1
ice	MPF_FA	0.7	370	12326	9	9	1.497504159733777	97		1
ice	MPF_FA	0.7	371	13703	9	9	1.497504159733777	166		1
ice	MPF_FA	0.7	372	50899	9	9	1.497504159733777	55		1
ice	MPF_FA	0.7	373	50916	9	9	1.497504159733777	103		1
ice	MPF_FA	0.7	374	12404	9	9	1.497504159733777	118		1
ice	MPF_FA	0.7	375	12462	9	9	1.497504159733777	99		1
ice	MPF_FA	0.7	376	63366	9	9	1.497504159733777	62		1
ice	MPF_FA	0.7	377	111051	9	9	1.497504159733777	174		1
ice	MPF_FA	0.7	378	111076	9	9	1.497504159733777	86		1
ice	MPF_FA	0.7	379	65646	9	9	1.497504159733777	83		1
ice	MPF_FA	0.7	380	188435	9	9	1.497504159733777	84		1
ice	MPF_FA	0.7	381	86640	9	9	1.497504159733777	171		1
ice	MPF_FA	0.7	382	46561	9	9	1.497504159733777	49		1
ice	MPF_FA	0.7	383	131248	9	9	1.497504159733777	104		1
ice	MPF_FA	0.7	384	131252	9	9	1.497504159733777	89		1
ice	MPF_FA	0.7	385	131304	9	9	1.497504159733777	158		1
ice	MPF_FA	0.7	386	105049	9	9	1.497504159733777	126		1
ice	MPF_FA	0.7	387	105058	9	9	1.497504159733777	59		1
ice	MPF_FA	0.7	388	105061	9	9	1.497504159733777	178		1
ice	MPF_FA	0.7	389	105065	9	9	1.497504159733777	102		1
ice	MPF_FA	0.7	390	73567	9	9	1.497504159733777	225		1
ice	MPF_FA	0.7	391	293	9	9	1.497504159733777	122		1
ice	MPF_FA	0.7	392	297	9	9	1.497504159733777	185		1
ice	MPF_FA	0.7	393	307	9	9	1.497504159733777	138		1
ice	MPF_FA	0.7	394	1010	9	9	1.497504159733777	118		1
ice	MPF_FA	0.7	395	271839	9	9	1.497504159733777	139		1
ice	MPF_FA	0.7	396	352460	9	9	1.497504159733777	113		1
ice	MPF_FA	0.7	397	87052	9	9	1.497504159733777	220		1
ice	MPF_FA	0.7	398	30162	9	9	1.497504159733777	64		1
ice	MPF_FA	0.7	399	51873	9	9	1.497504159733777	79		1
ice	MPF_FA	0.7	400	124730	9	9	1.497504159733777	50		1
ice	MPF_FATA	0.5	1	353854	83	81	15.75875486381323	165		1
ice	MPF_FATA	0.5	2	35497	76	76	14.785992217898833	67		1
ice	MPF_FATA	0.5	3	269269	70	68	13.229571984435797	117		1
ice	MPF_FATA	0.5	4	31653	69	68	13.229571984435797	118		1
ice	MPF_FATA	0.5	5	22629	68	68	13.229571984435797	103		1
ice	MPF_FATA	0.5	6	209	66	64	12.45136186770428	121		1
ice	MPF_FATA	0.5	7	114575	69	63	12.256809338521402	137		1
ice	MPF_FATA	0.5	8	10984	64	58	11.284046692607005	119		1
ice	MPF_FATA	0.5	9	75380	57	57	11.089494163424124	76		1
ice	MPF_FATA	0.5	10	121789	55	55	10.700389105058365	139		1
ice	MPF_FATA	0.5	11	45265	56	51	9.922178988326849	74		1
ice	MPF_FATA	0.5	12	253450	48	48	9.33852140077821	87		1
ice	MPF_FATA	0.5	13	112831	57	48	9.33852140077821	158		1
ice	MPF_FATA	0.5	14	252493	48	47	9.14396887159533	245		1
ice	MPF_FATA	0.5	15	98411	45	44	8.560311284046692	98		1
ice	MPF_FATA	0.5	16	258167	41	41	7.976653696498055	77		1
ice	MPF_FATA	0.5	17	45301	41	40	7.782101167315175	99		1
ice	MPF_FATA	0.5	18	265042	41	37	7.198443579766537	70		1
ice	MPF_FATA	0.5	19	235010	67	37	7.198443579766537	227		1
ice	MPF_FATA	0.5	20	13684	34	33	6.42023346303502	63		1
ice	MPF_FATA	0.5	21	253426	33	33	6.42023346303502	93		1
ice	MPF_FATA	0.5	22	30831	32	32	6.22568093385214	62		1
ice	MPF_FATA	0.5	23	124678	33	32	6.22568093385214	218		1
ice	MPF_FATA	0.5	24	227877	45	32	6.22568093385214	96		1
ice	MPF_FATA	0.5	25	375381	32	31	6.031128404669261	53		1
ice	MPF_FATA	0.5	26	383435	30	30	5.836575875486381	57		1
ice	MPF_FATA	0.5	27	13828	27	27	5.252918287937743	171		1
ice	MPF_FATA	0.5	28	10973	26	26	5.058365758754864	63		1
ice	MPF_FATA	0.5	29	351469	26	26	5.058365758754864	121		1
ice	MPF_FATA	0.5	30	74338	25	25	4.863813229571984	195		1
ice	MPF_FATA	0.5	31	11001	25	25	4.863813229571984	94		1
ice	MPF_FATA	0.5	32	375679	25	25	4.863813229571984	246		1
ice	MPF_FATA	0.5	33	199450	42	25	4.863813229571984	226		1
ice	MPF_FATA	0.5	34	36407	25	25	4.863813229571984	125		1
ice	MPF_FATA	0.5	35	24297	24	24	4.669260700389105	217		1
ice	MPF_FATA	0.5	36	39321	24	24	4.669260700389105	141		1
ice	MPF_FATA	0.5	37	13686	24	24	4.669260700389105	196		1
ice	MPF_FATA	0.5	38	325711	24	24	4.669260700389105	76		1
ice	MPF_FATA	0.5	39	31229	24	24	4.669260700389105	124		1
ice	MPF_FATA	0.5	40	348698	24	24	4.669260700389105	130		1
ice	MPF_FATA	0.5	41	263313	25	24	4.669260700389105	90		1
ice	MPF_FATA	0.5	42	109317	23	23	4.474708171206226	243		1
ice	MPF_FATA	0.5	43	368542	24	23	4.474708171206226	105		1
ice	MPF_FATA	0.5	44	28274	25	23	4.474708171206226	247		1
ice	MPF_FATA	0.5	45	13697	23	23	4.474708171206226	127		1
ice	MPF_FATA	0.5	46	336475	24	23	4.474708171206226	141		1
ice	MPF_FATA	0.5	47	70265	22	22	4.280155642023346	92		1
ice	MPF_FATA	0.5	48	351470	22	22	4.280155642023346	166		1
ice	MPF_FATA	0.5	49	37279	21	21	4.085603112840467	52		1
ice	MPF_FATA	0.5	50	367103	21	21	4.085603112840467	171		1
ice	MPF_FATA	0.5	51	185774	24	21	4.085603112840467	99		1
ice	MPF_FATA	0.5	52	25455	22	21	4.085603112840467	124		1
ice	MPF_FATA	0.5	53	225814	21	21	4.085603112840467	109		1
ice	MPF_FATA	0.5	54	134823	21	21	4.085603112840467	75		1
ice	MPF_FATA	0.5	55	38056	21	21	4.085603112840467	44		1
ice	MPF_FATA	0.5	56	148592	20	20	3.8910505836575875	236		1
ice	MPF_FATA	0.5	57	359621	20	20	3.8910505836575875	188		1
ice	MPF_FATA	0.5	58	13695	20	20	3.8910505836575875	194		1
ice	MPF_FATA	0.5	59	252494	21	20	3.8910505836575875	244		1
ice	MPF_FATA	0.5	60	38060	20	20	3.8910505836575875	160		1
ice	MPF_FATA	0.5	61	71707	20	20	3.8910505836575875	98		1
ice	MPF_FATA	0.5	62	227	20	19	3.6964980544747084	230		1
ice	MPF_FATA	0.5	63	44197	19	19	3.6964980544747084	72		1
ice	MPF_FATA	0.5	64	98381	19	19	3.6964980544747084	164		1
ice	MPF_FATA	0.5	65	8557	20	19	3.6964980544747084	172		1
ice	MPF_FATA	0.5	66	8559	19	19	3.6964980544747084	61		1
ice	MPF_FATA	0.5	67	156743	19	19	3.6964980544747084	98		1
ice	MPF_FATA	0.5	68	21818	19	19	3.6964980544747084	65		1
ice	MPF_FATA	0.5	69	22724	20	19	3.6964980544747084	62		1
ice	MPF_FATA	0.5	70	96206	19	19	3.6964980544747084	81		1
ice	MPF_FATA	0.5	71	248052	18	18	3.501945525291829	113		1
ice	MPF_FATA	0.5	72	30978	19	18	3.501945525291829	134		1
ice	MPF_FATA	0.5	73	359629	18	18	3.501945525291829	90		1
ice	MPF_FATA	0.5	74	253419	18	18	3.501945525291829	250		1
ice	MPF_FATA	0.5	75	357951	17	17	3.307392996108949	232		1
ice	MPF_FATA	0.5	76	284479	17	17	3.307392996108949	109		1
ice	MPF_FATA	0.5	77	34168	17	17	3.307392996108949	217		1
ice	MPF_FATA	0.5	78	24295	17	17	3.307392996108949	37		1
ice	MPF_FATA	0.5	79	85191	17	17	3.307392996108949	195		1
ice	MPF_FATA	0.5	80	249700	17	17	3.307392996108949	183		1
ice	MPF_FATA	0.5	81	266781	17	17	3.307392996108949	128		1
ice	MPF_FATA	0.5	82	45324	17	17	3.307392996108949	85		1
ice	MPF_FATA	0.5	83	341653	16	16	3.11284046692607	200		1
ice	MPF_FATA	0.5	84	12379	16	16	3.11284046692607	99		1
ice	MPF_FATA	0.5	85	25382	16	16	3.11284046692607	110		1
ice	MPF_FATA	0.5	86	171200	19	16	3.11284046692607	62		1
ice	MPF_FATA	0.5	87	2790	16	16	3.11284046692607	72		1
ice	MPF_FATA	0.5	88	5946	17	16	3.11284046692607	74		1
ice	MPF_FATA	0.5	89	211672	16	16	3.11284046692607	141		1
ice	MPF_FATA	0.5	90	37087	23	16	3.11284046692607	107		1
ice	MPF_FATA	0.5	91	74336	47	15	2.9182879377431905	106		1
ice	MPF_FATA	0.5	92	357937	15	15	2.9182879377431905	248		1
ice	MPF_FATA	0.5	93	336289	15	15	2.9182879377431905	186		1
ice	MPF_FATA	0.5	94	355325	15	15	2.9182879377431905	193		1
ice	MPF_FATA	0.5	95	527	15	15	2.9182879377431905	202		1
ice	MPF_FATA	0.5	96	27864	18	15	2.9182879377431905	103		1
ice	MPF_FATA	0.5	97	27869	15	15	2.9182879377431905	92		1
ice	MPF_FATA	0.5	98	27904	40	15	2.9182879377431905	156		1
ice	MPF_FATA	0.5	99	70326	15	15	2.9182879377431905	209		1
ice	MPF_FATA	0.5	100	2793	15	15	2.9182879377431905	111		1
ice	MPF_FATA	0.5	101	2800	15	15	2.9182879377431905	88		1
ice	MPF_FATA	0.5	102	307423	16	15	2.9182879377431905	74		1
ice	MPF_FATA	0.5	103	95118	15	15	2.9182879377431905	220		1
ice	MPF_FATA	0.5	104	13559	15	15	2.9182879377431905	60		1
ice	MPF_FATA	0.5	105	13562	15	15	2.9182879377431905	193		1
ice	MPF_FATA	0.5	106	13569	15	15	2.9182879377431905	199		1
ice	MPF_FATA	0.5	107	355938	15	15	2.9182879377431905	63		1
ice	MPF_FATA	0.5	108	249669	15	15	2.9182879377431905	94		1
ice	MPF_FATA	0.5	109	266765	15	15	2.9182879377431905	59		1
ice	MPF_FATA	0.5	110	28352	16	15	2.9182879377431905	140		1
ice	MPF_FATA	0.5	111	31215	15	15	2.9182879377431905	119		1
ice	MPF_FATA	0.5	112	211973	15	15	2.9182879377431905	139		1
ice	MPF_FATA	0.5	113	24344	15	15	2.9182879377431905	237		1
ice	MPF_FATA	0.5	114	24348	15	15	2.9182879377431905	165		1
ice	MPF_FATA	0.5	115	24361	18	15	2.9182879377431905	42		1
ice	MPF_FATA	0.5	116	97829	20	15	2.9182879377431905	69		1
ice	MPF_FATA	0.5	117	37140	14	14	2.7237354085603114	57		1
ice	MPF_FATA	0.5	118	25453	14	14	2.7237354085603114	170		1
ice	MPF_FATA	0.5	119	329263	14	14	2.7237354085603114	132		1
ice	MPF_FATA	0.5	120	99696	15	14	2.7237354085603114	116		1
ice	MPF_FATA	0.5	121	6743	14	14	2.7237354085603114	186		1
ice	MPF_FATA	0.5	122	378498	14	14	2.7237354085603114	157		1
ice	MPF_FATA	0.5	123	266623	14	14	2.7237354085603114	78		1
ice	MPF_FATA	0.5	124	223037	14	14	2.7237354085603114	89		1
ice	MPF_FATA	0.5	125	21789	14	14	2.7237354085603114	249		1
ice	MPF_FATA	0.5	126	21793	14	14	2.7237354085603114	90		1
ice	MPF_FATA	0.5	127	30639	14	14	2.7237354085603114	221		1
ice	MPF_FATA	0.5	128	31070	14	14	2.7237354085603114	107		1
ice	MPF_FATA	0.5	129	24302	14	14	2.7237354085603114	50		1
ice	MPF_FATA	0.5	130	24398	14	14	2.7237354085603114	241		1
ice	MPF_FATA	0.5	131	355817	15	14	2.7237354085603114	132		1
ice	MPF_FATA	0.5	132	6816	14	14	2.7237354085603114	193		1
ice	MPF_FATA	0.5	133	213048	13	13	2.529182879377432	119		1
ice	MPF_FATA	0.5	134	24291	13	13	2.529182879377432	212		1
ice	MPF_FATA	0.5	135	369311	13	13	2.529182879377432	74		1
ice	MPF_FATA	0.5	136	14656	13	13	2.529182879377432	101		1
ice	MPF_FATA	0.5	137	12361	13	13	2.529182879377432	195		1
ice	MPF_FATA	0.5	138	74293	13	13	2.529182879377432	192		1
ice	MPF_FATA	0.5	139	74304	13	13	2.529182879377432	82		1
ice	MPF_FATA	0.5	140	35887	13	13	2.529182879377432	145		1
ice	MPF_FATA	0.5	141	27890	13	13	2.529182879377432	82		1
ice	MPF_FATA	0.5	142	6742	13	13	2.529182879377432	113		1
ice	MPF_FATA	0.5	143	6744	13	13	2.529182879377432	248		1
ice	MPF_FATA	0.5	144	6745	13	13	2.529182879377432	101		1
ice	MPF_FATA	0.5	145	6748	13	13	2.529182879377432	205		1
ice	MPF_FATA	0.5	146	6750	13	13	2.529182879377432	204		1
ice	MPF_FATA	0.5	147	6752	13	13	2.529182879377432	231		1
ice	MPF_FATA	0.5	148	6758	13	13	2.529182879377432	109		1
ice	MPF_FATA	0.5	149	6759	13	13	2.529182879377432	121		1
ice	MPF_FATA	0.5	150	6766	13	13	2.529182879377432	111		1
ice	MPF_FATA	0.5	151	6784	13	13	2.529182879377432	71		1
ice	MPF_FATA	0.5	152	6785	13	13	2.529182879377432	146		1
ice	MPF_FATA	0.5	153	6787	13	13	2.529182879377432	192		1
ice	MPF_FATA	0.5	154	6790	13	13	2.529182879377432	206		1
ice	MPF_FATA	0.5	155	6791	13	13	2.529182879377432	231		1
ice	MPF_FATA	0.5	156	6792	13	13	2.529182879377432	211		1
ice	MPF_FATA	0.5	157	6795	13	13	2.529182879377432	201		1
ice	MPF_FATA	0.5	158	6798	13	13	2.529182879377432	218		1
ice	MPF_FATA	0.5	159	6801	13	13	2.529182879377432	155		1
ice	MPF_FATA	0.5	160	6802	13	13	2.529182879377432	144		1
ice	MPF_FATA	0.5	161	6803	13	13	2.529182879377432	78		1
ice	MPF_FATA	0.5	162	24468	13	13	2.529182879377432	185		1
ice	MPF_FATA	0.5	163	76882	13	13	2.529182879377432	172		1
ice	MPF_FATA	0.5	164	76892	13	13	2.529182879377432	108		1
ice	MPF_FATA	0.5	165	76921	13	13	2.529182879377432	239		1
ice	MPF_FATA	0.5	166	76947	13	13	2.529182879377432	107		1
ice	MPF_FATA	0.5	167	8592	13	13	2.529182879377432	80		1
ice	MPF_FATA	0.5	168	2801	13	13	2.529182879377432	58		1
ice	MPF_FATA	0.5	169	2802	13	13	2.529182879377432	75		1
ice	MPF_FATA	0.5	170	2805	13	13	2.529182879377432	139		1
ice	MPF_FATA	0.5	171	2809	13	13	2.529182879377432	111		1
ice	MPF_FATA	0.5	172	2810	13	13	2.529182879377432	198		1
ice	MPF_FATA	0.5	173	2813	13	13	2.529182879377432	214		1
ice	MPF_FATA	0.5	174	6602	13	13	2.529182879377432	231		1
ice	MPF_FATA	0.5	175	351704	14	13	2.529182879377432	134		1
ice	MPF_FATA	0.5	176	129982	14	13	2.529182879377432	72		1
ice	MPF_FATA	0.5	177	113767	13	13	2.529182879377432	62		1
ice	MPF_FATA	0.5	178	113773	13	13	2.529182879377432	146		1
ice	MPF_FATA	0.5	179	113774	13	13	2.529182879377432	85		1
ice	MPF_FATA	0.5	180	62749	13	13	2.529182879377432	199		1
ice	MPF_FATA	0.5	181	62751	13	13	2.529182879377432	135		1
ice	MPF_FATA	0.5	182	24138	13	13	2.529182879377432	62		1
ice	MPF_FATA	0.5	183	6685	13	13	2.529182879377432	144		1
ice	MPF_FATA	0.5	184	6686	13	13	2.529182879377432	127		1
ice	MPF_FATA	0.5	185	6696	13	13	2.529182879377432	31		1
ice	MPF_FATA	0.5	186	6698	13	13	2.529182879377432	130		1
ice	MPF_FATA	0.5	187	6701	13	13	2.529182879377432	248		1
ice	MPF_FATA	0.5	188	6702	13	13	2.529182879377432	228		1
ice	MPF_FATA	0.5	189	6703	13	13	2.529182879377432	67		1
ice	MPF_FATA	0.5	190	109321	13	13	2.529182879377432	68		1
ice	MPF_FATA	0.5	191	114040	13	13	2.529182879377432	150		1
ice	MPF_FATA	0.5	192	221656	13	13	2.529182879377432	66		1
ice	MPF_FATA	0.5	193	142112	14	13	2.529182879377432	232		1
ice	MPF_FATA	0.5	194	252143	17	13	2.529182879377432	119		1
ice	MPF_FATA	0.5	195	97791	13	13	2.529182879377432	66		1
ice	MPF_FATA	0.5	196	155073	13	13	2.529182879377432	226		1
ice	MPF_FATA	0.5	197	6806	13	13	2.529182879377432	173		1
ice	MPF_FATA	0.5	198	6812	13	13	2.529182879377432	215		1
ice	MPF_FATA	0.5	199	6814	13	13	2.529182879377432	115		1
ice	MPF_FATA	0.5	200	27856	13	13	2.529182879377432	147		1
ice	MPF_FATA	0.5	201	147749	18	13	2.529182879377432	71		1
ice	MPF_FATA	0.5	202	60215	13	13	2.529182879377432	244		1
ice	MPF_FATA	0.5	203	50489	12	12	2.3346303501945527	133		1
ice	MPF_FATA	0.5	204	50491	12	12	2.3346303501945527	136		1
ice	MPF_FATA	0.5	205	12359	12	12	2.3346303501945527	126		1
ice	MPF_FATA	0.5	206	72147	12	12	2.3346303501945527	58		1
ice	MPF_FATA	0.5	207	367395	12	12	2.3346303501945527	141		1
ice	MPF_FATA	0.5	208	44260	12	12	2.3346303501945527	86		1
ice	MPF_FATA	0.5	209	44263	12	12	2.3346303501945527	100		1
ice	MPF_FATA	0.5	210	27865	14	12	2.3346303501945527	242		1
ice	MPF_FATA	0.5	211	27884	12	12	2.3346303501945527	135		1
ice	MPF_FATA	0.5	212	24423	12	12	2.3346303501945527	189		1
ice	MPF_FATA	0.5	213	24424	12	12	2.3346303501945527	144		1
ice	MPF_FATA	0.5	214	24429	12	12	2.3346303501945527	95		1
ice	MPF_FATA	0.5	215	333217	12	12	2.3346303501945527	183		1
ice	MPF_FATA	0.5	216	8239	12	12	2.3346303501945527	92		1
ice	MPF_FATA	0.5	217	2792	12	12	2.3346303501945527	92		1
ice	MPF_FATA	0.5	218	6553	12	12	2.3346303501945527	176		1
ice	MPF_FATA	0.5	219	6555	12	12	2.3346303501945527	49		1
ice	MPF_FATA	0.5	220	6564	12	12	2.3346303501945527	197		1
ice	MPF_FATA	0.5	221	6565	12	12	2.3346303501945527	222		1
ice	MPF_FATA	0.5	222	6569	12	12	2.3346303501945527	178		1
ice	MPF_FATA	0.5	223	6581	12	12	2.3346303501945527	77		1
ice	MPF_FATA	0.5	224	6583	12	12	2.3346303501945527	172		1
ice	MPF_FATA	0.5	225	90503	12	12	2.3346303501945527	188		1
ice	MPF_FATA	0.5	226	13556	12	12	2.3346303501945527	137		1
ice	MPF_FATA	0.5	227	13603	12	12	2.3346303501945527	83		1
ice	MPF_FATA	0.5	228	13610	12	12	2.3346303501945527	46		1
ice	MPF_FATA	0.5	229	13617	12	12	2.3346303501945527	249		1
ice	MPF_FATA	0.5	230	15796	12	12	2.3346303501945527	182		1
ice	MPF_FATA	0.5	231	46302	12	12	2.3346303501945527	111		1
ice	MPF_FATA	0.5	232	365889	12	12	2.3346303501945527	143		1
ice	MPF_FATA	0.5	233	5948	12	12	2.3346303501945527	138		1
ice	MPF_FATA	0.5	234	24362	12	12	2.3346303501945527	192		1
ice	MPF_FATA	0.5	235	24367	12	12	2.3346303501945527	250		1
ice	MPF_FATA	0.5	236	24368	12	12	2.3346303501945527	241		1
ice	MPF_FATA	0.5	237	24371	12	12	2.3346303501945527	191		1
ice	MPF_FATA	0.5	238	24372	12	12	2.3346303501945527	202		1
ice	MPF_FATA	0.5	239	24374	12	12	2.3346303501945527	210		1
ice	MPF_FATA	0.5	240	24380	12	12	2.3346303501945527	204		1
ice	MPF_FATA	0.5	241	24382	12	12	2.3346303501945527	186		1
ice	MPF_FATA	0.5	242	24384	12	12	2.3346303501945527	63		1
ice	MPF_FATA	0.5	243	24385	12	12	2.3346303501945527	39		1
ice	MPF_FATA	0.5	244	24390	12	12	2.3346303501945527	111		1
ice	MPF_FATA	0.5	245	24391	12	12	2.3346303501945527	101		1
ice	MPF_FATA	0.5	246	6609	12	12	2.3346303501945527	195		1
ice	MPF_FATA	0.5	247	6612	12	12	2.3346303501945527	217		1
ice	MPF_FATA	0.5	248	6616	12	12	2.3346303501945527	45		1
ice	MPF_FATA	0.5	249	6617	12	12	2.3346303501945527	71		1
ice	MPF_FATA	0.5	250	6618	12	12	2.3346303501945527	143		1
ice	MPF_FATA	0.5	251	6677	12	12	2.3346303501945527	119		1
ice	MPF_FATA	0.5	252	126038	12	12	2.3346303501945527	89		1
ice	MPF_FATA	0.5	253	330518	12	12	2.3346303501945527	154		1
ice	MPF_FATA	0.5	254	6808	12	12	2.3346303501945527	79		1
ice	MPF_FATA	0.5	255	18102	12	12	2.3346303501945527	99		1
ice	MPF_FATA	0.5	256	147993	13	12	2.3346303501945527	244		1
ice	MPF_FATA	0.5	257	45320	12	12	2.3346303501945527	125		1
ice	MPF_FATA	0.5	258	60216	12	12	2.3346303501945527	121		1
ice	MPF_FATA	0.5	259	60219	12	12	2.3346303501945527	133		1
ice	MPF_FATA	0.5	260	74341	11	11	2.140077821011673	155		1
ice	MPF_FATA	0.5	261	74343	12	11	2.140077821011673	186		1
ice	MPF_FATA	0.5	262	74350	11	11	2.140077821011673	142		1
ice	MPF_FATA	0.5	263	285417	11	11	2.140077821011673	237		1
ice	MPF_FATA	0.5	264	31309	11	11	2.140077821011673	109		1
ice	MPF_FATA	0.5	265	31674	11	11	2.140077821011673	232		1
ice	MPF_FATA	0.5	266	37149	11	11	2.140077821011673	70		1
ice	MPF_FATA	0.5	267	86146	11	11	2.140077821011673	211		1
ice	MPF_FATA	0.5	268	30934	11	11	2.140077821011673	93		1
ice	MPF_FATA	0.5	269	96166	11	11	2.140077821011673	139		1
ice	MPF_FATA	0.5	270	96167	11	11	2.140077821011673	121		1
ice	MPF_FATA	0.5	271	12322	11	11	2.140077821011673	99		1
ice	MPF_FATA	0.5	272	12392	11	11	2.140077821011673	65		1
ice	MPF_FATA	0.5	273	551	11	11	2.140077821011673	152		1
ice	MPF_FATA	0.5	274	35939	12	11	2.140077821011673	57		1
ice	MPF_FATA	0.5	275	44254	11	11	2.140077821011673	196		1
ice	MPF_FATA	0.5	276	52199	11	11	2.140077821011673	205		1
ice	MPF_FATA	0.5	277	24061	11	11	2.140077821011673	160		1
ice	MPF_FATA	0.5	278	24082	11	11	2.140077821011673	56		1
ice	MPF_FATA	0.5	279	28279	11	11	2.140077821011673	194		1
ice	MPF_FATA	0.5	280	62569	11	11	2.140077821011673	205		1
ice	MPF_FATA	0.5	281	62586	11	11	2.140077821011673	96		1
ice	MPF_FATA	0.5	282	6756	11	11	2.140077821011673	102		1
ice	MPF_FATA	0.5	283	6765	11	11	2.140077821011673	240		1
ice	MPF_FATA	0.5	284	6777	11	11	2.140077821011673	192		1
ice	MPF_FATA	0.5	285	24417	11	11	2.140077821011673	233		1
ice	MPF_FATA	0.5	286	24431	11	11	2.140077821011673	196		1
ice	MPF_FATA	0.5	287	24432	11	11	2.140077821011673	153		1
ice	MPF_FATA	0.5	288	24433	11	11	2.140077821011673	126		1
ice	MPF_FATA	0.5	289	24434	11	11	2.140077821011673	86		1
ice	MPF_FATA	0.5	290	24438	11	11	2.140077821011673	181		1
ice	MPF_FATA	0.5	291	24439	11	11	2.140077821011673	165		1
ice	MPF_FATA	0.5	292	24440	11	11	2.140077821011673	86		1
ice	MPF_FATA	0.5	293	24441	11	11	2.140077821011673	234		1
ice	MPF_FATA	0.5	294	24442	11	11	2.140077821011673	128		1
ice	MPF_FATA	0.5	295	24443	11	11	2.140077821011673	75		1
ice	MPF_FATA	0.5	296	24444	11	11	2.140077821011673	145		1
ice	MPF_FATA	0.5	297	24448	11	11	2.140077821011673	149		1
ice	MPF_FATA	0.5	298	24450	11	11	2.140077821011673	226		1
ice	MPF_FATA	0.5	299	24454	11	11	2.140077821011673	66		1
ice	MPF_FATA	0.5	300	24456	11	11	2.140077821011673	37		1
ice	MPF_FATA	0.5	301	24462	11	11	2.140077821011673	177		1
ice	MPF_FATA	0.5	302	24463	11	11	2.140077821011673	84		1
ice	MPF_FATA	0.5	303	24472	11	11	2.140077821011673	216		1
ice	MPF_FATA	0.5	304	93198	11	11	2.140077821011673	79		1
ice	MPF_FATA	0.5	305	280011	11	11	2.140077821011673	75		1
ice	MPF_FATA	0.5	306	135257	11	11	2.140077821011673	233		1
ice	MPF_FATA	0.5	307	2787	11	11	2.140077821011673	31		1
ice	MPF_FATA	0.5	308	6548	11	11	2.140077821011673	201		1
ice	MPF_FATA	0.5	309	6554	11	11	2.140077821011673	57		1
ice	MPF_FATA	0.5	310	6560	11	11	2.140077821011673	74		1
ice	MPF_FATA	0.5	311	6571	11	11	2.140077821011673	56		1
ice	MPF_FATA	0.5	312	6573	11	11	2.140077821011673	145		1
ice	MPF_FATA	0.5	313	6580	11	11	2.140077821011673	57		1
ice	MPF_FATA	0.5	314	6590	11	11	2.140077821011673	70		1
ice	MPF_FATA	0.5	315	6598	11	11	2.140077821011673	189		1
ice	MPF_FATA	0.5	316	134811	11	11	2.140077821011673	170		1
ice	MPF_FATA	0.5	317	13607	12	11	2.140077821011673	248		1
ice	MPF_FATA	0.5	318	15798	11	11	2.140077821011673	173		1
ice	MPF_FATA	0.5	319	233869	11	11	2.140077821011673	94		1
ice	MPF_FATA	0.5	320	24133	11	11	2.140077821011673	60		1
ice	MPF_FATA	0.5	321	24134	11	11	2.140077821011673	180		1
ice	MPF_FATA	0.5	322	28284	11	11	2.140077821011673	190		1
ice	MPF_FATA	0.5	323	321720	11	11	2.140077821011673	103		1
ice	MPF_FATA	0.5	324	6613	11	11	2.140077821011673	94		1
ice	MPF_FATA	0.5	325	6631	11	11	2.140077821011673	193		1
ice	MPF_FATA	0.5	326	6644	11	11	2.140077821011673	65		1
ice	MPF_FATA	0.5	327	6647	11	11	2.140077821011673	167		1
ice	MPF_FATA	0.5	328	6648	11	11	2.140077821011673	176		1
ice	MPF_FATA	0.5	329	6687	11	11	2.140077821011673	72		1
ice	MPF_FATA	0.5	330	109351	11	11	2.140077821011673	220		1
ice	MPF_FATA	0.5	331	132456	11	11	2.140077821011673	229		1
ice	MPF_FATA	0.5	332	129134	11	11	2.140077821011673	89		1
ice	MPF_FATA	0.5	333	185708	11	11	2.140077821011673	249		1
ice	MPF_FATA	0.5	334	72045	11	11	2.140077821011673	110		1
ice	MPF_FATA	0.5	335	74356	10	10	1.9455252918287937	111		1
ice	MPF_FATA	0.5	336	86152	10	10	1.9455252918287937	49		1
ice	MPF_FATA	0.5	337	148586	10	10	1.9455252918287937	139		1
ice	MPF_FATA	0.5	338	190787	10	10	1.9455252918287937	96		1
ice	MPF_FATA	0.5	339	138351	10	10	1.9455252918287937	122		1
ice	MPF_FATA	0.5	340	131596	10	10	1.9455252918287937	123		1
ice	MPF_FATA	0.5	341	317763	10	10	1.9455252918287937	47		1
ice	MPF_FATA	0.5	342	39940	10	10	1.9455252918287937	103		1
ice	MPF_FATA	0.5	343	35857	10	10	1.9455252918287937	134		1
ice	MPF_FATA	0.5	344	37881	10	10	1.9455252918287937	155		1
ice	MPF_FATA	0.5	345	62508	10	10	1.9455252918287937	248		1
ice	MPF_FATA	0.5	346	44251	10	10	1.9455252918287937	149		1
ice	MPF_FATA	0.5	347	44252	10	10	1.9455252918287937	167		1
ice	MPF_FATA	0.5	348	44253	10	10	1.9455252918287937	113	DUF4467	1
ice	MPF_FATA	0.5	349	24046	10	10	1.9455252918287937	203		1
ice	MPF_FATA	0.5	350	24079	10	10	1.9455252918287937	168		1
ice	MPF_FATA	0.5	351	24080	10	10	1.9455252918287937	103		1
ice	MPF_FATA	0.5	352	24092	10	10	1.9455252918287937	102		1
ice	MPF_FATA	0.5	353	24094	10	10	1.9455252918287937	124		1
ice	MPF_FATA	0.5	354	24099	10	10	1.9455252918287937	154		1
ice	MPF_FATA	0.5	355	27897	10	10	1.9455252918287937	148		1
ice	MPF_FATA	0.5	356	62645	10	10	1.9455252918287937	96		1
ice	MPF_FATA	0.5	357	70282	10	10	1.9455252918287937	206		1
ice	MPF_FATA	0.5	358	227652	10	10	1.9455252918287937	61		1
ice	MPF_FATA	0.5	359	6793	10	10	1.9455252918287937	66		1
ice	MPF_FATA	0.5	360	24476	10	10	1.9455252918287937	175		1
ice	MPF_FATA	0.5	361	24477	10	10	1.9455252918287937	188		1
ice	MPF_FATA	0.5	362	24482	10	10	1.9455252918287937	173		1
ice	MPF_FATA	0.5	363	376745	10	10	1.9455252918287937	246		1
ice	MPF_FATA	0.5	364	333222	10	10	1.9455252918287937	93		1
ice	MPF_FATA	0.5	365	8575	12	10	1.9455252918287937	244		1
ice	MPF_FATA	0.5	366	135208	10	10	1.9455252918287937	225		1
ice	MPF_FATA	0.5	367	250986	10	10	1.9455252918287937	185		1
ice	MPF_FATA	0.5	368	75602	10	10	1.9455252918287937	67		1
ice	MPF_FATA	0.5	369	6531	10	10	1.9455252918287937	165		1
ice	MPF_FATA	0.5	370	6536	10	10	1.9455252918287937	140		1
ice	MPF_FATA	0.5	371	6540	10	10	1.9455252918287937	196		1
ice	MPF_FATA	0.5	372	6544	10	10	1.9455252918287937	201		1
ice	MPF_FATA	0.5	373	6582	10	10	1.9455252918287937	149		1
ice	MPF_FATA	0.5	374	134812	10	10	1.9455252918287937	57		1
ice	MPF_FATA	0.5	375	13572	10	10	1.9455252918287937	117		1
ice	MPF_FATA	0.5	376	131141	10	10	1.9455252918287937	245		1
ice	MPF_FATA	0.5	377	131159	10	10	1.9455252918287937	242		1
ice	MPF_FATA	0.5	378	266703	11	10	1.9455252918287937	61		1
ice	MPF_FATA	0.5	379	24100	10	10	1.9455252918287937	120		1
ice	MPF_FATA	0.5	380	24149	10	10	1.9455252918287937	128		1
ice	MPF_FATA	0.5	381	24307	10	10	1.9455252918287937	153		1
ice	MPF_FATA	0.5	382	107586	10	10	1.9455252918287937	247		1
ice	MPF_FATA	0.5	383	6684	10	10	1.9455252918287937	221		1
ice	MPF_FATA	0.5	384	375878	10	10	1.9455252918287937	158		1
ice	MPF_FATA	0.5	385	185718	10	10	1.9455252918287937	222		1
ice	MPF_FATA	0.5	386	97837	10	10	1.9455252918287937	151		1
ice	MPF_FATA	0.5	387	23953	10	10	1.9455252918287937	109		1
ice	MPF_FATA	0.5	388	27849	10	10	1.9455252918287937	248		1
ice	MPF_FATA	0.5	389	27851	10	10	1.9455252918287937	172		1
ice	MPF_FATA	0.5	390	27852	10	10	1.9455252918287937	140		1
ice	MPF_FATA	0.5	391	27853	10	10	1.9455252918287937	245		1
ice	MPF_FATA	0.5	392	27854	10	10	1.9455252918287937	95		1
ice	MPF_FATA	0.5	393	129937	10	10	1.9455252918287937	117		1
ice	MPF_FATA	0.5	394	60210	10	10	1.9455252918287937	231		1
ice	MPF_FATA	0.5	395	64048	9	9	1.7509727626459144	111		1
ice	MPF_FATA	0.5	396	74351	9	9	1.7509727626459144	134		1
ice	MPF_FATA	0.5	397	74352	9	9	1.7509727626459144	70		1
ice	MPF_FATA	0.5	398	74354	9	9	1.7509727626459144	186		1
ice	MPF_FATA	0.5	399	50567	10	9	1.7509727626459144	139		1
ice	MPF_FATA	0.5	400	12316	9	9	1.7509727626459144	223		1
ice	MPF_FATA	0.7	1	35497	76	76	14.785992217898833	67		1
ice	MPF_FATA	0.7	2	24323	62	62	12.062256809338521	103		1
ice	MPF_FATA	0.7	3	22600	51	51	9.922178988326849	119		1
ice	MPF_FATA	0.7	4	12364	51	51	9.922178988326849	76		1
ice	MPF_FATA	0.7	5	31653	50	50	9.727626459143968	116		1
ice	MPF_FATA	0.7	6	353854	49	49	9.53307392996109	165		1
ice	MPF_FATA	0.7	7	12366	49	49	9.53307392996109	117		1
ice	MPF_FATA	0.7	8	112831	57	48	9.33852140077821	158		1
ice	MPF_FATA	0.7	9	45181	47	47	9.14396887159533	87		1
ice	MPF_FATA	0.7	10	37104	43	43	8.365758754863814	136		1
ice	MPF_FATA	0.7	11	10974	40	39	7.587548638132295	245		1
ice	MPF_FATA	0.7	12	13681	39	38	7.392996108949417	99		1
ice	MPF_FATA	0.7	13	98411	37	37	7.198443579766537	98		1
ice	MPF_FATA	0.7	14	253426	33	33	6.42023346303502	93		1
ice	MPF_FATA	0.7	15	30831	32	32	6.22568093385214	62		1
ice	MPF_FATA	0.7	16	13684	31	31	6.031128404669261	63		1
ice	MPF_FATA	0.7	17	33017	32	31	6.031128404669261	53		1
ice	MPF_FATA	0.7	18	24310	30	30	5.836575875486381	70		1
ice	MPF_FATA	0.7	19	13822	29	29	5.642023346303502	121		1
ice	MPF_FATA	0.7	20	185649	28	28	5.447470817120623	57		1
ice	MPF_FATA	0.7	21	258167	28	28	5.447470817120623	77		1
ice	MPF_FATA	0.7	22	10973	26	26	5.058365758754864	63		1
ice	MPF_FATA	0.7	23	11001	25	25	4.863813229571984	94		1
ice	MPF_FATA	0.7	24	24297	24	24	4.669260700389105	217		1
ice	MPF_FATA	0.7	25	263313	25	24	4.669260700389105	90		1
ice	MPF_FATA	0.7	26	13828	24	24	4.669260700389105	171		1
ice	MPF_FATA	0.7	27	13686	23	23	4.474708171206226	196		1
ice	MPF_FATA	0.7	28	13697	23	23	4.474708171206226	127		1
ice	MPF_FATA	0.7	29	24299	23	23	4.474708171206226	218		1
ice	MPF_FATA	0.7	30	31071	25	23	4.474708171206226	247		1
ice	MPF_FATA	0.7	31	114575	23	23	4.474708171206226	138		1
ice	MPF_FATA	0.7	32	31788	22	22	4.280155642023346	141		1
ice	MPF_FATA	0.7	33	13703	21	21	4.085603112840467	164		1
ice	MPF_FATA	0.7	34	37279	21	21	4.085603112840467	52		1
ice	MPF_FATA	0.7	35	25455	22	21	4.085603112840467	124		1
ice	MPF_FATA	0.7	36	38061	21	21	4.085603112840467	167		1
ice	MPF_FATA	0.7	37	368542	21	21	4.085603112840467	105		1
ice	MPF_FATA	0.7	38	93232	33	21	4.085603112840467	226		1
ice	MPF_FATA	0.7	39	13695	20	20	3.8910505836575875	194		1
ice	MPF_FATA	0.7	40	32865	20	20	3.8910505836575875	121		1
ice	MPF_FATA	0.7	41	25448	20	20	3.8910505836575875	76		1
ice	MPF_FATA	0.7	42	71707	20	20	3.8910505836575875	98		1
ice	MPF_FATA	0.7	43	38060	20	20	3.8910505836575875	160		1
ice	MPF_FATA	0.7	44	8557	20	19	3.6964980544747084	172		1
ice	MPF_FATA	0.7	45	244696	19	19	3.6964980544747084	72		1
ice	MPF_FATA	0.7	46	38056	19	19	3.6964980544747084	44		1
ice	MPF_FATA	0.7	47	34696	18	18	3.501945525291829	73		1
ice	MPF_FATA	0.7	48	13821	18	18	3.501945525291829	119		1
ice	MPF_FATA	0.7	49	252494	19	18	3.501945525291829	244		1
ice	MPF_FATA	0.7	50	24295	17	17	3.307392996108949	37		1
ice	MPF_FATA	0.7	51	44149	17	17	3.307392996108949	141		1
ice	MPF_FATA	0.7	52	69911	17	17	3.307392996108949	75		1
ice	MPF_FATA	0.7	53	284479	17	17	3.307392996108949	109		1
ice	MPF_FATA	0.7	54	25382	16	16	3.11284046692607	110		1
ice	MPF_FATA	0.7	55	133198	16	16	3.11284046692607	118		1
ice	MPF_FATA	0.7	56	357951	16	16	3.11284046692607	232		1
ice	MPF_FATA	0.7	57	12379	16	16	3.11284046692607	99		1
ice	MPF_FATA	0.7	58	5946	17	16	3.11284046692607	74		1
ice	MPF_FATA	0.7	59	34168	16	16	3.11284046692607	217		1
ice	MPF_FATA	0.7	60	2790	15	15	2.9182879377431905	72		1
ice	MPF_FATA	0.7	61	2793	15	15	2.9182879377431905	111		1
ice	MPF_FATA	0.7	62	2800	15	15	2.9182879377431905	88		1
ice	MPF_FATA	0.7	63	13559	15	15	2.9182879377431905	60		1
ice	MPF_FATA	0.7	64	13562	15	15	2.9182879377431905	193		1
ice	MPF_FATA	0.7	65	21818	15	15	2.9182879377431905	65		1
ice	MPF_FATA	0.7	66	24341	15	15	2.9182879377431905	141		1
ice	MPF_FATA	0.7	67	24344	15	15	2.9182879377431905	237		1
ice	MPF_FATA	0.7	68	24348	15	15	2.9182879377431905	165		1
ice	MPF_FATA	0.7	69	24361	18	15	2.9182879377431905	42		1
ice	MPF_FATA	0.7	70	172702	21	15	2.9182879377431905	96		1
ice	MPF_FATA	0.7	71	317874	40	15	2.9182879377431905	156		1
ice	MPF_FATA	0.7	72	357937	15	15	2.9182879377431905	248		1
ice	MPF_FATA	0.7	73	355821	15	15	2.9182879377431905	63		1
ice	MPF_FATA	0.7	74	266765	15	15	2.9182879377431905	59		1
ice	MPF_FATA	0.7	75	461	15	15	2.9182879377431905	250		1
ice	MPF_FATA	0.7	76	27864	18	15	2.9182879377431905	103		1
ice	MPF_FATA	0.7	77	27869	15	15	2.9182879377431905	92		1
ice	MPF_FATA	0.7	78	27909	29	15	2.9182879377431905	227		1
ice	MPF_FATA	0.7	79	370713	14	14	2.7237354085603114	125		1
ice	MPF_FATA	0.7	80	148596	15	14	2.7237354085603114	74		1
ice	MPF_FATA	0.7	81	21793	14	14	2.7237354085603114	90		1
ice	MPF_FATA	0.7	82	21794	14	14	2.7237354085603114	125		1
ice	MPF_FATA	0.7	83	24302	14	14	2.7237354085603114	50		1
ice	MPF_FATA	0.7	84	31070	14	14	2.7237354085603114	107		1
ice	MPF_FATA	0.7	85	37140	14	14	2.7237354085603114	57		1
ice	MPF_FATA	0.7	86	8559	14	14	2.7237354085603114	61		1
ice	MPF_FATA	0.7	87	74336	39	14	2.7237354085603114	106		1
ice	MPF_FATA	0.7	88	25453	14	14	2.7237354085603114	170		1
ice	MPF_FATA	0.7	89	99696	15	14	2.7237354085603114	116		1
ice	MPF_FATA	0.7	90	30639	14	14	2.7237354085603114	221		1
ice	MPF_FATA	0.7	91	330540	14	14	2.7237354085603114	90		1
ice	MPF_FATA	0.7	92	31883	14	14	2.7237354085603114	120		1
ice	MPF_FATA	0.7	93	31884	14	14	2.7237354085603114	121		1
ice	MPF_FATA	0.7	94	60213	14	14	2.7237354085603114	171		1
ice	MPF_FATA	0.7	95	2801	13	13	2.529182879377432	58		1
ice	MPF_FATA	0.7	96	2802	13	13	2.529182879377432	75		1
ice	MPF_FATA	0.7	97	2805	13	13	2.529182879377432	139		1
ice	MPF_FATA	0.7	98	2809	13	13	2.529182879377432	111		1
ice	MPF_FATA	0.7	99	2810	13	13	2.529182879377432	198		1
ice	MPF_FATA	0.7	100	2813	13	13	2.529182879377432	214		1
ice	MPF_FATA	0.7	101	147749	18	13	2.529182879377432	71		1
ice	MPF_FATA	0.7	102	62749	13	13	2.529182879377432	199		1
ice	MPF_FATA	0.7	103	62751	13	13	2.529182879377432	135		1
ice	MPF_FATA	0.7	104	21589	14	13	2.529182879377432	61		1
ice	MPF_FATA	0.7	105	24291	13	13	2.529182879377432	212		1
ice	MPF_FATA	0.7	106	24138	13	13	2.529182879377432	62		1
ice	MPF_FATA	0.7	107	8531	13	13	2.529182879377432	118		1
ice	MPF_FATA	0.7	108	74293	13	13	2.529182879377432	192		1
ice	MPF_FATA	0.7	109	27856	13	13	2.529182879377432	147		1
ice	MPF_FATA	0.7	110	96206	13	13	2.529182879377432	82		1
ice	MPF_FATA	0.7	111	10983	13	13	2.529182879377432	121		1
ice	MPF_FATA	0.7	112	12360	13	13	2.529182879377432	77		1
ice	MPF_FATA	0.7	113	12361	13	13	2.529182879377432	195		1
ice	MPF_FATA	0.7	114	12404	13	13	2.529182879377432	118		1
ice	MPF_FATA	0.7	115	90486	13	13	2.529182879377432	62		1
ice	MPF_FATA	0.7	116	221656	13	13	2.529182879377432	66		1
ice	MPF_FATA	0.7	117	76892	13	13	2.529182879377432	108		1
ice	MPF_FATA	0.7	118	76921	13	13	2.529182879377432	239		1
ice	MPF_FATA	0.7	119	76947	13	13	2.529182879377432	107		1
ice	MPF_FATA	0.7	120	355817	14	13	2.529182879377432	132		1
ice	MPF_FATA	0.7	121	266780	13	13	2.529182879377432	249		1
ice	MPF_FATA	0.7	122	6806	13	13	2.529182879377432	173		1
ice	MPF_FATA	0.7	123	6812	13	13	2.529182879377432	215		1
ice	MPF_FATA	0.7	124	6814	13	13	2.529182879377432	115		1
ice	MPF_FATA	0.7	125	6816	13	13	2.529182879377432	193		1
ice	MPF_FATA	0.7	126	249669	13	13	2.529182879377432	94		1
ice	MPF_FATA	0.7	127	6685	13	13	2.529182879377432	144		1
ice	MPF_FATA	0.7	128	6686	13	13	2.529182879377432	127		1
ice	MPF_FATA	0.7	129	6696	13	13	2.529182879377432	31		1
ice	MPF_FATA	0.7	130	6698	13	13	2.529182879377432	130		1
ice	MPF_FATA	0.7	131	6701	13	13	2.529182879377432	248		1
ice	MPF_FATA	0.7	132	6702	13	13	2.529182879377432	228		1
ice	MPF_FATA	0.7	133	6703	13	13	2.529182879377432	67		1
ice	MPF_FATA	0.7	134	6742	13	13	2.529182879377432	113		1
ice	MPF_FATA	0.7	135	6743	13	13	2.529182879377432	186		1
ice	MPF_FATA	0.7	136	6744	13	13	2.529182879377432	248		1
ice	MPF_FATA	0.7	137	6745	13	13	2.529182879377432	101		1
ice	MPF_FATA	0.7	138	6748	13	13	2.529182879377432	205		1
ice	MPF_FATA	0.7	139	6750	13	13	2.529182879377432	204		1
ice	MPF_FATA	0.7	140	6752	13	13	2.529182879377432	231		1
ice	MPF_FATA	0.7	141	6758	13	13	2.529182879377432	109		1
ice	MPF_FATA	0.7	142	6759	13	13	2.529182879377432	121		1
ice	MPF_FATA	0.7	143	6766	13	13	2.529182879377432	111		1
ice	MPF_FATA	0.7	144	6784	13	13	2.529182879377432	71		1
ice	MPF_FATA	0.7	145	6785	13	13	2.529182879377432	146		1
ice	MPF_FATA	0.7	146	6786	13	13	2.529182879377432	193		1
ice	MPF_FATA	0.7	147	6787	13	13	2.529182879377432	192		1
ice	MPF_FATA	0.7	148	6790	13	13	2.529182879377432	206		1
ice	MPF_FATA	0.7	149	6791	13	13	2.529182879377432	231		1
ice	MPF_FATA	0.7	150	6792	13	13	2.529182879377432	211		1
ice	MPF_FATA	0.7	151	6795	13	13	2.529182879377432	201		1
ice	MPF_FATA	0.7	152	6798	13	13	2.529182879377432	218		1
ice	MPF_FATA	0.7	153	6801	13	13	2.529182879377432	155		1
ice	MPF_FATA	0.7	154	6802	13	13	2.529182879377432	144		1
ice	MPF_FATA	0.7	155	6803	13	13	2.529182879377432	78		1
ice	MPF_FATA	0.7	156	317754	13	13	2.529182879377432	82		1
ice	MPF_FATA	0.7	157	27890	13	13	2.529182879377432	82		1
ice	MPF_FATA	0.7	158	69926	13	13	2.529182879377432	119		1
ice	MPF_FATA	0.7	159	28999	13	13	2.529182879377432	157		1
ice	MPF_FATA	0.7	160	2792	12	12	2.3346303501945527	92		1
ice	MPF_FATA	0.7	161	13603	12	12	2.3346303501945527	83		1
ice	MPF_FATA	0.7	162	13610	12	12	2.3346303501945527	46		1
ice	MPF_FATA	0.7	163	13617	12	12	2.3346303501945527	249		1
ice	MPF_FATA	0.7	164	341704	12	12	2.3346303501945527	74		1
ice	MPF_FATA	0.7	165	28485	19	12	2.3346303501945527	96		1
ice	MPF_FATA	0.7	166	24362	12	12	2.3346303501945527	192		1
ice	MPF_FATA	0.7	167	24367	12	12	2.3346303501945527	250		1
ice	MPF_FATA	0.7	168	24368	12	12	2.3346303501945527	241		1
ice	MPF_FATA	0.7	169	24371	12	12	2.3346303501945527	191		1
ice	MPF_FATA	0.7	170	24372	12	12	2.3346303501945527	202		1
ice	MPF_FATA	0.7	171	24374	12	12	2.3346303501945527	210		1
ice	MPF_FATA	0.7	172	24380	12	12	2.3346303501945527	204		1
ice	MPF_FATA	0.7	173	24382	12	12	2.3346303501945527	186		1
ice	MPF_FATA	0.7	174	24384	12	12	2.3346303501945527	63		1
ice	MPF_FATA	0.7	175	24385	12	12	2.3346303501945527	39		1
ice	MPF_FATA	0.7	176	24390	12	12	2.3346303501945527	111		1
ice	MPF_FATA	0.7	177	24391	12	12	2.3346303501945527	101		1
ice	MPF_FATA	0.7	178	24398	12	12	2.3346303501945527	241		1
ice	MPF_FATA	0.7	179	113757	12	12	2.3346303501945527	89		1
ice	MPF_FATA	0.7	180	12359	12	12	2.3346303501945527	126		1
ice	MPF_FATA	0.7	181	367395	12	12	2.3346303501945527	141		1
ice	MPF_FATA	0.7	182	5948	12	12	2.3346303501945527	138		1
ice	MPF_FATA	0.7	183	24423	12	12	2.3346303501945527	189		1
ice	MPF_FATA	0.7	184	24424	12	12	2.3346303501945527	144		1
ice	MPF_FATA	0.7	185	24428	12	12	2.3346303501945527	130		1
ice	MPF_FATA	0.7	186	24429	12	12	2.3346303501945527	95		1
ice	MPF_FATA	0.7	187	24485	12	12	2.3346303501945527	92		1
ice	MPF_FATA	0.7	188	6553	12	12	2.3346303501945527	176		1
ice	MPF_FATA	0.7	189	6564	12	12	2.3346303501945527	197		1
ice	MPF_FATA	0.7	190	6565	12	12	2.3346303501945527	222		1
ice	MPF_FATA	0.7	191	6569	12	12	2.3346303501945527	178		1
ice	MPF_FATA	0.7	192	6581	12	12	2.3346303501945527	77		1
ice	MPF_FATA	0.7	193	6583	12	12	2.3346303501945527	172		1
ice	MPF_FATA	0.7	194	6601	12	12	2.3346303501945527	226		1
ice	MPF_FATA	0.7	195	6602	12	12	2.3346303501945527	231		1
ice	MPF_FATA	0.7	196	72147	12	12	2.3346303501945527	58		1
ice	MPF_FATA	0.7	197	6808	12	12	2.3346303501945527	79		1
ice	MPF_FATA	0.7	198	6609	12	12	2.3346303501945527	195		1
ice	MPF_FATA	0.7	199	6612	12	12	2.3346303501945527	217		1
ice	MPF_FATA	0.7	200	6616	12	12	2.3346303501945527	45		1
ice	MPF_FATA	0.7	201	6617	12	12	2.3346303501945527	71		1
ice	MPF_FATA	0.7	202	6618	12	12	2.3346303501945527	143		1
ice	MPF_FATA	0.7	203	6677	12	12	2.3346303501945527	119		1
ice	MPF_FATA	0.7	204	330546	12	12	2.3346303501945527	127		1
ice	MPF_FATA	0.7	205	45320	12	12	2.3346303501945527	125		1
ice	MPF_FATA	0.7	206	27865	14	12	2.3346303501945527	242		1
ice	MPF_FATA	0.7	207	27884	12	12	2.3346303501945527	135		1
ice	MPF_FATA	0.7	208	60215	12	12	2.3346303501945527	244		1
ice	MPF_FATA	0.7	209	60216	12	12	2.3346303501945527	121		1
ice	MPF_FATA	0.7	210	37635	12	12	2.3346303501945527	74		1
ice	MPF_FATA	0.7	211	2787	11	11	2.140077821011673	31		1
ice	MPF_FATA	0.7	212	12422	11	11	2.140077821011673	154		1
ice	MPF_FATA	0.7	213	13565	11	11	2.140077821011673	200		1
ice	MPF_FATA	0.7	214	13566	11	11	2.140077821011673	143		1
ice	MPF_FATA	0.7	215	13569	11	11	2.140077821011673	199		1
ice	MPF_FATA	0.7	216	44260	11	11	2.140077821011673	86		1
ice	MPF_FATA	0.7	217	44263	11	11	2.140077821011673	100		1
ice	MPF_FATA	0.7	218	185708	11	11	2.140077821011673	249		1
ice	MPF_FATA	0.7	219	21798	11	11	2.140077821011673	113		1
ice	MPF_FATA	0.7	220	21799	11	11	2.140077821011673	98		1
ice	MPF_FATA	0.7	221	52276	11	11	2.140077821011673	136		1
ice	MPF_FATA	0.7	222	24061	11	11	2.140077821011673	160		1
ice	MPF_FATA	0.7	223	24082	11	11	2.140077821011673	56		1
ice	MPF_FATA	0.7	224	15796	11	11	2.140077821011673	182		1
ice	MPF_FATA	0.7	225	15797	11	11	2.140077821011673	133		1
ice	MPF_FATA	0.7	226	15798	11	11	2.140077821011673	173		1
ice	MPF_FATA	0.7	227	62569	11	11	2.140077821011673	205		1
ice	MPF_FATA	0.7	228	62586	11	11	2.140077821011673	96		1
ice	MPF_FATA	0.7	229	37149	11	11	2.140077821011673	70		1
ice	MPF_FATA	0.7	230	24133	11	11	2.140077821011673	60		1
ice	MPF_FATA	0.7	231	24134	11	11	2.140077821011673	180		1
ice	MPF_FATA	0.7	232	134814	11	11	2.140077821011673	195		1
ice	MPF_FATA	0.7	233	74343	12	11	2.140077821011673	186		1
ice	MPF_FATA	0.7	234	74350	11	11	2.140077821011673	142		1
ice	MPF_FATA	0.7	235	99683	11	11	2.140077821011673	99		1
ice	MPF_FATA	0.7	236	233869	11	11	2.140077821011673	94		1
ice	MPF_FATA	0.7	237	280011	11	11	2.140077821011673	75		1
ice	MPF_FATA	0.7	238	44178	11	11	2.140077821011673	109		1
ice	MPF_FATA	0.7	239	12322	11	11	2.140077821011673	99		1
ice	MPF_FATA	0.7	240	12392	11	11	2.140077821011673	65		1
ice	MPF_FATA	0.7	241	28284	11	11	2.140077821011673	190		1
ice	MPF_FATA	0.7	242	376634	11	11	2.140077821011673	167		1
ice	MPF_FATA	0.7	243	24417	11	11	2.140077821011673	233		1
ice	MPF_FATA	0.7	244	24431	11	11	2.140077821011673	196		1
ice	MPF_FATA	0.7	245	24432	11	11	2.140077821011673	153		1
ice	MPF_FATA	0.7	246	24433	11	11	2.140077821011673	126		1
ice	MPF_FATA	0.7	247	24434	11	11	2.140077821011673	86		1
ice	MPF_FATA	0.7	248	24438	11	11	2.140077821011673	181		1
ice	MPF_FATA	0.7	249	24439	11	11	2.140077821011673	165		1
ice	MPF_FATA	0.7	250	24440	11	11	2.140077821011673	86		1
ice	MPF_FATA	0.7	251	24441	11	11	2.140077821011673	234		1
ice	MPF_FATA	0.7	252	24442	11	11	2.140077821011673	128		1
ice	MPF_FATA	0.7	253	24443	11	11	2.140077821011673	75		1
ice	MPF_FATA	0.7	254	24444	11	11	2.140077821011673	145		1
ice	MPF_FATA	0.7	255	24446	11	11	2.140077821011673	209		1
ice	MPF_FATA	0.7	256	24447	11	11	2.140077821011673	150		1
ice	MPF_FATA	0.7	257	24448	11	11	2.140077821011673	149		1
ice	MPF_FATA	0.7	258	24450	11	11	2.140077821011673	226		1
ice	MPF_FATA	0.7	259	24454	11	11	2.140077821011673	66		1
ice	MPF_FATA	0.7	260	24456	11	11	2.140077821011673	37		1
ice	MPF_FATA	0.7	261	24462	11	11	2.140077821011673	177		1
ice	MPF_FATA	0.7	262	24463	11	11	2.140077821011673	84		1
ice	MPF_FATA	0.7	263	24464	11	11	2.140077821011673	80		1
ice	MPF_FATA	0.7	264	24465	11	11	2.140077821011673	92		1
ice	MPF_FATA	0.7	265	24468	11	11	2.140077821011673	185		1
ice	MPF_FATA	0.7	266	24471	11	11	2.140077821011673	186		1
ice	MPF_FATA	0.7	267	24472	11	11	2.140077821011673	216		1
ice	MPF_FATA	0.7	268	6548	11	11	2.140077821011673	201		1
ice	MPF_FATA	0.7	269	6554	11	11	2.140077821011673	57		1
ice	MPF_FATA	0.7	270	6555	11	11	2.140077821011673	49		1
ice	MPF_FATA	0.7	271	6560	11	11	2.140077821011673	74		1
ice	MPF_FATA	0.7	272	6571	11	11	2.140077821011673	56		1
ice	MPF_FATA	0.7	273	6573	11	11	2.140077821011673	145		1
ice	MPF_FATA	0.7	274	6580	11	11	2.140077821011673	57		1
ice	MPF_FATA	0.7	275	6590	11	11	2.140077821011673	70		1
ice	MPF_FATA	0.7	276	6598	11	11	2.140077821011673	189		1
ice	MPF_FATA	0.7	277	30934	11	11	2.140077821011673	93		1
ice	MPF_FATA	0.7	278	6613	11	11	2.140077821011673	94		1
ice	MPF_FATA	0.7	279	6631	11	11	2.140077821011673	193		1
ice	MPF_FATA	0.7	280	6644	11	11	2.140077821011673	65		1
ice	MPF_FATA	0.7	281	6647	11	11	2.140077821011673	167		1
ice	MPF_FATA	0.7	282	6648	11	11	2.140077821011673	176		1
ice	MPF_FATA	0.7	283	6687	11	11	2.140077821011673	72		1
ice	MPF_FATA	0.7	284	6699	11	11	2.140077821011673	172		1
ice	MPF_FATA	0.7	285	198813	11	11	2.140077821011673	180		1
ice	MPF_FATA	0.7	286	551	11	11	2.140077821011673	152		1
ice	MPF_FATA	0.7	287	6756	11	11	2.140077821011673	102		1
ice	MPF_FATA	0.7	288	6765	11	11	2.140077821011673	240		1
ice	MPF_FATA	0.7	289	6777	11	11	2.140077821011673	192		1
ice	MPF_FATA	0.7	290	28279	11	11	2.140077821011673	194		1
ice	MPF_FATA	0.7	291	107579	11	11	2.140077821011673	109		1
ice	MPF_FATA	0.7	292	60219	11	11	2.140077821011673	133		1
ice	MPF_FATA	0.7	293	2840	12	11	2.140077821011673	57		1
ice	MPF_FATA	0.7	294	2864	11	11	2.140077821011673	202		1
ice	MPF_FATA	0.7	295	129090	11	11	2.140077821011673	155		1
ice	MPF_FATA	0.7	296	13552	10	10	1.9455252918287937	170		1
ice	MPF_FATA	0.7	297	13556	10	10	1.9455252918287937	137		1
ice	MPF_FATA	0.7	298	13572	10	10	1.9455252918287937	117		1
ice	MPF_FATA	0.7	299	13606	11	10	1.9455252918287937	244		1
ice	MPF_FATA	0.7	300	13607	10	10	1.9455252918287937	248		1
ice	MPF_FATA	0.7	301	44251	10	10	1.9455252918287937	149		1
ice	MPF_FATA	0.7	302	44254	10	10	1.9455252918287937	196		1
ice	MPF_FATA	0.7	303	185718	10	10	1.9455252918287937	222		1
ice	MPF_FATA	0.7	304	24079	10	10	1.9455252918287937	168		1
ice	MPF_FATA	0.7	305	24080	10	10	1.9455252918287937	103		1
ice	MPF_FATA	0.7	306	24092	10	10	1.9455252918287937	102		1
ice	MPF_FATA	0.7	307	24094	10	10	1.9455252918287937	124		1
ice	MPF_FATA	0.7	308	24099	10	10	1.9455252918287937	154		1
ice	MPF_FATA	0.7	309	24307	10	10	1.9455252918287937	153		1
ice	MPF_FATA	0.7	310	62645	10	10	1.9455252918287937	96		1
ice	MPF_FATA	0.7	311	24100	10	10	1.9455252918287937	120		1
ice	MPF_FATA	0.7	312	74356	10	10	1.9455252918287937	111		1
ice	MPF_FATA	0.7	313	35857	10	10	1.9455252918287937	134		1
ice	MPF_FATA	0.7	314	27849	10	10	1.9455252918287937	248		1
ice	MPF_FATA	0.7	315	27851	10	10	1.9455252918287937	172		1
ice	MPF_FATA	0.7	316	27852	10	10	1.9455252918287937	140		1
ice	MPF_FATA	0.7	317	27853	10	10	1.9455252918287937	245		1
ice	MPF_FATA	0.7	318	27854	10	10	1.9455252918287937	95		1
ice	MPF_FATA	0.7	319	23953	10	10	1.9455252918287937	109		1
ice	MPF_FATA	0.7	320	375236	10	10	1.9455252918287937	89		1
ice	MPF_FATA	0.7	321	62508	10	10	1.9455252918287937	248		1
ice	MPF_FATA	0.7	322	24476	10	10	1.9455252918287937	175		1
ice	MPF_FATA	0.7	323	24477	10	10	1.9455252918287937	188		1
ice	MPF_FATA	0.7	324	24482	10	10	1.9455252918287937	173		1
ice	MPF_FATA	0.7	325	6531	10	10	1.9455252918287937	165		1
ice	MPF_FATA	0.7	326	6536	10	10	1.9455252918287937	140		1
ice	MPF_FATA	0.7	327	6540	10	10	1.9455252918287937	196		1
ice	MPF_FATA	0.7	328	6544	10	10	1.9455252918287937	201		1
ice	MPF_FATA	0.7	329	6582	10	10	1.9455252918287937	149		1
ice	MPF_FATA	0.7	330	6684	10	10	1.9455252918287937	221		1
ice	MPF_FATA	0.7	331	6793	10	10	1.9455252918287937	66		1
ice	MPF_FATA	0.7	332	317763	10	10	1.9455252918287937	47		1
ice	MPF_FATA	0.7	333	27897	10	10	1.9455252918287937	148		1
ice	MPF_FATA	0.7	334	31821	10	10	1.9455252918287937	246		1
ice	MPF_FATA	0.7	335	60210	10	10	1.9455252918287937	231		1
ice	MPF_FATA	0.7	336	285417	10	10	1.9455252918287937	237		1
ice	MPF_FATA	0.7	337	364979	10	10	1.9455252918287937	139		1
ice	MPF_FATA	0.7	338	254295	9	9	1.7509727626459144	129		1
ice	MPF_FATA	0.7	339	13553	9	9	1.7509727626459144	57		1
ice	MPF_FATA	0.7	340	13561	9	9	1.7509727626459144	74		1
ice	MPF_FATA	0.7	341	13594	9	9	1.7509727626459144	246		1
ice	MPF_FATA	0.7	342	44252	9	9	1.7509727626459144	167		1
ice	MPF_FATA	0.7	343	13676	9	9	1.7509727626459144	175		1
ice	MPF_FATA	0.7	344	21814	9	9	1.7509727626459144	181		1
ice	MPF_FATA	0.7	345	15901	10	9	1.7509727626459144	43		1
ice	MPF_FATA	0.7	346	37281	9	9	1.7509727626459144	183		1
ice	MPF_FATA	0.7	347	24105	9	9	1.7509727626459144	227		1
ice	MPF_FATA	0.7	348	24108	9	9	1.7509727626459144	220		1
ice	MPF_FATA	0.7	349	24109	9	9	1.7509727626459144	212		1
ice	MPF_FATA	0.7	350	24110	9	9	1.7509727626459144	201		1
ice	MPF_FATA	0.7	351	74309	9	9	1.7509727626459144	129		1
ice	MPF_FATA	0.7	352	74351	9	9	1.7509727626459144	134		1
ice	MPF_FATA	0.7	353	74352	9	9	1.7509727626459144	70		1
ice	MPF_FATA	0.7	354	74354	9	9	1.7509727626459144	186		1
ice	MPF_FATA	0.7	355	99655	9	9	1.7509727626459144	79		1
ice	MPF_FATA	0.7	356	190787	9	9	1.7509727626459144	96		1
ice	MPF_FATA	0.7	357	23273	9	9	1.7509727626459144	194		1
ice	MPF_FATA	0.7	358	23927	9	9	1.7509727626459144	230		1
ice	MPF_FATA	0.7	359	23930	9	9	1.7509727626459144	186		1
ice	MPF_FATA	0.7	360	23931	9	9	1.7509727626459144	163		1
ice	MPF_FATA	0.7	361	23932	9	9	1.7509727626459144	183		1
ice	MPF_FATA	0.7	362	23940	9	9	1.7509727626459144	198		1
ice	MPF_FATA	0.7	363	23941	9	9	1.7509727626459144	172		1
ice	MPF_FATA	0.7	364	44147	10	9	1.7509727626459144	61		1
ice	MPF_FATA	0.7	365	44181	9	9	1.7509727626459144	68		1
ice	MPF_FATA	0.7	366	96167	9	9	1.7509727626459144	121		1
ice	MPF_FATA	0.7	367	12316	9	9	1.7509727626459144	223		1
ice	MPF_FATA	0.7	368	378590	9	9	1.7509727626459144	195		1
ice	MPF_FATA	0.7	369	28280	9	9	1.7509727626459144	233		1
ice	MPF_FATA	0.7	370	61144	9	9	1.7509727626459144	139		1
ice	MPF_FATA	0.7	371	5953	9	9	1.7509727626459144	183		1
ice	MPF_FATA	0.7	372	113875	10	9	1.7509727626459144	65		1
ice	MPF_FATA	0.7	373	6518	9	9	1.7509727626459144	88		1
ice	MPF_FATA	0.7	374	6522	9	9	1.7509727626459144	61		1
ice	MPF_FATA	0.7	375	6523	9	9	1.7509727626459144	108		1
ice	MPF_FATA	0.7	376	6529	9	9	1.7509727626459144	95		1
ice	MPF_FATA	0.7	377	51950	9	9	1.7509727626459144	134		1
ice	MPF_FATA	0.7	378	132212	9	9	1.7509727626459144	117		1
ice	MPF_FATA	0.7	379	6662	9	9	1.7509727626459144	88		1
ice	MPF_FATA	0.7	380	186097	9	9	1.7509727626459144	140		1
ice	MPF_FATA	0.7	381	71501	9	9	1.7509727626459144	61		1
ice	MPF_FATA	0.7	382	45324	9	9	1.7509727626459144	85		1
ice	MPF_FATA	0.7	383	97837	9	9	1.7509727626459144	148		1
ice	MPF_FATA	0.7	384	112819	10	9	1.7509727626459144	90		1
ice	MPF_FATA	0.7	385	112838	9	9	1.7509727626459144	232		1
ice	MPF_FATA	0.7	386	112840	9	9	1.7509727626459144	238		1
ice	MPF_FATA	0.7	387	112841	9	9	1.7509727626459144	250		1
ice	MPF_FATA	0.7	388	112842	9	9	1.7509727626459144	228		1
ice	MPF_FATA	0.7	389	112845	9	9	1.7509727626459144	134		1
ice	MPF_FATA	0.7	390	172739	9	9	1.7509727626459144	114		1
ice	MPF_FATA	0.7	391	31913	8	8	1.556420233463035	162		1
ice	MPF_FATA	0.7	392	13547	8	8	1.556420233463035	111		1
ice	MPF_FATA	0.7	393	13549	8	8	1.556420233463035	92		1
ice	MPF_FATA	0.7	394	13550	8	8	1.556420233463035	100		1
ice	MPF_FATA	0.7	395	13595	8	8	1.556420233463035	145		1
ice	MPF_FATA	0.7	396	375826	8	8	1.556420233463035	120		1
ice	MPF_FATA	0.7	397	13669	8	8	1.556420233463035	165		1
ice	MPF_FATA	0.7	398	99820	8	8	1.556420233463035	213		1
ice	MPF_FATA	0.7	399	24077	8	8	1.556420233463035	55		1
ice	MPF_FATA	0.7	400	64039	8	8	1.556420233463035	79		1
ice	MPF_G	0.5	1	14220	408	403	35.13513513513514	179		1
ice	MPF_G	0.5	2	106958	401	397	34.612031386224935	215		1
ice	MPF_G	0.5	3	234176	398	397	34.612031386224935	151		1
ice	MPF_G	0.5	4	130262	379	379	33.042720139494335	194		1
ice	MPF_G	0.5	5	5099	370	366	31.909328683522233	219		1
ice	MPF_G	0.5	6	2006	359	356	31.03748910200523	78		1
ice	MPF_G	0.5	7	223238	328	327	28.50915431560593	69		1
ice	MPF_G	0.5	8	73737	302	298	25.980819529206627	146		1
ice	MPF_G	0.5	9	49082	294	293	25.544899738448127	164		1
ice	MPF_G	0.5	10	221508	281	274	23.888404533565822	70		1
ice	MPF_G	0.5	11	292167	292	248	21.62162162162162	178		1
ice	MPF_G	0.5	12	355482	237	234	20.40104620749782	186		1
ice	MPF_G	0.5	13	384619	228	228	19.87794245858762	94		1
ice	MPF_G	0.5	14	149177	218	217	18.91891891891892	190		1
ice	MPF_G	0.5	15	139949	217	215	18.74455100261552	130		1
ice	MPF_G	0.5	16	162670	209	209	18.221447253705318	101		1
ice	MPF_G	0.5	17	106052	210	208	18.13426329555362	162		1
ice	MPF_G	0.5	18	287321	194	190	16.564952048823017	245		1
ice	MPF_G	0.5	19	323246	313	183	15.954664341761116	103		1
ice	MPF_G	0.5	20	116450	180	180	15.693112467306015	230		1
ice	MPF_G	0.5	21	192491	172	172	14.995640802092415	213		1
ice	MPF_G	0.5	22	94491	176	171	14.908456843940716	117		1
ice	MPF_G	0.5	23	129502	171	170	14.821272885789014	233		1
ice	MPF_G	0.5	24	53429	170	169	14.734088927637314	242		1
ice	MPF_G	0.5	25	162586	169	168	14.646904969485615	245		1
ice	MPF_G	0.5	26	6061	165	165	14.385353095030514	84		1
ice	MPF_G	0.5	27	321	164	163	14.210985178727114	175		1
ice	MPF_G	0.5	28	207922	158	157	13.687881429816914	162		1
ice	MPF_G	0.5	29	106937	158	157	13.687881429816914	44		1
ice	MPF_G	0.5	30	6074	156	156	13.600697471665214	89		1
ice	MPF_G	0.5	31	107028	156	156	13.600697471665214	90		1
ice	MPF_G	0.5	32	320731	155	154	13.426329555361814	61		1
ice	MPF_G	0.5	33	109943	154	154	13.426329555361814	145		1
ice	MPF_G	0.5	34	29413	153	153	13.339145597210113	58		1
ice	MPF_G	0.5	35	187512	154	152	13.251961639058413	219		1
ice	MPF_G	0.5	36	6043	150	150	13.077593722755013	177		1
ice	MPF_G	0.5	37	346071	269	150	13.077593722755013	84		1
ice	MPF_G	0.5	38	6046	149	149	12.990409764603314	176		1
ice	MPF_G	0.5	39	323523	147	147	12.816041848299912	116		1
ice	MPF_G	0.5	40	6003	148	147	12.816041848299912	165		1
ice	MPF_G	0.5	41	6060	146	146	12.728857890148213	120		1
ice	MPF_G	0.5	42	141903	147	146	12.728857890148213	89		1
ice	MPF_G	0.5	43	159828	145	145	12.641673931996513	116		1
ice	MPF_G	0.5	44	6014	145	144	12.554489973844813	85		1
ice	MPF_G	0.5	45	224347	143	142	12.380122057541412	92		1
ice	MPF_G	0.5	46	2602	142	141	12.292938099389712	135		1
ice	MPF_G	0.5	47	6054	141	141	12.292938099389712	52		1
ice	MPF_G	0.5	48	133492	140	140	12.205754141238012	248		1
ice	MPF_G	0.5	49	323522	135	135	11.769834350479512	235		1
ice	MPF_G	0.5	50	6095	136	133	11.595466434176112	72		1
ice	MPF_G	0.5	51	78802	133	133	11.595466434176112	121		1
ice	MPF_G	0.5	52	6007	133	132	11.508282476024412	74		1
ice	MPF_G	0.5	53	59419	131	131	11.42109851787271	159		1
ice	MPF_G	0.5	54	79097	131	130	11.333914559721011	72		1
ice	MPF_G	0.5	55	377755	127	127	11.072362685265912	107		1
ice	MPF_G	0.5	56	266220	125	125	10.89799476896251	208		1
ice	MPF_G	0.5	57	36841	136	123	10.72362685265911	81		1
ice	MPF_G	0.5	58	300147	122	122	10.636442894507411	197		1
ice	MPF_G	0.5	59	2641	121	121	10.549258936355711	210		1
ice	MPF_G	0.5	60	286403	120	120	10.46207497820401	241		1
ice	MPF_G	0.5	61	43556	119	119	10.37489102005231	82		1
ice	MPF_G	0.5	62	332846	119	118	10.28770706190061	235		1
ice	MPF_G	0.5	63	36806	117	117	10.20052310374891	240		1
ice	MPF_G	0.5	64	43980	115	115	10.02615518744551	240		1
ice	MPF_G	0.5	65	106573	113	113	9.85178727114211	86		1
ice	MPF_G	0.5	66	36796	112	112	9.76460331299041	128		1
ice	MPF_G	0.5	67	36809	112	112	9.76460331299041	246		1
ice	MPF_G	0.5	68	36814	112	112	9.76460331299041	87		1
ice	MPF_G	0.5	69	36816	112	112	9.76460331299041	158		1
ice	MPF_G	0.5	70	36853	112	112	9.76460331299041	92		1
ice	MPF_G	0.5	71	36854	112	112	9.76460331299041	132		1
ice	MPF_G	0.5	72	36855	112	112	9.76460331299041	115		1
ice	MPF_G	0.5	73	36856	112	112	9.76460331299041	201		1
ice	MPF_G	0.5	74	133522	112	112	9.76460331299041	86		1
ice	MPF_G	0.5	75	36839	111	111	9.67741935483871	99		1
ice	MPF_G	0.5	76	106575	111	111	9.67741935483871	151		1
ice	MPF_G	0.5	77	36827	108	108	9.415867480383609	51		1
ice	MPF_G	0.5	78	30481	108	107	9.328683522231909	65		1
ice	MPF_G	0.5	79	36831	107	107	9.328683522231909	97		1
ice	MPF_G	0.5	80	36843	107	107	9.328683522231909	56		1
ice	MPF_G	0.5	81	36846	107	107	9.328683522231909	72		1
ice	MPF_G	0.5	82	36828	106	106	9.24149956408021	234		1
ice	MPF_G	0.5	83	87542	105	105	9.15431560592851	91		1
ice	MPF_G	0.5	84	156232	104	104	9.06713164777681	126		1
ice	MPF_G	0.5	85	221565	98	98	8.54402789886661	120		1
ice	MPF_G	0.5	86	6077	98	98	8.54402789886661	163		1
ice	MPF_G	0.5	87	150839	96	96	8.369659982563208	117		1
ice	MPF_G	0.5	88	23616	139	95	8.282476024411508	97		1
ice	MPF_G	0.5	89	23617	139	95	8.282476024411508	162		1
ice	MPF_G	0.5	90	223198	94	94	8.195292066259809	152		1
ice	MPF_G	0.5	91	6080	94	94	8.195292066259809	103		1
ice	MPF_G	0.5	92	45504	92	92	8.020924149956407	46		1
ice	MPF_G	0.5	93	323517	87	87	7.5850043591979075	129		1
ice	MPF_G	0.5	94	84975	87	87	7.5850043591979075	227		1
ice	MPF_G	0.5	95	29385	82	82	7.149084568439407	164		1
ice	MPF_G	0.5	96	145163	81	81	7.061900610287707	117		1
ice	MPF_G	0.5	97	239288	86	81	7.061900610287707	139		1
ice	MPF_G	0.5	98	221567	80	80	6.974716652136007	105		1
ice	MPF_G	0.5	99	115842	80	80	6.974716652136007	85		1
ice	MPF_G	0.5	100	13416	79	79	6.887532693984307	152		1
ice	MPF_G	0.5	101	2591	81	79	6.887532693984307	116		1
ice	MPF_G	0.5	102	210956	80	79	6.887532693984307	140		1
ice	MPF_G	0.5	103	70074	83	79	6.887532693984307	91		1
ice	MPF_G	0.5	104	6025	79	79	6.887532693984307	65		1
ice	MPF_G	0.5	105	76217	78	78	6.800348735832607	250		1
ice	MPF_G	0.5	106	113418	78	78	6.800348735832607	155		1
ice	MPF_G	0.5	107	103588	78	78	6.800348735832607	139		1
ice	MPF_G	0.5	108	194881	79	78	6.800348735832607	148		1
ice	MPF_G	0.5	109	23692	78	78	6.800348735832607	108		1
ice	MPF_G	0.5	110	27020	80	78	6.800348735832607	207		1
ice	MPF_G	0.5	111	382347	77	77	6.713164777680907	220		1
ice	MPF_G	0.5	112	207956	77	77	6.713164777680907	143		1
ice	MPF_G	0.5	113	287250	78	77	6.713164777680907	213		1
ice	MPF_G	0.5	114	94718	77	77	6.713164777680907	75		1
ice	MPF_G	0.5	115	94719	77	77	6.713164777680907	86		1
ice	MPF_G	0.5	116	23624	77	77	6.713164777680907	240		1
ice	MPF_G	0.5	117	23627	77	77	6.713164777680907	82		1
ice	MPF_G	0.5	118	23680	78	77	6.713164777680907	213		1
ice	MPF_G	0.5	119	165486	77	77	6.713164777680907	89		1
ice	MPF_G	0.5	120	55879	76	76	6.6259808195292065	114		1
ice	MPF_G	0.5	121	94737	76	76	6.6259808195292065	195		1
ice	MPF_G	0.5	122	23686	76	76	6.6259808195292065	150		1
ice	MPF_G	0.5	123	23687	76	76	6.6259808195292065	97		1
ice	MPF_G	0.5	124	128577	75	75	6.538796861377507	228		1
ice	MPF_G	0.5	125	142391	108	75	6.538796861377507	184		1
ice	MPF_G	0.5	126	104353	75	75	6.538796861377507	126		1
ice	MPF_G	0.5	127	355185	74	74	6.451612903225806	100		1
ice	MPF_G	0.5	128	208977	68	68	5.928509154315606	228		1
ice	MPF_G	0.5	129	312343	68	68	5.928509154315606	185		1
ice	MPF_G	0.5	130	134081	94	67	5.841325196163906	227		1
ice	MPF_G	0.5	131	130323	66	66	5.754141238012206	69		1
ice	MPF_G	0.5	132	193555	65	65	5.6669572798605055	171		1
ice	MPF_G	0.5	133	23625	65	65	5.6669572798605055	31		1
ice	MPF_G	0.5	134	23631	65	65	5.6669572798605055	58		1
ice	MPF_G	0.5	135	159669	65	64	5.579773321708806	79		1
ice	MPF_G	0.5	136	23698	64	64	5.579773321708806	161		1
ice	MPF_G	0.5	137	23707	64	64	5.579773321708806	201		1
ice	MPF_G	0.5	138	25702	68	64	5.579773321708806	139		1
ice	MPF_G	0.5	139	26956	64	64	5.579773321708806	64		1
ice	MPF_G	0.5	140	23677	63	63	5.492589363557106	129		1
ice	MPF_G	0.5	141	239376	63	63	5.492589363557106	240		1
ice	MPF_G	0.5	142	23717	63	63	5.492589363557106	67		1
ice	MPF_G	0.5	143	136101	65	62	5.405405405405405	99		1
ice	MPF_G	0.5	144	103541	62	62	5.405405405405405	180		1
ice	MPF_G	0.5	145	253077	62	62	5.405405405405405	119		1
ice	MPF_G	0.5	146	263778	74	62	5.405405405405405	165		1
ice	MPF_G	0.5	147	6105	61	61	5.3182214472537055	79		1
ice	MPF_G	0.5	148	211187	61	61	5.3182214472537055	82		1
ice	MPF_G	0.5	149	6038	61	61	5.3182214472537055	96		1
ice	MPF_G	0.5	150	6039	61	61	5.3182214472537055	99		1
ice	MPF_G	0.5	151	153192	60	60	5.231037489102005	248		1
ice	MPF_G	0.5	152	225085	60	60	5.231037489102005	215		1
ice	MPF_G	0.5	153	23640	59	59	5.143853530950305	119		1
ice	MPF_G	0.5	154	30437	63	59	5.143853530950305	102		1
ice	MPF_G	0.5	155	23700	59	59	5.143853530950305	100		1
ice	MPF_G	0.5	156	23747	59	59	5.143853530950305	231		1
ice	MPF_G	0.5	157	23755	59	59	5.143853530950305	62		1
ice	MPF_G	0.5	158	19849	59	59	5.143853530950305	80		1
ice	MPF_G	0.5	159	23635	58	58	5.056669572798605	202		1
ice	MPF_G	0.5	160	23668	58	58	5.056669572798605	138		1
ice	MPF_G	0.5	161	6050	58	58	5.056669572798605	188		1
ice	MPF_G	0.5	162	23703	58	58	5.056669572798605	72		1
ice	MPF_G	0.5	163	23704	58	58	5.056669572798605	240		1
ice	MPF_G	0.5	164	23705	58	58	5.056669572798605	135		1
ice	MPF_G	0.5	165	23709	58	58	5.056669572798605	119		1
ice	MPF_G	0.5	166	23710	58	58	5.056669572798605	192		1
ice	MPF_G	0.5	167	23711	58	58	5.056669572798605	148		1
ice	MPF_G	0.5	168	23712	58	58	5.056669572798605	143		1
ice	MPF_G	0.5	169	23713	58	58	5.056669572798605	141		1
ice	MPF_G	0.5	170	23715	58	58	5.056669572798605	169		1
ice	MPF_G	0.5	171	23716	58	58	5.056669572798605	71		1
ice	MPF_G	0.5	172	23718	58	58	5.056669572798605	154		1
ice	MPF_G	0.5	173	23719	58	58	5.056669572798605	216		1
ice	MPF_G	0.5	174	23724	58	58	5.056669572798605	231		1
ice	MPF_G	0.5	175	23727	58	58	5.056669572798605	77		1
ice	MPF_G	0.5	176	23728	58	58	5.056669572798605	62		1
ice	MPF_G	0.5	177	23732	58	58	5.056669572798605	194		1
ice	MPF_G	0.5	178	23733	58	58	5.056669572798605	75		1
ice	MPF_G	0.5	179	23734	58	58	5.056669572798605	77		1
ice	MPF_G	0.5	180	23735	58	58	5.056669572798605	113		1
ice	MPF_G	0.5	181	23736	58	58	5.056669572798605	66		1
ice	MPF_G	0.5	182	23737	58	58	5.056669572798605	169		1
ice	MPF_G	0.5	183	23738	58	58	5.056669572798605	80		1
ice	MPF_G	0.5	184	23739	58	58	5.056669572798605	210		1
ice	MPF_G	0.5	185	23754	58	58	5.056669572798605	179		1
ice	MPF_G	0.5	186	23761	58	58	5.056669572798605	150		1
ice	MPF_G	0.5	187	27021	58	58	5.056669572798605	94		1
ice	MPF_G	0.5	188	89562	58	57	4.969485614646905	186		1
ice	MPF_G	0.5	189	23695	57	57	4.969485614646905	125		1
ice	MPF_G	0.5	190	23714	57	57	4.969485614646905	125		1
ice	MPF_G	0.5	191	32275	55	55	4.795117698343505	127		1
ice	MPF_G	0.5	192	2617	52	52	4.533565823888405	241		1
ice	MPF_G	0.5	193	30434	52	52	4.533565823888405	90		1
ice	MPF_G	0.5	194	137631	51	51	4.446381865736704	152		1
ice	MPF_G	0.5	195	383271	50	50	4.3591979075850045	69		1
ice	MPF_G	0.5	196	197214	55	50	4.3591979075850045	204		1
ice	MPF_G	0.5	197	29285	50	50	4.3591979075850045	143		1
ice	MPF_G	0.5	198	43570	48	48	4.184829991281604	162		1
ice	MPF_G	0.5	199	289911	48	48	4.184829991281604	202		1
ice	MPF_G	0.5	200	6068	47	47	4.097646033129904	92		1
ice	MPF_G	0.5	201	41009	47	47	4.097646033129904	227		1
ice	MPF_G	0.5	202	350855	54	47	4.097646033129904	92		1
ice	MPF_G	0.5	203	357988	46	46	4.010462074978204	67		1
ice	MPF_G	0.5	204	5084	45	45	3.923278116826504	107		1
ice	MPF_G	0.5	205	36848	53	45	3.923278116826504	91		1
ice	MPF_G	0.5	206	50316	45	45	3.923278116826504	111		1
ice	MPF_G	0.5	207	23573	45	45	3.923278116826504	104		1
ice	MPF_G	0.5	208	23526	45	45	3.923278116826504	136		1
ice	MPF_G	0.5	209	23536	45	45	3.923278116826504	122		1
ice	MPF_G	0.5	210	23543	45	45	3.923278116826504	80		1
ice	MPF_G	0.5	211	23549	45	45	3.923278116826504	138		1
ice	MPF_G	0.5	212	23696	45	45	3.923278116826504	79		1
ice	MPF_G	0.5	213	43640	44	44	3.8360941586748036	121		1
ice	MPF_G	0.5	214	21302	48	44	3.8360941586748036	208		1
ice	MPF_G	0.5	215	27276	44	44	3.8360941586748036	172		1
ice	MPF_G	0.5	216	23562	44	44	3.8360941586748036	93		1
ice	MPF_G	0.5	217	23564	44	44	3.8360941586748036	107		1
ice	MPF_G	0.5	218	23566	44	44	3.8360941586748036	222		1
ice	MPF_G	0.5	219	23570	44	44	3.8360941586748036	136		1
ice	MPF_G	0.5	220	23571	44	44	3.8360941586748036	229		1
ice	MPF_G	0.5	221	23576	44	44	3.8360941586748036	188		1
ice	MPF_G	0.5	222	23577	44	44	3.8360941586748036	223		1
ice	MPF_G	0.5	223	23580	44	44	3.8360941586748036	169		1
ice	MPF_G	0.5	224	23581	44	44	3.8360941586748036	206		1
ice	MPF_G	0.5	225	23583	44	44	3.8360941586748036	229		1
ice	MPF_G	0.5	226	23585	44	44	3.8360941586748036	139		1
ice	MPF_G	0.5	227	23587	44	44	3.8360941586748036	144		1
ice	MPF_G	0.5	228	23588	44	44	3.8360941586748036	147		1
ice	MPF_G	0.5	229	23592	44	44	3.8360941586748036	222		1
ice	MPF_G	0.5	230	23602	44	44	3.8360941586748036	88		1
ice	MPF_G	0.5	231	23603	44	44	3.8360941586748036	239		1
ice	MPF_G	0.5	232	23607	44	44	3.8360941586748036	141		1
ice	MPF_G	0.5	233	23608	44	44	3.8360941586748036	131		1
ice	MPF_G	0.5	234	23613	44	44	3.8360941586748036	87		1
ice	MPF_G	0.5	235	23614	44	44	3.8360941586748036	90		1
ice	MPF_G	0.5	236	23618	44	44	3.8360941586748036	250		1
ice	MPF_G	0.5	237	23636	44	44	3.8360941586748036	105		1
ice	MPF_G	0.5	238	23507	44	44	3.8360941586748036	60		1
ice	MPF_G	0.5	239	23512	44	44	3.8360941586748036	229		1
ice	MPF_G	0.5	240	23513	44	44	3.8360941586748036	179		1
ice	MPF_G	0.5	241	23515	44	44	3.8360941586748036	90		1
ice	MPF_G	0.5	242	23522	44	44	3.8360941586748036	81		1
ice	MPF_G	0.5	243	23523	44	44	3.8360941586748036	212		1
ice	MPF_G	0.5	244	23524	44	44	3.8360941586748036	244		1
ice	MPF_G	0.5	245	23533	44	44	3.8360941586748036	165		1
ice	MPF_G	0.5	246	23539	44	44	3.8360941586748036	70		1
ice	MPF_G	0.5	247	23540	44	44	3.8360941586748036	171		1
ice	MPF_G	0.5	248	23548	44	44	3.8360941586748036	237		1
ice	MPF_G	0.5	249	23550	44	44	3.8360941586748036	118		1
ice	MPF_G	0.5	250	23551	44	44	3.8360941586748036	112		1
ice	MPF_G	0.5	251	23552	44	44	3.8360941586748036	147		1
ice	MPF_G	0.5	252	23555	44	44	3.8360941586748036	210		1
ice	MPF_G	0.5	253	27279	43	43	3.748910200523104	182		1
ice	MPF_G	0.5	254	67069	43	43	3.748910200523104	85		1
ice	MPF_G	0.5	255	150675	43	43	3.748910200523104	122		1
ice	MPF_G	0.5	256	23610	43	43	3.748910200523104	197		1
ice	MPF_G	0.5	257	2581	43	42	3.6617262423714037	166		1
ice	MPF_G	0.5	258	275708	42	42	3.6617262423714037	156		1
ice	MPF_G	0.5	259	67910	42	42	3.6617262423714037	185		1
ice	MPF_G	0.5	260	6030	42	42	3.6617262423714037	117		1
ice	MPF_G	0.5	261	29418	42	42	3.6617262423714037	50		1
ice	MPF_G	0.5	262	194287	41	41	3.5745422842197034	76		1
ice	MPF_G	0.5	263	275709	41	41	3.5745422842197034	191		1
ice	MPF_G	0.5	264	23649	41	41	3.5745422842197034	83		1
ice	MPF_G	0.5	265	7413	41	41	3.5745422842197034	88		1
ice	MPF_G	0.5	266	50377	42	40	3.4873583260680037	87		1
ice	MPF_G	0.5	267	21355	40	40	3.4873583260680037	185		1
ice	MPF_G	0.5	268	211184	40	40	3.4873583260680037	147		1
ice	MPF_G	0.5	269	23207	40	40	3.4873583260680037	240		1
ice	MPF_G	0.5	270	30441	40	39	3.4001743679163035	116		1
ice	MPF_G	0.5	271	100822	40	39	3.4001743679163035	101		1
ice	MPF_G	0.5	272	196311	39	39	3.4001743679163035	115		1
ice	MPF_G	0.5	273	99749	39	39	3.4001743679163035	197		1
ice	MPF_G	0.5	274	29433	39	39	3.4001743679163035	87		1
ice	MPF_G	0.5	275	36525	40	38	3.3129904097646032	161		1
ice	MPF_G	0.5	276	4414	38	38	3.3129904097646032	166		1
ice	MPF_G	0.5	277	67945	38	38	3.3129904097646032	91		1
ice	MPF_G	0.5	278	19880	38	38	3.3129904097646032	147		1
ice	MPF_G	0.5	279	100904	39	38	3.3129904097646032	215		1
ice	MPF_G	0.5	280	43642	37	37	3.225806451612903	200		1
ice	MPF_G	0.5	281	43643	37	37	3.225806451612903	115		1
ice	MPF_G	0.5	282	308355	37	37	3.225806451612903	91		1
ice	MPF_G	0.5	283	211309	38	37	3.225806451612903	64		1
ice	MPF_G	0.5	284	2619	37	37	3.225806451612903	166		1
ice	MPF_G	0.5	285	2620	37	37	3.225806451612903	156		1
ice	MPF_G	0.5	286	157537	38	37	3.225806451612903	121		1
ice	MPF_G	0.5	287	52625	37	37	3.225806451612903	50		1
ice	MPF_G	0.5	288	303672	37	37	3.225806451612903	65		1
ice	MPF_G	0.5	289	156161	36	36	3.1386224934612033	228		1
ice	MPF_G	0.5	290	33767	37	36	3.1386224934612033	42		1
ice	MPF_G	0.5	291	321808	36	36	3.1386224934612033	203		1
ice	MPF_G	0.5	292	52506	36	36	3.1386224934612033	215		1
ice	MPF_G	0.5	293	272883	36	36	3.1386224934612033	132		1
ice	MPF_G	0.5	294	33809	35	35	3.051438535309503	124		1
ice	MPF_G	0.5	295	33813	35	35	3.051438535309503	130		1
ice	MPF_G	0.5	296	33569	35	35	3.051438535309503	78		1
ice	MPF_G	0.5	297	23202	35	35	3.051438535309503	145		1
ice	MPF_G	0.5	298	33405	34	34	2.964254577157803	135		1
ice	MPF_G	0.5	299	61705	34	34	2.964254577157803	208		1
ice	MPF_G	0.5	300	77163	34	34	2.964254577157803	119		1
ice	MPF_G	0.5	301	142003	34	34	2.964254577157803	202		1
ice	MPF_G	0.5	302	52626	34	34	2.964254577157803	197		1
ice	MPF_G	0.5	303	92400	35	34	2.964254577157803	121		1
ice	MPF_G	0.5	304	25703	34	34	2.964254577157803	211		1
ice	MPF_G	0.5	305	95534	33	33	2.877070619006103	117		1
ice	MPF_G	0.5	306	97918	35	33	2.877070619006103	142		1
ice	MPF_G	0.5	307	2582	33	33	2.877070619006103	103		1
ice	MPF_G	0.5	308	33812	33	33	2.877070619006103	67		1
ice	MPF_G	0.5	309	319247	33	33	2.877070619006103	113		1
ice	MPF_G	0.5	310	371176	57	33	2.877070619006103	88		1
ice	MPF_G	0.5	311	98558	33	33	2.877070619006103	165		1
ice	MPF_G	0.5	312	112370	33	33	2.877070619006103	131		1
ice	MPF_G	0.5	313	15375	33	33	2.877070619006103	181		1
ice	MPF_G	0.5	314	55848	33	33	2.877070619006103	194		1
ice	MPF_G	0.5	315	8912	32	32	2.789886660854403	99		1
ice	MPF_G	0.5	316	33811	32	32	2.789886660854403	198		1
ice	MPF_G	0.5	317	33814	32	32	2.789886660854403	107		1
ice	MPF_G	0.5	318	33815	32	32	2.789886660854403	232		1
ice	MPF_G	0.5	319	242053	32	32	2.789886660854403	203		1
ice	MPF_G	0.5	320	2595	32	32	2.789886660854403	213		1
ice	MPF_G	0.5	321	6066	32	32	2.789886660854403	68		1
ice	MPF_G	0.5	322	6067	32	32	2.789886660854403	84		1
ice	MPF_G	0.5	323	82120	32	32	2.789886660854403	120		1
ice	MPF_G	0.5	324	33695	52	32	2.789886660854403	115		1
ice	MPF_G	0.5	325	23729	32	32	2.789886660854403	96		1
ice	MPF_G	0.5	326	234926	37	31	2.7027027027027026	100		1
ice	MPF_G	0.5	327	8916	31	31	2.7027027027027026	118		1
ice	MPF_G	0.5	328	2596	31	31	2.7027027027027026	86		1
ice	MPF_G	0.5	329	6065	31	31	2.7027027027027026	34		1
ice	MPF_G	0.5	330	8915	30	30	2.6155187445510024	170		1
ice	MPF_G	0.5	331	8919	30	30	2.6155187445510024	120		1
ice	MPF_G	0.5	332	8945	30	30	2.6155187445510024	65		1
ice	MPF_G	0.5	333	8949	30	30	2.6155187445510024	246		1
ice	MPF_G	0.5	334	43581	30	30	2.6155187445510024	122		1
ice	MPF_G	0.5	335	43592	30	30	2.6155187445510024	171		1
ice	MPF_G	0.5	336	125308	30	30	2.6155187445510024	234		1
ice	MPF_G	0.5	337	125310	30	30	2.6155187445510024	94		1
ice	MPF_G	0.5	338	242037	30	30	2.6155187445510024	161		1
ice	MPF_G	0.5	339	62836	30	30	2.6155187445510024	140		1
ice	MPF_G	0.5	340	42812	30	30	2.6155187445510024	196		1
ice	MPF_G	0.5	341	289215	30	30	2.6155187445510024	84		1
ice	MPF_G	0.5	342	34560	33	30	2.6155187445510024	111		1
ice	MPF_G	0.5	343	29241	32	30	2.6155187445510024	137		1
ice	MPF_G	0.5	344	22928	32	30	2.6155187445510024	117		1
ice	MPF_G	0.5	345	22932	32	30	2.6155187445510024	142		1
ice	MPF_G	0.5	346	22947	30	30	2.6155187445510024	123		1
ice	MPF_G	0.5	347	22949	30	30	2.6155187445510024	117		1
ice	MPF_G	0.5	348	30440	31	29	2.5283347863993026	186		1
ice	MPF_G	0.5	349	139134	29	29	2.5283347863993026	109		1
ice	MPF_G	0.5	350	313323	33	29	2.5283347863993026	196		1
ice	MPF_G	0.5	351	232538	29	29	2.5283347863993026	123		1
ice	MPF_G	0.5	352	42816	29	29	2.5283347863993026	178		1
ice	MPF_G	0.5	353	259885	29	29	2.5283347863993026	223		1
ice	MPF_G	0.5	354	52502	29	29	2.5283347863993026	172		1
ice	MPF_G	0.5	355	22927	31	29	2.5283347863993026	81		1
ice	MPF_G	0.5	356	7326	29	29	2.5283347863993026	81		1
ice	MPF_G	0.5	357	206066	29	28	2.4411508282476024	115		1
ice	MPF_G	0.5	358	2103	28	28	2.4411508282476024	84		1
ice	MPF_G	0.5	359	2589	28	28	2.4411508282476024	62		1
ice	MPF_G	0.5	360	78754	28	28	2.4411508282476024	68		1
ice	MPF_G	0.5	361	62781	28	28	2.4411508282476024	202		1
ice	MPF_G	0.5	362	62844	28	28	2.4411508282476024	108		1
ice	MPF_G	0.5	363	294409	28	28	2.4411508282476024	172		1
ice	MPF_G	0.5	364	56494	28	28	2.4411508282476024	226		1
ice	MPF_G	0.5	365	6011	28	28	2.4411508282476024	145		1
ice	MPF_G	0.5	366	164029	28	28	2.4411508282476024	249		1
ice	MPF_G	0.5	367	197210	28	28	2.4411508282476024	136		1
ice	MPF_G	0.5	368	248654	28	28	2.4411508282476024	132		1
ice	MPF_G	0.5	369	30476	28	27	2.353966870095902	76		1
ice	MPF_G	0.5	370	30480	27	27	2.353966870095902	72		1
ice	MPF_G	0.5	371	162630	28	27	2.353966870095902	111		1
ice	MPF_G	0.5	372	124850	27	27	2.353966870095902	143		1
ice	MPF_G	0.5	373	50221	27	27	2.353966870095902	69		1
ice	MPF_G	0.5	374	332287	27	27	2.353966870095902	172		1
ice	MPF_G	0.5	375	6010	27	27	2.353966870095902	34		1
ice	MPF_G	0.5	376	143495	27	27	2.353966870095902	60		1
ice	MPF_G	0.5	377	289309	27	27	2.353966870095902	228		1
ice	MPF_G	0.5	378	219282	27	27	2.353966870095902	161		1
ice	MPF_G	0.5	379	77166	26	26	2.2667829119442024	128		1
ice	MPF_G	0.5	380	104894	26	26	2.2667829119442024	135		1
ice	MPF_G	0.5	381	67838	26	26	2.2667829119442024	62		1
ice	MPF_G	0.5	382	12703	26	26	2.2667829119442024	85		1
ice	MPF_G	0.5	383	23143	26	26	2.2667829119442024	102		1
ice	MPF_G	0.5	384	23146	26	26	2.2667829119442024	138		1
ice	MPF_G	0.5	385	43339	26	26	2.2667829119442024	222		1
ice	MPF_G	0.5	386	270943	26	26	2.2667829119442024	135		1
ice	MPF_G	0.5	387	49133	25	25	2.1795989537925022	119		1
ice	MPF_G	0.5	388	260794	25	25	2.1795989537925022	236		1
ice	MPF_G	0.5	389	293577	31	25	2.1795989537925022	159		1
ice	MPF_G	0.5	390	60048	25	25	2.1795989537925022	121		1
ice	MPF_G	0.5	391	32315	25	25	2.1795989537925022	89		1
ice	MPF_G	0.5	392	16717	25	25	2.1795989537925022	94		1
ice	MPF_G	0.5	393	210904	25	25	2.1795989537925022	164		1
ice	MPF_G	0.5	394	32022	25	25	2.1795989537925022	107		1
ice	MPF_G	0.5	395	40884	25	25	2.1795989537925022	248		1
ice	MPF_G	0.5	396	29281	25	25	2.1795989537925022	86		1
ice	MPF_G	0.5	397	29282	25	25	2.1795989537925022	120		1
ice	MPF_G	0.5	398	30443	24	24	2.092414995640802	184		1
ice	MPF_G	0.5	399	8920	24	24	2.092414995640802	64		1
ice	MPF_G	0.5	400	2062	24	24	2.092414995640802	115		1
ice	MPF_G	0.7	1	100922	236	232	20.22667829119442	146		1
ice	MPF_G	0.7	2	331924	206	204	17.785527462946817	186		1
ice	MPF_G	0.7	3	4399	203	201	17.523975588491716	130		1
ice	MPF_G	0.7	4	252985	242	198	17.26242371403662	178		1
ice	MPF_G	0.7	5	169453	200	196	17.08805579773322	216		1
ice	MPF_G	0.7	6	92383	190	188	16.390584132519617	82		1
ice	MPF_G	0.7	7	94519	185	184	16.041848299912814	164		1
ice	MPF_G	0.7	8	162606	165	164	14.298169136878814	182		1
ice	MPF_G	0.7	9	214495	164	163	14.210985178727114	70		1
ice	MPF_G	0.7	10	48841	164	163	14.210985178727114	229		1
ice	MPF_G	0.7	11	73724	158	158	13.775065387968613	70		1
ice	MPF_G	0.7	12	56766	157	157	13.687881429816914	230		1
ice	MPF_G	0.7	13	6091	157	157	13.687881429816914	94		1
ice	MPF_G	0.7	14	6062	157	157	13.687881429816914	201		1
ice	MPF_G	0.7	15	6074	156	156	13.600697471665214	89		1
ice	MPF_G	0.7	16	53429	153	152	13.251961639058413	242		1
ice	MPF_G	0.7	17	187512	153	151	13.164777680906713	219		1
ice	MPF_G	0.7	18	6053	148	148	12.903225806451612	159		1
ice	MPF_G	0.7	19	194558	148	147	12.816041848299912	245		1
ice	MPF_G	0.7	20	157390	147	147	12.816041848299912	116		1
ice	MPF_G	0.7	21	6003	148	147	12.816041848299912	165		1
ice	MPF_G	0.7	22	6043	147	147	12.816041848299912	177		1
ice	MPF_G	0.7	23	6049	147	147	12.816041848299912	145		1
ice	MPF_G	0.7	24	6061	147	147	12.816041848299912	84		1
ice	MPF_G	0.7	25	26936	147	146	12.728857890148213	233		1
ice	MPF_G	0.7	26	141903	147	146	12.728857890148213	89		1
ice	MPF_G	0.7	27	6012	147	146	12.728857890148213	61		1
ice	MPF_G	0.7	28	6029	147	146	12.728857890148213	162		1
ice	MPF_G	0.7	29	6046	146	146	12.728857890148213	176		1
ice	MPF_G	0.7	30	6060	146	146	12.728857890148213	120		1
ice	MPF_G	0.7	31	6102	145	145	12.641673931996513	90		1
ice	MPF_G	0.7	32	133517	146	145	12.641673931996513	117		1
ice	MPF_G	0.7	33	6013	146	145	12.641673931996513	175		1
ice	MPF_G	0.7	34	6016	146	145	12.641673931996513	77		1
ice	MPF_G	0.7	35	6014	145	144	12.554489973844813	85		1
ice	MPF_G	0.7	36	323708	144	144	12.554489973844813	116		1
ice	MPF_G	0.7	37	29443	142	142	12.380122057541412	99		1
ice	MPF_G	0.7	38	6055	142	142	12.380122057541412	65		1
ice	MPF_G	0.7	39	2587	142	141	12.292938099389712	92		1
ice	MPF_G	0.7	40	267928	141	140	12.205754141238012	135		1
ice	MPF_G	0.7	41	6054	140	140	12.205754141238012	52		1
ice	MPF_G	0.7	42	54566	139	139	12.118570183086312	213		1
ice	MPF_G	0.7	43	192506	140	139	12.118570183086312	245		1
ice	MPF_G	0.7	44	14337	245	136	11.857018308631211	83		1
ice	MPF_G	0.7	45	26981	134	134	11.682650392327812	235		1
ice	MPF_G	0.7	46	6095	134	131	11.42109851787271	72		1
ice	MPF_G	0.7	47	6007	130	129	11.246730601569311	74		1
ice	MPF_G	0.7	48	353646	126	126	10.985178727114212	248		1
ice	MPF_G	0.7	49	1078	123	123	10.72362685265911	155		1
ice	MPF_G	0.7	50	56872	123	122	10.636442894507411	235		1
ice	MPF_G	0.7	51	377755	121	121	10.549258936355711	107		1
ice	MPF_G	0.7	52	2641	121	121	10.549258936355711	210		1
ice	MPF_G	0.7	53	36807	112	112	9.76460331299041	150		1
ice	MPF_G	0.7	54	36809	112	112	9.76460331299041	246		1
ice	MPF_G	0.7	55	36814	112	112	9.76460331299041	87		1
ice	MPF_G	0.7	56	36816	112	112	9.76460331299041	158		1
ice	MPF_G	0.7	57	36853	112	112	9.76460331299041	92		1
ice	MPF_G	0.7	58	36854	112	112	9.76460331299041	132		1
ice	MPF_G	0.7	59	36855	112	112	9.76460331299041	115		1
ice	MPF_G	0.7	60	36856	112	112	9.76460331299041	201		1
ice	MPF_G	0.7	61	36796	112	112	9.76460331299041	128		1
ice	MPF_G	0.7	62	36799	112	112	9.76460331299041	194		1
ice	MPF_G	0.7	63	36806	112	112	9.76460331299041	240		1
ice	MPF_G	0.7	64	36839	111	111	9.67741935483871	99		1
ice	MPF_G	0.7	65	106575	111	111	9.67741935483871	151		1
ice	MPF_G	0.7	66	36841	109	109	9.503051438535309	81		1
ice	MPF_G	0.7	67	36827	108	108	9.415867480383609	51		1
ice	MPF_G	0.7	68	36831	107	107	9.328683522231909	97		1
ice	MPF_G	0.7	69	36843	107	107	9.328683522231909	56		1
ice	MPF_G	0.7	70	36846	107	107	9.328683522231909	72		1
ice	MPF_G	0.7	71	310839	106	106	9.24149956408021	210		1
ice	MPF_G	0.7	72	36828	106	106	9.24149956408021	234		1
ice	MPF_G	0.7	73	30481	107	106	9.24149956408021	65		1
ice	MPF_G	0.7	74	87542	105	105	9.15431560592851	91		1
ice	MPF_G	0.7	75	106573	105	105	9.15431560592851	86		1
ice	MPF_G	0.7	76	58026	104	104	9.06713164777681	126		1
ice	MPF_G	0.7	77	287313	102	102	8.892763731473408	106		1
ice	MPF_G	0.7	78	24914	102	102	8.892763731473408	121		1
ice	MPF_G	0.7	79	6077	98	98	8.54402789886661	163		1
ice	MPF_G	0.7	80	4069	97	97	8.456843940714908	86		1
ice	MPF_G	0.7	81	52627	139	95	8.282476024411508	162		1
ice	MPF_G	0.7	82	23616	139	95	8.282476024411508	97		1
ice	MPF_G	0.7	83	6080	94	94	8.195292066259809	103		1
ice	MPF_G	0.7	84	135850	94	94	8.195292066259809	208		1
ice	MPF_G	0.7	85	45504	92	92	8.020924149956407	46		1
ice	MPF_G	0.7	86	92728	90	90	7.846556233653008	72		1
ice	MPF_G	0.7	87	192521	91	90	7.846556233653008	175		1
ice	MPF_G	0.7	88	837	89	89	7.759372275501308	196		1
ice	MPF_G	0.7	89	1714	88	86	7.497820401046208	101		1
ice	MPF_G	0.7	90	29413	85	85	7.410636442894507	58		1
ice	MPF_G	0.7	91	29412	84	84	7.323452484742807	129		1
ice	MPF_G	0.7	92	2607	84	84	7.323452484742807	101		1
ice	MPF_G	0.7	93	26976	82	82	7.149084568439407	44		1
ice	MPF_G	0.7	94	29385	82	82	7.149084568439407	164		1
ice	MPF_G	0.7	95	84346	81	81	7.061900610287707	175		1
ice	MPF_G	0.7	96	2591	81	79	6.887532693984307	116		1
ice	MPF_G	0.7	97	202604	79	79	6.887532693984307	227		1
ice	MPF_G	0.7	98	6025	79	79	6.887532693984307	65		1
ice	MPF_G	0.7	99	13416	79	79	6.887532693984307	152		1
ice	MPF_G	0.7	100	12173	79	79	6.887532693984307	105		1
ice	MPF_G	0.7	101	27020	80	78	6.800348735832607	207		1
ice	MPF_G	0.7	102	117838	80	78	6.800348735832607	91		1
ice	MPF_G	0.7	103	36518	81	78	6.800348735832607	136		1
ice	MPF_G	0.7	104	194881	79	78	6.800348735832607	148		1
ice	MPF_G	0.7	105	128111	77	77	6.713164777680907	250		1
ice	MPF_G	0.7	106	94718	77	77	6.713164777680907	75		1
ice	MPF_G	0.7	107	94719	77	77	6.713164777680907	86		1
ice	MPF_G	0.7	108	137017	78	77	6.713164777680907	140		1
ice	MPF_G	0.7	109	23693	77	77	6.713164777680907	89		1
ice	MPF_G	0.7	110	103520	77	77	6.713164777680907	117		1
ice	MPF_G	0.7	111	23624	77	77	6.713164777680907	240		1
ice	MPF_G	0.7	112	23627	77	77	6.713164777680907	82		1
ice	MPF_G	0.7	113	23632	77	77	6.713164777680907	149		1
ice	MPF_G	0.7	114	23633	77	77	6.713164777680907	72		1
ice	MPF_G	0.7	115	355234	76	76	6.6259808195292065	155		1
ice	MPF_G	0.7	116	55879	76	76	6.6259808195292065	114		1
ice	MPF_G	0.7	117	23686	76	76	6.6259808195292065	150		1
ice	MPF_G	0.7	118	23687	76	76	6.6259808195292065	97		1
ice	MPF_G	0.7	119	23688	76	76	6.6259808195292065	152		1
ice	MPF_G	0.7	120	135151	76	76	6.6259808195292065	197		1
ice	MPF_G	0.7	121	94785	75	75	6.538796861377507	126		1
ice	MPF_G	0.7	122	103588	75	75	6.538796861377507	139		1
ice	MPF_G	0.7	123	23692	75	75	6.538796861377507	108		1
ice	MPF_G	0.7	124	23647	75	75	6.538796861377507	220		1
ice	MPF_G	0.7	125	355185	74	74	6.451612903225806	100		1
ice	MPF_G	0.7	126	94737	73	73	6.364428945074106	195		1
ice	MPF_G	0.7	127	116488	71	71	6.190061028770706	117		1
ice	MPF_G	0.7	128	23742	70	70	6.102877070619006	85		1
ice	MPF_G	0.7	129	198381	69	69	6.015693112467306	213		1
ice	MPF_G	0.7	130	64882	68	68	5.928509154315606	228		1
ice	MPF_G	0.7	131	130323	66	66	5.754141238012206	69		1
ice	MPF_G	0.7	132	2585	66	66	5.754141238012206	228		1
ice	MPF_G	0.7	133	23625	65	65	5.6669572798605055	31		1
ice	MPF_G	0.7	134	23626	65	65	5.6669572798605055	185		1
ice	MPF_G	0.7	135	23631	65	65	5.6669572798605055	58		1
ice	MPF_G	0.7	136	23657	65	65	5.6669572798605055	189		1
ice	MPF_G	0.7	137	6052	64	64	5.579773321708806	44		1
ice	MPF_G	0.7	138	159669	65	64	5.579773321708806	79		1
ice	MPF_G	0.7	139	6051	63	63	5.492589363557106	59		1
ice	MPF_G	0.7	140	287326	63	63	5.492589363557106	185		1
ice	MPF_G	0.7	141	239376	63	63	5.492589363557106	240		1
ice	MPF_G	0.7	142	23744	63	63	5.492589363557106	248		1
ice	MPF_G	0.7	143	26956	62	62	5.405405405405405	64		1
ice	MPF_G	0.7	144	321897	62	62	5.405405405405405	119		1
ice	MPF_G	0.7	145	103541	62	62	5.405405405405405	180		1
ice	MPF_G	0.7	146	6105	61	61	5.3182214472537055	79		1
ice	MPF_G	0.7	147	23677	61	61	5.3182214472537055	129		1
ice	MPF_G	0.7	148	67413	62	60	5.231037489102005	99		1
ice	MPF_G	0.7	149	6038	60	60	5.231037489102005	96		1
ice	MPF_G	0.7	150	6039	60	60	5.231037489102005	99		1
ice	MPF_G	0.7	151	30437	63	59	5.143853530950305	102		1
ice	MPF_G	0.7	152	218762	59	59	5.143853530950305	82		1
ice	MPF_G	0.7	153	23747	59	59	5.143853530950305	231		1
ice	MPF_G	0.7	154	23755	59	59	5.143853530950305	62		1
ice	MPF_G	0.7	155	23640	59	59	5.143853530950305	119		1
ice	MPF_G	0.7	156	27021	58	58	5.056669572798605	94		1
ice	MPF_G	0.7	157	6050	58	58	5.056669572798605	188		1
ice	MPF_G	0.7	158	23700	58	58	5.056669572798605	100		1
ice	MPF_G	0.7	159	23701	58	58	5.056669572798605	171		1
ice	MPF_G	0.7	160	23703	58	58	5.056669572798605	72		1
ice	MPF_G	0.7	161	23704	58	58	5.056669572798605	240		1
ice	MPF_G	0.7	162	23705	58	58	5.056669572798605	135		1
ice	MPF_G	0.7	163	23707	58	58	5.056669572798605	201		1
ice	MPF_G	0.7	164	23709	58	58	5.056669572798605	119		1
ice	MPF_G	0.7	165	23710	58	58	5.056669572798605	192		1
ice	MPF_G	0.7	166	23711	58	58	5.056669572798605	148		1
ice	MPF_G	0.7	167	23712	58	58	5.056669572798605	143		1
ice	MPF_G	0.7	168	23713	58	58	5.056669572798605	141		1
ice	MPF_G	0.7	169	23715	58	58	5.056669572798605	169		1
ice	MPF_G	0.7	170	23716	58	58	5.056669572798605	71		1
ice	MPF_G	0.7	171	23717	58	58	5.056669572798605	67		1
ice	MPF_G	0.7	172	23718	58	58	5.056669572798605	154		1
ice	MPF_G	0.7	173	23719	58	58	5.056669572798605	216		1
ice	MPF_G	0.7	174	23724	58	58	5.056669572798605	231		1
ice	MPF_G	0.7	175	23727	58	58	5.056669572798605	77		1
ice	MPF_G	0.7	176	23728	58	58	5.056669572798605	62		1
ice	MPF_G	0.7	177	23732	58	58	5.056669572798605	194		1
ice	MPF_G	0.7	178	23733	58	58	5.056669572798605	75		1
ice	MPF_G	0.7	179	23734	58	58	5.056669572798605	77		1
ice	MPF_G	0.7	180	23735	58	58	5.056669572798605	113		1
ice	MPF_G	0.7	181	23736	58	58	5.056669572798605	66		1
ice	MPF_G	0.7	182	23737	58	58	5.056669572798605	169		1
ice	MPF_G	0.7	183	23738	58	58	5.056669572798605	80		1
ice	MPF_G	0.7	184	23739	58	58	5.056669572798605	210		1
ice	MPF_G	0.7	185	23754	58	58	5.056669572798605	179		1
ice	MPF_G	0.7	186	23761	58	58	5.056669572798605	150		1
ice	MPF_G	0.7	187	43359	58	58	5.056669572798605	80		1
ice	MPF_G	0.7	188	23635	58	58	5.056669572798605	202		1
ice	MPF_G	0.7	189	23668	58	58	5.056669572798605	138		1
ice	MPF_G	0.7	190	23695	57	57	4.969485614646905	125		1
ice	MPF_G	0.7	191	23698	57	57	4.969485614646905	161		1
ice	MPF_G	0.7	192	23714	57	57	4.969485614646905	125		1
ice	MPF_G	0.7	193	89562	57	56	4.882301656495205	186		1
ice	MPF_G	0.7	194	30434	52	52	4.533565823888405	90		1
ice	MPF_G	0.7	195	2617	51	51	4.446381865736704	241		1
ice	MPF_G	0.7	196	30474	49	49	4.272013949433305	69		1
ice	MPF_G	0.7	197	33472	49	49	4.272013949433305	146		1
ice	MPF_G	0.7	198	302049	49	48	4.184829991281604	203		1
ice	MPF_G	0.7	199	43559	48	48	4.184829991281604	184		1
ice	MPF_G	0.7	200	43569	48	48	4.184829991281604	190		1
ice	MPF_G	0.7	201	43570	48	48	4.184829991281604	162		1
ice	MPF_G	0.7	202	6068	47	47	4.097646033129904	92		1
ice	MPF_G	0.7	203	43554	47	47	4.097646033129904	236		1
ice	MPF_G	0.7	204	43556	47	47	4.097646033129904	82		1
ice	MPF_G	0.7	205	36848	53	45	3.923278116826504	91		1
ice	MPF_G	0.7	206	354511	45	45	3.923278116826504	107		1
ice	MPF_G	0.7	207	43641	45	45	3.923278116826504	215		1
ice	MPF_G	0.7	208	23536	45	45	3.923278116826504	122		1
ice	MPF_G	0.7	209	19375	45	44	3.8360941586748036	183		1
ice	MPF_G	0.7	210	23696	44	44	3.8360941586748036	79		1
ice	MPF_G	0.7	211	43640	44	44	3.8360941586748036	121		1
ice	MPF_G	0.7	212	23507	44	44	3.8360941586748036	60		1
ice	MPF_G	0.7	213	23512	44	44	3.8360941586748036	229		1
ice	MPF_G	0.7	214	23513	44	44	3.8360941586748036	179		1
ice	MPF_G	0.7	215	23515	44	44	3.8360941586748036	90		1
ice	MPF_G	0.7	216	23522	44	44	3.8360941586748036	81		1
ice	MPF_G	0.7	217	23523	44	44	3.8360941586748036	212		1
ice	MPF_G	0.7	218	23524	44	44	3.8360941586748036	244		1
ice	MPF_G	0.7	219	23526	44	44	3.8360941586748036	136		1
ice	MPF_G	0.7	220	23533	44	44	3.8360941586748036	165		1
ice	MPF_G	0.7	221	23537	44	44	3.8360941586748036	202		1
ice	MPF_G	0.7	222	23539	44	44	3.8360941586748036	70		1
ice	MPF_G	0.7	223	23540	44	44	3.8360941586748036	171		1
ice	MPF_G	0.7	224	23543	44	44	3.8360941586748036	80		1
ice	MPF_G	0.7	225	23548	44	44	3.8360941586748036	237		1
ice	MPF_G	0.7	226	23549	44	44	3.8360941586748036	138		1
ice	MPF_G	0.7	227	23550	44	44	3.8360941586748036	118		1
ice	MPF_G	0.7	228	23551	44	44	3.8360941586748036	112		1
ice	MPF_G	0.7	229	23552	44	44	3.8360941586748036	147		1
ice	MPF_G	0.7	230	23555	44	44	3.8360941586748036	210		1
ice	MPF_G	0.7	231	23562	44	44	3.8360941586748036	93		1
ice	MPF_G	0.7	232	23564	44	44	3.8360941586748036	107		1
ice	MPF_G	0.7	233	23565	44	44	3.8360941586748036	152		1
ice	MPF_G	0.7	234	23566	44	44	3.8360941586748036	222		1
ice	MPF_G	0.7	235	23570	44	44	3.8360941586748036	136		1
ice	MPF_G	0.7	236	23571	44	44	3.8360941586748036	229		1
ice	MPF_G	0.7	237	23573	44	44	3.8360941586748036	104		1
ice	MPF_G	0.7	238	23576	44	44	3.8360941586748036	188		1
ice	MPF_G	0.7	239	23577	44	44	3.8360941586748036	223		1
ice	MPF_G	0.7	240	23580	44	44	3.8360941586748036	169		1
ice	MPF_G	0.7	241	23581	44	44	3.8360941586748036	206		1
ice	MPF_G	0.7	242	23583	44	44	3.8360941586748036	229		1
ice	MPF_G	0.7	243	23585	44	44	3.8360941586748036	139		1
ice	MPF_G	0.7	244	23587	44	44	3.8360941586748036	144		1
ice	MPF_G	0.7	245	23588	44	44	3.8360941586748036	147		1
ice	MPF_G	0.7	246	23589	44	44	3.8360941586748036	111		1
ice	MPF_G	0.7	247	23592	44	44	3.8360941586748036	222		1
ice	MPF_G	0.7	248	23602	44	44	3.8360941586748036	88		1
ice	MPF_G	0.7	249	23603	44	44	3.8360941586748036	239		1
ice	MPF_G	0.7	250	23607	44	44	3.8360941586748036	141		1
ice	MPF_G	0.7	251	23608	44	44	3.8360941586748036	131		1
ice	MPF_G	0.7	252	23613	44	44	3.8360941586748036	87		1
ice	MPF_G	0.7	253	23614	44	44	3.8360941586748036	90		1
ice	MPF_G	0.7	254	23618	44	44	3.8360941586748036	250		1
ice	MPF_G	0.7	255	23636	44	44	3.8360941586748036	105		1
ice	MPF_G	0.7	256	263778	44	44	3.8360941586748036	165		1
ice	MPF_G	0.7	257	297596	44	43	3.748910200523104	182		1
ice	MPF_G	0.7	258	27279	43	43	3.748910200523104	182		1
ice	MPF_G	0.7	259	150675	43	43	3.748910200523104	122		1
ice	MPF_G	0.7	260	23610	43	43	3.748910200523104	197		1
ice	MPF_G	0.7	261	29418	42	42	3.6617262423714037	50		1
ice	MPF_G	0.7	262	29432	42	42	3.6617262423714037	227		1
ice	MPF_G	0.7	263	6030	42	42	3.6617262423714037	117		1
ice	MPF_G	0.7	264	32273	43	42	3.6617262423714037	230		1
ice	MPF_G	0.7	265	7413	41	41	3.5745422842197034	88		1
ice	MPF_G	0.7	266	10952	44	41	3.5745422842197034	87		1
ice	MPF_G	0.7	267	29431	40	40	3.4873583260680037	143		1
ice	MPF_G	0.7	268	2622	40	40	3.4873583260680037	191		1
ice	MPF_G	0.7	269	2623	40	40	3.4873583260680037	156		1
ice	MPF_G	0.7	270	23649	40	40	3.4873583260680037	83		1
ice	MPF_G	0.7	271	29433	38	38	3.3129904097646032	87		1
ice	MPF_G	0.7	272	4414	38	38	3.3129904097646032	166		1
ice	MPF_G	0.7	273	287315	38	38	3.3129904097646032	216		1
ice	MPF_G	0.7	274	43573	38	38	3.3129904097646032	115		1
ice	MPF_G	0.7	275	2619	37	37	3.225806451612903	166		1
ice	MPF_G	0.7	276	2620	37	37	3.225806451612903	156		1
ice	MPF_G	0.7	277	303672	37	37	3.225806451612903	65		1
ice	MPF_G	0.7	278	43642	37	37	3.225806451612903	200		1
ice	MPF_G	0.7	279	43643	37	37	3.225806451612903	115		1
ice	MPF_G	0.7	280	1908	37	37	3.225806451612903	99		1
ice	MPF_G	0.7	281	52506	36	36	3.1386224934612033	215		1
ice	MPF_G	0.7	282	272883	36	36	3.1386224934612033	132		1
ice	MPF_G	0.7	283	33683	36	36	3.1386224934612033	120		1
ice	MPF_G	0.7	284	33767	37	36	3.1386224934612033	42		1
ice	MPF_G	0.7	285	52625	36	36	3.1386224934612033	50		1
ice	MPF_G	0.7	286	33569	35	35	3.051438535309503	78		1
ice	MPF_G	0.7	287	33570	35	35	3.051438535309503	121		1
ice	MPF_G	0.7	288	33809	35	35	3.051438535309503	124		1
ice	MPF_G	0.7	289	33813	35	35	3.051438535309503	130		1
ice	MPF_G	0.7	290	98550	34	34	2.964254577157803	163		1
ice	MPF_G	0.7	291	142003	34	34	2.964254577157803	202		1
ice	MPF_G	0.7	292	33405	34	34	2.964254577157803	135		1
ice	MPF_G	0.7	293	33408	34	34	2.964254577157803	91		1
ice	MPF_G	0.7	294	61705	34	34	2.964254577157803	208		1
ice	MPF_G	0.7	295	2581	34	34	2.964254577157803	166		1
ice	MPF_G	0.7	296	52626	34	34	2.964254577157803	197		1
ice	MPF_G	0.7	297	25703	34	34	2.964254577157803	211		1
ice	MPF_G	0.7	298	5087	34	33	2.877070619006103	238		1
ice	MPF_G	0.7	299	25549	33	33	2.877070619006103	67		1
ice	MPF_G	0.7	300	25550	33	33	2.877070619006103	185		1
ice	MPF_G	0.7	301	2582	33	33	2.877070619006103	103		1
ice	MPF_G	0.7	302	33812	33	33	2.877070619006103	67		1
ice	MPF_G	0.7	303	25702	33	33	2.877070619006103	132		1
ice	MPF_G	0.7	304	89080	32	32	2.789886660854403	198		1
ice	MPF_G	0.7	305	246013	52	32	2.789886660854403	115		1
ice	MPF_G	0.7	306	15265	32	32	2.789886660854403	76		1
ice	MPF_G	0.7	307	2595	32	32	2.789886660854403	213		1
ice	MPF_G	0.7	308	118625	32	32	2.789886660854403	240		1
ice	MPF_G	0.7	309	55848	32	32	2.789886660854403	194		1
ice	MPF_G	0.7	310	6066	32	32	2.789886660854403	68		1
ice	MPF_G	0.7	311	6067	32	32	2.789886660854403	84		1
ice	MPF_G	0.7	312	23729	32	32	2.789886660854403	96		1
ice	MPF_G	0.7	313	385008	32	32	2.789886660854403	228		1
ice	MPF_G	0.7	314	33811	32	32	2.789886660854403	198		1
ice	MPF_G	0.7	315	33814	32	32	2.789886660854403	107		1
ice	MPF_G	0.7	316	33815	32	32	2.789886660854403	232		1
ice	MPF_G	0.7	317	48806	31	31	2.7027027027027026	208		1
ice	MPF_G	0.7	318	6065	31	31	2.7027027027027026	34		1
ice	MPF_G	0.7	319	242053	31	31	2.7027027027027026	203		1
ice	MPF_G	0.7	320	8912	31	31	2.7027027027027026	99		1
ice	MPF_G	0.7	321	8916	31	31	2.7027027027027026	118		1
ice	MPF_G	0.7	322	19291	30	30	2.6155187445510024	120		1
ice	MPF_G	0.7	323	29241	32	30	2.6155187445510024	137		1
ice	MPF_G	0.7	324	77195	30	30	2.6155187445510024	199		1
ice	MPF_G	0.7	325	260194	30	30	2.6155187445510024	246		1
ice	MPF_G	0.7	326	2596	30	30	2.6155187445510024	86		1
ice	MPF_G	0.7	327	25145	30	30	2.6155187445510024	84		1
ice	MPF_G	0.7	328	7387	31	30	2.6155187445510024	213		1
ice	MPF_G	0.7	329	59910	30	30	2.6155187445510024	241		1
ice	MPF_G	0.7	330	8919	30	30	2.6155187445510024	120		1
ice	MPF_G	0.7	331	8945	30	30	2.6155187445510024	65		1
ice	MPF_G	0.7	332	8983	30	30	2.6155187445510024	155		1
ice	MPF_G	0.7	333	62836	30	30	2.6155187445510024	140		1
ice	MPF_G	0.7	334	63137	30	30	2.6155187445510024	161		1
ice	MPF_G	0.7	335	22928	32	30	2.6155187445510024	117		1
ice	MPF_G	0.7	336	22932	32	30	2.6155187445510024	142		1
ice	MPF_G	0.7	337	22937	32	30	2.6155187445510024	142		1
ice	MPF_G	0.7	338	22949	30	30	2.6155187445510024	117		1
ice	MPF_G	0.7	339	43581	30	30	2.6155187445510024	122		1
ice	MPF_G	0.7	340	43592	30	30	2.6155187445510024	171		1
ice	MPF_G	0.7	341	326939	30	30	2.6155187445510024	140		1
ice	MPF_G	0.7	342	42812	30	30	2.6155187445510024	196		1
ice	MPF_G	0.7	343	232538	29	29	2.5283347863993026	123		1
ice	MPF_G	0.7	344	297537	29	29	2.5283347863993026	247		1
ice	MPF_G	0.7	345	7326	29	29	2.5283347863993026	81		1
ice	MPF_G	0.7	346	125310	29	29	2.5283347863993026	94		1
ice	MPF_G	0.7	347	8915	29	29	2.5283347863993026	170		1
ice	MPF_G	0.7	348	2078	29	29	2.5283347863993026	172		1
ice	MPF_G	0.7	349	2081	29	29	2.5283347863993026	193		1
ice	MPF_G	0.7	350	2083	29	29	2.5283347863993026	164		1
ice	MPF_G	0.7	351	2086	29	29	2.5283347863993026	223		1
ice	MPF_G	0.7	352	22927	31	29	2.5283347863993026	81		1
ice	MPF_G	0.7	353	78754	28	28	2.4411508282476024	68		1
ice	MPF_G	0.7	354	56494	28	28	2.4411508282476024	226		1
ice	MPF_G	0.7	355	12688	31	28	2.4411508282476024	111		1
ice	MPF_G	0.7	356	30441	29	28	2.4411508282476024	116		1
ice	MPF_G	0.7	357	5112	28	28	2.4411508282476024	215		1
ice	MPF_G	0.7	358	6011	28	28	2.4411508282476024	145		1
ice	MPF_G	0.7	359	8910	28	28	2.4411508282476024	108		1
ice	MPF_G	0.7	360	2103	28	28	2.4411508282476024	84		1
ice	MPF_G	0.7	361	2589	28	28	2.4411508282476024	62		1
ice	MPF_G	0.7	362	26303	29	28	2.4411508282476024	100		1
ice	MPF_G	0.7	363	46196	31	27	2.353966870095902	185		1
ice	MPF_G	0.7	364	92400	27	27	2.353966870095902	121		1
ice	MPF_G	0.7	365	30476	28	27	2.353966870095902	76		1
ice	MPF_G	0.7	366	30477	27	27	2.353966870095902	136		1
ice	MPF_G	0.7	367	30480	27	27	2.353966870095902	72		1
ice	MPF_G	0.7	368	6010	27	27	2.353966870095902	34		1
ice	MPF_G	0.7	369	8987	27	27	2.353966870095902	172		1
ice	MPF_G	0.7	370	16715	27	27	2.353966870095902	128		1
ice	MPF_G	0.7	371	143495	27	27	2.353966870095902	60		1
ice	MPF_G	0.7	372	263784	27	27	2.353966870095902	78		1
ice	MPF_G	0.7	373	124850	27	27	2.353966870095902	143		1
ice	MPF_G	0.7	374	73615	26	26	2.2667829119442024	215		1
ice	MPF_G	0.7	375	78771	26	26	2.2667829119442024	113		1
ice	MPF_G	0.7	376	273023	27	26	2.2667829119442024	203		1
ice	MPF_G	0.7	377	15277	26	26	2.2667829119442024	165		1
ice	MPF_G	0.7	378	15280	26	26	2.2667829119442024	198		1
ice	MPF_G	0.7	379	29287	26	26	2.2667829119442024	172		1
ice	MPF_G	0.7	380	12703	26	26	2.2667829119442024	85		1
ice	MPF_G	0.7	381	62781	26	26	2.2667829119442024	202		1
ice	MPF_G	0.7	382	116752	26	26	2.2667829119442024	178		1
ice	MPF_G	0.7	383	99159	25	25	2.1795989537925022	236		1
ice	MPF_G	0.7	384	15274	25	25	2.1795989537925022	147		1
ice	MPF_G	0.7	385	12759	25	25	2.1795989537925022	69		1
ice	MPF_G	0.7	386	29281	25	25	2.1795989537925022	86		1
ice	MPF_G	0.7	387	29282	25	25	2.1795989537925022	120		1
ice	MPF_G	0.7	388	290504	25	25	2.1795989537925022	138		1
ice	MPF_G	0.7	389	16717	25	25	2.1795989537925022	94		1
ice	MPF_G	0.7	390	2082	25	25	2.1795989537925022	85		1
ice	MPF_G	0.7	391	32022	25	25	2.1795989537925022	107		1
ice	MPF_G	0.7	392	99166	24	24	2.092414995640802	110		1
ice	MPF_G	0.7	393	29283	24	24	2.092414995640802	135		1
ice	MPF_G	0.7	394	29290	24	24	2.092414995640802	169		1
ice	MPF_G	0.7	395	29293	24	24	2.092414995640802	185		1
ice	MPF_G	0.7	396	62266	24	24	2.092414995640802	147		1
ice	MPF_G	0.7	397	30443	24	24	2.092414995640802	184		1
ice	MPF_G	0.7	398	8920	24	24	2.092414995640802	64		1
ice	MPF_G	0.7	399	16712	24	24	2.092414995640802	161		1
ice	MPF_G	0.7	400	16713	24	24	2.092414995640802	90		1
ice	MPF_B	0.5	1	363074	142	136	47.719298245614034	141		1
ice	MPF_B	0.5	2	246988	64	63	22.105263157894736	138		1
ice	MPF_B	0.5	3	17921	54	52	18.24561403508772	98		1
ice	MPF_B	0.5	4	365100	53	51	17.894736842105264	131		1
ice	MPF_B	0.5	5	195587	50	49	17.19298245614035	72		1
ice	MPF_B	0.5	6	1235	48	47	16.49122807017544	176		1
ice	MPF_B	0.5	7	338945	43	43	15.087719298245615	240		1
ice	MPF_B	0.5	8	215330	41	41	14.385964912280702	73		1
ice	MPF_B	0.5	9	144536	44	40	14.035087719298245	169		1
ice	MPF_B	0.5	10	172103	39	38	13.333333333333334	186		1
ice	MPF_B	0.5	11	44881	34	33	11.578947368421053	72		1
ice	MPF_B	0.5	12	306014	33	32	11.228070175438596	228		1
ice	MPF_B	0.5	13	59095	36	32	11.228070175438596	87		1
ice	MPF_B	0.5	14	365330	33	32	11.228070175438596	216		1
ice	MPF_B	0.5	15	306013	32	31	10.87719298245614	221		1
ice	MPF_B	0.5	16	96646	32	31	10.87719298245614	237		1
ice	MPF_B	0.5	17	218102	32	31	10.87719298245614	219		1
ice	MPF_B	0.5	18	96753	31	30	10.526315789473685	83		1
ice	MPF_B	0.5	19	345676	34	30	10.526315789473685	84		1
ice	MPF_B	0.5	20	206978	31	30	10.526315789473685	226		1
ice	MPF_B	0.5	21	204634	30	30	10.526315789473685	93		1
ice	MPF_B	0.5	22	17908	29	29	10.175438596491228	145		1
ice	MPF_B	0.5	23	39119	30	29	10.175438596491228	111		1
ice	MPF_B	0.5	24	195591	30	29	10.175438596491228	97		1
ice	MPF_B	0.5	25	5751	30	29	10.175438596491228	175		1
ice	MPF_B	0.5	26	268414	29	29	10.175438596491228	211		1
ice	MPF_B	0.5	27	306021	29	28	9.824561403508772	120		1
ice	MPF_B	0.5	28	18484	27	26	9.12280701754386	142		1
ice	MPF_B	0.5	29	39	26	26	9.12280701754386	120		1
ice	MPF_B	0.5	30	314336	26	25	8.771929824561404	117		1
ice	MPF_B	0.5	31	44876	25	25	8.771929824561404	81		1
ice	MPF_B	0.5	32	51209	29	25	8.771929824561404	109		1
ice	MPF_B	0.5	33	58679	25	25	8.771929824561404	142		1
ice	MPF_B	0.5	34	204239	23	23	8.070175438596491	64		1
ice	MPF_B	0.5	35	196027	23	23	8.070175438596491	142		1
ice	MPF_B	0.5	36	1006	23	23	8.070175438596491	119		1
ice	MPF_B	0.5	37	17922	22	22	7.719298245614035	117		1
ice	MPF_B	0.5	38	22667	22	22	7.719298245614035	142		1
ice	MPF_B	0.5	39	10145	22	22	7.719298245614035	143		1
ice	MPF_B	0.5	40	256227	24	22	7.719298245614035	93		1
ice	MPF_B	0.5	41	145607	35	22	7.719298245614035	139		1
ice	MPF_B	0.5	42	160726	32	22	7.719298245614035	155		1
ice	MPF_B	0.5	43	344899	23	22	7.719298245614035	195		1
ice	MPF_B	0.5	44	38704	22	22	7.719298245614035	92		1
ice	MPF_B	0.5	45	215386	22	22	7.719298245614035	172		1
ice	MPF_B	0.5	46	38470	21	21	7.368421052631579	176		1
ice	MPF_B	0.5	47	10148	21	21	7.368421052631579	106		1
ice	MPF_B	0.5	48	10151	21	21	7.368421052631579	100		1
ice	MPF_B	0.5	49	345321	22	21	7.368421052631579	196		1
ice	MPF_B	0.5	50	216273	21	21	7.368421052631579	242		1
ice	MPF_B	0.5	51	44850	21	21	7.368421052631579	201		1
ice	MPF_B	0.5	52	58669	21	21	7.368421052631579	130		1
ice	MPF_B	0.5	53	10129	22	21	7.368421052631579	246		1
ice	MPF_B	0.5	54	10131	22	21	7.368421052631579	117		1
ice	MPF_B	0.5	55	10137	22	21	7.368421052631579	147		1
ice	MPF_B	0.5	56	51211	24	20	7.017543859649122	157		1
ice	MPF_B	0.5	57	279215	20	20	7.017543859649122	140		1
ice	MPF_B	0.5	58	10149	19	19	6.666666666666667	117		1
ice	MPF_B	0.5	59	185416	23	19	6.666666666666667	164		1
ice	MPF_B	0.5	60	231596	19	19	6.666666666666667	160		1
ice	MPF_B	0.5	61	28831	21	18	6.315789473684211	76		1
ice	MPF_B	0.5	62	246899	18	18	6.315789473684211	102		1
ice	MPF_B	0.5	63	1204	18	18	6.315789473684211	113		1
ice	MPF_B	0.5	64	39170	19	18	6.315789473684211	96		1
ice	MPF_B	0.5	65	222205	17	17	5.964912280701754	165		1
ice	MPF_B	0.5	66	279433	17	17	5.964912280701754	85		1
ice	MPF_B	0.5	67	145705	17	17	5.964912280701754	115		1
ice	MPF_B	0.5	68	58976	17	17	5.964912280701754	134		1
ice	MPF_B	0.5	69	18369	18	17	5.964912280701754	143		1
ice	MPF_B	0.5	70	1205	17	17	5.964912280701754	146		1
ice	MPF_B	0.5	71	344910	17	17	5.964912280701754	108		1
ice	MPF_B	0.5	72	129037	17	17	5.964912280701754	141		1
ice	MPF_B	0.5	73	39070	16	16	5.614035087719298	149		1
ice	MPF_B	0.5	74	18409	18	16	5.614035087719298	102		1
ice	MPF_B	0.5	75	1238	16	16	5.614035087719298	106		1
ice	MPF_B	0.5	76	39155	17	16	5.614035087719298	58		1
ice	MPF_B	0.5	77	279180	16	16	5.614035087719298	91		1
ice	MPF_B	0.5	78	48231	15	15	5.2631578947368425	120		1
ice	MPF_B	0.5	79	247170	16	15	5.2631578947368425	196		1
ice	MPF_B	0.5	80	136543	16	15	5.2631578947368425	200		1
ice	MPF_B	0.5	81	365287	15	15	5.2631578947368425	182		1
ice	MPF_B	0.5	82	1226	15	15	5.2631578947368425	120		1
ice	MPF_B	0.5	83	44882	15	15	5.2631578947368425	71		1
ice	MPF_B	0.5	84	344229	15	15	5.2631578947368425	209		1
ice	MPF_B	0.5	85	279253	15	15	5.2631578947368425	73		1
ice	MPF_B	0.5	86	39067	14	14	4.912280701754386	108		1
ice	MPF_B	0.5	87	39090	14	14	4.912280701754386	131		1
ice	MPF_B	0.5	88	336582	14	14	4.912280701754386	218		1
ice	MPF_B	0.5	89	336088	14	14	4.912280701754386	170		1
ice	MPF_B	0.5	90	204505	14	14	4.912280701754386	73		1
ice	MPF_B	0.5	91	78058	14	14	4.912280701754386	147		1
ice	MPF_B	0.5	92	1254	15	14	4.912280701754386	118		1
ice	MPF_B	0.5	93	1255	15	14	4.912280701754386	121		1
ice	MPF_B	0.5	94	70450	14	14	4.912280701754386	196		1
ice	MPF_B	0.5	95	204404	14	14	4.912280701754386	236		1
ice	MPF_B	0.5	96	38193	16	13	4.56140350877193	203		1
ice	MPF_B	0.5	97	238142	14	13	4.56140350877193	220		1
ice	MPF_B	0.5	98	359906	13	13	4.56140350877193	124		1
ice	MPF_B	0.5	99	204946	13	13	4.56140350877193	101		1
ice	MPF_B	0.5	100	215989	13	13	4.56140350877193	184		1
ice	MPF_B	0.5	101	1261	13	13	4.56140350877193	233		1
ice	MPF_B	0.5	102	330918	14	13	4.56140350877193	187		1
ice	MPF_B	0.5	103	279649	14	13	4.56140350877193	209		1
ice	MPF_B	0.5	104	33331	17	12	4.2105263157894735	89		1
ice	MPF_B	0.5	105	33332	18	12	4.2105263157894735	104		1
ice	MPF_B	0.5	106	39096	12	12	4.2105263157894735	140		1
ice	MPF_B	0.5	107	215832	13	12	4.2105263157894735	73		1
ice	MPF_B	0.5	108	285517	12	12	4.2105263157894735	233		1
ice	MPF_B	0.5	109	144475	17	12	4.2105263157894735	158		1
ice	MPF_B	0.5	110	365568	13	12	4.2105263157894735	69		1
ice	MPF_B	0.5	111	1219	12	12	4.2105263157894735	195		1
ice	MPF_B	0.5	112	1224	12	12	4.2105263157894735	97		1
ice	MPF_B	0.5	113	44951	12	12	4.2105263157894735	246		1
ice	MPF_B	0.5	114	235774	12	12	4.2105263157894735	202		1
ice	MPF_B	0.5	115	44692	12	12	4.2105263157894735	241		1
ice	MPF_B	0.5	116	39072	11	11	3.8596491228070176	71		1
ice	MPF_B	0.5	117	39097	11	11	3.8596491228070176	139		1
ice	MPF_B	0.5	118	201709	14	11	3.8596491228070176	220		1
ice	MPF_B	0.5	119	205658	11	11	3.8596491228070176	146		1
ice	MPF_B	0.5	120	38779	12	11	3.8596491228070176	93		1
ice	MPF_B	0.5	121	78992	11	11	3.8596491228070176	84		1
ice	MPF_B	0.5	122	215334	11	11	3.8596491228070176	238		1
ice	MPF_B	0.5	123	70453	11	11	3.8596491228070176	102		1
ice	MPF_B	0.5	124	366826	13	11	3.8596491228070176	204		1
ice	MPF_B	0.5	125	33321	10	10	3.508771929824561	132		1
ice	MPF_B	0.5	126	191830	10	10	3.508771929824561	123		1
ice	MPF_B	0.5	127	201708	10	10	3.508771929824561	173		1
ice	MPF_B	0.5	128	86526	10	10	3.508771929824561	88		1
ice	MPF_B	0.5	129	170017	10	10	3.508771929824561	94		1
ice	MPF_B	0.5	130	231392	10	10	3.508771929824561	74		1
ice	MPF_B	0.5	131	38703	10	10	3.508771929824561	103		1
ice	MPF_B	0.5	132	141104	10	10	3.508771929824561	103		1
ice	MPF_B	0.5	133	215401	10	10	3.508771929824561	201		1
ice	MPF_B	0.5	134	215665	10	10	3.508771929824561	102		1
ice	MPF_B	0.5	135	285459	10	10	3.508771929824561	92		1
ice	MPF_B	0.5	136	44657	10	10	3.508771929824561	164		1
ice	MPF_B	0.5	137	39066	9	9	3.1578947368421053	103		1
ice	MPF_B	0.5	138	39118	9	9	3.1578947368421053	97		1
ice	MPF_B	0.5	139	256341	9	9	3.1578947368421053	125		1
ice	MPF_B	0.5	140	256356	9	9	3.1578947368421053	126		1
ice	MPF_B	0.5	141	17558	9	9	3.1578947368421053	69		1
ice	MPF_B	0.5	142	136546	11	9	3.1578947368421053	73		1
ice	MPF_B	0.5	143	144067	9	9	3.1578947368421053	119		1
ice	MPF_B	0.5	144	196161	9	9	3.1578947368421053	97		1
ice	MPF_B	0.5	145	196222	9	9	3.1578947368421053	199		1
ice	MPF_B	0.5	146	344089	9	9	3.1578947368421053	147		1
ice	MPF_B	0.5	147	336556	9	9	3.1578947368421053	221		1
ice	MPF_B	0.5	148	355369	9	9	3.1578947368421053	210		1
ice	MPF_B	0.5	149	336074	9	9	3.1578947368421053	91		1
ice	MPF_B	0.5	150	330644	10	9	3.1578947368421053	98		1
ice	MPF_B	0.5	151	255241	9	9	3.1578947368421053	67		1
ice	MPF_B	0.5	152	44706	9	9	3.1578947368421053	124		1
ice	MPF_B	0.5	153	145679	9	9	3.1578947368421053	157		1
ice	MPF_B	0.5	154	185394	9	9	3.1578947368421053	114		1
ice	MPF_B	0.5	155	204476	9	9	3.1578947368421053	153		1
ice	MPF_B	0.5	156	235645	9	9	3.1578947368421053	68		1
ice	MPF_B	0.5	157	44832	9	9	3.1578947368421053	150		1
ice	MPF_B	0.5	158	365720	9	9	3.1578947368421053	222		1
ice	MPF_B	0.5	159	42087	9	9	3.1578947368421053	178		1
ice	MPF_B	0.5	160	78989	9	9	3.1578947368421053	90		1
ice	MPF_B	0.5	161	44616	9	9	3.1578947368421053	127		1
ice	MPF_B	0.5	162	336526	9	9	3.1578947368421053	148		1
ice	MPF_B	0.5	163	344314	9	9	3.1578947368421053	203		1
ice	MPF_B	0.5	164	70451	9	9	3.1578947368421053	128		1
ice	MPF_B	0.5	165	109304	10	9	3.1578947368421053	69		1
ice	MPF_B	0.5	166	235777	9	9	3.1578947368421053	242		1
ice	MPF_B	0.5	167	335971	9	9	3.1578947368421053	114		1
ice	MPF_B	0.5	168	238039	9	9	3.1578947368421053	57		1
ice	MPF_B	0.5	169	231554	9	9	3.1578947368421053	204		1
ice	MPF_B	0.5	170	39114	8	8	2.807017543859649	128		1
ice	MPF_B	0.5	171	39116	8	8	2.807017543859649	59		1
ice	MPF_B	0.5	172	17532	8	8	2.807017543859649	149		1
ice	MPF_B	0.5	173	370933	8	8	2.807017543859649	186		1
ice	MPF_B	0.5	174	279310	8	8	2.807017543859649	144		1
ice	MPF_B	0.5	175	285513	8	8	2.807017543859649	69		1
ice	MPF_B	0.5	176	204525	8	8	2.807017543859649	107		1
ice	MPF_B	0.5	177	205441	9	8	2.807017543859649	179		1
ice	MPF_B	0.5	178	231298	8	8	2.807017543859649	97		1
ice	MPF_B	0.5	179	231400	8	8	2.807017543859649	117		1
ice	MPF_B	0.5	180	5689	8	8	2.807017543859649	97		1
ice	MPF_B	0.5	181	5732	8	8	2.807017543859649	131		1
ice	MPF_B	0.5	182	5760	8	8	2.807017543859649	236		1
ice	MPF_B	0.5	183	5764	8	8	2.807017543859649	99		1
ice	MPF_B	0.5	184	5770	8	8	2.807017543859649	98		1
ice	MPF_B	0.5	185	365282	8	8	2.807017543859649	82		1
ice	MPF_B	0.5	186	18411	9	8	2.807017543859649	126		1
ice	MPF_B	0.5	187	160555	9	8	2.807017543859649	94		1
ice	MPF_B	0.5	188	146417	8	8	2.807017543859649	155		1
ice	MPF_B	0.5	189	201742	9	8	2.807017543859649	145		1
ice	MPF_B	0.5	190	204104	8	8	2.807017543859649	135		1
ice	MPF_B	0.5	191	204576	8	8	2.807017543859649	151		1
ice	MPF_B	0.5	192	330922	11	8	2.807017543859649	63		1
ice	MPF_B	0.5	193	129015	9	8	2.807017543859649	165		1
ice	MPF_B	0.5	194	279641	8	8	2.807017543859649	222		1
ice	MPF_B	0.5	195	205369	8	8	2.807017543859649	67		1
ice	MPF_B	0.5	196	70435	8	8	2.807017543859649	55		1
ice	MPF_B	0.5	197	70443	8	8	2.807017543859649	113		1
ice	MPF_B	0.5	198	366753	8	8	2.807017543859649	148		1
ice	MPF_B	0.5	199	222118	8	8	2.807017543859649	149		1
ice	MPF_B	0.5	200	256143	8	8	2.807017543859649	139		1
ice	MPF_B	0.5	201	33320	7	7	2.456140350877193	155		1
ice	MPF_B	0.5	202	38210	7	7	2.456140350877193	64		1
ice	MPF_B	0.5	203	238095	7	7	2.456140350877193	141		1
ice	MPF_B	0.5	204	238123	8	7	2.456140350877193	70		1
ice	MPF_B	0.5	205	238131	7	7	2.456140350877193	136		1
ice	MPF_B	0.5	206	238144	7	7	2.456140350877193	223		1
ice	MPF_B	0.5	207	256296	7	7	2.456140350877193	141		1
ice	MPF_B	0.5	208	310993	7	7	2.456140350877193	135		1
ice	MPF_B	0.5	209	330092	7	7	2.456140350877193	89		1
ice	MPF_B	0.5	210	205474	7	7	2.456140350877193	163		1
ice	MPF_B	0.5	211	215518	7	7	2.456140350877193	111		1
ice	MPF_B	0.5	212	44874	7	7	2.456140350877193	81		1
ice	MPF_B	0.5	213	78173	7	7	2.456140350877193	65		1
ice	MPF_B	0.5	214	365461	7	7	2.456140350877193	139		1
ice	MPF_B	0.5	215	78077	7	7	2.456140350877193	195		1
ice	MPF_B	0.5	216	224765	14	7	2.456140350877193	88		1
ice	MPF_B	0.5	217	224806	7	7	2.456140350877193	65		1
ice	MPF_B	0.5	218	5710	7	7	2.456140350877193	234		1
ice	MPF_B	0.5	219	351167	7	7	2.456140350877193	127		1
ice	MPF_B	0.5	220	146500	7	7	2.456140350877193	172		1
ice	MPF_B	0.5	221	336107	7	7	2.456140350877193	148		1
ice	MPF_B	0.5	222	96880	7	7	2.456140350877193	65		1
ice	MPF_B	0.5	223	279625	7	7	2.456140350877193	152		1
ice	MPF_B	0.5	224	215440	7	7	2.456140350877193	134		1
ice	MPF_B	0.5	225	231474	7	7	2.456140350877193	83		1
ice	MPF_B	0.5	226	70449	7	7	2.456140350877193	181		1
ice	MPF_B	0.5	227	135570	7	7	2.456140350877193	83		1
ice	MPF_B	0.5	228	135571	7	7	2.456140350877193	165		1
ice	MPF_B	0.5	229	239757	10	7	2.456140350877193	146		1
ice	MPF_B	0.5	230	331486	7	7	2.456140350877193	135		1
ice	MPF_B	0.5	231	17861	6	6	2.1052631578947367	191		1
ice	MPF_B	0.5	232	22684	7	6	2.1052631578947367	173		1
ice	MPF_B	0.5	233	22689	8	6	2.1052631578947367	245		1
ice	MPF_B	0.5	234	38472	6	6	2.1052631578947367	70		1
ice	MPF_B	0.5	235	38498	6	6	2.1052631578947367	208		1
ice	MPF_B	0.5	236	38642	6	6	2.1052631578947367	211		1
ice	MPF_B	0.5	237	256308	6	6	2.1052631578947367	206		1
ice	MPF_B	0.5	238	131927	7	6	2.1052631578947367	240		1
ice	MPF_B	0.5	239	191834	6	6	2.1052631578947367	130		1
ice	MPF_B	0.5	240	201711	6	6	2.1052631578947367	101		1
ice	MPF_B	0.5	241	37	6	6	2.1052631578947367	104		1
ice	MPF_B	0.5	242	50	6	6	2.1052631578947367	190		1
ice	MPF_B	0.5	243	55	6	6	2.1052631578947367	155		1
ice	MPF_B	0.5	244	68	6	6	2.1052631578947367	234		1
ice	MPF_B	0.5	245	69	6	6	2.1052631578947367	128		1
ice	MPF_B	0.5	246	71	6	6	2.1052631578947367	133		1
ice	MPF_B	0.5	247	369053	6	6	2.1052631578947367	58		1
ice	MPF_B	0.5	248	17719	7	6	2.1052631578947367	197		1
ice	MPF_B	0.5	249	336039	7	6	2.1052631578947367	94		1
ice	MPF_B	0.5	250	336041	6	6	2.1052631578947367	202		1
ice	MPF_B	0.5	251	78872	6	6	2.1052631578947367	124		1
ice	MPF_B	0.5	252	235918	6	6	2.1052631578947367	83		1
ice	MPF_B	0.5	253	285972	6	6	2.1052631578947367	216		1
ice	MPF_B	0.5	254	285984	6	6	2.1052631578947367	141		1
ice	MPF_B	0.5	255	285996	6	6	2.1052631578947367	87		1
ice	MPF_B	0.5	256	331327	6	6	2.1052631578947367	188		1
ice	MPF_B	0.5	257	90893	6	6	2.1052631578947367	163		1
ice	MPF_B	0.5	258	144456	6	6	2.1052631578947367	183		1
ice	MPF_B	0.5	259	144458	6	6	2.1052631578947367	214		1
ice	MPF_B	0.5	260	60351	6	6	2.1052631578947367	243		1
ice	MPF_B	0.5	261	67180	6	6	2.1052631578947367	156		1
ice	MPF_B	0.5	262	235901	6	6	2.1052631578947367	111		1
ice	MPF_B	0.5	263	51605	6	6	2.1052631578947367	96		1
ice	MPF_B	0.5	264	145758	6	6	2.1052631578947367	232		1
ice	MPF_B	0.5	265	145775	6	6	2.1052631578947367	208		1
ice	MPF_B	0.5	266	146193	6	6	2.1052631578947367	70		1
ice	MPF_B	0.5	267	204472	6	6	2.1052631578947367	246		1
ice	MPF_B	0.5	268	204529	6	6	2.1052631578947367	182		1
ice	MPF_B	0.5	269	215528	6	6	2.1052631578947367	124		1
ice	MPF_B	0.5	270	17793	6	6	2.1052631578947367	146		1
ice	MPF_B	0.5	271	63522	10	6	2.1052631578947367	94		1
ice	MPF_B	0.5	272	63384	6	6	2.1052631578947367	248		1
ice	MPF_B	0.5	273	78052	6	6	2.1052631578947367	216		1
ice	MPF_B	0.5	274	78053	6	6	2.1052631578947367	182		1
ice	MPF_B	0.5	275	78084	6	6	2.1052631578947367	173		1
ice	MPF_B	0.5	276	78110	6	6	2.1052631578947367	119		1
ice	MPF_B	0.5	277	78160	6	6	2.1052631578947367	119		1
ice	MPF_B	0.5	278	231387	6	6	2.1052631578947367	227		1
ice	MPF_B	0.5	279	238220	6	6	2.1052631578947367	199		1
ice	MPF_B	0.5	280	331397	6	6	2.1052631578947367	113		1
ice	MPF_B	0.5	281	5697	6	6	2.1052631578947367	70		1
ice	MPF_B	0.5	282	5699	6	6	2.1052631578947367	91		1
ice	MPF_B	0.5	283	5706	6	6	2.1052631578947367	182		1
ice	MPF_B	0.5	284	5728	6	6	2.1052631578947367	102		1
ice	MPF_B	0.5	285	338899	6	6	2.1052631578947367	193		1
ice	MPF_B	0.5	286	365308	6	6	2.1052631578947367	154		1
ice	MPF_B	0.5	287	18388	6	6	2.1052631578947367	158		1
ice	MPF_B	0.5	288	195583	7	6	2.1052631578947367	68		1
ice	MPF_B	0.5	289	149293	6	6	2.1052631578947367	192		1
ice	MPF_B	0.5	290	1001	6	6	2.1052631578947367	62		1
ice	MPF_B	0.5	291	1222	6	6	2.1052631578947367	116		1
ice	MPF_B	0.5	292	139544	6	6	2.1052631578947367	169		1
ice	MPF_B	0.5	293	141646	6	6	2.1052631578947367	118		1
ice	MPF_B	0.5	294	336096	6	6	2.1052631578947367	131		1
ice	MPF_B	0.5	295	204085	6	6	2.1052631578947367	231		1
ice	MPF_B	0.5	296	204619	6	6	2.1052631578947367	131		1
ice	MPF_B	0.5	297	78978	6	6	2.1052631578947367	168		1
ice	MPF_B	0.5	298	79885	6	6	2.1052631578947367	176		1
ice	MPF_B	0.5	299	96900	6	6	2.1052631578947367	150		1
ice	MPF_B	0.5	300	279686	7	6	2.1052631578947367	186		1
ice	MPF_B	0.5	301	42099	11	6	2.1052631578947367	248		1
ice	MPF_B	0.5	302	314264	6	6	2.1052631578947367	149		1
ice	MPF_B	0.5	303	231424	6	6	2.1052631578947367	137		1
ice	MPF_B	0.5	304	231425	6	6	2.1052631578947367	80		1
ice	MPF_B	0.5	305	67635	6	6	2.1052631578947367	226		1
ice	MPF_B	0.5	306	70437	7	6	2.1052631578947367	79		1
ice	MPF_B	0.5	307	70445	6	6	2.1052631578947367	83		1
ice	MPF_B	0.5	308	70463	6	6	2.1052631578947367	81		1
ice	MPF_B	0.5	309	135550	6	6	2.1052631578947367	239		1
ice	MPF_B	0.5	310	345182	6	6	2.1052631578947367	98		1
ice	MPF_B	0.5	311	222056	6	6	2.1052631578947367	189		1
ice	MPF_B	0.5	312	251424	6	6	2.1052631578947367	208		1
ice	MPF_B	0.5	313	306808	6	6	2.1052631578947367	160		1
ice	MPF_B	0.5	314	58666	7	6	2.1052631578947367	125		1
ice	MPF_B	0.5	315	238482	6	6	2.1052631578947367	64		1
ice	MPF_B	0.5	316	279236	6	6	2.1052631578947367	127		1
ice	MPF_B	0.5	317	294479	6	6	2.1052631578947367	183		1
ice	MPF_B	0.5	318	5856	6	6	2.1052631578947367	94		1
ice	MPF_B	0.5	319	5857	6	6	2.1052631578947367	100		1
ice	MPF_B	0.5	320	10140	6	6	2.1052631578947367	81		1
ice	MPF_B	0.5	321	22682	5	5	1.7543859649122806	152		1
ice	MPF_B	0.5	322	38237	5	5	1.7543859649122806	195		1
ice	MPF_B	0.5	323	38245	5	5	1.7543859649122806	137		1
ice	MPF_B	0.5	324	38495	5	5	1.7543859649122806	65		1
ice	MPF_B	0.5	325	38497	5	5	1.7543859649122806	136		1
ice	MPF_B	0.5	326	38508	5	5	1.7543859649122806	155		1
ice	MPF_B	0.5	327	38888	5	5	1.7543859649122806	140		1
ice	MPF_B	0.5	328	39051	5	5	1.7543859649122806	194		1
ice	MPF_B	0.5	329	205179	5	5	1.7543859649122806	222		1
ice	MPF_B	0.5	330	215915	5	5	1.7543859649122806	222		1
ice	MPF_B	0.5	331	231249	5	5	1.7543859649122806	200		1
ice	MPF_B	0.5	332	238090	5	5	1.7543859649122806	218		1
ice	MPF_B	0.5	333	238093	5	5	1.7543859649122806	188		1
ice	MPF_B	0.5	334	238103	5	5	1.7543859649122806	109		1
ice	MPF_B	0.5	335	238112	5	5	1.7543859649122806	230		1
ice	MPF_B	0.5	336	238172	5	5	1.7543859649122806	189		1
ice	MPF_B	0.5	337	238195	5	5	1.7543859649122806	97		1
ice	MPF_B	0.5	338	238199	5	5	1.7543859649122806	147		1
ice	MPF_B	0.5	339	328244	5	5	1.7543859649122806	82		1
ice	MPF_B	0.5	340	247006	5	5	1.7543859649122806	121		1
ice	MPF_B	0.5	341	256280	5	5	1.7543859649122806	231		1
ice	MPF_B	0.5	342	306877	6	5	1.7543859649122806	220		1
ice	MPF_B	0.5	343	83116	5	5	1.7543859649122806	96		1
ice	MPF_B	0.5	344	131935	6	5	1.7543859649122806	148		1
ice	MPF_B	0.5	345	136279	6	5	1.7543859649122806	138		1
ice	MPF_B	0.5	346	144664	5	5	1.7543859649122806	218		1
ice	MPF_B	0.5	347	196115	5	5	1.7543859649122806	144		1
ice	MPF_B	0.5	348	196116	5	5	1.7543859649122806	235		1
ice	MPF_B	0.5	349	204230	6	5	1.7543859649122806	97		1
ice	MPF_B	0.5	350	344160	5	5	1.7543859649122806	157		1
ice	MPF_B	0.5	351	43	5	5	1.7543859649122806	152		1
ice	MPF_B	0.5	352	44	5	5	1.7543859649122806	119		1
ice	MPF_B	0.5	353	45	5	5	1.7543859649122806	173		1
ice	MPF_B	0.5	354	56	5	5	1.7543859649122806	215		1
ice	MPF_B	0.5	355	355366	5	5	1.7543859649122806	97		1
ice	MPF_B	0.5	356	369050	6	5	1.7543859649122806	123		1
ice	MPF_B	0.5	357	17677	6	5	1.7543859649122806	130		1
ice	MPF_B	0.5	358	78047	6	5	1.7543859649122806	187		1
ice	MPF_B	0.5	359	96752	5	5	1.7543859649122806	239		1
ice	MPF_B	0.5	360	96760	8	5	1.7543859649122806	151		1
ice	MPF_B	0.5	361	330658	6	5	1.7543859649122806	151		1
ice	MPF_B	0.5	362	222284	5	5	1.7543859649122806	199		1
ice	MPF_B	0.5	363	222345	5	5	1.7543859649122806	203		1
ice	MPF_B	0.5	364	256080	5	5	1.7543859649122806	46		1
ice	MPF_B	0.5	365	257728	5	5	1.7543859649122806	139		1
ice	MPF_B	0.5	366	286019	5	5	1.7543859649122806	150		1
ice	MPF_B	0.5	367	286021	5	5	1.7543859649122806	191		1
ice	MPF_B	0.5	368	286023	5	5	1.7543859649122806	76		1
ice	MPF_B	0.5	369	90879	5	5	1.7543859649122806	205		1
ice	MPF_B	0.5	370	97107	8	5	1.7543859649122806	58		1
ice	MPF_B	0.5	371	137939	5	5	1.7543859649122806	101		1
ice	MPF_B	0.5	372	144503	5	5	1.7543859649122806	114		1
ice	MPF_B	0.5	373	144546	5	5	1.7543859649122806	149		1
ice	MPF_B	0.5	374	67163	5	5	1.7543859649122806	71		1
ice	MPF_B	0.5	375	67181	5	5	1.7543859649122806	69		1
ice	MPF_B	0.5	376	144231	5	5	1.7543859649122806	171		1
ice	MPF_B	0.5	377	144654	5	5	1.7543859649122806	233		1
ice	MPF_B	0.5	378	146189	5	5	1.7543859649122806	77		1
ice	MPF_B	0.5	379	204469	5	5	1.7543859649122806	98		1
ice	MPF_B	0.5	380	215514	5	5	1.7543859649122806	192		1
ice	MPF_B	0.5	381	235704	6	5	1.7543859649122806	97		1
ice	MPF_B	0.5	382	345591	5	5	1.7543859649122806	107		1
ice	MPF_B	0.5	383	51449	5	5	1.7543859649122806	175		1
ice	MPF_B	0.5	384	83048	5	5	1.7543859649122806	43		1
ice	MPF_B	0.5	385	58818	5	5	1.7543859649122806	152		1
ice	MPF_B	0.5	386	344861	5	5	1.7543859649122806	197		1
ice	MPF_B	0.5	387	238206	5	5	1.7543859649122806	76		1
ice	MPF_B	0.5	388	238207	5	5	1.7543859649122806	133		1
ice	MPF_B	0.5	389	238239	5	5	1.7543859649122806	160		1
ice	MPF_B	0.5	390	238249	5	5	1.7543859649122806	159		1
ice	MPF_B	0.5	391	238257	5	5	1.7543859649122806	239		1
ice	MPF_B	0.5	392	5717	5	5	1.7543859649122806	132		1
ice	MPF_B	0.5	393	5721	5	5	1.7543859649122806	79		1
ice	MPF_B	0.5	394	5723	5	5	1.7543859649122806	232		1
ice	MPF_B	0.5	395	5727	5	5	1.7543859649122806	56		1
ice	MPF_B	0.5	396	5761	5	5	1.7543859649122806	233		1
ice	MPF_B	0.5	397	5771	5	5	1.7543859649122806	135		1
ice	MPF_B	0.5	398	195584	6	5	1.7543859649122806	77		1
ice	MPF_B	0.5	399	160563	6	5	1.7543859649122806	71		1
ice	MPF_B	0.5	400	193781	5	5	1.7543859649122806	162		1
ice	MPF_B	0.7	1	145645	43	39	13.68421052631579	169		1
ice	MPF_B	0.7	2	51343	36	36	12.631578947368421	72		1
ice	MPF_B	0.7	3	17921	29	29	10.175438596491228	102		1
ice	MPF_B	0.7	4	365330	29	28	9.824561403508772	216		1
ice	MPF_B	0.7	5	10134	28	27	9.473684210526315	137		1
ice	MPF_B	0.7	6	58974	27	27	9.473684210526315	145		1
ice	MPF_B	0.7	7	146240	28	26	9.12280701754386	84		1
ice	MPF_B	0.7	8	96853	23	23	8.070175438596491	211		1
ice	MPF_B	0.7	9	345294	23	23	8.070175438596491	120		1
ice	MPF_B	0.7	10	17908	23	23	8.070175438596491	145		1
ice	MPF_B	0.7	11	145635	32	22	7.719298245614035	155		1
ice	MPF_B	0.7	12	10145	22	22	7.719298245614035	143		1
ice	MPF_B	0.7	13	222050	22	22	7.719298245614035	117		1
ice	MPF_B	0.7	14	10129	22	21	7.368421052631579	246		1
ice	MPF_B	0.7	15	10131	22	21	7.368421052631579	117		1
ice	MPF_B	0.7	16	10132	22	21	7.368421052631579	142		1
ice	MPF_B	0.7	17	10137	22	21	7.368421052631579	147		1
ice	MPF_B	0.7	18	42131	21	21	7.368421052631579	83		1
ice	MPF_B	0.7	19	145607	23	21	7.368421052631579	137		1
ice	MPF_B	0.7	20	363094	21	21	7.368421052631579	177		1
ice	MPF_B	0.7	21	345321	22	21	7.368421052631579	196		1
ice	MPF_B	0.7	22	365667	21	21	7.368421052631579	142		1
ice	MPF_B	0.7	23	10148	21	21	7.368421052631579	106		1
ice	MPF_B	0.7	24	10150	21	21	7.368421052631579	92		1
ice	MPF_B	0.7	25	10151	21	21	7.368421052631579	100		1
ice	MPF_B	0.7	26	328702	20	20	7.017543859649122	99		1
ice	MPF_B	0.7	27	51367	21	20	7.017543859649122	221		1
ice	MPF_B	0.7	28	51255	21	20	7.017543859649122	228		1
ice	MPF_B	0.7	29	215608	19	19	6.666666666666667	201		1
ice	MPF_B	0.7	30	204166	19	19	6.666666666666667	87		1
ice	MPF_B	0.7	31	204199	19	19	6.666666666666667	219		1
ice	MPF_B	0.7	32	10149	19	19	6.666666666666667	117		1
ice	MPF_B	0.7	33	44881	19	19	6.666666666666667	73		1
ice	MPF_B	0.7	34	10110	19	18	6.315789473684211	176		1
ice	MPF_B	0.7	35	365348	19	18	6.315789473684211	226		1
ice	MPF_B	0.7	36	1006	18	18	6.315789473684211	142		1
ice	MPF_B	0.7	37	38473	18	18	6.315789473684211	73		1
ice	MPF_B	0.7	38	246899	18	18	6.315789473684211	102		1
ice	MPF_B	0.7	39	204717	18	18	6.315789473684211	240		1
ice	MPF_B	0.7	40	10109	18	17	5.964912280701754	138		1
ice	MPF_B	0.7	41	160775	17	17	5.964912280701754	242		1
ice	MPF_B	0.7	42	59087	17	17	5.964912280701754	200		1
ice	MPF_B	0.7	43	145705	17	17	5.964912280701754	115		1
ice	MPF_B	0.7	44	18369	18	17	5.964912280701754	143		1
ice	MPF_B	0.7	45	144200	17	17	5.964912280701754	197		1
ice	MPF_B	0.7	46	1204	17	17	5.964912280701754	113		1
ice	MPF_B	0.7	47	1205	17	17	5.964912280701754	146		1
ice	MPF_B	0.7	48	279433	17	17	5.964912280701754	85		1
ice	MPF_B	0.7	49	279443	17	17	5.964912280701754	175		1
ice	MPF_B	0.7	50	51211	21	17	5.964912280701754	157		1
ice	MPF_B	0.7	51	385376	17	16	5.614035087719298	180		1
ice	MPF_B	0.7	52	18409	18	16	5.614035087719298	102		1
ice	MPF_B	0.7	53	48269	16	16	5.614035087719298	77		1
ice	MPF_B	0.7	54	215857	16	16	5.614035087719298	138		1
ice	MPF_B	0.7	55	1213	16	16	5.614035087719298	140		1
ice	MPF_B	0.7	56	160798	15	15	5.2631578947368425	91		1
ice	MPF_B	0.7	57	328692	15	15	5.2631578947368425	130		1
ice	MPF_B	0.7	58	58679	15	15	5.2631578947368425	142		1
ice	MPF_B	0.7	59	44876	15	15	5.2631578947368425	81		1
ice	MPF_B	0.7	60	22666	15	15	5.2631578947368425	209		1
ice	MPF_B	0.7	61	1226	15	15	5.2631578947368425	120		1
ice	MPF_B	0.7	62	1237	15	15	5.2631578947368425	160		1
ice	MPF_B	0.7	63	1257	15	15	5.2631578947368425	140		1
ice	MPF_B	0.7	64	1264	15	15	5.2631578947368425	172		1
ice	MPF_B	0.7	65	344626	15	15	5.2631578947368425	142		1
ice	MPF_B	0.7	66	44882	15	15	5.2631578947368425	71		1
ice	MPF_B	0.7	67	10108	15	14	4.912280701754386	72		1
ice	MPF_B	0.7	68	70450	14	14	4.912280701754386	196		1
ice	MPF_B	0.7	69	39090	14	14	4.912280701754386	131		1
ice	MPF_B	0.7	70	1238	14	14	4.912280701754386	106		1
ice	MPF_B	0.7	71	1254	15	14	4.912280701754386	118		1
ice	MPF_B	0.7	72	1255	15	14	4.912280701754386	121		1
ice	MPF_B	0.7	73	144321	15	14	4.912280701754386	164		1
ice	MPF_B	0.7	74	366980	14	14	4.912280701754386	91		1
ice	MPF_B	0.7	75	109302	15	14	4.912280701754386	93		1
ice	MPF_B	0.7	76	28781	13	13	4.56140350877193	106		1
ice	MPF_B	0.7	77	268433	14	13	4.56140350877193	58		1
ice	MPF_B	0.7	78	144099	14	13	4.56140350877193	196		1
ice	MPF_B	0.7	79	185279	13	13	4.56140350877193	139		1
ice	MPF_B	0.7	80	359906	13	13	4.56140350877193	124		1
ice	MPF_B	0.7	81	1261	13	13	4.56140350877193	233		1
ice	MPF_B	0.7	82	33331	17	12	4.2105263157894735	89		1
ice	MPF_B	0.7	83	33332	18	12	4.2105263157894735	104		1
ice	MPF_B	0.7	84	1219	12	12	4.2105263157894735	195		1
ice	MPF_B	0.7	85	1224	12	12	4.2105263157894735	97		1
ice	MPF_B	0.7	86	144475	14	11	3.8596491228070176	158		1
ice	MPF_B	0.7	87	58992	11	11	3.8596491228070176	95		1
ice	MPF_B	0.7	88	70453	11	11	3.8596491228070176	102		1
ice	MPF_B	0.7	89	318615	11	11	3.8596491228070176	149		1
ice	MPF_B	0.7	90	58976	11	11	3.8596491228070176	134		1
ice	MPF_B	0.7	91	39070	11	11	3.8596491228070176	149		1
ice	MPF_B	0.7	92	39072	11	11	3.8596491228070176	71		1
ice	MPF_B	0.7	93	39094	11	11	3.8596491228070176	140		1
ice	MPF_B	0.7	94	39095	11	11	3.8596491228070176	250		1
ice	MPF_B	0.7	95	39096	11	11	3.8596491228070176	140		1
ice	MPF_B	0.7	96	39097	11	11	3.8596491228070176	139		1
ice	MPF_B	0.7	97	38470	11	11	3.8596491228070176	176		1
ice	MPF_B	0.7	98	144294	11	11	3.8596491228070176	76		1
ice	MPF_B	0.7	99	44951	11	11	3.8596491228070176	246		1
ice	MPF_B	0.7	100	336608	11	11	3.8596491228070176	241		1
ice	MPF_B	0.7	101	136520	10	10	3.508771929824561	103		1
ice	MPF_B	0.7	102	365469	11	10	3.508771929824561	187		1
ice	MPF_B	0.7	103	385548	10	10	3.508771929824561	64		1
ice	MPF_B	0.7	104	215401	10	10	3.508771929824561	201		1
ice	MPF_B	0.7	105	192019	10	10	3.508771929824561	132		1
ice	MPF_B	0.7	106	201708	10	10	3.508771929824561	173		1
ice	MPF_B	0.7	107	222090	10	10	3.508771929824561	88		1
ice	MPF_B	0.7	108	360127	10	10	3.508771929824561	132		1
ice	MPF_B	0.7	109	5735	10	10	3.508771929824561	140		1
ice	MPF_B	0.7	110	5758	10	10	3.508771929824561	96		1
ice	MPF_B	0.7	111	231554	9	9	3.1578947368421053	204		1
ice	MPF_B	0.7	112	238039	9	9	3.1578947368421053	57		1
ice	MPF_B	0.7	113	70451	9	9	3.1578947368421053	128		1
ice	MPF_B	0.7	114	144067	9	9	3.1578947368421053	119		1
ice	MPF_B	0.7	115	231409	9	9	3.1578947368421053	218		1
ice	MPF_B	0.7	116	231410	9	9	3.1578947368421053	170		1
ice	MPF_B	0.7	117	344314	9	9	3.1578947368421053	203		1
ice	MPF_B	0.7	118	44831	9	9	3.1578947368421053	120		1
ice	MPF_B	0.7	119	44616	9	9	3.1578947368421053	127		1
ice	MPF_B	0.7	120	336094	9	9	3.1578947368421053	126		1
ice	MPF_B	0.7	121	39066	9	9	3.1578947368421053	103		1
ice	MPF_B	0.7	122	39067	9	9	3.1578947368421053	108		1
ice	MPF_B	0.7	123	336074	9	9	3.1578947368421053	91		1
ice	MPF_B	0.7	124	279606	9	9	3.1578947368421053	204		1
ice	MPF_B	0.7	125	51240	9	9	3.1578947368421053	68		1
ice	MPF_B	0.7	126	5751	9	9	3.1578947368421053	159		1
ice	MPF_B	0.7	127	109304	10	9	3.1578947368421053	69		1
ice	MPF_B	0.7	128	5787	8	8	2.807017543859649	92		1
ice	MPF_B	0.7	129	38717	8	8	2.807017543859649	151		1
ice	MPF_B	0.7	130	345649	9	8	2.807017543859649	76		1
ice	MPF_B	0.7	131	70435	8	8	2.807017543859649	55		1
ice	MPF_B	0.7	132	70443	8	8	2.807017543859649	113		1
ice	MPF_B	0.7	133	70483	8	8	2.807017543859649	67		1
ice	MPF_B	0.7	134	17732	8	8	2.807017543859649	73		1
ice	MPF_B	0.7	135	78988	8	8	2.807017543859649	126		1
ice	MPF_B	0.7	136	78992	8	8	2.807017543859649	84		1
ice	MPF_B	0.7	137	238142	8	8	2.807017543859649	218		1
ice	MPF_B	0.7	138	18411	9	8	2.807017543859649	126		1
ice	MPF_B	0.7	139	44832	8	8	2.807017543859649	150		1
ice	MPF_B	0.7	140	58661	8	8	2.807017543859649	109		1
ice	MPF_B	0.7	141	204269	8	8	2.807017543859649	149		1
ice	MPF_B	0.7	142	363066	8	8	2.807017543859649	92		1
ice	MPF_B	0.7	143	39114	8	8	2.807017543859649	128		1
ice	MPF_B	0.7	144	39116	8	8	2.807017543859649	59		1
ice	MPF_B	0.7	145	39117	8	8	2.807017543859649	88		1
ice	MPF_B	0.7	146	39118	8	8	2.807017543859649	97		1
ice	MPF_B	0.7	147	39119	8	8	2.807017543859649	108		1
ice	MPF_B	0.7	148	136558	8	8	2.807017543859649	151		1
ice	MPF_B	0.7	149	196222	8	8	2.807017543859649	199		1
ice	MPF_B	0.7	150	314285	8	8	2.807017543859649	112		1
ice	MPF_B	0.7	151	51209	8	8	2.807017543859649	108		1
ice	MPF_B	0.7	152	5759	8	8	2.807017543859649	114		1
ice	MPF_B	0.7	153	5760	8	8	2.807017543859649	236		1
ice	MPF_B	0.7	154	5763	8	8	2.807017543859649	69		1
ice	MPF_B	0.7	155	5780	8	8	2.807017543859649	98		1
ice	MPF_B	0.7	156	318405	7	7	2.456140350877193	111		1
ice	MPF_B	0.7	157	78173	7	7	2.456140350877193	65		1
ice	MPF_B	0.7	158	70449	7	7	2.456140350877193	181		1
ice	MPF_B	0.7	159	185394	7	7	2.456140350877193	114		1
ice	MPF_B	0.7	160	185415	10	7	2.456140350877193	142		1
ice	MPF_B	0.7	161	204526	7	7	2.456140350877193	120		1
ice	MPF_B	0.7	162	78989	7	7	2.456140350877193	90		1
ice	MPF_B	0.7	163	96851	7	7	2.456140350877193	145		1
ice	MPF_B	0.7	164	135570	7	7	2.456140350877193	83		1
ice	MPF_B	0.7	165	135571	7	7	2.456140350877193	165		1
ice	MPF_B	0.7	166	44874	7	7	2.456140350877193	81		1
ice	MPF_B	0.7	167	365567	7	7	2.456140350877193	132		1
ice	MPF_B	0.7	168	257594	7	7	2.456140350877193	149		1
ice	MPF_B	0.7	169	351167	7	7	2.456140350877193	127		1
ice	MPF_B	0.7	170	997	7	7	2.456140350877193	145		1
ice	MPF_B	0.7	171	78080	7	7	2.456140350877193	142		1
ice	MPF_B	0.7	172	136563	8	7	2.456140350877193	109		1
ice	MPF_B	0.7	173	276304	7	7	2.456140350877193	248		1
ice	MPF_B	0.7	174	224765	14	7	2.456140350877193	88		1
ice	MPF_B	0.7	175	141673	8	7	2.456140350877193	179		1
ice	MPF_B	0.7	176	201713	7	7	2.456140350877193	73		1
ice	MPF_B	0.7	177	215188	7	7	2.456140350877193	222		1
ice	MPF_B	0.7	178	51241	7	7	2.456140350877193	200		1
ice	MPF_B	0.7	179	5732	7	7	2.456140350877193	131		1
ice	MPF_B	0.7	180	5764	7	7	2.456140350877193	99		1
ice	MPF_B	0.7	181	5856	6	6	2.1052631578947367	94		1
ice	MPF_B	0.7	182	5857	6	6	2.1052631578947367	100		1
ice	MPF_B	0.7	183	42071	6	6	2.1052631578947367	240		1
ice	MPF_B	0.7	184	42077	6	6	2.1052631578947367	117		1
ice	MPF_B	0.7	185	136543	6	6	2.1052631578947367	198		1
ice	MPF_B	0.7	186	144456	6	6	2.1052631578947367	183		1
ice	MPF_B	0.7	187	144458	6	6	2.1052631578947367	214		1
ice	MPF_B	0.7	188	58666	7	6	2.1052631578947367	125		1
ice	MPF_B	0.7	189	58689	6	6	2.1052631578947367	101		1
ice	MPF_B	0.7	190	67634	6	6	2.1052631578947367	156		1
ice	MPF_B	0.7	191	67635	6	6	2.1052631578947367	226		1
ice	MPF_B	0.7	192	70437	7	6	2.1052631578947367	79		1
ice	MPF_B	0.7	193	70445	6	6	2.1052631578947367	83		1
ice	MPF_B	0.7	194	145679	6	6	2.1052631578947367	157		1
ice	MPF_B	0.7	195	145758	6	6	2.1052631578947367	232		1
ice	MPF_B	0.7	196	204104	6	6	2.1052631578947367	135		1
ice	MPF_B	0.7	197	78942	6	6	2.1052631578947367	131		1
ice	MPF_B	0.7	198	78978	6	6	2.1052631578947367	168		1
ice	MPF_B	0.7	199	139544	6	6	2.1052631578947367	169		1
ice	MPF_B	0.7	200	17719	7	6	2.1052631578947367	197		1
ice	MPF_B	0.7	201	129015	7	6	2.1052631578947367	165		1
ice	MPF_B	0.7	202	129020	6	6	2.1052631578947367	93		1
ice	MPF_B	0.7	203	231387	6	6	2.1052631578947367	227		1
ice	MPF_B	0.7	204	231392	6	6	2.1052631578947367	74		1
ice	MPF_B	0.7	205	238143	6	6	2.1052631578947367	222		1
ice	MPF_B	0.7	206	238144	6	6	2.1052631578947367	223		1
ice	MPF_B	0.7	207	18388	6	6	2.1052631578947367	158		1
ice	MPF_B	0.7	208	369042	6	6	2.1052631578947367	94		1
ice	MPF_B	0.7	209	48231	6	6	2.1052631578947367	118		1
ice	MPF_B	0.7	210	204226	6	6	2.1052631578947367	148		1
ice	MPF_B	0.7	211	205494	6	6	2.1052631578947367	221		1
ice	MPF_B	0.7	212	22684	7	6	2.1052631578947367	173		1
ice	MPF_B	0.7	213	376441	6	6	2.1052631578947367	158		1
ice	MPF_B	0.7	214	204619	6	6	2.1052631578947367	131		1
ice	MPF_B	0.7	215	252571	6	6	2.1052631578947367	189		1
ice	MPF_B	0.7	216	1001	6	6	2.1052631578947367	62		1
ice	MPF_B	0.7	217	1222	6	6	2.1052631578947367	116		1
ice	MPF_B	0.7	218	38472	6	6	2.1052631578947367	70		1
ice	MPF_B	0.7	219	38498	6	6	2.1052631578947367	208		1
ice	MPF_B	0.7	220	78052	6	6	2.1052631578947367	216		1
ice	MPF_B	0.7	221	78053	6	6	2.1052631578947367	182		1
ice	MPF_B	0.7	222	78056	6	6	2.1052631578947367	73		1
ice	MPF_B	0.7	223	78058	6	6	2.1052631578947367	147		1
ice	MPF_B	0.7	224	78077	6	6	2.1052631578947367	195		1
ice	MPF_B	0.7	225	78084	6	6	2.1052631578947367	173		1
ice	MPF_B	0.7	226	78110	6	6	2.1052631578947367	119		1
ice	MPF_B	0.7	227	78160	6	6	2.1052631578947367	119		1
ice	MPF_B	0.7	228	78161	6	6	2.1052631578947367	103		1
ice	MPF_B	0.7	229	78162	6	6	2.1052631578947367	97		1
ice	MPF_B	0.7	230	215386	6	6	2.1052631578947367	173		1
ice	MPF_B	0.7	231	215440	6	6	2.1052631578947367	134		1
ice	MPF_B	0.7	232	345067	6	6	2.1052631578947367	176		1
ice	MPF_B	0.7	233	235918	6	6	2.1052631578947367	83		1
ice	MPF_B	0.7	234	247003	6	6	2.1052631578947367	64		1
ice	MPF_B	0.7	235	226313	6	6	2.1052631578947367	102		1
ice	MPF_B	0.7	236	231424	6	6	2.1052631578947367	137		1
ice	MPF_B	0.7	237	231425	6	6	2.1052631578947367	80		1
ice	MPF_B	0.7	238	231474	6	6	2.1052631578947367	83		1
ice	MPF_B	0.7	239	235774	6	6	2.1052631578947367	197		1
ice	MPF_B	0.7	240	238220	6	6	2.1052631578947367	199		1
ice	MPF_B	0.7	241	201711	6	6	2.1052631578947367	101		1
ice	MPF_B	0.7	242	205100	6	6	2.1052631578947367	203		1
ice	MPF_B	0.7	243	215528	6	6	2.1052631578947367	124		1
ice	MPF_B	0.7	244	314284	6	6	2.1052631578947367	69		1
ice	MPF_B	0.7	245	344576	6	6	2.1052631578947367	234		1
ice	MPF_B	0.7	246	50	6	6	2.1052631578947367	190		1
ice	MPF_B	0.7	247	55	6	6	2.1052631578947367	155		1
ice	MPF_B	0.7	248	68	6	6	2.1052631578947367	234		1
ice	MPF_B	0.7	249	69	6	6	2.1052631578947367	128		1
ice	MPF_B	0.7	250	71	6	6	2.1052631578947367	133		1
ice	MPF_B	0.7	251	279236	6	6	2.1052631578947367	127		1
ice	MPF_B	0.7	252	5689	6	6	2.1052631578947367	97		1
ice	MPF_B	0.7	253	5697	6	6	2.1052631578947367	70		1
ice	MPF_B	0.7	254	5699	6	6	2.1052631578947367	91		1
ice	MPF_B	0.7	255	5706	6	6	2.1052631578947367	182		1
ice	MPF_B	0.7	256	5728	6	6	2.1052631578947367	102		1
ice	MPF_B	0.7	257	235900	6	6	2.1052631578947367	209		1
ice	MPF_B	0.7	258	235901	6	6	2.1052631578947367	111		1
ice	MPF_B	0.7	259	136279	6	5	1.7543859649122806	138		1
ice	MPF_B	0.7	260	144546	5	5	1.7543859649122806	149		1
ice	MPF_B	0.7	261	146117	8	5	1.7543859649122806	160		1
ice	MPF_B	0.7	262	345591	5	5	1.7543859649122806	107		1
ice	MPF_B	0.7	263	238074	5	5	1.7543859649122806	91		1
ice	MPF_B	0.7	264	314264	5	5	1.7543859649122806	149		1
ice	MPF_B	0.7	265	70442	5	5	1.7543859649122806	231		1
ice	MPF_B	0.7	266	144664	5	5	1.7543859649122806	218		1
ice	MPF_B	0.7	267	256243	5	5	1.7543859649122806	148		1
ice	MPF_B	0.7	268	306875	6	5	1.7543859649122806	220		1
ice	MPF_B	0.7	269	330831	5	5	1.7543859649122806	96		1
ice	MPF_B	0.7	270	365442	5	5	1.7543859649122806	248		1
ice	MPF_B	0.7	271	67163	5	5	1.7543859649122806	71		1
ice	MPF_B	0.7	272	67180	5	5	1.7543859649122806	156		1
ice	MPF_B	0.7	273	67181	5	5	1.7543859649122806	69		1
ice	MPF_B	0.7	274	67186	5	5	1.7543859649122806	226		1
ice	MPF_B	0.7	275	67188	5	5	1.7543859649122806	222		1
ice	MPF_B	0.7	276	67192	5	5	1.7543859649122806	110		1
ice	MPF_B	0.7	277	78975	5	5	1.7543859649122806	131		1
ice	MPF_B	0.7	278	139546	5	5	1.7543859649122806	58		1
ice	MPF_B	0.7	279	96613	5	5	1.7543859649122806	127		1
ice	MPF_B	0.7	280	96646	5	5	1.7543859649122806	237		1
ice	MPF_B	0.7	281	129009	6	5	1.7543859649122806	144		1
ice	MPF_B	0.7	282	129011	6	5	1.7543859649122806	68		1
ice	MPF_B	0.7	283	129016	6	5	1.7543859649122806	72		1
ice	MPF_B	0.7	284	129021	5	5	1.7543859649122806	94		1
ice	MPF_B	0.7	285	129037	5	5	1.7543859649122806	127		1
ice	MPF_B	0.7	286	129039	5	5	1.7543859649122806	141		1
ice	MPF_B	0.7	287	231386	5	5	1.7543859649122806	221		1
ice	MPF_B	0.7	288	235704	6	5	1.7543859649122806	97		1
ice	MPF_B	0.7	289	238092	5	5	1.7543859649122806	109		1
ice	MPF_B	0.7	290	238093	5	5	1.7543859649122806	188		1
ice	MPF_B	0.7	291	238095	5	5	1.7543859649122806	141		1
ice	MPF_B	0.7	292	238103	5	5	1.7543859649122806	109		1
ice	MPF_B	0.7	293	238123	5	5	1.7543859649122806	70		1
ice	MPF_B	0.7	294	238172	5	5	1.7543859649122806	189		1
ice	MPF_B	0.7	295	238193	5	5	1.7543859649122806	146		1
ice	MPF_B	0.7	296	238195	5	5	1.7543859649122806	97		1
ice	MPF_B	0.7	297	369050	6	5	1.7543859649122806	123		1
ice	MPF_B	0.7	298	131927	6	5	1.7543859649122806	240		1
ice	MPF_B	0.7	299	131935	6	5	1.7543859649122806	148		1
ice	MPF_B	0.7	300	137932	5	5	1.7543859649122806	239		1
ice	MPF_B	0.7	301	144231	5	5	1.7543859649122806	171		1
ice	MPF_B	0.7	302	144232	5	5	1.7543859649122806	239		1
ice	MPF_B	0.7	303	78047	6	5	1.7543859649122806	187		1
ice	MPF_B	0.7	304	78285	5	5	1.7543859649122806	130		1
ice	MPF_B	0.7	305	42122	6	5	1.7543859649122806	209		1
ice	MPF_B	0.7	306	365309	5	5	1.7543859649122806	220		1
ice	MPF_B	0.7	307	145641	5	5	1.7543859649122806	84		1
ice	MPF_B	0.7	308	145658	5	5	1.7543859649122806	172		1
ice	MPF_B	0.7	309	160543	6	5	1.7543859649122806	111		1
ice	MPF_B	0.7	310	160563	6	5	1.7543859649122806	71		1
ice	MPF_B	0.7	311	22689	5	5	1.7543859649122806	233		1
ice	MPF_B	0.7	312	365102	5	5	1.7543859649122806	147		1
ice	MPF_B	0.7	313	331486	5	5	1.7543859649122806	135		1
ice	MPF_B	0.7	314	331487	5	5	1.7543859649122806	165		1
ice	MPF_B	0.7	315	331488	5	5	1.7543859649122806	64		1
ice	MPF_B	0.7	316	331490	5	5	1.7543859649122806	191		1
ice	MPF_B	0.7	317	204221	5	5	1.7543859649122806	153		1
ice	MPF_B	0.7	318	365569	5	5	1.7543859649122806	145		1
ice	MPF_B	0.7	319	365599	5	5	1.7543859649122806	117		1
ice	MPF_B	0.7	320	976	5	5	1.7543859649122806	150		1
ice	MPF_B	0.7	321	294479	5	5	1.7543859649122806	183		1
ice	MPF_B	0.7	322	51585	5	5	1.7543859649122806	227		1
ice	MPF_B	0.7	323	51597	5	5	1.7543859649122806	228		1
ice	MPF_B	0.7	324	51605	5	5	1.7543859649122806	96		1
ice	MPF_B	0.7	325	51608	5	5	1.7543859649122806	128		1
ice	MPF_B	0.7	326	51622	5	5	1.7543859649122806	149		1
ice	MPF_B	0.7	327	38495	5	5	1.7543859649122806	65		1
ice	MPF_B	0.7	328	38497	5	5	1.7543859649122806	136		1
ice	MPF_B	0.7	329	38508	5	5	1.7543859649122806	155		1
ice	MPF_B	0.7	330	355324	5	5	1.7543859649122806	194		1
ice	MPF_B	0.7	331	78109	5	5	1.7543859649122806	163		1
ice	MPF_B	0.7	332	204792	5	5	1.7543859649122806	64		1
ice	MPF_B	0.7	333	18484	5	5	1.7543859649122806	142		1
ice	MPF_B	0.7	334	215354	5	5	1.7543859649122806	183		1
ice	MPF_B	0.7	335	215813	5	5	1.7543859649122806	150		1
ice	MPF_B	0.7	336	224941	5	5	1.7543859649122806	234		1
ice	MPF_B	0.7	337	305886	5	5	1.7543859649122806	240		1
ice	MPF_B	0.7	338	146189	5	5	1.7543859649122806	77		1
ice	MPF_B	0.7	339	146193	5	5	1.7543859649122806	64		1
ice	MPF_B	0.7	340	256080	5	5	1.7543859649122806	46		1
ice	MPF_B	0.7	341	345743	5	5	1.7543859649122806	219		1
ice	MPF_B	0.7	342	231426	5	5	1.7543859649122806	157		1
ice	MPF_B	0.7	343	231516	5	5	1.7543859649122806	151		1
ice	MPF_B	0.7	344	238206	5	5	1.7543859649122806	76		1
ice	MPF_B	0.7	345	238207	5	5	1.7543859649122806	133		1
ice	MPF_B	0.7	346	238249	5	5	1.7543859649122806	159		1
ice	MPF_B	0.7	347	238257	5	5	1.7543859649122806	239		1
ice	MPF_B	0.7	348	205090	5	5	1.7543859649122806	43		1
ice	MPF_B	0.7	349	205096	5	5	1.7543859649122806	93		1
ice	MPF_B	0.7	350	215307	5	5	1.7543859649122806	148		1
ice	MPF_B	0.7	351	215514	5	5	1.7543859649122806	192		1
ice	MPF_B	0.7	352	336517	5	5	1.7543859649122806	210		1
ice	MPF_B	0.7	353	331363	5	5	1.7543859649122806	248		1
ice	MPF_B	0.7	354	336558	5	5	1.7543859649122806	231		1
ice	MPF_B	0.7	355	336592	5	5	1.7543859649122806	206		1
ice	MPF_B	0.7	356	43	5	5	1.7543859649122806	152		1
ice	MPF_B	0.7	357	44	5	5	1.7543859649122806	119		1
ice	MPF_B	0.7	358	45	5	5	1.7543859649122806	173		1
ice	MPF_B	0.7	359	47	5	5	1.7543859649122806	93		1
ice	MPF_B	0.7	360	56	5	5	1.7543859649122806	215		1
ice	MPF_B	0.7	361	279231	5	5	1.7543859649122806	134		1
ice	MPF_B	0.7	362	279232	5	5	1.7543859649122806	117		1
ice	MPF_B	0.7	363	5690	5	5	1.7543859649122806	234		1
ice	MPF_B	0.7	364	5717	5	5	1.7543859649122806	132		1
ice	MPF_B	0.7	365	5721	5	5	1.7543859649122806	79		1
ice	MPF_B	0.7	366	5723	5	5	1.7543859649122806	232		1
ice	MPF_B	0.7	367	5727	5	5	1.7543859649122806	56		1
ice	MPF_B	0.7	368	5761	5	5	1.7543859649122806	233		1
ice	MPF_B	0.7	369	5771	5	5	1.7543859649122806	135		1
ice	MPF_B	0.7	370	257268	5	5	1.7543859649122806	144		1
ice	MPF_B	0.7	371	318408	4	4	1.4035087719298245	183		1
ice	MPF_B	0.7	372	318409	4	4	1.4035087719298245	241		1
ice	MPF_B	0.7	373	344910	4	4	1.4035087719298245	119		1
ice	MPF_B	0.7	374	42074	4	4	1.4035087719298245	79		1
ice	MPF_B	0.7	375	42087	4	4	1.4035087719298245	177		1
ice	MPF_B	0.7	376	42090	4	4	1.4035087719298245	116		1
ice	MPF_B	0.7	377	42092	4	4	1.4035087719298245	232		1
ice	MPF_B	0.7	378	136273	4	4	1.4035087719298245	99		1
ice	MPF_B	0.7	379	146148	4	4	1.4035087719298245	115		1
ice	MPF_B	0.7	380	385415	4	4	1.4035087719298245	118		1
ice	MPF_B	0.7	381	231615	4	4	1.4035087719298245	93		1
ice	MPF_B	0.7	382	238005	4	4	1.4035087719298245	41		1
ice	MPF_B	0.7	383	238076	4	4	1.4035087719298245	76		1
ice	MPF_B	0.7	384	238078	4	4	1.4035087719298245	191		1
ice	MPF_B	0.7	385	238080	4	4	1.4035087719298245	150		1
ice	MPF_B	0.7	386	238081	4	4	1.4035087719298245	93		1
ice	MPF_B	0.7	387	238085	4	4	1.4035087719298245	70		1
ice	MPF_B	0.7	388	238086	4	4	1.4035087719298245	129		1
ice	MPF_B	0.7	389	238087	4	4	1.4035087719298245	135		1
ice	MPF_B	0.7	390	238088	4	4	1.4035087719298245	100		1
ice	MPF_B	0.7	391	238089	4	4	1.4035087719298245	91		1
ice	MPF_B	0.7	392	252413	4	4	1.4035087719298245	183		1
ice	MPF_B	0.7	393	330646	4	4	1.4035087719298245	160		1
ice	MPF_B	0.7	394	70438	4	4	1.4035087719298245	123		1
ice	MPF_B	0.7	395	70463	4	4	1.4035087719298245	81		1
ice	MPF_B	0.7	396	256224	4	4	1.4035087719298245	97		1
ice	MPF_B	0.7	397	256225	4	4	1.4035087719298245	58		1
ice	MPF_B	0.7	398	256226	4	4	1.4035087719298245	110		1
ice	MPF_B	0.7	399	256239	4	4	1.4035087719298245	104		1
ice	MPF_B	0.7	400	256296	4	4	1.4035087719298245	137		1
