accession	length	n_cds	mpf_classes	n_fa_fata	relaxase	exclusion_family_hit	description
NC_000866.4	168903	265	none	0	1		NC_000866.4 Enterobacteria phage T4, complete genome
NC_000867.1	10079	19	none	0	0		NC_000867.1 Pseudoalteromonas phage PM2, complete genome
NC_000871.1	37370	46	none	0	0		NC_000871.1 Streptococcus phage Sfi19, complete genome
NC_000872.1	40739	54	none	0	0		NC_000872.1 Streptococcus phage Sfi21, complete genome
NC_000896.1	43785	66	none	0	0		NC_000896.1 Lactobacillus prophage phiadh, complete genome
NC_000902.1	60942	85	none	0	0		NC_000902.1 Enterobacteria phage VT2-Sakai, complete genome
NC_000924.1	61670	87	none	0	0		NC_000924.1 Enterobacteria phage 933W, complete genome
NC_000929.1	36717	54	none	0	0		NC_000929.1 Enterobacteria phage Mu, complete genome
NC_000935.1	36524	39	none	0	0		NC_000935.1 Acyrthosiphon pisum bacteriophage APSE-1, complete genome
NC_001270.2	6825	13	none	0	0		NC_001270.2 Spiroplasma phage SVTS2, complete genome
NC_001271.1	39600	47	none	0	0		NC_001271.1 Yersinia phage phiYeO3-12, complete genome
NC_001317.1	30624	41	none	0	0		NC_001317.1 Escherichia phage 186, complete genome
NC_001330.1	6087	9	none	0	0		NC_001330.1 Enterobacteria phage alpha3, complete genome
NC_001331.1	7349	14	none	0	0		NC_001331.1 Pseudomonas phage Pf1, complete genome
NC_001332.1	6744	8	none	0	0		NC_001332.1 Enterobacteria phage I2-2, complete genome
NC_001335.1	52297	89	none	0	0		NC_001335.1 Mycobacterium phage L5 complete genome
NC_001341.1	4491	7	none	0	0		NC_001341.1 Acholeplasma phage MV-L1, complete genome
NC_001365.1	8273	11	none	0	0		NC_001365.1 Spiroplasma phage 1-R8A2B, complete genome
NC_001396.1	7308	15	none	0	0		NC_001396.1 Xanthomonas phage Cf1c, complete genome
NC_001416.1	48502	62	none	0	0		NC_001416.1 Enterobacteria phage lambda, complete genome
NC_001417.2	3569	3	none	0	0		NC_001417.2 phage MS2 genome
NC_001418.1	5833	8	none	0	0		NC_001418.1 Pseudomonas phage Pf3, complete genome
NC_001420.2	5577	6	none	0	0		NC_001420.2 Genome of phage G4 (coliphage)
NC_001421.2	14927	26	none	0	0		NC_001421.2 Enterobacteria phage PRD1, complete genome
NC_001422.1	5386	6	none	0	0		NC_001422.1 Escherichia phage phiX174, complete genome
NC_001423.1	19366	25	none	1	0		NC_001423.1 Bacteriophage PZA (from B.subtilis), complete genome
NC_001426.1	3466	3	none	0	0		NC_001426.1 Enterobacteria phage GA, complete genome
NC_001447.1	11965	17	none	0	0		NC_001447.1 Acholeplasma phage L2, complete genome
NC_001490.1	7212	1	none	0	0		NC_001490.1 Rhinovirus B14, complete sequence
NC_001604.1	39937	50	none	0	0		NC_001604.1 Enterobacteria phage T7, complete genome
NC_001609.1	11624	14	none	0	0		NC_001609.1 Enterobacteria phage P4, complete genome
NC_001617.1	7152	1	none	0	0		NC_001617.1 Human rhinovirus 89, complete genome
NC_001628.1	3588	3	none	0	0		NC_001628.1 Pseudomonas phage PP7, complete genome
NC_001629.1	22195	39	none	0	0		NC_001629.1 Lactococcus phage bIL67, complete genome
NC_001697.1	32355	44	none	0	0		NC_001697.1 Haemophilus phage HP1 strain HP1c1, complete genome
NC_001706.1	22172	37	none	0	0		NC_001706.1 Lactobacillus phage c2, complete genome
NC_001730.1	6089	8	none	0	0		NC_001730.1 Bacteriophage phiK complete genome
NC_001741.1	4877	5	none	0	0		NC_001741.1 Chlamydia phage Chp1, complete genome
NC_001825.1	19343	27	none	0	0		NC_001825.1 Streptococcus phage Cp-1, complete genome
NC_001835.1	28451	56	none	0	0		NC_001835.1 Lactococcus phage sk1, complete genome
NC_001884.1	134416	180	none	1	0		NC_001884.1 Bacillus phage SPBc2, complete genome
NC_001890.1	4215	5	none	0	0		NC_001890.1 Enterobacteria phage Qbeta, complete genome
NC_001895.1	33593	42	none	0	0		NC_001895.1 Enterobacteria phage P2, complete genome
NC_001901.1	46375	59	none	0	0		NC_001901.1 Bacteriophage N15, complete genome
NC_001902.1	26111	38	none	0	0		NC_001902.1 Methanobacterium phage psiM2, complete genome
NC_001909.1	31754	61	none	0	0		NC_001909.1 Lactococcus phage bIL170, complete genome
NC_001942.1	15644	15	none	0	0		NC_001942.1 Mycoplasma phage MAV1, complete genome
NC_001954.1	8454	13	none	0	0		NC_001954.1 Enterobacteria phage If1, complete genome
NC_001956.1	8651	10	none	0	0		NC_001956.1 Vibrio phage fs2, complete genome
NC_001978.3	41491	48	none	0	0		NC_001978.3 Bacteriophage phi-C31 complete genome
NC_001998.1	4529	4	none	0	0		NC_001998.1 Guinea pig Chlamydia phage, complete genome
NC_002014.1	6883	9	none	0	0		NC_002014.1 Enterobacteria phage Ike, complete genome
NC_002072.2	34815	43	none	0	0		NC_002072.2 Streptococcus phage DT1, complete genome
NC_002166.1	40751	66	none	1	0		NC_002166.1 Bacteriophage HK022, complete genome
NC_002167.1	39732	59	none	1	0		NC_002167.1 Enterobacteria phage HK97, complete genome
NC_002180.1	4532	4	none	0	0		NC_002180.1 Chlamydia phage phiCPAR39, complete sequence
NC_002185.1	35466	46	none	0	0		NC_002185.1 Streptococcus phage 7201, complete genome
NC_002194.1	4563	5	none	0	0		NC_002194.1 Chlamydia phage Chp2, complete genome
NC_002214.1	39807	52	none	0	0		NC_002214.1 Streptococcus phage Sfi11, complete genome
NC_002321.1	41401	64	none	1	0		NC_002321.1 Staphylococcus phage PVL proviral DNA, complete sequence
NC_002362.1	8784	13	none	0	0		NC_002362.1 Vibrio phage VfO3K6, complete genome
NC_002363.1	6891	10	none	0	0		NC_002363.1 Vibrio phage VfO4K68 DNA, complete genome
NC_002371.2	41724	64	none	0	0		NC_002371.2 TPA: Salmonella phage P22, complete genome
NC_002484.2	56426	95	none	1	0		NC_002484.2 Bacteriophage D3, complete genome
NC_002486.1	45636	69	none	1	0		NC_002486.1 Staphylococcus prophage phiPV83, complete genome
NC_002515.1	11660	12	none	0	0		NC_002515.1 Mycoplasma phage P1, complete genome
NC_002519.1	39898	56	none	0	0		NC_002519.1 Roseophage SIO1 complete genome
NC_002628.3	31007	45	none	0	0		NC_002628.3 Methanothermobacter wolfeii prophage psiM100, complete genome; flanked by Methanothermobacter wolfeii MTW121
NC_002643.1	4594	4	none	0	0		NC_002643.1 Bdellovibrio phage phiMH2K, complete genome
NC_002649.1	21129	32	none	1	0		NC_002649.1 Bacillus phage GA-1, complete genome
NC_002656.1	50550	83	none	0	0		NC_002656.1 Mycobacterium phage Bxb1, complete genome
NC_002661.2	42942	68	none	1	0		NC_002661.2 Staphylococcus phage phiSLT, complete genome
NC_002666.1	35538	59	none	1	0		NC_002666.1 Lactococcus prophage bIL285, complete genome
NC_002667.1	41834	57	none	1	0		NC_002667.1 Lactococcus prophage bIL286, complete genome
NC_002668.1	36949	58	none	1	0		NC_002668.1 Lactococcus prophage bIL309, complete genome
NC_002700.2	4268	3	none	0	0		NC_002700.2 Acinetobacter phage AP205, complete genome
NC_002703.1	38347	53	none	1	0		NC_002703.1 Lactococcus phage Tuc2009, complete genome
NC_002730.1	38297	56	none	0	0		NC_002730.1 Enterobacteria phage HK620, complete genome
NC_002747.1	37667	55	none	1	0		NC_002747.1 Lactococcus phage TP901-1, complete genome
NC_002796.1	40003	50	none	1	0		NC_002796.1 Lactococcus phage BK5-T, complete genome
NC_003050.2	40248	52	none	0	0		NC_003050.2 Streptococcus pneumoniae bacteriophage MM1 complete genome
NC_003085.1	49534	79	none	1	0		NC_003085.1 Myxococcus phage Mx8, complete genome
NC_003157.5	43106	66	none	0	0		NC_003157.5 Streptococcus phage phiNIH1.1, complete genome
NC_003216.1	40834	66	none	0	0		NC_003216.1 Listeria phage A118, complete genome
NC_003278.1	35580	44	none	0	0		NC_003278.1 Pseudomonas phage phiCTX DNA, complete genome
NC_003287.2	6407	7	none	0	0		NC_003287.2 Enterobacteria phage M13, complete genome
NC_003288.1	43081	65	none	0	0		NC_003288.1 Staphylococcus phage phiETA DNA, complete genome
NC_003291.2	37618	61	none	0	0		NC_003291.2 Bacteriophage PSA complete genome
NC_003298.1	38208	43	none	0	0		NC_003298.1 Enterobacteria phage T3, complete genome
NC_003299.1	7051	7	none	0	0		NC_003299.1 Pseudomonas phage phi8 segment L, complete sequence
NC_003300.1	4741	7	none	0	0		NC_003300.1 Pseudomonas phage phi8 segment M, complete sequence
NC_003301.1	3192	6	none	0	0		NC_003301.1 Pseudomonas phage phi8 segment S, complete sequence
NC_003309.1	53373	73	none	0	0		NC_003309.1 Burkholderia phage phiE125, complete genome
NC_003311.2	6834	9	none	0	1		NC_003311.2 Bacteriophage VSKK, complete genome
NC_003313.1	33106	44	none	0	0		NC_003313.1 Vibrio phage K139, complete genome
NC_003315.1	31508	41	none	0	0		NC_003315.1 Haemophilus phage HP2, complete genome
NC_003324.1	57416	63	none	0	0		NC_003324.1 Sinorhizobium phage PBC5, complete genome
NC_003327.2	6882	12	none	0	0		NC_003327.2 Vibrio phage VSK, complete genome
NC_003345.2	77672	114	none	0	0		NC_003345.2 Halorubrum phage HF2, complete genome
NC_003356.1	42575	63	none	0	0		NC_003356.1 Enterobacteria phage phiP27, complete genome
NC_003387.1	52797	85	none	0	0		NC_003387.1 Mycobacterium phage TM4, complete genome
NC_003390.2	46675	55	none	0	0		NC_003390.2 Synechococcus phage P60, complete genome
NC_003438.1	4421	6	none	0	0		NC_003438.1 Spiroplasma phage 4, complete genome
NC_003444.1	37074	52	none	0	0		NC_003444.1 Enterobacteria phage SfV, complete genome
NC_003460.1	5804	10	none	0	0		NC_003460.1 Propionibacterium phage B5, complete genome
NC_003524.1	33507	52	none	1	0		NC_003524.1 Clostridium phage phi3626, complete genome
NC_003714.1	2948	5	none	0	0		NC_003714.1 Pseudomonas phage phi-6 segment S, complete sequence
NC_003715.1	6374	5	none	0	0		NC_003715.1 Pseudomonas phage phi-6 segment L, complete sequence
NC_003716.1	4063	7	none	0	0		NC_003716.1 Pseudomonas phage phi-6 segment M, complete sequence
NC_003793.1	7768	12	none	0	0		NC_003793.1 Spiroplasma phage 1-C74, complete genome
NC_003907.2	46012	73	none	0	0		NC_003907.2 Vibrio phage VpV262, complete genome
NC_004066.1	36798	62	none	1	0		NC_004066.1 Lactococcus phage ul36, complete genome
NC_004084.1	58498	99	none	0	0		NC_004084.1 Natrialba phage PhiCh1, complete genome
NC_004112.1	43411	64	none	0	0		NC_004112.1 Lactobacillus phage A2, complete genome
NC_004165.1	18630	24	none	1	0		NC_004165.1 Bacillus phage B103, complete genome
NC_004166.2	44010	79	none	0	0		NC_004166.2 Bacteriophage SPP1 complete nucleotide sequence
NC_004167.1	39325	57	none	0	0		NC_004167.1 Bacteriophage phi-105 DNA, complete sequence
NC_004170.1	2981	7	none	0	0		NC_004170.1 Pseudomonas phage phi13 segment S, complete sequence
NC_004171.1	4213	8	none	0	0		NC_004171.1 Pseudomonas phage phi13 segment M, complete sequence
NC_004172.1	6458	4	none	0	0		NC_004172.1 Pseudomonas phage phi13 segment L, complete genome
NC_004173.1	6751	6	none	0	0		NC_004173.1 Pseudomonas phage phi12 segment L, complete sequence
NC_004174.1	2322	4	none	0	0		NC_004174.1 Pseudomonas phage phi12 segment S, complete sequence
NC_004175.1	4100	8	none	0	0		NC_004175.1 Pseudomonas phage phi12 segment M, complete sequence
NC_004301.1	4276	4	none	0	0		NC_004301.1 Bacteriophage SP genomic RNA
NC_004302.1	33350	49	none	0	0		NC_004302.1 Lactococcus phage r1t, complete genome
NC_004303.1	43075	57	none	0	0		NC_004303.1 Streptococcus phage 01205, complete genome
NC_004305.1	42259	64	none	1	0		NC_004305.1 Lactobacillus phage phig1e, complete genome
NC_004306.1	6340	10	none	1	0		NC_004306.1 Vibrio phage fs1, complete genome
NC_004313.1	40149	57	none	0	0		NC_004313.1 Salmonella phage ST64B, complete genome
NC_004333.2	48247	64	none	0	0		NC_004333.2 Burkholderia phage Bcep781, complete genome
NC_004348.1	40679	66	none	0	0		NC_004348.1 Enterobacteria phage ST64T, complete genome
NC_004456.1	43198	62	none	1	0		NC_004456.1 Vibrio phage VHML, complete genome
NC_004462.2	19604	41	none	1	0		NC_004462.2 Thermus thermophilus phage IN93, complete genome
NC_004466.2	45503	70	none	0	0		NC_004466.2 Pseudomonas aeruginosa phage PaP3, complete genome
NC_004584.1	39538	58	none	0	0		NC_004584.1 Streptococcus prophage 315.1, complete genome
NC_004585.1	41072	56	none	0	0		NC_004585.1 Streptococcus prophage 315.2, complete genome
NC_004586.1	34419	54	none	0	0		NC_004586.1 Streptococcus pyogenes phage 315.3, complete genome
NC_004587.1	41796	65	none	0	0		NC_004587.1 Streptococcus prophage 315.4, complete genome
NC_004588.1	38206	62	none	0	0		NC_004588.1 Streptococcus prophage 315.5, complete genome
NC_004589.1	40014	50	none	0	0		NC_004589.1 Streptococcus prophage 315.6, complete genome
NC_004615.1	43604	65	none	0	0		NC_004615.1 Staphylococcus phage phi 11, complete genome
NC_004616.1	44970	63	none	1	0		NC_004616.1 Staphylococcus prophage phi 12, complete genome
NC_004617.1	42722	64	none	1	0		NC_004617.1 Staphylococcus prophage phi 13, complete genome
NC_004629.1	280334	366	none	0	0		NC_004629.1 Pseudomonas phage phiKZ, complete genome
NC_004664.2	41831	52	none	0	0		NC_004664.2 Streptomyces phage phiBT1, complete genome
NC_004665.1	37359	40	none	0	0		NC_004665.1 Pseudomonas phage gh-1, complete genome
NC_004678.1	16784	19	none	0	0		NC_004678.1 Staphylococcus phage phi44AHJD, complete genome
NC_004679.1	18227	20	none	0	0		NC_004679.1 Staphylococcus phage phiP68, complete genome
NC_004680.2	59472	111	none	0	0		NC_004680.2 Mycobacterium phage Che8, complete genome
NC_004681.1	75931	134	none	0	0		NC_004681.1 Mycobacterium phage Cjw1, complete genome
NC_004683.1	57050	80	none	0	0		NC_004683.1 Mycobacterium phage Che9c, complete genome
NC_004684.1	67480	89	none	1	0		NC_004684.1 Mycobacterium phage Rosebush, complete genome
NC_004685.1	69777	118	none	0	0		NC_004685.1 Mycobacterium phage Corndog, complete genome
NC_004686.2	56275	110	none	0	0		NC_004686.2 Mycobacteriophage Che9d, complete genome
NC_004687.1	156102	228	none	2	0		NC_004687.1 Mycobacterium phage Bxz1, complete genome
NC_004688.1	110865	216	none	0	0		NC_004688.1 Mycobacterium phage Omega, complete genome
NC_004689.1	70797	100	none	0	0		NC_004689.1 Mycobacterium phage Barnyard, complete genome
NC_004735.1	129908	150	none	0	0		NC_004735.1 Rhodothermus phage RM378, complete genome
NC_004736.1	7542	13	none	0	1		NC_004736.1 Vibrio phage VGJphi, complete genome
NC_004740.1	44082	63	none	1	0		NC_004740.1 Staphylococcus prophage phiN315, complete genome
NC_004745.1	30728	39	none	0	0		NC_004745.1 Yersinia phage L-413C, complete genome
NC_004746.1	36596	50	none	0	0		NC_004746.1 Lactococcus bacteriophage 4268, complete genome
NC_004775.2	39672	45	none	0	0		NC_004775.2 Enterobacteria phage epsilon15, complete genome
NC_004777.1	37555	43	none	0	0		NC_004777.1 Yersinia pestis phage phiA1122, complete genome
NC_004813.1	57930	83	none	0	0		NC_004813.1 Enterobacteria phage BP-4795, complete genome
NC_004814.1	16687	26	none	0	0		NC_004814.1 Streptococcus phage C1, complete genome
NC_004820.1	61395	89	none	0	1		NC_004820.1 Bacillus prophage phBC6A51, complete genome
NC_004821.1	38472	53	none	0	0		NC_004821.1 Bacillus prophage phBC6A52, complete genome
NC_004827.1	43033	60	none	0	0		NC_004827.1 Bacteriophage Aaphi23, complete genome
NC_004831.2	43769	50	none	0	0		NC_004831.2 Enterobacteria phage SP6, complete genome
NC_004902.1	44373	66	none	0	0		NC_004902.1 Xanthomonas phage Xp10, complete genome
NC_004913.3	59866	88	none	0	0		NC_004913.3 Stx1 converting phage DNA, complete genome
NC_004914.3	62706	92	none	0	0		NC_004914.3 Stx2 converting phage II DNA, complete genome
NC_004927.2	75898	113	none	0	0		NC_004927.2 Halophage HF1, complete genome
NC_004928.1	167560	266	none	0	1		NC_004928.1 Enterobacteria phage RB69, complete genome
NC_004996.1	34692	57	none	0	0		NC_004996.1 Streptococcus phage SM1, complete genome
NC_005045.1	42519	52	none	0	0		NC_005045.1 Pseudomonas phage phiKMV, complete genome
NC_005056.1	32684	42	none	0	0		NC_005056.1 Escherichia phage Wphi, complete genome
NC_005066.1	164018	267	none	0	1		NC_005066.1 Enterobacteria phage RB49, complete genome
NC_005069.1	46339	60	none	0	0		NC_005069.1 Yersinia phage PY54, complete genome
NC_005083.2	244834	382	none	0	1		NC_005083.2 Vibrio phage KVP40, complete genome
NC_005091.2	57455	71	none	0	0		NC_005091.2 Burkholderia phage BcepNazgul, complete genome
NC_005131.2	7118	11	none	0	0		NC_005131.2 Ralstonia phage p12J, complete genome
NC_005135.1	173591	256	none	0	1		NC_005135.1 Aeromonas phage 44RR2.8t, complete genome
NC_005178.1	37611	55	none	0	0		NC_005178.1 Bacteriophage D3112, complete genome
NC_005258.1	14935	26	none	0	0		NC_005258.1 Bacillus phage Bam35c, complete genome
NC_005259.1	68999	98	none	1	0		NC_005259.1 Mycobacterium phage PG1, complete genome
NC_005260.1	233234	338	none	0	1		NC_005260.1 Aeromonas phage Aeh1, complete genome
NC_005262.3	63882	74	none	0	0		NC_005262.3 Burkholderia cepacia phage Bcep22, complete genome
NC_005263.2	48177	69	none	0	0		NC_005263.2 Burkholderia phage Bcep1, complete genome
NC_005282.1	86155	120	none	0	0		NC_005282.1 Enterobacteria phage Felix 01, complete genome
NC_005284.1	54865	77	none	0	0		NC_005284.1 Bacteriophage phi1026b, complete genome
NC_005294.1	42935	75	none	0	0		NC_005294.1 Streptococcus prophage EJ-1, complete genome
NC_005340.1	30636	41	none	0	0		NC_005340.1 Enterobacteria phage PsP3, complete genome
NC_005342.2	48024	64	none	0	0		NC_005342.2 Burkholderia phage Bcep43, complete genome
NC_005344.1	39043	60	none	0	0		NC_005344.1 Enterobacteria phage Sf6, complete genome
NC_005345.2	49220	81	none	0	0		NC_005345.2 Streptomyces phage VWB, complete genome
NC_005354.1	38384	55	none	1	0		NC_005354.1 Lactobacillus prophage Lj928, complete genome
NC_005355.1	40190	52	none	0	0		NC_005355.1 Lactobacillus prophage Lj965, complete genome
NC_005356.1	41708	68	none	1	0		NC_005356.1 Staphylococcus phage 77, complete genome
NC_005357.1	42493	50	none	0	0		NC_005357.1 Bordetella phage BPP-1, complete genome
NC_005822.1	32172	48	none	0	0		NC_005822.1 Lactococcus phage phiLC3, complete genome
NC_005833.1	48836	73	none	0	0		NC_005833.1 Escherichia phage T1, complete genome
NC_005841.1	41391	62	none	0	0		NC_005841.1 Enterobacteria phage ST104 DNA, complete genome
NC_005856.1	94800	100	none	0	0		NC_005856.1 Enterobacteria phage P1, complete genome
NC_005857.1	51601	57	none	0	0		NC_005857.1 Klebsiella phage phiKO2, complete genome
NC_005859.1	121750	179	none	0	0		NC_005859.1 Enterobacteria phage T5, complete genome
NC_005879.1	39853	46	none	0	0		NC_005879.1 Vibrio phage VP2, complete genome
NC_005880.2	148317	235	none	2	0		NC_005880.2 Staphylococcus phage K, complete genome
NC_005882.1	36748	50	none	0	0		NC_005882.1 Burkholderia cenocepacia phage BcepMu, complete genome
NC_005884.1	43783	52	none	0	0		NC_005884.1 Pseudomonas phage PaP2, complete genome
NC_005885.1	58638	74	none	0	0		NC_005885.1 Actinoplanes phage phiAsp2, complete genome
NC_005886.2	47399	67	none	0	0		NC_005886.2 Burkholderia cenocepacia phage BcepB1A, complete genome
NC_005887.1	42415	50	none	0	0		NC_005887.1 Burkholderia phage BcepC6B, complete genome
NC_005891.1	39786	48	none	0	0		NC_005891.1 Vibrio phage VP5, complete genome
NC_005893.1	39166	56	none	0	0		NC_005893.1 Lactobacillus phage phiAT3, complete genome
NC_005948.1	7965	13	none	0	0		NC_005948.1 Vibrio phage Vf33, complete genome
NC_005949.1	7965	13	none	0	0		NC_005949.1 Vibrio phage Vf12 DNA, complete genome
NC_005964.2	18855	18	none	0	0		NC_005964.2 Mycoplasma phage phiMFV1, complete genome
NC_006294.1	7107	9	none	0	1		NC_006294.1 Vibrio phage KSF-1phi, complete genome
NC_006356.2	36012	65	none	0	0		NC_006356.2 Flavobacterium phage 11b, complete genome
NC_006548.1	38439	51	none	0	0		NC_006548.1 Pseudomonas phage B3, complete genome
NC_006552.1	65195	74	none	0	0		NC_006552.1 Pseudomonas phage F116, complete genome
NC_006557.1	41092	55	none	0	0		NC_006557.1 Bacillus phage BCJA1c, complete genome
NC_006565.1	131522	167	none	0	0		NC_006565.1 Lactobacillus phage LP65, complete genome
NC_006820.1	196280	225	none	1	0		NC_006820.1 Synechococcus phage S-PM2, complete genome
NC_006882.2	45176	55	none	0	0		NC_006882.2 Prochlorococcus phage P-SSP7, complete genome
NC_006883.2	252401	331	none	0	0		NC_006883.2 Prochlorococcus phage P-SSM2, complete genome
NC_006884.2	178249	221	none	0	0		NC_006884.2 Prochlorococcus phage P-SSM4, complete genome
NC_006936.1	36674	47	none	0	0		NC_006936.1 Lactobacillus phage phiJL-1, complete genome
NC_006938.1	63649	87	none	0	1		NC_006938.1 Alphaproteobacteria phage PhiJL001, complete genome
NC_006940.2	40793	61	none	0	0		NC_006940.2 Salmonella phage SS3e, complete genome
NC_006945.1	14844	23	none	0	0		NC_006945.1 Bacillus phage GIL16c, complete genome
NC_006949.1	46900	73	none	0	0		NC_006949.1 Enterobacteria phage ES18, complete genome
NC_006953.1	37966	57	none	0	0		NC_006953.1 Listonella phage phiHSIC, complete genome
NC_007016.1	131217	99	none	0	0		NC_007016.1 Macaca fuscata rhadinovirus, complete genome
NC_007019.1	34704	41	none	0	0		NC_007019.1 Streptococcus phage 2972, complete genome
NC_007021.1	130706	181	none	0	0		NC_007021.1 Staphylococcus phage Twort, complete genome
NC_007022.1	172963	254	none	0	1		NC_007022.1 Aeromonas phage 31, complete genome
NC_007023.1	180500	286	none	0	1		NC_007023.1 Escherichia phage RB43, complete genome
NC_007024.1	55770	78	none	0	0		NC_007024.1 Xanthomonas phage Xp15, complete genome
NC_007046.1	18199	21	none	0	0		NC_007046.1 Staphylococcus phage 66, complete genome
NC_007047.1	39620	66	none	0	0		NC_007047.1 Staphylococcus phage 187, complete genome
NC_007048.1	42732	66	none	0	0		NC_007048.1 Staphylococcus phage 69, complete genome
NC_007049.1	43883	67	none	0	0		NC_007049.1 Staphylococcus phage 53, complete genome
NC_007050.1	44283	67	none	0	0		NC_007050.1 Staphylococcus phage 85, complete genome
NC_007051.1	41318	55	none	1	0		NC_007051.1 Staphylococcus phage 2638A, complete genome
NC_007052.1	45861	66	none	1	0		NC_007052.1 Staphylococcus phage 42e, complete genome
NC_007053.1	43095	62	none	1	0		NC_007053.1 Staphylococcus phage 3A, complete genome
NC_007054.1	44777	61	none	1	0		NC_007054.1 Staphylococcus phage 47, complete genome
NC_007055.1	43681	67	none	0	0		NC_007055.1 Staphylococcus phage 37, complete genome
NC_007056.1	45286	66	none	0	0		NC_007056.1 Staphylococcus phage EW, complete genome
NC_007057.1	43576	70	none	0	0		NC_007057.1 Staphylococcus phage 96, complete genome
NC_007058.1	43155	69	none	0	0		NC_007058.1 Staphylococcus phage ROSA, complete genome
NC_007059.1	43114	66	none	0	0		NC_007059.1 Staphylococcus phage 71, complete genome
NC_007060.1	41902	62	none	0	0		NC_007060.1 Staphylococcus phage 55, complete genome
NC_007061.1	42802	64	none	0	0		NC_007061.1 Staphylococcus phage 29, complete genome
NC_007062.1	41690	58	none	0	0		NC_007062.1 Staphylococcus phage 52A, complete genome
NC_007063.1	43231	65	none	0	0		NC_007063.1 Staphylococcus phage 88, complete genome
NC_007064.1	42431	63	none	0	0		NC_007064.1 Staphylococcus phage 92, complete genome
NC_007065.1	43440	65	none	0	0		NC_007065.1 Staphylococcus phage X2, complete genome
NC_007066.1	138715	207	none	2	0		NC_007066.1 Staphylococcus phage G1, complete genome
NC_007145.2	37639	50	none	0	0		NC_007145.2 Burkholderia prophage phi52237, complete genome
NC_007149.1	39503	53	none	0	0		NC_007149.1 Vibriophage VP4, complete genome
NC_007189.1	6907	14	none	0	0		NC_007189.1 Stenotrophomonas phage phiSMA9, complete genome
NC_007217.1	30889	48	none	0	0		NC_007217.1 Haloarcula phage SH1, complete genome
NC_007291.1	46072	89	none	0	0		NC_007291.1 Enterobacteria phage JK06, complete genome
NC_007451.1	14954	26	none	0	0		NC_007451.1 Enterobacteria phage PR4, complete genome
NC_007456.1	39704	48	none	0	0		NC_007456.1 Enterobacteria phage K1F, complete genome
NC_007457.1	36615	53	none	0	0		NC_007457.1 Bacillus anthracis phage Cherry, complete genome
NC_007458.1	37253	55	none	0	0		NC_007458.1 Bacillus phage Gamma, complete genome
NC_007461.1	4530	5	none	0	0		NC_007461.1 Chlamydia phage 4, complete genome
NC_007497.1	44856	71	none	0	0		NC_007497.1 Burkholderia phage Bcep176, complete genome
NC_007501.1	36466	51	none	0	0		NC_007501.1 Lactobacillus phage Lc-Nu, complete genome
NC_007581.1	185683	206	none	0	1		NC_007581.1 Clostridium phage c-st, complete genome
NC_007603.1	46219	72	none	1	0		NC_007603.1 Enterobacteria phage RTP, complete genome
NC_007610.1	131384	175	none	1	0		NC_007610.1 Listeria bacteriophage P100, complete genome
NC_007623.1	211215	204	none	0	0		NC_007623.1 Pseudomonas phage EL, complete genome
NC_007636.1	39699	49	none	0	0		NC_007636.1 Enterobacteria phage K1F, complete genome
NC_007637.1	45251	61	none	0	0		NC_007637.1 Enterobacteria phage K1E, complete genome
NC_007709.1	43785	59	none	0	0		NC_007709.1 Xanthomonas oryzae phage OP1 DNA, complete genome
NC_007710.1	46643	73	none	0	0		NC_007710.1 Xanthomonas oryzae phage OP2 DNA, complete genome
NC_007734.1	40867	56	none	0	0		NC_007734.1 Bacillus phage WBeta, complete genome
NC_007804.2	39104	51	none	0	0		NC_007804.2 Escherichia phage phiV10, complete genome
NC_007805.1	39199	62	none	0	0		NC_007805.1 Pseudomonas phage F10, complete genome
NC_007806.1	42999	51	none	1	0		NC_007806.1 Pseudomonas phage 73, complete genome
NC_007807.1	43365	51	none	0	0		NC_007807.1 Pseudomonas phage 119X, complete genome
NC_007808.1	49639	68	none	0	0		NC_007808.1 Pseudomonas phage PA11, complete genome
NC_007809.1	59446	82	none	0	0		NC_007809.1 Pseudomonas phage M6, complete genome
NC_007810.1	66015	93	none	0	0		NC_007810.1 Pseudomonas phage F8, complete genome
NC_007814.1	37974	53	none	0	0		NC_007814.1 Bacillus phage Fah, complete genome
NC_007817.1	5486	6	none	0	0		NC_007817.1 Enterobacteria phage ID2 Moscow/ID/2001, complete genome
NC_007818.1	6068	8	none	0	0		NC_007818.1 Coliphage ID21, complete genome
NC_007819.1	6071	8	none	0	0		NC_007819.1 Coliphage ID32, complete genome
NC_007820.1	6039	8	none	0	0		NC_007820.1 Coliphage NC35, complete genome
NC_007821.1	6068	8	none	0	0		NC_007821.1 Enterobacteria phage WA13, complete genome
NC_007822.1	6068	8	none	0	0		NC_007822.1 Coliphage WA45, complete genome
NC_007823.1	6065	8	none	0	0		NC_007823.1 Coliphage NC28, complete genome
NC_007824.1	6051	8	none	0	0		NC_007824.1 Coliphage ID62, complete genome
NC_007825.1	5538	6	none	0	0		NC_007825.1 Coliphage ID52, complete genome
NC_007827.1	6259	10	none	0	0		NC_007827.1 Coliphage NC29, complete genome
NC_007856.1	5486	6	none	0	0		NC_007856.1 Enterobacteria phage ID18, complete genome
NC_007902.1	52162	64	none	1	0		NC_007902.1 Sodalis phage phiSG1, complete genome
NC_007917.1	53325	94	none	1	0		NC_007917.1 Clostridium phage phi CD119, complete genome
NC_007924.1	38239	58	none	0	0		NC_007924.1 Lactobacillus phage KC5a, complete genome
NC_007967.1	38194	57	none	0	0		NC_007967.1 Streptomyces phage mu1/6, complete genome
NC_008152.1	44385	51	none	0	0		NC_008152.1 Escherichia phage K1-5, complete genome
NC_008193.1	30505	41	none	0	0		NC_008193.1 Pasteurella phage F108, complete genome
NC_008194.1	74483	134	none	0	0		NC_008194.1 Mycobacterium phage 244, complete genome
NC_008195.1	70654	96	none	0	0		NC_008195.1 Mycobacterium phage Cooper, complete genome
NC_008196.1	56852	96	none	0	0		NC_008196.1 Mycobacterium phage Llij, complete genome
NC_008197.1	68427	98	none	1	0		NC_008197.1 Mycobacterium phage Orion, complete genome
NC_008198.1	64494	80	none	1	0		NC_008198.1 Mycobacterium phage PBI1, complete genome
NC_008199.1	69059	97	none	0	0		NC_008199.1 Mycobacterium phage Pipefish, complete genome
NC_008200.1	64787	83	none	1	0		NC_008200.1 Mycobacterium phage PLot, complete genome
NC_008201.1	34525	49	none	0	0		NC_008201.1 Mannheimia phage PHL101, complete genome
NC_008202.2	42289	59	none	1	0		NC_008202.2 Mycobacterium phage Halo, complete genome
NC_008203.1	52047	93	none	0	0		NC_008203.1 Mycobacterium phage Che12, complete genome
NC_008204.1	67188	89	none	1	0		NC_008204.1 Mycobacterium phage Qyrzula, complete genome
NC_008205.1	56692	101	none	0	0		NC_008205.1 Mycobacterium phage PMC, complete genome
NC_008206.2	78296	128	none	0	0		NC_008206.2 Mycobacteriophage Wildcat, complete genome
NC_008207.1	153766	220	none	1	0		NC_008207.1 Mycobacterium phage Catera, complete genome
NC_008208.1	161475	231	none	0	1		NC_008208.1 Aeromonas phage 25, complete genome
NC_008265.1	38092	60	none	0	0		NC_008265.1 Clostridium phage phiSM101, complete genome
NC_008294.1	3573	3	none	0	0		NC_008294.1 Pseudomonas phage PRR1, complete genome
NC_008296.2	177300	201	none	0	0		NC_008296.2 Synechococcus phage syn9, complete genome
NC_008363.1	28538	54	none	0	0		NC_008363.1 Lactococcus phage P008, complete genome
NC_008364.1	26537	48	none	0	0		NC_008364.1 Lactococcus phage Q54, complete genome
NC_008367.1	40938	49	none	1	0		NC_008367.1 Phormidium phage Pf-WMP4, complete genome
NC_008370.1	30510	58	none	0	0		NC_008370.1 Lactococcus phage 712, complete genome
NC_008371.1	27453	51	none	0	0		NC_008371.1 Lactococcus phage jj50, complete genome
NC_008376.2	34683	52	none	0	0		NC_008376.2 Geobacillus phage GBSV1, complete genome
NC_008464.1	60238	80	none	0	0		NC_008464.1 Stx2-converting phage 86, complete genome
NC_008515.1	165890	262	none	0	1		NC_008515.1 Escherichia phage RB32, complete genome
NC_008562.1	162109	188	none	1	0		NC_008562.1 Microcystis phage Ma-LMM01 DNA, complete genome
NC_008574.2	9004	16	none	0	0		NC_008574.2 Ralstonia phage RSM1, complete genome
NC_008575.1	6662	10	none	0	0		NC_008575.1 Ralstonia phage RSS1, complete genome
NC_008583.1	43128	65	none	0	0		NC_008583.1 Staphylococcus phage phinm1, complete genome
NC_008584.1	152372	151	none	1	0		NC_008584.1 Thermus phage phiYS40, complete genome
NC_008617.1	44061	62	none	1	0		NC_008617.1 Staphylococcus phage phiNM3, complete genome
NC_008689.1	44857	66	none	1	0		NC_008689.1 Staphylococcus phage phiPVL108, complete genome
NC_008694.1	38564	42	none	1	0		NC_008694.1 Yersinia phage Berlin, complete genome
NC_008717.1	36415	54	none	0	0		NC_008717.1 Pseudomonas phage DMS3, complete genome
NC_008720.1	70153	72	none	0	1		NC_008720.1 Enterobacteria phage N4, complete genome
NC_008721.2	36019	56	none	1	0		NC_008721.2 Streptococcus phage SMP, complete genome
NC_008722.1	43420	68	none	0	0		NC_008722.1 Staphylococcus phage CNPH82, complete genome
NC_008723.1	44041	72	none	0	0		NC_008723.1 Staphylococcus phage PH15, complete genome
NC_008798.1	43265	67	none	0	0		NC_008798.1 Staphylococcus phage phiETA2 DNA, complete genome, strain: TY94
NC_008799.1	43282	67	none	0	0		NC_008799.1 Staphylococcus phage phiETA3 DNA, complete genome, strain: TY32
NC_009014.1	45445	52	none	0	0		NC_009014.1 Erwinia amylovora phage Era103, complete genome
NC_009015.1	72415	115	none	1	0		NC_009015.1 Burkholderia ambifaria phage BcepF1, complete genome
NC_009016.1	38197	54	none	0	0		NC_009016.1 Vibrio phage VP882, complete genome
NC_009018.1	38528	61	none	0	0		NC_009018.1 Streptococcus phage phi3396, complete genome
NC_009231.1	56538	95	none	1	0		NC_009231.1 Clostridioides phage phiC2, complete genome
NC_009232.2	42572	64	none	0	0		NC_009232.2 Salmonella phage SETP3, complete genome
NC_009234.1	35741	44	none	0	0		NC_009234.1 Burkholderia phage phiE202 chromosome, complete genome
NC_009235.2	48674	67	none	0	0		NC_009235.2 Burkholderia phage phi644-2, complete genome
NC_009236.1	36690	49	none	0	0		NC_009236.1 Burkholderia phage phiE12-2, complete genome
NC_009237.1	37446	52	none	0	0		NC_009237.1 Burkholderia phage phiE255 chromosome, complete genome
NC_009382.1	38760	54	none	0	0		NC_009382.1 Ralstonia phage phiRSA1, complete genome
NC_009447.1	52414	73	none	1	0		NC_009447.1 Burkholderia phage BcepGomr, complete genome
NC_009514.1	47021	55	none	0	0		NC_009514.1 Phage cdtI DNA, complete genome
NC_009526.1	43864	67	none	0	0		NC_009526.1 Staphylococcus phage 80alpha, complete genome
NC_009531.1	46214	60	none	0	0		NC_009531.1 Cyanophage Syn5, complete genome
NC_009540.1	49902	83	none	0	0		NC_009540.1 Enterobacteria phage TLS, complete genome
NC_009541.1	29739	41	none	0	0		NC_009541.1 Propionibacterium phage PA6, complete genome
NC_009542.2	33985	44	none	0	0		NC_009542.2 Aeromonas phage phiO18P, complete genome
NC_009543.1	44520	66	none	0	0		NC_009543.1 Xanthomonas phage Xop411, complete genome
NC_009551.1	43249	41	none	1	0		NC_009551.1 Phormidium phage Pf-WMP3, complete genome
NC_009554.1	34659	53	none	0	0		NC_009554.1 Lactobacillus phage LL-H, complete genome
NC_009603.1	46365	67	none	0	0		NC_009603.1 Microbacterium phage Min1, complete genome
NC_009604.1	47382	68	none	0	0		NC_009604.1 Burkholderia phage BcepNY3, complete genome
NC_009643.1	17171	19	none	1	0		NC_009643.1 Actinomyces phage Av-1, complete genome
NC_009737.2	35055	52	none	0	1		NC_009737.2 Bacillus phage 1, complete genome
NC_009760.1	218948	246	none	2	0		NC_009760.1 Bacillus phage 0305phi8-36, complete genome
NC_009761.3	42232	59	none	1	0		NC_009761.3 Staphylococcus phage tp310-1, complete sequence
NC_009762.3	47785	69	none	1	0		NC_009762.3 Staphylococcus phage tp310-2, complete sequence
NC_009763.3	42973	72	none	1	0		NC_009763.3 Staphylococcus phage tp310-3, complete sequence
NC_009799.3	42972	60	none	1	0		NC_009799.3 Corynebacterium phage BFK20
NC_009803.1	84201	110	none	1	0		NC_009803.1 Thermus phage P23-45, complete genome
NC_009804.1	83319	107	none	1	0		NC_009804.1 Thermus phage P74-26, complete genome
NC_009810.1	38867	62	none	0	0		NC_009810.1 Listeria phage A500, complete genome
NC_009811.2	137619	194	none	1	0		NC_009811.2 Listeria phage A511, complete genome
NC_009812.1	42653	65	none	0	0		NC_009812.1 Listeria phage B025, complete genome
NC_009813.1	48172	77	none	1	0		NC_009813.1 Listeria phage B054, complete genome
NC_009814.1	35822	56	none	0	0		NC_009814.1 Listeria phage P35, complete genome
NC_009815.1	38124	59	none	0	0		NC_009815.1 Listeria phage A006, complete genome
NC_009816.1	70579	86	none	0	0		NC_009816.1 Corynebacterium phage P1201, complete genome
NC_009817.1	79232	123	none	0	0		NC_009817.1 Lactococcus phage KSY1, complete genome
NC_009818.1	36409	51	none	0	0		NC_009818.1 Pseudomonas phage MP22, complete genome
NC_009819.1	40539	55	none	0	0		NC_009819.1 Streptococcus phage P9, complete genome
NC_009820.1	58692	105	none	0	0		NC_009820.1 Mycobacterium phage Tweety, complete genome
NC_009821.1	164270	263	none	0	1		NC_009821.1 Enterobacteria phage Phi1, complete genome
NC_009875.1	17938	20	none	0	0		NC_009875.1 Staphylococcus phage SAP-2, complete genome
NC_009877.1	51277	87	none	0	0		NC_009877.1 Mycobacterium phage U2, complete genome
NC_009878.1	52250	85	none	0	0		NC_009878.1 Mycobacterium phage Bethlehem, complete genome
NC_009904.1	142072	213	none	1	0		NC_009904.1 Enterococcus phage phiEF24C, complete genome
NC_009935.1	43200	56	none	0	0		NC_009935.1 Pseudomonas phage LKD16, complete genome
NC_009936.1	41593	58	none	1	0		NC_009936.1 Pseudomonas phage LKA1, complete genome
NC_009990.1	37313	42	none	0	0		NC_009990.1 Thalassomonas phage BA3, complete genome
NC_009993.2	53746	81	none	0	0		NC_009993.2 Mycobacterium phage Giles, complete genome
NC_009996.1	7099	1	none	0	0		NC_009996.1 Human rhinovirus C, complete genome
NC_010105.1	170523	286	none	0	1		NC_010105.1 Enterobacteria phage JS98, complete genome
NC_010106.1	52975	73	none	0	0		NC_010106.1 Enterobacteria phage phiEcoM-GJ1, complete genome
NC_010116.1	58663	78	none	0	0		NC_010116.1 Pseudomonas phage YuA, complete genome
NC_010147.1	43011	68	none	0	0		NC_010147.1 Staphylococcus phage phiMR11 DNA, complete genome
NC_010179.2	40881	66	none	0	0		NC_010179.2 Lactobacillus johnsonii prophage Lj771, complete genome
NC_010237.1	63395	93	none	0	0		NC_010237.1 Enterobacteria phage Min27, complete genome
NC_010275.2	33507	44	none	0	0		NC_010275.2 Vibrio phage kappa proviral DNA, complete genome
NC_010324.1	77554	124	none	0	0		NC_010324.1 Escherichia phage phiEco32, complete genome
NC_010325.1	45625	68	none	0	0		NC_010325.1 Pseudomonas phage LUZ24, complete genome
NC_010326.1	43548	55	none	0	0		NC_010326.1 Pseudomonas phage LUZ19, complete genome
NC_010342.1	39245	52	none	0	0		NC_010342.1 Halomonas phage phiHAP-1, complete genome
NC_010353.1	35543	43	none	0	0		NC_010353.1 Streptococcus phage 858, complete genome
NC_010355.1	62337	112	none	0	0		NC_010355.1 Azospirillum phage Cd, complete genome
NC_010363.1	18762	25	none	0	0		NC_010363.1 Lactococcus phage asccphi28, complete genome
NC_010391.1	42723	56	none	0	0		NC_010391.1 Salmonella phage Fels-1, complete genome
NC_010392.1	48491	55	none	0	0		NC_010392.1 Phage Gifsy-1, complete genome
NC_010393.1	45840	55	none	0	0		NC_010393.1 Phage Gifsy-2, complete genome
NC_010429.1	6867	12	none	0	1		NC_010429.1 Stenotrophomonas phage PSH1, complete sequence
NC_010463.1	33693	42	none	0	0		NC_010463.1 Enterobacteria phage Fels-2, complete genome
NC_010495.1	45051	71	none	1	0		NC_010495.1 Salmonella phage E1, complete genome
NC_010576.1	55597	76	none	0	0		NC_010576.1 Lactococcus phage 1706, complete genome
NC_010583.1	111382	181	none	1	0		NC_010583.1 Enterobacteria phage EPS7, complete genome
NC_010807.1	38815	44	none	0	0		NC_010807.1 Salmonella phage phiSG-JL2, complete genome
NC_010808.1	44342	70	none	0	0		NC_010808.1 Staphylococcus phage phiMR25 DNA, complete genome
NC_010811.2	231255	329	none	0	0		NC_010811.2 Ralstonia phage RSL1, complete genome
NC_010821.1	316674	465	none	0	0		NC_010821.1 Pseudomonas phage 201phi2-1, complete genome
NC_010945.1	39136	59	none	0	0		NC_010945.1 Streptococcus phage PH15, complete genome
NC_011019.1	53572	87	none	0	0		NC_011019.1 Mycobacterium phage KBG, complete genome
NC_011020.1	50968	90	none	0	0		NC_011020.1 Mycobacterium phage Jasper, complete genome
NC_011021.1	51478	90	none	0	0		NC_011021.1 Mycobacterium phage Lockley, complete genome
NC_011022.1	51621	89	none	0	0		NC_011022.1 Mycobacterium phage DD5, complete genome
NC_011023.1	52892	85	none	0	0		NC_011023.1 Mycobacterium phage Pukovnik, complete genome
NC_011038.1	38677	42	none	0	0		NC_011038.1 Yersinia phage Yepe2, complete genome
NC_011039.1	70110	93	none	0	0		NC_011039.1 Mycobacterium phage Predator, complete genome
NC_011040.1	39816	43	none	1	0		NC_011040.1 Enterobacteria phage BA14, complete genome
NC_011041.1	137947	214	none	0	0		NC_011041.1 Escherichia coli bacteriophage rv5, complete sequence
NC_011042.1	39252	48	none	0	0		NC_011042.1 Enterobacteria phage EcoDS1, complete genome
NC_011043.1	41181	48	none	0	0		NC_011043.1 Klebsiella phage K11, complete genome
NC_011044.1	69904	94	none	0	0		NC_011044.1 Mycobacterium phage Nigel, complete genome
NC_011045.1	38841	50	none	0	0		NC_011045.1 Enterobacteria phage 13a, complete genome
NC_011046.1	29305	55	none	0	0		NC_011046.1 Lactococcus phage bIBB29, complete genome
NC_011048.1	19282	25	none	1	0		NC_011048.1 Bacillus phage phi29, complete genome
NC_011054.1	58037	110	none	0	0		NC_011054.1 Mycobacterium phage Boomer, complete genome
NC_011055.1	76312	137	none	0	0		NC_011055.1 Mycobacterium phage Porky, complete genome
NC_011056.1	75811	141	none	0	0		NC_011056.1 Mycobacterium phage Kostya, complete genome
NC_011057.1	68090	95	none	0	0		NC_011057.1 Mycobacterium phage Phaedrus, complete genome
NC_011085.3	38457	49	none	0	0		NC_011085.3 Morganella phage MmP1, complete genome
NC_011103.1	60195	97	none	0	0		NC_011103.1 Rhizobium phage 16-3, complete genome
NC_011104.1	39989	55	none	0	0		NC_011104.1 Lactobacillus phage Lrm1, complete genome
NC_011105.1	42954	55	none	0	0		NC_011105.1 Pseudomonas phage PT5, complete genome
NC_011107.1	42961	53	none	0	0		NC_011107.1 Pseudomonas phage PT2, complete genome
NC_011132.1	18343	22	none	0	0		NC_011132.1 Sputnik virophage, complete genome
NC_011142.1	47453	75	none	0	0		NC_011142.1 Iodobacteriophage phiPLPE, complete genome
NC_011165.1	64427	86	none	1	0		NC_011165.1 Pseudomonas phage LBL3, complete genome
NC_011166.1	66530	93	none	1	0		NC_011166.1 Pseudomonas phage LMA2, complete genome
NC_011167.1	53104	81	none	0	0		NC_011167.1 Bacillus phage IEBH, complete genome
NC_011201.1	43079	53	none	0	0		NC_011201.1 Ralstonia phage RSB1, complete genome
NC_011216.1	37635	48	none	0	0		NC_011216.1 Burkholderia phage KS10, complete genome
NC_011222.1	44929	61	none	0	0		NC_011222.1 Bacteroides phage B40-8, complete genome
NC_011267.1	49487	81	none	0	0		NC_011267.1 Mycobacterium phage Solon, complete genome
NC_011269.2	154017	222	none	1	0		NC_011269.2 Mycobacterium phage ScottMcG, complete genome
NC_011270.1	154906	221	none	2	0		NC_011270.1 Mycobacterium phage Spud, complete genome
NC_011271.1	155372	222	none	1	0		NC_011271.1 Mycobacterium phage Cali, complete genome
NC_011272.1	153894	220	none	1	0		NC_011272.1 Mycobacterium phage Rizal, complete genome
NC_011273.1	164602	232	none	1	0		NC_011273.1 Mycobacterium phage Myrna, complete genome
NC_011285.1	64618	81	none	1	0		NC_011285.1 Mycobacterium phage Troll4, complete genome
NC_011287.1	58554	96	none	0	0		NC_011287.1 Mycobacterium phage Pacc40, complete genome
NC_011288.1	58471	107	none	0	0		NC_011288.1 Mycobacterium phage Fruitloop, complete genome
NC_011289.1	58578	104	none	0	0		NC_011289.1 Mycobacterium phage Ramsey, complete genome
NC_011290.1	64807	82	none	1	0		NC_011290.1 Mycobacterium phage Gumball, complete genome
NC_011291.1	47057	71	none	0	0		NC_011291.1 Mycobacterium phage Brujita, complete genome
NC_011292.1	68952	84	none	0	0		NC_011292.1 Mycobacterium phage Konstantine, complete genome
NC_011308.1	35638	57	none	1	0		NC_011308.1 Listeria phage P40, complete genome
NC_011318.1	38753	65	none	0	0		NC_011318.1 Clostridium phage 39-O, complete genome
NC_011344.1	47342	64	none	1	0		NC_011344.1 Staphylococcus phage phi2958PVL, complete genome
NC_011356.1	54896	76	none	0	0		NC_011356.1 Enterobacteria phage YYZ-2008, complete prophage genome
NC_011357.1	62147	86	none	0	0		NC_011357.1 Stx2-converting phage 1717, complete prophage genome
NC_011373.1	46872	80	none	1	0		NC_011373.1 Pseudomonas phage PAJU2, complete genome
NC_011398.1	50930	72	none	1	0		NC_011398.1 Clostridioides phage phiCD27, complete genome
NC_011399.1	8929	16	none	0	0		NC_011399.1 Ralstonia phage RSM3 DNA, complete genome
NC_011421.1	132562	192	none	1	0		NC_011421.1 Bacillus phage SPO1, complete genome
NC_011523.1	14398	27	none	0	0		NC_011523.1 Bacillus phage AP50, complete genome
NC_011534.1	39472	46	none	0	0		NC_011534.1 Kluyvera phage Kvp1, complete genome
NC_011551.1	39867	42	none	0	0		NC_011551.1 Bacteriophage APSE-2, complete genome
NC_011589.1	40287	53	none	0	0		NC_011589.1 Stenotrophomonas phage S1, complete genome
NC_011611.1	36885	51	none	0	0		NC_011611.1 Pseudomonas phage MP38, complete genome
NC_011612.1	45344	63	none	1	0		NC_011612.1 Staphylococcus phage phiSauS-IPLA35, complete genome
NC_011613.1	36632	52	none	0	0		NC_011613.1 Pseudomonas phage MP29, complete genome
NC_011614.1	42526	62	none	0	0		NC_011614.1 Staphylococcus phage phiSauS-IPLA88, complete genome
NC_011645.1	37456	56	none	0	0		NC_011645.1 Bacillus phage TP21-L, complete genome
NC_011703.1	66235	92	none	1	0		NC_011703.1 Pseudomonas phage 14-1, complete genome
NC_011756.1	66390	94	none	1	0		NC_011756.1 Pseudomonas phage SN, complete genome
NC_011801.1	38934	55	none	0	0		NC_011801.1 Lactobacillus phage Lv-1, complete genome
NC_011802.1	41941	65	none	1	0		NC_011802.1 Salmonella enterica bacteriophage SE1, complete genome
NC_011810.1	65764	89	none	1	0		NC_011810.1 Pseudomonas phage PB1, complete genome
NC_011811.1	84576	116	none	0	0		NC_011811.1 Erwinia phage phiEa21-4, complete genome
NC_011976.1	43016	62	none	0	0		NC_011976.1 Salmonella phage epsilon34, complete genome
NC_012027.1	69378	98	none	0	0		NC_012027.1 Mycobacterium phage Phlyer, complete genome
NC_012091.2	6501	6	none	0	0		NC_012091.2 Pseudomonas phage phi2954 segment L, complete sequence
NC_012092.1	3606	7	none	0	0		NC_012092.1 Pseudomonas phage phi2954 segment M, complete sequence
NC_012093.1	2578	4	none	0	0		NC_012093.1 Pseudomonas phage phi2954 segment S, complete sequence
NC_012223.2	44899	61	none	0	0		NC_012223.2 Escherichia phage SSL-2009a, complete genome
NC_012418.1	43152	54	none	0	0		NC_012418.1 Pseudomonas phage phikF77, complete genome
NC_012419.1	21115	24	none	1	0		NC_012419.1 Enterococcus phage EFAP-1, complete genome
NC_012530.1	142111	201	none	0	0		NC_012530.1 Lactobacillus phage Lb338-1, complete genome
NC_012635.1	168394	266	none	0	1		NC_012635.1 Enterobacteria phage RB51, complete genome
NC_012638.1	165429	266	none	0	1		NC_012638.1 Escherichia phage RB14, complete genome
NC_012662.1	43931	50	none	0	0		NC_012662.1 Vibrio phage VP93, complete genome
NC_012663.1	60074	86	none	0	0		NC_012663.1 Lactococcus phage P087, complete genome
NC_012696.1	73325	78	none	0	1		NC_012696.1 Roseophage EE36P1, complete genome
NC_012697.1	74611	81	none	0	1		NC_012697.1 Roseophage DSS3P2, complete genome
NC_012740.1	166418	273	none	0	1		NC_012740.1 Enterobacteria phage JSE, complete genome
NC_012741.1	171451	280	none	0	1		NC_012741.1 Enterobacteria phage JS10, complete genome
NC_012742.1	44080	65	none	0	0		NC_012742.1 Xanthomonas phage phiL7, complete genome
NC_012743.2	62715	77	none	0	0		NC_012743.2 Burkholderia phage BcepIL02, complete genome
NC_012749.1	88487	126	none	0	0		NC_012749.1 Enterobacteria phage WV8, complete genome
NC_012753.1	37184	54	none	0	0		NC_012753.1 Streptococcus phage 5093, complete genome
NC_012756.1	31276	52	none	0	0		NC_012756.1 Streptococcus phage PH10, complete genome
NC_012757.1	6842	11	none	0	1		NC_012757.1 Vibrio phage VEJphi, complete genome
NC_012784.1	44492	81	none	1	1		NC_012784.1 Staphylococcus phage phiPVL-CN125, complete genome
NC_012788.1	41441	60	none	1	0		NC_012788.1 Mycobacterium phage Angel, complete genome
NC_012868.1	6094	8	none	0	0		NC_012868.1 Enterobacteria phage St-1, complete genome
NC_012884.1	31147	40	none	0	0		NC_012884.1 Streptococcus phage M102, complete genome
NC_013021.1	107530	124	none	0	0		NC_013021.1 Cyanophage PSS2, complete genome
NC_013055.1	39896	47	none	0	0		NC_013055.1 Burkholderia phage KS9, complete genome
NC_013059.1	40975	56	none	0	0		NC_013059.1 Salmonella phage c341, complete genome
NC_013085.1	194454	236	none	0	0		NC_013085.1 Synechococcus phage S-RSM4, complete genome
NC_013152.1	29459	49	none	0	0		NC_013152.1 Lactococcus phage CB14, complete genome
NC_013153.1	28643	49	none	0	0		NC_013153.1 Lactococcus phage CB19, complete genome
NC_013154.1	28625	49	none	0	0		NC_013154.1 Lactococcus phage CB20, complete genome
NC_013155.1	32182	53	none	0	0		NC_013155.1 Lactococcus phage CB13, complete genome
NC_013195.1	40761	66	none	1	0		NC_013195.1 Staphylococcus phage P954, complete genome
NC_013197.1	17036	35	none	0	0		NC_013197.1 Thermus phage P23-77, complete genome
NC_013420.1	90435	126	none	0	0		NC_013420.1 Streptomyces phage ZL12, complete genome
NC_013594.1	37235	55	none	0	0		NC_013594.1 Escherichia phage D108, complete genome
NC_013597.1	43970	60	none	0	0		NC_013597.1 Aggregatibacter phage S1249, complete sequence
NC_013598.1	35525	43	none	0	0		NC_013598.1 Streptococcus phage ALQ13.2, complete genome
NC_013599.1	36674	45	none	0	0		NC_013599.1 Xylella phage Xfas53, complete genome
NC_013600.1	45169	57	none	0	0		NC_013600.1 Sodalis phage SO-1, complete genome
NC_013638.1	43144	51	none	0	0		NC_013638.1 Pseudomonas phage phi-2, complete genome
NC_013643.1	36270	65	none	0	0		NC_013643.1 Enterococcus phage phiFL2A, complete genome
NC_013644.1	37856	51	none	0	0		NC_013644.1 Enterococcus phage phiFL4A, complete genome
NC_013645.1	34882	44	none	0	0		NC_013645.1 Streptococcus phage Abc2, complete genome
NC_013646.1	38764	62	none	0	0		NC_013646.1 Enterococcus phage phiFL1A, complete genome
NC_013647.1	41119	49	none	0	0		NC_013647.1 Klebsiella phage KP32, complete genome
NC_013648.1	39576	66	none	0	0		NC_013648.1 Enterococcus phage phiFL3A, complete genome
NC_013649.2	43809	58	none	0	0		NC_013649.2 Klebsiella phage KP34, complete genome
NC_013650.1	155445	213	none	1	0		NC_013650.1 Mycobacterium phage ET08, complete genome
NC_013651.1	38497	48	none	0	0		NC_013651.1 Vibrio phage N4, complete genome
NC_013691.1	74901	113	none	0	0		NC_013691.1 Pseudomonas phage LUZ7, complete genome
NC_013692.1	72544	93	none	0	0		NC_013692.1 Pseudomonas phage LIT1, complete genome
NC_013693.1	158006	209	none	0	0		NC_013693.1 Shigella phage phiSboM-AG3, complete genome
NC_013694.1	51376	82	none	0	0		NC_013694.1 Mycobacterium phage Peaches, complete genome
NC_013696.1	42822	63	none	1	0		NC_013696.1 Enterococcus phage phiEf11, complete genome
NC_013697.1	157486	236	none	0	0		NC_013697.1 Delftia phage PhiW-14, complete genome
NC_013698.1	58652	81	none	0	0		NC_013698.1 Clavibacter phage CMP1, complete genome
NC_013936.1	52141	91	none	0	0		NC_013936.1 Mycobacterium phage Ardmore, complete genome
NC_014036.1	174436	271	none	0	1		NC_014036.1 Klebsiella phage KP15, complete genome
NC_014229.1	37068	47	none	0	0		NC_014229.1 Streptomyces phage phiSASD1, complete genome
NC_014260.1	172253	279	none	0	1		NC_014260.1 Enterobacteria phage IME08, complete genome
NC_014457.1	59199	86	none	0	0		NC_014457.1 Clostridium phage phiCTP1, complete genome
NC_014458.1	59598	92	none	1	0		NC_014458.1 Mycobacterium phage Angelica, complete genome
NC_014459.2	59798	92	none	1	0		NC_014459.2 Mycobacterium phage CrimD, complete genome
NC_014460.1	41207	64	none	0	0		NC_014460.1 Staphylococcus phage SAP-26, complete genome
NC_014461.1	73453	111	none	0	0		NC_014461.1 Mycobacterium phage LeBron, complete genome
NC_014467.1	176788	266	none	0	1		NC_014467.1 Escherichia phage RB16, complete genome
NC_014595.1	170605	289	none	0	1		NC_014595.1 Shigella phage SP18, complete genome
NC_014635.1	163875	253	none	0	1		NC_014635.1 Aeromonas phage phiAS4, complete genome
NC_014636.1	225268	334	none	0	1		NC_014636.1 Aeromonas phage phiAS5, complete genome
NC_014660.1	167716	254	none	1	1		NC_014660.1 Acinetobacter phage Ac42, complete genome
NC_014661.1	164093	242	none	0	1		NC_014661.1 Acinetobacter phage Acj61, complete genome
NC_014662.1	165540	277	none	0	1		NC_014662.1 Enterobacteria phage CC31, complete genome
NC_014663.1	169947	252	none	0	1		NC_014663.1 Acinetobacter phage Acj9, complete genome
NC_014792.1	169285	289	none	0	1		NC_014792.1 Enterobacteria phage vB_EcoM-VR7, complete genome
NC_014900.1	40986	65	none	1	0		NC_014900.1 Salmonella phage ST160, complete genome
NC_014901.1	59230	109	none	0	0		NC_014901.1 Mycobacterium phage Wee, complete genome
NC_015157.1	125956	224	none	0	0		NC_015157.1 Vibrio phage ICP1, complete genome
NC_015158.1	49675	72	none	0	0		NC_015158.1 Vibrio phage ICP2, complete genome
NC_015159.1	39162	49	none	0	0		NC_015159.1 Vibrio phage ICP3, complete genome
NC_015208.1	39562	47	none	0	0		NC_015208.1 Pseudomonas phage phi15, complete genome
NC_015209.1	10638	15	none	0	0		NC_015209.1 Vibrio phage CTXphi, complete genome
NC_015210.1	61440	83	none	0	0		NC_015210.1 Tsukamurella phage TPA2, complete genome
NC_015249.1	39270	44	none	1	0		NC_015249.1 Enterobacteria phage 285P, complete genome
NC_015250.1	159801	257	none	0	1		NC_015250.1 Acinetobacter phage 133 strain Acj133, complete genome
NC_015251.1	235229	419	none	1	1		NC_015251.1 Aeromonas phage 65, complete genome
NC_015252.1	36953	53	none	1	0		NC_015252.1 Brochothrix phage NF5, complete genome
NC_015253.1	127065	163	none	1	0		NC_015253.1 Brochothrix phage A9, complete genome
NC_015254.1	41518	62	none	0	0		NC_015254.1 Brochothrix phage BL3, complete genome
NC_015262.1	37664	61	none	0	0		NC_015262.1 Clostridium phage phiCD6356, complete genome
NC_015263.1	114768	145	none	0	1		NC_015263.1 Lactococcus phage 949, complete genome
NC_015264.1	40973	50	none	0	0		NC_015264.1 Pseudomonas phage phiIBB-PF7A, complete genome
NC_015265.1	37236	48	none	0	0		NC_015265.1 Burkholderia phage KS5, complete genome
NC_015266.1	40555	47	none	0	0		NC_015266.1 Burkholderia phage KL3, complete genome
NC_015269.1	118351	171	none	0	0		NC_015269.1 Salmonella phage Spc35, complete genome
NC_015270.1	16945	35	none	0	0		NC_015270.1 Enterococcus phage EFRM31, complete genome
NC_015271.1	38368	46	none	0	0		NC_015271.1 Salmonella phage Vi06 complete sequence
NC_015272.2	88322	157	none	0	0		NC_015272.2 Pseudomonas phage KPP10, complete genome
NC_015273.1	32317	40	none	0	0		NC_015273.1 Burkholderia phage KS14, complete genome
NC_015274.1	56506	73	none	0	0		NC_015274.1 Streptococcus phage Dp-1, complete genome
NC_015279.1	190789	239	none	0	0		NC_015279.1 Synechococcus phage S-SM2, complete genome
NC_015280.1	181044	219	none	0	0		NC_015280.1 Prochlorococcus phage P-HM1, complete genome
NC_015281.1	179563	214	none	0	0		NC_015281.1 Synechococcus phage S-ShM2, complete genome
NC_015282.1	174079	225	none	0	0		NC_015282.1 Synechococcus phage S-SM1, complete genome
NC_015283.1	176428	227	none	0	0		NC_015283.1 Prochlorococcus phage P-RSM4, complete genome
NC_015284.1	183806	222	none	0	0		NC_015284.1 Prochlorococcus phage P-HM2, complete genome
NC_015285.1	174285	205	none	0	0		NC_015285.1 Prochlorococcus phage Syn33, complete genome
NC_015286.1	175230	213	none	0	0		NC_015286.1 Synechococcus phage Syn19, complete genome
NC_015287.1	232878	297	none	2	0		NC_015287.1 Synechococcus phage S-SSM7, complete genome
NC_015288.1	191195	200	none	1	0		NC_015288.1 Prochlorococcus phage Syn1, complete genome
NC_015289.1	176184	205	none	0	0		NC_015289.1 Synechococcus phage S-SSM5, complete genome
NC_015290.1	182180	218	none	0	0		NC_015290.1 Prochlorococcus phage P-SSM7, complete genome
NC_015292.1	84565	116	none	0	0		NC_015292.1 Erwinia phage phiEa104, complete genome
NC_015293.1	30651	53	none	0	0		NC_015293.1 Pseudoalteromonas phage H105/1, complete genome
NC_015294.2	93198	173	none	0	0		NC_015294.2 Pseudomonas phage PAK_P1, complete genome
NC_015295.1	47279	79	none	0	0		NC_015295.1 Erwinia phage phiEt88, complete genome
NC_015296.1	157061	203	none	0	0		NC_015296.1 Salmonella phage Vi01, complete genome
NC_015297.1	5475	9	none	0	0		NC_015297.1 Ralstonia phage PE226, complete genome
NC_015453.1	29017	42	none	0	0		NC_015453.1 Propionibacterium phage PAS50 endogenous virus, complete genome
NC_015454.1	29074	42	none	0	0		NC_015454.1 Propionibacterium phage PAD20 endogenous virus, complete genome
NC_015456.1	50661	78	none	0	0		NC_015456.1 Shigella phage Shfl1, complete genome
NC_015457.1	165919	262	none	0	1		NC_015457.1 Shigella phage Shfl2, complete genome
NC_015463.1	72332	111	none	1	0		NC_015463.1 Synechococcus phage S-CBS2, complete genome
NC_015464.1	135041	174	none	0	0		NC_015464.1 Campylobacter phage NCTC12673, complete genome
NC_015465.1	33004	51	none	0	0		NC_015465.1 Synechococcus phage S-CBS3, complete genome
NC_015466.1	62668	92	none	1	0		NC_015466.1 Roseobacter phage RDJL Phi 1, complete genome
NC_015568.1	41090	50	none	0	0		NC_015568.1 Clostridium phage phiCD38-2, complete genome
NC_015569.1	178563	265	none	0	0		NC_015569.1 Synechococcus phage S-CRM01, complete genome
NC_015584.1	75960	122	none	1	0		NC_015584.1 Mycobacterium phage Faith1, complete genome
NC_015585.1	43032	57	none	0	0		NC_015585.1 Pantoea phage LIMEzero, complete genome
NC_015586.1	5819	10	none	0	1		NC_015586.1 Stenotrophomonas phage phiSHP2, complete genome
NC_015719.1	40940	48	none	0	0		NC_015719.1 Enterobacteria phage K30, complete genome
NC_015720.1	45530	59	none	0	0		NC_015720.1 Gordonia phage GTE2, complete genome
NC_015721.1	23931	38	none	0	0		NC_015721.1 Bdellovibrio phage phi1402, complete genome
NC_015785.1	5514	7	none	0	0		NC_015785.1 Microvirus CA82, complete genome
NC_015933.1	72917	84	none	0	1		NC_015933.1 Escherichia phage vB_EcoP_G7C, complete genome
NC_015937.1	151483	151	none	1	0		NC_015937.1 Thermus phage TMA, complete genome
NC_015938.1	89916	153	none	0	0		NC_015938.1 Salmonella phage 7-11, complete genome
NC_016071.1	145964	235	none	0	0		NC_016071.1 Salmonella phage PVP-SE1, complete genome
NC_016073.1	157950	206	none	0	0		NC_016073.1 Salmonella phage SFP10, complete genome
NC_016158.1	49576	79	none	0	1		NC_016158.1 Escherichia phage HK639, complete genome
NC_016160.1	36661	56	none	1	0		NC_016160.1 Escherichia phage HK75, complete genome
NC_016161.1	38013	58	none	0	0		NC_016161.1 Pediococcus phage cIP1, complete genome
NC_016162.1	7103	11	none	0	1		NC_016162.1 Vibrio phage VCY-phi, complete genome
NC_016163.1	262391	350	none	0	0		NC_016163.1 Yersinia phage phiR1-37, complete genome
NC_016164.1	30332	44	none	0	0		NC_016164.1 Synechococcus phage S-CBS1, complete genome
NC_016165.1	39283	56	none	0	0		NC_016165.1 Rhodobacter phage RcapMu, complete genome
NC_016166.1	74431	95	none	1	0		NC_016166.1 Gordonia phage GTE7, complete genome
NC_016434.1	65839	84	none	0	0		NC_016434.1 Gordonia phage GTE5, complete genome
NC_016435.1	65766	87	none	0	0		NC_016435.1 Gordonia phage GRU1, complete genome
NC_016562.1	132662	179	none	0	0		NC_016562.1 Campylobacter phage CPX, complete genome
NC_016563.1	156897	275	none	1	1		NC_016563.1 Bacillus phage W.Ph., complete genome
NC_016564.1	95299	136	none	2	0		NC_016564.1 Planktothrix phage PaV-LD, complete genome
NC_016565.1	18168	21	none	0	0		NC_016565.1 Staphylococcus phage S24-1, complete genome
NC_016566.1	44077	57	none	0	0		NC_016566.1 Shigella phage EP23, complete genome
NC_016567.1	81184	116	none	0	0		NC_016567.1 Vibrio phage SIO-2, complete genome
NC_016568.1	24645	27	none	0	0		NC_016568.1 Helicobacter phage phiHP33, complete genome
NC_016569.1	46140	70	none	0	0		NC_016569.1 Nocardia phage NBR1, complete genome
NC_016570.1	157304	207	none	0	0		NC_016570.1 Escherichia phage Cba120, complete genome
NC_016571.1	284757	303	none	0	0		NC_016571.1 Pseudomonas phage OBP, complete genome
NC_016650.1	48072	65	none	1	0		NC_016650.1 Rhodococcus phage RGL3, complete genome
NC_016651.1	14270	17	none	0	0		NC_016651.1 Rhodococcus phage RRH1, complete genome
NC_016652.1	49330	85	none	0	0		NC_016652.1 Rhodococcus phage REQ2, complete genome
NC_016653.1	46586	65	none	1	0		NC_016653.1 Rhodococcus phage RER2, complete genome
NC_016654.1	39474	59	none	0	0		NC_016654.1 Rhodococcus phage REQ3, complete genome
NC_016655.1	51342	86	none	1	0		NC_016655.1 Rhodococcus phage REQ1, complete genome
NC_016656.1	45890	57	none	0	0		NC_016656.1 Cyanophage P-SSP2, complete genome
NC_016657.1	47055	56	none	0	0		NC_016657.1 Cyanophage 9515-10a, complete genome
NC_016658.1	47741	67	none	0	0		NC_016658.1 Cyanophage NATL1A-7, complete genome
NC_016659.1	47536	65	none	0	0		NC_016659.1 Cyanophage NATL2A-133, complete genome
NC_016761.1	38684	49	none	0	0		NC_016761.1 Salmonella phage SPN1S, complete genome
NC_016762.1	49135	66	none	0	0		NC_016762.1 Pseudomonas phage phi297, complete genome
NC_016763.1	43221	63	none	0	0		NC_016763.1 Salmonella phage SE2, complete genome
NC_016764.1	40058	43	none	0	0		NC_016764.1 Pseudomonas phage Bf7, complete genome
NC_016765.1	54024	91	none	0	0		NC_016765.1 Pseudomonas phage PMG1, complete genome
NC_016766.1	69420	101	none	0	0		NC_016766.1 Synechococcus phage S-CBS4, complete genome
NC_016767.1	60714	63	none	0	0		NC_016767.1 Erwinia phage PEp14, complete genome
NC_016770.1	47159	65	none	0	1		NC_016770.1 Bacteroides phage B124-14, complete genome
NC_017674.1	66275	93	none	1	0		NC_017674.1 Pseudomonas phage JG024, complete genome
NC_017688.1	32414	58	none	0	1		NC_017688.1 Lactococcus phage ASCC191, complete genome
NC_017695.1	32582	58	none	0	1		NC_017695.1 Lactococcus Phage ASCC273, complete genome
NC_017696.1	32384	57	none	0	0		NC_017696.1 Lactococcus Phage ASCC532, complete genome
NC_017698.1	31772	58	none	0	0		NC_017698.1 Lactococcus Phage ASCC465, complete genome
NC_017702.1	32023	58	none	0	0		NC_017702.1 Lactococcus Phage ASCC281, complete genome
NC_017732.1	30505	48	none	0	0		NC_017732.1 Enterococcus phage EF62phi, complete genome
NC_017864.1	42844	53	none	1	0		NC_017864.1 Pseudomonas phage vB_Pae-Kakheti25, complete genome
NC_017865.1	42966	54	none	0	0		NC_017865.1 Pseudomonas phage vB_Pae-TbilisiM32, complete genome
NC_017968.1	43786	64	none	0	0		NC_017968.1 Staphylococcus phage TEM123, complete genome
NC_017969.1	108853	162	none	0	0		NC_017969.1 Escherichia phage vB_EcoS_AKFV33, complete genome
NC_017971.2	46271	70	none	0	0		NC_017971.2 Pseudomonas phage tf complete genome
NC_017972.1	280538	380	none	0	0		NC_017972.1 Pseudomonas phage Lu11, complete genome
NC_017973.1	52474	89	none	0	0		NC_017973.1 Mycobacterium phage SWU1, complete genome
NC_017974.1	149273	283	none	0	0		NC_017974.1 Cronobacter phage CR3, complete genome
NC_017975.1	167292	174	none	0	0		NC_017975.1 Halocynthia phage JM-2012, complete genome
NC_017976.1	41164	56	none	0	0		NC_017976.1 Bacillus phage PBC1, complete genome
NC_017978.1	33609	45	none	1	0		NC_017978.1 Clostridium phage PhiS63, complete genome
NC_017980.1	18397	27	none	1	0		NC_017980.1 Clostridium phage phiCP7R, complete genome
NC_017981.1	49981	80	none	0	0		NC_017981.1 Xanthomonas phage vB_XveM_DIBBI, complete genome
NC_017983.1	43788	62	none	0	0		NC_017983.1 Salisaeta icosahedral phage 1, complete genome
NC_017984.1	46387	84	none	0	0		NC_017984.1 Acinetobacter bacteriophage AP22, complete genome
NC_017985.1	40128	60	none	0	0		NC_017985.1 Salmonella phage SPN9CC, complete genome
NC_018083.1	17972	27	none	1	0		NC_018083.1 Clostridium phage phiCPV4, complete genome
NC_018084.1	18078	25	none	1	0		NC_018084.1 Clostridium phage phiZP2, complete genome
NC_018085.1	41992	59	none	0	0		NC_018085.1 Bacillus phage BtCS33, complete genome
NC_018086.1	53996	81	none	0	0		NC_018086.1 Enterococcus phage BC-611, complete genome
NC_018087.3	166687	257	none	0	1		NC_018087.3 Acinetobacter phage ZZ1, complete genome
NC_018088.1	104936	150	none	0	0		NC_018088.1 Colwellia phage 9A, complete genome
NC_018264.1	41938	59	none	0	0		NC_018264.1 Thermoanaerobacterium phage THSA-485A, complete genome
NC_018269.1	31766	52	none	0	0		NC_018269.1 Marinomonas phage P12026, complete genome
NC_018270.1	33594	45	none	1	0		NC_018270.1 Weissella phage phiYS61, complete genome
NC_018271.1	35700	58	none	0	0		NC_018271.1 Persicivirga phage P12024S, complete genome
NC_018272.1	35652	57	none	0	0		NC_018272.1 Persicivirga phage P12024L, complete genome
NC_018273.1	26201	40	none	0	0		NC_018273.1 Leuconostoc phage Lmd1, complete genome
NC_018274.1	36847	55	none	0	0		NC_018274.1 Pseudomonas phage MP42, complete genome
NC_018275.1	39783	67	none	0	0		NC_018275.1 Salmonella phage vB_SemP_Emek, complete genome
NC_018276.1	44988	65	none	0	0		NC_018276.1 Croceibacter phage P2559S, complete genome
NC_018277.1	42784	66	none	0	0		NC_018277.1 Staphylococcus phage SpaA1, complete genome
NC_018278.1	42832	53	none	0	0		NC_018278.1 Burkholderia phage KL1, complete genome
NC_018279.1	49116	74	none	0	0		NC_018279.1 Salmonella phage vB_SosS_Oslo, complete genome
NC_018280.1	38889	55	none	0	0		NC_018280.1 Celeribacter phage P12053L, complete genome
NC_018281.1	43581	75	none	0	0		NC_018281.1 Staphylococcus phage vB_SepiS-phiIPLA5, complete genome
NC_018282.1	61167	81	none	0	0		NC_018282.1 Pseudomonas phage MP1412, complete genome
NC_018283.1	58065	76	none	0	0		NC_018283.1 Burkholderia phage AH2, complete genome
NC_018284.1	42123	65	none	1	0		NC_018284.1 Staphylococcus phage vB_SepiS-phiIPLA7, complete genome
NC_018285.1	40758	56	none	0	0		NC_018285.1 Streptococcus phage YMC-2011, complete genome
NC_018452.1	61847	73	none	0	0		NC_018452.1 Burkholderia phage DC1, complete genome
NC_018454.1	39974	54	none	0	0		NC_018454.1 Cronobacter phage phiES15, complete genome
NC_018831.1	67170	114	none	1	0		NC_018831.1 Listeria phage P70, complete genome
NC_018832.1	58104	70	none	0	0		NC_018832.1 Providencia phage Redjac, complete genome
NC_018834.1	29214	41	none	0	0		NC_018834.1 Propionibacterium phage P9.1, complete genome
NC_018835.1	77448	131	none	0	0		NC_018835.1 Enterobacteria phage NJ01, complete genome
NC_018836.1	50255	73	none	1	0		NC_018836.1 Streptomyces phage phiHau3, complete genome
NC_018837.1	122024	163	none	0	1		NC_018837.1 Pectobacterium phage My1, complete genome
NC_018838.1	29505	41	none	0	0		NC_018838.1 Propionibacterium phage P100_A, complete genome
NC_018839.1	29729	43	none	0	0		NC_018839.1 Propionibacterium phage P14.4, complete genome
NC_018840.1	29612	43	none	0	0		NC_018840.1 Propionibacterium phage P100_1, complete genome
NC_018841.1	29574	41	none	0	0		NC_018841.1 Propionibacterium phage P101A, complete genome
NC_018842.1	29348	41	none	0	0		NC_018842.1 Propionibacterium phage P1.1, complete genome
NC_018843.1	103299	125	none	0	0		NC_018843.1 Salmonella phage SSU5, complete genome
NC_018845.1	29371	42	none	0	0		NC_018845.1 Propionibacterium phage P104A, complete genome
NC_018846.1	60894	69	none	0	0		NC_018846.1 Escherichia phage P13374, complete genome
NC_018847.1	29516	42	none	0	0		NC_018847.1 Propionibacterium phage ATCC29399B_T, complete genome
NC_018848.1	37612	53	none	0	0		NC_018848.1 Streptomyces phage SV1, complete genome
NC_018849.1	29202	40	none	0	0		NC_018849.1 Propionibacterium phage P105, complete genome
NC_018850.2	45517	72	none	0	0		NC_018850.2 Pseudomonas phage UFV-P2, complete genome
NC_018851.1	29516	42	none	0	0		NC_018851.1 Propionibacterium phage ATCC29399B_C, complete genome
NC_018852.1	29506	40	none	0	0		NC_018852.1 Propionibacterium phage P100D, complete genome
NC_018853.1	40474	46	none	1	0		NC_018853.1 Streptomyces phage TG1, complete genome
NC_018854.1	69855	82	none	0	1		NC_018854.1 Escherichia phage ECBP1, complete genome
NC_018855.1	169158	267	none	0	1		NC_018855.1 Escherichia phage HX01, complete genome
NC_018856.1	153962	257	none	1	0		NC_018856.1 Bacillus phage Bastille, complete genome
NC_018857.1	158305	284	none	1	0		NC_018857.1 Bacillus phage BPS13, complete genome
NC_018859.1	77315	119	none	0	0		NC_018859.1 Escherichia phage ECBP2, complete genome
NC_018860.1	156176	218	none	1	0		NC_018860.1 Bacillus phage BCP78, complete genome
NC_018861.1	133572	170	none	0	0		NC_018861.1 Campylobacter phage CP30A, complete genome
NC_018862.1	4472	5	none	0	0		NC_018862.1 Dragonfly-associated microphage 1, complete genome
NC_018863.1	162596	282	none	2	0		NC_018863.1 Bacillus phage B4, complete genome
NC_019398.1	178193	272	none	0	1		NC_019398.1 Cronobacter phage vB_CsaM_GAP161, complete genome
NC_019399.1	167396	275	none	0	1		NC_019399.1 Enterobacteria phage vB_EcoM_ACG-C40, complete genome
NC_019400.1	147940	255	none	0	0		NC_019400.1 Cronobacter phage vB_CsaM_GAP31, complete genome
NC_019401.1	358663	536	none	0	1		NC_019401.1 Cronobacter phage vB_CsaM_GAP32, complete genome
NC_019402.1	76631	112	none	0	0		NC_019402.1 Cronobacter phage vB_CsaP_GAP52, complete genome
NC_019403.1	43731	55	none	0	0		NC_019403.1 Enterobacteria phage vB_EcoP_ACG-C91, complete genome
NC_019404.1	46054	75	none	1	0		NC_019404.1 Enterobacteria phage vB_EcoS_ACG-M12, complete genome
NC_019405.1	215710	336	none	0	0		NC_019405.1 Caulobacter phage phiCbK, complete genome
NC_019406.1	279967	444	none	0	0		NC_019406.1 Caulobacter phage CcrColossus, complete genome
NC_019407.1	218929	345	none	0	0		NC_019407.1 Caulobacter phage CcrMagneto, complete genome
NC_019408.1	223720	346	none	1	0		NC_019408.1 Caulobacter phage CcrRogue, complete genome
NC_019410.1	221828	349	none	0	0		NC_019410.1 Caulobacter phage CcrKarma, complete genome
NC_019411.1	219216	341	none	0	0		NC_019411.1 Caulobacter phage CcrSwift, complete genome
NC_019414.1	51071	79	none	0	0		NC_019414.1 Streptomyces phage R4, complete genome
NC_019416.1	38513	48	none	0	0		NC_019416.1 Stenotrophomonas phage IME15, complete genome
NC_019417.1	59203	71	none	0	0		NC_019417.1 Salmonella phage SPN19, complete genome
NC_019418.1	37282	51	none	0	0		NC_019418.1 Streptococcus phage phiNJ2, complete genome
NC_019419.2	43457	58	none	0	0		NC_019419.2 Escherichia phage JL1, complete genome
NC_019420.1	41549	47	none	0	1		NC_019420.1 Edwardsiella phage KF-1 DNA, complete genome
NC_019421.1	48396	75	none	0	0		NC_019421.1 Clostridium phage phiMMP02, complete genome
NC_019422.1	31674	46	none	1	0		NC_019422.1 Clostridium phage phiMMP04, complete genome
NC_019423.1	72570	91	none	0	1		NC_019423.1 Enterobacter phage IME11, complete genome
NC_019442.1	60523	73	none	0	0		NC_019442.1 Escherichia phage TL-2011c, complete genome
NC_019443.1	172879	214	none	0	0		NC_019443.1 Synechococcus phage metaG-MbCM1, complete genome
NC_019444.1	176043	215	none	0	0		NC_019444.1 Synechococcus phage S-MbCM6, complete genome
NC_019445.1	44784	57	none	0	0		NC_019445.1 Escherichia phage TL-2011b, complete genome
NC_019446.1	41148	58	none	0	0		NC_019446.1 Brucella phage Tb, complete genome
NC_019447.1	38253	57	none	0	0		NC_019447.1 Brucella phage Pr, complete genome
NC_019448.1	139806	212	none	3	0		NC_019448.1 Staphylococcus phage GH15, complete genome
NC_019449.1	31841	47	none	0	0		NC_019449.1 Lactobacillus phage c5, complete genome
NC_019450.1	93017	171	none	0	0		NC_019450.1 Pseudomonas phage JG004, complete genome
NC_019451.1	66116	93	none	1	0		NC_019451.1 Pseudomonas phage NH-4, complete genome
NC_019452.1	156628	203	none	0	0		NC_019452.1 Escherichia phage PhaxI, complete genome
NC_019453.1	3762	3	none	0	0		NC_019453.1 Caulobacter phage phiCb5, complete genome
NC_019454.1	44546	55	none	1	0		NC_019454.1 Pantoea phage LIMElight, complete genome
NC_019455.1	37151	55	none	0	0		NC_019455.1 Haemophilus phage SuMu, complete genome
NC_019456.1	49433	68	none	0	0		NC_019456.1 Lactobacillus phage JCL1032, complete genome
NC_019457.1	44492	69	none	0	0		NC_019457.1 Vibrio phage CP-T1, complete genome
NC_019485.1	59080	77	none	0	1		NC_019485.1 Enterobacter phage EcP1, complete genome
NC_019486.1	42606	55	none	0	0		NC_019486.1 Lactobacillus phage LF1, complete genome
NC_019487.1	143986	239	none	1	0		NC_019487.1 Bacillus phage SP10, complete genome
NC_019488.1	34117	41	none	0	0		NC_019488.1 Salmonella phage RE-2010, complete genome
NC_019489.1	41726	52	none	0	0		NC_019489.1 Lactobacillus phage Sha1, complete genome
NC_019490.1	49329	85	none	0	0		NC_019490.1 Riemerella phage RAP44, complete genome
NC_019496.1	39188	64	none	0	0		NC_019496.1 Clostridium phage phiCP26F, complete genome
NC_019500.1	168066	267	none	0	1		NC_019500.1 Enterobacteria phage Bp7, complete genome
NC_019501.1	39646	57	none	0	0		NC_019501.1 Enterobacteria phage IME10, complete genome
NC_019502.1	44401	65	none	0	1		NC_019502.1 Bacillus phage phIS3501, complete genome
NC_019503.1	166499	263	none	0	1		NC_019503.1 Enterobacteria phage ime09, complete genome
NC_019504.1	56621	80	none	0	0		NC_019504.1 Erwinia phage vB_EamM-Y2, complete genome
NC_019505.1	166452	267	none	0	1		NC_019505.1 Escherichia phage wV7, complete genome
NC_019506.1	38329	67	none	0	0		NC_019506.1 Clostridium phage phiCP13O, complete genome
NC_019507.1	182833	264	none	0	0		NC_019507.1 Campylobacter phage CP21, complete genome
NC_019508.1	38309	67	none	0	0		NC_019508.1 Clostridium phage phiCP34O, complete genome
NC_019509.1	49116	74	none	1	0		NC_019509.1 Cronobacter phage ESP2949-1, complete genome
NC_019510.1	39282	48	none	0	0		NC_019510.1 Erwinia phage vB_EamP-L1, complete genome
NC_019511.1	136326	190	none	1	0		NC_019511.1 Staphylococcus phage SA11, complete genome
NC_019512.1	26836	28	none	0	0		NC_019512.1 Helicobacter phage 1961P, complete genome
NC_019513.1	45552	65	none	1	0		NC_019513.1 Staphylococcus phage SMSAP5, complete genome
NC_019514.1	74669	105	none	0	0		NC_019514.1 Erwinia phage vB_EamP-S6, complete genome
NC_019515.1	93839	140	none	0	0		NC_019515.1 Bacillus phage BCD7, complete genome
NC_019516.2	172474	200	none	0	1		NC_019516.2 Cyanophage S-TIM5, complete genome
NC_019517.1	136947	214	none	0	0		NC_019517.1 Enterobacteria phage vB_EcoM-FV3, complete genome
NC_019518.1	44485	66	none	0	0		NC_019518.1 Vibrio phage vB_VchM-138, complete genome
NC_019519.1	69391	124	none	0	0		NC_019519.1 Agrobacterium phage 7-7-1, complete genome
NC_019520.1	42608	48	none	1	0		NC_019520.1 Escherichia phage phiKT, complete genome
NC_019521.1	219372	293	none	0	0		NC_019521.1 Sphingomonas phage PAU, complete genome
NC_019522.1	48454	65	none	0	0		NC_019522.1 Pectobacterium phage ZF40, complete genome
NC_019523.1	18919	22	none	1	0		NC_019523.1 Clostridium phage phi24R, complete genome
NC_019524.2	60496	79	none	0	0		NC_019524.2 Enterobacter phage Enc34, complete genome
NC_019525.1	45354	71	none	0	0		NC_019525.1 Bdellovibrio phage phi1422, complete genome
NC_019526.1	345809	547	none	0	0		NC_019526.1 Enterobacteria phage vB_KleM-RaK2, complete genome
NC_019527.1	43551	81	none	0	0		NC_019527.1 Aeromonas phage vB_AsaM-56, complete genome
NC_019528.1	41572	54	none	0	0		NC_019528.1 Aeromonas phage phiAS7, complete genome
NC_019529.1	111506	155	none	0	0		NC_019529.1 Vibrio phage pVp-1, complete genome
NC_019530.1	157785	207	none	0	0		NC_019530.1 Salmonella phage PhiSH19, complete genome
NC_019538.1	231743	426	none	0	1		NC_019538.1 Aeromonas phage CC2, complete genome
NC_019539.1	42391	57	none	0	0		NC_019539.1 Salmonella phage vB_SenS-Ent1 complete genome
NC_019540.1	49390	73	none	0	0		NC_019540.1 Salinivibrio phage CW02, complete genome
NC_019541.1	45364	63	none	0	0		NC_019541.1 Acinetobacter phage YMC/09/02/B1251_ABA_BP, complete genome
NC_019542.1	44400	55	none	0	0		NC_019542.1 Pectobacterium phage PP1, complete genome
NC_019543.1	160646	231	none	0	1		NC_019543.1 Aeromonas phage Aes508, complete genome
NC_019544.1	49335	85	none	0	0		NC_019544.1 Deep-sea thermophilic phage D6E, complete genome
NC_019545.1	47355	67	none	0	0		NC_019545.1 Salmonella phage SPN3UB, complete genome
NC_019548.1	7288	11	none	0	0		NC_019548.1 Ralstonia phage RSS0, complete genome
NC_019549.1	40048	39	none	0	0		NC_019549.1 Liberibacter phage SC1, complete genome
NC_019550.1	38997	43	none	0	0		NC_019550.1 Liberibacter phage SC2, complete genome
NC_019704.1	44375	63	none	0	0		NC_019704.1 Enterobacteria phage mEp237, complete genome
NC_019705.1	38759	62	none	0	0		NC_019705.1 Enterobacteria phage mEpX2, complete genome
NC_019706.1	42780	65	none	0	0		NC_019706.1 Enterobacteria phage mEp043 c-1, complete genome
NC_019707.1	3405	3	none	0	0		NC_019707.1 Enterobacteria phage M, complete genome
NC_019708.1	37595	57	none	1	0		NC_019708.1 Enterobacteria phage mEp235, complete genome
NC_019709.1	41567	65	none	1	0		NC_019709.1 Enterobacteria phage mEpX1, complete genome
NC_019710.1	40710	68	none	1	0		NC_019710.1 Enterobacteria phage HK140, complete genome
NC_019711.1	47288	65	none	0	0		NC_019711.1 Enterobacteria phage HK629, complete genome
NC_019713.1	78751	104	none	0	0		NC_019713.1 Vibrio phage vB_VpaS_MAR10, complete genome
NC_019714.1	39026	60	none	1	0		NC_019714.1 Enterobacteria phage HK446, complete genome
NC_019715.1	39578	58	none	1	0		NC_019715.1 Enterobacterial phage mEp234, complete genome
NC_019716.1	44510	56	none	0	0		NC_019716.1 Enterobacteria phage mEp460, complete genome
NC_019717.1	45366	67	none	0	1		NC_019717.1 Enterobacteria phage HK225, complete genome
NC_019718.1	45805	71	none	0	0		NC_019718.1 Enterobacteria phage vB_EcoS_Rogue1, complete genome
NC_019719.1	41528	65	none	2	0		NC_019719.1 Enterobacteria phage HK633, complete genome
NC_019720.1	44120	70	none	0	0		NC_019720.1 Enterobacterial phage mEp213, complete genome
NC_019721.1	40029	56	none	0	0		NC_019721.1 Enterobacterial phage mEp390, complete genome
NC_019722.1	41351	59	none	1	0		NC_019722.1 Vibrio phage vB_VpaM_MAR, complete genome
NC_019723.1	47090	62	none	0	0		NC_019723.1 Enterobacteria phage HK630, complete genome
NC_019724.1	43741	56	none	0	0		NC_019724.1 Enterobacteria phage HK578, complete genome
NC_019725.1	50552	82	none	0	0		NC_019725.1 Escherichia phage ADB-2, complete genome
NC_019726.1	141836	217	none	3	0		NC_019726.1 Staphylococcus phage JD007, complete genome
NC_019767.1	40155	61	none	1	0		NC_019767.1 Enterobacteria phage HK544, complete genome
NC_019768.1	41468	62	none	1	0		NC_019768.1 Enterobacteria phage HK106, complete genome
NC_019769.1	38964	54	none	1	0		NC_019769.1 Enterobacteria phage HK542, complete genome
NC_019782.1	36566	60	none	0	0		NC_019782.1 Lactobacillus phage AQ113, complete genome
NC_019813.1	44030	64	none	0	0		NC_019813.1 Pseudomonas phage vB_PaeP_p2-10_Or1, complete genome
NC_019909.1	168809	271	none	0	1		NC_019909.1 Yersinia phage phiR1-RT complete genome
NC_019910.1	159624	204	none	0	0		NC_019910.1 Salmonella phage SKML-39, complete genome
NC_019911.2	42406	53	none	0	0		NC_019911.2 Yersinia phage phi80-18 complete genome
NC_019912.1	36932	52	none	0	0		NC_019912.1 Bacillus phage vB_BtS_BMBtp2, complete genome
NC_019913.1	91715	170	none	0	0		NC_019913.1 Pseudomonas phage PaP1, complete genome
NC_019914.1	40071	54	none	0	0		NC_019914.1 Staphylococcus phage StB27, complete genome
NC_019915.1	40917	66	none	1	0		NC_019915.1 Staphylococcus phage StB20, complete genome
NC_019916.1	38002	60	none	0	0		NC_019916.1 Lactobacillus phage ATCC8014, complete genome
NC_019917.1	62952	74	none	0	0		NC_019917.1 Burkholderia phage BcepMigl, complete genome
NC_019918.1	92777	170	none	0	0		NC_019918.1 Pseudomonas phage vB_PaeM_C2-10_Ab1 complete genome
NC_019919.2	122696	175	none	0	0		NC_019919.2 Yersinia phage phiR201 complete genome
NC_019920.1	3523	3	none	0	0		NC_019920.1 Enterobacteria phage C-1 INW-2012, complete sequence
NC_019921.1	42461	74	none	0	0		NC_019921.1 Staphylococcus phage phi5967PVL DNA, complete genome
NC_019922.1	3562	3	none	0	0		NC_019922.1 Enterobacteria phage Hgal1, complete sequence
NC_019923.1	42689	64	none	0	0		NC_019923.1 Pseudomonas phage AF, complete genome
NC_019924.1	47595	78	none	0	0		NC_019924.1 Clostridium phage phi8074-B1, complete genome
NC_019925.1	152427	195	none	0	0		NC_019925.1 Dickeya phage vB_DsoM_LIMEstone1 complete genome
NC_019926.1	45554	53	none	0	0		NC_019926.1 Erwinia amylovora phage phiEa100 complete genome
NC_019927.1	47611	79	none	0	0		NC_019927.1 Cronobacter phage ENT47670, complete genome
NC_019928.1	26215	28	none	0	0		NC_019928.1 Helicobacter phage KHP30 DNA, complete genome
NC_019929.1	243050	261	none	0	0		NC_019929.1 Erwinia phage phiEaH2, complete genome
NC_019930.1	49219	82	none	0	0		NC_019930.1 Tetrasphaera phage TJE1, complete genome
NC_019931.1	26449	31	none	0	0		NC_019931.1 Helicobacter phage KHP40 DNA, complete genome
NC_019932.1	29564	37	none	0	0		NC_019932.1 Erwinia phage ENT90, complete genome
NC_019933.2	43870	54	none	0	0		NC_019933.2 Xanthomonas phage CP1 DNA, complete genome
NC_019934.1	39012	51	none	0	0		NC_019934.1 Cronobacter phage ENT39118, complete genome
NC_019935.1	64144	89	none	1	0		NC_019935.1 Pseudomonas phage KPP12 DNA, complete genome
NC_020078.1	41796	46	none	0	0		NC_020078.1 Cronobacter sakazakii phage vB_CskP_GAP227, complete genome
NC_020079.1	147737	268	none	0	0		NC_020079.1 Escherichia phage phAPEC8, complete genome
NC_020080.1	174413	271	none	0	1		NC_020080.1 Klebsiella phage KP27, complete genome
NC_020081.2	149844	215	none	2	0		NC_020081.2 Bacillus phage phiAGATE, complete genome
NC_020082.1	42746	67	none	1	0		NC_020082.1 Edwardsiella phage MSW-3 DNA, complete genome
NC_020083.1	157834	205	none	0	0		NC_020083.1 Serratia phage phiMAM1, complete genome
NC_020197.1	45606	59	none	0	0		NC_020197.1 Streptococcus phage TP-J34 complete genome
NC_020198.1	36947	55	none	0	0		NC_020198.1 Pseudomonas phage JBD30, complete genome
NC_020199.1	47252	66	none	1	0		NC_020199.1 Staphylococcus phage phi7401PVL DNA, complete genome
NC_020200.1	36429	53	none	0	0		NC_020200.1 Pseudomonas phage JBD88a, complete genome
NC_020201.1	142349	247	none	0	0		NC_020201.1 Pectobacterium phage phiTE, complete genome
NC_020202.1	37740	58	none	0	0		NC_020202.1 Pseudomonas phage JBD5, complete genome
NC_020203.1	37095	56	none	0	0		NC_020203.1 Pseudomonas phage JBD24, complete genome
NC_020204.1	48814	72	none	0	0		NC_020204.1 Klebsiella phage JD001, complete genome
NC_020205.1	42963	53	none	0	0		NC_020205.1 Xanthomonas citri phage CP2 DNA, complete genome
NC_020414.2	43984	52	none	0	0		NC_020414.2 Salmonella phage UAB_Phi78, complete genome
NC_020416.1	160221	260	none	0	1		NC_020416.1 Salmonella phage S16, complete genome
NC_020477.1	49458	81	none	0	0		NC_020477.1 Bacillus phage Eoghan, complete genome
NC_020478.1	49259	79	none	0	0		NC_020478.1 Bacillus phage Andromeda, complete genome
NC_020479.1	49425	80	none	1	0		NC_020479.1 Bacillus phage Curly, complete genome
NC_020480.1	50161	78	none	0	0		NC_020480.1 Bacillus phage Finn, complete genome
NC_020481.1	34892	66	none	0	0		NC_020481.1 Pelagibacter phage HTVC010P, complete genome
NC_020482.1	39921	49	none	0	0		NC_020482.1 Pelagibacter phage HTVC011P, complete genome
NC_020483.1	42084	58	none	0	0		NC_020483.1 Pelagibacter phage HTVC019P, complete genome
NC_020484.1	147284	198	none	0	0		NC_020484.1 Pelagibacter phage HTVC008M, complete genome
NC_020486.1	171211	204	none	0	0		NC_020486.1 Synechococcus phage S-RIM8 A.HR1, complete genome
NC_020488.1	38682	41	none	0	0		NC_020488.1 Vibrio phage VvAW1, complete genome
NC_020489.1	40489	62	none	0	0		NC_020489.1 Rhodobacter phage RcapNL, complete genome
NC_020490.2	44714	74	none	0	0		NC_020490.2 Staphylococcus phage StB12, complete genome
NC_020835.1	47325	56	none	0	0		NC_020835.1 Prochlorococcus phage P-SSP10 genomic sequence
NC_020837.1	198013	236	none	0	0		NC_020837.1 Synechococcus phage S-CAM1 genomic sequence
NC_020838.1	45728	53	none	0	0		NC_020838.1 Synechococcus phage S-RIP2 genomic sequence
NC_020839.1	39573	53	none	1	0		NC_020839.1 Rhodobacter phage RC1 genomic sequence
NC_020841.1	40803	67	none	0	0		NC_020841.1 Psychrobacter phage pOW20-A genomic sequence
NC_020842.1	79114	112	none	0	0		NC_020842.1 Cellulophaga phage phiST genomic sequence
NC_020843.1	126434	207	none	0	1		NC_020843.1 Vibrio phage 11895-B1 genomic sequence
NC_020844.1	40695	64	none	0	0		NC_020844.1 Salicola phage CGphi29 genomic sequence
NC_020845.1	180977	231	none	0	0		NC_020845.1 Cyanophage MED4-213, complete genome
NC_020846.1	46917	71	none	0	0		NC_020846.1 Vibrio phage pYD21-A genomic sequence
NC_020847.1	38327	66	none	0	0		NC_020847.1 Cyanophage MED4-184 genomic sequence
NC_020848.1	76705	119	none	0	0		NC_020848.1 Vibrio phage VBP47 genomic sequence
NC_020849.1	76802	103	none	0	0		NC_020849.1 Pseudoalteromonas phage pYD6-A genomic sequence
NC_020850.1	38374	59	none	0	0		NC_020850.1 Vibrio phage VBM1 genomic sequence
NC_020851.1	208007	298	none	0	0		NC_020851.1 Synechococcus phage S-SKS1 genomic sequence
NC_020853.1	56958	75	none	0	0		NC_020853.1 Loktanella phage pCB2051-A genomic sequence
NC_020854.1	40658	56	none	0	0		NC_020854.1 Cyanophage KBS-S-2A genomic sequence
NC_020855.1	192497	213	none	0	0		NC_020855.1 Cyanophage P-RSM6 genomic sequence
NC_020856.2	40931	75	none	0	0		NC_020856.2 Sulfitobacter phage pCB2047-C, complete genome
NC_020857.1	38834	68	none	0	0		NC_020857.1 Cyanophage MED4-117 genomic sequence
NC_020858.2	40929	73	none	0	0		NC_020858.2 Sulfitobacter phage pCB2047-A, complete genome
NC_020859.1	175430	214	none	0	0		NC_020859.1 Synechococcus phage S-RIM2 R1_1999, complete genome
NC_020860.1	44557	58	none	0	0		NC_020860.1 Cellulophaga phage phiSM genomic sequence
NC_020862.2	74485	75	none	0	1		NC_020862.2 Sulfitobacter phage phiCB2047-B genomic sequence
NC_020863.1	129155	219	none	0	0		NC_020863.1 Vibrio phage PWH3a-P1 genomic sequence
NC_020865.1	45730	52	none	0	0		NC_020865.1 Cyanophage KBS-P-1A genomic sequence
NC_020866.1	40231	54	none	1	0		NC_020866.1 Rhodovulum phage RS1 genomic sequence
NC_020867.1	44892	68	none	0	0		NC_020867.1 Synechococcus phage S-RIP1 genomic sequence
NC_020868.1	76718	117	none	0	0		NC_020868.1 Vibrio phage VBP32 genomic sequence
NC_020870.1	25865	39	none	0	0		NC_020870.1 Leuconostoc phage phiLN04, complete genome
NC_020871.1	133057	177	none	1	0		NC_020871.1 Listeria phage vB_LmoM_AG20, complete genome
NC_020872.1	46997	53	none	0	0		NC_020872.1 Cyanophage SS120-1 genomic sequence
NC_020873.1	158621	220	none	1	0		NC_020873.1 Bacillus cereus bacteriophage vB_BceM_Bc431v3, complete genome
NC_020874.1	46198	56	none	0	0		NC_020874.1 Prochlorococcus phage P-SSP3 genomic sequence
NC_020875.1	182801	226	none	0	0		NC_020875.1 Cyanophage S-SSM4 genomic sequence
NC_020876.1	53028	90	none	0	0		NC_020876.1 Mycobacterium phage First, complete genome
NC_020877.1	131332	178	none	0	0		NC_020877.1 Staphylococcus phage vB_SauM_Romulus, complete genome
NC_020878.1	44945	60	none	0	0		NC_020878.1 Prochlorococcus phage P-GSP1 genomic sequence
NC_020879.1	161978	236	none	0	1		NC_020879.1 Aeromonas phage Aes012, complete genome
NC_020880.1	26769	38	none	0	0		NC_020880.1 Leuconostoc phage P793, complete genome
NC_020883.1	50861	90	none	0	0		NC_020883.1 Bacillus phage PM1 DNA, complete genome
NC_021061.1	41491	63	none	0	0		NC_021061.1 Mycobacterium phage Butters, complete genome
NC_021062.1	40192	47	none	0	0		NC_021062.1 Pseudomonas phage Phi-S1, complete genome
NC_021063.1	47724	64	none	0	0		NC_021063.1 Mycobacterium phage vB_MapS_FF47, complete genome
NC_021067.1	135982	262	none	0	0		NC_021067.1 Vibrio phage helene 12B3 genomic sequence
NC_021068.1	57611	71	none	0	0		NC_021068.1 Vibrio phage douglas 12A4 genomic sequence
NC_021070.1	33277	50	none	0	0		NC_021070.1 Vibrio phage martha 12B12 genomic sequence
NC_021071.1	177211	210	none	0	0		NC_021071.1 Cyanophage P-RSM1 genomic sequence
NC_021072.1	178807	207	none	0	0		NC_021072.1 Cyanophage Syn30 genomic sequence
NC_021073.1	107218	159	none	1	0		NC_021073.1 Vibrio phage henriette 12B8, complete genome
NC_021190.1	46150	65	none	0	0		NC_021190.1 Enterobacteria phage phi80, complete genome
NC_021297.1	52057	84	none	0	0		NC_021297.1 Mycobacterium phage PattyP, complete genome
NC_021298.1	51252	73	none	0	0		NC_021298.1 Streptomyces phage Lika, complete genome
NC_021299.1	80955	129	none	0	0		NC_021299.1 Mycobacterium phage PegLeg, complete genome
NC_021300.1	43882	58	none	0	0		NC_021300.1 Pseudoalteromonas phage RIO-1, complete genome
NC_021301.1	56279	93	none	0	0		NC_021301.1 Mycobacterium phage SiSi, complete genome
NC_021302.1	47109	75	none	0	0		NC_021302.1 Mycobacterium phage Fishburne, complete genome
NC_021304.1	51552	75	none	0	0		NC_021304.1 Streptomyces phage Sujidade, complete genome
NC_021305.1	76179	139	none	0	0		NC_021305.1 Mycobacterium phage Murphy, complete genome
NC_021306.2	75736	139	none	0	0		NC_021306.2 Mycobacterium phage Dumbo, complete genome
NC_021307.1	49894	73	none	0	0		NC_021307.1 Mycobacterium phage Severus, complete genome
NC_021308.1	52617	76	none	0	0		NC_021308.1 Mycobacterium phage HINdeR, complete genome
NC_021309.1	74711	135	none	0	0		NC_021309.1 Mycobacterium phage Phrux, complete genome
NC_021310.1	68598	94	none	1	0		NC_021310.1 Mycobacterium phage Newman, complete genome
NC_021311.1	76479	138	none	0	0		NC_021311.1 Mycobacterium phage Phaux, complete genome
NC_021315.1	59407	73	none	0	0		NC_021315.1 Enterobacteria phage Chi, complete genome
NC_021316.1	42185	51	none	0	0		NC_021316.1 Acinetobacter phage Abp1, complete genome
NC_021317.1	21248	28	none	0	0		NC_021317.1 Salmonella phage L13, genome
NC_021318.1	51214	87	none	0	0		NC_021318.1 Mycobacterium phage Chy5, complete genome
NC_021320.1	76134	111	none	0	0		NC_021320.1 Halorubrum tailed phage 5, complete genome
NC_021321.1	74519	120	none	0	0		NC_021321.1 Halorubrum tailed phage 8, complete genome
NC_021323.1	45572	61	none	1	0		NC_021323.1 Staphylococcus phage StauST398-2, complete genome
NC_021324.1	53369	91	none	0	0		NC_021324.1 Mycobacterium phage CASbig, complete genome
NC_021325.1	39108	49	none	0	0		NC_021325.1 Clostridium phage vB_CpeS-CP51, complete genome
NC_021326.1	45242	69	none	0	0		NC_021326.1 Staphylococcus phage StauST398-1, complete genome
NC_021331.1	51821	83	none	1	0		NC_021331.1 Shigella phage pSf-1, complete genome
NC_021332.1	41392	67	none	0	0		NC_021332.1 Staphylococcus phage StauST398-3, complete genome
NC_021334.1	53359	98	none	0	0		NC_021334.1 Mycobacterium phage WIVsmall, complete genome
NC_021335.1	69048	102	none	0	0		NC_021335.1 Halorubrum tailed phage 7, complete genome
NC_021336.1	27190	40	none	1	0		NC_021336.1 Bacillus phage MG-B1, complete genome
NC_021337.1	31185	27	none	0	0		NC_021337.1 Acinetobacter phage AB3, complete genome
NC_021338.1	46639	72	none	0	0		NC_021338.1 Mycobacterium phage Chy4, complete genome
NC_021339.1	51077	72	none	0	0		NC_021339.1 Streptomyces phage Zemlya, complete genome
NC_021342.2	43378	66	none	0	0		NC_021342.2 Edwardsiella phage PEi21, complete genome
NC_021343.1	35430	46	none	0	0		NC_021343.1 Burkholderia phage ST79, complete genome
NC_021344.2	176227	267	none	0	1		NC_021344.2 Escherichia phage Lw1, complete genome
NC_021346.1	157482	223	none	1	0		NC_021346.1 Mycobacterium phage Gizmo, complete genome
NC_021347.1	142563	221	none	1	0		NC_021347.1 Rhodococcus phage E3, complete genome
NC_021348.1	156558	225	none	1	0		NC_021348.1 Mycobacterium phage ArcherS7, complete genome
NC_021349.1	154872	217	none	2	0		NC_021349.1 Mycobacterium phage Astraea, complete genome
NC_021529.2	247511	396	none	0	1		NC_021529.2 Vibrio phage nt-1, complete genome
NC_021530.1	171407	204	none	0	0		NC_021530.1 Synechococcus phage S-CAM8 strain S-CAM8 06008BI06, complete genome
NC_021531.1	223989	236	none	0	0		NC_021531.1 Cronobacter phage CR5, complete genome
NC_021532.1	103910	125	none	0	0		NC_021532.1 Alteromonas phage vB_AmaP_AD45-P1, complete genome
NC_021533.1	45942	71	none	0	0		NC_021533.1 Mycobacterium phage BTCU-1, complete genome
NC_021534.1	47552	79	none	0	0		NC_021534.1 Vibrio phage pYD38-A genomic sequence
NC_021535.1	50679	82	none	0	0		NC_021535.1 Mycobacterium phage Jobu08, complete genome
NC_021536.1	171797	205	none	0	0		NC_021536.1 Synechococcus phage S-IOM18 genomic sequence
NC_021537.1	39784	57	none	0	0		NC_021537.1 Halorubrum phage CGphi46 genomic sequence
NC_021538.1	59626	100	none	0	0		NC_021538.1 Mycobacterium phage Job42, complete genome
NC_021539.2	38275	65	none	0	0		NC_021539.2 Listeria phage LP-030-2, complete genome
NC_021540.1	69278	108	none	0	0		NC_021540.1 Vibrio phage JA-1, complete genome
NC_021556.1	39981	58	none	1	0		NC_021556.1 Mycobacterium phage Leo, complete genome
NC_021557.1	37378	53	none	0	0		NC_021557.1 Rhizobium phage RR1-B genomic sequence
NC_021558.1	37644	68	none	0	0		NC_021558.1 Paenibacillus phage PG1 genomic sequence
NC_021559.1	179063	234	none	0	0		NC_021559.1 Prochlorococcus phage P-SSM3 genomic sequence
NC_021560.1	53102	72	none	0	0		NC_021560.1 Rhizobium phage RR1-A genomic sequence
NC_021561.1	37324	60	none	0	0		NC_021561.1 Vibrio phage pYD38-B genomic sequence
NC_021562.1	8555	10	none	0	0		NC_021562.1 Vibrio phage VFJ, complete genome
NC_021563.1	42724	65	none	0	0		NC_021563.1 Serratia phage Eta, complete genome
NC_021569.1	7069	13	none	0	1		NC_021569.1 Stenotrophomonas phage phiSMA7 proviral complete genome
NC_021772.1	72394	99	none	0	1		NC_021772.1 Salmonella phage FSL SP-058, complete genome
NC_021773.2	43458	62	none	1	0		NC_021773.2 Staphylococcus phage JS01, complete genome
NC_021774.1	29742	40	none	0	0		NC_021774.1 Salmonella phage FSL SP-004, complete genome
NC_021775.1	42215	68	none	0	0		NC_021775.1 Salmonella phage FSL SP-031, complete genome
NC_021776.1	42313	52	none	0	1		NC_021776.1 Vibrio phage vpms1, complete genome
NC_021777.1	43447	66	none	0	0		NC_021777.1 Salmonella phage Jersey, complete genome
NC_021779.1	59746	73	none	0	0		NC_021779.1 Salmonella phage FSL SP-030, complete genome
NC_021780.1	59454	72	none	0	0		NC_021780.1 Salmonella phage FSL SP-088, complete genome
NC_021781.2	135281	187	none	1	0		NC_021781.2 Listeria phage LP-125, complete genome
NC_021782.1	72098	98	none	1	1		NC_021782.1 Salmonella phage FSL SP-076, complete genome
NC_021783.1	59254	71	none	0	0		NC_021783.1 Salmonella phage iEPS5, complete genome
NC_021784.1	38099	61	none	0	0		NC_021784.1 Phage phi OH2 DNA, complete genome
NC_021785.1	65132	107	none	1	0		NC_021785.1 Listeria phage LP-110, complete genome
NC_021787.2	64756	107	none	0	0		NC_021787.2 Listeria phage LP-037, complete genome
NC_021788.1	145865	195	none	0	0		NC_021788.1 Cellulophaga phage phi4:1, complete genome
NC_021789.1	75994	122	none	0	0		NC_021789.1 Cellulophaga phage phi19:3, complete genome
NC_021790.1	39189	63	none	0	0		NC_021790.1 Cellulophaga phage phi18:1, complete genome
NC_021791.1	39148	61	none	0	0		NC_021791.1 Cellulophaga phage phi12:1, complete genome
NC_021792.1	72961	111	none	0	0		NC_021792.1 Cellulophaga phage phi46:3, complete genome
NC_021793.1	11703	27	none	0	0		NC_021793.1 Cellulophaga phage phi48:2, complete genome
NC_021794.1	71443	112	none	0	0		NC_021794.1 Cellulophaga phage phi18:3, complete genome
NC_021795.1	38776	61	none	1	0		NC_021795.1 Cellulophaga phage phi17:1, complete genome
NC_021796.1	72534	91	none	0	0		NC_021796.1 Cellulophaga phage phi38:1, complete genome
NC_021797.1	6453	14	none	0	0		NC_021797.1 Cellulophaga phage phi12:2, complete genome
NC_021798.1	145343	188	none	0	0		NC_021798.1 Cellulophaga phage phi17:2, complete genome
NC_021799.1	57447	110	none	0	0		NC_021799.1 Cellulophaga phage phi19:1, complete genome
NC_021800.1	34844	47	none	0	0		NC_021800.1 Cellulophaga phage phi46:1, complete genome
NC_021801.1	42902	58	none	0	0		NC_021801.1 Staphylococcus phage SA12, complete genome
NC_021802.1	53664	105	none	1	0		NC_021802.1 Cellulophaga phage phi10:1, complete genome
NC_021803.1	72369	121	none	0	0		NC_021803.1 Cellulophaga phage phi13:2, complete genome
NC_021804.1	28760	46	none	0	0		NC_021804.1 Cellulophaga phage phi39:1, complete genome
NC_021805.1	6478	12	none	0	0		NC_021805.1 Cellulophaga phage phi12a:1, complete genome
NC_021806.1	100418	119	none	0	0		NC_021806.1 Cellulophaga phage phi14:2, complete genome
NC_021852.1	29631	53	none	0	0		NC_021852.1 Lactococcus phage P680, complete genome
NC_021853.1	32337	58	none	0	0		NC_021853.1 Lactococcus phage 340, complete genome
NC_021854.1	28674	55	none	0	0		NC_021854.1 Lactococcus phage jm3, complete genome
NC_021855.1	32382	56	none	0	0		NC_021855.1 Lactococcus phage phi7, complete genome
NC_021856.1	155631	250	none	1	0		NC_021856.1 Bacillus phage phiNIT1 DNA, complete genome
NC_021857.1	41475	55	none	0	0		NC_021857.1 Shigella phage SfII, complete genome
NC_021860.1	31090	58	none	0	0		NC_021860.1 Lactococcus phage jm2, complete genome
NC_021861.1	30910	54	none	0	0		NC_021861.1 Lactococcus phage BM13, complete genome
NC_021862.1	8576	21	none	0	0		NC_021862.1 Ralstonia phage RSS30 DNA, complete genome
NC_021863.1	42652	64	none	0	0		NC_021863.1 Staphylococcus phage SA13, complete genome
NC_021864.1	55282	85	none	0	0		NC_021864.1 Puniceispirillum phage HMO-2011, complete genome
NC_021865.1	41294	63	none	0	0		NC_021865.1 Paenibacillus phage phiIBB_Pl23, complete genome
NC_021866.1	7219	7	none	0	0		NC_021866.1 Ralstonia phage RSS20 DNA
NC_021867.1	46978	67	none	0	0		NC_021867.1 Flavobacterium phage 6H, complete genome
NC_021868.1	58305	96	none	1	0		NC_021868.1 Streptococcus phage SP-QS1 complete genome
NC_022052.1	76050	117	none	1	0		NC_022052.1 Mycobacterium phage Whirlwind, complete genome
NC_022053.1	70657	89	none	1	0		NC_022053.1 Mycobacterium phage Papyrus, complete genome
NC_022054.2	48229	66	none	0	0		NC_022054.2 Mycobacterium phage Muddy, complete genome
NC_022055.1	59179	100	none	0	0		NC_022055.1 Mycobacterium phage Bobi, complete genome
NC_022056.1	57155	100	none	0	0		NC_022056.1 Mycobacterium phage Hamulus, complete genome
NC_022057.1	72108	122	none	0	0		NC_022057.1 Mycobacterium phage Catdawg, complete genome
NC_022058.1	52519	92	none	0	0		NC_022058.1 Mycobacterium phage Adzzy, complete genome
NC_022059.1	77367	138	none	0	0		NC_022059.1 Mycobacterium phage DrDrey, complete genome
NC_022060.1	54314	98	none	0	0		NC_022060.1 Mycobacterium phage Velveteen, complete genome
NC_022061.1	70838	92	none	0	0		NC_022061.1 Mycobacterium phage KayaCho, complete genome
NC_022062.1	52102	86	none	0	0		NC_022062.1 Mycobacterium phage Trouble, complete genome
NC_022063.1	70115	94	none	0	0		NC_022063.1 Mycobacterium phage Phelemich, complete genome
NC_022064.1	70120	94	none	0	0		NC_022064.1 Mycobacterium phage Reprobate, complete genome
NC_022065.1	74533	132	none	0	0		NC_022065.1 Mycobacterium phage Contagion, complete genome
NC_022066.1	108297	215	none	0	0		NC_022066.1 Mycobacterium phage Redno2, complete genome
NC_022067.1	109960	223	none	0	0		NC_022067.1 Mycobacterium phage Wanda, complete genome
NC_022068.1	58043	99	none	0	0		NC_022068.1 Mycobacterium phage Daenerys, complete genome
NC_022069.1	55213	101	none	0	0		NC_022069.1 Mycobacterium phage Jabbawokkie, complete genome
NC_022070.1	53588	83	none	0	0		NC_022070.1 Mycobacteriophage Wheeler, complete genome
NC_022071.1	76129	122	none	1	0		NC_022071.1 Mycobacterium phage Crossroads, complete genome
NC_022085.1	76483	136	none	0	0		NC_022085.1 Mycobacterium phage Goku, complete genome
NC_022086.1	50690	76	none	0	0		NC_022086.1 Mycobacterium phage LittleCherry, complete genome
NC_022087.1	53253	92	none	0	0		NC_022087.1 Mycobacterium phage AnnaL29, complete genome
NC_022088.2	163019	290	none	1	0		NC_022088.2 Bacillus phage Troll, complete genome
NC_022090.1	134643	187	none	0	0		NC_022090.1 Staphylococcus phage vB_SauM_Remus, complete genome
NC_022091.1	42874	53	none	0	0		NC_022091.1 Pseudomonas phage MPK7, complete genome
NC_022094.1	14319	25	none	0	0		NC_022094.1 Bacillus phage Wip1, complete genome
NC_022096.1	258139	328	none	1	0		NC_022096.1 Pseudomonas phage PaBG, complete genome
NC_022323.1	136910	213	none	0	0		NC_022323.1 Escherichia phage 2 JES-2013, complete genome
NC_022324.1	53701	92	none	0	0		NC_022324.1 Mycobacterium phage SarFire, complete genome
NC_022325.1	69815	116	none	0	0		NC_022325.1 Mycobacterium phage Dylan, complete genome
NC_022328.1	70236	96	none	0	0		NC_022328.1 Mycobacterium phage Adawi, complete genome
NC_022329.1	53636	86	none	0	0		NC_022329.1 Mycobacterium phage PhrostyMug, complete genome
NC_022330.1	76586	138	none	0	0		NC_022330.1 Mycobacterium phage Quink, complete genome
NC_022331.2	69309	86	none	1	0		NC_022331.2 Mycobacterium phage Bane1, complete genome
NC_022334.1	29266	42	none	0	0		NC_022334.1 Propionibacterium phage PHL112N00, complete genome
NC_022335.1	29377	42	none	0	0		NC_022335.1 Propionibacterium phage PHL067M10, complete genome
NC_022336.1	29511	42	none	0	0		NC_022336.1 Propionibacterium phage PHL010M04, complete genome
NC_022337.1	29467	41	none	0	0		NC_022337.1 Propionibacterium phage PHL071N05, complete genome
NC_022338.1	29514	42	none	0	0		NC_022338.1 Propionibacterium phage PHL060L00, complete genome
NC_022339.1	29443	42	none	0	0		NC_022339.1 Propionibacterium phage PHL037M02, complete genome
NC_022340.1	29464	41	none	0	0		NC_022340.1 Propionibacterium phage PHL114L00, complete genome
NC_022341.1	29200	41	none	0	0		NC_022341.1 Propionibacterium phage PHL113M01, complete genome
NC_022342.1	29140	40	none	0	0		NC_022342.1 Propionibacterium phage PHL111M01, complete genome
NC_022343.1	159991	205	none	1	0		NC_022343.1 Klebsiella phage 0507-KN2-1 DNA, complete genome
NC_022744.1	39860	46	none	1	0		NC_022744.1 Erwinia phage FE44, complete genome
NC_022746.1	42957	53	none	0	0		NC_022746.1 Pseudomonas phage MPK6, complete genome
NC_022747.1	34145	45	none	0	0		NC_022747.1 Vibrio phage VPUSM 8, complete genome
NC_022749.1	39758	58	none	0	0		NC_022749.1 Shigella phage SfIV, complete genome
NC_022750.1	33628	43	none	0	0		NC_022750.1 Enterobacteria phage fiAA91-ss, complete genome
NC_022751.1	42480	41	none	1	0		NC_022751.1 Cyanophage PP, complete genome
NC_022752.1	42665	69	none	0	0		NC_022752.1 Salmonella phage SETP13, complete genome
NC_022753.1	52282	91	none	1	0		NC_022753.1 Mycobacterium phage Fredward, complete genome
NC_022754.1	42749	66	none	0	0		NC_022754.1 Salmonella phage SETP7, complete genome
NC_022756.1	40931	57	none	0	0		NC_022756.1 Lactobacillus phage J-1, complete genome
NC_022757.1	38880	55	none	0	0		NC_022757.1 Lactobacillus phage PL-1, complete genome
NC_022758.1	44459	61	none	1	0		NC_022758.1 Staphylococcus phage YMC/09/04/R1988, complete genome
NC_022761.1	146193	213	none	1	0		NC_022761.1 Bacillus phage CampHawk, complete genome
NC_022762.1	33996	59	none	0	1		NC_022762.1 Lactobacillus phage phiLdb, complete genome
NC_022763.1	164297	276	none	1	0		NC_022763.1 Bacillus phage Spock, complete genome
NC_022764.1	39874	46	none	1	1		NC_022764.1 Bacillus phage Page, complete genome
NC_022765.1	49836	79	none	0	0		NC_022765.1 Bacillus phage Riggi, complete genome
NC_022766.1	49246	81	none	0	0		NC_022766.1 Bacillus phage Glittering, complete genome
NC_022767.1	81656	108	none	0	0		NC_022767.1 Bacillus phage Staley, complete genome
NC_022768.1	154701	200	none	0	0		NC_022768.1 Salmonella phage Maynard, complete genome
NC_022769.1	165238	292	none	1	0		NC_022769.1 Bacillus phage BigBertha, complete genome
NC_022770.1	39844	45	none	1	1		NC_022770.1 Bacillus phage Pony, complete genome
NC_022771.1	156648	256	none	1	0		NC_022771.1 Bacillus phage Grass, complete genome
NC_022772.1	156338	203	none	0	0		NC_022772.1 Salmonella phage Marshall, complete genome
NC_022773.1	50354	80	none	0	0		NC_022773.1 Bacillus phage Blastoid, complete genome
NC_022774.1	80382	109	none	0	0		NC_022774.1 Bacillus phage Slash, complete genome
NC_022775.1	36969	47	none	0	0		NC_022775.1 Lactobacillus phage phiJB, complete genome
NC_022776.1	41757	52	none	0	0		NC_022776.1 Streptococcus phage TP-778L complete genome
NC_022791.1	37375	50	none	0	0		NC_022791.1 Streptococcus phage phiBHN167 complete genome
NC_022914.1	43394	64	none	1	0		NC_022914.1 Staphylococcus phage phiRS7, complete genome
NC_022915.1	40471	57	none	0	0		NC_022915.1 Ralstonia phage RSK1 DNA, complete genome
NC_022916.1	41604	47	none	0	0		NC_022916.1 Burkholderia phage JG068, complete genome
NC_022917.1	44578	58	none	0	0		NC_022917.1 Ralstonia phage RSB3 DNA, complete genome
NC_022918.1	132123	184	none	2	0		NC_022918.1 Staphylococcus phage S25-4 DNA, complete genome
NC_022920.1	139738	206	none	2	0		NC_022920.1 Staphylococcus phage S25-3 DNA, complete genome
NC_022965.1	52873	90	none	0	0		NC_022965.1 Mycobacterium phage CloudWang3, complete genome
NC_022966.1	88135	159	none	0	0		NC_022966.1 Pseudomonas phage PAK_P5, complete genome
NC_022967.1	92495	171	none	0	0		NC_022967.1 Pseudomonas phage PAK_P2, complete genome
NC_022968.1	148567	257	none	0	0		NC_022968.1 Escherichia phage 4MG, complete genome
NC_022969.1	76217	139	none	0	0		NC_022969.1 Mycobacterium phage PhatBacter, complete genome
NC_022970.1	88097	158	none	0	0		NC_022970.1 Pseudomonas phage PAK_P3, complete genome
NC_022971.1	45344	70	none	0	0		NC_022971.1 Pseudomonas phage phiIBB-PAA2, complete genome
NC_022972.2	37372	64	none	1	0		NC_022972.2 Arthrobacter phage vB_ArS-ArV2, complete genome
NC_022973.1	50755	78	none	0	0		NC_022973.1 Mycobacterium phage Conspiracy, complete genome
NC_022974.1	88255	162	none	0	0		NC_022974.1 Pseudomonas phage CHA_P1, complete genome
NC_022975.1	52390	86	none	0	0		NC_022975.1 Mycobacterium phage HanShotFirst, complete genome
NC_022976.1	75894	138	none	0	0		NC_022976.1 Mycobacterium phage Nala, complete genome
NC_022977.1	52344	89	none	0	0		NC_022977.1 Mycobacterium phage Artemis2UCLA, complete genome
NC_022979.1	52823	88	none	0	0		NC_022979.1 Mycobacterium phage Graduation, complete genome
NC_022980.1	45798	85	none	0	0		NC_022980.1 Brevibacillus phage Davies, complete genome
NC_022981.1	76323	138	none	0	0		NC_022981.1 Mycobacterium phage HufflyPuff, complete genome
NC_022982.1	43869	50	none	0	0		NC_022982.1 Xylella phage Paz, complete genome
NC_022983.1	68196	97	none	0	0		NC_022983.1 Mycobacterium phage Bernardo, complete genome
NC_022984.1	51319	78	none	0	0		NC_022984.1 Mycobacterium phage Jovo, complete genome
NC_022985.1	52122	88	none	0	0		NC_022985.1 Mycobacterium phage Zaka, complete genome
NC_022986.1	93147	170	none	0	0		NC_022986.1 Pseudomonas phage PAK_P4, complete genome
NC_022987.1	43940	50	none	0	0		NC_022987.1 Xylella phage Prado, complete genome
NC_022988.1	74210	132	none	0	0		NC_022988.1 Mycobacterium phage Bruin, complete genome
NC_022989.1	31080	49	none	0	0		NC_022989.1 Lactobacillus phage LL-Ku, complete genome
NC_022990.1	17276	20	none	0	0		NC_022990.1 Zamilon virophage complete genome
NC_023005.1	41386	51	none	0	0		NC_023005.1 Pseudomonas phage PPpW-4 DNA, complete sequence
NC_023006.1	43564	64	none	0	0		NC_023006.1 Pseudomonas phage PPpW-3 DNA, complete sequence
NC_023007.1	168876	265	none	1	1		NC_023007.1 Bacillus phage vB_BanS-Tsamsa, complete genome
NC_023009.1	127188	179	none	2	0		NC_023009.1 Staphylococcus phage Sb-1, complete genome
NC_023498.1	62466	99	none	0	0		NC_023498.1 Mycobacterium phage Validus, complete genome
NC_023499.1	42906	59	none	1	0		NC_023499.1 Staphylococcus phage StauST398-4, complete genome
NC_023500.1	43301	66	none	0	0		NC_023500.1 Staphylococcus phage StauST398-5, complete genome
NC_023501.1	159590	286	none	1	0		NC_023501.1 Bacillus phage BPS10C, complete genome
NC_023502.1	109558	184	none	0	0		NC_023502.1 Rhizobium phage vB_RleS_L338C, complete genome
NC_023503.1	48800	67	none	0	0		NC_023503.1 Streptococcus phage 20617 complete prophage genome
NC_023548.1	39651	50	none	0	0		NC_023548.1 Citrobacter phage CR8 complete genome
NC_023549.1	56789	77	none	0	0		NC_023549.1 Clavibacter phage CN1A, complete genome
NC_023550.1	17869	20	none	0	0		NC_023550.1 Staphylococcus phage GRCS, complete genome
NC_023551.1	40692	61	none	0	0		NC_023551.1 Enterococcus phage IME-EF4, complete genome
NC_023552.1	47162	74	none	0	0		NC_023552.1 Mycobacterium phage Donovan, complete genome
NC_023553.1	53159	93	none	0	0		NC_023553.1 Mycobacterium phage Echild, complete genome
NC_023554.1	70841	94	none	0	0		NC_023554.1 Mycobacterium phage JAMaL, complete genome
NC_023555.1	43017	58	none	0	0		NC_023555.1 Edwardsiella phage eiAU-183, complete genome
NC_023556.1	72329	87	none	0	1		NC_023556.1 Achromobacter phage JWAlpha, complete genome
NC_023557.1	271084	317	none	0	0		NC_023557.1 Erwinia phage Ea35-70, complete genome
NC_023558.1	38966	47	none	0	0		NC_023558.1 Cronobacter phage Dev2 complete genome
NC_023559.1	46145	54	none	0	0		NC_023559.1 Oenococcus phage phi9805, complete genome
NC_023560.1	43454	53	none	0	0		NC_023560.1 Oenococcus phage phiS13, complete genome
NC_023561.1	173276	293	none	0	1		NC_023561.1 Enterobacter phage PG7, complete genome
NC_023562.1	51236	80	none	0	0		NC_023562.1 Mycobacterium phage BellusTerra, complete genome
NC_023563.1	68262	94	none	1	0		NC_023563.1 Mycobacterium phage Suffolk, complete genome
NC_023564.1	52974	86	none	0	0		NC_023564.1 Mycobacterium phage EagleEye, complete genome
NC_023565.1	51250	81	none	0	0		NC_023565.1 Mycobacterium phage Nyxis, complete genome
NC_023566.1	56024	85	none	0	0		NC_023566.1 Rhizobium phage vB_RglS_P106B, complete genome
NC_023567.2	43766	56	none	0	0		NC_023567.2 Klebsiella phage F19, complete genome
NC_023568.1	246964	378	none	0	1		NC_023568.1 Vibrio phage VH7D, complete genome
NC_023569.1	77837	91	none	0	0		NC_023569.1 Vibrio phage SHOU24, complete genome
NC_023570.1	40739	45	none	0	0		NC_023570.1 Acinetobacter phage Petty, complete genome
NC_023571.1	46243	56	none	0	0		NC_023571.1 Oenococcus phage phiS11, complete genome
NC_023572.1	42240	68	none	0	0		NC_023572.1 Mycobacterium phage MichelleMyBell, complete genome
NC_023573.1	142094	208	none	2	0		NC_023573.1 Staphylococcus phage phiSA012 DNA, complete genome
NC_023574.1	128546	190	none	0	1		NC_023574.1 Lactococcus phage phiL47, complete genome
NC_023575.1	45550	68	none	1	0		NC_023575.1 Pseudomonas phage vB_PaeP_Tr60_Ab31
NC_023576.1	39207	48	none	0	0		NC_023576.1 Citrobacter phage CR44b complete genome
NC_023577.1	51797	81	none	0	0		NC_023577.1 Mycobacterium phage Obama12, complete genome
NC_023578.1	69099	86	none	0	0		NC_023578.1 Mycobacterium phage Oaker, complete genome
NC_023579.1	75568	92	none	0	1		NC_023579.1 Erwinia phage Ea9-2, complete genome
NC_023580.1	57775	100	none	0	0		NC_023580.1 Mycobacterium phage Saal, complete genome
NC_023581.1	77792	92	none	0	1		NC_023581.1 Acinetobacter phage Presley, complete genome
NC_023582.1	92417	128	none	1	0		NC_023582.1 Staphylococcus phage vB_SepS_SEP9, complete genome
NC_023583.1	45696	69	none	0	0		NC_023583.1 Pseudomonas phage TL complete genome
NC_023584.1	170438	198	none	0	0		NC_023584.1 Synechococcus phage S-MbCM100, complete genome
NC_023586.1	8460	18	none	0	0		NC_023586.1 Ralstonia phage 1 NP-2014, complete sequence
NC_023587.1	189311	210	none	1	0		NC_023587.1 Synechococcus phage S-MbCM7, complete genome
NC_023588.1	33525	43	none	0	0		NC_023588.1 Stenotrophomonas phage Smp131, complete genome
NC_023589.1	71629	100	none	0	0		NC_023589.1 Shigella phage pSb-1, complete genome
NC_023590.1	43050	54	none	0	0		NC_023590.1 Acinetobacter phage IME_AB3, complete genome
NC_023593.1	76184	123	none	0	0		NC_023593.1 Escherichia phage KBNP1711, complete genome
NC_023594.2	54791	67	none	0	0		NC_023594.2 Shewanella phage Spp001, complete genome
NC_023595.2	41687	68	none	1	0		NC_023595.2 Enterococcus phage IME_EF3, complete genome
NC_023597.1	53124	91	none	0	0		NC_023597.1 Mycobacterium phage 20ES, complete genome
NC_023599.1	38772	52	none	0	0		NC_023599.1 Bacillus phage phiCM3, complete genome
NC_023600.1	71058	95	none	0	0		NC_023600.1 Mycobacterium phage Jolie1, complete genome
NC_023601.2	98287	175	none	0	0		NC_023601.2 Pseudomonas phage phiPsa374, complete genome
NC_023602.1	50781	81	none	0	0		NC_023602.1 Mycobacterium phage 32HC, complete genome
NC_023603.1	71565	100	none	0	0		NC_023603.1 Mycobacterium phage 39HC, complete genome
NC_023604.1	44306	61	none	1	0		NC_023604.1 Mycobacterium phage Jolie2, complete genome
NC_023605.1	41529	63	none	0	0		NC_023605.1 Vibrio phage PVA1, complete genome
NC_023606.1	52963	88	none	0	0		NC_023606.1 Mycobacterium phage CRB1, complete genome
NC_023607.1	53396	84	none	0	0		NC_023607.1 Mycobacterium phage 40AC, complete genome
NC_023608.1	42093	55	none	0	0		NC_023608.1 Salmonella phage vB_SenS-Ent2 complete genome
NC_023609.1	46739	67	none	0	0		NC_023609.1 Mycobacterium phage RhynO, complete genome
NC_023610.1	218339	245	none	0	0		NC_023610.1 Erwinia phage PhiEaH1, complete genome
NC_023612.1	39078	57	none	0	0		NC_023612.1 Geobacillus phage GBK2, complete genome
NC_023614.1	43153	48	none	0	0		NC_023614.1 Croceibacter phage P2559Y, complete genome
NC_023686.1	67949	94	none	0	0		NC_023686.1 Mycobacterium phage Gadjet, complete genome
NC_023687.1	53003	93	none	0	0		NC_023687.1 Mycobacterium phage Bruns, complete genome
NC_023688.1	222006	329	none	0	1		NC_023688.1 Aeromonas phage PX29, complete genome
NC_023689.1	76260	138	none	0	0		NC_023689.1 Mycobacterium phage Lilac, complete genome
NC_023690.1	110569	228	none	0	0		NC_023690.1 Mycobacterium phage Courthouse, complete genome
NC_023691.1	70506	102	none	0	0		NC_023691.1 Mycobacterium phage Patience, complete genome
NC_023692.1	48984	78	none	0	0		NC_023692.1 Mycobacterium phage BigNuz, complete genome
NC_023693.1	148612	238	none	0	0		NC_023693.1 Enterobacteria phage phi92, complete genome
NC_023694.1	78064	108	none	0	0		NC_023694.1 Rhodococcus phage ReqiPoco6, complete genome
NC_023695.1	52481	83	none	0	0		NC_023695.1 Mycobacterium phage Violet, complete genome
NC_023696.1	157568	228	none	2	0		NC_023696.1 Mycobacterium phage Dandelion, complete genome
NC_023697.1	48420	76	none	0	0		NC_023697.1 Mycobacterium phage Babsiella, complete genome
NC_023698.1	54470	103	none	0	0		NC_023698.1 Mycobacterium phage Avani, complete genome
NC_023699.1	59016	101	none	0	0		NC_023699.1 Mycobacterium phage SG4, complete genome
NC_023700.1	34553	52	none	0	0		NC_023700.1 Pseudomonas phage PA1/KOR/2010, complete genome
NC_023702.1	52379	75	none	0	0		NC_023702.1 Mycobacterium phage Kugel, complete genome
NC_023703.1	64613	92	none	0	0		NC_023703.1 Mycobacterium phage Dori, complete genome
NC_023704.1	51421	81	none	0	0		NC_023704.1 Mycobacterium phage Doom, complete genome
NC_023705.1	41650	59	none	1	0		NC_023705.1 Mycobacterium phage Liefie, complete genome
NC_023706.1	75772	98	none	0	0		NC_023706.1 Rhodococcus phage ReqiDocB7, complete genome
NC_023707.1	53169	88	none	0	0		NC_023707.1 Mycobacterium phage Turbido, complete genome
NC_023708.1	51083	90	none	0	0		NC_023708.1 Mycobacterium phage Dreamboat, complete genome
NC_023709.1	51308	80	none	0	0		NC_023709.1 Mycobacterium phage Wile, complete genome
NC_023710.1	50844	81	none	0	0		NC_023710.1 Mycobacterium phage RidgeCB, complete genome
NC_023711.1	68720	100	none	1	0		NC_023711.1 Mycobacterium phage Oline, complete genome
NC_023712.1	71341	121	none	0	0		NC_023712.1 Mycobacterium phage Firecracker, complete genome
NC_023713.1	52288	89	none	0	0		NC_023713.1 Mycobacterium phage Blue7, complete genome
NC_023714.1	153882	219	none	2	0		NC_023714.1 Mycobacterium phage LinStu, complete genome
NC_023715.1	38616	42	none	1	0		NC_023715.1 Yersinia phage Yep-phi, complete genome
NC_023716.1	53177	88	none	0	0		NC_023716.1 Mycobacterium phage Alma, complete genome
NC_023717.1	151924	305	none	0	1		NC_023717.1 Cronobacter phage CR9, complete genome
NC_023719.1	497513	674	none	1	1		NC_023719.1 Bacillus phage G, complete genome
NC_023720.1	53142	85	none	0	0		NC_023720.1 Mycobacterium phage Perseus, complete genome
NC_023721.1	54411	96	none	0	0		NC_023721.1 Mycobacterium phage Drago, complete genome
NC_023722.1	59231	86	none	1	0		NC_023722.1 Rhodococcus phage ReqiPine5, complete genome
NC_023723.1	53684	85	none	0	0		NC_023723.1 Mycobacterium phage Aeneas, complete genome
NC_023724.1	62991	90	none	0	0		NC_023724.1 Mycobacterium phage Larva, complete genome
NC_023725.1	156646	227	none	1	0		NC_023725.1 Mycobacterium phage Nappy, complete genome
NC_023726.1	53597	89	none	0	0		NC_023726.1 Mycobacterium phage Euphoria, complete genome
NC_023727.1	68494	97	none	1	0		NC_023727.1 Mycobacterium phage Vista, complete genome
NC_023728.1	56461	102	none	0	0		NC_023728.1 Mycobacterium phage DeadP, complete genome
NC_023729.1	43036	66	none	0	0		NC_023729.1 Mycobacterium phage Charlie, complete genome
NC_023730.1	42594	63	none	0	0		NC_023730.1 Mycobacterium phage Redi, complete genome
NC_023731.1	53526	88	none	0	0		NC_023731.1 Mycobacterium phage Trixie, complete genome
NC_023732.1	69279	106	none	1	0		NC_023732.1 Mycobacterium phage Rumpelstiltskin, complete genome
NC_023733.1	154573	226	none	2	0		NC_023733.1 Mycobacterium phage MoMoMixon, complete genome
NC_023734.1	35725	50	none	0	0		NC_023734.1 Psychrobacter phage Psymv2, complete genome
NC_023735.1	76797	108	none	1	0		NC_023735.1 Rhodococcus phage ReqiPepy6, complete genome
NC_023736.1	40411	54	none	0	0		NC_023736.1 Ralstonia phage RSB2 DNA, complete genome
NC_023737.1	155586	223	none	1	0		NC_023737.1 Mycobacterium phage Pleione, complete genome
NC_023738.1	106327	194	none	0	0		NC_023738.1 Mycobacterium phage Thibault, complete genome
NC_023739.1	51821	77	none	0	0		NC_023739.1 Mycobacterium phage BillKnuckles, complete genome
NC_023740.1	68311	97	none	1	0		NC_023740.1 Mycobacterium phage JacAttac, complete genome
NC_023741.1	69641	94	none	0	0		NC_023741.1 Mycobacterium phage Stinger, complete genome
NC_023742.1	68711	97	none	0	0		NC_023742.1 Mycobacterium phage Akoma, complete genome
NC_023743.1	47180	74	none	0	0		NC_023743.1 Escherichia phage phiEB49, complete genome
NC_023744.1	60588	92	none	0	0		NC_023744.1 Mycobacterium phage DS6A, complete genome
NC_023746.1	57387	100	none	0	0		NC_023746.1 Mycobacterium phage GUmbie, complete genome
NC_023747.1	59672	92	none	1	0		NC_023747.1 Mycobacterium phage BarrelRoll, complete genome
NC_023748.1	53137	96	none	0	0		NC_023748.1 Mycobacterium phage SkiPole, complete genome
NC_023856.1	152460	198	none	0	0		NC_023856.1 Salmonella phage vB_SalM_SJ2, complete genome
NC_023859.1	59254	118	none	1	0		NC_023859.1 Microbacterium phage vB_MoxS-ISF9, complete genome
NC_023862.1	52136	84	none	0	0		NC_023862.1 Mycobacterium phage Alsfro, complete genome
NC_023863.2	66316	94	none	0	0		NC_023863.2 Vibrio phage CHOED, complete genome
NC_023865.1	55098	76	none	0	0		NC_023865.1 Pectobacterium phage PM1, complete genome
NC_024121.1	167266	271	none	0	1		NC_024121.1 Serratia phage PS2, complete genome
NC_024122.1	162910	209	none	0	0		NC_024122.1 Salmonella phage vB_SalM_SJ3, complete genome
NC_024123.1	64113	88	none	1	0		NC_024123.1 Pseudomonas phage KPP25 DNA, complete sequence
NC_024124.2	169148	272	none	0	1		NC_024124.2 Escherichia phage vB_EcoM_JS09, complete genome
NC_024125.2	168470	275	none	0	1		NC_024125.2 Escherichia phage e11/2, complete genome
NC_024134.1	139020	217	none	0	0		NC_024134.1 Escherichia phage vB_EcoM_FFH2, complete genome
NC_024135.1	42392	61	none	0	0		NC_024135.1 Mycobacterium phage Bernal13, complete genome
NC_024136.1	51781	88	none	0	0		NC_024136.1 Mycobacterium phage Seabiscuit, complete genome
NC_024137.1	152778	216	none	1	0		NC_024137.1 Bacillus phage Bcp1, complete genome
NC_024138.1	65243	103	none	0	0		NC_024138.1 Mycobacterium phage MosMoris, complete genome
NC_024139.1	108483	158	none	0	0		NC_024139.1 Escherichia phage vB_EcoS_FFH1, complete genome
NC_024140.1	72028	90	none	0	0		NC_024140.1 Pseudomonas phage vB_PaeP_C2-10_Ab09, complete genome
NC_024141.1	51378	81	none	0	0		NC_024141.1 Mycobacterium phage Kampy, complete genome
NC_024142.2	72583	92	none	0	1		NC_024142.2 Enterobacteria phage Bp4, complete genome
NC_024143.1	53255	87	none	0	0		NC_024143.1 Mycobacterium phage Lamina13, complete genome
NC_024144.1	54279	88	none	1	0		NC_024144.1 Clostridium phage CDMH1 complete genome
NC_024145.1	70667	94	none	0	0		NC_024145.1 Mycobacterium phage Hosp, complete genome
NC_024146.1	56702	73	none	0	0		NC_024146.1 Enterobacteria phage 9g, complete genome
NC_024147.1	57315	89	none	0	0		NC_024147.1 Mycobacterium phage ZoeJ, complete genome
NC_024148.1	50101	82	none	0	0		NC_024148.1 Mycobacterium phage Phantastic, complete genome
NC_024149.1	18899	24	none	0	0		NC_024149.1 Lactoccocus phage WP-2, complete genome
NC_024203.1	53513	76	none	0	0		NC_024203.1 Lactococcus phage P092, complete genome
NC_024204.1	42764	59	none	0	0		NC_024204.1 Salmonella phage vB_SenS-Ent3 complete genome
NC_024205.1	159837	289	none	1	0		NC_024205.1 Bacillus phage Hoody T, complete genome
NC_024206.1	38269	59	none	0	0		NC_024206.1 Lactobacillus phage phi jlb1, complete genome
NC_024207.1	159656	285	none	1	0		NC_024207.1 Bacillus phage Evoli, complete genome
NC_024208.1	54173	80	none	0	0		NC_024208.1 Lactococcus phage P118, complete genome
NC_024209.1	67383	92	none	0	0		NC_024209.1 Mycobacterium phage Hawkeye, complete genome
NC_024210.1	47112	74	none	0	0		NC_024210.1 Escherichia phage e4/1c, complete genome
NC_024211.1	158750	285	none	1	0		NC_024211.1 Bacillus phage Megatron, complete genome
NC_024212.1	55726	86	none	0	0		NC_024212.1 Enterococcus phage VD13, complete genome
NC_024213.1	158100	284	none	1	0		NC_024213.1 Bacillus phage Hakuna, complete genome
NC_024214.1	55584	82	none	0	0		NC_024214.1 Lactococcus phage P162, complete genome
NC_024215.1	54452	77	none	0	0		NC_024215.1 Lactococcus phage P078, complete genome
NC_024216.1	160541	290	none	1	0		NC_024216.1 Bacillus phage CAM003, complete genome
NC_024217.1	82438	142	none	1	0		NC_024217.1 Nitrincola phage 1M3-16, complete genome
NC_024329.1	39425	49	none	0	0		NC_024329.1 Podophage Lau218, complete genome
NC_024330.1	37380	56	none	0	0		NC_024330.1 Pseudomonas phage JD024, complete genome
NC_024354.1	149162	279	none	0	0		NC_024354.1 Cronobacter phage CR8, complete genome
NC_024355.1	93794	139	none	1	0		NC_024355.1 Staphylococcus phage 6ec, complete genome
NC_024356.1	42597	71	none	0	0		NC_024356.1 Enterococcus phage IME-EFm1, complete genome
NC_024357.1	39360	61	none	0	0		NC_024357.1 Streptococcus phage K13, complete sequence
NC_024358.1	41750	40	none	1	0		NC_024358.1 Anabaena phage A-4L, complete genome
NC_024359.1	133048	179	none	1	0		NC_024359.1 Listeria phage LP-048, complete genome
NC_024360.1	138036	191	none	1	0		NC_024360.1 Listeria phage LMSP-25, complete genome
NC_024361.1	38392	64	none	0	0		NC_024361.1 Streptococcus phage DCC1738, complete sequence
NC_024362.1	40472	48	none	0	0		NC_024362.1 Pseudomonas phage phiPSA2, complete genome
NC_024363.1	68807	98	none	1	0		NC_024363.1 Mycobacterium phage Manad, complete genome
NC_024364.1	131952	180	none	1	0		NC_024364.1 Listeria phage List-36, complete genome
NC_024365.1	51090	76	none	0	0		NC_024365.1 Pseudomonas phage phiPSA1, complete genome
NC_024366.1	62661	90	none	0	0		NC_024366.1 Mycobacterium phage OkiRoe, complete genome
NC_024367.1	75028	83	none	0	1		NC_024367.1 Dinoroseobacter phage DFL12phi1, complete genome
NC_024368.1	50610	76	none	0	0		NC_024368.1 Mycobacterium phage Pinto, complete genome
NC_024369.2	41569	64	none	0	0		NC_024369.2 Vibrio phage X29, complete genome
NC_024370.1	39965	65	none	0	0		NC_024370.1 Streptococcus phage IC1, complete sequence
NC_024371.1	68386	84	none	0	0		NC_024371.1 Mycobacterium phage Damien, complete genome
NC_024375.1	67150	113	none	0	0		NC_024375.1 Listeria phage LP-026, complete genome
NC_024378.1	28015	42	none	0	0		NC_024378.1 Leuconostoc phage phiLNTR3, complete genome
NC_024379.1	39093	47	none	0	0		NC_024379.1 Escherichia phage PE3-1, complete genome
NC_024380.1	25740	39	none	0	0		NC_024380.1 Leuconostoc phage phiLN6B, complete genome
NC_024381.1	43056	55	none	0	0		NC_024381.1 Pseudomonas phage vB_PaeS_SCH_Ab26, complete genome
NC_024383.1	135831	188	none	1	0		NC_024383.1 Listeria phage LP-083-2, complete genome
NC_024384.1	41156	72	none	0	0		NC_024384.1 Listeria phage LP-030-3, complete genome
NC_024385.1	28193	41	none	0	0		NC_024385.1 Leuconostoc phage phiLN12, complete genome
NC_024386.1	28427	41	none	0	0		NC_024386.1 Leuconostoc phage phiLN25, complete genome
NC_024387.1	43767	67	none	0	0		NC_024387.1 Listeria phage LP-101, complete genome
NC_024388.1	28022	43	none	0	0		NC_024388.1 Leuconostoc phage phiLN34, complete genome
NC_024389.1	28336	44	none	0	0		NC_024389.1 Leuconostoc phage phiLNTR2, complete genome
NC_024390.1	26752	39	none	0	0		NC_024390.1 Leuconostoc phage phiLN03, complete genome
NC_024391.1	41941	62	none	0	0		NC_024391.1 Staphylococcus phage DW2, complete genome
NC_024392.1	66676	116	none	1	0		NC_024392.1 Listeria phage LP-114, complete genome
NC_024697.1	370920	401	none	0	0		NC_024697.1 Aureococcus anophagefferens virus isolate BtV-01, complete genome
NC_024782.1	36838	53	none	0	0		NC_024782.1 Pseudomonas phage MP48, complete genome
NC_024783.1	44332	60	none	0	0		NC_024783.1 Enterobacteria phage EK99P-1, complete genome
NC_024784.1	46440	75	none	0	0		NC_024784.1 Escherichia phage bV_EcoS_AHS24, complete genome
NC_024785.1	44844	84	none	0	0		NC_024785.1 Acinetobacter phage YMC-13-01-C62, complete genome
NC_024786.1	71248	83	none	0	1		NC_024786.1 Escherichia phage vB_EcoP_PhAPEC5, complete genome
NC_024787.1	132541	184	none	1	0		NC_024787.1 Listeria phage LMTA-148, complete genome
NC_024788.1	162816	287	none	1	0		NC_024788.1 Bacillus phage Riley, complete genome
NC_024789.1	45746	71	none	0	0		NC_024789.1 Escherichia phage bV_EcoS_AKS96, complete genome
NC_024790.1	71778	87	none	0	1		NC_024790.1 Escherichia phage vB_EcoP_PhAPEC7, complete genome
NC_024791.1	50440	71	none	0	0		NC_024791.1 Vibrio phage ICP2_2013_A_Haiti, complete genome
NC_024792.1	160281	244	none	2	0		NC_024792.1 Bacillus phage Bobb, complete genome
NC_024793.1	46847	75	none	0	0		NC_024793.1 Escherichia phage bV_EcoS_AHP42, complete genome
NC_024794.1	167318	263	none	0	1		NC_024794.1 Escherichia phage vB_EcoM_PhAPEC2, complete genome
NC_025115.1	40002	47	none	0	0		NC_025115.1 Ralstonia phage RSY1 DNA, complete genome
NC_025414.1	178171	275	none	0	1		NC_025414.1 Citrobacter phage Miller, complete genome
NC_025415.1	32799	52	none	0	0		NC_025415.1 Lactobacillus phage Ld25A, complete genome
NC_025416.1	141907	209	none	2	0		NC_025416.1 Staphylococcus phage MCE-2014, complete genome
NC_025417.1	140903	214	none	2	0		NC_025417.1 Staphylococcus phage Team1, complete genome
NC_025418.1	43871	53	none	1	0		NC_025418.1 Klebsiella phage NTUH-K2044-K1-1 DNA, complete genome
NC_025419.1	168402	269	none	0	1		NC_025419.1 Enterobacteria phage RB3, complete genome
NC_025420.1	32975	51	none	0	0		NC_025420.1 Lactobacillus phage Ld17, complete genome
NC_025421.1	29616	48	none	0	1		NC_025421.1 Lactobacillus phage Ld3, complete genome
NC_025422.1	155997	275	none	0	0		NC_025422.1 Caulobacter phage Cr30, complete genome
NC_025423.1	138658	209	none	1	0		NC_025423.1 Bacillus phage CP-51, complete genome
NC_025424.1	45648	70	none	1	0		NC_025424.1 Bacillus phage Waukesha92, complete genome
NC_025425.1	163424	268	none	0	1		NC_025425.1 Enterobacteria phage GEC-3S complete genome
NC_025426.1	140807	229	none	2	0		NC_025426.1 Staphylococcus phage P108, complete genome
NC_025427.1	54506	89	none	0	0		NC_025427.1 Rhizobium phage vB_RleM_PPF1, complete genome
NC_025428.1	59601	86	none	0	0		NC_025428.1 Ruegeria phage DSS3-P1, complete genome
NC_025429.1	156446	257	none	0	0		NC_025429.1 Rhizobium phage vB_RleM_P10VF, complete genome
NC_025430.1	42351	59	none	0	0		NC_025430.1 Escherichia phage vB_EcoM-ep3, complete genome
NC_025431.1	45718	64	none	0	0		NC_025431.1 Mesorhizobium phagevB_MloP_Lo5R7ANS, complete genome
NC_025433.1	58550	107	none	0	0		NC_025433.1 Mycobacteriophage Taj, complete genome
NC_025434.1	62699	76	none	0	0		NC_025434.1 Shigella phage POCJ13, complete genome
NC_025436.1	133824	227	none	0	0		NC_025436.1 Shewanella sp. phage 1/4, complete genome
NC_025437.1	169062	271	none	0	1		NC_025437.1 Shigella phage Shf125875, complete genome
NC_025438.1	67744	94	none	1	0		NC_025438.1 Mycobacterium phage Soto, complete genome
NC_025439.1	34773	55	none	0	0		NC_025439.1 Idiomarinaceae phage 1N2-2, complete genome
NC_025440.1	134369	185	none	1	0		NC_025440.1 Listeria phage WIL-1, complete genome
NC_025441.1	66854	98	none	1	1		NC_025441.1 Escherichia phage ECML-117, complete genome
NC_025442.1	59578	73	none	0	0		NC_025442.1 Salmonella phage Chi, complete genome
NC_025443.1	52869	80	none	0	0		NC_025443.1 Salmonella phage 9NA, complete genome
NC_025444.1	53332	90	none	0	0		NC_025444.1 Mycobacterium phage RedRock, complete genome
NC_025445.1	40981	47	none	0	0		NC_025445.1 Enterobacteria phage J8-65, complete genome
NC_025446.1	157308	203	none	0	0		NC_025446.1 Escherichia phage ECML-4, complete genome
NC_025447.1	348532	587	none	0	1		NC_025447.1 Escherichia phage 121Q, complete genome
NC_025448.1	165179	266	none	0	1		NC_025448.1 Enterobacteria phage RB27, complete genome
NC_025449.1	166783	268	none	0	1		NC_025449.1 Escherichia phage ECML-134, complete genome
NC_025450.1	44366	52	none	0	0		NC_025450.1 Lelliottia phage phD2B, complete genome
NC_025451.1	38646	44	none	0	0		NC_025451.1 Yersinia phage vB_YenP_AP5, complete genome
NC_025452.1	155346	197	none	0	0		NC_025452.1 Dickeya phage RC-2014, complete genome
NC_025453.1	40286	58	none	0	0		NC_025453.1 Enterococcus phage EFC-1, complete genome
NC_025454.1	7679	13	none	0	0		NC_025454.1 Ralstonia phage RS603 DNA, complete genome
NC_025455.1	46237	55	none	0	0		NC_025455.1 Synechococcus phage S-CBP2, complete genome
NC_025456.1	46547	60	none	0	0		NC_025456.1 Synechococcus phage S-CBP1, complete genome
NC_025457.1	42654	52	none	0	0		NC_025457.1 Acinetobacter phage vB_AbaP_Acibel007, complete genome
NC_025458.1	43510	60	none	0	0		NC_025458.1 Shewanella sp. phage 1/41, complete genome
NC_025459.1	53744	85	none	0	0		NC_025459.1 Aeromonas phage pAh6-C, complete genome
NC_025460.1	42600	70	none	0	0		NC_025460.1 Staphylococcus phage phiSa119, complete genome
NC_025461.1	45871	63	none	0	0		NC_025461.1 Synechococcus phage S-CBP3, complete genome
NC_025462.1	99730	152	none	0	0		NC_025462.1 Acinetobacter phage vB_AbaM_Acibel004, complete genome
NC_025463.1	49640	67	none	0	0		NC_025463.1 Shewanella sp. phage 1/44, complete genome
NC_025464.1	44147	62	none	0	0		NC_025464.1 Synechococcus phage S-CBP4, complete genome
NC_025465.1	40923	68	none	1	0		NC_025465.1 Enterococcus phage EfaCPT1, complete genome
NC_025466.1	40161	70	none	0	0		NC_025466.1 Shewanella sp. phage 3/49, complete genome
NC_025467.1	17972	25	none	0	0		NC_025467.1 Enterococcus phage vB_Efae230P-4, complete genome
NC_025470.1	139004	228	none	0	0		NC_025470.1 Shewanella sp. phage 1/40, complete genome
NC_025471.1	36844	61	none	0	0		NC_025471.1 Idiomarinaceae phage Phi1M2-2, complete genome
NC_025822.1	42544	45	none	0	0		NC_025822.1 Vibrio phage phi-A318, complete genome
NC_025823.1	6407	7	none	0	0		NC_025823.1 Bacteriophage f1, complete genome
NC_025824.1	6408	7	none	0	0		NC_025824.1 Escherichia phage fd strain 478, complete genome
NC_025829.1	164999	260	none	0	1		NC_025829.1 Shigella phage pSs-1, complete genome
NC_025830.1	120938	202	none	0	0		NC_025830.1 Escherichia phage Av-05, complete genome
NC_026010.1	50109	77	none	0	0		NC_026010.1 Shigella phage pSf-2, complete genome
NC_026013.1	5755	6	none	0	0		NC_026013.1 Microviridae IME-16, complete sequence
NC_026014.1	35814	49	none	0	0		NC_026014.1 Enterobacteria phage P88, complete genome
NC_026016.1	43748	67	none	0	0		NC_026016.1 Staphylococcus phage phiBU01, complete genome
NC_026017.1	41880	60	none	0	0		NC_026017.1 Salmonella phage LSPA1, complete genome
NC_026582.1	4817	9	none	0	0		NC_026582.1 Uncultured phage WW-nAnB, complete genome
NC_026583.1	49577	81	none	0	0		NC_026583.1 Mycobacterium phage Alvin, complete genome
NC_026584.1	109871	215	none	0	0		NC_026584.1 Mycobacterium phage Minerva, complete genome
NC_026585.1	60727	103	none	0	0		NC_026585.1 Mycobacteriophage Estave1, complete genome
NC_026586.1	66299	94	none	0	0		NC_026586.1 Pseudomonas phage vB_PaeM_PAO1_Ab27, complete genome
NC_026587.1	86246	152	none	0	0		NC_026587.1 Pseudomonas phage vB_PaeM_PAO1_Ab03, complete genome
NC_026588.1	60285	91	none	0	0		NC_026588.1 Mycobacterium phage Squirty, complete genome
NC_026589.1	55832	85	none	0	0		NC_026589.1 Mycobacterium phage Sbash, complete genome
NC_026590.1	90460	158	none	0	0		NC_026590.1 Mycobacterium phage Gaia, complete genome
NC_026591.1	44716	62	none	0	0		NC_026591.1 Mycobacterium phage Trike, complete genome
NC_026593.1	59419	104	none	0	0		NC_026593.1 Mycobacterium phage BuzzLyseyear, complete genome
NC_026594.1	56537	76	none	0	1		NC_026594.1 Pseudomonas phage vB_PaeS_PAO1_Ab18, complete genome
NC_026595.1	54986	99	none	0	0		NC_026595.1 Mycobacterium phage Hades, complete genome
NC_026596.1	57052	97	none	0	0		NC_026596.1 Mycobacterium phage Inventum, complete genome
NC_026597.1	63334	86	none	0	0		NC_026597.1 Mycobacterium phage Sparky, complete genome
NC_026598.1	58211	91	none	0	0		NC_026598.1 Mycobacterium phage Milly, complete genome
NC_026599.1	45808	68	none	0	0		NC_026599.1 Pseudomonas phage vB_PaeP_C2-10_Ab22, complete genome
NC_026600.1	66181	92	none	1	0		NC_026600.1 Pseudomonas phage vB_PaeM_C1-14_Ab28, complete genome
NC_026601.1	37238	56	none	0	0		NC_026601.1 Pseudomonas phage vB_PaeS_PAO1_Ab30, complete genome
NC_026602.1	43639	55	none	0	0		NC_026602.1 Pseudomonas phage vB_PaeP_PAO1_Ab05, complete genome
NC_026603.1	61251	93	none	0	0		NC_026603.1 Mycobacterium phage Keshu, complete genome
NC_026604.1	53636	96	none	0	0		NC_026604.1 Mycobacterium phage Cerasum, complete genome
NC_026605.1	46869	75	none	0	0		NC_026605.1 Mycobacterium phage Malithi, complete genome
NC_026606.1	71200	111	none	0	0		NC_026606.1 Arthrobacter phage vB_ArtM-ArV1, complete genome
NC_026607.2	159914	256	none	1	1		NC_026607.2 Salmonella phage STP4-a, complete genome
NC_026608.1	42093	55	none	1	0		NC_026608.1 Paracoccus phage vB_PmaS-R3, complete genome
NC_026609.1	74806	81	none	0	1		NC_026609.1 Lactobacillus phage Ldl1, complete genome
NC_026610.2	56637	81	none	0	0		NC_026610.2 Vibrio phage VpKK5, complete genome
NC_026611.1	43129	80	none	0	0		NC_026611.1 Edwardsiella phage GF-2 DNA, complete sequence
NC_026612.1	5077	8	none	0	0		NC_026612.1 Uncultured phage WW-nAnB strain 2, complete genome
NC_026613.1	5210	8	none	0	0		NC_026613.1 Uncultured phage WW-nAnB strain 3, complete genome
NC_026923.1	179110	207	none	0	0		NC_026923.1 Synechococcus phage ACG-2014d isolate Syn7803C102, complete genome
NC_026924.1	174885	207	none	0	0		NC_026924.1 Synechococcus phage ACG-2014g isolate Syn7803US105, complete genome
NC_026926.1	192108	223	none	0	0		NC_026926.1 Synechococcus phage ACG-2014j isolate Syn7803US103, complete genome
NC_026927.1	228143	276	none	1	0		NC_026927.1 Synechococcus phage ACG-2014f isolate Syn7803C90, complete genome
NC_026928.1	189418	215	none	0	0		NC_026928.1 Synechococcus phage ACG-2014e isolate Syn7803C2, complete genome
NC_027118.1	39422	47	none	0	0		NC_027118.1 Vibrio phage phiVC8, complete genome
NC_027119.1	157498	204	none	0	0		NC_027119.1 Salmonella phage Det7, complete genome
NC_027120.1	36892	41	none	0	0		NC_027120.1 Lactococcus phage 1358, complete sequence
NC_027125.1	47142	72	none	0	0		NC_027125.1 Flavobacterium phage FCL-2, complete genome
NC_027130.1	172688	212	none	0	0		NC_027130.1 Synechococcus phage ACG-2014b isolate Syn7803C100, complete genome
NC_027132.1	190768	213	none	0	0		NC_027132.1 Synechococcus phage ACG-2014i isolate Syn7803US120, complete genome
NC_027204.1	194701	361	none	0	0		NC_027204.1 Sinorhizobium phage phiM12, complete genome
NC_027292.1	39167	46	none	0	0		NC_027292.1 Pseudomonas phage Pf-10, complete genome
NC_027293.1	87999	131	none	1	0		NC_027293.1 Citrobacter phage Moogle, complete genome
NC_027294.1	29438	41	none	0	0		NC_027294.1 Propionibacterium phage PHL150M00, complete genome
NC_027295.1	29806	41	none	0	0		NC_027295.1 Propionibacterium phage PHL199M00, complete genome
NC_027296.1	53721	82	none	2	0		NC_027296.1 Rhizobium phage RHEph06, complete genome
NC_027297.1	123475	176	none	1	0		NC_027297.1 Salmonella phage Stitch, complete genome
NC_027298.1	36814	53	none	0	0		NC_027298.1 Pseudomonas phage LPB1, complate genome
NC_027299.1	42092	72	none	0	0		NC_027299.1 Sulfitobacter phage NYA-2014a, complete genome
NC_027329.1	87510	122	none	0	0		NC_027329.1 Salmonella phage vB_SPuM_SP116, complete genome
NC_027330.1	45403	57	none	0	0		NC_027330.1 Escherichia phage ECBP5, complete genome
NC_027331.1	170341	300	none	0	1		NC_027331.1 Citrobacter phage Moon, complete genome
NC_027332.1	98170	161	none	0	0		NC_027332.1 Acinetobacter phage YMC13/03/R2096, complete genome
NC_027333.1	29421	41	none	0	0		NC_027333.1 Propionibacterium phage PHL070N00, complete genome
NC_027334.1	47800	68	none	0	0		NC_027334.1 Aurantimonas phage AmM-1 DNA, complete sequence
NC_027335.2	145519	218	none	1	0		NC_027335.2 Enterococcus phage ECP3, complete genome
NC_027336.1	29503	41	none	0	0		NC_027336.1 Propionibacterium phage PHL009M11, complete genome
NC_027337.1	88403	124	none	0	0		NC_027337.1 Escherichia phage vB_EcoM-VpaE1, complete genome
NC_027339.1	38389	58	none	0	0		NC_027339.1 Enterobacteria phage SfI, complete genome
NC_027340.1	162160	221	none	0	0		NC_027340.1 Erwinia phage phiEa2809, complete genome
NC_027341.1	130008	184	none	0	1		NC_027341.1 Lactococcus phage WRP3, complete genome
NC_027342.1	41268	50	none	0	0		NC_027342.1 Proteus phage PM16, complete genome
NC_027344.1	158099	247	none	0	1		NC_027344.1 Salmonella phage STML-198, complete genome
NC_027345.1	73008	95	none	0	0		NC_027345.1 Pseudomonas phage Pa2, complete genome
NC_027346.1	29327	42	none	0	0		NC_027346.1 Propionibacterium phage PHL171M01, complete genome
NC_027347.1	29511	42	none	0	0		NC_027347.1 Propionibacterium phage PHL151M00, complete genome
NC_027348.2	73882	89	none	0	1		NC_027348.2 Delftia phage RG-2014, complete genome
NC_027349.1	166977	269	none	0	1		NC_027349.1 Escherichia phage HY01, complete genome
NC_027350.1	49816	83	none	1	0		NC_027350.1 Citrobacter phage Stevie, complete genome
NC_027351.1	147745	239	none	0	0		NC_027351.1 Salmonella phage SSE-121, complete genome
NC_027352.1	159492	213	none	1	0		NC_027352.1 Bacillus phage JBP901, complete genome
NC_027353.1	167063	270	none	0	1		NC_027353.1 Yersinia phage phiD1 complete genome
NC_027354.1	29323	41	none	0	0		NC_027354.1 Propionibacterium phage PHL301M00, complete genome
NC_027355.1	159071	211	none	1	0		NC_027355.1 Bacillus phage BCP8-2, complete genome
NC_027356.1	108065	147	none	0	0		NC_027356.1 Escherichia phage DT57C, complete genome
NC_027357.1	29496	41	none	0	0		NC_027357.1 Propionibacterium phage PHL025M00, complete genome
NC_027358.1	28527	46	none	0	0		NC_027358.1 Leuconostoc phage Ln-9, complete genome
NC_027360.1	87603	128	none	0	0		NC_027360.1 Enterobacteriaphage UAB_Phi87, complete genome
NC_027361.1	29454	41	none	0	0		NC_027361.1 Propionibacterium phage PHL085N00, complete genome
NC_027362.1	29394	40	none	0	0		NC_027362.1 Propionibacterium phage PHL116M00, complete genome
NC_027363.1	41480	52	none	0	0		NC_027363.1 Proteus phage PM 75, complete genome
NC_027364.1	348113	593	none	0	1		NC_027364.1 Escherichia phage PBECO 4, complete genome
NC_027365.1	58076	92	none	0	0		NC_027365.1 Mycobacterium phage Fionnbharth, complete genome
NC_027366.1	164302	222	none	2	0		NC_027366.1 Bacillus phage Mater, complete genome
NC_027367.1	29003	40	none	0	0		NC_027367.1 Propionibacterium phage PHL132N00, complete genome
NC_027368.1	33828	49	none	0	0		NC_027368.1 Vibrio phage PV94, complete genome
NC_027369.1	86231	136	none	0	0		NC_027369.1 Escherichia phage EC6, complete genome
NC_027370.1	29428	41	none	0	0		NC_027370.1 Propionibacterium phage PHL179M00, complete genome
NC_027371.1	29741	42	none	0	0		NC_027371.1 Propionibacterium phage Pacnes 2012-15, complete genome
NC_027372.1	39639	46	none	1	1		NC_027372.1 Bacillus phage Pascal, complete genome
NC_027373.1	29423	43	none	0	0		NC_027373.1 Propionibacterium phage PHL030N00, complete genome
NC_027374.1	161239	217	none	2	0		NC_027374.1 Bacillus phage Moonbeam, complete genome
NC_027375.1	43227	53	none	0	0		NC_027375.1 Pseudomonas phage vB_PaeP_PPA-ABTNL, complete genome
NC_027376.1	29442	41	none	0	0		NC_027376.1 Propionibacterium phage PHL308M00, complete genome
NC_027377.1	28921	43	none	0	0		NC_027377.1 Leuconostoc phage Ln-8, complete genome
NC_027378.1	56776	87	none	0	0		NC_027378.1 Escherichia phage Seurat, complete genome
NC_027379.1	43642	50	none	0	0		NC_027379.1 Proteus phage PM 85, complete genome
NC_027380.1	29377	42	none	0	0		NC_027380.1 Propionibacterium phage PHL067M01, complete genome
NC_027381.1	68365	81	none	0	1		NC_027381.1 Escherichia phage Pollock, complete genome
NC_027382.1	37146	52	none	0	0		NC_027382.1 Enterobacteria phage SfMu, complete genome
NC_027383.1	44613	60	none	0	0		NC_027383.1 Escherichia phage YD-2008.s, complete genome
NC_027384.1	37359	55	none	0	0		NC_027384.1 Pseudomonas phage H70, complete genome
NC_027385.1	29261	40	none	0	0		NC_027385.1 Propionibacterium phage PHL092M00, complete genome
NC_027386.1	29247	42	none	0	0		NC_027386.1 Propionibacterium phage PHL152M00, complete genome
NC_027387.1	38810	50	none	0	0		NC_027387.1 Escherichia phage CICC 80001, complete genome
NC_027388.1	73050	92	none	0	0		NC_027388.1 Pseudomonas phage YH6, complete genome
NC_027389.1	29494	41	none	0	0		NC_027389.1 Propionibacterium phage PHL141N00, complete genome
NC_027390.1	45169	52	none	0	0		NC_027390.1 Proteus phage PM 93, complete genome
NC_027391.1	29412	40	none	0	0		NC_027391.1 Propionibacterium phage PHL041M10, complete genome
NC_027392.1	29264	41	none	0	0		NC_027392.1 Propionibacterium phage PHL194M00, complete genome
NC_027393.1	39530	47	none	0	0		NC_027393.1 Vibrio phage J2, complete genome
NC_027394.1	40214	47	none	1	1		NC_027394.1 Bacillus phage Pookie, complete genome
NC_027395.1	77327	123	none	0	0		NC_027395.1 Phage vB_EcoP_SU10, complete genome
NC_027396.1	33756	49	none	0	0		NC_027396.1 Streptococcus phage SpSL1, complete genome
NC_027397.1	39725	48	none	0	0		NC_027397.1 Vibrio phage QH, complete genome
NC_027398.1	38742	56	none	0	0		NC_027398.1 Enterobacteria phage Sf101, complete genome
NC_027399.1	346602	548	none	0	0		NC_027399.1 Klebsiella phage K64-1 DNA, complete genome
NC_027400.1	29264	41	none	0	0		NC_027400.1 Propionibacterium phage PHL055N00, complete genome
NC_027401.1	29751	43	none	0	0		NC_027401.1 Propionibacterium phage PHL095N00, complete genome
NC_027402.1	240413	262	none	0	0		NC_027402.1 Salmonella phage SPN3US, complete genome
NC_027403.1	29255	41	none	0	0		NC_027403.1 Propionibacterium phage PHL117M00, complete genome
NC_027404.1	167785	269	none	0	1		NC_027404.1 Yersinia phage PST, complete genome
NC_027405.1	29264	40	none	0	0		NC_027405.1 Propionibacterium phage PHL163M00, complete genome
NC_027620.1	29726	41	none	0	0		NC_027620.1 Propionibacterium phage MrAK, complete genome
NC_027621.1	29463	41	none	0	0		NC_027621.1 Propionibacterium phage Wizzo, complete genome
NC_027622.1	29330	42	none	0	0		NC_027622.1 Propionibacterium phage Stormborn, complete genome
NC_027623.2	29324	41	none	0	0		NC_027623.2 Propionibacterium phage Pirate, complete genome
NC_027624.1	29594	41	none	0	0		NC_027624.1 Propionibacterium phage SKKY, complete genome
NC_027625.1	29461	41	none	0	0		NC_027625.1 Propionibacterium phage Kubed, complete genome
NC_027626.1	29347	41	none	0	0		NC_027626.1 Propionibacterium phage Procrass1, complete genome
NC_027627.1	29440	42	none	0	0		NC_027627.1 Propionibacterium phage Solid, complete genome
NC_027628.1	29517	41	none	0	0		NC_027628.1 Propionibacterium phage Lauchelly, complete genome
NC_027629.1	28876	40	none	0	0		NC_027629.1 Propionibacterium phage Attacne, complete genome
NC_027630.1	29506	41	none	0	0		NC_027630.1 Propionibacterium phage Ouroboros, complete genome
NC_027634.1	4451	6	none	0	0		NC_027634.1 Microviridae Bog1249_12, complete genome
NC_027635.1	4815	6	none	0	0		NC_027635.1 Microviridae Bog5275_51, complete genome
NC_027638.1	4671	6	none	0	0		NC_027638.1 Microviridae Bog9017_22, complete genome
NC_027639.1	4366	5	none	0	0		NC_027639.1 Microviridae Fen2266_11, complete genome
NC_027640.1	4949	6	none	0	0		NC_027640.1 Microviridae Fen418_41, complete genome
NC_027641.1	4552	6	none	0	0		NC_027641.1 Microviridae Fen4707_41, complete genome
NC_027643.1	4654	5	none	0	0		NC_027643.1 Microviridae Fen685_11, complete genome
NC_027644.1	4686	7	none	0	0		NC_027644.1 Microviridae Fen7786_21, complete genome
NC_027646.1	4424	5	none	0	0		NC_027646.1 Microviridae Fen7895_21, complete genome
NC_027647.1	4199	4	none	0	0		NC_027647.1 Microviridae Fen7918_21, complete genome
NC_027648.1	4453	5	none	0	0		NC_027648.1 Microviridae Fen7940_21, complete genome
NC_027979.1	168401	266	none	0	1		NC_027979.1 Enterobacteria phage RB68, complete genome
NC_027980.1	43804	59	none	0	0		NC_027980.1 Enterobacter phage phiKDA1, complete genome
NC_027981.1	42612	61	none	1	0		NC_027981.1 Vibrio phage VP58.5, complete genome
NC_027982.1	32847	50	none	1	0		NC_027982.1 Lactobacillus phage phiPYB5, complete genome
NC_027983.1	167435	265	none	0	1		NC_027983.1 Enterobacteria phage AR1 DNA, complete genome
NC_027984.1	57677	76	none	0	0		NC_027984.1 Stx2 converting phage vB_EcoP_24B, complete genome
NC_027985.1	68016	96	none	1	0		NC_027985.1 Mycobacterium phage UncleHowie, complete genome
NC_027986.1	39014	55	none	1	0		NC_027986.1 Pseudomonas phage JBD18, complete genome
NC_027987.1	29508	49	none	0	0		NC_027987.1 Leuconostoc phage 1-A4, complete genome
NC_027988.2	47636	81	none	0	0		NC_027988.2 Citrobacter phage CVT22, complete genome
NC_027989.1	53237	66	none	0	0		NC_027989.1 Campylobacter phage vB_CcoM-IBB_35 clone Contig1, complete genome
NC_027990.1	48211	85	none	0	0		NC_027990.1 Lactobacillus phage LBR48, complete genome
NC_027992.1	39552	56	none	1	0		NC_027992.1 Pseudomonas phage JBD25, complete genome
NC_027993.1	43587	70	none	0	0		NC_027993.1 Escherichia phage K1G, complete genome
NC_027994.1	41632	66	none	0	0		NC_027994.1 Escherichia phage K1H, complete genome
NC_027995.1	41666	56	none	0	0		NC_027995.1 Escherichia phage vB_EcoM_ECO1230-10, complete genome
NC_027996.1	175720	209	none	0	0		NC_027996.1 Campylobacter phage CPt10, complete genome
NC_027997.1	177534	220	none	0	0		NC_027997.1 Campylobacter phage CP220, complete genome
NC_028247.1	90000	142	none	0	0		NC_028247.1 Citrobacter phage Michonne, complete genome
NC_028248.1	136896	211	none	0	0		NC_028248.1 Escherichia phage slur16, complete genome
NC_028257.1	23193	24	none	0	0		NC_028257.1 MAG: Yellowstone Lake virophage 7, complete genome
NC_028269.1	29767	31	none	0	0		NC_028269.1 MAG: Yellowstone Lake virophage 5, complete genome
NC_028270.1	24837	29	none	0	0		NC_028270.1 MAG: Yellowstone Lake virophage 6, complete genome
NC_028448.1	167467	275	none	0	1		NC_028448.1 Escherichia phage slur14, complete genome
NC_028449.1	63569	81	none	0	0		NC_028449.1 Escherichia phage PA2, complete genome
NC_028651.1	19351	23	none	0	0		NC_028651.1 Hydrogenobaculum phage 1 strain HP1, complete genome
NC_028652.1	94109	172	none	0	0		NC_028652.1 Pseudomonas phage C11, complete genome
NC_028653.1	67617	90	none	0	0		NC_028653.1 Gordonia phage GTE8, complete genome
NC_028654.1	56275	104	none	0	0		NC_028654.1 Mycobacterium phage Sparkdehlily, complete genome
NC_028655.1	39235	48	none	0	0		NC_028655.1 Yersinia phage vB_YenP_AP10, complete genome
NC_028656.1	65955	83	none	0	0		NC_028656.1 Enterobacteria phage VT2phi_272, complete sequence
NC_028657.1	60919	108	none	1	0		NC_028657.1 Pseudomonas phage YMC11/02/R656, complete genome
NC_028658.1	68735	99	none	1	0		NC_028658.1 Mycobacterium phage Swish, complete genome
NC_028659.1	142987	253	none	0	0		NC_028659.1 Klebsiella phage vB_KpnM_KB57, complete genome
NC_028660.1	61035	87	none	0	0		NC_028660.1 Escherichia phage phi191, complete genome
NC_028661.1	41149	49	none	0	0		NC_028661.1 Pseudomonas phage PPPL-1, complete genome
NC_028662.1	50418	71	none	0	0		NC_028662.1 Mycobacterium phage Phlei, complete genome
NC_028663.1	188632	220	none	0	0		NC_028663.1 Cyanophage P-TIM40, complete genome
NC_028664.1	43963	57	none	0	0		NC_028664.1 Klebsiella phage vB_Kp2, complete genome
NC_028665.1	56982	85	none	0	0		NC_028665.1 Gordonia phage GTE6, complete genome
NC_028666.1	36595	59	none	0	0		NC_028666.1 Streptococcus phage Str-PAP-1, complete genome
NC_028667.1	39593	57	none	1	0		NC_028667.1 Pseudomonas phage vB_PaeS_PM105
NC_028668.1	77779	96	none	0	0		NC_028668.1 Gordonia phage GMA3, complete genome
NC_028669.1	43012	68	none	0	0		NC_028669.1 Staphylococcus phage phiJB, complete genome
NC_028670.1	44203	54	none	0	0		NC_028670.1 Klebsiella phage vB_KpnP_KpV41, complete genome
NC_028671.2	41098	68	none	0	0		NC_028671.2 Enterococcus phage vB_EfaS_IME197, complete genome
NC_028672.1	149732	283	none	0	0		NC_028672.1 Cronobacter phage PBES 02, complete genome
NC_028673.1	73419	90	none	1	0		NC_028673.1 Gordonia phage GMA7, complete genome
NC_028674.1	68355	95	none	1	0		NC_028674.1 Mycobacterium phage ShiVal, complete genome
NC_028675.1	41526	47	none	0	0		NC_028675.1 Acinetobacter phage phiAB1, complete genome
NC_028676.1	149218	251	none	0	0		NC_028676.1 Sinorhizobium phage phiM9, complete genome
NC_028677.1	46596	64	none	1	0		NC_028677.1 Rhodococcus phage CosmicSans, complete genome
NC_028678.1	56669	97	none	0	0		NC_028678.1 Mycobacterium phage Cabrinians, complete genome
NC_028679.1	40938	47	none	0	0		NC_028679.1 Acinetobacter phage vB_AbaP_PD-AB9, complete genome
NC_028680.1	50515	82	none	0	0		NC_028680.1 Mycobacterium phage Pepe, complete genome
NC_028681.1	68367	95	none	1	0		NC_028681.1 Mycobacterium phage Pops, complete genome
NC_028682.1	69030	98	none	1	0		NC_028682.1 Mycobacterium phage Badfish, complete genome
NC_028683.1	177643	309	none	0	1		NC_028683.1 Edwardsiella phage PEi20 DNA, complete sequence
NC_028684.1	41563	48	none	0	0		NC_028684.1 Acinetobacter phage vB_AbaP_PD-6A3, complete genome
NC_028685.1	62851	74	none	0	0		NC_028685.1 Shigella phage Ss-VASD, complete genome
NC_028686.1	166313	266	none	0	1		NC_028686.1 Klebsiella phage JD18, complete genome
NC_028687.1	51637	80	none	0	0		NC_028687.1 Mycobacterium phage Iracema64, complete genome
NC_028688.1	40114	48	none	0	0		NC_028688.1 Klebsiella phage vB_Kp1, complete genome
NC_028689.1	67774	96	none	1	0		NC_028689.1 Mycobacterium phage Colbert, complete genome
NC_028690.1	68472	94	none	1	0		NC_028690.1 Mycobacterium phage Eremos, complete genome
NC_028691.1	68227	97	none	1	0		NC_028691.1 Mycobacterium phage Apizium, complete genome
NC_028692.1	15524	23	none	1	0		NC_028692.1 Arthrobacter phage Decurro, complete genome
NC_028693.2	18655	26	none	0	0		NC_028693.2 Enterococcus phage vB_EfaP_IME195, complete genome
NC_028694.1	29407	42	none	0	0		NC_028694.1 Propionibacterium phage PA1-14, complete genome
NC_028695.2	40491	66	none	0	0		NC_028695.2 Enterobacter phage phiEap-2, complete genome
NC_028696.2	41338	60	none	0	0		NC_028696.2 Salmonella phage SEN22, complete genome
NC_028697.1	33900	47	none	0	0		NC_028697.1 Streptococcus phage A25, complete genome
NC_028698.1	41868	61	none	0	0		NC_028698.1 Salmonella phage f18SE, complete genome
NC_028699.1	40740	57	none	0	0		NC_028699.1 Salmonella phage SEN34, complete genome
NC_028700.1	37976	63	none	0	0		NC_028700.1 Streptococcus phage T12, complete genome
NC_028701.2	33509	43	none	0	0		NC_028701.2 Salmonella phage SEN5, complete genome
NC_028702.1	38084	48	none	0	0		NC_028702.1 Delftia phage IME-DE1, complete genome
NC_028742.1	70270	91	none	0	0		NC_028742.1 Mycobacterium phage Baee, complete genome
NC_028743.1	48594	73	none	0	0		NC_028743.1 Mannheimia phage vB_MhS_587AP2, complete genome
NC_028744.1	53141	93	none	0	0		NC_028744.1 Mycobacterium phage LadyBird, complete genome
NC_028745.1	66103	91	none	1	0		NC_028745.1 Pseudomonas phage DL60, complete genome
NC_028746.1	44249	74	none	0	0		NC_028746.1 Paenibacillus phage Harrison, complete genome
NC_028747.1	47618	76	none	0	0		NC_028747.1 Mycobacterium phage Brusacoram, complete genome
NC_028748.2	51366	76	none	0	0		NC_028748.2 Bacillus phage vB_BtS_BMBtp3, complete genome
NC_028749.1	134270	178	none	1	1		NC_028749.1 Brevibacillus phage Sundance, complete genome
NC_028750.1	176081	274	none	0	1		NC_028750.1 Klebsiella phage Matisse, complete genome
NC_028751.1	58671	103	none	0	0		NC_028751.1 Mycobacterium phage Quico, complete genome
NC_028754.1	120098	175	none	0	0		NC_028754.1 Salmonella phage Shivani, complete genome
NC_028755.1	178182	275	none	0	1		NC_028755.1 Citrobacter phage Margaery, complete genome
NC_028757.1	50768	83	none	0	0		NC_028757.1 Mycobacterium phage Tiffany, complete genome
NC_028758.1	35644	54	none	0	0		NC_028758.1 Paenibacillus phage HB10c2, complete genome
NC_028759.1	58065	91	none	2	0		NC_028759.1 Mycobacterium phage Mufasa, complete genome
NC_028760.1	49037	73	none	0	0		NC_028760.1 Klebsiella phage KLPN1, complete genome
NC_028762.1	161989	256	none	0	1		NC_028762.1 Proteus phage vB_PmiM_Pm5461, complete genome
NC_028763.1	49847	86	none	0	0		NC_028763.1 Polaribacter phage P12002S, complete genome
NC_028764.1	49316	75	none	0	0		NC_028764.1 Clostridium phage phiCD505, complete genome
NC_028765.1	142348	215	none	4	0		NC_028765.1 Staphylococcus phage phiIPLA-RODI, complete genome
NC_028766.1	33755	50	none	0	0		NC_028766.1 Mannheimia phage vB_MhM_3927AP2, complete genome
NC_028767.1	45653	75	none	0	0		NC_028767.1 Paenibacillus phage Vegas, complete genome
NC_028768.1	49714	65	none	0	0		NC_028768.1 Achromobacter phage JWX, complete genome
NC_028770.1	59878	83	none	0	1		NC_028770.1 Pseudomonas phage PaMx11, complete genome
NC_028772.1	39133	46	none	0	0		NC_028772.1 Enterobacter phage phiEap-1, complete genome
NC_028773.1	182145	270	none	0	1		NC_028773.1 Cronobacter phage S13, complete genome
NC_028774.1	48754	75	none	1	0		NC_028774.1 Klebsiella phage Sushi, complete genome
NC_028775.1	43098	65	none	1	0		NC_028775.1 Staphylococcus phage 23MRA, complete genome
NC_028776.1	59670	89	none	0	0		NC_028776.1 Enterobacteria phage CAjan, complete genome
NC_028777.1	80798	106	none	0	0		NC_028777.1 Bacillus phage Stills, complete genome
NC_028778.1	75626	117	none	0	0		NC_028778.1 Mycobacterium phage Snenia, complete genome
NC_028779.1	43680	71	none	0	0		NC_028779.1 Mycobacterium phage Carcharodon, complete genome
NC_028780.1	167124	266	none	0	1		NC_028780.1 Escherichia phage slur07, complete genome
NC_028782.1	40024	45	none	1	1		NC_028782.1 Bacillus phage Pavlov, complete genome
NC_028783.1	39399	57	none	0	0		NC_028783.1 Lactobacillus phage iLp84, complete genome
NC_028784.1	51409	84	none	0	0		NC_028784.1 Mycobacterium phage Tasp14, complete genome
NC_028785.1	72790	131	none	0	0		NC_028785.1 Mycobacterium phage NelitzaMV, complete genome
NC_028786.1	49462	75	none	0	0		NC_028786.1 Klebsiella phage 1513, complete genome
NC_028788.1	37246	57	none	0	0		NC_028788.1 Bacteriophage Diva, complete genome
NC_028789.1	18609	25	none	1	0		NC_028789.1 Bacillus phage VMY22, complete genome
NC_028791.1	44492	65	none	0	0		NC_028791.1 Mycobacterium phage MOOREtheMARYer, complete genome
NC_028792.1	56826	102	none	0	0		NC_028792.1 Mycobacterium phage Kimberlium, complete genome
NC_028794.1	52647	87	none	0	0		NC_028794.1 Mycobacterium phage Piro94, complete genome
NC_028795.1	31522	37	none	0	0		NC_028795.1 Enterobacter phage E-3, complete genome
NC_028796.1	49203	78	none	0	0		NC_028796.1 Mycobacterium phage Phayonce, complete genome
NC_028798.1	50882	84	none	0	0		NC_028798.1 Mycobacterium phage MarQuardt, complete genome
NC_028799.1	66708	102	none	0	0		NC_028799.1 Vibrio phage phi 1, complete genome
NC_028800.1	41698	48	none	0	0		NC_028800.1 Klebsiella phage K5, complete genome
NC_028801.1	68346	96	none	1	0		NC_028801.1 Mycobacterium phage Vortex, complete sequence
NC_028802.1	49158	78	none	0	0		NC_028802.1 Mycobacterium phage UnionJack, complete genome
NC_028803.1	69118	98	none	1	0		NC_028803.1 Mycobacterium phage OSmaximus, complete genome
NC_028804.1	52643	91	none	0	0		NC_028804.1 Mycobacterium phage Barriga, complete genome
NC_028805.1	126341	163	none	1	0		NC_028805.1 Brevibacillus phage Jenst, complete genome
NC_028807.1	43150	51	none	1	0		NC_028807.1 Streptomyces phage SF1, complete genome
NC_028808.2	90743	136	none	0	0		NC_028808.2 Escherichia phage SUSP1, complete genome
NC_028809.1	58637	74	none	1	0		NC_028809.1 Pseudomonas phage PaMx74, partial genome
NC_028810.1	52357	85	none	0	0		NC_028810.1 Mycobacterium phage Rufus, complete genome
NC_028812.1	58546	63	none	0	0		NC_028812.1 Proteus phage pPM_01, complete genome
NC_028813.1	57766	102	none	0	0		NC_028813.1 Mycobacterium phage Seagreen, complete genome
NC_028815.1	51355	82	none	0	0		NC_028815.1 Mycobacterium phage Nhonho, complete genome
NC_028816.1	43809	54	none	1	0		NC_028816.1 Klebsiella phage vB_KpnP_SU503, complete genome
NC_028817.1	93879	172	none	0	0		NC_028817.1 Pseudomonas phage K8, complete genome
NC_028818.1	57168	70	none	0	0		NC_028818.1 Streptomyces phage TP1604, complete genome
NC_028819.1	43190	75	none	0	0		NC_028819.1 Pseudoalteromonas Phage H103, complete genome
NC_028820.1	162101	262	none	0	1		NC_028820.1 Yersinia phage vB_YenM_TG1, complete genome
NC_028821.1	40670	59	none	0	0		NC_028821.1 Staphylococcus phage StB20-like, complete genome
NC_028822.1	40829	46	none	1	0		NC_028822.1 Escherichia phage P483, complete genome
NC_028823.1	58985	99	none	0	0		NC_028823.1 Mycobacterium phage Bipolar, complete genome
NC_028825.1	87372	129	none	0	0		NC_028825.1 Escherichia phage vB_EcoM_AYO145A, complete genome
NC_028826.1	42265	68	none	0	0		NC_028826.1 Enterococcus phage IME-EFm5, complete genome
NC_028827.1	50165	69	none	0	0		NC_028827.1 Streptomyces phage Lannister, complete genome
NC_028828.1	52055	83	none	0	0		NC_028828.1 Mycobacterium phage TheloniousMonk, complete genome
NC_028829.1	248088	382	none	0	1		NC_028829.1 Vibrio phage ValKK3, complete genome
NC_028830.1	34155	48	none	0	0		NC_028830.1 Lactobacillus phage iA2, complete genome
NC_028831.1	61235	91	none	0	0		NC_028831.1 Escherichia phage slur01, complete genome
NC_028832.1	61511	89	none	0	0		NC_028832.1 Mycobacteriophage Omnicron, complete genome
NC_028834.1	48216	62	none	0	0		NC_028834.1 Achromobacter phage 83-24, complete genome
NC_028835.1	38751	56	none	0	0		NC_028835.1 Lactobacillus phage CL2, complete genome
NC_028836.1	42508	52	none	0	0		NC_028836.1 Pseudomonas phage DL62, complete genome
NC_028837.1	41149	64	none	0	0		NC_028837.1 Paenibacillus phage Xenia, complete genome
NC_028838.1	33274	50	none	1	0		NC_028838.1 Clostridium phage phiCD506, complete genome
NC_028840.1	111751	164	none	0	0		NC_028840.1 Escherichia phage slur09 genome assembly slu09, chromosome : 1
NC_028841.1	44952	72	none	0	0		NC_028841.1 Bacteriophage Lily, complete genome
NC_028842.1	57328	98	none	0	0		NC_028842.1 Mycobacterium phage CaptainTrips, complete genome
NC_028843.1	75816	115	none	1	0		NC_028843.1 Mycobacterium phage Lolly9, complete genome
NC_028844.1	57293	97	none	0	0		NC_028844.1 Mycobacterium phage Phatniss, complete genome
NC_028846.1	61081	92	none	0	0		NC_028846.1 Mycobacterium phage ShedlockHolmes, complete genome
NC_028847.1	170527	274	none	0	1		NC_028847.1 Enterobacteria phage QL01, complete genome
NC_028848.1	41805	53	none	0	0		NC_028848.1 Acinetobacter phage Fri1, complete genome
NC_028849.1	53387	94	none	0	0		NC_028849.1 Mycobacterium phage Luchador, complete genome
NC_028850.1	41449	47	none	0	0		NC_028850.1 Yersinia phage vB_YenP_ISAO8, complete genome
NC_028851.1	37995	64	none	0	0		NC_028851.1 Paenibacillus phage Fern, complete genome
NC_028852.1	53042	88	none	0	0		NC_028852.1 Mycobacterium phage Equemioh13, complete genome
NC_028853.1	50078	75	none	0	0		NC_028853.1 Mannheimia phage vB_MhS_535AP2, complete genome
NC_028854.1	43724	67	none	0	0		NC_028854.1 Bacteriophage Sitara, complete genome
NC_028855.1	44846	83	none	0	0		NC_028855.1 Acinetobacter phage YMC11/12/R2315, complete genome
NC_028856.1	80148	106	none	0	0		NC_028856.1 Bacillus phage Stahl, complete genome
NC_028857.1	172733	309	none	0	1		NC_028857.1 Citrobacter phage Merlin, complete genome
NC_028859.1	42881	62	none	0	0		NC_028859.1 Staphylococcus phage B166, complete genome
NC_028860.1	52392	92	none	1	0		NC_028860.1 Mycobacterium phage Smeadley, complete genome
NC_028861.1	44576	61	none	0	0		NC_028861.1 Mycobacterium phage FlagStaff, complete genome
NC_028862.1	44222	60	none	1	0		NC_028862.1 Staphylococcus phage vB_SauS_phi2, complete genome
NC_028863.1	40477	50	none	0	0		NC_028863.1 Escherichia phage P694, complete genome
NC_028864.1	43189	68	none	0	0		NC_028864.1 Staphylococcus phage phinm4, complete genome
NC_028865.1	76964	102	none	1	0		NC_028865.1 Tsukamurella phage TIN2, complete genome
NC_028869.1	153714	215	none	1	0		NC_028869.1 Mycobacterium phage HyRo, complete genome
NC_028870.1	43595	54	none	0	0		NC_028870.1 Klebsiella phage vB_KpnP_SU552A, complete genome
NC_028871.1	38392	60	none	0	0		NC_028871.1 Listeria phage vB_LmoS_188, complete genome
NC_028872.1	86252	121	none	0	0		NC_028872.1 Escherichia phage HY02, complete genome
NC_028874.1	50614	87	none	0	0		NC_028874.1 Mycobacterium phage Pari, complete genome
NC_028876.2	109801	229	none	0	0		NC_028876.2 Mycobacterium phage Ariel, complete genome
NC_028877.1	52967	87	none	0	0		NC_028877.1 Mycobacterium phage Larenn, complete genome
NC_028878.1	76271	122	none	1	0		NC_028878.1 Mycobacterium phage Archie, complete genome
NC_028879.1	43225	54	none	0	0		NC_028879.1 Pseudomonas phage PaMx42, complete genome
NC_028880.1	38625	47	none	0	0		NC_028880.1 Citrobacter phage phiCFP-1, complete genome
NC_028881.1	170473	276	none	0	1		NC_028881.1 Enterobacteria phage vB_EcoM_VR5, complete genome
NC_028882.1	84583	153	none	0	0		NC_028882.1 Pseudomonas phage vB_PaeM_PS24, complete genome
NC_028883.1	44461	79	none	1	0		NC_028883.1 Clostridium phage phiMMP01, complete genome
NC_028885.1	72378	91	none	0	0		NC_028885.1 Pseudomonas phage DL64, complete genome
NC_028886.1	38663	60	none	0	0		NC_028886.1 Bacillus phage phi4B1, complete genome
NC_028887.1	167431	290	none	1	0		NC_028887.1 Bacillus phage AvesoBmore, complete genome
NC_028888.1	39474	58	none	0	0		NC_028888.1 Lactobacillus phage CL1, complete genome
NC_028889.1	59416	105	none	0	0		NC_028889.1 Mycobacterium phage Florinda, complete genome
NC_028890.1	162486	247	none	2	0		NC_028890.1 Bacillus phage TsarBomba, complete genome
NC_028892.1	49949	70	none	0	0		NC_028892.1 Streptomyces phage Caliburn, complete genome
NC_028894.1	170336	295	none	0	1		NC_028894.1 Enterobacteria phage vB_EcoM_VR20, complete genome
NC_028895.1	116138	162	none	0	0		NC_028895.1 Vibrio phage phi 3, complete genome
NC_028896.1	32675	42	none	0	0		NC_028896.1 Escherichia phage pro147, complete genome
NC_028897.1	49421	72	none	0	0		NC_028897.1 Mycobacterium phage Chadwick, complete genome
NC_028898.1	35764	51	none	0	0		NC_028898.1 Mannheimia phage vB_MhM_587AP1, complete genome
NC_028899.1	222888	237	none	0	0		NC_028899.1 Ralstonia phage RSF1 DNA, complete genome
NC_028900.1	28144	51	none	0	0		NC_028900.1 Lactococcus phage SL4, complete genome
NC_028901.1	43900	58	none	0	0		NC_028901.1 Escherichia phage slur05, complete genome
NC_028902.1	4184	4	none	0	0		NC_028902.1 Enterobacteria phage FI 4184 b, complete genome
NC_028903.1	77266	128	none	0	0		NC_028903.1 Escherichia phage 172-1, complete genome
NC_028904.1	49452	74	none	0	0		NC_028904.1 Streptomyces phage Amela, complete genome
NC_028905.1	41560	53	none	0	0		NC_028905.1 Clostridium phage phiCD111, complete genome
NC_028906.1	75933	135	none	0	0		NC_028906.1 Mycobacterium phage Toto, complete genome
NC_028907.1	68839	98	none	1	0		NC_028907.1 Mycobacterium phage Kikipoo, complete genome
NC_028908.2	72825	79	none	0	1		NC_028908.2 Achromobacter phage phiAxp-3, complete genome
NC_028910.1	55617	92	none	0	0		NC_028910.1 Mycobacterium phage XFactor, complete genome
NC_028911.1	34176	46	none	0	0		NC_028911.1 Lactobacillus phage iLp1308, complete genome
NC_028912.1	49717	76	none	0	0		NC_028912.1 Mycobacterium phage Swirley, complete genome
NC_028913.1	43145	65	none	0	0		NC_028913.1 Staphylococcus phage phinm2, complete genome
NC_028914.1	52927	79	none	0	0		NC_028914.1 Mycobacterium phage Sheen, complete genome
NC_028915.1	43228	67	none	0	0		NC_028915.1 Staphylococcus phage B236, complete genome
NC_028916.1	44573	51	none	0	0		NC_028916.1 Proteus phage vB_PmiP_Pm5460, complete genome
NC_028917.1	41931	64	none	0	0		NC_028917.1 Staphylococcus phage 3MRA, complete genome
NC_028919.1	45673	72	none	0	0		NC_028919.1 Pseudomonas phage DL54, complete genome
NC_028920.1	52530	82	none	0	0		NC_028920.1 Mycobacterium phage Abrogate, complete genome
NC_028922.1	45161	64	none	0	0		NC_028922.1 Mycobacterium phage Cambiare, complete genome
NC_028923.1	58472	103	none	0	0		NC_028923.1 Mycobacterium phage Llama, complete genome
NC_028924.1	48689	81	none	0	0		NC_028924.1 Polaribacter phage P12002L, complete genome
NC_028925.1	170822	292	none	0	1		NC_028925.1 Enterobacteria phage vB_EcoM_VR25, complete genome
NC_028926.1	40000	45	none	1	1		NC_028926.1 Bacillus phage Palmer, complete genome
NC_028927.1	167298	267	none	0	1		NC_028927.1 Escherichia phage slur02, complete genome
NC_028928.1	53455	87	none	0	0		NC_028928.1 Mycobacterium phage Nerujay, complete genome
NC_028929.1	40759	72	none	0	0		NC_028929.1 Listeria phage vB_LmoS_293, complete genome
NC_028930.1	54439	85	none	1	0		NC_028930.1 Paenibacillus phage Tripp, complete genome
NC_028931.1	55108	73	none	1	0		NC_028931.1 Pseudomonas phage PaMx28, partial genome
NC_028932.1	52088	92	none	0	0		NC_028932.1 Mycobacterium phage Serenity, complete genome
NC_028933.1	45626	71	none	0	0		NC_028933.1 Pseudomonas phage PhiCHU, complete genome
NC_028934.1	72139	97	none	0	0		NC_028934.1 Mycobacterium phage Vincenzo, complete genome
NC_028935.2	88698	130	none	0	0		NC_028935.2 Escherichia phage SUSP2, complete genome
NC_028936.1	59052	76	none	0	0		NC_028936.1 Mycobacterium phage Enkosi, complete genome
NC_028937.1	58338	105	none	0	0		NC_028937.1 Mycobacterium phage Ovechkin, complete genome
NC_028939.1	68871	97	none	1	0		NC_028939.1 Pseudomonas phage vB_Pae_PS44, complete genome
NC_028940.1	170286	287	none	0	1		NC_028940.1 Pectobacterium bacteriophage PM2, complete genome
NC_028941.1	51161	80	none	0	0		NC_028941.1 Mycobacterium phage Turj99, complete genome
NC_028942.1	68293	95	none	1	0		NC_028942.1 Mycobacterium phage Phipps, complete sequence
NC_028943.1	29237	41	none	0	0		NC_028943.1 Escherichia phage pro483, complete genome
NC_028944.1	162252	291	none	1	0		NC_028944.1 Bacillus phage Eyuki, complete genome
NC_028945.1	206713	379	none	0	0		NC_028945.1 Sinorhizobium phage phiN3, complete genome
NC_028946.1	59652	96	none	0	0		NC_028946.1 Mycobacterium phage Dante, complete genome
NC_028947.1	62738	94	none	0	0		NC_028947.1 Mycobacterium phage Kratio, complete genome
NC_028950.1	223932	233	none	1	0		NC_028950.1 Ralstonia phage RSL2 DNA, complete sequence
NC_028951.1	32846	49	none	1	0		NC_028951.1 Clostridium phage phiCD481-1, complete genome
NC_028952.1	60934	85	none	0	0		NC_028952.1 Streptomyces phage SF3, complete genome
NC_028953.1	110764	234	none	0	0		NC_028953.1 Mycobacterium phage MiaZeal, complete genome
NC_028954.1	36065	45	none	0	0		NC_028954.1 Rhodobacter phage RcRhea, complete genome
NC_028955.1	197361	255	none	0	0		NC_028955.1 Prochlorococcus phage P-TIM68, complete genome
NC_028956.1	52139	75	none	0	0		NC_028956.1 Mannheimia phage vB_MhS_1152AP2, complete genome
NC_028957.1	171541	289	none	0	1		NC_028957.1 Enterobacteria phage vB_EcoM_VR26, complete genome
NC_028958.1	41507	50	none	0	0		NC_028958.1 Clostridium phage phiCD146, complete genome
NC_028959.1	52261	91	none	1	0		NC_028959.1 Clostridium phage phiMMP03, complete genome
NC_028960.2	51543	81	none	0	0		NC_028960.2 Mycobacterium phage Theia, complete genome
NC_028961.1	55094	94	none	0	0		NC_028961.1 Mycobacterium phage PopTart, complete genome
NC_028962.1	140961	203	none	0	0		NC_028962.1 Staphylococcus phage phiIPLA-C1C, complete genome
NC_028965.1	53219	91	none	0	0		NC_028965.1 Mycobacterium phage Pioneer, complete genome
NC_028966.1	76269	102	none	1	0		NC_028966.1 Tsukamurella phage TIN3, complete genome
NC_028967.1	29605	41	none	0	0		NC_028967.1 Propionibacterium phage PAC1, complete genome
NC_028968.1	71214	93	none	0	0		NC_028968.1 Mycobacterium phage BrownCNA, complete genome
NC_028969.1	52955	93	none	0	0		NC_028969.1 Brevibacillus phage Osiris, complete genome
NC_028971.1	66111	91	none	1	0		NC_028971.1 Pseudomonas phage DL68, complete genome
NC_028972.1	75167	86	none	0	1		NC_028972.1 Gordonia phage Gmala1, complete genome
NC_028974.1	56528	68	none	0	0		NC_028974.1 Streptomyces phage YDN12, complete genome
NC_028976.1	50113	71	none	0	0		NC_028976.1 Streptomyces phage Izzy, complete genome
NC_028977.1	41054	50	none	0	0		NC_028977.1 Klebsiella phage vB_KpnP_KpV289, complete genome
NC_028978.1	60609	93	none	1	0		NC_028978.1 Mycobacterium phage Murucutumbu, complete genome
NC_028979.1	57253	91	none	0	0		NC_028979.1 Mycobacterium phage Cheetobro, complete genome
NC_028980.1	62181	88	none	0	0		NC_028980.1 Pseudomonas phage PAE1, complete genome
NC_028982.1	137918	203	none	1	0		NC_028982.1 Bacillus phage JL, complete genome
NC_028983.1	138877	211	none	1	0		NC_028983.1 Bacillus phage Shanette, complete genome
NC_028984.1	30664	39	none	0	0		NC_028984.1 Streptococcus phage M102AD, complete genome
NC_028986.1	153401	209	none	1	0		NC_028986.1 Mycobacterium phage Alice, complete sequence
NC_028987.2	41243	50	none	0	0		NC_028987.2 Acinetobacter phage IME200, complete genome
NC_028988.1	44360	63	none	0	0		NC_028988.1 Ralstonia phage RSJ2 DNA, complete genome
NC_028990.1	38886	58	none	0	0		NC_028990.1 Enterococcus phage vB_EfaS_IME196, complete genome
NC_028991.1	42158	61	none	0	0		NC_028991.1 Clostridium phage phiCT453A, complete genome
NC_028995.1	43216	76	none	0	0		NC_028995.1 Acinetobacter phage phiAC-1, complete genome
NC_028996.1	54295	88	none	1	0		NC_028996.1 Clostridium phage phiCDHM19, complete genome
NC_028997.1	59802	86	none	1	0		NC_028997.1 Enterobacteria phage JenP2, complete genome
NC_028998.1	41291	56	none	0	0		NC_028998.1 MAG: Phormidium phage MIS-PhV1B, complete genome
NC_028999.1	309208	414	none	0	0		NC_028999.1 Pseudomonas phage PhiPA3, complete genome
NC_029000.1	162327	235	none	0	1		NC_029000.1 Stenotrophomonas phage IME13, complete genome
NC_029001.1	32000	48	none	1	0		NC_029001.1 Clostridium phage phiCDHM11 complete genome
NC_029002.1	169223	181	none	1	0		NC_029002.1 Microcystis phage MaMV-DC, complete genome
NC_029003.2	29733	40	none	0	0		NC_029003.2 Salmonella phage SEN1, complete genome
NC_029004.1	36712	66	none	0	0		NC_029004.1 Clostridium phage phiCT453B, complete genome
NC_029005.2	56451	72	none	0	0		NC_029005.2 Streptomyces phage phiSAJS1, complete genome
NC_029006.1	35703	60	none	0	0		NC_029006.1 Clostridium phage phiCT19406C, complete genome
NC_029007.1	43745	58	none	0	0		NC_029007.1 Ralstonia phage RSJ5 DNA, complete genome
NC_029008.1	41486	63	none	0	0		NC_029008.1 Bacillus phage phi4J1, complete genome
NC_029009.1	147589	189	none	1	0		NC_029009.1 Enterococcus phage EFDG1, complete genome
NC_029010.1	40592	59	none	0	0		NC_029010.1 Staphylococcus phage SA97, complete genome
NC_029012.1	4623	7	none	0	0		NC_029012.1 Parabacteroides phage YZ-2015a, complete genome
NC_029013.1	177688	278	none	0	1		NC_029013.1 Citrobacter phage IME-CF2, complete genome
NC_029014.1	5001	5	none	0	0		NC_029014.1 Parabacteroides phage YZ-2015b, complete genome
NC_029015.2	33509	43	none	0	0		NC_029015.2 Salmonella phage SEN4, complete genome
NC_029016.1	58000	94	none	1	0		NC_029016.1 Enterococcus phage vB_EfaS_IME198, complete genome
NC_029017.1	73420	116	none	0	0		NC_029017.1 Pseudomonas phage KPP21 DNA, complete genome
NC_029018.2	50854	83	none	0	0		NC_029018.2 Mycobacterium phage Anubis, complete genome
NC_029019.1	42593	51	none	1	0		NC_029019.1 Stenotrophomonas phage vB_SmaS-DLP_2, complete genome
NC_029021.1	60747	83	none	0	0		NC_029021.1 Enterobacteria phage JenK1, complete genome
NC_029022.1	46895	79	none	0	0		NC_029022.1 Clostridium phage phiCT9441A, complete genome
NC_029023.1	87712	124	none	0	0		NC_029023.1 Escherichia phage JH2, complete genome
NC_029024.1	56505	89	none	0	0		NC_029024.1 Bacillus phage 250, complete genome
NC_029025.1	41843	65	none	1	0		NC_029025.1 Staphylococcus phage IME-SA4, complete genome
NC_029026.1	130952	196	none	1	0		NC_029026.1 Enterococcus phage EFLK1, complete genome
NC_029028.1	60754	86	none	0	0		NC_029028.1 Enterobacteria phage JenP1, complete genome
NC_029029.1	45552	87	none	0	0		NC_029029.1 Brevibacillus phage Abouo, complete genome
NC_029030.1	31075	39	none	0	0		NC_029030.1 Streptococcus phage APCM01, complete genome
NC_029031.1	45218	63	none	0	0		NC_029031.1 Synechococcus phage S-CBP42, complete genome
NC_029032.1	45532	66	none	0	0		NC_029032.1 MAG: Phormidium phage MIS-PhV1A, complete genome
NC_029033.1	45045	62	none	0	0		NC_029033.1 Achromobacter phage phiAxp-1, complete genome
NC_029042.1	156833	257	none	0	0		NC_029042.1 Salmonella phage 38, complete genome
NC_029043.2	53184	89	none	0	0		NC_029043.2 Mycobacterium phage SweetiePie, complete genome
NC_029044.1	154434	223	none	1	0		NC_029044.1 Mycobacterium phage Breeniome, complete genome
NC_029045.1	60216	95	none	0	0		NC_029045.1 Salmonella phage 37, complete genome
NC_029046.1	50827	80	none	0	0		NC_029046.1 Sinorhizobium phage phiLM21, complete genome
NC_029047.1	32894	50	none	0	0		NC_029047.1 Verrucomicrobia phage P8625, complete genome
NC_029048.2	131704	180	none	0	0		NC_029048.2 Clostridium phage phiCD211, complete genome
NC_029057.1	134742	228	none	0	0		NC_029057.1 Vibrio phage qdvp001, partial genome
NC_029058.1	106071	121	none	0	0		NC_029058.1 Lactobacillus phage LfeInf, complete genome
NC_029059.1	51492	84	none	0	0		NC_029059.1 Mycobacterium phage Edtherson, complete genome
NC_029060.1	76276	92	none	0	1		NC_029060.1 Gordonia phage GordDuk1, complete genome
NC_029061.1	36315	45	none	0	0		NC_029061.1 Rhodoferax phage P26218, complete genome
NC_029065.1	98765	173	none	0	0		NC_029065.1 Pseudomonas phage VCM genome assembly VCM, chromosome : 1
NC_029066.1	48666	81	none	0	0		NC_029066.1 Pseudomonas phage PS-1 DNA, complete sequence
NC_029067.1	138234	252	none	0	0		NC_029067.1 Vibrio phage eugene 12A10 genomic sequence
NC_029068.1	31703	46	none	0	1		NC_029068.1 Lactobacillus phage LfeSau, complete genome
NC_029070.1	41620	47	none	0	0		NC_029070.1 Cronobacter phage Dev-CD-23823 complete sequence
NC_029071.1	41085	80	none	1	0		NC_029071.1 Salmonella phage 36, complete genome
NC_029074.1	75987	91	none	0	1		NC_029074.1 Gordonia phage GordTnk2, complete genome
NC_029075.1	81541	119	none	1	0		NC_029075.1 Achromobacter phage JWF, complete genome
NC_029077.1	52155	88	none	0	0		NC_029077.1 Mycobacterium phage VohminGhazi, complete genome
NC_029078.1	34997	44	none	0	0		NC_029078.1 Erysipelothrix phage SE-1, complete genome
NC_029079.1	75339	135	none	0	0		NC_029079.1 Mycobacterium phage Dusk, complete genome
NC_029080.1	142096	215	none	2	0		NC_029080.1 Staphylococcus phage 812, complete genome
NC_029081.1	45633	60	none	0	0		NC_029081.1 Pectobacterium phage Peat1, complete genome
NC_029083.1	93464	172	none	0	0		NC_029083.1 Pseudomonas phage PaoP5, complete genome
NC_029084.1	37990	58	none	0	0		NC_029084.1 Bacteriophage Rani, complete genome
NC_029091.1	168771	268	none	0	1		NC_029091.1 Escherichia phage APCEc01, complete genome
NC_029092.1	44974	50	none	0	0		NC_029092.1 Caulobacter phage Percy, complete genome
NC_029093.1	75796	137	none	0	0		NC_029093.1 Mycobacterium phage Mindy, complete genome
NC_029094.1	131903	229	none	0	0		NC_029094.1 Pseudoalteromonas phage H101, complete genome
NC_029097.1	44496	57	none	0	0		NC_029097.1 Rhodobacter phage RcTitan, complete genome
NC_029098.1	133531	218	none	1	0		NC_029098.1 Streptomyces phage Jay2Jay, complete genome
NC_029099.1	49797	77	none	0	0		NC_029099.1 Klebsiella phage KP36, complete genome
NC_029100.1	33399	54	none	0	0		NC_029100.1 Pseudoalteromonas phage Pq0, complete genome
NC_029101.1	72192	89	none	0	0		NC_029101.1 Pseudomonas phage YH30, complete genome
NC_029102.1	36051	41	none	0	0		NC_029102.1 Enterobacter phage E-2, complete genome
NC_029104.1	54312	96	none	0	0		NC_029104.1 Brevibacillus phage Jimmer1, complete genome
NC_029106.1	62220	82	none	0	0		NC_029106.1 Achromobacter phage phiAxp-2, complete genome
NC_029107.1	41941	52	none	0	0		NC_029107.1 Ralstonia phage RS138 DNA, complete genome
NC_029116.1	33596	51	none	1	0		NC_029116.1 Clostridium phage phiCDHM13 complete genome
NC_029118.1	24847	45	none	0	0		NC_029118.1 Lactococcus phage GE1, complete genome
NC_029119.1	127726	153	none	0	1		NC_029119.1 Staphylococcus phage SPbeta-like, complete genome
NC_029120.1	60875	76	none	0	0		NC_029120.1 Shigella phage 75/02 Stx, complete genome
NC_029121.1	151417	229	none	1	0		NC_029121.1 Bacillus phage Bp8p-C, complete genome
NC_030458.1	5016	7	none	0	0		NC_030458.1 Chimpanzee faeces associated microphage 3 isolate CPNG_29300, complete genome
NC_030472.1	4851	6	none	0	0		NC_030472.1 Chimpanzee faeces associated microphage 1 isolate CPNG_29298, complete genome
NC_030476.1	5184	6	none	0	0		NC_030476.1 Chimpanzee faeces associated microphage 2 isolate CPNG_29299, complete genome
NC_030652.1	42140	61	none	0	0		NC_030652.1 Staphylococcus phage 80, complete genome
NC_030694.1	52684	93	none	0	0		NC_030694.1 Gordonia phage Rosalind, complete genome
NC_030695.1	52689	92	none	0	0		NC_030695.1 Gordonia phage KatherineG, complete genome
NC_030696.1	93139	169	none	0	0		NC_030696.1 Gordonia phage Smoothie, complete genome
NC_030698.1	52924	94	none	0	0		NC_030698.1 Gordonia phage Soups, complete genome
NC_030901.1	92618	169	none	0	0		NC_030901.1 Gordonia phage ClubL, complete genome
NC_030902.1	41207	68	none	0	0		NC_030902.1 Gordonia phage GMA1, complete genome
NC_030903.1	152069	225	none	1	0		NC_030903.1 Bacillus phage SPG24 DNA, contig00001 sequence
NC_030904.1	38975	67	none	0	1		NC_030904.1 Bacillus phage vB_BhaS-171, complete genome
NC_030905.1	73752	85	none	1	0		NC_030905.1 Gordonia phage Woes, complete genome
NC_030906.1	83324	108	none	1	0		NC_030906.1 Gordonia phage GMA6, complete genome
NC_030907.1	17562	28	none	0	0		NC_030907.1 Gordonia phage GMA5, complete genome
NC_030908.1	36938	56	none	0	0		NC_030908.1 Pseudomonas phage JBD69, complete genome
NC_030909.1	50183	70	none	0	0		NC_030909.1 Pseudomonas phage YMC11/07/P54_PAE_BP, complete genome
NC_030910.1	93754	172	none	0	0		NC_030910.1 Pseudomonas phage K5, complete genome
NC_030911.1	45858	74	none	1	0		NC_030911.1 Gordonia phage Vendetta, complete genome
NC_030912.1	17119	26	none	0	0		NC_030912.1 Gordonia phage McGonagall, complete genome
NC_030913.1	58308	86	none	0	0		NC_030913.1 Gordonia phage Wizard, complete genome
NC_030914.1	75462	92	none	1	0		NC_030914.1 Gordonia phage Kvothe, complete genome
NC_030915.1	80650	114	none	1	0		NC_030915.1 Gordonia phage Orchid, complete genome
NC_030916.1	56212	87	none	0	0		NC_030916.1 Tsukamurella phage TPA4, complete genome
NC_030917.1	93577	163	none	0	0		NC_030917.1 Gordonia phage OneUp, complete genome
NC_030918.1	36629	53	none	0	0		NC_030918.1 Pseudomonas phage JBD93, complete genome
NC_030919.1	42418	65	none	0	0		NC_030919.1 Salmonella phage 118970_sal4, complete genome
NC_030920.1	165868	229	none	2	0		NC_030920.1 Bacillus phage Eldridge, complete genome
NC_030921.1	49768	72	none	0	0		NC_030921.1 Gordonia phage Utz, complete genome
NC_030923.1	45417	55	none	0	0		NC_030923.1 Pseudomonas phage YMC11/06/C171_PPU_BP, complete genome
NC_030924.1	75680	102	none	1	0		NC_030924.1 Gordonia phage Monty, complete genome
NC_030925.1	138081	196	none	1	0		NC_030925.1 Bacillus phage Shbh1, complete genome
NC_030927.1	45858	74	none	1	0		NC_030927.1 Gordonia phage Splinter, complete genome
NC_030928.1	43851	52	none	0	0		NC_030928.1 Xanthomonas phage f20-Xaj, complete genome
NC_030929.1	49033	74	none	1	0		NC_030929.1 Pseudomonas phage JBD44, complete genome
NC_030930.1	46570	68	none	0	0		NC_030930.1 Gordonia phage Bowser, complete genome
NC_030931.1	41871	68	none	0	0		NC_030931.1 Pseudomonas phage phi2, complete genome
NC_030932.1	43505	67	none	0	0		NC_030932.1 Gordonia phage Gsput1, complete genome
NC_030933.1	133798	182	none	0	0		NC_030933.1 Staphylococcus phage Stau2, complete genome
NC_030934.1	90552	154	none	1	0		NC_030934.1 Pseudomonas phage vB_PsyM_KIL1, complete genome
NC_030935.1	17727	25	none	0	0		NC_030935.1 Gordonia phage GRU3, complete genome
NC_030936.1	93843	168	none	0	0		NC_030936.1 Gordonia phage Bachita, complete genome
NC_030937.1	44262	53	none	0	0		NC_030937.1 Xanthomonas phage f30-Xaj, complete genome
NC_030939.1	45537	71	none	0	0		NC_030939.1 Gordonia phage GMA4, complete genome
NC_030940.1	32637	41	none	0	0		NC_030940.1 Pseudomonas phage phi3, complete genome
NC_030941.1	46600	65	none	0	0		NC_030941.1 Gordonia phage Cozz, complete genome
NC_030942.1	55524	98	none	0	0		NC_030942.1 Gordonia phage BritBrat, complete genome
NC_030943.1	54990	87	none	1	0		NC_030943.1 Gordonia phage Blueberry, complete genome
NC_030944.1	74073	88	none	1	0		NC_030944.1 Gordonia phage Demosthenes, complete genome
NC_030945.1	39873	55	none	0	0		NC_030945.1 Bacillus phage BalMu-1 copy 1, complete genome
NC_030946.1	33477	44	none	0	0		NC_030946.1 Streptococcus phage phiARI0923, complete genome
NC_030947.1	38243	69	none	0	0		NC_030947.1 Clostridium phage phiCT19406B, complete genome
NC_030948.1	167619	259	none	1	0		NC_030948.1 Ralstonia phage RSP15 DNA, complete genome
NC_030949.1	47020	68	none	0	0		NC_030949.1 Clostridium phage phiCTC2A, complete genome
NC_030950.1	47020	68	none	0	0		NC_030950.1 Clostridium phage phiCT19406A, complete genome
NC_030951.1	38243	69	none	0	0		NC_030951.1 Clostridium phage phiCTC2B, complete genome
NC_030953.1	170650	269	none	0	1		NC_030953.1 Shigella phage SHFML-11, complete genome
NC_031001.1	66611	92	none	1	0		NC_031001.1 Gordonia phage Terapin, complete genome
NC_031002.1	21697	37	none	0	0		NC_031002.1 Lactococcus phage M6162, complete genome
NC_031003.1	29254	41	none	0	0		NC_031003.1 Propionibacterium phage Moyashi, complete genome
NC_031004.1	41857	57	none	0	0		NC_031004.1 Gordonia phage Nyceirae, complete genome
NC_031005.2	29338	40	none	0	0		NC_031005.2 Propionibacterium phage QueenBey, complete genome
NC_031006.1	161552	286	none	1	0		NC_031006.1 Bacillus phage DIGNKC, complete genome
NC_031007.1	223935	235	none	0	0		NC_031007.1 Erwinia phage vB_EamM_EarlPhillipIV, complete genome
NC_031008.1	17861	22	none	0	0		NC_031008.1 Staphylococcus phage SLPW, complete genome
NC_031009.1	22884	40	none	0	0		NC_031009.1 Lactococcus phage D4412, complete genome
NC_031010.1	246390	276	none	0	0		NC_031010.1 Erwinia phage vB_EamM_Kwan, complete genome
NC_031011.1	168993	272	none	0	1		NC_031011.1 Shigella phage SHFML-26, complete genome
NC_031012.1	162151	292	none	1	0		NC_031012.1 Bacillus phage Kida, complete genome
NC_031013.1	34396	51	none	1	0		NC_031013.1 Lactococcus phage 28201, complete genome
NC_031014.1	40008	44	none	0	0		NC_031014.1 Pseudomonas phage Andromeda, complete genome
NC_031015.2	26502	42	none	2	0		NC_031015.2 Bacillus phage Claudi, complete genome
NC_031016.1	40273	67	none	0	0		NC_031016.1 Lactococcus phage PLgT-1, complete genome
NC_031017.1	32409	50	none	0	0		NC_031017.1 Lactococcus phage 63301, complete genome
NC_031018.1	39274	49	none	0	0		NC_031018.1 Citrobacter phage SH4, complete genome
NC_031019.1	41809	61	none	0	0		NC_031019.1 Enterobacteria phage UAB_Phi20, complete genome
NC_031020.1	163201	269	none	0	1		NC_031020.1 Morganella phage vB_MmoM_MP1, complete genome
NC_031021.1	41224	56	none	0	0		NC_031021.1 Salmonella phage MA12, complete genome
NC_031022.1	108050	153	none	0	0		NC_031022.1 Shigella phage SHSML-45, complete genome
NC_031024.1	162308	287	none	1	0		NC_031024.1 Bacillus phage Belinda, complete genome
NC_031025.1	42201	51	none	1	0		NC_031025.1 Klebsiella phage vB_KpnP_KpV475, complete genome
NC_031026.1	49167	81	none	1	0		NC_031026.1 Salmonella phage phSE-2, complete genome
NC_031027.1	162359	291	none	1	0		NC_031027.1 Bacillus phage SageFayge, complete genome
NC_031028.1	45285	57	none	0	0		NC_031028.1 Gordonia phage Ghobes, complete genome
NC_031029.1	93686	170	none	0	0		NC_031029.1 Gordonia phage Cucurbita, complete genome
NC_031030.2	167231	269	none	0	1		NC_031030.2 Escherichia phage UFV-AREG1, complete genome
NC_031031.1	52738	93	none	0	0		NC_031031.1 Gordonia phage Remus, complete genome
NC_031032.1	24320	36	none	2	0		NC_031032.1 Bacillus phage Stitch, complete genome
NC_031034.1	161140	285	none	2	0		NC_031034.1 Bacillus phage SalinJah, complete genome
NC_031035.1	61626	90	none	0	0		NC_031035.1 Mycobacterium phage Gengar, complete genome
NC_031036.1	35068	49	none	0	0		NC_031036.1 Lactobacillus phage PLE2, complete genome
NC_031037.1	163041	290	none	1	0		NC_031037.1 Bacillus phage Nigalana, complete genome
NC_031039.1	251042	301	none	1	0		NC_031039.1 Bacillus phage AR9, complete genome
NC_031040.1	31987	49	none	0	0		NC_031040.1 Lactococcus phage 50101, complete genome
NC_031041.1	52501	88	none	0	0		NC_031041.1 Mycobacterium phage Papez, complete genome
NC_031042.1	111325	150	none	0	0		NC_031042.1 Salmonella phage NR01, complete genome
NC_031043.1	229501	243	none	0	0		NC_031043.1 Erwinia phage vB_EamM_Phobos, complete genome
NC_031044.1	22179	37	none	0	0		NC_031044.1 Lactococcus phage M6165, complete genome
NC_031045.1	157855	204	none	0	0		NC_031045.1 Salmonella phage GG32, complete genome
NC_031046.1	17641	21	none	0	0		NC_031046.1 Staphylococcus phage BP39, complete genome
NC_031047.1	170770	274	none	0	1		NC_031047.1 Escherichia phage HY03, complete genome
NC_031048.1	41918	57	none	0	0		NC_031048.1 Enterobacter phage Arya, complete genome
NC_031049.1	161929	288	none	1	0		NC_031049.1 Bacillus phage NotTheCreek, complete genome
NC_031050.1	51802	85	none	1	0		NC_031050.1 Enterobacteria phage vB_EcoS_NBD2, complete genome
NC_031051.1	37933	61	none	1	0		NC_031051.1 Enterococcus phage SANTOR1, complete genome
NC_031052.1	57804	90	none	0	0		NC_031052.1 Gordonia phage Twister6, complete genome
NC_031053.1	50934	79	none	0	0		NC_031053.1 Klebsiella phage PKP126, complete genome
NC_031054.1	162415	292	none	1	0		NC_031054.1 Bacillus phage DirtyBetty, complete genome
NC_031055.1	43773	69	none	0	0		NC_031055.1 Bacillus phage PfEFR-5, complete genome
NC_031056.1	157501	204	none	1	0		NC_031056.1 Bacillus phage Deep Blue, complete genome
NC_031057.1	180219	274	none	0	1		NC_031057.1 Citrobacter phage vB_CfrM_CfP1, complete genome
NC_031058.1	58566	75	none	1	0		NC_031058.1 Pseudomonas phage NP1, complete genome
NC_031059.1	38773	58	none	0	0		NC_031059.1 Rhodovulum phage vB_RhkS_P1, complete genome
NC_031060.1	52726	93	none	0	0		NC_031060.1 Gordonia phage JSwag, complete genome
NC_031061.1	53431	78	none	0	0		NC_031061.1 Gordonia phage Nymphadora, complete genome
NC_031062.2	75147	90	none	0	1		NC_031062.2 Erwinia phage vB_EamP_Frozen, complete genome
NC_031063.1	72697	92	none	0	0		NC_031063.1 Pseudomonas phage PEV2, complete genome
NC_031064.1	36202	54	none	1	0		NC_031064.1 Lactococcus phage 98201, complete genome
NC_031065.1	159878	256	none	0	1		NC_031065.1 Salmonella phage vB_SnwM_CGG4-1, complete genome
NC_031066.1	39434	47	none	0	0		NC_031066.1 Citrobacter phage SH1, complete genome
NC_031067.1	52496	86	none	0	0		NC_031067.1 Mycobacterium phage Makemake, complete genome
NC_031068.2	44268	58	none	0	0		NC_031068.2 Pectobacterium phage PP16, complete genome
NC_031070.1	162375	291	none	1	0		NC_031070.1 Bacillus phage Nemo, complete genome
NC_031071.1	22825	40	none	0	0		NC_031071.1 Lactococcus phage D4410, complete genome
NC_031072.1	47898	78	none	0	0		NC_031072.1 Gordonia phage CaptainKirk2, complete genome
NC_031073.1	94555	174	none	0	0		NC_031073.1 Pseudomonas phage vB_PaeM_MAG1, complete genome
NC_031074.1	92580	159	none	1	0		NC_031074.1 Gordonia phage Bantam, complete genome
NC_031075.1	22240	37	none	0	0		NC_031075.1 Lactococcus phage M5938, complete genome
NC_031076.1	38071	60	none	0	0		NC_031076.1 Propionibacterium phage PFR1, complete genome
NC_031077.1	41760	54	none	0	0		NC_031077.1 Enterobacter phage Tyrion, complete genome
NC_031078.1	50082	72	none	0	0		NC_031078.1 Streptomyces phage Nanodon, complete genome
NC_031080.1	160985	245	none	1	0		NC_031080.1 Mycobacterium phage Tonenili, complete genome
NC_031081.1	45206	59	none	0	0		NC_031081.1 Escherichia phage Envy, complete genome
NC_031082.1	87662	126	none	0	0		NC_031082.1 Escherichia phage vB_EcoM_Alf5, complete genome
NC_031084.1	29249	41	none	0	0		NC_031084.1 Propionibacterium phage BruceLethal, complete genome
NC_031085.1	166634	265	none	0	1		NC_031085.1 Shigella phage SHBML-50-1, complete genome
NC_031086.1	40570	45	none	0	0		NC_031086.1 Acinetobacter phage phiAB6, complete genome
NC_031087.1	168272	264	none	0	1		NC_031087.1 Klebsiella phage vB_KpnM_KpV477, complete genome
NC_031090.1	169621	269	none	0	1		NC_031090.1 Shigella phage SHSML-52-1, complete genome
NC_031091.1	43277	66	none	0	0		NC_031091.1 Pseudomonas phage MD8, complete genome
NC_031092.1	39158	46	none	0	0		NC_031092.1 Citrobacter phage SH2, complete genome
NC_031095.1	168758	261	none	0	1		NC_031095.1 Klebsiella phage PKO111, complete genome
NC_031096.1	44570	57	none	0	0		NC_031096.1 Pectobacterium phage PP90, complete genome
NC_031097.1	52077	77	none	0	0		NC_031097.1 Gordonia phage Zirinka, complete genome
NC_031098.1	40749	64	none	1	0		NC_031098.1 Acinetobacter phage vB_AbaS_TRS1, complete genome
NC_031099.1	44536	68	none	0	0		NC_031099.1 Gordonia phage Hedwig, complete genome
NC_031100.1	164443	285	none	1	0		NC_031100.1 Bacillus phage Phrodo, complete genome
NC_031101.1	33697	55	none	0	0		NC_031101.1 Weissella phage WCP30, complete genome
NC_031102.1	42429	64	none	1	0		NC_031102.1 Mycobacterium phage Sneeze, complete genome
NC_031103.1	165772	265	none	0	1		NC_031103.1 Escherichia phage vB_EcoM-UFV13, complete genome
NC_031104.1	72979	94	none	0	0		NC_031104.1 Pseudomonas phage vB_PaeP_MAG4, complete genome
NC_031107.2	246290	267	none	0	0		NC_031107.2 Erwinia phage vB_EamM_Asesino, complete genome
NC_031108.1	39640	61	none	0	0		NC_031108.1 Propionibacterium phage PFR2, complete genome
NC_031109.1	78302	95	none	1	0		NC_031109.1 Gordonia phage Jumbo, complete genome
NC_031110.1	93129	172	none	0	0		NC_031110.1 Pseudomonas phage phiMK, complete genome
NC_031111.1	53623	82	none	0	0		NC_031111.1 Mycobacterium phage Gompeii16, complete genome
NC_031112.1	59265	86	none	0	0		NC_031112.1 Gordonia phage Phinally, complete genome
NC_031113.1	44513	58	none	0	0		NC_031113.1 Escherichia phage Gluttony, complete genome
NC_031114.1	39235	51	none	0	0		NC_031114.1 Escherichia phage 64795_ec1, complete genome
NC_031115.1	39616	50	none	0	0		NC_031115.1 Morganella phage vB_MmoP_MP2, complete genome
NC_031116.1	163345	291	none	1	0		NC_031116.1 Bacillus phage Zuko, complete genome
NC_031117.1	44885	79	none	0	0		NC_031117.1 Acinetobacter phage LZ35, complete genome
NC_031118.1	54167	78	none	0	0		NC_031118.1 Gordonia phage CarolAnn, complete genome
NC_031119.1	29347	40	none	0	0		NC_031119.1 Propionibacterium phage Enoki, complete genome
NC_031120.1	241147	265	none	0	0		NC_031120.1 Erwinia phage vB_EamM_Caitlin, complete genome
NC_031121.2	25905	41	none	2	0		NC_031121.2 Bacillus phage Aurora, complete genome
NC_031122.1	44929	69	none	0	0		NC_031122.1 Gordonia phage Eyre, complete genome
NC_031123.1	39444	48	none	0	0		NC_031123.1 Citrobacter phage SH3, complete genome
NC_031124.1	76012	120	none	1	0		NC_031124.1 Mycobacterium phage Gardann, complete genome
NC_031125.1	41005	58	none	0	0		NC_031125.1 Lactobacillus phage PLE3, complete genome
NC_031126.1	244840	265	none	0	0		NC_031126.1 Erwinia phage vB_EamM_ChrisDB, complete genome
NC_031127.1	240761	262	none	0	0		NC_031127.1 Erwinia phage vB_EamM_Huxley, complete genome
NC_031128.1	158081	207	none	0	0		NC_031128.1 Salmonella phage vB_SalM_PM10, complete genome
NC_031129.1	103445	118	none	0	0		NC_031129.1 Salmonella phage SJ46, complete genome
NC_031224.2	59443	90	none	1	0		NC_031224.2 Arthrobacter phage Mudcat, complete genome
NC_031226.1	53717	85	none	0	0		NC_031226.1 Gordonia phage BaxterFox, complete genome
NC_031228.1	60606	73	none	0	0		NC_031228.1 Salmonella phage BP12C, complete genome
NC_031229.1	76972	102	none	1	0		NC_031229.1 Gordonia phage Hotorobo, complete genome
NC_031230.1	98136	177	none	0	0		NC_031230.1 Gordonia phage Yvonnetastic, complete genome
NC_031231.1	58871	97	none	0	0		NC_031231.1 Arthrobacter phage KellEzio, complete genome
NC_031233.1	50346	78	none	0	0		NC_031233.1 Gordonia phage Kita, complete genome
NC_031234.1	43982	58	none	0	0		NC_031234.1 Gordonia phage Emalyn, complete genome
NC_031235.1	194437	221	none	1	0		NC_031235.1 Cyanophage S-RIM32 isolate RW_108_0702, complete genome
NC_031237.1	49286	80	none	0	0		NC_031237.1 Gordonia phage Obliviate, complete genome
NC_031238.1	53411	90	none	0	0		NC_031238.1 Mycobacterium phage Catalina, complete genome
NC_031239.1	59337	88	none	0	0		NC_031239.1 Gordonia phage Vivi2, complete genome
NC_031241.1	43293	69	none	0	0		NC_031241.1 Staphylococcus phage CNPx, complete genome
NC_031242.1	174307	208	none	0	0		NC_031242.1 Cyanophage S-RIM50 isolate RW_29_0704, complete genome
NC_031243.1	42395	64	none	0	0		NC_031243.1 Mycobacterium phage Xeno, complete genome
NC_031245.1	221908	311	none	0	0		NC_031245.1 Bacillus phage SP-15, complete genome
NC_031246.1	43267	52	none	0	0		NC_031246.1 Klebsiella phage vB_KpnP_KpV71, complete genome
NC_031247.1	50636	72	none	0	0		NC_031247.1 Gordonia phage BetterKatz, complete genome
NC_031249.1	50127	82	none	0	0		NC_031249.1 Gordonia phage UmaThurman, complete genome
NC_031250.1	52437	72	none	0	0		NC_031250.1 Salmonella phage BP63, complete genome
NC_031251.1	47880	74	none	0	0		NC_031251.1 Gordonia phage SoilAssassin, complete genome
NC_031252.1	51290	74	none	0	0		NC_031252.1 Arthrobacter phage BarretLemon, complete genome
NC_031253.1	77832	128	none	0	0		NC_031253.1 Mycobacterium phage Bipper, complete genome
NC_031254.1	58560	95	none	0	0		NC_031254.1 Arthrobacter phage Kitkat, complete genome
NC_031255.2	46895	67	none	0	0		NC_031255.2 Gordonia phage Schnabeltier, complete genome
NC_031256.1	53486	92	none	0	0		NC_031256.1 Mycobacterium phage Loser, complete genome
NC_031257.1	52428	91	none	0	0		NC_031257.1 Mycobacterium phage Mulciber, complete genome
NC_031258.1	39696	46	none	0	0		NC_031258.1 Salmonella phage BP12A, complete genome
NC_031260.1	41170	62	none	0	0		NC_031260.1 Enterococcus phage Ec-ZZ2, complete genome
NC_031261.1	48670	79	none	0	0		NC_031261.1 Mycobacterium phage Shipwreck, complete genome
NC_031262.1	54751	87	none	0	0		NC_031262.1 Mycobacterium phage Brocalys, complete genome
NC_031263.1	53935	87	none	0	0		NC_031263.1 Mycobacterium phage EvilGenius, complete genome
NC_031264.1	46877	79	none	0	0		NC_031264.1 Brucella phage BiPBO1, complete genome
NC_031265.1	49894	78	none	0	0		NC_031265.1 Gordonia phage Guacamole, complete genome
NC_031266.1	44872	66	none	0	0		NC_031266.1 Mycobacterium phage Phrann, complete genome
NC_031267.1	42979	65	none	1	0		NC_031267.1 Gordonia phage Lucky10, complete genome
NC_031269.1	51884	82	none	0	0		NC_031269.1 Gordonia phage Yeezy, complete genome
NC_031271.1	43602	48	none	0	0		NC_031271.1 Salmonella phage BP12B, complete genome
NC_031274.1	50509	73	none	0	0		NC_031274.1 Pseudomonas phage O4, complete genome
NC_031277.1	52561	84	none	0	0		NC_031277.1 Mycobacterium phage ArcherNM, complete genome
NC_031279.1	52129	83	none	0	0		NC_031279.1 Mycobacterium phage Bactobuster, complete genome
NC_031280.1	104906	162	none	1	0		NC_031280.1 Acinetobacter phage vB_AbaM_phiAbaA1, complete genome
NC_031281.1	43516	63	none	0	0		NC_031281.1 Mycobacterium phage Panchino, complete genome
NC_031900.1	191983	223	none	0	0		NC_031900.1 Synechococcus phage S-CAM4 isolate 0809SB33, complete genome
NC_031901.1	42927	68	none	0	0		NC_031901.1 Streptococcus phage phiARI0131-1, complete genome
NC_031902.1	125114	181	none	1	0		NC_031902.1 Salmonella phage 100268_sal2, complete genome
NC_031903.1	172345	197	none	0	0		NC_031903.1 Synechococcus phage S-CAM22 isolate 1209TA19, complete genome
NC_031904.1	88421	91	none	0	0		NC_031904.1 Flavobacterium phage Fpv3, complete genome
NC_031905.1	42894	63	none	0	0		NC_031905.1 Flavobacterium phage Fpv7, complete genome
NC_031906.1	198190	239	none	0	0		NC_031906.1 Synechococcus phage S-CAM3 isolate 1010CC42, complete genome
NC_031907.1	33181	52	none	0	0		NC_031907.1 Streptococcus phage phiARI0746, complete genome
NC_031908.1	42685	53	none	0	1		NC_031908.1 Pseudoalteromonas phage PH1, complete genome
NC_031909.1	134927	174	none	0	0		NC_031909.1 Campylobacter phage PC14, complete genome
NC_031910.1	41887	69	none	0	0		NC_031910.1 Streptococcus phage phiARI0031, complete genome
NC_031911.1	39290	51	none	0	0		NC_031911.1 Flavobacterium phage 1H, complete genome
NC_031912.1	89937	94	none	0	1		NC_031912.1 Flavobacterium phage Fpv20, complete genome
NC_031913.1	41807	64	none	0	0		NC_031913.1 Streptococcus phage phiARI0460-1, complete genome
NC_031914.1	88994	93	none	0	1		NC_031914.1 Flavobacterium phage Fpv1, complete genome
NC_031915.1	37395	52	none	0	0		NC_031915.1 Streptococcus phage phiARI0468-4, complete genome
NC_031917.1	39949	68	none	0	0		NC_031917.1 Pseudoalteromonas phage BS5, complete genome
NC_031918.1	45342	75	none	0	0		NC_031918.1 Salmonella phage 64795_sal3, complete genome
NC_031919.1	42696	63	none	0	0		NC_031919.1 Flavobacterium phage Fpv8, complete genome
NC_031920.1	41105	67	none	0	0		NC_031920.1 Streptococcus phage phiARI0004, complete genome
NC_031921.1	42696	63	none	0	0		NC_031921.1 Flavobacterium phage Fpv5, complete genome
NC_031922.1	174830	216	none	0	0		NC_031922.1 Synechococcus phage S-CAM9 isolate 1109NB16, complete genome
NC_031923.1	42186	66	none	0	0		NC_031923.1 Streptococcus phage phiARI0468-2, complete genome
NC_031924.1	47564	89	none	0	0		NC_031924.1 Salmonella phage IME207, complete genome
NC_031925.1	43788	64	none	0	0		NC_031925.1 Salmonella phage BPS11Q3, complete genome
NC_031926.1	46575	62	none	0	0		NC_031926.1 Flavobacterium phage 2A, complete genome
NC_031927.1	216121	269	none	0	0		NC_031927.1 Synechococcus phage S-CAM7 isolate 0910CC49, complete genome
NC_031928.1	169936	271	none	0	1		NC_031928.1 Escherichia phage WG01, complete genome
NC_031929.1	41063	66	none	0	0		NC_031929.1 Streptococcus phage phiARI0468-1, complete genome
NC_031930.1	59518	73	none	0	0		NC_031930.1 Salmonella phage 118970_sal1, complete genome
NC_031931.1	89010	93	none	0	1		NC_031931.1 Flavobacterium phage Fpv2, complete genome
NC_031932.1	42702	63	none	0	0		NC_031932.1 Flavobacterium phage Fpv10, complete genome
NC_031933.1	114180	163	none	1	0		NC_031933.1 Salmonella phage 118970_sal2, complete genome
NC_031934.1	168929	264	none	0	1		NC_031934.1 Escherichia phage MX01, complete genome
NC_031935.1	186386	231	none	0	0		NC_031935.1 Synechococcus phage S-WAM2 isolate 0810PA29, complete genome
NC_031936.1	49979	79	none	0	0		NC_031936.1 Gordonia phage GAL1, complete genome
NC_031937.1	38979	51	none	0	0		NC_031937.1 Escherichia phage LM33_P1 genome assembly, chromosome: I
NC_031938.1	42820	63	none	0	0		NC_031938.1 Flavobacterium phage Fpv6, complete genome
NC_031939.1	89817	128	none	0	0		NC_031939.1 Salmonella phage BPS15Q2, complete genome
NC_031940.1	77375	127	none	0	0		NC_031940.1 Salmonella phage 118970_sal3, complete genome
NC_031941.1	34563	54	none	0	0		NC_031941.1 Streptococcus phage phiARI0131-2, complete genome
NC_031942.1	40498	69	none	0	0		NC_031942.1 Streptococcus phage phiARI0462, complete genome
NC_031943.1	40470	56	none	0	0		NC_031943.1 Escherichia phage vB_EcoP_GA2A, complete genome
NC_031944.1	185102	203	none	0	0		NC_031944.1 Synechococcus phage S-WAM1 isolate 0810PA09, complete genome
NC_031945.1	42696	63	none	0	0		NC_031945.1 Flavobacterium phage Fpv11, complete genome
NC_031946.1	40443	62	none	0	0		NC_031946.1 Salmonella Phage 103203_sal5, complete genome
NC_034245.1	7253	1	none	0	0		NC_034245.1 Bovine rhinovirus 1 strain SD-1, complete genome
NC_034248.1	115042	169	none	0	0		NC_034248.1 Rhizobium phage RHEph10, complete genome
NC_038311.1	7137	1	none	0	0		NC_038311.1 Human rhinovirus 1 strain ATCC VR-1559, complete genome
NC_038312.1	7208	2	none	0	0		NC_038312.1 Human rhinovirus 3, complete genome
NC_038878.1	6944	1	none	0	0		NC_038878.1 Human rhinovirus NAT001 polyprotein gene, complete cds
NC_040328.1	5360	7	none	0	0		NC_040328.1 Alces alces faeces associated microvirus MP12 5423, complete genome
NC_040329.1	5312	9	none	0	0		NC_040329.1 Lynx canadensis associated microvirus CLP 9413, complete genome
NC_040341.1	6357	6	none	0	0		NC_040341.1 Lepus americanus faeces associated microvirus SHP1 6472, complete genome
NC_040342.1	5398	9	none	0	0		NC_040342.1 Alces alces faeces associated microvirus MP11 5517, complete genome
NC_040349.1	4662	7	none	0	0		NC_040349.1 Alces alces faeces associated microvirus MP21 4718, complete genome
NC_040350.1	5497	8	none	0	0		NC_040350.1 Alces alces faeces associated microvirus MP10 5560, complete genome
NC_040373.1	4892	6	none	0	0		NC_040373.1 Alces alces faeces associated microvirus MP18 4940, complete genome
NC_040374.1	5004	5	none	0	0		NC_040374.1 Alces alces faeces associated microvirus MP15 5067, complete genome
NC_040375.1	6434	8	none	0	0		NC_040375.1 Alces alces faeces associated microvirus MP3 6497, complete genome
NC_041831.1	27985	28	none	0	0		NC_041831.1 Campylobacter phage vB_CcoM-IBB_35 clone Contig3, complete sequence
NC_041832.1	14701	23	none	0	0		NC_041832.1 Campylobacter phage vB_CcoM-IBB_35 clone Contig4, complete sequence
NC_041833.1	51534	64	none	0	0		NC_041833.1 Campylobacter phage vB_CcoM-IBB_35 clone Contig2, complete sequence
NC_041834.1	24608	32	none	0	0		NC_041834.1 Campylobacter phage vB_CcoM-IBB_35 clone Contig5, complete sequence
NC_041844.1	109270	210	none	0	0		NC_041844.1 Mycobacterium phage Optimus, complete genome
NC_041845.1	46450	74	none	0	0		NC_041845.1 Flavobacterium phage FCV-1, complete genome
NC_041846.1	74997	140	none	0	0		NC_041846.1 Mycobacterium phage Bask21, complete genome
NC_041847.1	57701	103	none	0	0		NC_041847.1 Mycobacterium phage Mutaforma13, complete genome
NC_041848.1	31200	43	none	0	0		NC_041848.1 Escherichia phage P2, complete genome
NC_041849.1	51160	80	none	0	0		NC_041849.1 Streptomyces phage phiELB20, complete genome
NC_041850.1	76174	135	none	0	0		NC_041850.1 Mycobacterium phage Eureka, complete genome
NC_041851.1	37374	55	none	0	0		NC_041851.1 Pseudomonas phage F_HA0480sp/Pa1651, complete genome
NC_041852.1	53972	86	none	0	0		NC_041852.1 Mycobacterium phage Nepal, complete genome
NC_041853.1	49186	75	none	0	0		NC_041853.1 Mycobacterium phage Marcell, complete genome
NC_041854.1	43827	56	none	0	0		NC_041854.1 Pectobacterium phage PhiM1, complete genome
NC_041855.1	58866	97	none	0	0		NC_041855.1 Mycobacterium phage Dorothy, complete genome
NC_041856.1	50348	75	none	0	0		NC_041856.1 Streptomyces phage phiCAM, complete genome
NC_041857.1	43665	78	none	0	0		NC_041857.1 Acinetobacter phage IME-AB2, complete genome
NC_041858.1	49492	81	none	0	0		NC_041858.1 Bacillus phage Taylor, complete genome
NC_041859.1	43226	63	none	0	0		NC_041859.1 Flavobacterium phage 23T, complete genome
NC_041860.1	50773	72	none	0	0		NC_041860.1 Streptomyces phage Danzina, complete genome
NC_041861.1	55073	86	none	0	0		NC_041861.1 Enterococcus phage VD13, complete genome
NC_041862.1	135279	187	none	1	0		NC_041862.1 Listeria phage LP-064, complete genome
NC_041863.1	168733	266	none	0	1		NC_041863.1 Escherichia coli O157 typing phage 3, complete genome
NC_041864.1	160570	247	none	0	1		NC_041864.1 Escherichia coli O157 typing phage 6, complete genome
NC_041865.1	65994	92	none	1	0		NC_041865.1 Pseudomonas phage phiKTN6, complete genome
NC_041866.1	47575	78	none	1	0		NC_041866.1 Acinetobacter phage YMC11/11/R3177, complete genome
NC_041867.1	37994	64	none	0	0		NC_041867.1 Paenibacillus phage Willow, complete genome
NC_041868.1	38261	62	none	0	0		NC_041868.1 Paracoccus phage Shpa, complete genome
NC_041869.1	135400	217	none	0	0		NC_041869.1 Escherichia phage APCEc02, complete genome
NC_041870.1	66158	94	none	1	0		NC_041870.1 Pseudomonas phage vB_PaeM_CEB_DP1, complete genome
NC_041871.1	135391	207	none	0	0		NC_041871.1 Escherichia phage Murica, complete genome
NC_041872.1	88308	90	none	0	0		NC_041872.1 Flavobacterium phage FpV4, complete genome
NC_041873.1	50298	79	none	0	0		NC_041873.1 Escherichia phage JMPW2, complete genome
NC_041874.1	49628	76	none	0	0		NC_041874.1 Escherichia phage JMPW1, complete genome
NC_041875.1	46723	53	none	0	0		NC_041875.1 Arthrobacter phage Jasmine, complete genome
NC_041876.1	37809	63	none	0	0		NC_041876.1 Arthrobacter phage Galaxy, complete genome
NC_041877.1	93191	126	none	0	0		NC_041877.1 Pseudomonas phage SM1, complete genome
NC_041878.1	378379	595	none	0	1		NC_041878.1 Pectobacterium phage CBB, complete genome
NC_041879.1	58951	86	none	0	0		NC_041879.1 Bacillus phage Mgbh1, complete genome
NC_041880.1	103218	213	none	0	0		NC_041880.1 Pseudomonas phage phiPMW, complete genome
NC_041881.1	158136	232	none	0	0		NC_041881.1 Pseudomonas phage pf16, complete genome
NC_041882.1	43478	66	none	0	0		NC_041882.1 Mycobacterium phage SkinnyPete, complete genome
NC_041883.1	47881	74	none	0	0		NC_041883.1 Gordonia phage Attis, complete genome
NC_041884.1	234900	327	none	1	0		NC_041884.1 Acinetobacter phage vB_AbaM_ME3, complete genome
NC_041885.1	40556	47	none	0	0		NC_041885.1 Pseudomonas phage VSW-3, complete genome
NC_041886.1	52738	93	none	0	0		NC_041886.1 Gordonia phage Strosahl, complete genome
NC_041887.1	134973	279	none	0	0		NC_041887.1 Rhodococcus phage Weasels2, complete genome
NC_041888.1	49658	74	none	0	0		NC_041888.1 Mycobacterium phage Tortellini, complete genome
NC_041889.1	56168	86	none	0	0		NC_041889.1 Streptomyces phage Rima, complete genome
NC_041890.1	35284	50	none	0	0		NC_041890.1 Propionibacterium phage Anatole, complete genome
NC_041891.1	37219	61	none	0	0		NC_041891.1 Propionibacterium phage B22, complete genome
NC_041892.1	35948	54	none	0	0		NC_041892.1 Propionibacterium phage B3, complete genome
NC_041893.1	37429	63	none	0	0		NC_041893.1 Propionibacterium phage Doucette, complete genome
NC_041894.1	38067	58	none	0	0		NC_041894.1 Propionibacterium phage E6, complete genome
NC_041895.1	38555	70	none	0	0		NC_041895.1 Propionibacterium phage G4, complete genome
NC_041896.1	134073	169	none	0	0		NC_041896.1 Campylobacter phage vB_CjeM_Los1, complete genome
NC_041897.1	42292	67	none	0	0		NC_041897.1 Escherichia phage K1ind1, complete genome
NC_041898.1	42765	66	none	0	0		NC_041898.1 Escherichia phage K1ind2, complete genome
NC_041899.1	123490	168	none	0	0		NC_041899.1 Klebsiella phage vB_Kpn_IME260, complete genome
NC_041900.1	47405	74	none	0	0		NC_041900.1 Klebsiella phage vB_KpnM_KpV52, complete genome
NC_041901.1	157034	213	none	1	0		NC_041901.1 Mycobacterium phage Lukilu, complete genome
NC_041902.1	66182	105	none	1	0		NC_041902.1 Pseudomonas phage PA5, complete genome
NC_041903.1	91212	165	none	0	0		NC_041903.1 Pseudomonas phage PA10, complete genome
NC_041904.1	92338	170	none	0	0		NC_041904.1 Pseudomonas phage Zigelbrucke, complete genome
NC_041905.1	40493	46	none	0	0		NC_041905.1 Acinetobacter phage SH-Ab 15519, complete genome
NC_041906.1	70912	78	none	0	1		NC_041906.1 Escherichia phage EC1-UPM, complete genome
NC_041907.1	72321	91	none	0	0		NC_041907.1 Pseudomonas phage PA26, complete genome
NC_041908.1	53018	81	none	2	0		NC_041908.1 Rhizobium phage RHEph04, complete genome
NC_041909.1	41152	64	none	0	0		NC_041909.1 Bacteriophage Shelly, complete genome
NC_041910.1	76350	102	none	0	1		NC_041910.1 Vibrio vulnificus phage SSP002, complete genome
NC_041911.1	279845	285	none	0	0		NC_041911.1 Ralstonia phage RP12 DNA, complete genome
NC_041912.1	40551	49	none	0	0		NC_041912.1 Aquamicrobium phage P14, complete genome
NC_041913.1	118537	162	none	0	0		NC_041913.1 Providencia phage vB_PreS_PR1, complete genome
NC_041914.1	41402	48	none	0	0		NC_041914.1 Acinetobacter phage vB_AbaP_AS12, complete genome
NC_041915.1	41642	49	none	0	0		NC_041915.1 Acinetobacter phage vB_AbaP_AS11, complete genome
NC_041916.1	239276	219	none	0	0		NC_041916.1 Vibrio phage pTD1 DNA, complete genome
NC_041917.1	357154	549	none	0	1		NC_041917.1 Serratia phage BF, complete genome
NC_041918.2	47718	77	none	0	0		NC_041918.2 Geobacillus phage TP-84, complete genome
NC_041919.1	168188	267	none	0	1		NC_041919.1 Escherichia phage HP3, complete genome
NC_041921.1	77874	123	none	0	1		NC_041921.1 Dinoroseobacter phage vB_DshS-R5C, complete genome
NC_041922.1	84419	119	none	0	0		NC_041922.1 Salmonella phage Si3, complete genome
NC_041923.1	87709	125	none	0	0		NC_041923.1 Salmonella phage Mushroom, complete genome
NC_041924.1	45415	88	none	0	0		NC_041924.1 Acinetobacter phage WCHABP12, complete genome
NC_041925.1	54836	95	none	1	0		NC_041925.1 UNVERIFIED_ORG: Proteus phage VB_PmiS-Isfahan, complete genome
NC_041926.1	41289	54	none	0	0		NC_041926.1 Escherichia phage vB_EcoM_ECOO78, complete genome
NC_041927.1	130138	197	none	0	0		NC_041927.1 Sphingobium phage Lacusarx, complete genome
NC_041928.1	139928	200	none	0	0		NC_041928.1 Staphylococcus phage phiIBB-SEP1, complete genome
NC_041929.1	188427	340	none	0	0		NC_041929.1 Sinorhizobium phage phiM7, complete genome
NC_041930.1	49879	70	none	0	0		NC_041930.1 Arthrobacter phage Brent, complete genome
NC_041931.1	49419	68	none	0	0		NC_041931.1 Arthrobacter phage Jawnski, complete genome
NC_041932.1	51027	75	none	0	0		NC_041932.1 Arthrobacter phage Martha, complete genome
NC_041933.1	50909	73	none	1	0		NC_041933.1 Arthrobacter phage Sonny, complete genome
NC_041934.1	61818	87	none	0	0		NC_041934.1 Pseudomonas phage LKO4, complete genome
NC_041935.1	61292	86	none	0	0		NC_041935.1 Escherichia phage PA28, complete genome
NC_041936.1	164706	268	none	0	1		NC_041936.1 Escherichia phage ECD7, complete genome
NC_041937.1	129454	217	none	0	0		NC_041937.1 Escherichia phage V18, complete genome
NC_041938.1	43075	62	none	0	0		NC_041938.1 Arthrobacter phage Bennie, complete genome
NC_041939.1	42601	59	none	0	0		NC_041939.1 Arthrobacter phage DrRobert, complete genome
NC_041940.1	44389	62	none	0	0		NC_041940.1 Arthrobacter phage Glenn, complete genome
NC_041941.1	43336	58	none	0	0		NC_041941.1 Arthrobacter phage HunterDalle, complete genome
NC_041942.1	44183	60	none	0	0		NC_041942.1 Arthrobacter phage Joann, complete genome
NC_041943.1	43707	60	none	0	0		NC_041943.1 Arthrobacter phage Korra, complete genome
NC_041944.1	43374	61	none	0	0		NC_041944.1 Arthrobacter phage Preamble, complete genome
NC_041945.1	42830	61	none	0	0		NC_041945.1 Arthrobacter phage Pumancara, complete genome
NC_041946.1	44371	64	none	0	0		NC_041946.1 Arthrobacter phage Wayne, complete genome
NC_041947.1	60005	93	none	0	0		NC_041947.1 Arthrobacter phage Laroye, complete genome
NC_041948.1	58353	93	none	1	0		NC_041948.1 Arthrobacter phage Circum, complete genome
NC_041949.1	59173	80	none	0	0		NC_041949.1 Arthrobacter phage Amigo, complete genome
NC_041950.1	75380	92	none	1	0		NC_041950.1 Gordonia phage Katyusha, complete genome
NC_041951.1	58159	83	none	0	0		NC_041951.1 Arthrobacter phage CaptnMurica, complete genome
NC_041952.1	58279	88	none	0	0		NC_041952.1 Arthrobacter phage Gordon, complete genome
NC_041953.1	57899	73	none	1	0		NC_041953.1 Pseudomonas phage PaMx25, complete genome
NC_041954.1	29339	41	none	0	0		NC_041954.1 Propionibacterium phage Keiki, complete genome
NC_041955.1	29491	41	none	0	0		NC_041955.1 Propionibacterium phage PHL082M03, complete genome
NC_041956.1	29422	43	none	0	0		NC_041956.1 Propionibacterium phage PHL117M01, complete genome
NC_041957.1	29511	42	none	0	0		NC_041957.1 Propionibacterium phage PHL151N00, complete genome
NC_041958.1	63513	88	none	1	0		NC_041958.1 Roseobacter phage RDJL Phi 2, complete genome
NC_041959.1	57081	97	none	1	0		NC_041959.1 Enterococcus phage IME-EF1, complete genome
NC_041960.1	58619	101	none	2	0		NC_041960.1 Enterococcus phage SAP6, complete genome
NC_041961.1	67592	106	none	0	0		NC_041961.1 Arthrobacter phage Tank, complete genome
NC_041962.1	76268	102	none	1	0		NC_041962.1 Tsukamurella phage TIN4, complete genome
NC_041963.1	44194	57	none	0	0		NC_041963.1 Rhodobacter phage RcSpartan, complete genome
NC_041964.1	63560	86	none	0	0		NC_041964.1 Pseudomonas phage R18 DNA, complete genome
NC_041965.1	69409	98	none	0	0		NC_041965.1 Mycobacterium phage Athena, complete genome
NC_041966.1	45888	90	none	0	0		NC_041966.1 Acinetobacter phage WCHABP1, complete genome
NC_041967.1	40409	47	none	0	0		NC_041967.1 Acinetobacter phage WCHABP5, complete genome
NC_041968.1	87646	156	none	0	0		NC_041968.1 Pseudomonas phage vB_PaeM_G1, complete genome
NC_041969.1	45580	71	none	0	0		NC_041969.1 Mycobacterium phage Jebeks, complete genome
NC_041970.1	80228	128	none	0	0		NC_041970.1 Mycobacterium phage Bongo, complete genome
NC_041971.1	83724	140	none	0	0		NC_041971.1 Mycobacterium phage Rey, complete genome
NC_041972.1	273501	320	none	0	0		NC_041972.1 Erwinia phage vB_EamM_Deimos-Minion, complete genome
NC_041973.1	271182	315	none	0	0		NC_041973.1 Erwinia phage vB_EamM_RAY, complete genome
NC_041974.1	271088	317	none	0	0		NC_041974.1 Erwinia phage vB_EamM_Simmy50, complete genome
NC_041975.1	273224	321	none	0	0		NC_041975.1 Erwinia phage vB_EamM_Special G, complete genome
NC_041976.1	54312	96	none	0	0		NC_041976.1 Brevibacillus phage Jimmer2, complete genome
NC_041977.1	89596	141	none	0	0		NC_041977.1 Citrobacter phage Mordin, complete genome
NC_041978.1	84694	115	none	0	0		NC_041978.1 Erwinia phage vB_EamM-M7, complete genome
NC_041979.1	88531	133	none	0	0		NC_041979.1 Escherichia coli O157 typing phage 1, complete genome
NC_041980.1	175814	273	none	0	1		NC_041980.1 Enterobacter phage phiEap-3, complete genome
NC_041981.1	176055	273	none	0	1		NC_041981.1 Klebsiella phage Miro, complete genome
NC_041982.1	51094	77	none	0	0		NC_041982.1 Mycobacterium phage Twister, complete genome
NC_041983.1	53278	80	none	0	0		NC_041983.1 Mycobacterium phage Timshel, complete genome
NC_041984.1	50332	76	none	0	0		NC_041984.1 Mycobacterium phage Tiger, complete genome
NC_041985.1	52298	82	none	0	0		NC_041985.1 Mycobacterium phage Switzer, complete genome
NC_041986.1	61164	105	none	0	0		NC_041986.1 Mycobacterium phage Spartacus, complete genome
NC_041987.1	75973	137	none	0	0		NC_041987.1 Mycobacterium phage SirDuracell, complete genome
NC_041988.1	59794	98	none	0	0		NC_041988.1 Mycobacterium phage ShiLan, complete genome
NC_041989.1	59315	101	none	0	0		NC_041989.1 Mycobacterium phage Shauna1, complete genome
NC_041990.1	170496	269	none	0	1		NC_041990.1 Escherichia phage ST0, complete genome
NC_041991.1	41546	61	none	0	0		NC_041991.1 Salmonella phage vB_SenS_AG11, complete genome
NC_041992.1	42633	64	none	0	0		NC_041992.1 Salmonella phage wksl3, complete genome
NC_041993.1	155286	225	none	2	0		NC_041993.1 Mycobacterium phage Sebata, complete genome
NC_041994.1	278136	331	none	0	0		NC_041994.1 Pseudomonas phage Noxifer, complete genome
NC_041995.1	50564	75	none	0	0		NC_041995.1 Shigella phage vB_SsoS-ISF002, complete genome
NC_041996.1	171175	277	none	0	1		NC_041996.1 Serratia phage CHI14, complete genome
NC_041997.1	156281	258	none	0	0		NC_041997.1 Acidovorax phage ACP17, complete genome
NC_041998.1	45373	84	none	0	0		NC_041998.1 Acinetobacter phage AbP2, complete genome
NC_041999.1	49797	70	none	0	0		NC_041999.1 Arthrobacter phage Beans, complete genome
NC_042000.1	70707	109	none	0	0		NC_042000.1 Arthrobacter phage Colucci, complete genome
NC_042001.1	58247	86	none	0	0		NC_042001.1 Arthrobacter phage Molivia, complete genome
NC_042002.1	39122	64	none	0	0		NC_042002.1 Arthrobacter phage Abidatro, complete genome
NC_042003.1	40879	48	none	0	0		NC_042003.1 Acinetobacter phage vB_AbaP_B1, complete genome
NC_042004.1	40598	47	none	0	0		NC_042004.1 Acinetobacter phage vB_AbaP_B3, complete genome
NC_042005.1	41608	52	none	0	0		NC_042005.1 Acinetobacter phage vB_AbaP_B5, complete genome
NC_042006.1	41208	49	none	0	0		NC_042006.1 Acinetobacter phage vB_ApiP_P1, complete genome
NC_042007.1	41514	50	none	0	0		NC_042007.1 Acinetobacter phage vB_ApiP_P2, complete genome
NC_042008.1	131976	220	none	1	0		NC_042008.1 Streptomyces phage Mildred21, complete genome
NC_042009.1	131086	213	none	1	1		NC_042009.1 Streptomyces phage NootNoot, complete genome
NC_042010.1	133486	216	none	1	1		NC_042010.1 Streptomyces phage Paradiddles, complete genome
NC_042011.1	133047	216	none	1	0		NC_042011.1 Streptomyces phage Peebs, complete genome
NC_042012.1	133710	214	none	1	0		NC_042012.1 Streptomyces phage Samisti12, complete genome
NC_042013.1	490380	836	none	0	0		NC_042013.1 Agrobacterium phage Atu_ph07, complete genome
NC_042014.1	49808	71	none	0	0		NC_042014.1 Arthrobacter phage Piccoletto, complete genome
NC_042015.1	50930	73	none	1	0		NC_042015.1 Arthrobacter phage Shade, complete genome
NC_042016.1	56076	81	none	0	0		NC_042016.1 Streptomyces phage DrGrey, complete genome
NC_042017.1	87570	134	none	0	0		NC_042017.1 Shigella phage Sf13, complete genome
NC_042018.1	235108	241	none	0	0		NC_042018.1 Erwinia phage vB_EamM_RisingSun, complete genome
NC_042019.1	162422	238	none	0	1		NC_042019.1 Aeromonas phage AS-gz, complete genome
NC_042020.1	45428	53	none	0	0		NC_042020.1 Arthrobacter phage Adat, complete genome
NC_042021.1	41712	68	none	0	0		NC_042021.1 Enterococcus phage phiSHEF2, complete genome
NC_042022.1	41081	63	none	0	0		NC_042022.1 Enterococcus phage phiSHEF4, complete genome
NC_042023.1	41598	69	none	0	0		NC_042023.1 Enterococcus phage phiSHEF5, complete genome
NC_042024.1	27595	50	none	0	0		NC_042024.1 Lactococcus lactis phage p2, complete genome
NC_042025.1	60030	89	none	0	0		NC_042025.1 Salmonella phage SE1 (in:Nonagvirus), complete genome
NC_042027.1	74491	135	none	0	0		NC_042027.1 Mycobacterium phage Pumpkin, complete genome
NC_042028.1	45159	86	none	0	0		NC_042028.1 Acinetobacter phage AB1, complete genome
NC_042029.1	43015	58	none	0	0		NC_042029.1 Edwardsiella phage eiAU, complete genome
NC_042030.1	58714	116	none	0	0		NC_042030.1 Mycobacterium phage Yoshi, complete sequence
NC_042031.1	60835	94	none	1	0		NC_042031.1 Mycobacterium phage Anaya, complete sequence
NC_042032.1	65100	105	none	0	0		NC_042032.1 Mycobacterium phage Marvin, complete sequence
NC_042033.1	71547	91	none	1	0		NC_042033.1 Mycobacterium phage Send513, complete sequence
NC_042034.1	70428	96	none	0	0		NC_042034.1 Mycobacterium phage ChrisnMich, complete sequence
NC_042035.1	71092	93	none	0	0		NC_042035.1 Mycobacterium phage Zemanar, complete sequence
NC_042036.1	47780	71	none	0	0		NC_042036.1 Mycobacterium phage Rockstar, complete genome
NC_042037.1	47624	79	none	0	0		NC_042037.1 Aeromonas phage pIS4-A genomic sequence
NC_042038.1	47285	73	none	0	0		NC_042038.1 Enterobacteriophage phiKP26, complete genome
NC_042039.1	166283	264	none	0	1		NC_042039.1 Shigella phage Sf22, complete genome
NC_042040.1	139262	227	none	1	0		NC_042040.1 Rhodococcus phage Trina, complete genome
NC_042041.1	47760	71	none	0	0		NC_042041.1 Klebsiella phage vB_KpnM_KpV79, complete genome
NC_042042.1	43060	57	none	0	0		NC_042042.1 Streptomyces phage Scap1, complete genome
NC_042043.1	49579	83	none	1	0		NC_042043.1 Escherichia phage SRT8, complete genome
NC_042044.1	159323	256	none	0	1		NC_042044.1 Salmonella phage Melville, complete genome
NC_042045.1	60237	84	none	0	0		NC_042045.1 Gordonia phage Lennon, complete genome
NC_042046.1	47319	75	none	1	0		NC_042046.1 Escherichia phage C119, complete genome
NC_042047.1	154938	212	none	0	0		NC_042047.1 Serratia phage vB_Sru_IME250, complete genome
NC_042048.1	138036	191	none	1	0		NC_042048.1 Listeria phage LMTA-34, complete genome
NC_042049.1	35985	45	none	0	0		NC_042049.1 Rhodobacter phage RcCronus, complete genome
NC_042050.1	67277	89	none	0	0		NC_042050.1 Mycobacterium phage Godines, complete genome
NC_042051.1	49562	70	none	0	0		NC_042051.1 Streptomyces phage Aaronocolus, complete genome
NC_042052.1	50727	73	none	0	0		NC_042052.1 Streptomyces phage Hydra, complete genome
NC_042053.1	70265	106	none	0	0		NC_042053.1 Arthrobacter phage PrincessTrina, complete genome
NC_042054.1	92816	157	none	0	0		NC_042054.1 Pseudomonas phage vB_PsyM_KIL4, complete genome
NC_042055.1	43679	71	none	0	0		NC_042055.1 Mycobacterium phage Pipsqueaks, complete genome
NC_042056.1	241654	263	none	0	0		NC_042056.1 Erwinia phage vB_EamM_Machina, complete genome
NC_042057.1	42925	53	none	0	0		NC_042057.1 Enterobacteria phage DE3, complete genome
NC_042058.1	48491	80	none	0	0		NC_042058.1 Mycobacterium phage Wonder, complete genome
NC_042060.1	266743	345	none	0	0		NC_042060.1 Pseudomonas phage PA7, partial genome
NC_042061.1	157235	202	none	0	0		NC_042061.1 Salmonella phage STML-13-1, partial genome
NC_042062.1	41391	68	none	0	0		NC_042062.1 Salmonella phage FSL SP-069 hypothetical proteins, RdgC exonuclease, hypothetical proteins, TerL, hypothetic
NC_042063.1	13598	24	none	0	0		NC_042063.1 Salmonella phage FSL SP-069 hypothetical protein gene, partial cds; and hypothetical proteins, helicase, end
NC_042064.1	1623	3	none	0	0		NC_042064.1 Salmonella phage FSL SP-069 hypothetical protein genes, complete cds
NC_042065.1	41873	58	none	0	0		NC_042065.1 Salmonella phage FSL SP-101, partial genome
NC_042066.1	51092	81	none	1	0		NC_042066.1 Salmonella phage FSL SP-126, partial genome
NC_042067.1	171911	307	none	0	1		NC_042067.1 Citrobacter phage CF1 ERZ-2017, complete genome
NC_042068.1	6503	6	none	0	0		NC_042068.1 Pseudomonas phage phiNN segment L, complete sequence
NC_042069.1	3814	6	none	0	0		NC_042069.1 Pseudomonas phage phiNN segment M, complete sequence
NC_042070.1	2945	6	none	0	0		NC_042070.1 Pseudomonas phage phiNN segment S, complete sequence
NC_042071.1	6648	5	none	0	0		NC_042071.1 Pseudomonas phage phiYY segment L, complete sequence
NC_042072.1	3862	7	none	0	0		NC_042072.1 Pseudomonas phage phiYY segment M, complete sequence
NC_042073.1	3004	7	none	0	0		NC_042073.1 Pseudomonas phage phiYY segment S, complete sequence
NC_042074.1	111671	151	none	0	0		NC_042074.1 Vibrio phage JSF10, complete genome
NC_042075.1	87575	135	none	0	0		NC_042075.1 Shigella phage Sf14, complete genome
NC_042076.1	90092	141	none	0	0		NC_042076.1 Shigella phage Sf17, complete genome
NC_042077.1	166002	267	none	0	1		NC_042077.1 Shigella phage Sf21, complete genome
NC_042078.1	168112	267	none	0	1		NC_042078.1 Shigella phage Sf24, complete genome
NC_042079.1	66291	94	none	1	0		NC_042079.1 Pseudomonas phage vB_PaeM_E217, complete genome
NC_042080.1	66789	95	none	1	0		NC_042080.1 Pseudomonas phage vB_PaeM_E215, complete genome
NC_042081.1	279696	357	none	0	0		NC_042081.1 Pseudomonas phage SL2, complete genome
NC_042082.1	96542	148	none	0	0		NC_042082.1 Stenotrophomonas phage vB_SmaS_DLP_5, complete genome
NC_042083.1	16523	33	none	0	0		NC_042083.1 Gluconobacter phage GC1, complete genome
NC_042084.1	44829	76	none	0	0		NC_042084.1 Escherichia phage VB_EcoS-Golestan, complete genome
NC_042085.1	67383	87	none	1	0		NC_042085.1 Corynebacterium phage C3PO, complete genome
NC_042086.1	67743	85	none	1	0		NC_042086.1 Corynebacterium phage Darwin, complete genome
NC_042087.1	66392	85	none	1	0		NC_042087.1 Corynebacterium phage Zion, complete genome
NC_042088.1	44408	68	none	0	0		NC_042088.1 Gordonia phage Gustav, complete genome
NC_042089.1	42475	61	none	0	0		NC_042089.1 Gordonia phage Mahdia, complete genome
NC_042090.1	104329	137	none	0	0		NC_042090.1 Proteus phage PM135, complete genome
NC_042091.1	112225	165	none	0	0		NC_042091.1 Pseudomonas phage nickie, complete genome
NC_042092.1	67498	89	none	0	0		NC_042092.1 Pseudomonas phage tabernarius, complete genome
NC_042093.1	111103	156	none	0	0		NC_042093.1 Klebsiella phage Sugarland, complete genome
NC_042094.1	128241	186	none	0	0		NC_042094.1 Vibrio phage Ceto, complete genome
NC_042095.1	128602	186	none	0	0		NC_042095.1 Vibrio phage Thalassa, complete genome
NC_042096.1	84916	120	none	0	0		NC_042096.1 Salmonella phage BPS17L1, complete genome
NC_042097.1	87609	122	none	0	0		NC_042097.1 Salmonella phage BPS17W1, complete genome
NC_042098.1	272458	319	none	0	0		NC_042098.1 Erwinia phage vB_EamM_Desertfox, complete genome
NC_042099.1	41593	65	none	0	0		NC_042099.1 Microbacterium phage Dismas, complete genome
NC_042100.1	237722	213	none	1	0		NC_042100.1 Vibrio phage Aphrodite1, complete genome
NC_042101.1	41489	67	none	0	0		NC_042101.1 Enterococcus phage PMBT2, complete genome
NC_042102.1	45909	66	none	0	0		NC_042102.1 Gordonia phage Troje, complete genome
NC_042103.1	45936	69	none	0	0		NC_042103.1 Pseudomonas phage Bjorn, complete genome
NC_042104.1	41651	46	none	0	0		NC_042104.1 Pseudomonas phage PollyC, complete genome
NC_042105.1	127084	213	none	1	0		NC_042105.1 Streptomyces phage BillNye, complete genome
NC_042106.1	56341	87	none	0	0		NC_042106.1 Streptomyces phage Bing, complete genome
NC_042107.1	45058	73	none	0	0		NC_042107.1 Pseudomonas phage NV1, complete genome
NC_042108.1	58842	86	none	0	0		NC_042108.1 Gordonia phage Brandonk123, complete genome
NC_042109.1	40366	60	none	0	0		NC_042109.1 Microbacterium phage Eleri, complete genome
NC_042110.1	41934	62	none	0	0		NC_042110.1 Microbacterium phage Hamlet, complete genome
NC_042111.1	41525	62	none	0	0		NC_042111.1 Microbacterium phage Ilzat, complete genome
NC_042112.1	132454	177	none	0	0		NC_042112.1 Campylobacter phage CP81, complete genome
NC_042113.1	93848	174	none	0	0		NC_042113.1 Pseudomonas phage vB_PaeM_C2-10_Ab02, complete genome
NC_042114.1	19741	29	none	0	0		NC_042114.1 Streptococcus phage Cp-7, complete genome
NC_042115.1	58139	81	none	0	1		NC_042115.1 Pseudomonas phage vB_PaeS_PAO1_Ab19, complete genome
NC_042116.1	354378	526	none	0	1		NC_042116.1 Yersinia phage fHe-Yen9-04 genome assembly, complete genome: monopartite
NC_042117.1	39640	57	none	0	0		NC_042117.1 Microbacterium phage Golden, complete genome
NC_042118.1	39403	55	none	0	0		NC_042118.1 Microbacterium phage Koji, complete genome
NC_042119.1	39307	59	none	1	0		NC_042119.1 Microbacterium phage Pikmin, complete genome
NC_042120.1	61437	89	none	0	0		NC_042120.1 Pantoea phage vB_PagS_Vid5, complete genome
NC_042121.1	10584	19	none	0	0		NC_042121.1 Pseudoalteromonas phage Cr39582, complete genome
NC_042122.1	51894	84	none	0	0		NC_042122.1 Enterobacter phage Ec_L1, complete genome
NC_042123.1	52856	94	none	0	0		NC_042123.1 Gordonia phage Waits, complete genome
NC_042124.1	39964	44	none	0	0		NC_042124.1 Acinetobacter phage vB_AbaP_D2, complete genome
NC_042125.1	40934	63	none	0	0		NC_042125.1 Enterococcus phage LY0322, complete genome
NC_042126.1	40789	64	none	0	0		NC_042126.1 Enterococcus phage vB_EfaS_AL3, complete genome
NC_042127.1	40836	62	none	0	0		NC_042127.1 Enterococcus phage vB_EfaS_AL2, complete genome
NC_042128.1	115154	126	none	0	0		NC_042128.1 Escherichia phage RCS47, complete genome
NC_042129.1	167467	274	none	0	1		NC_042129.1 Escherichia phage slur03, complete genome
NC_042130.1	167298	267	none	0	1		NC_042130.1 Escherichia phage slur04, complete genome
NC_042131.1	44549	56	none	0	0		NC_042131.1 Pectobacterium phage vB_PatP_CB5, complete genome
NC_042132.1	61670	76	none	1	0		NC_042132.1 Gordonia phage Sour, complete genome
NC_042133.1	146698	226	none	1	0		NC_042133.1 Bacillus phage SIOphi, partial genome
NC_042134.1	41257	68	none	0	0		NC_042134.1 Enterococcus phage AUEF3, partial genome
NC_042135.1	38232	56	none	0	0		NC_042135.1 Pseudomonas phage JBD67, partial genome
NC_042136.1	236053	210	none	0	0		NC_042136.1 Vibrio phage VP4B, partial genome
NC_042137.1	41308	50	none	0	0		NC_042137.1 Acinetobacter phage vB_AbaS_Loki genome assembly, complete genome: monopartite
NC_042138.1	175206	272	none	0	1		NC_042138.1 Klebsiella phage PMBT1 genome assembly, complete genome: monopartite
NC_042139.2	40353	54	none	0	0		NC_042139.2 Corynebacterium phage Poushou, complete genome
NC_042140.1	165213	240	none	1	0		NC_042140.1 Bacillus phage Bm15, complete genome
NC_042307.1	104373	146	none	0	0		NC_042307.1 Escherichia phage H8, complete genome, *** SEQUENCING IN PROGRESS ***
NC_042329.1	50988	81	none	0	0		NC_042329.1 Mycobacterium phage MrGordon, complete genome
NC_042343.1	43895	69	none	0	0		NC_042343.1 Pseudomonas phage PaP4, complete genome
NC_042344.1	56147	76	none	0	0		NC_042344.1 Phage Sano, complete genome
NC_042345.1	55601	69	none	0	0		NC_042345.1 Phage Salvo, complete genome
NC_042348.1	35883	44	none	0	0		NC_042348.1 Salinibacter phage M1EM-1, complete genome
NC_042349.1	53812	67	none	0	0		NC_042349.1 Salinibacter phage M8CC-19, complete genome
NC_042350.1	35099	42	none	0	0		NC_042350.1 Salinibacter phage M8CR30-2, complete genome
NC_042351.1	53197	69	none	0	0		NC_042351.1 Salinibacter phage M8CRM-1, complete genome
NC_042352.1	51889	67	none	0	0		NC_042352.1 Salinibacter phage M31CR41-2, complete genome
NC_042353.1	50672	63	none	0	0		NC_042353.1 Salinibacter phage SRUTV-1, complete genome
NC_042354.1	44530	56	none	1	0		NC_042354.1 Corynebacterium phage phi673, complete genome
NC_042355.1	43193	54	none	1	0		NC_042355.1 Corynebacterium phage phi674, complete genome
NC_042564.1	14504	25	none	0	0		NC_042564.1 Enterobacteria phage BF23 tRNA gene region
NC_043028.1	7190	12	none	0	0		NC_043028.1 Xanthomonas phage Xf109, complete genome
NC_043029.1	7648	14	none	0	0		NC_043029.1 Stenotrophomonas phage phiSMA6 proviral complete genome
NC_043469.1	51543	80	none	0	0		NC_043469.1 Enterobacteria phage F20, partial genome
NC_043767.1	67324	89	none	1	0		NC_043767.1 Mycobacterium phage TA17A, complete genome
NC_044940.1	48659	76	none	0	0		NC_044940.1 Pectobacterium phage PEAT2, complete genome
NC_045425.1	5688	7	none	0	0		NC_045425.1 Thermus phage phiOH3 genomic DNA, complete genome
NC_047700.1	42127	47	none	0	0		NC_047700.1 Uncultured phage_MedDCM-OCT-S37-C6 DNA, complete genome, group G9, isolate: uvMED-CGR-C79-MedDCM-OCT-S37-C6
NC_047701.1	42399	51	none	0	0		NC_047701.1 Uncultured phage_MedDCM-OCT-S42-C7 DNA, complete genome, group G8, isolate: uvMED-CGR-C97-MedDCM-OCT-S42-C7
NC_047702.1	42564	57	none	0	0		NC_047702.1 Uncultured phage_MedDCM-OCT-S35-C6 DNA, complete genome, group G8, isolate: uvMED-CGR-U-MedDCM-OCT-S35-C6
NC_047703.1	37553	52	none	0	1		NC_047703.1 Uncultured phage_MedDCM-OCT-S30-C28 DNA, complete genome, group G8, isolate: uvMED-CGR-U-MedDCM-OCT-S30-C28
NC_047704.1	40564	40	none	0	0		NC_047704.1 Uncultured phage_MedDCM-OCT-S45-C18 DNA, complete genome, group G8, isolate: uvMED-CGR-U-MedDCM-OCT-S45-C18
NC_047705.1	41803	54	none	0	0		NC_047705.1 Uncultured phage_MedDCM-OCT-S46-C10 DNA, complete genome, group G8, isolate: uvMED-CGR-U-MedDCM-OCT-S46-C10
NC_047706.1	43552	43	none	0	0		NC_047706.1 Uncultured phage_MedDCM-OCT-S31-C1 DNA, complete genome, group G9, isolate: uvMED-CGR-U-MedDCM-OCT-S31-C1
NC_047707.1	43698	45	none	0	0		NC_047707.1 Uncultured phage_MedDCM-OCT-S38-C3 DNA, complete genome, group G9, isolate: uvMED-CGR-U-MedDCM-OCT-S38-C3
NC_047708.1	41987	33	none	0	0		NC_047708.1 Uncultured phage_MedDCM-OCT-S39-C11 DNA, complete genome, group G9, isolate: uvMED-CGR-U-MedDCM-OCT-S39-C11
NC_047709.1	44705	54	none	1	0		NC_047709.1 Uncultured phage_MedDCM-OCT-S45-C4 DNA, complete genome, group G7, isolate: uvMED-CGR-U-MedDCM-OCT-S45-C4
NC_047710.1	43444	50	none	0	0		NC_047710.1 Uncultured phage_MedDCM-OCT-S28-C3 DNA, complete genome, group G7, isolate: uvMED-CGR-U-MedDCM-OCT-S28-C3
NC_047711.1	40866	54	none	0	0		NC_047711.1 Uncultured phage_MedDCM-OCT-S28-C10 DNA, complete genome, group G8, isolate: uvMED-CGR-C62A-MedDCM-OCT-S28-C
NC_047712.1	216628	265	none	1	0		NC_047712.1 Synechococcus phage ACG-2014f_Syn7803C7, complete genome
NC_047713.1	223270	284	none	1	0		NC_047713.1 Synechococcus phage ACG-2014f_Syn7803C8, complete genome
NC_047714.1	196842	259	none	1	0		NC_047714.1 Synechococcus phage ACG-2014f_Syn7803US26, complete genome
NC_047715.1	174670	203	none	0	0		NC_047715.1 Cyanophage S-RIM12 isolate RW_01_0310, complete genome
NC_047716.1	175557	205	none	0	0		NC_047716.1 Cyanophage S-RIM12 isolate RW_06_0310, complete genome
NC_047717.1	175559	205	none	0	0		NC_047717.1 Cyanophage S-RIM12 isolate W1_08_0910, complete genome
NC_047718.1	154990	208	none	0	0		NC_047718.1 Synechococcus phage ACG-2014b isolate Syn7803C61, complete genome
NC_047719.1	172874	214	none	0	0		NC_047719.1 Synechococcus phage ACG-2014b isolate Syn9311C4, complete genome
NC_047720.1	138339	209	none	2	0		NC_047720.1 Staphylococcus phage ISP complete genome
NC_047721.1	137031	217	none	2	0		NC_047721.1 Staphylococcus phage SA5, complete genome
NC_047722.1	145647	229	none	2	0		NC_047722.1 Staphylococcus phage Staph1N, complete genome
NC_047723.1	141018	209	none	2	0		NC_047723.1 Staphylococcus phage A3R, complete genome
NC_047724.1	148564	229	none	2	0		NC_047724.1 Staphylococcus phage 676Z, complete genome
NC_047725.1	148481	229	none	2	0		NC_047725.1 Staphylococcus phage Fi200W, complete genome
NC_047726.1	148243	232	none	2	0		NC_047726.1 Staphylococcus phage MSA6, complete genome
NC_047727.1	147590	229	none	2	0		NC_047727.1 Staphylococcus phage P4W, complete genome
NC_047728.1	145542	229	none	2	0		NC_047728.1 Staphylococcus phage A5W, complete genome
NC_047729.1	140218	215	none	2	0		NC_047729.1 Staphylococcus phage IME-SA1, complete genome
NC_047730.1	140906	219	none	2	0		NC_047730.1 Staphylococcus phage IME-SA2, complete genome
NC_047731.1	139750	210	none	2	0		NC_047731.1 Staphylococcus phage IME-SA118, complete genome
NC_047732.1	141028	214	none	2	0		NC_047732.1 Staphylococcus phage IME-SA119, complete genome
NC_047733.1	171216	204	none	0	0		NC_047733.1 Synechococcus phage S-RIM8 isolate RW_22_0300, complete genome
NC_047734.1	197450	214	none	1	0		NC_047734.1 Cyanophage S-RIM44 isolate Np_42_0711, complete genome
NC_047735.1	154371	217	none	1	0		NC_047735.1 Bacillus phage BCU4, complete genome
NC_047736.1	162598	282	none	2	0		NC_047736.1 Bacillus phage B5S, complete genome
NC_047737.1	42542	46	none	0	0		NC_047737.1 Vibrio phage AS51, complete genome
NC_047738.1	43444	49	none	0	0		NC_047738.1 Rhizobium phage RHEph01, complete genome
NC_047739.1	80617	124	none	0	0		NC_047739.1 Lactobacillus phage ATCC 8014-B2, complete genome
NC_047740.1	43017	64	none	0	0		NC_047740.1 Enterobacteria phage phiJLA23, complete genome
NC_047741.1	46318	48	none	0	0		NC_047741.1 Vibrio phage JSF7, complete genome
NC_047742.1	41510	62	none	1	0		NC_047742.1 Enterobacteria phage IME_EC2, complete genome
NC_047743.1	42409	47	none	0	0		NC_047743.1 Burkholderia phage Bp-AMP1 complete genome
NC_047744.1	151419	228	none	1	0		NC_047744.1 Bacillus phage Bp8p-T, complete genome
NC_047745.1	135764	188	none	1	0		NC_047745.1 Listeria phage LP-124, complete genome
NC_047746.1	44541	48	none	0	0		NC_047746.1 Vibrio phage Vc1, complete genome
NC_047747.1	40525	49	none	0	0		NC_047747.1 Pseudomonas phage phiPsa17, complete genome
NC_047748.1	43865	57	none	0	0		NC_047748.1 Klebsiella phage phiBO1E, complete genome
NC_047749.1	108418	146	none	0	0		NC_047749.1 Enterobacteria phage DT571/2, complete genome
NC_047750.1	36745	53	none	0	0		NC_047750.1 Mannheimia phage vB_MhM_1127AP1, complete genome
NC_047751.1	38731	53	none	0	0		NC_047751.1 Ralstonia phage phiITL-1, complete genome
NC_047752.1	36499	46	none	0	0		NC_047752.1 Burkholderia phage vB_BceM_AP3, complete genome
NC_047753.1	35203	45	none	0	0		NC_047753.1 Salmonella phage SEN8, complete genome
NC_047754.1	103737	155	none	0	0		NC_047754.1 Escherichia phage APCEc03, complete genome
NC_047755.1	39210	48	none	0	0		NC_047755.1 Yersinia phage phiYe-F10, complete genome
NC_047756.1	80297	118	none	0	0		NC_047756.1 Caulobacter phage Sansa, complete genome
NC_047757.1	85138	120	none	0	0		NC_047757.1 Caulobacter phage Seuss, complete genome
NC_047758.1	44539	56	none	0	0		NC_047758.1 Pectobacterium phage PPWS1 DNA, complete genome
NC_047759.1	43872	57	none	0	0		NC_047759.1 Dickeya phage BF25/12, complete genome
NC_047760.1	79099	119	none	0	0		NC_047760.1 Lactobacillus phage SA-C12, complete genome
NC_047761.1	41310	51	none	0	0		NC_047761.1 Klebsiella phage vB_KpnP_IME205, complete genome
NC_047762.1	44862	51	none	0	0		NC_047762.1 Xanthomonas phage XAJ24, complete genome
NC_047764.1	73787	96	none	0	0		NC_047764.1 Lactobacillus phage P1, complete genome
NC_047765.1	7929	14	none	0	0		NC_047765.1 Ralstonia phage Rs551, complete genome
NC_047766.1	38890	49	none	0	0		NC_047766.1 Escherichia phage ECA2, complete genome
NC_047767.1	139681	201	none	2	0		NC_047767.1 Staphylococcus phage vB_SscM-1, complete genome
NC_047768.1	45260	52	none	0	0		NC_047768.1 Phage MedPE-SWcel-C56, complete genome
NC_047769.1	44559	53	none	0	0		NC_047769.1 Escherichia phage AAPEc6, complete genome
NC_047770.1	149813	278	none	0	0		NC_047770.1 Escherichia phage ESCO13, complete genome
NC_047771.1	40765	47	none	0	0		NC_047771.1 Klebsiella phage vB_KpnP_KpV763, complete genome
NC_047772.1	40395	52	none	0	0		NC_047772.1 Klebsiella phage vB_KpnP_KpV767, complete genome
NC_047773.1	41283	50	none	0	0		NC_047773.1 Klebsiella phage vB_KpnP_KpV766, complete genome
NC_047774.1	39631	48	none	0	0		NC_047774.1 Serratia phage SM9-3Y, complete genome
NC_047775.1	32826	48	none	0	0		NC_047775.1 Salinivibrio phage SMHB1, complete genome
NC_047776.2	149268	267	none	0	0		NC_047776.2 Escherichia phage ESCO5, complete genome
NC_047777.1	40291	47	none	0	0		NC_047777.1 Escherichia phage ZG49, complete genome
NC_047778.1	41841	48	none	0	0		NC_047778.1 Pectobacterium phage PP2, complete genome
NC_047779.1	43557	55	none	1	0		NC_047779.1 Klebsiella phage KP-Rio/2015, complete genome
NC_047780.1	40605	49	none	0	0		NC_047780.1 Klebsiella phage vB_KpnP_PRA33, complete genome
NC_047781.1	41697	54	none	0	0		NC_047781.1 Klebsiella phage vB_KpnP_BIS33, complete genome
NC_047782.1	41335	51	none	0	0		NC_047782.1 Klebsiella phage vB_KpnP_IL33, complete genome
NC_047783.1	44623	57	none	1	0		NC_047783.1 Klebsiella phage vB_KpnP_KpV48, complete genome
NC_047784.1	51099	77	none	0	0		NC_047784.1 Klebsiella phage vB_KpnS_KpV522, complete genome
NC_047785.1	50552	79	none	0	0		NC_047785.1 Shigella phage SH6, complete genome
NC_047786.1	53263	80	none	0	0		NC_047786.1 Salmonella phage vB_SenS_Sasha, complete genome
NC_047787.1	42641	52	none	1	0		NC_047787.1 Klebsiella phage KPV811, complete genome
NC_047788.1	18023	20	none	0	0		NC_047788.1 Staphylococcus phage SCH1, complete genome
NC_047789.1	39790	50	none	0	0		NC_047789.1 Pectobacterium phage PP74, complete genome
NC_047790.1	35209	48	none	0	0		NC_047790.1 Pseudoalteromonas phage C5a, complete genome
NC_047791.1	53333	73	none	0	0		NC_047791.1 Pectobacterium phage PP101, complete genome
NC_047792.1	37817	54	none	0	0		NC_047792.1 Streptomyces phage Ididsumtinwong, complete genome
NC_047793.1	38411	54	none	0	0		NC_047793.1 Streptomyces phage PapayaSalad, complete genome
NC_047794.1	39522	55	none	0	0		NC_047794.1 Streptomyces phage Picard, complete genome
NC_047795.1	40785	53	none	0	0		NC_047795.1 Streptomyces phage Raleigh, complete genome
NC_047796.1	155053	198	none	1	0		NC_047796.1 Enterococcus phage EFP01, complete genome
NC_047797.2	40751	46	none	0	0		NC_047797.2 Pectobacterium phage PP81, complete genome
NC_047798.1	41116	48	none	0	0		NC_047798.1 Klebsiella phage K5-2, complete genome
NC_047799.1	40163	47	none	0	0		NC_047799.1 Klebsiella phage K5-4, complete genome
NC_047801.2	40995	47	none	0	0		NC_047801.2 Pectobacterium phage PP47, complete genome
NC_047802.1	44609	55	none	0	0		NC_047802.1 Pectobacterium phage PP99, complete genome
NC_047803.1	43121	47	none	0	0		NC_047803.1 Vibrio phage Vp670, complete genome
NC_047804.1	42042	46	none	0	0		NC_047804.1 Ralstonia phage RS-PII-1, complete genome
NC_047805.1	42771	53	none	0	0		NC_047805.1 Yersinia phage fHe-Yen3-01, complete genome
NC_047806.1	44018	55	none	0	0		NC_047806.1 Escherichia phage vB_EcoP_B, complete genome
NC_047807.1	44970	59	none	0	0		NC_047807.1 Escherichia phage vB_EcoP_C, complete genome
NC_047808.1	39300	48	none	0	0		NC_047808.1 Escherichia phage vB_EcoP_F, complete genome
NC_047809.1	37775	46	none	0	0		NC_047809.1 Escherichia phage vB_EcoP_K, complete genome
NC_047810.1	46717	71	none	1	0		NC_047810.1 Escherichia phage vB_EcoS-IME253, complete genome
NC_047811.1	44094	54	none	1	0		NC_047811.1 Klebsiella phage vB_KpnP_KpV74, complete genome
NC_047812.1	44234	69	none	1	0		NC_047812.1 Escherichia phage vB_Ecos_CEB_EC3a, complete genome
NC_047813.1	18546	20	none	0	0		NC_047813.1 Staphylococcus phage Andhra, complete genome
NC_047814.1	18275	20	none	0	0		NC_047814.1 Staphylococcus phage St 134, complete genome
NC_047815.1	259700	328	none	1	0		NC_047815.1 Erwinia phage vB_EamM_Yoloswag, complete genome
NC_047816.1	43211	49	none	1	0		NC_047816.1 Ralstonia phage RS-PI-1, complete genome
NC_047817.1	35100	46	none	0	0		NC_047817.1 Klebsiella phage 3 LV-2017, complete genome
NC_047818.1	33540	43	none	0	0		NC_047818.1 Klebsiella phage 4 LV-2017, complete genome
NC_047819.1	39906	48	none	0	0		NC_047819.1 Pectobacterium phage PPWS4 DNA, complete genome
NC_047820.1	50800	79	none	0	0		NC_047820.1 Escherichia phage vB_EcoS_ESCO41, complete genome
NC_047821.1	44245	48	none	0	0		NC_047821.1 Marinomonas phage CPP1m, complete genome
NC_047822.1	107263	159	none	0	0		NC_047822.1 Escherichia phage phiLLS, complete genome
NC_047823.1	50339	85	none	1	0		NC_047823.1 Citrobacter phage CF1 DK-2017, complete genome
NC_047824.1	54319	71	none	0	0		NC_047824.1 Shewanella phage SppYZU05, complete genome
NC_047825.1	50526	79	none	0	0		NC_047825.1 Klebsiella phage KOX1, complete genome
NC_047826.1	40214	47	none	0	0		NC_047826.1 Pseudomonas phage WRT, complete genome
NC_047827.1	40491	48	none	0	0		NC_047827.1 Pseudomonas phage KNP, complete genome
NC_047828.1	49088	77	none	0	0		NC_047828.1 Escherichia phage vB_EcoS_SH2, complete genome
NC_047829.1	39693	48	none	0	0		NC_047829.1 Escherichia phage ST31, complete genome
NC_047830.1	53092	78	none	0	0		NC_047830.1 Escherichia phage ST32, complete genome
NC_047831.1	38670	46	none	0	0		NC_047831.1 Pasteurella phage PHB02, complete genome
NC_047832.1	37287	44	none	0	0		NC_047832.1 Pasteurella phage PHB01, complete genome
NC_047833.1	30413	43	none	0	0		NC_047833.1 Erwinia phage EtG, complete genome
NC_047835.1	110901	170	none	0	0		NC_047835.1 Escherichia phage OSYSP, complete genome
NC_047836.1	45385	51	none	0	0		NC_047836.1 Marinomonas phage CB5A, complete genome
NC_047837.1	9174	16	none	0	0		NC_047837.1 Flavobacterium phage FLiP, complete genome
NC_047838.1	204930	260	none	0	0		NC_047838.1 Synechococcus phage Bellamy, complete genome
NC_047839.1	120295	188	none	0	0		NC_047839.1 Pseudoalteromonas phage SL20, complete genome
NC_047840.1	44597	53	none	0	0		NC_047840.1 Xanthomonas phage phi Xc10, complete genome
NC_047841.1	49090	77	none	0	0		NC_047841.1 Klebsiella phage KPN N141, complete genome
NC_047842.1	40048	47	none	0	0		NC_047842.1 Klebsiella phage 2044-307w, complete genome
NC_047843.1	39064	46	none	0	0		NC_047843.1 Leclercia phage 10164-302, complete genome
NC_047844.1	39216	46	none	0	0		NC_047844.1 Serratia phage 2050H2, complete genome
NC_047845.1	45423	52	none	0	0		NC_047845.1 Agrobacterium phage Atu_ph02, complete genome
NC_047846.1	45175	50	none	0	0		NC_047846.1 Agrobacterium phage Atu_ph03, complete genome
NC_047847.1	48262	74	none	0	0		NC_047847.1 Shigella phage Sd1, complete genome
NC_047848.1	47647	76	none	0	0		NC_047848.1 Shigella phage Sf12, complete genome
NC_047849.1	43012	54	none	1	0		NC_047849.1 Klebsiella phage AltoGao, complete genome
NC_047850.1	49807	76	none	1	0		NC_047850.1 Klebsiella phage MezzoGao, complete genome
NC_047851.1	50774	66	none	1	0		NC_047851.1 Brevibacterium phage LuckyBarnes, complete genome
NC_047852.1	42351	52	none	0	0		NC_047852.1 Pseudomonas phage phiNFS, complete genome
NC_047853.1	142072	213	none	1	0		NC_047853.1 Enterococcus phage phiEF24C-P2 DNA, complete genome
NC_047854.1	28765	37	none	0	0		NC_047854.1 Cronobacter phage ESSI-2, complete genome
NC_047855.1	17602	19	none	0	0		NC_047855.1 Staphylococcus phage PSa3 complete sequence
NC_047856.1	44911	41	none	0	0		NC_047856.1 Enterobacter phage KNP3 genomic sequence
NC_047857.1	44024	53	none	0	0		NC_047857.1 Klebsiella phage phiKpS2, complete genome
NC_047858.1	44601	53	none	0	0		NC_047858.1 Proteus phage PM 116, complete genome
NC_047859.1	117842	165	none	0	0		NC_047859.1 Salmonella phage SP01, complete genome
NC_047860.1	44638	53	none	0	0		NC_047860.1 Caulobacter phage Lullwater, complete genome
NC_047861.1	94005	121	none	0	1		NC_047861.1 Bordetella phage vB_BbrM_PHB04, complete genome
NC_047862.1	42518	60	none	0	0		NC_047862.1 Klebsiella phage vB_KpnS_IME279, complete genome
NC_047863.1	50552	76	none	0	0		NC_047863.1 Shigella phage vB_SflS-ISF001, complete genome
NC_047864.1	38209	44	none	0	0		NC_047864.1 Enterobacteria phage T3, complete genome
NC_047865.1	42439	48	none	0	0		NC_047865.1 Aeromonas phage CF7, complete genome
NC_047866.1	42167	47	none	0	0		NC_047866.1 Aeromonas phage Ahp1, complete genome
NC_047867.1	38202	43	none	0	0		NC_047867.1 Enterobacteria phage T7M, complete genome
NC_047868.1	46486	56	none	0	0		NC_047868.1 Rhizobium phage RHEph02, complete genome
NC_047869.1	43619	53	none	0	0		NC_047869.1 Rhizobium phage RHEph08, complete genome
NC_047870.1	45962	56	none	0	0		NC_047870.1 Rhizobium phage RHEph09, complete genome
NC_047871.1	136589	200	none	1	0		NC_047871.1 Listeria phage LMTA-57, complete genome
NC_047872.1	136468	194	none	1	0		NC_047872.1 Listeria phage LMTA-94, complete genome
NC_047873.1	39215	47	none	0	0		NC_047873.1 Pseudomonas phage UNO-SLW1, complete genome
NC_047874.1	39195	47	none	0	0		NC_047874.1 Pseudomonas phage Pf1 ERZ-2017, complete genome
NC_047875.1	39902	69	none	0	0		NC_047875.1 Salmonella phage UPF_BP1, complete genome
NC_047876.1	59779	79	none	0	0		NC_047876.1 Bordetella phage CN1, complete genome
NC_047877.1	62030	82	none	0	0		NC_047877.1 Bordetella phage CN2, complete genome
NC_047878.1	60332	81	none	0	0		NC_047878.1 Bordetella phage FP1, complete genome
NC_047879.1	60160	82	none	0	0		NC_047879.1 Bordetella phage MW2, complete genome
NC_047880.1	261365	334	none	2	0		NC_047880.1 Erwinia phage vB_EamM_Y3, complete genome
NC_047881.1	113299	167	none	0	0		NC_047881.1 Shigella phage SSP1, complete genome
NC_047882.1	111671	152	none	0	0		NC_047882.1 Vibrio phage JSF12, complete genome
NC_047883.1	41730	51	none	0	0		NC_047883.1 Acinetobacter phage SWH-Ab-3, complete genome
NC_047884.1	121986	188	none	0	0		NC_047884.1 Bacteriophage T5-like saus132, complete genome
NC_047885.1	120622	181	none	0	0		NC_047885.1 Bacteriophage T5-like chee24, complete genome
NC_047886.1	40142	48	none	0	0		NC_047886.1 Pectobacterium phage DU_PP_II, complete genome
NC_047887.1	106185	143	none	0	0		NC_047887.1 Pectobacterium phage DU_PP_V, complete genome
NC_047888.1	40657	43	none	0	0		NC_047888.1 Ralstonia phage DU_RP_I, complete genome
NC_047889.1	44784	57	none	0	0		NC_047889.1 Escherichia phage mutPK1A2, complete genome
NC_047890.1	42686	49	none	1	0		NC_047890.1 Escherichia phage PGT2, complete genome
NC_047891.1	54867	100	none	0	0		NC_047891.1 Gordonia phage BENtherdunthat, complete genome
NC_047892.1	77354	101	none	1	0		NC_047892.1 Gordonia phage BirksAndSocks, complete genome
NC_047893.1	45814	71	none	1	0		NC_047893.1 Escherichia phage DTL, complete genome
NC_047894.1	47868	46	none	0	0		NC_047894.1 Pseudomonas phage uligo, complete genome
NC_047895.1	39919	51	none	1	0		NC_047895.1 Escherichia phage EG1, complete genome
NC_047896.1	41567	49	none	0	0		NC_047896.1 Acinetobacter phage SWH-Ab-1, complete genome
NC_047897.1	78891	131	none	0	1		NC_047897.1 Lactobacillus phage Lenus, complete genome
NC_047898.1	50316	82	none	1	0		NC_047898.1 Salmonella phage YSP2, complete genome
NC_047899.1	44895	57	none	0	0		NC_047899.1 Escherichia phage VEc3, complete genome
NC_047900.1	159631	207	none	0	0		NC_047900.1 Klebsiella phage May, complete genome
NC_047901.1	157281	204	none	0	0		NC_047901.1 Klebsiella phage Menlow, complete genome
NC_047902.1	87196	118	none	1	0		NC_047902.1 Pseudomonas phage PMBT3, complete genome
NC_047903.1	44603	53	none	0	0		NC_047903.1 Vibrio phage VEN, complete genome
NC_047904.1	42551	56	none	1	0		NC_047904.1 Streptomyces phage AbbeyMikolon, complete genome
NC_047905.1	41872	54	none	0	0		NC_047905.1 Streptomyces phage Attoomi, complete genome
NC_047906.1	42890	59	none	1	0		NC_047906.1 Streptomyces phage Rowa, complete genome
NC_047908.1	40945	48	none	0	0		NC_047908.1 Klebsiella phage SH-Kp 152410, complete genome
NC_047909.1	61716	97	none	0	0		NC_047909.1 Faecalibacterium phage FP_Brigit, complete genome
NC_047910.1	49573	76	none	0	0		NC_047910.1 Faecalibacterium phage FP_Epona, complete genome
NC_047911.1	48211	65	none	0	0		NC_047911.1 Faecalibacterium phage FP_Lagaffe, complete genome
NC_047912.1	34075	42	none	0	0		NC_047912.1 Faecalibacterium phage FP_Lugh, complete genome
NC_047913.1	36636	52	none	0	0		NC_047913.1 Faecalibacterium phage FP_Mushu, complete genome
NC_047914.1	54286	86	none	0	0		NC_047914.1 Faecalibacterium phage FP_Taranis, complete genome
NC_047915.1	54725	89	none	0	1		NC_047915.1 Faecalibacterium phage FP_Toutatis, complete genome
NC_047916.1	58391	87	none	0	0		NC_047916.1 Faecalibacterium phage FP_oengus, complete genome
NC_047917.1	45495	50	none	0	0		NC_047917.1 Erwinia phage vB_EamP-S2, complete genome
NC_047918.1	81076	118	none	0	0		NC_047918.1 Lactobacillus phage Satyr, complete genome
NC_047919.1	17603	19	none	0	0		NC_047919.1 Staphylococcus phage vB_SauP_phiAGO1.3, complete genome
NC_047920.1	44349	54	none	0	0		NC_047920.1 Citrobacter phage vB_CroP_CrRp3, complete genome
NC_047921.1	76889	104	none	1	0		NC_047921.1 Gordonia phage Flakey, complete genome
NC_047922.1	40923	50	none	0	0		NC_047922.1 Pseudomonas phage Henninger, complete genome
NC_047923.1	39482	48	none	0	0		NC_047923.1 Escherichia phage HZ2R8, complete genome
NC_047924.1	141124	182	none	0	0		NC_047924.1 Lactobacillus phage Bacchae, complete genome
NC_047925.1	79221	126	none	0	1		NC_047925.1 Lactobacillus phage Nyseid, complete genome
NC_047926.1	139450	180	none	0	0		NC_047926.1 Lactobacillus phage Semele, complete genome
NC_047927.1	38823	46	none	0	0		NC_047927.1 Escherichia phage YZ1, complete genome
NC_047929.1	43036	48	none	0	0		NC_047929.1 Shigella phage SFN6B, complete genome
NC_047930.1	41135	45	none	0	0		NC_047930.1 Ralstonia phage RsoP1IDN, complete genome
NC_047931.1	78646	112	none	1	0		NC_047931.1 Lactobacillus phage Maenad, complete genome
NC_047933.1	43184	55	none	0	0		NC_047933.1 Pseudomonas phage phiNV3, complete genome
NC_047934.1	39034	49	none	0	0		NC_047934.1 Yersinia phage fPS-9 genome assembly, complete genome: monopartite
NC_047935.1	38391	47	none	0	0		NC_047935.1 Yersinia phage fPS-59 genome assembly, complete genome: monopartite
NC_047936.1	40694	48	none	0	0		NC_047936.1 Yersinia phage fPS-53 genome assembly, complete genome: monopartite
NC_047937.1	40075	47	none	0	0		NC_047937.1 Yersinia phage fPS-54-ocr genome assembly, complete genome: monopartite
NC_047938.1	51811	86	none	1	0		NC_047938.1 Escherichia phage SECphi27 genome assembly, complete genome: monopartite
NC_047939.1	37714	44	none	0	0		NC_047939.1 Yersinia phage YpP-Y, complete sequence
NC_047940.1	38288	46	none	0	0		NC_047940.1 Yersinia phage YpsP-G, complete sequence
NC_047941.1	41832	48	none	1	0		NC_047941.1 Salmonella phage vB_SpuP_Spp16, complete genome
NC_047942.1	39752	48	none	1	0		NC_047942.1 Escherichia phage Ebrios, complete genome
NC_047944.1	45135	60	none	1	0		NC_047944.1 Klebsiella phage myPSH1235, complete genome
NC_047945.1	142978	209	none	1	1		NC_047945.1 Staphylococcus phage phiSA_BS1, complete genome
NC_047946.1	41297	50	none	0	0		NC_047946.1 Ralstonia phage RsoP1EGY, complete genome
NC_047947.1	51818	86	none	1	0		NC_047947.1 Salmonella phage vB_SenS_PHB07, complete genome
NC_047948.1	149229	219	none	1	1		NC_047948.1 Staphylococcus phage phiSA_BS2, complete genome
NC_047949.1	112558	142	none	0	0		NC_047949.1 Aeromonas phage AhSzq-1, partial genome
NC_047950.1	115739	141	none	0	0		NC_047950.1 Aeromonas phage AhSzw-1, complete genome
NC_047951.1	42085	48	none	0	0		NC_047951.1 Yersinia phage phiR8-01 complete genome
NC_047952.1	43337	54	none	0	0		NC_047952.1 Pseudomonas phage PAXYB1, complete genome
NC_047953.1	44205	56	none	0	0		NC_047953.1 Pseudomonas phage vB_PaeP_130_113, complete genome
NC_047954.1	46644	49	none	0	0		NC_047954.1 Pseudomonas phage Njord, complete genome
NC_047955.1	45779	47	none	0	0		NC_047955.1 Pseudomonas phage Nerthus, complete genome
NC_047956.1	46585	49	none	0	0		NC_047956.1 Pseudomonas phage Achelous, complete genome
NC_047957.1	45756	47	none	0	0		NC_047957.1 Pseudomonas phage Alpheus, complete genome
NC_047958.1	42250	60	none	0	0		NC_047958.1 Burkholderia phage vB_BmuP_KL4, complete genome
NC_047959.1	50354	79	none	0	0		NC_047959.1 Enterobacteria phage vB_EcoS_IME18, complete genome
NC_047960.1	50048	87	none	1	0		NC_047960.1 Enterobacteria phage vB_EcoS_IME347, complete genome
NC_047961.1	40484	50	none	0	0		NC_047961.1 Dickeya phage Dagda, complete genome
NC_047962.1	61939	81	none	0	1		NC_047962.1 Xanthomonas phage Carpasina, complete genome
NC_047963.1	40552	48	none	0	0		NC_047963.1 Pectobacterium phage Jarilo, complete genome
NC_047964.1	39699	47	none	0	0		NC_047964.1 Dickeya phage Ninurta, complete genome
NC_047965.1	40822	51	none	0	0		NC_047965.1 Pseudomonas phage 22PfluR64PP, complete genome
NC_047966.1	42696	51	none	0	0		NC_047966.1 Aeromonas phage 25AhydR2PP, complete genome
NC_047967.1	42750	56	none	0	0		NC_047967.1 Pseudomonas phage vB_PaeP_PAO1_1-15pyo, complete genome
NC_047968.1	40635	49	none	0	0		NC_047968.1 Klebsiella phage KP32_isolate 192, complete genome
NC_047969.1	41161	48	none	0	0		NC_047969.1 Klebsiella phage KP32_isolate 194, complete genome
NC_047970.1	40540	49	none	0	0		NC_047970.1 Klebsiella phage KP32_isolate 195, complete genome
NC_047971.1	40337	46	none	0	0		NC_047971.1 Klebsiella phage KP32_isolate 196, complete genome
NC_047972.1	38684	64	none	0	0		NC_047972.1 Microbacterium phage Appa, complete genome
NC_047973.1	61769	100	none	0	0		NC_047973.1 Microbacterium phage Hyperion, complete genome
NC_047974.1	53912	86	none	0	0		NC_047974.1 Rhodococcus phage Jace, complete genome
NC_047975.1	62312	104	none	0	0		NC_047975.1 Microbacterium phage Squash, complete genome
NC_047976.1	52935	86	none	1	0		NC_047976.1 Microbacterium phage Paschalis, complete genome
NC_047977.1	97757	150	none	0	0		NC_047977.1 Microbacterium phage Hendrix, complete genome
NC_047978.1	54065	79	none	0	0		NC_047978.1 Erwinia phage Faunus, complete genome
NC_047979.1	101665	130	none	0	0		NC_047979.1 Escherichia phage Gostya9, complete genome
NC_047980.1	40578	50	none	0	0		NC_047980.1 Klebsiella phage SH-Kp 152234, complete genome
NC_047981.1	40184	49	none	0	0		NC_047981.1 Pseudomonas phage PspYZU08, complete genome
NC_047982.1	39628	44	none	0	0		NC_047982.1 Ralstonia phage RPSC1, complete genome
NC_047983.1	43416	63	none	0	0		NC_047983.1 Lactobacillus phage Lb, complete genome
NC_047984.1	39825	46	none	1	0		NC_047984.1 Escherichia phage vB_EcoP_S523, complete genome
NC_047985.1	49788	80	none	1	0		NC_047985.1 Escherichia phage LL5, complete genome
NC_047986.1	56708	78	none	0	0		NC_047986.1 Microbacterium phage Krampus, complete genome
NC_047987.1	55572	96	none	1	0		NC_047987.1 Microbacterium phage MementoMori, complete genome
NC_047988.1	54148	86	none	0	0		NC_047988.1 Microbacterium phage Metamorphoo, complete genome
NC_047989.1	54189	87	none	0	0		NC_047989.1 Microbacterium phage RobsFeet, complete genome
NC_047990.1	67118	87	none	0	0		NC_047990.1 Gordonia phage Suzy, complete genome
NC_047991.1	43758	66	none	0	0		NC_047991.1 Gordonia phage Trine, complete genome
NC_047992.1	47921	76	none	1	0		NC_047992.1 Microbacterium phage Zeta1847, complete genome
NC_047993.1	53549	90	none	1	0		NC_047993.1 Microbacterium phage Quhwah, complete genome
NC_047994.1	150925	275	none	0	0		NC_047994.1 Klebsiella phage ZCKP1, complete genome
NC_047995.1	266532	339	none	1	0		NC_047995.1 Erwinia phage vB_EamM_Alexandra, complete genome
NC_047996.1	49372	76	none	0	0		NC_047996.1 Escherichia phage Eco_BIFF, complete genome
NC_047997.1	40914	51	none	0	0		NC_047997.1 Pseudomonas phage PFP1, complete genome
NC_047998.1	50403	76	none	0	0		NC_047998.1 Shigella phage Sfin-1, complete genome
NC_047999.1	111607	166	none	0	0		NC_047999.1 Salmonella phage SH9, partial genome
NC_048000.1	111601	161	none	0	0		NC_048000.1 Salmonella phage LVR16A, partial genome
NC_048001.1	109306	159	none	0	0		NC_048001.1 Salmonella phage SP3, partial genome
NC_048002.1	39883	48	none	0	0		NC_048002.1 Escherichia phage SRT7, complete genome
NC_048003.1	72821	101	none	0	0		NC_048003.1 Pseudomonas phage phCDa, complete genome
NC_048004.1	38821	47	none	0	0		NC_048004.1 Salmonella phage 3A_8767, complete genome
NC_048005.1	112582	165	none	1	0		NC_048005.1 Salmonella phage S113, complete genome
NC_048006.1	110926	162	none	0	0		NC_048006.1 Salmonella phage S114, complete genome
NC_048007.1	110664	163	none	1	0		NC_048007.1 Salmonella phage S116, complete genome
NC_048008.1	111999	164	none	1	0		NC_048008.1 Salmonella phage S126, complete genome
NC_048009.1	110091	160	none	0	0		NC_048009.1 Salmonella phage S131, complete genome
NC_048010.1	116832	165	none	1	0		NC_048010.1 Salmonella phage S132, complete genome
NC_048011.1	110926	162	none	0	0		NC_048011.1 Salmonella phage S133, complete genome
NC_048012.1	111447	163	none	1	0		NC_048012.1 Salmonella phage S147, complete genome
NC_048013.1	112564	159	none	0	0		NC_048013.1 Salmonella phage S124, complete genome
NC_048014.1	39906	50	none	0	0		NC_048014.1 Klebsiella phage vB_KpnP_IME321, complete genome
NC_048015.1	176495	227	none	0	0		NC_048015.1 Cyanophage S-TIM4, complete genome
NC_048016.1	244950	275	none	0	0		NC_048016.1 Erwinia phage Wellington, complete genome
NC_048017.1	40833	68	none	0	0		NC_048017.1 Microbacterium phage Eden, complete genome
NC_048018.1	52195	96	none	0	0		NC_048018.1 Gordonia phage Apricot, complete genome
NC_048019.1	51265	73	none	0	0		NC_048019.1 Gordonia phage Ruthy, complete genome
NC_048020.1	52992	86	none	1	0		NC_048020.1 Microbacterium phage KaiHaiDragon, complete genome
NC_048021.1	90490	160	none	0	0		NC_048021.1 Gordonia phage Daredevil, complete genome
NC_048022.1	30930	44	none	0	0		NC_048022.1 Eggerthella phage PMBT5, complete genome
NC_048023.1	39747	53	none	0	0		NC_048023.1 Escherichia phage Vec13, complete genome
NC_048024.1	49292	73	none	1	0		NC_048024.1 Klebsiella phage NJS1, complete genome
NC_048025.1	40387	51	none	0	0		NC_048025.1 Shigella phage SFPH2, complete genome
NC_048027.1	67234	121	none	0	0		NC_048027.1 Gordonia phage Fryberger, complete genome
NC_048028.1	68389	123	none	0	0		NC_048028.1 Gordonia phage Ronaldo, complete genome
NC_048029.1	43077	50	none	1	0		NC_048029.1 Sphingomonas phage Scott isolate SPS, complete genome
NC_048030.1	10313	13	none	0	0		NC_048030.1 Uncultured phage MedDCM-OCT-S08-C159 genomic sequence
NC_048031.1	20430	31	none	0	0		NC_048031.1 Uncultured phage MedDCM-OCT-S04-C24 genomic sequence
NC_048032.1	14123	21	none	0	0		NC_048032.1 Uncultured phage MedDCM-OCT-S05-C243 genomic sequence
NC_048033.1	14714	24	none	0	0		NC_048033.1 Uncultured phage MedDCM-OCT-S05-C849 genomic sequence
NC_048034.1	28224	41	none	0	0		NC_048034.1 Uncultured phage MedDCM-OCT-S08-C41 genomic sequence
NC_048035.1	43237	49	none	0	0		NC_048035.1 Vibrio phage vB_VpaP_KF1, complete genome
NC_048036.1	43571	50	none	0	0		NC_048036.1 Vibrio phage vB_VpaP_KF2, complete genome
NC_048038.1	41706	60	none	0	0		NC_048038.1 Microbacterium phage Neferthena, complete genome
NC_048039.1	55668	100	none	0	0		NC_048039.1 Gordonia phage Horus, complete genome
NC_048040.1	53085	103	none	0	0		NC_048040.1 Gordonia phage Phistory, complete genome
NC_048041.1	112106	158	none	0	1		NC_048041.1 Vibrio phage vB_VpS_PG07, complete genome
NC_048042.1	49344	76	none	0	0		NC_048042.1 Klebsiella phage TAH8, complete genome
NC_048043.1	50132	78	none	1	0		NC_048043.1 Klebsiella phage NJS2, complete genome
NC_048044.1	49468	75	none	0	0		NC_048044.1 Klebsiella phage NJR15, complete genome
NC_048045.1	220934	347	none	0	0		NC_048045.1 Caulobacter phage CcrBL10, complete genome
NC_048046.1	308141	492	none	0	0		NC_048046.1 Caulobacter phage CcrPW, complete genome
NC_048047.1	322272	558	none	0	0		NC_048047.1 Caulobacter phage CcrBL9, complete genome
NC_048048.2	317489	548	none	0	0		NC_048048.2 Caulobacter phage CcrSC, complete genome
NC_048049.1	181082	222	none	0	0		NC_048049.1 Synechococcus phage S-T4, complete genome
NC_048050.1	33961	48	none	0	0		NC_048050.1 Uncultured phage_Deep1-GF2-KM23-C739, complete genome
NC_048051.1	24480	34	none	0	0		NC_048051.1 Uncultured phage_Deep-GF0-KM16-C193, complete genome
NC_048052.1	40131	49	none	0	0		NC_048052.1 Dickeya phage vB_DsoP_JA10, complete genome
NC_048053.1	253323	322	none	0	0		NC_048053.1 Dickeya phage vB_DsoM_JA29, complete genome
NC_048054.1	261658	334	none	1	0		NC_048054.1 Dickeya phage vB_DsoM_AD1, complete genome
NC_048055.1	41344	44	none	0	0		NC_048055.1 Curvibacter phage P26059B, complete genome
NC_048056.1	44364	58	none	0	0		NC_048056.1 Pectobacterium phage Gaspode, complete genome
NC_048057.1	40441	50	none	0	0		NC_048057.1 Dickeya phage Katbat, complete genome
NC_048058.1	43686	57	none	0	0		NC_048058.1 Pectobacterium phage Lelidair, complete genome
NC_048059.1	40729	51	none	0	0		NC_048059.1 Dickeya phage Luksen, complete genome
NC_048060.1	40651	51	none	0	0		NC_048060.1 Dickeya phage Mysterion, complete genome
NC_048061.1	42818	54	none	0	0		NC_048061.1 Pectobacterium phage Nobby, complete genome
NC_048062.1	114274	161	none	0	0		NC_048062.1 Salmonella phage Sw2, complete genome
NC_048063.1	39382	48	none	0	0		NC_048063.1 Escherichia phage LL2, complete genome
NC_048064.1	45185	53	none	0	0		NC_048064.1 Escherichia phage LL11, complete genome
NC_048065.1	49665	84	none	1	0		NC_048065.1 Citrobacter phage Sazh, complete genome
NC_048066.1	32014	43	none	0	0		NC_048066.1 Vibrio phage 1.202.O._10N.222.45.E8, partial genome
NC_048067.1	41775	58	none	0	0		NC_048067.1 Escherichia phage C130_2, complete genome
NC_048068.1	61703	102	none	1	0		NC_048068.1 Microbacterium phage OneinaGillian, complete genome
NC_048069.1	44609	61	none	1	0		NC_048069.1 Corynebacterium phage SamW, complete genome
NC_048070.1	41394	57	none	2	0		NC_048070.1 Corynebacterium phage Juicebox, complete genome
NC_048071.1	40060	50	none	0	0		NC_048071.1 Escherichia phage IMM-002, complete genome
NC_048072.1	40725	55	none	0	0		NC_048072.1 Streptomyces phage Darolandstone, complete genome
NC_048073.1	68472	98	none	1	1		NC_048073.1 Escherichia phage FEC19, complete genome
NC_048074.1	103628	166	none	0	0		NC_048074.1 Acinetobacter phage vB_AbaM_B09_Aci01-1, complete genome
NC_048075.1	104354	170	none	0	0		NC_048075.1 Acinetobacter phage vB_AbaM_B09_Aci02-2, complete genome
NC_048076.1	42330	51	none	0	0		NC_048076.1 Acinetobacter phage vB_AbaP_46-62_Aci07, complete genome
NC_048077.1	255356	330	none	0	0		NC_048077.1 Dickeya phage vB_DsoM_JA11, complete genome
NC_048078.1	39266	49	none	0	0		NC_048078.1 Escherichia phage N30, complete genome
NC_048079.1	39551	50	none	0	0		NC_048079.1 Escherichia phage C5, complete genome
NC_048080.1	102789	165	none	0	0		NC_048080.1 Acinetobacter phage vB_AbaM_B09_Aci05, complete genome
NC_048081.1	42067	51	none	0	0		NC_048081.1 Acinetobacter phage vB_AbaP_B09_Aci08, complete genome
NC_048082.1	38396	45	none	1	0		NC_048082.1 Enterobacteria phage vB_EcoP_IME390, complete genome
NC_048083.1	56214	102	none	0	0		NC_048083.1 Gordonia phage Getalong, complete genome
NC_048084.1	137973	171	none	0	0		NC_048084.1 Lactobacillus phage Iacchus, complete genome
NC_048085.1	140527	174	none	0	0		NC_048085.1 Lactobacillus phage Bromius, complete genome
NC_048086.1	104410	144	none	0	0		NC_048086.1 Proteus phage Stubb, complete genome
NC_048087.1	152770	198	none	1	0		NC_048087.1 Enterococcus phage EfV12-phi1, complete genome
NC_048088.1	48195	75	none	1	0		NC_048088.1 Cronobacter phage CS01, complete genome
NC_048089.1	114275	165	none	0	0		NC_048089.1 Salmonella phage STG2, complete genome
NC_048090.1	39928	68	none	0	0		NC_048090.1 Microbacterium phage Armstrong, complete genome
NC_048091.1	43113	66	none	1	0		NC_048091.1 Arthrobacter phage Bridgette, complete genome
NC_048092.1	43706	64	none	0	0		NC_048092.1 Arthrobacter phage Constance, complete genome
NC_048093.1	42577	69	none	1	0		NC_048093.1 Arthrobacter phage DrManhattan, complete genome
NC_048094.1	41165	58	none	0	0		NC_048094.1 Arthrobacter phage Eileen, complete genome
NC_048095.1	43440	68	none	1	0		NC_048095.1 Arthrobacter phage Judy, complete genome
NC_048096.1	44103	65	none	0	0		NC_048096.1 Arthrobacter phage Peas, complete genome
NC_048097.1	43206	66	none	1	0		NC_048097.1 Arthrobacter phage Yang, complete genome
NC_048098.1	38802	68	none	0	0		NC_048098.1 Arthrobacter phage Andrew, complete genome
NC_048099.1	38317	68	none	0	0		NC_048099.1 Arthrobacter phage Coral, complete genome
NC_048100.1	38449	70	none	0	0		NC_048100.1 Arthrobacter phage Kepler, complete genome
NC_048101.1	42363	57	none	0	0		NC_048101.1 Microbacterium phage Goodman, complete genome
NC_048102.1	158485	181	none	0	0		NC_048102.1 Synechoccus phage S-P4, partial genome
NC_048103.1	44716	60	none	0	0		NC_048103.1 Pectobacterium phage PPWS2 DNA, complete genome
NC_048104.1	72362	82	none	0	0		NC_048104.1 MAG: Lactobacillus phage ViSo-2018a, partial genome
NC_048105.1	39688	43	none	1	0		NC_048105.1 Salmonella phage BSP161, complete genome
NC_048106.1	139069	176	none	0	0		NC_048106.1 Synechococcus phage S-CBWM1, complete genome
NC_048107.1	17700	20	none	0	0		NC_048107.1 Staphylococcus phage Pabna, complete genome
NC_048108.1	39648	46	none	0	0		NC_048108.1 Yersinia phage PYPS50, complete genome
NC_048109.1	37152	47	none	0	0		NC_048109.1 Pseudomonas phage Dobby, complete genome
NC_048110.1	111851	166	none	0	0		NC_048110.1 Salmonella phage Seafire, complete genome
NC_048111.1	41823	48	none	0	0		NC_048111.1 Pectobacterium phage Arno160, complete genome
NC_048112.1	42042	61	none	0	0		NC_048112.1 Escherichia phage Skarpretter, complete genome
NC_048113.1	41126	59	none	1	0		NC_048113.1 Salmonella phage Lumpael, complete genome
NC_048114.1	40539	49	none	0	0		NC_048114.1 Klebsiella phage kpssk3, complete genome
NC_048115.1	45803	66	none	1	0		NC_048115.1 Arthrobacter phage Liebe, complete genome
NC_048116.1	43310	56	none	0	0		NC_048116.1 Pectobacterium phage Clickz, complete genome
NC_048117.1	44013	56	none	0	0		NC_048117.1 Pectobacterium phage Khlen, complete genome
NC_048118.1	43402	54	none	0	0		NC_048118.1 Pectobacterium phage Koot, complete genome
NC_048119.1	43825	59	none	0	0		NC_048119.1 Pectobacterium phage Phoria, complete genome
NC_048120.1	43724	57	none	0	0		NC_048120.1 Pectobacterium phage Zenivior, complete genome
NC_048121.1	72290	84	none	0	0		NC_048121.1 Vibrio phage 1.169.O._10N.261.52.B1, partial genome
NC_048122.1	72305	86	none	0	0		NC_048122.1 Vibrio phage 1.188.A._10N.286.51.A6, partial genome
NC_048123.1	44168	55	none	0	0		NC_048123.1 Vibrio phage 1.204.O._10N.222.46.F12, partial genome
NC_048124.1	71915	85	none	0	0		NC_048124.1 Vibrio phage 1.224.A._10N.261.48.B1, partial genome
NC_048125.1	71992	82	none	0	0		NC_048125.1 Vibrio phage 1.261.O._10N.286.51.A7, partial genome
NC_048126.1	49861	72	none	0	0		NC_048126.1 Klebsiella phage TSK1, complete genome
NC_048129.1	40236	48	none	0	0		NC_048129.1 Klebsiella phage KN1-1 DNA, complete genome
NC_048130.1	41219	53	none	0	0		NC_048130.1 Klebsiella phage KN4-1 DNA, complete genome
NC_048131.1	41059	47	none	0	0		NC_048131.1 Klebsiella phage KN3-1 DNA, complete genome
NC_048132.1	50910	84	none	1	0		NC_048132.1 Escherichia phage vB_EcoS-95, complete genome
NC_048133.1	30791	31	none	0	0		NC_048133.1 Aeromonas phage ZPAH7, complete genome
NC_048134.1	142567	178	none	0	0		NC_048134.1 Lactobacillus phage Lpa804, complete genome
NC_048135.1	39767	50	none	0	0		NC_048135.1 Enterobacter phage EcpYZU01, complete genome
NC_048136.1	39793	50	none	0	0		NC_048136.1 Escherichia phage vB_EcoP-Ro45lw, complete genome
NC_048137.1	51170	79	none	0	0		NC_048137.1 Pantoea phage vB_PagS_AAS23, complete genome
NC_048138.1	40352	48	none	0	0		NC_048138.1 Klebsiella phage Henu1, complete genome
NC_048139.1	83219	119	none	0	0		NC_048139.1 Streptomyces phage Hiyaa, complete genome
NC_048140.1	36776	55	none	1	0		NC_048140.1 Arthrobacter phage Maja, complete genome
NC_048141.1	53215	96	none	0	0		NC_048141.1 Gordonia phage Kenna, complete genome
NC_048142.1	40898	49	none	0	0		NC_048142.1 Acinetobacter phage AbKT21phiIII, complete genome
NC_048143.1	49106	77	none	1	0		NC_048143.1 Klebsiella phage KpKT21phi1, complete genome
NC_048144.1	38820	55	none	0	0		NC_048144.1 Microbacterium phage Schubert, complete genome
NC_048145.1	110377	162	none	1	0		NC_048145.1 Salmonella phage 3-29, complete genome
NC_048146.1	55119	98	none	0	0		NC_048146.1 Gordonia phage Asapag, complete genome
NC_048147.1	61830	84	none	0	1		NC_048147.1 Xanthomonas phage XcP1, complete genome
NC_048148.1	41024	53	none	0	0		NC_048148.1 Providencia phage vB PstP PS3, complete genome
NC_048149.1	112496	166	none	0	0		NC_048149.1 Salmonella phage 1-23, complete genome
NC_048151.1	113760	156	none	0	1		NC_048151.1 Vibrio phage VspSw_1, complete genome
NC_048152.1	61073	96	none	0	0		NC_048152.1 Arthrobacter phage Sonali, complete genome
NC_048153.1	36213	52	none	0	0		NC_048153.1 Streptomyces phage Austintatious, complete genome
NC_048154.1	41578	50	none	0	0		NC_048154.1 Streptomyces phage Vash, complete genome
NC_048155.1	41267	53	none	0	0		NC_048155.1 Streptomyces phage Lilbooboo, complete genome
NC_048159.1	17034	19	none	0	0		NC_048159.1 Staphylococcus phage CSA13, complete genome
NC_048161.1	39695	49	none	0	0		NC_048161.1 Cronobacter phage GW1, complete genome
NC_048162.1	49427	75	none	0	0		NC_048162.1 Klebsiella phage GH-K3, complete genome
NC_048163.1	39536	48	none	0	0		NC_048163.1 Phage NC-A, complete genome
NC_048164.1	32448	45	none	0	0		NC_048164.1 Escherichia phage HZP2, partial genome
NC_048165.1	54579	89	none	0	0		NC_048165.1 Microbacterium phage Fireman, complete genome
NC_048166.1	88403	131	none	1	0		NC_048166.1 Pseudomonas phage Lana, complete genome
NC_048167.1	43264	48	none	0	0		NC_048167.1 Vibrio phage vB_VpaS_OWB, complete genome
NC_048168.1	43446	54	none	0	0		NC_048168.1 Pseudomonas phage RLP, complete genome
NC_048169.1	91510	153	none	0	0		NC_048169.1 Gordonia phage BrutonGaster, complete genome
NC_048170.1	237307	250	none	0	1		NC_048170.1 Escherichia phage vB_EcoM_Goslar, complete genome
NC_048171.1	45424	58	none	0	0		NC_048171.1 Synechococcus phage S-B28, complete genome
NC_048172.1	43264	54	none	1	0		NC_048172.1 Escherichia phage Minorna, complete genome
NC_048173.1	223950	235	none	0	0		NC_048173.1 Erwinia phage Derbicus, complete genome
NC_048174.1	43630	56	none	0	0		NC_048174.1 Shigella phage HRP29, complete genome
NC_048175.1	40599	46	none	0	0		NC_048175.1 Klebsiella phage Pharr, complete genome
NC_048176.1	122563	182	none	0	0		NC_048176.1 Gordonia phage GodonK, complete genome
NC_048177.1	42291	53	none	0	0		NC_048177.1 Escherichia phage Lidtsur, complete genome
NC_048178.1	41912	61	none	0	0		NC_048178.1 Escherichia phage Sortsne, complete genome
NC_048179.1	53965	76	none	1	0		NC_048179.1 Salmonella phage ZCSE2, complete genome
NC_048180.1	40058	45	none	0	0		NC_048180.1 Shigella phage VB_Ship_A7, complete genome
NC_048181.1	44851	74	none	0	0		NC_048181.1 Raoultella phage RP180, complete genome
NC_048182.1	276734	287	none	0	0		NC_048182.1 Edwardsiella phage pEt-SU, complete genome
NC_048183.1	41824	54	none	0	0		NC_048183.1 Synechococcus phage S-CBP4 genomic sequence
NC_048184.1	47375	60	none	0	0		NC_048184.1 Synechococcus phage S-CBP3, complete genome, *** SEQUENCING IN PROGRESS ***, 3 unordered pieces
NC_048185.1	50187	80	none	0	0		NC_048185.1 Gordonia phage Fairfaxidum, complete genome
NC_048186.1	158607	218	none	0	0		NC_048186.1 Escherichia phage vB_EcoM_KWBSE43-6, complete genome
NC_048187.1	82744	146	none	0	0		NC_048187.1 Rheinheimera phage vB_RspM_Barba5S, complete genome
NC_048188.1	81920	135	none	0	0		NC_048188.1 Rheinheimera phage vB_RspM_Barba8S, complete genome
NC_048189.1	80342	131	none	0	0		NC_048189.1 Rheinheimera phage vB_RspM_Barba18A, complete genome
NC_048190.1	84608	144	none	0	0		NC_048190.1 Rheinheimera phage vB_RspM_Barba19A, complete genome
NC_048191.1	80361	142	none	0	0		NC_048191.1 Rheinheimera phage vB_RspM_Barba21A, complete genome
NC_048192.1	43029	55	none	1	0		NC_048192.1 Staphylococcus phage vB_SpsS_QT1, complete genome
NC_048193.1	61600	90	none	0	0		NC_048193.1 Escherichia phage vB_EcoP_PTXU04, complete genome
NC_048194.1	71283	104	none	1	1		NC_048194.1 Escherichia phage vB_EcoM_WFH, complete genome
NC_048195.1	72472	111	none	1	1		NC_048195.1 Escherichia phage vB_EcoM_WFC, complete genome
NC_048196.1	151194	282	none	0	0		NC_048196.1 Escherichia phage vB_EcoM_Schickermooser, complete genome
NC_048197.1	46835	77	none	0	0		NC_048197.1 Erwinia phage vB_EhrS_49, complete genome
NC_048198.1	47116	78	none	0	0		NC_048198.1 Erwinia phage vB_EhrS_59, complete genome
NC_048200.1	40466	50	none	0	0		NC_048200.1 Pseudomonas phage shl2 genome assembly, chromosome: 1
NC_048201.1	40242	48	none	0	0		NC_048201.1 Pseudomonas phage 17A chromosome 1, complete sequence
NC_048202.1	50865	83	none	1	0		NC_048202.1 Escherichia phage vB_Eco_swan01 genome assembly, chromosome: I
NC_048207.1	75687	100	none	1	0		NC_048207.1 Gordonia phage SteveFrench, complete genome
NC_048208.1	46553	74	none	1	0		NC_048208.1 Enterobacteria phage vB_EcoS_IME542, complete genome
NC_048624.1	42481	74	none	0	0		NC_048624.1 Staphylococcus phage phi7247PVL DNA, complete genome
NC_048625.1	38421	52	none	0	0		NC_048625.1 Lactobacillus phage T25 DNA, complete genome
NC_048626.1	66220	95	none	1	0		NC_048626.1 Pseudomonas phage PA01 DNA, nearly complete genome
NC_048627.1	110964	162	none	0	0		NC_048627.1 Escherichia phage SP15 DNA, complete genome
NC_048628.1	42932	66	none	0	0		NC_048628.1 Bacillus phage BceA1 complete genome
NC_048629.1	16748	21	none	1	0		NC_048629.1 Clostridium phage CpV1 hypothetical proteins, DNA polymerase, hypothetical protein, putative transcriptional
NC_048630.1	45035	57	none	0	0		NC_048630.1 Pseudoalteromonas phage HP1, complete genome
NC_048631.1	39318	54	none	0	0		NC_048631.1 Bacillus phage phi105, complete genome
NC_048632.1	55391	85	none	0	0		NC_048632.1 Salmonella phage 35, complete genome
NC_048633.1	44696	63	none	0	0		NC_048633.1 Bacillus phage vB_BceS-MY192, partial genome
NC_048634.1	41960	65	none	1	0		NC_048634.1 Staphylococcus phage P282, complete genome
NC_048635.1	40448	62	none	1	0		NC_048635.1 Staphylococcus phage P630, complete genome
NC_048636.1	42282	69	none	0	0		NC_048636.1 Staphylococcus phage P1105, complete genome
NC_048637.1	139100	151	none	0	0		NC_048637.1 Bacteriophage vB_NpeS-2AV2, complete genome
NC_048638.1	69844	85	none	0	0		NC_048638.1 Pseudomonas phage ZC03, complete genome
NC_048639.1	70774	83	none	0	0		NC_048639.1 Pseudomonas phage ZC08, complete genome
NC_048640.1	50740	74	none	0	0		NC_048640.1 Bacillus phage vB_BtS_BMBtp14, complete genome
NC_048641.1	43223	68	none	0	0		NC_048641.1 Bacillus phage PfEFR-4, complete genome
NC_048642.1	49822	74	none	0	0		NC_048642.1 Clostridium phage CDKM9, complete genome
NC_048643.1	50605	81	none	0	0		NC_048643.1 Clostridium phage CDKM15, complete genome
NC_048644.1	43922	63	none	1	0		NC_048644.1 Staphylococcus phage 3 AJ-2017, complete genome
NC_048645.1	177907	277	none	0	1		NC_048645.1 Cronobacter phage vB_CsaM_leB, complete genome
NC_048646.1	181570	284	none	0	1		NC_048646.1 Cronobacter phage vB_CsaM_leE, complete genome
NC_048647.1	146203	215	none	0	0		NC_048647.1 Klebsiella phage KNP2 genomic sequence
NC_048648.1	59132	74	none	0	0		NC_048648.1 Salmonella phage ST-101, complete genome
NC_048649.1	54894	79	none	0	0		NC_048649.1 Salmonella phage UPF_BP2, complete genome
NC_048650.1	112523	179	none	1	0		NC_048650.1 Streptomyces phage BRock, complete genome
NC_048651.1	51606	82	none	0	0		NC_048651.1 Aeribacillus phage AP45, complete genome
NC_048652.1	156430	244	none	1	0		NC_048652.1 Bacillus phage vB_BsuM-Goe3, complete genome
NC_048653.1	76041	95	none	0	0		NC_048653.1 Pectobacterium phage vB_PatP_CB1, complete genome
NC_048654.1	76621	96	none	0	0		NC_048654.1 Pectobacterium phage vB_PatP_CB4, complete genome
NC_048655.1	59097	73	none	0	0		NC_048655.1 Salmonella phage BSPM4, complete genome
NC_048656.1	147443	261	none	0	0		NC_048656.1 Klebsiella phage vB_KpnM_BIS47, complete genome
NC_048657.1	43516	65	none	1	0		NC_048657.1 Staphylococcus phage IME1361_01, complete genome
NC_048658.1	34730	51	none	1	0		NC_048658.1 Staphylococcus phage SA7, complete genome
NC_048659.1	75764	98	none	0	0		NC_048659.1 Pectobacterium phage phiA41, complete genome
NC_048660.1	144974	184	none	0	0		NC_048660.1 Aeromonas phage phiA8-29, complete genome
NC_048661.1	19089	25	none	1	0		NC_048661.1 Clostridium phage CPS1, complete genome
NC_048662.1	65415	91	none	1	0		NC_048662.1 Pseudomonas phage R12 DNA, complete genome
NC_048663.1	65737	92	none	1	0		NC_048663.1 Pseudomonas phage R26 DNA, complete genome
NC_048664.1	92122	138	none	0	0		NC_048664.1 Cronobacter phage vB_CsaP_009 DNA, complete genome
NC_048665.1	32651	47	none	1	0		NC_048665.1 Clostridium phage phiCDHM14, complete genome
NC_048666.1	58916	71	none	0	0		NC_048666.1 Salmonella phage YSD1 strain YSD1_PHAGE genome assembly
NC_048667.1	36278	38	none	0	0		NC_048667.1 Bacillus phage Deep-Purple, complete genome
NC_048668.1	276025	352	none	0	0		NC_048668.1 Serratia phage 2050HW, complete genome
NC_048669.1	46854	62	none	1	0		NC_048669.1 Rhodococcus phage Hiro, complete genome
NC_048670.1	59100	79	none	0	0		NC_048670.1 Klebsiella phage KPN N137, complete genome
NC_048671.1	40907	53	none	0	0		NC_048671.1 Lentibacter phage vB_LenP_ICBM2, complete genome
NC_048672.1	40163	55	none	0	0		NC_048672.1 Lentibacter phage vB_LenP_ICBM1, complete genome
NC_048673.1	229929	411	none	0	1		NC_048673.1 Aeromonas phage AS-zj, complete genome
NC_048674.1	230024	413	none	0	1		NC_048674.1 Aeromonas phage AS-sw, partial genome
NC_048675.1	66189	91	none	1	0		NC_048675.1 Pseudomonas phage BrSP1, complete genome
NC_048676.1	65847	91	none	1	0		NC_048676.1 Pseudomonas phage SL1, complete genome
NC_048677.1	145162	186	none	0	0		NC_048677.1 Lactobacillus phage LpeD, complete genome
NC_048678.1	48288	83	none	0	0		NC_048678.1 Leptospira phage LE3, complete genome
NC_048679.1	47866	79	none	0	0		NC_048679.1 Leptospira phage LE4, complete genome
NC_048680.1	44260	65	none	0	0		NC_048680.1 Lactobacillus phage LJ, complete genome
NC_048681.1	38576	51	none	1	0		NC_048681.1 Staphylococcus phage phiSa2wa_st22, complete genome
NC_048682.1	145759	247	none	0	0		NC_048682.1 Raoultella phage Ro1, complete genome
NC_048683.1	59715	73	none	0	0		NC_048683.1 Salmonella phage KFS-SE1, complete genome
NC_048684.1	45221	59	none	1	0		NC_048684.1 Streptomyces phage WRightOn, complete genome
NC_048685.1	45177	62	none	1	0		NC_048685.1 Streptomyces phage Manuel, complete genome
NC_048686.1	46094	61	none	1	0		NC_048686.1 Streptomyces phage Immanuel3, complete genome
NC_048687.1	47820	74	none	1	0		NC_048687.1 Pseudomonas phage PMBT14, complete genome
NC_048688.1	39485	64	none	0	0		NC_048688.1 Paenibacillus phage BN12, complete genome
NC_048689.1	40611	69	none	0	0		NC_048689.1 Paenibacillus phage PBL1c, complete genome
NC_048690.1	40035	63	none	0	0		NC_048690.1 Paenibacillus phage Pagassa, complete genome
NC_048691.1	37880	59	none	0	0		NC_048691.1 Paenibacillus phage Tadhana, complete genome
NC_048692.1	42276	63	none	0	0		NC_048692.1 Paenibacillus phage Leyra, complete genome
NC_048693.1	39778	59	none	0	0		NC_048693.1 Paenibacillus phage Likha, complete genome
NC_048694.1	170764	290	none	1	1		NC_048694.1 Klebsiella phage vB_Kpn_F48, complete genome
NC_048695.1	76008	101	none	1	0		NC_048695.1 Gordonia phage Adgers, complete genome
NC_048696.1	68869	104	none	0	0		NC_048696.1 Mycobacterium phage Cuke, complete genome
NC_048697.1	74895	97	none	0	0		NC_048697.1 Pseudomonas phage Littlefix, complete genome
NC_048698.1	41820	54	none	0	0		NC_048698.1 Bacillus phage Carmen17, complete genome
NC_048699.1	66095	94	none	1	0		NC_048699.1 Pseudomonas phage vB_PaeM_LS1, complete genome
NC_048700.1	73679	94	none	0	1		NC_048700.1 Klebsiella phage KP8, complete genome
NC_048701.1	40847	60	none	0	0		NC_048701.1 Anoxybacillus phage A403, complete genome
NC_048702.1	164037	225	none	0	0		NC_048702.1 Erwinia phage vB_EamM-Bue1, complete genome
NC_048703.1	76335	88	none	0	1		NC_048703.1 Xanthomonas phage RiverRider, complete genome
NC_048704.1	74509	93	none	0	0		NC_048704.1 Pectobacterium phage Nepra, complete genome
NC_048705.1	57742	92	none	0	0		NC_048705.1 Mycobacterium phage TChen, complete genome
NC_048706.1	46133	65	none	1	0		NC_048706.1 Streptomyces phage FlowerPower, complete genome
NC_048707.1	17961	21	none	1	0		NC_048707.1 Clostridium phage CPS2, complete genome
NC_048708.1	46807	64	none	1	0		NC_048708.1 Rhodococcus phage Takoda, complete genome
NC_048709.1	147890	198	none	0	0		NC_048709.1 Vibrio phage YC, complete genome
NC_048710.1	43504	63	none	0	0		NC_048710.1 Staphylococcus phage SA1014ruMSSAST7, complete genome
NC_048711.1	43184	62	none	0	0		NC_048711.1 Staphylococcus phage SA780ruMSSAST101, complete genome
NC_048712.1	19046	27	none	1	0		NC_048712.1 Clostridium phage susfortuna, complete genome
NC_048713.1	42735	63	none	1	0		NC_048713.1 Staphylococcus aureus phage SA345ruMSSAST8, complete genome
NC_048714.1	43126	64	none	0	0		NC_048714.1 Paenibacillus phage Yerffej, complete genome
NC_048715.1	40769	69	none	0	0		NC_048715.1 Paenibacillus phage Kawika, complete genome
NC_048716.1	37947	64	none	0	0		NC_048716.1 Paenibacillus phage Lucielle, complete genome
NC_048717.1	38675	63	none	0	0		NC_048717.1 Paenibacillus phage Eltigre, complete genome
NC_048718.1	38526	61	none	0	0		NC_048718.1 Paenibacillus phage Jacopo, complete genome
NC_048719.1	125726	211	none	1	0		NC_048719.1 Streptomyces phage Annadreamy, complete genome
NC_048720.1	130473	231	none	1	0		NC_048720.1 Streptomyces phage Blueeyedbeauty, complete genome
NC_048721.1	133886	223	none	1	0		NC_048721.1 Streptomyces phage StarPlatinum, complete genome
NC_048722.1	133007	229	none	1	0		NC_048722.1 Streptomyces phage Wofford, complete genome
NC_048723.1	133195	234	none	1	0		NC_048723.1 Streptomyces phage LukeCage, complete genome
NC_048724.1	131909	221	none	1	0		NC_048724.1 Streptomyces phage Karimac, complete genome
NC_048725.1	42248	55	none	0	0		NC_048725.1 Bacillus phage Wes44, complete genome
NC_048726.1	153268	253	none	1	0		NC_048726.1 Bacillus phage BSP38, complete genome
NC_048727.1	58476	72	none	0	0		NC_048727.1 Salmonella phage Siskin, complete genome
NC_048728.1	129015	223	none	2	0		NC_048728.1 Streptomyces phage Comrade, complete genome
NC_048729.1	58078	109	none	0	0		NC_048729.1 Mycobacterium phage Renaud18, complete genome
NC_048730.1	131250	221	none	1	0		NC_048730.1 Streptomyces phage Yaboi, complete genome
NC_048731.1	109515	158	none	0	0		NC_048731.1 Escherichia phage fp01, complete genome
NC_048732.1	58197	80	none	0	0		NC_048732.1 Klebsiella phage Seifer, complete genome
NC_048733.1	54473	47	none	1	0		NC_048733.1 Microbacterium phage Burro, complete genome
NC_048734.1	69660	104	none	0	0		NC_048734.1 Mycobacterium phage Fowlmouth, complete genome
NC_048735.1	58528	82	none	1	0		NC_048735.1 Bacillus phage vB_BboS-125, complete genome
NC_048736.1	159398	207	none	0	0		NC_048736.1 Serratia phage vB_SmaA_3M, complete genome
NC_048737.1	40721	57	none	0	0		NC_048737.1 Lactobacillus phage BH1, complete genome
NC_048738.1	18212	22	none	1	0		NC_048738.1 Clostridium phage CPD2, complete genome
NC_048739.1	19679	28	none	1	0		NC_048739.1 Arthrobacter phage Anjali, complete genome
NC_048740.1	19428	27	none	1	0		NC_048740.1 Arthrobacter phage Mendel, complete genome
NC_048741.1	145127	253	none	0	0		NC_048741.1 Proteus phage Mydo, complete genome
NC_048742.1	128338	227	none	2	0		NC_048742.1 Streptomyces phage Gilson, complete genome
NC_048743.1	70030	100	none	0	0		NC_048743.1 Mycobacterium phage DrLupo, complete genome
NC_048744.1	65905	92	none	1	0		NC_048744.1 Pseudomonas phage EPa61, complete genome
NC_048745.1	66086	92	none	1	0		NC_048745.1 Pseudomonas phage vB_PaeM_SCUT-S1, complete genome
NC_048746.1	76485	102	none	1	0		NC_048746.1 Gordonia phage Sombrero, complete genome
NC_048747.1	242446	214	none	1	0		NC_048747.1 Vibrio phage 2 TSL-2019, complete genome
NC_048748.1	120120	176	none	0	0		NC_048748.1 Escherichia phage vB_EcoS_HdH2, complete genome
NC_048749.1	60218	88	none	1	0		NC_048749.1 Gordonia phage Rickmore, complete genome
NC_048750.1	61343	89	none	1	0		NC_048750.1 Gordonia phage Duffington, complete genome
NC_048751.1	74710	119	none	0	0		NC_048751.1 Pantoea phage vB_PagM_LIET2, complete genome
NC_048752.1	136442	199	none	0	0		NC_048752.1 Lactobacillus phage 521B, complete genome
NC_048753.1	140816	159	none	0	0		NC_048753.1 Lactobacillus phage 3-521, complete genome
NC_048754.1	136608	192	none	1	0		NC_048754.1 Lactobacillus phage SAC12B, complete genome
NC_048755.1	159862	268	none	0	0		NC_048755.1 Stenotrophomonas phage YB07, complete genome
NC_048756.1	146618	163	none	0	0		NC_048756.1 Nodularia phage vB_NspS-kac65v151, complete genome
NC_048757.1	145400	159	none	0	0		NC_048757.1 Nodularia phage vB_NspS-kac68v161, complete genome
NC_048758.1	62853	81	none	0	0		NC_048758.1 Serratia phage Parlo, complete genome
NC_048759.1	68621	98	none	0	0		NC_048759.1 Serratia phage MTx, partial genome
NC_048760.1	114080	163	none	1	0		NC_048760.1 Salmonella phage Sepoy, complete genome
NC_048761.1	54307	55	none	1	0		NC_048761.1 Microbacterium phage Akoni, complete genome
NC_048762.1	49952	69	none	0	0		NC_048762.1 Bacillus phage vB_BtS_B83, complete genome
NC_048763.1	52438	72	none	0	0		NC_048763.1 Salmonella phage SE13, complete genome
NC_048764.1	53494	73	none	1	0		NC_048764.1 Salmonella phage SE4, complete genome
NC_048765.1	144685	196	none	0	0		NC_048765.1 Vibrio phage VAP7, complete genome
NC_048766.1	49990	83	none	0	0		NC_048766.1 Pantoea phage vB_PagM_AAM37, complete genome
NC_048767.1	49935	80	none	0	0		NC_048767.1 Pantoea phage vB_PagM_PSKM, complete genome
NC_048768.1	76261	99	none	1	0		NC_048768.1 Gordonia phage Chelms, complete genome
NC_048769.1	122963	211	none	0	0		NC_048769.1 Aeromonas phage 2-L372D, complete genome
NC_048770.1	115893	204	none	0	0		NC_048770.1 Aeromonas phage 2_L372X, complete genome
NC_048771.1	138690	254	none	0	0		NC_048771.1 Aeromonas phage 4_L372D, complete genome
NC_048772.1	124279	213	none	0	0		NC_048772.1 Aeromonas phage 4_L372XY, complete genome
NC_048773.1	102915	146	none	0	0		NC_048773.1 Aeromonas phage 4_4572, complete genome
NC_048774.1	101390	145	none	0	0		NC_048774.1 Aeromonas phage LAh_6, complete genome
NC_048775.1	97408	145	none	0	0		NC_048775.1 Aeromonas phage LAh_8, complete genome
NC_048776.1	97988	140	none	0	0		NC_048776.1 Aeromonas phage LAh_9, complete genome
NC_048777.1	53932	54	none	1	0		NC_048777.1 Microbacterium phage TinyTimothy, complete genome
NC_048778.1	54396	55	none	1	0		NC_048778.1 Microbacterium phage Alex44, complete genome
NC_048779.1	238099	212	none	1	0		NC_048779.1 Vibrio phage USC-1, complete genome
NC_048780.1	45751	63	none	1	1		NC_048780.1 Corynebacterium phage StAB, complete genome
NC_048781.1	112513	163	none	0	0		NC_048781.1 Salmonella phage vB_SenS_SB13, complete genome
NC_048782.1	43943	64	none	1	0		NC_048782.1 Rhodococcus phage Sleepyhead, complete genome
NC_048783.1	77394	104	none	1	0		NC_048783.1 Gordonia phage Beaver, complete genome
NC_048784.1	49660	72	none	1	0		NC_048784.1 Rhodococcus phage Whack, complete genome
NC_048785.1	114855	165	none	2	0		NC_048785.1 Salmonella phage SE24, complete genome
NC_048786.1	107763	153	none	0	0		NC_048786.1 Salmonella phage SE11, complete genome
NC_048787.1	44381	65	none	1	0		NC_048787.1 Corynebacterium phage Dina, complete genome
NC_048788.1	56714	104	none	0	0		NC_048788.1 Mycobacterium phage ThetaBob, complete genome
NC_048789.1	42846	55	none	1	0		NC_048789.1 Corynebacterium phage Stiles, complete genome
NC_048790.1	45644	61	none	1	0		NC_048790.1 Corynebacterium phage Lederberg, complete genome
NC_048791.1	44104	60	none	0	0		NC_048791.1 Corynebacterium phage Adelaide, complete genome
NC_048792.1	273933	321	none	0	0		NC_048792.1 Serratia phage Moabite, complete genome
NC_048793.1	60899	87	none	1	0		NC_048793.1 Gordonia phage Kenosha, complete genome
NC_048794.1	109654	165	none	0	0		NC_048794.1 Salmonella phage VSe12, complete genome
NC_048795.1	110466	159	none	0	0		NC_048795.1 Salmonella phage Th1, complete genome
NC_048796.1	73168	110	none	1	0		NC_048796.1 Panteoa phage Kyle, complete genome
NC_048797.1	161583	233	none	1	0		NC_048797.1 Bacillus phage vB_BmeM-Goe8, complete genome
NC_048798.1	168532	271	none	1	1		NC_048798.1 Klebsiella phage Marfa, complete genome
NC_048799.1	52329	75	none	0	0		NC_048799.1 Escherichia phage Mangalitsa, complete genome
NC_048800.1	68745	103	none	1	1		NC_048800.1 Serratia phage MyoSmar, complete genome
NC_048801.1	53981	50	none	0	0		NC_048801.1 Microbacterium phage Araxxi, complete genome
NC_048802.1	159365	267	none	0	0		NC_048802.1 Stenotrophomonas phage Moby, complete genome
NC_048803.1	53392	73	none	0	0		NC_048803.1 Proteus phage Myduc, complete genome
NC_048804.1	159961	272	none	0	0		NC_048804.1 Stenotrophomonas phage Mendera, complete genome
NC_048805.1	57805	82	none	0	0		NC_048805.1 Klebsiella phage Soft, complete genome
NC_048806.1	65690	90	none	0	0		NC_048806.1 Pseudomonas phage PA8P1, complete genome
NC_048807.1	147321	246	none	0	0		NC_048807.1 Erwinia phage pEp_SNUABM_01, complete genome
NC_048808.1	111039	165	none	0	0		NC_048808.1 Salmonella phage OSY-STA, partial genome
NC_048809.1	114986	168	none	0	0		NC_048809.1 Salmonella phage 2-3, complete genome
NC_048810.1	61544	90	none	1	0		NC_048810.1 Gordonia phage Chikenjars, complete genome
NC_048811.1	111636	165	none	2	0		NC_048811.1 Salmonella phage 1-29, complete genome
NC_048812.1	67785	91	none	1	0		NC_048812.1 Gordonia phage Gibbin, complete genome
NC_048813.1	66892	89	none	1	0		NC_048813.1 Gordonia phage Ranch, complete genome
NC_048814.1	67813	87	none	1	0		NC_048814.1 Gordonia phage Lambo, complete genome
NC_048815.1	67485	91	none	1	0		NC_048815.1 Gordonia phage Sadboi, complete genome
NC_048816.1	60978	85	none	1	0		NC_048816.1 Gordonia phage OhMyWard, complete genome
NC_048817.1	59727	87	none	1	0		NC_048817.1 Gordonia phage Tanis, complete genome
NC_048818.1	108640	163	none	0	0		NC_048818.1 Escherichia phage VEc33, complete genome
NC_048819.1	110775	159	none	1	0		NC_048819.1 Salmonella phage 1-19, complete genome
NC_048820.1	77514	102	none	1	0		NC_048820.1 Gordonia phage Jellybones, complete genome
NC_048821.1	237509	212	none	1	0		NC_048821.1 Photobacterium phage PDCC-1, complete genome
NC_048822.1	60278	87	none	1	0		NC_048822.1 Gordonia phage Avazak, complete genome
NC_048823.1	61623	89	none	1	0		NC_048823.1 Gordonia phage Untouchable, complete genome
NC_048824.1	71538	101	none	0	0		NC_048824.1 Mycobacterium phage Indlulamithi, complete genome
NC_048825.1	60531	87	none	1	0		NC_048825.1 Gordonia phage Crocheter, complete genome
NC_048826.1	68155	91	none	1	0		NC_048826.1 Gordonia phage Yikes, complete genome
NC_048827.1	148180	183	none	0	0		NC_048827.1 Vibrio phage vB_VchM_Kuja, complete genome
NC_048828.1	148842	244	none	0	0		NC_048828.1 Erwinia phage Hena1, complete genome
NC_048829.1	34751	49	none	0	0		NC_048829.1 Flavobacterium phage vB_FspM_lotta8-1, complete genome
NC_048830.1	34711	48	none	0	0		NC_048830.1 Flavobacterium phage vB_FspM_pippi8-1, complete genome
NC_048831.1	38028	64	none	0	0		NC_048831.1 Flavobacterium phage vB_FspS_filifjonk9-1, complete genome
NC_048832.1	39262	68	none	0	0		NC_048832.1 Flavobacterium phage vB_FspS_hattifnatt9-1, complete genome
NC_048833.1	39039	65	none	0	0		NC_048833.1 Flavobacterium phage vB_FspS_hemulen6-1, complete genome
NC_048834.1	43236	51	none	0	0		NC_048834.1 Flavobacterium phage vB_FspS_laban6-1, complete genome
NC_048835.1	38268	68	none	0	0		NC_048835.1 Flavobacterium phage vB_FspS_lillamy9-1, complete genome
NC_048836.1	38385	66	none	0	0		NC_048836.1 Flavobacterium phage vB_FspS_morran9-1, complete genome
NC_048837.1	38527	62	none	0	0		NC_048837.1 Flavobacterium phage vB_FspS_mumin9-1, complete genome
NC_048838.1	38501	62	none	0	0		NC_048838.1 Flavobacterium phage vB_FspS_mymlan6-1, complete genome
NC_048839.1	38134	67	none	0	0		NC_048839.1 Flavobacterium phage vB_FspS_sniff9-1, complete genome
NC_048840.1	38214	66	none	0	0		NC_048840.1 Flavobacterium phage vB_FspS_snork6-1, complete genome
NC_048841.1	39365	65	none	0	0		NC_048841.1 Flavobacterium phage vB_FspS_snusmum6-1, complete genome
NC_048842.1	38502	65	none	0	0		NC_048842.1 Flavobacterium phage vB_FspS_stinky9-1, complete genome
NC_048843.1	40542	57	none	0	0		NC_048843.1 Flavobacterium phage vB_FspS_tant8-1, complete genome
NC_048844.1	36912	61	none	0	0		NC_048844.1 Flavobacterium phage vB_FspS_tooticki6-1, complete genome
NC_048845.1	52092	72	none	0	0		NC_048845.1 Escherichia phage flopper, complete genome
NC_048847.1	92760	156	none	0	0		NC_048847.1 Alteromonas phage vB_AmeM_PT11-V22, complete genome
NC_048848.1	31118	51	none	0	0		NC_048848.1 Butyrivibrio phage Arawn, complete genome
NC_048849.1	174924	299	none	0	1		NC_048849.1 Enterobacter phage vB_EclM_CIP9, complete genome
NC_048850.1	56391	99	none	0	1		NC_048850.1 Mycobacterium phage Cornie, complete genome
NC_048851.1	77221	105	none	1	0		NC_048851.1 Gordonia phage John316, complete genome
NC_048852.1	118452	174	none	0	0		NC_048852.1 Salmonella phage L6jm, complete genome
NC_048853.1	116606	173	none	0	0		NC_048853.1 Phage NBEco001, complete genome
NC_048854.1	45385	68	none	1	0		NC_048854.1 Streptomyces phage JXY1, complete genome
NC_048855.1	118118	174	none	0	0		NC_048855.1 Phage NBEco002, complete genome
NC_048856.1	119416	175	none	0	0		NC_048856.1 Phage NBSal003, complete genome
NC_048857.1	121040	177	none	0	0		NC_048857.1 Phage NBSal005, complete genome
NC_048858.1	18635	23	none	0	0		NC_048858.1 Bifidobacterium phage BadAztec1, complete genome
NC_048859.1	18899	23	none	0	0		NC_048859.1 Bifidobacterium phage BadAargau2, complete genome
NC_048860.1	53692	49	none	0	0		NC_048860.1 Microbacterium phage Arete, complete genome
NC_048861.1	90710	137	none	0	0		NC_048861.1 Proteus phage Privateer, complete genome
NC_048862.1	11569	15	none	0	0		NC_048862.1 Salmonella phage astrithr, complete genome
NC_048863.1	52464	69	none	0	0		NC_048863.1 Salmonella phage yarpen, complete genome
NC_048864.1	52767	74	none	0	0		NC_048864.1 Salmonella phage birk, complete genome
NC_048865.1	109372	159	none	0	0		NC_048865.1 Salmonella phage oldekolle, complete genome
NC_048866.1	109539	161	none	0	0		NC_048866.1 Salmonella phage bombadil, complete genome
NC_048867.1	110183	159	none	1	0		NC_048867.1 Salmonella phage faergetype, complete genome
NC_048868.1	112006	162	none	1	0		NC_048868.1 Salmonella phage rokbiter, complete genome
NC_048869.1	112117	164	none	1	0		NC_048869.1 Salmonella phage fuchur, complete genome
NC_048870.1	112477	167	none	1	0		NC_048870.1 Salmonella phage bastian, complete genome
NC_048871.1	113503	170	none	0	0		NC_048871.1 Salmonella phage oselot, complete genome
NC_048872.1	114059	167	none	1	0		NC_048872.1 Salmonella phage atrejo, complete genome
NC_048873.1	143800	255	none	0	0		NC_048873.1 Klebsiella phage KpS8, complete genome
NC_048874.1	4526	6	none	0	0		NC_048874.1 Escherichia phage EC6098, complete genome
NC_048875.1	54982	80	none	0	0		NC_048875.1 Pantoea phage vB_PagM_SSEM1, complete genome
NC_048876.1	57731	79	none	0	0		NC_048876.1 Gordonia phage Secretariat, complete genome
NC_048877.1	54442	54	none	1	0		NC_048877.1 Microbacterium phage Phedro, complete genome
NC_048878.1	56163	69	none	1	0		NC_048878.1 Alteromonas phage vB_AcoS-R7M, complete genome
NC_048892.1	73623	84	none	1	0		NC_048892.1 Leptospira biflexa temperate bacteriophage LE1
NC_049340.1	224680	308	none	0	0		NC_049340.1 Tenacibaculum phage PTm1 DNA, complete genome
NC_049341.1	31194	46	none	0	0		NC_049341.1 Escherichia phage 503458, complete genome
NC_049342.1	39179	53	none	0	0		NC_049342.1 Escherichia phage 500465-1, complete genome
NC_049343.1	33041	40	none	0	0		NC_049343.1 Escherichia phage 500465-2, complete genome
NC_049344.1	37583	52	none	0	0		NC_049344.1 Escherichia phage 520873, complete genome
NC_049345.1	74704	85	none	0	1		NC_049345.1 Roseovarius Plymouth Podovirus 1 partial sequence
NC_049346.1	27302	50	none	0	0		NC_049346.1 Lactococcus phage 936, complete genome
NC_049347.1	30674	55	none	0	0		NC_049347.1 Lactococcus phage fd13, complete genome
NC_049348.1	30778	60	none	0	0		NC_049348.1 Lactococcus lactis phage p272, complete genome
NC_049349.1	30961	58	none	0	0		NC_049349.1 Lactococcus lactis phage P475, complete genome
NC_049350.1	68964	105	none	0	0		NC_049350.1 Vibrio phage VCO139, complete genome
NC_049351.1	30692	51	none	0	0		NC_049351.1 Lactococcus phage CaseusJM1, complete genome
NC_049352.1	31945	56	none	0	0		NC_049352.1 Lactococcus phage phi15, complete genome
NC_049353.1	30862	56	none	0	0		NC_049353.1 Lactococcus phage phi145, complete genome
NC_049354.1	28349	47	none	0	0		NC_049354.1 Lactococcus phage 936 group phage PhiA.16, complete genome
NC_049355.1	28785	53	none	0	0		NC_049355.1 Lactococcus phage 936 group phage PhiB1127, complete genome
NC_049356.1	28811	54	none	0	0		NC_049356.1 Lactococcus phage 936 group phage Phi19.3, complete genome
NC_049357.1	29026	52	none	0	0		NC_049357.1 Lactococcus phage 936 group phage Phi5.12, complete genome
NC_049358.1	30811	54	none	0	0		NC_049358.1 Lactococcus phage 936 group phage PhiF0139, complete genome
NC_049359.1	30882	56	none	0	0		NC_049359.1 Lactococcus phage 936 group phage PhiL.18, complete genome
NC_049360.1	31033	57	none	0	0		NC_049360.1 Lactococcus phage 936 group phage Phi109, complete genome
NC_049361.1	31181	58	none	0	0		NC_049361.1 Lactococcus phage 936 group phage PhiL.6, complete genome
NC_049362.1	31375	57	none	0	0		NC_049362.1 Lactococcus phage 936 group phage Phi4.2, complete genome
NC_049363.1	31379	54	none	0	0		NC_049363.1 Lactococcus phage 936 group phage Phi44, complete genome
NC_049364.1	31495	57	none	0	0		NC_049364.1 Lactococcus phage 936 group phage Phi91127, complete genome
NC_049365.1	31901	59	none	0	0		NC_049365.1 Lactococcus phage 936 group phage PhiJF1, complete genome
NC_049366.1	32150	55	none	0	0		NC_049366.1 Lactococcus phage 936 group phage Phi155, complete genome
NC_049367.1	32270	60	none	0	0		NC_049367.1 Lactococcus phage 936 group phage PhiE1127, complete genome
NC_049368.1	32682	60	none	0	0		NC_049368.1 Lactococcus phage 936 group phage PhiM1127, complete genome
NC_049369.1	28983	49	none	0	0		NC_049369.1 Lactococcus phage 936 group phage PhiLj, complete genome
NC_049370.1	30116	53	none	0	0		NC_049370.1 Lactococcus phage 936 group phage PhiS0139, complete genome
NC_049371.1	76466	78	none	0	1		NC_049371.1 Dinoroseobacter phage DS-1410Ws-06, partial genome
NC_049372.1	72674	77	none	0	1		NC_049372.1 Roseobacter phage RD-1410W1-01, partial genome
NC_049373.1	32477	56	none	0	0		NC_049373.1 Lactococcus phage 16W23, complete genome
NC_049374.1	32393	58	none	0	0		NC_049374.1 Lactococcus phage 10W18, complete genome
NC_049375.1	29513	53	none	0	0		NC_049375.1 Lactococcus phage i0139, complete genome
NC_049376.1	30446	59	none	0	0		NC_049376.1 Lactococcus phage 3R16S, complete genome
NC_049377.1	29952	54	none	0	0		NC_049377.1 Lactococcus phage 13W11L, complete genome
NC_049378.1	157458	213	none	0	0		NC_049378.1 Salmonella phage ST-W77, complete genome
NC_049379.1	78145	110	none	0	0		NC_049379.1 Vibrio phage pVa5, complete genome
NC_049380.1	69396	105	none	0	0		NC_049380.1 Vibrio phage JSF3, complete genome
NC_049381.1	27203	52	none	0	0		NC_049381.1 Lactococcus phage R31, complete genome
NC_049382.1	157665	209	none	0	0		NC_049382.1 Salmonella phage BSP101, complete genome
NC_049383.1	234670	296	none	0	0		NC_049383.1 Tenacibaculum phage pT24 DNA, complete genome
NC_049384.1	160766	219	none	0	0		NC_049384.1 Enterobacter phage EspM4VN DNA, complete genome
NC_049392.1	29203	34	none	0	0		NC_049392.1 Escherichia phage ESSI2_ev239 genome assembly, chromosome: 1
NC_049393.1	30597	40	none	0	0		NC_049393.1 Escherichia phage ESSI2_ev040 genome assembly, chromosome: 1
NC_049394.1	30927	40	none	0	0		NC_049394.1 Escherichia phage ESSI2_ev129 genome assembly, chromosome: 1
NC_049395.1	30584	41	none	0	0		NC_049395.1 Escherichia phage ESSI2_ev015 genome assembly, chromosome: 1
NC_049396.1	156585	202	none	0	0		NC_049396.1 Salmonella phage SP1, partial genome
NC_049397.1	32895	63	none	0	0		NC_049397.1 Lactococcus phage 05601, complete genome
NC_049398.1	28721	52	none	0	0		NC_049398.1 Lactococcus phage 16802, complete genome
NC_049399.1	30401	64	none	0	0		NC_049399.1 Lactococcus phage 30804, complete genome
NC_049400.1	30989	54	none	0	0		NC_049400.1 Lactococcus phage 37201, complete genome
NC_049401.1	27948	57	none	0	0		NC_049401.1 Lactococcus phage 38503, complete genome
NC_049402.1	32458	63	none	0	0		NC_049402.1 Lactococcus phage 38507, complete genome
NC_049403.1	32529	58	none	0	0		NC_049403.1 Lactococcus phage 51701, complete genome
NC_049404.1	30926	58	none	0	0		NC_049404.1 Lactococcus phage 56003, complete genome
NC_049405.1	32555	63	none	0	0		NC_049405.1 Lactococcus phage 56301, complete genome
NC_049406.1	31819	55	none	0	0		NC_049406.1 Lactococcus phage 57001, complete genome
NC_049407.1	30852	57	none	0	0		NC_049407.1 Lactococcus phage 62601, complete genome
NC_049408.1	31014	59	none	0	0		NC_049408.1 Lactococcus phage 62605, complete genome
NC_049409.1	31883	52	none	0	0		NC_049409.1 Lactococcus phage 63302, complete genome
NC_049410.1	28917	49	none	0	0		NC_049410.1 Lactococcus phage 66901, complete genome
NC_049411.1	31123	54	none	0	0		NC_049411.1 Lactococcus phage 79201, complete genome
NC_049412.1	31508	56	none	0	0		NC_049412.1 Lactococcus phage 88605, complete genome
NC_049413.1	29306	56	none	0	0		NC_049413.1 Lactococcus phage 96401, complete genome
NC_049414.1	26874	50	none	0	0		NC_049414.1 Lactococcus phage 96403, complete genome
NC_049415.1	30690	53	none	0	0		NC_049415.1 Lactococcus phage 96603, complete genome
NC_049416.1	29953	51	none	0	0		NC_049416.1 Lactococcus phage LP8511, complete genome
NC_049417.1	29203	51	none	0	0		NC_049417.1 Lactococcus phage LP9207, complete genome
NC_049418.1	30072	52	none	0	0		NC_049418.1 Lactococcus phage LP9404, complete genome
NC_049419.1	30945	53	none	0	0		NC_049419.1 Lactococcus phage LP9609, complete genome
NC_049420.1	29557	53	none	0	0		NC_049420.1 Lactococcus phage LP9903, complete genome
NC_049421.1	29668	53	none	0	0		NC_049421.1 Lactococcus phage LP9908, complete genome
NC_049422.1	30339	52	none	0	0		NC_049422.1 Lactococcus phage LP0209, complete genome
NC_049423.1	31049	53	none	0	0		NC_049423.1 Lactococcus phage LP0903, complete genome
NC_049424.1	30247	51	none	0	0		NC_049424.1 Lactococcus phage LP1502a, complete genome
NC_049425.1	30132	55	none	0	0		NC_049425.1 Lactococcus phage vB_Llc_bIBB5g1, complete genome
NC_049426.1	29454	54	none	0	0		NC_049426.1 Lactococcus phage vB_Llc_bIBBF12, complete genome
NC_049427.1	158639	209	none	0	0		NC_049427.1 Escherichia phage FEC14, complete genome
NC_049428.1	161502	212	none	0	0		NC_049428.1 Salmonella phage Mutine, complete genome
NC_049429.1	31978	39	none	0	0		NC_049429.1 Enterobacter phage phiT5282H, complete genome
NC_049430.1	75880	106	none	0	0		NC_049430.1 Vibrio phage 1.026.O._10N.222.49.C7, partial genome
NC_049431.1	76918	97	none	0	0		NC_049431.1 Vibrio phage 1.097.O._10N.286.49.B3, partial genome
NC_049432.1	39309	55	none	0	0		NC_049432.1 Ralstonia phage RsoM1USA, complete genome
NC_049433.1	158143	205	none	0	0		NC_049433.1 Escherichia phage EP75, complete genome
NC_049434.1	32575	56	none	0	0		NC_049434.1 Lactococcus phage MP1, complete genome
NC_049435.1	74675	86	none	0	1		NC_049435.1 Ruegeria phage vB_RpoP-V12, complete genome
NC_049436.1	74830	78	none	0	1		NC_049436.1 Ruegeria phage vB_RpoP-V13, complete genome
NC_049437.1	157013	202	none	0	0		NC_049437.1 Salmonella phage S118, complete genome
NC_049438.1	165975	248	none	0	1		NC_049438.1 Acinetobacter phage vB_ApiM_fHyAci03, complete genome
NC_049439.1	157630	204	none	0	0		NC_049439.1 Salmonella phage SenASZ3, complete genome
NC_049440.1	154811	199	none	0	0		NC_049440.1 Salmonella phage SenALZ1, complete genome
NC_049441.1	166560	249	none	0	1		NC_049441.1 Acinetobacter phage KARL-1, complete genome
NC_049442.1	71020	105	none	0	0		NC_049442.1 Arthrobacter phage KBurrousTX, complete genome
NC_049443.1	155297	202	none	0	0		NC_049443.1 Salmonella phage SeSz-1, complete genome
NC_049444.1	70408	85	none	0	1		NC_049444.1 Klebsiella phage Pylas, complete genome
NC_049445.1	168223	252	none	0	1		NC_049445.1 Acinetobacter phage AbTZA1, complete genome
NC_049446.1	32312	55	none	0	0		NC_049446.1 Lactococcus phage 8V08, complete genome
NC_049447.1	31374	58	none	0	0		NC_049447.1 Lactococcus phage MV10L, complete genome
NC_049448.1	39642	50	none	0	0		NC_049448.1 Klebsiella phage ST437-OXA245phi4.1, complete genome
NC_049449.1	18281	25	none	0	0		NC_049449.1 Klebsiella phage ST437-OXA245phi4.2, complete genome
NC_049450.1	38322	40	none	0	0		NC_049450.1 Klebsiella phage ST16-OXA48phi5.4, complete genome
NC_049451.1	34141	39	none	0	0		NC_049451.1 Klebsiella phage ST147-VIM1phi7.1, complete genome
NC_049452.1	32302	40	none	0	0		NC_049452.1 Klebsiella phage ST512-KPC3phi13.2, complete genome
NC_049453.1	39086	47	none	0	0		NC_049453.1 Klebsiella phage ST13-OXA48phi12.1, complete genome
NC_049454.1	33839	44	none	0	0		NC_049454.1 Klebsiella phage ST15-OXA48phi14.1, complete genome
NC_049455.1	158755	208	none	0	0		NC_049455.1 Shigella phage MK-13, complete genome
NC_049456.2	75873	95	none	0	1		NC_049456.2 Pseudomonas phage Zuri, complete genome
NC_049457.1	33807	44	none	0	0		NC_049457.1 Escherichia phage vB_EcoM-12474III, complete genome
NC_049458.1	156329	202	none	0	0		NC_049458.1 Salmonella phage SS9, complete genome
NC_049459.1	31123	43	none	0	0		NC_049459.1 Salmonella phage SW9, complete genome
NC_049460.1	30164	37	none	0	0		NC_049460.1 Salmonella phage SI7, complete genome
NC_049461.1	31834	42	none	0	0		NC_049461.1 Bacteriophage R18C, complete genome
NC_049462.1	157741	201	none	0	0		NC_049462.1 Klebsiella phage Magnus, complete genome
NC_049463.1	76239	84	none	0	1		NC_049463.1 Stenotrophomonas phage Pokken, complete genome
NC_049464.1	167547	262	none	0	0		NC_049464.1 Serratia phage Muldoon, complete genome
NC_049465.1	48201	75	none	1	0		NC_049465.1 Arthrobacter phage Vibaki, complete genome
NC_049466.2	52401	76	none	0	0		NC_049466.2 Escherichia phage vB_EcoM_4HA13, complete genome
NC_049467.1	70678	85	none	0	1		NC_049467.1 Klebsiella phage KpCHEMY26, complete genome
NC_049468.1	50782	73	none	1	0		NC_049468.1 Arthrobacter phage Zartrosa, complete genome
NC_049469.1	75239	101	none	0	1		NC_049469.1 Sinorhizobium phage ort11, complete genome
NC_049470.1	45507	82	none	1	0		NC_049470.1 Arthrobacter phage TripleJ, complete genome
NC_049471.1	68762	105	none	0	0		NC_049471.1 Arthrobacter phage Lymara, complete genome
NC_049472.1	160795	212	none	0	0		NC_049472.1 Klebsiella phage UPM 2146, complete genome
NC_049473.1	38850	69	none	0	0		NC_049473.1 Arthrobacter phage Kuleana, complete genome
NC_049474.1	29075	48	none	0	0		NC_049474.1 Lactococcus phage P1532, complete genome
NC_049475.1	28396	50	none	0	0		NC_049475.1 Lactococcus phage P656, complete genome
NC_049476.1	32697	57	none	0	0		NC_049476.1 Lactococcus phage P4565, complete genome
NC_049477.1	33851	49	none	0	0		NC_049477.1 Vibrio phage vB_ValM-yong1, complete genome
NC_049478.1	60205	102	none	1	0		NC_049478.1 Arthrobacter phage Mufasa8, complete genome
NC_049479.1	166210	245	none	0	1		NC_049479.1 Acinetobacter phage vB_AbaP_Konradin, complete genome
NC_049480.1	30832	57	none	0	0		NC_049480.1 Lactococcus phage CHPC129, complete genome
NC_049481.1	30162	55	none	0	0		NC_049481.1 Lactococcus phage CHPC361, complete genome
NC_049482.1	27642	47	none	0	0		NC_049482.1 Lactococcus phage CHPC362, complete genome
NC_049483.1	29652	54	none	0	0		NC_049483.1 Lactococcus phage CHPC52, complete genome
NC_049484.1	29218	56	none	0	0		NC_049484.1 Lactococcus phage CHPC781, complete genome
NC_049485.1	32653	60	none	0	0		NC_049485.1 Lactococcus phage CHPC958, complete genome
NC_049486.1	29340	56	none	0	0		NC_049486.1 Lactococcus phage CHPC959, complete genome
NC_049487.1	29925	58	none	0	0		NC_049487.1 Lactococcus phage CHPC964, complete genome
NC_049488.1	25327	46	none	0	0		NC_049488.1 Lactococcus phage CHPC965, complete genome
NC_049489.1	69061	104	none	0	0		NC_049489.1 Arthrobacter phage DrYang, complete genome
NC_049490.1	165927	246	none	0	1		NC_049490.1 Acinetobacter phage vB_AbaP_Berthold, complete genome
NC_049491.1	164746	236	none	0	1		NC_049491.1 Acinetobacter phage vB_AbaP_Apostate, complete genome
NC_049492.1	167922	245	none	0	1		NC_049492.1 Acinetobacter phage vB_AbaP_Kimel, complete genome
NC_049493.1	165151	244	none	0	1		NC_049493.1 Acinetobacter phage vB_AbaP_Lazarus, complete genome
NC_049494.1	166330	246	none	0	1		NC_049494.1 Acinetobacter phage vB_AbaM_PhT2, complete genome
NC_049495.1	158087	207	none	0	0		NC_049495.1 Salmonella phage Se-B, complete genome
NC_049496.1	158892	206	none	0	0		NC_049496.1 Salmonella phage Se-G, complete genome
NC_049497.1	160400	212	none	0	0		NC_049497.1 Salmonella phage Se-J, complete genome
NC_049498.1	46623	67	none	1	0		NC_049498.1 Arthrobacter phage Abba, complete genome
NC_049499.1	143249	192	none	0	0		NC_049499.1 Salmonella phage rabagast, complete genome
NC_049500.1	144232	188	none	0	0		NC_049500.1 Salmonella phage heyday, complete genome
NC_049501.1	151015	202	none	0	0		NC_049501.1 Salmonella phage allotria, complete genome
NC_049502.1	156130	206	none	0	0		NC_049502.1 Salmonella phage bering, complete genome
NC_049503.1	156801	209	none	0	0		NC_049503.1 Salmonella phage aagejoakim, complete genome
NC_049504.1	157254	208	none	0	0		NC_049504.1 Salmonella phage dinky, complete genome
NC_049505.1	157920	200	none	0	0		NC_049505.1 Salmonella phage barely, complete genome
NC_049506.1	158230	212	none	0	0		NC_049506.1 Salmonella phage moki, complete genome
NC_049507.1	158905	204	none	0	0		NC_049507.1 Salmonella phage pertopsoe, complete genome
NC_049508.1	159128	206	none	0	0		NC_049508.1 Salmonella phage maane, complete genome
NC_049509.1	158706	212	none	0	0		NC_049509.1 Salmonella phage P46FS4, complete genome
NC_049510.1	75929	79	none	0	0		NC_049510.1 Erwinia phage phiEaP-8, complete genome
NC_049511.1	166487	244	none	0	1		NC_049511.1 Acinetobacter phage AM101, complete genome
NC_049512.1	152926	204	none	0	0		NC_049512.1 Salmonella phage SE14, complete genome
NC_049805.1	59833	85	none	0	0		NC_049805.1 Lactococcus phage phiQ1 DNA, complete genome
NC_049806.1	60551	85	none	0	0		NC_049806.1 Lactococcus phage LW31, complete genome
NC_049807.1	62054	92	none	0	0		NC_049807.1 Lactococcus phage AM6, complete genome
NC_049808.1	57909	81	none	0	0		NC_049808.1 Lactococcus phage P596, complete genome
NC_049809.1	31106	51	none	1	0		NC_049809.1 Lactococcus phage Q33, complete genome
NC_049810.1	30745	50	none	0	0		NC_049810.1 Lactococcus phage 50902, complete genome
NC_049811.1	30556	50	none	0	0		NC_049811.1 Lactococcus phage 62503, complete genome
NC_049812.1	31050	52	none	0	0		NC_049812.1 Lactococcus phage P1045, complete genome
NC_049813.1	44219	65	none	1	0		NC_049813.1 Escherichia phage vB_EcoS-12210I, complete genome
NC_049814.1	51854	85	none	1	0		NC_049814.1 Shigella phage JK16, complete genome
NC_049815.1	51012	86	none	1	0		NC_049815.1 Escherichia phage tonn, complete genome
NC_049816.1	51111	84	none	1	0		NC_049816.1 Escherichia phage tunus, complete genome
NC_049817.1	51277	84	none	1	0		NC_049817.1 Escherichia phage tonnikala, complete genome
NC_049818.1	51627	84	none	1	0		NC_049818.1 Escherichia phage tonijn, complete genome
NC_049819.1	50732	84	none	1	0		NC_049819.1 Escherichia phage atuna, complete genome
NC_049820.1	53145	76	none	0	0		NC_049820.1 Shigella phage 2019SD1, complete genome
NC_049821.1	51048	81	none	1	0		NC_049821.1 Salmonella phage slyngel, complete genome
NC_049822.1	51739	83	none	1	0		NC_049822.1 Escherichia phage vB_EcoS_G29-2, complete genome
NC_049823.1	50971	83	none	1	0		NC_049823.1 Escherichia phage herni, complete genome
NC_049824.1	50709	80	none	1	0		NC_049824.1 Escherichia phage vojen, complete genome
NC_049825.1	49530	76	none	1	0		NC_049825.1 Escherichia phage grams, complete genome
NC_049826.1	51662	82	none	1	0		NC_049826.1 Escherichia phage aaroes, complete genome
NC_049827.1	51154	80	none	1	0		NC_049827.1 Escherichia phage damhaus, complete genome
NC_049828.1	48613	74	none	1	0		NC_049828.1 Escherichia phage haarsle, complete genome
NC_049829.1	46660	71	none	1	0		NC_049829.1 Escherichia phage aalborv, complete genome
NC_049830.1	49043	76	none	1	0		NC_049830.1 Escherichia phage PGN590, complete genome
NC_049831.1	50309	78	none	0	0		NC_049831.1 Shigella phage Sfin-3, complete genome
NC_049832.1	50168	78	none	0	0		NC_049832.1 Escherichia phage vB_EcoS-DELF2 DNA, complete genome
NC_049833.1	50713	79	none	0	0		NC_049833.1 Klebsiella phage vB_KpnS_SegesCirculi, complete genome
NC_049834.1	52866	83	none	0	0		NC_049834.1 Klebsiella phage vB_KpnS_IMGroot, complete genome
NC_049835.1	54438	87	none	0	0		NC_049835.1 Klebsiella phage vB_KpnS_Domnhall, complete genome
NC_049836.1	51487	78	none	0	0		NC_049836.1 Klebsiella phage vB_KpnS_Call, complete genome
NC_049837.1	51780	81	none	0	0		NC_049837.1 Klebsiella phage vB_KpnS_Alina, complete genome
NC_049838.1	47844	77	none	0	0		NC_049838.1 Klebsiella phage KL, complete genome
NC_049839.1	50241	77	none	0	0		NC_049839.1 Klebsiella phage Sweeny, complete genome
NC_049840.1	50381	78	none	0	0		NC_049840.1 Klebsiella phage vB_KpnS_FZ10, complete genome
NC_049841.1	49935	77	none	0	0		NC_049841.1 Klebsiella phage Skenny, complete genome
NC_049842.1	49316	77	none	1	0		NC_049842.1 Klebsiella phage vB_KpnS_15-38_KLPPOU149, complete genome
NC_049843.1	37655	43	none	0	0		NC_049843.1 Klebsiella phage JY917, complete genome
NC_049844.1	43094	71	none	0	0		NC_049844.1 Klebsiella phage 13, complete genome
NC_049845.1	49477	78	none	0	0		NC_049845.1 Klebsiella phage PhiKpNIH-2, complete genome
NC_049846.1	49045	75	none	0	0		NC_049846.1 Klebsiella phage Shelby, complete genome
NC_049847.1	49916	77	none	0	0		NC_049847.1 Klebsiella phage Sin4, complete genome
NC_049848.1	49835	75	none	0	0		NC_049848.1 Klebsiella phage KP1801, complete genome
NC_049849.1	221431	337	none	0	0		NC_049849.1 Achromobacter phage Motura, complete genome
NC_049850.1	263735	447	none	0	0		NC_049850.1 Burkholderia phage BcepSaruman, complete genome
NC_049851.1	262653	450	none	0	0		NC_049851.1 Burkholderia phage BcepSauron, complete genome
NC_049852.1	51643	80	none	1	0		NC_049852.1 Escherichia phage egaa, complete genome
NC_049853.1	49890	75	none	1	0		NC_049853.1 Escherichia phage Henu8, complete genome
NC_049854.1	125658	178	none	0	1		NC_049854.1 Lactococcus phage AM1, complete genome
NC_049855.1	128179	178	none	0	1		NC_049855.1 Lactococcus phage LW81, complete genome
NC_049856.1	132949	195	none	0	1		NC_049856.1 Lactococcus phage AM4, complete genome
NC_049857.1	123023	165	none	0	1		NC_049857.1 Lactococcus phage P1048, complete genome
NC_049900.1	40298	62	none	0	0		NC_049900.1 Listeria phage LP-HM00113468, complete genome
NC_049917.1	62668	73	none	0	0		NC_049917.1 Escherichia phage Lys12581Vzw, complete genome
NC_049918.1	62020	77	none	0	0		NC_049918.1 Escherichia phage ArgO145, complete genome
NC_049919.1	61564	78	none	1	0		NC_049919.1 Escherichia phage SH2026Stx1, complete genome
NC_049920.1	58371	77	none	1	0		NC_049920.1 Stx1 converting phage AU5Stx1, complete genome
NC_049921.1	57123	73	none	1	0		NC_049921.1 Stx1 converting phage AU6Stx1, complete genome
NC_049922.1	62822	87	none	0	0		NC_049922.1 Stx converting phage vB_EcoS_ST2-8624, complete genome
NC_049923.1	56224	71	none	0	0		NC_049923.1 Stx2-converting phage Stx2a_WGPS9 proviral DNA, complete genome
NC_049924.1	64900	89	none	0	0		NC_049924.1 Stx2-converting phage Stx2a_F451 proviral DNA, complete genome
NC_049925.1	61580	82	none	0	0		NC_049925.1 Stx converting phage vB_EcoS_P27, complete genome
NC_049926.1	40469	59	none	1	0		NC_049926.1 Escherichia phage ECP1, complete genome
NC_049927.1	42562	61	none	0	0		NC_049927.1 Microbacterium phage McGalleon, complete genome
NC_049928.1	41670	63	none	0	0		NC_049928.1 Microbacterium phage MonChoix, complete genome
NC_049929.1	41793	62	none	0	0		NC_049929.1 Microbacterium phage Teagan, complete genome
NC_049930.1	18742	22	none	0	0		NC_049930.1 Enterococcus phage vB_EfaP_Zip, complete genome
NC_049931.1	18838	22	none	0	0		NC_049931.1 Enterococcus phage vB_EfaP_IME199, complete genome
NC_049932.1	17966	26	none	0	0		NC_049932.1 Enterococcus phage vB_EfaP_Ef6.2, complete genome
NC_049933.1	18136	26	none	0	0		NC_049933.1 Enterococcus phage vB_EfaP_Ef6.3, complete genome
NC_049934.1	18737	30	none	0	0		NC_049934.1 Enterococcus phage vB_EfaP_Ef7.2, complete genome
NC_049935.1	18186	25	none	0	0		NC_049935.1 Enterococcus phage vB_EfaP_Efmus4, complete genome
NC_049936.1	18286	27	none	0	0		NC_049936.1 Enterococcus phage vB_EfaP_Efmus3, complete genome
NC_049937.1	18168	24	none	0	0		NC_049937.1 Enterococcus phage Idefix genome assembly, chromosome: IDF
NC_049938.1	17927	25	none	0	0		NC_049938.1 Enterococcus phage vB_EfaP_Efmus1, complete genome
NC_049939.1	18818	28	none	0	0		NC_049939.1 Enterococcus phage vB_EfaP_Ef7.3, complete genome
NC_049940.1	18415	25	none	0	0		NC_049940.1 Enterococcus phage vB_EfaP_Ef7.4, complete genome
NC_049941.1	58326	70	none	0	0		NC_049941.1 Stx2-converting phage Stx2a_WGPS2 proviral DNA, complete genome
NC_049942.1	57198	82	none	0	0		NC_049942.1 Escherichia phage JLK-2012, complete sequence
NC_049943.1	57248	80	none	0	0		NC_049943.1 Enterobacteria phage 2851, complete genome
NC_049944.1	55023	79	none	0	0		NC_049944.1 Stx2-converting phage Stx2a_WGPS8 proviral DNA, complete genome
NC_049945.1	57849	79	none	0	0		NC_049945.1 Stx2-converting phage Stx2a_WGPS6 proviral DNA, complete genome
NC_049948.1	50126	73	none	0	0		NC_049948.1 Escherichia phage Lambda_ev017 genome assembly, chromosome: 1
NC_049949.1	46685	63	none	1	0		NC_049949.1 Escherichia phage Lambda_ev207 genome assembly, chromosome: 1
NC_049951.1	41969	54	none	0	0		NC_049951.1 Enterobacteria phage O276, complete genome
NC_049953.1	47224	62	none	0	0		NC_049953.1 Escherichia phage Lambda_ev099 genome assembly, chromosome: 1
NC_049955.1	45560	61	none	0	0		NC_049955.1 Escherichia phage Lambda_ev243 genome assembly, chromosome: 1
NC_049959.1	26054	42	none	2	0		NC_049959.1 Bacillus phage QCM11, complete genome
NC_049960.1	21684	32	none	1	0		NC_049960.1 Bacillus phage Harambe, complete genome
NC_049961.1	21054	28	none	1	0		NC_049961.1 Bacillus phage BeachBum, complete genome
NC_049962.1	27206	45	none	2	0		NC_049962.1 Bacillus phage SerPounce, complete genome
NC_049963.1	25032	36	none	2	0		NC_049963.1 Bacillus phage Juan, complete genome
NC_049964.1	26061	43	none	2	0		NC_049964.1 Bacillus phage KonjoTrouble, complete genome
NC_049965.1	19105	25	none	1	0		NC_049965.1 Bacillus phage vB_BveP-Goe6, complete genome
NC_049966.1	25722	40	none	2	0		NC_049966.1 Bacillus phage vB_BthP-Goe4, complete genome
NC_049967.1	27180	49	none	2	0		NC_049967.1 Bacillus phage DK1, complete genome
NC_049968.1	26357	45	none	2	0		NC_049968.1 Bacillus phage DK2, complete genome
NC_049969.1	26865	46	none	2	0		NC_049969.1 Bacillus phage DK3, complete genome
NC_049970.1	20083	28	none	1	0		NC_049970.1 Bacillus phage Karezi, complete genome
NC_049971.1	18466	26	none	1	0		NC_049971.1 Bacillus phage vB_Bpu_PumA1, complete genome
NC_049972.1	18932	27	none	1	0		NC_049972.1 Bacillus phage vB_Bpu_PumA2, complete genome
NC_049973.1	20784	32	none	1	0		NC_049973.1 Bacillus phage SRT01hs, complete genome
NC_049974.1	21781	30	none	1	0		NC_049974.1 Bacillus phage Gxv1, complete genome
NC_049975.1	18379	24	none	1	0		NC_049975.1 Bacillus phage vB_BsuP-Goe1, complete genome
NC_049976.1	18753	25	none	1	0		NC_049976.1 Bacillus phage Nf, complete genome
NC_049977.1	102679	102	none	0	0		NC_049977.1 Bacteroides phage crAss001, complete genome
NC_050143.1	60746	89	none	1	0		NC_050143.1 Pseudomonas phage datas, complete genome
NC_050144.1	65797	93	none	1	0		NC_050144.1 Pseudomonas phage Epa14, complete genome
NC_050145.1	65554	91	none	1	0		NC_050145.1 Pseudomonas phage PaGU11 DNA, complete genome
NC_050146.1	65629	94	none	1	0		NC_050146.1 Pseudomonas phage Epa7, complete genome
NC_050147.1	65680	92	none	0	0		NC_050147.1 Pseudomonas phage Epa13, complete genome
NC_050149.1	65918	89	none	1	0		NC_050149.1 Pseudomonas phage vB_PaeM_USP_1, complete genome
NC_050150.1	65852	92	none	0	0		NC_050150.1 Pseudomonas phage antinowhere, complete genome
NC_050151.1	66295	92	none	1	0		NC_050151.1 Pseudomonas phage crassa, complete genome
NC_050152.1	101660	106	none	0	0		NC_050152.1 Enterobacteria phage P7, complete genome
NC_050153.1	80732	86	none	0	0		NC_050153.1 Escherichia phage vB_EcoM-Ro157c2YLVW, complete genome
NC_050154.1	91159	114	none	0	0		NC_050154.1 Escherichia phage D6, complete genome
NC_051580.1	69471	106	none	1	0		NC_051580.1 Mycobacterium phage Thonko, complete genome
NC_051581.1	70668	102	none	0	0		NC_051581.1 Mycobacterium phage BirdsNest, complete genome
NC_051582.1	71552	98	none	0	0		NC_051582.1 Mycobacterium phage LilMcDreamy, complete genome
NC_051583.1	69448	90	none	0	0		NC_051583.1 Mycobacterium phage Saguaro, complete genome
NC_051584.1	70992	96	none	0	0		NC_051584.1 Mycobacterium phage Quesadilla, complete genome
NC_051585.1	72217	98	none	0	0		NC_051585.1 Mycobacterium phage CRB2, complete genome
NC_051586.1	69897	103	none	0	0		NC_051586.1 Mycobacterium phage Imvubu, complete genome
NC_051587.1	69867	93	none	0	0		NC_051587.1 Mycobacterium phage Serendipitous, complete genome
NC_051588.1	60430	103	none	1	0		NC_051588.1 Mycobacterium phage Aminay, complete genome
NC_051589.1	58899	91	none	0	0		NC_051589.1 Mycobacterium phage Henu3, complete genome
NC_051590.1	58678	95	none	1	0		NC_051590.1 Mycobacterium phage Eponine, complete genome
NC_051591.1	58390	91	none	0	0		NC_051591.1 Mycobacterium phage Taquito, complete genome
NC_051592.1	54611	87	none	0	0		NC_051592.1 Mycobacterium phage Patt, complete genome
NC_051593.1	61395	92	none	0	0		NC_051593.1 Mycobacterium phage Collard, complete genome
NC_051594.1	61808	89	none	0	0		NC_051594.1 Mycobacterium phage Leston, complete genome
NC_051595.1	61535	87	none	0	0		NC_051595.1 Mycobacterium phage Paola, complete genome
NC_051596.1	59925	86	none	0	0		NC_051596.1 Mycobacterium phage Rando14, complete genome
NC_051597.1	63874	89	none	0	0		NC_051597.1 Mycobacterium phage Thyatira, complete genome
NC_051598.1	58150	91	none	1	0		NC_051598.1 Mycobacterium phage Findley, complete genome
NC_051599.1	61208	97	none	0	0		NC_051599.1 Mycobacterium phage Unicorn, complete genome
NC_051600.1	57666	87	none	0	0		NC_051600.1 Mycobacterium phage Bryler, complete genome
NC_051601.1	60321	95	none	0	0		NC_051601.1 Mycobacterium phage Krueger, complete genome
NC_051602.1	60618	93	none	0	0		NC_051602.1 Mycobacterium phage Shandong1, complete genome
NC_051603.1	61027	96	none	0	0		NC_051603.1 Mycobacterium phage Ximenita, complete genome
NC_051604.1	61318	92	none	0	0		NC_051604.1 Mycobacterium phage Hurricane, complete genome
NC_051605.1	62236	90	none	0	0		NC_051605.1 Mycobacterium phage Amgine, complete genome
NC_051606.1	61761	91	none	0	0		NC_051606.1 Mycobacterium phage Amohnition, complete genome
NC_051607.1	61594	89	none	0	0		NC_051607.1 Mycobacterium phage DarthP, complete genome
NC_051608.1	61772	88	none	0	0		NC_051608.1 Mycobacterium phage Ekdilam, complete genome
NC_051609.1	61945	91	none	0	0		NC_051609.1 Mycobacterium phage Ellie, complete genome
NC_051610.1	59646	92	none	1	0		NC_051610.1 Mycobacterium phage Adephagia, complete sequence
NC_051611.1	60031	93	none	1	0		NC_051611.1 Mycobacterium phage Adonis, complete genome
NC_051612.1	57034	87	none	1	0		NC_051612.1 Mycobacterium phage AlishaPH, complete genome
NC_051613.1	56439	72	none	0	0		NC_051613.1 Mycobacterium phage Amelie, complete genome
NC_051614.1	59947	92	none	1	0		NC_051614.1 Mycobacterium phage Apocalypse, complete genome
NC_051615.1	60494	94	none	1	0		NC_051615.1 Mycobacterium phage Beezoo, complete genome
NC_051616.1	60746	92	none	1	0		NC_051616.1 Mycobacterium phage Bella96, complete genome
NC_051617.1	62067	96	none	1	0		NC_051617.1 Mycobacterium phage Chris, complete genome
NC_051618.1	61222	96	none	1	0		NC_051618.1 Mycobacterium phage Curiosium, complete genome
NC_051619.1	62558	102	none	1	0		NC_051619.1 Mycobacterium phage KiSi, complete genome
NC_051620.1	60934	95	none	0	0		NC_051620.1 Mycobacterium phage LastHope, complete genome
NC_051621.1	60143	94	none	1	0		NC_051621.1 Mycobacterium phage LaterM, complete genome
NC_051622.1	62153	98	none	1	0		NC_051622.1 Mycobacterium phage MarkPhew, complete genome
NC_051623.1	61464	92	none	0	0		NC_051623.1 Mycobacterium phage Marshawn, complete genome
NC_051624.1	62293	98	none	0	0		NC_051624.1 Mycobacterium phage Nibb, complete genome
NC_051625.1	60989	95	none	0	0		NC_051625.1 Mycobacterium Phage Niklas, complete genome
NC_051626.1	60311	91	none	1	0		NC_051626.1 Mycobacterium phage Prithvi, complete genome
NC_051627.1	61882	91	none	0	0		NC_051627.1 Mycobacterium phage SirPhilip, complete genome
NC_051628.1	60526	92	none	1	0		NC_051628.1 Mycobacterium phage Urkel, complete genome
NC_051629.1	62192	95	none	0	0		NC_051629.1 Mycobacterium phage Yuna, complete genome
NC_051630.1	60757	96	none	0	0		NC_051630.1 Mycobacterium phage Yunkel11, complete genome
NC_051631.1	59969	92	none	1	0		NC_051631.1 Mycobacterium phage Zavala, complete genome
NC_051633.1	58569	100	none	0	0		NC_051633.1 Mycobacterium phage ArcusAngelus, complete genome
NC_051634.1	57737	97	none	0	0		NC_051634.1 Mycobacterium phage Batiatus, complete genome
NC_051635.1	58824	98	none	0	0		NC_051635.1 Mycobacterium phage Blexus, complete genome
NC_051636.1	59815	105	none	0	0		NC_051636.1 Mycobacterium phage BobaPhett, complete genome
NC_051637.1	60222	100	none	0	0		NC_051637.1 Mycobacterium phage BodEinwohner17, complete genome
NC_051638.1	57647	98	none	0	0		NC_051638.1 Mycobacterium phage Bubbles123, complete genome
NC_051639.1	58098	97	none	0	0		NC_051639.1 Mycobacterium phage Burwell21, complete genome
NC_051641.1	54685	100	none	0	0		NC_051641.1 Mycobacterium phage Byougenkin, complete genome
NC_051642.1	55189	97	none	0	0		NC_051642.1 Mycobacterium phage Chuckly, complete genome
NC_051647.1	57797	102	none	0	0		NC_051647.1 Mycobacterium phage DillTech15, complete genome
NC_051648.1	59478	100	none	0	0		NC_051648.1 Mycobacterium phage Donkeykong, complete genome
NC_051649.1	58397	97	none	0	0		NC_051649.1 Mycobacterium phage Doug, complete genome
NC_051650.1	58368	98	none	0	0		NC_051650.1 Mycobacterium phage DRBy19, complete genome
NC_051651.1	58150	100	none	0	0		NC_051651.1 Mycobacterium phage Eish, complete genome
NC_051652.1	59482	104	none	0	0		NC_051652.1 Mycobacterium phage EleanorGeorge, complete genome
NC_051653.1	56418	100	none	0	0		NC_051653.1 Mycobacterium phage Emma, complete genome
NC_051654.1	57155	99	none	0	0		NC_051654.1 Mycobacterium phage Empress, complete genome
NC_051656.1	60228	104	none	0	0		NC_051656.1 Mycobacterium phage Fancypants, complete genome
NC_051657.1	59306	98	none	0	0		NC_051657.1 Mycobacterium phage Filuzino, complete genome
NC_051658.1	58166	98	none	0	0		NC_051658.1 Mycobacterium phage Firehouse51, complete genome
NC_051661.1	57861	105	none	0	0		NC_051661.1 Mycobacterium phage Galactic, complete genome
NC_051662.1	54974	95	none	0	0		NC_051662.1 Mycobacterium phage Gandalph, complete genome
NC_051663.1	57754	95	none	0	0		NC_051663.1 Mycobacterium phage Girr, complete genome
NC_051664.1	57955	99	none	0	0		NC_051664.1 Mycobacterium phage Gorge, complete genome
NC_051665.1	58731	104	none	0	0		NC_051665.1 Mycobacterium phage Harley, complete genome
NC_051668.1	55471	92	none	0	0		NC_051668.1 Mycobacterium phage Hlubikazi, complete genome
NC_051669.1	58962	101	none	0	0		NC_051669.1 Mycobacterium phage JoeyJr, complete genome
NC_051672.1	60190	104	none	0	0		NC_051672.1 Mycobacterium phage Kersh, complete genome
NC_051675.1	53058	87	none	0	0		NC_051675.1 Mycobacterium phage Krakatau, complete genome
NC_051676.1	58701	106	none	0	0		NC_051676.1 Mycobacterium phage KristaRAM, complete genome
NC_051678.1	58423	98	none	0	0		NC_051678.1 Mycobacterium phage Lizziana, complete genome
NC_051679.1	55945	95	none	0	0		NC_051679.1 Mycobacterium phage Mahavrat, complete genome
NC_051680.1	57001	96	none	0	0		NC_051680.1 Mycobacterium phage Mantra, complete genome
NC_051681.1	58074	100	none	0	0		NC_051681.1 Mycobacterium phage Mattes, complete genome
NC_051682.1	54356	90	none	0	0		NC_051682.1 Mycobacterium phage Melissauren88, complete genome
NC_051683.1	58106	100	none	0	0		NC_051683.1 Mycobacterium phage MilleniumForce, complete genome
NC_051684.1	58027	100	none	0	0		NC_051684.1 Mycobacterium phage MinionDave, complete genome
NC_051685.1	59268	93	none	0	0		NC_051685.1 Mycobacterium phage Minnie, complete genome
NC_051687.1	57984	101	none	0	0		NC_051687.1 Mycobacterium phage Moonbeam, complete genome
NC_051690.1	54857	93	none	0	0		NC_051690.1 Mycobacterium phage Nitzel, complete genome
NC_051691.1	58009	98	none	0	0		NC_051691.1 Mycobacterium phage Nivrat, complete genome
NC_051693.1	57159	96	none	0	0		NC_051693.1 Mycobacterium phage OldBen, complete genome
NC_051694.1	58297	100	none	0	0		NC_051694.1 Mycobacterium phage OlympiaSaint, complete genome
NC_051695.1	56515	97	none	0	0		NC_051695.1 Mycobacterium phage OwlsT2W, complete genome
NC_051696.1	56125	97	none	0	0		NC_051696.1 Mycobacterium phage Phasih, complete genome
NC_051699.1	58666	104	none	0	0		NC_051699.1 Mycobacterium phage Poenanya, complete genome
NC_051700.1	58758	101	none	0	0		NC_051700.1 Mycobacterium phage Polka14, complete genome
NC_051702.1	58230	99	none	0	0		NC_051702.1 Mycobacterium phage Priscilla, complete genome
NC_051703.1	57526	102	none	0	0		NC_051703.1 Mycobacterium phage QuickMath, complete genome
NC_051704.1	57789	96	none	0	0		NC_051704.1 Mycobacterium phage RitaG, complete genome
NC_051705.1	57356	100	none	0	0		NC_051705.1 Mycobacterium phage Royals2015, complete genome
NC_051706.1	59540	102	none	0	0		NC_051706.1 Mycobacterium phage Sandalphon, complete genome
NC_051710.1	58604	103	none	0	0		NC_051710.1 Mycobacterium phage Spikelee, complete genome
NC_051711.1	55735	96	none	0	0		NC_051711.1 Mycobacterium phage Spoonbill, complete genome
NC_051713.1	59346	93	none	0	0		NC_051713.1 Mycobacterium phage SuperGrey, complete genome
NC_051714.1	58930	97	none	0	0		NC_051714.1 Mycobacterium phage SwagPigglett, complete genome
NC_051716.1	56147	92	none	0	0		NC_051716.1 Mycobacterium phage Veteran, complete genome
NC_051717.1	54513	94	none	0	0		NC_051717.1 Mycobacterium phage Wachhund, complete genome
NC_051718.1	59093	100	none	0	0		NC_051718.1 Mycobacterium phage Whouxphf, complete genome
NC_051719.1	58608	100	none	0	0		NC_051719.1 Mycobacterium phage WillSterrel, complete genome
NC_051720.1	58079	99	none	0	0		NC_051720.1 Mycobacterium phage Zerg, complete genome
NC_051721.1	55178	97	none	1	0		NC_051721.1 Mycobacterium phage MooMoo, complete genome
NC_051722.1	57437	111	none	0	0		NC_051722.1 Mycobacterium phage Demsculpinboyz, complete genome
NC_051723.1	54814	100	none	0	0		NC_051723.1 Mycobacterium phage Soul22, complete genome
NC_051724.1	55307	101	none	0	0		NC_051724.1 Mycobacterium phage Zapner, complete genome
NC_051725.1	50832	80	none	1	0		NC_051725.1 Mycobacterium phage Rem711, complete genome
NC_051726.1	43511	64	none	0	0		NC_051726.1 Mycobacterium phage Mendokysei, complete genome
NC_051727.1	48399	76	none	0	0		NC_051727.1 Mycobacterium phage Willsammy, complete genome
NC_051728.1	48783	75	none	0	0		NC_051728.1 Mycobacterium phage Megiddo, complete genome
NC_051729.1	49075	76	none	0	0		NC_051729.1 Mycobacterium phage Atcoo, complete genome
NC_051730.1	46561	72	none	0	0		NC_051730.1 Mycobacterium phage Jung, complete genome
NC_051731.1	48424	78	none	0	0		NC_051731.1 Mycobacterium phage GreaseLightnin, complete genome
NC_051732.1	48699	79	none	0	0		NC_051732.1 Mycobacterium phage Ksquared, complete genome
NC_051733.1	47229	76	none	0	0		NC_051733.1 Mycobacterium phage Phineas, complete genome
NC_051734.1	46484	74	none	0	0		NC_051734.1 Mycobacterium phage Bartholomew, complete genome
NC_051735.1	45680	74	none	0	0		NC_051735.1 Mycobacterium phage FirstPlacePfu, complete genome
NC_051736.1	46732	75	none	0	0		NC_051736.1 Mycobacterium phage Arib1, complete genome
NC_051737.1	47612	76	none	0	0		NC_051737.1 Mycobacterium phage Majeke, complete genome
NC_051738.1	50415	79	none	0	0		NC_051738.1 Mycobacterium phage ThulaThula, complete genome
NC_051739.1	50513	80	none	0	0		NC_051739.1 Mycobacterium phage Purky, complete genome
NC_051740.1	49808	70	none	0	0		NC_051740.1 Mycobacterium phage Xavia, complete genome
NC_052650.1	58072	91	none	0	0		NC_052650.1 Halobacterium phage phiH variant phiH1, complete genome
NC_052652.1	147659	241	none	0	0		NC_052652.1 Escherichia phage vB_EcoM_PHB05, complete genome
NC_052653.1	149506	245	none	0	0		NC_052653.1 Escherichia phage vB_vPM_PD06, complete genome
NC_052654.1	151671	274	none	0	0		NC_052654.1 Escherichia phage vB_EcoM-Ro121c4YLVW, complete genome
NC_052655.1	147009	243	none	0	0		NC_052655.1 Escherichia phage alia, complete genome
NC_052656.1	149335	276	none	0	0		NC_052656.1 Escherichia phage anhysbys, complete genome
NC_052657.1	146307	239	none	0	0		NC_052657.1 Escherichia phage muut, complete genome
NC_052658.1	151514	268	none	0	0		NC_052658.1 Escherichia phage nepoznato, complete genome
NC_052659.1	144998	254	none	0	0		NC_052659.1 Escherichia phage nieznany, complete genome
NC_052660.1	150473	279	none	0	0		NC_052660.1 Escherichia phage tuntematon, complete genome
NC_052661.1	150947	272	none	0	0		NC_052661.1 Escherichia phage ukendt, complete genome
NC_052662.1	151202	283	none	0	0		NC_052662.1 Escherichia phage Mt1B1_P17, complete genome
NC_052663.1	147702	240	none	0	0		NC_052663.1 Escherichia phage VEcB, complete genome
NC_052932.1	17362	24	none	1	0		NC_052932.1 Microbacterium phage PaoPu, complete genome
NC_052933.1	17385	24	none	1	0		NC_052933.1 Microbacterium phage Azizam, complete genome
NC_052934.1	17442	24	none	1	0		NC_052934.1 Microbacterium phage Bri160, complete genome
NC_052935.1	17426	25	none	1	0		NC_052935.1 Microbacterium phage Kaijohn, complete genome
NC_052936.1	17049	24	none	1	0		NC_052936.1 Microbacterium phage Nobel, complete genome
NC_052937.1	17349	25	none	1	0		NC_052937.1 Microbacterium phage Noelani, complete genome
NC_052938.1	17510	24	none	1	0		NC_052938.1 Microbacterium phage PoRanda, complete genome
NC_052939.1	17450	24	none	1	0		NC_052939.1 Microbacterium phage Quaker, complete genome
NC_052940.1	17451	25	none	0	0		NC_052940.1 Microbacterium phage BonaeVitae, complete genome
NC_052941.1	17491	27	none	1	0		NC_052941.1 Microbacterium phage Efeko, complete genome
NC_052964.1	64096	92	none	0	1		NC_052964.1 Pseudomonas phage Epa5, complete genome
NC_052965.1	57061	77	none	0	1		NC_052965.1 Pseudomonas phage ZC01, complete genome
NC_052966.1	60497	80	none	1	0		NC_052966.1 Xanthomonas phage Xoo-sp2, complete genome
NC_052967.1	63828	81	none	1	0		NC_052967.1 Xanthomonas phage Bosa genome assembly, chromosome: 1
NC_052969.1	61382	89	none	0	0		NC_052969.1 Ruegeria phage vB_RpoS-V16, complete genome
NC_052970.1	59111	86	none	0	0		NC_052970.1 Ruegeria phage vB_RpoS-V18, complete genome
NC_052971.1	59549	86	none	0	0		NC_052971.1 Ruegeria phage vB_RpoS-V11, complete genome
NC_052972.1	59573	86	none	0	0		NC_052972.1 Ruegeria phage vB_RpoS-V7, complete genome
NC_052974.1	59489	79	none	0	0		NC_052974.1 Achromobacter phage vB_AchrS_AchV4, complete genome
NC_052975.1	58387	71	none	0	0		NC_052975.1 Klebsiella phage YMC16/01/N133_KPN_BP, complete genome
NC_052976.1	58279	68	none	0	0		NC_052976.1 Pseudomonas phage PspYZU01, complete genome
NC_052977.1	56734	61	none	0	0		NC_052977.1 Bacteriophage Phobos, complete genome
NC_052978.1	60056	71	none	1	0		NC_052978.1 Proteus phage Saba, complete genome
NC_052979.1	59837	67	none	0	0		NC_052979.1 Providencia phage Kokobel1, complete genome
NC_052980.1	59078	67	none	0	0		NC_052980.1 Proteus phage ASh-2020a, complete genome
NC_052981.1	59128	67	none	0	0		NC_052981.1 Proteus phage PM87, complete genome
NC_052983.1	58536	63	none	0	0		NC_052983.1 Escherichia phage E21, complete genome
NC_052984.1	60975	74	none	0	0		NC_052984.1 Aeromonas phage vB_AhyS-A18P4, complete genome
NC_052985.1	61426	73	none	0	0		NC_052985.1 Aeromonas phage LAh_7, complete genome
NC_052986.1	61382	75	none	0	0		NC_052986.1 Aeromonas phage BUCT551, complete genome
NC_052987.1	59214	79	none	0	0		NC_052987.1 Klebsiella phage KPN N98, complete genome
NC_052988.1	59087	79	none	0	0		NC_052988.1 Klebsiella phage KPN U2874, complete genome
NC_052989.1	61736	77	none	0	0		NC_052989.1 Cronobacter phage JC01, complete genome
NC_052991.1	54417	62	none	0	0		NC_052991.1 Serratia phage KpYy_1_41, complete genome
NC_052999.1	60438	74	none	0	0		NC_052999.1 Salmonella phage ER24, complete genome
NC_053000.1	59878	74	none	0	0		NC_053000.1 Salmonella phage SeWh-1, complete genome
NC_053008.1	59618	73	none	0	0		NC_053008.1 Salmonella phage SAP012 DNA, complete sequence
NC_053009.1	60727	74	none	1	0		NC_053009.1 Providencia phage vB_PreS-PibeRecoleta, complete genome
NC_053010.1	60924	75	none	1	0		NC_053010.1 Providencia phage vB_PreS-Stilesk, complete genome
NC_053011.1	62716	79	none	0	0		NC_053011.1 Erwinia phage pEp_SNUABM_08, complete genome
NC_053012.1	63971	86	none	0	0		NC_053012.1 Serratia phage JS26, complete genome
NC_053013.1	57567	81	none	0	0		NC_053013.1 Pseudomonas phage vB_Pae-SS2019XI, complete genome
NC_053014.1	55830	78	none	0	0		NC_053014.1 Pectobacterium phage MA11, partial genome
NC_053015.1	58573	82	none	0	0		NC_053015.1 Pectobacterium phage MA12, complete genome
NC_053172.1	52018	72	none	0	0		NC_053172.1 Gordonia phage DumpsterDude, complete genome
NC_053173.1	49604	78	none	0	0		NC_053173.1 Gordonia phage Toast, complete genome
NC_053174.1	50678	80	none	0	0		NC_053174.1 Gordonia phage William, complete genome
NC_053209.1	48916	77	none	0	0		NC_053209.1 Mycobacterium phage KilKor, complete genome
NC_053210.1	55006	77	none	0	0		NC_053210.1 Gordonia phage Dexdert, complete genome
NC_053211.1	55829	78	none	0	0		NC_053211.1 Gordonia phage Tiamoceli, complete genome
NC_053234.1	57973	78	none	1	0		NC_053234.1 Gordonia phage Kroos, complete genome
NC_053235.1	58176	79	none	1	0		NC_053235.1 Gordonia phage JKSyngboy, complete genome
NC_053236.1	57430	79	none	1	0		NC_053236.1 Gordonia phage YorkOnyx, complete genome
NC_053237.1	57555	84	none	1	0		NC_053237.1 Gordonia phage Ashertheman, complete genome
NC_053238.1	57472	84	none	1	0		NC_053238.1 Gordonia phage Gaea, complete genome
NC_053239.1	57312	83	none	1	0		NC_053239.1 Gordonia phage Bizzy, complete genome
NC_053240.1	57306	82	none	1	0		NC_053240.1 Gordonia phage Tangerine, complete genome
NC_053241.1	57448	81	none	1	0		NC_053241.1 Gordonia phage Ribeye, complete genome
NC_053242.1	59268	86	none	0	0		NC_053242.1 Gordonia phage Leonard, complete genome
NC_053243.1	58844	81	none	0	0		NC_053243.1 Gordonia phage EMoore, complete genome
NC_053244.1	59761	88	none	0	0		NC_053244.1 Gordonia phage MelBins, complete genome
NC_053245.1	58301	83	none	0	0		NC_053245.1 Gordonia phage Ali17, complete genome
NC_053246.1	59210	96	none	0	0		NC_053246.1 Gordonia phage Lilbeanie, complete genome
NC_053247.1	58928	88	none	1	0		NC_053247.1 Gordonia Phage Zitch, complete genome
NC_053248.1	61219	81	none	1	0		NC_053248.1 Gordonia phage Zipp, complete genome
NC_053249.1	61248	84	none	1	0		NC_053249.1 Gordonia phage Verity, complete genome
NC_053503.1	66507	89	none	0	0		NC_053503.1 Mycobacterium phage Laurie, complete genome
NC_053504.1	75586	117	none	0	0		NC_053504.1 Mycobacterium phage Lumos, complete genome
NC_053505.1	76075	117	none	0	0		NC_053505.1 Mycobacterium phage Krypton555, complete genome
NC_053506.1	77086	124	none	1	0		NC_053506.1 Mycobacterium phage CELFI, complete genome
NC_053507.1	77031	124	none	1	0		NC_053507.1 Mycobacterium phage Finemlucis, complete genome
NC_053508.1	76315	124	none	1	0		NC_053508.1 Mycobacterium phage GuuelaD, complete genome
NC_053509.1	77876	133	none	1	1		NC_053509.1 Mycobacterium phage Tourach, complete genome
NC_053510.1	70183	105	none	1	1		NC_053510.1 Mycobacterium phage Bromden, complete genome
NC_053511.1	77566	128	none	1	0		NC_053511.1 Mycobacterium phage DyoEdafos, complete genome
NC_053512.1	70373	110	none	1	0		NC_053512.1 Mycobacterium phage Kumao, complete genome
NC_053513.1	83412	140	none	0	0		NC_053513.1 Mycobacterium phage Aziz, complete genome
NC_053514.1	83601	141	none	0	0		NC_053514.1 Mycobacterium phage Estes, complete genome
NC_053515.1	84303	143	none	0	0		NC_053515.1 Mycobacterium phage MrMagoo, complete genome
NC_053516.1	82356	137	none	0	0		NC_053516.1 Mycobacterium phage Reindeer, complete genome
NC_054146.1	44526	63	none	0	0		NC_054146.1 Ralstonia phage phiRSP, complete genome
NC_054147.1	42452	61	none	0	0		NC_054147.1 Achromobacter phage Mano, complete genome
NC_054148.1	43707	62	none	0	0		NC_054148.1 Burkholderia phage Mica, complete genome
NC_054149.1	44033	66	none	0	0		NC_054149.1 Pseudomonas phage Persinger, complete genome
NC_054392.1	44938	56	none	0	0		NC_054392.1 Gordonia phage Archimedes, complete genome
NC_054393.1	75687	121	none	1	0		NC_054393.1 Mycobacterium phage Typha, complete genome
NC_054418.1	43357	61	none	0	0		NC_054418.1 Arthrobacter phage BigMack, complete genome
NC_054419.1	43089	61	none	0	0		NC_054419.1 Arthrobacter phage Gisselle, complete genome
NC_054420.1	44251	62	none	0	0		NC_054420.1 Arthrobacter phage GreenHearts, complete genome
NC_054421.1	43977	59	none	0	0		NC_054421.1 Arthrobacter phage Greenhouse, complete genome
NC_054422.1	43891	61	none	0	0		NC_054422.1 Arthrobacter phage Huntingdon, complete genome
NC_054423.1	43603	63	none	0	0		NC_054423.1 Arthrobacter phage Kittykat, complete genome
NC_054424.1	43496	61	none	0	0		NC_054424.1 Arthrobacter phage Litotes, complete genome
NC_054425.1	43746	61	none	0	0		NC_054425.1 Arthrobacter phage MamaPearl, complete genome
NC_054426.1	44045	61	none	0	0		NC_054426.1 Arthrobacter phage Nubia, complete genome
NC_054427.1	44163	62	none	0	0		NC_054427.1 Arthrobacter phage Oxynfrius, complete genome
NC_054428.1	43950	60	none	0	0		NC_054428.1 Arthrobacter phage Sergei, complete genome
NC_054429.1	43940	60	none	0	0		NC_054429.1 Arthrobacter phage Urla, complete genome
NC_054430.1	43850	62	none	0	0		NC_054430.1 Arthrobacter phage Wawa, complete genome
NC_054431.1	17452	25	none	1	0		NC_054431.1 Microbacterium phage Scamander, complete genome
NC_054432.1	52849	77	none	0	0		NC_054432.1 Mycobacterium phage phiT46-1, complete genome
NC_054433.1	52581	85	none	0	0		NC_054433.1 Mycobacterium phage Weirdo19, complete genome
NC_054434.1	46888	73	none	0	0		NC_054434.1 Gordonia phage Catfish, complete genome
NC_054435.1	43143	67	none	1	0		NC_054435.1 Gordonia phage Dardanus, complete genome
NC_054436.1	43099	71	none	1	0		NC_054436.1 Gordonia phage Schmidt, complete genome
NC_054437.1	43366	69	none	0	0		NC_054437.1 Gordonia phage TinaLin, complete genome
NC_054438.1	44904	77	none	0	0		NC_054438.1 Gordonia phage TZGordon, complete genome
NC_054439.1	42311	66	none	1	0		NC_054439.1 Mycobacterium phage Paito, complete genome
NC_054440.1	41077	58	none	1	0		NC_054440.1 Mycobacterium phage Taheera, complete genome
NC_054441.1	42430	64	none	1	0		NC_054441.1 Mycobacterium phage Rabbs, complete genome
NC_054442.1	41752	60	none	1	0		NC_054442.1 Mycobacterium phage Grizzly, complete genome
NC_054443.1	45389	64	none	0	0		NC_054443.1 Mycobacterium phage Avocado, complete genome
NC_054444.1	44739	64	none	1	0		NC_054444.1 Mycobacterium phage Antsirabe, complete genome
NC_054445.1	44877	62	none	1	0		NC_054445.1 Mycobacterium phage Mercurio, complete genome
NC_054446.1	44998	63	none	1	0		NC_054446.1 Mycobacterium phage Lemuria, complete genome
NC_054447.1	44842	65	none	0	0		NC_054447.1 Mycobacterium phage Pinnie, complete genome
NC_054448.1	42382	59	none	0	0		NC_054448.1 Mycobacterium phage Raymond7, complete genome
NC_054449.1	43886	71	none	0	0		NC_054449.1 Mycobacterium phage Philonius, complete genome
NC_054450.1	44333	70	none	0	0		NC_054450.1 Mycobacterium phage Aggie, complete genome
NC_054451.1	41988	67	none	0	0		NC_054451.1 Mycobacterium phage Kevin1, complete genome
NC_054452.1	43779	63	none	0	0		NC_054452.1 Mycobacterium phage Andies, complete genome
NC_054453.1	42396	69	none	0	0		NC_054453.1 Mycobacterium phage Fulbright, complete genome
NC_054454.1	40580	62	none	0	0		NC_054454.1 Mycobacterium phage Rebel, complete genome
NC_054455.1	44205	66	none	0	0		NC_054455.1 Mycobacterium phage Tapioca, complete genome
NC_054456.1	41278	62	none	0	0		NC_054456.1 Mycobacterium phage Jamie19, complete genome
NC_054458.1	46195	69	none	0	0		NC_054458.1 Xanthomonas phage XPP1, complete genome
NC_054459.1	46503	72	none	0	0		NC_054459.1 Xanthomonas phage XPV1, complete genome
NC_054460.1	46077	64	none	0	0		NC_054460.1 Xanthomonas phage KPhi1, complete genome
NC_054462.1	44732	58	none	0	0		NC_054462.1 Ralstonia phage Adzire, complete genome
NC_054463.1	44222	62	none	0	0		NC_054463.1 Ralstonia phage Bakoly, complete genome
NC_054464.1	40844	72	none	0	0		NC_054464.1 Edwardsiella phage Edno5, complete genome
NC_054465.1	43233	82	none	0	0		NC_054465.1 Aeromonas phage 2_D05, complete genome
NC_054466.1	42249	75	none	0	0		NC_054466.1 Aeromonas phage 4_D05, complete genome
NC_054636.1	46454	78	none	0	0		NC_054636.1 Shigella phage Sf11 SMD-2017, complete genome
NC_054637.1	46833	84	none	0	0		NC_054637.1 Escherichia coli Phage vB_EcoS-Sa179lw, complete genome
NC_054638.1	45126	69	none	1	0		NC_054638.1 Salmonella phage vB_SenS_SB28, complete genome
NC_054639.1	47393	77	none	1	0		NC_054639.1 Salmonella phage Skate, complete genome
NC_054640.1	48285	76	none	0	0		NC_054640.1 Salmonella phage Segz_1, complete genome
NC_054642.1	45881	72	none	0	0		NC_054642.1 Salmonella phage Seszw_1, complete genome
NC_054643.1	45049	81	none	0	0		NC_054643.1 Salmonella phage SeSz-2, complete genome
NC_054645.1	47657	79	none	0	0		NC_054645.1 Salmonella phage LPST10, complete genome
NC_054646.1	47604	79	none	0	0		NC_054646.1 Salmonella phage VB_StyS_BS5, complete genome
NC_054647.1	45367	82	none	0	0		NC_054647.1 Salmonella phage Akira, complete genome
NC_054648.1	47483	83	none	0	0		NC_054648.1 Salmonella phage vB_Se_STGO-35-1, complete genome
NC_054649.1	47611	79	none	1	0		NC_054649.1 Escherichia phage vB_EcoS_swi2, complete genome
NC_054650.1	44605	75	none	0	0		NC_054650.1 Shigella phage DS8, complete genome
NC_054651.1	46667	79	none	0	0		NC_054651.1 Escherichia phage C1, complete genome
NC_054652.1	46907	76	none	0	0		NC_054652.1 Klebsiella phage YX3973, complete genome
NC_054654.1	45424	73	none	1	0		NC_054654.1 Klebsiella phage ZX4, complete genome
NC_054655.1	50493	78	none	0	0		NC_054655.1 Streptomyces phage Celia, complete genome
NC_054656.1	50129	76	none	0	0		NC_054656.1 Streptomyces phage Yosif, complete genome
NC_054657.1	51956	84	none	0	0		NC_054657.1 Streptomyces phage Salutena, complete genome
NC_054658.1	50272	76	none	0	0		NC_054658.1 Streptomyces phage Sentinel, complete genome
NC_054659.1	50834	76	none	0	0		NC_054659.1 Streptomyces phage Spernnie, complete genome
NC_054660.1	50632	74	none	0	0		NC_054660.1 Streptomyces phage Janus, complete genome
NC_054661.1	50547	74	none	0	0		NC_054661.1 Streptomyces phage Hank144, complete genome
NC_054662.1	49299	77	none	0	0		NC_054662.1 Streptomyces phage Omar, complete genome
NC_054663.1	50483	73	none	0	0		NC_054663.1 Streptomyces phage Diane, complete genome
NC_054664.1	49372	75	none	0	0		NC_054664.1 Streptomyces phage Amethyst, complete genome
NC_054665.1	50574	80	none	0	0		NC_054665.1 Streptomyces phage Tefunt, complete genome
NC_054666.1	50374	78	none	0	0		NC_054666.1 Streptomyces phage Caelum, complete genome
NC_054667.1	50643	79	none	0	0		NC_054667.1 Streptomyces phage Issmi, complete genome
NC_054668.1	50602	79	none	0	0		NC_054668.1 Streptomyces phage Daudau, complete genome
NC_054669.1	53011	83	none	0	0		NC_054669.1 Streptomyces phage Alvy, complete genome
NC_054670.1	52628	82	none	0	0		NC_054670.1 Streptomyces phage Thestral, complete genome
NC_054671.1	52743	83	none	0	0		NC_054671.1 Streptomyces phage Paedore, complete genome
NC_054672.1	49395	74	none	0	0		NC_054672.1 Streptomyces phage Endor1, complete genome
NC_054673.1	48829	72	none	1	0		NC_054673.1 Streptomyces phage Endor2, complete genome
NC_054674.1	48941	75	none	1	0		NC_054674.1 Streptomyces phage Joe, complete genome
NC_054675.1	48883	73	none	1	0		NC_054675.1 Streptomyces phage Saftant, complete genome
NC_054676.1	48481	73	none	0	0		NC_054676.1 Streptomyces phage Sitrop, complete genome
NC_054677.1	48803	73	none	1	0		NC_054677.1 Streptomyces phage Alsaber, complete genome
NC_054678.1	51631	68	none	0	0		NC_054678.1 Streptomyces phage Yasdnil, complete genome
NC_054679.1	51566	69	none	0	0		NC_054679.1 Streptomyces phage Werner, complete genome
NC_054680.1	51393	74	none	0	0		NC_054680.1 Streptomyces phage Goby, complete genome
NC_054681.1	50558	72	none	0	0		NC_054681.1 Streptomyces phage Lorelei, complete genome
NC_054714.1	164254	233	none	1	0		NC_054714.1 Mycobacterium phage Phabba, complete genome
NC_054715.1	156514	233	none	2	0		NC_054715.1 Mycobacterium phage Bigswole, complete genome
NC_054716.1	160330	217	none	1	0		NC_054716.1 Mycobacterium phage Cane17, complete genome
NC_054717.1	155886	217	none	1	0		NC_054717.1 Mycobacterium phage CharlieB, complete genome
NC_054718.1	156170	224	none	1	0		NC_054718.1 Mycobacterium phage Mangeria, complete genome
NC_054719.1	151100	215	none	2	0		NC_054719.1 Mycobacterium phage NoodleTree, complete genome
NC_054720.1	153772	217	none	1	0		NC_054720.1 Mycobacterium phage QBert, complete genome
NC_054721.1	156354	222	none	1	0		NC_054721.1 Mycobacterium phage Quasimodo, complete genome
NC_054722.1	156554	222	none	2	0		NC_054722.1 Mycobacterium phage Sauce, complete genome
NC_054723.1	150830	224	none	1	0		NC_054723.1 Gordonia phage Pupper, complete genome
NC_054724.1	138896	218	none	0	0		NC_054724.1 Rhodococcus phage Finch, complete genome
NC_054725.1	152435	230	none	1	0		NC_054725.1 Gordonia phage Skog, complete genome
NC_054726.1	136319	207	none	1	0		NC_054726.1 Gordonia phage Stormageddon, complete genome
NC_054727.1	136361	194	none	1	0		NC_054727.1 Mycobacterium phage Phrappuccino, complete genome
NC_054759.1	48596	77	none	0	0		NC_054759.1 Mycobacterium phage PurpleHaze, complete genome
NC_054760.1	50293	82	none	0	0		NC_054760.1 Mycobacterium phage SoilDragon, complete genome
NC_054761.1	48229	76	none	0	0		NC_054761.1 Mycobacterium phage Zetzy, complete genome
NC_054762.1	45614	59	none	1	0		NC_054762.1 Rhodococcus phage PhailMary, complete genome
NC_054770.1	50062	78	none	0	0		NC_054770.1 Mycobacterium phage Veracruz, complete genome
NC_054771.1	47895	75	none	0	0		NC_054771.1 Mycobacterium phage MA5, complete genome
NC_054772.1	50657	85	none	0	0		NC_054772.1 Mycobacterium phage BabyRay, complete genome
NC_054773.1	50006	84	none	0	0		NC_054773.1 Mycobacterium phage Pistachio, complete genome
NC_054774.1	51594	78	none	0	0		NC_054774.1 Mycobacterium phage Naca, complete genome
NC_054775.1	50693	78	none	0	0		NC_054775.1 Mycobacterium phage Scorpia, complete genome
NC_054776.1	51182	79	none	0	0		NC_054776.1 Mycobacterium phage Zolita, complete genome
NC_054777.1	51052	77	none	0	0		NC_054777.1 Mycobacterium phage Bluefalcon, complete genome
NC_054778.1	47409	66	none	0	0		NC_054778.1 Mycobacterium phage Archetta, complete genome
NC_054779.1	51800	87	none	0	0		NC_054779.1 Mycobacterium phage Blinn1, complete genome
NC_054780.1	50341	81	none	0	0		NC_054780.1 Mycobacterium phage JewelBug, complete genome
NC_054781.1	51633	86	none	0	0		NC_054781.1 Mycobacterium phage Priamo, complete genome
NC_054782.1	52879	89	none	0	0		NC_054782.1 Mycobacterium phage Koko, complete genome
NC_054783.1	53277	93	none	0	0		NC_054783.1 Mycobacterium phage Yecey3, complete genome
NC_054784.1	50346	77	none	0	0		NC_054784.1 Mycobacterium phage Pharaoh, complete genome
NC_054785.1	53432	83	none	0	0		NC_054785.1 Mycobacterium phage DarthPhader, complete genome
NC_054786.1	53594	83	none	0	0		NC_054786.1 Mycobacterium phage Refuge, complete genome
NC_054787.1	53420	86	none	0	0		NC_054787.1 Mycobacterium phage Steamy, complete genome
NC_054788.1	50013	74	none	0	0		NC_054788.1 Mycobacterium phage SWU2, complete genome
NC_054789.1	53254	78	none	0	0		NC_054789.1 Mycobacterium phage DroogsArmy, complete genome
NC_054790.1	52202	82	none	0	0		NC_054790.1 Mycobacterium phage Anthony, complete genome
NC_054791.1	50514	91	none	0	0		NC_054791.1 Mycobacterium phage MyraDee, complete genome
NC_054792.1	51509	72	none	0	0		NC_054792.1 Mycobacterium phage PP DNA, complete genome
NC_054793.1	50283	82	none	0	0		NC_054793.1 Mycobacterium phage Kimona, complete genome
NC_054794.1	51591	77	none	0	0		NC_054794.1 Mycobacterium phage Stasia, complete genome
NC_054795.1	51809	81	none	0	0		NC_054795.1 Mycobacterium phage Cerulean, complete genome
NC_054796.1	47079	69	none	0	0		NC_054796.1 Mycobacterium phage LeoAvram, complete genome
NC_054797.1	51679	82	none	0	0		NC_054797.1 Mycobacterium phage Cintron, complete genome
NC_054798.1	51029	80	none	0	0		NC_054798.1 Mycobacterium phage Wizard007, complete genome
NC_054799.1	51131	79	none	0	0		NC_054799.1 Mycobacterium phage Camperdownii, complete genome
NC_054800.1	51440	80	none	0	0		NC_054800.1 Mycobacterium phage ICleared, complete genome
NC_054801.1	51483	80	none	0	0		NC_054801.1 Mycobacterium phage Noelle, complete genome
NC_054802.1	51300	80	none	0	0		NC_054802.1 Mycobacterium phage Miramae, complete genome
NC_054803.1	51257	80	none	0	0		NC_054803.1 Mycobacterium phage Mundrea, complete genome
NC_054804.1	51575	77	none	0	0		NC_054804.1 Mycobacterium phage Cindaradix, complete genome
NC_054805.1	53545	93	none	0	0		NC_054805.1 Mycobacterium phage Anselm, complete genome
NC_054806.1	53136	93	none	0	0		NC_054806.1 Mycobacterium phage Benvolio, complete genome
NC_054807.1	49937	78	none	0	0		NC_054807.1 Mycobacterium phage Bugsy, complete genome
NC_054808.1	53001	88	none	0	0		NC_054808.1 Mycobacterium phage Centaur, complete genome
NC_054809.1	52618	89	none	0	0		NC_054809.1 Mycobacterium phage Fameo, complete genome
NC_054810.1	53399	90	none	0	0		NC_054810.1 Mycobacterium phage Georgie2, complete genome
NC_054811.1	53085	88	none	0	0		NC_054811.1 Mycobacterium phage Heffalump, complete genome
NC_054812.1	53366	93	none	0	0		NC_054812.1 Mycobacterium phage JoshKayV, complete genome
NC_054813.1	53377	87	none	0	0		NC_054813.1 Mycobacterium phage Malec, complete genome
NC_054814.1	53467	85	none	0	0		NC_054814.1 Mycobacterium phage IronMan, complete genome
NC_054815.1	53598	86	none	0	0		NC_054815.1 Mycobacterium phage Phaded, complete genome
NC_054889.1	33631	54	none	0	0		NC_054889.1 Enterococcus phage vb_GEC_Ef_S_9, partial genome
NC_054890.1	41608	49	none	0	0		NC_054890.1 Pseudomonas phage vB_PsyP_3MF5, complete genome
NC_054891.1	43597	53	none	0	0		NC_054891.1 Ralstonia phage Anchaing, complete genome
NC_054892.1	48939	77	none	2	0		NC_054892.1 Escherichia phage vB_EcoS_PHB17, complete genome
NC_054893.1	49847	79	none	2	0		NC_054893.1 Escherichia phage vB_EcoS_W011D, complete genome
NC_054894.1	49526	87	none	1	0		NC_054894.1 Escherichia phage Henu7, complete genome
NC_054895.1	48466	78	none	1	0		NC_054895.1 Escherichia phage vB_Eco_SLUR29 genome assembly, chromosome: 1
NC_054896.1	51014	83	none	1	0		NC_054896.1 Escherichia phage tiwna, complete genome
NC_054897.1	45806	63	none	0	0		NC_054897.1 Citrobacter phage HCF1, complete genome
NC_054899.1	168403	265	none	0	1		NC_054899.1 Citrobacter phage vB_CroM_CrRp10, complete genome
NC_054900.1	165795	267	none	0	1		NC_054900.1 Citrobacter phage PhiZZ6, complete genome
NC_054901.1	167516	264	none	0	1		NC_054901.1 Citrobacter phage PhiZZ23, complete genome
NC_054902.1	168496	270	none	0	1		NC_054902.1 Enterobacteria phage Aplg8, complete genome
NC_054903.1	166514	268	none	0	1		NC_054903.1 Enterobacteria phage GiZh, complete genome
NC_054904.1	165549	260	none	0	1		NC_054904.1 Enterobacteria phage vB_EcoM_IME340, complete genome
NC_054905.1	167318	266	none	0	1		NC_054905.1 Enterobacteria phage Kha5h, complete genome
NC_054906.1	166677	265	none	0	1		NC_054906.1 Enterobacteria phage RB18, complete genome
NC_054907.1	168697	267	none	0	1		NC_054907.1 Enterobacteria phage T6 DNA, complete genome
NC_054908.1	166040	270	none	0	1		NC_054908.1 Escherichia phage vB_EcoM_DalCa, complete genome
NC_054909.1	168805	268	none	0	1		NC_054909.1 Escherichia phage EC121, partial genome
NC_054910.1	166176	266	none	0	1		NC_054910.1 Escherichia phage EcNP1, complete genome
NC_054911.1	168638	271	none	0	1		NC_054911.1 Escherichia phage ECO4, partial genome
NC_054912.1	168410	276	none	0	1		NC_054912.1 Escherichia phage vB_EcoM_F1, complete genome
NC_054913.1	168241	260	none	0	1		NC_054913.1 Escherichia phage F2, complete genome
NC_054914.1	167076	267	none	0	1		NC_054914.1 Escherichia phage vB_EcoM-fFiEco06, complete genome
NC_054915.1	169650	267	none	0	1		NC_054915.1 Escherichia phage vB_EcoM_G8, complete genome
NC_054916.1	170121	265	none	0	1		NC_054916.1 Escherichia phage vB_EcoM-G28, complete genome
NC_054917.1	167728	265	none	0	1		NC_054917.1 Escherichia phage vB_EcoM_G50, complete genome
NC_054918.1	167826	266	none	0	1		NC_054918.1 Escherichia phage vB_EcoM_G4498, complete genome
NC_054919.1	168828	270	none	0	1		NC_054919.1 Escherichia phage vB_EcoM_G4507, complete genome
NC_054920.1	168670	272	none	0	1		NC_054920.1 Escherichia phage vB_EcoM_G9062, complete genome
NC_054921.1	168642	274	none	0	1		NC_054921.1 Escherichia phage vB_EcoM_IME537, complete genome
NC_054922.1	164987	266	none	0	1		NC_054922.1 Escherichia phage vB_EcoM_KAW1E185, complete genome
NC_054923.1	166848	266	none	0	1		NC_054923.1 Escherichia phage KIT03 DNA, complete sequence
NC_054924.1	170054	273	none	0	1		NC_054924.1 Escherichia phage vB_EcoM_Lutter, complete genome
NC_054925.1	166083	265	none	0	1		NC_054925.1 Escherichia phage vB_EcoM_NBG2, complete genome
NC_054926.1	168756	276	none	0	1		NC_054926.1 Escherichia phage vB_EcoM_OE5505, complete genome
NC_054927.1	167600	268	none	0	1		NC_054927.1 Escherichia phage vB_EcoM_Ozark, complete genome
NC_054928.1	168084	271	none	0	1		NC_054928.1 Escherichia phage vB_vPM_PD112, complete genome
NC_054929.1	166423	262	none	0	1		NC_054929.1 Escherichia phage PE37, complete genome
NC_054930.1	167812	270	none	0	1		NC_054930.1 Escherichia phage PP01 DNA, complete sequence
NC_054931.1	163825	260	none	0	1		NC_054931.1 Escherichia phage T2 DNA, complete sequence
NC_054932.1	166833	267	none	0	1		NC_054932.1 Escherichia phage teqdroes, complete genome
NC_054933.1	167892	271	none	0	1		NC_054933.1 Escherichia phage teqhad, complete genome
NC_054934.1	165017	264	none	0	1		NC_054934.1 Escherichia phage teqskov, complete genome
NC_054935.2	168266	267	none	0	1		NC_054935.2 Escherichia phage YUEEL01, complete genome
NC_054936.1	169805	265	none	0	1		NC_054936.1 Salmonella phage SG1, partial genome
NC_054937.1	172360	273	none	0	1		NC_054937.1 Salmonella phage pSe_SNUABM_01, complete genome
NC_054938.1	167484	265	none	0	1		NC_054938.1 Serratia phage PhiZZ30, complete genome
NC_054939.1	167247	269	none	0	1		NC_054939.1 Shigella phage CM8, complete genome
NC_054940.1	170740	271	none	0	1		NC_054940.1 Shigella phage JK45, complete genome
NC_054941.1	167678	269	none	0	1		NC_054941.1 Shigella phage Sf23, complete genome
NC_054942.1	164870	263	none	0	1		NC_054942.1 Shigella phage SH7, complete genome
NC_054943.1	169060	268	none	0	1		NC_054943.1 Yersinia phage fPS-2 genome assembly, chromosome: I
NC_054944.1	169604	270	none	0	1		NC_054944.1 Yersinia phage PYPS2T, complete genome
NC_054945.1	167948	265	none	0	1		NC_054945.1 Yersinia phage vB_YepM_ZN18, complete genome
NC_054946.1	44834	58	none	0	0		NC_054946.1 Ralstonia phage Simangalove, complete genome
NC_054952.1	159514	265	none	0	0		NC_054952.1 Stenotrophomonas phage IME-SM1, complete genome
NC_054953.1	55145	81	none	0	0		NC_054953.1 Halobacterium phage ChaoS9, complete genome
NC_054954.1	58487	94	none	0	0		NC_054954.1 Natrialba phage PhiCh1, complete genome
NC_054955.1	46321	76	none	0	0		NC_054955.1 Ralstonia phage Raharianne, complete genome
NC_054956.1	55171	65	none	0	0		NC_054956.1 Ralstonia phage Cimandef, complete genome
NC_054957.1	57352	65	none	0	0		NC_054957.1 Ralstonia phage Eline, complete genome
NC_054958.1	58603	65	none	0	0		NC_054958.1 Ralstonia phage Gamede, complete genome
NC_054959.1	60898	76	none	0	0		NC_054959.1 Ralstonia phage Gerry, complete genome
NC_054960.1	58352	68	none	0	0		NC_054960.1 Ralstonia phage Heva, complete genome
NC_054961.1	39744	51	none	0	0		NC_054961.1 Ralstonia phage Firinga, complete genome
NC_054962.1	57085	70	none	0	0		NC_054962.1 Ralstonia phage Claudette, complete genome
NC_054963.1	61164	72	none	0	0		NC_054963.1 Ralstonia phage Gervaise, complete genome
NC_054964.1	61129	83	none	0	0		NC_054964.1 Ralstonia phage GP4, complete genome
NC_054965.1	62420	76	none	0	0		NC_054965.1 Klebsiella phage LASTA, complete genome
NC_054966.1	61644	76	none	0	0		NC_054966.1 Klebsiella phage SopranoGao, complete genome
NC_054967.1	73834	79	none	0	1		NC_054967.1 Achromobacter phage vB_AxyP_19-32_Axy04, complete genome
NC_054968.1	74096	82	none	0	1		NC_054968.1 Achromobacter phage vB_AxyP_19-32_Axy12, complete genome
NC_054969.1	74744	81	none	0	1		NC_054969.1 Achromobacter phage vB_AxyP_19-32_Axy24, complete genome
NC_054970.1	70211	76	none	0	1		NC_054970.1 Pseudomonas phage inbricus, complete genome
NC_054971.1	73898	84	none	0	0		NC_054971.1 Achromobacter phage vB_AxyP_19-32_Axy10, complete genome
NC_054972.1	73413	82	none	0	0		NC_054972.1 Achromobacter phage vB_AxyP_19-32_Axy11, complete genome
NC_054973.1	44384	67	none	0	0		NC_054973.1 Staphylococcus phage Baq_Sau1, complete genome
NC_054974.1	42650	59	none	0	0		NC_054974.1 Staphylococcus phage HSA84, complete genome
NC_054975.1	43134	64	none	0	0		NC_054975.1 Staphylococcus phage SA75, complete genome
NC_054976.1	42414	64	none	0	0		NC_054976.1 Staphylococcus phage SAP33, complete genome
NC_054977.1	43305	63	none	0	0		NC_054977.1 Staphylococcus phage SP5, complete genome
NC_054978.1	41882	61	none	0	0		NC_054978.1 Staphylococcus phage TEM126, complete sequence
NC_054979.1	43108	67	none	0	0		NC_054979.1 Staphylococcus phage B122, complete genome
NC_054980.1	43513	60	none	0	0		NC_054980.1 Staphylococcus phage Henu2, complete genome
NC_054981.1	43444	67	none	0	0		NC_054981.1 Staphylococcus phage vB_SauS-SAP27, complete genome
NC_054982.1	43878	66	none	0	0		NC_054982.1 Staphylococcus phage Sebago, complete genome
NC_054983.1	40955	62	none	0	0		NC_054983.1 Staphylococcus phage UPMK_2, complete genome
NC_054984.1	41131	58	none	0	0		NC_054984.1 Paenibacillus phage Dragolir, complete genome
NC_054985.1	40448	68	none	0	0		NC_054985.1 Paenibacillus phage Wanderer, complete genome
NC_054986.1	26559	40	none	1	0		NC_054986.1 Leuconostoc phage LDG, complete genome
NC_054987.1	26526	38	none	0	0		NC_054987.1 Leuconostoc phage P965, complete genome
NC_054988.1	28093	45	none	0	0		NC_054988.1 Leuconostoc phage Ln-7, complete genome
NC_054989.1	36032	49	none	0	0		NC_054989.1 Brevibacterium phage AGM1, complete genome
NC_054990.1	22434	38	none	0	0		NC_054990.1 Lactococcus phage 05802, complete genome
NC_054991.1	21750	35	none	0	0		NC_054991.1 Lactococcus phage 20R03M, complete genome
NC_054992.1	22029	37	none	0	0		NC_054992.1 Lactococcus phage 37203, complete genome
NC_054993.1	22242	38	none	0	0		NC_054993.1 Lactococcus phage 50102, complete genome
NC_054994.1	21562	38	none	0	0		NC_054994.1 Lactococcus phage 50504, complete genome
NC_054995.1	21078	39	none	0	0		NC_054995.1 Lactococcus phage 5171F, complete genome
NC_054996.1	21980	37	none	0	0		NC_054996.1 Lactococcus phage 62402, complete genome
NC_054997.1	21704	37	none	0	0		NC_054997.1 Lactococcus phage 62403, complete genome
NC_054998.1	22185	37	none	0	0		NC_054998.1 Lactococcus phage 62606, complete genome
NC_054999.1	21710	36	none	0	0		NC_054999.1 Lactococcus phage vB_LLc_bIBB14, complete genome
NC_055000.1	21906	38	none	0	0		NC_055000.1 Lactococcus phage vB_Llc_bIBBA3, complete genome
NC_055001.1	22703	38	none	0	0		NC_055001.1 Lactococcus phage vB_Llc_bIBBAm4, complete genome
NC_055002.1	21749	36	none	0	0		NC_055002.1 Lactococcus phage vB_Llc_bIBBE1, complete genome
NC_055003.1	21458	36	none	0	0		NC_055003.1 Lactococcus phage vB_Llc_bIBB12, complete genome
NC_055004.1	22220	38	none	0	0		NC_055004.1 Lactococcus phage vB_Llc_bIBBp6/4, complete genome
NC_055005.1	21834	37	none	0	0		NC_055005.1 Lactococcus phage vB_Llc_bIBB94p4, complete genome
NC_055006.1	21869	37	none	0	0		NC_055006.1 Lactococcus phage CHPC116, complete genome
NC_055007.1	22109	41	none	0	0		NC_055007.1 Lactococcus phage CHPC122, complete genome
NC_055008.1	21749	37	none	0	0		NC_055008.1 Lactococcus phage CHPC966, partial genome
NC_055009.1	22405	42	none	0	0		NC_055009.1 Lactococcus phage CHPC967, complete genome
NC_055010.1	23281	40	none	0	0		NC_055010.1 Lactococcus phage CHPC972, complete genome
NC_055011.1	22410	37	none	0	0		NC_055011.1 Lactococcus phage CHPC1020, complete genome
NC_055012.1	21746	39	none	0	0		NC_055012.1 Lactococcus phage CHPC1170, complete genome
NC_055013.1	20751	36	none	0	0		NC_055013.1 Lactococcus phage CHPC1182, complete genome
NC_055014.1	20030	41	none	0	0		NC_055014.1 Lactococcus phage CHPC1183, complete genome
NC_055015.1	21144	36	none	0	0		NC_055015.1 Lactococcus phage CHPC1242, partial genome
NC_055016.1	21006	34	none	0	0		NC_055016.1 Lactococcus phage vB_LacS_15, complete genome
NC_055017.1	22099	38	none	0	0		NC_055017.1 Lactococcus phage PC_B1, complete genome
NC_055018.1	21629	37	none	0	0		NC_055018.1 Lactococcus phage PC_S1, complete genome
NC_055019.1	42565	66	none	0	0		NC_055019.1 Staphylococcus phage phiSP44-1, complete genome
NC_055020.1	39803	68	none	0	0		NC_055020.1 Staphylococcus phage SN8, complete genome
NC_055021.1	40530	70	none	0	0		NC_055021.1 Staphylococcus phage SP120 DNA, complete genome
NC_055022.1	41149	69	none	0	0		NC_055022.1 Staphylococcus phage SP197 DNA, complete genome
NC_055023.1	40147	70	none	0	0		NC_055023.1 Staphylococcus phage SP276 DNA, complete genome
NC_055024.1	41087	71	none	0	0		NC_055024.1 Staphylococcus phage SpT152, complete genome
NC_055025.1	40093	69	none	0	0		NC_055025.1 Staphylococcus phage vB_SpsM_WIS42, complete genome
NC_055026.1	39161	55	none	0	0		NC_055026.1 Ralstonia phage Dina, complete genome
NC_055027.1	54381	74	none	0	0		NC_055027.1 Lactococcus phage CHPC971, complete genome
NC_055028.1	55774	83	none	0	0		NC_055028.1 Paenibacillus phage C7Cdelta, complete genome
NC_055029.1	55560	87	none	1	0		NC_055029.1 Paenibacillus phage Halcyone, complete genome
NC_055030.1	55990	88	none	1	0		NC_055030.1 Paenibacillus phage Scottie, complete genome
NC_055031.1	50316	77	none	1	0		NC_055031.1 Paenibacillus phage Unity, complete genome
NC_055032.1	60137	92	none	0	0		NC_055032.1 Arthrobacter phage LiSara, complete genome
NC_055033.1	59807	93	none	0	0		NC_055033.1 Arthrobacter phage Salgado, complete genome
NC_055034.1	59879	91	none	0	0		NC_055034.1 Arthrobacter phage Wheelbite, complete genome
NC_055035.1	130914	187	none	0	1		NC_055035.1 Fusobacterium phage Fnu1, complete genome
NC_055036.1	42371	66	none	0	0		NC_055036.1 Staphylococcus phage IME1348_01, complete genome
NC_055037.1	38709	61	none	0	0		NC_055037.1 Leuconostoc phage phiMH1, partial genome
NC_055038.1	45111	63	none	1	0		NC_055038.1 Staphylococcus phage SH-St 15644, complete genome
NC_055039.1	45108	69	none	1	0		NC_055039.1 Staphylococcus phage vB_SauS_fPfSau02, complete genome
NC_055040.1	46435	67	none	1	0		NC_055040.1 Staphylococcus phage vB_SauS_JS02 DNA, complete genome
NC_055041.1	46048	61	none	1	0		NC_055041.1 Staphylococcus phage LH1, complete genome
NC_055042.1	45985	66	none	1	0		NC_055042.1 Staphylococcus phage P240, complete genome
NC_055043.1	45999	62	none	1	0		NC_055043.1 Staphylococcus phage SA137ruMSSAST121PVL, complete genome
NC_055044.1	45346	64	none	1	0		NC_055044.1 Staphylococcus phage SAP11, complete genome
NC_055045.1	45585	61	none	1	0		NC_055045.1 Staphylococcus phage phiSa2wa_st1, complete genome
NC_055046.1	44823	72	none	1	0		NC_055046.1 Staphylococcus phage phiSa2wa_st5, complete genome
NC_055047.1	45780	60	none	1	0		NC_055047.1 Staphylococcus phage phiSa2wa_st30, complete genome
NC_055048.1	45878	65	none	1	0		NC_055048.1 Staphylococcus phage phiSa2wa_st78, complete genome
NC_055049.1	45621	61	none	1	0		NC_055049.1 Staphylococcus phage phiSa2wa_st121mssa, complete genome
NC_055050.1	30189	57	none	0	0		NC_055050.1 Lactococcus phage PLgW-1, complete genome
NC_055051.1	6856	11	none	0	1		NC_055051.1 Vibrio phage ND1-fs1 DNA, complete genome
NC_055052.1	6945	12	none	0	0		NC_055052.1 Ralstonia phage RSIBR3, complete genome
NC_055053.1	7273	11	none	0	0		NC_055053.1 Ralstonia phage RSS-TH1 DNA, complete genome
NC_055054.1	6386	11	none	0	0		NC_055054.1 Ralstonia phage RS611 DNA, complete genome
NC_055055.1	8280	13	none	0	0		NC_055055.1 Xanthomonas phage Xf409, complete genome
NC_055057.1	3776	3	none	0	0		NC_055057.1 Leviviridae sp. isolate AVE004 maturation gene, partial cds; and hypothetical protein and replicase genes, c
NC_055058.1	3580	2	none	0	0		NC_055058.1 Leviviridae sp. isolate AVE007 maturation gene, partial cds
NC_055059.1	18251	35	none	1	0		NC_055059.1 Streptomyces phage Forthebois, complete genome
NC_055060.1	18266	33	none	1	0		NC_055060.1 Streptomyces phage WheeHeim, complete genome
NC_055061.1	17253	29	none	1	0		NC_055061.1 Rhodococcus phage Toil, complete genome
NC_055062.1	10611	22	none	0	0		NC_055062.1 Vibrio phage 1.249.A._10N.261.55.B9, partial genome
NC_055063.1	10272	21	none	0	0		NC_055063.1 Vibrio phage 1.044.O._10N.261.51.B8, partial genome
NC_055064.1	10579	21	none	0	0		NC_055064.1 Vibrio phage 1.008.O._10N.286.54.E5, partial genome
NC_055065.1	10636	21	none	0	0		NC_055065.1 Vibrio phage 1.020.O._10N.222.48.A2, partial genome
NC_055066.1	10046	19	none	0	0		NC_055066.1 Vibrio phage 1.080.O._10N.286.48.A4, partial genome
NC_055141.1	129492	95	none	0	0		NC_055141.1 Macaca nemestrina rhadinovirus 2 strain J97167, complete genome
NC_055706.1	99517	67	none	0	0		NC_055706.1 Azobacteroides phage ProJPt-Bp1 DNA, complete sequence
NC_055707.1	46305	74	none	0	0		NC_055707.1 Mycobacterium phage HC DNA, complete genome
NC_055708.1	170020	270	none	0	1		NC_055708.1 Enterobacteria phage ATK47, complete genome
NC_055709.1	121442	191	none	0	1		NC_055709.1 Escherichia phage phiE142, complete genome
NC_055710.1	172230	195	none	0	0		NC_055710.1 Synechococcus phage S-CAM22 isolate 0210CC35, complete genome
NC_055711.1	43490	52	none	0	0		NC_055711.1 Pseudomonas phage PaMx41, complete genome
NC_055712.1	171598	265	none	0	1		NC_055712.1 Escherichia phage phT4A, partial genome
NC_055713.1	193624	265	none	0	1		NC_055713.1 Shigella phage KNP5, genome
NC_055714.1	70679	92	none	0	0		NC_055714.1 Mycobacterium phage Fortunato, complete genome
NC_055715.1	167034	304	none	0	1		NC_055715.1 Klebsiella phage KPV15, complete genome
NC_055716.1	167773	274	none	0	1		NC_055716.1 Yersinia phage fHe-Yen9-01, complete genome
NC_055717.1	74325	105	none	0	0		NC_055717.1 Vibrio phage pVco-5, complete genome
NC_055718.1	186570	278	none	0	1		NC_055718.1 Escherichia phage phiC120, complete genome
NC_055719.1	174231	230	none	0	0		NC_055719.1 Synechococcus phage S-H35, complete genome
NC_055720.1	166442	225	none	0	1		NC_055720.1 Pseudomonas phage PspYZU05, complete genome
NC_055721.1	175437	297	none	0	1		NC_055721.1 Escherichia phage EcS1 DNA, complete sequence
NC_055722.1	32090	41	none	0	0		NC_055722.1 Burkholderia phage FLC5 DNA, complete genome
NC_055723.1	167132	267	none	0	1		NC_055723.1 Yersinia phage fPS-90 genome assembly, chromosome: I
NC_055724.1	167058	266	none	0	1		NC_055724.1 Yersinia phage fPS-65 genome assembly, chromosome: I
NC_055725.1	36306	41	none	0	0		NC_055725.1 uncultured Caudovirales phage genome assembly
NC_055726.1	171975	297	none	0	1		NC_055726.1 Cronobacter phage Pet-CM3-4 genome assembly, chromosome: I
NC_055727.1	163469	265	none	0	1		NC_055727.1 Proteus phage PM2, partial genome
NC_055728.1	172450	282	none	0	1		NC_055728.1 Serratia phage X20, complete genome
NC_055729.1	32618	42	none	0	0		NC_055729.1 Uncultured Caudovirales phage clone 2F_1, complete genome
NC_055730.1	55765	89	none	0	0		NC_055730.1 Mycobacterium phage Geralt, complete genome
NC_055731.1	65869	92	none	0	0		NC_055731.1 Gordonia phage Kabluna, complete genome
NC_055732.1	66251	88	none	0	0		NC_055732.1 Gordonia phage Patio, complete genome
NC_055733.1	221116	330	none	0	1		NC_055733.1 Aeromonas phage Ah1, complete genome
NC_055734.1	167544	264	none	0	1		NC_055734.1 Shigella phage phi25-307, complete genome
NC_055735.1	70494	92	none	0	0		NC_055735.1 Vibrio phage 1.238.A._10N.261.52.F10, partial genome
NC_055736.1	71702	92	none	0	0		NC_055736.1 Vibrio phage 1.245.O._10N.261.54.C7, partial genome
NC_055737.1	167849	278	none	0	1		NC_055737.1 Proteus phage phiP4-3, complete genome
NC_055738.1	67527	90	none	0	0		NC_055738.1 Gordonia phage Flapper, complete genome
NC_055739.1	172614	292	none	1	1		NC_055739.1 Enterobacter phage myPSH1140, complete genome
NC_055740.1	170531	279	none	0	1		NC_055740.1 Enterobacteria phage vB_EcoM_IME281, complete genome
NC_055741.1	164366	261	none	0	1		NC_055741.1 Enterobacteria phage vB_EcoM_IME339, complete genome
NC_055742.1	172379	283	none	0	1		NC_055742.1 Enterobacteria phage vB_EcoM_IME341, complete genome
NC_055743.1	175774	307	none	0	1		NC_055743.1 Erwinia phage Cronus, complete genome
NC_055744.1	151867	186	none	0	0		NC_055744.1 Synechococcus phage S-B64, complete genome
NC_055745.1	52304	88	none	0	0		NC_055745.1 Gordonia phage Petra, complete genome
NC_055746.1	164983	238	none	0	1		NC_055746.1 Aeromonas phage 50AhydR13PP, complete genome
NC_055747.1	165795	243	none	0	1		NC_055747.1 Aeromonas phage 60AhydR15PP, complete genome
NC_055748.1	166130	265	none	0	1		NC_055748.1 Klebsiella phage Mineola, complete genome
NC_055749.1	168695	268	none	0	1		NC_055749.1 Escherichia phage SF, complete genome
NC_055750.1	64827	89	none	1	0		NC_055750.1 Mycobacterium phage KingTut, complete genome
NC_055751.1	58695	91	none	0	0		NC_055751.1 Gordonia phage Danyall, complete genome
NC_055752.1	58755	89	none	0	0		NC_055752.1 Gordonia phage KimmyK, complete genome
NC_055753.1	58767	81	none	0	0		NC_055753.1 Gordonia phage Rofo, complete genome
NC_055754.1	52531	84	none	1	0		NC_055754.1 Gordonia phage Frokostdame, complete genome
NC_055755.1	67081	89	none	0	0		NC_055755.1 Gordonia phage NatB6, complete genome
NC_055756.1	90023	87	none	0	0		NC_055756.1 MAG: CrAssphage sp. isolate ctcc615, complete genome
NC_055758.1	64105	92	none	0	0		NC_055758.1 Gordonia phage Pleakley, complete genome
NC_055759.1	72658	124	none	0	0		NC_055759.1 Mycobacterium phage Ryadel, complete genome
NC_055760.1	94878	89	none	0	0		NC_055760.1 MAG: CrAssphage sp. isolate ctbg_1, complete genome
NC_055762.1	59215	82	none	0	0		NC_055762.1 Gordonia phage Angelicage, complete genome
NC_055763.1	64370	87	none	0	0		NC_055763.1 Gordonia phage Marietta, complete genome
NC_055764.1	67359	89	none	0	0		NC_055764.1 Gordonia phage Skysand, complete genome
NC_055765.1	58677	85	none	0	0		NC_055765.1 Gordonia phage TillyBobJoe, complete genome
NC_055766.1	67773	88	none	0	0		NC_055766.1 Gordonia phage Foxboro, complete genome
NC_055767.1	67802	88	none	0	0		NC_055767.1 Gordonia phage KidneyBean, complete genome
NC_055768.1	162630	253	none	0	1		NC_055768.1 Klebsiella phage KP179, complete genome
NC_055769.1	66808	91	none	0	0		NC_055769.1 Gordonia phage Turuncu, complete genome
NC_055770.1	68626	94	none	0	0		NC_055770.1 Gordonia phage Buggaboo, complete genome
NC_055771.1	68190	90	none	0	0		NC_055771.1 Gordonia phage Emianna, complete genome
NC_055772.1	66915	87	none	1	0		NC_055772.1 Corynebacterium phage Kimchi1738, complete genome
NC_055773.1	58474	82	none	0	0		NC_055773.1 Gordonia phage Ailee, complete genome
NC_055774.1	57880	82	none	0	0		NC_055774.1 Gordonia phage Bibwit, complete genome
NC_055775.1	59136	83	none	1	0		NC_055775.1 Gordonia phage Fosterous, complete genome
NC_055776.1	59495	81	none	0	0		NC_055776.1 Gordonia phage Geodirt, complete genome
NC_055777.1	57572	80	none	0	0		NC_055777.1 Gordonia phage Nordenberg, complete genome
NC_055778.1	57916	80	none	0	0		NC_055778.1 Gordonia phage Stultus, complete genome
NC_055779.1	58281	84	none	0	0		NC_055779.1 Gordonia phage Tangent, complete genome
NC_055780.1	167379	267	none	0	1		NC_055780.1 Escherichia phage MLF4, partial genome
NC_055781.1	167803	264	none	0	1		NC_055781.1 Escherichia phage p000v, complete genome
NC_055782.1	169215	270	none	0	1		NC_055782.1 Escherichia phage AnYang, complete genome
NC_055783.1	155101	269	none	0	0		NC_055783.1 Escherichia phage vB_EcoM_005, complete genome
NC_055785.1	59655	90	none	0	0		NC_055785.1 Gordonia phage Mutzi, complete genome
NC_055786.1	71059	109	none	0	0		NC_055786.1 Mycobacterium phage CicholasNage, complete genome
NC_055787.1	58069	101	none	0	0		NC_055787.1 Mycobacterium phage Ochi17, complete genome
NC_055788.1	67662	91	none	0	0		NC_055788.1 Gordonia phage NosilaM, complete genome
NC_055789.1	65218	83	none	0	0		NC_055789.1 Gordonia phage IDyn, complete genome
NC_055790.1	73210	110	none	0	0		NC_055790.1 Mycobacterium phage Silverleaf, complete genome
NC_055791.1	135653	219	none	1	0		NC_055791.1 Streptomyces phage EGole, complete genome
NC_055792.1	52024	84	none	0	0		NC_055792.1 Gordonia phage Walrus, complete genome
NC_055793.1	35343	43	none	0	0		NC_055793.1 Pseudomonas phage vB_Pae_BR319a, partial genome
NC_055794.1	121089	169	none	0	0		NC_055794.1 Vibrio phage Achelous, complete genome
NC_055795.1	59454	90	none	0	0		NC_055795.1 Gordonia phage SmokingBunny, complete genome
NC_055796.1	58972	91	none	0	0		NC_055796.1 Gordonia phage VanDeWege, complete genome
NC_055797.1	59514	92	none	0	0		NC_055797.1 Gordonia phage Barb, complete genome
NC_055798.1	58650	92	none	0	0		NC_055798.1 Gordonia phage Arri, complete genome
NC_055799.1	59448	91	none	0	0		NC_055799.1 Gordonia phage Valary, complete genome
NC_055800.1	120106	169	none	0	0		NC_055800.1 Vibrio phage Brizo, complete genome
NC_055801.1	128289	177	none	0	0		NC_055801.1 Vibrio phage Pontus, complete genome
NC_055802.1	17508	19	none	0	0		NC_055802.1 Staphylococcus phage SA46-CL1, complete genome
NC_055803.1	59400	82	none	0	0		NC_055803.1 Gordonia phage Galadriel, complete genome
NC_055804.1	60468	90	none	1	0		NC_055804.1 Gordonia phage Bakery, complete genome
NC_055805.1	59122	93	none	0	0		NC_055805.1 Gordonia phage RogerDodger, complete genome
NC_055806.1	67311	91	none	0	0		NC_055806.1 Gordonia Phage Lollipop1437, complete genome
NC_055807.1	67086	85	none	1	0		NC_055807.1 Corynebacterium phage Stickynote, complete genome
NC_055808.1	59022	85	none	0	0		NC_055808.1 Gordonia terrae phage McKinley, complete genome
NC_055809.1	132977	214	none	1	0		NC_055809.1 Streptomyces phage Evy, complete genome
NC_055810.1	58718	91	none	0	0		NC_055810.1 Gordonia phage Nubi, complete genome
NC_055811.1	54000	87	none	0	0		NC_055811.1 Gordonia phage JuJu, complete genome
NC_055812.1	69021	99	none	0	0		NC_055812.1 Mycobacterium phage Obutu, complete genome
NC_055813.1	131234	216	none	1	1		NC_055813.1 Streptomyces phage Braelyn, complete genome
NC_055814.1	17711	18	none	0	0		NC_055814.1 Staphylococcus phage Portland, complete genome
NC_055815.1	48540	72	none	0	0		NC_055815.1 Mycobacterium phage Xula, complete genome
NC_055816.1	58924	89	none	0	0		NC_055816.1 Gordonia phage Fireball, complete genome
NC_055817.1	52466	96	none	0	0		NC_055817.1 Mycobacterium phage Jeeves, complete genome
NC_055818.1	59449	84	none	0	0		NC_055818.1 Gordonia phage Jabberwocky, complete genome
NC_055819.1	59759	82	none	0	0		NC_055819.1 Gordonia phage Keitabear, complete genome
NC_055820.1	66184	86	none	0	0		NC_055820.1 Gordonia phage Sukkupi, complete genome
NC_055821.1	64714	87	none	0	0		NC_055821.1 Gordonia phage NadineRae, complete genome
NC_055822.1	133090	222	none	1	0		NC_055822.1 Streptomyces phage Daubenski, complete genome
NC_055823.1	79328	92	none	0	1		NC_055823.1 Acinetobacter phage VB_ApiP_XC38, complete genome
NC_055824.1	68059	101	none	0	0		NC_055824.1 Vibrio phage phi50-12, complete genome
NC_055825.1	58136	98	none	0	0		NC_055825.1 Mycobacterium phage LilMoolah, complete genome
NC_055826.1	75087	108	none	0	0		NC_055826.1 Bacteriophage DSS3_VP1, complete genome
NC_055827.1	68021	103	none	0	0		NC_055827.1 Mycobacterium phage DirkDirk, complete genome
NC_055828.1	93030	81	none	0	1		NC_055828.1 Bacteroides phage crAss002, complete genome
NC_055829.1	126552	175	none	0	0		NC_055829.1 Vibrio phage Bennett, complete genome
NC_055830.1	126550	177	none	0	0		NC_055830.1 Vibrio phage Chester, complete genome
NC_055831.1	166579	266	none	0	1		NC_055831.1 Phage NBEco003, complete genome
NC_055832.1	99494	110	none	0	0		NC_055832.1 Bacteroides phage DAC15, complete genome
NC_055833.1	85669	131	none	0	1		NC_055833.1 Enterococcus phage nattely, complete genome
NC_055834.1	85371	134	none	0	1		NC_055834.1 Enterococus phage vipetofem, complete genome
NC_055835.1	44763	65	none	0	0		NC_055835.1 Xanthomonas phage FoX1, complete genome
NC_055836.1	44086	64	none	0	0		NC_055836.1 Xanthomonas phage FoX2, complete genome
NC_055837.1	44153	64	none	0	0		NC_055837.1 Xanthomonas phage FoX3, complete genome
NC_055838.1	43872	64	none	0	0		NC_055838.1 Xanthomonas phage FoX5, complete genome
NC_055839.1	60418	83	none	0	0		NC_055839.1 Xanthomonas phage FoX4, complete genome
NC_055840.1	75576	90	none	0	1		NC_055840.1 Agrobacterium phage OLIVR1, complete genome
NC_055841.1	151073	243	none	0	0		NC_055841.1 Agrobacterium phage OLIVR5, complete genome
NC_055842.1	132885	213	none	1	0		NC_055842.1 Streptomyces phage Bmoc, complete genome
NC_055843.1	58460	89	none	0	0		NC_055843.1 Gordonia phage Evamon, complete genome
NC_055844.1	31809	39	none	0	0		NC_055844.1 Yersinia phage vB_YpM_22, complete genome
NC_055845.1	32336	42	none	0	0		NC_055845.1 Yersinia phage vB_YpM_46, complete genome
NC_055846.1	31096	38	none	0	0		NC_055846.1 Yersinia phage vB_YpM_50, complete genome
NC_055847.1	128425	190	none	0	0		NC_055847.1 Vibrio phage River4, complete genome
NC_055848.1	126504	173	none	0	0		NC_055848.1 Vibrio phage AG74, complete genome
NC_055849.1	126683	173	none	0	0		NC_055849.1 Vibrio phage Cody, complete genome
NC_055850.1	127684	186	none	0	0		NC_055850.1 Vibrio phage Quinn, complete genome
NC_055851.1	127019	173	none	0	0		NC_055851.1 Vibrio phage Athena, complete genome
NC_055852.1	61691	83	none	1	0		NC_055852.1 Flavobacterium phage vB_FspP_elemoA_7-9A, complete genome
NC_055853.1	59846	78	none	0	0		NC_055853.1 Flavobacterium phage vB_Fsp_elemo6-3D, partial genome
NC_055854.1	59979	80	none	1	0		NC_055854.1 Flavobacterium phage vB_Fsp_elemo6-9C, partial genome
NC_055855.1	60393	79	none	1	0		NC_055855.1 Flavobacterium phage vB_Fsp_elemo13-5B, partial genome
NC_055856.1	59501	86	none	0	0		NC_055856.1 Gordonia Phage Barsten, complete genome
NC_055857.1	57764	84	none	0	0		NC_055857.1 Gordonia phage Jambalaya, complete genome
NC_055858.1	53702	95	none	0	0		NC_055858.1 Mycobacterium phage Gail, complete genome
NC_055859.1	60127	88	none	0	0		NC_055859.1 Gordonia phage Paries, complete genome
NC_055860.1	69258	86	none	0	0		NC_055860.1 Mycobacterium phage Heath, complete genome
NC_055861.1	58364	89	none	0	0		NC_055861.1 Gordonia phage Portcullis, complete genome
NC_055862.1	36616	45	none	0	0		NC_055862.1 Vibrio phage ValB1MD-2, complete genome
NC_055863.1	38038	52	none	0	0		NC_055863.1 Burkholderia phage Mana, complete genome
NC_055864.1	60042	89	none	0	0		NC_055864.1 Gordonia phage Love, complete genome
NC_055865.1	53622	85	none	1	0		NC_055865.1 Gordonia phage Azula, complete genome
NC_055866.1	18477	27	none	0	0		NC_055866.1 Enterococcus phage AE4_17, complete genome
NC_055867.1	58203	91	none	0	0		NC_055867.1 Gordonia phage Clown, complete genome
NC_055868.1	98826	104	none	0	1		NC_055868.1 CrAssphage cr50_1, complete genome
NC_055869.1	98340	102	none	0	0		NC_055869.1 CrAssphage cr55_1, complete genome
NC_055870.1	93787	77	none	0	1		NC_055870.1 CrAssphage cr107_1, complete genome
NC_055871.1	101662	110	none	1	0		NC_055871.1 CrAssphage cr106_1, complete genome
NC_055872.1	92600	93	none	0	1		NC_055872.1 CrAssphage cr118_1, complete genome
NC_055873.1	99882	110	none	0	0		NC_055873.1 CrAssphage cr1_1, complete genome
NC_055874.1	91101	94	none	0	0		NC_055874.1 CrAssphage cr3_1, complete genome
NC_055875.1	99985	97	none	0	0		NC_055875.1 CrAssphage cr10_1, complete genome
NC_055876.1	93559	90	none	0	1		NC_055876.1 CrAssphage cr11_1, complete genome
NC_055877.1	92668	94	none	1	1		NC_055877.1 CrAssphage cr8_1, complete genome
NC_055878.1	101437	115	none	0	0		NC_055878.1 CrAssphage cr108_1, complete genome
NC_055879.1	89781	82	none	0	1		NC_055879.1 CrAssphage cr110_1, complete genome
NC_055880.1	102434	106	none	0	0		NC_055880.1 CrAssphage cr111_1, complete genome
NC_055881.1	102301	105	none	0	0		NC_055881.1 CrAssphage cr112_1, complete genome
NC_055882.1	101082	115	none	0	0		NC_055882.1 CrAssphage cr116_1, complete genome
NC_055883.1	98164	104	none	0	0		NC_055883.1 CrAssphage cr85_1, complete genome
NC_055884.1	99212	106	none	0	0		NC_055884.1 CrAssphage cr126_1, complete genome
NC_055885.1	95150	107	none	0	0		NC_055885.1 CrAssphage cr128_1, complete genome
NC_055886.1	83412	82	none	0	1		NC_055886.1 CrAssphage cr127_1, complete genome
NC_055887.1	92815	95	none	0	0		NC_055887.1 CrAssphage cr271_1, complete genome
NC_055888.1	103665	149	none	1	0		NC_055888.1 CrAssphage cr52_1, complete genome
NC_055889.1	101153	162	none	0	0		NC_055889.1 CrAssphage cr53_1, complete genome
NC_055890.1	97290	164	none	0	0		NC_055890.1 CrAssphage cr56_1, complete genome
NC_055891.1	100198	173	none	0	0		NC_055891.1 CrAssphage cr60_1, complete genome
NC_055892.1	99168	185	none	1	0		NC_055892.1 CrAssphage cr109_1, complete genome
NC_055893.1	96055	156	none	0	0		NC_055893.1 CrAssphage cr4_1, complete genome
NC_055894.1	97422	168	none	0	0		NC_055894.1 CrAssphage cr6_1, complete genome
NC_055895.1	103832	164	none	0	0		NC_055895.1 CrAssphage cr7_1, complete genome
NC_055896.1	98557	172	none	0	0		NC_055896.1 CrAssphage cr113_1, complete genome
NC_055897.1	98308	160	none	0	0		NC_055897.1 CrAssphage cr114_1, complete genome
NC_055898.1	99848	165	none	0	0		NC_055898.1 CrAssphage cr115_1, complete genome
NC_055899.1	101532	161	none	0	0		NC_055899.1 CrAssphage cr124_1, complete genome
NC_055900.1	98095	177	none	1	0		NC_055900.1 CrAssphage cr125_1, complete genome
NC_055901.1	94826	163	none	0	0		NC_055901.1 CrAssphage cr130_1, complete genome
NC_055902.1	96717	157	none	1	0		NC_055902.1 CrAssphage cr131_1, complete genome
NC_055903.1	98667	139	none	0	0		NC_055903.1 CrAssphage cr272_1, complete genome
NC_055904.1	97886	144	none	0	0		NC_055904.1 CrAssphage cr273_1, complete genome
NC_055905.1	26863	45	none	2	0		NC_055905.1 Bacillus phage Baseball_field, complete genome
NC_055906.1	17471	20	none	0	0		NC_055906.1 Staphylococcus phage vB_SauP_EBHT, complete genome
NC_055907.1	86301	109	none	0	1		NC_055907.1 Enterococcus phage 9183, complete genome
NC_055908.1	28950	50	none	1	0		NC_055908.1 Bacillus phage DLc1, complete genome
NC_055909.1	54468	93	none	0	0		NC_055909.1 Mycobacterium phage Plumbus, complete genome
NC_055910.1	109434	151	none	0	0		NC_055910.1 Providencia phage PSTCR5, complete genome
NC_055911.1	37727	45	none	0	0		NC_055911.1 Burkholderia phage phiE094, complete genome
NC_055912.1	54168	78	none	0	0		NC_055912.1 Gordonia phage Blino, complete genome
NC_055913.1	128602	180	none	0	0		NC_055913.1 Vibrio phage Gary, complete genome
NC_055914.1	26319	42	none	2	0		NC_055914.1 Bacillus phage Thornton, complete genome
NC_055915.1	160410	225	none	0	0		NC_055915.1 Flavobacterium phage vB_FspM_immuto_2-6A, complete genome
NC_055916.1	17056	19	none	0	0		NC_055916.1 Staphylococcus phage LSA2366, complete genome
NC_055917.2	18642	27	none	1	0		NC_055917.2 Bacillus phage WhyPhy, complete genome
NC_055918.1	72623	110	none	0	0		NC_055918.1 Mycobacterium phage OhShagHennessy, complete genome
NC_055919.1	76617	99	none	0	0		NC_055919.1 Klebsiella phage vB_KpnP_P184, complete genome
NC_055920.1	58358	88	none	0	0		NC_055920.1 Gordonia phage Phlop, complete genome
NC_055921.1	70823	95	none	0	1		NC_055921.1 Salmonella phage vB_SalP_TR2, complete genome
NC_055956.1	49276	76	none	0	0		NC_055956.1 Klebsiella phage RAD2, complete genome
NC_056724.1	40003	50	none	1	0		NC_056724.1 Lactococcus lactis phage BK5-T complete genome
NC_060131.1	75813	110	none	0	0		NC_060131.1 Gordonia phage Neville, complete genome
NC_060132.1	75943	113	none	0	0		NC_060132.1 Gordonia phage Trax, complete genome
NC_060133.1	76821	123	none	0	0		NC_060133.1 Gordonia phage Rabbitrun, complete genome
NC_060134.1	76358	123	none	0	0		NC_060134.1 Gordonia phage Octobien14, complete genome
NC_060135.1	76058	123	none	0	0		NC_060135.1 Gordonia Phage Sephiroth, complete genome
NC_060136.1	76731	126	none	0	0		NC_060136.1 Gordonia phage Kudefre, complete genome
NC_060137.1	75606	120	none	0	0		NC_060137.1 Gordonia phage Syleon, complete genome
NC_061418.1	296707	357	none	0	0		NC_061418.1 Klebsiella phage KpLz-2_45, complete genome
NC_061421.1	307210	375	none	0	0		NC_061421.1 Klebsiella phage vB_KpM_FBKp24, complete genome
NC_061432.1	46148	66	none	0	0		NC_061432.1 Pseudomonas phage YMC12/01/R24, complete genome
NC_061433.1	37729	58	none	0	0		NC_061433.1 Pseudomonas phage Spike, complete genome
NC_061434.1	37011	55	none	0	0		NC_061434.1 Pseudomonas phage YMC12/01/R960, complete genome
NC_061435.1	37840	58	none	0	0		NC_061435.1 Pseudomonas phage JBD26, complete genome
NC_061436.1	37578	56	none	0	0		NC_061436.1 Pseudomonas phage AIIMS-Pa-B1, complete genome
NC_061437.1	37496	57	none	0	0		NC_061437.1 Pseudomonas phage vB_PaeS_PAO1_HW12 genome assembly, complete genome: monopartite
NC_061438.1	37414	56	none	0	0		NC_061438.1 Pseudomonas phage F_ET309sp/Pa1651, complete genome
NC_061439.1	37033	54	none	0	0		NC_061439.1 Pseudomonas phage vB_PaeS_PcyII-40_PfII40a isolate PfII40A_reads genome assembly, chromosome: PFII40A
NC_061440.1	265146	340	none	1	0		NC_061440.1 Erwinia phage pEa_SNUABM_22, complete genome
NC_061441.1	266838	340	none	1	0		NC_061441.1 Erwinia phage pEa_SNUABM_16, complete genome
NC_061442.1	261719	334	none	1	0		NC_061442.1 Erwinia phage pEa_SNUABM_35, complete genome
NC_061443.1	265442	333	none	1	0		NC_061443.1 Erwinia phage pEa_SNUABM_2, complete genome
NC_061444.1	265891	332	none	0	0		NC_061444.1 Erwinia phage pEa_SNUABM_32, complete genome
NC_061445.1	266175	336	none	0	0		NC_061445.1 Erwinia phage pEa_SNUABM_3, complete genome
NC_061446.1	259771	330	none	1	0		NC_061446.1 Erwinia phage pEa_SNUABM_30, complete genome
NC_061447.1	263237	336	none	0	0		NC_061447.1 Erwinia phage pEa_SNUABM_33, complete genome
NC_061448.1	266939	334	none	0	0		NC_061448.1 Erwinia phage pEa_SNUABM_1, complete genome
NC_061449.1	263916	326	none	1	0		NC_061449.1 Erwinia phage pEa_SNUABM_17, complete genome
NC_061450.1	267169	346	none	0	0		NC_061450.1 Erwinia phage pEa_SNUABM_5, complete genome
NC_061451.1	265635	342	none	2	0		NC_061451.1 Erwinia phage pEa_SNUABM_7, complete genome
NC_062581.1	305260	427	none	0	0		NC_062581.1 Pseudomonas phage Psa21, complete genome
NC_062582.1	309157	457	none	0	0		NC_062582.1 Pseudomonas phage Phabio, complete genome
NC_062734.1	179116	209	none	0	0		NC_062734.1 Synechococcus phage ACG-2014d isolate Syn7803C45, complete genome
NC_062735.1	192117	215	none	0	0		NC_062735.1 Synechococcus phage ACG-2014j isolate Syn7803US23, complete genome
NC_062736.1	189418	216	none	0	0		NC_062736.1 Synechococcus phage ACG-2014e isolate Syn7803C85, complete genome
NC_062737.1	7045	13	none	0	0		NC_062737.1 Xanthomonas phage XaF13, complete genome
NC_062741.1	60925	84	none	1	0		NC_062741.1 Flavobacterium phage vB_FspP_elemoB_14-3B, complete genome
NC_062742.1	150892	273	none	0	0		NC_062742.1 MAG: Dompiswa phage TSP7_1, complete genome
NC_062743.1	61048	83	none	0	0		NC_062743.1 Flavobacterium phage vB_FspP_elemoC_14-1A, complete genome
NC_062744.1	72979	92	none	1	0		NC_062744.1 Cellulophaga phage Calle_1, complete genome
NC_062745.1	47186	76	none	0	0		NC_062745.1 Polaribacter phage Danklef_1, complete genome
NC_062746.1	43978	65	none	0	0		NC_062746.1 Polaribacter phage Freya_1, complete genome
NC_062747.1	78833	121	none	0	0		NC_062747.1 Tenacibaculum phage Gundel_1, complete genome
NC_062748.1	43175	79	none	0	0		NC_062748.1 Olleya phage Harreka_1, complete genome
NC_062749.1	42624	50	none	0	0		NC_062749.1 Cellulophaga phage Ingeline_1, complete genome
NC_062750.1	37547	50	none	0	0		NC_062750.1 Polaribacter phage Leef_1, complete genome
NC_062751.1	124695	200	none	0	0		NC_062751.1 Maribacter phage Molly_1, complete genome
NC_062752.1	124169	194	none	0	0		NC_062752.1 Maribacter phage Colly_1, complete genome
NC_062753.1	53385	98	none	0	0		NC_062753.1 Cellulophaga phage Nekkels_1, complete genome
NC_062754.1	39649	63	none	0	0		NC_062754.1 Winogradskyella phage Peternella_1, complete genome
NC_062764.1	92367	91	none	0	1		NC_062764.1 Uncultured phage cr49_1, complete genome
NC_062765.1	99984	100	none	0	1		NC_062765.1 Uncultured phage cr30_1, complete genome
NC_062766.1	92241	85	none	0	1		NC_062766.1 Uncultured phage cr123_1, complete genome
NC_062767.1	100971	99	none	0	1		NC_062767.1 Uncultured phage cr149_1, complete genome
NC_062768.1	100314	116	none	0	0		NC_062768.1 Uncultured phage cr151_1, complete genome
NC_062769.1	96466	83	none	0	0		NC_062769.1 Uncultured phage cr36_1, complete genome
NC_062770.1	93391	88	none	0	1		NC_062770.1 Uncultured phage cr91_1, complete genome
NC_062771.1	98001	94	none	0	1		NC_062771.1 Uncultured phage cr99_1, complete genome
NC_062772.1	99704	101	none	0	0		NC_062772.1 Uncultured phage cr77_1, complete genome
NC_062773.1	93564	96	none	1	0		NC_062773.1 Uncultured phage cr44_1, complete genome
NC_062774.1	97536	84	none	0	1		NC_062774.1 Uncultured phage cr54_1, complete genome
NC_062775.1	104564	107	none	0	0		NC_062775.1 Uncultured phage cr18_1, complete genome
NC_062776.1	92361	90	none	0	1		NC_062776.1 Uncultured phage cr9_1, complete genome
NC_062777.1	94533	89	none	0	0		NC_062777.1 Uncultured phage cr25_1, complete genome
NC_062778.1	91714	90	none	0	1		NC_062778.1 Uncultured phage cr17_1, complete genome
NC_062779.1	95815	92	none	0	0		NC_062779.1 Uncultured phage cr2_1, complete genome
NC_062780.1	92132	84	none	0	1		NC_062780.1 Uncultured phage cr13_1, complete genome
NC_067209.1	98573	166	none	0	0		NC_067209.1 Uncultured phage cr61_1, complete genome
NC_067210.1	96892	161	none	0	0		NC_067210.1 Uncultured phage cr12_1, complete genome
NC_067211.1	100650	156	none	0	0		NC_067211.1 Uncultured phage cr105_1, complete genome
NC_067212.1	100255	164	none	0	0		NC_067212.1 Uncultured phage cr19_1, complete genome
NC_067213.1	101130	173	none	0	0		NC_067213.1 Uncultured phage cr150_1, complete genome
NC_067214.1	102100	178	none	0	0		NC_067214.1 Uncultured phage cr82_1, complete genome
NC_067215.1	104085	167	none	0	0		NC_067215.1 Uncultured phage cr29_1, complete genome
NC_067216.1	104752	190	none	0	0		NC_067216.1 Uncultured phage cr16_1, complete genome
NC_067217.1	97706	175	none	0	0		NC_067217.1 Uncultured phage cr35_1, complete genome
NC_067218.1	98182	170	none	0	0		NC_067218.1 Uncultured phage cr23_1, complete genome
NC_068555.1	76339	98	none	0	1		NC_068555.1 Klebsiella phage vB_KpP_FBKp27, complete genome
NC_069146.1	42701	65	none	0	0		NC_069146.1 Salmonella phage St162, complete genome
NC_069147.1	41187	62	none	0	0		NC_069147.1 Salmonella phage GRNsp27, complete genome
NC_069148.1	41515	63	none	0	0		NC_069148.1 Salmonella phage TS6, complete genome
NC_069149.1	41658	65	none	0	0		NC_069149.1 Salmonella phage vB_SenTO17, complete genome
NC_069150.1	40542	64	none	0	0		NC_069150.1 Salmonella phage vB_STM-ZS, complete genome
NC_069151.1	40987	62	none	0	0		NC_069151.1 Salmonella phage vB_SenS_SE1, complete genome
NC_069152.1	44342	73	none	0	0		NC_069152.1 Salmonella phage Shemara, complete genome
NC_069154.1	39791	57	none	0	0		NC_069154.1 Klebsiella phage VLCpiS11a, complete genome
NC_069155.1	39799	60	none	0	0		NC_069155.1 Serratia phage Tsm2, complete genome
NC_069156.1	39857	62	none	0	0		NC_069156.1 Serratia phage vB_SmaM-Otaku, complete genome
NC_069740.1	43470	64	none	0	0		NC_069740.1 Pseudomonas phage KP1, complete sequence
NC_069741.1	43067	54	none	1	0		NC_069741.1 Pseudomonas phage Kaya, complete genome
NC_069742.1	42439	55	none	0	0		NC_069742.1 Pseudomonas phage vB_PaeS-Yazdi-M DNA, complete genome
NC_069743.1	43141	53	none	0	0		NC_069743.1 Pseudomonas phage Guyu, complete genome
NC_069744.1	43314	54	none	0	0		NC_069744.1 Xanthomonas phage Samson, complete genome
NC_069745.1	43553	52	none	0	0		NC_069745.1 Xanthomonas phage vB_Xar_IVIA-DoCa1, complete genome
NC_069746.1	42820	52	none	0	0		NC_069746.1 Pseudomonas phage Kopi, complete genome
NC_069747.1	42788	51	none	1	0		NC_069747.1 Pseudomonas phage Epa40, complete genome
NC_069748.1	43015	54	none	1	0		NC_069748.1 Pseudomonas phage TehO, complete genome
NC_069749.1	43133	54	none	1	0		NC_069749.1 Pseudomonas phage vB_PaeS_C1, complete genome
NC_069750.1	42828	53	none	1	0		NC_069750.1 Pseudomonas phage BUCT-PX-5, complete genome
NC_069751.1	42887	53	none	1	0		NC_069751.1 Stenotrophomonas phage vB_SmaS-DLP_1, complete genome
NC_069752.1	40244	60	none	0	0		NC_069752.1 Pseudomonas phage PSV3 clone NODE_3 genomic sequence
NC_069753.1	39019	52	none	0	0		NC_069753.1 Pseudomonas phage PSV3 clone NODE_4 genomic sequence
NC_069754.1	46326	76	none	0	0		NC_069754.1 Pseudomonas phage PSV3 clone NODE_1 genomic sequence
NC_069755.1	43315	65	none	0	0		NC_069755.1 Pseudomonas phage PSV3 clone NODE_2 genomic sequence
NC_070622.1	43733	70	none	0	0		NC_070622.1 Bacillus phage Ray17, complete genome
NC_070623.1	42859	71	none	0	0		NC_070623.1 Bacillus phage vB_BspS_SplendidRed, complete genome
NC_070624.1	46276	86	none	0	0		NC_070624.1 Bacillus phage 000TH010, complete genome
NC_070625.1	45238	80	none	0	0		NC_070625.1 Bacillus phage 049ML001, complete genome
NC_070650.1	265389	338	none	0	0		NC_070650.1 Klebsiella phage vB_KvM-Eowyn genome assembly, chromosome: 1
NC_070651.1	34593	38	none	0	0		NC_070651.1 Streptococcus phage 128, complete genome
NC_070652.1	34239	38	none	0	0		NC_070652.1 Streptococcus phage 53, complete genome
NC_070653.1	36733	45	none	0	0		NC_070653.1 Streptococcus phage 73, complete genome
NC_070654.1	35936	43	none	1	0		NC_070654.1 Streptococcus phage 7A5, complete genome
NC_070655.1	36773	45	none	0	0		NC_070655.1 Streptococcus phage B0, complete genome
NC_070656.1	37598	43	none	0	0		NC_070656.1 Streptococcus phage CHPC1005, complete genome
NC_070657.1	35928	43	none	0	0		NC_070657.1 Streptococcus phage CHPC1027, complete genome
NC_070658.1	35920	42	none	0	0		NC_070658.1 Streptococcus phage CHPC1029, complete genome
NC_070659.1	36827	44	none	0	0		NC_070659.1 Streptococcus phage CHPC1033, complete genome
NC_070660.1	36333	46	none	0	0		NC_070660.1 Streptococcus phage CHPC1036, complete genome
NC_070661.1	38840	48	none	0	0		NC_070661.1 Streptococcus phage CHPC1041, complete genome
NC_070662.1	34096	39	none	0	0		NC_070662.1 Streptococcus phage CHPC1045, complete genome
NC_070663.1	34790	41	none	0	0		NC_070663.1 Streptococcus phage CHPC1046, complete genome
NC_070664.1	40037	51	none	0	0		NC_070664.1 Streptococcus phage CHPC1062, complete genome
NC_070665.1	34355	41	none	0	0		NC_070665.1 Streptococcus phage CHPC1067, complete genome
NC_070666.1	37028	46	none	0	0		NC_070666.1 Streptococcus phage CHPC1091, complete genome
NC_070667.1	39069	48	none	0	0		NC_070667.1 Streptococcus phage CHPC1148, complete genome
NC_070668.1	34912	44	none	0	0		NC_070668.1 Streptococcus phage CHPC1156, complete genome
NC_070669.1	37005	45	none	0	0		NC_070669.1 Streptococcus phage CHPC572, complete genome
NC_070670.1	35697	42	none	0	0		NC_070670.1 Streptococcus phage CHPC595, complete genome
NC_070671.1	35715	49	none	0	0		NC_070671.1 Streptococcus phage CHPC642, complete genome
NC_070672.1	38531	53	none	0	0		NC_070672.1 Streptococcus phage CHPC663, complete genome
NC_070673.1	38258	47	none	0	0		NC_070673.1 Streptococcus phage CHPC873, complete genome
NC_070674.1	36576	45	none	0	0		NC_070674.1 Streptococcus phage CHPC875, complete genome
NC_070675.1	39965	50	none	0	0		NC_070675.1 Streptococcus phage CHPC877, complete genome
NC_070676.1	36011	43	none	0	0		NC_070676.1 Streptococcus phage CHPC879, complete genome
NC_070677.1	37281	46	none	0	0		NC_070677.1 Streptococcus phage CHPC919, complete genome
NC_070678.1	34759	44	none	0	0		NC_070678.1 Streptococcus phage CHPC925, complete genome
NC_070679.1	37303	45	none	0	0		NC_070679.1 Streptococcus phage CHPC927, complete genome
NC_070680.1	34022	36	none	0	0		NC_070680.1 Streptococcus phage CHPC928, complete genome
NC_070681.1	36350	44	none	0	0		NC_070681.1 Streptococcus phage CHPC930, complete genome
NC_070682.1	35299	43	none	0	0		NC_070682.1 Streptococcus phage CHPC950, complete genome
NC_070683.1	34277	44	none	0	0		NC_070683.1 Streptococcus phage CHPC979, complete genome
NC_070684.1	37757	45	none	0	0		NC_070684.1 Streptococcus phage D1024, complete genome
NC_070685.1	34083	35	none	0	0		NC_070685.1 Streptococcus phage D1811, complete genome
NC_070686.1	39707	51	none	0	0		NC_070686.1 Streptococcus phage D4276, complete genome
NC_070687.1	36884	42	none	0	0		NC_070687.1 Streptococcus phage L5A1, complete genome
NC_070688.1	34328	42	none	0	0		NC_070688.1 Streptococcus phage M19, complete genome
NC_070689.1	34059	38	none	0	0		NC_070689.1 Streptococcus phage MM25, complete genome
NC_070690.1	35653	41	none	0	0		NC_070690.1 Streptococcus phage P0091, complete genome
NC_070691.1	36168	43	none	1	0		NC_070691.1 Streptococcus phage P3681, complete genome
NC_070692.1	35444	41	none	0	0		NC_070692.1 Streptococcus phage P3684, complete genome
NC_070693.1	37235	50	none	0	0		NC_070693.1 Streptococcus phage P5641, complete genome
NC_070694.1	34292	39	none	0	0		NC_070694.1 Streptococcus phage P5651, complete genome
NC_070695.1	35843	38	none	0	0		NC_070695.1 Streptococcus phage P7132, complete genome
NC_070696.1	33284	38	none	0	0		NC_070696.1 Streptococcus phage P7133, complete genome
NC_070697.1	34019	41	none	0	0		NC_070697.1 Streptococcus phage P7134, complete genome
NC_070698.1	35025	41	none	0	0		NC_070698.1 Streptococcus phage P7151, complete genome
NC_070699.1	35663	40	none	1	0		NC_070699.1 Streptococcus phage P7152, complete genome
NC_070700.1	34507	40	none	0	0		NC_070700.1 Streptococcus phage P7154, complete genome
NC_070701.1	37715	45	none	0	0		NC_070701.1 Streptococcus phage P7573, complete genome
NC_070702.1	36298	44	none	0	0		NC_070702.1 Streptococcus phage P7574, complete genome
NC_070703.1	35395	44	none	0	0		NC_070703.1 Streptococcus phage P7601, complete genome
NC_070704.1	37202	43	none	0	0		NC_070704.1 Streptococcus phage P7602, complete genome
NC_070705.1	36164	43	none	0	0		NC_070705.1 Streptococcus phage P7631, complete genome
NC_070706.1	35988	42	none	0	0		NC_070706.1 Streptococcus phage P7632, complete genome
NC_070707.1	35921	40	none	1	0		NC_070707.1 Streptococcus phage P7633, complete genome
NC_070708.1	35835	42	none	0	0		NC_070708.1 Streptococcus phage P9851, complete genome
NC_070709.1	36979	44	none	0	0		NC_070709.1 Streptococcus phage P9854, complete genome
NC_070710.1	35211	41	none	0	0		NC_070710.1 Streptococcus phage P9901, complete genome
NC_070711.1	35535	44	none	0	0		NC_070711.1 Streptococcus phage P9902, complete genome
NC_070712.1	35256	44	none	0	0		NC_070712.1 Streptococcus phage P9903, complete genome
NC_070713.1	35283	42	none	0	0		NC_070713.1 Streptococcus phage STP1, complete genome
NC_070714.1	34821	40	none	0	0		NC_070714.1 Streptococcus phage SW1, complete genome
NC_070715.1	36250	44	none	0	0		NC_070715.1 Streptococcus phage SW11, complete genome
NC_070716.1	35382	44	none	0	0		NC_070716.1 Streptococcus phage SW12, complete genome
NC_070717.1	37222	45	none	0	0		NC_070717.1 Streptococcus phage SW2, complete genome
NC_070718.1	37181	45	none	0	0		NC_070718.1 Streptococcus phage SW3, complete genome
NC_070719.1	36836	46	none	1	0		NC_070719.1 Streptococcus phage SW5, complete genome
NC_070720.1	34276	39	none	0	0		NC_070720.1 Streptococcus phage SW6, complete genome
NC_070721.1	35917	41	none	1	0		NC_070721.1 Streptococcus phage SW7, complete genome
NC_070722.1	33930	40	none	0	0		NC_070722.1 Streptococcus phage SW8, complete genome
NC_070723.1	35443	40	none	0	0		NC_070723.1 Streptococcus phage SWK3, complete genome
NC_070724.1	34999	38	none	1	0		NC_070724.1 Streptococcus phage SWK6, complete genome
NC_070725.1	38253	53	none	0	0		NC_070725.1 Streptococcus phage vB_SthS_VA214, complete genome
NC_070726.1	41169	53	none	0	0		NC_070726.1 Streptococcus phage vB_SthS_VA460, complete genome
NC_070727.1	42706	64	none	1	0		NC_070727.1 Staphylococcus phage IME1354_01, complete genome
NC_070758.1	43859	49	none	0	0		NC_070758.1 Vibrio phage vB_VpaP_G1, complete genome
NC_070759.1	40808	54	none	0	0		NC_070759.1 Aeromonas phage pAEv1818, complete genome
NC_070760.1	63364	88	none	1	0		NC_070760.1 Arthrobacter phage Wollypog, complete genome
NC_070761.1	103424	123	none	0	0		NC_070761.1 Gordonia phage GMA2, complete genome
NC_070762.1	115454	160	none	0	0		NC_070762.1 Gordonia phage Sixama, complete genome
NC_070763.1	114174	159	none	0	0		NC_070763.1 Gordonia phage Forza, complete genome
NC_070764.1	121350	175	none	0	0		NC_070764.1 Gordonia phage Phendrix, complete genome
NC_070765.1	71419	104	none	1	0		NC_070765.1 Mycobacterium phage Onyinye, complete genome
NC_070766.1	15840	22	none	1	0		NC_070766.1 Arthrobacter phage Adaia, complete genome
NC_070767.1	14927	21	none	1	0		NC_070767.1 Arthrobacter phage Atraxa, complete genome
NC_070768.1	40317	70	none	1	0		NC_070768.1 Arthrobacter phage Kumotta, complete genome
NC_070769.1	39448	65	none	1	0		NC_070769.1 Arthrobacter phage MargaretKali, complete genome
NC_070770.1	36407	65	none	1	0		NC_070770.1 Arthrobacter phage Sarge, complete genome
NC_070771.1	37783	63	none	1	0		NC_070771.1 Arthrobacter phage Shoya, complete genome
NC_070772.1	45171	79	none	0	0		NC_070772.1 Vibrio phage Seahorse, complete genome
NC_070773.1	44507	75	none	0	0		NC_070773.1 Vibrio phage NF, complete genome
NC_070774.1	40065	70	none	0	0		NC_070774.1 Vibrio phage vB_VpP_BT-1011, complete genome
NC_070775.1	42563	74	none	0	0		NC_070775.1 Microbacterium phage vB_MoxS-R1, complete genome
NC_070776.1	174783	297	none	0	1		NC_070776.1 Kosakonia phage 305, complete genome
NC_070777.1	172763	293	none	0	1		NC_070777.1 Enterobacter phage vB_EhoM-IME523, complete genome
NC_070778.1	173871	299	none	0	1		NC_070778.1 Enterobacter phage vB_EclM_Q7622, complete genome
NC_070779.1	170126	283	none	0	1		NC_070779.1 Salmonella phage KM16, complete genome
NC_070780.1	170318	291	none	0	1		NC_070780.1 Escherichia phage vB_EcoM_RZ, complete genome
NC_070781.1	134464	225	none	1	0		NC_070781.1 Streptomyces phage Tomas, complete genome
NC_070782.1	133697	248	none	1	0		NC_070782.1 Streptomyces phage Coruscant, complete genome
NC_070783.1	130666	227	none	1	0		NC_070783.1 Streptomyces phage Faust, complete genome
NC_070784.1	130929	229	none	3	0		NC_070784.1 Streptomyces phage TunaTartare, complete genome
NC_070785.1	126614	218	none	2	0		NC_070785.1 Streptomyces phage Wakanda, complete genome
NC_070786.1	127551	219	none	2	0		NC_070786.1 Streptomyces phage Muntaha, complete genome
NC_070787.1	51268	77	none	0	0		NC_070787.1 Gordonia phage Bunnybear, complete genome
NC_070788.1	51668	71	none	0	0		NC_070788.1 Gordonia phage Madeline, complete genome
NC_070789.1	53453	76	none	0	0		NC_070789.1 Gordonia phage ThankyouJordi, complete genome
NC_070790.1	54546	77	none	0	0		NC_070790.1 Gordonia phage Bosnia, complete genome
NC_070791.1	53826	79	none	0	0		NC_070791.1 Gordonia phage Herod, complete genome
NC_070792.1	52807	83	none	0	0		NC_070792.1 Gordonia phage Agueybana, complete genome
NC_070793.1	49780	75	none	0	0		NC_070793.1 Gordonia phage Polly, complete genome
NC_070794.1	51628	83	none	0	0		NC_070794.1 Gordonia phage Maridalia, complete genome
NC_070795.1	52698	81	none	0	0		NC_070795.1 Gordonia phage BoyNamedSue, complete genome
NC_070796.1	53473	81	none	0	0		NC_070796.1 Gordonia phage Ohgeesy, complete genome
NC_070797.1	46463	70	none	0	0		NC_070797.1 Gordonia phage Vasanti, complete genome
NC_070798.1	44079	64	none	0	0		NC_070798.1 Gordonia phage Matteo, complete genome
NC_070799.1	45413	72	none	0	0		NC_070799.1 Gordonia phage Pickett, complete genome
NC_070800.1	46684	72	none	0	0		NC_070800.1 Gordonia phage Yeet412, complete genome
NC_070801.1	44730	66	none	0	0		NC_070801.1 Gordonia phage Lamberg, complete genome
NC_070802.1	45072	68	none	0	0		NC_070802.1 Gordonia phage Sahara, complete genome
NC_070803.1	46042	68	none	0	0		NC_070803.1 Gordonia phage Bjanes7, complete genome
NC_070804.1	46653	73	none	0	0		NC_070804.1 Gordonia phage Ebert, complete genome
NC_070805.1	47680	72	none	0	0		NC_070805.1 Gordonia phage Powerball, complete genome
NC_070806.1	47953	72	none	0	0		NC_070806.1 Gordonia phage Beenie, complete genome
NC_070807.1	47735	76	none	0	0		NC_070807.1 Gordonia phage Sekhmet, complete genome
NC_070808.1	47336	78	none	0	0		NC_070808.1 Gordonia phage Dolores, complete genome
NC_070809.1	46784	72	none	0	0		NC_070809.1 Gordonia phage Dorito, complete genome
NC_070810.1	48198	72	none	0	0		NC_070810.1 Gordonia phage DobbysSock, complete genome
NC_070811.1	47716	76	none	0	0		NC_070811.1 Gordonia phage Clark, complete genome
NC_070812.1	47548	76	none	0	0		NC_070812.1 Gordonia phage Samman98, complete genome
NC_070813.1	48397	76	none	0	0		NC_070813.1 Gordonia phage MichaelScott, complete genome
NC_070814.1	46717	75	none	0	0		NC_070814.1 Gordonia phage Easley, complete genome
NC_070815.1	47306	72	none	0	0		NC_070815.1 Gordonia phage Suerte, complete genome
NC_070816.1	45043	76	none	1	0		NC_070816.1 Gordonia phage Denise, complete genome
NC_070817.1	53182	78	none	0	0		NC_070817.1 Gordonia phage Howe, complete genome
NC_070818.1	53155	75	none	0	0		NC_070818.1 Gordonia phage Mcklovin, complete genome
NC_070819.1	51789	77	none	0	0		NC_070819.1 Gordonia phage Sidious, complete genome
NC_070820.1	35330	51	none	0	0		NC_070820.1 Pseudoalteromonas phage HS6, complete genome
NC_070821.1	45263	66	none	0	0		NC_070821.1 Pseudoalteromonas phage Maelstrom, complete genome
NC_070822.1	39940	58	none	0	0		NC_070822.1 Pseudoalteromonas phage TW1, complete genome
NC_070823.1	45306	69	none	1	0		NC_070823.1 Pseudoalteromonas phage vB_PspS-H40/1, complete genome
NC_070824.1	42261	66	none	0	0		NC_070824.1 Pseudoalteromonas phage C7, complete genome
NC_070825.1	37730	63	none	0	0		NC_070825.1 Pseudoalteromonas phage HS5, complete genome
NC_070826.1	37211	65	none	0	0		NC_070826.1 Pseudoalteromonas phage HS1, complete genome
NC_070827.1	62978	70	none	0	0		NC_070827.1 Pseudomonas phage Skulduggery, complete genome
NC_070828.1	39535	48	none	0	0		NC_070828.1 Streptomyces phage Dubu, complete genome
NC_070829.1	82302	112	none	1	0		NC_070829.1 Streptomyces phage Zuko, complete genome
NC_070830.1	82521	114	none	1	0		NC_070830.1 Streptomyces phage KimJongPhill, complete genome
NC_070831.1	53867	98	none	0	0		NC_070831.1 Arthrobacter phage Richie, complete genome
NC_070832.1	49447	89	none	0	0		NC_070832.1 Arthrobacter phage Auxilium, complete genome
NC_070833.1	51476	89	none	2	0		NC_070833.1 Arthrobacter phage Hestia, complete genome
NC_070834.1	50433	90	none	2	0		NC_070834.1 Arthrobacter phage Persistence, complete genome
NC_070835.1	53234	94	none	2	0		NC_070835.1 Arthrobacter phage Isolde, complete genome
NC_070836.1	56481	95	none	1	0		NC_070836.1 Arthrobacter phage Seahorse, complete genome
NC_070837.1	52490	92	none	2	0		NC_070837.1 Arthrobacter phage Faja, complete genome
NC_070838.1	65232	98	none	1	0		NC_070838.1 Arthrobacter phage SilentRX, complete genome
NC_070839.1	177834	209	none	0	0		NC_070839.1 Synechococcus phage S-SZBM1, complete genome
NC_070840.1	57429	70	none	0	0		NC_070840.1 Aeromonas phage ZPAH14, complete genome
NC_070841.1	82008	123	none	1	0		NC_070841.1 Bacillus phage Basilisk, complete genome
NC_070842.1	82931	128	none	1	0		NC_070842.1 Bacillus phage v_B-Bak10, complete genome
NC_070843.1	80647	128	none	1	0		NC_070843.1 Bacillus phage PBC4, complete genome
NC_070844.1	80919	129	none	1	0		NC_070844.1 Bacillus phage pW4, complete genome
NC_070845.1	81528	129	none	1	0		NC_070845.1 Bacillus phage BCPST, complete genome
NC_070846.1	47243	78	none	0	0		NC_070846.1 Salmonella phage vB_SalS-LPSTLL, complete genome
NC_070847.1	74717	90	none	0	1		NC_070847.1 Stenotrophomonas phage Philippe, complete genome
NC_070848.1	73099	102	none	0	1		NC_070848.1 Vibrio phage BUCT194, complete genome
NC_070849.1	70466	79	none	0	1		NC_070849.1 Alcaligenes phage vB_AfaP_QDWS595, complete genome
NC_070851.1	78126	101	none	0	1		NC_070851.1 Rhizobium phage RHph_N38, complete genome
NC_070852.1	77174	97	none	0	1		NC_070852.1 Rhizobium phage RHph_I1_6, complete genome
NC_070853.1	77869	99	none	0	1		NC_070853.1 Rhizobium phage RHph_Y38, complete genome
NC_070854.1	78314	101	none	0	1		NC_070854.1 Rhizobium phage RHph_Y2_6, complete genome
NC_070855.1	77655	97	none	0	1		NC_070855.1 Rhizobium phage RHEph22, complete genome
NC_070856.1	77178	96	none	0	1		NC_070856.1 Rhizobium phage RHEph16, complete genome
NC_070857.1	76359	104	none	0	1		NC_070857.1 Rhizobium phage RHph_X2_28B, complete genome
NC_070858.1	73045	96	none	0	1		NC_070858.1 Stenotrophomonas phage C121, complete genome
NC_070859.1	75871	84	none	0	1		NC_070859.1 Dinoroseobacter phage vB_DshP-R7L, complete genome
NC_070860.1	73752	97	none	0	0		NC_070860.1 Pectobacterium phage Possum, complete genome
NC_070861.1	76232	94	none	0	0		NC_070861.1 Kosakonia phage Kc283, complete genome
NC_070862.1	73308	95	none	0	0		NC_070862.1 Pseudomonas phage VB_PaeS_VL1, complete genome
NC_070863.1	73001	95	none	0	0		NC_070863.1 Pseudomonas phage vB_PaeP_TUMS_P121, complete genome
NC_070864.1	73345	93	none	0	0		NC_070864.1 Pseudomonas phage PAP02, complete genome
NC_070865.1	72728	95	none	0	0		NC_070865.1 Pseudomonas phage vB_Pae575P-3, complete genome
NC_070866.1	74361	100	none	0	0		NC_070866.1 Pseudomonas phage 98PfluR60PP, complete genome
NC_070867.1	74962	87	none	0	1		NC_070867.1 Stenotrophomonas phage Paxi, complete genome
NC_070868.1	76332	88	none	0	1		NC_070868.1 Stenotrophomonas phage Piffle, complete genome
NC_070869.1	72896	91	none	0	1		NC_070869.1 Escherichia phage vB_EcoP_SP5M, complete genome
NC_070870.1	68270	79	none	0	1		NC_070870.1 Escherichia phage phi G17, complete genome
NC_070871.1	74437	88	none	0	1		NC_070871.1 Escherichia phage PGN829.1, complete genome
NC_070872.1	73275	89	none	0	1		NC_070872.1 Escherichia phage U1G, complete genome
NC_070873.1	72444	87	none	0	1		NC_070873.1 Escherichia phage St11Ph5, complete genome
NC_070874.1	72231	85	none	0	1		NC_070874.1 Escherichia phage vB_EcoP-ZQ2, complete genome
NC_070875.1	42969	54	none	0	0		NC_070875.1 Serratia phage Scapp, complete genome
NC_070876.1	58966	74	none	0	0		NC_070876.1 Agrobacterium phage Atu_ph08, complete genome
NC_070877.1	113685	222	none	0	0		NC_070877.1 Arthrobacter phage Qui, complete genome
NC_070878.1	16927	19	none	0	0		NC_070878.1 Staphylococcus phage JPL-50, complete genome
NC_070880.1	18292	20	none	0	0		NC_070880.1 Staphylococcus phage SeAlphi, complete genome
NC_070881.1	42322	58	none	1	0		NC_070881.1 Pseudomonas phage UFJF_PfDIW6, complete genome
NC_070882.1	301543	385	none	0	0		NC_070882.1 Pseudomonas phage vB_PaeM_PS119XW, complete genome
NC_070883.1	152762	256	none	0	0		NC_070883.1 Rhizobium phage RHph_Y68, complete genome
NC_070884.1	153811	253	none	0	0		NC_070884.1 Rhizobium phage RHph_N34, complete genome
NC_070885.1	154206	253	none	0	0		NC_070885.1 Rhizobium phage RHph_I1_9, complete genome
NC_070886.1	156502	257	none	0	0		NC_070886.1 Rhizobium phage P9VFCI, complete genome
NC_070887.1	156186	256	none	0	0		NC_070887.1 Rhizobium phage AF3, complete genome
NC_070888.1	158577	264	none	0	0		NC_070888.1 Rhizobium phage RL38J1, complete genome
NC_070889.1	156878	259	none	1	0		NC_070889.1 Rhizobium phage RL2RES, complete genome
NC_070890.1	143349	217	none	1	0		NC_070890.1 Agrobacterium phage Atu_ph04, complete genome
NC_070891.1	47982	70	none	0	0		NC_070891.1 Gordonia phage Pons, complete genome
NC_070892.1	48382	68	none	0	0		NC_070892.1 Gordonia phage Mayweather, complete genome
NC_070893.1	48948	70	none	0	0		NC_070893.1 Gordonia phage CherryonLim, complete genome
NC_070894.1	48123	63	none	0	0		NC_070894.1 Gordonia phage Lauer, complete genome
NC_070895.1	47618	71	none	0	0		NC_070895.1 Gordonia phage SheckWes, complete genome
NC_070896.1	47166	65	none	0	0		NC_070896.1 Gordonia phage BigChungus, complete genome
NC_070897.1	48092	69	none	0	0		NC_070897.1 Gordonia phage Vine, complete genome
NC_070898.1	31738	44	none	1	0		NC_070898.1 Streptococcus phage SW22, complete genome
NC_070899.1	32106	44	none	1	0		NC_070899.1 Streptococcus phage SW16, complete genome
NC_070900.1	30077	44	none	1	0		NC_070900.1 Streptococcus phage CHPC926, complete genome
NC_070901.1	35129	48	none	1	0		NC_070901.1 Streptococcus phage CHPC577, complete genome
NC_070902.1	31564	40	none	0	0		NC_070902.1 Escherichia phage 11W, partial genome
NC_070903.1	33349	42	none	0	0		NC_070903.1 Escherichia phage P2_AC1 genome assembly, chromosome: 1
NC_070907.1	33007	42	none	0	0		NC_070907.1 Yersinia phage P37, complete genome
NC_070908.1	31962	40	none	0	0		NC_070908.1 Yersinia phage HQ103, complete genome
NC_070909.1	33368	44	none	0	0		NC_070909.1 Escherichia phage Cartapus genome assembly, complete genome: monopartite
NC_070910.1	32867	40	none	0	0		NC_070910.1 Burkholderia phage FLC10 DNA, complete genome
NC_070911.1	29512	38	none	0	0		NC_070911.1 Salmonella phage BIS20, complete genome
NC_070912.1	36280	42	none	0	0		NC_070912.1 Burkholderia phage PhiBP82.2, complete genome
NC_070913.1	36481	45	none	0	0		NC_070913.1 Yersinia phage vB_YenM_42.18, complete genome
NC_070914.1	30280	42	none	0	0		NC_070914.1 Yersinia phage vB_YenM_201.16, complete genome
NC_070915.1	33247	45	none	0	0		NC_070915.1 Yersinia phage vB_YenM_56.17, complete genome
NC_070916.1	29546	40	none	0	0		NC_070916.1 Yersinia phage vB_YenM_06.16-2, complete genome
NC_070917.1	29180	36	none	0	0		NC_070917.1 Yersinia phage vB_YenM_324, complete genome
NC_070918.1	32949	41	none	0	0		NC_070918.1 Yersinia phage vB_YenM_31.17, complete genome
NC_070919.1	37312	52	none	0	0		NC_070919.1 Aeromonas phage vB_AsaM_LPM4, complete genome
NC_070920.1	40166	61	none	0	0		NC_070920.1 Shewanella phage vB_SspM_M16-3, complete genome
NC_070921.1	61401	61	none	0	0		NC_070921.1 Erwinia phage Pavtok, complete genome
NC_070922.1	39046	50	none	0	0		NC_070922.1 Streptococcus phage IPP65, complete genome
NC_070923.1	38900	55	none	0	0		NC_070923.1 Streptococcus phage IPP54, complete genome
NC_070924.1	37847	48	none	0	0		NC_070924.1 Streptococcus phage IPP55, complete genome
NC_070925.1	37252	49	none	0	0		NC_070925.1 Streptococcus phage IPP14, complete genome
NC_070926.1	37761	50	none	0	0		NC_070926.1 Streptococcus phage IPP39, complete genome
NC_070927.1	37631	52	none	0	0		NC_070927.1 Streptococcus phage SpGS-1, complete genome
NC_070928.1	37848	52	none	0	0		NC_070928.1 Streptococcus phage IPP48, complete genome
NC_070929.1	36805	52	none	0	0		NC_070929.1 Streptococcus phage IPP52, complete genome
NC_070930.1	37969	53	none	0	0		NC_070930.1 Streptococcus phage IPP66, complete genome
NC_070931.1	41655	55	none	0	0		NC_070931.1 Ochrobactrum phage POA1180, complete genome
NC_070932.1	59782	72	none	0	0		NC_070932.1 Ochrobactrum phage POI1126, complete genome
NC_070933.1	41227	55	none	0	0		NC_070933.1 Ochrobactrum phage vB_OspP_OH, complete genome
NC_070934.1	60908	84	none	0	0		NC_070934.1 Mycobacterium phage Jeon, complete genome
NC_070935.1	60973	89	none	0	0		NC_070935.1 Mycobacterium phage Taptic, complete genome
NC_070936.1	253367	262	none	0	0		NC_070936.1 Klebsiella phage N1M2, complete genome
NC_070937.1	182723	272	none	0	1		NC_070937.1 Cronobacter phage LPCS28, complete genome
NC_070938.1	58059	91	none	1	0		NC_070938.1 Arthrobacter phage Arcadia, complete genome
NC_070939.1	59084	95	none	1	0		NC_070939.1 Arthrobacter phage Tribby, complete genome
NC_070940.1	58739	92	none	1	0		NC_070940.1 Arthrobacter phage Cheesy, complete genome
NC_070941.1	57401	89	none	1	0		NC_070941.1 Arthrobacter phage Correa, complete genome
NC_070942.1	58690	92	none	1	0		NC_070942.1 Arthrobacter phage Xenomorph, complete genome
NC_070943.1	58208	93	none	1	0		NC_070943.1 Arthrobacter phage Heisenberger, complete genome
NC_070944.1	58287	93	none	1	0		NC_070944.1 Arthrobacter phage JEGGS, complete genome
NC_070945.1	57866	93	none	1	0		NC_070945.1 Arthrobacter phage Kardesai, complete genome
NC_070946.1	57846	93	none	1	0		NC_070946.1 Arthrobacter phage Dynamite, complete genome
NC_070947.1	57847	93	none	1	0		NC_070947.1 Arthrobacter phage KeaneyLin, complete genome
NC_070948.1	90669	152	none	0	0		NC_070948.1 Gordonia phage Mollymur, complete genome
NC_070949.1	50485	82	none	0	0		NC_070949.1 Erwinia phage Midgardsormr38, complete genome
NC_070950.1	253383	295	none	0	0		NC_070950.1 Klebsiella phage Miami, complete genome
NC_070951.1	161350	274	none	0	0		NC_070951.1 Stenotrophomonas phage vB_SmaM_Ps15, complete genome
NC_070952.1	262639	288	none	1	0		NC_070952.1 Erwinia phage AH04, complete genome
NC_070953.1	38080	47	none	0	0		NC_070953.1 Alteromonas phage ZP6, complete genome
NC_070954.1	44942	62	none	0	0		NC_070954.1 Burkholderia phage Magia, complete genome
NC_070955.1	59762	87	none	0	0		NC_070955.1 Burkholderia phage BgManors32, complete genome
NC_070956.1	260310	254	none	0	0		NC_070956.1 Aeromonas phage LAh10, complete genome
NC_070957.1	262372	261	none	0	0		NC_070957.1 Aeromonas phage D3, complete genome
NC_070958.1	259831	258	none	0	0		NC_070958.1 Aeromonas phage D6, complete genome
NC_070959.1	167069	236	none	0	0		NC_070959.1 Synechococcus phage S-N03, complete genome
NC_070960.1	187320	192	none	1	0		NC_070960.1 Synechococcus phage S-H9-2, complete genome
NC_070961.1	192454	229	none	1	0		NC_070961.1 Synechococcus phage S-H9-1, complete genome
NC_070962.1	228827	278	none	0	0		NC_070962.1 Synechococcus phage S-SCSM1, complete genome
NC_070963.1	240842	358	none	1	0		NC_070963.1 Synechococcus phage S-SRM01, complete genome
NC_070964.1	180224	208	none	0	0		NC_070964.1 Synechococcus phage S-H38, complete genome
NC_070965.1	167040	234	none	0	0		NC_070965.1 Synechococcus phage S-H34, complete genome
NC_070966.1	207623	366	none	0	0		NC_070966.1 Rhizobium phage RHph_TM30, complete genome
NC_070967.1	206821	367	none	0	0		NC_070967.1 Rhizobium phage RHph_Y65, complete genome
NC_070968.1	49492	76	none	0	0		NC_070968.1 Streptomyces phage Pablito, complete genome
NC_070969.1	61818	88	none	0	0		NC_070969.1 Pseudomonas phage Itty13, complete genome
NC_070970.1	60628	85	none	1	0		NC_070970.1 Pseudomonas phage Iggy, complete genome
NC_070972.1	18554	26	none	1	0		NC_070972.1 Clostridium phage LPCPA6, complete genome
NC_070973.1	75106	108	none	0	0		NC_070973.1 Cronobacter phage A24, complete genome
NC_070974.1	89910	152	none	0	0		NC_070974.1 Salmonella phage SE131, complete genome
NC_070975.1	90187	134	none	0	0		NC_070975.1 Proteus phage Vb_PmiP-P59, complete genome
NC_070976.1	90382	134	none	0	0		NC_070976.1 Proteus phage 3H10_20, complete genome
NC_070977.1	86289	124	none	0	0		NC_070977.1 Aeromonas phage BUCT695, complete genome
NC_070978.1	112127	194	none	0	0		NC_070978.1 Vibrio phage Vp_R1, complete genome
NC_070979.1	76622	123	none	0	0		NC_070979.1 Escherichia phage EP335, complete genome
NC_070980.1	76626	117	none	0	0		NC_070980.1 Escherichia phage vB_EcoP_SU7, complete genome
NC_070981.1	78078	120	none	0	0		NC_070981.1 Escherichia phage EK010 DNA, complete sequence
NC_070982.1	75747	113	none	0	0		NC_070982.1 Escherichia phage vB_EcoP-101114UKE3, complete genome
NC_070983.1	76631	117	none	0	0		NC_070983.1 Escherichia phage IME267, complete genome
NC_070984.1	75007	120	none	0	0		NC_070984.1 Escherichia phage ES17, complete genome
NC_070985.1	75646	123	none	0	0		NC_070985.1 Escherichia phage O18-011 DNA, complete sequence
NC_070986.1	76083	128	none	0	0		NC_070986.1 Escherichia phage vB_EcoP_EcoN5, complete genome
NC_070987.1	76899	126	none	0	0		NC_070987.1 Escherichia phage MN05, complete genome
NC_070988.1	76964	118	none	0	0		NC_070988.1 Shigella phage SGF2, complete genome
NC_070989.1	77359	124	none	0	0		NC_070989.1 Escherichia phage vB_EcoP-CHD5UKE1, complete genome
NC_070990.1	77187	124	none	0	0		NC_070990.1 Escherichia phage MN03, complete genome
NC_070991.1	77307	130	none	0	0		NC_070991.1 Escherichia phage vB_EcoP_WFI101126, complete genome
NC_070992.1	79429	124	none	0	0		NC_070992.1 Escherichia phage Paul, complete genome
NC_070993.1	75809	118	none	0	0		NC_070993.1 Escherichia phage vB_EcoP_IMEP8, complete genome
NC_070994.1	16223	23	none	0	0		NC_070994.1 Gordonia phage Coeur, complete genome
NC_070995.1	16604	23	none	0	0		NC_070995.1 Gordonia phage Emperor, complete genome
NC_070996.1	15896	22	none	0	0		NC_070996.1 Gordonia phage SallySpecial, complete genome
NC_070997.1	16658	23	none	0	0		NC_070997.1 Gordonia phage EpicDab, complete genome
NC_070998.1	237367	248	none	0	0		NC_070998.1 Aeromonas phage PS1, complete genome
NC_070999.1	235066	249	none	0	0		NC_070999.1 Aeromonas phage pAEv1810, complete genome
NC_071000.1	57214	79	none	0	0		NC_071000.1 Providencia phage PSTCR4, complete genome
NC_071001.1	57986	84	none	1	0		NC_071001.1 Providencia phage PSTCR7, complete genome
NC_071002.1	18058	25	none	0	0		NC_071002.1 Enterococcus phage MDA1, complete genome
NC_071003.1	47816	74	none	0	0		NC_071003.1 Enterobacter phage vB_EclS_CobraSix, complete genome
NC_071004.1	57664	88	none	1	0		NC_071004.1 Gordonia phage Clawz, complete genome
NC_071005.1	91072	117	none	1	0		NC_071005.1 Gordonia phage Chidiebere, complete genome
NC_071006.1	88657	111	none	1	0		NC_071006.1 Gordonia phage ChisanaKitsune, complete genome
NC_071007.1	234546	234	none	0	0		NC_071007.1 Aeromonas phage ZPAH34, complete genome
NC_071008.1	44715	76	none	1	0		NC_071008.1 Pantoea phage PdC23, complete genome
NC_071009.1	38505	44	none	0	0		NC_071009.1 Salmonella phage vB_SAg-RPN15, complete genome
NC_071010.1	86124	129	none	0	0		NC_071010.1 Salmonella phage vB_SAg-RPN213, complete genome
NC_071011.1	56858	97	none	0	0		NC_071011.1 Klebsiella phage vB_KpnS-Carvaje, complete genome
NC_071012.1	57099	91	none	0	0		NC_071012.1 Carnobacterium phage cd2, complete genome
NC_071013.1	56744	90	none	0	0		NC_071013.1 Carnobacterium phage cd4, complete genome
NC_071014.1	90743	130	none	1	0		NC_071014.1 Brevibacterium phage Cantare, complete genome
NC_071015.1	253740	265	none	0	0		NC_071015.1 Kosakonia phage Kc263, complete genome
NC_071016.1	36396	38	none	0	0		NC_071016.1 Shewanella phage X14, complete genome
NC_071017.1	60789	98	none	0	0		NC_071017.1 Stenotrophomonas phage Salva, complete genome
NC_071018.1	61427	94	none	0	0		NC_071018.1 Stenotrophomonas phage Siara, complete genome
NC_071019.1	62354	104	none	0	0		NC_071019.1 Stenotrophomonas phage vB_SmaS_BUCT548, complete genome
NC_071020.1	61662	100	none	0	0		NC_071020.1 Stenotrophomonas phage BUCT626, complete genome
NC_071021.1	61860	102	none	0	0		NC_071021.1 Stenotrophomonas phage BUCT627, complete genome
NC_071022.1	40447	60	none	1	0		NC_071022.1 Arthrobacter phage BaileyBlu, complete genome
NC_071023.1	43055	68	none	1	0		NC_071023.1 Arthrobacter phage Lizalica, complete genome
NC_071024.1	44204	68	none	0	0		NC_071024.1 Arthrobacter phage Phives, complete genome
NC_071025.1	44284	64	none	1	0		NC_071025.1 Arthrobacter phage Amyev, complete genome
NC_071026.1	44111	65	none	1	0		NC_071026.1 Arthrobacter phage Tbone, complete genome
NC_071027.1	43792	66	none	1	0		NC_071027.1 Arthrobacter phage Warda, complete genome
NC_071028.1	43100	67	none	1	0		NC_071028.1 Arthrobacter phage Adumb2043, complete genome
NC_071029.1	43471	67	none	1	0		NC_071029.1 Arthrobacter phage Elezi, complete genome
NC_071030.1	44124	68	none	1	0		NC_071030.1 Arthrobacter phage Kaylissa, complete genome
NC_071031.1	41850	65	none	1	0		NC_071031.1 Arthrobacter phage KeAlii, complete genome
NC_071032.1	41823	67	none	1	0		NC_071032.1 Arthrobacter phage Reedo, complete genome
NC_071033.1	44354	72	none	1	0		NC_071033.1 Arthrobacter phage Crewmate, complete genome
NC_071034.1	42622	66	none	1	0		NC_071034.1 Arthrobacter phage DrSierra, complete genome
NC_071035.1	40873	65	none	1	0		NC_071035.1 Arthrobacter phage Tweety19, complete genome
NC_071036.1	47545	64	none	0	0		NC_071036.1 Stenotrophomonas phage vB_SmaS-AXL_3, complete genome
NC_071037.1	39433	47	none	0	0		NC_071037.1 Salmonella phage vB_STy-RN5i1, complete genome
NC_071038.1	110591	162	none	1	0		NC_071038.1 Salmonella phage vB_STy-RN29, complete genome
NC_071039.1	286783	405	none	0	0		NC_071039.1 Pseudomonas phage vB_PaeM_PA5oct, complete genome
NC_071040.1	168689	258	none	1	1		NC_071040.1 Bacillus phage PBC2, complete genome
NC_071041.1	165667	275	none	1	1		NC_071041.1 Bacillus phage Kirov, complete genome
NC_071042.1	167995	261	none	1	1		NC_071042.1 Bacillus phage vB_BanS_Sophrita, complete genome
NC_071043.1	160627	257	none	1	1		NC_071043.1 Bacillus phage pW2, complete genome
NC_071044.1	166879	261	none	1	1		NC_071044.1 Bacillus phage vB_BanS_Nate, complete genome
NC_071045.1	168638	255	none	2	1		NC_071045.1 Bacillus phage Izhevsk, complete genome
NC_071046.1	160928	237	none	2	1		NC_071046.1 Bacillus phage vB_BanS_Skywalker, complete genome
NC_071047.1	164998	245	none	1	1		NC_071047.1 Bacillus phage vB_BanS_MrDarsey, complete genome
NC_071048.1	161151	234	none	1	1		NC_071048.1 Bacillus phage vB_BanS_Chewbecca, complete genome
NC_071049.1	160590	243	none	1	1		NC_071049.1 Bacillus phage vB_BcoS-136, complete genome
NC_071050.1	165868	232	none	0	0		NC_071050.1 Bacillus phage vB_BsuS_PJN02, complete genome
NC_071051.1	34556	45	none	0	0		NC_071051.1 Streptococcus phage SW4, complete genome
NC_071052.1	33953	45	none	0	0		NC_071052.1 Streptococcus phage SW27, complete genome
NC_071053.1	33245	44	none	0	0		NC_071053.1 Streptococcus phage CHPC1198, complete genome
NC_071054.1	34932	46	none	0	0		NC_071054.1 Streptococcus phage P0093, complete genome
NC_071055.1	32092	42	none	0	0		NC_071055.1 Streptococcus phage SW24, complete genome
NC_071056.1	34580	47	none	0	0		NC_071056.1 Streptococcus phage P0092, complete genome
NC_071057.1	33507	45	none	0	0		NC_071057.1 Streptococcus phage CHPC1151, complete genome
NC_071058.1	34785	42	none	0	0		NC_071058.1 Streptococcus phage CHPC1282, complete genome
NC_071059.1	35966	48	none	0	0		NC_071059.1 Streptococcus phage P0095, complete genome
NC_071060.1	35153	44	none	0	0		NC_071060.1 Streptococcus phage SW19, complete genome
NC_071061.1	42019	60	none	0	0		NC_071061.1 Streptococcus phage CHPC1042, complete genome
NC_071062.1	33791	41	none	0	0		NC_071062.1 Streptococcus phage CHPC1109, complete genome
NC_071063.1	35353	44	none	0	0		NC_071063.1 Streptococcus phage CHPC1152, complete genome
NC_071064.1	39384	53	none	0	0		NC_071064.1 Streptococcus phage CHPC1230, complete genome
NC_071065.1	36876	51	none	0	0		NC_071065.1 Streptococcus phage CHPC1246, complete genome
NC_071066.1	35543	46	none	0	0		NC_071066.1 Streptococcus phage CHPC1247, complete genome
NC_071067.1	38383	50	none	0	0		NC_071067.1 Streptococcus phage CHPC1248, complete genome
NC_071068.1	40404	55	none	0	0		NC_071068.1 Streptococcus phage CHPC640, complete genome
NC_071069.1	37080	49	none	0	0		NC_071069.1 Streptococcus phage CHPC869, complete genome
NC_071070.1	36490	49	none	0	0		NC_071070.1 Streptococcus phage CHPC931, complete genome
NC_071071.1	36471	46	none	0	0		NC_071071.1 Streptococcus phage CHPC951, complete genome
NC_071072.1	36775	46	none	0	0		NC_071072.1 Streptococcus phage CHPC952, complete genome
NC_071073.1	38139	50	none	0	0		NC_071073.1 Streptococcus phage P4761, complete genome
NC_071074.1	34907	45	none	0	0		NC_071074.1 Streptococcus phage P7571, complete genome
NC_071075.1	34123	43	none	0	0		NC_071075.1 Streptococcus phage P7951, complete genome
NC_071076.1	37594	44	none	0	0		NC_071076.1 Streptococcus phage P7952, complete genome
NC_071077.1	35786	40	none	0	0		NC_071077.1 Streptococcus phage P7953, complete genome
NC_071078.1	35688	41	none	0	0		NC_071078.1 Streptococcus phage P7954, complete genome
NC_071079.1	36931	46	none	0	0		NC_071079.1 Streptococcus phage P7955, complete genome
NC_071080.1	34469	40	none	0	0		NC_071080.1 Streptococcus phage P9853, complete genome
NC_071081.1	35056	45	none	0	0		NC_071081.1 Streptococcus phage SW1151, complete genome
NC_071082.1	36587	41	none	0	0		NC_071082.1 Streptococcus phage SW13, complete genome
NC_071083.1	35913	45	none	0	0		NC_071083.1 Streptococcus phage SW14, complete genome
NC_071084.1	34289	43	none	0	0		NC_071084.1 Streptococcus phage SW15, complete genome
NC_071085.1	34825	43	none	0	0		NC_071085.1 Streptococcus phage SW18, complete genome
NC_071086.1	39878	53	none	0	0		NC_071086.1 MAG: Streptococcus phage VS-2018a, complete genome
NC_071128.1	49169	82	none	0	0		NC_071128.1 Klebsiella phage vB_KpnM_15-38_KLPPOU148, complete genome
NC_071129.1	49532	80	none	0	0		NC_071129.1 Klebsiella phage BUCT_49532, complete genome
NC_071130.1	47333	72	none	0	0		NC_071130.1 Klebsiella phage BUCT_47333, complete genome
NC_071131.1	48833	75	none	0	0		NC_071131.1 Klebsiella phage VLCpiM12a, complete genome
NC_071132.1	50707	81	none	0	0		NC_071132.1 Klebsiella phage Geezett, complete genome
NC_071133.1	49370	70	none	0	0		NC_071133.1 Klebsiella phage vB_KpnM_FZ14, complete genome
NC_071134.1	48129	77	none	0	0		NC_071134.1 Klebsiella phage vB_KpnM_JustaPhage, complete genome
NC_071135.1	47129	67	none	0	0		NC_071135.1 Klebsiella phage MEW1, complete genome
NC_071136.1	48837	73	none	0	0		NC_071136.1 Klebsiella phage pKp383, complete genome
NC_071137.1	49482	79	none	0	0		NC_071137.1 Klebsiella phage vB_KpnM_IME346, complete genome
NC_071138.1	47797	76	none	0	0		NC_071138.1 Klebsiella phage 1611E-K2-1, complete genome
NC_071139.1	48245	79	none	0	0		NC_071139.1 Klebsiella phage vB_KleM_KB2, complete genome
NC_071140.1	48021	78	none	0	0		NC_071140.1 Escherichia phage ZCEC13, complete genome
NC_071141.1	49371	80	none	0	0		NC_071141.1 Klebsiella phage SBP, complete genome
NC_071142.1	46281	80	none	1	0		NC_071142.1 Klebsiella phage VLCpiS13d, complete genome
NC_071143.1	48082	90	none	0	0		NC_071143.1 Flyfo siphovirus Tbat1_6, complete genome
NC_071144.1	48050	81	none	0	0		NC_071144.1 Klebsiella phage VLCpiS13f, complete genome
NC_071145.1	47720	78	none	0	0		NC_071145.1 Klebsiella phage VLCpiS13e, complete genome
NC_071146.1	46218	84	none	0	0		NC_071146.1 Klebsiella phage vB_KpnS_MK54, complete genome
NC_071147.1	45696	78	none	0	0		NC_071147.1 Klebsiella phage KP591P1, complete genome
NC_071148.1	45716	78	none	0	0		NC_071148.1 Klebsiella phage KP591P3, complete genome
NC_071149.1	48797	80	none	0	0		NC_071149.1 Klebsiella phage vB_Kpn_ZCKp20p, complete genome
NC_071150.1	48490	83	none	0	0		NC_071150.1 Klebsiella phage ZCKP8, complete genome
NC_071151.1	48258	83	none	0	0		NC_071151.1 Klebsiella phage ZCKP2, complete genome
NC_071152.1	47956	80	none	0	0		NC_071152.1 Klebsiella phage VLCpiS13a, complete genome
NC_071153.1	46774	81	none	0	0		NC_071153.1 Klebsiella phage BUCT610, complete genome
NC_071154.1	46100	73	none	0	0		NC_071154.1 Klebsiella phage BUCT541, complete genome
NC_071155.1	48190	79	none	1	0		NC_071155.1 Klebsiella phage VLCpiS13b, complete genome
NC_071156.1	46373	77	none	0	0		NC_071156.1 Klebsiella phage 6991, complete genome
NC_071157.1	47997	80	none	0	0		NC_071157.1 Klebsiella phage VLCpiS13c, complete genome
NC_072498.1	57839	74	none	1	0		NC_072498.1 Pseudomonas phage JG054, complete genome
NC_072499.1	58107	75	none	1	0		NC_072499.1 Xanthomonas phage vB_Xar_IVIA-DoCa3, complete genome
NC_072500.1	57919	73	none	1	0		NC_072500.1 Pseudomonas phage vB_PaeS_PAJD-1, complete genome
NC_072501.1	58277	81	none	1	0		NC_072501.1 Pseudomonas phage Quinobequin-P09, complete genome
NC_072502.1	60958	87	none	1	0		NC_072502.1 Pseudomonas phage MiCath, complete genome
NC_072503.1	63743	80	none	1	0		NC_072503.1 Sphingomonas phage vB_StuS_MMDA13, complete genome
NC_072504.1	42318	54	none	1	0		NC_072504.1 Stenotrophomonas phage vB_SM_ytsc_ply2008005c, complete genome
NC_072809.1	42622	58	none	0	0		NC_072809.1 Pseudomonas phage vB_PaeS_SCUT-S3, complete genome
NC_072810.1	42567	53	none	1	0		NC_072810.1 Pseudomonas phage UF_RH1, complete genome
NC_072811.1	42858	53	none	0	0		NC_072811.1 Escherichia phage Halfdan, complete genome
NC_073022.1	43329	71	none	0	0		NC_073022.1 Hafnia phage yong1, complete genome
NC_073023.1	43318	57	none	0	0		NC_073023.1 Sphingomonas phage Eidolon, complete genome
NC_073024.1	43408	53	none	0	0		NC_073024.1 Sphingomonas phage Kharn, complete genome
NC_073025.1	44200	57	none	0	0		NC_073025.1 Sphingomonas phage Lucius, complete genome
NC_073026.1	56408	73	none	1	0		NC_073026.1 Xanthomonas phage vB_Xar_IVIA-DoCa5, complete genome
NC_073027.1	61660	79	none	1	0		NC_073027.1 Stenotrophomonas phage A1432, complete genome
NC_073028.1	61862	78	none	1	0		NC_073028.1 Stenotrophomonas phage vB_Sm_QDWS359, complete genome
NC_073029.1	62341	83	none	1	0		NC_073029.1 Xanthomonas phage Elanor, complete genome
NC_073030.1	59242	78	none	1	0		NC_073030.1 Xanthomonas phage Mallos, complete genome
NC_073031.1	58220	74	none	1	0		NC_073031.1 Janthinobacterium phage vB_JliM-Donnerlittchen, complete genome
NC_073032.1	64088	84	none	1	0		NC_073032.1 Xanthomonas phage FMYAK-P1, complete genome
NC_073033.1	63783	80	none	1	0		NC_073033.1 Xanthomonas phage Xp12, complete genome
NC_073034.1	63962	82	none	1	0		NC_073034.1 Stenotrophomonas phage vB_SmaS-AXL_1, complete genome
NC_073035.1	62951	81	none	1	0		NC_073035.1 Xanthomonas phage vB_Xar_IVIA-DoCa6, complete genome
NC_073036.1	64024	83	none	1	0		NC_073036.1 Xanthomonas phage vB_Xar_IVIA-DoCa10, complete genome
NC_073037.1	57666	75	none	1	0		NC_073037.1 Pseudomonas phage phiH2, complete genome
NC_073038.1	57599	76	none	1	0		NC_073038.1 Pseudomonas phage AAT-1, complete genome
NC_073039.1	57600	74	none	1	0		NC_073039.1 Pseudomonas phage phiH1, complete genome
NC_073040.1	39549	55	none	0	0		NC_073040.1 Bacillus phage AP631, complete genome
NC_073041.1	38067	51	none	0	0		NC_073041.1 Bacillus anthracis phage Gamma isolate 53, complete genome
NC_073042.1	40165	57	none	0	0		NC_073042.1 Bacillus phage Carmel_SA, complete genome
NC_073043.1	38554	52	none	0	0		NC_073043.1 Bacillus phage F16Ba, complete genome
NC_073044.1	40375	58	none	0	0		NC_073044.1 Bacillus phage Negev_SA, complete genome
NC_073045.1	39748	56	none	0	0		NC_073045.1 Bacillus Phage vB_BanS_McSteamy, complete genome
NC_073046.1	39660	58	none	0	0		NC_073046.1 Bacillus phage vB_BanS_Booya, complete genome
NC_073047.1	40397	62	none	0	0		NC_073047.1 Bacillus phage Tavor_SA, complete genome
NC_073048.1	40353	61	none	0	0		NC_073048.1 Bacillus phage J5a, complete genome
NC_073049.1	39399	56	none	0	0		NC_073049.1 Bacillus phage z1a, complete genome
NC_073050.1	164756	238	none	0	1		NC_073050.1 Bacillus phage FADO, complete genome
NC_073051.1	37268	48	none	0	0		NC_073051.1 Escherichia phage PEC14, complete genome
NC_073052.1	44804	58	none	0	0		NC_073052.1 Escherichia phage JLBYU60, complete genome
NC_073053.1	41800	51	none	0	0		NC_073053.1 Escherichia phage vB_EcoD_Teewinot, complete genome
NC_073054.1	45011	59	none	0	0		NC_073054.1 Escherichia phage JLBYU37, complete genome
NC_073055.1	44488	61	none	0	0		NC_073055.1 Escherichia phage vB_EcoD_Opt212, complete genome
NC_073056.1	46017	60	none	0	0		NC_073056.1 Escherichia phage rolling, complete genome
NC_073057.1	43104	60	none	0	0		NC_073057.1 Escherichia phage KarlBarth, complete genome
NC_073058.1	45536	61	none	0	0		NC_073058.1 Escherichia phage vB_EcoS_WFI, complete genome
NC_073059.1	45243	59	none	0	0		NC_073059.1 Escherichia phage vB_EcoS-CHD5UKE2, complete genome
NC_073060.1	47082	66	none	0	0		NC_073060.1 Escherichia phage vB_EcoS_WF5505, complete genome
NC_073061.1	45251	60	none	0	0		NC_073061.1 Escherichia phage vB_EcoS-101114BS4, complete genome
NC_073062.1	43627	57	none	0	0		NC_073062.1 Escherichia phage TheodorHerzl, complete genome
NC_073063.1	43945	55	none	0	0		NC_073063.1 Escherichia phage vB_EcoS_PNS1, complete genome
NC_073064.1	45904	61	none	0	0		NC_073064.1 Escherichia phage vB_EcoS_PTXU06, complete genome
NC_073065.1	45901	62	none	0	0		NC_073065.1 Escherichia phage vB_EcoS_Zar3M, complete genome
NC_073066.1	44295	55	none	0	0		NC_073066.1 Escherichia phage GeorgBuechner, complete genome
NC_073067.1	44550	56	none	0	0		NC_073067.1 Escherichia phage PaulFeyerabend, complete genome
NC_073068.1	44476	56	none	0	0		NC_073068.1 Escherichia phage vB_EcoD_Pubbukkers, complete genome
NC_073069.1	44283	57	none	0	0		NC_073069.1 Escherichia phage B2, complete genome
NC_073070.1	44283	57	none	0	0		NC_073070.1 Escherichia phage CEC_Kaz_2018, complete genome
NC_073071.1	44798	58	none	0	0		NC_073071.1 Escherichia phage SECphi18 genome assembly, complete genome: monopartite
NC_073072.1	45256	60	none	0	0		NC_073072.1 Escherichia phage bob, complete genome
NC_073073.1	44443	62	none	0	0		NC_073073.1 Escherichia phage mckay, complete genome
NC_073074.1	44281	57	none	0	0		NC_073074.1 Escherichia phage UAE_MI-01, complete genome
NC_073075.1	44776	58	none	0	0		NC_073075.1 Escherichia phage ZCEC10, complete genome
NC_073076.1	44417	59	none	0	0		NC_073076.1 Escherichia phage jat, complete genome
NC_073077.1	42624	56	none	0	0		NC_073077.1 Escherichia phage vB_Eco_Maverick genome assembly, chromosome: 1
NC_073078.1	45207	58	none	0	0		NC_073078.1 Escherichia phage welsh, complete genome
NC_073079.1	44583	60	none	0	0		NC_073079.1 Escherichia phage vB_EcoD_Over9000, complete genome
NC_073080.1	44849	59	none	0	0		NC_073080.1 Escherichia phage EC115, complete genome
NC_073081.1	44887	59	none	0	0		NC_073081.1 Escherichia phage vB_EcoS_Sponge, complete genome
NC_073082.1	44715	58	none	0	0		NC_073082.1 Shigella phage vB_SboD_StarDew, complete genome
NC_073083.1	44963	59	none	0	0		NC_073083.1 Escherichia phage BF9, complete genome
NC_073084.1	44612	60	none	0	0		NC_073084.1 Escherichia phage vb_EcoS_bov22_1, complete genome
NC_073085.1	45204	61	none	0	0		NC_073085.1 Escherichia phage vB_EcoS_011D5, complete genome
NC_073086.1	45204	59	none	0	0		NC_073086.1 Escherichia phage vB_EcoS_L-h 1M, complete genome
NC_073087.1	44825	56	none	0	0		NC_073087.1 Escherichia phage Gluttony_ev152 genome assembly, chromosome: 1
NC_073088.1	45201	56	none	0	0		NC_073088.1 Escherichia phage PC2, complete genome
NC_073089.1	44882	58	none	0	0		NC_073089.1 Escherichia phage Oekolampad, complete genome
NC_073090.1	37369	61	none	0	0		NC_073090.1 Bacillus phage vB_BanS_Athena, complete genome
NC_073091.1	52629	84	none	0	0		NC_073091.1 Bacillus phage 0105phi7-2, complete genome
NC_073092.1	45510	68	none	1	0		NC_073092.1 Xanthomonas phage Suba genome assembly, chromosome: 1
NC_073093.1	44239	67	none	0	0		NC_073093.1 Xanthomonas phage Langgrundblatt1, complete genome
NC_073094.1	44768	66	none	0	0		NC_073094.1 Xanthomonas phage Langgrundblatt2, complete genome
NC_073095.1	43791	65	none	0	0		NC_073095.1 Xanthomonas phage Pfeifenkraut, complete genome
NC_073169.1	41392	63	none	0	0		NC_073169.1 Salmonella phage SS5, complete genome
NC_073170.1	42147	64	none	0	0		NC_073170.1 Salmonella phage SE-W109, complete genome
NC_073171.1	42375	59	none	0	0		NC_073171.1 Salmonella phage horsemountain, complete genome
NC_073172.1	42879	65	none	0	0		NC_073172.1 Salmonella phage skrot, complete genome
NC_073173.1	41993	61	none	0	0		NC_073173.1 Salmonella phage blauehaus, complete genome
NC_073174.1	40748	60	none	0	0		NC_073174.1 Salmonella phage wast, complete genome
NC_073177.1	43221	59	none	0	0		NC_073177.1 Salmonella phage vB_StyS-sam DNA, complete genome
NC_073178.1	42813	59	none	0	0		NC_073178.1 Salmonella phage vB_SenS_TUMS_E19, complete genome
NC_073179.1	43018	58	none	0	0		NC_073179.1 Salmonella phage vB_SenS_TUMS_E4, complete genome
NC_073180.1	41598	59	none	0	0		NC_073180.1 Salmonella phage templet, complete genome
NC_073181.1	43760	60	none	0	0		NC_073181.1 Salmonella phage 5sent1, complete genome
NC_073183.1	43747	58	none	0	0		NC_073183.1 Salmonella phage NBSal007, complete genome
NC_073184.1	43628	60	none	0	0		NC_073184.1 Salmonella phage F12013, complete genome
NC_073185.1	41332	57	none	0	0		NC_073185.1 Salmonella phage PBSE191, complete genome
NC_073186.1	42425	58	none	0	0		NC_073186.1 Salmonella phage vB_SenS_PVP-SE2, complete genome
NC_073187.1	42894	62	none	0	0		NC_073187.1 Salmonella phage vB_SenS-EnJE1, complete genome
NC_073188.1	43620	63	none	0	0		NC_073188.1 Salmonella phage vB_SenS_S532, complete genome
NC_073189.1	44880	65	none	0	0		NC_073189.1 Salmonella phage JD01, complete genome
NC_073190.1	42662	65	none	0	0		NC_073190.1 Salmonella phage vB_SenS_S528, complete genome
NC_073191.1	43129	64	none	0	0		NC_073191.1 Salmonella phage vB_SenS-EnJE6, complete genome
NC_073192.1	42378	62	none	0	0		NC_073192.1 Salmonella phage F118P13, complete genome
NC_073193.1	43324	64	none	0	0		NC_073193.1 Salmonella phage vB_SalS-S10, complete genome
NC_073194.1	43359	64	none	0	0		NC_073194.1 Salmonella phage vB_SalP_LDW16, complete genome
NC_073195.1	42541	65	none	0	0		NC_073195.1 Salmonella phage Shelanagig, complete genome
NC_073196.1	41850	64	none	0	0		NC_073196.1 Salmonella phage NBSal006, complete genome
NC_073197.1	43125	60	none	0	0		NC_073197.1 Salmonella phage vB_SenS_ER23, complete genome
NC_073198.1	42503	61	none	0	0		NC_073198.1 Salmonella phage vB_SenS_ER21, complete genome
NC_073199.1	42439	62	none	0	0		NC_073199.1 Salmonella phage S102, complete genome
NC_073200.1	43468	64	none	0	0		NC_073200.1 Salmonella phage S100, complete genome
NC_073201.1	43985	63	none	0	0		NC_073201.1 Salmonella phage dunkel, complete genome
NC_073202.1	43193	67	none	0	0		NC_073202.1 Salmonella phage celemicas, complete genome
NC_073203.1	43205	63	none	0	0		NC_073203.1 Salmonella phage MET_P1_001_43, complete genome
NC_073204.1	41854	60	none	0	0		NC_073204.1 Salmonella phage LPSE1, complete genome
NC_073205.1	42600	57	none	0	0		NC_073205.1 Salmonella phage LP31, complete genome
NC_073206.1	42160	59	none	0	0		NC_073206.1 Salmonella phage CTH7, complete genome
NC_073207.1	40629	55	none	0	0		NC_073207.1 Salmonella phage SHWT1, complete genome
NC_073208.1	40781	55	none	0	0		NC_073208.1 Salmonella phage SLMP1, complete genome
NC_073209.1	42078	55	none	0	0		NC_073209.1 Salmonella phage GRNsp50, complete genome
NC_073210.1	40731	58	none	0	0		NC_073210.1 Salmonella phage fmb-p1, complete genome
NC_073211.1	41941	56	none	0	0		NC_073211.1 Salmonella phage T102, complete genome
NC_073212.1	42689	65	none	0	0		NC_073212.1 Salmonella phage ZCSE9, complete genome
NC_073213.1	41147	60	none	0	0		NC_073213.1 Salmonella phage vB_SenS_SB3, complete genome
NC_073214.1	42847	65	none	0	0		NC_073214.1 Salmonella phage vB_SenS_ER1, complete genome
NC_073215.1	42345	61	none	0	0		NC_073215.1 Salmonella phage SGPC, complete genome
NC_073216.1	43428	74	none	0	0		NC_073216.1 Salmonella phage STP03, complete genome
NC_073217.1	43203	71	none	0	0		NC_073217.1 Salmonella phage pink, complete genome
NC_073218.1	43605	56	none	0	0		NC_073218.1 Salmonella phage demigod, complete genome
NC_073219.1	42124	57	none	0	0		NC_073219.1 Salmonella phage sidste, complete genome
NC_073315.1	43947	73	none	0	0		NC_073315.1 Escherichia phage vB_EcoS_fFiEco03, complete genome
NC_073316.1	44723	72	none	0	0		NC_073316.1 Escherichia phage vB_EcoS_fFiEco02, complete genome
NC_073317.1	44391	73	none	0	0		NC_073317.1 Escherichia phage vB_EcoS_fPoEco01, complete genome
NC_073318.1	44240	74	none	0	0		NC_073318.1 Escherichia phage NTEC3, complete genome
NC_073319.1	43969	77	none	0	0		NC_073319.1 Escherichia phage SZH-1, complete genome
NC_073320.1	42462	72	none	0	0		NC_073320.1 Escherichia phage 26, complete genome
NC_073321.1	43372	74	none	0	0		NC_073321.1 Escherichia phage ZCEC5, complete genome
NC_073322.1	42145	71	none	0	0		NC_073322.1 Escherichia phage vB_EcoS-Ro145c2YLVW, complete genome
NC_073323.1	45288	80	none	0	0		NC_073323.1 Escherichia phage vB_EcoS-phiEc3, complete genome
NC_073324.1	45176	76	none	0	0		NC_073324.1 Escherichia phage vB_EcoS-22664BS2, complete genome
NC_073325.1	45566	76	none	0	0		NC_073325.1 Escherichia phage vB_EcoS_XY1, complete genome
NC_073326.1	58238	86	none	0	0		NC_073326.1 Arthrobacter phage Teacup, complete genome
NC_073327.1	58405	89	none	0	0		NC_073327.1 Arthrobacter phage Niktson, complete genome
NC_073328.1	58839	90	none	0	0		NC_073328.1 Arthrobacter phage Nightmare, complete genome
NC_073329.1	57822	86	none	0	0		NC_073329.1 Arthrobacter phage Breylor17, complete genome
NC_073330.1	57542	89	none	0	0		NC_073330.1 Arthrobacter phage Synepsis, complete genome
NC_073331.1	58377	88	none	0	0		NC_073331.1 Arthrobacter phage CastorTray, complete genome
NC_073332.1	58120	90	none	0	0		NC_073332.1 Arthrobacter phage Tatanka, complete genome
NC_073333.1	58242	89	none	0	0		NC_073333.1 Arthrobacter phage Trustiboi, complete genome
NC_073334.1	57758	88	none	0	0		NC_073334.1 Arthrobacter phage Darby, complete genome
NC_073335.1	58044	92	none	0	0		NC_073335.1 Arthrobacter phage DevitoJr, complete genome
NC_073336.1	58217	90	none	0	0		NC_073336.1 Arthrobacter phage ScienceWizSam, complete genome
NC_073362.1	53094	88	none	1	0		NC_073362.1 Microbacterium phage Kozie, complete genome
NC_073363.1	55957	94	none	1	0		NC_073363.1 Microbacterium phage Cressida, complete genome
NC_073364.1	55686	97	none	1	0		NC_073364.1 Microbacterium phage Matzah, complete genome
NC_073365.1	55366	92	none	1	0		NC_073365.1 Microbacterium phage Cinna, complete genome
NC_073366.1	56033	95	none	1	0		NC_073366.1 Microbacterium phage Margaery, complete genome
NC_073367.1	55691	95	none	0	0		NC_073367.1 Microbacterium phage Terij, complete genome
NC_073368.1	55210	89	none	0	0		NC_073368.1 Microbacterium phage Megan, complete genome
NC_073369.1	53154	88	none	1	0		NC_073369.1 Microbacterium phage Honeyfin, complete genome
NC_073370.1	52659	86	none	1	0		NC_073370.1 Microbacterium phage Shotgun, complete genome
NC_073371.1	52987	89	none	1	0		NC_073371.1 Microbacterium phage ClearAsMud, complete genome
NC_073372.1	53614	89	none	1	0		NC_073372.1 Microbacterium phage NoodlelyBoi, complete genome
NC_073373.1	53975	84	none	0	0		NC_073373.1 Microbacterium phage Tyrumbra, complete genome
NC_073374.1	54347	94	none	0	0		NC_073374.1 Microbacterium phage Ariadne, complete genome
NC_073375.1	53352	88	none	0	0		NC_073375.1 Microbacterium phage Jayden, complete genome
NC_073376.1	53496	87	none	0	0		NC_073376.1 Microbacterium phage Teamocil, complete genome
NC_073427.1	40567	70	none	0	0		NC_073427.1 Microbacterium phage Franklin22, complete genome
NC_073428.1	41876	66	none	0	0		NC_073428.1 Microbacterium phage Quenya, complete genome
NC_073429.1	42169	64	none	0	0		NC_073429.1 Microbacterium phage Celaena, complete genome
NC_073430.1	41712	64	none	0	0		NC_073430.1 Microbacterium phage Katzastrophic, complete genome
NC_073431.1	41522	66	none	0	0		NC_073431.1 Microbacterium phage AvGardian, complete genome
NC_073432.1	42139	69	none	0	0		NC_073432.1 Microbacterium phage Elva, complete genome
NC_073433.1	41814	69	none	0	0		NC_073433.1 Microbacterium phage Stoor, complete genome
NC_073434.1	41692	68	none	0	0		NC_073434.1 Microbacterium Phage DirtyBubble, complete genome
NC_073435.1	41594	68	none	0	0		NC_073435.1 Microbacterium phage Stromboli, complete genome
NC_073436.1	42129	69	none	0	0		NC_073436.1 Microbacterium phage Arroyo, complete genome
NC_073437.1	42174	69	none	0	0		NC_073437.1 Microbacterium phage Lahqtemish, complete genome
NC_073438.1	42655	74	none	0	0		NC_073438.1 Microbacterium phage Didgeridoo, complete genome
NC_073439.1	41958	69	none	0	0		NC_073439.1 Microbacterium phage IndyLu, complete genome
NC_073440.1	40883	67	none	0	0		NC_073440.1 Microbacterium phage Albright, complete genome
NC_073441.1	41195	67	none	0	0		NC_073441.1 Microbacterium phage Doobus, complete genome
NC_073442.1	41417	69	none	0	0		NC_073442.1 Microbacterium phage Burritobowl, complete genome
NC_073443.1	41340	66	none	0	0		NC_073443.1 Microbacterium phage DickRichards, complete genome
NC_073444.1	41200	69	none	0	0		NC_073444.1 Microbacterium phage Avocadoman, complete genome
NC_073445.1	41003	68	none	0	0		NC_073445.1 Microbacterium phage Abigail, complete genome
NC_073446.1	41448	70	none	0	0		NC_073446.1 Microbacterium phage Lynlen, complete genome
NC_073447.1	41261	68	none	0	0		NC_073447.1 Microbacterium phage Kenzers, complete genome
NC_073448.1	41379	68	none	0	0		NC_073448.1 Microbacterium phage Eula, complete genome
NC_073449.1	41685	69	none	0	0		NC_073449.1 Microbacterium phage QMacho, complete genome
NC_073450.1	41510	69	none	0	0		NC_073450.1 Microbacterium phage Swervy, complete genome
NC_073451.1	41147	67	none	0	0		NC_073451.1 Microbacterium phage Jovita, complete genome
NC_073452.1	41814	68	none	0	0		NC_073452.1 Microbacterium phage BubbaBear, complete genome
NC_073453.1	41471	67	none	0	0		NC_073453.1 Microbacterium phage CroZenni, complete genome
NC_073454.1	41531	69	none	0	0		NC_073454.1 Microbacterium phage SansAfet, complete genome
NC_073455.1	41665	67	none	0	0		NC_073455.1 Microbacterium phage AnnaLie, complete genome
NC_073456.1	69165	96	none	0	0		NC_073456.1 Rhodococcus phage ChewyVIII, complete genome
NC_073457.1	34742	54	none	0	0		NC_073457.1 Streptomyces phage Chymera, complete genome
NC_073458.1	37429	45	none	0	0		NC_073458.1 Corynebacterium phage EmiRose, complete genome
NC_073459.1	47895	75	none	0	0		NC_073459.1 Gordonia phage Finkle, complete genome
NC_073460.1	39738	76	none	0	0		NC_073460.1 Microbacterium phage Footloose, complete genome
NC_073461.1	129136	155	none	0	0		NC_073461.1 Streptomyces phage Gilgamesh, complete genome
NC_073462.1	56362	96	none	0	0		NC_073462.1 Streptomyces phage Ibantik, complete genome
NC_073463.1	38341	58	none	0	0		NC_073463.1 Mycobacterium phage IdentityCrisis, complete genome
NC_073464.1	49798	86	none	0	0		NC_073464.1 Mycobacterium phage LilSpotty, complete genome
NC_073465.1	54301	80	none	0	0		NC_073465.1 Mycobacterium phage MalagasyRose, complete genome
NC_073466.1	33432	49	none	1	0		NC_073466.1 Microbacterium phage OscarSo, complete genome
NC_073467.1	16662	23	none	1	0		NC_073467.1 Microbacterium phage PineapplePizza, complete genome
NC_073468.1	186095	306	none	1	0		NC_073468.1 Microbacterium phage Pumpernickel, complete genome
NC_073469.1	42211	65	none	0	0		NC_073469.1 Arthrobacter phage Shambre1, complete genome
NC_073470.1	45431	64	none	0	0		NC_073470.1 Microbacterium phage Shocker, complete genome
NC_073471.1	35189	52	none	0	0		NC_073471.1 Rothia phage Spartoi, complete genome
NC_073472.1	57163	80	none	0	0		NC_073472.1 Streptomyces phage Success, complete genome
NC_073473.1	93606	124	none	0	0		NC_073473.1 Streptomyces phage TurkishDelight, complete genome
NC_073474.1	84560	158	none	0	0		NC_073474.1 Gordonia phage VanLee, complete genome
NC_073475.1	46226	65	none	1	0		NC_073475.1 Rhodococcus phage Mbo4, complete genome
NC_073476.1	18290	22	none	1	0		NC_073476.1 Curtobacterium phage Pize, complete genome
NC_073477.1	17554	20	none	1	0		NC_073477.1 Curtobacterium phage Reje, complete genome
NC_073478.1	17827	21	none	0	0		NC_073478.1 Bifidobacterium phage BD811P2, complete genome
NC_073479.1	18418	25	none	0	0		NC_073479.1 Glutamicibacter phage Voltaire genome assembly, complete genome: monopartite
NC_073480.1	18277	21	none	1	0		NC_073480.1 Rhizobium phage RHph_N3_8, complete genome
NC_073481.1	14601	20	none	0	0		NC_073481.1 Clostridium phage CI461P1, complete genome
NC_073482.1	14205	18	none	0	0		NC_073482.1 Clostridium phage CI55P1, complete genome
NC_073483.1	38137	54	none	0	0		NC_073483.1 Streptomyces phage Ignacio, complete genome
NC_073484.1	37409	56	none	0	0		NC_073484.1 Streptomyces phage Eklok, complete genome
NC_073485.1	37765	58	none	0	0		NC_073485.1 Streptomyces phage AxeJC, complete genome
NC_073486.1	37129	54	none	0	0		NC_073486.1 Streptomyces phage Vondra, complete genome
NC_073487.1	38234	55	none	0	0		NC_073487.1 Streptomyces phage HFrancette, complete genome
NC_073488.1	37566	56	none	0	0		NC_073488.1 Streptomyces phage Cumberbatch, complete genome
NC_073489.1	37544	56	none	0	0		NC_073489.1 Streptomyces phage Piccadilly, complete genome
NC_073490.1	37536	56	none	0	0		NC_073490.1 Streptomyces phage Eastland, complete genome
NC_073588.1	42378	66	none	1	0		NC_073588.1 Arthrobacter phage Nandita, complete genome
NC_073589.1	43182	68	none	1	0		NC_073589.1 Arthrobacter phage Ryan, complete genome
NC_073590.1	41834	62	none	1	0		NC_073590.1 Arthrobacter phage Cole, complete genome
NC_073591.1	42874	65	none	1	0		NC_073591.1 Arthrobacter phage Zaheer, complete genome
NC_073592.1	41822	66	none	1	0		NC_073592.1 Arthrobacter phage Popper, complete genome
NC_073593.1	42954	62	none	1	0		NC_073593.1 Arthrobacter phage Elesar, complete genome
NC_073594.1	50446	90	none	1	0		NC_073594.1 Arthrobacter phage Bauer, complete genome
NC_073595.1	15013	23	none	0	0		NC_073595.1 Arthrobacter phage Noely, complete genome
NC_073596.1	15771	25	none	1	0		NC_073596.1 Arthrobacter phage Corgi, complete genome
NC_073597.1	15675	18	none	1	0		NC_073597.1 Arthrobacter phage Idaho, complete genome
NC_073598.1	16302	25	none	1	0		NC_073598.1 Arthrobacter phage BlueFeather, complete genome
NC_073599.1	15369	22	none	1	0		NC_073599.1 Arthrobacter phage Whytu, complete genome
NC_073600.1	15193	23	none	1	0		NC_073600.1 Arthrobacter phage Yavru, complete genome
NC_073601.1	94775	172	none	0	0		NC_073601.1 Pseudomonas phage EM, complete genome
NC_073602.1	93536	168	none	0	0		NC_073602.1 Pseudomonas phage SPA01, complete genome
NC_073603.1	93975	175	none	0	0		NC_073603.1 Pseudomonas phage PaGz-1, complete genome
NC_073604.1	93656	176	none	0	0		NC_073604.1 Pseudomonas phage SPA05, complete genome
NC_073605.1	92730	172	none	0	0		NC_073605.1 Pseudomonas phage ITTPL, complete genome
NC_073606.1	93031	172	none	0	0		NC_073606.1 Pseudomonas phage pPA-3099-2aT.2, complete genome
NC_073607.1	94315	173	none	0	0		NC_073607.1 Pseudomonas phage PaZq-1, complete genome
NC_073608.1	92558	173	none	0	0		NC_073608.1 Pseudomonas phage Henu5, complete genome
NC_073609.1	91394	166	none	0	0		NC_073609.1 Pseudomonas phage vB_PaM_EPA1, complete genome
NC_073610.1	92408	168	none	0	0		NC_073610.1 Pseudomonas phage PhL_UNISO_PA-DSM_ph0034, complete genome
NC_073611.1	91700	165	none	0	0		NC_073611.1 Pseudomonas phage vB_Pae_Kat, complete genome
NC_073612.1	91543	167	none	0	0		NC_073612.1 Pseudomonas phage 20Sep416, complete genome
NC_073613.1	92319	171	none	0	0		NC_073613.1 Pseudomonas phage vB_PaeM_LCK69, complete genome
NC_073614.1	92420	170	none	0	0		NC_073614.1 Pseudomonas phage vB_PaeM_B31, complete genome
NC_073615.1	92114	167	none	0	0		NC_073615.1 Pseudomonas phage HJ01, complete genome
NC_073616.1	92835	170	none	0	0		NC_073616.1 Pseudomonas phage vB_PaeS_B8, complete genome
NC_073617.1	93296	171	none	0	0		NC_073617.1 Pseudomonas phage YS35, complete genome
NC_073618.1	91901	169	none	0	0		NC_073618.1 Pseudomonas phage vB_PaeM_B55, complete genome
NC_073619.1	92467	169	none	0	0		NC_073619.1 Pseudomonas phage vB_PA45_GUMS, complete genome
NC_073620.1	92393	171	none	0	0		NC_073620.1 Pseudomonas phage phipa10, complete genome
NC_073621.1	88705	160	none	0	0		NC_073621.1 Pseudomonas phage vB_Paer_Ps12, complete genome
NC_073622.1	92515	169	none	0	0		NC_073622.1 Pseudomonas phage vB_Paer_PsIn, complete genome
NC_073623.1	92710	171	none	0	0		NC_073623.1 Pseudomonas phage vB_Paer_PsCh, complete genome
NC_073672.1	63654	68	none	0	0		NC_073672.1 Pseudomonas phage PA8, complete genome
NC_073673.1	62874	67	none	0	0		NC_073673.1 Pseudomonas phage vB_PaeP_E220, complete genome
NC_073674.1	64149	65	none	0	0		NC_073674.1 Pseudomonas phage phiC725A genome assembly
NC_073675.1	64746	68	none	0	0		NC_073675.1 Pseudomonas phage LKA5, complete genome
NC_073676.1	64021	71	none	0	0		NC_073676.1 Pseudomonas phage Epa33, complete genome
NC_073677.1	94844	172	none	0	0		NC_073677.1 Pseudomonas phage PHB09, complete genome
NC_073678.1	97330	175	none	0	0		NC_073678.1 Pseudomonas phage PPSC2, complete genome
NC_073679.1	97636	173	none	1	0		NC_073679.1 Pseudomonas phage Kremar, complete genome
NC_073680.1	98536	171	none	0	0		NC_073680.1 Pseudomonas phage M5.1, complete genome
NC_073681.1	98440	174	none	0	0		NC_073681.1 Pseudomonas phage psageK4, complete genome
NC_073682.1	94020	164	none	0	0		NC_073682.1 Pseudomonas phage psageK4e, complete genome
NC_073683.1	98951	177	none	0	0		NC_073683.1 Pseudomonas phage phiPsa397, complete genome
NC_073684.1	98800	177	none	0	0		NC_073684.1 Pseudomonas phage phiPsa381, complete genome
NC_073685.1	99689	176	none	0	0		NC_073685.1 Pseudomonas phage phiPsa347, complete genome
NC_073686.1	100180	178	none	0	0		NC_073686.1 Pseudomonas phage phiPsa267, complete genome
NC_073687.1	99272	179	none	0	0		NC_073687.1 Pseudomonas phage phiPsa300, complete genome
NC_073688.1	98739	173	none	0	0		NC_073688.1 Pseudomonas phage phiPsa315, complete genome
NC_073689.1	99455	179	none	0	0		NC_073689.1 Pseudomonas phage PE09, complete genome
NC_073690.1	99229	179	none	0	0		NC_073690.1 Pseudomonas phage PN09, complete genome
NC_073747.1	28946	39	none	0	0		NC_073747.1 Salmonella phage STYP1, complete genome
NC_073748.1	6722	8	none	0	0		NC_073748.1 Vibrio phage pre-CTX, complete genome
NC_073749.1	5215	8	none	0	0		NC_073749.1 Vibrio phage pre-CTX, complete genome
NC_073750.1	7180	11	none	0	1		NC_073750.1 Vibrio phage VP24-2_Ke, complete genome
NC_073751.1	6608	10	none	0	0		NC_073751.1 Erwinia phage PEar6, complete genome
NC_073752.1	6454	12	none	0	0		NC_073752.1 Xanthomonas phage Cf2, complete genome
NC_073753.1	6372	12	none	0	1		NC_073753.1 Xanthomonas phage phiLf2, complete genome
NC_073754.1	6062	11	none	0	0		NC_073754.1 Xanthomonas phage phiLF, complete genome
NC_073755.1	6564	12	none	0	0		NC_073755.1 Xanthomonas phage phiXv2, complete genome
NC_073756.1	10061	14	none	0	0		NC_073756.1 Pseudomonas phage pf8_ST274-AUS411, complete genome
NC_073757.1	7540	10	none	0	0		NC_073757.1 Ralstonia phage RSBg, complete genome
NC_073758.1	6117	8	none	0	0		NC_073758.1 Vibrio phage VAI1, complete genome
NC_073759.1	8529	13	none	0	0		NC_073759.1 Vibrio phage VALG_phi6, complete genome
NC_073760.1	7311	10	none	0	0		NC_073760.1 Vibrio phage VALG_phi8, complete genome
NC_073761.1	7878	13	none	0	0		NC_073761.1 Spiroplasma phage SVGII3, complete genome
NC_073762.1	3878	3	none	0	0		NC_073762.1 TPA: SsRNA phage Gephyllon.2_13 genomic sequence
NC_073763.1	3999	3	none	0	0		NC_073763.1 TPA: SsRNA phage Gerhypos.2_20 genomic sequence
NC_073764.1	4073	4	none	0	0		NC_073764.1 TPA: SsRNA phage SRR7976325_2 genomic sequence
NC_073765.1	3670	3	none	0	0		NC_073765.1 TPA: SsRNA phage SRR7976299_3 genomic sequence
NC_073766.1	4169	5	none	0	0		NC_073766.1 TPA: SsRNA phage SRR5466365_1 genomic sequence
NC_073767.1	3976	4	none	0	0		NC_073767.1 TPA: SsRNA phage SRR5466725_3 genomic sequence
NC_073768.1	3727	3	none	0	0		NC_073768.1 TPA: SsRNA phage ESE020 genomic sequence
NC_073769.1	3862	3	none	0	0		NC_073769.1 TPA: SsRNA phage SRR5466728_1 genomic sequence
NC_073770.1	3818	4	none	0	0		NC_073770.1 TPA: SsRNA phage Gerhypos.4_36 genomic sequence
NC_073771.1	3867	3	none	0	0		NC_073771.1 TPA: SsRNA phage Gephyllon.4_5 genomic sequence
NC_073772.1	3420	3	none	0	0		NC_073772.1 TPA: SsRNA phage SRR7976301_2 genomic sequence
NC_073773.1	4294	4	none	0	0		NC_073773.1 TPA: SsRNA phage Gerhypos.2_38 genomic sequence
NC_073774.1	3615	3	none	0	0		NC_073774.1 TPA: SsRNA phage SRR6254353_1 genomic sequence
NC_073775.1	4222	4	none	0	0		NC_073775.1 TPA: SsRNA phage SRR6960509_2 genomic sequence
NC_073776.1	3944	4	none	0	0		NC_073776.1 TPA: SsRNA phage Gerhypos.2_22 genomic sequence
NC_073777.1	4096	4	none	0	0		NC_073777.1 TPA: SsRNA phage Gephyllon.2_10 genomic sequence
NC_073778.1	4058	4	none	0	0		NC_073778.1 TPA: SsRNA phage Gephyllon.3_17 genomic sequence
NC_073779.1	3980	4	none	0	0		NC_073779.1 TPA: SsRNA phage SRR5467090_1 genomic sequence
NC_073780.1	3791	3	none	0	0		NC_073780.1 TPA: SsRNA phage SRR7976356_4 genomic sequence
NC_073781.1	4212	4	none	0	0		NC_073781.1 TPA: SsRNA phage Zoerhiza.4_1 genomic sequence
NC_073782.1	3545	3	none	0	0		NC_073782.1 TPA: SsRNA phage SRR6050738_1 genomic sequence
NC_073783.1	4535	4	none	0	0		NC_073783.1 TPA: SsRNA phage SRR7976310_1 genomic sequence
NC_073784.1	3634	3	none	0	0		NC_073784.1 TPA: SsRNA phage SRR5466728_2 genomic sequence
NC_073785.1	4072	5	none	0	0		NC_073785.1 TPA: SsRNA phage Gerhypos.2_18 genomic sequence
NC_073786.1	3966	4	none	0	0		NC_073786.1 TPA: SsRNA phage Esthiorhiza.2_46 genomic sequence
NC_073787.1	3529	3	none	0	0		NC_073787.1 TPA: SsRNA phage Esthiorhiza.3_13 genomic sequence
NC_073788.1	4022	4	none	0	0		NC_073788.1 TPA: SsRNA phage Gerhypos.1_5 genomic sequence
NC_073789.1	3973	4	none	0	0		NC_073789.1 TPA: SsRNA phage Gerhypos.1_41 genomic sequence
NC_073790.1	4257	4	none	0	0		NC_073790.1 TPA: SsRNA phage Gerhypos.4_10 genomic sequence
NC_073791.1	4044	5	none	0	0		NC_073791.1 TPA: SsRNA phage Zoerhiza.3_1 genomic sequence
NC_073792.1	3596	4	none	0	0		NC_073792.1 TPA: SsRNA phage SRR7976357_3 genomic sequence
NC_073793.1	3710	3	none	0	0		NC_073793.1 TPA: SsRNA phage SRR6960509_1 genomic sequence
NC_073794.1	4075	3	none	0	0		NC_073794.1 TPA: SsRNA phage Zoerhiza.1_9 genomic sequence
NC_073795.1	3622	2	none	0	0		NC_073795.1 TPA: SsRNA phage SRR5466337_1 genomic sequence
NC_073796.1	4261	5	none	0	0		NC_073796.1 TPA: SsRNA phage SRR6960803_3 genomic sequence
NC_073797.1	4061	4	none	0	0		NC_073797.1 TPA: SsRNA phage SRR7976356_3 genomic sequence
NC_073798.1	3923	4	none	0	0		NC_073798.1 TPA: SsRNA phage SRR7976326_2 genomic sequence
NC_073799.1	3655	3	none	0	0		NC_073799.1 TPA: SsRNA phage SRR5467139_1 genomic sequence
NC_073800.1	3870	3	none	0	0		NC_073800.1 TPA: SsRNA phage SRR5467091_2 genomic sequence
NC_073801.1	3590	4	none	0	0		NC_073801.1 TPA: SsRNA phage SRR5466364_2 genomic sequence
NC_073802.1	3570	4	none	0	0		NC_073802.1 TPA: SsRNA phage SRR5467091_3 genomic sequence
NC_073803.1	3587	3	none	0	0		NC_073803.1 TPA: SsRNA phage SRR6960551_2 genomic sequence
NC_073804.1	3526	4	none	0	0		NC_073804.1 TPA: SsRNA phage SRR7976325_3 genomic sequence
NC_073805.1	3708	4	none	0	0		NC_073805.1 TPA: SsRNA phage Gephyllon.1_9 genomic sequence
NC_073806.1	3924	4	none	0	0		NC_073806.1 TPA: SsRNA phage Gerhypos.4_28 genomic sequence
NC_073807.1	3970	3	none	0	0		NC_073807.1 TPA: SsRNA phage Zoerhiza.4_15 genomic sequence
NC_073808.1	3991	3	none	0	0		NC_073808.1 TPA: SsRNA phage Zoerhiza.1_12 genomic sequence
NC_073809.1	3685	2	none	0	0		NC_073809.1 TPA: SsRNA phage Esthiorhiza.3_4 genomic sequence
NC_073810.1	3902	3	none	0	0		NC_073810.1 TPA: SsRNA phage Gephyllon.2_11 genomic sequence
NC_073811.1	3757	3	none	0	0		NC_073811.1 TPA: SsRNA phage SRR7976299_1 genomic sequence
NC_073812.1	3503	3	none	0	0		NC_073812.1 TPA: SsRNA phage SRR7976299_2 genomic sequence
NC_073813.1	3799	3	none	0	0		NC_073813.1 TPA: SsRNA phage Gerhypos.2_9 genomic sequence
NC_073814.1	3679	3	none	0	0		NC_073814.1 TPA: SsRNA phage SRR6960803_1 genomic sequence
NC_073815.1	3452	3	none	0	0		NC_073815.1 TPA: SsRNA phage SRR7976301_1 genomic sequence
NC_073816.1	3680	5	none	0	0		NC_073816.1 TPA: SsRNA phage SRR7976357_4 genomic sequence
NC_073817.1	3592	3	none	0	0		NC_073817.1 TPA: SsRNA phage SRR7976356_1 genomic sequence
NC_073818.1	3867	4	none	0	0		NC_073818.1 TPA: SsRNA phage Zoerhiza.2_8 genomic sequence
NC_073819.1	4265	4	none	0	0		NC_073819.1 TPA: SsRNA phage Esthiorhiza.2_7 genomic sequence
NC_073820.1	4058	4	none	0	0		NC_073820.1 TPA: SsRNA phage Gephyllon.3_2 genomic sequence
NC_073821.1	4170	5	none	0	0		NC_073821.1 TPA: SsRNA phage Gephyllon.4_3 genomic sequence
NC_073822.1	4037	4	none	0	0		NC_073822.1 TPA: SsRNA phage Esthiorhiza.4_2 genomic sequence
NC_073823.1	3935	4	none	0	0		NC_073823.1 TPA: SsRNA phage Zoerhiza.3_2 genomic sequence
NC_073824.1	4288	4	none	0	0		NC_073824.1 TPA: SsRNA phage Zoerhiza.1_27 genomic sequence
NC_073825.1	3502	3	none	0	0		NC_073825.1 TPA: SsRNA phage ESE018 genomic sequence
NC_073826.1	3928	3	none	0	0		NC_073826.1 TPA: SsRNA phage SRR5466364_1 genomic sequence
NC_073827.1	3724	3	none	0	0		NC_073827.1 TPA: SsRNA phage SRR6960549_1 genomic sequence
NC_073828.1	3756	3	none	0	0		NC_073828.1 TPA: SsRNA phage SRR7976325_1 genomic sequence
NC_073829.1	3736	3	none	0	0		NC_073829.1 TPA: SsRNA phage SRR7976357_1 genomic sequence
NC_073830.1	3753	3	none	0	0		NC_073830.1 TPA: SsRNA phage SRR7976357_2 genomic sequence
NC_073831.1	4308	4	none	0	0		NC_073831.1 TPA: SsRNA phage SRR5466725_4 genomic sequence
NC_073832.1	3858	4	none	0	0		NC_073832.1 TPA: SsRNA phage SRR5467091_1 genomic sequence
NC_073833.1	3761	3	none	0	0		NC_073833.1 TPA: SsRNA phage SRR6960551_1 genomic sequence
NC_073834.1	3871	4	none	0	0		NC_073834.1 TPA: SsRNA phage SRR7976310_2 genomic sequence
NC_073835.1	4069	3	none	0	0		NC_073835.1 TPA: SsRNA phage Esthiorhiza.2_15 genomic sequence
NC_073836.1	3800	3	none	0	0		NC_073836.1 TPA: SsRNA phage Gerhypos.4_59 genomic sequence
NC_073837.1	3933	4	none	0	0		NC_073837.1 TPA: SsRNA phage Zoerhiza.1_36 genomic sequence
NC_073838.1	4014	4	none	0	0		NC_073838.1 TPA: SsRNA phage Zoerhiza.4_7 genomic sequence
NC_073839.1	3550	3	none	0	0		NC_073839.1 TPA: SsRNA phage Gerhypos.3_27 genomic sequence
NC_073840.1	3983	4	none	0	0		NC_073840.1 TPA: SsRNA phage Gephyllon.1_7 genomic sequence
NC_073841.1	3710	3	none	0	0		NC_073841.1 TPA: SsRNA phage Gephyllon.2_6 genomic sequence
NC_073842.1	4423	5	none	0	0		NC_073842.1 TPA: SsRNA phage SRR6960803_2 genomic sequence
NC_073843.1	3932	3	none	0	0		NC_073843.1 TPA: SsRNA phage Zoerhiza.2_26 genomic sequence
NC_073844.1	4074	3	none	0	0		NC_073844.1 TPA: SsRNA phage Gerhypos.2_41 genomic sequence
NC_073845.1	3765	3	none	0	0		NC_073845.1 TPA: SsRNA phage SRR7976356_2 genomic sequence
NC_073846.1	4229	4	none	0	0		NC_073846.1 TPA: SsRNA phage SRR5466725_2 genomic sequence
NC_073847.1	3933	3	none	0	0		NC_073847.1 TPA: SsRNA phage SRR7976326_1 genomic sequence
NC_073848.1	4420	4	none	0	0		NC_073848.1 TPA: SsRNA phage SRR6960549_2 genomic sequence
NC_073849.1	3364	3	none	0	0		NC_073849.1 TPA: SsRNA phage SRR5466725_1 genomic sequence
NC_073850.1	3634	2	none	0	0		NC_073850.1 TPA: SsRNA phage Gephyllon.1_12 genomic sequence
NC_073851.1	4513	4	none	0	0		NC_073851.1 TPA: SsRNA phage Esthiorhiza.4_4 genomic sequence
NC_073852.1	4392	4	none	0	0		NC_073852.1 TPA: SsRNA phage Gephyllon.1_2 genomic sequence
NC_073853.1	3642	3	none	0	0		NC_073853.1 TPA: SsRNA phage SRR5995670_1 genomic sequence
NC_073854.1	3543	3	none	0	0		NC_073854.1 TPA: SsRNA phage SRR7976325_5 genomic sequence
NC_073855.1	3749	3	none	0	0		NC_073855.1 TPA: SsRNA phage SRR6960803_4 genomic sequence
NC_073856.1	3669	3	none	0	0		NC_073856.1 TPA: SsRNA phage SRR6960509_4 genomic sequence
NC_073857.1	4458	4	none	0	0		NC_073857.1 TPA: SsRNA phage SRR5466725_8 genomic sequence
NC_073858.1	3575	4	none	0	0		NC_073858.1 TPA: SsRNA phage SRR7976300_7 genomic sequence
NC_073859.1	3469	4	none	0	0		NC_073859.1 TPA: SsRNA phage ESE006 genomic sequence
NC_073860.1	3934	4	none	0	0		NC_073860.1 TPA: SsRNA phage Esthiorhiza.4_3 genomic sequence
NC_073861.1	4021	4	none	0	0		NC_073861.1 TPA: SsRNA phage Gerhypos.4_17 genomic sequence
NC_073862.1	3662	3	none	0	0		NC_073862.1 TPA: SsRNA phage SRR7976325_13 genomic sequence
NC_073863.1	4311	5	none	0	0		NC_073863.1 TPA: SsRNA phage Esthiorhiza.2_44 genomic sequence
NC_073864.1	4349	5	none	0	0		NC_073864.1 TPA: SsRNA phage Zoerhiza.1_26 genomic sequence
NC_073865.1	4209	4	none	0	0		NC_073865.1 TPA: SsRNA phage Gerhypos.1_32 genomic sequence
NC_073866.1	3641	4	none	0	0		NC_073866.1 TPA: SsRNA phage Gerhypos.3_3 genomic sequence
NC_073867.1	3942	4	none	0	0		NC_073867.1 TPA: SsRNA phage Esthiorhiza.1_9 genomic sequence
NC_073868.1	3538	3	none	0	0		NC_073868.1 TPA: SsRNA phage SRR5467091_8 genomic sequence
NC_073869.1	3515	3	none	0	0		NC_073869.1 TPA: SsRNA phage SRR6960540_1 genomic sequence
NC_073870.1	3661	3	none	0	0		NC_073870.1 TPA: SsRNA phage SRR7976357_8 genomic sequence
NC_073871.1	3892	3	none	0	0		NC_073871.1 TPA: SsRNA phage SRR5466725_10 genomic sequence
NC_073872.1	3672	3	none	0	0		NC_073872.1 TPA: SsRNA phage Esthiorhiza.4_18 genomic sequence
NC_073873.1	3526	3	none	0	0		NC_073873.1 TPA: SsRNA phage SRR6960551_10 genomic sequence
NC_073874.1	4201	4	none	0	0		NC_073874.1 TPA: SsRNA phage SRR7976301_6 genomic sequence
NC_073875.1	3579	3	none	0	0		NC_073875.1 TPA: SsRNA phage SRR7976300_3 genomic sequence
NC_073876.1	4008	3	none	0	0		NC_073876.1 TPA: SsRNA phage SRR6050738_2 genomic sequence
NC_073877.1	3326	3	none	0	0		NC_073877.1 TPA: SsRNA phage SRR5995670_2 genomic sequence
NC_073878.1	4155	5	none	0	0		NC_073878.1 TPA: SsRNA phage SRR7976310_8 genomic sequence
NC_073879.1	3827	3	none	0	0		NC_073879.1 TPA: SsRNA phage SRR7976310_11 genomic sequence
NC_073880.1	4295	4	none	0	0		NC_073880.1 TPA: SsRNA phage SRR6960551_4 genomic sequence
NC_073881.1	3547	3	none	0	0		NC_073881.1 TPA: SsRNA phage SRR6960507_5 genomic sequence
NC_073882.1	3540	3	none	0	0		NC_073882.1 TPA: SsRNA phage SRR6960551_8 genomic sequence
NC_073883.1	3667	3	none	0	0		NC_073883.1 TPA: SsRNA phage SRR6960797_2 genomic sequence
NC_073884.1	3595	3	none	0	0		NC_073884.1 TPA: SsRNA phage SRR6960799_15 genomic sequence
NC_073885.1	3569	3	none	0	0		NC_073885.1 TPA: SsRNA phage SRR5208572_1 genomic sequence
NC_073886.1	4588	4	none	0	0		NC_073886.1 TPA: SsRNA phage SRR6254351_1 genomic sequence
NC_073887.1	3568	4	none	0	0		NC_073887.1 TPA: SsRNA phage SRR6049586_1 genomic sequence
NC_073888.1	3716	4	none	0	0		NC_073888.1 TPA: SsRNA phage SRR6960799_21 genomic sequence
NC_073889.1	3739	4	none	0	0		NC_073889.1 TPA: SsRNA phage SRR6960799_22 genomic sequence
NC_073890.1	3554	3	none	0	0		NC_073890.1 TPA: SsRNA phage SRR6960799_23 genomic sequence
NC_073891.1	3631	4	none	0	0		NC_073891.1 TPA: SsRNA phage SRR7976299_11 genomic sequence
NC_073892.1	3655	3	none	0	0		NC_073892.1 TPA: SsRNA phage ESE029 genomic sequence
NC_073893.1	3931	3	none	0	0		NC_073893.1 TPA: SsRNA phage Zoerhiza.2_7 genomic sequence
NC_073894.1	3384	3	none	0	0		NC_073894.1 TPA: SsRNA phage Esthiorhiza.2_36 genomic sequence
NC_073895.1	3536	3	none	0	0		NC_073895.1 TPA: SsRNA phage SRR6960551_9 genomic sequence
NC_073896.1	3901	4	none	0	0		NC_073896.1 TPA: SsRNA phage Gephyllon.2_12 genomic sequence
NC_073897.1	3678	3	none	0	0		NC_073897.1 TPA: SsRNA phage SRR5466728_3 genomic sequence
NC_073898.1	3556	3	none	0	0		NC_073898.1 TPA: SsRNA phage Gerhypos.4_61 genomic sequence
NC_073899.1	3621	3	none	0	0		NC_073899.1 TPA: SsRNA phage Gerhypos.1_49 genomic sequence
NC_073900.1	3637	3	none	0	0		NC_073900.1 TPA: SsRNA phage Esthiorhiza.4_9 genomic sequence
NC_073901.1	4095	3	none	0	0		NC_073901.1 TPA: SsRNA phage SRR5466725_13 genomic sequence
NC_073902.1	4380	4	none	0	0		NC_073902.1 TPA: SsRNA phage SRR7976299_8 genomic sequence
NC_073903.1	4137	3	none	0	0		NC_073903.1 TPA: SsRNA phage SRR7976299_9 genomic sequence
NC_073904.1	3760	3	none	0	0		NC_073904.1 TPA: SsRNA phage SRR6960507_7 genomic sequence
NC_073905.1	3846	3	none	0	0		NC_073905.1 TPA: SsRNA phage AIN002 genomic sequence
NC_073906.1	4418	4	none	0	0		NC_073906.1 TPA: SsRNA phage Gerhypos.1_9 genomic sequence
NC_073907.1	4378	4	none	0	0		NC_073907.1 TPA: SsRNA phage Gerhypos.3_17 genomic sequence
NC_073908.1	3976	4	none	0	0		NC_073908.1 TPA: SsRNA phage Gerhypos.3_9 genomic sequence
NC_073909.1	4306	4	none	0	0		NC_073909.1 TPA: SsRNA phage SRR5208570_1 genomic sequence
NC_073910.1	4343	4	none	0	0		NC_073910.1 TPA: SsRNA phage SRR5466727_3 genomic sequence
NC_073911.1	4228	4	none	0	0		NC_073911.1 TPA: SsRNA phage SRR7976301_7 genomic sequence
NC_073912.1	3819	3	none	0	0		NC_073912.1 TPA: SsRNA phage SRR6960799_14 genomic sequence
NC_073913.1	3375	3	none	0	0		NC_073913.1 TPA: SsRNA phage SRR7976300_6 genomic sequence
NC_073914.1	3524	3	none	0	0		NC_073914.1 TPA: SsRNA phage SRR7687334_1 genomic sequence
NC_073915.1	3791	4	none	0	0		NC_073915.1 TPA: SsRNA phage SRR5466729_1 genomic sequence
NC_073916.1	3469	4	none	0	0		NC_073916.1 TPA: SsRNA phage Gephyllon.1_10 genomic sequence
NC_073917.1	3335	4	none	0	0		NC_073917.1 TPA: SsRNA phage Esthiorhiza.2_49 genomic sequence
NC_073918.1	3666	4	none	0	0		NC_073918.1 TPA: SsRNA phage Gephyllon.4_13 genomic sequence
NC_073919.1	3636	3	none	0	0		NC_073919.1 TPA: SsRNA phage Gerhypos.1_28 genomic sequence
NC_073920.1	3562	4	none	0	0		NC_073920.1 TPA: SsRNA phage Gerhypos.1_29 genomic sequence
NC_073921.1	3696	4	none	0	0		NC_073921.1 TPA: SsRNA phage Gerhypos.2_12 genomic sequence
NC_073922.1	3541	4	none	0	0		NC_073922.1 TPA: SsRNA phage Gerhypos.4_67 genomic sequence
NC_073923.1	3608	3	none	0	0		NC_073923.1 TPA: SsRNA phage Gerhypos.4_66 genomic sequence
NC_073924.1	3558	3	none	0	0		NC_073924.1 TPA: SsRNA phage Zoerhiza.1_38 genomic sequence
NC_073925.1	3576	4	none	0	0		NC_073925.1 TPA: SsRNA phage Zoerhiza.3_4 genomic sequence
NC_073926.1	3843	3	none	0	0		NC_073926.1 TPA: SsRNA phage EMS014 genomic sequence
NC_073927.1	3570	3	none	0	0		NC_073927.1 TPA: SsRNA phage SRR6960799_9 genomic sequence
NC_073928.1	3929	3	none	0	0		NC_073928.1 TPA: SsRNA phage AIN003 genomic sequence
NC_073929.1	3810	4	none	0	0		NC_073929.1 TPA: SsRNA phage SRR7473382_3 genomic sequence
NC_073930.1	4757	5	none	0	0		NC_073930.1 TPA: SsRNA phage SRR5466337_2 genomic sequence
NC_073931.1	4082	3	none	0	0		NC_073931.1 TPA: SsRNA phage SRR5466727_2 genomic sequence
NC_073932.1	4235	3	none	0	0		NC_073932.1 TPA: SsRNA phage SRR5466725_14 genomic sequence
NC_073933.1	3927	3	none	0	0		NC_073933.1 TPA: SsRNA phage SRR7976325_12 genomic sequence
NC_073934.1	4175	4	none	0	0		NC_073934.1 TPA: SsRNA phage Gerhypos.4_13 genomic sequence
NC_073935.1	3851	3	none	0	0		NC_073935.1 TPA: SsRNA phage SRR6960551_3 genomic sequence
NC_073936.1	4112	3	none	0	0		NC_073936.1 TPA: SsRNA phage Gerhypos.4_15 genomic sequence
NC_073937.1	3918	4	none	0	0		NC_073937.1 TPA: SsRNA phage Gephyllon.3_5 genomic sequence
NC_073938.1	4004	4	none	0	0		NC_073938.1 TPA: SsRNA phage SRR5208570_2 genomic sequence
NC_073939.1	3758	3	none	0	0		NC_073939.1 TPA: SsRNA phage Zoerhiza.1_16 genomic sequence
NC_073940.1	3294	4	none	0	0		NC_073940.1 TPA: SsRNA phage ESE007 genomic sequence
NC_073941.1	3483	3	none	0	0		NC_073941.1 TPA: SsRNA phage AVE017 genomic sequence
NC_073942.1	3430	3	none	0	0		NC_073942.1 TPA: SsRNA phage SRR7976325_17 genomic sequence
NC_073943.1	3737	3	none	0	0		NC_073943.1 TPA: SsRNA phage AVE019 genomic sequence
NC_073944.1	3431	3	none	0	0		NC_073944.1 TPA: SsRNA phage SRR6960507_3 genomic sequence
NC_073945.1	3510	3	none	0	0		NC_073945.1 TPA: SsRNA phage SRR5466725_17 genomic sequence
NC_073946.1	3540	3	none	0	0		NC_073946.1 TPA: SsRNA phage SRR6960549_3 genomic sequence
NC_073947.1	3637	3	none	0	0		NC_073947.1 TPA: SsRNA phage SRR6960797_3 genomic sequence
NC_073948.1	3627	3	none	0	0		NC_073948.1 TPA: SsRNA phage SRR5466365_2 genomic sequence
NC_073949.1	3701	4	none	0	0		NC_073949.1 TPA: SsRNA phage SRR6255746_4 genomic sequence
NC_073950.1	3312	2	none	0	0		NC_073950.1 TPA: SsRNA phage Gephyllon.1_11 genomic sequence
NC_073951.1	3508	3	none	0	0		NC_073951.1 TPA: SsRNA phage Zoerhiza.1_1 genomic sequence
NC_073952.1	3605	3	none	0	0		NC_073952.1 TPA: SsRNA phage SRR5208575_1 genomic sequence
NC_073953.1	4141	4	none	0	0		NC_073953.1 TPA: SsRNA phage Gephyllon.1_14 genomic sequence
NC_073954.1	3386	3	none	0	0		NC_073954.1 TPA: SsRNA phage SRR7976323_4 genomic sequence
NC_073955.1	3428	3	none	0	0		NC_073955.1 TPA: SsRNA phage SRR6960803_8 genomic sequence
NC_073956.1	3970	4	none	0	0		NC_073956.1 TPA: SsRNA phage Gerhypos.1_35 genomic sequence
NC_073957.1	4099	3	none	0	0		NC_073957.1 TPA: SsRNA phage SRR6960799_17 genomic sequence
NC_073958.1	4211	3	none	0	0		NC_073958.1 TPA: SsRNA phage SRR6960799_18 genomic sequence
NC_073959.1	3646	3	none	0	0		NC_073959.1 TPA: SsRNA phage SRR7976325_20 genomic sequence
NC_073960.1	3641	3	none	0	0		NC_073960.1 TPA: SsRNA phage SRR7976357_9 genomic sequence
NC_073961.1	3456	3	none	0	0		NC_073961.1 TPA: SsRNA phage SRR7976300_8 genomic sequence
NC_073962.1	3507	3	none	0	0		NC_073962.1 TPA: SsRNA phage SRR6960803_11 genomic sequence
NC_073963.1	3512	4	none	0	0		NC_073963.1 TPA: SsRNA phage SRR7976325_19 genomic sequence
NC_073964.1	3679	3	none	0	0		NC_073964.1 TPA: SsRNA phage SRR7976327_1 genomic sequence
NC_073965.1	3727	3	none	0	0		NC_073965.1 TPA: SsRNA phage SRR7976357_5 genomic sequence
NC_073966.1	3903	5	none	0	0		NC_073966.1 TPA: SsRNA phage SRR6253161_1 genomic sequence
NC_073967.1	3888	3	none	0	0		NC_073967.1 TPA: SsRNA phage SRR7976325_7 genomic sequence
NC_073968.1	3620	3	none	0	0		NC_073968.1 TPA: SsRNA phage ESE058 genomic sequence
NC_073969.1	3231	3	none	0	0		NC_073969.1 TPA: SsRNA phage SRR6960551_6 genomic sequence
NC_073970.1	4145	3	none	0	0		NC_073970.1 TPA: SsRNA phage SRR5466725_11 genomic sequence
NC_073971.1	4013	3	none	0	0		NC_073971.1 TPA: SsRNA phage SRR6960799_10 genomic sequence
NC_073972.1	4027	3	none	0	0		NC_073972.1 TPA: SsRNA phage SRR6050738_3 genomic sequence
NC_073973.1	4194	3	none	0	0		NC_073973.1 TPA: SsRNA phage SRR6960799_16 genomic sequence
NC_073974.1	3966	3	none	0	0		NC_073974.1 TPA: SsRNA phage SRR7976325_15 genomic sequence
NC_073975.1	3651	3	none	0	0		NC_073975.1 TPA: SsRNA phage SRR7473382_2 genomic sequence
NC_073976.1	3695	3	none	0	0		NC_073976.1 TPA: SsRNA phage SRR6960507_9 genomic sequence
NC_073977.1	3698	3	none	0	0		NC_073977.1 TPA: SsRNA phage SRR6960799_27 genomic sequence
NC_073978.1	3421	3	none	0	0		NC_073978.1 TPA: SsRNA phage SRR6960803_10 genomic sequence
NC_073979.1	3908	3	none	0	0		NC_073979.1 TPA: SsRNA phage SRR6960799_12 genomic sequence
NC_073980.1	3901	3	none	0	0		NC_073980.1 TPA: SsRNA phage SRR5467090_4 genomic sequence
NC_073981.1	3547	3	none	0	0		NC_073981.1 TPA: SsRNA phage ESE021 genomic sequence
NC_073982.1	3654	3	none	0	0		NC_073982.1 TPA: SsRNA phage SRR6960509_9 genomic sequence
NC_073983.1	3295	3	none	0	0		NC_073983.1 TPA: SsRNA phage SRR5466727_4 genomic sequence
NC_073984.1	3647	3	none	0	0		NC_073984.1 TPA: SsRNA phage SRR6960799_8 genomic sequence
NC_073985.1	3765	4	none	0	0		NC_073985.1 TPA: SsRNA phage SRR5466725_19 genomic sequence
NC_073986.1	3259	3	none	0	0		NC_073986.1 TPA: SsRNA phage SRR6960551_5 genomic sequence
NC_073987.1	3708	2	none	0	0		NC_073987.1 TPA: SsRNA phage Gephyllon.4_22 genomic sequence
NC_073988.1	4460	4	none	0	0		NC_073988.1 TPA: SsRNA phage Esthiorhiza.2_40 genomic sequence
NC_073989.1	3695	3	none	0	0		NC_073989.1 TPA: SsRNA phage Gerhypos.1_18 genomic sequence
NC_073990.1	3694	3	none	0	0		NC_073990.1 TPA: SsRNA phage Gerhypos.1_48 genomic sequence
NC_073991.1	3901	4	none	0	0		NC_073991.1 TPA: SsRNA phage SRR6960509_8 genomic sequence
NC_073992.1	3364	3	none	0	0		NC_073992.1 TPA: SsRNA phage SRR7976325_18 genomic sequence
NC_073993.1	3211	3	none	0	0		NC_073993.1 TPA: SsRNA phage SRR5466725_18 genomic sequence
NC_073994.1	3996	4	none	0	0		NC_073994.1 TPA: SsRNA phage Gerhypos.3_22 genomic sequence
NC_073995.1	3467	3	none	0	0		NC_073995.1 TPA: SsRNA phage SRR6960551_11 genomic sequence
NC_073996.1	4021	4	none	0	0		NC_073996.1 TPA: SsRNA phage SRR5466725_12 genomic sequence
NC_073997.1	3608	3	none	0	0		NC_073997.1 TPA: SsRNA phage ESE019 genomic sequence
NC_073998.1	3914	3	none	0	0		NC_073998.1 TPA: SsRNA phage Esthiorhiza.1_10 genomic sequence
NC_073999.1	3647	3	none	0	0		NC_073999.1 TPA: SsRNA phage SRR6960507_8 genomic sequence
NC_074000.1	4120	4	none	0	0		NC_074000.1 TPA: SsRNA phage SRR6255746_2 genomic sequence
NC_074001.1	3803	4	none	0	0		NC_074001.1 TPA: SsRNA phage Esthiorhiza.2_30 genomic sequence
NC_074002.1	3856	5	none	0	0		NC_074002.1 TPA: SsRNA phage Esthiorhiza.2_51 genomic sequence
NC_074003.1	3542	3	none	0	0		NC_074003.1 TPA: SsRNA phage SRR6255733_1 genomic sequence
NC_074004.1	3490	3	none	0	0		NC_074004.1 TPA: SsRNA phage SRR6960802_1 genomic sequence
NC_074005.1	3660	3	none	0	0		NC_074005.1 TPA: SsRNA phage SRR7976301_3 genomic sequence
NC_074006.1	4067	5	none	0	0		NC_074006.1 TPA: SsRNA phage Gerhypos.3_19 genomic sequence
NC_074007.1	3618	3	none	0	0		NC_074007.1 TPA: SsRNA phage Zoerhiza.2_29 genomic sequence
NC_074008.1	3875	4	none	0	0		NC_074008.1 TPA: SsRNA phage Gerhypos.3_25 genomic sequence
NC_074009.1	3981	3	none	0	0		NC_074009.1 TPA: SsRNA phage SRR7976301_4 genomic sequence
NC_074010.1	3801	3	none	0	0		NC_074010.1 TPA: SsRNA phage SRR7976325_10 genomic sequence
NC_074011.1	3892	3	none	0	0		NC_074011.1 TPA: SsRNA phage SRR5466725_9 genomic sequence
NC_074012.1	4073	3	none	0	0		NC_074012.1 TPA: SsRNA phage SRR7976299_10 genomic sequence
NC_074013.1	4032	3	none	0	0		NC_074013.1 TPA: SsRNA phage SRR7976326_3 genomic sequence
NC_074014.1	3731	3	none	0	0		NC_074014.1 TPA: SsRNA phage SRR6960801_1 genomic sequence
NC_074015.1	3459	4	none	0	0		NC_074015.1 TPA: SsRNA phage Esthiorhiza.4_19 genomic sequence
NC_074016.1	3251	3	none	0	0		NC_074016.1 TPA: SsRNA phage Gephyllon.4_15 genomic sequence
NC_074017.1	4154	5	none	0	0		NC_074017.1 TPA: SsRNA phage Gephyllon.4_4 genomic sequence
NC_074018.1	3718	4	none	0	0		NC_074018.1 TPA: SsRNA phage Zoerhiza.2_10 genomic sequence
NC_074019.1	3548	4	none	0	0		NC_074019.1 TPA: SsRNA phage Zoerhiza.2_30 genomic sequence
NC_074020.1	3577	3	none	0	0		NC_074020.1 TPA: SsRNA phage SRR6960799_20 genomic sequence
NC_074021.1	3382	2	none	0	0		NC_074021.1 TPA: SsRNA phage SRR6960799_19 genomic sequence
NC_074022.1	3681	4	none	0	0		NC_074022.1 TPA: SsRNA phage SRR5467090_6 genomic sequence
NC_074023.1	3876	4	none	0	0		NC_074023.1 TPA: SsRNA phage SRR6960799_26 genomic sequence
NC_074024.1	3813	4	none	0	0		NC_074024.1 TPA: SsRNA phage SRR6960802_2 genomic sequence
NC_074025.1	3734	4	none	0	0		NC_074025.1 TPA: SsRNA phage SRR6960803_12 genomic sequence
NC_074026.1	3417	3	none	0	0		NC_074026.1 TPA: SsRNA phage Gephyllon.4_23 genomic sequence
NC_074027.1	3496	3	none	0	0		NC_074027.1 TPA: SsRNA phage Zoerhiza.4_27 genomic sequence
NC_074028.1	3784	3	none	0	0		NC_074028.1 TPA: SsRNA phage SRR5467139_2 genomic sequence
NC_074029.1	3553	4	none	0	0		NC_074029.1 TPA: SsRNA phage SRR7976323_2 genomic sequence
NC_074030.1	3832	3	none	0	0		NC_074030.1 TPA: SsRNA phage SRR5466364_5 genomic sequence
NC_074031.1	3804	3	none	0	0		NC_074031.1 TPA: SsRNA phage SRR5466366_1 genomic sequence
NC_074032.1	3659	3	none	0	0		NC_074032.1 TPA: SsRNA phage Gephyllon.3_11 genomic sequence
NC_074033.1	3937	4	none	0	0		NC_074033.1 TPA: SsRNA phage Gerhypos.1_20 genomic sequence
NC_074034.1	3296	3	none	0	0		NC_074034.1 TPA: SsRNA phage SRR6960799_24 genomic sequence
NC_074035.1	3477	3	none	0	0		NC_074035.1 TPA: SsRNA phage SRR7976323_3 genomic sequence
NC_074036.1	4087	4	none	0	0		NC_074036.1 TPA: SsRNA phage SRR5466338_3 genomic sequence
NC_074037.1	3556	3	none	0	0		NC_074037.1 TPA: SsRNA phage SRR6960803_9 genomic sequence
NC_074038.1	3901	4	none	0	0		NC_074038.1 TPA: SsRNA phage SRR7976325_16 genomic sequence
NC_074039.1	3487	3	none	0	0		NC_074039.1 TPA: SsRNA phage SRR7976299_7 genomic sequence
NC_074040.1	3635	3	none	0	0		NC_074040.1 TPA: SsRNA phage AIN001 genomic sequence
NC_074041.1	3750	3	none	0	0		NC_074041.1 TPA: SsRNA phage SRR7976299_6 genomic sequence
NC_074042.1	3850	3	none	0	0		NC_074042.1 TPA: SsRNA phage Gerhypos.4_34 genomic sequence
NC_074043.1	3865	4	none	0	0		NC_074043.1 TPA: SsRNA phage Gephyllon.4_12 genomic sequence
NC_074044.1	3771	3	none	0	0		NC_074044.1 TPA: SsRNA phage Esthiorhiza.3_8 genomic sequence
NC_074045.1	3873	3	none	0	0		NC_074045.1 TPA: SsRNA phage Gerhypos.1_22 genomic sequence
NC_074046.1	3784	3	none	0	0		NC_074046.1 TPA: SsRNA phage Gerhypos.2_10 genomic sequence
NC_074047.1	4005	4	none	0	0		NC_074047.1 TPA: SsRNA phage Gerhypos.2_19 genomic sequence
NC_074048.1	3975	3	none	0	0		NC_074048.1 TPA: SsRNA phage SRR5208570_3 genomic sequence
NC_074049.1	3557	3	none	0	0		NC_074049.1 TPA: SsRNA phage SRR5467137_1 genomic sequence
NC_074050.1	4374	4	none	0	0		NC_074050.1 TPA: SsRNA phage SRR5466364_4 genomic sequence
NC_074051.1	4400	3	none	0	0		NC_074051.1 TPA: SsRNA phage SRR5467090_5 genomic sequence
NC_074052.1	4084	4	none	0	0		NC_074052.1 TPA: SsRNA phage SRR6960509_6 genomic sequence
NC_074053.1	3509	4	none	0	0		NC_074053.1 TPA: SsRNA phage SRR5208570_4 genomic sequence
NC_074054.1	3498	4	none	0	0		NC_074054.1 TPA: SsRNA phage Esthiorhiza.4_10 genomic sequence
NC_074055.1	3799	5	none	0	0		NC_074055.1 TPA: SsRNA phage Gerhypos.1_43 genomic sequence
NC_074056.1	3686	3	none	0	0		NC_074056.1 TPA: SsRNA phage Gerhypos.4_32 genomic sequence
NC_074057.1	3369	3	none	0	0		NC_074057.1 TPA: SsRNA phage Gerhypos.4_50 genomic sequence
NC_074058.1	3303	3	none	0	0		NC_074058.1 TPA: SsRNA phage EOC000 genomic sequence
NC_074059.1	4018	3	none	0	0		NC_074059.1 TPA: SsRNA phage SRR5466729_2 genomic sequence
NC_074060.1	3948	3	none	0	0		NC_074060.1 TPA: SsRNA phage SRR6960799_11 genomic sequence
NC_074061.1	4402	4	none	0	0		NC_074061.1 TPA: SsRNA phage SRR5467090_3 genomic sequence
NC_074062.1	3847	3	none	0	0		NC_074062.1 TPA: SsRNA phage SRR5467091_6 genomic sequence
NC_074063.1	4267	4	none	0	0		NC_074063.1 TPA: SsRNA phage SRR6960803_6 genomic sequence
NC_074064.1	3808	3	none	0	0		NC_074064.1 TPA: SsRNA phage SRR7976356_5 genomic sequence
NC_074065.1	3831	4	none	0	0		NC_074065.1 TPA: SsRNA phage Gephyllon.2_5 genomic sequence
NC_074066.1	3779	4	none	0	0		NC_074066.1 TPA: SsRNA phage Zoerhiza.2_28 genomic sequence
NC_074067.1	3854	4	none	0	0		NC_074067.1 TPA: SsRNA phage Zoerhiza.1_29 genomic sequence
NC_074068.1	3404	3	none	0	0		NC_074068.1 TPA: SsRNA phage SRR6960507_4 genomic sequence
NC_074069.1	3732	4	none	0	0		NC_074069.1 TPA: SsRNA phage Esthiorhiza.2_52 genomic sequence
NC_074070.1	3775	3	none	0	0		NC_074070.1 TPA: SsRNA phage SRR6255733_2 genomic sequence
NC_074071.1	3675	2	none	0	0		NC_074071.1 TPA: SsRNA phage AIN000 genomic sequence
NC_074072.1	4350	3	none	0	0		NC_074072.1 TPA: SsRNA phage Esthiorhiza.2_3 genomic sequence
NC_074073.1	4750	5	none	0	0		NC_074073.1 TPA: SsRNA phage Esthiorhiza.2_38 genomic sequence
NC_074074.1	4953	7	none	0	0		NC_074074.1 TPA: SsRNA phage Esthiorhiza.2_37 genomic sequence
NC_074075.1	5067	6	none	0	0		NC_074075.1 TPA: SsRNA phage Gerhypos.2_14 genomic sequence
NC_074076.1	4444	4	none	0	0		NC_074076.1 TPA: SsRNA phage Gerhypos.2_34 genomic sequence
NC_074077.1	4699	5	none	0	0		NC_074077.1 TPA: SsRNA phage Gerhypos.4_2 genomic sequence
NC_074078.1	3499	3	none	0	0		NC_074078.1 TPA: SsRNA phage SRR7976357_6 genomic sequence
NC_074079.1	3906	5	none	0	0		NC_074079.1 TPA: SsRNA phage Gerhypos.4_30 genomic sequence
NC_074080.1	3670	3	none	0	0		NC_074080.1 TPA: SsRNA phage SRR7473382_1 genomic sequence
NC_074081.1	4250	5	none	0	0		NC_074081.1 TPA: SsRNA phage Esthiorhiza.2_6 genomic sequence
NC_074082.1	4080	4	none	0	0		NC_074082.1 TPA: SsRNA phage Esthiorhiza.2_14 genomic sequence
NC_074083.1	3826	3	none	0	0		NC_074083.1 TPA: SsRNA phage Gephyllon.4_21 genomic sequence
NC_074084.1	3763	4	none	0	0		NC_074084.1 TPA: SsRNA phage Gephyllon.3_4 genomic sequence
NC_074085.1	3959	4	none	0	0		NC_074085.1 TPA: SsRNA phage Gerhypos.2_6 genomic sequence
NC_074086.1	4247	4	none	0	0		NC_074086.1 TPA: SsRNA phage SRR5466338_2 genomic sequence
NC_074087.1	4037	4	none	0	0		NC_074087.1 TPA: SsRNA phage SRR6253161_2 genomic sequence
NC_074088.1	3458	3	none	0	0		NC_074088.1 TPA: SsRNA phage SRR6960509_12 genomic sequence
NC_074089.1	3657	3	none	0	0		NC_074089.1 TPA: SsRNA phage SRR7976300_5 genomic sequence
NC_074090.1	3539	3	none	0	0		NC_074090.1 TPA: SsRNA phage Gephyllon.1_13 genomic sequence
NC_074091.1	3870	4	none	0	0		NC_074091.1 TPA: SsRNA phage SRR6960507_6 genomic sequence
NC_074092.1	3474	3	none	0	0		NC_074092.1 TPA: SsRNA phage SRR7976301_8 genomic sequence
NC_074093.1	4002	3	none	0	0		NC_074093.1 TPA: SsRNA phage SRR5467091_7 genomic sequence
NC_074094.1	3763	3	none	0	0		NC_074094.1 TPA: SsRNA phage SRR7976325_9 genomic sequence
NC_074095.1	3650	4	none	0	0		NC_074095.1 TPA: SsRNA phage SRR5466364_3 genomic sequence
NC_074096.1	4064	5	none	0	0		NC_074096.1 TPA: SsRNA phage SRR6960509_7 genomic sequence
NC_074097.1	3589	4	none	0	0		NC_074097.1 TPA: SsRNA phage SRR6960803_7 genomic sequence
NC_074098.1	3904	5	none	0	0		NC_074098.1 TPA: SsRNA phage SRR7976310_10 genomic sequence
NC_074099.1	4049	3	none	0	0		NC_074099.1 TPA: SsRNA phage SRR6960799_13 genomic sequence
NC_074100.1	3567	3	none	0	0		NC_074100.1 TPA: SsRNA phage SRR6960799_25 genomic sequence
NC_074101.1	3459	3	none	0	0		NC_074101.1 TPA: SsRNA phage SRR6960803_13 genomic sequence
NC_074102.1	3915	3	none	0	0		NC_074102.1 TPA: SsRNA phage SRR6050738_4 genomic sequence
NC_074103.1	3474	3	none	0	0		NC_074103.1 TPA: SsRNA phage SRR6960551_7 genomic sequence
NC_074104.1	4030	4	none	0	0		NC_074104.1 TPA: SsRNA phage SRR7976301_5 genomic sequence
NC_074105.1	3796	3	none	0	0		NC_074105.1 TPA: SsRNA phage SRR7976310_7 genomic sequence
NC_074106.1	4381	5	none	0	0		NC_074106.1 TPA: SsRNA phage Gerhypos.2_2 genomic sequence
NC_074107.1	3810	4	none	0	0		NC_074107.1 TPA: SsRNA phage Gerhypos.2_26 genomic sequence
NC_074108.1	4451	4	none	0	0		NC_074108.1 TPA: SsRNA phage Zoerhiza.1_35 genomic sequence
NC_074109.1	3790	3	none	0	0		NC_074109.1 TPA: SsRNA phage SRR7976300_4 genomic sequence
NC_074110.1	3612	3	none	0	0		NC_074110.1 TPA: SsRNA phage ESO010 genomic sequence
NC_074111.1	4313	4	none	0	0		NC_074111.1 TPA: SsRNA phage SRR7976310_5 genomic sequence
NC_074112.1	3581	3	none	0	0		NC_074112.1 TPA: SsRNA phage SRR5466725_15 genomic sequence
NC_074113.1	3995	4	none	0	0		NC_074113.1 TPA: SsRNA phage SRR6960803_5 genomic sequence
NC_074114.1	3836	4	none	0	0		NC_074114.1 TPA: SsRNA phage Gerhypos.2_8 genomic sequence
NC_074115.1	3802	3	none	0	0		NC_074115.1 TPA: SsRNA phage Esthiorhiza.1_13 genomic sequence
NC_074116.1	4960	7	none	0	0		NC_074116.1 TPA: SsRNA phage Esthiorhiza.4_1 genomic sequence
NC_074117.1	3826	3	none	0	0		NC_074117.1 TPA: SsRNA phage SRR5466729_3 genomic sequence
NC_074118.1	3734	3	none	0	0		NC_074118.1 TPA: SsRNA phage SRR6960509_10 genomic sequence
NC_074119.1	3869	3	none	0	0		NC_074119.1 TPA: SsRNA phage SRR5466365_3 genomic sequence
NC_074120.1	3368	3	none	0	0		NC_074120.1 TPA: SsRNA phage SRR7976326_4 genomic sequence
NC_074121.1	3420	3	none	0	0		NC_074121.1 TPA: SsRNA phage SRR7976310_12 genomic sequence
NC_074122.1	3954	3	none	0	0		NC_074122.1 TPA: SsRNA phage Esthiorhiza.1_8 genomic sequence
NC_074123.1	3764	4	none	0	0		NC_074123.1 TPA: SsRNA phage SRR7976325_14 genomic sequence
NC_074124.1	3441	3	none	0	0		NC_074124.1 TPA: SsRNA phage SRR7976357_7 genomic sequence
NC_074125.1	3658	4	none	0	0		NC_074125.1 TPA: SsRNA phage SRR5467090_2 genomic sequence
NC_074126.1	3601	4	none	0	0		NC_074126.1 TPA: SsRNA phage SRR6960509_5 genomic sequence
NC_074127.1	3591	3	none	0	0		NC_074127.1 TPA: SsRNA phage SRR6960507_2 genomic sequence
NC_074128.1	3696	3	none	0	0		NC_074128.1 TPA: SsRNA phage SRR7976310_6 genomic sequence
NC_074129.1	3530	3	none	0	0		NC_074129.1 TPA: SsRNA phage Esthiorhiza.2_35 genomic sequence
NC_074130.1	3621	3	none	0	0		NC_074130.1 TPA: SsRNA phage Gephyllon.3_12 genomic sequence
NC_074131.1	3558	3	none	0	0		NC_074131.1 TPA: SsRNA phage Gerhypos.4_49 genomic sequence
NC_074132.1	3865	5	none	0	0		NC_074132.1 TPA: SsRNA phage Gerhypos.3_1 genomic sequence
NC_074133.1	3678	3	none	0	0		NC_074133.1 TPA: SsRNA phage SRR5466727_1 genomic sequence
NC_074134.1	4407	5	none	0	0		NC_074134.1 TPA: SsRNA phage ESE005 genomic sequence
NC_074135.1	4269	4	none	0	0		NC_074135.1 TPA: SsRNA phage SRR6960549_4 genomic sequence
NC_074136.1	3716	4	none	0	0		NC_074136.1 TPA: SsRNA phage SRR6960509_11 genomic sequence
NC_074137.1	3542	3	none	0	0		NC_074137.1 TPA: SsRNA phage SRR5466338_1 genomic sequence
NC_074138.1	3681	3	none	0	0		NC_074138.1 TPA: SsRNA phage SRR7976325_21 genomic sequence
NC_074139.1	3509	3	none	0	0		NC_074139.1 TPA: SsRNA phage SRR7976356_6 genomic sequence
NC_074140.1	3558	3	none	0	0		NC_074140.1 TPA: SsRNA phage SRR7976325_22 genomic sequence
NC_074141.1	3708	3	none	0	0		NC_074141.1 TPA: SsRNA phage SRR5467091_5 genomic sequence
NC_074142.1	3718	3	none	0	0		NC_074142.1 TPA: SsRNA phage SRR7976323_1 genomic sequence
NC_074143.1	3801	3	none	0	0		NC_074143.1 TPA: SsRNA phage SRR7976325_8 genomic sequence
NC_074144.1	3572	3	none	0	0		NC_074144.1 TPA: SsRNA phage Gephyllon.1_22 genomic sequence
NC_074145.1	3824	3	none	0	0		NC_074145.1 TPA: SsRNA phage SRR5466727_6 genomic sequence
NC_074146.1	4433	3	none	0	0		NC_074146.1 TPA: SsRNA phage SRR7976300_9 genomic sequence
NC_074147.1	3991	3	none	0	0		NC_074147.1 TPA: SsRNA phage SRR7976299_12 genomic sequence
NC_074148.1	4083	3	none	0	0		NC_074148.1 TPA: SsRNA phage SRR7976299_14 genomic sequence
NC_074149.1	3782	3	none	0	0		NC_074149.1 TPA: SsRNA phage SRR6050698_1 genomic sequence
NC_074150.1	3960	3	none	0	0		NC_074150.1 TPA: SsRNA phage SRR7976299_15 genomic sequence
NC_074151.1	4210	3	none	0	0		NC_074151.1 TPA: SsRNA phage SRR6960509_14 genomic sequence
NC_074152.1	4061	3	none	0	0		NC_074152.1 TPA: SsRNA phage SRR7976299_13 genomic sequence
NC_074153.1	3713	3	none	0	0		NC_074153.1 TPA: SsRNA phage SRR6255733_3 genomic sequence
NC_074154.1	4204	3	none	0	0		NC_074154.1 TPA: SsRNA phage SRR5208570_5 genomic sequence
NC_074155.1	3766	3	none	0	0		NC_074155.1 TPA: SsRNA phage SRR7976299_16 genomic sequence
NC_074156.1	3884	2	none	0	0		NC_074156.1 TPA: SsRNA phage Gephyllon.3_7 genomic sequence
NC_074157.1	4265	4	none	0	0		NC_074157.1 TPA: SsRNA phage Zoerhiza.4_18 genomic sequence
NC_074158.1	3952	3	none	0	0		NC_074158.1 TPA: SsRNA phage Gerhypos.3_23 genomic sequence
NC_074159.1	4309	4	none	0	0		NC_074159.1 TPA: SsRNA phage SRR5208572_2 genomic sequence
NC_074160.1	3452	3	none	0	0		NC_074160.1 TPA: SsRNA phage SRR6960799_30 genomic sequence
NC_074161.1	4226	3	none	0	0		NC_074161.1 TPA: SsRNA phage SRR6960551_13 genomic sequence
NC_074162.1	4185	3	none	0	0		NC_074162.1 TPA: SsRNA phage SRR6960797_4 genomic sequence
NC_074163.1	4151	3	none	0	0		NC_074163.1 TPA: SsRNA phage SRR6960799_29 genomic sequence
NC_074164.1	3634	3	none	0	0		NC_074164.1 TPA: SsRNA phage SRR5467091_9 genomic sequence
NC_074165.1	4042	5	none	0	0		NC_074165.1 TPA: SsRNA phage SRR7473382_4 genomic sequence
NC_074166.1	3808	3	none	0	0		NC_074166.1 TPA: SsRNA phage SRR5466727_5 genomic sequence
NC_074167.1	3764	3	none	0	0		NC_074167.1 TPA: SsRNA phage SRR6960507_10 genomic sequence
NC_074168.1	4103	4	none	0	0		NC_074168.1 TPA: SsRNA phage Gerhypos.4_5 genomic sequence
NC_074169.1	4353	3	none	0	0		NC_074169.1 TPA: SsRNA phage Gephyllon.4_17 genomic sequence
NC_074170.1	4096	3	none	0	0		NC_074170.1 TPA: SsRNA phage SRR6960799_28 genomic sequence
NC_074171.1	3601	3	none	0	0		NC_074171.1 TPA: SsRNA phage SRR5208570_6 genomic sequence
NC_074172.1	4036	3	none	0	0		NC_074172.1 TPA: SsRNA phage SRR6960509_13 genomic sequence
NC_074173.1	3691	3	none	0	0		NC_074173.1 TPA: SsRNA phage SRR6960551_12 genomic sequence
NC_074174.1	3604	3	none	0	0		NC_074174.1 TPA: SsRNA phage ESE017 genomic sequence
NC_074175.1	4729	3	none	0	0		NC_074175.1 TPA: SsRNA phage AVE020 genomic sequence
NC_074176.1	4061	3	none	0	0		NC_074176.1 TPA: SsRNA phage SRR5466725_7 genomic sequence
NC_074177.1	4463	3	none	0	0		NC_074177.1 TPA: SsRNA phage Gerhypos.2_36 genomic sequence
NC_074178.1	4245	3	none	0	0		NC_074178.1 TPA: SsRNA phage SRR7976300_1 genomic sequence
NC_074179.1	4610	3	none	0	0		NC_074179.1 TPA: SsRNA phage SRR6960799_3 genomic sequence
NC_074180.1	3970	3	none	0	0		NC_074180.1 TPA: SsRNA phage SRR5466725_6 genomic sequence
NC_074181.1	3746	2	none	0	0		NC_074181.1 TPA: SsRNA phage AVE018 genomic sequence
NC_074182.1	4376	4	none	0	0		NC_074182.1 TPA: SsRNA phage SRR6960507_1 genomic sequence
NC_074183.1	4198	2	none	0	0		NC_074183.1 TPA: SsRNA phage AVE016 genomic sequence
NC_074184.1	4025	3	none	0	0		NC_074184.1 TPA: SsRNA phage SRR7976324_2 genomic sequence
NC_074185.1	4334	4	none	0	0		NC_074185.1 TPA: SsRNA phage SRR6960799_2 genomic sequence
NC_074186.1	4034	3	none	0	0		NC_074186.1 TPA: SsRNA phage SRR6960799_7 genomic sequence
NC_074187.1	4061	3	none	0	0		NC_074187.1 TPA: SsRNA phage SRR7976325_4 genomic sequence
NC_074188.1	4507	3	none	0	0		NC_074188.1 TPA: SsRNA phage SRR5467091_4 genomic sequence
NC_074189.1	4133	3	none	0	0		NC_074189.1 TPA: SsRNA phage SRR6255746_1 genomic sequence
NC_074190.1	4084	3	none	0	0		NC_074190.1 TPA: SsRNA phage SRR7976310_4 genomic sequence
NC_074191.1	4645	3	none	0	0		NC_074191.1 TPA: SsRNA phage SRR7976299_4 genomic sequence
NC_074192.1	3612	3	none	0	0		NC_074192.1 TPA: SsRNA phage SRR6960797_1 genomic sequence
NC_074193.1	4385	3	none	0	0		NC_074193.1 TPA: SsRNA phage AVE015 genomic sequence
NC_074194.1	4458	3	none	0	0		NC_074194.1 TPA: SsRNA phage Esthiorhiza.2_43 genomic sequence
NC_074195.1	4171	3	none	0	0		NC_074195.1 TPA: SsRNA phage SRR5466369_1 genomic sequence
NC_074196.1	4620	3	none	0	0		NC_074196.1 TPA: SsRNA phage Zoerhiza.1_23 genomic sequence
NC_074197.1	4452	4	none	0	0		NC_074197.1 TPA: SsRNA phage Gerhypos.4_51 genomic sequence
NC_074198.1	4359	4	none	0	0		NC_074198.1 TPA: SsRNA phage SRR5466725_5 genomic sequence
NC_074199.1	4681	5	none	0	0		NC_074199.1 TPA: SsRNA phage SRR7976310_3 genomic sequence
NC_074200.1	3915	3	none	0	0		NC_074200.1 TPA: SsRNA phage SRR6960509_3 genomic sequence
NC_074201.1	3625	3	none	0	0		NC_074201.1 TPA: SsRNA phage Gerhypos.2_33 genomic sequence
NC_074202.1	4744	4	none	0	0		NC_074202.1 TPA: SsRNA phage SRR6960799_4 genomic sequence
NC_074203.1	3992	3	none	0	0		NC_074203.1 TPA: SsRNA phage SRR6960799_5 genomic sequence
NC_074204.1	4509	4	none	0	0		NC_074204.1 TPA: SsRNA phage SRR7976324_1 genomic sequence
NC_074205.1	3968	4	none	0	0		NC_074205.1 TPA: SsRNA phage ESO001 genomic sequence
NC_074206.1	4202	3	none	0	0		NC_074206.1 TPA: SsRNA phage SRR6960799_1 genomic sequence
NC_074207.1	4343	3	none	0	0		NC_074207.1 TPA: SsRNA phage SRR7976299_5 genomic sequence
NC_074208.1	4161	3	none	0	0		NC_074208.1 TPA: SsRNA phage SRR6960799_6 genomic sequence
NC_074209.1	3846	3	none	0	0		NC_074209.1 TPA: SsRNA phage SRR5467091_11 genomic sequence
NC_074210.1	3997	4	none	0	0		NC_074210.1 TPA: SsRNA phage Gerhypos.2_21 genomic sequence
NC_074211.1	4013	3	none	0	0		NC_074211.1 TPA: SsRNA phage Zoerhiza.4_21 genomic sequence
NC_074212.1	3800	2	none	0	0		NC_074212.1 TPA: SsRNA phage Zoerhiza.2_9 genomic sequence
NC_074213.1	3857	3	none	0	0		NC_074213.1 TPA: SsRNA phage Esthiorhiza.4_6 genomic sequence
NC_074214.1	3606	3	none	0	0		NC_074214.1 TPA: SsRNA phage SRR6960799_41 genomic sequence
NC_074215.1	3802	3	none	0	0		NC_074215.1 TPA: SsRNA phage Gerhypos.4_38 genomic sequence
NC_074216.1	3742	3	none	0	0		NC_074216.1 TPA: SsRNA phage Zoerhiza.3_3 genomic sequence
NC_074217.1	3659	3	none	0	0		NC_074217.1 TPA: SsRNA phage Zoerhiza.1_20 genomic sequence
NC_074218.1	3770	3	none	0	0		NC_074218.1 TPA: SsRNA phage Zoerhiza.4_12 genomic sequence
NC_074219.1	3845	3	none	0	0		NC_074219.1 TPA: SsRNA phage SRR5466727_10 genomic sequence
NC_074220.1	3802	3	none	0	0		NC_074220.1 TPA: SsRNA phage SRR5467090_12 genomic sequence
NC_074221.1	3969	3	none	0	0		NC_074221.1 TPA: SsRNA phage SRR6254984_1 genomic sequence
NC_074222.1	3766	3	none	0	0		NC_074222.1 TPA: SsRNA phage SRR7976325_29 genomic sequence
NC_074223.1	3748	3	none	0	0		NC_074223.1 TPA: SsRNA phage Esthiorhiza.1_12 genomic sequence
NC_074224.1	3738	3	none	0	0		NC_074224.1 TPA: SsRNA phage Gerhypos.2_28 genomic sequence
NC_074225.1	3860	4	none	0	0		NC_074225.1 TPA: SsRNA phage Gerhypos.4_33 genomic sequence
NC_074226.1	3722	2	none	0	0		NC_074226.1 TPA: SsRNA phage Gerhypos.4_44 genomic sequence
NC_074227.1	3811	3	none	0	0		NC_074227.1 TPA: SsRNA phage Gerhypos.1_38 genomic sequence
NC_074228.1	3652	3	none	0	0		NC_074228.1 TPA: SsRNA phage SRR5467091_13 genomic sequence
NC_074229.1	4004	3	none	0	0		NC_074229.1 TPA: SsRNA phage Esthiorhiza.2_18 genomic sequence
NC_074230.1	3883	3	none	0	0		NC_074230.1 TPA: SsRNA phage Esthiorhiza.2_28 genomic sequence
NC_074231.1	4019	3	none	0	0		NC_074231.1 TPA: SsRNA phage Gephyllon.1_5 genomic sequence
NC_074232.1	4061	3	none	0	0		NC_074232.1 TPA: SsRNA phage Gerhypos.1_34 genomic sequence
NC_074233.1	4095	3	none	0	0		NC_074233.1 TPA: SsRNA phage Gerhypos.1_33 genomic sequence
NC_074234.1	4035	3	none	0	0		NC_074234.1 TPA: SsRNA phage Gerhypos.3_21 genomic sequence
NC_074235.1	4064	3	none	0	0		NC_074235.1 TPA: SsRNA phage Zoerhiza.1_10 genomic sequence
NC_074236.1	4038	3	none	0	0		NC_074236.1 TPA: SsRNA phage Zoerhiza.1_11 genomic sequence
NC_074237.1	4017	3	none	0	0		NC_074237.1 TPA: SsRNA phage Zoerhiza.1_34 genomic sequence
NC_074238.1	4002	3	none	0	0		NC_074238.1 TPA: SsRNA phage Zoerhiza.4_8 genomic sequence
NC_074239.1	3775	3	none	0	0		NC_074239.1 TPA: SsRNA phage Esthiorhiza.2_47 genomic sequence
NC_074240.1	3722	3	none	0	0		NC_074240.1 TPA: SsRNA phage Gerhypos.4_43 genomic sequence
NC_074241.1	3650	3	none	0	0		NC_074241.1 TPA: SsRNA phage SRR7976310_17 genomic sequence
NC_074242.1	4170	4	none	0	0		NC_074242.1 TPA: SsRNA phage Gephyllon.4_9 genomic sequence
NC_074243.1	3840	3	none	0	0		NC_074243.1 TPA: SsRNA phage Gerhypos.1_23 genomic sequence
NC_074244.1	4006	3	none	0	0		NC_074244.1 TPA: SsRNA phage Gerhypos.1_19 genomic sequence
NC_074245.1	3844	3	none	0	0		NC_074245.1 TPA: SsRNA phage Gerhypos.2_25 genomic sequence
NC_074246.1	3966	3	none	0	0		NC_074246.1 TPA: SsRNA phage Gerhypos.2_32 genomic sequence
NC_074247.1	3787	4	none	0	0		NC_074247.1 TPA: SsRNA phage Gerhypos.2_7 genomic sequence
NC_074248.1	3805	3	none	0	0		NC_074248.1 TPA: SsRNA phage ESE015 genomic sequence
NC_074249.1	3865	3	none	0	0		NC_074249.1 TPA: SsRNA phage Gerhypos.3_10 genomic sequence
NC_074250.1	3833	3	none	0	0		NC_074250.1 TPA: SsRNA phage Gerhypos.3_11 genomic sequence
NC_074251.1	4058	4	none	0	0		NC_074251.1 TPA: SsRNA phage Gerhypos.3_20 genomic sequence
NC_074252.1	3700	3	none	0	0		NC_074252.1 TPA: SsRNA phage Gerhypos.3_26 genomic sequence
NC_074253.1	3984	4	none	0	0		NC_074253.1 TPA: SsRNA phage Gerhypos.4_21 genomic sequence
NC_074254.1	3978	4	none	0	0		NC_074254.1 TPA: SsRNA phage Gerhypos.4_22 genomic sequence
NC_074255.1	3780	3	none	0	0		NC_074255.1 TPA: SsRNA phage SRR5466728_4 genomic sequence
NC_074256.1	4012	3	none	0	0		NC_074256.1 TPA: SsRNA phage SRR6960799_35 genomic sequence
NC_074257.1	3809	3	none	0	0		NC_074257.1 TPA: SsRNA phage SRR7976310_13 genomic sequence
NC_074258.1	4160	4	none	0	0		NC_074258.1 TPA: SsRNA phage Esthiorhiza.2_11 genomic sequence
NC_074259.1	3951	3	none	0	0		NC_074259.1 TPA: SsRNA phage Esthiorhiza.2_23 genomic sequence
NC_074260.1	3940	3	none	0	0		NC_074260.1 TPA: SsRNA phage Esthiorhiza.2_25 genomic sequence
NC_074261.1	4182	4	none	0	0		NC_074261.1 TPA: SsRNA phage Esthiorhiza.2_9 genomic sequence
NC_074262.1	3911	3	none	0	0		NC_074262.1 TPA: SsRNA phage Esthiorhiza.2_26 genomic sequence
NC_074263.1	3693	3	none	0	0		NC_074263.1 TPA: SsRNA phage Esthiorhiza.3_9 genomic sequence
NC_074264.1	3893	3	none	0	0		NC_074264.1 TPA: SsRNA phage Gephyllon.1_19 genomic sequence
NC_074265.1	4056	6	none	0	0		NC_074265.1 TPA: SsRNA phage Gephyllon.4_10 genomic sequence
NC_074266.1	3969	3	none	0	0		NC_074266.1 TPA: SsRNA phage Gerhypos.4_23 genomic sequence
NC_074267.1	4016	3	none	0	0		NC_074267.1 TPA: SsRNA phage Gerhypos.4_54 genomic sequence
NC_074268.1	3966	3	none	0	0		NC_074268.1 TPA: SsRNA phage Gerhypos.4_24 genomic sequence
NC_074269.1	4001	3	none	0	0		NC_074269.1 TPA: SsRNA phage Gerhypos.4_55 genomic sequence
NC_074270.1	3673	3	none	0	0		NC_074270.1 TPA: SsRNA phage Zoerhiza.1_37 genomic sequence
NC_074271.1	4090	4	none	0	0		NC_074271.1 TPA: SsRNA phage Zoerhiza.1_8 genomic sequence
NC_074272.1	3936	3	none	0	0		NC_074272.1 TPA: SsRNA phage Zoerhiza.2_25 genomic sequence
NC_074273.1	3946	4	none	0	0		NC_074273.1 TPA: SsRNA phage Zoerhiza.4_9 genomic sequence
NC_074274.1	4228	3	none	0	0		NC_074274.1 TPA: SsRNA phage SRR7976301_9 genomic sequence
NC_074275.1	3843	4	none	0	0		NC_074275.1 TPA: SsRNA phage SRR5466727_8 genomic sequence
NC_074276.1	4090	3	none	0	0		NC_074276.1 TPA: SsRNA phage SRR5466728_5 genomic sequence
NC_074277.1	4112	3	none	0	0		NC_074277.1 TPA: SsRNA phage SRR6253161_4 genomic sequence
NC_074278.1	3831	3	none	0	0		NC_074278.1 TPA: SsRNA phage SRR7976327_2 genomic sequence
NC_074279.1	4054	3	none	0	0		NC_074279.1 TPA: SsRNA phage SRR5467090_9 genomic sequence
NC_074280.1	3788	2	none	0	0		NC_074280.1 TPA: SsRNA phage Zoerhiza.1_14 genomic sequence
NC_074281.1	3697	3	none	0	0		NC_074281.1 TPA: SsRNA phage SRR5466725_20 genomic sequence
NC_074282.1	4152	4	none	0	0		NC_074282.1 TPA: SsRNA phage Gerhypos.2_17 genomic sequence
NC_074283.1	4057	3	none	0	0		NC_074283.1 TPA: SsRNA phage Esthiorhiza.1_4 genomic sequence
NC_074284.1	3756	3	none	0	0		NC_074284.1 TPA: SsRNA phage Gephyllon.1_27 genomic sequence
NC_074285.1	3382	3	none	0	0		NC_074285.1 TPA: SsRNA phage Esthiorhiza.4_11 genomic sequence
NC_074286.1	4040	3	none	0	0		NC_074286.1 TPA: SsRNA phage SRR6960507_13 genomic sequence
NC_074287.1	3698	3	none	0	0		NC_074287.1 TPA: SsRNA phage Gerhypos.3_13 genomic sequence
NC_074288.1	4083	3	none	0	0		NC_074288.1 TPA: SsRNA phage Zoerhiza.4_14 genomic sequence
NC_074289.1	4565	5	none	0	0		NC_074289.1 TPA: SsRNA phage Esthiorhiza.3_11 genomic sequence
NC_074290.1	4507	5	none	0	0		NC_074290.1 TPA: SsRNA phage Zoerhiza.1_3 genomic sequence
NC_074291.1	3692	3	none	0	0		NC_074291.1 TPA: SsRNA phage ESE016 genomic sequence
NC_074292.1	3819	3	none	0	0		NC_074292.1 TPA: SsRNA phage Gerhypos.4_35 genomic sequence
NC_074293.1	3767	3	none	0	0		NC_074293.1 TPA: SsRNA phage Gerhypos.4_60 genomic sequence
NC_074294.1	3720	4	none	0	0		NC_074294.1 TPA: SsRNA phage Zoerhiza.1_18 genomic sequence
NC_074295.1	3798	3	none	0	0		NC_074295.1 TPA: SsRNA phage Gerhypos.4_39 genomic sequence
NC_074296.1	3846	3	none	0	0		NC_074296.1 TPA: SsRNA phage SRR6960803_14 genomic sequence
NC_074297.1	4847	5	none	0	0		NC_074297.1 TPA: SsRNA phage SRR6960802_3 genomic sequence
NC_074298.1	3806	3	none	0	0		NC_074298.1 TPA: SsRNA phage SRR5466338_5 genomic sequence
NC_074299.1	3739	3	none	0	0		NC_074299.1 TPA: SsRNA phage Esthiorhiza.2_31 genomic sequence
NC_074300.1	4434	4	none	0	0		NC_074300.1 TPA: SsRNA phage Zoerhiza.2_15 genomic sequence
NC_074301.1	4549	5	none	0	0		NC_074301.1 TPA: SsRNA phage Zoerhiza.2_20 genomic sequence
NC_074302.1	3958	3	none	0	0		NC_074302.1 TPA: SsRNA phage Gephyllon.1_8 genomic sequence
NC_074303.1	4292	4	none	0	0		NC_074303.1 TPA: SsRNA phage Gephyllon.3_14 genomic sequence
NC_074304.1	4078	3	none	0	0		NC_074304.1 TPA: SsRNA phage Zoerhiza.4_5 genomic sequence
NC_074305.1	4040	4	none	0	0		NC_074305.1 TPA: SsRNA phage Gerhypos.3_7 genomic sequence
NC_074306.1	3642	2	none	0	0		NC_074306.1 TPA: SsRNA phage Zoerhiza.1_21 genomic sequence
NC_074307.1	4154	3	none	0	0		NC_074307.1 TPA: SsRNA phage Zoerhiza.1_7 genomic sequence
NC_074308.1	4668	6	none	0	0		NC_074308.1 TPA: SsRNA phage Esthiorhiza.3_5 genomic sequence
NC_074309.1	3887	3	none	0	0		NC_074309.1 TPA: SsRNA phage Esthiorhiza.3_3 genomic sequence
NC_074310.1	3677	3	none	0	0		NC_074310.1 TPA: SsRNA phage Gephyllon.1_23 genomic sequence
NC_074311.1	4260	5	none	0	0		NC_074311.1 TPA: SsRNA phage Esthiorhiza.2_8 genomic sequence
NC_074312.1	4559	5	none	0	0		NC_074312.1 TPA: SsRNA phage Esthiorhiza.3_10 genomic sequence
NC_074313.1	4026	3	none	0	0		NC_074313.1 TPA: SsRNA phage Esthiorhiza.1_6 genomic sequence
NC_074314.1	3768	4	none	0	0		NC_074314.1 TPA: SsRNA phage Esthiorhiza.1_11 genomic sequence
NC_074315.1	4169	4	none	0	0		NC_074315.1 TPA: SsRNA phage Esthiorhiza.2_10 genomic sequence
NC_074316.1	4058	3	none	0	0		NC_074316.1 TPA: SsRNA phage Esthiorhiza.2_16 genomic sequence
NC_074317.1	4367	4	none	0	0		NC_074317.1 TPA: SsRNA phage Esthiorhiza.2_2 genomic sequence
NC_074318.1	3905	3	none	0	0		NC_074318.1 TPA: SsRNA phage Esthiorhiza.2_27 genomic sequence
NC_074319.1	4023	4	none	0	0		NC_074319.1 TPA: SsRNA phage Esthiorhiza.2_20 genomic sequence
NC_074320.1	3659	3	none	0	0		NC_074320.1 TPA: SsRNA phage Esthiorhiza.2_32 genomic sequence
NC_074321.1	4698	5	none	0	0		NC_074321.1 TPA: SsRNA phage Esthiorhiza.2_39 genomic sequence
NC_074322.1	4349	4	none	0	0		NC_074322.1 TPA: SsRNA phage Esthiorhiza.2_4 genomic sequence
NC_074323.1	3819	3	none	0	0		NC_074323.1 TPA: SsRNA phage ESO002 genomic sequence
NC_074324.1	4694	5	none	0	0		NC_074324.1 TPA: SsRNA phage Gerhypos.1_1 genomic sequence
NC_074325.1	3951	3	none	0	0		NC_074325.1 TPA: SsRNA phage Gerhypos.1_14 genomic sequence
NC_074326.1	4303	4	none	0	0		NC_074326.1 TPA: SsRNA phage Gerhypos.1_10 genomic sequence
NC_074327.1	4129	3	none	0	0		NC_074327.1 TPA: SsRNA phage Gerhypos.1_16 genomic sequence
NC_074328.1	4034	3	none	0	0		NC_074328.1 TPA: SsRNA phage Gerhypos.1_36 genomic sequence
NC_074329.1	3994	3	none	0	0		NC_074329.1 TPA: SsRNA phage Gerhypos.1_39 genomic sequence
NC_074330.1	3924	3	none	0	0		NC_074330.1 TPA: SsRNA phage Gerhypos.1_42 genomic sequence
NC_074331.1	4215	3	none	0	0		NC_074331.1 TPA: SsRNA phage Gerhypos.2_16 genomic sequence
NC_074332.1	4312	3	none	0	0		NC_074332.1 TPA: SsRNA phage Gerhypos.2_1 genomic sequence
NC_074333.1	3964	3	none	0	0		NC_074333.1 TPA: SsRNA phage Gerhypos.2_29 genomic sequence
NC_074334.1	4079	3	none	0	0		NC_074334.1 TPA: SsRNA phage Gerhypos.2_30 genomic sequence
NC_074335.1	4022	3	none	0	0		NC_074335.1 TPA: SsRNA phage Gerhypos.2_31 genomic sequence
NC_074336.1	3877	3	none	0	0		NC_074336.1 TPA: SsRNA phage Gerhypos.4_25 genomic sequence
NC_074337.1	4386	4	none	0	0		NC_074337.1 TPA: SsRNA phage Gerhypos.4_3 genomic sequence
NC_074338.1	3927	3	none	0	0		NC_074338.1 TPA: SsRNA phage Gerhypos.4_27 genomic sequence
NC_074339.1	4356	4	none	0	0		NC_074339.1 TPA: SsRNA phage Gerhypos.4_4 genomic sequence
NC_074340.1	3786	3	none	0	0		NC_074340.1 TPA: SsRNA phage Gerhypos.4_40 genomic sequence
NC_074341.1	3697	3	none	0	0		NC_074341.1 TPA: SsRNA phage Gerhypos.4_46 genomic sequence
NC_074342.1	4439	4	none	0	0		NC_074342.1 TPA: SsRNA phage Gerhypos.4_52 genomic sequence
NC_074343.1	3840	4	none	0	0		NC_074343.1 TPA: SsRNA phage Gerhypos.4_58 genomic sequence
NC_074344.1	3960	3	none	0	0		NC_074344.1 TPA: SsRNA phage Gerhypos.4_56 genomic sequence
NC_074345.1	4337	5	none	0	0		NC_074345.1 TPA: SsRNA phage Gerhypos.4_6 genomic sequence
NC_074346.1	3748	3	none	0	0		NC_074346.1 TPA: SsRNA phage Zoerhiza.1_17 genomic sequence
NC_074347.1	4471	4	none	0	0		NC_074347.1 TPA: SsRNA phage Zoerhiza.1_2 genomic sequence
NC_074348.1	3788	3	none	0	0		NC_074348.1 TPA: SsRNA phage Gephyllon.1_26 genomic sequence
NC_074349.1	3801	3	none	0	0		NC_074349.1 TPA: SsRNA phage Gerhypos.2_27 genomic sequence
NC_074350.1	3617	3	none	0	0		NC_074350.1 TPA: SsRNA phage Gerhypos.1_26 genomic sequence
NC_074351.1	3679	3	none	0	0		NC_074351.1 TPA: SsRNA phage Zoerhiza.2_27 genomic sequence
NC_074352.1	3818	3	none	0	0		NC_074352.1 TPA: SsRNA phage Zoerhiza.4_11 genomic sequence
NC_074353.1	3798	3	none	0	0		NC_074353.1 TPA: SsRNA phage SRR6960507_11 genomic sequence
NC_074354.1	3757	3	none	0	0		NC_074354.1 TPA: SsRNA phage SRR6960507_12 genomic sequence
NC_074355.1	3846	3	none	0	0		NC_074355.1 TPA: SsRNA phage SRR7976301_12 genomic sequence
NC_074356.1	4118	3	none	0	0		NC_074356.1 TPA: SsRNA phage SRR6960799_36 genomic sequence
NC_074357.1	3949	3	none	0	0		NC_074357.1 TPA: SsRNA phage SRR7976301_10 genomic sequence
NC_074358.1	3888	3	none	0	0		NC_074358.1 TPA: SsRNA phage SRR7976310_14 genomic sequence
NC_074359.1	4056	3	none	0	0		NC_074359.1 TPA: SsRNA phage Gerhypos.1_15 genomic sequence
NC_074360.1	3935	3	none	0	0		NC_074360.1 TPA: SsRNA phage Esthiorhiza.2_21 genomic sequence
NC_074361.1	4393	4	none	0	0		NC_074361.1 TPA: SsRNA phage SRR6255733_4 genomic sequence
NC_074362.1	4722	3	none	0	0		NC_074362.1 TPA: SsRNA phage Esthiorhiza.1_1 genomic sequence
NC_074363.1	4569	4	none	0	0		NC_074363.1 TPA: SsRNA phage Esthiorhiza.1_2 genomic sequence
NC_074364.1	4380	4	none	0	0		NC_074364.1 TPA: SsRNA phage Esthiorhiza.3_12 genomic sequence
NC_074365.1	4583	4	none	0	0		NC_074365.1 TPA: SsRNA phage SRR6960549_5 genomic sequence
NC_074366.1	3999	5	none	0	0		NC_074366.1 TPA: SsRNA phage Gephyllon.1_16 genomic sequence
NC_074367.1	4060	4	none	0	0		NC_074367.1 TPA: SsRNA phage Gephyllon.1_4 genomic sequence
NC_074368.1	4247	4	none	0	0		NC_074368.1 TPA: SsRNA phage Gephyllon.1_24 genomic sequence
NC_074369.1	4575	4	none	0	0		NC_074369.1 TPA: SsRNA phage Gephyllon.2_8 genomic sequence
NC_074370.1	4303	3	none	0	0		NC_074370.1 TPA: SsRNA phage Gerhypos.1_12 genomic sequence
NC_074371.1	4471	4	none	0	0		NC_074371.1 TPA: SsRNA phage Gerhypos.1_2 genomic sequence
NC_074372.1	4652	3	none	0	0		NC_074372.1 TPA: SsRNA phage Gerhypos.2_15 genomic sequence
NC_074373.1	4385	4	none	0	0		NC_074373.1 TPA: SsRNA phage Zoerhiza.1_25 genomic sequence
NC_074374.1	4395	4	none	0	0		NC_074374.1 TPA: SsRNA phage Gerhypos.3_16 genomic sequence
NC_074375.1	4358	4	none	0	0		NC_074375.1 TPA: SsRNA phage Zoerhiza.1_5 genomic sequence
NC_074376.1	4038	4	none	0	0		NC_074376.1 TPA: SsRNA phage Gephyllon.3_16 genomic sequence
NC_074377.1	4020	4	none	0	0		NC_074377.1 TPA: SsRNA phage Gerhypos.4_18 genomic sequence
NC_074378.1	4092	3	none	0	0		NC_074378.1 TPA: SsRNA phage Gephyllon.4_7 genomic sequence
NC_074379.1	3988	3	none	0	0		NC_074379.1 TPA: SsRNA phage Gerhypos.4_20 genomic sequence
NC_074380.1	4047	3	none	0	0		NC_074380.1 TPA: SsRNA phage Gerhypos.4_63 genomic sequence
NC_074381.1	4024	3	none	0	0		NC_074381.1 TPA: SsRNA phage Gerhypos.4_64 genomic sequence
NC_074382.1	3982	3	none	0	0		NC_074382.1 TPA: SsRNA phage Zoerhiza.1_13 genomic sequence
NC_074383.1	4029	4	none	0	0		NC_074383.1 TPA: SsRNA phage Esthiorhiza.1_5 genomic sequence
NC_074384.1	3965	3	none	0	0		NC_074384.1 TPA: SsRNA phage Esthiorhiza.2_22 genomic sequence
NC_074385.1	4015	4	none	0	0		NC_074385.1 TPA: SsRNA phage Gerhypos.1_17 genomic sequence
NC_074386.1	4144	4	none	0	0		NC_074386.1 TPA: SsRNA phage SRR5467091_10 genomic sequence
NC_074387.1	3811	4	none	0	0		NC_074387.1 TPA: SsRNA phage Esthiorhiza.4_16 genomic sequence
NC_074388.1	3899	3	none	0	0		NC_074388.1 TPA: SsRNA phage Gephyllon.2_2 genomic sequence
NC_074389.1	3651	3	none	0	0		NC_074389.1 TPA: SsRNA phage SRR6960799_32 genomic sequence
NC_074390.1	4194	4	none	0	0		NC_074390.1 TPA: SsRNA phage SRR5467091_16 genomic sequence
NC_074391.1	3809	3	none	0	0		NC_074391.1 TPA: SsRNA phage SRR7976325_26 genomic sequence
NC_074392.1	3729	3	none	0	0		NC_074392.1 TPA: SsRNA phage SRR6960802_5 genomic sequence
NC_074393.1	3533	3	none	0	0		NC_074393.1 TPA: SsRNA phage SRR7976357_12 genomic sequence
NC_074394.1	3576	4	none	0	0		NC_074394.1 TPA: SsRNA phage Gerhypos.2_13 genomic sequence
NC_074395.1	3805	3	none	0	0		NC_074395.1 TPA: SsRNA phage Zoerhiza.3_5 genomic sequence
NC_074396.1	4104	4	none	0	0		NC_074396.1 TPA: SsRNA phage Zoerhiza.4_13 genomic sequence
NC_074397.1	4110	2	none	0	0		NC_074397.1 TPA: SsRNA phage Esthiorhiza.2_13 genomic sequence
NC_074398.1	3713	3	none	0	0		NC_074398.1 TPA: SsRNA phage Esthiorhiza.4_17 genomic sequence
NC_074399.1	3896	3	none	0	0		NC_074399.1 TPA: SsRNA phage Esthiorhiza.3_7 genomic sequence
NC_074400.1	3815	3	none	0	0		NC_074400.1 TPA: SsRNA phage Gephyllon.2_3 genomic sequence
NC_074401.1	3953	4	none	0	0		NC_074401.1 TPA: SsRNA phage Gerhypos.4_26 genomic sequence
NC_074402.1	3912	3	none	0	0		NC_074402.1 TPA: SsRNA phage Gerhypos.4_29 genomic sequence
NC_074403.1	3643	3	none	0	0		NC_074403.1 TPA: SsRNA phage Esthiorhiza.1_14 genomic sequence
NC_074404.1	3911	3	none	0	0		NC_074404.1 TPA: SsRNA phage SRR7976325_28 genomic sequence
NC_074405.1	3924	3	none	0	0		NC_074405.1 TPA: SsRNA phage SRR5466337_3 genomic sequence
NC_074406.1	3710	3	none	0	0		NC_074406.1 TPA: SsRNA phage SRR7976310_16 genomic sequence
NC_074407.1	3750	3	none	0	0		NC_074407.1 TPA: SsRNA phage SRR6960799_40 genomic sequence
NC_074408.1	3886	4	none	0	0		NC_074408.1 TPA: SsRNA phage SRR6255733_6 genomic sequence
NC_074409.1	3783	3	none	0	0		NC_074409.1 TPA: SsRNA phage Zoerhiza.1_15 genomic sequence
NC_074410.1	4032	3	none	0	0		NC_074410.1 TPA: SsRNA phage Esthiorhiza.2_17 genomic sequence
NC_074411.1	3857	3	none	0	0		NC_074411.1 TPA: SsRNA phage Esthiorhiza.2_29 genomic sequence
NC_074412.1	3969	3	none	0	0		NC_074412.1 TPA: SsRNA phage Gerhypos.1_50 genomic sequence
NC_074413.1	4254	3	none	0	0		NC_074413.1 TPA: SsRNA phage Gerhypos.4_8 genomic sequence
NC_074414.1	4291	3	none	0	0		NC_074414.1 TPA: SsRNA phage Zoerhiza.2_2 genomic sequence
NC_074415.1	4408	4	none	0	0		NC_074415.1 TPA: SsRNA phage Zoerhiza.1_4 genomic sequence
NC_074416.1	3709	3	none	0	0		NC_074416.1 TPA: SsRNA phage SRR6960549_9 genomic sequence
NC_074417.1	4806	4	none	0	0		NC_074417.1 TPA: SsRNA phage SRR5466727_9 genomic sequence
NC_074418.1	4794	4	none	0	0		NC_074418.1 TPA: SsRNA phage SRR5467090_7 genomic sequence
NC_074419.1	3863	3	none	0	0		NC_074419.1 TPA: SsRNA phage Gephyllon.3_9 genomic sequence
NC_074420.1	3784	3	none	0	0		NC_074420.1 TPA: SsRNA phage Gerhypos.4_65 genomic sequence
NC_074421.1	3553	3	none	0	0		NC_074421.1 TPA: SsRNA phage Zoerhiza.2_17 genomic sequence
NC_074422.1	3621	3	none	0	0		NC_074422.1 TPA: SsRNA phage SRR6960799_34 genomic sequence
NC_074423.1	3629	3	none	0	0		NC_074423.1 TPA: SsRNA phage SRR6960551_14 genomic sequence
NC_074424.1	3846	3	none	0	0		NC_074424.1 TPA: SsRNA phage Gerhypos.4_16 genomic sequence
NC_074425.1	3861	4	none	0	0		NC_074425.1 TPA: SsRNA phage Zoerhiza.4_10 genomic sequence
NC_074426.1	3556	4	none	0	0		NC_074426.1 TPA: SsRNA phage Zoerhiza.2_13 genomic sequence
NC_074427.1	3594	3	none	0	0		NC_074427.1 TPA: SsRNA phage Zoerhiza.4_26 genomic sequence
NC_074428.1	3827	3	none	0	0		NC_074428.1 TPA: SsRNA phage SRR6960509_17 genomic sequence
NC_074429.1	3664	2	none	0	0		NC_074429.1 TPA: SsRNA phage SRR6960799_39 genomic sequence
NC_074430.1	3719	4	none	0	0		NC_074430.1 TPA: SsRNA phage SRR7976299_18 genomic sequence
NC_074431.1	4031	3	none	0	0		NC_074431.1 TPA: SsRNA phage SRR7976325_27 genomic sequence
NC_074432.1	3965	3	none	0	0		NC_074432.1 TPA: SsRNA phage Zoerhiza.2_6 genomic sequence
NC_074433.1	3772	4	none	0	0		NC_074433.1 TPA: SsRNA phage Gerhypos.4_7 genomic sequence
NC_074434.1	3581	3	none	0	0		NC_074434.1 TPA: SsRNA phage Esthiorhiza.2_34 genomic sequence
NC_074435.1	3662	3	none	0	0		NC_074435.1 TPA: SsRNA phage Gephyllon.4_14 genomic sequence
NC_074436.1	3641	3	none	0	0		NC_074436.1 TPA: SsRNA phage Esthiorhiza.2_33 genomic sequence
NC_074437.1	3808	3	none	0	0		NC_074437.1 TPA: SsRNA phage Gerhypos.1_46 genomic sequence
NC_074438.1	3717	3	none	0	0		NC_074438.1 TPA: SsRNA phage Gerhypos.4_45 genomic sequence
NC_074439.1	3668	4	none	0	0		NC_074439.1 TPA: SsRNA phage Gerhypos.4_47 genomic sequence
NC_074440.1	3605	3	none	0	0		NC_074440.1 TPA: SsRNA phage Gerhypos.4_48 genomic sequence
NC_074441.1	3623	3	none	0	0		NC_074441.1 TPA: SsRNA phage Gephyllon.1_28 genomic sequence
NC_074442.1	3855	3	none	0	0		NC_074442.1 TPA: SsRNA phage SRR6253161_3 genomic sequence
NC_074443.1	3830	3	none	0	0		NC_074443.1 TPA: SsRNA phage SRR6255733_5 genomic sequence
NC_074444.1	3692	3	none	0	0		NC_074444.1 TPA: SsRNA phage SRR6960549_6 genomic sequence
NC_074445.1	3804	3	none	0	0		NC_074445.1 TPA: SsRNA phage Gerhypos.1_25 genomic sequence
NC_074446.1	4246	3	none	0	0		NC_074446.1 TPA: SsRNA phage Gerhypos.1_13 genomic sequence
NC_074447.1	3758	3	none	0	0		NC_074447.1 TPA: SsRNA phage Zoerhiza.4_25 genomic sequence
NC_074448.1	3600	3	none	0	0		NC_074448.1 TPA: SsRNA phage Gerhypos.1_47 genomic sequence
NC_074449.1	3898	3	none	0	0		NC_074449.1 TPA: SsRNA phage Gerhypos.1_21 genomic sequence
NC_074450.1	4023	3	none	0	0		NC_074450.1 TPA: SsRNA phage Gerhypos.1_37 genomic sequence
NC_074451.1	3830	3	none	0	0		NC_074451.1 TPA: SsRNA phage Gerhypos.1_45 genomic sequence
NC_074452.1	3937	3	none	0	0		NC_074452.1 TPA: SsRNA phage SRR5467091_14 genomic sequence
NC_074453.1	4205	3	none	0	0		NC_074453.1 TPA: SsRNA phage Gerhypos.4_11 genomic sequence
NC_074454.1	3952	3	none	0	0		NC_074454.1 TPA: SsRNA phage Zoerhiza.2_24 genomic sequence
NC_074455.1	3725	3	none	0	0		NC_074455.1 TPA: SsRNA phage SRR5466369_3 genomic sequence
NC_074456.1	3906	3	none	0	0		NC_074456.1 TPA: SsRNA phage SRR6050698_2 genomic sequence
NC_074457.1	3870	3	none	0	0		NC_074457.1 TPA: SsRNA phage SRR6255513_1 genomic sequence
NC_074458.1	3787	3	none	0	0		NC_074458.1 TPA: SsRNA phage SRR6960799_38 genomic sequence
NC_074459.1	3740	3	none	0	0		NC_074459.1 TPA: SsRNA phage SRR7976310_15 genomic sequence
NC_074460.1	3990	3	none	0	0		NC_074460.1 TPA: SsRNA phage Zoerhiza.2_22 genomic sequence
NC_074461.1	3760	3	none	0	0		NC_074461.1 TPA: SsRNA phage Zoerhiza.3_6 genomic sequence
NC_074462.1	3784	6	none	0	0		NC_074462.1 TPA: SsRNA phage Gephyllon.1_20 genomic sequence
NC_074463.1	3992	3	none	0	0		NC_074463.1 TPA: SsRNA phage Gephyllon.4_20 genomic sequence
NC_074464.1	3921	4	none	0	0		NC_074464.1 TPA: SsRNA phage Gerhypos.2_23 genomic sequence
NC_074465.1	3661	3	none	0	0		NC_074465.1 TPA: SsRNA phage Gerhypos.1_27 genomic sequence
NC_074466.1	4060	3	none	0	0		NC_074466.1 TPA: SsRNA phage Gerhypos.2_4 genomic sequence
NC_074467.1	4188	3	none	0	0		NC_074467.1 TPA: SsRNA phage Gerhypos.4_12 genomic sequence
NC_074468.1	4125	4	none	0	0		NC_074468.1 TPA: SsRNA phage Gerhypos.4_14 genomic sequence
NC_074469.1	3916	3	none	0	0		NC_074469.1 TPA: SsRNA phage Gerhypos.4_57 genomic sequence
NC_074470.1	4107	4	none	0	0		NC_074470.1 TPA: SsRNA phage Gerhypos.4_62 genomic sequence
NC_074471.1	4283	4	none	0	0		NC_074471.1 TPA: SsRNA phage Gerhypos.4_9 genomic sequence
NC_074472.1	4133	4	none	0	0		NC_074472.1 TPA: SsRNA phage Zoerhiza.1_28 genomic sequence
NC_074473.1	3993	4	none	0	0		NC_074473.1 TPA: SsRNA phage Zoerhiza.2_5 genomic sequence
NC_074474.1	4109	3	none	0	0		NC_074474.1 TPA: SsRNA phage Zoerhiza.4_19 genomic sequence
NC_074475.1	4156	4	none	0	0		NC_074475.1 TPA: SsRNA phage Esthiorhiza.2_12 genomic sequence
NC_074476.1	4286	4	none	0	0		NC_074476.1 TPA: SsRNA phage Esthiorhiza.2_5 genomic sequence
NC_074477.1	4210	5	none	0	0		NC_074477.1 TPA: SsRNA phage Esthiorhiza.2_45 genomic sequence
NC_074478.1	3923	4	none	0	0		NC_074478.1 TPA: SsRNA phage Esthiorhiza.4_14 genomic sequence
NC_074479.1	4122	4	none	0	0		NC_074479.1 TPA: SsRNA phage Gephyllon.1_25 genomic sequence
NC_074480.1	4268	4	none	0	0		NC_074480.1 TPA: SsRNA phage Gephyllon.4_18 genomic sequence
NC_074481.1	3803	4	none	0	0		NC_074481.1 TPA: SsRNA phage Zoerhiza.4_24 genomic sequence
NC_074482.1	3613	3	none	0	0		NC_074482.1 TPA: SsRNA phage SRR6960509_16 genomic sequence
NC_074483.1	3848	3	none	0	0		NC_074483.1 TPA: SsRNA phage Zoerhiza.4_16 genomic sequence
NC_074484.1	3894	3	none	0	0		NC_074484.1 TPA: SsRNA phage Gerhypos.1_11 genomic sequence
NC_074485.1	4156	4	none	0	0		NC_074485.1 TPA: SsRNA phage SRR7976301_11 genomic sequence
NC_074486.1	3767	3	none	0	0		NC_074486.1 TPA: SsRNA phage Gephyllon.3_10 genomic sequence
NC_074487.1	3787	3	none	0	0		NC_074487.1 TPA: SsRNA phage SRR5467090_8 genomic sequence
NC_074488.1	3611	3	none	0	0		NC_074488.1 TPA: SsRNA phage Zoerhiza.1_22 genomic sequence
NC_074489.1	4239	4	none	0	0		NC_074489.1 TPA: SsRNA phage Gerhypos.1_31 genomic sequence
NC_074490.1	4599	4	none	0	0		NC_074490.1 TPA: SsRNA phage SRR6049586_2 genomic sequence
NC_074491.1	3838	3	none	0	0		NC_074491.1 TPA: SsRNA phage Gerhypos.1_24 genomic sequence
NC_074492.1	3577	3	none	0	0		NC_074492.1 TPA: SsRNA phage Gerhypos.3_14 genomic sequence
NC_074493.1	3714	3	none	0	0		NC_074493.1 TPA: SsRNA phage Zoerhiza.1_19 genomic sequence
NC_074494.1	3546	3	none	0	0		NC_074494.1 TPA: SsRNA phage SRR6255746_3 genomic sequence
NC_074495.1	3809	3	none	0	0		NC_074495.1 TPA: SsRNA phage Gerhypos.3_2 genomic sequence
NC_074496.1	3694	3	none	0	0		NC_074496.1 TPA: SsRNA phage SRR7976325_25 genomic sequence
NC_074497.1	4023	3	none	0	0		NC_074497.1 TPA: SsRNA phage Zoerhiza.1_33 genomic sequence
NC_074498.1	4208	3	none	0	0		NC_074498.1 TPA: SsRNA phage Zoerhiza.1_6 genomic sequence
NC_074499.1	3782	3	none	0	0		NC_074499.1 TPA: SsRNA phage SRR7976325_23 genomic sequence
NC_074500.1	3614	3	none	0	0		NC_074500.1 TPA: SsRNA phage Zoerhiza.2_18 genomic sequence
NC_074501.1	4427	4	none	0	0		NC_074501.1 TPA: SsRNA phage Gerhypos.1_30 genomic sequence
NC_074502.1	4280	5	none	0	0		NC_074502.1 TPA: SsRNA phage Gerhypos.1_3 genomic sequence
NC_074503.1	4575	4	none	0	0		NC_074503.1 TPA: SsRNA phage Gerhypos.1_7 genomic sequence
NC_074504.1	4213	5	none	0	0		NC_074504.1 TPA: SsRNA phage SRR5466338_4 genomic sequence
NC_074505.1	3768	3	none	0	0		NC_074505.1 TPA: SsRNA phage Gerhypos.2_11 genomic sequence
NC_074506.1	3841	3	none	0	0		NC_074506.1 TPA: SsRNA phage Gerhypos.2_24 genomic sequence
NC_074507.1	3863	3	none	0	0		NC_074507.1 TPA: SsRNA phage SRR7976323_6 genomic sequence
NC_074508.1	3873	4	none	0	0		NC_074508.1 TPA: SsRNA phage SRR5467091_15 genomic sequence
NC_074509.1	3922	4	none	0	0		NC_074509.1 TPA: SsRNA phage SRR7976323_5 genomic sequence
NC_074510.1	4407	3	none	0	0		NC_074510.1 TPA: SsRNA phage SRR5467091_12 genomic sequence
NC_074511.1	3586	3	none	0	0		NC_074511.1 TPA: SsRNA phage SRR5466725_22 genomic sequence
NC_074512.1	3453	3	none	0	0		NC_074512.1 TPA: SsRNA phage SRR5467090_10 genomic sequence
NC_074513.1	3671	3	none	0	0		NC_074513.1 TPA: SsRNA phage Esthiorhiza.2_48 genomic sequence
NC_074514.1	3678	3	none	0	0		NC_074514.1 TPA: SsRNA phage Esthiorhiza.4_8 genomic sequence
NC_074515.1	4262	4	none	0	0		NC_074515.1 TPA: SsRNA phage Esthiorhiza.4_13 genomic sequence
NC_074516.1	4423	4	none	0	0		NC_074516.1 TPA: SsRNA phage Gephyllon.2_4 genomic sequence
NC_074517.1	4108	3	none	0	0		NC_074517.1 TPA: SsRNA phage Gephyllon.2_1 genomic sequence
NC_074518.1	4679	4	none	0	0		NC_074518.1 TPA: SsRNA phage Gephyllon.2_7 genomic sequence
NC_074519.1	4289	3	none	0	0		NC_074519.1 TPA: SsRNA phage Gephyllon.3_1 genomic sequence
NC_074520.1	4000	3	none	0	0		NC_074520.1 TPA: SsRNA phage Gephyllon.3_18 genomic sequence
NC_074521.1	3914	3	none	0	0		NC_074521.1 TPA: SsRNA phage Gephyllon.3_6 genomic sequence
NC_074522.1	4493	4	none	0	0		NC_074522.1 TPA: SsRNA phage Gephyllon.4_1 genomic sequence
NC_074523.1	4263	3	none	0	0		NC_074523.1 TPA: SsRNA phage Gephyllon.4_2 genomic sequence
NC_074524.1	4106	3	none	0	0		NC_074524.1 TPA: SsRNA phage Gerhypos.1_4 genomic sequence
NC_074525.1	4644	5	none	0	0		NC_074525.1 TPA: SsRNA phage Gerhypos.1_6 genomic sequence
NC_074526.1	4421	3	none	0	0		NC_074526.1 TPA: SsRNA phage Gerhypos.1_8 genomic sequence
NC_074527.1	4074	4	none	0	0		NC_074527.1 TPA: SsRNA phage SRR6960509_15 genomic sequence
NC_074528.1	3714	3	none	0	0		NC_074528.1 TPA: SsRNA phage SRR6960549_7 genomic sequence
NC_074529.1	4110	4	none	0	0		NC_074529.1 TPA: SsRNA phage ESO000 genomic sequence
NC_074530.1	3930	3	none	0	0		NC_074530.1 TPA: SsRNA phage SRR6960549_8 genomic sequence
NC_074531.1	3990	3	none	0	0		NC_074531.1 TPA: SsRNA phage SRR6960799_33 genomic sequence
NC_074532.1	4009	4	none	0	0		NC_074532.1 TPA: SsRNA phage SRR7976299_17 genomic sequence
NC_074533.1	3952	3	none	0	0		NC_074533.1 TPA: SsRNA phage Esthiorhiza.2_24 genomic sequence
NC_074534.1	4219	3	none	0	0		NC_074534.1 TPA: SsRNA phage Esthiorhiza.3_6 genomic sequence
NC_074535.1	4388	4	none	0	0		NC_074535.1 TPA: SsRNA phage Esthiorhiza.4_12 genomic sequence
NC_074536.1	4196	3	none	0	0		NC_074536.1 TPA: SsRNA phage Gerhypos.2_3 genomic sequence
NC_074537.1	4454	4	none	0	0		NC_074537.1 TPA: SsRNA phage Gerhypos.3_15 genomic sequence
NC_074538.1	4149	3	none	0	0		NC_074538.1 TPA: SsRNA phage Gerhypos.2_40 genomic sequence
NC_074539.1	3903	3	none	0	0		NC_074539.1 TPA: SsRNA phage Gerhypos.3_24 genomic sequence
NC_074540.1	3995	3	none	0	0		NC_074540.1 TPA: SsRNA phage Gerhypos.4_19 genomic sequence
NC_074541.1	4136	3	none	0	0		NC_074541.1 TPA: SsRNA phage Gerhypos.4_53 genomic sequence
NC_074542.1	4069	4	none	0	0		NC_074542.1 TPA: SsRNA phage Zoerhiza.2_16 genomic sequence
NC_074543.1	4053	3	none	0	0		NC_074543.1 TPA: SsRNA phage Zoerhiza.2_21 genomic sequence
NC_074544.1	4744	4	none	0	0		NC_074544.1 TPA: SsRNA phage Zoerhiza.2_19 genomic sequence
NC_074545.1	4017	3	none	0	0		NC_074545.1 TPA: SsRNA phage Zoerhiza.3_7 genomic sequence
NC_074546.1	4230	3	none	0	0		NC_074546.1 TPA: SsRNA phage Zoerhiza.4_4 genomic sequence
NC_074547.1	3912	3	none	0	0		NC_074547.1 TPA: SsRNA phage SRR5467090_11 genomic sequence
NC_074548.1	4025	3	none	0	0		NC_074548.1 TPA: SsRNA phage SRR7976325_24 genomic sequence
NC_074549.1	4060	3	none	0	0		NC_074549.1 TPA: SsRNA phage Esthiorhiza.1_3 genomic sequence
NC_074550.1	4015	3	none	0	0		NC_074550.1 TPA: SsRNA phage Esthiorhiza.1_7 genomic sequence
NC_074551.1	3976	3	none	0	0		NC_074551.1 TPA: SsRNA phage Gephyllon.1_17 genomic sequence
NC_074552.1	4513	3	none	0	0		NC_074552.1 TPA: SsRNA phage SRR7976300_2 genomic sequence
NC_074553.1	3609	3	none	0	0		NC_074553.1 Leviviridae sp. isolate AVE006 maturation (QIS40_gp1) gene, partial cds; and hypothetical protein (QIS40_gp2
NC_074554.1	3287	3	none	0	0		NC_074554.1 TPA: SsRNA phage SRR7976325_6 genomic sequence
NC_074555.1	3861	3	none	0	0		NC_074555.1 TPA: SsRNA phage SRR7976325_11 genomic sequence
NC_074556.1	4698	4	none	0	0		NC_074556.1 TPA: SsRNA phage Zoerhiza.1_24 genomic sequence
NC_074557.1	3992	3	none	0	0		NC_074557.1 TPA: SsRNA phage Gerhypos.1_40 genomic sequence
NC_074558.1	3553	3	none	0	0		NC_074558.1 TPA: SsRNA phage SRR6960799_31 genomic sequence
NC_074559.1	3626	3	none	0	0		NC_074559.1 TPA: SsRNA phage SRR7976310_9 genomic sequence
NC_074560.1	14852	25	none	1	0		NC_074560.1 Bacillus phage Sato, complete genome
NC_074561.1	14444	24	none	0	0		NC_074561.1 Bacillus phage Sole, complete genome
NC_074562.1	4095	4	none	0	0		NC_074562.1 TPA: SsRNA phage SRR5466725_16 genomic sequence
NC_074563.1	4252	4	none	0	0		NC_074563.1 TPA: SsRNA phage Gerhypos.1_51 genomic sequence
NC_074564.1	4029	3	none	0	0		NC_074564.1 TPA: SsRNA phage Esthiorhiza.2_19 genomic sequence
NC_074565.1	3631	3	none	0	0		NC_074565.1 TPA: SsRNA phage Gerhypos.4_41 genomic sequence
NC_074566.1	3752	5	none	0	0		NC_074566.1 TPA: SsRNA phage Gerhypos.4_37 genomic sequence
NC_074567.1	3784	3	none	0	0		NC_074567.1 TPA: SsRNA phage Zoerhiza.1_31 genomic sequence
NC_074568.1	3680	3	none	0	0		NC_074568.1 TPA: SsRNA phage Zoerhiza.2_11 genomic sequence
NC_074569.1	3762	3	none	0	0		NC_074569.1 TPA: SsRNA phage SRR7976357_10 genomic sequence
NC_074570.1	4335	4	none	0	0		NC_074570.1 TPA: SsRNA phage SRR5466727_7 genomic sequence
NC_074571.1	3741	3	none	0	0		NC_074571.1 TPA: SsRNA phage Gerhypos.4_42 genomic sequence
NC_074572.1	3872	3	none	0	0		NC_074572.1 TPA: SsRNA phage Gerhypos.1_44 genomic sequence
NC_074573.1	4106	4	none	0	0		NC_074573.1 TPA: SsRNA phage Zoerhiza.2_14 genomic sequence
NC_074574.1	3849	3	none	0	0		NC_074574.1 TPA: SsRNA phage SRR7976357_11 genomic sequence
NC_074575.1	3694	3	none	0	0		NC_074575.1 TPA: SsRNA phage SRR7976326_5 genomic sequence
NC_074576.1	3833	4	none	0	0		NC_074576.1 TPA: SsRNA phage Zoerhiza.4_22 genomic sequence
NC_074577.1	5123	4	none	0	0		NC_074577.1 TPA: SsRNA phage SRR5466725_21 genomic sequence
NC_074578.1	3826	3	none	0	0		NC_074578.1 TPA: SsRNA phage SRR7976299_19 genomic sequence
NC_074579.1	4179	3	none	0	0		NC_074579.1 TPA: SsRNA phage SRR6254353_2 genomic sequence
NC_074580.1	3663	3	none	0	0		NC_074580.1 TPA: SsRNA phage SRR6960799_37 genomic sequence
NC_074581.1	3760	3	none	0	0		NC_074581.1 TPA: SsRNA phage Gephyllon.1_21 genomic sequence
NC_074582.1	3900	4	none	0	0		NC_074582.1 TPA: SsRNA phage Gerhypos.4_31 genomic sequence
NC_074583.1	4387	4	none	0	0		NC_074583.1 TPA: SsRNA phage SRR5466369_2 genomic sequence
NC_074584.1	3956	3	none	0	0		NC_074584.1 TPA: SsRNA phage Zoerhiza.2_23 genomic sequence
NC_074585.1	4114	3	none	0	0		NC_074585.1 TPA: SsRNA phage Zoerhiza.2_3 genomic sequence
NC_074586.1	4026	3	none	0	0		NC_074586.1 TPA: SsRNA phage Zoerhiza.2_4 genomic sequence
NC_074587.1	4297	5	none	0	0		NC_074587.1 TPA: SsRNA phage Zoerhiza.4_17 genomic sequence
NC_074588.1	5034	6	none	0	0		NC_074588.1 TPA: SsRNA phage Gephyllon.3_13 genomic sequence
NC_074589.1	4243	4	none	0	0		NC_074589.1 TPA: SsRNA phage Gephyllon.2_9 genomic sequence
NC_074590.1	4150	4	none	0	0		NC_074590.1 TPA: SsRNA phage Gephyllon.3_15 genomic sequence
NC_074591.1	3901	3	none	0	0		NC_074591.1 TPA: SsRNA phage Gephyllon.3_3 genomic sequence
NC_074592.1	3981	3	none	0	0		NC_074592.1 TPA: SsRNA phage SRR6960802_4 genomic sequence
NC_074593.1	4361	4	none	0	0		NC_074593.1 TPA: SsRNA phage Zoerhiza.4_2 genomic sequence
NC_074594.1	3836	3	none	0	0		NC_074594.1 TPA: SsRNA phage Zoerhiza.4_23 genomic sequence
NC_074595.1	4024	4	none	0	0		NC_074595.1 TPA: SsRNA phage Zoerhiza.4_20 genomic sequence
NC_074596.1	4266	4	none	0	0		NC_074596.1 TPA: SsRNA phage Zoerhiza.4_3 genomic sequence
NC_074597.1	3919	4	none	0	0		NC_074597.1 TPA: SsRNA phage Zoerhiza.4_6 genomic sequence
NC_074598.1	4463	5	none	0	0		NC_074598.1 TPA: SsRNA phage Gerhypos.2_35 genomic sequence
NC_074599.1	4287	4	none	0	0		NC_074599.1 TPA: SsRNA phage Gerhypos.2_39 genomic sequence
NC_074600.1	4299	3	none	0	0		NC_074600.1 TPA: SsRNA phage Gerhypos.2_37 genomic sequence
NC_074601.1	3951	4	none	0	0		NC_074601.1 TPA: SsRNA phage Gerhypos.2_5 genomic sequence
NC_074602.1	3720	3	none	0	0		NC_074602.1 TPA: SsRNA phage Gerhypos.3_12 genomic sequence
NC_074603.1	4358	3	none	0	0		NC_074603.1 TPA: SsRNA phage Gerhypos.3_18 genomic sequence
NC_074604.1	3882	3	none	0	0		NC_074604.1 TPA: SsRNA phage Gephyllon.3_8 genomic sequence
NC_074605.1	4394	5	none	0	0		NC_074605.1 TPA: SsRNA phage Gephyllon.4_16 genomic sequence
NC_074606.1	3958	4	none	0	0		NC_074606.1 TPA: SsRNA phage Gephyllon.4_11 genomic sequence
NC_074607.1	3944	3	none	0	0		NC_074607.1 TPA: SsRNA phage Gephyllon.4_19 genomic sequence
NC_074608.1	4417	4	none	0	0		NC_074608.1 TPA: SsRNA phage Gephyllon.4_6 genomic sequence
NC_074609.1	4183	4	none	0	0		NC_074609.1 TPA: SsRNA phage Gephyllon.4_8 genomic sequence
NC_074610.1	4646	5	none	0	0		NC_074610.1 TPA: SsRNA phage Gerhypos.3_4 genomic sequence
NC_074611.1	4348	5	none	0	0		NC_074611.1 TPA: SsRNA phage Gerhypos.3_5 genomic sequence
NC_074612.1	4335	5	none	0	0		NC_074612.1 TPA: SsRNA phage Gerhypos.3_6 genomic sequence
NC_074613.1	3941	3	none	0	0		NC_074613.1 TPA: SsRNA phage Gerhypos.3_8 genomic sequence
NC_074614.1	4067	4	none	0	0		NC_074614.1 TPA: SsRNA phage Gerhypos.4_1 genomic sequence
NC_074615.1	3779	2	none	0	0		NC_074615.1 TPA: SsRNA phage Zoerhiza.1_32 genomic sequence
NC_074616.1	3831	3	none	0	0		NC_074616.1 TPA: SsRNA phage Zoerhiza.1_30 genomic sequence
NC_074617.1	4621	5	none	0	0		NC_074617.1 TPA: SsRNA phage Zoerhiza.2_1 genomic sequence
NC_074618.1	3402	3	none	0	0		NC_074618.1 TPA: SsRNA phage Zoerhiza.2_12 genomic sequence
NC_074619.1	3836	3	none	0	0		NC_074619.1 TPA: SsRNA phage Esthiorhiza.4_15 genomic sequence
NC_074620.1	4158	4	none	0	0		NC_074620.1 TPA: SsRNA phage Esthiorhiza.4_5 genomic sequence
NC_074621.1	3845	4	none	0	0		NC_074621.1 TPA: SsRNA phage Esthiorhiza.4_7 genomic sequence
NC_074622.1	4732	5	none	0	0		NC_074622.1 TPA: SsRNA phage Gephyllon.1_1 genomic sequence
NC_074623.1	3897	3	none	0	0		NC_074623.1 TPA: SsRNA phage Gephyllon.1_18 genomic sequence
NC_074624.1	4074	3	none	0	0		NC_074624.1 TPA: SsRNA phage Gephyllon.1_15 genomic sequence
NC_074625.1	4402	4	none	0	0		NC_074625.1 TPA: SsRNA phage Gephyllon.1_3 genomic sequence
NC_074626.1	3992	3	none	0	0		NC_074626.1 TPA: SsRNA phage Gephyllon.1_6 genomic sequence
NC_074627.1	4204	4	none	0	0		NC_074627.1 TPA: SsRNA phage Esthiorhiza.2_41 genomic sequence
NC_074628.1	4593	5	none	0	0		NC_074628.1 TPA: SsRNA phage Esthiorhiza.2_50 genomic sequence
NC_074629.1	4382	5	none	0	0		NC_074629.1 TPA: SsRNA phage Esthiorhiza.2_42 genomic sequence
NC_074630.1	3891	4	none	0	0		NC_074630.1 TPA: SsRNA phage Esthiorhiza.3_1 genomic sequence
NC_074631.1	4373	5	none	0	0		NC_074631.1 TPA: SsRNA phage Esthiorhiza.2_1 genomic sequence
NC_074658.1	58919	88	none	0	1		NC_074658.1 Pseudomonas phage Medea1, complete genome
NC_074659.1	55060	89	none	0	1		NC_074659.1 Pseudomonas phage phiAH14a, complete genome
NC_074660.1	51347	77	none	1	0		NC_074660.1 Pseudomonas phage MR15, complete genome
NC_074661.1	51465	78	none	0	0		NC_074661.1 Pseudomonas phage psageK9, complete genome
NC_074662.1	54250	93	none	1	0		NC_074662.1 Pseudomonas phage PP9W2, complete genome
NC_074663.1	49926	77	none	0	0		NC_074663.1 Pseudomonas phage vB_Pae_LC3I3, complete genome
NC_074664.1	49154	90	none	0	0		NC_074664.1 Pseudomonas phage BUCT566, complete genome
NC_074742.1	38255	54	none	1	0		NC_074742.1 Pseudomonas phage Fc22, complete genome
NC_074743.1	39020	52	none	0	0		NC_074743.1 Pseudomonas phage Ps59, complete genome
NC_074744.1	38122	54	none	1	0		NC_074744.1 Pseudomonas phage Fc02, complete genome
NC_074745.1	38579	55	none	1	0		NC_074745.1 Pseudomonas phage H72, complete genome
NC_074746.1	38223	53	none	1	0		NC_074746.1 Pseudomonas phage H71, complete genome
NC_074747.1	41303	57	none	1	0		NC_074747.1 Pseudomonas phage UMP151, complete genome
NC_074748.1	39676	55	none	1	0		NC_074748.1 Pseudomonas phage Ps60, complete genome
NC_074749.1	39701	57	none	1	0		NC_074749.1 Pseudomonas phage vB_Pae-SS2019XII, complete genome
NC_074750.1	39705	56	none	1	0		NC_074750.1 Pseudomonas phage vB_Pae_CF78a, partial genome
NC_074751.1	38613	53	none	0	0		NC_074751.1 Serratia phage vB_SmaS_Rovert, complete genome
NC_074752.1	42045	59	none	0	0		NC_074752.1 Serratia phage vB_SmaS_Bonzee, complete genome
NC_074753.1	41797	59	none	0	0		NC_074753.1 Serratia phage vB_SmaS_Stoker, complete genome
NC_074754.1	42052	61	none	0	0		NC_074754.1 Serratia phage vB_SmaS_Ulliraptor, complete genome
NC_074755.1	42495	57	none	0	0		NC_074755.1 Serratia phage vB_SmaS_Bigdog, complete genome
NC_074756.1	42882	59	none	0	1		NC_074756.1 Serratia phage Serbin, complete genome
NC_074757.1	42679	59	none	0	0		NC_074757.1 Serratia phage vB_SmaS_Tlacuache, complete genome
NC_074758.1	42792	58	none	0	1		NC_074758.1 Serratia phage vB_SmaS_Opt-155, complete genome
NC_074762.1	7325	12	none	0	0		NC_074762.1 Xanthomonas phage XacF1 DNA, complete genome
NC_074763.1	5833	8	none	0	0		NC_074763.1 Bacteriophage Pf3 from Pseudomonas aeruginosa (New York strain), complete genome
NC_074765.1	6407	7	none	0	0		NC_074765.1 Enterobacteria phage M13 isolate WT variety Rutgers, complete genome
NC_075025.1	6407	7	none	0	0		NC_075025.1 Enterobacteria phage f1 DNA, complete genome, isolate: NBRC 20010
NC_075026.1	6407	7	none	0	0		NC_075026.1 Enterobacteria phage f1 DNA, complete genome, isolate: NBRC 20015
NC_075027.1	6407	7	none	0	0		NC_075027.1 Mutant Enterobacteria phage f1 isolate F1_1, complete genome
NC_075028.1	6407	7	none	0	0		NC_075028.1 Mutant Enterobacteria phage f1 isolate F1_2, complete genome
NC_075029.1	6407	8	none	0	0		NC_075029.1 Mutant Enterobacteria phage f1 isolate F1_3, complete genome
NC_075030.1	6407	7	none	0	0		NC_075030.1 Enterobacteria phage f1 isolate F1_ancestral, complete genome
NC_075031.1	6407	8	none	0	0		NC_075031.1 Enterobacteria phage f1 isolate f1_1_FR, complete genome
NC_075032.1	6407	7	none	0	0		NC_075032.1 Enterobacteria phage f1 isolate f1_2_FR, complete genome
NC_075033.1	6407	8	none	0	0		NC_075033.1 Enterobacteria phage f1 isolate f1_3_FR, complete genome
NC_079140.1	45336	65	none	0	0		NC_079140.1 Gordonia phage Azira, complete genome
NC_079141.1	45810	66	none	0	0		NC_079141.1 Gordonia phage Gibbous, complete genome
NC_079142.1	39295	56	none	0	0		NC_079142.1 Gordonia phage Santhid, complete genome
NC_079143.1	40547	62	none	0	0		NC_079143.1 Gordonia phage Tarzan, complete genome
NC_079144.1	41500	61	none	0	0		NC_079144.1 Gordonia phage Reyja, complete genome
NC_079145.1	40579	60	none	0	0		NC_079145.1 Gordonia phage Jojo24, complete genome
NC_079146.1	68064	92	none	0	0		NC_079146.1 Gordonia phage Commandaria, complete genome
NC_079174.1	53559	78	none	0	0		NC_079174.1 Erwinia phage Fifi44, complete genome
NC_079175.1	53040	74	none	0	0		NC_079175.1 Escherichia phage PO103-1, complete genome
NC_079176.1	51940	70	none	0	0		NC_079176.1 Escherichia phage MLP1, complete genome
NC_079177.1	52854	75	none	0	0		NC_079177.1 Yersinia phage PYps3T, complete genome
NC_079178.1	54869	75	none	0	0		NC_079178.1 Yersinia phage PYps23T, complete genome
NC_079179.1	52376	72	none	0	0		NC_079179.1 Yersinia phage PYps16N, complete genome
NC_079180.1	51548	67	none	0	0		NC_079180.1 Escherichia phage SKA49, complete genome
NC_079181.1	52615	73	none	0	0		NC_079181.1 Escherichia phage vB_EcoP_Bp7, complete genome
NC_079182.1	52288	70	none	0	0		NC_079182.1 Escherichia phage vB_EcoM_Bp10, complete genome
NC_079183.1	53673	79	none	0	0		NC_079183.1 Escherichia phage vB_EcoM_SA91KD, complete genome
NC_079184.1	53998	77	none	0	0		NC_079184.1 Escherichia phage vB_EcoM_DE15, complete genome
NC_079185.1	53793	73	none	0	0		NC_079185.1 Vibrio phage vB_VpaM_VPs20, complete genome
NC_079186.1	53372	72	none	0	0		NC_079186.1 Aeromonas phage BUCT696, complete genome
NC_079187.1	51780	67	none	0	0		NC_079187.1 Aeromonas phage pAh6.2TG, complete genome
NC_079188.1	50725	64	none	0	0		NC_079188.1 Aeromonas phage PVN03, complete genome
NC_091964.1	212807	229	none	0	0		NC_091964.1 Serratia phage PCH45, complete genome
NC_091965.1	90575	83	none	0	1		NC_091965.1 Caudoviricetes sp. 'Rudgehvirus jaberico', complete genome
NC_092455.1	41642	50	none	0	0		NC_092455.1 Klebsiella phage Oda, complete genome
NC_092456.1	40741	45	none	0	0		NC_092456.1 Klebsiella phage Saitama, complete genome
NC_092457.1	40735	48	none	0	0		NC_092457.1 Klebsiella phage Whistle, complete genome
NC_092586.1	37696	71	none	0	0		NC_092586.1 TPA: Caudoviricetes sp. vir215 genomic sequence
NC_092681.1	121769	181	none	2	0		NC_092681.1 Salmonella phage BD13, complete genome
NC_092682.1	111322	165	none	1	0		NC_092682.1 Salmonella phage beppo, complete genome
NC_092683.1	113461	164	none	0	0		NC_092683.1 Salmonella phage bobsandoy, complete genome
NC_092684.1	112486	163	none	1	0		NC_092684.1 Salmonella phage bux, complete genome
NC_092900.1	111297	164	none	1	0		NC_092900.1 Salmonella phage ende, complete genome
NC_093432.1	55349	80	none	0	0		NC_093432.1 Pseudomonas phage POR1, complete genome
NC_093711.1	41519	68	none	0	0		NC_093711.1 Escherichia phage G_AB-2017, complete genome
NC_093712.1	41039	67	none	0	0		NC_093712.1 Escherichia phage L_AB-2017, complete genome
NC_093713.1	41184	62	none	0	0		NC_093713.1 Escherichia phage P_AB-2017, complete genome
NC_094493.1	138427	212	none	0	0		NC_094493.1 Escherichia phage PDX, complete genome
NC_095599.1	39585	67	none	0	0		NC_095599.1 Listeria phage PSU-VKH-LP040, complete genome
NC_095800.1	141996	175	none	1	1		NC_095800.1 Enterococcus phage EF1, partial genome
NC_095802.1	131952	210	none	0	0		NC_095802.1 Escherichia coli O157 typing phage 14, partial genome
NC_096890.1	58268	92	none	1	0		NC_096890.1 Streptomyces phage Kromp, complete genome
NC_096909.1	62517	112	none	1	0		NC_096909.1 Microbacterium phage ValentiniPuff, complete genome
NC_100129.1	50984	82	none	1	0		NC_100129.1 Escherichia phage Jahat_MG145, complete genome
NC_100327.1	139328	219	none	0	0		NC_100327.1 Escherichia phage vB_EcoM_HdK5, complete genome
NC_100331.1	120603	180	none	0	0		NC_100331.1 Escherichia phage vB_EcoS_HASG4, complete genome
NC_100371.1	136993	215	none	0	0		NC_100371.1 Escherichia phage vB_EcoM-ECP26, complete genome
NC_100372.1	133317	204	none	0	0		NC_100372.1 Escherichia phage vB_EcoM-ECP32, complete genome
NC_100383.1	151985	196	none	1	0		NC_100383.1 Enterococcus phage vB_OCPT_Ben, complete genome
NC_100567.1	113979	167	none	0	0		NC_100567.1 Salmonella phage vB_SenS_SB9, complete genome
NC_100732.1	139598	216	none	0	0		NC_100732.1 Shigella phage CM1, complete genome
NC_100739.1	114437	167	none	0	0		NC_100739.1 Salmonella phage SE3, complete genome
NC_100756.1	51562	80	none	0	0		NC_100756.1 Klebsiella phage vB_KpnS_KingDDD, complete genome
NC_100761.1	51678	81	none	0	0		NC_100761.1 Klebsiella phage vB_KpnS_Penguinator, complete genome
NC_101270.1	111347	164	none	1	0		NC_101270.1 Salmonella phage vB_SenS_SB10, complete genome
NC_101653.1	40248	63	none	0	0		NC_101653.1 Enterococcus phage vB_EfaS-DELF1 DNA, complete genome
NC_101774.1	141520	201	none	1	0		NC_101774.1 Enterococcus phage PBEF129, complete genome
NC_101820.1	50768	87	none	1	0		NC_101820.1 Escherichia phage ityhuna, complete genome
NC_101835.1	139427	216	none	0	0		NC_101835.1 Escherichia phage navn, complete genome
NC_101837.1	136114	211	none	0	0		NC_101837.1 Escherichia phage nom, complete genome
NC_101838.1	137991	214	none	0	0		NC_101838.1 Escherichia phage nomine, complete genome
NC_101840.1	49798	81	none	1	0		NC_101840.1 Escherichia phage orkinos, complete genome
NC_101842.1	136944	213	none	0	0		NC_101842.1 Escherichia phage pangalan, complete genome
NC_102106.1	114211	167	none	0	0		NC_102106.1 Salmonella phage falkor, complete genome
NC_102108.1	110937	159	none	0	0		NC_102108.1 Salmonella phage misterkot, complete genome
NC_102109.1	105405	152	none	0	0		NC_102109.1 Salmonella phage phagemcphageface, complete genome
NC_102110.1	111599	161	none	0	0		NC_102110.1 Salmonella phage polluks, complete genome
NC_102113.1	114544	168	none	1	0		NC_102113.1 Salmonella phage rutana, complete genome
NC_102114.1	112590	163	none	0	0		NC_102114.1 Salmonella phage smaug, complete genome
NC_102116.1	110831	161	none	1	0		NC_102116.1 Salmonella phage vaffelhjerte, complete genome
NC_102127.1	45419	75	none	0	0		NC_102127.1 Bacillus phage vB_BcM_Sam46, complete genome
NC_102382.1	49258	79	none	0	0		NC_102382.1 Bacillus phage Novomoskovsk, complete genome
NC_102531.1	137025	214	none	0	0		NC_102531.1 Escherichia phage vB_EcoM_Gotham, complete genome
NC_102605.1	50633	86	none	1	0		NC_102605.1 Escherichia phage vB_EcoS_011D2, complete genome
NC_102606.1	49683	82	none	0	0		NC_102606.1 Bacillus phage Bolokhovo, complete genome
NC_102779.1	156592	189	none	1	0		NC_102779.1 Enterococcus phage iF6, complete genome
NC_102781.1	149431	188	none	1	0		NC_102781.1 Enterococcus phage vB_EfaM_A2, complete genome
NC_103089.1	50346	79	none	0	0		NC_103089.1 Klebsiella phage MMBB, complete genome
NC_103120.1	51633	81	none	0	0		NC_103120.1 Klebsiella phage 066039, complete genome
NC_103145.1	51775	82	none	0	0		NC_103145.1 Klebsiella phage Solomon, complete genome
NC_103192.1	143610	221	none	0	0		NC_103192.1 Escherichia phage JEP1, complete genome
NC_103212.1	109645	151	none	0	0		NC_103212.1 Salmonella phage GEC_vB_N3, complete genome
NC_103213.1	110015	157	none	0	0		NC_103213.1 Salmonella phage GEC_vB_N5, complete genome
NC_103215.1	111684	157	none	0	0		NC_103215.1 Salmonella phage GEC_vB_N7, complete genome
NC_103216.1	111639	170	none	2	0		NC_103216.1 Salmonella phage SP76, complete genome
NC_103219.1	106178	154	none	0	0		NC_103219.1 Salmonella phage vB_SalS_ABTNLsp4, complete genome
NC_103220.1	109695	157	none	0	0		NC_103220.1 Salmonella phage vB_SalS_ABTNLsp9, complete genome
NC_103327.1	5859	7	none	0	0		NC_103327.1 Alteromonas phage phiAFP1, complete genome
NC_103329.1	51895	84	none	0	0		NC_103329.1 Klebsiella phage P528, complete genome
NC_103481.1	110592	159	none	1	0		NC_103481.1 Salmonella phage vB STyj5-1, complete genome
NC_103484.1	107183	160	none	1	0		NC_103484.1 Salmonella phage SP_Thor, complete genome
NC_103563.1	114770	166	none	0	0		NC_103563.1 Phage vB_SabS_Sds2, complete genome
NC_103567.1	49223	82	none	1	0		NC_103567.1 Escherichia phage U136B, complete genome
NC_103643.1	112834	168	none	0	0		NC_103643.1 Salmonella phage STWB21, complete genome
NC_103756.1	17754	23	none	1	0		NC_103756.1 Clostridium phage vB_CpeP_HN02, complete genome
NC_103776.1	155715	186	none	1	0		NC_103776.1 Enterococcus phage 113, partial genome
NC_103785.1	10295	13	none	0	0		NC_103785.1 Vibrio phage vB_Vipa71, complete genome
NC_103859.1	49159	75	none	0	0		NC_103859.1 Klebsiella phage ABTNL-2, complete genome
NC_104190.1	108588	171	none	0	0		NC_104190.1 Escherichia phage IME178, complete genome
NC_104194.1	114390	164	none	0	0		NC_104194.1 Salmonella phage JNwz02, complete genome
NC_104259.1	109938	163	none	0	0		NC_104259.1 Salmonella phage vB_StyS-LmqsSP1, complete genome
NC_104261.1	36920	60	none	0	0		NC_104261.1 Ruminococcus phage phiRM10, complete genome
NC_104262.1	37304	56	none	0	0		NC_104262.1 Ruminococcus phage phiRg507T2_2, complete genome
NC_104263.1	36510	55	none	0	0		NC_104263.1 Ruminococcus phage phiRg507T2_3, complete genome
NC_104264.1	36865	59	none	0	0		NC_104264.1 Ruminococcus phage phiRg519T2, complete genome
NC_104265.1	37233	60	none	0	0		NC_104265.1 Ruminococcus phage phiRgIBDN1, complete genome
NC_104395.1	51784	84	none	0	1		NC_104395.1 Klebsiella phage vB_KpnS-VAC2, complete genome
NC_104495.1	149913	195	none	1	0		NC_104495.1 Enterococcus phage GVEsP-1, complete genome
NC_104613.1	39221	60	none	0	0		NC_104613.1 Enterococcus phage VEsP-1, complete genome
NC_104627.1	48826	75	none	0	0		NC_104627.1 Klebsiella phage vB_KpnS-VAC11, complete genome
NC_104628.1	45558	63	none	0	0		NC_104628.1 Klebsiella phage vB_KpnS-VAC4, complete genome
NC_104629.1	49636	76	none	0	0		NC_104629.1 Klebsiella phage vB_KpnS-VAC5, complete genome
NC_104630.1	51554	82	none	0	0		NC_104630.1 Klebsiella phage vB_KpnS-VAC6, complete genome
NC_104631.1	49684	78	none	1	0		NC_104631.1 Klebsiella phage vB_KpnS-VAC7, complete genome
NC_104632.1	48933	75	none	0	0		NC_104632.1 Klebsiella phage vB_KpnS-VAC8, complete genome
NC_104633.1	48935	76	none	1	0		NC_104633.1 Klebsiella phage vB_KpnS-VAC10, complete genome
NC_104637.1	43866	61	none	0	0		NC_104637.1 Erwinia phage AH03, complete genome
NC_104726.1	139943	218	none	0	0		NC_104726.1 Escherichia phage vB_EcoM_SophiaRose, complete genome
NC_104808.1	51296	82	none	1	0		NC_104808.1 Shigella phage SFP17, complete genome
NC_104811.1	140226	206	none	1	0		NC_104811.1 Enterococcus phage MDA2, complete genome
NC_104812.1	50040	74	none	0	0		NC_104812.1 Klebsiella phage B1, complete genome
NC_104876.1	40815	64	none	0	0		NC_104876.1 Escherichia phage ULINTec2, complete genome
NC_104949.1	9318	14	none	0	0		NC_104949.1 Vibrio phage vB_Vipa10, complete genome
NC_104950.1	10893	18	none	0	0		NC_104950.1 Vibrio phage vB_Vipa26, complete genome
NC_104951.1	9721	15	none	0	0		NC_104951.1 Vibrio phage vB_Vipa36, complete genome
NC_104952.1	9663	15	none	0	0		NC_104952.1 Vibrio phage vB_Vipa4291, complete genome
NC_104953.1	10809	15	none	0	0		NC_104953.1 Vibrio phage vB_VipaK, complete genome
NC_105100.1	51474	82	none	1	0		NC_105100.1 Escherichia phage KarlJaspers, complete genome
NC_105101.1	51129	82	none	1	0		NC_105101.1 Escherichia phage JakobBernoulli, complete genome
NC_105102.1	50731	85	none	1	0		NC_105102.1 Escherichia phage DanielBernoulli, complete genome
NC_105104.1	49715	87	none	0	0		NC_105104.1 Escherichia phage JohannLBurckhardt, complete genome
NC_105105.1	49298	80	none	1	0		NC_105105.1 Escherichia phage BrunoManser, complete genome
NC_105106.1	50192	78	none	0	0		NC_105106.1 Escherichia phage LeonhardEuler, complete genome
NC_105113.1	114196	164	none	1	0		NC_105113.1 Escherichia phage GreteKellenberger, complete genome
NC_105114.1	114179	156	none	0	0		NC_105114.1 Escherichia phage TrudiGerster, complete genome
NC_105115.1	115446	165	none	0	0		NC_105115.1 Escherichia phage IrmaTschudi, complete genome
NC_105116.1	110821	165	none	1	0		NC_105116.1 Escherichia phage SuperGirl, complete genome
NC_105117.1	114488	169	none	0	0		NC_105117.1 Escherichia phage TrudiRoth, complete genome
NC_105118.1	113532	170	none	0	0		NC_105118.1 Escherichia phage DaisyDussoix, complete genome
NC_105119.1	111607	165	none	0	0		NC_105119.1 Escherichia phage HildyBeyeler, complete genome
NC_105135.1	139980	220	none	0	0		NC_105135.1 Escherichia phage EmilHeitz, complete genome
NC_105136.1	138240	213	none	0	0		NC_105136.1 Escherichia phage DrSchubert, complete genome
NC_105137.1	140659	218	none	0	0		NC_105137.1 Escherichia phage WalterGehring, complete genome
NC_105138.1	136346	210	none	0	0		NC_105138.1 Escherichia phage MaxBurger, complete genome
NC_105140.1	135345	211	none	0	0		NC_105140.1 Escherichia phage AlexBoehm, complete genome
NC_105143.1	131526	196	none	0	0		NC_105143.1 Escherichia phage EduardKellenberger, complete genome
NC_105154.1	49568	77	none	0	0		NC_105154.1 Klebsiella phage vB_KpnS-VAC113, complete genome
NC_105155.1	48841	75	none	0	0		NC_105155.1 Klebsiella phage vB_Kp_IME328, complete genome
NC_105334.1	6658	11	none	0	0		NC_105334.1 Vibrio phage V5, complete genome
NC_105416.1	49111	73	none	0	0		NC_105416.1 Klebsiella phage vB_KpnD_FairDinkum, complete genome
NC_105433.1	51374	84	none	1	0		NC_105433.1 Escherichia phage vB_EcoD_Poky, complete genome
NC_105436.1	51253	82	none	1	0		NC_105436.1 Escherichia phage JLBYU26, complete genome
NC_105446.1	50247	78	none	0	0		NC_105446.1 Klebsiella phage phiW14, complete genome
NC_105482.1	49523	80	none	1	0		NC_105482.1 Citrobacter phage vB_CfrD_ElisaCorrea, complete genome
NC_105492.1	50071	82	none	1	0		NC_105492.1 Citrobacter phage vB_CfrD_Brooksby, complete genome
NC_105494.1	49054	75	none	1	0		NC_105494.1 Klebsiella phage vB_KpnD_PeteCarol, complete genome
NC_105496.1	48988	68	none	0	0		NC_105496.1 Klebsiella phage vB_KpnD_Opt-817, complete genome
NC_105503.1	49619	82	none	1	0		NC_105503.1 Citrobacter phage vB_CfrD_BlueShadow, complete genome
NC_105505.1	50023	85	none	1	0		NC_105505.1 Citrobacter phage vB_CfrD_SorkZaugg, complete genome
NC_105507.1	49995	79	none	1	0		NC_105507.1 Escherichia phage JLBYU16, complete genome
NC_105512.1	111814	158	none	0	0		NC_105512.1 Escherichia phage JLBYU43, complete genome
NC_105513.1	51277	77	none	1	0		NC_105513.1 Escherichia phage JLBYU41, complete genome
NC_105514.1	109776	161	none	0	0		NC_105514.1 Escherichia phage JLBYU40, complete genome
NC_105587.1	108723	159	none	0	0		NC_105587.1 Escherichia phage EC100, complete genome
NC_105611.1	49674	77	none	0	0		NC_105611.1 Klebsiella phage KpS4, complete genome
NC_105617.1	50709	80	none	0	0		NC_105617.1 Escherichia phage vB_EcoS_SA12KD, complete genome
NC_105618.1	50465	75	none	0	0		NC_105618.1 Escherichia phage vB_EcoS_SA30RD, complete genome
NC_105619.1	48980	75	none	0	0		NC_105619.1 Escherichia phage vB_EcoS_SA32RD, complete genome
NC_105638.1	50457	77	none	0	0		NC_105638.1 Klebsiella phage PWKp15, complete genome
NC_105640.1	51637	79	none	0	0		NC_105640.1 Klebsiella phage PWKp17, complete genome
NC_105644.1	51939	80	none	0	0		NC_105644.1 Klebsiella phage PWKp20, complete genome
NC_105721.1	49534	77	none	1	0		NC_105721.1 Klebsiella phage pK8, complete genome
NC_105724.1	49473	76	none	0	0		NC_105724.1 Klebsiella phage vB_1086, complete genome
NC_105760.1	52111	81	none	0	0		NC_105760.1 Klebsiella phage P-K7R, complete genome
NC_105788.1	49689	74	none	0	0		NC_105788.1 Escherichia phage CLB_P3, complete genome
NC_105792.1	45195	63	none	0	0		NC_105792.1 Klebsiella phage vB_KpnS-VAC110, complete genome
NC_105825.1	111345	162	none	0	0		NC_105825.1 Escherichia phage ECOP18, complete genome
NC_105858.1	151935	185	none	1	0		NC_105858.1 Enterococcus phage phiSHEF16, complete genome
NC_105863.1	41222	66	none	0	0		NC_105863.1 Escherichia phage UTI-CM001, complete genome
NC_106229.1	50665	80	none	0	0		NC_106229.1 Stenotrophomonas phage vB_SmeS_BUCT705, complete genome
NC_106230.1	38792	46	none	0	0		NC_106230.1 Burkholderia phage Menos, complete genome
NC_106231.1	39088	46	none	0	0		NC_106231.1 Burkholderia phage Milagro, complete genome
NC_106232.1	37756	47	none	0	0		NC_106232.1 Burkholderia phage Momento, complete genome
NC_106233.1	38803	46	none	0	0		NC_106233.1 Burkholderia phage Musica, complete genome
NC_106494.1	49249	74	none	1	0		NC_106494.1 Klebsiella phage BUCT556A, complete genome
NC_106513.1	112115	165	none	1	0		NC_106513.1 Escherichia phage vB_EcoS_ESCO30, complete genome
NC_106514.1	108755	156	none	0	0		NC_106514.1 Escherichia phage vB_EcoS_ESCO40, complete genome
NC_106517.1	48715	76	none	0	0		NC_106517.1 Klebsiella phage NPat, complete genome
NC_106518.1	48957	75	none	0	0		NC_106518.1 Klebsiella phage BMac, complete genome
NC_106554.1	142921	212	none	1	0		NC_106554.1 Enterococcus phage vB_OCPT_Bob, complete genome
NC_106555.1	141483	204	none	1	0		NC_106555.1 Enterococcus phage vB_OCPT_Car, complete genome
NC_106557.1	150888	183	none	1	0		NC_106557.1 Enterococcus phage vB_OCPT_CCS1, complete genome
NC_106597.1	110099	157	none	1	0		NC_106597.1 Escherichia phage BB1, complete genome
NC_106721.1	107754	161	none	0	0		NC_106721.1 Escherichia phage EC148, complete genome
NC_106733.1	111357	164	none	0	0		NC_106733.1 Salmonella phage GRNsp8, complete genome
NC_106835.1	42079	69	none	0	0		NC_106835.1 Listeria phage HB17054, complete genome
NC_106924.1	137300	212	none	0	0		NC_106924.1 Escherichia phage A51.2, complete genome
NC_107013.1	41265	66	none	0	0		NC_107013.1 Escherichia phage vB_EcoS-UTI89UKE1, complete genome
NC_107026.1	37492	48	none	0	0		NC_107026.1 Burkholderia phage Carl1, complete genome
NC_107033.1	111256	162	none	1	0		NC_107033.1 Salmonella phage JN-S202001, complete genome
NC_107196.1	40797	47	none	1	0		NC_107196.1 Plectonema phage JingP1, complete genome
NC_107481.1	36864	52	none	0	0		NC_107481.1 Bacillus phage B13, complete genome
NC_107482.1	42236	65	none	0	0		NC_107482.1 Enterococcus phage vB_Efm_LG62, complete genome
NC_107625.1	17894	19	none	1	0		NC_107625.1 Clostridium phage vB_CpeP_PM11, complete genome
NC_107631.1	50078	73	none	0	0		NC_107631.1 Escherichia phage Lg3, complete genome
NC_107938.1	49878	76	none	0	0		NC_107938.1 Klebsiella phage VLCpiD7a, complete genome
NC_107939.1	49577	77	none	0	0		NC_107939.1 Klebsiella phage VLCpiD7b, complete genome
NC_107940.1	49322	75	none	0	0		NC_107940.1 Klebsiella phage VLCpiD7c, complete genome
NC_107952.1	50039	75	none	0	0		NC_107952.1 Klebsiella phage vB_KvaS_F1M1D, complete genome
NC_107953.1	49144	75	none	0	0		NC_107953.1 Klebsiella phage vB_KvaS_F2M1D, complete genome
NC_107959.1	40617	46	none	1	0		NC_107959.1 Plectonema phage Pbo-yong3, complete genome
NC_108329.1	110563	157	none	0	0		NC_108329.1 Salmonella phage GSP044, complete genome
NC_108342.1	17798	20	none	1	0		NC_108342.1 Bacillus phage Chedec 11, complete genome
NC_108347.1	18555	25	none	1	0		NC_108347.1 Clostridium phage DCp1, complete genome
NC_108349.1	46635	72	none	0	0		NC_108349.1 Salmonella phage F61, complete genome
NC_108593.1	20678	34	none	1	0		NC_108593.1 Bacillus phage vB_BaeroP_SYYB1, complete genome
NC_109279.1	150366	190	none	1	0		NC_109279.1 Enterococcus phage TJE1, partial genome
NC_109280.1	149624	194	none	1	0		NC_109280.1 Enterococcus phage TJE2, partial genome
NC_109292.1	114196	163	none	0	0		NC_109292.1 Salmonella phage GSP001, complete genome
NC_109358.1	50158	76	none	0	0		NC_109358.1 Escherichia phage LHE71, complete genome
NC_109362.1	32212	43	none	0	0		NC_109362.1 Aeromonas phage A051, complete genome
NC_109368.1	48780	94	none	0	0		NC_109368.1 Klebsiella phage mfs, complete genome
NC_109586.1	39740	43	none	1	0		NC_109586.1 Leptolyngbya phage Lbo240-yong1, complete genome
NC_109729.1	48933	75	none	0	0		NC_109729.1 Klebsiella phage pKP-BS317-1.1, complete genome
NC_109830.1	6080	9	none	0	0		NC_109830.1 Vibrio phage vB_VpI_FR1, complete genome
NC_109869.1	29462	39	none	0	0		NC_109869.1 UNVERIFIED: Yersinia phage GMS190, complete genome
NC_110339.1	18888	27	none	1	0		NC_110339.1 Clostridium phage vB_CP_qdyz_P5, complete genome
NC_110358.1	49068	76	none	0	0		NC_110358.1 Klebsiella phage vB_KpnS-VAC112, complete genome
NC_110359.1	49631	75	none	0	0		NC_110359.1 Klebsiella phage vB_KpnS-VAC70, complete genome
NC_110374.1	18270	27	none	1	0		NC_110374.1 Clostridium phage CPQ9, complete genome
NC_110375.1	18246	27	none	1	0		NC_110375.1 Clostridium phage CPQ3, complete genome
NC_110914.1	44992	58	none	0	0		NC_110914.1 Escherichia phage vB_EcoM-613R3, partial genome
NC_110934.1	137988	225	none	0	0		NC_110934.1 Klebsiella phage KPP2018, complete genome
NC_111353.1	113775	163	none	1	0		NC_111353.1 Salmonella phage PRF-SP13, complete genome
NC_111368.1	28009	47	none	2	0		NC_111368.1 Bacillus phage vB_BceP_LY3, complete genome
NC_111369.1	43140	57	none	0	0		NC_111369.1 Bacillus phage vB_BceS_LY1, complete genome
NC_111375.1	25439	42	none	2	0		NC_111375.1 Bacillus phage BC-5, complete genome
NC_111398.1	112942	163	none	0	0		NC_111398.1 Salmonella phage GSW6, complete genome
NC_111478.1	139913	208	none	1	0		NC_111478.1 Enterococcus phage 53, complete genome
NC_111480.1	49111	73	none	0	0		NC_111480.1 Klebsiella phage phi_KPN_HS3, complete genome
NC_111484.1	49758	83	none	1	0		NC_111484.1 Salmonella phage vB_SenS_UTK0006, complete genome
NC_111487.1	113742	164	none	0	0		NC_111487.1 Salmonella phage vB_SenS_UTK0009, complete genome
NC_111488.1	113248	162	none	0	0		NC_111488.1 Salmonella phage vB_SenS_UTK0010, complete genome
NC_111505.1	139323	218	none	0	0		NC_111505.1 Escherichia phage YP-6, complete genome
NC_111513.1	50597	77	none	0	0		NC_111513.1 Shigella phage S2_02, complete genome
NC_111528.1	41561	45	none	1	0		NC_111528.1 Leptolyngbya phage LPP-1, complete genome
NC_111529.1	42319	41	none	1	0		NC_111529.1 Leptolyngbya phage LPP-2 st. SPI, complete genome
NC_111671.1	40788	47	none	0	0		NC_111671.1 Klebsiella phage Emom, complete genome
NC_111672.1	41209	49	none	0	0		NC_111672.1 Klebsiella phage Amrap, complete genome
NC_111749.1	31582	42	none	0	0		NC_111749.1 Salmonella phage MET_P1_103_31, complete genome
NC_111751.1	112278	162	none	0	0		NC_111751.1 Salmonella phage MET_P1_137_112, complete genome
NC_111760.1	168519	271	none	0	1		NC_111760.1 Escherichia phage vB_VIPECOOM03, complete genome
NC_112015.1	19564	24	none	1	0		NC_112015.1 Clostridium phage cpp, complete genome
NC_112025.1	52100	89	none	1	0		NC_112025.1 Salmonella phage GSP032, complete genome
NC_112203.1	138084	169	none	1	1		NC_112203.1 Enterococcus phage H1, complete genome
NC_112204.1	142009	261	none	0	0		NC_112204.1 Escherichia phage A73, complete genome
NC_112206.1	39936	62	none	0	0		NC_112206.1 Listeria phage HS5, complete genome
NC_112270.1	42221	53	none	0	0		NC_112270.1 Bacillus phage vB_BceS_LY5, complete genome
NC_121511.1	35155	45	none	0	0		NC_121511.1 Salmonella phage SopEPhi, complete sequence
NC_128954.1	49241	70	none	0	0		NC_128954.1 Xanthomonas phage XAJ2, complete genome
NC_129410.1	150272	188	none	1	0		NC_129410.1 UNVERIFIED: Enterococcus phage EfsSzw-1, complete genome
NC_129615.1	151052	195	none	1	0		NC_129615.1 Enterococcus phage PEf771, complete genome
NC_129764.1	51099	81	none	0	0		NC_129764.1 Escherichia phage vB_EcoS_Chapo, complete genome
NC_129838.1	145199	182	none	1	0		NC_129838.1 Enterococcus phage EFGrNG, complete genome
NC_129888.1	51632	81	none	0	0		NC_129888.1 Klebsiella phage vB_KpnS_ZX2, complete genome
NC_129898.1	137423	207	none	0	0		NC_129898.1 Escherichia phage vB_EcoM_SYGMH1, complete genome
NC_129902.1	48795	83	none	0	0		NC_129902.1 Hafnia phage Pocis76, complete genome
NC_129956.1	49552	75	none	0	0		NC_129956.1 Klebsiella phage IME268, complete genome
NC_129957.1	50675	80	none	0	0		NC_129957.1 Klebsiella phage P1, complete genome
NC_129999.1	57270	92	none	1	0		NC_129999.1 Enterococcus phage SSsP-1, complete genome
NC_130051.1	49911	90	none	0	0		NC_130051.1 Escherichia phage IsaakIselin, complete genome
NC_130053.1	112239	168	none	0	0		NC_130053.1 Escherichia phage IrisVonRoten, complete genome
NC_130088.1	49713	82	none	1	0		NC_130088.1 Escherichia phage vB_EcoD_Mishu, complete genome
NC_130243.1	143759	210	none	1	0		NC_130243.1 Enterococcus phage Sw5, complete genome
NC_130273.1	50559	79	none	0	0		NC_130273.1 Klebsiella phage vB_KpnS-VAC111, complete genome
NC_130602.1	33804	42	none	0	0		NC_130602.1 UNVERIFIED: Yersinia phage GMG73, complete genome
NC_130755.1	32696	44	none	0	0		NC_130755.1 Pasteurella phage vB_PmuM_CFP3, complete genome
NC_130765.1	49044	75	none	0	0		NC_130765.1 Klebsiella phage KPP2020, complete genome
NC_130781.1	51921	87	none	1	0		NC_130781.1 Salmonella phage vB_SenS_UTK0007, complete genome
NC_130827.1	92158	174	none	0	0		NC_130827.1 Pseudomonas phage vB_VIPPAEUMC01, complete genome
NC_133119.1	123079	175	none	0	0		NC_133119.1 Escherichia phage EscoHU1 DNA, complete genome
NC_133255.1	114649	167	none	1	0		NC_133255.1 Escherichia phage vB_EcoS-26175I, complete genome
NC_133303.1	113006	158	none	0	0		NC_133303.1 Salmonella phage KKP_3831, complete genome
NC_133305.1	53200	72	none	0	0		NC_133305.1 TPA: Caudoviricetes sp. vir080 genomic sequence
NC_134205.1	83070	107	none	0	0		NC_134205.1 TPA: Caudoviricetes sp. vir335 genomic sequence
NC_134262.1	108987	156	none	0	0		NC_134262.1 Salmonella phage vB_Sen-E22, complete genome
NC_134263.1	110393	161	none	0	0		NC_134263.1 Escherichia phage T5_ev219 genome assembly, chromosome: 1
NC_134264.1	110040	157	none	0	0		NC_134264.1 Escherichia phage Lindwurm, complete genome
NC_134744.1	30101	48	none	0	0		NC_134744.1 MAG: Bacteriophage sp. isolate 0049_62566, complete genome
NC_134821.1	30023	47	none	1	0		NC_134821.1 MAG: Bacteriophage sp. isolate 4225_94495, complete genome
NC_134822.1	30554	48	none	1	0		NC_134822.1 MAG: Bacteriophage sp. isolate 3055_109949, complete genome
NC_134823.1	30409	48	none	0	0		NC_134823.1 MAG: Bacteriophage sp. isolate 2815_119144, complete genome
NC_134824.1	30281	47	none	0	0		NC_134824.1 MAG: Bacteriophage sp. isolate 3013_110685, complete genome
NC_135148.1	147289	219	none	1	0		NC_135148.1 Enterococcus phage vB_EfaM_Ef2.3, complete genome
NC_135189.1	143638	204	none	1	0		NC_135189.1 Enterococcus phage phiEF17H DNA, complete sequence
NC_135190.1	143400	204	none	1	0		NC_135190.1 Enterococcus phage phi EF19G DNA, complete genome
NC_135191.1	147049	192	none	1	0		NC_135191.1 Enterococcus phage vB_OCPT_Bill, complete genome
NC_135192.1	153454	199	none	1	0		NC_135192.1 Enterococcus phage vB_OCPT_Bop, complete genome
NC_135368.1	44108	71	none	0	0		NC_135368.1 Enterococcus phage 9184, complete genome
NC_135458.1	85454	129	none	0	1		NC_135458.1 Enterococcus phage vB_EfaS_140 genome assembly, contig: Enterococcus, whole genome shotgun sequence
NC_135459.1	85454	129	none	0	1		NC_135459.1 Enterococcus phage vB_EfaS_140 genome assembly, contig: phage140-genome, whole genome shotgun sequence
NC_135495.1	42697	71	none	0	0		NC_135495.1 Enterococcus phage Aramis genome assembly, complete genome: monopartite
NC_135496.1	42884	71	none	0	0		NC_135496.1 Enterococcus phage dArtagnan genome assembly, complete genome: monopartite
NC_135728.1	136026	215	none	0	0		NC_135728.1 Escherichia phage LL12, complete genome
NC_135729.1	135501	208	none	0	0		NC_135729.1 Escherichia phage phiWec189 DNA, complete genome
NC_135730.1	137785	215	none	0	0		NC_135730.1 Escherichia phage phiWec191 DNA, complete genome
NC_135731.1	138673	219	none	0	0		NC_135731.1 Escherichia phage phiWec193 DNA, complete genome
NC_135732.1	131919	200	none	0	0		NC_135732.1 Escherichia phage rV5_ev146 genome assembly, chromosome: 1
NC_135733.1	49891	87	none	0	0		NC_135733.1 Klebsiella phage vB_KppS-Samwise genome assembly, chromosome: 1
NC_136441.1	48646	81	none	0	0		NC_136441.1 Escherichia phage Stevie_ev116 genome assembly, chromosome: 1
NC_136442.1	50809	81	none	1	0		NC_136442.1 Escherichia phage vB_Eco_Sip genome assembly, chromosome: 1
NC_138367.1	4221	4	none	0	0		NC_138367.1 Escherichia phage Qbeta 1 strain HL4-9, complete sequence
NC_138482.1	49492	74	none	0	0		NC_138482.1 Klebsiella phage cp1 genome assembly, chromosome: 1
NC_138483.1	49289	74	none	0	0		NC_138483.1 Klebsiella phage cp3 genome assembly, chromosome: 1
NC_138484.1	49366	74	none	0	0		NC_138484.1 Klebsiella phage cp5 genome assembly, chromosome: 1
NC_138485.1	52028	86	none	0	0		NC_138485.1 Klebsiella phage cp17 genome assembly, chromosome: 1
NC_138486.1	50485	76	none	0	0		NC_138486.1 Klebsiella phage cp24 genome assembly, chromosome: 1
NC_138487.1	49373	76	none	0	0		NC_138487.1 Klebsiella phage KP13-2, complete genome
NC_138488.1	50107	76	none	0	0		NC_138488.1 Klebsiella phage LF20, complete genome
NC_138489.1	49122	76	none	1	0		NC_138489.1 Klebsiella phage mtp2 genome assembly, chromosome: 1
NC_138490.1	49712	73	none	0	0		NC_138490.1 Klebsiella phage mtp12 genome assembly, chromosome: 1
NC_138491.1	48961	72	none	0	0		NC_138491.1 Klebsiella phage mtp13 genome assembly, chromosome: 1
NC_138492.1	49806	75	none	0	0		NC_138492.1 Klebsiella phage mtp17 genome assembly, chromosome: 1
NC_138493.1	49290	76	none	0	0		NC_138493.1 Klebsiella phage mtp19 genome assembly, chromosome: 1
NC_138494.1	47319	68	none	1	0		NC_138494.1 Klebsiella phage mtp23 genome assembly, chromosome: 1
NC_138495.1	49926	79	none	0	0		NC_138495.1 Klebsiella phage mtp30 genome assembly, chromosome: 1
NC_138496.1	48467	72	none	0	0		NC_138496.1 Klebsiella phage mtp31 genome assembly, chromosome: 1
NC_139123.1	46712	67	none	0	0		NC_139123.1 Klebsiella phage PSKP16 genome assembly, chromosome: 1
NC_139124.1	49131	76	none	0	0		NC_139124.1 Klebsiella phage vB_KpnS_2811 genome assembly, chromosome: 1
NC_139445.1	23379	28	none	0	0		NC_139445.1 MAG: Qinghai Lake virophage, complete genome
NG_242637.1	677	1	none	0	0		NG_242637.1 Klebsiella phage ST13-OXA48phi12.3 dfrA50 gene for trimethoprim-resistant dihydrofolate reductase DfrA50, co
NG_242638.1	677	1	none	0	0		NG_242638.1 Klebsiella phage pJN2-26 dfrA50 gene for trimethoprim-resistant dihydrofolate reductase DfrA50, complete CDS
NG_245154.1	782	1	none	0	0		NG_245154.1 Escherichia phage vB_EcoM_BMB16 dfrA52 gene for trimethoprim-resistant dihydrofolate reductase DfrA52, compl
NG_245155.1	701	1	none	0	0		NG_245155.1 Bacillus phage vB_BtM_BMBsp2 dfrA53 gene for trimethoprim-resistant dihydrofolate reductase DfrA53, complete
