element_id	element_type	length	n_cds_called	has_relaxase	relaxase_families	mpf_classes	n_mpf_classes	n_fa_fata_profiles	exclusion_family_hit	phylum	genus
NC_000964_529362..549932	ICE	20571	24	1	profile_MOBT	MPF_FA	1	6	DUF4467	Firmicutes	Bacillus
NC_002678_4605606..4672382	NA	66777	83	1	T4SS_MOBQ,profile_MOBT	none	0	0		Proteobacteria	Mesorhizobium
NC_002678_5011308..5052070	IME	40763	36	1	T4SS_MOBP1	none	0	0		Proteobacteria	Mesorhizobium
NC_002678_777317..812388	NA	35072	34	1	T4SS_MOBQ	none	0	0		Proteobacteria	Mesorhizobium
NC_002695_2669688..2694881	IME	25194	31	0	NA	none	0	0		Proteobacteria	Escherichia
NC_002939_1873483..1945140	NA	71658	71	0	NA	none	0	1		Desulfobacterota	Geobacter
NC_002950_1181515..1186836	NA	5322	5	1	T4SS_MOBV	none	0	1		Bacteroidota	Porphyromonas
NC_002950_1520119..1615447	ICE	95329	95	1	T4SS_MOBP1	none	0	0		Bacteroidota	Porphyromonas
NC_002950_905735..942497	IME	36763	37	1	T4SS_MOBP1,T4SS_MOBV,profile_MOBT	none	0	0		Bacteroidota	Porphyromonas
NC_002978_521984..547228	NA	25245	26	0	NA	none	0	1		Proteobacteria	Wolbachia
NC_003028_968351..1022298	NA	53948	60	1	T4SS_MOBP1,profile_MOBT	none	0	0		Firmicutes	Streptococcus
NC_003155_180284..189094	NA	8811	9	1	T4SS_MOBC	none	0	0		Actinobacteriota	Streptomyces
NC_003155_4589789..4636538	NA	46750	52	0	NA	none	0	0		Actinobacteriota	Streptomyces
NC_003210_1090271..1172084	ICE	81814	78	1	profile_MOBT	MPF_FA	1	9		Firmicutes	Listeria
NC_003910_364202..384633	NA	20432	27	0	NA	none	0	0		Proteobacteria	Colwellia
NC_004116_1247045..1291025	IME	43981	42	1	T4SS_MOBP1,profile_MOBT	none	0	4		Firmicutes	Streptococcus
NC_004116_1966825..1974390	NA	7566	9	1	profile_MOBT	none	0	0		Firmicutes	Streptococcus
NC_004116_231616..240637	NA	9022	14	1	T4SS_MOBV	none	0	0		Firmicutes	Streptococcus
NC_004116_883476..963727	ICE	80252	73	1	profile_MOBT	MPF_FA	1	7		Firmicutes	Streptococcus
NC_004129_5378464..5493555	NA	115092	144	1	T4SS_MOBH	MPF_F	1	0		Proteobacteria	Pseudomonas_E
NC_004368_1000687..1050207	NA	49521	44	1	T4SS_MOBP1,T4SS_MOBP2	none	0	2		Firmicutes	Streptococcus
NC_004368_1130581..1194889	ICE	64309	63	1	T4SS_MOBP1,profile_MOBT	MPF_FA	1	7		Firmicutes	Streptococcus
NC_004368_232852..241426	NA	8575	13	1	T4SS_MOBV	none	0	0		Firmicutes	Streptococcus
NC_004369_2279565..2297024	NA	17460	20	0	NA	none	0	0		Actinobacteriota	Corynebacterium
NC_004460_578306..790264	ICE	211959	198	1	profile_MOBF	MPF_F	1	2		Proteobacteria	Vibrio
NC_004463_21972..41068	NA	19097	18	1	T4SS_MOBP1,profile_MOBT	none	0	0		Proteobacteria	Bradyrhizobium
NC_004547_1867875..1926959	NA	59085	70	1	T4SS_MOBQ	MPF_T	1	0	Eex_IncN	Proteobacteria	Pectobacterium
NC_004547_3236178..3264254	NA	28077	32	1	T4SS_MOBQ	none	0	0		Proteobacteria	Pectobacterium
NC_004547_590755..688599	ICE	97845	96	1	T4SS_MOBH	MPF_F	1	0		Proteobacteria	Pectobacterium
NC_004663_1404662..1430250	NA	25589	26	1	T4SS_MOBP1	none	0	0		Bacteroidota	Bacteroides
NC_004663_24709..105194	NA	80486	83	1	T4SS_MOBP1	none	0	0		Bacteroidota	Bacteroides
NC_004663_247354..254845	NA	7492	6	1	T4SS_MOBV	none	0	0		Bacteroidota	Bacteroides
NC_004668_2436966..2462369	NA	25404	36	1	profile_MOBT	MPF_FA	1	4		Firmicutes	Enterococcus
NC_004722_1862230..1866036	NA	3807	6	1	T4SS_MOBC	none	0	0		Firmicutes	Bacillus_A
NC_005090_1040627..1065048	NA	24422	23	1	T4SS_MOBP1	MPF_T	1	0		Campylobacterota	Wolinella
NC_005126_1211107..1351866	ICE	140760	124	1	T4SS_MOBH	MPF_F	1	0		Proteobacteria	Photorhabdus
NC_005362_1637990..1641541	NA	3552	5	1	profile_MOBT	none	0	0		Firmicutes	Lactobacillus
NC_006087_767603..782388	NA	14786	21	1	T4SS_MOBP1	none	0	0		Actinobacteriota	Leifsonia
NC_006138_2431977..2503754	NA	71778	64	1	T4SS_MOBC	none	0	0		Desulfobacterota	Desulfotalea
NC_006300_66975..119696	NA	52722	70	0	NA	none	0	0		Proteobacteria	Basfia
NC_006347_120909..169142	ICE	48234	40	1	T4SS_MOBP1	none	0	0		Bacteroidota	Bacteroides
NC_006347_1449086..1482448	NA	33363	30	1	T4SS_MOBV	none	0	0		Bacteroidota	Bacteroides
NC_006347_1515650..1522411	NA	6762	6	1	T4SS_MOBV	none	0	0		Bacteroidota	Bacteroides
NC_006347_1584897..1627602	ICE	42706	43	1	T4SS_MOBP1	none	0	0		Bacteroidota	Bacteroides
NC_006347_761569..769947	NA	8379	13	1	T4SS_MOBB,T4SS_MOBP1	none	0	0		Bacteroidota	Bacteroides
NC_006361_725473..735275	NA	9803	13	0	NA	none	0	0		Actinobacteriota	Nocardia
NC_006368_148634..219021	ICE	70388	62	1	T4SS_MOBQ	MPF_T	1	0		Proteobacteria	Legionella
NC_006369_3258149..3275688	IME	17540	17	1	T4SS_MOBH	none	0	0		Proteobacteria	Legionella
NC_006369_84112..244605	ICE	160494	131	1	T4SS_MOBP1,T4SS_MOBQ	MPF_T	1	0		Proteobacteria	Legionella
NC_006371_1732568..1920429	NA	187862	176	1	T4SS_MOBP1,profile_MOBF	MPF_T	1	0		Proteobacteria	Photobacterium
NC_006513_1383779..1493833	ICE	110055	98	1	T4SS_MOBH,profile_MOBT	MPF_F	1	0		Proteobacteria	Aromatoleum
NC_006513_139818..307213	ICE	167396	140	1	T4SS_MOBH,profile_MOBM	MPF_F	1	0		Proteobacteria	Aromatoleum
NC_007005_1604658..1724374	NA	119717	130	1	T4SS_MOBH	MPF_F	1	0		Proteobacteria	Pseudomonas_E
NC_007086_2899536..2932263	NA	32728	23	1	T4SS_MOBQ	none	0	0		Proteobacteria	Xanthomonas
NC_007296_1066864..1108985	NA	42122	38	1	T4SS_MOBQ	none	0	1		Firmicutes	Streptococcus
NC_007298_1137870..1142420	NA	4551	4	0	NA	none	0	0		Proteobacteria	Azonexus
NC_007404_1767278..1787459	ICE	20182	20	1	T4SS_MOBP1,profile_MOBF	none	0	0		Proteobacteria	Thiobacillus
NC_007404_1911286..1929072	ICE	17787	22	1	profile_MOBF	none	0	0		Proteobacteria	Thiobacillus
NC_007404_2090388..2093423	NA	3036	3	1	T4SS_MOBP1,T4SS_MOBV	none	0	0		Proteobacteria	Thiobacillus
NC_007492_3390830..3506476	NA	115647	114	1	T4SS_MOBH,profile_MOBT	MPF_F	1	0		Proteobacteria	Pseudomonas_E
NC_007503_2242358..2288734	NA	46377	52	0	NA	none	0	0		Firmicutes_B	Carboxydothermus
NC_007517_2577821..2583006	NA	5186	6	0	NA	none	0	0		Desulfobacterota	Geobacter
NC_007519_2841587..2849168	NA	7582	6	0	NA	none	0	0		Desulfobacterota_I	Oleidesulfovibrio
NC_007575_1698009..1716345	NA	18337	20	1	profile_MOBF	none	0	0		Campylobacterota	Sulfurimonas
NC_007575_830433..846858	NA	16426	18	1	T4SS_MOBP1,T4SS_MOBQ	none	0	0		Campylobacterota	Sulfurimonas
NC_007722_145948..235186	NA	89239	83	1	profile_MOBF	MPF_F	1	1		Proteobacteria	Altererythrobacter_D
NC_007722_2937623..3035310	ICE	97688	88	1	profile_MOBF,profile_MOBT	MPF_F	1	0		Proteobacteria	Altererythrobacter_D
NC_007722_825458..960344	ICE	134887	128	1	profile_MOBF	MPF_F	1	0		Proteobacteria	Altererythrobacter_D
NC_007759_1753055..1816836	ICE	63782	59	1	T4SS_MOBH,profile_MOBT	none	0	0		Desulfobacterota	Syntrophus
NC_007759_2183026..2193104	NA	10079	11	1	T4SS_MOBC	none	0	0		Desulfobacterota	Syntrophus
NC_007777_1212450..1226025	NA	13576	16	0	NA	none	0	0		Actinobacteriota	Frankia
NC_007777_3200756..3208529	NA	7774	7	0	NA	none	0	0		Actinobacteriota	Frankia
NC_007777_3955805..3975042	IME	19238	14	1	profile_MOBF	none	0	0		Actinobacteriota	Frankia
NC_007777_5094597..5104140	NA	9544	14	0	NA	none	0	0		Actinobacteriota	Frankia
NC_007794_305890..397654	ICE	91765	75	1	T4SS_MOBP1	MPF_T	1	0		Proteobacteria	Novosphingobium
NC_007802_1489312..1517992	NA	28681	27	1	T4SS_MOBQ	none	0	0		Proteobacteria	Roseicyclus
NC_007907_2511464..2558665	NA	47202	83	1	profile_MOBT	none	0	0		Firmicutes_B	Desulfitobacterium
NC_007908_3355032..3419012	IME	63981	57	1	T4SS_MOBC	none	0	0		Proteobacteria	Rhodoferax
NC_007925_134694..168669	NA	33976	40	1	T4SS_MOBQ	none	0	0		Proteobacteria	Rhodopseudomonas
NC_007925_677004..706204	NA	29201	22	1	profile_MOBF	none	0	0		Proteobacteria	Rhodopseudomonas
NC_007951_2185339..2316800	NA	131462	120	1	profile_MOBT	none	0	1		Proteobacteria	Paraburkholderia
NC_007951_577235..590610	NA	13376	16	1	T4SS_MOBP1	none	0	0		Proteobacteria	Paraburkholderia
NC_007964_628229..659858	IME	31630	32	1	T4SS_MOBP1	none	0	0		Proteobacteria	Nitrobacter
NC_007973_2524369..2599412	ICE	75044	85	1	T4SS_MOBH	MPF_F	1	0		Proteobacteria	Cupriavidus
NC_008024_1656371..1670248	NA	13878	15	1	T4SS_MOBP1	none	0	0		Firmicutes	Streptococcus
NC_008148_1939538..1947849	NA	8312	10	0	NA	none	0	0		Actinobacteriota	Rubrobacter_B
NC_008254_4083656..4181696	ICE	98041	100	1	T4SS_MOBP1	MPF_T	1	0		Proteobacteria	Chelativorans
NC_008254_551117..573443	ICE	22327	21	1	T4SS_MOBP1,profile_MOBT	MPF_T	1	0		Proteobacteria	Chelativorans
NC_008278_3172323..3201793	NA	29471	28	0	NA	none	0	0		Actinobacteriota	Frankia
NC_008278_5890472..5904804	NA	14333	16	0	NA	none	0	0		Actinobacteriota	Frankia
NC_008278_6885254..6911707	NA	26454	19	1	profile_MOBF,profile_MOBT	none	0	0		Actinobacteriota	Frankia
NC_008313_2688767..2697764	NA	8998	12	1	T4SS_MOBQ	none	0	0		Proteobacteria	Cupriavidus
NC_008322_1174554..1207842	IME	33289	36	1	profile_MOBF	none	0	0		Proteobacteria	Shewanella
NC_008526_1331557..1426710	NA	95154	88	1	profile_MOBM	none	0	0		Firmicutes	Lacticaseibacillus
NC_008526_515695..644611	ICE	128917	129	1	T4SS_MOBP1,T4SS_MOBP2	MPF_FA	1	2		Firmicutes	Lacticaseibacillus
NC_008531_979498..1182784	ICE	203287	202	1	T4SS_MOBP2,profile_MOBT	MPF_FA	1	6		Firmicutes	Leuconostoc
NC_008543_136715..185679	ICE	48965	55	1	T4SS_MOBP1,T4SS_MOBV	MPF_T	1	0		Proteobacteria	Burkholderia
NC_008554_127614..203573	NA	75960	63	1	T4SS_MOBH	none	0	0		Desulfobacterota	Syntrophobacter
NC_008555_788869..862554	ICE	73686	73	1	profile_MOBM,profile_MOBT	MPF_FA	1	7		Firmicutes	Listeria
NC_008577_2413003..2419764	NA	6762	5	1	T4SS_MOBH	none	0	0		Proteobacteria	Shewanella
NC_008577_2829650..2837063	NA	7414	4	1	T4SS_MOBH	none	0	0		Proteobacteria	Shewanella
NC_008595_254232..294377	NA	40146	45	0	NA	none	0	0		Actinobacteriota	Mycobacterium
NC_008595_3872983..3926224	AICE	53242	48	0	NA	none	0	0		Actinobacteriota	Mycobacterium
NC_008609_442849..484652	NA	41804	40	1	T4SS_MOBH	none	0	0		Desulfobacterota	Pseudopelobacter
NC_008686_2391102..2423208	NA	32107	27	1	T4SS_MOBP1,T4SS_MOBV,profile_MOBT	none	0	0		Proteobacteria	Paracoccus
NC_008699_1136136..1183294	IME	47159	42	1	profile_MOBF,profile_MOBT	none	0	0		Actinobacteriota	Nocardioides
NC_008699_2095964..2103198	NA	7235	8	1	profile_MOBT	none	0	0		Actinobacteriota	Nocardioides
NC_008699_2265679..2453543	ICE	187865	192	1	T4SS_MOBC,profile_MOBF	none	0	1		Actinobacteriota	Nocardioides
NC_008700_383200..386360	NA	3161	2	1	T4SS_MOBC,profile_MOBM	none	0	0		Proteobacteria	Shewanella
NC_008705_1549290..1562282	NA	12993	9	1	profile_MOBF	none	0	0		Actinobacteriota	Mycobacterium
NC_008740_452483..468110	NA	15628	21	1	T4SS_MOBV	none	0	0		Proteobacteria	Marinobacter
NC_008740_510901..618812	ICE	107912	100	0	NA	none	0	0		Proteobacteria	Marinobacter
NC_008750_1128833..1160779	NA	31947	27	1	profile_MOBF	none	0	0		Proteobacteria	Shewanella
NC_008750_1225354..1440333	ICE	214980	185	1	T4SS_MOBH	MPF_F	1	1	EexR	Proteobacteria	Shewanella
NC_008752_2770357..3080161	NA	309805	292	1	T4SS_MOBH	MPF_F	1	0		Proteobacteria	Acidovorax_A
NC_008752_422185..675592	ICE	253408	239	1	T4SS_MOBH	MPF_F	1	0		Proteobacteria	Acidovorax_A
NC_008752_748071..913808	NA	165738	156	1	T4SS_MOBP1	MPF_T	1	0	Eex_IncN	Proteobacteria	Acidovorax_A
NC_008782_1291733..1397557	ICE	105825	113	1	T4SS_MOBH	MPF_F	1	0		Proteobacteria	Diaphorobacter
NC_008782_1578073..1617459	NA	39387	41	1	T4SS_MOBH,profile_MOBT	MPF_F	1	0		Proteobacteria	Diaphorobacter
NC_008782_3000410..3288596	ICE	288187	287	1	T4SS_MOBP1	MPF_T	1	0	Eex_IncN	Proteobacteria	Diaphorobacter
NC_008782_644999..789466	ICE	144468	131	1	profile_MOBT	none	0	1		Proteobacteria	Diaphorobacter
NC_008784_23066..111431	IME	88366	70	1	T4SS_MOBC	none	0	0		Proteobacteria	Burkholderia
NC_008786_4039012..4156407	ICE	117396	113	1	T4SS_MOBH	MPF_T	1	0		Proteobacteria	Acidovorax
NC_008800_1084886..1114277	NA	29392	33	1	T4SS_MOBP1	none	0	0		Proteobacteria	Yersinia
NC_008800_3761949..3828088	ICE	66140	71	1	T4SS_MOBH	MPF_F	1	0		Proteobacteria	Yersinia
NC_008825_2498157..2574031	ICE	75875	80	1	T4SS_MOBH,profile_MOBT	MPF_F	1	0		Proteobacteria	Methylibium
NC_009012_3800183..3843018	IME	42836	33	1	T4SS_MOBP1	none	0	0		Firmicutes_A	Hungateiclostridium
NC_009089_3787248..4057027	ICE	269780	252	1	profile_MOBT	MPF_FA	1	8		Firmicutes_A	Clostridioides
NC_009092_1141764..1152966	IME	11203	13	1	T4SS_MOBQ	none	0	0		Proteobacteria	Shewanella
NC_009338_2933811..2972061	NA	38251	45	1	profile_MOBF	none	0	2		Actinobacteriota	Mycobacterium
NC_009436_3125455..3147545	NA	22091	24	1	T4SS_MOBP1	none	0	0		Proteobacteria	Lelliottia
NC_009441_4367371..4393660	IME	26290	34	1	T4SS_MOBP1	none	0	0		Bacteroidota	Flavobacterium
NC_009456_557367..582825	IME	25459	27	1	profile_MOBT	none	0	0		Proteobacteria	Vibrio
NC_009480_2582454..2614620	NA	32167	35	1	T4SS_MOBC	none	0	0		Actinobacteriota	Clavibacter
NC_009484_2667001..2682446	NA	15446	13	1	profile_MOBF	none	0	0		Proteobacteria	Acidiphilium
NC_009485_3457650..3525849	NA	68200	60	1	T4SS_MOBP1,profile_MOBT	MPF_T	1	0		Proteobacteria	Bradyrhizobium
NC_009485_6997252..7040060	NA	42809	37	1	profile_MOBT	none	0	0		Proteobacteria	Bradyrhizobium
NC_009485_7660817..7687256	NA	26440	24	1	profile_MOBF	none	0	0		Proteobacteria	Bradyrhizobium
NC_009485_8092241..8136994	ICE	44754	54	1	T4SS_MOBP1,profile_MOBT	none	0	0		Proteobacteria	Bradyrhizobium
NC_009494_128635..218920	ICE	90286	79	1	T4SS_MOBP1	MPF_T	1	0		Proteobacteria	Legionella
NC_009494_614021..656784	ICE	42764	40	1	T4SS_MOBP1	MPF_T	1	0		Proteobacteria	Legionella
NC_009613_657469..689246	NA	31778	31	1	T4SS_MOBP1	none	0	0		Bacteroidota	Flavobacterium
NC_009614_1275041..1282008	NA	6968	7	1	T4SS_MOBB,T4SS_MOBP1	none	0	0		Bacteroidota	Phocaeicola
NC_009614_1988394..2084298	ICE	95905	102	1	T4SS_MOBP1	none	0	0		Bacteroidota	Phocaeicola
NC_009614_2710586..2740075	IME	29490	22	1	T4SS_MOBP1	none	0	0		Bacteroidota	Phocaeicola
NC_009614_3152704..3266220	NA	113517	115	1	T4SS_MOBV	none	0	1		Bacteroidota	Phocaeicola
NC_009614_4310659..4364479	NA	53821	47	1	T4SS_MOBB	none	0	0		Bacteroidota	Phocaeicola
NC_009614_920629..1003717	ICE	83089	90	1	T4SS_MOBP1	none	0	0		Bacteroidota	Phocaeicola
NC_009615_1456233..1470856	NA	14624	11	1	T4SS_MOBB,T4SS_MOBP1	none	0	0		Bacteroidota	Parabacteroides
NC_009615_2506123..2527946	NA	21824	19	1	T4SS_MOBV	none	0	0		Bacteroidota	Parabacteroides
NC_009615_4285983..4324742	NA	38760	38	1	T4SS_MOBP1	none	0	0		Bacteroidota	Parabacteroides
NC_009633_4030820..4147536	ICE	116717	134	1	T4SS_MOBC,T4SS_MOBP1	MPF_FA	1	7		Firmicutes_A	Alkaliphilus_A
NC_009648_5125931..5161919	IME	35989	29	1	T4SS_MOBH	none	0	0		Proteobacteria	Klebsiella
NC_009656_4573758..4659356	ICE	85599	108	1	T4SS_MOBH	MPF_F	1	0		Proteobacteria	Pseudomonas
NC_009656_5499472..5528096	IME	28625	31	1	T4SS_MOBQ	none	0	0		Proteobacteria	Pseudomonas
NC_009659_2856543..3394062	ICE	537520	515	1	T4SS_MOBC,T4SS_MOBP1,profile_MOBT	none	0	1		Proteobacteria	Herminiimonas
NC_009662_1687651..1708085	IME	20435	18	1	profile_MOBF	none	0	0		Campylobacterota	YY08-10
NC_009663_1488071..1494307	NA	6237	7	0	NA	none	0	0		Campylobacterota	Sulfurovum
NC_009663_2520991..2543883	IME	22893	26	1	T4SS_MOBP1,profile_MOBT	none	0	0		Campylobacterota	Sulfurovum
NC_009668_462345..573428	NA	111084	119	1	T4SS_MOBP1	MPF_T	1	0		Proteobacteria	Ochrobactrum
NC_009697_2538601..2630141	NA	91541	120	1	T4SS_MOBP1,T4SS_MOBV,profile_MOBT	none	0	0		Firmicutes_A	Clostridium_F
NC_009706_226437..273426	NA	46990	58	1	T4SS_MOBP1	MPF_FA	1	9		Firmicutes_A	Clostridium_B
NC_009708_4157211..4221900	ICE	64690	62	1	T4SS_MOBH	MPF_F	1	0		Proteobacteria	Yersinia
NC_009714_75486..156261	NA	80776	92	1	T4SS_MOBP1,T4SS_MOBV	none	0	0		Campylobacterota	Campylobacter_B
NC_009719_109701..112822	NA	3122	4	0	NA	none	0	0		Proteobacteria	Parvibaculum
NC_009792_3266389..3291795	IME	25407	24	1	T4SS_MOBP1	none	0	0		Proteobacteria	Citrobacter_B
NC_009792_3647126..3698504	IME	51379	58	1	T4SS_MOBP1	none	0	0		Proteobacteria	Citrobacter_B
NC_009792_814729..920550	ICE	105822	61	1	T4SS_MOBC	MPF_T	1	0	Eex_IncN	Proteobacteria	Citrobacter_B
NC_009801_1530882..1862356	ICE	331475	317	1	profile_MOBT	none	0	2		Proteobacteria	Escherichia
NC_009801_2906455..2927636	IME	21182	19	1	T4SS_MOBP1	none	0	0		Proteobacteria	Escherichia
NC_009801_3373174..3397436	IME	24263	22	1	T4SS_MOBH	none	0	0		Proteobacteria	Escherichia
NC_009832_355873..451331	NA	95459	102	1	T4SS_MOBH	MPF_F	1	0		Proteobacteria	Serratia
NC_009832_4486620..4571913	ICE	85294	75	1	T4SS_MOBH	MPF_F	1	0		Proteobacteria	Serratia
NC_009848_584324..639021	NA	54698	63	1	profile_MOBT	MPF_FA	1	7		Firmicutes	Bacillus
NC_009883_1050160..1088531	NA	38372	30	1	T4SS_MOBQ	MPF_F	1	0		Proteobacteria	Rickettsia
NC_009900_636728..748877	ICE	112150	130	1	T4SS_MOBQ	MPF_F	1	0		Proteobacteria	Rickettsia
NC_009921_37976..46814	NA	8839	11	0	NA	none	0	0		Actinobacteriota	Frankia
NC_009921_6413576..6433026	NA	19451	17	0	NA	none	0	0		Actinobacteriota	Frankia
NC_009921_6686377..6718717	NA	32341	35	0	NA	none	0	0		Actinobacteriota	Frankia
NC_009921_7658736..7675751	NA	17016	19	0	NA	none	0	0		Actinobacteriota	Frankia
NC_009937_4346448..4397109	NA	50662	57	1	T4SS_MOBP1	none	0	0		Proteobacteria	Azorhizobium
NC_009952_379328..386180	NA	6853	5	0	NA	none	0	0		Proteobacteria	Dinoroseobacter
NC_009953_1357773..1384066	NA	26294	29	0	NA	none	0	0		Actinobacteriota	Micromonospora
NC_009953_1797408..1810724	NA	13317	20	0	NA	none	0	0		Actinobacteriota	Micromonospora
NC_009953_2218289..2232718	NA	14430	18	0	NA	none	0	0		Actinobacteriota	Micromonospora
NC_010002_2915584..3020022	NA	104439	96	1	T4SS_MOBP1	MPF_T	1	0	Eex_IncN	Proteobacteria	Comamonas
NC_010002_4531458..4614944	ICE	83487	74	1	T4SS_MOBH,profile_MOBT	MPF_F	1	0		Proteobacteria	Comamonas
NC_010067_190252..238931	IME	48680	34	1	T4SS_MOBP1	none	0	0		Proteobacteria	Salmonella
NC_010067_3008361..3076079	ICE	67719	69	1	T4SS_MOBH	MPF_F	1	0		Proteobacteria	Salmonella
NC_010087_291625..372425	NA	80801	95	1	T4SS_MOBH	MPF_T	1	0		Proteobacteria	Burkholderia
NC_010102_4577547..4580070	NA	2524	2	1	T4SS_MOBH	none	0	0		Proteobacteria	Salmonella
NC_010125_1545114..1588797	NA	43684	40	1	T4SS_MOBP1	none	0	0		Proteobacteria	Gluconacetobacter
NC_010125_2299650..2309337	NA	9688	13	1	T4SS_MOBQ	none	0	0		Proteobacteria	Gluconacetobacter
NC_010125_2842292..3001996	ICE	159705	164	1	T4SS_MOBP1,profile_MOBT	MPF_T	1	1		Proteobacteria	Gluconacetobacter
NC_010125_984151..1042505	ICE	58355	64	1	T4SS_MOBP1	MPF_T	1	0		Proteobacteria	Gluconacetobacter
NC_010170_1087806..1216154	NA	128349	142	1	T4SS_MOBH,profile_MOBM	MPF_F	1	0		Proteobacteria	Bordetella_A
NC_010170_1340583..1529791	NA	189209	208	1	T4SS_MOBH,profile_MOBM,profile_MOBT	MPF_F	1	0		Proteobacteria	Bordetella_A
NC_010321_52655..199189	ICE	146535	126	1	T4SS_MOBC	MPF_FA	1	2		Firmicutes_A	Thermoanaerobacter
NC_010336_1946401..1970072	IME	23672	19	1	T4SS_MOBC,profile_MOBT	none	0	0		Proteobacteria	Francisella
NC_010337_718106..802912	NA	84807	79	0	NA	none	0	0		Firmicutes_B	Heliomicrobium
NC_010338_1212092..1229865	NA	17774	24	1	T4SS_MOBQ,profile_MOBT	none	0	0		Proteobacteria	Caulobacter
NC_010338_2395402..2470977	ICE	75576	70	1	T4SS_MOBP1	MPF_T	1	0		Proteobacteria	Caulobacter
NC_010338_367554..384096	NA	16543	20	1	T4SS_MOBQ,profile_MOBT	none	0	0		Proteobacteria	Caulobacter
NC_010338_4082880..4297444	ICE	214565	201	1	T4SS_MOBP1,profile_MOBT	MPF_T	1	1		Proteobacteria	Caulobacter
NC_010376_1009024..1102021	ICE	92998	81	1	T4SS_MOBP1,T4SS_MOBQ	MPF_FA	1	13		Firmicutes_A	Finegoldia
NC_010380_1280821..1327266	ICE	46446	44	1	profile_MOBT	MPF_FA	1	7		Firmicutes	Streptococcus
NC_010424_749068..891575	ICE	142508	138	1	profile_MOBM,profile_MOBT	none	0	0		Firmicutes_B	Desulforudis
NC_010471_883043..922724	ICE	39682	42	1	profile_MOBT	MPF_FA	1	3		Firmicutes	Leuconostoc
NC_010524_830194..935032	NA	104839	101	1	T4SS_MOBP1,T4SS_MOBV	none	0	0		Proteobacteria	Leptothrix
NC_010547_273000..306382	NA	33383	37	1	profile_MOBT	none	0	0		Cyanobacteria	Crocosphaera
NC_010554_2638440..2769857	ICE	131418	113	1	T4SS_MOBH	MPF_F	1	0	EexR	Proteobacteria	Proteus
NC_010554_2793715..2886352	NA	92638	87	1	T4SS_MOBH	MPF_F	1	0		Proteobacteria	Proteus
NC_010571_1466417..1540875	NA	74459	73	1	profile_MOBF	none	0	0		Verrucomicrobiota	Opitutus
NC_010571_2432646..2444876	NA	12231	16	1	profile_MOBF	none	0	0		Verrucomicrobiota	Opitutus
NC_010571_5673877..5791473	NA	117597	123	1	profile_MOBF	none	0	0		Verrucomicrobiota	Opitutus
NC_010572_3389215..3405986	NA	16772	22	0	NA	none	0	0		Actinobacteriota	Streptomyces
NC_010572_4190633..4206032	NA	15400	17	0	NA	none	0	0		Actinobacteriota	Streptomyces
NC_010582_1250253..1279652	NA	29400	26	1	T4SS_MOBP1	none	0	0		Firmicutes	Streptococcus
NC_010582_140304..220648	ICE	80345	79	1	profile_MOBT	MPF_FA	1	7		Firmicutes	Streptococcus
NC_010612_2567528..2572183	NA	4656	4	0	NA	none	0	0		Actinobacteriota	Mycobacterium
NC_010644_1541063..1551763	NA	10701	11	0	NA	none	0	0		Elusimicrobiota	Elusimicrobium
NC_010645_356560..409192	IME	52633	57	1	T4SS_MOBP1,T4SS_MOBV	none	0	0	Eex_IncN	Proteobacteria	Bordetella
NC_010676_2614914..2814356	ICE	199443	182	1	T4SS_MOBP1,T4SS_MOBV,profile_MOBT	MPF_T	1	0		Proteobacteria	Paraburkholderia
NC_010681_113668..315917	NA	202250	194	1	T4SS_MOBP1,T4SS_MOBV,profile_MOBT	MPF_T	1	0		Proteobacteria	Paraburkholderia
NC_010682_1543072..1700732	NA	157661	159	1	T4SS_MOBH	MPF_T	1	0		Proteobacteria	Ralstonia
NC_010682_469459..495154	IME	25696	24	1	T4SS_MOBP1,profile_MOBT	none	0	0		Proteobacteria	Ralstonia
NC_010688_1196537..1232890	IME	36354	40	1	T4SS_MOBQ	none	0	0		Proteobacteria	Xanthomonas
NC_010688_3038236..3073543	IME	35308	39	1	T4SS_MOBQ	none	0	0		Proteobacteria	Xanthomonas
NC_010698_700651..896417	ICE	195767	161	1	T4SS_MOBP1	MPF_T	1	1		Campylobacterota	Helicobacter
NC_010725_3220381..3366693	ICE	146313	146	1	T4SS_MOBP1	MPF_T	1	0		Proteobacteria	Methylobacterium
NC_010729_1021623..1030354	NA	8732	10	1	T4SS_MOBP1,T4SS_MOBV	none	0	0		Bacteroidota	Porphyromonas
NC_010729_35127..114450	NA	79324	70	1	T4SS_MOBP1	none	0	1		Bacteroidota	Porphyromonas
NC_010793_1432339..1570077	NA	137739	160	1	T4SS_MOBQ	MPF_F	1	0		Proteobacteria	Orientia
NC_010793_316972..435033	NA	118062	121	1	T4SS_MOBQ,T4SS_MOBV	MPF_F	1	0		Proteobacteria	Orientia
NC_010793_502335..513583	NA	11249	16	0	NA	MPF_F	1	0		Proteobacteria	Orientia
NC_010804_2815221..2819433	NA	4213	4	1	T4SS_MOBV	none	0	0		Proteobacteria	Burkholderia
NC_010804_938763..1101538	NA	162776	165	1	T4SS_MOBP1	MPF_T	1	0	Eex_IncN	Proteobacteria	Burkholderia
NC_010814_3054740..3124632	NA	69893	72	1	T4SS_MOBC,T4SS_MOBH,profile_MOBT	none	0	0		Desulfobacterota	Trichlorobacter
NC_010814_6077..280100	ICE	274024	288	1	T4SS_MOBH	none	0	0		Desulfobacterota	Trichlorobacter
NC_011000_2812878..2859770	ICE	46893	55	1	T4SS_MOBH,profile_MOBT	none	0	0		Proteobacteria	Burkholderia
NC_011035_1587598..1619250	NA	31653	50	0	NA	none	0	0		Proteobacteria	Neisseria
NC_011072_1202367..1237394	ICE	35028	32	1	T4SS_MOBP1,profile_MOBT	none	0	4		Firmicutes	Streptococcus
NC_011094_2796965..2819309	IME	22345	18	1	T4SS_MOBP1	none	0	0		Proteobacteria	Salmonella
NC_011134_293302..333953	NA	40652	40	1	profile_MOBT	none	0	0		Firmicutes	Streptococcus
NC_011134_94474..100491	NA	6018	8	1	profile_MOBT	none	0	0		Firmicutes	Streptococcus
NC_011138_3696664..3732725	NA	36062	32	1	T4SS_MOBC	none	0	0		Proteobacteria	Alteromonas
NC_011144_1616644..1737271	NA	120628	129	1	T4SS_MOBP1,profile_MOBT	MPF_T	1	0		Proteobacteria	Phenylobacterium
NC_011146_3550981..3555769	NA	4789	7	0	NA	none	0	0		Desulfobacterota	Geomonas
NC_011206_2031455..2054280	NA	22826	26	1	T4SS_MOBV	none	0	0		Proteobacteria	Acidithiobacillus
NC_011283_1817492..1880912	ICE	63421	55	1	T4SS_MOBC,profile_MOBM	MPF_T	1	0	Eex_IncN	Proteobacteria	Klebsiella
NC_011283_4451505..4485799	NA	34295	33	1	T4SS_MOBP1	none	0	0		Proteobacteria	Klebsiella
NC_011296_283463..307783	NA	24321	31	1	profile_MOBF	none	0	0		Nitrospirota	Thermodesulfovibrio
NC_011365_1041274..1187967	ICE	146694	153	1	T4SS_MOBP1,profile_MOBT	MPF_T	1	0		Proteobacteria	Gluconacetobacter
NC_011365_1909663..1933874	NA	24212	28	1	T4SS_MOBP1	none	0	0		Proteobacteria	Gluconacetobacter
NC_011365_3031715..3095728	NA	64014	70	1	T4SS_MOBP1,profile_MOBT	none	0	0		Proteobacteria	Gluconacetobacter
NC_011365_506471..517575	NA	11105	14	1	T4SS_MOBQ	none	0	0		Proteobacteria	Gluconacetobacter
NC_011386_169203..266107	ICE	96905	111	1	T4SS_MOBP1	MPF_T	1	0		Proteobacteria	Afipia
NC_011386_2328065..2425755	ICE	97691	95	1	T4SS_MOBP1,profile_MOBT	none	0	0		Proteobacteria	Afipia
NC_011386_3487203..3614289	NA	127087	128	1	T4SS_MOBP1,T4SS_MOBV	MPF_T	1	0		Proteobacteria	Afipia
NC_011567_648861..725897	NA	77037	92	1	T4SS_MOBC	none	0	0		Firmicutes	Anoxybacillus
NC_011662_975523..1219207	ICE	243685	234	1	T4SS_MOBH,profile_MOBT	MPF_F	1	0		Proteobacteria	Thauera
NC_011666_2115720..2147426	IME	31707	31	1	T4SS_MOBP1	none	0	0		Proteobacteria	Methylocella
NC_011729_2751610..2778226	NA	26617	23	1	T4SS_MOBP1	none	0	0		Cyanobacteria	Gloeothece
NC_011741_4575707..4596396	IME	20690	21	1	T4SS_MOBP1	none	0	0		Proteobacteria	Escherichia
NC_011761_2145740..2192783	NA	47044	50	1	T4SS_MOBV	none	0	0		Proteobacteria	Acidithiobacillus
NC_011773_5243073..5281639	IME	38567	37	1	T4SS_MOBH	none	0	0		Firmicutes	Bacillus_A
NC_011837_346217..508207	ICE	161991	164	1	T4SS_MOBC,T4SS_MOBH,profile_MOBT	none	0	0		Firmicutes_A	Clostridium_B
NC_011883_1249225..1466945	NA	217721	185	1	T4SS_MOBV,profile_MOBT	none	0	1	Eex_IncN	Desulfobacterota_I	Desulfovibrio
NC_011884_4116092..4146091	IME	30000	26	1	T4SS_MOBQ	none	0	0		Cyanobacteria	Cyanothece
NC_011891_1228929..1306266	ICE	77338	70	1	profile_MOBF	MPF_T	1	0		Myxococcota	Anaeromyxobacter
NC_011901_1988367..2031762	NA	43396	41	1	T4SS_MOBP1	MPF_T	1	0	Eex_IncN	Proteobacteria	Thioalkalivibrio_A
NC_011901_2928215..3060935	ICE	132721	132	1	T4SS_MOBH,profile_MOBT	MPF_F	1	0		Proteobacteria	Thioalkalivibrio_A
NC_011985_1045403..1091170	NA	45768	60	1	T4SS_MOBC	none	0	0		Proteobacteria	Rhizobium
NC_011985_3793863..3896759	NA	102897	86	1	T4SS_MOBP1,T4SS_MOBQ,profile_MOBT	MPF_T	1	0	Eex_IncN	Proteobacteria	Rhizobium
NC_011989_577998..608899	NA	30902	34	1	T4SS_MOBQ,T4SS_MOBV	none	0	0		Proteobacteria	Allorhizobium
NC_011992_1651847..1664530	NA	12684	11	1	profile_MOBF	none	0	1		Proteobacteria	Diaphorobacter
NC_012034_2558194..2593479	IME	35286	47	1	T4SS_MOBC,profile_MOBT	none	0	1		Firmicutes_A	Caldicellulosiruptor
NC_012039_789761..826040	NA	36280	48	0	NA	none	0	0		Campylobacterota	Campylobacter_D
NC_012125_4722362..4737252	NA	14891	15	1	T4SS_MOBP1	none	0	0		Proteobacteria	Salmonella
NC_012214_3300526..3310387	NA	9862	11	1	T4SS_MOBH	none	0	0		Proteobacteria	Erwinia
NC_012467_1001438..1136741	ICE	135304	123	1	T4SS_MOBP1,profile_MOBT	MPF_FA	1	20		Firmicutes	Streptococcus
NC_012469_1771399..1812468	ICE	41070	45	1	profile_MOBT	MPF_FA	1	7		Firmicutes	Streptococcus
NC_012483_1238802..1473052	NA	234251	180	1	profile_MOBF	MPF_T	1	0		Acidobacteriota	Acidobacterium
NC_012559_878399..890492	NA	12094	12	1	T4SS_MOBP1	none	0	0		Proteobacteria	Laribacter
NC_012660_2050486..2190550	ICE	140065	143	1	T4SS_MOBH,profile_MOBT	MPF_F	1	0		Proteobacteria	Pseudomonas_E
NC_012668_2916746..3071439	ICE	154694	140	1	T4SS_MOBH	MPF_F	1	0	EexR	Proteobacteria	Vibrio
NC_012691_2054650..2091211	NA	36562	30	1	T4SS_MOBH	none	0	0		Proteobacteria	Tolumonas
NC_012731_3395820..3472027	ICE	76208	58	1	T4SS_MOBC	MPF_T	1	0	Eex_IncN	Proteobacteria	Klebsiella
NC_012779_319354..380035	ICE	60682	60	1	T4SS_MOBH	MPF_F	1	0		Proteobacteria	Edwardsiella
NC_012785_1787318..1805342	NA	18025	13	1	T4SS_MOBH	none	0	0		Thermotogota	Kosmotoga
NC_012791_2231899..2264675	NA	32777	31	1	T4SS_MOBP1	none	0	0		Proteobacteria	Variovorax
NC_012791_2356009..2408628	NA	52620	54	1	T4SS_MOBP1,T4SS_MOBV,profile_MOBT	none	0	0		Proteobacteria	Variovorax
NC_012791_4746254..4791484	IME	45231	39	1	T4SS_MOBH,T4SS_MOBP1,T4SS_MOBV,profile_MOBT	none	0	0		Proteobacteria	Variovorax
NC_012792_519244..889863	ICE	370620	335	1	T4SS_MOBP1,T4SS_MOBV,profile_MOBT	MPF_T	1	0		Proteobacteria	Variovorax
NC_012796_791582..808994	NA	17413	28	0	NA	none	0	0		Desulfobacterota_I	Solidesulfovibrio
NC_012803_14428..71803	NA	57376	55	1	profile_MOBF	none	0	1		Actinobacteriota	Micrococcus
NC_012803_662675..685245	IME	22571	22	0	NA	none	0	0		Actinobacteriota	Micrococcus
NC_012856_700799..729121	NA	28323	31	1	T4SS_MOBH	MPF_F	1	0		Proteobacteria	Ralstonia
NC_012856_800877..816162	NA	15286	14	1	T4SS_MOBP1	none	0	0		Proteobacteria	Ralstonia
NC_012880_3367726..3452355	IME	84630	77	1	T4SS_MOBP1	none	0	0		Proteobacteria	Dickeya
NC_012880_3531824..3550191	IME	18368	16	1	T4SS_MOBC	none	0	0		Proteobacteria	Dickeya
NC_012880_3986858..3995656	IME	8799	11	1	T4SS_MOBC	none	0	0		Proteobacteria	Dickeya
NC_012891_1284664..1298181	NA	13518	16	1	T4SS_MOBQ	none	0	1		Firmicutes	Streptococcus
NC_012891_236842..275354	IME	38513	47	1	T4SS_MOBV,profile_MOBT	none	0	0		Firmicutes	Streptococcus
NC_012912_1679148..1732972	ICE	53825	47	1	T4SS_MOBC,profile_MOBT	MPF_T	1	0	Eex_IncN	Proteobacteria	Dickeya
NC_012912_4016488..4025136	NA	8649	11	1	T4SS_MOBC	none	0	0		Proteobacteria	Dickeya
NC_012913_1061129..1063919	NA	2791	2	1	T4SS_MOBH	none	0	0		Proteobacteria	Aggregatibacter
NC_012917_1850685..1879434	NA	28750	33	1	T4SS_MOBP1	none	0	0		Proteobacteria	Pectobacterium
NC_012917_578036..584919	IME	6884	9	1	T4SS_MOBC	none	0	0		Proteobacteria	Pectobacterium
NC_012917_983642..1013205	IME	29564	23	1	T4SS_MOBC	none	0	0		Proteobacteria	Pectobacterium
NC_012918_2721982..2814233	NA	92252	77	1	profile_MOBF	MPF_T	1	0		Desulfobacterota	Geomonas
NC_012924_808819..964460	ICE	155642	159	1	T4SS_MOBP1,profile_MOBT	MPF_FA	1	21		Firmicutes	Streptococcus
NC_012926_1032547..1125755	ICE	93209	98	1	T4SS_MOBP1,T4SS_MOBV,profile_MOBT	MPF_FA	1	10		Firmicutes	Streptococcus
NC_012926_549571..577957	NA	28387	35	1	T4SS_MOBP1,profile_MOBT	none	0	4		Firmicutes	Streptococcus
NC_012968_239631..262202	IME	22572	20	1	T4SS_MOBP1	none	0	0		Proteobacteria	Methylotenera
NC_012969_2144366..2210839	IME	66474	84	1	profile_MOBF	none	0	0		Proteobacteria	Methylovorus
NC_012969_2503508..2508729	NA	5222	6	1	T4SS_MOBP1,T4SS_MOBV	none	0	0		Proteobacteria	Methylovorus
NC_013037_5068111..5080869	IME	12759	11	1	T4SS_MOBP1	none	0	0		Bacteroidota	Dyadobacter
NC_013037_6220680..6239334	NA	18655	21	1	T4SS_MOBP1	none	0	0		Bacteroidota	Dyadobacter
NC_013037_6288855..6316555	IME	27701	20	1	T4SS_MOBP1	none	0	0		Bacteroidota	Dyadobacter
NC_013093_1022862..1027333	NA	4472	4	0	NA	none	0	0		Actinobacteriota	Actinosynnema
NC_013093_1223383..1238212	NA	14830	18	0	NA	none	0	0		Actinobacteriota	Actinosynnema
NC_013093_1416399..1430521	NA	14123	18	0	NA	none	0	0		Actinobacteriota	Actinosynnema
NC_013093_186745..205835	NA	19091	23	1	profile_MOBT	none	0	0		Actinobacteriota	Actinosynnema
NC_013093_7448362..7458804	NA	10443	10	0	NA	none	0	0		Actinobacteriota	Actinosynnema
NC_013159_2569240..2579397	NA	10158	15	0	NA	none	0	0		Actinobacteriota	Saccharomonospora
NC_013165_2135122..2150913	IME	15792	14	1	T4SS_MOBP1	none	0	0		Actinobacteriota	Slackia
NC_013165_2248647..2290538	IME	41892	47	1	T4SS_MOBP1	none	0	0		Actinobacteriota	Slackia
NC_013169_2080951..2123483	NA	42533	45	0	NA	none	0	0		Actinobacteriota	Kytococcus
NC_013169_2628213..2643459	NA	15247	16	0	NA	none	0	0		Actinobacteriota	Kytococcus
NC_013169_636588..657599	NA	21012	21	1	profile_MOBF	none	0	1		Actinobacteriota	Kytococcus
NC_013169_805063..828433	NA	23371	22	1	profile_MOBF	none	0	0		Actinobacteriota	Kytococcus
NC_013172_2881181..2915791	NA	34611	34	0	NA	none	0	0		Actinobacteriota	Brachybacterium
NC_013173_1582694..1648600	NA	65907	49	0	NA	none	0	0		Desulfobacterota_I	Desulfomicrobium
NC_013192_906266..1182482	ICE	276217	277	1	T4SS_MOBC,T4SS_MOBP1,T4SS_MOBQ,T4SS_MOBV,profile_MOBM,profile_MOBT	MPF_T	1	1		Fusobacteriota	Leptotrichia
NC_013204_1782091..1824289	ICE	42199	42	1	T4SS_MOBP1	MPF_FA	1	5		Actinobacteriota	Eggerthella
NC_013205_2612624..2625782	NA	13159	10	1	T4SS_MOBC	none	0	0		Firmicutes	Alicyclobacillus
NC_013216_3869561..3899603	NA	30043	34	1	profile_MOBT	none	0	0		Firmicutes_B	Desulfofarcimen
NC_013222_307985..369622	NA	61638	67	1	T4SS_MOBP1	none	0	0		Bacteroidota	Robiginitalea
NC_013235_2136177..2181940	IME	45764	38	1	profile_MOBF	none	0	0		Actinobacteriota	Nakamurella
NC_013235_469432..527041	ICE	57610	44	1	T4SS_MOBQ,profile_MOBF	none	0	0		Actinobacteriota	Nakamurella
NC_013235_691228..710465	NA	19238	17	0	NA	none	0	0		Actinobacteriota	Nakamurella
NC_013315_345557..591552	ICE	245996	221	1	profile_MOBT	none	0	0		Firmicutes_A	Clostridioides
NC_013385_826480..847067	IME	20588	15	0	NA	none	0	0		Firmicutes_B	Ammonifex
NC_013411_600128..636535	NA	36408	59	1	T4SS_MOBC	none	0	0		Firmicutes	Geobacillus
NC_013421_1728172..1807718	ICE	79547	72	1	T4SS_MOBH	MPF_F	1	0		Proteobacteria	Pectobacterium
NC_013421_1876428..1910134	NA	33707	39	1	T4SS_MOBQ	none	0	0		Proteobacteria	Pectobacterium
NC_013421_650611..753402	ICE	102792	111	1	T4SS_MOBH	MPF_F	1	0		Proteobacteria	Pectobacterium
NC_013422_1772375..1830980	NA	58606	62	1	T4SS_MOBP1	none	0	0		Proteobacteria	Halothiobacillus
NC_013422_367010..389196	NA	22187	14	1	T4SS_MOBP1	none	0	0		Proteobacteria	Halothiobacillus
NC_013422_504274..511162	NA	6889	6	1	T4SS_MOBP1	none	0	0		Proteobacteria	Halothiobacillus
NC_013422_998554..1044380	NA	45827	38	1	profile_MOBF	none	0	0		Proteobacteria	Halothiobacillus
NC_013441_591300..604815	NA	13516	14	0	NA	none	0	0		Actinobacteriota	Gordonia
NC_013450_1709480..1774428	NA	64949	60	1	profile_MOBT	MPF_FA	1	6	DUF4467	Firmicutes	Staphylococcus
NC_013456_102528..316157	NA	213630	210	1	T4SS_MOBC	none	0	0		Proteobacteria	Vibrio
NC_013456_1668087..2017340	ICE	349254	327	1	T4SS_MOBP1,profile_MOBM	none	0	0		Proteobacteria	Vibrio
NC_013510_42852..47484	NA	4633	4	0	NA	none	0	0		Actinobacteriota	Thermomonospora
NC_013510_5127758..5141642	NA	13885	14	0	NA	none	0	0		Actinobacteriota	Thermomonospora
NC_013515_1281427..1317217	NA	35791	48	1	T4SS_MOBQ	MPF_T	1	1		Fusobacteriota	Streptobacillus
NC_013530_867898..916677	NA	48780	53	1	profile_MOBF	none	0	1		Actinobacteriota	Xylanimonas
NC_013592_2972012..3023098	ICE	51087	53	1	T4SS_MOBC	MPF_T	1	0	Eex_IncN	Proteobacteria	Dickeya
NC_013595_151568..156477	NA	4910	5	0	NA	none	0	0		Actinobacteriota	Streptosporangium
NC_013595_708107..731235	NA	23129	25	0	NA	none	0	0		Actinobacteriota	Streptosporangium
NC_013595_9553717..9588675	AICE	34959	34	0	NA	none	0	0		Actinobacteriota	Streptosporangium
NC_013656_610661..614817	NA	4157	5	0	NA	none	0	0		Firmicutes	Lactococcus
NC_013722_3041048..3131613	ICE	90566	85	0	NA	none	0	0	Eex_IncN	Proteobacteria	Xanthomonas_A
NC_013729_2174047..2180865	NA	6819	11	0	NA	none	0	0		Actinobacteriota	Kribbella
NC_013729_2267419..2300017	NA	32599	30	1	profile_MOBF	none	0	0		Actinobacteriota	Kribbella
NC_013729_3587297..3594224	NA	6928	7	0	NA	none	0	0		Actinobacteriota	Kribbella
NC_013729_388064..402899	NA	14836	15	0	NA	none	0	0		Actinobacteriota	Kribbella
NC_013729_5988917..5996318	NA	7402	7	0	NA	none	0	0		Actinobacteriota	Kribbella
NC_013729_912539..918690	NA	6152	8	1	T4SS_MOBQ,profile_MOBF	none	0	0		Actinobacteriota	Kribbella
NC_013757_1499382..1511983	NA	12602	8	1	profile_MOBF	none	0	0		Actinobacteriota	Geodermatophilus
NC_013757_1534521..1569228	AICE	34708	32	0	NA	none	0	0		Actinobacteriota	Geodermatophilus
NC_013757_780835..816707	IME	35873	28	1	profile_MOBF	none	0	0		Actinobacteriota	Geodermatophilus
NC_013757_905585..919548	NA	13964	7	1	profile_MOBF	none	0	0		Actinobacteriota	Geodermatophilus
NC_013798_283548..337531	NA	53984	55	1	T4SS_MOBP1	MPF_FA	1	7		Firmicutes	Streptococcus
NC_013853_1271111..1347229	ICE	76119	69	1	profile_MOBT	MPF_FA	1	8		Firmicutes	Streptococcus
NC_013854_1582302..1595553	NA	13252	18	1	T4SS_MOBQ	none	0	0		Proteobacteria	Azospirillum
NC_013861_3335593..3431895	ICE	96303	96	1	T4SS_MOBP1	MPF_T	1	1		Proteobacteria	Legionella
NC_013892_1429060..1512928	NA	83869	80	1	T4SS_MOBH	MPF_F	1	0		Proteobacteria	Xenorhabdus
NC_013929_3336516..3378072	NA	41557	42	0	NA	none	0	0		Actinobacteriota	Streptomyces
NC_013929_5254726..5270867	NA	16142	21	0	NA	none	0	0		Actinobacteriota	Streptomyces
NC_013929_5843741..5862012	NA	18272	20	1	T4SS_MOBP1	none	0	0		Actinobacteriota	Streptomyces
NC_013929_5908073..5939455	NA	31383	30	0	NA	none	0	0		Actinobacteriota	Streptomyces
NC_013929_6257048..6273511	NA	16464	21	0	NA	none	0	0		Actinobacteriota	Streptomyces
NC_013939_1070062..1101617	NA	31556	34	1	T4SS_MOBH	none	0	0		Deferribacterota	Deferribacter
NC_013941_3297506..3342635	NA	45130	55	1	T4SS_MOBP1	none	0	0		Proteobacteria	Escherichia
NC_013943_2779865..2848890	IME	69026	64	1	T4SS_MOBH,profile_MOBT	none	0	0		Deferribacterota	Denitrovibrio
NC_013947_3806821..3849331	NA	42511	35	1	profile_MOBF	none	0	0		Actinobacteriota	Stackebrandtia
NC_013947_4504415..4510873	NA	6459	7	0	NA	none	0	0		Actinobacteriota	Stackebrandtia
NC_013947_5705292..5732307	NA	27016	29	1	profile_MOBF	none	0	0		Actinobacteriota	Stackebrandtia
NC_013947_6585847..6593163	NA	7317	7	1	T4SS_MOBP1	none	0	0		Actinobacteriota	Stackebrandtia
NC_014006_1820778..1856993	NA	36216	44	1	profile_MOBF	none	0	0		Proteobacteria	Sphingobium
NC_014006_1973709..2061647	ICE	87939	97	1	T4SS_MOBP1	MPF_T	1	0		Proteobacteria	Sphingobium
NC_014006_2934452..3030065	NA	95614	100	1	T4SS_MOBP1	MPF_T	1	0		Proteobacteria	Sphingobium
NC_014006_434516..476784	ICE	42269	50	1	T4SS_MOBP1,T4SS_MOBV,profile_MOBT	MPF_T	1	0	Eex_IncN	Proteobacteria	Sphingobium
NC_014029_345141..403014	NA	57874	64	1	T4SS_MOBH	MPF_F	1	0		Proteobacteria	Yersinia
NC_014032_3339126..3343191	NA	4066	6	0	NA	none	0	0		Bacteroidota	Salinibacter
NC_014033_1301154..1311468	IME	10315	10	1	T4SS_MOBP1	none	0	0		Bacteroidota	Prevotella
NC_014041_1584736..1594524	NA	9789	9	0	NA	none	0	0		Bacteroidota	Zunongwangia
NC_014041_1814583..1983973	ICE	169391	158	1	T4SS_MOBB	none	0	0		Bacteroidota	Zunongwangia
NC_014121_416311..525347	NA	109037	122	1	T4SS_MOBH	MPF_F	1	0		Proteobacteria	Enterobacter
NC_014125_609202..648915	ICE	39714	38	1	T4SS_MOBP1	MPF_T	1	0		Proteobacteria	Legionella
NC_014151_1357563..1388192	NA	30630	31	1	T4SS_MOBC	none	0	0		Actinobacteriota	Cellulomonas
NC_014153_2073897..2202852	ICE	128956	127	1	T4SS_MOBP1,profile_MOBT	MPF_T	1	0		Proteobacteria	Thiomonas
NC_014153_414462..429122	NA	14661	20	1	profile_MOBF	none	0	0		Proteobacteria	Thiomonas
NC_014168_1977897..1985488	NA	7592	8	0	NA	none	0	0		Actinobacteriota	Segniliparus
NC_014168_2129531..2141826	NA	12296	19	0	NA	none	0	0		Actinobacteriota	Segniliparus
NC_014206_2484198..2521442	NA	37245	34	0	NA	none	0	0		Firmicutes	Geobacillus
NC_014207_2577103..2586177	NA	9075	6	0	NA	none	0	0		Proteobacteria	Methylotenera
NC_014209_56706..94524	NA	37819	46	1	T4SS_MOBP1,T4SS_MOBP2,T4SS_MOBP3,profile_MOBT	MPF_FA	1	3		Firmicutes_A	Thermoanaerobacter
NC_014210_734704..741242	NA	6539	11	0	NA	none	0	0		Actinobacteriota	Nocardiopsis
NC_014211_452398..457171	NA	4774	5	0	NA	none	0	0		Actinobacteriota	Nocardiopsis
NC_014215_213527..256819	ICE	43293	38	1	profile_MOBF	none	0	0		Actinobacteriota	Propionibacterium
NC_014217_2016986..2056520	IME	39535	40	1	T4SS_MOBQ	none	0	0		Proteobacteria	Starkeya
NC_014217_2760716..2817548	IME	56833	45	1	T4SS_MOBQ,profile_MOBT	none	0	0		Proteobacteria	Starkeya
NC_014218_1818039..1837434	NA	19396	22	1	T4SS_MOBP1	MPF_FA	1	4		Actinobacteriota	Arcanobacterium
NC_014251_1991237..2035155	ICE	43919	48	1	profile_MOBT	MPF_FA	1	7		Firmicutes	Streptococcus
NC_014318_14731..25246	NA	10516	11	0	NA	none	0	0		Actinobacteriota	Amycolatopsis
NC_014318_6554616..6559769	NA	5154	6	0	NA	none	0	0		Actinobacteriota	Amycolatopsis
NC_014364_129183..145508	NA	16326	19	0	NA	none	0	0		Spirochaetota	Sediminispirochaeta
NC_014364_521185..538872	NA	17688	15	0	NA	none	0	0		Spirochaetota	Sediminispirochaeta
NC_014376_3982678..4011844	IME	29167	29	1	T4SS_MOBP1,profile_MOBT	none	0	0		Firmicutes_A	Lacrimispora
NC_014376_4144975..4192894	NA	47920	45	1	T4SS_MOBP1	none	0	0		Firmicutes_A	Lacrimispora
NC_014391_16087..29707	AICE	13621	19	0	NA	none	0	0		Actinobacteriota	Micromonospora
NC_014391_2880828..2907772	NA	26945	28	0	NA	none	0	0		Actinobacteriota	Micromonospora
NC_014391_5262526..5305301	NA	42776	41	0	NA	none	0	0		Actinobacteriota	Micromonospora
NC_014391_6011104..6017734	NA	6631	11	0	NA	none	0	0		Actinobacteriota	Micromonospora
NC_014393_3635827..3666434	NA	30608	29	1	profile_MOBT	none	0	0		Firmicutes_A	Clostridium_K
NC_014394_1637728..1667188	IME	29461	22	1	T4SS_MOBC	none	0	0		Proteobacteria	Gallionella
NC_014394_1811257..1825814	NA	14558	13	1	T4SS_MOBP1,T4SS_MOBV	none	0	0		Proteobacteria	Gallionella
NC_014394_2777009..2780676	NA	3668	5	1	T4SS_MOBP1,T4SS_MOBV	none	0	1		Proteobacteria	Gallionella
NC_014410_273777..309314	NA	35538	41	1	T4SS_MOBP1,T4SS_MOBP2,T4SS_MOBP3	MPF_FA	1	3		Firmicutes_A	Thermoanaerobacterium
NC_014414_1066593..1105651	ICE	39059	29	1	T4SS_MOBP1	MPF_T	1	0		Proteobacteria	Parvularcula
NC_014414_1150029..1217384	IME	67356	67	1	T4SS_MOBP1	none	0	0		Proteobacteria	Parvularcula
NC_014414_8800..50117	ICE	41318	37	1	profile_MOBF	MPF_F	1	0		Proteobacteria	Parvularcula
NC_014494_830913..878241	IME	47329	42	1	T4SS_MOBP1	none	0	6		Firmicutes	Streptococcus
NC_014494_965268..1102986	NA	137719	137	1	T4SS_MOBQ	none	0	1		Firmicutes	Streptococcus
NC_014498_999659..1170615	ICE	170957	165	1	T4SS_MOBP1,profile_MOBT	MPF_FA	1	20		Firmicutes	Streptococcus
NC_014500_3126494..3201103	ICE	74610	65	1	T4SS_MOBC,profile_MOBT	MPF_T	1	0	Eex_IncN	Proteobacteria	Dickeya
NC_014500_586837..596539	IME	9703	12	1	T4SS_MOBC	none	0	0		Proteobacteria	Dickeya
NC_014500_858366..1087159	ICE	228794	208	1	T4SS_MOBC,T4SS_MOBP1,profile_MOBT	MPF_T	1	0		Proteobacteria	Dickeya
NC_014501_482109..593462	ICE	111354	85	1	T4SS_MOBP1	none	0	0		Cyanobacteria	Gloeothece
NC_014501_907714..1046035	ICE	138322	134	1	T4SS_MOBP1,T4SS_MOBP3,profile_MOBT	none	0	0		Cyanobacteria	Gloeothece
NC_014532_3548936..3633847	ICE	84912	108	1	T4SS_MOBH,profile_MOBT	MPF_F	1	0		Proteobacteria	Halomonas
NC_014555_1496741..1562797	ICE	66057	60	1	T4SS_MOBP1	MPF_T	1	0		Campylobacterota	Helicobacter
NC_014562_2553911..2632519	IME	78609	72	1	T4SS_MOBP1	none	0	1		Proteobacteria	Pantoea
NC_014614_336018..369589	IME	33572	29	1	T4SS_MOBP1,profile_MOBM,profile_MOBT	none	0	0		Firmicutes_A	Acetoanaerobium
NC_014624_1084993..1088331	NA	3339	3	1	T4SS_MOBV	none	0	0		Firmicutes_A	Eubacterium
NC_014624_2574892..2603579	NA	28688	31	1	T4SS_MOBP1	none	0	0		Firmicutes_A	Eubacterium
NC_014624_2703029..2711689	IME	8661	9	0	NA	none	0	0		Firmicutes_A	Eubacterium
NC_014624_487458..491601	NA	4144	4	1	T4SS_MOBQ	none	0	0		Firmicutes_A	Eubacterium
NC_014624_954917..962007	NA	7091	8	1	T4SS_MOBV	none	0	0		Firmicutes_A	Eubacterium
NC_014638_210554..222450	IME	11897	9	1	T4SS_MOBP1	none	0	0		Actinobacteriota	Bifidobacterium
NC_014638_377949..385313	NA	7365	5	0	NA	none	0	0		Actinobacteriota	Bifidobacterium
NC_014640_1127769..1210927	NA	83159	90	1	T4SS_MOBH	MPF_F	1	0		Proteobacteria	Achromobacter
NC_014650_2941750..2988079	ICE	46330	44	1	T4SS_MOBC	none	0	0		Firmicutes	Parageobacillus
NC_014657_865557..908599	NA	43043	48	0	NA	none	0	0		Firmicutes_A	Caldicellulosiruptor
NC_014664_1549702..1606771	IME	57070	63	1	T4SS_MOBP1	none	0	0		Proteobacteria	Rhodomicrobium
NC_014664_2063843..2091442	IME	27600	20	1	T4SS_MOBP1	none	0	0		Proteobacteria	Rhodomicrobium
NC_014664_3019135..3101085	ICE	81951	78	1	T4SS_MOBP1,profile_MOBT	MPF_T	1	0		Proteobacteria	Rhodomicrobium
NC_014666_7157702..7190445	NA	32744	34	0	NA	none	0	0		Actinobacteriota	Frankia
NC_014666_8462173..8478503	IME	16331	9	1	profile_MOBF	none	0	0		Actinobacteriota	Frankia
NC_014721_2150453..2153571	NA	3119	4	0	NA	none	0	0		Firmicutes_A	Caldicellulosiruptor
NC_014752_1149374..1448712	ICE	299339	244	1	T4SS_MOBP1	none	0	1		Proteobacteria	Neisseria
NC_014762_89716..94859	NA	5144	4	0	NA	none	0	0		Campylobacterota	Sulfuricurvum
NC_014815_3278483..3297122	AICE	18640	24	0	NA	none	0	0		Actinobacteriota	Micromonospora
NC_014815_655515..661487	NA	5973	7	0	NA	none	0	0		Actinobacteriota	Micromonospora
NC_014815_6792491..6799826	NA	7336	11	0	NA	none	0	0		Actinobacteriota	Micromonospora
NC_014830_16975..46389	NA	29415	29	0	NA	none	0	1		Actinobacteriota	Intrasporangium
NC_014833_1261848..1281067	IME	19220	14	1	T4SS_MOBP1,T4SS_MOBQ	none	0	0		Firmicutes_A	Ruminococcus_D
NC_014833_1396515..1434310	NA	37796	41	1	T4SS_MOBP1	none	0	0		Firmicutes_A	Ruminococcus_D
NC_014833_1641132..1730609	NA	89478	69	1	T4SS_MOBP1	none	0	0		Firmicutes_A	Ruminococcus_D
NC_014833_2800767..2837474	IME	36708	39	1	T4SS_MOBV,profile_MOBT	none	0	0		Firmicutes_A	Ruminococcus_D
NC_014833_3298203..3303394	NA	5192	6	1	T4SS_MOBP1	none	0	0		Firmicutes_A	Ruminococcus_D
NC_014833_3638997..3671473	ICE	32477	30	1	T4SS_MOBP1,T4SS_MOBP2	none	0	0		Firmicutes_A	Ruminococcus_D
NC_014833_754091..790792	IME	36702	37	1	T4SS_MOBV	none	0	0		Firmicutes_A	Ruminococcus_D
NC_014834_860972..924906	ICE	63935	60	1	T4SS_MOBP1,profile_MOBT	MPF_T	1	0		Proteobacteria	Rhodopseudomonas
NC_014910_3742693..3747548	IME	4856	5	1	T4SS_MOBP1,T4SS_MOBV	none	0	0		Proteobacteria	Alicycliphilus
NC_014910_4180109..4216559	NA	36451	40	1	T4SS_MOBH	MPF_F	1	0		Proteobacteria	Alicycliphilus
NC_014925_1952904..1962916	NA	10013	13	0	NA	none	0	0		Firmicutes	Staphylococcus
NC_014963_2871730..2921320	NA	49591	51	1	profile_MOBF,profile_MOBT	MPF_T	1	0		Acidobacteriota	Terriglobus
NC_014963_3370698..3661090	ICE	290393	230	1	profile_MOBF	none	0	0		Acidobacteriota	Terriglobus
NC_014963_4478303..4549003	NA	70701	70	1	profile_MOBF	MPF_T	1	0		Acidobacteriota	Terriglobus
NC_014964_43707..222518	ICE	178812	166	1	T4SS_MOBC,T4SS_MOBP1,T4SS_MOBP2,T4SS_MOBP3	MPF_FA	1	3		Firmicutes_A	Thermoanaerobacter
NC_014965_2204278..2217788	NA	13511	12	1	T4SS_MOBP1	none	0	0		Proteobacteria	Vibrio
NC_014972_1514511..1517442	NA	2932	3	0	NA	none	0	0		Desulfobacterota	Desulfobulbus
NC_014972_415600..418546	NA	2947	3	0	NA	none	0	0		Desulfobacterota	Desulfobulbus
NC_015064_3577137..3671256	ICE	94120	92	1	profile_MOBF	MPF_T	1	1		Acidobacteriota	Granulicella_C
NC_015145_2323149..2397290	ICE	74142	94	1	profile_MOBF	none	0	1		Actinobacteriota	Pseudarthrobacter
NC_015160_1378791..1418275	NA	39485	37	1	T4SS_MOBV	none	0	0		Bacteroidota	Odoribacter
NC_015164_1237256..1314422	ICE	77167	78	1	T4SS_MOBP1,T4SS_MOBV	none	0	0		Bacteroidota	Phocaeicola
NC_015164_2452386..2507973	NA	55588	55	1	T4SS_MOBP1	none	0	0		Bacteroidota	Phocaeicola
NC_015164_2875441..2890532	NA	15092	21	1	T4SS_MOBP1	none	0	0		Bacteroidota	Phocaeicola
NC_015164_3682411..3795388	NA	112978	148	1	T4SS_MOBP1	none	0	0		Bacteroidota	Phocaeicola
NC_015164_4081856..4108444	IME	26589	29	1	T4SS_MOBV	none	0	0		Bacteroidota	Phocaeicola
NC_015177_1667146..1913147	ICE	246002	207	1	T4SS_MOBP1,profile_MOBT	none	0	1		Bacteroidota	Pelobium
NC_015186_2813998..2932090	NA	118093	119	1	profile_MOBT	MPF_T	1	0		Proteobacteria	Acidiphilium
NC_015214_1740904..1898725	ICE	157822	170	1	T4SS_MOBP1	none	0	1		Firmicutes	Lactobacillus
NC_015215_1386272..1452778	NA	66507	74	1	T4SS_MOBP1,T4SS_MOBP3	MPF_T	1	6		Firmicutes	Streptococcus
NC_015215_2061194..2095709	NA	34516	33	1	T4SS_MOBP1,T4SS_MOBP3	none	0	0		Firmicutes	Streptococcus
NC_015215_2225385..2326933	ICE	101549	113	1	T4SS_MOBC,profile_MOBT	MPF_FA	1	3		Firmicutes	Streptococcus
NC_015215_737465..745998	NA	8534	11	1	T4SS_MOBV	none	0	0		Firmicutes	Streptococcus
NC_015222_920485..926408	NA	5924	10	1	T4SS_MOBV	none	0	0		Proteobacteria	Nitrosomonas
NC_015259_262702..320473	NA	57772	61	1	T4SS_MOBP1	MPF_T	1	0		Proteobacteria	Polymorphum
NC_015259_3902136..3934108	IME	31973	29	1	T4SS_MOBQ,T4SS_MOBV	none	0	0		Proteobacteria	Polymorphum
NC_015259_698692..751055	IME	52364	60	1	T4SS_MOBP1	none	0	0		Proteobacteria	Polymorphum
NC_015275_3403538..3440073	NA	36536	29	1	T4SS_MOBP1	none	0	0		Firmicutes_A	Cellulosilyticum
NC_015277_263071..318498	NA	55428	53	1	T4SS_MOBP1	none	0	0		Bacteroidota	Pseudosphingobacterium
NC_015291_94005..111510	NA	17506	20	1	profile_MOBT	none	0	0		Firmicutes	Streptococcus
NC_015311_2495379..2684960	ICE	189582	162	1	T4SS_MOBP1,profile_MOBT	none	0	0		Bacteroidota	Prevotella
NC_015312_1191535..1204243	NA	12709	14	0	NA	none	0	0		Actinobacteriota	Pseudonocardia
NC_015312_19875..69153	NA	49279	40	1	profile_MOBF	none	0	0		Actinobacteriota	Pseudonocardia
NC_015312_4708212..4722873	NA	14662	15	1	profile_MOBF	none	0	0		Actinobacteriota	Pseudonocardia
NC_015312_5883663..5896995	NA	13333	14	0	NA	none	0	0		Actinobacteriota	Pseudonocardia
NC_015318_40582..82208	NA	41627	43	1	T4SS_MOBH	none	0	0		Campylobacterota	Hippea
NC_015381_2768861..2944476	ICE	175616	157	1	T4SS_MOBC,T4SS_MOBP1,profile_MOBT	MPF_T	1	0	Eex_IncN	Proteobacteria	Burkholderia
NC_015385_1651245..1916597	ICE	265353	263	1	T4SS_MOBP1	MPF_T	1	0		Spirochaetota	Treponema_D
NC_015385_2003957..2082859	IME	78903	84	1	T4SS_MOBP1,T4SS_MOBV,profile_MOBT	none	0	0		Spirochaetota	Treponema_D
NC_015410_3057752..3221063	ICE	163312	161	1	T4SS_MOBP1,profile_MOBT	MPF_T	1	1		Proteobacteria	Pseudomonas_E
NC_015422_1646248..1709553	ICE	63306	68	1	T4SS_MOBP1	MPF_T	1	0	Eex_IncN	Proteobacteria	Alicycliphilus
NC_015422_1799028..2022229	ICE	223202	223	1	T4SS_MOBH,profile_MOBT	MPF_F	1	0		Proteobacteria	Alicycliphilus
NC_015422_2764448..2948163	ICE	183716	177	1	T4SS_MOBH	MPF_F	1	0		Proteobacteria	Alicycliphilus
NC_015422_3373286..3378217	NA	4932	4	1	T4SS_MOBV	none	0	0		Proteobacteria	Alicycliphilus
NC_015422_3421113..3549687	ICE	128575	133	1	T4SS_MOBH,profile_MOBT	MPF_F	1	0		Proteobacteria	Alicycliphilus
NC_015433_99912..105867	NA	5956	8	1	profile_MOBT	none	0	0		Firmicutes	Streptococcus
NC_015434_2371275..2406125	NA	34851	36	0	NA	none	0	0		Actinobacteriota	Micromonospora
NC_015434_4083..19699	NA	15617	21	0	NA	none	0	0		Actinobacteriota	Micromonospora
NC_015434_6035076..6043733	NA	8658	14	0	NA	none	0	0		Actinobacteriota	Micromonospora
NC_015434_6516016..6531301	NA	15286	20	0	NA	none	0	0		Actinobacteriota	Micromonospora
NC_015458_243482..391685	NA	148204	107	1	profile_MOBF	MPF_T	1	0		Proteobacteria	Pusillimonas_C
NC_015460_322599..378534	NA	55936	69	1	T4SS_MOBH	MPF_F	1	0		Proteobacteria	Gallibacterium
NC_015501_1921642..1961267	IME	39626	30	1	T4SS_MOBP1	none	0	0		Bacteroidota	Porphyromonas
NC_015510_993893..999708	NA	5816	7	0	NA	none	0	0		Bacteroidota	Haliscomenobacter
NC_015554_1841047..1852774	NA	11728	13	0	NA	none	0	0		Proteobacteria	Alteromonas
NC_015554_3815230..3848833	IME	33604	29	1	T4SS_MOBC	none	0	0		Proteobacteria	Alteromonas
NC_015556_2210348..2319136	NA	108789	110	1	T4SS_MOBP1	MPF_T	1	0		Proteobacteria	Pseudomonas_E
NC_015563_1850692..1944092	NA	93401	95	1	T4SS_MOBH,profile_MOBT	MPF_F	1	0		Proteobacteria	Comamonas
NC_015563_3165857..3430643	ICE	264787	226	1	T4SS_MOBH,profile_MOBF	none	0	1		Proteobacteria	Comamonas
NC_015565_2285729..2359374	NA	73646	84	1	T4SS_MOBC,profile_MOBT	none	0	0		Firmicutes_B	Desulfotomaculum
NC_015571_2019600..2039826	NA	20227	21	1	T4SS_MOBP1,T4SS_MOBV	none	0	0		Bacteroidota	Porphyromonas
NC_015572_2116213..2237136	ICE	120924	116	1	T4SS_MOBH	MPF_F	1	0		Proteobacteria	Methylomonas
NC_015577_2107140..2119553	NA	12414	18	1	T4SS_MOBV,profile_MOBT	none	0	0		Spirochaetota	Treponema_H
NC_015580_1543919..1687384	ICE	143466	133	1	profile_MOBF	MPF_F	1	0		Proteobacteria	Novosphingobium
NC_015580_1699873..1740603	NA	40731	42	1	profile_MOBT	MPF_F	1	0		Proteobacteria	Novosphingobium
NC_015580_283264..331816	ICE	48553	41	1	profile_MOBT	MPF_T	1	0		Proteobacteria	Novosphingobium
NC_015589_3792111..3868969	NA	76859	82	0	NA	none	0	1		Firmicutes_B	Desulfotomaculum
NC_015593_2909552..2959608	NA	50057	51	0	NA	MPF_T	1	0		Proteobacteria	Sphingobium
NC_015593_933235..1044714	ICE	111480	115	1	T4SS_MOBQ,profile_MOBF	MPF_F	1	0		Proteobacteria	Sphingobium
NC_015600_1642682..1745786	ICE	103105	108	1	T4SS_MOBV,profile_MOBT	MPF_FA	1	7		Firmicutes	Streptococcus
NC_015635_5233973..5244526	NA	10554	12	0	NA	none	0	0		Actinobacteriota	Microlunatus
NC_015635_5246146..5258767	NA	12622	16	0	NA	none	0	0		Actinobacteriota	Microlunatus
NC_015635_808743..840252	NA	31510	34	0	NA	none	0	0		Actinobacteriota	Microlunatus
NC_015671_1870397..1890320	NA	19924	25	1	T4SS_MOBP1	none	0	0		Actinobacteriota	Cellulomonas
NC_015671_559885..573658	NA	13774	14	1	profile_MOBF	none	0	0		Actinobacteriota	Cellulomonas
NC_015673_14291..25370	NA	11080	14	1	profile_MOBF	none	0	0		Actinobacteriota	Corynebacterium
NC_015675_4564069..4592082	NA	28014	31	1	T4SS_MOBQ	none	0	0		Proteobacteria	Mesorhizobium
NC_015678_1937352..2003286	NA	65935	75	1	profile_MOBT	MPF_FA	1	4		Firmicutes	Streptococcus
NC_015684_231768..350418	ICE	118651	126	1	T4SS_MOBP1	MPF_T	1	0		Proteobacteria	Afipia
NC_015684_504324..587956	NA	83633	82	1	T4SS_MOBP1	MPF_T	1	0		Proteobacteria	Afipia
NC_015696_284083..306392	IME	22310	22	1	T4SS_MOBC	none	0	0		Proteobacteria	Francisella
NC_015731_3286223..3294756	NA	8534	8	0	NA	none	0	0		Proteobacteria	Nitrosomonas
NC_015733_860683..876262	NA	15580	17	1	T4SS_MOBH	none	0	0		Proteobacteria	Pseudomonas_E
NC_015737_696391..903560	NA	207170	185	1	profile_MOBM,profile_MOBT	none	0	0		Firmicutes_A	Eubacterium_I
NC_015738_505517..533427	NA	27911	32	1	T4SS_MOBP1	none	0	0		Actinobacteriota	Enteroscipio
NC_015760_1570673..1575693	NA	5021	3	1	T4SS_MOBC	none	0	0		Firmicutes	Streptococcus
NC_015844_3151674..3229706	IME	78033	63	1	T4SS_MOBP1	none	0	0		Bacteroidota	Zobellia
NC_015850_1008463..1089377	NA	80915	78	1	profile_MOBF	none	0	0		Proteobacteria	Acidithiobacillus_A
NC_015850_2034869..2084313	NA	49445	50	1	T4SS_MOBH	MPF_T	1	0		Proteobacteria	Acidithiobacillus_A
NC_015856_1159637..1198650	NA	39014	43	1	profile_MOBT	none	0	0		Proteobacteria	Collimonas
NC_015859_2409447..2421357	NA	11911	12	0	NA	none	0	0		Actinobacteriota	Corynebacterium
NC_015875_179396..274630	ICE	95235	114	1	profile_MOBT	MPF_FA	1	7		Firmicutes	Streptococcus
NC_015942_2863364..2936661	NA	73298	88	0	NA	none	0	0		Proteobacteria	Acidithiobacillus
NC_015945_235479..238593	NA	3115	3	1	T4SS_MOBB	none	0	0		Bacteroidota	Muricauda
NC_015945_2717484..2952659	ICE	235176	219	1	T4SS_MOBB,T4SS_MOBP1,profile_MOBT	none	0	0		Bacteroidota	Muricauda
NC_015957_10415452..10429710	NA	14259	16	0	NA	none	0	0		Actinobacteriota	Streptomyces
NC_015957_1070592..1075370	NA	4779	5	0	NA	none	0	0		Actinobacteriota	Streptomyces
NC_015957_1885015..1894376	NA	9362	15	0	NA	none	0	0		Actinobacteriota	Streptomyces
NC_015957_225893..231213	NA	5321	4	0	NA	none	0	0		Actinobacteriota	Streptomyces
NC_015957_633863..650193	NA	16331	19	0	NA	none	0	0		Actinobacteriota	Streptomyces
NC_015958_2441281..2477302	NA	36022	56	1	T4SS_MOBP1,T4SS_MOBP3,profile_MOBT	MPF_FA	1	3		Firmicutes_A	Thermoanaerobacter
NC_015958_937506..939340	NA	1835	2	0	NA	none	0	0		Firmicutes_A	Thermoanaerobacter
NC_015964_1153023..1213144	ICE	60122	71	1	T4SS_MOBH	MPF_F	1	0		Proteobacteria	Haemophilus_D
NC_015976_2807050..2914110	ICE	107061	112	1	T4SS_MOBP1	MPF_T	1	0		Proteobacteria	Sphingobium
NC_015976_3147318..3164703	NA	17386	15	1	T4SS_MOBQ,T4SS_MOBV,profile_MOBM	none	0	0		Proteobacteria	Sphingobium
NC_015976_3257508..3304588	NA	47081	46	1	T4SS_MOBP1	none	0	0		Proteobacteria	Sphingobium
NC_015977_1434057..1439728	NA	5672	4	1	T4SS_MOBQ	none	0	0		Firmicutes_A	Roseburia
NC_015977_2448866..2488612	NA	39747	32	1	T4SS_MOBV	none	0	0		Firmicutes_A	Roseburia
NC_015977_2735321..2746542	NA	11222	10	1	T4SS_MOBQ	none	0	0		Firmicutes_A	Roseburia
NC_015977_2875224..2967313	ICE	92090	95	1	T4SS_MOBP1,T4SS_MOBQ	MPF_FA	1	9		Firmicutes_A	Roseburia
NC_015977_3258082..3299719	NA	41638	29	1	T4SS_MOBP1,profile_MOBT	none	0	3		Firmicutes_A	Roseburia
NC_015977_3396581..3512389	NA	115809	117	1	T4SS_MOBQ,profile_MOBT	MPF_FA	1	3		Firmicutes_A	Roseburia
NC_015977_342106..450060	ICE	107955	97	1	T4SS_MOBP1,T4SS_MOBQ,profile_MOBT	MPF_FA	1	6		Firmicutes_A	Roseburia
NC_016010_1827562..1891356	IME	63795	56	1	T4SS_MOBQ	none	0	0		Proteobacteria	Xanthomonas
NC_016026_2221318..2235328	NA	14011	10	1	T4SS_MOBQ	none	0	0		Proteobacteria	Micavibrio
NC_016027_2457743..2601364	ICE	143622	141	1	T4SS_MOBP1	MPF_T	1	0		Proteobacteria	Komagataeibacter
NC_016043_417420..463884	NA	46465	61	0	NA	none	0	0		Proteobacteria	Taylorella
NC_016048_1302936..1385257	NA	82322	73	1	T4SS_MOBP1	none	0	6		Firmicutes_A	Oscillibacter
NC_016048_3036823..3274181	NA	237359	245	1	T4SS_MOBP1,profile_MOBT	none	0	6		Firmicutes_A	Oscillibacter
NC_016109_3679114..3685743	NA	6630	5	1	T4SS_MOBP1	none	0	0		Actinobacteriota	Kitasatospora
NC_016109_4585320..4602488	NA	17169	17	0	NA	none	0	0		Actinobacteriota	Kitasatospora
NC_016111_3741655..3759748	NA	18094	22	0	NA	none	0	0		Actinobacteriota	Streptomyces
NC_016114_3014651..3035111	NA	20461	23	0	NA	none	0	0		Actinobacteriota	Streptomyces
NC_016114_3443808..3469399	IME	25592	26	1	T4SS_MOBP1	none	0	0		Actinobacteriota	Streptomyces
NC_016114_3575858..3591079	NA	15222	22	0	NA	none	0	0		Actinobacteriota	Streptomyces
NC_016114_4216907..4238092	NA	21186	21	0	NA	none	0	0		Actinobacteriota	Streptomyces
NC_016147_1990540..2026999	NA	36460	35	1	T4SS_MOBP1	MPF_T	1	0	Eex_IncN	Proteobacteria	Pseudoxanthomonas_A
NC_016582_5406421..5411201	NA	4781	5	0	NA	none	0	0		Actinobacteriota	Streptomyces
NC_016582_6326692..6346032	NA	19341	26	0	NA	none	0	0		Actinobacteriota	Streptomyces
NC_016582_7059949..7066435	NA	6487	8	0	NA	none	0	0		Actinobacteriota	Streptomyces
NC_016609_1317656..1337037	NA	19382	21	1	T4SS_MOBP1	none	0	0		Bacteroidota	Niastella
NC_016609_4261829..4285538	NA	23710	31	1	T4SS_MOBP1,profile_MOBF	none	0	0		Bacteroidota	Niastella
NC_016609_7438682..7457449	IME	18768	22	1	T4SS_MOBP1	none	0	0		Bacteroidota	Niastella
NC_016609_7596650..7621523	IME	24874	28	1	T4SS_MOBP1,profile_MOBF,profile_MOBT	none	0	0		Bacteroidota	Niastella
NC_016610_698175..760153	NA	61979	54	1	T4SS_MOBP1,T4SS_MOBV	none	0	0		Bacteroidota	Tannerella
NC_016612_5252010..5313115	NA	61106	60	1	T4SS_MOBC	MPF_T	1	0	Eex_IncN	Proteobacteria	Klebsiella
NC_016614_1139430..1213107	NA	73678	63	1	T4SS_MOBP1,profile_MOBT	none	0	0		Proteobacteria	Vibrio
NC_016616_139919..166314	NA	26396	28	1	T4SS_MOBC	none	0	0		Proteobacteria	Azospira
NC_016616_2629763..2761096	NA	131334	147	1	T4SS_MOBH	none	0	0		Proteobacteria	Azospira
NC_016630_1199644..1285251	ICE	85608	69	1	T4SS_MOBP1,profile_MOBT	MPF_FA	1	9		Firmicutes_A	Filifactor
NC_016630_519101..536335	NA	17235	21	1	T4SS_MOBQ	none	0	6		Firmicutes_A	Filifactor
NC_016745_2233036..2253182	NA	20147	25	0	NA	none	0	0		Proteobacteria	Oceanimonas
NC_016771_2021317..2069542	NA	48226	70	0	NA	none	0	0		Firmicutes	Bacillus_A
NC_016776_1604369..1649845	ICE	45477	47	1	T4SS_MOBP1	none	0	0		Bacteroidota	Bacteroides
NC_016791_1777781..1803415	NA	25635	25	0	NA	none	0	0		Firmicutes_A	Ruminiclostridium
NC_016791_3855683..4060785	ICE	205103	217	1	T4SS_MOBP1,T4SS_MOBP3,profile_MOBT	MPF_FA	1	2		Firmicutes_A	Ruminiclostridium
NC_016808_284341..322355	ICE	38015	44	1	T4SS_MOBH	MPF_F	1	0		Proteobacteria	Pasteurella
NC_016809_87550..143609	ICE	56060	68	1	T4SS_MOBH	MPF_F	1	0		Proteobacteria	Haemophilus
NC_016811_2218657..2295155	ICE	76499	72	1	profile_MOBF	MPF_F	1	1		Proteobacteria	Legionella
NC_016816_1552813..1573040	IME	20228	19	1	T4SS_MOBP1	none	0	0		Proteobacteria	Pantoea
NC_016816_4127972..4238416	NA	110445	122	1	T4SS_MOBH,profile_MOBT	MPF_F	1	0		Proteobacteria	Pantoea
NC_016826_1750116..1839818	NA	89703	89	1	T4SS_MOBP1	MPF_FA	1	8		Firmicutes	Streptococcus
NC_016826_444916..453664	NA	8749	5	1	T4SS_MOBV	none	0	0		Firmicutes	Streptococcus
NC_016830_3873318..4082937	NA	209620	202	1	T4SS_MOBH,profile_MOBT	MPF_F	1	0		Proteobacteria	Pseudomonas_E
NC_016832_4240652..4504612	ICE	263961	256	1	T4SS_MOBH	MPF_F	1	0		Proteobacteria	Salmonella
NC_016832_956346..976650	IME	20305	19	1	T4SS_MOBQ	none	0	0		Proteobacteria	Salmonella
NC_016894_2352163..2353881	NA	1719	2	0	NA	none	0	0		Firmicutes_A	Acetobacterium
NC_016940_169949..614407	ICE	444459	336	0	NA	none	0	0		Bacteroidota	Saprospira
NC_016941_1654211..1722970	NA	68760	67	1	profile_MOBT	MPF_FA	1	6	DUF4467	Firmicutes	Staphylococcus
NC_016943_1159718..1174656	NA	14939	9	1	profile_MOBF	none	0	0		Actinobacteriota	Blastococcus
NC_016943_1332859..1467218	ICE	134360	116	1	profile_MOBF	none	0	1		Actinobacteriota	Blastococcus
NC_016943_1761311..1827568	NA	66258	66	1	profile_MOBF	none	0	0		Actinobacteriota	Blastococcus
NC_016943_3810222..3835173	NA	24952	21	1	profile_MOBF	none	0	0		Actinobacteriota	Blastococcus
NC_017025_1638628..1696403	ICE	57776	50	1	T4SS_MOBP1	none	0	0		Bacteroidota	Flavobacterium
NC_017043_122701..151533	NA	28833	21	1	T4SS_MOBQ	MPF_F	1	0		Proteobacteria	Rickettsia
NC_017067_393643..504433	ICE	110791	102	0	NA	none	0	0		Proteobacteria	Marinobacter
NC_017068_1469915..1485281	NA	15367	13	1	T4SS_MOBQ	none	0	0		Firmicutes_C	Selenomonas_A
NC_017068_510476..514820	NA	4345	6	1	T4SS_MOBV	none	0	0		Firmicutes_C	Selenomonas_A
NC_017075_3172567..3192102	NA	19536	17	1	T4SS_MOBP1,T4SS_MOBQ,T4SS_MOBV	none	0	0		Proteobacteria	Rubrivivax
NC_017094_341134..366893	NA	25760	26	1	T4SS_MOBP1	none	0	0		Nitrospirota_A	Leptospirillum
NC_017094_524897..585066	NA	60170	68	1	profile_MOBF	none	0	0		Nitrospirota_A	Leptospirillum
NC_017095_1313503..1319822	NA	6320	8	1	T4SS_MOBH	none	0	0		Thermotogota	Fervidobacterium
NC_017100_182678..201097	NA	18420	18	1	T4SS_MOBP1	none	0	0		Proteobacteria	Acetobacter
NC_017167_344247..360013	NA	15767	13	0	NA	none	0	0		Firmicutes	Alicyclobacillus
NC_017174_2057216..2137499	IME	80284	81	0	NA	none	0	0		Firmicutes_A	Clostridioides
NC_017174_375579..763568	ICE	387990	372	1	T4SS_MOBP1,profile_MOBT	MPF_FA	1	14		Firmicutes_A	Clostridioides
NC_017178_3770147..3980118	ICE	209972	196	1	T4SS_MOBP1,T4SS_MOBV	MPF_FA	1	13		Firmicutes_A	Clostridioides
NC_017179_355217..600926	ICE	245710	220	1	profile_MOBT	none	0	0		Firmicutes_A	Clostridioides
NC_017186_367545..390887	NA	23343	31	0	NA	none	0	0		Actinobacteriota	Amycolatopsis
NC_017208_1849954..1918071	NA	68118	85	1	T4SS_MOBC,profile_MOBT	none	0	0		Firmicutes	Bacillus_A
NC_017208_3661048..3679533	NA	18486	19	0	NA	none	0	0		Firmicutes	Bacillus_A
NC_017218_1813709..1837278	NA	23570	23	1	T4SS_MOBP1	none	0	0		Actinobacteriota	Bifidobacterium
NC_017249_1498187..1502831	NA	4645	4	1	profile_MOBF	none	0	0		Proteobacteria	Bradyrhizobium
NC_017309_3173105..3190996	NA	17892	20	1	T4SS_MOBP1	none	0	0		Proteobacteria	Edwardsiella
NC_017331_68127..89620	IME	21494	21	1	T4SS_MOBV	none	0	0		Firmicutes	Staphylococcus
NC_017341_35068..41886	IME	6819	8	1	T4SS_MOBV	none	0	0		Firmicutes	Staphylococcus
NC_017343_24476..66642	IME	42167	40	1	T4SS_MOBV	none	0	0		Firmicutes	Staphylococcus
NC_017372_593752..884445	ICE	290694	254	1	T4SS_MOBP1	MPF_T	1	0		Campylobacterota	Helicobacter
NC_017379_1019071..1057258	NA	38188	47	1	T4SS_MOBP1	MPF_T	1	0		Campylobacterota	Helicobacter
NC_017491_2494796..2598376	ICE	103581	108	1	profile_MOBT	MPF_FA	1	7		Firmicutes	Lacticaseibacillus
NC_017492_1860289..1883745	NA	23457	33	0	NA	none	0	0		Firmicutes	Lactococcus
NC_017505_503793..510037	NA	6245	9	0	NA	none	0	0		Proteobacteria	Neisseria
NC_017505_921572..936042	NA	14471	18	0	NA	none	0	0		Proteobacteria	Neisseria
NC_017506_190656..293919	ICE	103264	98	0	NA	none	0	0		Proteobacteria	Marinobacter
NC_017530_2156910..2160080	NA	3171	3	1	T4SS_MOBP1	none	0	0		Proteobacteria	Pseudomonas_E
NC_017531_3055499..3077990	NA	22492	26	1	T4SS_MOBH	none	0	0		Proteobacteria	Pantoea
NC_017532_1309004..1377715	NA	68712	68	1	T4SS_MOBH	MPF_F	1	0		Proteobacteria	Pseudomonas_A
NC_017532_511609..719119	ICE	207511	187	1	profile_MOBF,profile_MOBT	none	0	1		Proteobacteria	Pseudomonas_A
NC_017549_1513064..1597104	ICE	84041	75	1	T4SS_MOBH	MPF_F	1	0		Proteobacteria	Pseudomonas
NC_017554_4114800..4222180	NA	107381	110	1	T4SS_MOBH	MPF_F	1	0		Proteobacteria	Pantoea
NC_017566_4163925..4325801	NA	161877	187	1	T4SS_MOBC,T4SS_MOBH	none	0	0		Proteobacteria	Shewanella
NC_017573_310422..387257	NA	76836	76	1	T4SS_MOBH	MPF_F	1	0		Proteobacteria	Serratia
NC_017576_1726802..1763316	NA	36515	44	1	profile_MOBT	MPF_FA	1	4		Firmicutes	Streptococcus
NC_017579_2783063..2801746	NA	18684	18	1	T4SS_MOBH	none	0	0		Proteobacteria	Shewanella
NC_017581_564698..579880	NA	15183	13	1	T4SS_MOBP1	none	0	0		Firmicutes	Streptococcus
NC_017582_747594..816131	ICE	68538	73	1	T4SS_MOBQ,profile_MOBT	none	0	1		Firmicutes	Streptococcus
NC_017586_3034396..3042733	NA	8338	10	1	T4SS_MOBP1	none	0	0		Actinobacteriota	Streptomyces
NC_017592_1585786..1592211	NA	6426	10	0	NA	none	0	0		Firmicutes	Streptococcus
NC_017617_484681..550214	ICE	65534	68	1	T4SS_MOBP1,profile_MOBT	MPF_FA	1	6		Firmicutes	Streptococcus
NC_017619_809925..940453	ICE	130529	141	1	T4SS_MOBP1,T4SS_MOBV,profile_MOBT	MPF_FA	1	14		Firmicutes	Streptococcus
NC_017621_2169905..2179154	NA	9250	9	0	NA	none	0	0		Firmicutes	Streptococcus
NC_017626_2994821..3028550	NA	33730	40	1	T4SS_MOBQ	none	0	0		Proteobacteria	Escherichia
NC_017634_4429779..4478026	NA	48248	56	1	T4SS_MOBH	MPF_F	1	0		Proteobacteria	Escherichia
NC_017641_4885823..4951469	ICE	65647	72	1	T4SS_MOBH	MPF_F	1	0		Proteobacteria	Escherichia
NC_017656_3206424..3255197	NA	48774	52	1	T4SS_MOBP1	none	0	0		Proteobacteria	Escherichia
NC_017656_5103842..5122613	IME	18772	20	1	T4SS_MOBP1	none	0	0		Proteobacteria	Escherichia
NC_017668_3621588..3675078	ICE	53491	57	1	T4SS_MOBP1,T4SS_MOBP2,profile_MOBT	MPF_FA	1	2		Firmicutes	Halobacillus
NC_017671_1645653..1745007	ICE	99355	110	1	T4SS_MOBH	MPF_F	1	0		Proteobacteria	Stenotrophomonas
NC_017737_1763744..1821806	ICE	58063	49	1	T4SS_MOBP1	MPF_T	1	0		Campylobacterota	Helicobacter
NC_017737_863672..948367	ICE	84696	72	1	T4SS_MOBP1	none	0	0		Campylobacterota	Helicobacter
NC_017739_1081552..1206611	ICE	125060	111	1	T4SS_MOBP1	MPF_T	1	0		Campylobacterota	Helicobacter
NC_017739_1535795..1648841	ICE	113047	98	1	T4SS_MOBP1	MPF_T	1	1		Campylobacterota	Helicobacter
NC_017743_526202..554904	NA	28703	37	1	profile_MOBT	MPF_FA	1	6	DUF4467	Firmicutes	Bacillus
NC_017761_1906199..1948161	NA	41963	50	1	T4SS_MOBP1	none	0	0		Campylobacterota	Helicobacter_C
NC_017765_5725692..5739471	NA	13780	18	0	NA	none	0	0		Actinobacteriota	Streptomyces
NC_017765_5814740..5828295	NA	13556	19	0	NA	none	0	0		Actinobacteriota	Streptomyces
NC_017765_9071462..9095270	NA	23809	20	1	profile_MOBF	none	0	0		Actinobacteriota	Streptomyces
NC_017770_199901..237011	IME	37111	28	1	T4SS_MOBP1,T4SS_MOBV	none	0	0		Bacteroidota	Solitalea
NC_017803_6922245..6935930	NA	13686	21	0	NA	none	0	0		Actinobacteriota	Actinoplanes
NC_017845_1604217..1685714	ICE	81498	80	1	T4SS_MOBH	MPF_F	1	0		Proteobacteria	Pectobacterium
NC_017845_1694213..1803540	ICE	109328	108	1	T4SS_MOBC,T4SS_MOBP1	MPF_T	1	0	Eex_IncN	Proteobacteria	Pectobacterium
NC_017845_1973543..2001532	NA	27990	34	1	T4SS_MOBP1	none	0	0		Proteobacteria	Pectobacterium
NC_017845_3703194..3820617	ICE	117424	140	1	T4SS_MOBH	MPF_F	1	0		Proteobacteria	Pectobacterium
NC_017856_897933..1015315	NA	117383	123	1	T4SS_MOBP1	MPF_T	1	1	TrbK_RP4;Eex_IncN	Proteobacteria	Methylophaga
NC_017857_349780..354573	NA	4794	5	1	T4SS_MOBP1	none	0	0		Proteobacteria	Methylophaga
NC_017860_413675..442767	IME	29093	27	1	T4SS_MOBP1,T4SS_MOBV	none	0	0		Bacteroidota	Prevotella
NC_017904_2448756..2453659	NA	4904	4	0	NA	none	0	0		Actinobacteriota	Mycobacterium
NC_017905_1820098..1896622	NA	76525	76	1	profile_MOBT	MPF_FA	1	4		Firmicutes	Streptococcus
NC_017905_252297..257837	NA	5541	7	1	profile_MOBT	none	0	0		Firmicutes	Streptococcus
NC_017955_1619448..1675583	NA	56136	52	1	profile_MOBF	none	0	1		Actinobacteriota	Modestobacter
NC_017955_5176859..5188916	IME	12058	9	1	profile_MOBF	none	0	0		Actinobacteriota	Modestobacter
NC_017960_1588193..1613128	NA	24936	21	0	NA	none	0	0		Firmicutes	Enterococcus_B
NC_017960_234707..318721	NA	84015	92	1	profile_MOBT	none	0	0		Firmicutes	Enterococcus_B
NC_018002_2271518..2316541	IME	45024	44	1	profile_MOBF	none	0	0		Campylobacterota	Sulfurospirillum
NC_018010_3564259..3574520	NA	10262	14	1	T4SS_MOBP1,T4SS_MOBV	none	0	0		Bacteroidota	Belliella
NC_018011_1029047..1074461	NA	45415	43	1	T4SS_MOBP1	none	0	0		Bacteroidota	Alistipes
NC_018011_2077063..2147860	NA	70798	75	1	T4SS_MOBP1	none	0	1		Bacteroidota	Alistipes
NC_018011_212959..226603	NA	13645	16	1	T4SS_MOBB	none	0	0		Bacteroidota	Alistipes
NC_018011_453751..464113	NA	10363	9	1	T4SS_MOBV	none	0	0		Bacteroidota	Alistipes
NC_018011_523602..555017	NA	31416	33	1	T4SS_MOBC,T4SS_MOBV	none	0	0		Bacteroidota	Alistipes
NC_018011_743546..823964	ICE	80419	87	1	T4SS_MOBV	none	0	0		Bacteroidota	Alistipes
NC_018011_864600..889038	NA	24439	29	1	T4SS_MOBB,T4SS_MOBP1,T4SS_MOBQ	none	0	0		Bacteroidota	Alistipes
NC_018012_1478080..1681058	ICE	202979	176	1	T4SS_MOBH	MPF_F	1	0		Proteobacteria	Chromatium
NC_018028_1401135..1461193	ICE	60059	60	1	T4SS_MOBH	MPF_F	1	0		Proteobacteria	Pseudomonas_A
NC_018068_4719880..4772684	IME	52805	43	0	NA	none	0	0		Firmicutes_B	Desulfosporosinus
NC_018077_923152..977414	ICE	54263	50	1	T4SS_MOBV	none	0	0		Firmicutes	Mycoplasmopsis
NC_018080_5097748..5188381	ICE	90634	105	1	T4SS_MOBH	MPF_F	1	0		Proteobacteria	Pseudomonas
NC_018106_2458899..2709674	ICE	250776	263	1	profile_MOBT	none	0	0		Proteobacteria	Klebsiella
NC_018140_88470..258976	ICE	170507	161	1	T4SS_MOBP1,T4SS_MOBQ	MPF_T	1	1		Proteobacteria	Legionella
NC_018177_1190463..1237997	NA	47535	50	0	NA	none	0	0		Proteobacteria	Pseudomonas_A
NC_018220_4537276..4681992	NA	144717	147	1	T4SS_MOBH	MPF_F	1	0		Proteobacteria	Pseudomonas_E
NC_018221_1885514..2011276	NA	125763	141	1	T4SS_MOBP1,T4SS_MOBP2	MPF_FA	1	2		Firmicutes	Enterococcus
NC_018485_1852989..1930021	NA	77033	81	1	T4SS_MOBP1,profile_MOBT	MPF_T	1	0		Proteobacteria	Methylocystis
NC_018485_94306..230925	NA	136620	101	1	T4SS_MOBP1,profile_MOBT	MPF_T	1	0		Proteobacteria	Methylocystis
NC_018500_2010320..2062133	NA	51814	67	1	T4SS_MOBC	none	0	0		Firmicutes	Bacillus_A
NC_018500_3821539..3870926	NA	49388	29	1	profile_MOBT	none	0	0		Firmicutes	Bacillus_A
NC_018522_1608318..1882592	ICE	274275	203	1	T4SS_MOBC	MPF_T	1	0		Proteobacteria	Klebsiella
NC_018585_2302552..2340760	ICE	38209	38	1	T4SS_MOBC,T4SS_MOBH,profile_MOBT	MPF_FA	1	8		Firmicutes	Listeria
NC_018586_1417062..1479202	NA	62141	63	1	T4SS_MOBC,profile_MOBT	none	0	7		Firmicutes	Listeria
NC_018594_454226..467813	NA	13588	16	0	NA	none	0	0		Firmicutes	Streptococcus
NC_018612_4738155..4765764	NA	27610	30	0	NA	none	0	0		Actinobacteriota	Mycobacterium
NC_018631_989487..993893	NA	4407	5	1	profile_MOBT	none	0	0		Firmicutes	Leuconostoc
NC_018632_896652..916199	IME	19548	15	1	T4SS_MOBC	none	0	0		Proteobacteria	Alteromonas
NC_018641_557493..642414	NA	84922	116	1	T4SS_MOBP1,T4SS_MOBP2	MPF_FA	1	2		Firmicutes	Lacticaseibacillus
NC_018645_3983487..3992990	NA	9504	12	0	NA	none	0	0		Desulfobacterota	Desulfobacula
NC_018646_1887386..1905983	NA	18598	35	1	profile_MOBT	none	0	0		Firmicutes	Streptococcus
NC_018649_2290768..2339887	NA	49120	54	1	T4SS_MOBP1	none	0	0		Nitrospirota_A	Leptospirillum_A
NC_018649_553677..631910	NA	78234	90	1	profile_MOBF	none	0	0		Nitrospirota_A	Leptospirillum_A
NC_018673_801432..810795	NA	9364	9	1	profile_MOBT	none	0	0		Firmicutes	Leuconostoc
NC_018679_1720765..1783467	IME	62703	36	1	T4SS_MOBH	none	0	0		Proteobacteria	Alteromonas
NC_018681_446382..459097	NA	12716	14	0	NA	none	0	0		Actinobacteriota	Nocardia
NC_018681_5551208..5572659	NA	21452	13	1	T4SS_MOBQ,profile_MOBF	none	0	0		Actinobacteriota	Nocardia
NC_018693_475652..482280	NA	6629	7	0	NA	none	0	0		Firmicutes	Bacillus_A
NC_018695_2198398..2383594	NA	185197	183	1	T4SS_MOBH,profile_MOBT	none	0	0		Proteobacteria	Paraburkholderia
NC_018708_3122034..3253494	ICE	131461	122	1	T4SS_MOBP1	MPF_T	1	0	Eex_IncN	Proteobacteria	Acidovorax
NC_018712_1302768..1367936	NA	65169	55	1	T4SS_MOBQ	MPF_FA	1	9		Firmicutes	Streptococcus
NC_018828_531849..583368	ICE	51520	41	1	T4SS_MOBH,profile_MOBT	MPF_F	1	0		Proteobacteria	Bordetella
NC_018867_12902..142905	ICE	130004	128	1	T4SS_MOBP1,profile_MOBT	MPF_FA	1	9		Firmicutes_B	Dehalobacter
NC_018867_2001947..2047963	NA	46017	47	1	T4SS_MOBB,T4SS_MOBC,T4SS_MOBH	none	0	0		Firmicutes_B	Dehalobacter
NC_018870_702994..806678	ICE	103685	110	1	T4SS_MOBP1,T4SS_MOBP3,profile_MOBT	none	0	1		Firmicutes_B	Thermacetogenium
NC_019042_1598550..1633731	NA	35182	37	1	profile_MOBT	MPF_FA	1	4		Firmicutes	Streptococcus
NC_019042_241958..268376	NA	26419	31	1	profile_MOBT	none	0	0		Firmicutes	Streptococcus
NC_019396_1660281..1679423	IME	19143	17	1	T4SS_MOBP1	none	0	0		Proteobacteria	Gluconobacter_A
NC_019560_433003..491490	NA	58488	43	1	T4SS_MOBP1	MPF_T	1	0		Campylobacterota	Helicobacter
NC_019670_5045624..5094308	NA	48685	47	0	NA	none	0	0		Proteobacteria	Pseudomonas_E
NC_019673_1285415..1297273	NA	11859	14	0	NA	none	0	0		Actinobacteriota	Actinosynnema
NC_019673_1398682..1437409	NA	38728	39	0	NA	none	0	0		Actinobacteriota	Actinosynnema
NC_019673_8820258..8826350	NA	6093	7	0	NA	none	0	0		Actinobacteriota	Actinosynnema
NC_019751_2604701..2850752	ICE	246052	213	1	T4SS_MOBP1,T4SS_MOBP3,profile_MOBT	none	0	1		Cyanobacteria	Calothrix
NC_019771_2421938..2442691	NA	20754	22	1	T4SS_MOBV,profile_MOBT	none	0	0		Cyanobacteria	Anabaena
NC_019897_2814082..2836442	NA	22361	19	0	NA	none	0	0		Firmicutes	Thermobacillus
NC_019903_1781220..1796908	NA	15689	16	1	T4SS_MOBP1,T4SS_MOBP3,profile_MOBT	none	0	0		Firmicutes_B	Desulfitobacterium
NC_019904_3806070..3938962	ICE	132893	124	1	T4SS_MOBP1,profile_MOBT	none	0	0		Bacteroidota	Echinicola
NC_019904_402987..456416	IME	53430	39	1	T4SS_MOBP1	none	0	0		Bacteroidota	Echinicola
NC_019936_3090756..3099033	NA	8278	12	0	NA	none	0	0		Proteobacteria	Pseudomonas_A
NC_019936_3232436..3245070	NA	12635	17	0	NA	none	0	0		Proteobacteria	Pseudomonas_A
NC_019936_4292842..4303787	NA	10946	14	0	NA	none	0	0		Proteobacteria	Pseudomonas_A
NC_019949_962154..966356	NA	4203	4	0	NA	none	0	0		Firmicutes	Mycoplasmopsis_A
NC_019966_1720238..1726262	NA	6025	8	0	NA	none	0	0		Actinobacteriota	Mycobacterium
NC_019968_1116587..1192973	ICE	76387	71	1	T4SS_MOBP1,profile_MOBT	none	0	1		Bacteroidota	Prevotella
NC_019968_1324185..1328532	NA	4348	4	1	T4SS_MOBP1,T4SS_MOBV	none	0	0		Bacteroidota	Prevotella
NC_019968_385491..395035	NA	9545	11	1	T4SS_MOBP1	none	0	0		Bacteroidota	Prevotella
NC_020133_3872185..3901497	NA	29313	30	1	profile_MOBF	none	0	0		Actinobacteriota	Mycobacterium
NC_020181_3327464..3377175	NA	49712	52	1	T4SS_MOBH	none	0	0		Proteobacteria	Klebsiella
NC_020210_1492304..1536504	NA	44201	46	1	T4SS_MOBC	none	0	0		Firmicutes	Geobacillus
NC_020238_5015448..5060580	NA	45133	58	1	T4SS_MOBC	none	0	0		Firmicutes	Bacillus_A
NC_020450_1189549..1255793	ICE	66245	56	1	T4SS_MOBP1,profile_MOBM	MPF_FA	1	5		Firmicutes	Lactococcus
NC_020450_642755..685334	NA	42580	41	1	profile_MOBT	MPF_FA	1	3		Firmicutes	Lactococcus
NC_020453_3972326..4021967	NA	49642	41	1	profile_MOBF	none	0	0		Proteobacteria	Bradyrhizobium
NC_020453_590185..598313	NA	8129	7	1	T4SS_MOBQ	none	0	0		Proteobacteria	Bradyrhizobium
NC_020453_8129774..8165498	IME	35725	33	1	T4SS_MOBQ	none	0	0		Proteobacteria	Bradyrhizobium
NC_020514_1024944..1058781	NA	33838	35	0	NA	none	0	0		Proteobacteria	Paraglaciecola
NC_020514_3574593..3602569	IME	27977	25	1	profile_MOBT	none	0	0		Proteobacteria	Paraglaciecola
NC_020526_609218..636407	IME	27190	22	1	T4SS_MOBV	none	0	4		Firmicutes	Streptococcus
NC_020796_2689516..2695979	IME	6464	6	1	T4SS_MOBP3,T4SS_MOBQ	none	0	0		Proteobacteria	Edwardsiella
NC_020796_3316325..3334500	IME	18176	22	1	T4SS_MOBP1	none	0	0		Proteobacteria	Edwardsiella
NC_020800_1256834..1263343	NA	6510	6	1	T4SS_MOBQ	none	0	0		Proteobacteria	Xanthomonas
NC_020815_1340175..1346798	NA	6624	7	1	T4SS_MOBQ	none	0	0		Proteobacteria	Xanthomonas
NC_020815_3101898..3185062	NA	83165	76	1	T4SS_MOBC,T4SS_MOBQ	none	0	0		Proteobacteria	Xanthomonas
NC_020819_1429081..1444438	NA	15358	16	1	T4SS_MOBH	none	0	0		Firmicutes	Levilactobacillus
NC_020829_2117621..2344591	ICE	226971	216	1	T4SS_MOBP1	MPF_T	1	0	Eex_IncN	Proteobacteria	Pseudomonas
NC_020829_4626828..4640251	NA	13424	18	0	NA	none	0	0		Proteobacteria	Pseudomonas
NC_020834_1413543..1470213	NA	56671	69	1	T4SS_MOBH	MPF_F	1	0		Proteobacteria	Mannheimia
NC_020834_1516953..1678827	ICE	161875	182	1	T4SS_MOBH	none	0	0		Proteobacteria	Mannheimia
NC_020895_1641620..1681668	NA	40049	33	1	profile_MOBF	none	0	0		Actinobacteriota	Streptomyces
NC_020908_3080228..3158208	ICE	77981	78	1	T4SS_MOBP1,T4SS_MOBQ	none	0	0		Proteobacteria	Octadecabacter
NC_020908_4051730..4059677	NA	7948	8	1	T4SS_MOBC	none	0	0		Proteobacteria	Octadecabacter
NC_020912_5129453..5234036	ICE	104584	122	1	T4SS_MOBH	MPF_F	1	0		Proteobacteria	Pseudomonas
NC_021055_3866148..3872198	NA	6051	10	0	NA	none	0	0		Actinobacteriota	Streptomyces
NC_021055_3978446..4005154	IME	26709	24	1	T4SS_MOBP1	none	0	0		Actinobacteriota	Streptomyces
NC_021082_1403543..1489989	ICE	86447	105	1	T4SS_MOBH	none	0	0		Proteobacteria	Mannheimia
NC_021083_349231..365152	NA	15922	14	1	T4SS_MOBH	none	0	0		Firmicutes	Mycoplasma
NC_021172_3335703..3554140	NA	218438	241	1	T4SS_MOBP1	MPF_T	1	0		Proteobacteria	Hyphomicrobium
NC_021172_599584..887322	ICE	287739	265	0	NA	none	0	0		Proteobacteria	Hyphomicrobium
NC_021172_898285..1050354	ICE	152070	157	1	T4SS_MOBP1	MPF_T	1	0		Proteobacteria	Hyphomicrobium
NC_021175_1285126..1335281	NA	50156	57	1	T4SS_MOBC	none	0	0		Firmicutes	Streptococcus
NC_021175_1589082..1611514	ICE	22433	23	1	profile_MOBT	MPF_FA	1	7		Firmicutes	Streptococcus
NC_021175_819538..918690	NA	99153	115	1	T4SS_MOBC,T4SS_MOBP1,profile_MOBT	none	0	0		Firmicutes	Streptococcus
NC_021176_956392..978975	IME	22584	21	1	T4SS_MOBQ	none	0	0		Proteobacteria	Salmonella
NC_021177_3610088..3618638	NA	8551	8	1	T4SS_MOBP1	none	0	0		Actinobacteriota	Streptomyces
NC_021177_4009014..4018555	NA	9542	14	0	NA	none	0	0		Actinobacteriota	Streptomyces
NC_021177_4229177..4249531	NA	20355	23	0	NA	none	0	0		Actinobacteriota	Streptomyces
NC_021182_4365897..4387607	NA	21711	31	1	T4SS_MOBH	none	0	0		Firmicutes_A	Clostridium_I
NC_021184_4338833..4385602	NA	46770	44	0	NA	none	0	0		Firmicutes_B	Sporotomaculum
NC_021191_367884..405314	NA	37431	47	0	NA	none	0	0		Actinobacteriota	Actinoplanes
NC_021213_578152..613634	ICE	35483	34	1	profile_MOBT	MPF_FA	1	7		Firmicutes	Streptococcus
NC_021252_755588..760749	NA	5162	5	0	NA	none	0	0		Actinobacteriota	Amycolatopsis
NC_021252_7779383..7793239	NA	13857	22	0	NA	none	0	0		Actinobacteriota	Amycolatopsis
NC_021282_4837461..4847445	AICE	9985	7	0	NA	none	0	0		Actinobacteriota	Mycobacterium
NC_021350_2303569..2414370	ICE	110802	115	1	profile_MOBF,profile_MOBM	MPF_F	1	1		Proteobacteria	Legionella
NC_021485_1280348..1318225	IME	37878	39	1	T4SS_MOBP1	none	0	3		Firmicutes	Streptococcus
NC_021485_568505..670314	ICE	101810	99	1	profile_MOBT	MPF_FA	1	7		Firmicutes	Streptococcus
NC_021486_1215578..1289080	NA	73503	78	1	T4SS_MOBP1	none	0	3		Firmicutes	Streptococcus
NC_021491_4320977..4400746	NA	79770	106	1	T4SS_MOBP1	MPF_T	1	0	Eex_IncN	Proteobacteria	Pseudomonas_E
NC_021514_368396..392829	IME	24434	29	1	T4SS_MOBQ	none	0	0		Firmicutes	Lactiplantibacillus
NC_021514_48468..52348	NA	3881	3	1	profile_MOBT	none	0	0		Firmicutes	Lactiplantibacillus
NC_021577_1023533..1126247	ICE	102715	119	1	T4SS_MOBH	MPF_F	1	0		Proteobacteria	Pseudomonas
NC_021577_5451357..5453689	NA	2333	2	0	NA	none	0	0		Proteobacteria	Pseudomonas
NC_021663_520492..538522	NA	18031	25	1	profile_MOBT	none	0	0		Actinobacteriota	Corynebacterium
NC_021713_2766581..2789453	IME	22873	18	1	T4SS_MOBC	none	0	0		Proteobacteria	Alteromonas
NC_021713_958260..983254	IME	24995	23	1	profile_MOBT	none	0	0		Proteobacteria	Alteromonas
NC_021715_2258634..2284297	NA	25664	25	0	NA	none	0	0		Actinobacteriota	Mycobacterium
NC_021739_2448686..2565700	NA	117015	154	1	T4SS_MOBH	none	0	0		Proteobacteria	Mannheimia
NC_021739_3442..8477	NA	5036	4	1	T4SS_MOBH	none	0	0		Proteobacteria	Mannheimia
NC_021743_2431215..2545377	ICE	114163	136	1	T4SS_MOBH	none	0	0		Proteobacteria	Mannheimia
NC_021743_4667..12856	NA	8190	6	1	T4SS_MOBH	none	0	0		Proteobacteria	Mannheimia
NC_021830_2435..13169	IME	10735	14	1	T4SS_MOBP1,profile_MOBM	none	0	0		Firmicutes	Listeria
NC_021872_800669..818267	NA	17599	15	1	T4SS_MOBP1,T4SS_MOBP2	none	0	0		Firmicutes	Limosilactobacillus
NC_021900_1505059..1596648	ICE	91590	96	1	profile_MOBT	MPF_FA	1	7		Firmicutes	Streptococcus
NC_021900_882831..966696	NA	83866	78	1	T4SS_MOBP1,T4SS_MOBP2,profile_MOBT	MPF_FA	1	2		Firmicutes	Streptococcus
NC_021915_580321..593038	NA	12718	9	0	NA	none	0	0		Actinobacteriota	Corynebacterium
NC_021985_5014477..5031032	AICE	16556	15	0	NA	none	0	0		Actinobacteriota	Streptomyces
NC_021991_2395990..2419945	IME	23956	38	1	T4SS_MOBV	none	0	0		Proteobacteria	Acetobacter
NC_022116_14731..26191	NA	11461	11	0	NA	none	0	0		Actinobacteriota	Amycolatopsis
NC_022116_6817141..6858847	NA	41707	51	0	NA	none	0	0		Actinobacteriota	Amycolatopsis
NC_022116_9619934..9644250	NA	24317	24	0	NA	none	0	0		Actinobacteriota	Amycolatopsis
NC_022124_493673..511997	NA	18325	18	1	T4SS_MOBP1	none	0	0		Bacteroidota	Prevotella
NC_022226_24482..72895	IME	48414	50	1	T4SS_MOBV	none	0	0		Firmicutes	Staphylococcus
NC_022234_1212674..1347340	NA	134667	138	1	T4SS_MOBP1,T4SS_MOBV,profile_MOBT	none	0	0		Proteobacteria	Variovorax
NC_022237_1629307..1640660	NA	11354	14	1	profile_MOBT	none	0	0		Firmicutes	Streptococcus
NC_022237_642560..709668	ICE	67109	62	1	T4SS_MOBP1,profile_MOBT	MPF_FA	1	8		Firmicutes	Streptococcus
NC_022237_987537..1051785	ICE	64249	54	1	T4SS_MOBP1	MPF_FA	1	12		Firmicutes	Streptococcus
NC_022238_1214095..1395997	ICE	181903	192	1	T4SS_MOBP1,T4SS_MOBQ,profile_MOBT	MPF_FA	1	12		Firmicutes	Streptococcus
NC_022238_24945..107292	ICE	82348	83	1	profile_MOBT	MPF_FA	1	7		Firmicutes	Streptococcus
NC_022238_821342..955812	ICE	134471	136	1	T4SS_MOBP1	MPF_FA	1	6		Firmicutes	Streptococcus
NC_022239_1909425..1993501	ICE	84077	66	1	T4SS_MOBP1	MPF_FA	1	12		Firmicutes	Streptococcus
NC_022239_2090460..2215535	NA	125076	136	1	T4SS_MOBC,profile_MOBM,profile_MOBT	none	0	0		Firmicutes	Streptococcus
NC_022244_1513660..1572186	NA	58527	55	1	T4SS_MOBV	none	0	0		Firmicutes	Streptococcus
NC_022245_1146724..1340246	ICE	193523	199	1	T4SS_MOBP1,T4SS_MOBQ,profile_MOBT	MPF_FA	1	12		Firmicutes	Streptococcus
NC_022246_1341623..1396909	NA	55287	48	1	T4SS_MOBP1,profile_MOBT	none	0	2		Firmicutes	Streptococcus
NC_022246_1653208..1655781	NA	2574	3	1	profile_MOBT	none	0	0		Firmicutes	Streptococcus
NC_022246_976329..1033738	ICE	57410	50	1	T4SS_MOBP1	MPF_FA	1	12		Firmicutes	Streptococcus
NC_022357_1203412..1208516	NA	5105	9	1	T4SS_MOBP1,T4SS_MOBV	none	0	0		Proteobacteria	Sulfuricella
NC_022523_1326644..1365420	NA	38777	35	1	T4SS_MOBP1	none	0	0		Actinobacteriota	Bifidobacterium
NC_022525_4582463..4601590	NA	19128	20	1	T4SS_MOBP1	none	0	0		Proteobacteria	Salmonella
NC_022541_1540211..1578823	IME	38613	38	1	T4SS_MOBQ	none	0	0		Proteobacteria	Xanthomonas
NC_022543_1043201..1078651	NA	35451	32	1	T4SS_MOBC	none	0	0		Proteobacteria	Vibrio
NC_022566_4981597..5004896	IME	23300	21	1	T4SS_MOBH	none	0	0		Proteobacteria	Klebsiella
NC_022584_1667522..1673911	NA	6390	8	1	profile_MOBT	none	0	0		Firmicutes	Streptococcus
NC_022584_1748689..1754688	NA	6000	7	1	profile_MOBT	none	0	0		Firmicutes	Streptococcus
NC_022604_34796..75605	IME	40810	47	1	T4SS_MOBV	none	0	1		Firmicutes	Staphylococcus
NC_022657_1428161..1454791	NA	26631	35	0	NA	none	0	0		Actinobacteriota	Actinoplanes
NC_022657_1977723..2012069	NA	34347	37	0	NA	none	0	0		Actinobacteriota	Actinoplanes
NC_022663_993525..1027941	NA	34417	35	0	NA	none	0	0		Actinobacteriota	Mycobacterium
NC_022665_840472..1042489	ICE	202018	212	1	T4SS_MOBC,T4SS_MOBP1,T4SS_MOBQ,profile_MOBT	MPF_FA	1	16		Firmicutes	Streptococcus
NC_022808_4518241..4621030	ICE	102790	107	1	T4SS_MOBH	MPF_F	1	0		Proteobacteria	Pseudomonas
NC_022873_1819566..1838567	NA	19002	27	1	T4SS_MOBC	none	0	0		Firmicutes	Bacillus_A
NC_022873_773751..794575	NA	20825	29	1	T4SS_MOBC,T4SS_MOBQ,profile_MOBT	none	0	0		Firmicutes	Bacillus_A
NC_022904_383346..435738	NA	52393	63	1	T4SS_MOBP1	none	0	0		Proteobacteria	Pandoraea
NC_022964_57469..101476	IME	44008	53	1	profile_MOBM,profile_MOBT	none	0	0		Chloroflexota	Dehalococcoides
NC_022997_753077..790366	NA	37290	44	1	T4SS_MOBP1	none	0	0		Proteobacteria	Hyphomicrobium
NC_022997_793739..1043047	NA	249309	249	1	T4SS_MOBP1	none	0	0		Proteobacteria	Hyphomicrobium
NC_023018_4694056..4746615	NA	52560	63	1	T4SS_MOBP1	none	0	0		Proteobacteria	Pandoraea
NC_023019_4826986..4895039	ICE	68054	56	1	T4SS_MOBH	none	0	0		Proteobacteria	Pseudomonas
NC_023019_5252992..5341025	ICE	88034	104	1	T4SS_MOBH	MPF_F	1	0		Proteobacteria	Pseudomonas
NC_023036_1845777..1871701	IME	25925	28	1	profile_MOBF	none	0	0		Actinobacteriota	Mycobacterium
NC_023045_1200847..1258798	ICE	57952	56	1	T4SS_MOBH	MPF_F	1	0		Proteobacteria	Alteromonas
NC_023064_995038..1042290	NA	47253	51	1	T4SS_MOBH	MPF_F	1	0		Proteobacteria	Pseudomonas_E
NC_023066_2754491..2865608	ICE	111118	119	1	T4SS_MOBH,profile_MOBT	MPF_F	1	0		Proteobacteria	Pseudomonas
NC_023076_3829773..4038256	ICE	208484	174	1	T4SS_MOBP1	MPF_T	1	0	Eex_IncN	Proteobacteria	Pseudomonas_E
NC_023134_791570..912449	NA	120880	127	1	profile_MOBT	MPF_FA	1	7		Firmicutes	Paenibacillus_H
NC_023135_3416676..3482445	NA	65770	69	0	NA	none	0	0		Proteobacteria	Leisingera
NC_023149_2412167..2511282	ICE	99116	106	1	T4SS_MOBH	MPF_F	1	0		Proteobacteria	Pseudomonas
NZ_AP012327_1412726..1492113	ICE	79388	72	1	T4SS_MOBP1	none	0	1		Actinobacteriota	Bifidobacterium
NZ_AP012330_957650..962008	NA	4359	4	1	T4SS_MOBV	none	0	0		Actinobacteriota	Bifidobacterium
NZ_AP012333_173268..198208	NA	24941	29	1	T4SS_MOBP1	MPF_FA	1	4		Actinobacteriota	Parascardovia
NZ_AP012334_755685..773499	NA	17815	20	1	T4SS_MOBQ	none	0	0		Actinobacteriota	Scardovia
NZ_AP012541_2389796..2529180	NA	139385	143	1	T4SS_MOBP1,T4SS_MOBP2	none	0	0		Firmicutes	Lacticaseibacillus
NZ_AP012541_484806..546485	IME	61680	78	1	T4SS_MOBP1	none	0	1		Firmicutes	Lacticaseibacillus
NZ_AP012544_1609482..1676325	NA	66844	71	1	T4SS_MOBH	none	0	0		Firmicutes	Lacticaseibacillus
NZ_AP012555_3430166..3479400	NA	49235	47	0	NA	none	0	0		Actinobacteriota	Mycobacterium
NZ_AP013044_3041332..3233649	NA	192318	196	1	T4SS_MOBB,profile_MOBT	none	0	0		Bacteroidota	Tannerella
NZ_AP013045_721868..729135	NA	7268	8	1	T4SS_MOBP1,T4SS_MOBV	none	0	0		Bacteroidota	Tannerella
NZ_AP013063_2720303..2749227	IME	28925	31	1	T4SS_MOBQ,profile_MOBT	none	0	0		Proteobacteria	Serratia
NZ_AP013072_1203865..1286569	NA	82705	99	1	T4SS_MOBQ	none	0	6		Firmicutes	Streptococcus
NZ_AP013072_2087414..2109746	NA	22333	30	1	profile_MOBT	MPF_FA	1	5		Firmicutes	Streptococcus
NZ_AP013072_360470..420602	ICE	60133	57	1	T4SS_MOBP1,T4SS_MOBQ	MPF_FA	1	10		Firmicutes	Streptococcus
NZ_AP013072_803308..811840	NA	8533	12	1	T4SS_MOBP1,T4SS_MOBV	none	0	0		Firmicutes	Streptococcus
NZ_AP013103_1981648..2080208	NA	98561	101	1	T4SS_MOBP1,profile_MOBT	MPF_T	1	0		Proteobacteria	Bradyrhizobium
NZ_AP013103_39414..154980	ICE	115567	119	1	T4SS_MOBP1,profile_MOBT	none	0	0		Proteobacteria	Bradyrhizobium
NZ_AP013103_7799338..7842009	NA	42672	41	1	T4SS_MOBP1	none	0	0		Proteobacteria	Bradyrhizobium
NZ_AP014547_232428..252138	NA	19711	21	0	NA	none	0	0		Actinobacteriota	Mycobacterium
NZ_AP014597_1333391..1345602	IME	12212	11	1	T4SS_MOBP1,T4SS_MOBV	none	0	0		Bacteroidota	Prevotella
NZ_AP014597_1389332..1405345	NA	16014	17	1	T4SS_MOBP1	none	0	0		Bacteroidota	Prevotella
NZ_AP014597_1670459..1727251	NA	56793	56	1	T4SS_MOBP1	none	0	0		Bacteroidota	Prevotella
NZ_AP014597_2069875..2104803	NA	34929	30	1	T4SS_MOBP1	none	0	0		Bacteroidota	Prevotella
NZ_AP014597_388449..535201	NA	146753	138	1	T4SS_MOBP1	none	0	0		Bacteroidota	Prevotella
NZ_AP014597_977778..1019096	NA	41319	37	1	T4SS_MOBP1	none	0	0		Bacteroidota	Prevotella
NZ_AP014598_760047..796667	NA	36621	38	1	T4SS_MOBP1	none	0	0		Bacteroidota	Prevotella
NZ_AP014622_3639574..3725874	NA	86301	87	1	T4SS_MOBH	MPF_F	1	0		Proteobacteria	Pseudomonas
NZ_AP014651_2496808..2626197	NA	129390	152	1	T4SS_MOBH,profile_MOBT	MPF_F	1	0		Proteobacteria	Pseudomonas
NZ_AP014651_5233625..5342651	ICE	109027	112	1	T4SS_MOBH,profile_MOBT	MPF_F	1	0		Proteobacteria	Pseudomonas
NZ_AP014651_5699825..5782875	ICE	83051	105	1	T4SS_MOBH	MPF_F	1	0		Proteobacteria	Pseudomonas
NZ_AP014657_506452..544899	NA	38448	31	0	NA	none	0	0		Firmicutes	Metamycoplasma
NZ_AP014685_4606825..4644764	NA	37940	35	1	profile_MOBF	none	0	0		Proteobacteria	Bradyrhizobium
NZ_AP014722_57496..79684	NA	22189	27	1	profile_MOBM,profile_MOBT	none	0	0		Chloroflexota	Dehalococcoides
NZ_AP014808_1190464..1250147	NA	59684	55	1	T4SS_MOBQ	none	0	0		Firmicutes	Lactobacillus
NZ_AP014808_1454775..1572916	NA	118142	124	0	NA	none	0	1		Firmicutes	Lactobacillus
NZ_AP014821_2115508..2122558	NA	7051	7	1	T4SS_MOBC	none	0	0		Cyanobacteria	Geminocystis
NZ_AP014839_5301494..5407295	ICE	105802	120	1	T4SS_MOBH	MPF_F	1	0		Proteobacteria	Pseudomonas
NZ_AP014862_1645992..1768012	ICE	122021	132	1	T4SS_MOBH	MPF_F	1	0		Proteobacteria	Pseudomonas_F
NZ_AP014862_4779509..4813623	NA	34115	38	0	NA	none	0	0		Proteobacteria	Pseudomonas_F
NZ_AP014862_5219215..5221505	NA	2291	2	0	NA	none	0	0		Proteobacteria	Pseudomonas_F
NZ_AP014864_5506430..5630280	NA	123851	122	0	NA	none	0	0		Firmicutes	Bacillus_A
NZ_AP014864_584390..627096	NA	42707	53	1	T4SS_MOBC	none	0	0		Firmicutes	Bacillus_A
NZ_AP014880_1020581..1119655	NA	99075	107	1	T4SS_MOBP1,T4SS_MOBP2	MPF_FA	1	2		Firmicutes	Streptococcus
NZ_AP014880_72848..132818	NA	59971	58	1	T4SS_MOBP1,T4SS_MOBP2	MPF_FA	1	2		Firmicutes	Streptococcus
NZ_AP014925_1932913..1987322	NA	54410	50	1	T4SS_MOBP1	none	0	0		Bacteroidota	Prevotella
NZ_AP014940_4826843..4876691	IME	49849	47	1	T4SS_MOBQ	none	0	0		Proteobacteria	Lysobacter
NZ_AP014956_1971817..2014389	ICE	42573	52	1	profile_MOBT	MPF_FA	1	7		Firmicutes	Staphylococcus
NZ_AP014956_24008..50515	IME	26508	27	1	T4SS_MOBV	none	0	0		Firmicutes	Staphylococcus
NZ_AP015029_1106509..1116084	NA	9576	8	1	T4SS_MOBP1	none	0	0		Proteobacteria	Pseudomonas_E
NZ_AP015029_3844037..3987520	NA	143484	136	1	T4SS_MOBH	MPF_F	1	0		Proteobacteria	Pseudomonas_E
NZ_AP015029_4361347..4441507	NA	80161	87	1	T4SS_MOBC,T4SS_MOBH	MPF_F	1	0		Proteobacteria	Pseudomonas_E
NZ_AP017302_2527206..2615773	ICE	88568	88	1	T4SS_MOBH	MPF_F	1	0		Proteobacteria	Pseudomonas
NZ_AP017422_521046..542036	NA	20991	20	1	T4SS_MOBP1,T4SS_MOBV	none	0	0		Bacteroidota	Filimonas
NZ_AP017652_701345..768478	ICE	67134	67	1	T4SS_MOBP1,profile_MOBT	MPF_FA	1	12		Firmicutes	Streptococcus
NZ_AP017655_1188949..1222639	NA	33691	33	1	T4SS_MOBP1	none	0	0		Proteobacteria	Sphingobium
NZ_AP017655_1655009..1666967	NA	11959	12	1	T4SS_MOBQ,T4SS_MOBV	none	0	0		Proteobacteria	Sphingobium
NZ_AP017655_2285..205848	NA	203564	224	1	profile_MOBF,profile_MOBT	none	0	0		Proteobacteria	Sphingobium
NZ_AP017655_291837..467120	NA	175284	169	1	profile_MOBF	MPF_T	1	0		Proteobacteria	Sphingobium
NZ_AP017655_3049632..3066525	NA	16894	19	1	profile_MOBF	none	0	0		Proteobacteria	Sphingobium
NZ_AP017898_1852853..1887481	NA	34629	34	1	profile_MOBF	none	0	0		Proteobacteria	Sphingopyxis
NZ_AP017898_2237838..2304216	NA	66379	69	1	T4SS_MOBP1,profile_MOBT	none	0	0		Proteobacteria	Sphingopyxis
NZ_AP017898_3252387..3267216	NA	14830	15	1	T4SS_MOBP1	none	0	0		Proteobacteria	Sphingopyxis
NZ_AP017898_3323892..3500305	ICE	176414	168	1	T4SS_MOBP1	MPF_T	1	1	Eex_IncN	Proteobacteria	Sphingopyxis
NZ_AP017898_358748..407315	NA	48568	50	1	T4SS_MOBP1,profile_MOBT	MPF_T	1	0		Proteobacteria	Sphingopyxis
NZ_AP017898_766534..823578	ICE	57045	52	1	profile_MOBF	none	0	0		Proteobacteria	Sphingopyxis
NZ_AP017900_7184834..7194446	NA	9613	8	0	NA	none	0	0		Actinobacteriota	Nocardia
NZ_AP017912_2313808..2326482	NA	12675	12	1	profile_MOBF	none	0	0		Desulfobacterota	Geobacter
NZ_AP017935_1297645..1422794	ICE	125150	130	1	profile_MOBT	MPF_FA	1	6		Firmicutes	Leuconostoc
NZ_AP017968_1893345..1930527	NA	37183	41	0	NA	none	0	0		Fusobacteriota	Fusobacterium_A
NZ_AP017971_1050551..1104336	ICE	53786	56	1	profile_MOBT	MPF_FA	1	12		Firmicutes	Streptococcus
NZ_AP018005_916939..983565	NA	66627	66	0	NA	none	0	0		Proteobacteria	Rickettsiella_B
NZ_AP018042_5180929..5413522	ICE	232594	172	1	T4SS_MOBP1,profile_MOBT	none	0	0		Bacteroidota	Labilibaculum
NZ_AP018049_1527724..1538584	IME	10861	8	1	T4SS_MOBV	none	0	0		Bacteroidota	Prevotella
NZ_AP018165_1349199..1356433	NA	7235	9	0	NA	none	0	0		Actinobacteriota	Mycobacterium
NZ_AP018165_1952312..1990641	NA	38330	52	0	NA	none	0	0		Actinobacteriota	Mycobacterium
NZ_AP018172_1529805..1547448	NA	17644	19	1	profile_MOBF	none	0	0		Cyanobacteria	Aulosira
NZ_AP018281_1425262..1428862	NA	3601	2	0	NA	none	0	0		Cyanobacteria	Pleurocapsa
NZ_AP018281_2431858..2446812	NA	14955	8	0	NA	none	0	0		Cyanobacteria	Pleurocapsa
NZ_AP018281_2748177..2776890	IME	28714	23	1	profile_MOBF	none	0	0		Cyanobacteria	Pleurocapsa
NZ_AP018335_1834811..1859088	NA	24278	30	0	NA	none	0	0		Firmicutes	Ureibacillus
NZ_AP018338_662732..778701	ICE	115970	112	1	T4SS_MOBP1,profile_MOBT	MPF_FA	1	19		Firmicutes	Streptococcus
NZ_AP018365_3283263..3297354	NA	14092	17	1	T4SS_MOBP1,profile_MOBT	none	0	0		Actinobacteriota	Streptomyces
NZ_AP018365_3875978..3881802	NA	5825	5	0	NA	none	0	0		Actinobacteriota	Streptomyces
NZ_AP018365_4676844..4706793	NA	29950	26	0	NA	none	0	0		Actinobacteriota	Streptomyces
NZ_AP018365_4909608..4927251	NA	17644	33	0	NA	none	0	0		Actinobacteriota	Streptomyces
NZ_AP018377_1616456..1646393	NA	29938	44	0	NA	none	0	0		Proteobacteria	Neisseria
NZ_AP018392_585587..675630	NA	90044	116	1	T4SS_MOBP1,T4SS_MOBP2	MPF_FA	1	2		Firmicutes	Lacticaseibacillus
NZ_AP018400_952404..999749	IME	47346	47	1	T4SS_MOBP1	none	0	6		Firmicutes	Streptococcus
NZ_AP018439_5651017..5663298	NA	12282	10	0	NA	MPF_I	1	0		Proteobacteria	Undibacterium
NZ_AP018449_3400821..3449765	ICE	48945	52	1	T4SS_MOBP1,T4SS_MOBP3,T4SS_MOBV,profile_MOBT	MPF_T	1	0		Firmicutes_C	Methylomusa
NZ_AP018498_1839589..1863586	NA	23998	22	0	NA	none	0	0		Proteobacteria	Croceibacterium
NZ_AP018498_2408763..2610610	NA	201848	218	1	profile_MOBF,profile_MOBT	MPF_F	1	0		Proteobacteria	Croceibacterium
NZ_AP018498_456268..510615	NA	54348	58	1	T4SS_MOBP1,T4SS_MOBV	MPF_T	1	0		Proteobacteria	Croceibacterium
NZ_AP018517_4264716..4292117	NA	27402	23	1	T4SS_MOBP1	none	0	0		Actinobacteriota	Streptomyces
NZ_AP018517_4685041..4714769	NA	29729	32	1	T4SS_MOBP1	none	0	0		Actinobacteriota	Streptomyces
NZ_AP018517_5489957..5495928	NA	5972	9	0	NA	none	0	0		Actinobacteriota	Streptomyces
NZ_AP018519_277905..564278	NA	286374	252	1	T4SS_MOBQ	none	0	0		Proteobacteria	Sphingobium
NZ_AP018532_1734570..1849332	ICE	114763	113	1	T4SS_MOBP1,T4SS_MOBP3	none	0	0		Firmicutes_A	Dysosmobacter
NZ_AP018532_2277380..2339414	ICE	62035	67	1	T4SS_MOBP1,T4SS_MOBQ,profile_MOBT	MPF_FA	1	10		Firmicutes_A	Dysosmobacter
NZ_AP018532_263592..300277	IME	36686	35	1	T4SS_MOBP1,T4SS_MOBV,profile_MOBT	MPF_FA	1	2		Firmicutes_A	Dysosmobacter
NZ_AP018543_2850901..2879711	ICE	28811	24	1	profile_MOBT	MPF_FA	1	7		Firmicutes	Enterococcus
NZ_AP018560_514541..656523	ICE	141983	150	1	T4SS_MOBH	MPF_F	1	0		Proteobacteria	Aerosticca
NZ_AP018664_1024373..1109115	NA	84743	83	1	T4SS_MOBP1	MPF_T	1	0		Proteobacteria	Sphingobium
NZ_AP018664_1679191..1694352	NA	15162	12	1	T4SS_MOBQ	none	0	0		Proteobacteria	Sphingobium
NZ_AP018664_3569535..3617590	ICE	48056	53	1	T4SS_MOBP1,profile_MOBT	MPF_T	1	0		Proteobacteria	Sphingobium
NZ_AP018664_791403..839505	ICE	48103	51	1	T4SS_MOBP1,profile_MOBT	MPF_T	1	0		Proteobacteria	Sphingobium
NZ_AP018671_745723..801440	NA	55718	65	1	T4SS_MOBH,profile_MOBT	MPF_F	1	0		Proteobacteria	Klebsiella
NZ_AP018680_1417471..1477188	NA	59718	55	1	profile_MOBF	none	0	0		Proteobacteria	Vibrio
NZ_AP018680_2088517..2130851	NA	42335	42	1	T4SS_MOBP1	none	0	0		Proteobacteria	Vibrio
NZ_AP018711_2561192..2602853	NA	41662	21	1	profile_MOBF	none	0	0		Proteobacteria	Sphingosinicella
NZ_AP018711_3354287..3376047	IME	21761	20	1	T4SS_MOBQ	none	0	0		Proteobacteria	Sphingosinicella
NZ_AP018711_725471..767951	NA	42481	38	1	profile_MOBF	none	0	0		Proteobacteria	Sphingosinicella
NZ_AP018721_1245673..1248747	NA	3075	3	0	NA	none	0	0		Proteobacteria	Sulfuritortus
NZ_AP018722_1934153..1947523	NA	13371	16	1	T4SS_MOBQ,profile_MOBT	none	0	0		Proteobacteria	Thiomicrorhabdus
NZ_AP018726_1050489..1157647	ICE	107159	106	1	profile_MOBT	MPF_FA	1	7		Firmicutes	Streptococcus
NZ_AP018738_158580..200708	NA	42129	36	1	T4SS_MOBC	none	0	0		Proteobacteria	Ferriphaselus
NZ_AP018738_2290590..2322891	IME	32302	29	1	T4SS_MOBC,profile_MOBT	none	0	0		Proteobacteria	Ferriphaselus
NZ_AP018756_844791..880713	NA	35923	39	1	T4SS_MOBH	none	0	1		Proteobacteria	Phytobacter
NZ_AP018784_674398..714160	NA	39763	38	1	T4SS_MOBH	none	0	0		Proteobacteria	Escherichia
NZ_AP018827_471866..531976	IME	60111	61	1	profile_MOBF,profile_MOBT	none	0	0		Proteobacteria	Asticcacaulis
NZ_AP018920_5451567..5474451	AICE	22885	27	0	NA	none	0	0		Actinobacteriota	Pseudonocardia
NZ_AP018920_875234..903447	NA	28214	28	1	profile_MOBF	none	0	0		Actinobacteriota	Pseudonocardia
NZ_AP018922_375259..441175	ICE	65917	71	1	profile_MOBT	MPF_FA	1	6	DUF4467	Firmicutes	Staphylococcus
NZ_AP018935_1313665..1408927	ICE	95263	84	1	T4SS_MOBP1,T4SS_MOBQ,profile_MOBM	MPF_FA	1	13		Firmicutes	Streptococcus
NZ_AP018935_231161..240017	NA	8857	13	1	T4SS_MOBV	none	0	0		Firmicutes	Streptococcus
NZ_AP018935_907226..987148	ICE	79923	71	1	profile_MOBT	MPF_FA	1	7		Firmicutes	Streptococcus
NZ_AP018936_1710193..1716826	NA	6634	10	1	profile_MOBT	none	0	0		Firmicutes	Streptococcus
NZ_AP018936_971025..1113420	ICE	142396	138	1	T4SS_MOBP1,profile_MOBT	none	0	0		Firmicutes	Streptococcus
NZ_AP018937_912386..1085658	ICE	173273	162	1	T4SS_MOBP1,profile_MOBT	MPF_FA	1	19		Firmicutes	Streptococcus
NZ_AP019011_532284..723112	ICE	190829	211	1	T4SS_MOBP1,T4SS_MOBV	MPF_T	1	0		Proteobacteria	Fluviibacter
NZ_AP019192_1093953..1138954	ICE	45002	45	1	T4SS_MOBP1,profile_MOBT	none	0	4		Firmicutes	Streptococcus
NZ_AP019305_1829155..1936381	ICE	107227	113	1	profile_MOBT	MPF_FA	1	8		Firmicutes	Staphylococcus
NZ_AP019306_1958650..2045042	ICE	86393	90	1	profile_MOBT	MPF_FA	1	8		Firmicutes	Staphylococcus
NZ_AP019371_2138849..2158920	IME	20072	23	0	NA	none	0	0		Actinobacteriota	Actinoplanes
NZ_AP019371_8462818..8505901	NA	43084	41	0	NA	none	0	0		Actinobacteriota	Actinoplanes
NZ_AP019394_2143733..2263799	NA	120067	111	1	T4SS_MOBH	none	0	0		Firmicutes	Enterococcus_B
NZ_AP019543_31507..79800	IME	48294	49	1	T4SS_MOBV	none	0	0		Firmicutes	Staphylococcus
NZ_AP019547_2823949..2830842	NA	6894	11	1	T4SS_MOBP1,T4SS_MOBV	none	0	0		Proteobacteria	Nitrotoga
NZ_AP019620_5694824..5714048	NA	19225	23	0	NA	none	0	0		Actinobacteriota	Streptomyces
NZ_AP019620_6676426..6700201	AICE	23776	26	0	NA	none	0	0		Actinobacteriota	Streptomyces
NZ_AP019655_1187512..1198968	NA	11457	10	1	T4SS_MOBV	none	0	0		Proteobacteria	Vibrio
NZ_AP019684_3022619..3050580	NA	27962	33	1	T4SS_MOBQ	none	0	0		Proteobacteria	Xanthomonas
NZ_AP019695_1377478..1511563	NA	134086	136	1	T4SS_MOBP1,profile_MOBT	MPF_FA	1	8		Firmicutes	Amedibacterium
NZ_AP019695_2859765..2915563	ICE	55799	49	1	T4SS_MOBB,profile_MOBT	MPF_FA	1	8		Firmicutes	Amedibacterium
NZ_AP019697_933585..955309	NA	21725	31	0	NA	none	0	0		Firmicutes_C	Dialister
NZ_AP019711_1399311..1405458	NA	6148	7	1	T4SS_MOBQ,profile_MOBM	none	0	0		Firmicutes	Amedibacterium
NZ_AP019711_184211..277338	NA	93128	96	1	profile_MOBT	MPF_FA	1	9		Firmicutes	Amedibacterium
NZ_AP019712_1385564..1427031	NA	41468	45	1	profile_MOBT	MPF_FA	1	6	DUF4467	Firmicutes	Staphylococcus
NZ_AP019724_1824341..1886583	ICE	62243	66	1	T4SS_MOBP1	none	0	0		Bacteroidota	Bacteroides
NZ_AP019724_2650357..2657399	NA	7043	8	1	T4SS_MOBP1	none	0	0		Bacteroidota	Bacteroides
NZ_AP019724_4088941..4118829	IME	29889	33	1	T4SS_MOBP1	none	0	0		Bacteroidota	Bacteroides
NZ_AP019724_4402832..4459322	NA	56491	48	1	T4SS_MOBV	none	0	0		Bacteroidota	Bacteroides
NZ_AP019724_846890..871879	IME	24990	22	1	T4SS_MOBP1	none	0	0		Bacteroidota	Bacteroides
NZ_AP019729_3346587..3359438	NA	12852	10	1	T4SS_MOBP1	none	0	0		Bacteroidota	Parabacteroides
NZ_AP019729_4050915..4056774	NA	5860	6	1	T4SS_MOBV	none	0	0		Bacteroidota	Parabacteroides
NZ_AP019729_5122651..5144227	NA	21577	28	1	T4SS_MOBB,T4SS_MOBP1	none	0	0		Bacteroidota	Parabacteroides
NZ_AP019729_996003..1058292	IME	62290	69	1	T4SS_MOBV	none	0	1		Bacteroidota	Parabacteroides
NZ_AP019730_671697..904698	ICE	233002	222	1	T4SS_MOBP1	MPF_T	1	0		Campylobacterota	Helicobacter
NZ_AP019734_1007553..1051250	ICE	43698	50	1	T4SS_MOBP1	none	0	0		Bacteroidota	Alistipes
NZ_AP019734_1191813..1258220	NA	66408	80	1	T4SS_MOBP1	none	0	1		Bacteroidota	Alistipes
NZ_AP019734_1817424..1837790	NA	20367	20	1	T4SS_MOBP1,T4SS_MOBV	none	0	0		Bacteroidota	Alistipes
NZ_AP019734_1914005..2078892	NA	164888	153	1	T4SS_MOBP1,profile_MOBM	none	0	0		Bacteroidota	Alistipes
NZ_AP019734_217449..237481	NA	20033	17	1	T4SS_MOBV	none	0	0		Bacteroidota	Alistipes
NZ_AP019734_3151654..3193258	NA	41605	37	1	T4SS_MOBV	none	0	0		Bacteroidota	Alistipes
NZ_AP019735_1186658..1212563	IME	25906	19	1	T4SS_MOBP1	none	0	0		Bacteroidota	Alistipes
NZ_AP019735_12563..288276	ICE	275714	234	1	T4SS_MOBP1	none	0	0		Bacteroidota	Alistipes
NZ_AP019735_1323005..1339839	IME	16835	13	1	T4SS_MOBV	none	0	0		Bacteroidota	Alistipes
NZ_AP019735_1455028..1470774	NA	15747	16	1	T4SS_MOBV	none	0	0		Bacteroidota	Alistipes
NZ_AP019735_2628861..2653629	NA	24769	21	1	T4SS_MOBV	none	0	0		Bacteroidota	Alistipes
NZ_AP019735_2825059..2837335	NA	12277	10	1	T4SS_MOBV	none	0	0		Bacteroidota	Alistipes
NZ_AP019735_717564..740267	NA	22704	14	1	T4SS_MOBP1,T4SS_MOBV	none	0	0		Bacteroidota	Alistipes
NZ_AP019738_2070225..2112658	NA	42434	49	1	T4SS_MOBP1	none	0	0		Bacteroidota	Alistipes
NZ_AP019738_2473019..2614421	NA	141403	147	1	T4SS_MOBP1	MPF_FA	1	2		Bacteroidota	Alistipes
NZ_AP019738_287593..353399	NA	65807	68	1	T4SS_MOBP1	none	0	0		Bacteroidota	Alistipes
NZ_AP019738_85635..109992	NA	24358	17	1	T4SS_MOBV	none	0	0		Bacteroidota	Alistipes
NZ_AP019738_881826..899708	IME	17883	18	1	T4SS_MOBP1	none	0	0		Bacteroidota	Alistipes
NZ_AP019739_1195437..1213802	NA	18366	20	1	T4SS_MOBV	none	0	0		Bacteroidota	Alistipes
NZ_AP019739_1377368..1389564	NA	12197	13	1	T4SS_MOBV	none	0	0		Bacteroidota	Alistipes
NZ_AP019739_2090763..2173000	IME	82238	71	1	T4SS_MOBP1,T4SS_MOBV	none	0	0		Bacteroidota	Alistipes
NZ_AP019739_2327826..2432835	NA	105010	102	1	T4SS_MOBP1	none	0	0		Bacteroidota	Alistipes
NZ_AP019740_1389905..1455322	NA	65418	64	1	T4SS_MOBC	none	0	1		Proteobacteria	Acinetobacter
NZ_AP019799_69727..344297	ICE	274571	249	1	T4SS_MOBP1,profile_MOBT	none	0	0		Proteobacteria	Vibrio
NZ_AP019810_291409..333947	NA	42539	48	1	profile_MOBT	none	0	4		Firmicutes	Enterococcus_B
NZ_AP019814_1323035..1421812	NA	98778	105	1	profile_MOBT	MPF_FA	1	9		Firmicutes	Enterococcus_A
NZ_AP019814_1985595..2090274	NA	104680	122	1	T4SS_MOBP2,profile_MOBM,profile_MOBT	MPF_FA	1	2		Firmicutes	Enterococcus_A
NZ_AP019814_2100788..2302818	ICE	202031	200	1	T4SS_MOBC,profile_MOBT	MPF_FA	1	8		Firmicutes	Enterococcus_A
NZ_AP019829_367603..561020	ICE	193418	186	0	NA	none	0	2		Fusobacteriota	Leptotrichia
NZ_AP019831_1174135..1400538	ICE	226404	215	1	T4SS_MOBQ,profile_MOBM	none	0	3		Fusobacteriota	Leptotrichia
NZ_AP019831_228728..333417	ICE	104690	114	1	T4SS_MOBQ	MPF_T	1	1		Fusobacteriota	Leptotrichia
NZ_AP019834_1992849..2054140	NA	61292	121	0	NA	none	0	0		Fusobacteriota	Leptotrichia
NZ_AP019835_1536355..1573165	IME	36811	37	0	NA	none	0	0		Fusobacteriota	Leptotrichia
NZ_AP019835_1578914..1628094	NA	49181	43	1	T4SS_MOBQ	MPF_T	1	1		Fusobacteriota	Leptotrichia
NZ_AP020316_1317649..1387483	NA	69835	77	1	profile_MOBT	MPF_FA	1	5	DUF4467	Firmicutes	Staphylococcus
NZ_AP020316_1559977..1613323	ICE	53347	58	1	profile_MOBT	MPF_FA	1	6		Firmicutes	Staphylococcus
NZ_AP020318_40604..97174	ICE	56571	53	1	profile_MOBT	MPF_FA	1	4		Firmicutes	Staphylococcus
NZ_AP020322_1431052..1495110	ICE	64059	64	1	profile_MOBT	MPF_FA	1	7		Firmicutes	Staphylococcus
NZ_AP020324_2078510..2108391	IME	29882	32	1	T4SS_MOBV	none	0	0		Firmicutes	Staphylococcus
NZ_AP021844_2051632..2061076	NA	9445	12	1	T4SS_MOBP1,T4SS_MOBQ	none	0	0		Proteobacteria	Azospira
NZ_AP021844_2782878..2863097	ICE	80220	77	1	T4SS_MOBH	MPF_F	1	0		Proteobacteria	Azospira
NZ_AP021854_1773639..1811170	NA	37532	36	0	NA	MPF_T	1	0		Proteobacteria	Bradyrhizobium
NZ_AP021861_1358121..1373476	NA	15356	22	0	NA	none	0	0		Planctomycetota	Lacipirellula
NZ_AP021875_6852443..6894874	NA	42432	40	1	T4SS_MOBH,T4SS_MOBP1	none	0	0		Desulfobacterota	Desulfosarcina
NZ_AP021879_2811314..2850757	IME	39444	32	1	T4SS_MOBH	none	0	0		Desulfobacterota	Desulfosarcina
NZ_AP021879_3373931..3505898	ICE	131968	113	1	profile_MOBT	none	0	0		Desulfobacterota	Desulfosarcina
NZ_AP021880_1865136..1929396	ICE	64261	48	1	T4SS_MOBC	MPF_T	1	0	Eex_IncN	Proteobacteria	Klebsiella
NZ_AP021881_1054563..1075618	NA	21056	33	1	profile_MOBF	none	0	0		Proteobacteria	Sulfuriferula_A
NZ_AP021884_2442307..2488695	NA	46389	50	1	T4SS_MOBP1	MPF_T	1	0	Eex_IncN	Proteobacteria	Sulfuriferula
NZ_AP021889_1810350..1864108	NA	53759	74	1	T4SS_MOBH	MPF_F	1	1		Proteobacteria	Thiomicrorhabdus
NZ_AP021889_517426..554240	IME	36815	31	1	profile_MOBF	none	0	0		Proteobacteria	Thiomicrorhabdus
NZ_AP021893_1819363..1870891	NA	51529	53	1	T4SS_MOBC	MPF_T	1	0	Eex_IncN	Proteobacteria	Escherichia
NZ_AP021900_2442403..2604002	NA	161600	162	1	T4SS_MOBH,profile_MOBT	MPF_F	1	0		Proteobacteria	Pseudomonas_E
NZ_AP021901_1825765..2024608	ICE	198844	193	1	T4SS_MOBH,profile_MOBT	MPF_F	1	0		Proteobacteria	Pseudomonas_E
NZ_AP021901_4088903..4242962	ICE	154060	139	1	T4SS_MOBH,profile_MOBT	MPF_F	1	0		Proteobacteria	Pseudomonas_E
NZ_AP021902_3719205..3880101	ICE	160897	151	1	T4SS_MOBH,profile_MOBT	MPF_F	1	0		Proteobacteria	Pseudomonas_E
NZ_AP021908_1421317..1497151	NA	75835	88	1	profile_MOBF	none	0	0		Proteobacteria	Stenotrophomonas
NZ_AP021917_1818562..1923853	ICE	105292	102	1	T4SS_MOBP1,profile_MOBT	MPF_T	1	0		Proteobacteria	Aeromonas
NZ_AP021917_2196723..2216569	NA	19847	17	1	T4SS_MOBH	none	0	0		Proteobacteria	Aeromonas
NZ_AP021927_1358622..1382784	IME	24163	23	1	T4SS_MOBP1	none	0	0		Proteobacteria	Aeromonas
NZ_AP021927_2164300..2200625	IME	36326	28	1	T4SS_MOBH	none	0	0		Proteobacteria	Aeromonas
NZ_AP021929_4487831..4507093	IME	19263	23	1	T4SS_MOBQ,profile_MOBT	none	0	0		Proteobacteria	Klebsiella
NZ_AP021940_4268673..4305685	IME	37013	31	1	T4SS_MOBH	none	0	1		Proteobacteria	Aeromonas
NZ_AP021950_1908003..1930213	IME	22211	22	1	T4SS_MOBQ	none	0	0		Proteobacteria	Klebsiella
NZ_AP021972_1116839..1139565	IME	22727	25	1	T4SS_MOBP1	none	0	0		Proteobacteria	Kluyvera
NZ_AP022013_816257..856418	ICE	40162	41	1	T4SS_MOBP1,profile_MOBT	none	0	0	Eex_IncN	Proteobacteria	Aeromonas
NZ_AP022020_1111023..1132462	IME	21440	22	1	T4SS_MOBP1	none	0	0		Proteobacteria	Kluyvera
NZ_AP022038_2854534..2864857	NA	10324	11	1	T4SS_MOBH	none	0	0		Proteobacteria	Aeromonas
NZ_AP022038_3380576..3396130	NA	15555	11	1	T4SS_MOBP1	none	0	0		Proteobacteria	Aeromonas
NZ_AP022055_3425913..3430898	NA	4986	4	1	T4SS_MOBC,T4SS_MOBH	none	0	0		Proteobacteria	Pseudomonas_E
NZ_AP022077_1894791..2348956	ICE	454166	466	1	profile_MOBT	none	0	0		Proteobacteria	Acinetobacter
NZ_AP022105_4243842..4258712	NA	14871	12	1	T4SS_MOBH	none	0	0		Proteobacteria	Escherichia
NZ_AP022107_4093551..4140238	NA	46688	43	1	T4SS_MOBH	none	0	0		Proteobacteria	Escherichia
NZ_AP022108_1553691..1769778	ICE	216088	177	1	T4SS_MOBC	MPF_T	1	0	Eex_IncN	Proteobacteria	Klebsiella
NZ_AP022112_2429155..2466185	IME	37031	39	1	T4SS_MOBQ,profile_MOBT	none	0	0		Proteobacteria	Klebsiella
NZ_AP022159_4564971..4588510	IME	23540	31	1	T4SS_MOBQ,profile_MOBT	none	0	0		Proteobacteria	Escherichia
NZ_AP022183_2355754..2752347	ICE	396594	396	0	NA	none	0	0		Proteobacteria	Klebsiella
NZ_AP022188_2039344..2075501	IME	36158	38	1	T4SS_MOBH	none	0	0		Proteobacteria	Aeromonas
NZ_AP022195_1262126..1306317	IME	44192	37	1	T4SS_MOBP1	none	0	0		Proteobacteria	Kluyvera
NZ_AP022201_1262125..1305111	IME	42987	35	1	T4SS_MOBP1	none	0	0		Proteobacteria	Kluyvera
NZ_AP022206_2873623..2884086	NA	10464	14	1	T4SS_MOBH	none	0	0		Proteobacteria	Aeromonas
NZ_AP022214_2382942..2423744	IME	40803	40	1	T4SS_MOBH	none	0	0		Proteobacteria	Aeromonas
NZ_AP022227_1460090..1463222	NA	3133	2	1	T4SS_MOBH	none	0	0		Proteobacteria	Pseudomonas_E
NZ_AP022254_2492679..2501804	NA	9126	11	1	T4SS_MOBH	none	0	0		Proteobacteria	Aeromonas
NZ_AP022254_2753115..2821368	ICE	68254	66	1	T4SS_MOBP1	none	0	0	Eex_IncN	Proteobacteria	Aeromonas
NZ_AP022256_1714858..1933998	ICE	219141	191	1	T4SS_MOBC	none	0	1		Proteobacteria	Kluyvera
NZ_AP022256_1958848..1986571	IME	27724	27	1	T4SS_MOBQ	none	0	0		Proteobacteria	Kluyvera
NZ_AP022264_2432930..2464181	NA	31252	31	0	NA	none	0	0		Proteobacteria	Aeromonas
NZ_AP022281_1972485..1991494	NA	19010	18	1	T4SS_MOBP1	none	0	0		Proteobacteria	Aeromonas
NZ_AP022281_3484797..3524871	IME	40075	37	1	T4SS_MOBP1	none	0	0		Proteobacteria	Aeromonas
NZ_AP022313_1673123..1744180	ICE	71058	74	1	T4SS_MOBP1,profile_MOBF,profile_MOBM	MPF_T	1	1		Bacteroidota	Elizabethkingia
NZ_AP022321_1666543..1877554	ICE	211012	197	1	profile_MOBT	MPF_FA	1	7		Firmicutes_C	Veillonella
NZ_AP022332_3351487..3400058	IME	48572	41	1	T4SS_MOBQ	none	0	0		Proteobacteria	Methylosinus
NZ_AP022337_4599413..4619899	IME	20487	29	1	profile_MOBT	none	0	0		Proteobacteria	Mameliella
NZ_AP022341_1320470..1348111	NA	27642	26	0	NA	none	0	0		Firmicutes	Enterococcus_B
NZ_AP022341_1584180..1627067	NA	42888	36	0	NA	none	0	0		Firmicutes	Enterococcus_B
NZ_AP022341_2609516..2730219	ICE	120704	117	1	T4SS_MOBP1,T4SS_MOBQ,profile_MOBT	MPF_FA	1	7		Firmicutes	Enterococcus_B
NZ_AP022341_598055..613358	NA	15304	15	1	T4SS_MOBP1	none	0	0		Firmicutes	Enterococcus_B
NZ_AP022341_728119..746283	NA	18165	20	1	profile_MOBM,profile_MOBT	none	0	0		Firmicutes	Enterococcus_B
NZ_AP022345_1327901..1403740	ICE	75840	84	1	T4SS_MOBP1,T4SS_MOBV	MPF_T	1	0		Proteobacteria	Fluviibacter
NZ_AP022347_1674900..1749928	ICE	75029	83	1	T4SS_MOBP1,T4SS_MOBV	MPF_T	1	0		Proteobacteria	Fluviibacter
NZ_AP022347_2041089..2083572	ICE	42484	46	1	T4SS_MOBP1,T4SS_MOBV	MPF_T	1	0		Proteobacteria	Fluviibacter
NZ_AP022351_749494..807912	IME	58419	62	1	T4SS_MOBH	none	0	0		Proteobacteria	Escherichia
NZ_AP022362_93082..216224	ICE	123143	140	1	profile_MOBF	MPF_F	1	1	TraS	Proteobacteria	Escherichia
NZ_AP022371_3358839..3435281	IME	76443	88	0	NA	none	0	1		Proteobacteria	Providencia
NZ_AP022372_2255748..2316363	ICE	60616	64	1	T4SS_MOBH,profile_MOBT	MPF_F	1	0		Proteobacteria	Providencia
NZ_AP022372_3589747..3594220	NA	4474	6	1	profile_MOBT	none	0	0		Proteobacteria	Providencia
NZ_AP022373_989819..1082549	NA	92731	87	1	T4SS_MOBH	MPF_F	1	0		Proteobacteria	Providencia
NZ_AP022378_1224265..1362495	NA	138231	127	1	T4SS_MOBP1	MPF_T	1	0	Eex_IncN	Proteobacteria	Citrobacter
NZ_AP022389_3016650..3031896	IME	15247	10	1	T4SS_MOBQ	none	0	0		Proteobacteria	Citrobacter
NZ_AP022389_4578929..4663426	NA	84498	88	0	NA	none	0	0		Proteobacteria	Citrobacter
NZ_AP022399_4482835..4487026	NA	4192	3	1	T4SS_MOBP1	none	0	0		Proteobacteria	Citrobacter
NZ_AP022409_4103245..4146251	NA	43007	50	1	T4SS_MOBH,profile_MOBT	MPF_F	1	0		Proteobacteria	Escherichia
NZ_AP022412_1788365..1819450	IME	31086	32	1	T4SS_MOBQ	none	0	0		Proteobacteria	Klebsiella
NZ_AP022419_1868443..1912737	ICE	44295	43	1	T4SS_MOBC	MPF_T	1	0	Eex_IncN	Proteobacteria	Kluyvera
NZ_AP022419_3224473..3291222	IME	66750	87	1	T4SS_MOBQ	none	0	1		Proteobacteria	Kluyvera
NZ_AP022452_3111697..3126040	IME	14344	9	1	T4SS_MOBQ	none	0	0		Proteobacteria	Enterobacter
NZ_AP022452_3841324..3882519	IME	41196	42	1	T4SS_MOBC,T4SS_MOBP1	none	0	1		Proteobacteria	Enterobacter
NZ_AP022465_4073577..4170509	ICE	96933	105	1	T4SS_MOBH	MPF_F	1	0		Proteobacteria	Enterobacter
NZ_AP022473_4479101..4664712	ICE	185612	178	1	T4SS_MOBP1,profile_MOBT	MPF_T	1	1	Eex_IncN	Proteobacteria	Pseudomonas_E
NZ_AP022494_4478926..4482048	NA	3123	3	1	T4SS_MOBP1	none	0	0		Proteobacteria	Citrobacter
NZ_AP022498_547858..594356	IME	46499	51	1	T4SS_MOBP1	none	0	0		Proteobacteria	Enterobacter
NZ_AP022508_2951275..2976494	IME	25220	25	1	T4SS_MOBQ,profile_MOBT	none	0	0		Proteobacteria	Enterobacter
NZ_AP022510_412918..506905	NA	93988	99	1	T4SS_MOBH	MPF_F	1	1		Proteobacteria	Enterobacter
NZ_AP022513_2062740..2091155	IME	28416	30	1	T4SS_MOBQ	none	0	0		Proteobacteria	Citrobacter
NZ_AP022519_3091494..3134590	ICE	43097	41	1	T4SS_MOBC	MPF_T	1	0	Eex_IncN	Proteobacteria	Enterobacter
NZ_AP022547_2027456..2098507	ICE	71052	68	1	T4SS_MOBC	MPF_T	1	0	Eex_IncN	Proteobacteria	Klebsiella
NZ_AP022557_2058511..2135019	NA	76509	107	1	T4SS_MOBC,T4SS_MOBH	none	0	0		Firmicutes	Geobacillus
NZ_AP022563_1499497..1535180	NA	35684	40	1	profile_MOBF	none	0	0		Actinobacteriota	Mycobacterium
NZ_AP022573_4715461..4720118	NA	4658	4	0	NA	none	0	0		Actinobacteriota	Mycobacterium
NZ_AP022576_2583886..2623458	NA	39573	39	0	NA	none	0	0		Actinobacteriota	Mycobacterium
NZ_AP022584_1883196..1891741	NA	8546	8	0	NA	none	0	0		Actinobacteriota	Mycobacterium
NZ_AP022586_2851573..2863657	IME	12085	11	1	profile_MOBF	none	0	0		Actinobacteriota	Mycobacterium
NZ_AP022588_2908922..2960661	IME	51740	37	1	profile_MOBF	none	0	0		Actinobacteriota	Mycobacterium
NZ_AP022590_1793110..1823617	NA	30508	43	0	NA	none	0	0		Actinobacteriota	Mycobacterium
NZ_AP022591_361675..395927	NA	34253	27	1	profile_MOBF	none	0	0		Actinobacteriota	Mycobacterium
NZ_AP022593_5941538..5953665	NA	12128	5	1	profile_MOBF	none	0	0		Actinobacteriota	Mycobacterium
NZ_AP022596_3965823..4024926	NA	59104	51	1	profile_MOBF,profile_MOBT	none	0	0		Actinobacteriota	Mycobacterium
NZ_AP022603_816381..821302	NA	4922	6	1	T4SS_MOBC	none	0	0		Actinobacteriota	Mycobacterium
NZ_AP022604_3818142..3826525	NA	8384	3	1	profile_MOBF	none	0	0		Actinobacteriota	Mycobacterium
NZ_AP022608_309084..388986	IME	79903	82	1	profile_MOBF	none	0	1		Actinobacteriota	Mycobacterium
NZ_AP022613_3961262..3985493	IME	24232	20	1	profile_MOBF	none	0	0		Actinobacteriota	Mycobacterium
NZ_AP022614_4985199..5099353	ICE	114155	111	1	profile_MOBF	none	0	1		Actinobacteriota	Mycobacterium
NZ_AP022620_5624965..5644890	NA	19926	20	1	profile_MOBF	none	0	0		Actinobacteriota	Mycobacterium
NZ_AP022621_3161000..3181267	NA	20268	22	0	NA	none	0	0		Actinobacteriota	Mycobacterium
NZ_AP022624_3006752..3040172	NA	33421	31	0	NA	none	0	0		Proteobacteria	Pseudoalteromonas
NZ_AP022624_3403507..3465900	NA	62394	54	0	NA	none	0	0		Proteobacteria	Pseudoalteromonas
NZ_AP022624_999738..1043386	IME	43649	35	1	T4SS_MOBV	none	0	0		Proteobacteria	Pseudoalteromonas
NZ_AP022642_4792240..4806702	NA	14463	19	0	NA	none	0	0		Proteobacteria	Pseudomonas_F
NZ_AP022672_147734..356807	ICE	209074	213	1	T4SS_MOBP1,profile_MOBT	MPF_T	1	0		Proteobacteria	Sphingomonas
NZ_AP022672_2313333..2325316	NA	11984	10	1	T4SS_MOBQ	none	0	0		Proteobacteria	Sphingomonas
NZ_AP022815_4960398..5041685	ICE	81288	97	1	T4SS_MOBH	MPF_F	1	0		Proteobacteria	Escherichia
NZ_AP022821_2985052..2996382	NA	11331	14	0	NA	none	0	0		Proteobacteria	Halomonas
NZ_AP022822_1219672..1228350	NA	8679	13	1	profile_MOBT	none	0	0		Firmicutes	Enterococcus_C
NZ_AP022822_2442162..2521982	ICE	79821	75	1	profile_MOBT	MPF_FA	1	8		Firmicutes	Enterococcus_C
NZ_AP022822_2591586..2616152	NA	24567	21	1	profile_MOBT	none	0	0		Firmicutes	Enterococcus_C
NZ_AP022822_347563..357355	NA	9793	7	1	T4SS_MOBH	none	0	0		Firmicutes	Enterococcus_C
NZ_AP022834_2735139..2800514	IME	65376	54	0	NA	none	0	0		Actinobacteriota	Rothia
NZ_AP022842_1673080..1730647	NA	57568	64	1	T4SS_MOBC,profile_MOBT	none	0	0		Firmicutes	Rossellomorea
NZ_AP022847_249585..255394	NA	5810	5	0	NA	none	0	0		Campylobacterota	Nitrosophilus
NZ_AP022869_3046901..3136200	IME	89300	75	1	T4SS_MOBH	none	0	0		Proteobacteria	Halomonas
NZ_AP022870_8240536..8257694	NA	17159	22	0	NA	none	0	0		Actinobacteriota	Phytohabitans
NZ_AP022871_2025138..2039628	NA	14491	18	0	NA	none	0	0		Actinobacteriota	Phytohabitans
NZ_AP022871_4219256..4302355	IME	83100	66	0	NA	none	0	0		Actinobacteriota	Phytohabitans
NZ_AP022871_6597073..6648110	NA	51038	50	0	NA	none	0	0		Actinobacteriota	Phytohabitans
NZ_AP023027_267480..333327	ICE	65848	67	1	T4SS_MOBP1,T4SS_MOBV,profile_MOBT	MPF_FA	1	8		Firmicutes_A	Anaerostipes
NZ_AP023028_35291..38839	NA	3549	5	1	profile_MOBT	none	0	0		Firmicutes	Lactobacillus
NZ_AP023028_843799..891457	NA	47659	42	0	NA	none	0	0		Firmicutes	Lactobacillus
NZ_AP023034_2276730..2358574	ICE	81845	96	1	profile_MOBT	MPF_FA	1	7	DUF4467	Firmicutes	Staphylococcus
NZ_AP023049_1304960..1314205	NA	9246	9	1	T4SS_MOBP1,T4SS_MOBP2	none	0	0		Bacteroidota	Alistipes_A
NZ_AP023049_2796508..2822794	IME	26287	19	1	T4SS_MOBP1	none	0	0		Bacteroidota	Alistipes_A
NZ_AP023049_2869596..2875575	NA	5980	6	1	T4SS_MOBV	none	0	0		Bacteroidota	Alistipes_A
NZ_AP023049_556961..571307	NA	14347	13	1	T4SS_MOBV	none	0	0		Bacteroidota	Alistipes_A
NZ_AP023069_1524488..1555958	NA	31471	49	0	NA	none	0	0		Proteobacteria	Neisseria
NZ_AP023073_1612319..1647254	NA	34936	54	0	NA	none	0	0		Proteobacteria	Neisseria
NZ_AP023075_1523890..1555516	NA	31627	49	0	NA	none	0	0		Proteobacteria	Neisseria
NZ_AP023179_289730..295968	NA	6239	6	1	T4SS_MOBC	none	0	0		Proteobacteria	Paraburkholderia
NZ_AP023179_591872..621410	IME	29539	34	0	NA	none	0	0		Proteobacteria	Paraburkholderia
NZ_AP023184_3878218..3899027	IME	20810	18	1	T4SS_MOBQ	none	0	0		Proteobacteria	Buttiauxella
NZ_AP023205_2403436..2428807	NA	25372	26	1	T4SS_MOBQ	none	0	0		Proteobacteria	Escherichia
NZ_AP023213_1133239..1144787	NA	11549	12	1	profile_MOBF	none	0	0		Desulfobacterota	Geomonas
NZ_AP023237_1896101..1925570	IME	29470	30	1	T4SS_MOBQ	none	0	0		Proteobacteria	Escherichia
NZ_AP023242_4735317..4770677	NA	35361	44	1	T4SS_MOBQ	none	0	0		Proteobacteria	Mesorhizobium
NZ_AP023242_7373893..7568770	NA	194878	196	1	T4SS_MOBP1,profile_MOBT	none	0	0		Proteobacteria	Mesorhizobium
NZ_AP023246_4170016..4196441	NA	26426	35	1	T4SS_MOBQ	none	0	0		Proteobacteria	Mesorhizobium
NZ_AP023246_4529092..4539998	NA	10907	14	1	T4SS_MOBQ,profile_MOBM	none	0	0		Proteobacteria	Mesorhizobium
NZ_AP023246_620290..639233	IME	18944	15	1	T4SS_MOBQ	none	0	0		Proteobacteria	Mesorhizobium
NZ_AP023247_5791300..5980243	NA	188944	214	1	T4SS_MOBP1,profile_MOBT	MPF_T	1	0		Proteobacteria	Mesorhizobium
NZ_AP023249_2417027..2423420	NA	6394	6	1	T4SS_MOBQ	none	0	0		Proteobacteria	Mesorhizobium
NZ_AP023249_6882883..6953235	NA	70353	82	1	T4SS_MOBQ,profile_MOBT	none	0	0		Proteobacteria	Mesorhizobium
NZ_AP023254_3975961..3995855	NA	19895	19	1	T4SS_MOBQ	none	0	0		Proteobacteria	Mesorhizobium
NZ_AP023254_4363610..4395991	NA	32382	35	1	T4SS_MOBQ	none	0	0		Proteobacteria	Mesorhizobium
NZ_AP023257_1773881..1908839	ICE	134959	113	1	T4SS_MOBP1	none	0	0		Proteobacteria	Mesorhizobium
NZ_AP023263_8274348..8304109	NA	29762	32	1	T4SS_MOBP1,profile_MOBT	none	0	0		Proteobacteria	DUSC01
NZ_AP023321_1145078..1217065	ICE	71988	73	1	T4SS_MOBP1	MPF_FA	1	10		Firmicutes_A	Solibaculum
NZ_AP023321_119608..163020	NA	43413	39	1	T4SS_MOBQ	none	0	0		Firmicutes_A	Solibaculum
NZ_AP023321_1316887..1400431	NA	83545	102	1	T4SS_MOBP1,profile_MOBT	none	0	0		Firmicutes_A	Solibaculum
NZ_AP023321_1555511..1580988	NA	25478	31	1	T4SS_MOBV	none	0	0		Firmicutes_A	Solibaculum
NZ_AP023321_2061699..2066322	NA	4624	4	1	T4SS_MOBV	none	0	0		Firmicutes_A	Solibaculum
NZ_AP023321_2294081..2318789	NA	24709	19	1	T4SS_MOBV	none	0	0		Firmicutes_A	Solibaculum
NZ_AP023321_311282..380323	NA	69042	62	1	profile_MOBT	none	0	0		Firmicutes_A	Solibaculum
NZ_AP023322_1377196..1493968	ICE	116773	124	1	T4SS_MOBV	none	0	1		Bacteroidota	Coprobacter
NZ_AP023322_176765..476326	ICE	299562	219	1	T4SS_MOBP1	none	0	0		Bacteroidota	Coprobacter
NZ_AP023322_1880370..1930396	NA	50027	39	1	T4SS_MOBP1	none	0	0		Bacteroidota	Coprobacter
NZ_AP023322_2508694..2545321	NA	36628	37	1	T4SS_MOBP1	none	0	0		Bacteroidota	Coprobacter
NZ_AP023322_3012069..3019143	NA	7075	6	1	T4SS_MOBP1	none	0	0		Bacteroidota	Coprobacter
NZ_AP023326_323178..469641	NA	146464	153	1	T4SS_MOBP1,profile_MOBT	MPF_T	1	0		Proteobacteria	Acetobacter
NZ_AP023354_1044151..1059302	NA	15152	18	0	NA	none	0	0		Actinobacteriota	Actinocatenispora
NZ_AP023354_1660464..1672570	NA	12107	14	0	NA	none	0	0		Actinobacteriota	Actinocatenispora
NZ_AP023354_2125073..2141894	NA	16822	19	1	profile_MOBT	none	0	0		Actinobacteriota	Actinocatenispora
NZ_AP023354_314244..328429	NA	14186	22	0	NA	none	0	0		Actinobacteriota	Actinocatenispora
NZ_AP023354_3724114..3728056	NA	3943	4	0	NA	none	0	0		Actinobacteriota	Actinocatenispora
NZ_AP023354_3907492..3956182	AICE	48691	72	0	NA	none	0	0		Actinobacteriota	Actinocatenispora
NZ_AP023355_5618040..5635371	NA	17332	20	0	NA	none	0	0		Actinobacteriota	Actinocatenispora
NZ_AP023356_5867335..5881633	NA	14299	20	0	NA	none	0	0		Actinobacteriota	Actinoplanes
NZ_AP023360_1316227..1327298	NA	11072	15	1	profile_MOBT	none	0	0		Actinobacteriota	Catellatospora
NZ_AP023360_264250..272249	IME	8000	9	0	NA	none	0	0		Actinobacteriota	Catellatospora
NZ_AP023360_4511298..4518051	NA	6754	11	0	NA	none	0	0		Actinobacteriota	Catellatospora
NZ_AP023360_813141..836122	NA	22982	26	0	NA	none	0	0		Actinobacteriota	Catellatospora
NZ_AP023388_725612..767733	NA	42122	38	1	T4SS_MOBQ	none	0	1		Firmicutes	Streptococcus
NZ_AP023392_1306990..1408301	ICE	101312	90	1	T4SS_MOBP1,T4SS_MOBV	MPF_FA	1	9		Firmicutes	Streptococcus
NZ_AP023392_947514..1094808	ICE	147295	144	1	T4SS_MOBP1,T4SS_MOBV	none	0	6		Firmicutes	Streptococcus
NZ_AP023393_259253..288235	NA	28983	38	1	T4SS_MOBV,profile_MOBT	none	0	0		Firmicutes	Streptococcus
NZ_AP023394_1510415..1547851	NA	37437	36	1	profile_MOBT	MPF_FA	1	5		Firmicutes	Streptococcus
NZ_AP023394_240845..266164	NA	25320	29	1	profile_MOBT	none	0	0		Firmicutes	Streptococcus
NZ_AP023396_1058791..1074477	NA	15687	16	1	profile_MOBF	none	0	0		Actinobacteriota	Nocardia
NZ_AP023396_1829222..1878726	NA	49505	52	1	profile_MOBM	none	0	0		Actinobacteriota	Nocardia
NZ_AP023398_3419609..3425655	NA	6047	6	1	T4SS_MOBP1	none	0	0		Proteobacteria	Aeromonas
NZ_AP023398_3477038..3574023	ICE	96986	85	1	T4SS_MOBP1,profile_MOBT	none	0	0		Proteobacteria	Aeromonas
NZ_AP023410_2460148..2467944	NA	7797	7	1	T4SS_MOBP1	none	0	0		Proteobacteria	Acetobacter
NZ_AP023439_2259746..2271920	NA	12175	19	0	NA	none	0	0		Actinobacteriota	Streptomyces
NZ_AP023439_2522904..2545059	NA	22156	27	0	NA	none	0	0		Actinobacteriota	Streptomyces
NZ_AP023439_5175760..5194032	NA	18273	22	0	NA	none	0	0		Actinobacteriota	Streptomyces
NZ_AP023440_4455779..4461528	NA	5750	8	0	NA	none	0	0		Actinobacteriota	Streptomyces
NZ_AP023440_4848717..4858733	NA	10017	15	1	profile_MOBT	none	0	0		Actinobacteriota	Streptomyces
NZ_AP023452_1858005..1887781	NA	29777	44	0	NA	none	0	0		Proteobacteria	Citrobacter_B
NZ_AP023452_3014211..3096164	ICE	81954	54	1	T4SS_MOBC	MPF_T	1	0	Eex_IncN	Proteobacteria	Citrobacter_B
NZ_AP023453_4131920..4186862	NA	54943	63	1	T4SS_MOBH,profile_MOBT	MPF_F	1	0		Proteobacteria	Klebsiella
NZ_AP024085_2312112..2392447	NA	80336	81	1	profile_MOBT	none	0	7		Firmicutes	Faecalibacillus
NZ_AP024105_556237..589898	NA	33662	37	1	T4SS_MOBQ	none	0	0		Proteobacteria	Ralstonia
NZ_AP024107_2234630..2280776	NA	46147	53	1	profile_MOBF	none	0	0		Proteobacteria	Ralstonia
NZ_AP024136_1490171..1530914	NA	40744	40	1	T4SS_MOBP1	MPF_T	1	0	Eex_IncN	Proteobacteria	Aeromonas
NZ_AP024136_3732588..3761776	NA	29189	32	1	T4SS_MOBP1	none	0	0		Proteobacteria	Aeromonas
NZ_AP024136_3904044..3999750	ICE	95707	93	1	T4SS_MOBP1	MPF_T	1	0	Eex_IncN	Proteobacteria	Aeromonas
NZ_AP024170_36734..48221	IME	11488	12	1	T4SS_MOBV	none	0	0		Firmicutes	Staphylococcus
NZ_AP024172_1008451..1091826	NA	83376	87	1	T4SS_MOBP1,profile_MOBT	MPF_T	1	0	Eex_IncN	Proteobacteria	Alicycliphilus
NZ_AP024172_1823249..1855244	IME	31996	30	1	T4SS_MOBQ	none	0	0		Proteobacteria	Alicycliphilus
NZ_AP024172_2993743..3108513	ICE	114771	120	1	T4SS_MOBH,profile_MOBT	MPF_F	1	0		Proteobacteria	Alicycliphilus
NZ_AP024172_3374504..3436440	NA	61937	56	1	T4SS_MOBH	MPF_F	1	0		Proteobacteria	Alicycliphilus
NZ_AP024173_4781104..4792413	IME	11310	8	1	T4SS_MOBQ	none	0	0		Proteobacteria	Klebsiella
NZ_AP024201_2011358..2027492	IME	16135	15	0	NA	none	0	0		Firmicutes	Staphylococcus
NZ_AP024235_4096452..4453861	NA	357410	313	1	profile_MOBM	none	0	1		Proteobacteria	Alteromonas
NZ_AP024239_376..114732	ICE	114357	93	1	T4SS_MOBH,profile_MOBT	MPF_F	1	0		Proteobacteria	Thiohalobacter
NZ_AP024244_2254221..2284326	NA	30106	33	0	NA	none	0	0		Actinobacteriota	Mycobacterium
NZ_AP024247_2205638..2222712	NA	17075	18	0	NA	none	0	0		Actinobacteriota	Mycobacterium
NZ_AP024248_2463683..2494872	NA	31190	35	0	NA	none	0	0		Actinobacteriota	Mycobacterium
NZ_AP024254_5002797..5038311	AICE	35515	24	0	NA	none	0	0		Actinobacteriota	Mycobacterium
NZ_AP024255_2554913..2559710	NA	4798	3	0	NA	none	0	0		Actinobacteriota	Mycobacterium
NZ_AP024257_3293517..3313192	NA	19676	17	0	NA	none	0	0		Actinobacteriota	Mycobacterium
NZ_AP024320_1153387..1163952	NA	10566	13	1	T4SS_MOBH	none	0	0		Firmicutes	Limosilactobacillus
NZ_AP024354_3141331..3240382	ICE	99052	98	1	T4SS_MOBH,profile_MOBT	MPF_F	1	0		Proteobacteria	Pseudomonas_E
NZ_AP024402_1364588..1418037	ICE	53450	52	1	T4SS_MOBH,profile_MOBT	none	0	0		Proteobacteria	Aeromonas
NZ_AP024402_2010878..2019760	NA	8883	7	1	T4SS_MOBH	none	0	0		Proteobacteria	Aeromonas
NZ_AP024464_4721374..4724708	NA	3335	2	1	T4SS_MOBH	none	0	0		Proteobacteria	Pseudomonas_E
NZ_AP024464_5588892..5600326	NA	11435	9	1	T4SS_MOBH	none	0	0		Proteobacteria	Pseudomonas_E
NZ_AP024469_2353732..2474516	ICE	120785	114	1	profile_MOBT	none	0	1		Desulfobacterota	Pelotalea
NZ_AP024470_2330695..2345245	ICE	14551	12	1	T4SS_MOBP1,profile_MOBT	none	0	0		Actinobacteriota	Adlercreutzia
NZ_AP024510_1975149..2044527	ICE	69379	56	1	T4SS_MOBH,profile_MOBT	MPF_FA	1	6		Firmicutes	Longicatena
NZ_AP024510_389972..444452	NA	54481	53	1	T4SS_MOBP1,profile_MOBT	MPF_FA	1	7		Firmicutes	Longicatena
NZ_AP024524_2399769..2575488	ICE	175720	164	1	T4SS_MOBQ	none	0	1		Proteobacteria	Acinetobacter
NZ_CP002007_1993815..1998960	NA	5146	5	1	T4SS_MOBH	none	0	0		Firmicutes	Streptococcus
NZ_CP002190_1231406..1297651	NA	66246	60	1	T4SS_MOBC	none	0	0		Bdellovibrionota	Bdellovibrio
NZ_CP002190_1308112..1314486	NA	6375	9	1	T4SS_MOBC	none	0	0		Bdellovibrionota	Bdellovibrio
NZ_CP002190_474160..485102	NA	10943	15	1	profile_MOBM	none	0	0		Bdellovibrionota	Bdellovibrio
NZ_CP002580_3106161..3111205	NA	5045	6	1	T4SS_MOBP1,T4SS_MOBV	none	0	0		Proteobacteria	Burkholderia
NZ_CP003811_1654134..1686281	IME	32148	33	0	NA	none	0	0		Proteobacteria	Methylobacterium
NZ_CP003987_7509599..7515748	NA	6150	7	0	NA	none	0	1		Actinobacteriota	Streptomyces
NZ_CP003999_2495246..2732141	ICE	236896	240	0	NA	none	0	0		Proteobacteria	Klebsiella
NZ_CP004003_1513618..1528842	NA	15225	21	1	T4SS_MOBP1,T4SS_MOBQ,T4SS_MOBV	none	0	0		Proteobacteria	Burkholderia
NZ_CP004042_3916127..3931354	NA	15228	22	1	T4SS_MOBP1,T4SS_MOBQ,T4SS_MOBV	none	0	0		Proteobacteria	Burkholderia
NZ_CP004078_2364794..2385285	IME	20492	26	1	profile_MOBM	none	0	0		Firmicutes	Paenibacillus
NZ_CP004081_2155333..2234039	ICE	78707	73	1	profile_MOBT	MPF_FA	1	7		Firmicutes	Enterococcus
NZ_CP004081_422204..559658	NA	137455	166	0	NA	none	0	2		Firmicutes	Enterococcus
NZ_CP004350_2492391..2617642	ICE	125252	109	1	profile_MOBF	none	0	1		Actinobacteriota	Corynebacterium
NZ_CP004353_699639..785556	ICE	85918	88	1	profile_MOBF	none	0	1		Actinobacteriota	Corynebacterium
NZ_CP004379_1534167..1542690	NA	8524	9	1	T4SS_MOBV	none	0	0		Proteobacteria	Burkholderia
NZ_CP004387_3236860..3298208	ICE	61349	61	1	T4SS_MOBH,profile_MOBT	MPF_F	1	0		Proteobacteria	Alcanivorax_A
NZ_CP004388_2832571..2869895	ICE	37325	35	1	T4SS_MOBP1	MPF_T	1	0		Proteobacteria	Thalassospira
NZ_CP004393_931456..992140	NA	60685	64	1	T4SS_MOBP1	MPF_T	1	0		Proteobacteria	Celeribacter
NZ_CP004858_803842..835139	NA	31298	34	1	profile_MOBT	none	0	0		Firmicutes	Bacillus_A
NZ_CP004870_2051816..2203164	ICE	151349	162	1	T4SS_MOBC,profile_MOBT	none	0	0		Firmicutes	Bacillus_A
NZ_CP005083_1094293..1125730	NA	31438	30	1	T4SS_MOBQ,profile_MOBT	none	0	0		Proteobacteria	Sphingobium
NZ_CP005083_2490581..2569073	ICE	78493	77	1	T4SS_MOBC,T4SS_MOBP1	none	0	0		Proteobacteria	Sphingobium
NZ_CP005083_560094..729888	ICE	169795	177	1	T4SS_MOBP1,profile_MOBT	MPF_T	1	0		Proteobacteria	Sphingobium
NZ_CP005083_897772..977407	NA	79636	74	1	T4SS_MOBC,T4SS_MOBP1	none	0	0		Proteobacteria	Sphingobium
NZ_CP005084_830589..863617	NA	33029	33	0	NA	none	0	0		Proteobacteria	Sphingobium
NZ_CP005188_1718305..1912772	ICE	194468	193	1	T4SS_MOBQ,profile_MOBF	MPF_F	1	0		Proteobacteria	Sphingobium
NZ_CP005188_1974028..2036408	NA	62381	64	1	T4SS_MOBP1	MPF_T	1	0		Proteobacteria	Sphingobium
NZ_CP005188_390108..410651	NA	20544	7	1	T4SS_MOBP1	none	0	0		Proteobacteria	Sphingobium
NZ_CP005933_887596..934227	NA	46632	43	1	T4SS_MOBV	none	0	0		Firmicutes	Mycoplasmopsis
NZ_CP005974_381388..537136	NA	155749	152	0	NA	none	0	1		Proteobacteria	Photobacterium
NZ_CP006256_5176479..5225878	NA	49400	56	1	T4SS_MOBH	MPF_F	1	0		Proteobacteria	Pseudomonas_E
NZ_CP006644_1925688..2074084	NA	148397	153	1	profile_MOBF,profile_MOBT	MPF_F	1	0		Proteobacteria	Sphingomonas_D
NZ_CP006659_1966111..1994669	IME	28559	34	1	T4SS_MOBP2,T4SS_MOBQ	none	0	0		Proteobacteria	Klebsiella
NZ_CP006692_4231085..4295129	ICE	64045	62	1	T4SS_MOBH	MPF_F	1	0		Proteobacteria	Salmonella
NZ_CP006696_1828412..1842268	NA	13857	27	0	NA	none	0	0		Proteobacteria	Xylella
NZ_CP006704_1699947..1816630	ICE	116684	114	1	T4SS_MOBP1	MPF_T	1	0	Eex_IncN	Proteobacteria	Comamonas
NZ_CP006704_2942642..3299679	NA	357038	336	1	T4SS_MOBH,T4SS_MOBP1,profile_MOBT	MPF_T;MPF_F	2	1	Eex_IncN	Proteobacteria	Comamonas
NZ_CP006704_3455922..3543368	NA	87447	88	1	T4SS_MOBP1	MPF_T	1	0	Eex_IncN	Proteobacteria	Comamonas
NZ_CP006712_1225584..1278522	NA	52939	49	1	profile_MOBT	none	0	0		Actinobacteriota	Bifidobacterium
NZ_CP006712_1785567..1812372	NA	26806	27	1	T4SS_MOBP1	none	0	0		Actinobacteriota	Bifidobacterium
NZ_CP006722_1231804..1256779	NA	24976	20	1	T4SS_MOBP1	none	0	0		Proteobacteria	Klebsiella
NZ_CP006722_1488314..1531088	IME	42775	47	1	T4SS_MOBP1	none	0	0		Proteobacteria	Klebsiella
NZ_CP006722_1886399..1995488	ICE	109090	63	1	T4SS_MOBC	MPF_T	1	0	Eex_IncN	Proteobacteria	Klebsiella
NZ_CP006764_735186..751275	IME	16090	14	0	NA	none	0	0		Actinobacteriota	Corynebacterium
NZ_CP006770_1113592..1197336	NA	83745	84	1	T4SS_MOBQ,profile_MOBT	none	0	1		Firmicutes	Streptococcus
NZ_CP006828_2084273..2170507	ICE	86235	82	1	T4SS_MOBP1	none	0	0		Bacteroidota	Ornithobacterium
NZ_CP006841_2054188..2085188	NA	31001	43	1	profile_MOBF	none	0	0		Actinobacteriota	Corynebacterium
NZ_CP006850_2684204..2696014	NA	11811	17	0	NA	none	0	0		Actinobacteriota	Nocardia
NZ_CP006872_4381295..4391366	NA	10072	18	1	profile_MOBT	none	0	0		Firmicutes	Paenibacillus
NZ_CP006877_3125451..3176841	NA	51391	48	1	T4SS_MOBQ,T4SS_MOBV	MPF_T	1	0		Proteobacteria	Rhizobium
NZ_CP006903_786747..832537	NA	45791	88	0	NA	none	0	1		Firmicutes_A	Clostridium
NZ_CP006910_384739..424122	NA	39384	37	1	T4SS_MOBP1,profile_MOBF	MPF_FA	1	3		Firmicutes	Streptococcus
NZ_CP006918_1876539..1904024	IME	27486	29	1	T4SS_MOBQ	none	0	0		Proteobacteria	Klebsiella
NZ_CP006923_1875215..1902700	IME	27486	30	1	T4SS_MOBQ	none	0	0		Proteobacteria	Klebsiella
NZ_CP006923_740709..797338	NA	56630	65	1	T4SS_MOBH,profile_MOBT	MPF_F	1	0		Proteobacteria	Klebsiella
NZ_CP006929_2826399..2870902	ICE	44504	48	1	T4SS_MOBC,profile_MOBT	MPF_T	1	0	Eex_IncN	Proteobacteria	Dickeya
NZ_CP006929_3161166..3214170	NA	53005	53	1	T4SS_MOBP1	none	0	0		Proteobacteria	Dickeya
NZ_CP006947_2338447..2486176	ICE	147730	137	1	T4SS_MOBH	MPF_F	1	0	EexR	Proteobacteria	Vibrio
NZ_CP006949_58319..118454	NA	60136	67	1	profile_MOBM,profile_MOBT	none	0	0		Chloroflexota	Dehalococcoides
NZ_CP006956_243598..304351	ICE	60754	68	1	T4SS_MOBH	MPF_F	1	0		Proteobacteria	Bibersteinia
NZ_CP006999_1230352..1273204	NA	42853	57	1	T4SS_MOBP1	MPF_T	1	0		Campylobacterota	Campylobacter
NZ_CP007014_2591336..2746640	NA	155305	138	1	T4SS_MOBH	MPF_F	1	0		Proteobacteria	Pseudomonas_E
NZ_CP007016_201319..216182	NA	14864	23	1	profile_MOBT	none	0	1		Firmicutes	Streptococcus
NZ_CP007030_1203385..1266869	ICE	63485	65	1	T4SS_MOBH	MPF_F	1	0		Proteobacteria	Thiomicrospira
NZ_CP007034_1619495..1692084	IME	72590	67	1	T4SS_MOBV	none	0	0		Bacteroidota	Barnesiella
NZ_CP007034_2867491..2955026	ICE	87536	71	1	T4SS_MOBP1	none	0	0		Bacteroidota	Barnesiella
NZ_CP007034_547126..617984	IME	70859	55	1	T4SS_MOBP1	none	0	0		Bacteroidota	Barnesiella
NZ_CP007034_897689..966989	IME	69301	54	1	T4SS_MOBP1,profile_MOBT	none	0	0		Bacteroidota	Barnesiella
NZ_CP007035_1270346..1308642	NA	38297	47	1	T4SS_MOBP1	none	0	0		Bacteroidota	Niabella
NZ_CP007040_188746..243668	ICE	54923	69	1	T4SS_MOBH	MPF_F	1	0		Proteobacteria	Pasteurella
NZ_CP007044_1912567..1919838	NA	7272	9	1	T4SS_MOBH	none	0	0		Proteobacteria	Chania
NZ_CP007044_391559..446895	NA	55337	69	1	T4SS_MOBH	MPF_F	1	0		Proteobacteria	Chania
NZ_CP007062_2205947..2343109	NA	137163	171	1	T4SS_MOBQ,T4SS_MOBV	MPF_T	1	0		Fusobacteriota	Fusobacterium
NZ_CP007062_410125..449463	NA	39339	44	1	T4SS_MOBQ	MPF_T	1	1		Fusobacteriota	Fusobacterium
NZ_CP007064_1563112..1605710	NA	42599	47	1	T4SS_MOBQ	MPF_T	1	1		Fusobacteriota	Fusobacterium
NZ_CP007142_5229280..5243864	NA	14585	20	1	T4SS_MOBC,T4SS_MOBQ	none	0	0		Proteobacteria	Gynuella
NZ_CP007147_2684203..2769071	ICE	84869	104	1	T4SS_MOBH	MPF_F	1	0		Proteobacteria	Pseudomonas
NZ_CP007153_5325583..5342558	NA	16976	17	0	NA	none	0	0		Actinobacteriota	Streptomyces
NZ_CP007153_5367858..5384263	NA	16406	23	0	NA	none	0	0		Actinobacteriota	Streptomyces
NZ_CP007153_5798462..5811403	NA	12942	17	0	NA	none	0	0		Actinobacteriota	Streptomyces
NZ_CP007155_7883805..7922849	NA	39045	32	0	NA	none	0	0		Actinobacteriota	Kutzneria
NZ_CP007201_1658801..1910259	ICE	251459	301	0	NA	MPF_F	1	0		Campylobacterota	Sulfurospirillum
NZ_CP007206_1968062..1998395	NA	30334	30	1	T4SS_MOBP1	none	0	0		Bacteroidota	Flavobacterium
NZ_CP007208_1340643..1376584	NA	35942	35	1	T4SS_MOBH	none	0	0		Firmicutes	Staphylococcus
NZ_CP007215_4409050..4446000	ICE	36951	38	1	T4SS_MOBC	MPF_T	1	0	Eex_IncN	Proteobacteria	Kosakonia
NZ_CP007215_948687..993746	IME	45060	46	0	NA	none	0	0		Proteobacteria	Kosakonia
NZ_CP007230_3467900..3512389	NA	44490	69	0	NA	none	0	0		Proteobacteria	Yersinia
NZ_CP007241_855126..879976	IME	24851	23	1	profile_MOBT	MPF_FA	1	7		Firmicutes	Streptococcus
NZ_CP007243_1996427..2010377	NA	13951	18	1	profile_MOBF	none	0	0		Nitrospirota_A	Leptospirillum_A
NZ_CP007243_615261..635175	NA	19915	18	1	profile_MOBF	none	0	0		Nitrospirota_A	Leptospirillum_A
NZ_CP007391_3927650..4189436	ICE	261787	282	1	profile_MOBF	MPF_F	1	1	TraS	Proteobacteria	Escherichia
NZ_CP007410_4261172..4401716	ICE	140545	133	1	T4SS_MOBH,profile_MOBT	MPF_F	1	0		Proteobacteria	Pseudomonas_E
NZ_CP007445_2856732..3042896	ICE	186165	188	1	T4SS_MOBH	MPF_F	1	0		Proteobacteria	Gilliamella
NZ_CP007448_937479..953538	NA	16060	19	1	T4SS_MOBH	none	0	0		Proteobacteria	Yersinia
NZ_CP007452_1288282..1310928	NA	22647	20	0	NA	none	0	0		Firmicutes_A	Peptoclostridium_A
NZ_CP007452_440077..677374	ICE	237298	230	1	T4SS_MOBC,T4SS_MOBP1	MPF_FA	1	11		Firmicutes_A	Peptoclostridium_A
NZ_CP007456_1418297..1490512	NA	72216	69	1	T4SS_MOBP1	none	0	1		Actinobacteriota	Bifidobacterium
NZ_CP007471_1630173..1792923	ICE	162751	174	0	NA	none	0	0		Proteobacteria	Haemophilus
NZ_CP007497_808718..964358	ICE	155641	159	1	T4SS_MOBP1,profile_MOBT	MPF_FA	1	21		Firmicutes	Streptococcus
NZ_CP007499_364134..467599	ICE	103466	117	1	profile_MOBT	MPF_FA	1	8		Firmicutes	Staphylococcus
NZ_CP007509_3314532..3368223	IME	53692	74	0	NA	none	0	0		Proteobacteria	Pseudomonas_A
NZ_CP007511_3121980..3242780	ICE	120801	121	1	T4SS_MOBH	MPF_F	1	0		Proteobacteria	Pseudomonas_A
NZ_CP007519_894611..920506	IME	25896	22	1	T4SS_MOBV	none	0	0		Actinobacteriota	Trueperella
NZ_CP007539_739705..797107	NA	57403	63	1	profile_MOBT	MPF_FA	1	6	DUF4467	Firmicutes	Staphylococcus
NZ_CP007547_1535819..1652136	NA	116318	118	1	T4SS_MOBP1	MPF_T	1	1		Bacteroidota	Elizabethkingia
NZ_CP007547_1652224..1761250	ICE	109027	110	1	T4SS_MOBP1	MPF_T	1	2		Bacteroidota	Elizabethkingia
NZ_CP007547_3359007..3582112	ICE	223106	200	1	T4SS_MOBP1	none	0	0		Bacteroidota	Elizabethkingia
NZ_CP007547_615189..689259	ICE	74071	90	1	T4SS_MOBP1	none	0	1		Bacteroidota	Elizabethkingia
NZ_CP007557_3309732..3430730	NA	120999	124	1	T4SS_MOBP1	MPF_T	1	0	Eex_IncN	Proteobacteria	Citrobacter
NZ_CP007570_1816539..1904930	ICE	88392	106	1	T4SS_MOBH,profile_MOBT	MPF_FA	1	7		Firmicutes	Streptococcus
NZ_CP007570_247263..256119	NA	8857	13	1	T4SS_MOBV	none	0	0		Firmicutes	Streptococcus
NZ_CP007570_583111..654901	ICE	71791	66	1	T4SS_MOBP1	MPF_FA	1	8		Firmicutes	Streptococcus
NZ_CP007571_1810168..1873645	ICE	63478	64	1	T4SS_MOBH,profile_MOBT	MPF_FA	1	7		Firmicutes	Streptococcus
NZ_CP007571_1917477..1930260	NA	12784	16	1	T4SS_MOBC,profile_MOBT	none	0	0		Firmicutes	Streptococcus
NZ_CP007571_245712..254567	NA	8856	13	1	T4SS_MOBV	none	0	0		Firmicutes	Streptococcus
NZ_CP007571_682856..750192	ICE	67337	58	1	T4SS_MOBP1	MPF_F	1	9		Firmicutes	Streptococcus
NZ_CP007572_1831215..1897112	ICE	65898	62	1	T4SS_MOBH,profile_MOBT	MPF_FA	1	7		Firmicutes	Streptococcus
NZ_CP007572_1928892..1941118	NA	12227	19	1	T4SS_MOBC,profile_MOBT	none	0	0		Firmicutes	Streptococcus
NZ_CP007572_192991..269371	NA	76381	80	1	T4SS_MOBV	none	0	0		Firmicutes	Streptococcus
NZ_CP007572_693329..713233	IME	19905	17	1	T4SS_MOBP1,T4SS_MOBQ,profile_MOBF	none	0	3		Firmicutes	Streptococcus
NZ_CP007573_756572..855220	ICE	98649	82	1	T4SS_MOBP1,T4SS_MOBQ	MPF_FA	1	10		Firmicutes	Streptococcus
NZ_CP007574_6901130..6960085	NA	58956	45	1	T4SS_MOBP1	none	0	0		Actinobacteriota	Streptomyces
NZ_CP007574_7148788..7219793	NA	71006	76	1	T4SS_MOBP1	none	0	0		Actinobacteriota	Streptomyces
NZ_CP007584_3059660..3082803	IME	23144	27	1	T4SS_MOBQ	none	0	0		Proteobacteria	Salmonella
NZ_CP007593_671050..681953	NA	10904	13	1	T4SS_MOBP1	none	0	0		Firmicutes	Streptococcus
NZ_CP007594_3051610..3069054	NA	17445	15	1	T4SS_MOBP1	none	0	0		Proteobacteria	Escherichia
NZ_CP007607_3796944..3841045	NA	44102	64	1	T4SS_MOBC,profile_MOBT	none	0	0		Firmicutes	Bacillus_A
NZ_CP007607_925902..957073	NA	31172	41	1	T4SS_MOBC	none	0	0		Firmicutes	Bacillus_A
NZ_CP007631_1303092..1360194	IME	57103	55	1	T4SS_MOBP1	MPF_FA	1	10		Firmicutes	Streptococcus
NZ_CP007631_232035..241174	NA	9140	14	1	T4SS_MOBV	none	0	0		Firmicutes	Streptococcus
NZ_CP007631_575779..709724	ICE	133946	139	1	profile_MOBT	MPF_FA	1	7		Firmicutes	Streptococcus
NZ_CP007632_1961990..1988312	NA	26323	28	1	profile_MOBT	none	0	0		Firmicutes	Streptococcus
NZ_CP007686_1106264..1159578	ICE	53315	47	1	profile_MOBM,profile_MOBT	MPF_FA	1	8		Firmicutes	Listeria
NZ_CP007699_4253433..4264191	NA	10759	16	0	NA	none	0	0		Actinobacteriota	Streptomyces
NZ_CP007699_5515174..5530802	NA	15629	15	0	NA	none	0	0		Actinobacteriota	Streptomyces
NZ_CP007712_2521556..3083185	ICE	561630	548	1	profile_MOBT	none	0	0		Proteobacteria	Acinetobacter
NZ_CP007715_1013208..1082867	ICE	69660	67	1	T4SS_MOBH	MPF_F	1	1		Proteobacteria	Actinobacillus
NZ_CP007727_4563040..4622287	NA	59248	68	1	T4SS_MOBH,profile_MOBT	MPF_F	1	0		Proteobacteria	Klebsiella
NZ_CP007783_2077771..2286007	NA	208237	191	1	T4SS_MOBP1	MPF_T	1	0		Proteobacteria	Burkholderia
NZ_CP007784_966448..1024038	NA	57591	63	1	T4SS_MOBP1,T4SS_MOBV	MPF_T	1	0		Proteobacteria	Burkholderia
NZ_CP007786_1241146..1475297	ICE	234152	227	1	T4SS_MOBP1,T4SS_MOBV	MPF_T	1	0		Proteobacteria	Burkholderia
NZ_CP007787_2178060..2361789	NA	183730	177	1	T4SS_MOBP1,profile_MOBT	MPF_T	1	0	Eex_IncN	Proteobacteria	Burkholderia
NZ_CP007810_4254770..4384951	ICE	130182	127	1	T4SS_MOBP1,profile_MOBF,profile_MOBT	MPF_T	1	0	Eex_IncN	Proteobacteria	Xanthomonas
NZ_CP008696_5244798..5349363	NA	104566	115	1	T4SS_MOBH	MPF_F	1	0		Proteobacteria	Pseudomonas_E
NZ_CP008728_272754..863135	ICE	590382	588	1	T4SS_MOBH	MPF_T	1	0		Proteobacteria	Burkholderia
NZ_CP008730_680891..724028	NA	43138	44	1	T4SS_MOBP1	none	0	0	Eex_IncN	Proteobacteria	Burkholderia
NZ_CP008739_1657845..1745231	ICE	87387	79	1	T4SS_MOBH	MPF_F	1	0		Proteobacteria	Pseudomonas
NZ_CP008739_2134527..2178848	ICE	44322	44	1	T4SS_MOBH	MPF_F	1	0		Proteobacteria	Pseudomonas
NZ_CP008739_853495..992284	NA	138790	128	1	T4SS_MOBP1	MPF_T	1	0		Proteobacteria	Pseudomonas
NZ_CP008742_1839334..1863784	IME	24451	22	1	T4SS_MOBP1	none	0	0		Proteobacteria	Pseudomonas_E
NZ_CP008742_5909308..5956120	NA	46813	48	0	NA	none	0	0		Proteobacteria	Pseudomonas_E
NZ_CP008743_1026016..1083536	NA	57521	58	1	T4SS_MOBQ	MPF_F	1	0		Proteobacteria	Nucleicultrix
NZ_CP008754_2335613..2413830	NA	78218	60	0	NA	none	0	0		Proteobacteria	Burkholderia
NZ_CP008760_3560977..3680396	NA	119420	131	1	T4SS_MOBH	MPF_F	1	0		Proteobacteria	Paraburkholderia
NZ_CP008760_7033..169363	NA	162331	143	1	profile_MOBT	none	0	1		Proteobacteria	Paraburkholderia
NZ_CP008788_4661234..4716378	ICE	55145	55	1	T4SS_MOBC	MPF_T	1	0	Eex_IncN	Proteobacteria	Klebsiella
NZ_CP008788_4870877..4910672	IME	39796	43	1	T4SS_MOBP1	none	0	1		Proteobacteria	Klebsiella
NZ_CP008801_2927012..3055674	ICE	128663	124	1	profile_MOBF	MPF_F	1	0		Proteobacteria	Escherichia
NZ_CP008810_1830651..1855874	NA	25224	24	1	T4SS_MOBP1	MPF_T	1	0		Campylobacterota	Campylobacter
NZ_CP008813_566786..637345	ICE	70560	73	1	profile_MOBT	MPF_FA	1	18		Firmicutes	Streptococcus
NZ_CP008816_1059829..1114701	ICE	54873	50	1	profile_MOBT	MPF_FA	1	7		Firmicutes	Enterococcus
NZ_CP008819_674815..785835	NA	111021	119	1	T4SS_MOBP1	MPF_T	1	0		Proteobacteria	Ochrobactrum
NZ_CP008821_1008929..1057668	ICE	48740	52	1	T4SS_MOBP1	none	0	0		Firmicutes	Listeria
NZ_CP008834_652859..661382	NA	8524	9	1	T4SS_MOBV	none	0	0		Proteobacteria	Burkholderia
NZ_CP008835_2531496..2616743	NA	85248	68	0	NA	none	0	0		Proteobacteria	Burkholderia
NZ_CP008849_307243..386052	NA	78810	81	1	profile_MOBM	none	0	0		Proteobacteria	Alteromonas
NZ_CP008855_2782138..2793525	NA	11388	18	1	profile_MOBT	none	0	0		Firmicutes	Neobacillus
NZ_CP008856_4532468..4535664	NA	3197	2	1	T4SS_MOBH	none	0	0		Proteobacteria	Pseudomonas
NZ_CP008856_5221858..5338071	ICE	116214	131	1	T4SS_MOBH	MPF_F	1	0		Proteobacteria	Pseudomonas
NZ_CP008857_3269423..3355117	ICE	85695	103	1	T4SS_MOBH	MPF_F	1	0		Proteobacteria	Pseudomonas
NZ_CP008857_6928303..7146932	ICE	218630	212	1	T4SS_MOBP1	MPF_T	1	0	Eex_IncN	Proteobacteria	Pseudomonas
NZ_CP008858_5314589..5418165	ICE	103577	117	1	T4SS_MOBH	MPF_F	1	0		Proteobacteria	Pseudomonas
NZ_CP008860_5258436..5361673	ICE	103238	117	1	T4SS_MOBH	MPF_F	1	0		Proteobacteria	Pseudomonas
NZ_CP008860_5517023..5535833	IME	18811	16	1	T4SS_MOBQ,T4SS_MOBV	none	0	0		Proteobacteria	Pseudomonas
NZ_CP008861_3361731..3467299	NA	105569	100	1	T4SS_MOBP1	MPF_T	1	0	Eex_IncN	Proteobacteria	Pseudomonas
NZ_CP008861_5739208..5820841	ICE	81634	93	1	T4SS_MOBH	MPF_F	1	0		Proteobacteria	Pseudomonas
NZ_CP008862_1207510..1325095	ICE	117586	127	1	T4SS_MOBH	MPF_F	1	0		Proteobacteria	Pseudomonas
NZ_CP008864_2652992..2720149	NA	67158	62	1	T4SS_MOBP1	MPF_T	1	0	Eex_IncN	Proteobacteria	Pseudomonas
NZ_CP008865_3283683..3331524	NA	47842	58	0	NA	none	0	0		Proteobacteria	Pseudomonas
NZ_CP008865_3906524..4063924	ICE	157401	155	1	T4SS_MOBP1	MPF_T	1	0	Eex_IncN	Proteobacteria	Pseudomonas
NZ_CP008865_4715709..4827366	ICE	111658	128	1	T4SS_MOBH	MPF_F	1	0		Proteobacteria	Pseudomonas
NZ_CP008865_5091614..5212245	ICE	120632	118	1	T4SS_MOBH,profile_MOBT	MPF_F	1	0		Proteobacteria	Pseudomonas
NZ_CP008865_5573693..5659002	ICE	85310	102	1	T4SS_MOBH	MPF_F	1	0		Proteobacteria	Pseudomonas
NZ_CP008866_3158632..3206474	NA	47843	58	0	NA	none	0	0		Proteobacteria	Pseudomonas
NZ_CP008866_5456109..5543956	ICE	87848	115	1	T4SS_MOBH	MPF_F	1	0		Proteobacteria	Pseudomonas
NZ_CP008867_925928..938303	NA	12376	20	0	NA	none	0	0		Proteobacteria	Pseudomonas
NZ_CP008868_6168538..6322885	NA	154348	165	1	T4SS_MOBH	MPF_F	1	0	Eex_IncN	Proteobacteria	Pseudomonas
NZ_CP008869_5440677..5533836	ICE	93160	105	1	T4SS_MOBH	MPF_F	1	0		Proteobacteria	Pseudomonas
NZ_CP008869_6551045..6561491	NA	10447	21	0	NA	none	0	0		Proteobacteria	Pseudomonas
NZ_CP008869_884851..897823	NA	12973	27	0	NA	none	0	0		Proteobacteria	Pseudomonas
NZ_CP008870_1353554..1597568	ICE	244015	219	1	T4SS_MOBP1	MPF_T	1	1	Eex_IncN	Proteobacteria	Pseudomonas
NZ_CP008870_3486532..3601748	ICE	115217	121	1	T4SS_MOBH	MPF_F	1	0		Proteobacteria	Pseudomonas
NZ_CP008870_5107015..5201681	ICE	94667	94	1	T4SS_MOBH,profile_MOBT	MPF_F	1	0		Proteobacteria	Pseudomonas
NZ_CP008871_4687981..4791112	ICE	103132	127	1	T4SS_MOBH	MPF_F	1	0		Proteobacteria	Pseudomonas
NZ_CP008871_5053830..5184310	ICE	130481	133	1	T4SS_MOBH,profile_MOBT	MPF_F	1	0		Proteobacteria	Pseudomonas
NZ_CP008873_5469280..5587900	ICE	118621	122	1	T4SS_MOBH	MPF_F	1	0		Proteobacteria	Pseudomonas
NZ_CP008876_1651467..1673495	NA	22029	23	0	NA	none	0	0		Firmicutes	Terribacillus
NZ_CP008886_444499..453429	IME	8931	9	1	T4SS_MOBQ	none	0	0		Proteobacteria	Klebsiella
NZ_CP008896_2028198..2193954	ICE	165757	160	1	profile_MOBF	none	0	0		Proteobacteria	Pseudomonas_E
NZ_CP008902_523841..554143	NA	30303	31	1	T4SS_MOBP1	none	0	0		Bacteroidota	Flavobacterium
NZ_CP008909_2460938..2482922	NA	21985	24	1	T4SS_MOBP1	none	0	0		Proteobacteria	Burkholderia
NZ_CP008921_259352..266175	NA	6824	8	1	profile_MOBT	none	0	0		Firmicutes	Streptococcus
NZ_CP008921_550284..568056	NA	17773	17	1	T4SS_MOBP1	none	0	0		Firmicutes	Streptococcus
NZ_CP008929_5176327..5297023	ICE	120697	105	1	T4SS_MOBC	MPF_T	1	0	Eex_IncN	Proteobacteria	Klebsiella
NZ_CP008934_2399293..2413920	NA	14628	16	1	T4SS_MOBH	none	0	0		Firmicutes	Geobacillus
NZ_CP008941_1421031..1606135	NA	185105	165	1	T4SS_MOBQ,profile_MOBT	none	0	0		Proteobacteria	Paracaedibacter
NZ_CP008941_158097..332876	ICE	174780	123	1	T4SS_MOBQ	none	0	0		Proteobacteria	Paracaedibacter
NZ_CP008943_1220666..1233456	NA	12791	13	1	T4SS_MOBQ	none	0	0		Proteobacteria	Yersinia
NZ_CP008992_1252949..1259595	NA	6647	7	1	T4SS_MOBQ	none	0	0		Proteobacteria	Xanthomonas
NZ_CP009007_1671373..1760558	NA	89186	80	1	T4SS_MOBC,T4SS_MOBQ	none	0	0		Proteobacteria	Xanthomonas
NZ_CP009010_1252944..1259590	NA	6647	7	1	T4SS_MOBQ	none	0	0		Proteobacteria	Xanthomonas
NZ_CP009016_1252960..1259606	NA	6647	7	1	T4SS_MOBQ	none	0	0		Proteobacteria	Xanthomonas
NZ_CP009054_589633..622606	IME	32974	33	0	NA	none	0	0		Firmicutes	Lactococcus
NZ_CP009110_13403..26729	NA	13327	19	0	NA	none	0	0		Actinobacteriota	Amycolatopsis
NZ_CP009110_1751275..1762801	NA	11527	13	0	NA	none	0	0		Actinobacteriota	Amycolatopsis
NZ_CP009110_4838154..4849687	AICE	11534	12	0	NA	none	0	0		Actinobacteriota	Amycolatopsis
NZ_CP009110_545090..561552	NA	16463	21	0	NA	none	0	0		Actinobacteriota	Amycolatopsis
NZ_CP009110_6915617..6927905	NA	12289	14	0	NA	none	0	0		Actinobacteriota	Amycolatopsis
NZ_CP009114_2675897..2733886	NA	57990	64	1	T4SS_MOBH,profile_MOBT	MPF_F	1	0		Proteobacteria	Klebsiella
NZ_CP009122_2503422..2529614	NA	26193	26	1	T4SS_MOBQ	none	0	0		Proteobacteria	Sphingopyxis
NZ_CP009122_2532206..2541820	NA	9615	12	1	T4SS_MOBQ	none	0	0		Proteobacteria	Sphingopyxis
NZ_CP009122_286928..412441	NA	125514	121	1	profile_MOBF,profile_MOBT	MPF_F	1	0		Proteobacteria	Sphingopyxis
NZ_CP009122_4510128..4539080	NA	28953	14	1	T4SS_MOBQ,profile_MOBM	none	0	0		Proteobacteria	Sphingopyxis
NZ_CP009122_4587582..4602421	NA	14840	18	1	T4SS_MOBQ,profile_MOBT	none	0	0		Proteobacteria	Sphingopyxis
NZ_CP009122_54605..66520	NA	11916	12	1	T4SS_MOBQ	none	0	0		Proteobacteria	Sphingopyxis
NZ_CP009124_1934096..1976393	NA	42298	48	1	T4SS_MOBP1	none	0	1		Actinobacteriota	Streptomyces
NZ_CP009124_3569845..3602566	NA	32722	33	1	T4SS_MOBP1	none	0	0		Actinobacteriota	Streptomyces
NZ_CP009125_1849129..1865896	NA	16768	21	1	T4SS_MOBQ	none	0	0		Proteobacteria	Pectobacterium
NZ_CP009129_61719..70337	IME	8619	9	0	NA	none	0	0		Firmicutes	Planococcus
NZ_CP009157_285791..387462	ICE	101672	90	1	T4SS_MOBH	MPF_F	1	0		Proteobacteria	Burkholderia
NZ_CP009157_3194458..3226542	IME	32085	34	1	T4SS_MOBQ,profile_MOBT	none	0	0		Proteobacteria	Burkholderia
NZ_CP009161_3513859..3596216	IME	82358	78	1	profile_MOBF	none	0	0		Proteobacteria	Burkholderia
NZ_CP009209_1325903..1343051	NA	17149	19	1	T4SS_MOBP1	none	0	0		Proteobacteria	Burkholderia
NZ_CP009223_875976..937502	NA	61527	80	1	T4SS_MOBH,profile_MOBT	none	0	0		Firmicutes	Weissella
NZ_CP009230_2249222..2263148	NA	13927	15	0	NA	none	0	0		Proteobacteria	Aggregatibacter
NZ_CP009235_1097088..1111075	NA	13988	20	1	T4SS_MOBP1,T4SS_MOBQ,T4SS_MOBV	none	0	0		Proteobacteria	Burkholderia
NZ_CP009240_1592631..1673448	IME	80818	76	1	T4SS_MOBQ	none	0	1		Firmicutes_C	Megasphaera
NZ_CP009240_1822953..2040553	ICE	217601	236	1	T4SS_MOBQ,profile_MOBT	MPF_T	1	1		Firmicutes_C	Megasphaera
NZ_CP009240_308532..315025	NA	6494	8	1	T4SS_MOBQ	none	0	0		Firmicutes_C	Megasphaera
NZ_CP009242_1338715..1397775	NA	59061	58	1	T4SS_MOBC,profile_MOBT	MPF_FA	1	7		Firmicutes	Listeria
NZ_CP009244_514867..557530	IME	42664	37	0	NA	none	0	0		Actinobacteriota	Corynebacterium
NZ_CP009246_68300..89161	NA	20862	15	1	profile_MOBF	none	0	0		Actinobacteriota	Corynebacterium
NZ_CP009256_751391..791604	IME	40214	36	1	T4SS_MOBQ	none	0	0		Proteobacteria	Acinetobacter
NZ_CP009257_2538974..2553398	IME	14425	15	1	T4SS_MOBQ	none	0	0		Proteobacteria	Acinetobacter
NZ_CP009261_285693..299877	NA	14185	13	1	profile_MOBF	none	0	0		Proteobacteria	Vibrio
NZ_CP009274_1153767..1213137	IME	59371	63	1	T4SS_MOBP1	none	0	0		Proteobacteria	Klebsiella
NZ_CP009278_3273538..3513993	NA	240456	219	1	T4SS_MOBP1	none	0	1		Bacteroidota	Sphingobacterium
NZ_CP009278_3876872..4100545	ICE	223674	204	1	T4SS_MOBC,T4SS_MOBP1	none	0	0		Bacteroidota	Sphingobacterium
NZ_CP009278_4308897..4316165	NA	7269	10	1	T4SS_MOBP1	none	0	0		Bacteroidota	Sphingobacterium
NZ_CP009278_5784..96574	NA	90791	90	1	T4SS_MOBP1	none	0	0		Bacteroidota	Sphingobacterium
NZ_CP009281_4998636..5005639	NA	7004	7	0	NA	none	0	0		Firmicutes	Paenibacillus
NZ_CP009283_2280984..2361610	NA	80627	73	0	NA	none	0	0		Firmicutes	Paenibacillus
NZ_CP009291_1575177..1595597	IME	20421	20	1	profile_MOBF	none	0	0		Proteobacteria	Novosphingobium
NZ_CP009291_961755..1132279	ICE	170525	159	1	profile_MOBF	MPF_F	1	0		Proteobacteria	Novosphingobium
NZ_CP009297_1529166..1825945	ICE	296780	201	1	T4SS_MOBC	none	0	0		Proteobacteria	Burkholderia
NZ_CP009300_2042253..2067800	NA	25548	34	1	T4SS_MOBC	none	0	0		Firmicutes	Bacillus_A
NZ_CP009300_613152..685023	NA	71872	94	1	profile_MOBM	none	0	0		Firmicutes	Bacillus_A
NZ_CP009301_102076..108344	NA	6269	7	1	T4SS_MOBP1	none	0	0		Bacteroidota	Dokdonia
NZ_CP009301_1888332..1918083	NA	29752	27	1	T4SS_MOBP1	none	0	0		Bacteroidota	Dokdonia
NZ_CP009302_1301015..1322083	IME	21069	21	0	NA	none	0	0		Actinobacteriota	Berryella
NZ_CP009323_461..109650	NA	109190	109	1	T4SS_MOBP1,T4SS_MOBV,profile_MOBT	MPF_T	1	0		Proteobacteria	Burkholderia
NZ_CP009338_414047..493471	NA	79425	60	1	T4SS_MOBC	none	0	0		Proteobacteria	Burkholderia
NZ_CP009360_2108556..2113324	NA	4769	4	0	NA	none	0	0		Actinobacteriota	Mycobacterium
NZ_CP009360_3861921..3874886	NA	12966	8	1	profile_MOBF	none	0	0		Actinobacteriota	Mycobacterium
NZ_CP009365_240499..364957	ICE	124459	147	1	T4SS_MOBH,profile_MOBT	MPF_F	1	0		Proteobacteria	Pseudomonas_E
NZ_CP009365_627457..712050	ICE	84594	84	1	T4SS_MOBH	MPF_F	1	0		Proteobacteria	Pseudomonas_E
NZ_CP009367_102524..105740	NA	3217	5	1	T4SS_MOBH	none	0	0		Proteobacteria	Yersinia
NZ_CP009367_397912..413666	IME	15755	17	1	T4SS_MOBQ	none	0	0		Proteobacteria	Yersinia
NZ_CP009369_2609613..2687743	NA	78131	101	0	NA	none	0	0		Firmicutes	Bacillus_A
NZ_CP009415_1418652..1435540	NA	16889	24	0	NA	none	0	0		Firmicutes	Izemoplasma_B
NZ_CP009418_113173..193661	NA	80489	83	1	profile_MOBT	none	0	0		Proteobacteria	Neisseria
NZ_CP009418_723621..753306	IME	29686	22	0	NA	none	0	0		Proteobacteria	Neisseria
NZ_CP009421_795428..982958	ICE	187531	192	1	profile_MOBT	none	0	0		Proteobacteria	Neisseria
NZ_CP009428_1584056..1628125	NA	44070	36	0	NA	none	0	0		Firmicutes	Paenibacillus
NZ_CP009429_1037245..1078131	NA	40887	44	1	profile_MOBF	none	0	0		Proteobacteria	Sphingopyxis
NZ_CP009429_4259348..4494685	NA	235338	229	1	T4SS_MOBP1	MPF_T	1	0	Eex_IncN	Proteobacteria	Sphingopyxis
NZ_CP009429_848249..861960	NA	13712	14	1	T4SS_MOBQ	none	0	0		Proteobacteria	Sphingopyxis
NZ_CP009438_3562644..3577634	NA	14991	17	0	NA	none	0	0		Actinobacteriota	Streptomyces
NZ_CP009440_266876..281428	NA	14553	15	1	T4SS_MOBC	none	0	0		Proteobacteria	Francisella
NZ_CP009444_1569528..1587439	NA	17912	14	1	T4SS_MOBC	none	0	0		Proteobacteria	Francisella
NZ_CP009450_1317513..1325966	NA	8454	12	1	T4SS_MOBP1	none	0	0		Proteobacteria	Pluralibacter
NZ_CP009450_1618833..1729441	ICE	110609	101	1	T4SS_MOBP2,T4SS_MOBQ	none	0	0		Proteobacteria	Pluralibacter
NZ_CP009450_5078206..5085229	NA	7024	10	1	T4SS_MOBP1	none	0	0		Proteobacteria	Pluralibacter
NZ_CP009452_174951..216158	NA	41208	33	1	T4SS_MOBQ	none	0	0		Proteobacteria	Sphingopyxis
NZ_CP009452_1857841..1887223	NA	29383	26	1	T4SS_MOBQ,profile_MOBT	none	0	0		Proteobacteria	Sphingopyxis
NZ_CP009452_4089109..4150786	NA	61678	73	1	T4SS_MOBP1,profile_MOBM	MPF_T	1	0	Eex_IncN	Proteobacteria	Sphingopyxis
NZ_CP009452_4187049..4216078	NA	29030	32	1	T4SS_MOBP1,profile_MOBT	MPF_T	1	0		Proteobacteria	Sphingopyxis
NZ_CP009454_1522307..1544651	NA	22345	24	1	T4SS_MOBP1	none	0	0		Proteobacteria	Pantoea
NZ_CP009454_4261524..4314886	NA	53363	60	1	T4SS_MOBH	MPF_F	1	0		Proteobacteria	Pantoea
NZ_CP009456_601369..620356	IME	18988	18	1	T4SS_MOBQ	none	0	0		Proteobacteria	Yersinia
NZ_CP009460_4524450..4560569	ICE	36120	38	1	T4SS_MOBC	MPF_T	1	0	Eex_IncN	Proteobacteria	Dickeya
NZ_CP009492_4183570..4252686	NA	69117	69	0	NA	none	0	0		Proteobacteria	Yersinia
NZ_CP009534_3612857..3636297	IME	23441	25	1	T4SS_MOBQ	none	0	0		Proteobacteria	Acinetobacter
NZ_CP009545_1995406..2013400	IME	17995	15	0	NA	none	0	0		Proteobacteria	Burkholderia
NZ_CP009551_3544357..3633089	NA	88733	78	1	T4SS_MOBP1,T4SS_MOBV	MPF_T	1	0		Proteobacteria	Burkholderia
NZ_CP009574_32469..38323	NA	5855	5	1	T4SS_MOBC	none	0	0		Proteobacteria	Francisella
NZ_CP009588_354823..434233	NA	79411	60	1	T4SS_MOBC	none	0	0		Proteobacteria	Burkholderia
NZ_CP009612_1041596..1097947	ICE	56352	49	1	T4SS_MOBP1,profile_MOBT	MPF_FA	1	9		Firmicutes	Streptococcus
NZ_CP009621_98590..253336	NA	154747	126	1	T4SS_MOBP1,T4SS_MOBV,profile_MOBT	none	0	0		Bacteroidota	Pontibacter
NZ_CP009623_176379..235169	NA	58791	84	1	profile_MOBT	MPF_FA	1	6	DUF4467	Firmicutes	Staphylococcus
NZ_CP009632_264628..766177	ICE	501550	450	1	T4SS_MOBP1,T4SS_MOBV,profile_MOBT	MPF_T	1	0		Proteobacteria	Burkholderia
NZ_CP009678_1054126..1067857	NA	13732	14	1	T4SS_MOBH	none	0	0		Proteobacteria	Pectobacterium
NZ_CP009681_2128888..2312407	ICE	183520	214	1	profile_MOBT	MPF_FA	1	7		Firmicutes	Staphylococcus
NZ_CP009728_845467..878786	NA	33320	26	1	T4SS_MOBC	none	0	0		Proteobacteria	Burkholderia
NZ_CP009746_5565483..5576315	NA	10833	11	1	T4SS_MOBV	none	0	0		Firmicutes	Bacillus_A
NZ_CP009754_4140698..4171362	NA	30665	38	1	T4SS_MOBP1	none	0	0		Actinobacteriota	Streptomyces
NZ_CP009754_4544336..4561610	NA	17275	20	0	NA	none	0	0		Actinobacteriota	Streptomyces
NZ_CP009754_5140631..5167206	NA	26576	27	0	NA	none	0	0		Actinobacteriota	Streptomyces
NZ_CP009754_5806146..5815722	NA	9577	12	0	NA	none	0	0		Actinobacteriota	Streptomyces
NZ_CP009754_6310724..6318553	NA	7830	7	0	NA	none	0	0		Actinobacteriota	Streptomyces
NZ_CP009761_994373..1096074	ICE	101702	93	1	T4SS_MOBP1,T4SS_MOBQ,profile_MOBT	MPF_FA	1	12		Firmicutes_A	Parvimonas
NZ_CP009765_2934593..2950887	NA	16295	19	1	T4SS_MOBP1	none	0	0		Proteobacteria	Vibrio
NZ_CP009769_1700522..1775780	ICE	75259	79	1	T4SS_MOBC,T4SS_MOBQ	MPF_T	1	0	Eex_IncN	Proteobacteria	Pectobacterium
NZ_CP009769_526478..534043	NA	7566	8	1	T4SS_MOBC	none	0	0		Proteobacteria	Pectobacterium
NZ_CP009771_3473517..3611166	ICE	137650	91	1	T4SS_MOBC	MPF_T	1	0	Eex_IncN	Proteobacteria	Klebsiella
NZ_CP009771_3627974..3655459	IME	27486	30	1	T4SS_MOBQ	none	0	0		Proteobacteria	Klebsiella
NZ_CP009771_4725904..4784625	NA	58722	66	1	T4SS_MOBH,profile_MOBT	MPF_F	1	0		Proteobacteria	Klebsiella
NZ_CP009775_3429929..3562951	ICE	133023	93	1	T4SS_MOBC	MPF_T	1	0	Eex_IncN	Proteobacteria	Klebsiella
NZ_CP009775_3573682..3602367	IME	28686	31	1	T4SS_MOBQ	none	0	0		Proteobacteria	Klebsiella
NZ_CP009787_122756..153408	IME	30653	33	1	T4SS_MOBQ	none	0	0		Proteobacteria	Yersinia
NZ_CP009790_1638932..1673512	NA	34581	35	1	T4SS_MOBH	none	0	0		Proteobacteria	Xylella
NZ_CP009798_2958993..3067732	NA	108740	104	1	T4SS_MOBP1	MPF_T	1	0	Eex_IncN	Proteobacteria	Burkholderia
NZ_CP009801_1030048..1042004	IME	11957	12	1	T4SS_MOBP1	none	0	0		Proteobacteria	Yersinia
NZ_CP009801_3881097..3911368	IME	30272	34	1	T4SS_MOBP3,T4SS_MOBQ	none	0	0		Proteobacteria	Yersinia
NZ_CP009802_3292669..3314444	NA	21776	22	0	NA	none	0	0		Actinobacteriota	Streptomyces
NZ_CP009802_5349549..5357688	NA	8140	9	0	NA	none	0	0		Actinobacteriota	Streptomyces
NZ_CP009802_5476960..5489711	NA	12752	18	0	NA	none	0	0		Actinobacteriota	Streptomyces
NZ_CP009826_1307320..1341748	NA	34429	37	1	T4SS_MOBH	none	0	0		Proteobacteria	Xylella
NZ_CP009829_1381087..1415269	NA	34183	35	1	T4SS_MOBH	none	0	0		Proteobacteria	Xylella
NZ_CP009832_1035792..1064120	NA	28329	31	1	T4SS_MOBH,profile_MOBT	MPF_F	1	0		Proteobacteria	Burkholderia
NZ_CP009840_301792..370192	NA	68401	68	0	NA	none	0	0		Proteobacteria	Yersinia
NZ_CP009863_2672015..2834320	NA	162306	164	1	profile_MOBT	none	0	0		Proteobacteria	Klebsiella
NZ_CP009872_3457613..3485098	IME	27486	29	1	T4SS_MOBQ	none	0	0		Proteobacteria	Klebsiella
NZ_CP009880_2681596..2788499	NA	106904	99	1	T4SS_MOBP1	MPF_T	1	0	Eex_IncN	Proteobacteria	Pantoea
NZ_CP009885_1399531..1497444	NA	97914	104	1	T4SS_MOBH	MPF_F	1	0		Proteobacteria	Xylella
NZ_CP009887_2755579..2782222	NA	26644	25	1	T4SS_MOBP1	none	0	0		Bacteroidota	Cellulophaga
NZ_CP009907_198580..205320	NA	6741	10	1	profile_MOBT	none	0	0		Firmicutes	Lactobacillus
NZ_CP009928_4350327..4415476	IME	65150	59	1	T4SS_MOBC,T4SS_MOBV	none	0	0		Bacteroidota	Chryseobacterium
NZ_CP009928_982..233496	ICE	232515	202	1	T4SS_MOBP1	none	0	0		Bacteroidota	Chryseobacterium
NZ_CP009933_2081322..2094534	NA	13213	15	1	T4SS_MOBP1	none	0	0		Firmicutes_A	Clostridium_AM
NZ_CP009985_697239..932313	ICE	235075	198	1	T4SS_MOBP1,profile_MOBT	none	0	0		Proteobacteria	Vibrio
NZ_CP009997_2281206..2353034	ICE	71829	84	1	T4SS_MOBH	MPF_F	1	0		Proteobacteria	Yersinia
NZ_CP010025_168661..220001	NA	51341	45	0	NA	none	0	0		Proteobacteria	Paraburkholderia
NZ_CP010026_3287684..3339474	IME	51791	53	1	profile_MOBF	none	0	0		Proteobacteria	Paraburkholderia
NZ_CP010026_3360466..3372706	NA	12241	15	1	T4SS_MOBP1,T4SS_MOBQ	none	0	0		Proteobacteria	Paraburkholderia
NZ_CP010026_644486..675629	NA	31144	44	1	profile_MOBT	none	0	0	Eex_IncN	Proteobacteria	Paraburkholderia
NZ_CP010086_3896429..3966895	NA	70467	74	1	T4SS_MOBQ	none	0	0		Firmicutes_A	Clostridium
NZ_CP010103_1231308..1253961	IME	22654	19	1	T4SS_MOBC,profile_MOBT	none	0	0		Proteobacteria	Francisella
NZ_CP010122_1316967..1319722	NA	2756	2	1	T4SS_MOBH	none	0	0		Proteobacteria	Escherichia
NZ_CP010125_2662211..2730777	ICE	68567	53	1	T4SS_MOBC	MPF_T	1	0	Eex_IncN	Proteobacteria	Escherichia
NZ_CP010133_1712765..1781033	ICE	68269	68	1	T4SS_MOBH,profile_MOBT	MPF_F	1	0		Proteobacteria	Escherichia
NZ_CP010140_807952..858240	IME	50289	72	1	T4SS_MOBP1	none	0	0		Proteobacteria	Escherichia
NZ_CP010143_4607464..4724856	ICE	117393	126	1	T4SS_MOBP1	MPF_T	1	0	Eex_IncN	Proteobacteria	Escherichia
NZ_CP010150_4252030..4276711	NA	24682	26	1	T4SS_MOBQ	none	0	0		Proteobacteria	Escherichia
NZ_CP010160_1318503..1357866	IME	39364	37	1	T4SS_MOBP1	none	0	1		Proteobacteria	Escherichia
NZ_CP010170_1306650..1353647	NA	46998	52	1	T4SS_MOBP1	none	0	0		Proteobacteria	Escherichia
NZ_CP010170_2053729..2070383	NA	16655	9	0	NA	none	0	0		Proteobacteria	Escherichia
NZ_CP010186_1254875..1601882	ICE	347008	315	1	profile_MOBT	none	0	2		Proteobacteria	Escherichia
NZ_CP010213_833263..920712	ICE	87450	89	1	T4SS_MOBH	MPF_F	1	0		Proteobacteria	Escherichia
NZ_CP010221_1591596..1875591	ICE	283996	259	1	profile_MOBT	none	0	2		Proteobacteria	Escherichia
NZ_CP010221_39330..127219	ICE	87890	89	1	T4SS_MOBH	MPF_F	1	0		Proteobacteria	Escherichia
NZ_CP010226_1383489..1404201	IME	20713	19	1	T4SS_MOBQ	none	0	0		Proteobacteria	Escherichia
NZ_CP010309_1563541..1739931	ICE	176391	172	1	profile_MOBT	MPF_FA	1	6	DUF4467	Firmicutes	Staphylococcus
NZ_CP010319_1162333..1200948	NA	38616	39	1	T4SS_MOBP1	none	0	0		Firmicutes	Streptococcus
NZ_CP010327_3459011..3700397	NA	241387	225	1	T4SS_MOBP1,profile_MOBT	none	0	0		Bacteroidota	Flavobacterium
NZ_CP010346_1112942..1146709	IME	33768	41	1	T4SS_MOBP1,profile_MOBM	none	0	0		Firmicutes	Listeria
NZ_CP010349_834758..916315	IME	81558	61	1	T4SS_MOBC	none	0	0		Proteobacteria	Burkholderia
NZ_CP010350_1441285..1657920	NA	216636	234	1	T4SS_MOBQ	none	0	1		Proteobacteria	Acinetobacter
NZ_CP010350_393244..397859	NA	4616	4	0	NA	none	0	0		Proteobacteria	Acinetobacter
NZ_CP010359_1099636..1199390	ICE	99755	104	1	T4SS_MOBH	MPF_F	1	0		Proteobacteria	Pseudomonas_E
NZ_CP010359_3094783..3147672	NA	52890	57	1	T4SS_MOBP1	MPF_T	1	0		Proteobacteria	Pseudomonas_E
NZ_CP010376_3932342..4029507	ICE	97166	101	1	T4SS_MOBH,profile_MOBT	MPF_F	1	0		Proteobacteria	Enterobacter
NZ_CP010377_3488794..3520381	IME	31588	31	1	T4SS_MOBP1	none	0	0		Proteobacteria	Enterobacter
NZ_CP010407_2585173..2593551	NA	8379	10	0	NA	none	0	0		Actinobacteriota	Streptomyces
NZ_CP010407_2629924..2650095	NA	20172	27	0	NA	none	0	0		Actinobacteriota	Streptomyces
NZ_CP010407_4428683..4446039	NA	17357	21	0	NA	none	0	0		Actinobacteriota	Streptomyces
NZ_CP010407_6349853..6356971	NA	7119	8	1	T4SS_MOBP1	none	0	0		Actinobacteriota	Streptomyces
NZ_CP010407_7465410..7507042	NA	41633	40	1	T4SS_MOBP1	none	0	0		Actinobacteriota	Streptomyces
NZ_CP010445_614676..729232	ICE	114557	118	1	profile_MOBF	MPF_F	1	0		Proteobacteria	Escherichia
NZ_CP010449_1025118..1175400	ICE	150283	167	1	T4SS_MOBP1,profile_MOBT	MPF_FA	1	15		Firmicutes	Streptococcus
NZ_CP010453_1248215..1484068	ICE	235854	211	1	T4SS_MOBP1,profile_MOBT	MPF_FA	1	7		Actinobacteriota	Bifidobacterium
NZ_CP010453_896607..900662	NA	4056	4	1	T4SS_MOBV	none	0	0		Actinobacteriota	Bifidobacterium
NZ_CP010528_799934..837852	IME	37919	28	1	T4SS_MOBP1	none	0	1		Firmicutes	Lactiplantibacillus
NZ_CP010535_2834337..2858515	NA	24179	25	1	T4SS_MOBP1	none	0	0		Bacteroidota	Sediminicola
NZ_CP010535_3130407..3212048	ICE	81642	67	1	T4SS_MOBB	none	0	0		Bacteroidota	Sediminicola
NZ_CP010537_663805..822801	ICE	158997	151	1	T4SS_MOBH	MPF_F	1	0		Proteobacteria	Cupriavidus
NZ_CP010554_1864302..1937659	ICE	73358	63	1	profile_MOBF	MPF_T	1	0		Proteobacteria	Rugosibacter
NZ_CP010554_536511..598793	ICE	62283	60	1	T4SS_MOBP1	MPF_T	1	0	Eex_IncN	Proteobacteria	Rugosibacter
NZ_CP010554_899551..1062079	ICE	162529	154	1	T4SS_MOBH,T4SS_MOBP3	MPF_F	1	0		Proteobacteria	Rugosibacter
NZ_CP010555_5486878..5572127	ICE	85250	109	1	T4SS_MOBH	MPF_F	1	0		Proteobacteria	Pseudomonas
NZ_CP010577_4592192..4617148	NA	24957	24	1	profile_MOBT	none	0	0		Firmicutes	Bacillus_A
NZ_CP010588_157761..170571	NA	12811	17	1	T4SS_MOBP1	none	0	0		Proteobacteria	Phaeobacter
NZ_CP010595_2359759..2421488	ICE	61730	62	1	T4SS_MOBP1,T4SS_MOBQ	MPF_T	1	0		Proteobacteria	Phaeobacter
NZ_CP010599_3545753..3557937	NA	12185	13	1	T4SS_MOBP1	none	0	0		Proteobacteria	Phaeobacter
NZ_CP010617_165378..181313	IME	15936	16	1	T4SS_MOBP1	none	0	0		Proteobacteria	Phaeobacter
NZ_CP010643_1397707..1408750	NA	11044	10	1	T4SS_MOBV	none	0	0		Proteobacteria	Phaeobacter
NZ_CP010643_2785308..2795767	NA	10460	8	1	T4SS_MOBV	none	0	0		Proteobacteria	Phaeobacter
NZ_CP010656_3141439..3151135	NA	9697	12	1	T4SS_MOBV	none	0	0		Proteobacteria	Phaeobacter
NZ_CP010668_176668..205611	IME	28944	26	1	T4SS_MOBQ	none	0	0		Proteobacteria	Phaeobacter
NZ_CP010668_2505509..2513843	NA	8335	8	0	NA	none	0	0		Proteobacteria	Phaeobacter
NZ_CP010673_1075635..1209324	NA	133690	165	1	T4SS_MOBC,T4SS_MOBP1,T4SS_MOBQ,T4SS_MOBV,profile_MOBT	MPF_T	1	0		Proteobacteria	Phaeobacter
NZ_CP010681_2167186..2198625	NA	31440	39	1	T4SS_MOBP1,T4SS_MOBQ,profile_MOBT	MPF_T	1	0		Proteobacteria	Phaeobacter
NZ_CP010767_1790691..1856601	IME	65911	77	1	T4SS_MOBP1	none	0	0		Proteobacteria	Phaeobacter
NZ_CP010767_3327203..3339525	NA	12323	8	1	T4SS_MOBP1	none	0	0		Proteobacteria	Phaeobacter
NZ_CP010783_1742473..1834347	NA	91875	85	1	T4SS_MOBH,profile_MOBT	none	0	2		Firmicutes	Streptococcus
NZ_CP010784_1075635..1173906	NA	98272	114	1	T4SS_MOBC,T4SS_MOBP1,T4SS_MOBQ,T4SS_MOBV,profile_MOBT	MPF_T	1	0		Proteobacteria	Phaeobacter
NZ_CP010799_1194620..1229021	NA	34402	27	1	T4SS_MOBP1,T4SS_MOBV	none	0	0		Proteobacteria	Ralstonia
NZ_CP010817_1424108..1613973	NA	189866	163	1	T4SS_MOBP1	none	0	0		Bacteroidota	Flavobacterium
NZ_CP010817_3016291..3024054	NA	7764	8	1	T4SS_MOBB	none	0	0		Bacteroidota	Flavobacterium
NZ_CP010820_3154701..3203821	NA	49121	63	1	T4SS_MOBP1,T4SS_MOBP2	MPF_FA	1	3		Firmicutes	Lysinibacillus
NZ_CP010833_3575797..3586975	NA	11179	16	0	NA	none	0	0		Actinobacteriota	Streptomyces
NZ_CP010833_3851034..3856281	NA	5248	5	0	NA	none	0	0		Actinobacteriota	Streptomyces
NZ_CP010836_1173270..1233577	NA	60308	54	1	T4SS_MOBQ	none	0	0		Proteobacteria	Sphingomonas
NZ_CP010836_2855409..2871541	IME	16133	18	1	T4SS_MOBQ	none	0	0		Proteobacteria	Sphingomonas
NZ_CP010848_2048856..2061654	NA	12799	22	0	NA	none	0	0		Actinobacteriota	Rathayibacter
NZ_CP010849_2394988..2411458	NA	16471	16	0	NA	none	0	0		Actinobacteriota	Streptomyces
NZ_CP010849_4180034..4192871	NA	12838	16	0	NA	none	0	0		Actinobacteriota	Streptomyces
NZ_CP010849_5205426..5225060	AICE	19635	22	0	NA	none	0	0		Actinobacteriota	Streptomyces
NZ_CP010867_568713..671703	ICE	102991	100	1	profile_MOBT	MPF_FA	1	7		Firmicutes	Streptococcus
NZ_CP010875_1641757..1693115	ICE	51359	56	1	T4SS_MOBH	MPF_FA	1	5		Firmicutes	Streptococcus
NZ_CP010884_1216539..1221280	NA	4742	3	1	T4SS_MOBP1	none	0	0		Proteobacteria	Vibrio
NZ_CP010884_138425..152078	IME	13654	8	1	T4SS_MOBP1	none	0	0		Proteobacteria	Vibrio
NZ_CP010884_869762..948075	NA	78314	79	1	profile_MOBT	none	0	0		Proteobacteria	Vibrio
NZ_CP010888_94917..205460	NA	110544	103	1	profile_MOBT	MPF_FA	1	6		Firmicutes_A	Clostridioides
NZ_CP010892_3693591..3887131	NA	193541	164	1	T4SS_MOBP1	MPF_T	1	0	Eex_IncN	Proteobacteria	Pseudomonas_E
NZ_CP010892_3937595..4013242	NA	75648	97	1	T4SS_MOBP1,profile_MOBT	MPF_T	1	0	Eex_IncN	Proteobacteria	Pseudomonas_E
NZ_CP010899_254015..281318	NA	27304	28	1	T4SS_MOBH	none	0	0		Firmicutes	Spiroplasma
NZ_CP010905_2203821..2629868	ICE	426048	393	1	T4SS_MOBC,profile_MOBT	none	0	0		Firmicutes_A	Clostridioides
NZ_CP010905_3771777..4041557	ICE	269781	252	1	profile_MOBT	MPF_FA	1	8		Firmicutes_A	Clostridioides
NZ_CP010905_470632..684477	ICE	213846	182	1	T4SS_MOBP1,profile_MOBT	MPF_FA	1	12		Firmicutes_A	Clostridioides
NZ_CP010945_1443831..1489108	ICE	45278	47	1	profile_MOBF	none	0	0		Proteobacteria	Pseudomonas_E
NZ_CP010954_2397400..2456835	NA	59436	55	1	profile_MOBF,profile_MOBM	none	0	0		Proteobacteria	Sphingobium
NZ_CP010954_3128330..3149537	NA	21208	22	1	profile_MOBF	none	0	0		Proteobacteria	Sphingobium
NZ_CP010954_341255..482608	NA	141354	138	1	T4SS_MOBP1	MPF_T	1	0		Proteobacteria	Sphingobium
NZ_CP010954_3793317..4001136	ICE	207820	201	1	profile_MOBF,profile_MOBT	MPF_F	1	0		Proteobacteria	Sphingobium
NZ_CP010989_1608832..1619217	NA	10386	14	0	NA	none	0	0		Actinobacteriota	Pseudonocardia
NZ_CP010989_3576793..3604260	NA	27468	28	1	profile_MOBF	none	0	0		Actinobacteriota	Pseudonocardia
NZ_CP010989_5779612..5792269	NA	12658	15	0	NA	none	0	0		Actinobacteriota	Pseudonocardia
NZ_CP010993_2879111..2943554	ICE	64444	56	1	profile_MOBT	none	0	0		Firmicutes_A	Clostridium_P
NZ_CP010995_1070960..1144598	NA	73639	80	1	T4SS_MOBP1,T4SS_MOBQ	MPF_T	1	0		Campylobacterota	Campylobacter
NZ_CP010997_613353..686343	NA	72991	72	1	profile_MOBT	none	0	0		Firmicutes	Bacillus
NZ_CP011007_548556..579437	NA	30882	36	1	profile_MOBT	MPF_FA	1	7		Firmicutes	Bacillus
NZ_CP011013_1130104..1312089	ICE	181986	182	1	T4SS_MOBP2	none	0	1		Firmicutes	Limosilactobacillus
NZ_CP011013_188757..204922	NA	16166	16	1	T4SS_MOBP1	none	0	0		Firmicutes	Limosilactobacillus
NZ_CP011018_414339..438190	NA	23852	26	1	T4SS_MOBQ	none	0	0		Proteobacteria	Escherichia
NZ_CP011020_5532483..5658744	ICE	126262	129	1	T4SS_MOBH,profile_MOBT	MPF_F	1	0		Proteobacteria	Pseudomonas_E
NZ_CP011025_1735306..1745618	NA	10313	11	1	profile_MOBF	none	0	0		Proteobacteria	Pseudoalteromonas
NZ_CP011028_1143392..1149461	NA	6070	7	1	T4SS_MOBC	none	0	0		Proteobacteria	Pseudoalteromonas
NZ_CP011028_2081148..2149234	NA	68087	47	1	T4SS_MOBH	none	0	0		Proteobacteria	Pseudoalteromonas
NZ_CP011028_571463..585570	NA	14108	19	0	NA	none	0	0		Proteobacteria	Pseudoalteromonas
NZ_CP011036_2033038..2079304	IME	46267	33	1	T4SS_MOBH	none	0	0		Proteobacteria	Pseudoalteromonas
NZ_CP011041_2343244..2399291	IME	56048	43	1	T4SS_MOBV	none	0	0		Proteobacteria	Pseudoalteromonas
NZ_CP011052_2654271..2732267	IME	77997	65	0	NA	none	0	0		Proteobacteria	Halomonas
NZ_CP011052_3970409..3981812	NA	11404	18	0	NA	none	0	0		Proteobacteria	Halomonas
NZ_CP011052_4174691..4211573	NA	36883	33	1	T4SS_MOBH	none	0	0		Proteobacteria	Halomonas
NZ_CP011059_1587939..1682866	ICE	94928	88	1	T4SS_MOBP1	none	0	1		Bacteroidota	Elizabethkingia
NZ_CP011068_1076582..1094647	NA	18066	21	1	T4SS_MOBQ	none	0	1		Firmicutes	Streptococcus
NZ_CP011069_1066550..1108671	NA	42122	38	1	T4SS_MOBQ	none	0	1		Firmicutes	Streptococcus
NZ_CP011071_1862446..1924995	NA	62550	61	1	T4SS_MOBB	none	0	0		Bacteroidota	Muricauda_A
NZ_CP011072_2709219..2925020	ICE	215802	207	1	T4SS_MOBH	MPF_F	1	0		Proteobacteria	Aromatoleum
NZ_CP011072_4894159..5067957	NA	173799	166	1	T4SS_MOBH,profile_MOBT	MPF_F	1	0		Proteobacteria	Aromatoleum
NZ_CP011073_2165864..2174548	NA	8685	14	1	T4SS_MOBB,T4SS_MOBP1	none	0	0		Bacteroidota	Bacteroides
NZ_CP011073_3502134..3532213	NA	30080	23	1	T4SS_MOBB,T4SS_MOBP1	none	0	0		Bacteroidota	Bacteroides
NZ_CP011073_4559038..4572190	NA	13153	9	1	T4SS_MOBB,T4SS_MOBP1	none	0	0		Bacteroidota	Bacteroides
NZ_CP011073_4823954..4840021	NA	16068	18	1	T4SS_MOBP1,T4SS_MOBQ	none	0	0		Bacteroidota	Bacteroides
NZ_CP011073_561200..635402	ICE	74203	70	1	T4SS_MOBP1	none	0	0		Bacteroidota	Bacteroides
NZ_CP011099_1679600..1917567	ICE	237968	250	1	T4SS_MOBH	none	0	1		Proteobacteria	Mannheimia
NZ_CP011100_2517318..2574737	NA	57420	51	0	NA	none	0	0		Proteobacteria	Aeromonas
NZ_CP011102_2264726..2315915	IME	51190	56	1	T4SS_MOBP1	none	0	0		Firmicutes	Listeria_A
NZ_CP011102_2384417..2440672	IME	56256	53	1	T4SS_MOBP1	none	0	0		Firmicutes	Listeria_A
NZ_CP011105_2699594..2828163	ICE	128570	135	1	T4SS_MOBP1	MPF_T	1	0		Proteobacteria	Legionella
NZ_CP011112_4994027..5001926	NA	7900	12	0	NA	none	0	0		Actinobacteriota	Luteipulveratus
NZ_CP011130_1254417..1274873	IME	20457	19	1	T4SS_MOBQ	none	0	0		Proteobacteria	Lysobacter
NZ_CP011132_2116326..2194641	ICE	78316	83	1	T4SS_MOBH	MPF_F	1	0		Proteobacteria	Citrobacter_A
NZ_CP011132_2202092..2249271	ICE	47180	41	1	T4SS_MOBC	MPF_T	1	0	Eex_IncN	Proteobacteria	Citrobacter_A
NZ_CP011132_3650766..3701669	NA	50904	56	1	T4SS_MOBH	MPF_F	1	0		Proteobacteria	Citrobacter_A
NZ_CP011132_5429588..5517629	ICE	88042	92	1	T4SS_MOBH	MPF_F	1	0		Proteobacteria	Citrobacter_A
NZ_CP011144_1273006..1314151	NA	41146	40	1	T4SS_MOBP1	MPF_T	1	0	Eex_IncN	Proteobacteria	Pseudoxanthomonas
NZ_CP011145_261549..302403	NA	40855	30	1	profile_MOBT	none	0	0		Firmicutes	Bacillus_A
NZ_CP011160_1138583..1201898	IME	63316	66	1	T4SS_MOBQ	none	0	0		Proteobacteria	Xanthomonas
NZ_CP011250_4010076..4249879	NA	239804	199	1	T4SS_MOBP1	none	0	0	Eex_IncN	Proteobacteria	Xanthomonas
NZ_CP011252_649959..732925	ICE	82967	83	1	profile_MOBT	MPF_FA	1	8		Firmicutes	Bacillus
NZ_CP011254_770289..841724	NA	71436	78	1	T4SS_MOBH,profile_MOBM	MPF_F	1	0		Proteobacteria	Serratia_A
NZ_CP011256_1441048..1586451	ICE	145404	137	1	T4SS_MOBP1,profile_MOBT	MPF_T	1	0	Eex_IncN	Proteobacteria	Xanthomonas
NZ_CP011256_2579484..2634438	NA	54955	55	1	T4SS_MOBQ	none	0	0		Proteobacteria	Xanthomonas
NZ_CP011256_556090..613122	NA	57033	49	1	T4SS_MOBQ	none	0	0		Proteobacteria	Xanthomonas
NZ_CP011270_4358949..4399895	IME	40947	52	0	NA	none	0	0		Planctomycetota	Planctomyces_A
NZ_CP011271_1748343..1768585	IME	20243	22	1	profile_MOBF	none	0	0		Planctomycetota	Gemmata
NZ_CP011286_811669..814887	NA	3219	5	1	T4SS_MOBH	none	0	0		Proteobacteria	Yersinia
NZ_CP011288_1225503..1236142	IME	10640	12	1	T4SS_MOBQ	none	0	0		Proteobacteria	Salmonella
NZ_CP011288_3939768..3966023	IME	26256	25	1	T4SS_MOBP1	none	0	0		Proteobacteria	Salmonella
NZ_CP011288_782874..793830	IME	10957	14	1	T4SS_MOBH,profile_MOBT	none	0	0		Proteobacteria	Salmonella
NZ_CP011303_1584936..1661691	ICE	76756	79	1	T4SS_MOBC	MPF_T	1	0	Eex_IncN	Proteobacteria	Serratia
NZ_CP011306_1254402..1417288	ICE	162887	142	1	T4SS_MOBQ,T4SS_MOBV	none	0	0		Proteobacteria	Stenotrophomonas
NZ_CP011307_2461468..2479583	NA	18116	19	1	T4SS_MOBV	none	0	0		Firmicutes_A	Intestinimonas
NZ_CP011307_2710578..2791753	IME	81176	74	1	T4SS_MOBP1	none	0	3		Firmicutes_A	Intestinimonas
NZ_CP011307_689939..729253	IME	39315	35	1	T4SS_MOBV,profile_MOBT	none	0	0		Firmicutes_A	Intestinimonas
NZ_CP011310_2744192..2798826	NA	54635	48	1	profile_MOBF,profile_MOBT	MPF_T	1	0		Proteobacteria	Alteraurantiacibacter
NZ_CP011310_8901..149011	ICE	140111	136	1	profile_MOBF,profile_MOBT	MPF_F	1	0		Proteobacteria	Alteraurantiacibacter
NZ_CP011310_972801..1146027	ICE	173227	172	1	profile_MOBF	MPF_F	1	0		Proteobacteria	Alteraurantiacibacter
NZ_CP011317_3159459..3643381	ICE	483923	399	1	T4SS_MOBP1,profile_MOBT	MPF_T	1	0	Eex_IncN	Proteobacteria	Pseudomonas
NZ_CP011317_5528051..5617544	ICE	89494	87	1	T4SS_MOBH,profile_MOBT	MPF_F	1	0		Proteobacteria	Pseudomonas
NZ_CP011317_6087900..6172252	ICE	84353	95	1	T4SS_MOBH	MPF_F	1	0		Proteobacteria	Pseudomonas
NZ_CP011318_1876511..1894579	IME	18069	22	1	T4SS_MOBP1	none	0	0		Bacteroidota	Maribacter
NZ_CP011319_3350529..3390546	NA	40018	40	1	T4SS_MOBH	MPF_F	1	0		Proteobacteria	Janthinobacterium
NZ_CP011329_230311..239167	NA	8857	13	1	T4SS_MOBV	none	0	0		Firmicutes	Streptococcus
NZ_CP011329_944851..1030440	NA	85590	83	1	profile_MOBT	MPF_FA	1	7		Firmicutes	Streptococcus
NZ_CP011331_3872172..3907108	NA	34937	32	1	T4SS_MOBH	none	0	0		Proteobacteria	Escherichia
NZ_CP011341_2321217..2326181	NA	4965	8	0	NA	none	0	0		Actinobacteriota	Rhodococcus
NZ_CP011344_1306769..1334486	NA	27718	27	1	T4SS_MOBP1,profile_MOBT	none	0	0		Proteobacteria	Alteriqipengyuania
NZ_CP011344_2445903..2560964	ICE	115062	106	1	profile_MOBF	MPF_F	1	0		Proteobacteria	Alteriqipengyuania
NZ_CP011349_3377269..3420768	NA	43500	57	1	T4SS_MOBC	none	0	0		Firmicutes	Bacillus_A
NZ_CP011360_8399993..8477180	NA	77188	81	1	T4SS_MOBP1,profile_MOBT	none	0	0		Proteobacteria	Bradyrhizobium
NZ_CP011361_2256825..2326301	NA	69477	68	1	T4SS_MOBP1,T4SS_MOBP2,profile_MOBT	MPF_FA	1	2		Firmicutes	Salimicrobium
NZ_CP011365_4640406..4642941	NA	2536	2	1	T4SS_MOBH	none	0	0		Proteobacteria	Salmonella
NZ_CP011367_1334767..1337246	NA	2480	3	1	T4SS_MOBH	none	0	0		Proteobacteria	Thioalkalivibrio
NZ_CP011412_3450903..3458496	NA	7594	10	1	profile_MOBF	none	0	0		Proteobacteria	Sedimenticola
NZ_CP011419_1105623..1136734	IME	31112	36	1	T4SS_MOBP1,T4SS_MOBV,profile_MOBT	none	0	4		Firmicutes	Streptococcus
NZ_CP011419_246807..251765	NA	4959	4	1	T4SS_MOBC	none	0	0		Firmicutes	Streptococcus
NZ_CP011452_2030293..2091014	NA	60722	62	1	T4SS_MOBP1	none	0	0		Proteobacteria	Croceibacterium
NZ_CP011477_3081012..3226533	ICE	145522	146	1	T4SS_MOBH	MPF_F	1	0		Proteobacteria	IMCC21906
NZ_CP011483_1158332..1264058	ICE	105727	96	1	T4SS_MOBP1	MPF_T	1	0		Campylobacterota	Helicobacter
NZ_CP011492_3626424..3639779	NA	13356	17	0	NA	none	0	0		Actinobacteriota	Streptomyces
NZ_CP011492_3702494..3709393	NA	6900	6	1	T4SS_MOBP1	none	0	0		Actinobacteriota	Streptomyces
NZ_CP011492_8007790..8033632	NA	25843	25	1	profile_MOBF	none	0	0		Actinobacteriota	Streptomyces
NZ_CP011508_3700632..3708268	NA	7637	13	0	NA	none	0	0		Proteobacteria	Pseudomonas_E
NZ_CP011522_4083519..4099286	NA	15768	16	1	profile_MOBT	none	0	0		Actinobacteriota	Streptomyces
NZ_CP011522_4216162..4236785	AICE	20624	21	0	NA	none	0	0		Actinobacteriota	Streptomyces
NZ_CP011524_1407581..1532631	NA	125051	141	1	T4SS_MOBP1,profile_MOBT	MPF_FA	1	6		Firmicutes_A	Intestinimonas
NZ_CP011524_2423471..2432281	NA	8811	8	1	T4SS_MOBV,profile_MOBT	none	0	0		Firmicutes_A	Intestinimonas
NZ_CP011524_2933989..2962221	IME	28233	24	1	T4SS_MOBV	none	0	0		Firmicutes_A	Intestinimonas
NZ_CP011530_1950843..1984554	NA	33712	47	1	profile_MOBT	none	0	0		Actinobacteriota	Mycobacterium
NZ_CP011530_2571718..2581093	NA	9376	10	0	NA	none	0	0		Actinobacteriota	Mycobacterium
NZ_CP011530_345820..378327	NA	32508	34	0	NA	none	0	0		Actinobacteriota	Mycobacterium
NZ_CP011530_3940401..3964674	NA	24274	35	0	NA	none	0	0		Actinobacteriota	Mycobacterium
NZ_CP011531_1866321..1880167	NA	13847	13	1	T4SS_MOBP1	none	0	0		Bacteroidota	Phocaeicola
NZ_CP011531_1963073..1997725	NA	34653	30	1	T4SS_MOBP1,T4SS_MOBQ	none	0	0		Bacteroidota	Phocaeicola
NZ_CP011531_2985572..2996188	NA	10617	13	1	T4SS_MOBP1	none	0	0		Bacteroidota	Phocaeicola
NZ_CP011531_4084211..4172072	NA	87862	100	1	T4SS_MOBP1	none	0	0		Bacteroidota	Phocaeicola
NZ_CP011531_4589612..4646024	IME	56413	51	1	T4SS_MOBP1	none	0	1		Bacteroidota	Phocaeicola
NZ_CP011531_4775041..4780958	NA	5918	5	1	T4SS_MOBV	none	0	0		Bacteroidota	Phocaeicola
NZ_CP011531_912222..921785	NA	9564	12	1	T4SS_MOBP1	none	0	0		Bacteroidota	Phocaeicola
NZ_CP011536_1146782..1165901	NA	19120	18	1	profile_MOBT	none	0	0		Firmicutes	Limosilactobacillus
NZ_CP011538_586567..633990	NA	47424	38	0	NA	none	0	0		Firmicutes	Metamycoplasma
NZ_CP011539_530095..667829	ICE	137735	91	1	T4SS_MOBC	MPF_T	1	0	Eex_IncN	Proteobacteria	Klebsiella
NZ_CP011566_2203152..2316459	ICE	113308	108	1	T4SS_MOBH	MPF_F	1	0		Proteobacteria	Pseudomonas_E
NZ_CP011574_2736267..2746105	IME	9839	6	1	T4SS_MOBQ	none	0	0		Proteobacteria	Klebsiella
NZ_CP011574_4886010..5106135	ICE	220126	200	1	T4SS_MOBC,profile_MOBT	none	0	0	Eex_IncN	Proteobacteria	Klebsiella
NZ_CP011578_2652535..2710583	NA	58049	69	1	T4SS_MOBH,profile_MOBT	MPF_F	1	0		Proteobacteria	Klebsiella
NZ_CP011584_4410686..4461719	NA	51034	51	1	T4SS_MOBP1	none	0	0	Eex_IncN	Proteobacteria	Enterobacter
NZ_CP011597_1349631..1375073	NA	25443	28	1	T4SS_MOBQ	none	0	0		Proteobacteria	Klebsiella
NZ_CP011597_2929449..2957387	IME	27939	27	1	T4SS_MOBP1	none	0	0		Proteobacteria	Klebsiella
NZ_CP011602_1082236..1111481	IME	29246	32	1	T4SS_MOBQ	none	0	0		Proteobacteria	Phytobacter
NZ_CP011602_5518312..5526513	NA	8202	10	1	T4SS_MOBQ	none	0	0		Proteobacteria	Phytobacter
NZ_CP011618_1367447..1393955	NA	26509	29	1	T4SS_MOBQ	none	0	0		Proteobacteria	Klebsiella
NZ_CP011618_2949415..2978401	IME	28987	28	1	T4SS_MOBP1	none	0	0		Proteobacteria	Klebsiella
NZ_CP011642_4285746..4311679	NA	25934	27	1	T4SS_MOBP1	none	0	0		Proteobacteria	Serratia
NZ_CP011650_3075788..3113479	IME	37692	38	1	T4SS_MOBP1	none	0	0		Proteobacteria	Enterobacter
NZ_CP011662_225211..276244	NA	51034	51	1	T4SS_MOBP1	none	0	0	Eex_IncN	Proteobacteria	Enterobacter
NZ_CP011663_2678839..2758995	NA	80157	112	1	T4SS_MOBC,profile_MOBT	none	0	0		Firmicutes_A	Clostridium_F
NZ_CP011770_195298..217515	NA	22218	20	1	profile_MOBF	none	0	0		Proteobacteria	Croceicoccus
NZ_CP011770_2487769..2510372	NA	22604	20	1	T4SS_MOBQ,profile_MOBM	none	0	0		Proteobacteria	Croceicoccus
NZ_CP011770_3095362..3199474	ICE	104113	96	1	T4SS_MOBP1,T4SS_MOBQ,profile_MOBT	none	0	0		Proteobacteria	Croceicoccus
NZ_CP011770_86863..105020	NA	18158	11	1	profile_MOBF	none	0	0		Proteobacteria	Croceicoccus
NZ_CP011773_1929785..1963501	NA	33717	34	0	NA	none	0	0		Actinobacteriota	Mycobacterium
NZ_CP011773_2585938..2606994	NA	21057	18	1	profile_MOBF	none	0	0		Actinobacteriota	Mycobacterium
NZ_CP011773_934264..958163	NA	23900	26	1	profile_MOBF	none	0	0		Actinobacteriota	Mycobacterium
NZ_CP011791_2019937..2046450	IME	26514	31	1	T4SS_MOBQ	none	0	0		Proteobacteria	Salmonella
NZ_CP011798_3547140..3589655	ICE	42516	39	1	T4SS_MOBC	MPF_T	1	0	Eex_IncN	Proteobacteria	Enterobacter
NZ_CP011801_2739941..2941259	ICE	201319	217	1	profile_MOBT	MPF_F	1	1		Nitrospirota	Nitrospira_E
NZ_CP011846_2066209..2109441	IME	43233	48	0	NA	none	0	0		Firmicutes_A	Clostridioides
NZ_CP011846_356474..602480	ICE	246007	220	1	profile_MOBT	none	0	0		Firmicutes_A	Clostridioides
NZ_CP011846_3756469..4029969	ICE	273501	260	1	T4SS_MOBP1	MPF_FA	1	13		Firmicutes_A	Clostridioides
NZ_CP011847_4071217..4160421	NA	89205	96	1	T4SS_MOBB,profile_MOBT	MPF_FA	1	9		Firmicutes_A	Clostridioides
NZ_CP011848_470414..603147	ICE	132734	114	0	NA	none	0	0		Firmicutes_A	Clostridioides
NZ_CP011853_18836..84524	NA	65689	62	1	profile_MOBF	none	0	1		Actinobacteriota	Gordonia
NZ_CP011854_1431284..1438825	NA	7542	14	0	NA	none	0	0		Proteobacteria	Pseudomonas_A
NZ_CP011855_135916..191265	NA	55350	54	1	T4SS_MOBV	none	0	0		Firmicutes	Spiroplasma
NZ_CP011857_5504320..5607155	ICE	102836	132	1	T4SS_MOBH	MPF_F	1	0		Proteobacteria	Pseudomonas
NZ_CP011862_2122680..2135110	AICE	12431	16	0	NA	none	0	0		Actinobacteriota	Pseudonocardia
NZ_CP011862_4263255..4285958	NA	22704	23	1	profile_MOBF	none	0	0		Actinobacteriota	Pseudonocardia
NZ_CP011868_3003652..3039903	NA	36252	38	0	NA	none	0	0		Actinobacteriota	Pseudonocardia
NZ_CP011868_5182549..5213795	NA	31247	31	1	profile_MOBF	none	0	0		Actinobacteriota	Pseudonocardia
NZ_CP011868_5395941..5407146	NA	11206	12	0	NA	none	0	0		Actinobacteriota	Pseudonocardia
NZ_CP011868_5829018..5842471	NA	13454	12	0	NA	none	0	0		Actinobacteriota	Pseudonocardia
NZ_CP011868_638220..665177	NA	26958	32	0	NA	none	0	0		Actinobacteriota	Pseudonocardia
NZ_CP011914_2182747..2298475	NA	115729	116	1	T4SS_MOBP1	MPF_FA	1	2		Firmicutes_A	Eubacterium
NZ_CP011914_3547522..3597606	NA	50085	52	1	T4SS_MOBP1	MPF_FA	1	6		Firmicutes_A	Eubacterium
NZ_CP011915_2916785..2924970	NA	8186	8	1	T4SS_MOBQ	none	0	0		Proteobacteria	Escherichia
NZ_CP011917_3289400..3349672	NA	60273	62	1	T4SS_MOBH	MPF_F	1	0		Proteobacteria	Burkholderia
NZ_CP011927_5726871..5745072	NA	18202	19	1	T4SS_MOBP1	none	0	1		Proteobacteria	Roseibium
NZ_CP011929_2625224..2742312	ICE	117089	107	0	NA	none	0	0		Proteobacteria	Marinobacter
NZ_CP011955_2160825..2351979	NA	191155	154	1	profile_MOBT	none	0	0		Proteobacteria	Xanthomonas
NZ_CP011957_1142965..1178112	IME	35148	39	1	T4SS_MOBQ	none	0	0		Proteobacteria	Xanthomonas
NZ_CP011966_3674657..3730760	IME	56104	55	1	T4SS_MOBQ	none	0	0		Firmicutes_A	Clostridium
NZ_CP011968_2090403..2458780	ICE	368378	340	1	profile_MOBT	none	0	0		Firmicutes_A	Clostridioides
NZ_CP011968_3738610..3998606	NA	259997	243	1	profile_MOBT	MPF_FA	1	7		Firmicutes_A	Clostridioides
NZ_CP011968_394706..410047	NA	15342	14	1	profile_MOBT	none	0	0		Firmicutes_A	Clostridioides
NZ_CP011971_1772366..1864906	NA	92541	84	1	T4SS_MOBP1	MPF_T	1	0	Eex_IncN	Proteobacteria	Steroidobacter
NZ_CP011972_5507859..5511175	NA	3317	2	1	T4SS_MOBH	none	0	0		Proteobacteria	Pseudomonas_E
NZ_CP011974_1288785..1753964	NA	465180	516	1	T4SS_MOBP2,profile_MOBT	none	0	4		Firmicutes	Bacillus_I
NZ_CP011974_3698288..3921818	NA	223531	236	0	NA	none	0	1		Firmicutes	Bacillus_I
NZ_CP011975_870966..932682	NA	61717	79	1	T4SS_MOBQ	none	0	0		Proteobacteria	Yersinia
NZ_CP011976_739395..794337	NA	54943	63	1	T4SS_MOBH,profile_MOBT	MPF_F	1	0		Proteobacteria	Klebsiella
NZ_CP011980_740488..777550	NA	37063	40	1	T4SS_MOBH	MPF_F	1	0		Proteobacteria	Klebsiella
NZ_CP011985_1793384..1820869	IME	27486	29	1	T4SS_MOBQ	none	0	0		Proteobacteria	Klebsiella
NZ_CP011985_740488..797831	NA	57344	67	1	T4SS_MOBH,profile_MOBT	MPF_F	1	0		Proteobacteria	Klebsiella
NZ_CP011995_1218405..1255166	IME	36762	37	1	T4SS_MOBP1,T4SS_MOBV,profile_MOBT	none	0	0		Bacteroidota	Porphyromonas
NZ_CP011995_524183..604634	NA	80452	74	1	T4SS_MOBP1	none	0	0		Bacteroidota	Porphyromonas
NZ_CP011995_737233..791492	NA	54260	47	1	T4SS_MOBP1	none	0	0		Bacteroidota	Porphyromonas
NZ_CP011996_1138623..1167673	IME	29051	26	1	T4SS_MOBP1,T4SS_MOBV,profile_MOBT	none	0	0		Bacteroidota	Porphyromonas
NZ_CP011996_1555212..1577636	NA	22425	18	1	T4SS_MOBC,T4SS_MOBV	none	0	0		Bacteroidota	Porphyromonas
NZ_CP011996_787787..854020	NA	66234	58	1	T4SS_MOBP1,T4SS_MOBV	none	0	0		Bacteroidota	Porphyromonas
NZ_CP012002_569941..805697	NA	235757	194	1	T4SS_MOBP1	none	0	0	Eex_IncN	Proteobacteria	Xanthomonas
NZ_CP012009_1588322..1621753	NA	33432	38	1	T4SS_MOBP2	none	0	0		Firmicutes	Leuconostoc
NZ_CP012011_444051..546834	ICE	102784	110	1	profile_MOBT	MPF_FA	1	8		Firmicutes	Staphylococcus
NZ_CP012026_1361659..1395871	NA	34213	51	0	NA	none	0	0		Proteobacteria	Neisseria
NZ_CP012027_1125011..1158294	NA	33284	53	0	NA	none	0	0		Proteobacteria	Neisseria
NZ_CP012033_2455515..2469166	NA	13652	13	1	T4SS_MOBH	none	0	0		Firmicutes	Levilactobacillus
NZ_CP012034_736033..752555	NA	16523	15	1	T4SS_MOBH	none	0	0		Firmicutes	Companilactobacillus
NZ_CP012046_1276093..1567236	ICE	291144	249	1	profile_MOBT	none	0	1		Proteobacteria	Achromobacter
NZ_CP012047_1153465..1228766	NA	75302	71	0	NA	none	0	0		Firmicutes	Tetragenococcus
NZ_CP012053_2710731..2851658	ICE	140928	129	1	T4SS_MOBH	MPF_F	1	0		Proteobacteria	Xanthomonas
NZ_CP012060_1470603..1500564	NA	29962	25	1	T4SS_MOBQ	none	0	0		Proteobacteria	Xanthomonas
NZ_CP012060_3789567..3906318	ICE	116752	124	1	T4SS_MOBH,profile_MOBT	MPF_F	1	0		Proteobacteria	Xanthomonas
NZ_CP012063_3781387..3898171	ICE	116785	125	1	T4SS_MOBH,profile_MOBT	MPF_F	1	0		Proteobacteria	Xanthomonas
NZ_CP012074_1719598..1738527	NA	18930	18	1	T4SS_MOBP1,T4SS_MOBV	none	0	0		Bacteroidota	Prevotella
NZ_CP012075_1246745..1262888	IME	16144	17	1	T4SS_MOBP1	none	0	0		Bacteroidota	Prevotella
NZ_CP012075_912256..930879	NA	18624	20	1	T4SS_MOBP1,T4SS_MOBV	none	0	0		Bacteroidota	Prevotella
NZ_CP012091_3251351..3514587	ICE	263237	252	1	T4SS_MOBH	MPF_F	1	0		Proteobacteria	Salmonella
NZ_CP012091_4759407..4785590	IME	26184	32	1	T4SS_MOBP2,T4SS_MOBQ	none	0	0		Proteobacteria	Salmonella
NZ_CP012096_3167315..3201774	NA	34460	34	1	T4SS_MOBH	none	0	0		Proteobacteria	Serratia
NZ_CP012096_4392249..4455411	ICE	63163	65	1	T4SS_MOBC	MPF_T	1	0	Eex_IncN	Proteobacteria	Serratia
NZ_CP012111_671465..697378	NA	25914	35	1	T4SS_MOBP1,T4SS_MOBV	none	0	0		Proteobacteria	Acetobacter
NZ_CP012117_1564305..1614014	NA	49710	50	1	profile_MOBF	none	0	1		Actinobacteriota	Dermabacter
NZ_CP012147_1258021..1294585	IME	36565	38	1	T4SS_MOBP1	none	0	0		Nitrospirota_A	Leptospirillum_A
NZ_CP012147_2320312..2374467	IME	54156	52	1	profile_MOBF	none	0	0		Nitrospirota_A	Leptospirillum_A
NZ_CP012148_562122..755010	NA	192889	199	1	T4SS_MOBP1,T4SS_MOBP2	MPF_FA	1	2		Firmicutes	Lacticaseibacillus
NZ_CP012162_3708877..3746878	NA	38002	32	1	T4SS_MOBP1	none	0	0		Proteobacteria	Enterobacter
NZ_CP012162_4040640..4150383	ICE	109744	114	1	T4SS_MOBH,profile_MOBT	MPF_F	1	0		Proteobacteria	Enterobacter
NZ_CP012179_1734473..1784286	NA	49814	61	1	T4SS_MOBH	MPF_F	1	0		Proteobacteria	Pseudomonas_E
NZ_CP012179_5266321..5409559	NA	143239	129	1	T4SS_MOBH	MPF_F	1	0		Proteobacteria	Pseudomonas_E
NZ_CP012184_2974552..2985701	NA	11150	14	0	NA	none	0	0		Actinobacteriota	Pseudonocardia
NZ_CP012195_1539754..1605228	NA	65475	74	1	T4SS_MOBP1,T4SS_MOBQ	MPF_T	1	0	Eex_IncN	Campylobacterota	Campylobacter_B
NZ_CP012199_1618339..1641323	IME	22985	27	1	T4SS_MOBQ	none	0	0		Proteobacteria	Sphingopyxis
NZ_CP012199_184376..270638	ICE	86263	79	1	T4SS_MOBP1	MPF_T	1	0		Proteobacteria	Sphingopyxis
NZ_CP012199_2008279..2034700	NA	26422	28	1	T4SS_MOBP1,profile_MOBT	MPF_T	1	0		Proteobacteria	Sphingopyxis
NZ_CP012199_734979..740224	NA	5246	6	1	T4SS_MOBQ	none	0	0		Proteobacteria	Sphingopyxis
NZ_CP012201_1326166..1382427	NA	56262	46	0	NA	none	0	0		Proteobacteria	Pseudoduganella
NZ_CP012201_1819790..1887370	NA	67581	66	1	T4SS_MOBP1	MPF_I	1	0		Proteobacteria	Pseudoduganella
NZ_CP012202_1697816..1756051	IME	58236	37	1	T4SS_MOBH	none	0	0		Proteobacteria	Alteromonas
NZ_CP012252_1594732..1612457	IME	17726	18	1	T4SS_MOBQ,profile_MOBT	none	0	0		Proteobacteria	Klebsiella
NZ_CP012257_220889..301716	NA	80828	78	1	T4SS_MOBP1	MPF_T	1	0	Eex_IncN	Proteobacteria	Cronobacter
NZ_CP012257_573528..599871	IME	26344	28	1	T4SS_MOBP1	none	0	0		Proteobacteria	Cronobacter
NZ_CP012264_577485..600121	IME	22637	21	1	T4SS_MOBP1	none	0	0		Proteobacteria	Cronobacter
NZ_CP012269_1730601..1751643	NA	21043	20	1	T4SS_MOBH	none	0	0		Firmicutes	Pediococcus
NZ_CP012275_558959..582447	NA	23489	21	1	T4SS_MOBH	none	0	0		Firmicutes	Pediococcus
NZ_CP012283_77802..117187	NA	39386	34	1	T4SS_MOBB	none	0	0		Firmicutes	Pediococcus
NZ_CP012288_1892799..1964923	NA	72125	71	1	T4SS_MOBC,T4SS_MOBH	none	0	0		Firmicutes	Pediococcus
NZ_CP012294_1798898..1818635	NA	19738	19	1	T4SS_MOBH	none	0	0		Firmicutes	Pediococcus
NZ_CP012300_1232311..1240220	NA	7910	6	1	T4SS_MOBQ	none	0	0		Proteobacteria	Klebsiella
NZ_CP012320_3803266..4005614	ICE	202349	188	1	T4SS_MOBP1	MPF_FA	1	13		Firmicutes_A	Clostridioides
NZ_CP012321_163416..681097	ICE	517682	476	1	T4SS_MOBB,T4SS_MOBP1,profile_MOBT	MPF_FA	1	13		Firmicutes_A	Clostridioides
NZ_CP012323_3550185..3747482	ICE	197298	224	1	T4SS_MOBB,profile_MOBT	MPF_FA	1	8		Firmicutes_A	Clostridioides
NZ_CP012325_1757289..1854043	ICE	96755	100	1	T4SS_MOBC,profile_MOBT	MPF_FA	1	7		Firmicutes_A	Clostridioides
NZ_CP012325_547458..597222	NA	49765	42	0	NA	none	0	0		Firmicutes_A	Clostridioides
NZ_CP012331_2106368..2109176	NA	2809	2	1	T4SS_MOBH	none	0	0		Proteobacteria	Alcanivorax
NZ_CP012331_3860553..3863458	NA	2906	2	1	T4SS_MOBH	none	0	0		Proteobacteria	Alcanivorax
NZ_CP012344_4077347..4092238	NA	14892	15	1	T4SS_MOBP1	none	0	0		Proteobacteria	Salmonella
NZ_CP012349_1826891..1849690	IME	22800	26	1	T4SS_MOBQ	none	0	0		Proteobacteria	Salmonella
NZ_CP012349_4095749..4165998	ICE	70250	65	1	T4SS_MOBH,profile_MOBT	MPF_F	1	0		Proteobacteria	Salmonella
NZ_CP012358_1476245..1558459	ICE	82215	94	1	T4SS_MOBH	MPF_F	1	0		Proteobacteria	Oblitimonas
NZ_CP012358_2288600..2324961	IME	36362	37	1	T4SS_MOBH	none	0	0		Proteobacteria	Oblitimonas
NZ_CP012360_1958563..1977634	IME	19072	13	1	T4SS_MOBH	none	0	0		Proteobacteria	Oblitimonas
NZ_CP012362_331207..333618	NA	2412	3	1	T4SS_MOBH	none	0	0		Proteobacteria	Oblitimonas
NZ_CP012363_417221..440313	IME	23093	15	1	T4SS_MOBH	none	0	0		Proteobacteria	Oblitimonas
NZ_CP012364_1570102..1648793	NA	78692	85	1	T4SS_MOBH	MPF_F	1	0		Proteobacteria	Oblitimonas
NZ_CP012364_831938..862423	IME	30486	28	1	T4SS_MOBH	none	0	0		Proteobacteria	Oblitimonas
NZ_CP012376_2144641..2167086	NA	22446	26	1	T4SS_MOBQ	none	0	0		Proteobacteria	Escherichia
NZ_CP012379_1965396..2030339	IME	64944	72	1	T4SS_MOBQ	none	0	0		Proteobacteria	Escherichia
NZ_CP012380_2668152..2838751	ICE	170600	157	1	T4SS_MOBP1	none	0	0		Proteobacteria	Escherichia
NZ_CP012381_588888..752978	ICE	164091	179	0	NA	none	0	1		Firmicutes	Lactobacillus
NZ_CP012382_3852210..3869890	NA	17681	17	0	NA	none	0	0		Actinobacteriota	Streptomyces
NZ_CP012382_4319484..4330473	NA	10990	16	0	NA	none	0	0		Actinobacteriota	Streptomyces
NZ_CP012392_1238556..1286612	NA	48057	55	1	profile_MOBT	none	0	0		Proteobacteria	Neisseria
NZ_CP012393_846624..1033288	ICE	186665	191	1	profile_MOBT	none	0	0		Proteobacteria	Neisseria
NZ_CP012394_844427..1030967	ICE	186541	193	1	profile_MOBT	none	0	0		Proteobacteria	Neisseria
NZ_CP012398_3220367..3268650	ICE	48284	47	1	T4SS_MOBP1,profile_MOBT	MPF_T	1	0		Proteobacteria	Chelatococcus_A
NZ_CP012407_11948..20917	NA	8970	7	1	profile_MOBF	none	0	0		Proteobacteria	Azospirillum
NZ_CP012409_2161786..2173604	NA	11819	13	1	profile_MOBT	MPF_FA	1	5		Firmicutes	Staphylococcus
NZ_CP012426_2118..233551	ICE	231434	233	0	NA	none	0	0		Proteobacteria	Klebsiella
NZ_CP012430_2517198..2619544	ICE	102347	92	1	T4SS_MOBP1,T4SS_MOBQ,profile_MOBT	MPF_FA	1	7		Firmicutes	Enterococcus_B
NZ_CP012430_251794..297591	NA	45798	48	0	NA	none	0	0		Firmicutes	Enterococcus_B
NZ_CP012460_2001542..2058456	NA	56915	55	1	T4SS_MOBV	none	0	0		Firmicutes	Enterococcus_B
NZ_CP012460_844628..888161	IME	43534	49	1	profile_MOBT	none	0	1		Firmicutes	Enterococcus_B
NZ_CP012503_231146..240280	NA	9135	14	1	T4SS_MOBV	none	0	0		Firmicutes	Streptococcus
NZ_CP012503_596672..657052	NA	60381	50	1	T4SS_MOBP1	MPF_FA	1	9		Firmicutes	Streptococcus
NZ_CP012504_2974302..2981954	NA	7653	9	1	T4SS_MOBV	none	0	0		Proteobacteria	Aeromonas
NZ_CP012507_1898668..1989496	NA	90829	94	1	profile_MOBF	none	0	1		Actinobacteriota	Kocuria
NZ_CP012541_36568..62098	IME	25531	32	1	T4SS_MOBP1	none	0	0		Campylobacterota	Campylobacter_A
NZ_CP012543_413322..458396	IME	45075	39	1	T4SS_MOBP1	none	0	0		Campylobacterota	Campylobacter_A
NZ_CP012543_523011..567495	NA	44485	49	1	T4SS_MOBP1	MPF_T	1	0		Campylobacterota	Campylobacter_A
NZ_CP012544_1692130..1699564	NA	7435	9	1	T4SS_MOBP1	none	0	0		Campylobacterota	Campylobacter_A
NZ_CP012545_1421977..1434688	IME	12712	11	1	T4SS_MOBP1	none	0	0		Campylobacterota	Campylobacter_A
NZ_CP012546_4325..47774	NA	43450	45	1	T4SS_MOBP1	MPF_T	1	0		Campylobacterota	Campylobacter_A
NZ_CP012578_4674945..4678144	NA	3200	2	1	T4SS_MOBH	none	0	0		Proteobacteria	Pseudomonas
NZ_CP012599_263002..448095	ICE	185094	191	1	T4SS_MOBH	none	0	2		Proteobacteria	Salmonella
NZ_CP012605_1322206..1363095	NA	40890	42	1	T4SS_MOBP1	none	0	0	Eex_IncN	Proteobacteria	Ralstonia
NZ_CP012605_1875052..1921833	NA	46782	51	1	T4SS_MOBP1	none	0	0	Eex_IncN	Proteobacteria	Ralstonia
NZ_CP012605_2207195..2236876	NA	29682	23	1	profile_MOBT	none	0	0		Proteobacteria	Ralstonia
NZ_CP012606_596340..675909	ICE	79570	74	1	T4SS_MOBH,profile_MOBT	MPF_F	1	0		Proteobacteria	Ralstonia
NZ_CP012621_2562532..2600660	IME	38129	36	1	T4SS_MOBP1	none	0	0	TrbK_RP4	Proteobacteria	Zobellella
NZ_CP012635_4346058..4421523	NA	75466	94	1	T4SS_MOBH	MPF_F	1	0		Proteobacteria	Escherichia
NZ_CP012640_5351613..5550779	ICE	199167	189	1	profile_MOBF	none	0	0		Proteobacteria	Massilia
NZ_CP012646_1830339..1840552	NA	10214	9	0	NA	none	0	0		Firmicutes	Streptococcus
NZ_CP012648_1091503..1163738	NA	72236	79	1	T4SS_MOBP1,T4SS_MOBP2,profile_MOBM	none	0	1		Firmicutes	Streptococcus
NZ_CP012648_1706614..1757795	ICE	51182	47	1	profile_MOBT	MPF_FA	1	7		Firmicutes	Streptococcus
NZ_CP012648_925189..936970	NA	11782	13	1	profile_MOBT	none	0	0		Firmicutes	Streptococcus
NZ_CP012649_1466118..1481054	IME	14937	16	0	NA	none	0	0		Actinobacteriota	Trueperella
NZ_CP012661_3445294..3461447	NA	16154	16	1	T4SS_MOBV	none	0	0		Proteobacteria	Frigidibacter
NZ_CP012669_20074..71898	ICE	51825	52	1	profile_MOBF,profile_MOBT	none	0	0		Proteobacteria	Erythrobacter
NZ_CP012669_2105267..2117537	NA	12271	9	1	profile_MOBF	none	0	0		Proteobacteria	Erythrobacter
NZ_CP012677_53618..93078	NA	39461	34	1	profile_MOBF	none	0	1		Actinobacteriota	Specibacter
NZ_CP012692_402919..451386	ICE	48468	55	1	profile_MOBT	MPF_FA	1	8		Firmicutes	Staphylococcus
NZ_CP012697_2165667..2179915	NA	14249	13	1	profile_MOBF	none	0	0		Actinobacteriota	Microbacterium
NZ_CP012697_2522342..2551489	NA	29148	26	1	profile_MOBF	none	0	0		Actinobacteriota	Microbacterium
NZ_CP012700_1049129..1094357	IME	45229	40	1	profile_MOBF	none	0	0		Proteobacteria	Sphingopyxis
NZ_CP012700_1468780..1514865	ICE	46086	44	1	T4SS_MOBP1	MPF_T	1	0		Proteobacteria	Sphingopyxis
NZ_CP012700_2726691..2847895	NA	121205	112	1	profile_MOBF	MPF_F	1	0		Proteobacteria	Sphingopyxis
NZ_CP012706_3846386..3869709	IME	23324	23	1	T4SS_MOBV,profile_MOBT	none	0	0		Bacteroidota	Bacteroides
NZ_CP012713_751857..792353	NA	40497	45	1	T4SS_MOBQ	MPF_T	1	0		Fusobacteriota	Fusobacterium
NZ_CP012719_1145238..1256785	ICE	111548	97	1	T4SS_MOBP1	MPF_FA	1	11		Firmicutes	Streptococcus
NZ_CP012719_1856276..1895968	NA	39693	40	1	profile_MOBM	none	0	0		Firmicutes	Streptococcus
NZ_CP012719_635291..668792	NA	33502	28	1	profile_MOBT	MPF_FA	1	8		Firmicutes	Streptococcus
NZ_CP012740_1209945..1420376	NA	210432	196	1	profile_MOBF	MPF_F	1	2		Proteobacteria	Vibrio
NZ_CP012740_695110..929696	ICE	234587	186	1	T4SS_MOBP1,profile_MOBT	none	0	0		Proteobacteria	Vibrio
NZ_CP012743_4796019..4822842	IME	26824	31	1	T4SS_MOBP1	none	0	0		Proteobacteria	Klebsiella
NZ_CP012743_787509..880170	NA	92662	87	1	T4SS_MOBH	MPF_F	1	0		Proteobacteria	Klebsiella
NZ_CP012744_2461976..2702829	ICE	240854	238	0	NA	none	0	0		Proteobacteria	Klebsiella
NZ_CP012744_4722977..4750105	IME	27129	32	1	T4SS_MOBP1	none	0	0		Proteobacteria	Klebsiella
NZ_CP012752_1023844..1081177	NA	57334	58	1	profile_MOBF	none	0	0		Actinobacteriota	Kibdelosporangium
NZ_CP012752_403491..416959	NA	13469	19	1	profile_MOBT	none	0	0		Actinobacteriota	Kibdelosporangium
NZ_CP012756_706111..748601	ICE	42491	41	1	T4SS_MOBV,profile_MOBT	MPF_FA	1	7		Firmicutes	Staphylococcus
NZ_CP012801_4807235..4836304	IME	29070	24	1	T4SS_MOBB,T4SS_MOBP1	none	0	0		Bacteroidota	Bacteroides
NZ_CP012801_4843514..4925351	NA	81838	89	1	T4SS_MOBP1	none	0	0		Bacteroidota	Bacteroides
NZ_CP012801_5719138..5764504	NA	45367	41	1	T4SS_MOBP1	none	0	0		Bacteroidota	Bacteroides
NZ_CP012801_60109..268029	NA	207921	231	1	T4SS_MOBP1	none	0	0		Bacteroidota	Bacteroides
NZ_CP012805_1190574..1205038	NA	14465	14	1	T4SS_MOBP1	none	0	0		Firmicutes	Streptococcus
NZ_CP012805_1572874..1602423	NA	29550	31	1	T4SS_MOBV	none	0	0		Firmicutes	Streptococcus
NZ_CP012805_215275..257732	ICE	42458	39	1	profile_MOBT	MPF_FA	1	7		Firmicutes	Streptococcus
NZ_CP012872_3029429..3137303	ICE	107875	110	1	T4SS_MOBB	none	0	0		Bacteroidota	Salegentibacter
NZ_CP012883_1347072..1384475	IME	37404	41	1	T4SS_MOBP1,profile_MOBT	none	0	0		Proteobacteria	Klebsiella
NZ_CP012883_3160416..3176739	IME	16324	13	1	T4SS_MOBP1	none	0	0		Proteobacteria	Klebsiella
NZ_CP012885_3930425..3941871	NA	11447	14	0	NA	none	0	0		Actinobacteriota	Mycobacterium
NZ_CP012898_1136473..1196094	NA	59622	39	1	T4SS_MOBB	none	0	0		Bacteroidota	Algibacter_A
NZ_CP012898_1650667..1710032	ICE	59366	74	1	T4SS_MOBB	none	0	0		Bacteroidota	Algibacter_A
NZ_CP012900_1071881..1118932	NA	47052	45	1	T4SS_MOBQ	none	0	0		Proteobacteria	Stenotrophomonas
NZ_CP012900_1374224..1383291	NA	9068	10	0	NA	none	0	0		Proteobacteria	Stenotrophomonas
NZ_CP012900_2311829..2429791	ICE	117963	112	1	T4SS_MOBP1	MPF_T	1	0	Eex_IncN	Proteobacteria	Stenotrophomonas
NZ_CP012900_3487891..3628741	NA	140851	141	1	T4SS_MOBH	MPF_F	1	0		Proteobacteria	Stenotrophomonas
NZ_CP012901_1584920..1663382	ICE	78463	83	1	T4SS_MOBH,profile_MOBT	MPF_F	1	0		Proteobacteria	Pseudomonas
NZ_CP012901_4078012..4174842	ICE	96831	111	1	T4SS_MOBH	MPF_F	1	0		Proteobacteria	Pseudomonas
NZ_CP012937_1950648..1976719	IME	26072	30	1	T4SS_MOBP1	none	0	0		Bacteroidota	Bacteroides
NZ_CP012937_2064215..2159379	NA	95165	86	1	T4SS_MOBC,T4SS_MOBP1,T4SS_MOBV	none	0	0		Bacteroidota	Bacteroides
NZ_CP012937_3402679..3462922	NA	60244	57	1	T4SS_MOBP1	none	0	0		Bacteroidota	Bacteroides
NZ_CP012937_4260259..4294243	NA	33985	35	1	T4SS_MOBP1	none	0	1		Bacteroidota	Bacteroides
NZ_CP012937_4359849..4393514	IME	33666	37	1	T4SS_MOBP1,T4SS_MOBV	none	0	0		Bacteroidota	Bacteroides
NZ_CP012937_4898017..4961613	NA	63597	68	1	T4SS_MOBP1	none	0	0		Bacteroidota	Bacteroides
NZ_CP012938_6224883..6236425	NA	11543	7	1	T4SS_MOBP1	none	0	0		Bacteroidota	Bacteroides
NZ_CP012943_2636717..2645338	NA	8622	10	1	T4SS_MOBV	none	0	0		Proteobacteria	Ralstonia
NZ_CP012949_5225147..5244153	NA	19007	21	1	profile_MOBT	none	0	0		Actinobacteriota	Streptomyces
NZ_CP012959_2163862..2169350	NA	5489	4	1	T4SS_MOBH	none	0	0		Proteobacteria	Aggregatibacter
NZ_CP012976_2541413..2617283	NA	75871	77	1	profile_MOBT	MPF_FA	1	5	DUF4467	Firmicutes	Staphylococcus
NZ_CP012996_2591179..2605352	IME	14174	16	1	T4SS_MOBB	none	0	0		Bacteroidota	Pedobacter
NZ_CP013004_3709312..3718599	NA	9288	8	1	T4SS_MOBQ	none	0	0		Proteobacteria	Xanthomonas
NZ_CP013006_2461853..2572237	ICE	110385	103	1	T4SS_MOBH,profile_MOBT	MPF_F	1	0		Proteobacteria	Xanthomonas
NZ_CP013009_49269..114618	ICE	65350	59	1	profile_MOBT	MPF_FA	1	7		Firmicutes	Enterococcus_B
NZ_CP013046_374491..442592	NA	68102	76	1	T4SS_MOBH	MPF_F	1	0		Proteobacteria	Serratia
NZ_CP013049_5088352..5133253	AICE	44902	50	0	NA	none	0	0		Actinobacteriota	Mycobacterium
NZ_CP013055_5144854..5185588	NA	40735	57	0	NA	none	0	0		Firmicutes	Bacillus_A
NZ_CP013055_894465..923032	NA	28568	38	1	T4SS_MOBC	none	0	0		Firmicutes	Bacillus_A
NZ_CP013068_2328867..2338271	NA	9405	10	0	NA	MPF_T	1	0		Proteobacteria	Pannonibacter
NZ_CP013068_3016718..3043206	NA	26489	20	1	T4SS_MOBP1	none	0	0		Proteobacteria	Pannonibacter
NZ_CP013074_170411..186742	NA	16332	20	1	profile_MOBM,profile_MOBT	none	0	0		Chloroflexota	Dehalococcoides
NZ_CP013101_1128260..1194957	ICE	66698	70	1	profile_MOBT	MPF_FA	1	8		Firmicutes_A	Clostridium_P
NZ_CP013106_4312972..4394556	NA	81585	91	1	T4SS_MOBH	MPF_F	1	0		Proteobacteria	Halomonas
NZ_CP013119_3111690..3192823	ICE	81134	76	1	T4SS_MOBP1,profile_MOBT	MPF_T	1	0	Eex_IncN	Proteobacteria	Alcaligenes
NZ_CP013119_4136491..4220455	ICE	83965	83	1	T4SS_MOBH	MPF_F	1	0		Proteobacteria	Alcaligenes
NZ_CP013121_108575..149211	NA	40637	45	1	T4SS_MOBQ	MPF_T	1	1		Fusobacteriota	Fusobacterium
NZ_CP013121_1282333..1329200	NA	46868	53	1	T4SS_MOBQ	MPF_T	1	0		Fusobacteriota	Fusobacterium
NZ_CP013121_1352895..1375998	NA	23104	29	1	T4SS_MOBQ,profile_MOBT	none	0	0		Fusobacteriota	Fusobacterium
NZ_CP013131_1150939..1176109	NA	25171	25	1	T4SS_MOBP1,T4SS_MOBV	none	0	0		Bacteroidota	Porphyromonas
NZ_CP013131_72210..123406	NA	51197	49	1	T4SS_MOBP1	none	0	0		Bacteroidota	Porphyromonas
NZ_CP013133_663040..710331	NA	47292	36	1	T4SS_MOBQ,T4SS_MOBV	MPF_F	1	0		Proteobacteria	Rickettsia
NZ_CP013133_714444..763213	NA	48770	39	1	T4SS_MOBQ	MPF_F	1	0		Proteobacteria	Rickettsia
NZ_CP013136_886604..930343	IME	43740	46	1	T4SS_MOBC,profile_MOBT	none	0	0		Proteobacteria	Herbaspirillum
NZ_CP013145_1994506..2001354	NA	6849	8	0	NA	none	0	0		Proteobacteria	Colwellia
NZ_CP013184_1670046..1712600	NA	42555	48	1	T4SS_MOBP1	MPF_T	1	0		Proteobacteria	Pseudomonas_E
NZ_CP013189_1654785..1692721	NA	37937	36	1	profile_MOBT	none	0	0		Proteobacteria	Pseudohongiella
NZ_CP013195_1367020..1443575	NA	76556	64	1	T4SS_MOBP1	none	0	0		Bacteroidota	Prevotella
NZ_CP013195_155707..170146	NA	14440	16	1	T4SS_MOBP1	none	0	0		Bacteroidota	Prevotella
NZ_CP013195_1646430..1719040	ICE	72611	69	1	T4SS_MOBP1,T4SS_MOBV	none	0	0		Bacteroidota	Prevotella
NZ_CP013195_186118..201324	NA	15207	17	1	T4SS_MOBP1	none	0	0		Bacteroidota	Prevotella
NZ_CP013195_2733123..2786758	NA	53636	40	1	T4SS_MOBP1	none	0	0		Bacteroidota	Prevotella
NZ_CP013195_400620..413068	NA	12449	14	1	T4SS_MOBP1	none	0	0		Bacteroidota	Prevotella
NZ_CP013200_2093315..2242484	ICE	149170	131	1	profile_MOBF	none	0	1		Actinobacteriota	Specibacter
NZ_CP013200_4251282..4285136	ICE	33855	23	1	profile_MOBF	none	0	0		Actinobacteriota	Specibacter
NZ_CP013202_578590..695235	ICE	116646	118	1	profile_MOBT	MPF_FA	1	7		Firmicutes	Streptococcus
NZ_CP013218_27652..98128	IME	70477	79	1	T4SS_MOBV	none	0	0		Firmicutes	Staphylococcus
NZ_CP013219_4399561..4410785	NA	11225	16	0	NA	none	0	0		Actinobacteriota	Streptomyces
NZ_CP013219_4553126..4582029	NA	28904	26	1	T4SS_MOBP1	none	0	0		Actinobacteriota	Streptomyces
NZ_CP013219_4823321..4830621	NA	7301	7	1	T4SS_MOBP1	none	0	0		Actinobacteriota	Streptomyces
NZ_CP013226_1376293..1399372	IME	23080	27	1	T4SS_MOBQ	none	0	0		Proteobacteria	Salmonella
NZ_CP013243_2777414..2816974	NA	39561	36	1	profile_MOBT	none	0	0		Firmicutes_A	Clostridium_F
NZ_CP013254_2560365..2634962	IME	74598	69	1	profile_MOBF	none	0	0		Actinobacteriota	Kocuria
NZ_CP013264_1387175..1622382	NA	235208	241	1	profile_MOBF,profile_MOBM	MPF_F	1	0		Proteobacteria	Sphingobium
NZ_CP013264_2284354..2361248	NA	76895	76	1	T4SS_MOBP1	MPF_T	1	0		Proteobacteria	Sphingobium
NZ_CP013264_2388424..2495123	ICE	106700	101	1	T4SS_MOBP1,profile_MOBT	none	0	0		Proteobacteria	Sphingobium
NZ_CP013264_2989065..3201472	ICE	212408	209	1	T4SS_MOBQ,profile_MOBF	MPF_F	1	0		Proteobacteria	Sphingobium
NZ_CP013264_850840..946400	ICE	95561	100	1	T4SS_MOBP1,profile_MOBT	none	0	0		Proteobacteria	Sphingobium
NZ_CP013275_3408288..3441786	NA	33499	46	1	T4SS_MOBC	none	0	0		Firmicutes	Bacillus_A
NZ_CP013292_1692809..1705607	NA	12799	22	0	NA	none	0	0		Actinobacteriota	Rathayibacter
NZ_CP013322_4718447..4961605	ICE	243159	245	0	NA	none	0	0		Proteobacteria	Klebsiella
NZ_CP013334_1239424..1281531	NA	42108	53	1	T4SS_MOBQ	MPF_T	1	0		Fusobacteriota	Fusobacterium
NZ_CP013334_1398078..1447987	NA	49910	53	1	T4SS_MOBQ	none	0	0		Fusobacteriota	Fusobacterium
NZ_CP013336_1135868..1185225	NA	49358	56	1	T4SS_MOBQ	MPF_T	1	0		Fusobacteriota	Fusobacterium
NZ_CP013338_1886715..1917151	IME	30437	34	1	T4SS_MOBQ	none	0	0		Proteobacteria	Klebsiella
NZ_CP013341_1662751..1735181	ICE	72431	48	1	T4SS_MOBP1	MPF_T	1	0		Proteobacteria	Nitrosomonas
NZ_CP013342_3423483..3457218	NA	33736	38	1	T4SS_MOBQ	none	0	0		Proteobacteria	Sphingopyxis
NZ_CP013344_2782636..2822576	NA	39941	40	1	T4SS_MOBP1,profile_MOBT	none	0	0		Proteobacteria	Sphingopyxis
NZ_CP013344_2881809..2990732	ICE	108924	102	1	profile_MOBF	MPF_F	1	0		Proteobacteria	Sphingopyxis
NZ_CP013344_4367540..4404095	IME	36556	34	1	T4SS_MOBQ	none	0	0		Proteobacteria	Sphingopyxis
NZ_CP013366_3371218..3386052	IME	14835	22	1	T4SS_MOBP1,T4SS_MOBQ,T4SS_MOBV	none	0	0		Proteobacteria	Burkholderia
NZ_CP013368_748379..787878	NA	39500	37	0	NA	none	0	0		Proteobacteria	Burkholderia
NZ_CP013389_2083196..2678570	ICE	595375	510	1	T4SS_MOBH,profile_MOBT	MPF_T	1	1		Proteobacteria	Burkholderia
NZ_CP013406_2006593..2229219	ICE	222627	198	0	NA	MPF_T	1	1		Proteobacteria	Burkholderia
NZ_CP013418_1491855..1536113	NA	44259	44	0	NA	none	0	0		Proteobacteria	Burkholderia
NZ_CP013424_3299340..3334921	IME	35582	37	1	T4SS_MOBC	none	0	0		Proteobacteria	Burkholderia
NZ_CP013427_2683080..2724057	IME	40978	32	1	T4SS_MOBP1	none	0	0		Proteobacteria	Burkholderia
NZ_CP013429_380923..607765	NA	226843	204	1	T4SS_MOBP1,T4SS_MOBV	MPF_T	1	0		Proteobacteria	Burkholderia
NZ_CP013433_4554447..4559490	NA	5044	6	1	T4SS_MOBV	none	0	0		Proteobacteria	Burkholderia
NZ_CP013433_4770263..4782443	NA	12181	11	1	profile_MOBF	none	0	0		Proteobacteria	Burkholderia
NZ_CP013444_1893287..2265081	ICE	371795	320	0	NA	none	0	0		Proteobacteria	Burkholderia
NZ_CP013446_2351772..2460890	ICE	109119	94	1	T4SS_MOBH	MPF_F	1	0		Proteobacteria	Burkholderia
NZ_CP013447_1899403..2284885	ICE	385483	333	0	NA	none	0	0		Proteobacteria	Burkholderia
NZ_CP013452_1195..433996	NA	432802	397	1	T4SS_MOBP1,T4SS_MOBV,profile_MOBT	MPF_T	1	1		Proteobacteria	Burkholderia
NZ_CP013453_2773485..2790657	NA	17173	21	1	T4SS_MOBC	none	0	0		Proteobacteria	Burkholderia
NZ_CP013468_5754..78548	ICE	72795	74	1	T4SS_MOBH	MPF_T	1	0		Proteobacteria	Burkholderia
NZ_CP013481_846961..851272	NA	4312	4	1	T4SS_MOBP1,T4SS_MOBV	none	0	0		Proteobacteria	Pandoraea
NZ_CP013481_902555..983242	ICE	80688	85	1	T4SS_MOBH,profile_MOBT	MPF_F	1	0		Proteobacteria	Pandoraea
NZ_CP013495_112667..136343	NA	23677	24	1	T4SS_MOBV	none	0	0		Proteobacteria	Rhizobium
NZ_CP013616_935657..997140	ICE	61484	59	1	profile_MOBT	MPF_FA	1	7		Firmicutes	Staphylococcus
NZ_CP013619_390876..471767	ICE	80892	92	1	profile_MOBT	MPF_FA	1	6	DUF4467	Firmicutes	Staphylococcus
NZ_CP013651_1104502..1154445	ICE	49944	59	1	profile_MOBT	MPF_FA	1	4		Firmicutes	Streptococcus
NZ_CP013651_1592182..1600178	NA	7997	9	1	profile_MOBT	none	0	0		Firmicutes	Streptococcus
NZ_CP013688_212672..220971	IME	8300	8	0	NA	none	0	0		Firmicutes	Streptococcus
NZ_CP013689_1322679..1447946	ICE	125268	149	1	profile_MOBT	none	0	0		Firmicutes	Streptococcus
NZ_CP013690_2202152..2420066	ICE	217915	204	1	T4SS_MOBP1	none	0	1		Bacteroidota	Flavobacterium
NZ_CP013690_2691996..2711200	IME	19205	19	1	T4SS_MOBP1	none	0	0		Bacteroidota	Flavobacterium
NZ_CP013690_4047811..4127061	NA	79251	78	1	T4SS_MOBP1,profile_MOBT	none	0	0		Bacteroidota	Flavobacterium
NZ_CP013690_4257811..4269536	IME	11726	10	1	T4SS_MOBP1	none	0	0		Bacteroidota	Flavobacterium
NZ_CP013690_4335907..4362255	IME	26349	28	1	T4SS_MOBP1,profile_MOBM	none	0	0		Bacteroidota	Flavobacterium
NZ_CP013692_2198002..2210778	NA	12777	18	1	T4SS_MOBP1	none	0	0		Proteobacteria	Paucibacter_A
NZ_CP013701_2827060..2869901	NA	42842	50	1	T4SS_MOBP1	none	0	0		Firmicutes_A	Clostridium_F
NZ_CP013711_4622405..4790474	ICE	168070	166	0	NA	none	0	0		Proteobacteria	Klebsiella
NZ_CP013738_3788875..3819068	IME	30194	26	1	T4SS_MOBP1	none	0	0		Actinobacteriota	Streptomyces
NZ_CP013738_4075853..4084565	NA	8713	13	0	NA	none	0	0		Actinobacteriota	Streptomyces
NZ_CP013738_4356846..4375392	NA	18547	21	0	NA	none	0	0		Actinobacteriota	Streptomyces
NZ_CP013738_4800683..4816385	NA	15703	17	0	NA	none	0	0		Actinobacteriota	Streptomyces
NZ_CP013743_4627990..4645785	NA	17796	21	0	NA	none	0	0		Actinobacteriota	Streptomyces
NZ_CP013743_5411395..5426164	NA	14770	17	0	NA	none	0	0		Actinobacteriota	Streptomyces
NZ_CP013854_1824962..1851467	NA	26506	27	1	profile_MOBF	none	0	0		Actinobacteriota	Pseudonocardia
NZ_CP013854_2043304..2073546	NA	30243	28	1	profile_MOBF	none	0	0		Actinobacteriota	Pseudonocardia
NZ_CP013854_754663..759797	NA	5135	6	0	NA	none	0	0		Actinobacteriota	Pseudonocardia
NZ_CP013862_512779..604847	NA	92069	109	1	T4SS_MOBP1,T4SS_MOBP2,profile_MOBT	MPF_FA	1	2		Firmicutes	Lentibacillus
NZ_CP013908_189251..243369	NA	54119	61	1	profile_MOBT	MPF_FA	1	4		Firmicutes	Streptococcus
NZ_CP013908_1897417..1935778	ICE	38362	52	1	profile_MOBT	MPF_FA	1	7		Firmicutes	Streptococcus
NZ_CP013928_1268806..1298118	IME	29313	27	1	T4SS_MOBH	none	0	0		Proteobacteria	Alteromonas
NZ_CP013928_2756642..2777371	IME	20730	15	1	T4SS_MOBC	none	0	0		Proteobacteria	Alteromonas
NZ_CP013928_955625..989928	IME	34304	30	1	profile_MOBT	none	0	0		Proteobacteria	Alteromonas
NZ_CP013930_2761079..2781804	IME	20726	15	1	T4SS_MOBC	none	0	0		Proteobacteria	Alteromonas
NZ_CP013930_973492..994340	IME	20849	18	1	profile_MOBT	none	0	0		Proteobacteria	Alteromonas
NZ_CP013949_6602440..6643821	IME	41382	47	1	T4SS_MOBQ,profile_MOBT	none	0	0		Proteobacteria	Bradyrhizobium
NZ_CP013950_1752291..1758606	NA	6316	9	1	profile_MOBT	none	0	1		Firmicutes	Bacillus
NZ_CP013955_30591..78701	IME	48111	49	1	T4SS_MOBV	none	0	0		Firmicutes	Staphylococcus
NZ_CP013955_410462..461325	ICE	50864	58	1	profile_MOBT	MPF_FA	1	8		Firmicutes	Staphylococcus
NZ_CP013957_446462..537440	ICE	90979	96	1	profile_MOBT	MPF_FA	1	8		Firmicutes	Staphylococcus
NZ_CP013993_5365108..5473293	ICE	108186	112	1	T4SS_MOBH,profile_MOBT	MPF_F	1	0		Proteobacteria	Pseudomonas
NZ_CP013994_1022852..1095495	ICE	72644	68	1	profile_MOBT	none	0	0		Firmicutes	Enterococcus_B
NZ_CP013994_1181666..1233000	NA	51335	53	1	profile_MOBT	none	0	5		Firmicutes	Enterococcus_B
NZ_CP013994_2523964..2624637	NA	100674	97	1	T4SS_MOBH	none	0	0		Firmicutes	Enterococcus_B
NZ_CP013994_2831599..2905840	ICE	74242	68	1	profile_MOBT	MPF_FA	1	7		Firmicutes	Enterococcus_B
NZ_CP014008_3380804..3439778	ICE	58975	45	1	T4SS_MOBC	MPF_T	1	0	Eex_IncN	Proteobacteria	Klebsiella
NZ_CP014014_337945..506467	NA	168523	172	1	profile_MOBF	none	0	0		Proteobacteria	Stenotrophomonas
NZ_CP014015_1155949..1177735	IME	21787	22	1	T4SS_MOBP1	none	0	0		Proteobacteria	Citrobacter_A
NZ_CP014018_2166759..2169864	NA	3106	3	1	T4SS_MOBP1,T4SS_MOBV	none	0	0		Proteobacteria	Pandoraea
NZ_CP014029_3428167..3477878	NA	49712	51	1	T4SS_MOBH	none	0	0		Proteobacteria	Klebsiella
NZ_CP014040_1454874..1766202	ICE	311329	301	0	NA	none	0	1		Proteobacteria	Vibrio
NZ_CP014042_784629..798719	NA	14091	10	0	NA	none	0	0		Proteobacteria	Vibrio
NZ_CP014053_11263..58107	IME	46845	44	1	T4SS_MOBP3	none	0	0		Proteobacteria	Vibrio
NZ_CP014053_561090..831741	ICE	270652	254	0	NA	none	0	1		Proteobacteria	Vibrio
NZ_CP014060_3985254..4036534	NA	51281	52	1	T4SS_MOBP1,profile_MOBT	MPF_T	1	0	Eex_IncN	Proteobacteria	Achromobacter
NZ_CP014065_1971697..2014987	IME	43291	49	1	T4SS_MOBQ,T4SS_MOBV	none	0	0		Proteobacteria	Achromobacter
NZ_CP014065_2135815..2223068	ICE	87254	81	1	T4SS_MOBH,profile_MOBT	MPF_F	1	0		Proteobacteria	Achromobacter
NZ_CP014111_1273655..1289644	NA	15990	19	1	T4SS_MOBQ	none	0	0		Proteobacteria	Escherichia
NZ_CP014111_3984559..4001214	IME	16656	16	1	T4SS_MOBP1	none	0	0		Proteobacteria	Escherichia
NZ_CP014123_1698812..1743351	ICE	44540	30	0	NA	MPF_T	1	0	Eex_IncN	Proteobacteria	Klebsiella
NZ_CP014129_2926403..2957651	NA	31249	33	1	T4SS_MOBP1	none	0	0		Proteobacteria	Pantoea
NZ_CP014133_1272853..1524246	ICE	251394	228	1	profile_MOBT	none	0	0		Proteobacteria	Vibrio
NZ_CP014136_335787..457160	NA	121374	100	1	T4SS_MOBC	none	0	0	Eex_IncN	Proteobacteria	Gibbsiella
NZ_CP014137_250011..293153	IME	43143	49	1	T4SS_MOBQ	none	0	0		Proteobacteria	Brenneria
NZ_CP014139_711572..804166	NA	92595	81	1	T4SS_MOBP1,T4SS_MOBQ	MPF_FA	1	9		Firmicutes	Streptococcus
NZ_CP014140_1001894..1015764	NA	13871	18	0	NA	none	0	0		Firmicutes	Aneurinibacillus
NZ_CP014158_2807159..3044816	NA	237658	224	1	T4SS_MOBH	MPF_F	1	0		Proteobacteria	Pseudomonas
NZ_CP014159_1450965..1539179	ICE	88215	79	1	profile_MOBT	MPF_FA	1	7		Firmicutes	Aerococcus
NZ_CP014167_1792537..1808115	NA	15579	13	0	NA	none	0	0		Firmicutes	Paenibacillus_A
NZ_CP014167_2603581..2799501	ICE	195921	171	0	NA	none	0	0		Firmicutes	Paenibacillus_A
NZ_CP014168_4216458..4460984	NA	244527	244	1	profile_MOBF	MPF_F	1	0		Proteobacteria	Sphingomonas
NZ_CP014170_2233262..2315364	ICE	82103	94	1	profile_MOBT	MPF_FA	1	5		Firmicutes_A	Clostridium_B
NZ_CP014207_67518..185823	ICE	118306	125	1	T4SS_MOBH	MPF_F	1	0		Proteobacteria	Pantoea
NZ_CP014209_3107169..3111854	NA	4686	4	0	NA	none	0	0		Actinobacteriota	Isoptericola
NZ_CP014223_1344141..1383625	IME	39485	45	1	T4SS_MOBV,profile_MOBM	none	0	0		Firmicutes_A	Anaerotignum
NZ_CP014228_558468..583044	NA	24577	27	0	NA	none	0	0		Actinobacteriota	Actinomyces
NZ_CP014229_1876106..1950151	NA	74046	82	1	T4SS_MOBP1	MPF_I	1	0		Desulfobacterota_I	Desulfovibrio
NZ_CP014230_2625294..2652499	NA	27206	28	1	T4SS_MOBP1,profile_MOBT	MPF_T	1	0		Desulfobacterota_I	Desulfomicrobium
NZ_CP014231_2160858..2192623	NA	31766	42	1	T4SS_MOBQ,profile_MOBM	MPF_T	1	1		Fusobacteriota	Leptotrichia
NZ_CP014233_1074586..1148100	ICE	73515	59	1	T4SS_MOBC,T4SS_MOBP1	MPF_FA	1	11		Firmicutes	Gemella
NZ_CP014233_609117..641205	IME	32089	44	1	T4SS_MOBQ	none	0	2		Firmicutes	Gemella
NZ_CP014257_2621643..2644795	NA	23153	26	1	T4SS_MOBP1,T4SS_MOBQ	none	0	0		Proteobacteria	Legionella
NZ_CP014262_4395485..4407008	NA	11524	10	1	T4SS_MOBH	none	0	0		Proteobacteria	Pseudomonas_E
NZ_CP014264_1421408..1426624	NA	5217	5	1	T4SS_MOBC	none	0	0		Firmicutes	Streptococcus
NZ_CP014274_1459002..1547119	ICE	88118	80	1	T4SS_MOBP1	MPF_T	1	0	Eex_IncN	Proteobacteria	Stenotrophomonas
NZ_CP014274_1968661..1977781	IME	9121	9	1	profile_MOBT	none	0	0		Proteobacteria	Stenotrophomonas
NZ_CP014274_4499377..4523653	IME	24277	27	1	T4SS_MOBP1,T4SS_MOBQ	none	0	0		Proteobacteria	Stenotrophomonas
NZ_CP014275_3987851..4044907	ICE	57057	63	1	T4SS_MOBP1,profile_MOBT	MPF_T	1	0		Proteobacteria	Martelella
NZ_CP014282_1784263..1827676	NA	43414	55	1	T4SS_MOBC,profile_MOBT	none	0	0		Firmicutes	Bacillus_A
NZ_CP014301_1361202..1433895	NA	72694	72	1	T4SS_MOBQ	none	0	0		Proteobacteria	Bosea
NZ_CP014304_4222745..4256514	NA	33770	36	1	T4SS_MOBV	none	0	0		Bacteroidota	Hymenobacter
NZ_CP014307_1116709..1212708	ICE	96000	83	1	T4SS_MOBP1,T4SS_MOBV	MPF_T	1	0		Proteobacteria	Caballeronia
NZ_CP014313_1367597..1374698	NA	7102	7	1	profile_MOBF	none	0	0		Actinobacteriota	Microbacterium
NZ_CP014326_1048711..1133458	ICE	84748	79	1	profile_MOBT	MPF_FA	1	18		Firmicutes	Streptococcus
NZ_CP014326_198272..203941	NA	5670	8	1	profile_MOBT	none	0	0		Firmicutes	Streptococcus
NZ_CP014327_1990893..2041502	ICE	50610	56	1	T4SS_MOBP1,T4SS_MOBQ,profile_MOBT	MPF_T	1	0		Proteobacteria	Halocynthiibacter_B
NZ_CP014332_1077806..1201855	NA	124050	153	1	T4SS_MOBP1,T4SS_MOBP2,profile_MOBT	none	0	1		Firmicutes	Weissella
NZ_CP014334_984582..991275	NA	6694	8	0	NA	none	0	0		Thermotogota	Fervidobacterium
NZ_CP014337_2902..32644	NA	29743	31	1	T4SS_MOBP1	none	0	0		Bacteroidota	Elizabethkingia
NZ_CP014337_3770724..3804470	IME	33747	34	1	T4SS_MOBP1	none	0	0		Bacteroidota	Elizabethkingia
NZ_CP014339_90216..96678	NA	6463	8	1	T4SS_MOBP1	none	0	0		Bacteroidota	Elizabethkingia
NZ_CP014352_63653..88636	NA	24984	22	1	profile_MOBF	none	0	0		Actinobacteriota	Acidipropionibacterium
NZ_CP014360_4810108..4820452	NA	10345	19	0	NA	none	0	0		Proteobacteria	Methylomonas
NZ_CP014470_279362..341771	NA	62410	62	1	T4SS_MOBH	none	0	0		Proteobacteria	Hydrogenovibrio
NZ_CP014477_69524..122959	NA	53436	42	1	T4SS_MOBQ	none	0	0		Proteobacteria	Acinetobacter
NZ_CP014485_5392359..5403698	NA	11340	14	0	NA	none	0	0		Actinobacteriota	Streptomyces
NZ_CP014495_2913881..2948717	IME	34837	36	1	T4SS_MOBQ	none	0	0		Proteobacteria	Escherichia
NZ_CP014504_2019295..2044563	IME	25269	26	1	T4SS_MOBB,profile_MOBT	none	0	0		Bacteroidota	Pedobacter
NZ_CP014529_1502529..1527464	NA	24936	21	0	NA	none	0	0		Firmicutes	Enterococcus_B
NZ_CP014544_352738..359780	NA	7043	9	0	NA	none	0	0		Proteobacteria	Zhongshania
NZ_CP014544_3882740..4042395	ICE	159656	158	1	profile_MOBF	none	0	0		Proteobacteria	Zhongshania
NZ_CP014546_30310..87181	ICE	56872	65	1	T4SS_MOBH	MPF_F	1	0		Proteobacteria	Pseudomonas_E
NZ_CP014546_466262..630301	ICE	164040	146	1	T4SS_MOBC,T4SS_MOBH,profile_MOBT	MPF_F	1	0		Proteobacteria	Pseudomonas_E
NZ_CP014606_552347..735230	NA	182884	253	1	T4SS_MOBH	none	0	1		Firmicutes_B	TC1
NZ_CP014608_2203606..2281058	NA	77453	76	1	T4SS_MOBC	MPF_T	1	0	Eex_IncN	Proteobacteria	Hafnia
NZ_CP014611_980482..1008074	NA	27593	32	1	T4SS_MOBP2	none	0	0		Firmicutes	Leuconostoc
NZ_CP014620_2892853..2917062	IME	24210	28	1	T4SS_MOBQ	none	0	0		Proteobacteria	Salmonella
NZ_CP014621_3014575..3038784	IME	24210	28	1	T4SS_MOBQ	none	0	0		Proteobacteria	Salmonella
NZ_CP014636_53332..113480	NA	60149	52	0	NA	none	0	0		Proteobacteria	Vibrio
NZ_CP014643_2113127..2229834	NA	116708	135	1	T4SS_MOBC,profile_MOBT	none	0	0		Firmicutes	Lysinibacillus
NZ_CP014657_2962201..2985344	IME	23144	27	1	T4SS_MOBQ	none	0	0		Proteobacteria	Salmonella
NZ_CP014659_3124577..3147720	IME	23144	27	1	T4SS_MOBQ	none	0	0		Proteobacteria	Salmonella
NZ_CP014661_2956794..2979937	IME	23144	27	1	T4SS_MOBQ	none	0	0		Proteobacteria	Salmonella
NZ_CP014663_3054114..3077257	IME	23144	27	1	T4SS_MOBQ	none	0	0		Proteobacteria	Salmonella
NZ_CP014665_2968319..2991462	IME	23144	27	1	T4SS_MOBQ	none	0	0		Proteobacteria	Salmonella
NZ_CP014673_1617255..1638136	NA	20882	20	1	T4SS_MOBH	none	0	0		Firmicutes_A	Thermoclostridium
NZ_CP014674_2603259..2610832	NA	7574	3	1	profile_MOBF	none	0	0		Proteobacteria	Kozakia
NZ_CP014691_1134112..1147904	NA	13793	15	1	T4SS_MOBP1	none	0	1		Proteobacteria	Neoasaia
NZ_CP014692_1632699..1643459	NA	10761	11	0	NA	none	0	0		Proteobacteria	Acetobacter
NZ_CP014692_2808634..2846109	ICE	37476	43	1	T4SS_MOBP1,profile_MOBT	none	0	0		Proteobacteria	Acetobacter
NZ_CP014748_133155..270748	ICE	137594	91	1	T4SS_MOBC	MPF_T	1	0	Eex_IncN	Proteobacteria	Klebsiella
NZ_CP014754_2955934..3067650	ICE	111717	106	0	NA	none	0	0		Proteobacteria	Marinobacter
NZ_CP014754_3961937..4035255	NA	73319	77	1	T4SS_MOBH	none	0	0		Proteobacteria	Marinobacter
NZ_CP014759_2300057..2369301	ICE	69245	68	1	profile_MOBF	MPF_F	1	0		Proteobacteria	Legionella
NZ_CP014761_1256188..1286384	IME	30197	19	1	profile_MOBF	none	0	0		Actinobacteriota	Leifsonia
NZ_CP014774_815549..849543	IME	33995	37	1	T4SS_MOBH	none	0	0		Proteobacteria	Aeromonas
NZ_CP014782_5306903..5356513	NA	49611	45	0	NA	none	0	0		Proteobacteria	Shewanella
NZ_CP014786_1989372..2114324	ICE	124953	128	1	T4SS_MOBP1,T4SS_MOBP2	MPF_FA	1	3		Firmicutes	Limosilactobacillus
NZ_CP014796_4259332..4337357	NA	78026	90	1	T4SS_MOBP1	MPF_T	1	0		Proteobacteria	Salipiger
NZ_CP014805_106040..398103	ICE	292064	264	1	T4SS_MOBP1	MPF_FA	1	2		Bacteroidota	Elizabethkingia
NZ_CP014806_1403281..1505688	NA	102408	128	1	T4SS_MOBC	none	0	0		Firmicutes	Rummeliibacillus
NZ_CP014840_3458798..3483745	ICE	24948	33	1	profile_MOBT	MPF_FA	1	7	DUF4467	Firmicutes	Bacillus
NZ_CP014841_3520300..3530429	NA	10130	11	0	NA	MPF_T	1	0		Proteobacteria	Dyella_A
NZ_CP014842_3990306..4050635	NA	60330	71	1	profile_MOBT	MPF_FA	1	8	DUF4467	Firmicutes	Bacillus
NZ_CP014847_5302823..5333569	NA	30747	34	0	NA	none	0	0		Firmicutes	Bacillus_A
NZ_CP014859_2170602..2185394	NA	14793	17	0	NA	none	0	0		Actinobacteriota	Actinoalloteichus
NZ_CP014859_316253..327456	NA	11204	13	0	NA	none	0	0		Actinobacteriota	Actinoalloteichus
NZ_CP014859_672756..682557	NA	9802	15	0	NA	none	0	0		Actinobacteriota	Actinoalloteichus
NZ_CP014866_4527231..4622184	ICE	94954	108	1	T4SS_MOBH	MPF_F	1	0		Proteobacteria	Pseudomonas
NZ_CP014867_4466541..4506240	NA	39700	45	1	T4SS_MOBH	none	0	0		Proteobacteria	Pseudomonas_E
NZ_CP014948_4463713..4568937	ICE	105225	121	1	T4SS_MOBH	MPF_F	1	0		Proteobacteria	Pseudomonas
NZ_CP014949_2275561..2366212	NA	90652	103	0	NA	none	0	0		Firmicutes	Enterococcus
NZ_CP014949_683313..782245	ICE	98933	104	1	profile_MOBT	MPF_FA	1	8		Firmicutes	Enterococcus
NZ_CP014954_2060847..2065623	NA	4777	3	0	NA	none	0	0		Actinobacteriota	Mycobacterium
NZ_CP014956_2090549..2095310	NA	4762	3	0	NA	none	0	0		Actinobacteriota	Mycobacterium
NZ_CP014959_2041899..2055959	NA	14061	20	0	NA	none	0	0		Actinobacteriota	Mycobacterium
NZ_CP014959_951955..961509	NA	9555	10	0	NA	none	0	0		Actinobacteriota	Mycobacterium
NZ_CP014985_1140235..1310703	NA	170469	170	1	T4SS_MOBP1,T4SS_MOBP2	MPF_FA	1	2		Firmicutes	Lacticaseibacillus
NZ_CP014999_2685542..2785429	ICE	99888	108	1	T4SS_MOBH	MPF_F	1	0		Proteobacteria	Pseudomonas
NZ_CP014999_5134192..5279223	ICE	145032	155	1	T4SS_MOBH	MPF_F	1	0		Proteobacteria	Pseudomonas
NZ_CP014999_5635771..5781235	ICE	145465	184	1	T4SS_MOBH,profile_MOBT	MPF_F	1	1		Proteobacteria	Pseudomonas
NZ_CP015001_2654813..2760471	ICE	105659	113	1	T4SS_MOBH	MPF_F	1	0		Proteobacteria	Pseudomonas
NZ_CP015001_2813773..2950506	ICE	136734	131	1	T4SS_MOBP1,profile_MOBT	MPF_T	1	0	Eex_IncN	Proteobacteria	Pseudomonas
NZ_CP015001_5366986..5515052	ICE	148067	179	1	T4SS_MOBH	MPF_F	1	0		Proteobacteria	Pseudomonas
NZ_CP015002_2686794..2790285	ICE	103492	111	1	T4SS_MOBH	MPF_F	1	0		Proteobacteria	Pseudomonas
NZ_CP015003_2821787..2931049	ICE	109263	116	1	T4SS_MOBH	MPF_F	1	0		Proteobacteria	Pseudomonas
NZ_CP015003_3032693..3103092	ICE	70400	71	1	T4SS_MOBP1,profile_MOBT	MPF_T	1	0	Eex_IncN	Proteobacteria	Pseudomonas
NZ_CP015003_5310317..5414416	ICE	104100	102	1	T4SS_MOBH	MPF_F	1	0		Proteobacteria	Pseudomonas
NZ_CP015005_5066036..5267901	ICE	201866	221	1	T4SS_MOBC,T4SS_MOBP1,profile_MOBT	MPF_T	1	0		Proteobacteria	Phyllobacterium
NZ_CP015036_3447168..3546789	ICE	99622	89	1	T4SS_MOBP1	MPF_T	1	0	Eex_IncN	Proteobacteria	Burkholderia
NZ_CP015036_4650402..4754035	ICE	103634	107	1	T4SS_MOBH	MPF_F	1	0		Proteobacteria	Burkholderia
NZ_CP015039_2714340..2757718	NA	43379	45	1	T4SS_MOBP1,profile_MOBT	MPF_T	1	0		Proteobacteria	Rhodovulum
NZ_CP015079_3241494..3346096	ICE	104603	99	1	profile_MOBF,profile_MOBM	none	0	1		Actinobacteriota	Nocardioides
NZ_CP015079_4306174..4368860	NA	62687	63	1	profile_MOBF	none	0	1		Actinobacteriota	Nocardioides
NZ_CP015098_3866287..3882647	NA	16361	21	0	NA	none	0	0		Actinobacteriota	Streptomyces
NZ_CP015098_4981119..5012035	NA	30917	36	0	NA	none	0	0		Actinobacteriota	Streptomyces
NZ_CP015098_6445977..6452186	NA	6210	10	0	NA	none	0	0		Actinobacteriota	Streptomyces
NZ_CP015113_4405989..4533520	NA	127532	128	1	T4SS_MOBH	MPF_F	1	0		Proteobacteria	Kosakonia
NZ_CP015117_2266451..2368432	ICE	101982	132	1	T4SS_MOBH	MPF_F	1	0		Proteobacteria	Pseudomonas
NZ_CP015124_2143903..2157153	NA	13251	14	0	NA	none	0	0		Proteobacteria	Pseudophaeobacter_A
NZ_CP015130_1982996..2050043	IME	67048	67	1	T4SS_MOBP1	none	0	0		Proteobacteria	Klebsiella
NZ_CP015130_3854320..3862315	IME	7996	7	1	T4SS_MOBQ	none	0	0		Proteobacteria	Klebsiella
NZ_CP015130_4321927..4350788	NA	28862	29	1	T4SS_MOBP1	none	0	0		Proteobacteria	Klebsiella
NZ_CP015137_2752637..2762968	NA	10332	12	1	T4SS_MOBC	none	0	0		Proteobacteria	Dickeya
NZ_CP015145_1601338..1612225	NA	10888	15	0	NA	none	0	0		Proteobacteria	Acinetobacter
NZ_CP015163_3319353..3322839	NA	3487	3	0	NA	none	0	0		Actinobacteriota	Amycolatopsis
NZ_CP015163_5395711..5445287	NA	49577	52	1	profile_MOBT	none	0	0		Actinobacteriota	Amycolatopsis
NZ_CP015194_1972660..1998680	IME	26021	24	1	T4SS_MOBC	none	0	0		Proteobacteria	Shewanella
NZ_CP015194_4164169..4402459	ICE	238291	203	1	T4SS_MOBH	MPF_F	1	1	EexR	Proteobacteria	Shewanella
NZ_CP015199_1559666..1672893	ICE	113228	98	1	T4SS_MOBP1,profile_MOBT	none	0	0		Bacteroidota	Chryseobacterium
NZ_CP015202_4542233..4741681	ICE	199449	196	1	T4SS_MOBH	MPF_F	1	0		Proteobacteria	Pseudomonas_E
NZ_CP015224_2289062..2363258	NA	74197	88	1	T4SS_MOBC,profile_MOBT	none	0	0		Firmicutes	Lysinibacillus
NZ_CP015228_1674079..1821161	NA	147083	177	0	NA	none	0	0		Proteobacteria	Escherichia
NZ_CP015229_5229315..5278265	NA	48951	51	0	NA	none	0	0		Proteobacteria	Escherichia
NZ_CP015243_2385259..2516847	ICE	131589	121	1	T4SS_MOBP1	MPF_T	1	0	Eex_IncN	Proteobacteria	Halotalea
NZ_CP015250_252736..450574	NA	197839	194	0	NA	none	0	0		Firmicutes	Bacillus_A
NZ_CP015250_3805249..3823252	NA	18004	18	0	NA	none	0	0		Firmicutes	Bacillus_A
NZ_CP015250_5201057..5265454	NA	64398	76	1	profile_MOBT	none	0	0		Firmicutes	Bacillus_A
NZ_CP015267_2684330..2712770	NA	28441	31	0	NA	none	0	0		Actinobacteriota	Mycobacterium
NZ_CP015267_4099409..4128386	NA	28978	27	0	NA	none	0	0		Actinobacteriota	Mycobacterium
NZ_CP015272_4187495..4235324	AICE	47830	46	0	NA	none	0	0		Actinobacteriota	Mycobacterium
NZ_CP015278_331775..378864	AICE	47090	46	0	NA	none	0	0		Actinobacteriota	Mycobacterium
NZ_CP015282_1588561..1590879	NA	2319	3	0	NA	none	0	0		Firmicutes	Streptococcus
NZ_CP015283_484993..492066	NA	7074	8	1	profile_MOBT	none	0	0		Firmicutes	Streptococcus
NZ_CP015288_9737..56362	NA	46626	47	0	NA	none	0	0		Proteobacteria	Cereibacter_A
NZ_CP015344_2298321..2378243	ICE	79923	81	1	profile_MOBF	MPF_F	1	0		Proteobacteria	Legionella
NZ_CP015347_1854998..2046204	NA	191207	187	0	NA	none	0	0		Proteobacteria	Proteus
NZ_CP015350_3577707..3605653	NA	27947	37	1	T4SS_MOBC	none	0	0		Firmicutes	Bacillus_A
NZ_CP015350_5401042..5437435	NA	36394	54	0	NA	none	0	0		Firmicutes	Bacillus_A
NZ_CP015362_2949312..2967550	NA	18239	20	0	NA	none	0	0		Actinobacteriota	Streptomyces
NZ_CP015362_3646524..3658150	NA	11627	15	0	NA	none	0	0		Actinobacteriota	Streptomyces
NZ_CP015362_6303562..6312093	NA	8532	10	0	NA	none	0	0		Actinobacteriota	Streptomyces
NZ_CP015364_573136..743245	ICE	170110	165	1	profile_MOBT	none	0	0		Proteobacteria	Acinetobacter
NZ_CP015367_971634..1006347	NA	34714	33	0	NA	none	0	0		Proteobacteria	Methylobacterium
NZ_CP015371_1884916..1903865	NA	18950	18	0	NA	none	0	0		Proteobacteria	Pandoraea
NZ_CP015371_725153..760419	NA	35267	38	1	T4SS_MOBV	none	0	0		Proteobacteria	Pandoraea
NZ_CP015371_7757..114305	ICE	106549	130	1	T4SS_MOBP1,profile_MOBT	MPF_T	1	0	Eex_IncN	Proteobacteria	Pandoraea
NZ_CP015377_3316199..3357933	NA	41735	44	1	T4SS_MOBP1	MPF_T	1	0	Eex_IncN	Proteobacteria	Pseudomonas
NZ_CP015378_1775165..1784223	NA	9059	9	0	NA	none	0	0		Firmicutes	Fictibacillus
NZ_CP015378_2259297..2290806	IME	31510	22	1	T4SS_MOBC	none	0	0		Firmicutes	Fictibacillus
NZ_CP015381_2523644..2545199	NA	21556	20	0	NA	none	0	0		Desulfobacterota	Desulfococcus
NZ_CP015385_742492..799462	NA	56971	67	1	T4SS_MOBH,profile_MOBT	MPF_F	1	0		Proteobacteria	Klebsiella
NZ_CP015392_1776406..1984641	ICE	208236	161	1	T4SS_MOBC,T4SS_MOBQ	MPF_T	1	0	Eex_IncN	Proteobacteria	Klebsiella
NZ_CP015392_747023..803271	NA	56249	66	1	T4SS_MOBH,profile_MOBT	MPF_F	1	0		Proteobacteria	Klebsiella
NZ_CP015399_1646887..1710701	NA	63815	64	1	T4SS_MOBQ	none	0	0		Firmicutes_A	Enterocloster
NZ_CP015399_1737628..1805060	NA	67433	76	1	T4SS_MOBP1	none	0	2		Firmicutes_A	Enterocloster
NZ_CP015399_2122160..2145143	NA	22984	23	1	T4SS_MOBV	none	0	1		Firmicutes_A	Enterocloster
NZ_CP015399_2301809..2355742	NA	53934	51	1	T4SS_MOBP1	none	0	0		Firmicutes_A	Enterocloster
NZ_CP015399_2983117..3067145	ICE	84029	88	1	T4SS_MOBQ,profile_MOBT	MPF_FA	1	3		Firmicutes_A	Enterocloster
NZ_CP015399_3691035..3823186	ICE	132152	147	1	T4SS_MOBP1,T4SS_MOBV	MPF_FA	1	4		Firmicutes_A	Enterocloster
NZ_CP015399_4510562..4590392	NA	79831	75	1	T4SS_MOBQ	none	0	0		Firmicutes_A	Enterocloster
NZ_CP015399_5084487..5125988	NA	41502	45	1	T4SS_MOBP1	none	0	0		Firmicutes_A	Enterocloster
NZ_CP015399_5796946..5829045	NA	32100	37	1	T4SS_MOBP1,T4SS_MOBP3,profile_MOBT	none	0	0		Firmicutes_A	Enterocloster
NZ_CP015399_6093702..6154562	ICE	60861	64	1	T4SS_MOBQ	MPF_FA	1	4		Firmicutes_A	Enterocloster
NZ_CP015399_6338886..6367479	NA	28594	29	1	T4SS_MOBQ,profile_MOBT	MPF_FA	1	5		Firmicutes_A	Enterocloster
NZ_CP015399_6569457..6771211	ICE	201755	210	1	T4SS_MOBP1,profile_MOBM,profile_MOBT	none	0	1		Firmicutes_A	Enterocloster
NZ_CP015401_1416310..1500423	ICE	84114	77	1	T4SS_MOBP1	none	0	0		Bacteroidota	Bacteroides
NZ_CP015401_1783247..1841063	NA	57817	53	1	T4SS_MOBP1	none	0	0		Bacteroidota	Bacteroides
NZ_CP015401_1929683..1957132	NA	27450	24	1	T4SS_MOBV	none	0	0		Bacteroidota	Bacteroides
NZ_CP015401_3579037..3622295	IME	43259	44	1	T4SS_MOBP1	none	0	0		Bacteroidota	Bacteroides
NZ_CP015401_3866845..3909164	NA	42320	48	1	T4SS_MOBP1,T4SS_MOBQ	none	0	0		Bacteroidota	Bacteroides
NZ_CP015401_933300..972404	NA	39105	49	1	T4SS_MOBP1	none	0	0		Bacteroidota	Bacteroides
NZ_CP015402_1067914..1104402	NA	36489	39	1	T4SS_MOBP1	none	0	0		Bacteroidota	Muribaculum
NZ_CP015402_1152930..1357829	ICE	204900	180	1	T4SS_MOBP1	none	0	0		Bacteroidota	Muribaculum
NZ_CP015402_1459621..1616398	ICE	156778	146	1	T4SS_MOBP1,T4SS_MOBV	none	0	1		Bacteroidota	Muribaculum
NZ_CP015402_291103..317189	NA	26087	26	1	T4SS_MOBP1	none	0	0		Bacteroidota	Muribaculum
NZ_CP015402_2988751..3021815	NA	33065	29	1	T4SS_MOBV	none	0	0		Bacteroidota	Muribaculum
NZ_CP015405_1449164..1569843	NA	120680	114	1	T4SS_MOBP1	MPF_FA	1	5		Firmicutes_A	Blautia
NZ_CP015405_1905059..1922914	IME	17856	22	1	profile_MOBT	none	0	0		Firmicutes_A	Blautia
NZ_CP015405_3824097..3967304	ICE	143208	148	1	T4SS_MOBC,T4SS_MOBP1	none	0	0		Firmicutes_A	Blautia
NZ_CP015405_4759054..4763847	NA	4794	5	1	T4SS_MOBQ,profile_MOBM	none	0	0		Firmicutes_A	Blautia
NZ_CP015406_332475..586667	NA	254193	275	1	T4SS_MOBP1,T4SS_MOBP3,T4SS_MOBV,profile_MOBT	MPF_FA	1	8		Firmicutes_A	Flavonifractor
NZ_CP015407_902244..940502	NA	38259	44	1	T4SS_MOBP1	MPF_FA	1	7		Actinobacteriota	Bifidobacterium
NZ_CP015410_1086467..1136101	NA	49635	51	1	T4SS_MOBH,T4SS_MOBP1	none	0	0		Firmicutes	Enterococcus
NZ_CP015410_2956345..3024978	NA	68634	72	1	profile_MOBT	MPF_FA	1	4		Firmicutes	Enterococcus
NZ_CP015410_641031..703106	ICE	62076	58	1	T4SS_MOBP1,T4SS_MOBP2	MPF_FA	1	2		Firmicutes	Enterococcus
NZ_CP015410_830811..988092	ICE	157282	175	1	T4SS_MOBC,T4SS_MOBP1,profile_MOBT	none	0	2		Firmicutes	Enterococcus
NZ_CP015432_516268..578479	ICE	62212	73	1	T4SS_MOBH	MPF_F	1	0		Proteobacteria	Haemophilus_B
NZ_CP015434_100277..162498	ICE	62222	74	1	T4SS_MOBH	MPF_F	1	0		Proteobacteria	Haemophilus_B
NZ_CP015438_199022..236716	IME	37695	36	1	T4SS_MOBP1,profile_MOBT	none	0	0		Firmicutes	Anoxybacillus_A
NZ_CP015500_2385751..2625972	ICE	240222	251	0	NA	none	0	0		Proteobacteria	Klebsiella
NZ_CP015506_1985120..2089280	NA	104161	124	0	NA	none	0	0		Firmicutes	Cytobacillus
NZ_CP015506_2097355..2135171	NA	37817	62	1	profile_MOBT	none	0	0		Firmicutes	Cytobacillus
NZ_CP015521_2375475..2380580	NA	5106	4	1	T4SS_MOBP1	none	0	0		Proteobacteria	Sphingomonas
NZ_CP015560_1599545..1690762	NA	91218	96	1	T4SS_MOBH	MPF_F	1	0		Proteobacteria	Pasteurella
NZ_CP015573_771240..809255	ICE	38016	44	1	T4SS_MOBH	MPF_F	1	0		Proteobacteria	Pasteurella
NZ_CP015574_1243046..1422671	ICE	179626	189	1	T4SS_MOBH	none	0	0		Proteobacteria	Salmonella
NZ_CP015588_4900964..4916884	AICE	15921	22	0	NA	none	0	0		Actinobacteriota	Streptomyces
NZ_CP015596_866136..914202	AICE	48067	42	0	NA	none	0	0		Actinobacteriota	Mycobacterium
NZ_CP015610_572724..689647	ICE	116924	156	1	T4SS_MOBH,profile_MOBT	MPF_FA	1	4		Firmicutes	Bacillus
NZ_CP015612_1331872..1399364	IME	67493	68	1	T4SS_MOBQ	none	0	0		Proteobacteria	Stenotrophomonas
NZ_CP015612_974551..1018715	IME	44165	31	1	T4SS_MOBQ,T4SS_MOBV	none	0	0		Proteobacteria	Stenotrophomonas
NZ_CP015638_5968211..5980586	NA	12376	15	1	T4SS_MOBP1,profile_MOBT	none	0	0		Proteobacteria	Pseudomonas_E
NZ_CP015639_5716190..5853473	NA	137284	131	1	T4SS_MOBP1,T4SS_MOBQ,T4SS_MOBV,profile_MOBT	none	0	0		Proteobacteria	Pseudomonas_E
NZ_CP015641_2089753..2339718	ICE	249966	243	1	T4SS_MOBP1,profile_MOBT	none	0	1		Proteobacteria	Pseudomonas_A
NZ_CP015641_3097231..3193501	ICE	96271	94	1	T4SS_MOBH	MPF_F	1	0		Proteobacteria	Pseudomonas_A
NZ_CP015726_2903910..2910911	NA	7002	14	0	NA	none	0	0		Actinobacteriota	Streptomyces
NZ_CP015726_5215775..5221882	NA	6108	10	0	NA	none	0	0		Actinobacteriota	Streptomyces
NZ_CP015726_5354351..5369252	NA	14902	22	0	NA	none	0	0		Actinobacteriota	Streptomyces
NZ_CP015726_6700960..6713986	NA	13027	14	0	NA	none	0	0		Actinobacteriota	Streptomyces
NZ_CP015736_3711886..3874336	NA	162451	177	1	T4SS_MOBP1	MPF_T	1	0		Proteobacteria	Shinella
NZ_CP015736_475528..520685	NA	45158	54	0	NA	none	0	0		Proteobacteria	Shinella
NZ_CP015749_2322650..2395093	ICE	72444	76	1	T4SS_MOBC,T4SS_MOBP1	MPF_T	1	0	Eex_IncN	Proteobacteria	Pectobacterium
NZ_CP015750_1811769..1839971	NA	28203	37	0	NA	none	0	0		Proteobacteria	Pectobacterium
NZ_CP015750_2981140..2990534	NA	9395	15	1	T4SS_MOBQ	none	0	0		Proteobacteria	Pectobacterium
NZ_CP015750_4590425..4690097	ICE	99673	93	1	T4SS_MOBH	MPF_F	1	0		Proteobacteria	Pectobacterium
NZ_CP015750_4995465..5034875	NA	39411	31	1	T4SS_MOBC	MPF_T	1	0	Eex_IncN	Proteobacteria	Pectobacterium
NZ_CP015750_59650..87340	IME	27691	31	1	T4SS_MOBQ	none	0	0		Proteobacteria	Pectobacterium
NZ_CP015772_2240353..2283091	IME	42739	40	1	T4SS_MOBP1	none	0	0		Bacteroidota	Niabella
NZ_CP015772_2952254..3023100	ICE	70847	69	1	T4SS_MOBP1,profile_MOBT	none	0	0		Bacteroidota	Niabella
NZ_CP015772_5014351..5042290	IME	27940	27	1	T4SS_MOBP1	none	0	0		Bacteroidota	Niabella
NZ_CP015775_909323..937024	IME	27702	32	1	T4SS_MOBQ	none	0	0		Proteobacteria	Ochrobactrum_A
NZ_CP015776_111685..216119	NA	104435	105	1	T4SS_MOBP1	MPF_T	1	0		Proteobacteria	Ochrobactrum_A
NZ_CP015819_483362..546855	NA	63494	58	1	T4SS_MOBH	none	0	0		Firmicutes	Spiroplasma_A
NZ_CP015839_1487354..1490621	NA	3268	2	1	T4SS_MOBP1,T4SS_MOBV	none	0	0		Proteobacteria	Marinobacterium_A
NZ_CP015848_4098967..4146022	IME	47056	32	1	T4SS_MOBQ,T4SS_MOBV	none	0	0		Proteobacteria	Phaeospirillum
NZ_CP015850_2542327..2584253	NA	41927	47	1	T4SS_MOBP1,profile_MOBT	none	0	0	Eex_IncN	Proteobacteria	Ralstonia
NZ_CP015857_1226464..1228541	NA	2078	2	1	T4SS_MOBH	none	0	0		Firmicutes	Lactiplantibacillus
NZ_CP015863_151770..367041	NA	215272	192	1	profile_MOBF	none	0	0		Proteobacteria	Vibrio
NZ_CP015866_1651297..1677652	NA	26356	32	0	NA	none	0	0		Actinobacteriota	Streptomyces
NZ_CP015866_1974530..1985617	NA	11088	14	0	NA	none	0	0		Actinobacteriota	Streptomyces
NZ_CP015866_2756129..2769899	NA	13771	16	0	NA	none	0	0		Actinobacteriota	Streptomyces
NZ_CP015866_3817894..3837516	NA	19623	27	0	NA	none	0	0		Actinobacteriota	Streptomyces
NZ_CP015883_1823930..1894635	ICE	70706	78	0	NA	none	0	0		Firmicutes	Enterococcus
NZ_CP015883_240787..313926	ICE	73140	83	1	profile_MOBT	MPF_FA	1	5		Firmicutes	Enterococcus
NZ_CP015894_578848..588272	NA	9425	14	0	NA	none	0	0		Firmicutes	Lactococcus
NZ_CP015897_877918..897450	NA	19533	15	1	T4SS_MOBP1	none	0	0		Firmicutes	Lactococcus
NZ_CP015899_637961..680533	NA	42573	41	1	profile_MOBT	none	0	0		Firmicutes	Lactococcus
NZ_CP015900_1907678..1949758	NA	42081	57	0	NA	none	0	0		Firmicutes	Lactococcus
NZ_CP015901_571274..573716	NA	2443	3	0	NA	none	0	0		Firmicutes	Lactococcus
NZ_CP015902_1339080..1447280	ICE	108201	90	1	T4SS_MOBP1	none	0	5		Firmicutes	Lactococcus
NZ_CP015902_196368..214350	NA	17983	21	1	profile_MOBT	MPF_FA	1	2		Firmicutes	Lactococcus
NZ_CP015902_354798..370796	NA	15999	20	1	profile_MOBT	MPF_FA	1	2		Firmicutes	Lactococcus
NZ_CP015902_637937..677291	NA	39355	48	1	profile_MOBT	none	0	1		Firmicutes	Lactococcus
NZ_CP015904_1178637..1206819	IME	28183	24	1	T4SS_MOBP1	none	0	0		Firmicutes	Lactococcus
NZ_CP015907_561272..564907	NA	3636	5	0	NA	none	0	0		Firmicutes	Lactococcus
NZ_CP015912_1454657..1630156	ICE	175500	162	1	T4SS_MOBP1	none	0	0		Proteobacteria	Escherichia
NZ_CP015923_4154114..4176923	NA	22810	25	1	T4SS_MOBP1	none	0	0		Proteobacteria	Salmonella
NZ_CP015926_2292794..2344282	NA	51489	46	1	profile_MOBF	MPF_F	1	0		Proteobacteria	Legionella
NZ_CP015927_139257..210198	ICE	70942	61	1	T4SS_MOBQ	MPF_T	1	0		Proteobacteria	Legionella
NZ_CP015931_1401281..1442467	ICE	41187	38	1	T4SS_MOBP1,T4SS_MOBQ	MPF_T	1	0		Proteobacteria	Legionella
NZ_CP015931_2345080..2409333	ICE	64254	62	1	profile_MOBF	MPF_F	1	0		Proteobacteria	Legionella
NZ_CP015932_2272502..2347689	ICE	75188	71	1	T4SS_MOBP1	MPF_T	1	0		Proteobacteria	Legionella
NZ_CP015934_138804..206244	ICE	67441	58	1	T4SS_MOBP1,T4SS_MOBQ,profile_MOBM	MPF_T	1	0		Proteobacteria	Legionella
NZ_CP015934_2295041..2359294	ICE	64254	62	1	profile_MOBF	MPF_F	1	0		Proteobacteria	Legionella
NZ_CP015937_2260490..2324743	ICE	64254	62	1	profile_MOBF	MPF_F	1	0		Proteobacteria	Legionella
NZ_CP015938_2258681..2322934	ICE	64254	62	1	profile_MOBF	MPF_F	1	0		Proteobacteria	Legionella
NZ_CP015944_2267566..2331826	ICE	64261	62	1	profile_MOBF	MPF_F	1	0		Proteobacteria	Legionella
NZ_CP015945_2260079..2324332	ICE	64254	62	1	profile_MOBF	MPF_F	1	0		Proteobacteria	Legionella
NZ_CP015947_2255920..2320168	ICE	64249	62	1	profile_MOBF	MPF_F	1	0		Proteobacteria	Legionella
NZ_CP015949_2264832..2337250	NA	72419	74	1	profile_MOBF	MPF_F	1	0		Proteobacteria	Legionella
NZ_CP015951_2263029..2327282	ICE	64254	62	1	profile_MOBF	MPF_F	1	0		Proteobacteria	Legionella
NZ_CP015953_2261466..2325719	ICE	64254	62	1	profile_MOBF	MPF_F	1	0		Proteobacteria	Legionella
NZ_CP015953_2632608..2688686	ICE	56079	51	1	T4SS_MOBP1	MPF_T	1	0		Proteobacteria	Legionella
NZ_CP015956_2265982..2330238	ICE	64257	62	1	profile_MOBF	MPF_F	1	0		Proteobacteria	Legionella
NZ_CP015964_2231115..2259407	NA	28293	31	0	NA	none	0	0		Actinobacteriota	Mycobacterium
NZ_CP015972_1823861..1907284	NA	83424	70	1	T4SS_MOBQ	none	0	0		Proteobacteria	Xanthomonas
NZ_CP015972_2643029..2720662	ICE	77634	81	1	T4SS_MOBH,profile_MOBT	MPF_F	1	0		Proteobacteria	Xanthomonas
NZ_CP015972_4051296..4080855	NA	29560	34	1	T4SS_MOBQ	none	0	0		Proteobacteria	Xanthomonas
NZ_CP015990_1679073..1879582	ICE	200510	169	1	T4SS_MOBC,T4SS_MOBP1	MPF_T	1	0	Eex_IncN	Proteobacteria	Klebsiella
NZ_CP016014_4045454..4064539	NA	19086	20	1	T4SS_MOBP1	none	0	0		Proteobacteria	Salmonella
NZ_CP016014_755301..863013	NA	107713	111	1	T4SS_MOBH	MPF_F	1	0		Proteobacteria	Salmonella
NZ_CP016015_1624163..1657673	NA	33511	50	1	profile_MOBT	none	0	0		Proteobacteria	Neisseria
NZ_CP016028_869620..884900	NA	15281	15	0	NA	none	0	0		Firmicutes	Latilactobacillus
NZ_CP016030_148431..219389	ICE	70959	62	1	T4SS_MOBQ	MPF_T	1	0		Proteobacteria	Legionella
NZ_CP016033_1709954..1756039	IME	46086	45	1	T4SS_MOBQ	none	0	0		Proteobacteria	Erythrobacter
NZ_CP016043_445294..447820	NA	2527	2	1	T4SS_MOBH	none	0	0		Proteobacteria	Edwardsiella
NZ_CP016071_3311661..3347989	IME	36329	41	1	T4SS_MOBQ	none	0	0		Firmicutes	Lactiplantibacillus
NZ_CP016077_379602..396512	NA	16911	17	0	NA	none	0	0		Actinobacteriota	Actinoalloteichus
NZ_CP016077_612174..627742	NA	15569	21	0	NA	none	0	0		Actinobacteriota	Actinoalloteichus
NZ_CP016079_2255921..2272927	NA	17007	13	1	T4SS_MOBQ	none	0	0		Proteobacteria	Mesorhizobium
NZ_CP016079_4359414..4408492	NA	49079	50	1	T4SS_MOBQ	none	0	0		Proteobacteria	Mesorhizobium
NZ_CP016087_700080..744332	NA	44253	42	0	NA	none	0	1		Firmicutes_A	Clostridium
NZ_CP016102_3702459..3860628	ICE	158170	145	1	T4SS_MOBP1,profile_MOBT	MPF_FA	1	8		Firmicutes_A	Clostridioides
NZ_CP016102_562314..580384	IME	18071	20	1	profile_MOBT	none	0	0		Firmicutes_A	Clostridioides
NZ_CP016104_484385..555553	IME	71169	63	1	T4SS_MOBP1	none	0	2		Firmicutes_A	Clostridioides
NZ_CP016106_3710384..3820698	NA	110315	103	1	profile_MOBT	MPF_FA	1	7		Firmicutes_A	Clostridioides
NZ_CP016163_1857729..1881286	NA	23558	23	0	NA	none	0	0		Firmicutes	Enterococcus_B
NZ_CP016163_406214..494623	ICE	88410	90	1	T4SS_MOBP1,profile_MOBT	MPF_FA	1	5		Firmicutes	Enterococcus_B
NZ_CP016171_4347451..4417583	ICE	70133	66	1	profile_MOBF	MPF_T	1	0		Proteobacteria	Bordetella_C
NZ_CP016174_7292954..7305207	NA	12254	21	0	NA	none	0	0		Actinobacteriota	Amycolatopsis
NZ_CP016174_8361397..8366413	NA	5017	5	0	NA	none	0	0		Actinobacteriota	Amycolatopsis
NZ_CP016174_8739362..8753147	NA	13786	15	0	NA	none	0	0		Actinobacteriota	Amycolatopsis
NZ_CP016175_809731..901931	ICE	92201	105	1	T4SS_MOBP1,profile_MOBT	none	0	10		Firmicutes	Streptococcus
NZ_CP016176_2663711..2746235	ICE	82525	82	1	T4SS_MOBH	MPF_F	1	0		Proteobacteria	Xenorhabdus
NZ_CP016188_2545614..2578853	NA	33240	33	0	NA	none	0	0		Actinobacteriota	Mycobacterium
NZ_CP016189_1957533..1990341	NA	32809	47	1	profile_MOBT	none	0	0		Actinobacteriota	Mycobacterium
NZ_CP016189_345816..378428	NA	32613	34	0	NA	none	0	0		Actinobacteriota	Mycobacterium
NZ_CP016189_3973055..3997572	NA	24518	37	0	NA	none	0	0		Actinobacteriota	Mycobacterium
NZ_CP016190_776635..833722	AICE	57088	68	0	NA	none	0	0		Actinobacteriota	Mycobacterium
NZ_CP016193_3200227..3241541	NA	41315	50	0	NA	none	0	0		Actinobacteriota	Mycobacterium
NZ_CP016224_1316230..1397488	IME	81259	72	1	T4SS_MOBP1,profile_MOBT	none	0	0		Proteobacteria	Vibrio
NZ_CP016224_2484802..2616937	ICE	132136	122	1	T4SS_MOBH,profile_MOBT	MPF_F	1	0		Proteobacteria	Vibrio
NZ_CP016268_216379..300976	ICE	84598	82	1	T4SS_MOBH	MPF_F	1	0		Proteobacteria	Woeseia
NZ_CP016273_2175452..2199176	NA	23725	29	0	NA	none	0	0		Proteobacteria	Yersinia
NZ_CP016278_1774341..2009748	NA	235408	205	1	T4SS_MOBH,profile_MOBT	MPF_F	1	0		Proteobacteria	Diaphorobacter
NZ_CP016278_999486..1099072	ICE	99587	83	0	NA	none	0	0		Proteobacteria	Diaphorobacter
NZ_CP016279_9443007..9449040	NA	6034	9	0	NA	none	0	0		Actinobacteriota	Streptomyces
NZ_CP016306_761874..865854	NA	103981	107	1	T4SS_MOBP1,T4SS_MOBV	MPF_T	1	0		Proteobacteria	Sphingomonas_E
NZ_CP016307_2963296..2997979	NA	34684	35	1	T4SS_MOBP1,T4SS_MOBP2,T4SS_MOBV	none	0	0		Proteobacteria	Vibrio
NZ_CP016318_1277811..1329571	NA	51761	52	1	T4SS_MOBP1	MPF_FA	1	8		Firmicutes_A	Clostridioides
NZ_CP016318_426259..506034	NA	79776	81	1	profile_MOBT	MPF_FA	1	17		Firmicutes_A	Clostridioides
NZ_CP016320_2459990..2475742	NA	15753	17	1	T4SS_MOBP1	none	0	0		Proteobacteria	Agrobacterium
NZ_CP016322_1154910..1361339	NA	206430	197	1	profile_MOBF	MPF_F	1	2		Proteobacteria	Vibrio
NZ_CP016328_198357..227364	IME	29008	28	1	T4SS_MOBP1	none	0	0		Proteobacteria	Gluconobacter_A
NZ_CP016328_2822726..2846165	IME	23440	19	1	profile_MOBF	none	0	0		Proteobacteria	Gluconobacter_A
NZ_CP016328_92597..121424	IME	28828	27	1	T4SS_MOBP1	none	0	0		Proteobacteria	Gluconobacter_A
NZ_CP016329_1336902..1369869	NA	32968	27	1	profile_MOBT	none	0	1		Firmicutes	Leuconostoc
NZ_CP016344_1758796..1806716	NA	47921	46	1	T4SS_MOBC	MPF_T	1	0	Eex_IncN	Proteobacteria	Klebsiella
NZ_CP016349_1933180..2000238	NA	67059	67	1	T4SS_MOBP1	none	0	0		Proteobacteria	Vibrio
NZ_CP016349_44561..341738	ICE	297178	283	1	T4SS_MOBC,T4SS_MOBP2	none	0	0		Proteobacteria	Vibrio
NZ_CP016352_1583646..1666925	NA	83280	77	1	T4SS_MOBP1,profile_MOBT	none	0	0		Proteobacteria	Vibrio
NZ_CP016353_1001978..1008358	NA	6381	6	0	NA	none	0	0		Actinobacteriota	Saccharomonospora
NZ_CP016353_2539485..2552048	NA	12564	18	0	NA	none	0	0		Actinobacteriota	Saccharomonospora
NZ_CP016353_330025..351310	NA	21286	21	1	profile_MOBF	none	0	0		Actinobacteriota	Saccharomonospora
NZ_CP016353_3923281..3935880	NA	12600	14	0	NA	none	0	0		Actinobacteriota	Saccharomonospora
NZ_CP016353_5626794..5636927	NA	10134	9	0	NA	none	0	0		Actinobacteriota	Saccharomonospora
NZ_CP016353_564073..576835	NA	12763	14	0	NA	none	0	0		Actinobacteriota	Saccharomonospora
NZ_CP016353_5774106..5779390	NA	5285	7	0	NA	none	0	0		Actinobacteriota	Saccharomonospora
NZ_CP016355_1528064..1538738	NA	10675	8	1	profile_MOBM,profile_MOBT	none	0	0		Firmicutes	Lacticaseibacillus
NZ_CP016359_3000531..3050430	NA	49900	47	1	T4SS_MOBB	none	0	0		Bacteroidota	Gramella
NZ_CP016359_3276442..3440610	ICE	164169	172	1	T4SS_MOBB	none	0	0		Bacteroidota	Gramella
NZ_CP016359_648923..707071	IME	58149	51	1	T4SS_MOBB,profile_MOBT	none	0	0		Bacteroidota	Gramella
NZ_CP016359_993460..1115486	NA	122027	100	1	T4SS_MOBB,profile_MOBT	none	0	0		Bacteroidota	Gramella
NZ_CP016370_997186..1132701	ICE	135516	134	1	T4SS_MOBP1	none	0	1		Bacteroidota	Elizabethkingia
NZ_CP016372_232904..384631	ICE	151728	152	1	T4SS_MOBP1	none	0	1		Bacteroidota	Elizabethkingia
NZ_CP016373_641209..854377	ICE	213169	189	1	T4SS_MOBP1	MPF_FA	1	2		Bacteroidota	Elizabethkingia
NZ_CP016374_560976..609871	IME	48896	80	1	T4SS_MOBP1	none	0	0		Bacteroidota	Elizabethkingia
NZ_CP016377_3749622..3999057	NA	249436	224	1	T4SS_MOBP1	none	0	0		Bacteroidota	Elizabethkingia
NZ_CP016380_2463562..2500353	NA	36792	39	0	NA	none	0	0		Proteobacteria	Aeromonas
NZ_CP016391_1715013..1744782	NA	29770	32	1	T4SS_MOBH	none	0	0		Firmicutes	Streptococcus
NZ_CP016391_1895352..1902144	NA	6793	10	1	profile_MOBT	none	0	0		Firmicutes	Streptococcus
NZ_CP016391_271133..277982	NA	6850	9	1	T4SS_MOBV	none	0	0		Firmicutes	Streptococcus
NZ_CP016428_1008662..1013866	NA	5205	4	1	T4SS_MOBQ	none	0	0		Proteobacteria	Bradyrhizobium
NZ_CP016428_1933175..1945467	NA	12293	16	1	T4SS_MOBP1,T4SS_MOBQ	none	0	0		Proteobacteria	Bradyrhizobium
NZ_CP016428_2529129..2693648	NA	164520	158	1	T4SS_MOBP1,profile_MOBT	MPF_T	1	0		Proteobacteria	Bradyrhizobium
NZ_CP016429_4433042..4466554	NA	33513	31	0	NA	none	0	0		Proteobacteria	Methylobacterium
NZ_CP016431_4354910..4361146	NA	6237	7	1	T4SS_MOBV	none	0	0		Proteobacteria	Bordetella
NZ_CP016432_942366..981270	NA	38905	46	1	profile_MOBF	none	0	0		Bacteroidota	Prosthecochloris
NZ_CP016433_1572790..1611132	NA	38343	46	1	T4SS_MOBP1,profile_MOBT	none	0	0		Proteobacteria	Agrobacterium
NZ_CP016433_200547..282836	NA	82290	88	1	profile_MOBT	MPF_T	1	0		Proteobacteria	Agrobacterium
NZ_CP016438_4880328..4901373	AICE	21046	25	0	NA	none	0	0		Actinobacteriota	Streptomyces
NZ_CP016438_6803531..6823309	NA	19779	26	0	NA	none	0	0		Actinobacteriota	Streptomyces
NZ_CP016440_2384076..2614221	NA	230146	196	1	T4SS_MOBP1,profile_MOBT	MPF_T	1	1	Eex_IncN	Proteobacteria	Bordetella
NZ_CP016442_2248399..2367941	ICE	119543	132	1	T4SS_MOBP1	MPF_T	1	0	Eex_IncN	Proteobacteria	Burkholderia
NZ_CP016442_2759479..2773370	NA	13892	21	0	NA	none	0	0		Proteobacteria	Burkholderia
NZ_CP016442_36595..52306	IME	15712	21	1	T4SS_MOBQ	none	0	0		Proteobacteria	Burkholderia
NZ_CP016447_3674149..3714578	NA	40430	35	1	T4SS_MOBQ	none	0	0		Proteobacteria	Acidovorax
NZ_CP016460_2998461..3030463	NA	32003	31	1	T4SS_MOBQ	none	0	0		Proteobacteria	Blastomonas
NZ_CP016464_1264864..1279933	NA	15070	12	1	T4SS_MOBQ	none	0	0		Proteobacteria	Bosea
NZ_CP016497_770426..811204	IME	40779	44	1	T4SS_MOBQ	none	0	0		Proteobacteria	Escherichia
NZ_CP016499_2322877..2347290	IME	24414	14	1	T4SS_MOBQ	none	0	0		Proteobacteria	Allorhizobium
NZ_CP016598_1618420..1708352	ICE	89933	97	1	profile_MOBT	MPF_FA	1	2		Firmicutes	Leuconostoc
NZ_CP016604_1154239..1166370	NA	12132	11	1	T4SS_MOBP1	none	0	0		Proteobacteria	Otariodibacter
NZ_CP016605_778337..826841	NA	48505	52	1	T4SS_MOBH	MPF_F	1	0		Proteobacteria	Bisgaardia
NZ_CP016634_3218330..3306421	NA	88092	86	1	T4SS_MOBP1	MPF_T	1	0		Proteobacteria	Pseudomonas_E
NZ_CP016638_3450449..3467749	IME	17301	17	1	T4SS_MOBP1,T4SS_MOBQ,T4SS_MOBV	none	0	0		Proteobacteria	Burkholderia
NZ_CP016649_2695..71477	NA	68783	69	0	NA	none	0	0		Proteobacteria	Neisseria
NZ_CP016682_902566..921265	NA	18700	22	0	NA	none	0	0		Proteobacteria	Neisseria
NZ_CP016683_58161..195353	NA	137193	138	1	profile_MOBT	none	0	0		Proteobacteria	Neisseria
NZ_CP016684_1674842..1861712	ICE	186871	193	1	profile_MOBT	none	0	0		Proteobacteria	Neisseria
NZ_CP016757_1265579..1318120	IME	52542	46	1	T4SS_MOBV	none	0	0		Synergistota	Cloacibacillus
NZ_CP016761_1920837..2012953	NA	92117	96	0	NA	none	0	0		Firmicutes	Fictibacillus
NZ_CP016790_551757..565180	NA	13424	20	1	T4SS_MOBC,profile_MOBM,profile_MOBT	none	0	0		Firmicutes	Priestia
NZ_CP016793_2619745..2633055	NA	13311	11	0	NA	none	0	0		Actinobacteriota	Lentzea
NZ_CP016793_3275298..3279754	NA	4457	4	0	NA	none	0	0		Actinobacteriota	Lentzea
NZ_CP016795_2599731..2605505	NA	5775	8	0	NA	none	0	0		Actinobacteriota	Streptomyces
NZ_CP016795_4766159..4782032	NA	15874	19	0	NA	none	0	0		Actinobacteriota	Streptomyces
NZ_CP016795_5473878..5501282	AICE	27405	24	0	NA	none	0	0		Actinobacteriota	Streptomyces
NZ_CP016796_933775..954418	IME	20644	16	1	T4SS_MOBC	none	0	0		Proteobacteria	Francisella
NZ_CP016811_46270..60048	NA	13779	19	1	T4SS_MOBP1	none	0	0		Proteobacteria	Klebsiella
NZ_CP016813_2301024..2330887	IME	29864	36	1	T4SS_MOBP2,T4SS_MOBQ	none	0	0		Proteobacteria	Klebsiella
NZ_CP016824_1725381..1734342	NA	8962	10	0	NA	none	0	0		Actinobacteriota	Streptomyces
NZ_CP016824_2755620..2771305	NA	15686	19	0	NA	none	0	0		Actinobacteriota	Streptomyces
NZ_CP016824_3819966..3833467	NA	13502	17	0	NA	none	0	0		Actinobacteriota	Streptomyces
NZ_CP016825_1667772..1699695	NA	31924	41	1	T4SS_MOBP1	none	0	0		Actinobacteriota	Streptomyces
NZ_CP016825_3895964..3935894	NA	39931	37	1	T4SS_MOBP1,profile_MOBT	none	0	0		Actinobacteriota	Streptomyces
NZ_CP016825_4346732..4357966	NA	11235	19	0	NA	none	0	0		Actinobacteriota	Streptomyces
NZ_CP016825_4522000..4535970	AICE	13971	16	0	NA	none	0	0		Actinobacteriota	Streptomyces
NZ_CP016830_1183633..1206852	IME	23220	29	1	T4SS_MOBH,T4SS_MOBQ,profile_MOBT	none	0	0		Proteobacteria	Xanthomonas
NZ_CP016843_1136056..1140223	NA	4168	5	0	NA	none	0	0		Firmicutes	Carnobacterium
NZ_CP016849_2250514..2339508	ICE	88995	81	1	T4SS_MOBH	MPF_F	1	0		Proteobacteria	Pseudomonas_E
NZ_CP016870_1676430..1729851	ICE	53422	46	1	T4SS_MOBP1	MPF_T	1	0		Proteobacteria	Legionella
NZ_CP016874_2377283..2622169	ICE	244887	220	1	T4SS_MOBP1,profile_MOBT	MPF_T	1	1		Proteobacteria	Legionella
NZ_CP016876_1358419..1389573	IME	31155	29	1	T4SS_MOBH	none	0	0		Proteobacteria	Legionella
NZ_CP016877_1188815..1228756	NA	39942	45	1	T4SS_MOBP1	MPF_FA	1	11		Firmicutes	Streptococcus
NZ_CP016878_2264829..2284994	NA	20166	23	1	T4SS_MOBQ	none	0	0		Proteobacteria	Xanthomonas
NZ_CP016878_32556..63450	IME	30895	32	1	T4SS_MOBQ	none	0	0		Proteobacteria	Xanthomonas
NZ_CP016878_578243..592663	IME	14421	12	1	T4SS_MOBQ	none	0	0		Proteobacteria	Xanthomonas
NZ_CP016878_967463..1087842	ICE	120380	121	1	T4SS_MOBH,profile_MOBT	MPF_F	1	0		Proteobacteria	Xanthomonas
NZ_CP016889_1897725..1970377	NA	72653	79	1	T4SS_MOBH	MPF_F	1	0		Proteobacteria	Pantoea
NZ_CP016926_3709104..3743071	NA	33968	37	1	T4SS_MOBP1	none	0	0		Proteobacteria	Klebsiella
NZ_CP016952_2280811..2318649	NA	37839	33	1	T4SS_MOBP1	none	0	0		Proteobacteria	Citrobacter
NZ_CP016955_1129148..1144709	IME	15562	15	1	T4SS_MOBQ,T4SS_MOBV	none	0	0		Proteobacteria	Pseudomonas
NZ_CP016955_1326863..1412944	ICE	86082	104	1	T4SS_MOBH	MPF_F	1	0		Proteobacteria	Pseudomonas
NZ_CP016955_2108063..2170026	ICE	61964	67	1	T4SS_MOBH	MPF_F	1	0		Proteobacteria	Pseudomonas
NZ_CP016955_2643509..2864176	ICE	220668	211	1	T4SS_MOBP1,profile_MOBT	none	0	0		Proteobacteria	Pseudomonas
NZ_CP016990_3531215..3565130	IME	33916	32	1	T4SS_MOBP1	none	0	0		Proteobacteria	Aeromonas
NZ_CP017007_1734480..1806975	NA	72496	87	1	T4SS_MOBH	MPF_F	1	0		Proteobacteria	Pseudomonas_E
NZ_CP017007_5568701..5620639	NA	51939	56	1	T4SS_MOBH	MPF_F	1	0		Proteobacteria	Pseudomonas_E
NZ_CP017009_5453838..5500830	NA	46993	52	1	T4SS_MOBH	MPF_F	1	0		Proteobacteria	Pseudomonas_E
NZ_CP017016_1233510..1242654	NA	9145	7	0	NA	none	0	0		Firmicutes	Bacillus_A
NZ_CP017019_686861..699675	IME	12815	12	1	T4SS_MOBC	none	0	0		Firmicutes_B	Moorella
NZ_CP017020_2822161..2833053	NA	10893	6	1	T4SS_MOBQ	none	0	0		Proteobacteria	Xanthomonas
NZ_CP017024_4828553..4933587	ICE	105035	111	1	T4SS_MOBH	MPF_F	1	0		Proteobacteria	Pseudomonas_B
NZ_CP017037_770121..819746	IME	49626	55	1	T4SS_MOBP1	none	0	0		Firmicutes_C	Allisonella
NZ_CP017038_1242366..1289407	NA	47042	52	1	T4SS_MOBP1	none	0	0		Bacteroidota	Tannerella
NZ_CP017038_1470991..1532933	IME	61943	46	1	T4SS_MOBP1	none	0	0		Bacteroidota	Tannerella
NZ_CP017038_1933020..1990872	NA	57853	48	1	T4SS_MOBP1	none	0	0		Bacteroidota	Tannerella
NZ_CP017038_2385383..2400751	NA	15369	14	1	T4SS_MOBP1	none	0	0		Bacteroidota	Tannerella
NZ_CP017038_502494..517359	NA	14866	11	1	T4SS_MOBP1	none	0	0		Bacteroidota	Tannerella
NZ_CP017048_1501403..1514646	NA	13244	19	1	T4SS_MOBP1,T4SS_MOBQ,T4SS_MOBV	none	0	0		Proteobacteria	Burkholderia
NZ_CP017075_1275394..1490005	ICE	214612	175	1	T4SS_MOBP1	MPF_T	1	0		Proteobacteria	Novosphingobium
NZ_CP017082_1773877..1866537	NA	92661	88	1	T4SS_MOBH	MPF_F	1	0		Proteobacteria	Proteus
NZ_CP017088_101614..120489	NA	18876	23	1	profile_MOBT	none	0	0		Firmicutes	Streptococcus
NZ_CP017088_1264945..1309915	NA	44971	41	1	T4SS_MOBP1	none	0	1		Firmicutes	Streptococcus
NZ_CP017088_2036499..2058924	NA	22426	19	1	profile_MOBT	none	0	0		Firmicutes	Streptococcus
NZ_CP017088_262896..338565	ICE	75670	68	1	T4SS_MOBC,profile_MOBT	MPF_FA	1	7		Firmicutes	Streptococcus
NZ_CP017092_107609..114844	NA	7236	10	1	profile_MOBT	none	0	0		Firmicutes	Streptococcus
NZ_CP017092_1174694..1270537	NA	95844	103	1	T4SS_MOBP1,profile_MOBT	none	0	0		Firmicutes	Streptococcus
NZ_CP017092_1311959..1365690	NA	53732	62	1	T4SS_MOBP1,profile_MOBT	none	0	2		Firmicutes	Streptococcus
NZ_CP017099_4665738..4710443	IME	44706	36	1	T4SS_MOBH	none	0	0		Proteobacteria	Pseudomonas
NZ_CP017099_5362518..5455159	ICE	92642	113	1	T4SS_MOBH	MPF_F	1	0		Proteobacteria	Pseudomonas
NZ_CP017111_56690..88371	IME	31682	29	1	profile_MOBF	none	0	0		Campylobacterota	Sulfurospirillum
NZ_CP017142_810731..937052	ICE	126322	118	1	T4SS_MOBP1,T4SS_MOBV	MPF_FA	1	14		Firmicutes	Streptococcus
NZ_CP017150_1874791..1888184	NA	13394	12	1	T4SS_MOBP1,profile_MOBT	none	0	0		Actinobacteriota	Brevibacterium
NZ_CP017150_3131260..3179396	NA	48137	49	0	NA	none	0	1		Actinobacteriota	Brevibacterium
NZ_CP017157_1674938..1695230	NA	20293	23	0	NA	none	0	0		Actinobacteriota	Streptomyces
NZ_CP017183_3485876..3514624	NA	28749	28	1	T4SS_MOBP1	none	0	0		Proteobacteria	Enterobacter
NZ_CP017190_4765063..4780327	IME	15265	19	1	T4SS_MOBQ	none	0	0		Proteobacteria	Xanthomonas
NZ_CP017190_976667..1058035	ICE	81369	89	1	T4SS_MOBH	MPF_F	1	0		Proteobacteria	Xanthomonas
NZ_CP017195_369034..414198	NA	45165	42	1	T4SS_MOBC	none	0	0		Firmicutes	Lactococcus_A
NZ_CP017248_4255655..4271392	NA	15738	19	0	NA	none	0	0		Actinobacteriota	Streptomyces
NZ_CP017248_5136654..5142072	NA	5419	5	0	NA	none	0	0		Actinobacteriota	Streptomyces
NZ_CP017248_5412234..5417853	NA	5620	9	0	NA	none	0	0		Actinobacteriota	Streptomyces
NZ_CP017258_232735..329719	NA	96985	137	0	NA	none	0	0		Campylobacterota	Campylobacter_A
NZ_CP017261_1351638..1382466	NA	30829	33	1	T4SS_MOBH	none	0	1		Firmicutes	Lacticaseibacillus
NZ_CP017269_683939..721032	NA	37094	37	1	T4SS_MOBC,T4SS_MOBP1,profile_MOBT	none	0	0		Firmicutes_A	Geosporobacter
NZ_CP017284_3633998..3691364	ICE	57367	53	1	T4SS_MOBC	MPF_T	1	0	Eex_IncN	Proteobacteria	Klebsiella
NZ_CP017289_3633211..3690576	ICE	57366	54	1	T4SS_MOBC	MPF_T	1	0	Eex_IncN	Proteobacteria	Klebsiella
NZ_CP017293_2722674..2822779	ICE	100106	110	1	T4SS_MOBH	MPF_F	1	0		Proteobacteria	Pseudomonas
NZ_CP017293_4783902..4873008	ICE	89107	103	1	T4SS_MOBH	MPF_F	1	0		Proteobacteria	Pseudomonas
NZ_CP017295_2071146..2075614	NA	4469	5	1	profile_MOBT	none	0	0		Firmicutes	Streptococcus
NZ_CP017295_560855..563492	NA	2638	3	1	profile_MOBT	none	0	0		Firmicutes	Streptococcus
NZ_CP017299_3294237..3313014	NA	18778	23	0	NA	none	0	0		Actinobacteriota	Rhodococcus
NZ_CP017305_2103482..2160199	ICE	56718	59	1	T4SS_MOBP1,profile_MOBT	MPF_T	1	0		Bacteroidota	Chlorobaculum
NZ_CP017307_2555327..2563393	NA	8067	8	1	profile_MOBT	none	0	0		Proteobacteria	Xanthomonas
NZ_CP017307_3776114..3798894	NA	22781	28	1	T4SS_MOBQ	none	0	0		Proteobacteria	Xanthomonas
NZ_CP017308_2396342..2438526	NA	42185	49	1	T4SS_MOBH	MPF_F	1	0		Proteobacteria	Xanthomonas
NZ_CP017308_3041333..3064210	NA	22878	32	1	T4SS_MOBQ	none	0	0		Proteobacteria	Xanthomonas
NZ_CP017310_1234433..1256231	NA	21799	27	1	T4SS_MOBQ	none	0	0		Proteobacteria	Xanthomonas
NZ_CP017310_3822357..3878704	NA	56348	58	1	T4SS_MOBQ	none	0	0	Eex_IncN	Proteobacteria	Xanthomonas
NZ_CP017311_3057104..3132201	ICE	75098	75	1	T4SS_MOBP1,profile_MOBT	MPF_T	1	0	Eex_IncN	Proteobacteria	Hydrogenophaga
NZ_CP017311_4359435..4379009	NA	19575	20	1	T4SS_MOBH	none	0	0		Proteobacteria	Hydrogenophaga
NZ_CP017314_531014..584202	ICE	53189	62	1	profile_MOBT	MPF_FA	1	7	DUF4467	Firmicutes	Bacillus
NZ_CP017316_2055777..2061909	NA	6133	9	0	NA	none	0	0		Actinobacteriota	Streptomyces
NZ_CP017317_1204879..1230131	IME	25253	26	1	T4SS_MOBQ	none	0	0		Proteobacteria	Xanthomonas
NZ_CP017319_3791615..3811517	NA	19903	26	1	T4SS_MOBQ	none	0	0		Proteobacteria	Xanthomonas
NZ_CP017323_1216128..1254824	NA	38697	36	1	T4SS_MOBQ	none	0	0		Proteobacteria	Xanthomonas
NZ_CP017323_3763291..3783145	IME	19855	20	1	T4SS_MOBQ	none	0	0		Proteobacteria	Xanthomonas
NZ_CP017353_599732..698016	ICE	98285	124	1	T4SS_MOBH	MPF_F	1	0		Proteobacteria	Pseudomonas
NZ_CP017353_960726..1103330	ICE	142605	143	1	T4SS_MOBH,profile_MOBT	MPF_F	1	0		Proteobacteria	Pseudomonas
NZ_CP017363_772983..856245	ICE	83263	80	1	profile_MOBT	none	0	0		Firmicutes	Lactiplantibacillus
NZ_CP017415_2089329..2252534	NA	163206	181	1	T4SS_MOBH,profile_MOBF	none	0	0		Proteobacteria	Acidihalobacter
NZ_CP017420_1401715..1478336	ICE	76622	82	1	T4SS_MOBH,profile_MOBT	MPF_F	1	0		Proteobacteria	Comamonas
NZ_CP017420_2922070..2982362	NA	60293	61	1	T4SS_MOBP1,profile_MOBT	MPF_T	1	0	Eex_IncN	Proteobacteria	Comamonas
NZ_CP017420_6937812..7035601	NA	97790	91	1	T4SS_MOBP1	MPF_T	1	0		Proteobacteria	Comamonas
NZ_CP017450_3940623..3989775	ICE	49153	51	1	T4SS_MOBC	MPF_T	1	0	Eex_IncN	Proteobacteria	Klebsiella
NZ_CP017450_4027999..4068971	ICE	40973	40	1	T4SS_MOBC	MPF_T	1	0	Eex_IncN	Proteobacteria	Klebsiella
NZ_CP017450_448799..602385	ICE	153587	173	1	T4SS_MOBH	MPF_F	1	0		Proteobacteria	Klebsiella
NZ_CP017458_2292423..2356671	ICE	64249	62	1	profile_MOBF	MPF_F	1	0		Proteobacteria	Legionella
NZ_CP017476_3246014..3385025	ICE	139012	142	1	T4SS_MOBP1,profile_MOBT	MPF_T	1	1	Eex_IncN	Proteobacteria	Hydrogenophaga
NZ_CP017478_2530680..2623852	ICE	93173	95	1	T4SS_MOBB	none	0	0		Bacteroidota	Urechidicola
NZ_CP017482_1607399..1706696	ICE	99298	93	1	T4SS_MOBH	MPF_F	1	0		Proteobacteria	Pectobacterium
NZ_CP017483_3076481..3118952	IME	42472	33	1	T4SS_MOBQ	none	0	0		Proteobacteria	Stenotrophomonas
NZ_CP017483_439178..516606	IME	77429	88	1	T4SS_MOBQ	none	0	0		Proteobacteria	Stenotrophomonas
NZ_CP017501_1084882..1140095	NA	55214	68	1	T4SS_MOBH	MPF_F	1	0		Proteobacteria	Mannheimia
NZ_CP017506_1130377..1185257	NA	54881	67	1	T4SS_MOBH	MPF_F	1	0		Proteobacteria	Mannheimia
NZ_CP017519_920286..1013743	ICE	93458	121	1	T4SS_MOBH	none	0	0		Proteobacteria	Mannheimia
NZ_CP017520_1032260..1159303	ICE	127044	147	1	T4SS_MOBH	none	0	0		Proteobacteria	Mannheimia
NZ_CP017520_744320..950021	ICE	205702	205	1	T4SS_MOBH	MPF_F	1	1		Proteobacteria	Mannheimia
NZ_CP017521_1102094..1176526	ICE	74433	85	1	T4SS_MOBH	MPF_F	1	0		Proteobacteria	Mannheimia
NZ_CP017523_1063900..1129188	NA	65289	77	1	T4SS_MOBH	MPF_F	1	0		Proteobacteria	Mannheimia
NZ_CP017523_862610..968237	ICE	105628	128	1	T4SS_MOBH	none	0	0		Proteobacteria	Mannheimia
NZ_CP017524_1101854..1203002	ICE	101149	119	1	T4SS_MOBH	MPF_F	1	0		Proteobacteria	Mannheimia
NZ_CP017524_887536..1004377	ICE	116842	138	1	T4SS_MOBH	none	0	0		Proteobacteria	Mannheimia
NZ_CP017527_1099574..1159364	ICE	59791	71	1	T4SS_MOBH	MPF_F	1	0		Proteobacteria	Mannheimia
NZ_CP017528_1085188..1140367	NA	55180	69	1	T4SS_MOBH	MPF_F	1	0		Proteobacteria	Mannheimia
NZ_CP017529_1089338..1141539	NA	52202	66	1	T4SS_MOBH	MPF_F	1	0		Proteobacteria	Mannheimia
NZ_CP017529_876834..992467	ICE	115634	137	1	T4SS_MOBH	none	0	0		Proteobacteria	Mannheimia
NZ_CP017531_124741..179773	NA	55033	67	1	T4SS_MOBH	MPF_F	1	0		Proteobacteria	Mannheimia
NZ_CP017531_2628043..2650611	IME	22569	27	1	T4SS_MOBH	none	0	0		Proteobacteria	Mannheimia
NZ_CP017533_1072139..1127352	NA	55214	68	1	T4SS_MOBH	MPF_F	1	0		Proteobacteria	Mannheimia
NZ_CP017535_1010671..1137718	ICE	127048	147	1	T4SS_MOBH	none	0	0		Proteobacteria	Mannheimia
NZ_CP017536_892830..979276	ICE	86447	105	1	T4SS_MOBH	none	0	0		Proteobacteria	Mannheimia
NZ_CP017538_2008374..2107345	ICE	98972	119	1	T4SS_MOBH	MPF_F	1	0		Proteobacteria	Mannheimia
NZ_CP017538_2590995..2808957	ICE	217963	252	1	T4SS_MOBH,profile_MOBT	none	0	0		Proteobacteria	Mannheimia
NZ_CP017539_118571..173494	NA	54924	67	1	T4SS_MOBH	MPF_F	1	0		Proteobacteria	Mannheimia
NZ_CP017539_2638272..2723511	ICE	85240	104	1	T4SS_MOBH	none	0	0		Proteobacteria	Mannheimia
NZ_CP017541_1101823..1183966	ICE	82144	90	1	T4SS_MOBH	MPF_F	1	0		Proteobacteria	Mannheimia
NZ_CP017541_889336..1006160	ICE	116825	139	1	T4SS_MOBH	none	0	0		Proteobacteria	Mannheimia
NZ_CP017542_887298..1004122	ICE	116825	139	1	T4SS_MOBH	none	0	0		Proteobacteria	Mannheimia
NZ_CP017543_898876..1004146	ICE	105271	130	1	T4SS_MOBH	none	0	0		Proteobacteria	Mannheimia
NZ_CP017547_1087542..1099001	IME	11460	12	1	T4SS_MOBH	none	0	0		Proteobacteria	Mannheimia
NZ_CP017549_1130301..1185225	NA	54925	67	1	T4SS_MOBH	MPF_F	1	0		Proteobacteria	Mannheimia
NZ_CP017549_885343..1034638	ICE	149296	198	1	T4SS_MOBH	none	0	0		Proteobacteria	Mannheimia
NZ_CP017550_1308153..1368339	ICE	60187	76	1	T4SS_MOBH	MPF_F	1	0		Proteobacteria	Mannheimia
NZ_CP017552_1102003..1154058	NA	52056	66	1	T4SS_MOBH	MPF_F	1	0		Proteobacteria	Mannheimia
NZ_CP017578_2889016..3253553	ICE	364538	337	1	profile_MOBF	none	0	1		Proteobacteria	Sphingomonas
NZ_CP017581_113086..144080	NA	30995	37	1	T4SS_MOBC	none	0	0		Proteobacteria	Pantoea
NZ_CP017602_2260633..2324889	ICE	64257	63	1	profile_MOBF	MPF_F	1	0		Proteobacteria	Legionella
NZ_CP017621_3160669..3249348	ICE	88680	98	1	T4SS_MOBH	MPF_F	1	0		Proteobacteria	Salmonella
NZ_CP017641_4045195..4097403	NA	52209	37	1	profile_MOBF	none	0	0		Planctomycetota	Fuerstia
NZ_CP017641_5600491..5624306	NA	23816	23	1	profile_MOBF	none	0	0		Planctomycetota	Fuerstia
NZ_CP017641_7346350..7403831	IME	57482	41	1	profile_MOBF	none	0	0		Planctomycetota	Fuerstia
NZ_CP017660_1102569..1136250	NA	33682	52	1	profile_MOBT	none	0	1		Actinobacteriota	Cellulosimicrobium
NZ_CP017662_3969515..3986849	IME	17335	17	1	T4SS_MOBQ	none	0	0		Proteobacteria	Cronobacter
NZ_CP017666_773476..823573	ICE	50098	43	1	profile_MOBT	MPF_FA	1	7		Firmicutes	Streptococcus
NZ_CP017671_1809292..1982765	ICE	173474	201	1	T4SS_MOBH	MPF_F	1	0		Proteobacteria	Providencia
NZ_CP017679_776778..867110	ICE	90333	105	1	profile_MOBT	MPF_FA	1	6	DUF4467	Firmicutes	Staphylococcus
NZ_CP017688_2063474..2214196	ICE	150723	143	1	T4SS_MOBB,profile_MOBT	none	0	0		Bacteroidota	Flavobacterium
NZ_CP017702_1308987..1319955	NA	10969	15	0	NA	none	0	0		Firmicutes	Companilactobacillus
NZ_CP017706_1120853..1135049	NA	14197	16	1	profile_MOBT	none	0	0		Firmicutes	Lactobacillus
NZ_CP017715_1397901..1416417	IME	18517	18	0	NA	none	0	0		Proteobacteria	Marinobacter
NZ_CP017715_2375619..2394241	IME	18623	16	1	T4SS_MOBP1	none	0	0		Proteobacteria	Marinobacter
NZ_CP017717_10045851..10078787	NA	32937	39	0	NA	none	0	0		Actinobacteriota	Nonomuraea
NZ_CP017717_11140776..11146428	NA	5653	7	0	NA	none	0	0		Actinobacteriota	Nonomuraea
NZ_CP017717_3747975..3773387	NA	25413	22	1	profile_MOBF	none	0	0		Actinobacteriota	Nonomuraea
NZ_CP017717_7274911..7281169	NA	6259	10	0	NA	none	0	0		Actinobacteriota	Nonomuraea
NZ_CP017717_9442368..9472014	NA	29647	40	0	NA	none	0	0		Actinobacteriota	Nonomuraea
NZ_CP017718_1656074..1704059	NA	47986	42	1	profile_MOBF	none	0	0		Proteobacteria	Henriciella
NZ_CP017727_1126873..1163867	NA	36995	30	1	T4SS_MOBP1	none	0	0		Proteobacteria	Salmonella
NZ_CP017748_3571959..3593949	NA	21991	19	1	T4SS_MOBH	MPF_F	1	0		Proteobacteria	Cupriavidus
NZ_CP017749_2772270..2776441	NA	4172	4	0	NA	none	0	0		Proteobacteria	Cupriavidus
NZ_CP017762_4609067..4646945	NA	37879	51	0	NA	none	0	1		Firmicutes	Virgibacillus
NZ_CP017763_1739950..1765189	NA	25240	29	1	profile_MOBT	MPF_FA	1	7	DUF4467	Firmicutes	Bacillus
NZ_CP017769_1663632..1673480	NA	9849	10	1	T4SS_MOBP1	none	0	0		Bacteroidota	Flavobacterium
NZ_CP017769_2607311..2626678	NA	19368	16	1	T4SS_MOBB	none	0	0		Bacteroidota	Flavobacterium
NZ_CP017797_1443902..1491566	IME	47665	53	1	profile_MOBT	none	0	1		Firmicutes	Enterococcus_B
NZ_CP017844_780662..821292	IME	40631	51	1	T4SS_MOBP2,T4SS_MOBQ	none	0	0		Proteobacteria	Escherichia
NZ_CP017849_5377529..5456552	NA	79024	78	1	T4SS_MOBP1	none	0	1		Proteobacteria	Klebsiella
NZ_CP017897_933711..952994	NA	19284	20	1	profile_MOBT	none	0	0		Proteobacteria	Vibrio
NZ_CP017916_1540424..1596806	NA	56383	55	1	profile_MOBF	none	0	1		Proteobacteria	Vibrio
NZ_CP017928_5165976..5193902	IME	27927	27	1	T4SS_MOBP1	none	0	0		Proteobacteria	Klebsiella
NZ_CP017928_592375..617817	NA	25443	28	1	T4SS_MOBQ	none	0	0		Proteobacteria	Klebsiella
NZ_CP017952_1739575..1870369	ICE	130795	124	1	T4SS_MOBH,profile_MOBT	none	0	2		Firmicutes	Streptococcus
NZ_CP017965_146639..159380	AICE	12742	15	0	NA	none	0	0		Actinobacteriota	Nocardiopsis
NZ_CP017965_1517573..1521181	NA	3609	4	0	NA	none	0	0		Actinobacteriota	Nocardiopsis
NZ_CP017965_6125131..6128749	NA	3619	3	0	NA	none	0	0		Actinobacteriota	Nocardiopsis
NZ_CP017965_6194183..6206516	NA	12334	17	0	NA	none	0	0		Actinobacteriota	Nocardiopsis
NZ_CP017969_1844127..1952601	NA	108475	91	1	T4SS_MOBP1	MPF_T	1	0	Eex_IncN	Proteobacteria	Pseudomonas
NZ_CP017974_785471..893399	NA	107929	110	1	T4SS_MOBH	MPF_F	1	0		Proteobacteria	Salmonella
NZ_CP017975_4138768..4231488	NA	92721	99	1	T4SS_MOBH	MPF_F	1	0		Proteobacteria	Salmonella
NZ_CP017976_785630..861968	NA	76339	79	1	T4SS_MOBH	MPF_F	1	0		Proteobacteria	Salmonella
NZ_CP017990_3753106..3883123	NA	130018	149	1	T4SS_MOBP1	none	0	0		Proteobacteria	Enterobacter
NZ_CP017990_4180182..4275767	ICE	95586	98	1	T4SS_MOBH	MPF_F	1	0		Proteobacteria	Enterobacter
NZ_CP018014_4379673..4384379	NA	4707	4	0	NA	none	0	0		Actinobacteriota	Mycobacterium
NZ_CP018016_5189248..5296422	NA	107175	119	1	T4SS_MOBH	MPF_F	1	0		Proteobacteria	Kosakonia
NZ_CP018020_1959329..1998087	NA	38759	45	1	profile_MOBT	none	0	0		Actinobacteriota	Mycobacterium
NZ_CP018024_3530719..3559894	IME	29176	26	1	T4SS_MOBC	none	0	0		Proteobacteria	Alteromonas
NZ_CP018027_882272..903196	IME	20925	16	1	profile_MOBT	none	0	0		Proteobacteria	Alteromonas
NZ_CP018029_1909226..1973130	IME	63905	52	0	NA	none	0	0		Proteobacteria	Alteromonas
NZ_CP018031_1940615..2107517	ICE	166903	150	1	T4SS_MOBH	MPF_F	1	0	EexR	Proteobacteria	Alteromonas
NZ_CP018032_1710718..1774572	NA	63855	63	1	T4SS_MOBH	MPF_F	1	0		Proteobacteria	Glaesserella
NZ_CP018043_2658127..2662640	NA	4514	4	0	NA	none	0	0		Actinobacteriota	Mycobacterium
NZ_CP018047_3558970..3595782	IME	36813	40	1	T4SS_MOBP1	none	0	0		Actinobacteriota	Streptomyces
NZ_CP018047_4054265..4066651	NA	12387	14	0	NA	none	0	0		Actinobacteriota	Streptomyces
NZ_CP018049_1291439..1318826	NA	27388	26	0	NA	none	0	0		Proteobacteria	Pseudomonas_E
NZ_CP018050_1414935..1468355	NA	53421	51	0	NA	none	0	0		Proteobacteria	Pseudomonas_E
NZ_CP018058_3196039..3241877	NA	45839	50	1	profile_MOBT	none	0	0		Firmicutes	Geobacillus
NZ_CP018061_2180200..2228602	NA	48403	44	1	profile_MOBM,profile_MOBT	none	0	6		Firmicutes	Enterococcus_B
NZ_CP018071_2258980..2407414	ICE	148435	156	1	profile_MOBT	none	0	8		Firmicutes	Enterococcus_B
NZ_CP018071_2579287..2594608	NA	15322	21	1	T4SS_MOBP1	none	0	0		Firmicutes	Enterococcus_B
NZ_CP018071_516620..586989	ICE	70370	70	1	profile_MOBT	none	0	7		Firmicutes	Enterococcus_B
NZ_CP018071_693698..769829	NA	76132	68	0	NA	none	0	0		Firmicutes	Enterococcus_B
NZ_CP018071_932979..956906	IME	23928	23	1	profile_MOBT	none	0	1		Firmicutes	Enterococcus_B
NZ_CP018082_1145514..1155977	NA	10464	15	0	NA	none	0	0		Actinobacteriota	Nocardia
NZ_CP018095_667261..720713	IME	53453	58	1	T4SS_MOBP1	none	0	0		Proteobacteria	Chelatococcus_A
NZ_CP018099_76099..80191	NA	4093	6	0	NA	none	0	0		Calditrichota	Caldithrix
NZ_CP018101_3311192..3314501	NA	3310	4	0	NA	none	0	0		Proteobacteria	Comamonas
NZ_CP018128_1486647..1511582	NA	24936	21	0	NA	none	0	0		Firmicutes	Enterococcus_B
NZ_CP018138_1728420..1772282	ICE	43863	48	1	profile_MOBT	MPF_FA	1	7		Firmicutes	Streptococcus
NZ_CP018140_1829156..1892707	ICE	63552	47	1	T4SS_MOBC	MPF_T	1	0	Eex_IncN	Proteobacteria	Klebsiella
NZ_CP018145_2093203..2162798	NA	69596	68	0	NA	none	0	0		Firmicutes	Brevibacillus
NZ_CP018148_2304729..2356951	ICE	52223	51	1	T4SS_MOBC,T4SS_MOBH,profile_MOBT	MPF_FA	1	7		Firmicutes	Listeria
NZ_CP018184_3904114..3930713	NA	26600	31	1	profile_MOBT	MPF_FA	1	7	DUF4467	Firmicutes	Bacillus
NZ_CP018190_1691672..1698940	NA	7269	7	1	profile_MOBF	none	0	0		Proteobacteria	Granulibacter
NZ_CP018202_383480..408093	NA	24614	25	1	T4SS_MOBQ	none	0	0		Proteobacteria	Pseudomonas_E
NZ_CP018221_2266..39081	ICE	36816	35	1	T4SS_MOBP1	MPF_T	1	0		Proteobacteria	Tardibacter
NZ_CP018260_294270..303246	NA	8977	14	0	NA	none	0	0		Proteobacteria	Acinetobacter
NZ_CP018306_2855880..2863076	NA	7197	10	1	T4SS_MOBP1	none	0	0		Proteobacteria	Klebsiella
NZ_CP018319_3479492..3499773	NA	20282	18	1	T4SS_MOBP1	none	0	0		Proteobacteria	Pseudomonas_E
NZ_CP018352_1556544..1825518	ICE	268975	276	1	T4SS_MOBP1	MPF_T	1	0		Proteobacteria	Klebsiella
NZ_CP018352_4189070..4245078	NA	56009	64	1	T4SS_MOBH,profile_MOBT	MPF_F	1	0		Proteobacteria	Klebsiella
NZ_CP018356_2668111..2695596	IME	27486	29	1	T4SS_MOBQ	none	0	0		Proteobacteria	Klebsiella
NZ_CP018363_2697329..2721844	NA	24516	23	0	NA	none	0	0		Actinobacteriota	Mycobacterium
NZ_CP018363_2968429..3005403	NA	36975	35	0	NA	none	0	0		Actinobacteriota	Mycobacterium
NZ_CP018363_3825287..3850781	NA	25495	27	0	NA	none	0	0		Actinobacteriota	Mycobacterium
NZ_CP018364_744148..799089	NA	54942	64	1	T4SS_MOBH,profile_MOBT	MPF_F	1	0		Proteobacteria	Klebsiella
NZ_CP018372_2502428..2672287	ICE	169860	155	1	T4SS_MOBP1	MPF_T	1	0	Eex_IncN	Proteobacteria	Burkholderia
NZ_CP018383_294525..365781	NA	71257	58	1	T4SS_MOBV	none	0	0		Proteobacteria	Burkholderia
NZ_CP018383_4019869..4029552	IME	9684	9	1	T4SS_MOBP1	none	0	0		Proteobacteria	Burkholderia
NZ_CP018389_3905262..3934131	NA	28870	31	1	profile_MOBT	none	0	0		Proteobacteria	Burkholderia
NZ_CP018391_94024..206600	NA	112577	94	1	T4SS_MOBH	MPF_F	1	0		Proteobacteria	Burkholderia
NZ_CP018399_1919993..1986873	IME	66881	61	0	NA	none	0	0		Proteobacteria	Burkholderia
NZ_CP018402_2742508..3146254	ICE	403747	301	1	T4SS_MOBC,profile_MOBT	none	0	0		Proteobacteria	Burkholderia
NZ_CP018406_3891299..3923313	IME	32015	32	0	NA	none	0	0		Proteobacteria	Burkholderia
NZ_CP018407_989519..1331451	ICE	341933	240	1	T4SS_MOBC	none	0	0		Proteobacteria	Burkholderia
NZ_CP018408_804697..825764	NA	21068	21	1	T4SS_MOBP1	none	0	0		Proteobacteria	Burkholderia
NZ_CP018408_893945..939468	IME	45524	39	0	NA	none	0	0		Proteobacteria	Burkholderia
NZ_CP018411_3242212..3246073	NA	3862	3	0	NA	none	0	0		Proteobacteria	Burkholderia
NZ_CP018416_3521182..3686448	ICE	165267	148	1	T4SS_MOBP1	MPF_T	1	0	Eex_IncN	Proteobacteria	Burkholderia
NZ_CP018418_1267468..1318555	IME	51088	43	0	NA	none	0	0		Proteobacteria	Burkholderia
NZ_CP018420_2381412..2596874	ICE	215463	199	1	T4SS_MOBH,profile_MOBT	MPF_F	1	0		Proteobacteria	Pseudomonas_E
NZ_CP018427_3509878..3537363	IME	27486	29	1	T4SS_MOBQ	none	0	0		Proteobacteria	Klebsiella
NZ_CP018437_3393285..3536872	ICE	143588	98	1	T4SS_MOBC	MPF_T	1	0	Eex_IncN	Proteobacteria	Klebsiella
NZ_CP018454_2001482..2060998	ICE	59517	41	1	T4SS_MOBC	MPF_T	1	0		Proteobacteria	Klebsiella
NZ_CP018454_3130473..3189133	NA	58661	66	1	T4SS_MOBH,profile_MOBT	MPF_F	1	0		Proteobacteria	Klebsiella
NZ_CP018467_1807762..1925805	NA	118044	123	1	profile_MOBT	none	0	0		Proteobacteria	Xanthomonas
NZ_CP018467_3342964..3354981	IME	12018	15	1	T4SS_MOBQ	none	0	0		Proteobacteria	Xanthomonas
NZ_CP018470_160956..201388	IME	40433	39	1	T4SS_MOBQ	none	0	0		Proteobacteria	Xanthomonas
NZ_CP018470_1970658..2000707	IME	30050	28	1	T4SS_MOBQ	none	0	0		Proteobacteria	Xanthomonas
NZ_CP018475_1330844..1354719	NA	23876	26	1	T4SS_MOBQ	none	0	0		Proteobacteria	Xanthomonas
NZ_CP018627_6413126..6438081	NA	24956	26	0	NA	none	0	0		Actinobacteriota	Streptomyces
NZ_CP018627_7029556..7042053	NA	12498	17	0	NA	none	0	0		Actinobacteriota	Streptomyces
NZ_CP018627_8680..47807	IME	39128	36	1	profile_MOBT	none	0	0		Actinobacteriota	Streptomyces
NZ_CP018629_6968..33399	IME	26432	28	1	T4SS_MOBV	none	0	0		Firmicutes	Staphylococcus
NZ_CP018632_506714..513450	NA	6737	9	0	NA	none	0	0		Proteobacteria	Granulosicoccus
NZ_CP018671_124659..366525	ICE	241867	246	0	NA	none	0	0		Proteobacteria	Klebsiella
NZ_CP018671_3304588..3407367	NA	102780	103	1	T4SS_MOBH	MPF_F	1	0		Proteobacteria	Klebsiella
NZ_CP018692_738966..795214	NA	56249	66	1	T4SS_MOBH,profile_MOBT	MPF_F	1	0		Proteobacteria	Klebsiella
NZ_CP018725_4514217..4570091	NA	55875	44	1	T4SS_MOBQ	none	0	0		Proteobacteria	Xanthomonas
NZ_CP018725_4944095..4972310	NA	28216	35	1	T4SS_MOBQ	none	0	0		Proteobacteria	Xanthomonas
NZ_CP018725_63650..87835	NA	24186	24	1	T4SS_MOBQ	none	0	0		Proteobacteria	Xanthomonas
NZ_CP018728_2925423..3042065	ICE	116643	107	1	T4SS_MOBP1,profile_MOBT	MPF_T	1	0	Eex_IncN	Proteobacteria	Xanthomonas
NZ_CP018728_3492813..3562812	NA	70000	68	1	T4SS_MOBQ	none	0	0		Proteobacteria	Xanthomonas
NZ_CP018731_2978396..3049923	IME	71528	72	1	T4SS_MOBQ	none	0	0		Proteobacteria	Xanthomonas
NZ_CP018731_3591303..3660210	NA	68908	64	1	T4SS_MOBQ	none	0	0		Proteobacteria	Xanthomonas
NZ_CP018758_1256893..1382346	NA	125454	140	1	T4SS_MOBH	MPF_F	1	0		Proteobacteria	Pseudomonas_B
NZ_CP018760_2506613..2525248	NA	18636	12	1	T4SS_MOBP1	none	0	0		Bacteroidota	Maribacter
NZ_CP018760_396840..465049	NA	68210	65	1	T4SS_MOBB	none	0	0		Bacteroidota	Maribacter
NZ_CP018762_3162009..3180823	AICE	18815	21	0	NA	none	0	0		Actinobacteriota	Microbacterium
NZ_CP018762_504092..538511	IME	34420	34	1	profile_MOBF	none	0	0		Actinobacteriota	Microbacterium
NZ_CP018762_640918..655105	NA	14188	14	1	profile_MOBF	none	0	0		Actinobacteriota	Microbacterium
NZ_CP018791_1445786..1490674	NA	44889	44	1	T4SS_MOBP1	MPF_T	1	0		Campylobacterota	Campylobacter
NZ_CP018791_614943..664383	NA	49441	52	1	T4SS_MOBP1,T4SS_MOBP3	MPF_T	1	0		Campylobacterota	Campylobacter
NZ_CP018799_1263303..1267781	NA	4479	4	1	T4SS_MOBH	none	0	0		Proteobacteria	Mariprofundus
NZ_CP018799_1717548..1798941	NA	81394	81	1	profile_MOBF	none	0	0		Proteobacteria	Mariprofundus
NZ_CP018799_2303746..2315652	NA	11907	9	1	profile_MOBF	none	0	0		Proteobacteria	Mariprofundus
NZ_CP018799_679709..700567	IME	20859	14	1	T4SS_MOBV	none	0	0		Proteobacteria	Mariprofundus
NZ_CP018800_1139572..1144182	NA	4611	4	1	T4SS_MOBH	none	0	0		Proteobacteria	Mariprofundus
NZ_CP018811_3617998..3659116	NA	41119	34	0	NA	none	0	0		Proteobacteria	Paraburkholderia
NZ_CP018816_116007..137512	IME	21506	23	1	T4SS_MOBP1	none	0	0		Proteobacteria	Klebsiella
NZ_CP018816_1497597..1552539	NA	54943	63	1	T4SS_MOBH,profile_MOBT	MPF_F	1	0		Proteobacteria	Klebsiella
NZ_CP018820_1194091..1433296	ICE	239206	218	1	T4SS_MOBP1	MPF_T	1	0		Proteobacteria	Sphingomonas
NZ_CP018820_285407..440150	ICE	154744	133	1	T4SS_MOBP1,profile_MOBT	MPF_T	1	0		Proteobacteria	Sphingomonas
NZ_CP018822_1466050..1531624	NA	65575	62	1	T4SS_MOBP1	MPF_FA	1	4		Firmicutes	Streptococcus
NZ_CP018822_242898..289840	NA	46943	66	1	T4SS_MOBV,profile_MOBT	MPF_FA	1	5		Firmicutes	Streptococcus
NZ_CP018839_256920..355038	ICE	98119	98	1	T4SS_MOBH	MPF_F	1	0		Proteobacteria	Thauera
NZ_CP018850_4235289..4243143	NA	7855	9	1	T4SS_MOBQ	none	0	0		Proteobacteria	Xanthomonas
NZ_CP018850_4656254..4744247	NA	87994	77	1	T4SS_MOBC,T4SS_MOBQ	none	0	0		Proteobacteria	Xanthomonas
NZ_CP018858_1854009..1935546	NA	81538	73	1	T4SS_MOBC,T4SS_MOBQ	none	0	0		Proteobacteria	Xanthomonas
NZ_CP018858_2390508..2397154	NA	6647	7	1	T4SS_MOBQ	none	0	0		Proteobacteria	Xanthomonas
NZ_CP018858_4918873..4957286	IME	38414	50	1	T4SS_MOBQ	none	0	0		Proteobacteria	Xanthomonas
NZ_CP018870_3630609..3640606	NA	9998	10	1	T4SS_MOBP1	none	0	0		Actinobacteriota	Streptomyces
NZ_CP018870_3756887..3778537	NA	21651	22	1	T4SS_MOBP1	none	0	0		Actinobacteriota	Streptomyces
NZ_CP018871_1155076..1203457	NA	48382	54	1	T4SS_MOBQ	none	0	0		Proteobacteria	Acinetobacter
NZ_CP018871_2286311..2343017	IME	56707	45	1	T4SS_MOBQ	none	0	0		Proteobacteria	Acinetobacter
NZ_CP018885_649923..707969	NA	58047	68	1	T4SS_MOBH,profile_MOBT	MPF_F	1	0		Proteobacteria	Klebsiella
NZ_CP018888_1035842..1096908	ICE	61067	58	1	profile_MOBT	MPF_FA	1	8		Firmicutes	Amylolactobacillus
NZ_CP018888_726378..743923	IME	17546	28	1	T4SS_MOBV	none	0	0		Firmicutes	Amylolactobacillus
NZ_CP018889_2026..38530	IME	36505	44	1	profile_MOBT	none	0	0		Proteobacteria	Beggiatoa
NZ_CP018898_317391..461099	ICE	143709	143	1	T4SS_MOBP1	MPF_T	1	0		Proteobacteria	Bordetella
NZ_CP018899_1149804..1161191	NA	11388	15	0	NA	none	0	0		Proteobacteria	Bordetella
NZ_CP018902_3589611..3596602	NA	6992	10	1	profile_MOBT	none	0	1		Firmicutes	Bacillus
NZ_CP018903_3740879..3786651	IME	45773	70	0	NA	none	0	0		Firmicutes	Bacillus_A
NZ_CP018917_4976326..5060091	NA	83766	92	1	T4SS_MOBH	MPF_F	1	0		Proteobacteria	Serratia
NZ_CP018924_1234246..1254171	NA	19926	18	1	T4SS_MOBH	MPF_F	1	0		Proteobacteria	Serratia
NZ_CP018924_3798886..3884435	NA	85550	94	1	T4SS_MOBH	MPF_F	1	0		Proteobacteria	Serratia
NZ_CP018925_2796116..2817370	NA	21255	21	1	T4SS_MOBQ,profile_MOBT	none	0	1		Proteobacteria	Serratia
NZ_CP018929_3675589..3741918	NA	66330	74	1	T4SS_MOBH	MPF_F	1	0		Proteobacteria	Serratia
NZ_CP018937_2743845..2771693	IME	27849	21	1	T4SS_MOBP1,T4SS_MOBV	none	0	0		Bacteroidota	Bacteroides
NZ_CP018937_2937644..2990379	IME	52736	37	1	T4SS_MOBP1	none	0	0		Bacteroidota	Bacteroides
NZ_CP018937_5144376..5157244	NA	12869	15	1	T4SS_MOBB,T4SS_MOBP1	none	0	0		Bacteroidota	Bacteroides
NZ_CP018970_3354303..3363381	NA	9079	10	1	T4SS_MOBP1	none	0	0		Proteobacteria	Escherichia
NZ_CP019035_2094763..2121162	IME	26400	28	1	T4SS_MOBQ	none	0	0		Proteobacteria	Salmonella
NZ_CP019044_1857630..1886410	NA	28781	27	1	T4SS_MOBQ	none	0	0		Proteobacteria	Salaquimonas
NZ_CP019044_816..60008	NA	59193	75	1	T4SS_MOBP1	MPF_T	1	0		Proteobacteria	Salaquimonas
NZ_CP019058_83040..118569	NA	35530	26	1	profile_MOBF	none	0	0		Actinobacteriota	Bifidobacterium
NZ_CP019062_3706926..3738148	NA	31223	33	1	T4SS_MOBP1	none	0	0		Proteobacteria	Rahnella
NZ_CP019066_3833259..3877303	NA	44045	39	0	NA	none	0	0		Actinobacteriota	Tsukamurella
NZ_CP019070_105779..121419	NA	15641	16	1	T4SS_MOBP1,profile_MOBT	none	0	0		Campylobacterota	Poseidonibacter
NZ_CP019162_291952..332024	NA	40073	31	1	T4SS_MOBC	none	0	0		Proteobacteria	Pseudoalteromonas
NZ_CP019181_905203..926237	NA	21035	24	1	T4SS_MOBQ	none	0	0		Proteobacteria	Salmonella
NZ_CP019183_4305312..4397243	ICE	91932	101	1	T4SS_MOBH,profile_MOBM	MPF_F	1	1		Proteobacteria	Salmonella
NZ_CP019183_769587..814642	NA	45056	56	1	T4SS_MOBH	MPF_F	1	0		Proteobacteria	Salmonella
NZ_CP019197_1110113..1161939	NA	51827	66	1	T4SS_MOBQ	none	0	0		Proteobacteria	Salmonella
NZ_CP019208_2616772..2629642	NA	12871	7	1	T4SS_MOBH	none	0	0		Firmicutes	Enterococcus_B
NZ_CP019208_626885..653153	NA	26269	25	0	NA	none	0	0		Firmicutes	Enterococcus_B
NZ_CP019226_2577004..2618782	NA	41779	56	1	profile_MOBT	none	0	0		Proteobacteria	Xanthomonas
NZ_CP019229_1769346..1785990	NA	16645	12	1	profile_MOBF	none	0	0		Actinobacteriota	Arachnia
NZ_CP019229_548636..584570	IME	35935	32	1	profile_MOBF	none	0	0		Actinobacteriota	Arachnia
NZ_CP019230_3622541..3654306	NA	31766	43	1	T4SS_MOBC	none	0	0		Firmicutes	Bacillus_A
NZ_CP019236_533492..765004	ICE	231513	215	1	T4SS_MOBP1,profile_MOBT	MPF_T	1	0	Eex_IncN	Proteobacteria	Rhodoferax_B
NZ_CP019240_2903544..2941543	NA	38000	31	1	profile_MOBF,profile_MOBM	none	0	0		Proteobacteria	Rhodoferax
NZ_CP019245_3052221..3080161	IME	27941	35	1	T4SS_MOBQ	none	0	0		Proteobacteria	Escherichia
NZ_CP019273_4429227..4598400	ICE	169174	191	1	T4SS_MOBH	none	0	0		Proteobacteria	Escherichia
NZ_CP019290_1212203..1667509	NA	455307	455	1	T4SS_MOBC,profile_MOBT	none	0	1		Proteobacteria	Vibrio
NZ_CP019291_1174646..1384856	ICE	210211	199	1	profile_MOBF	MPF_F	1	3		Proteobacteria	Vibrio
NZ_CP019293_3215723..3450226	NA	234504	227	1	profile_MOBT	none	0	0		Proteobacteria	Vibrio
NZ_CP019299_777164..849243	ICE	72080	62	1	T4SS_MOBP1,profile_MOBT	MPF_FA	1	12		Firmicutes	Streptococcus
NZ_CP019300_1068037..1085811	NA	17775	19	1	T4SS_MOBP1	none	0	0		Bacteroidota	Prevotella
NZ_CP019301_576931..630878	ICE	53948	44	1	T4SS_MOBP1,T4SS_MOBV	none	0	0		Bacteroidota	Prevotella
NZ_CP019302_1784462..1826972	NA	42511	33	1	T4SS_MOBP1	none	0	0		Bacteroidota	Prevotella
NZ_CP019302_511319..594672	ICE	83354	75	1	T4SS_MOBP1	none	0	1		Bacteroidota	Prevotella
NZ_CP019306_1750709..1853202	NA	102494	113	1	T4SS_MOBP1	MPF_FA	1	8		Fusobacteriota	Fusobacterium_C
NZ_CP019326_342420..407772	IME	65353	54	1	T4SS_MOBH	none	0	0		Proteobacteria	Halomonas_B
NZ_CP019338_2726782..3173931	ICE	447150	340	1	T4SS_MOBP1,profile_MOBT	MPF_T	1	1	Eex_IncN	Proteobacteria	Pseudomonas
NZ_CP019355_1819536..1841562	IME	22027	26	1	T4SS_MOBQ	none	0	0		Proteobacteria	Escherichia
NZ_CP019389_818284..883216	NA	64933	61	1	T4SS_MOBB,profile_MOBT	none	0	0		Bacteroidota	Seonamhaeicola
NZ_CP019397_2117206..2258785	ICE	141580	147	1	T4SS_MOBH,profile_MOBT	MPF_F	1	0		Proteobacteria	Pseudomonas_E
NZ_CP019398_5070486..5118580	NA	48095	45	0	NA	none	0	0		Proteobacteria	Pseudomonas_E
NZ_CP019399_5515021..5606370	NA	91350	108	1	T4SS_MOBH	MPF_F	1	0		Proteobacteria	Pseudomonas_E
NZ_CP019400_2673865..2716810	ICE	42946	49	0	NA	none	0	0		Actinobacteriota	Acidipropionibacterium
NZ_CP019408_2788863..2843629	NA	54767	43	1	T4SS_MOBP1	none	0	0		Proteobacteria	Salmonella
NZ_CP019408_4496826..4578331	NA	81506	86	1	T4SS_MOBH	MPF_F	1	0		Proteobacteria	Salmonella
NZ_CP019428_978843..1027021	NA	48179	39	1	T4SS_MOBH	MPF_F	1	0		Proteobacteria	Pseudomonas_E
NZ_CP019431_2067480..2237859	NA	170380	167	1	T4SS_MOBH,profile_MOBT	MPF_F	1	0		Proteobacteria	Pseudomonas_E
NZ_CP019431_5379478..5469471	IME	89994	97	1	T4SS_MOBP1,T4SS_MOBQ,profile_MOBT	none	0	0		Proteobacteria	Pseudomonas_E
NZ_CP019431_920146..1003763	ICE	83618	85	1	T4SS_MOBH	MPF_F	1	0		Proteobacteria	Pseudomonas_E
NZ_CP019433_163557..285810	ICE	122254	124	1	profile_MOBM,profile_MOBT	MPF_FA	1	8		Firmicutes	Jeotgalibaca
NZ_CP019433_2147399..2248587	ICE	101189	112	0	NA	none	0	1		Firmicutes	Jeotgalibaca
NZ_CP019437_925556..952972	IME	27417	30	1	T4SS_MOBV,profile_MOBT	none	0	0		Proteobacteria	Thioclava
NZ_CP019448_1272985..1287988	NA	15004	15	0	NA	none	0	0		Proteobacteria	Simonsiella
NZ_CP019457_4559642..4574194	NA	14553	14	0	NA	none	0	0		Actinobacteriota	Streptomyces
NZ_CP019458_5627840..5635480	NA	7641	8	0	NA	none	0	0		Actinobacteriota	Streptomyces
NZ_CP019458_5944597..5966232	NA	21636	27	0	NA	none	0	0		Actinobacteriota	Streptomyces
NZ_CP019458_7312716..7326905	NA	14190	16	0	NA	none	0	0		Actinobacteriota	Streptomyces
NZ_CP019508_1906693..1966263	NA	59571	56	1	profile_MOBF,profile_MOBT	none	0	0		Proteobacteria	Brevundimonas
NZ_CP019510_3871989..3920043	IME	48055	45	1	profile_MOBF,profile_MOBM	none	0	0		Proteobacteria	Janthinobacterium
NZ_CP019511_2471783..2504069	IME	32287	22	1	T4SS_MOBP1	none	0	0		Proteobacteria	Sphingomonas
NZ_CP019511_786575..825411	NA	38837	28	1	T4SS_MOBQ,T4SS_MOBV	none	0	0		Proteobacteria	Sphingomonas
NZ_CP019512_2037592..2126857	ICE	89266	75	1	profile_MOBM,profile_MOBT	MPF_FA	1	8		Firmicutes	Enterococcus
NZ_CP019512_2289742..2316479	NA	26738	37	1	profile_MOBT	MPF_FA	1	4		Firmicutes	Enterococcus
NZ_CP019512_3059251..3108068	ICE	48818	43	1	profile_MOBT	MPF_FA	1	7		Firmicutes	Enterococcus
NZ_CP019512_403660..473021	ICE	69362	72	1	T4SS_MOBC,T4SS_MOBP2,profile_MOBT	none	0	0		Firmicutes	Enterococcus
NZ_CP019512_587251..615311	NA	28061	28	1	T4SS_MOBH,T4SS_MOBP1	none	0	1		Firmicutes	Enterococcus
NZ_CP019557_854429..902882	NA	48454	49	1	profile_MOBT	MPF_FA	1	6		Firmicutes	Streptococcus
NZ_CP019562_1174441..1213483	ICE	39043	37	1	T4SS_MOBP1,profile_MOBT	none	0	4		Firmicutes	Streptococcus
NZ_CP019563_2021254..2045689	IME	24436	25	1	T4SS_MOBV	none	0	0		Firmicutes	Staphylococcus
NZ_CP019593_2203008..2252259	NA	49252	49	1	profile_MOBT	MPF_FA	1	6	DUF4467	Firmicutes	Staphylococcus
NZ_CP019593_2729873..2785246	ICE	55374	57	1	profile_MOBT	MPF_FA	1	6	DUF4467	Firmicutes	Staphylococcus
NZ_CP019602_2352890..2411725	IME	58836	49	1	T4SS_MOBQ	none	0	0		Proteobacteria	Croceicoccus
NZ_CP019602_267990..311467	NA	43478	41	1	profile_MOBF	none	0	0		Proteobacteria	Croceicoccus
NZ_CP019602_99277..208196	ICE	108920	105	1	profile_MOBF,profile_MOBM	MPF_F	1	0		Proteobacteria	Croceicoccus
NZ_CP019607_169960..195184	IME	25225	20	1	profile_MOBF	none	0	0		Actinobacteriota	Arachnia
NZ_CP019609_2213935..2233924	IME	19990	23	1	T4SS_MOBP1	none	0	0		Firmicutes	Vagococcus
NZ_CP019616_1139675..1142883	NA	3209	4	1	T4SS_MOBP1	none	0	0		Firmicutes	Listeria
NZ_CP019621_2089421..2167851	NA	78431	80	1	profile_MOBT	MPF_FA	1	8		Firmicutes	Listeria
NZ_CP019626_1473576..1503373	ICE	29798	33	1	profile_MOBT	MPF_FA	1	6	DUF4467	Firmicutes	Bacillus
NZ_CP019630_2140931..2159918	NA	18988	18	0	NA	none	0	0		Proteobacteria	Roseibium
NZ_CP019668_1273529..1458571	NA	185043	187	1	T4SS_MOBP1,T4SS_MOBV	MPF_T	1	0		Proteobacteria	Burkholderia
NZ_CP019697_298607..340498	IME	41892	44	0	NA	none	0	0		Proteobacteria	Paenalcaligenes
NZ_CP019700_436978..568626	ICE	131649	123	1	T4SS_MOBP1	MPF_T	1	0		Campylobacterota	Helicobacter
NZ_CP019701_265651..288991	NA	23341	29	1	T4SS_MOBV	none	0	0		Proteobacteria	Agrobacterium
NZ_CP019717_3877120..4043922	ICE	166803	184	1	profile_MOBT	MPF_FA	1	6		Firmicutes	Paenibacillus_H
NZ_CP019724_4615894..4641077	NA	25184	18	1	T4SS_MOBP1	none	0	0		Actinobacteriota	Streptomyces
NZ_CP019724_5684051..5694105	NA	10055	16	0	NA	none	0	0		Actinobacteriota	Streptomyces
NZ_CP019725_1610133..1619033	IME	8901	9	1	T4SS_MOBQ	none	0	0		Proteobacteria	Xanthomonas
NZ_CP019732_1736243..1774339	NA	38097	36	1	T4SS_MOBH	MPF_F	1	0		Proteobacteria	Pseudomonas_E
NZ_CP019732_5462980..5504692	NA	41713	46	1	T4SS_MOBH	MPF_F	1	0		Proteobacteria	Pseudomonas_E
NZ_CP019798_2935866..2950413	AICE	14548	23	0	NA	none	0	0		Actinobacteriota	Streptomyces
NZ_CP019799_4247900..4323856	ICE	75957	80	1	T4SS_MOBH	MPF_F	1	0		Proteobacteria	Cellvibrio
NZ_CP019839_1702316..1745415	ICE	43100	42	1	T4SS_MOBC	MPF_T	1	0	Eex_IncN	Proteobacteria	Enterobacter
NZ_CP019857_1619873..1777459	NA	157587	150	1	T4SS_MOBB,profile_MOBT	MPF_FA	1	9		Firmicutes_A	Clostridioides
NZ_CP019857_364352..443727	IME	79376	67	1	T4SS_MOBV,profile_MOBT	none	0	0		Firmicutes_A	Clostridioides
NZ_CP019857_3829347..4116422	ICE	287076	259	1	T4SS_MOBP1,profile_MOBT	MPF_FA	1	14		Firmicutes_A	Clostridioides
NZ_CP019858_352658..408077	IME	55420	55	1	T4SS_MOBV,profile_MOBT	none	0	0		Firmicutes_A	Clostridioides
NZ_CP019864_1554597..1727664	ICE	173068	158	1	profile_MOBT	MPF_FA	1	7		Firmicutes_A	Clostridioides
NZ_CP019864_2024014..2288323	ICE	264310	269	1	T4SS_MOBP1,T4SS_MOBQ,profile_MOBT	none	0	1		Firmicutes_A	Clostridioides
NZ_CP019868_58175..69107	IME	10933	16	1	profile_MOBM	none	0	0		Chloroflexota	Dehalococcoides
NZ_CP019871_1833161..1929886	ICE	96726	95	1	T4SS_MOBH	MPF_F	1	0		Proteobacteria	Pseudomonas_E
NZ_CP019871_896566..969918	ICE	73353	70	1	T4SS_MOBH	MPF_F	1	0		Proteobacteria	Pseudomonas_E
NZ_CP019903_141301..172981	NA	31681	32	1	T4SS_MOBH	none	0	0		Proteobacteria	Escherichia
NZ_CP019928_377753..387722	IME	9970	11	1	T4SS_MOBQ,T4SS_MOBV	none	0	0		Proteobacteria	Bordetella
NZ_CP019937_2153190..2159159	NA	5970	5	1	T4SS_MOBP1,T4SS_MOBV	none	0	0		Proteobacteria	Ketogulonicigenium
NZ_CP019948_3494956..3549916	NA	54961	59	1	T4SS_MOBP1,profile_MOBT	none	0	0		Proteobacteria	Methylocystis
NZ_CP019961_2941471..3122086	ICE	180616	164	1	T4SS_MOBP1	none	0	0		Proteobacteria	Escherichia
NZ_CP019962_1090457..1110621	NA	20165	22	1	T4SS_MOBP1,profile_MOBM,profile_MOBT	none	0	0		Firmicutes_A	Eubacterium
NZ_CP019962_1394180..1430723	NA	36544	35	1	T4SS_MOBP1	none	0	0		Firmicutes_A	Eubacterium
NZ_CP019962_3518452..3562891	NA	44440	39	1	T4SS_MOBP1	none	0	1		Firmicutes_A	Eubacterium
NZ_CP019962_3755959..3813797	NA	57839	59	0	NA	none	0	0		Firmicutes_A	Eubacterium
NZ_CP019969_57606..69924	NA	12319	19	1	profile_MOBM,profile_MOBT	none	0	0		Chloroflexota	Dehalococcoides
NZ_CP019970_2295143..2308015	NA	12873	7	1	T4SS_MOBH	none	0	0		Firmicutes	Enterococcus_B
NZ_CP019970_2556010..2575811	IME	19802	22	1	T4SS_MOBP1,profile_MOBT	none	0	0		Firmicutes	Enterococcus_B
NZ_CP019970_503314..526874	NA	23561	23	0	NA	none	0	0		Firmicutes	Enterococcus_B
NZ_CP019970_603328..625971	NA	22644	20	1	profile_MOBT	none	0	0		Firmicutes	Enterococcus_B
NZ_CP019978_607227..713468	ICE	106242	108	1	T4SS_MOBP1,profile_MOBT	MPF_FA	1	13		Firmicutes	Streptococcus
NZ_CP019979_947360..1029135	ICE	81776	75	1	profile_MOBT	MPF_FA	1	7		Firmicutes	Streptococcus
NZ_CP019981_1154704..1168408	NA	13705	23	1	T4SS_MOBP1,T4SS_MOBP2	none	0	0		Firmicutes	Pediococcus
NZ_CP019988_2348529..2361400	NA	12872	7	1	T4SS_MOBH	none	0	0		Firmicutes	Enterococcus_B
NZ_CP019988_951169..976104	NA	24936	21	0	NA	none	0	0		Firmicutes	Enterococcus_B
NZ_CP019992_1237016..1249887	NA	12872	7	1	T4SS_MOBH	none	0	0		Firmicutes	Enterococcus_B
NZ_CP019992_2079489..2104423	NA	24935	21	0	NA	none	0	0		Firmicutes	Enterococcus_B
NZ_CP020002_3074967..3151867	NA	76901	114	1	T4SS_MOBC,profile_MOBT	none	0	0		Firmicutes	Bacillus_A
NZ_CP020007_90337..135335	ICE	44999	54	1	T4SS_MOBH	MPF_F	1	0		Proteobacteria	Haemophilus
NZ_CP020013_90336..135336	ICE	45001	53	1	T4SS_MOBH	MPF_F	1	0		Proteobacteria	Haemophilus
NZ_CP020039_2648606..2657571	NA	8966	9	0	NA	none	0	0		Actinobacteriota	Streptomyces
NZ_CP020039_4047587..4059440	NA	11854	18	0	NA	none	0	0		Actinobacteriota	Streptomyces
NZ_CP020039_5522808..5542697	NA	19890	26	0	NA	none	0	0		Actinobacteriota	Streptomyces
NZ_CP020039_6667169..6672515	NA	5347	5	0	NA	none	0	0		Actinobacteriota	Streptomyces
NZ_CP020046_3007479..3019295	NA	11817	11	1	T4SS_MOBV	none	0	0		Proteobacteria	Thiomonas
NZ_CP020046_326390..459962	ICE	133573	109	1	T4SS_MOBP1,profile_MOBT	MPF_T	1	0		Proteobacteria	Thiomonas
NZ_CP020046_767506..790624	NA	23119	26	1	profile_MOBF	none	0	0		Proteobacteria	Thiomonas
NZ_CP020052_3350735..3458535	NA	107801	108	1	profile_MOBT	none	0	0		Proteobacteria	Proteus
NZ_CP020061_1587397..1813921	ICE	226525	223	0	NA	none	0	0		Proteobacteria	Klebsiella
NZ_CP020071_476838..534885	NA	58048	67	1	T4SS_MOBH,profile_MOBT	MPF_F	1	0		Proteobacteria	Klebsiella
NZ_CP020077_839705..844354	NA	4650	3	1	T4SS_MOBP1	none	0	0		Proteobacteria	Vibrio
NZ_CP020083_183312..328738	NA	145427	141	1	profile_MOBF,profile_MOBM	none	0	0		Proteobacteria	Blastomonas
NZ_CP020083_1870309..1895886	NA	25578	27	1	T4SS_MOBQ,profile_MOBM	none	0	0		Proteobacteria	Blastomonas
NZ_CP020083_2925491..2984941	NA	59451	59	1	T4SS_MOBQ,profile_MOBM	none	0	0		Proteobacteria	Blastomonas
NZ_CP020089_3989399..4084423	ICE	95025	96	1	T4SS_MOBP1	none	0	1		Proteobacteria	Enterobacter
NZ_CP020093_1214507..1243708	NA	29202	28	1	T4SS_MOBH	none	0	0		Firmicutes	Lactiplantibacillus
NZ_CP020104_953597..992646	IME	39050	36	1	T4SS_MOBP1,profile_MOBF	none	0	0		Bacteroidota	Spirosoma
NZ_CP020108_4593869..4621354	IME	27486	29	1	T4SS_MOBQ	none	0	0		Proteobacteria	Klebsiella
NZ_CP020335_1318593..1354896	NA	36304	25	1	T4SS_MOBH	none	0	0		Proteobacteria	Photorhabdus
NZ_CP020335_4798123..4900744	NA	102622	84	1	T4SS_MOBH	MPF_F	1	0		Proteobacteria	Photorhabdus
NZ_CP020350_2028572..2118481	ICE	89910	84	1	T4SS_MOBH	MPF_F	1	0		Proteobacteria	Pectobacterium
NZ_CP020350_3847091..3856835	NA	9745	12	1	T4SS_MOBC	none	0	0		Proteobacteria	Pectobacterium
NZ_CP020350_416062..524264	ICE	108203	102	1	T4SS_MOBP1	MPF_T	1	0	Eex_IncN	Proteobacteria	Pectobacterium
NZ_CP020350_4274052..4288331	IME	14280	16	1	T4SS_MOBC	none	0	0		Proteobacteria	Pectobacterium
NZ_CP020351_1795792..1833235	NA	37444	41	1	T4SS_MOBH	MPF_F	1	0		Proteobacteria	Pseudomonas_E
NZ_CP020351_4821477..4832789	NA	11313	10	1	T4SS_MOBP1	none	0	0		Proteobacteria	Pseudomonas_E
NZ_CP020358_1442901..1482591	ICE	39691	39	1	T4SS_MOBC	MPF_T	1	0	Eex_IncN	Proteobacteria	Klebsiella
NZ_CP020373_2735866..2743279	NA	7414	4	1	T4SS_MOBH	none	0	0		Proteobacteria	Shewanella
NZ_CP020378_2558402..2810220	ICE	251819	240	1	T4SS_MOBP1,profile_MOBT	MPF_FA	1	5		Firmicutes_A	Clostridioides
NZ_CP020380_2568031..2819850	ICE	251820	240	1	T4SS_MOBP1,profile_MOBT	MPF_FA	1	5		Firmicutes_A	Clostridioides
NZ_CP020380_534411..598382	NA	63972	58	1	T4SS_MOBP1,profile_MOBT	MPF_FA	1	12		Firmicutes_A	Clostridioides
NZ_CP020412_405206..436062	NA	30857	24	1	profile_MOBF	MPF_F	1	0		Proteobacteria	Legionella
NZ_CP020418_10684..43926	NA	33243	51	1	profile_MOBT	none	0	0		Proteobacteria	Neisseria
NZ_CP020424_2490874..2569347	NA	78474	70	1	profile_MOBT	MPF_FA	1	7		Firmicutes_A	Clostridioides
NZ_CP020424_93170..117643	IME	24474	26	0	NA	none	0	0		Firmicutes_A	Clostridioides
NZ_CP020431_1931939..1939505	NA	7567	10	1	profile_MOBT	none	0	0		Firmicutes	Streptococcus
NZ_CP020432_429562..465756	ICE	36195	38	1	profile_MOBT	MPF_FA	1	7		Firmicutes	Streptococcus
NZ_CP020433_1385640..1468407	NA	82768	74	1	profile_MOBT	none	0	1		Firmicutes	Streptococcus
NZ_CP020438_28532..62878	ICE	34347	32	1	profile_MOBT	MPF_FA	1	7		Firmicutes	Streptococcus
NZ_CP020438_483836..486153	NA	2318	3	0	NA	none	0	0		Firmicutes	Streptococcus
NZ_CP020442_1643921..1793667	NA	149747	151	1	T4SS_MOBP1,profile_MOBT	MPF_T	1	0		Proteobacteria	Paracoccus
NZ_CP020442_3219514..3233495	NA	13982	10	1	T4SS_MOBV	none	0	0		Proteobacteria	Paracoccus
NZ_CP020442_714521..722933	NA	8413	12	1	T4SS_MOBP1	none	0	0		Proteobacteria	Paracoccus
NZ_CP020448_4588550..4646687	NA	58138	40	1	T4SS_MOBP1,T4SS_MOBQ	none	0	0		Proteobacteria	Citrobacter
NZ_CP020449_1872635..1898233	IME	25599	19	1	T4SS_MOBQ	none	0	3		Firmicutes	Streptococcus
NZ_CP020449_644068..652488	NA	8421	11	1	T4SS_MOBC,profile_MOBT	none	0	0		Firmicutes	Streptococcus
NZ_CP020449_688157..737192	ICE	49036	45	1	profile_MOBT	MPF_FA	1	7		Firmicutes	Streptococcus
NZ_CP020449_92034..100890	NA	8857	13	1	T4SS_MOBV	none	0	0		Firmicutes	Streptococcus
NZ_CP020450_405168..407805	NA	2638	3	1	profile_MOBT	none	0	0		Firmicutes	Streptococcus
NZ_CP020451_881108..886527	NA	5420	7	1	profile_MOBT	none	0	0		Firmicutes	Streptococcus
NZ_CP020452_1950150..1998136	NA	47987	46	0	NA	none	0	0		Proteobacteria	Neisseria
NZ_CP020465_2964600..3041621	IME	77022	67	1	T4SS_MOBV	none	0	0		Proteobacteria	Cognaticolwellia
NZ_CP020467_272665..340961	ICE	68297	70	1	profile_MOBT	MPF_FA	1	5	DUF4467	Firmicutes	Staphylococcus
NZ_CP020472_3930608..3956632	IME	26025	19	1	T4SS_MOBC	none	0	0		Proteobacteria	Shewanella
NZ_CP020474_3010996..3079423	IME	68428	58	1	T4SS_MOBQ	none	0	0		Proteobacteria	Roseovarius
NZ_CP020484_2746083..2808177	ICE	62095	56	1	profile_MOBT	MPF_FA	1	7		Firmicutes	Enterococcus_B
NZ_CP020488_1608331..1695901	ICE	87571	77	1	profile_MOBT	none	0	0		Firmicutes	Enterococcus_B
NZ_CP020498_741248..796190	NA	54943	63	1	T4SS_MOBH,profile_MOBT	MPF_F	1	0		Proteobacteria	Klebsiella
NZ_CP020503_3388542..3404314	IME	15773	12	1	T4SS_MOBQ	none	0	0		Proteobacteria	Serratia
NZ_CP020507_1536004..1884301	NA	348298	317	1	T4SS_MOBP1	MPF_T	1	0		Proteobacteria	Serratia
NZ_CP020507_3359625..3374242	IME	14618	10	1	T4SS_MOBQ	none	0	0		Proteobacteria	Serratia
NZ_CP020507_3484687..3512789	IME	28103	30	1	T4SS_MOBQ	none	0	0		Proteobacteria	Serratia
NZ_CP020520_3779110..3835013	IME	55904	68	1	T4SS_MOBP1	none	0	0		Proteobacteria	Escherichia
NZ_CP020525_4684327..4895029	NA	210703	221	1	T4SS_MOBH	MPF_T	1	1		Proteobacteria	Enterobacter
NZ_CP020533_292978..366058	NA	73081	61	1	T4SS_MOBP1,profile_MOBT	none	0	0		Proteobacteria	Vibrio
NZ_CP020538_169999..223693	NA	53695	49	1	T4SS_MOBP1	MPF_T	1	0	Eex_IncN	Proteobacteria	Sphingobium
NZ_CP020557_1473795..1595147	ICE	121353	136	1	profile_MOBT	MPF_FA	1	7		Firmicutes	Paenibacillus_H
NZ_CP020557_765650..945380	NA	179731	250	1	profile_MOBT	MPF_FA	1	6		Firmicutes	Paenibacillus_H
NZ_CP020564_1162276..1180382	NA	18107	16	1	T4SS_MOBH	none	0	0		Firmicutes	Lactiplantibacillus
NZ_CP020567_6135596..6163294	NA	27699	28	0	NA	none	0	0		Actinobacteriota	Kitasatospora
NZ_CP020569_4370129..4375933	NA	5805	5	0	NA	none	0	0		Actinobacteriota	Streptomyces
NZ_CP020569_4751555..4757247	NA	5693	5	0	NA	none	0	0		Actinobacteriota	Streptomyces
NZ_CP020570_3515518..3537876	IME	22359	23	1	T4SS_MOBP1	none	0	0		Actinobacteriota	Streptomyces
NZ_CP020570_3653536..3667752	AICE	14217	17	0	NA	none	0	0		Actinobacteriota	Streptomyces
NZ_CP020570_4170118..4194080	IME	23963	23	1	T4SS_MOBP1	none	0	0		Actinobacteriota	Streptomyces
NZ_CP020570_4866390..4882269	NA	15880	18	0	NA	none	0	0		Actinobacteriota	Streptomyces
NZ_CP020586_2525876..2739269	ICE	213394	239	0	NA	none	0	0		Proteobacteria	Acinetobacter
NZ_CP020603_5329093..5427715	ICE	98623	81	1	T4SS_MOBH,profile_MOBT	MPF_F	1	0		Proteobacteria	Pseudomonas
NZ_CP020612_2323914..2330497	IME	6584	5	1	T4SS_MOBV	none	0	0		Proteobacteria	Paracoccus
NZ_CP020614_2952275..3177436	ICE	225162	201	1	T4SS_MOBQ	MPF_T	1	0		Proteobacteria	Tatlockia
NZ_CP020645_2949369..3126401	ICE	177033	158	1	T4SS_MOBP1	MPF_T	1	0	Eex_IncN	Proteobacteria	Bordetella
NZ_CP020645_3225511..3368647	ICE	143137	135	1	T4SS_MOBP1,profile_MOBT	MPF_T	1	0		Proteobacteria	Bordetella
NZ_CP020653_1097988..1160538	NA	62551	64	0	NA	none	0	0		Proteobacteria	Bordetella
NZ_CP020694_1475707..1481876	IME	6170	6	1	T4SS_MOBP1,T4SS_MOBQ	none	0	0		Proteobacteria	Sulfitobacter
NZ_CP020700_3838497..3847600	NA	9104	14	0	NA	none	0	0		Actinobacteriota	Streptomyces
NZ_CP020700_5736552..5777968	NA	41417	41	1	T4SS_MOBC,T4SS_MOBP1	none	0	0		Actinobacteriota	Streptomyces
NZ_CP020703_4867806..4986414	ICE	118609	137	1	T4SS_MOBH	MPF_F	1	0		Proteobacteria	Pseudomonas
NZ_CP020704_3400788..3622711	ICE	221924	204	1	T4SS_MOBP1	MPF_T	1	0	Eex_IncN	Proteobacteria	Pseudomonas
NZ_CP020704_4986378..5078349	ICE	91972	113	1	T4SS_MOBH	MPF_F	1	0		Proteobacteria	Pseudomonas
NZ_CP020743_2126872..2160587	NA	33716	36	0	NA	none	0	0		Firmicutes	Bacillus_A
NZ_CP020743_3019719..3025603	NA	5885	6	0	NA	none	0	0		Firmicutes	Bacillus_A
NZ_CP020743_355471..392990	NA	37520	44	0	NA	none	0	0		Firmicutes	Bacillus_A
NZ_CP020814_2417427..2464200	NA	46774	59	1	T4SS_MOBC,profile_MOBT	none	0	0		Firmicutes	Bacillus_L
NZ_CP020818_3675280..3784252	NA	108973	102	1	T4SS_MOBP1	none	0	0	Eex_IncN	Proteobacteria	Bordetella
NZ_CP020818_4067254..4147127	NA	79874	81	1	T4SS_MOBH	MPF_F	1	0		Proteobacteria	Bordetella
NZ_CP020818_4184791..4253578	NA	68788	76	1	T4SS_MOBH	MPF_F	1	0		Proteobacteria	Bordetella
NZ_CP020827_2706533..2714289	NA	7757	7	1	profile_MOBT	none	0	0		Firmicutes	Listeria
NZ_CP020835_1295207..1470769	ICE	175563	158	1	T4SS_MOBP1	none	0	0		Proteobacteria	Escherichia
NZ_CP020837_3627680..3765297	ICE	137618	92	1	T4SS_MOBC	MPF_T	1	0	Eex_IncN	Proteobacteria	Klebsiella
NZ_CP020837_4880222..4938269	NA	58048	67	1	T4SS_MOBH,profile_MOBT	MPF_F	1	0		Proteobacteria	Klebsiella
NZ_CP020841_395637..642782	ICE	247146	240	0	NA	none	0	0		Proteobacteria	Klebsiella
NZ_CP020857_3547859..3591325	NA	43467	47	0	NA	none	0	0		Actinobacteriota	Cellulosimicrobium
NZ_CP020858_1857526..1866587	NA	9062	8	0	NA	none	0	0		Firmicutes	Ligilactobacillus
NZ_CP020861_1269272..1294955	NA	25684	24	1	T4SS_MOBH	none	0	0		Firmicutes	Lactiplantibacillus
NZ_CP020863_808893..964533	ICE	155641	160	1	T4SS_MOBP1,profile_MOBT	MPF_FA	1	21		Firmicutes	Streptococcus
NZ_CP020866_1099390..1118104	NA	18715	28	1	profile_MOBM	none	0	0		Firmicutes	Paenibacillus
NZ_CP020872_1016659..1032701	IME	16043	15	1	T4SS_MOBC	none	0	0		Proteobacteria	Dickeya
NZ_CP020872_1868996..1914539	ICE	45544	42	1	T4SS_MOBC,profile_MOBT	MPF_T	1	0	Eex_IncN	Proteobacteria	Dickeya
NZ_CP020872_56228..183836	ICE	127609	108	1	profile_MOBT	none	0	0		Proteobacteria	Dickeya
NZ_CP020880_308751..317700	NA	8950	13	0	NA	none	0	0		Firmicutes	Sutcliffiella_A
NZ_CP020885_2332139..2427076	ICE	94938	91	1	T4SS_MOBH,profile_MOBT	MPF_F	1	0		Proteobacteria	Xanthomonas
NZ_CP020885_463281..469927	NA	6647	7	1	T4SS_MOBQ	none	0	0		Proteobacteria	Xanthomonas
NZ_CP020889_3076706..3086263	IME	9558	9	1	T4SS_MOBQ	none	0	0		Proteobacteria	Xanthomonas
NZ_CP020892_1020088..1022360	NA	2273	2	0	NA	none	0	0		Proteobacteria	Pseudomonas_E
NZ_CP020894_3436598..3513108	ICE	76511	75	1	T4SS_MOBP1	MPF_T	1	1		Proteobacteria	Legionella
NZ_CP020906_2956724..2984331	NA	27608	31	1	T4SS_MOBV	none	0	0		Proteobacteria	Rhizobium
NZ_CP020917_3005415..3095074	ICE	89660	96	1	T4SS_MOBH,profile_MOBT	MPF_F	1	0		Proteobacteria	Achromobacter
NZ_CP020918_3924519..3983848	ICE	59330	52	1	T4SS_MOBP1	none	0	0		Bacteroidota	Flavobacterium
NZ_CP020925_2446861..2572460	NA	125600	118	1	T4SS_MOBP1,T4SS_MOBV	none	0	0		Proteobacteria	Sphingobium
NZ_CP020925_2678908..2798996	NA	120089	121	1	profile_MOBF	MPF_F	1	0		Proteobacteria	Sphingobium
NZ_CP020925_295198..461227	NA	166030	172	1	profile_MOBF	MPF_T	1	0		Proteobacteria	Sphingobium
NZ_CP020925_3553513..3705923	NA	152411	147	1	profile_MOBF	MPF_F	1	0		Proteobacteria	Sphingobium
NZ_CP020925_3974414..4040044	NA	65631	62	1	T4SS_MOBQ	none	0	0		Proteobacteria	Sphingobium
NZ_CP020928_1291439..1383390	NA	91952	90	1	T4SS_MOBP2	MPF_FA	1	2		Firmicutes	Weissella
NZ_CP020943_1040344..1087664	IME	47321	51	1	T4SS_MOBP1	none	0	1		Proteobacteria	Pantoea
NZ_CP020943_4106962..4190170	NA	83209	90	1	T4SS_MOBH	MPF_F	1	0		Proteobacteria	Pantoea
NZ_CP020960_660417..716109	NA	55693	61	1	profile_MOBT	MPF_FA	1	6	DUF4467	Firmicutes	Staphylococcus
NZ_CP020967_1469538..1497108	NA	27571	20	1	T4SS_MOBQ	none	0	0		Proteobacteria	Xanthomonas
NZ_CP020975_4907193..4912562	NA	5370	6	1	T4SS_MOBQ	none	0	0		Proteobacteria	Xanthomonas
NZ_CP020985_2529910..2665989	ICE	136080	119	1	T4SS_MOBH	MPF_F	1	0		Proteobacteria	Xanthomonas
NZ_CP021006_3577857..3822240	ICE	244384	211	1	T4SS_MOBQ,profile_MOBT	none	0	0		Proteobacteria	Xanthomonas
NZ_CP021011_2441396..2447697	NA	6302	9	1	profile_MOBT	none	0	1		Firmicutes	Bacillus
NZ_CP021012_1545309..1587622	IME	42314	44	1	T4SS_MOBQ	none	0	0		Proteobacteria	Xanthomonas
NZ_CP021012_2594867..2730809	ICE	135943	121	1	T4SS_MOBH	MPF_F	1	0		Proteobacteria	Xanthomonas
NZ_CP021058_1751077..1786500	IME	35424	40	1	T4SS_MOBH,profile_MOBM	none	0	0		Firmicutes	Macrococcus_B
NZ_CP021061_1698931..1765411	NA	66481	84	1	T4SS_MOBC,profile_MOBT	none	0	0		Firmicutes	Bacillus_A
NZ_CP021061_506408..611350	ICE	104943	113	1	profile_MOBT	none	0	0		Firmicutes	Bacillus_A
NZ_CP021070_2249903..2256996	NA	7094	6	1	T4SS_MOBQ	none	0	0		Proteobacteria	Mesorhizobium
NZ_CP021079_3284264..3318412	NA	34149	40	1	profile_MOBF	MPF_T	1	0		Proteobacteria	Alcaligenes
NZ_CP021080_3637917..3653052	NA	15136	22	0	NA	none	0	0		Actinobacteriota	Streptomyces
NZ_CP021080_7276974..7315657	NA	38684	33	0	NA	none	0	0		Actinobacteriota	Streptomyces
NZ_CP021108_4435873..4538908	NA	103036	116	1	profile_MOBF	MPF_T	1	0		Proteobacteria	Bordetella_C
NZ_CP021109_331398..466043	NA	134646	146	1	T4SS_MOBH,profile_MOBT	MPF_F	1	1	Eex_IncN	Proteobacteria	Bordetella_C
NZ_CP021110_4008851..4023736	NA	14886	11	1	profile_MOBF	none	0	0		Proteobacteria	Bordetella_C
NZ_CP021111_4068886..4168838	ICE	99953	107	1	T4SS_MOBH	MPF_F	1	0		Proteobacteria	Bordetella_B
NZ_CP021111_616623..729069	ICE	112447	114	1	T4SS_MOBH,profile_MOBT	MPF_F	1	0		Proteobacteria	Bordetella_B
NZ_CP021118_1595257..1608119	NA	12863	16	0	NA	none	0	0		Actinobacteriota	Streptomyces
NZ_CP021121_3065234..3079438	NA	14205	21	0	NA	none	0	1		Actinobacteriota	Streptomyces
NZ_CP021121_3306294..3319811	AICE	13518	17	0	NA	none	0	0		Actinobacteriota	Streptomyces
NZ_CP021121_3367465..3384358	NA	16894	22	0	NA	none	0	0		Actinobacteriota	Streptomyces
NZ_CP021121_82466..99155	NA	16690	20	0	NA	none	0	0		Actinobacteriota	Streptomyces
NZ_CP021132_3520405..3524870	NA	4466	3	1	T4SS_MOBH	none	0	0		Proteobacteria	Pseudomonas_E
NZ_CP021138_1682018..1694853	NA	12836	17	1	T4SS_MOBP1,T4SS_MOBQ	none	0	0		Proteobacteria	Sulfuriferula_A
NZ_CP021140_341476..432734	NA	91259	87	1	T4SS_MOBP1	MPF_FA	1	6		Actinobacteriota	Eggerthella
NZ_CP021157_767221..795214	IME	27994	28	1	profile_MOBT	none	0	0		Proteobacteria	Burkholderia
NZ_CP021175_2227562..2301214	NA	73653	91	1	T4SS_MOBH	MPF_F	1	0		Proteobacteria	Escherichia
NZ_CP021175_3212218..3457947	ICE	245730	241	1	T4SS_MOBC	MPF_T	1	0	Eex_IncN	Proteobacteria	Escherichia
NZ_CP021200_980818..988044	NA	7227	7	1	T4SS_MOBP1	none	0	0		Proteobacteria	Taylorella
NZ_CP021235_2262029..2405662	NA	143634	114	1	T4SS_MOBP1	none	0	0		Bacteroidota	Pontibacter
NZ_CP021235_2675590..2737471	IME	61882	52	1	T4SS_MOBP1,profile_MOBT	none	0	0		Bacteroidota	Pontibacter
NZ_CP021235_4648978..4680251	IME	31274	27	1	T4SS_MOBP1,T4SS_MOBV	none	0	0		Bacteroidota	Pontibacter
NZ_CP021246_1177091..1215416	ICE	38326	50	1	T4SS_MOBP1,T4SS_MOBV	MPF_T	1	0		Proteobacteria	Taylorella
NZ_CP021255_514964..520053	NA	5090	8	1	T4SS_MOBP1	none	0	0		Desulfobacterota	Desulfobulbus
NZ_CP021256_115939..211928	ICE	95990	85	1	T4SS_MOBQ,profile_MOBM	MPF_T	1	0		Proteobacteria	Legionella
NZ_CP021256_2400983..2484566	ICE	83584	81	1	T4SS_MOBP1	MPF_T	1	0		Proteobacteria	Legionella
NZ_CP021256_638833..681010	ICE	42178	40	1	T4SS_MOBC,T4SS_MOBP1	MPF_T	1	0		Proteobacteria	Legionella
NZ_CP021257_81861..211345	ICE	129485	109	1	T4SS_MOBQ	MPF_T	1	0		Proteobacteria	Legionella
NZ_CP021258_176403..217626	ICE	41224	43	1	T4SS_MOBQ	MPF_T	1	0		Proteobacteria	Legionella
NZ_CP021258_2287333..2351579	ICE	64247	63	1	profile_MOBF	MPF_F	1	0		Proteobacteria	Legionella
NZ_CP021260_2314089..2428327	ICE	114239	105	1	T4SS_MOBP1	MPF_T	1	0		Proteobacteria	Legionella
NZ_CP021260_75094..216965	ICE	141872	125	1	T4SS_MOBP1,T4SS_MOBQ	MPF_T	1	0		Proteobacteria	Legionella
NZ_CP021261_75094..181741	ICE	106648	86	1	T4SS_MOBP1,T4SS_MOBQ	none	0	0		Proteobacteria	Legionella
NZ_CP021262_2917112..2969126	ICE	52015	52	1	T4SS_MOBP1	MPF_T	1	0		Proteobacteria	Legionella
NZ_CP021263_176403..217697	ICE	41295	43	1	T4SS_MOBQ	MPF_T	1	0		Proteobacteria	Legionella
NZ_CP021263_2276986..2341234	ICE	64249	62	1	profile_MOBF	MPF_F	1	0		Proteobacteria	Legionella
NZ_CP021264_2272057..2336305	ICE	64249	62	1	profile_MOBF	MPF_F	1	0		Proteobacteria	Legionella
NZ_CP021268_2654449..2709269	ICE	54821	53	1	T4SS_MOBP1,T4SS_MOBQ	MPF_T	1	0		Proteobacteria	Legionella
NZ_CP021268_77715..237908	ICE	160194	132	1	T4SS_MOBP1,T4SS_MOBQ,profile_MOBM	MPF_T	1	0		Proteobacteria	Legionella
NZ_CP021270_2260808..2301439	NA	40632	40	1	T4SS_MOBP1	MPF_T	1	0		Proteobacteria	Legionella
NZ_CP021270_2615787..2630420	IME	14634	14	1	T4SS_MOBP1,T4SS_MOBQ,profile_MOBT	none	0	0		Proteobacteria	Legionella
NZ_CP021274_805401..851924	IME	46524	41	0	NA	none	0	0		Proteobacteria	Legionella
NZ_CP021279_2261803..2326051	ICE	64249	62	1	profile_MOBF	MPF_F	1	0		Proteobacteria	Legionella
NZ_CP021281_2248997..2388641	ICE	139645	134	1	T4SS_MOBP1,profile_MOBF	MPF_T;MPF_F	2	0		Proteobacteria	Legionella
NZ_CP021283_100943..225660	ICE	124718	95	1	T4SS_MOBP1,T4SS_MOBQ	MPF_T	1	0		Proteobacteria	Legionella
NZ_CP021286_148427..219525	ICE	71099	62	1	T4SS_MOBQ	MPF_T	1	0		Proteobacteria	Legionella
NZ_CP021286_2256823..2321068	ICE	64246	64	1	profile_MOBF	MPF_F	1	0		Proteobacteria	Legionella
NZ_CP021319_1652839..1714366	NA	61528	59	1	T4SS_MOBB,profile_MOBT	MPF_FA	1	9		Firmicutes_A	Clostridioides
NZ_CP021319_185054..541678	ICE	356625	340	1	profile_MOBT	MPF_FA	1	8		Firmicutes_A	Clostridioides
NZ_CP021319_2327685..2333739	NA	6055	7	1	profile_MOBT	none	0	0		Firmicutes_A	Clostridioides
NZ_CP021329_3266921..3342728	ICE	75808	78	1	T4SS_MOBC	MPF_T	1	0	Eex_IncN	Proteobacteria	Klebsiella
NZ_CP021359_1170423..1179967	NA	9545	10	0	NA	MPF_T	1	0	Eex_IncN	Proteobacteria	Acidovorax
NZ_CP021359_1692852..1723179	IME	30328	33	1	T4SS_MOBC,profile_MOBT	none	0	0		Proteobacteria	Acidovorax
NZ_CP021359_3032702..3038693	NA	5992	9	1	T4SS_MOBV	none	0	0		Proteobacteria	Acidovorax
NZ_CP021359_55035..114614	NA	59580	61	0	NA	none	0	0		Proteobacteria	Acidovorax
NZ_CP021361_1457271..1651650	ICE	194380	205	1	T4SS_MOBP1	MPF_T	1	1	Eex_IncN	Proteobacteria	Acidovorax
NZ_CP021361_2435439..2518794	NA	83356	90	1	T4SS_MOBP1,profile_MOBT	MPF_T	1	0	Eex_IncN	Proteobacteria	Acidovorax
NZ_CP021361_3247817..3297201	ICE	49385	51	1	T4SS_MOBP1	MPF_T	1	0	Eex_IncN	Proteobacteria	Acidovorax
NZ_CP021361_904363..1082656	NA	178294	168	1	T4SS_MOBP1	none	0	0		Proteobacteria	Acidovorax
NZ_CP021366_1082884..1306015	NA	223132	234	1	T4SS_MOBP1,profile_MOBT	MPF_T	1	0	Eex_IncN	Proteobacteria	Acidovorax
NZ_CP021366_1590353..1774194	ICE	183842	185	1	T4SS_MOBP1	MPF_T	1	0	Eex_IncN	Proteobacteria	Acidovorax
NZ_CP021380_2654422..2759918	ICE	105497	113	1	T4SS_MOBH	MPF_F	1	0		Proteobacteria	Pseudomonas
NZ_CP021380_2900934..3047968	ICE	147035	141	1	T4SS_MOBP1,profile_MOBT	MPF_T	1	0	Eex_IncN	Proteobacteria	Pseudomonas
NZ_CP021380_5530783..5637100	ICE	106318	126	1	T4SS_MOBH	MPF_F	1	0		Proteobacteria	Pseudomonas
NZ_CP021381_3530094..3775518	ICE	245425	254	1	T4SS_MOBP1	none	0	0		Bacteroidota	Sphingobacterium
NZ_CP021381_4931081..5055092	NA	124012	88	1	T4SS_MOBP1	none	0	1		Bacteroidota	Sphingobacterium
NZ_CP021387_471226..473861	NA	2636	3	1	profile_MOBT	none	0	0		Actinobacteriota	Bifidobacterium
NZ_CP021388_1840591..1892035	NA	51445	47	1	T4SS_MOBP1	MPF_FA	1	6		Actinobacteriota	Bifidobacterium
NZ_CP021389_2034696..2046917	NA	12222	11	1	T4SS_MOBP1	none	0	0		Actinobacteriota	Bifidobacterium
NZ_CP021392_1335039..1553628	ICE	218590	179	1	T4SS_MOBP1,profile_MOBT	MPF_FA	1	8		Actinobacteriota	Bifidobacterium
NZ_CP021394_1041071..1074648	NA	33578	33	0	NA	none	0	0		Actinobacteriota	Bifidobacterium
NZ_CP021394_1881920..1937455	ICE	55536	47	1	T4SS_MOBP1	MPF_FA	1	6		Actinobacteriota	Bifidobacterium
NZ_CP021396_3700943..3712172	NA	11230	14	1	T4SS_MOBP1	none	0	0		Proteobacteria	Bordetella
NZ_CP021397_1067315..1251473	ICE	184159	177	1	T4SS_MOBH,profile_MOBT	MPF_F	1	0		Proteobacteria	Bordetella
NZ_CP021398_3530389..3600975	NA	70587	69	0	NA	none	0	0		Proteobacteria	Bordetella
NZ_CP021416_46215..66289	NA	20075	21	1	profile_MOBF	none	0	0		Campylobacterota	Sulfurospirillum
NZ_CP021416_915774..966388	IME	50615	66	1	T4SS_MOBQ,profile_MOBM	none	0	0		Campylobacterota	Sulfurospirillum
NZ_CP021417_901779..963702	NA	61924	71	1	profile_MOBF	none	0	0		Actinobacteriota	Corynebacterium
NZ_CP021427_903387..911034	NA	7648	9	1	profile_MOBT	none	0	0		Firmicutes	Lactobacillus
NZ_CP021430_1592284..1621039	NA	28756	22	1	profile_MOBF	none	0	0		Actinobacteriota	Cellulomonas
NZ_CP021431_652..170927	NA	170276	165	1	T4SS_MOBP1,T4SS_MOBQ,profile_MOBM	MPF_T	1	1		Proteobacteria	Yoonia
NZ_CP021435_450909..461656	NA	10748	16	0	NA	none	0	0		Proteobacteria	Halomonas
NZ_CP021436_1431300..1474045	NA	42746	54	0	NA	none	0	0		Firmicutes	Bacillus_A
NZ_CP021436_5208960..5244900	IME	35941	34	0	NA	none	0	0		Firmicutes	Bacillus_A
NZ_CP021467_682986..993404	ICE	310419	306	1	T4SS_MOBP1	MPF_T	1	0		Proteobacteria	Komagataeibacter
NZ_CP021490_1300683..1328358	IME	27676	18	1	T4SS_MOBC	none	0	0		Proteobacteria	Francisella
NZ_CP021500_4163007..4169512	NA	6506	10	1	profile_MOBT	none	0	1		Firmicutes	Bacillus
NZ_CP021505_4011183..4060259	NA	49077	63	1	profile_MOBT	MPF_FA	1	7	DUF4467	Firmicutes	Bacillus
NZ_CP021509_1068967..1094695	IME	25729	33	1	T4SS_MOBP1,T4SS_MOBV	none	0	0		Proteobacteria	Acetobacter
NZ_CP021516_1231461..1242109	NA	10649	9	0	NA	none	0	0		Proteobacteria	Neisseria
NZ_CP021535_1914229..1958309	IME	44081	52	1	T4SS_MOBP1	none	0	0		Proteobacteria	Escherichia
NZ_CP021539_3951101..3978586	IME	27486	29	1	T4SS_MOBQ	none	0	0		Proteobacteria	Klebsiella
NZ_CP021550_3000319..3193487	ICE	193169	172	1	T4SS_MOBH,profile_MOBT	MPF_F	1	0	EexR	Proteobacteria	Proteus
NZ_CP021552_1932563..1984333	NA	51771	47	1	T4SS_MOBP1	MPF_FA	1	7		Actinobacteriota	Bifidobacterium
NZ_CP021553_491083..531369	NA	40287	62	1	T4SS_MOBC	none	0	0		Actinobacteriota	Bifidobacterium
NZ_CP021556_290444..313854	IME	23411	23	1	profile_MOBT	none	0	0		Actinobacteriota	Bifidobacterium
NZ_CP021558_2064353..2110424	NA	46072	40	1	T4SS_MOBP1	MPF_FA	1	6		Actinobacteriota	Bifidobacterium
NZ_CP021559_1932766..2009152	ICE	76387	73	1	T4SS_MOBP1	MPF_FA	1	8		Actinobacteriota	Bifidobacterium
NZ_CP021640_1021776..1110614	ICE	88839	76	1	T4SS_MOBP1,profile_MOBT	MPF_FA	1	9		Firmicutes	Streptococcus
NZ_CP021642_364808..385425	IME	20618	20	1	T4SS_MOBP1	none	0	0		Campylobacterota	Campylobacter_A
NZ_CP021648_1016884..1023031	NA	6148	8	1	T4SS_MOBV	none	0	0		Proteobacteria	Acidovorax
NZ_CP021648_1647012..1699785	NA	52774	47	1	T4SS_MOBH	MPF_F	1	0		Proteobacteria	Acidovorax
NZ_CP021648_2545538..2594915	NA	49378	47	1	T4SS_MOBH	MPF_F	1	0		Proteobacteria	Acidovorax
NZ_CP021648_3530334..3684391	ICE	154058	147	1	T4SS_MOBH	MPF_F	1	0		Proteobacteria	Acidovorax
NZ_CP021654_2775183..2786412	NA	11230	8	1	T4SS_MOBP1,profile_MOBT	none	0	0		Proteobacteria	Aeromonas
NZ_CP021674_1450893..1473183	NA	22291	24	1	T4SS_MOBH	none	0	0		Firmicutes	Levilactobacillus
NZ_CP021685_1297863..1356976	NA	59114	68	1	T4SS_MOBH,profile_MOBT	MPF_F	1	0		Proteobacteria	Klebsiella
NZ_CP021685_194506..289311	ICE	94806	80	1	T4SS_MOBC	MPF_T	1	0	Eex_IncN	Proteobacteria	Klebsiella
NZ_CP021694_1087287..1189429	ICE	102143	94	1	T4SS_MOBH	MPF_F	1	0	EexR	Proteobacteria	Proteus
NZ_CP021694_3634228..3705476	NA	71249	69	1	T4SS_MOBH	MPF_F	1	0		Proteobacteria	Proteus
NZ_CP021703_1429365..1470201	NA	40837	47	1	T4SS_MOBP1,T4SS_MOBV	none	0	0		Firmicutes	Lactobacillus
NZ_CP021707_2018269..2029495	NA	11227	12	0	NA	none	0	0		Actinobacteriota	Streptomyces
NZ_CP021707_2886356..2902669	NA	16314	21	0	NA	none	0	0		Actinobacteriota	Streptomyces
NZ_CP021707_3320454..3342570	AICE	22117	26	0	NA	none	0	1		Actinobacteriota	Streptomyces
NZ_CP021707_4024367..4036987	NA	12621	19	0	NA	none	0	0		Actinobacteriota	Streptomyces
NZ_CP021707_4553283..4569273	NA	15991	17	0	NA	none	0	0		Actinobacteriota	Streptomyces
NZ_CP021718_3271274..3329320	NA	58047	67	1	T4SS_MOBH,profile_MOBT	MPF_F	1	0		Proteobacteria	Klebsiella
NZ_CP021722_1677313..1724084	IME	46772	57	1	T4SS_MOBP1	none	0	0		Proteobacteria	Escherichia
NZ_CP021731_2846870..3088388	ICE	241519	226	1	T4SS_MOBH	MPF_F	1	0		Proteobacteria	Aromatoleum
NZ_CP021740_1306263..1327192	NA	20930	24	1	T4SS_MOBP1	none	0	0		Proteobacteria	Klebsiella
NZ_CP021740_4137547..4195745	ICE	58199	42	1	T4SS_MOBC	MPF_T	1	0	Eex_IncN	Proteobacteria	Klebsiella
NZ_CP021744_1757583..1765402	NA	7820	10	0	NA	none	0	0		Actinobacteriota	Streptomyces
NZ_CP021744_6369126..6375808	NA	6683	5	0	NA	none	0	0		Actinobacteriota	Streptomyces
NZ_CP021748_3277510..3284034	NA	6525	12	0	NA	none	0	0		Actinobacteriota	Streptomyces
NZ_CP021748_4611432..4624544	NA	13113	17	0	NA	none	0	0		Actinobacteriota	Streptomyces
NZ_CP021757_1252085..1310283	ICE	58199	42	1	T4SS_MOBC	MPF_T	1	0	Eex_IncN	Proteobacteria	Klebsiella
NZ_CP021769_1576561..1641118	ICE	64558	59	1	profile_MOBT	MPF_FA	1	7		Firmicutes	Streptococcus
NZ_CP021770_1088587..1161305	ICE	72719	59	1	T4SS_MOBP1,T4SS_MOBQ,profile_MOBM	MPF_FA	1	10		Firmicutes	Streptococcus
NZ_CP021770_664512..744764	ICE	80253	72	1	profile_MOBT	MPF_FA	1	7		Firmicutes	Streptococcus
NZ_CP021771_1058846..1100107	ICE	41262	46	1	profile_MOBT	MPF_FA	1	3		Firmicutes	Streptococcus
NZ_CP021772_1192456..1262819	ICE	70364	87	1	profile_MOBT	MPF_FA	1	5		Firmicutes	Streptococcus
NZ_CP021772_733266..772476	ICE	39211	39	1	T4SS_MOBP1	MPF_FA	1	6		Firmicutes	Streptococcus
NZ_CP021773_1403320..1503304	ICE	99985	106	1	T4SS_MOBP1,profile_MOBT	MPF_FA	1	13		Firmicutes	Streptococcus
NZ_CP021773_936430..988206	IME	51777	51	1	T4SS_MOBP1	none	0	2		Firmicutes	Streptococcus
NZ_CP021774_2817566..3266961	ICE	449396	338	1	T4SS_MOBP1,profile_MOBT	MPF_T	1	1	Eex_IncN	Proteobacteria	Pseudomonas
NZ_CP021774_5026515..5029714	NA	3200	2	1	T4SS_MOBH	none	0	0		Proteobacteria	Pseudomonas
NZ_CP021775_2221011..2339184	NA	118174	97	1	T4SS_MOBP1	MPF_T	1	0		Proteobacteria	Pseudomonas
NZ_CP021775_2902568..2995901	ICE	93334	95	1	T4SS_MOBH	MPF_F	1	0		Proteobacteria	Pseudomonas
NZ_CP021775_5906126..5994299	ICE	88174	103	1	T4SS_MOBH	MPF_F	1	0		Proteobacteria	Pseudomonas
NZ_CP021781_1423873..1446044	IME	22172	16	1	T4SS_MOBC	none	0	0		Proteobacteria	Francisella_A
NZ_CP021790_86875..132585	NA	45711	40	1	profile_MOBT	none	0	0		Firmicutes	Limosilactobacillus
NZ_CP021804_3717997..3760159	ICE	42163	39	1	T4SS_MOBP1	MPF_T	1	0		Proteobacteria	Sinorhizobium
NZ_CP021818_2123809..2190196	NA	66388	71	1	T4SS_MOBP1	MPF_T	1	0		Proteobacteria	Sinorhizobium
NZ_CP021833_2107421..2245029	ICE	137609	93	1	T4SS_MOBC	MPF_T	1	0	Eex_IncN	Proteobacteria	Klebsiella
NZ_CP021850_2963279..3192026	NA	228748	232	1	T4SS_MOBP1	MPF_FA	1	7		Firmicutes_A	Pseudoclostridium
NZ_CP021851_3328853..3368157	ICE	39305	37	1	T4SS_MOBC	MPF_T	1	0	Eex_IncN	Proteobacteria	Enterobacter
NZ_CP021859_1200456..1227941	IME	27486	29	1	T4SS_MOBQ	none	0	0		Proteobacteria	Klebsiella
NZ_CP021862_425131..470155	NA	45025	45	1	T4SS_MOBP1	MPF_FA	1	7		Firmicutes	Streptococcus
NZ_CP021866_257991..264839	NA	6849	9	1	T4SS_MOBV	none	0	0		Firmicutes	Streptococcus
NZ_CP021868_1850720..1853677	NA	2958	3	0	NA	none	0	0		Firmicutes	Streptococcus
NZ_CP021868_1941199..2012231	ICE	71033	88	1	profile_MOBT	MPF_FA	1	5		Firmicutes	Streptococcus
NZ_CP021868_432957..474707	NA	41751	41	1	T4SS_MOBP1	MPF_FA	1	6		Firmicutes	Streptococcus
NZ_CP021874_2077374..2177065	ICE	99692	104	1	profile_MOBT	MPF_FA	1	5		Firmicutes	Enterococcus
NZ_CP021874_2277654..2456817	ICE	179164	177	1	profile_MOBM,profile_MOBT	MPF_FA	1	6		Firmicutes	Enterococcus
NZ_CP021874_2706684..2756358	IME	49675	79	1	T4SS_MOBC	none	0	1		Firmicutes	Enterococcus
NZ_CP021885_782636..849811	NA	67176	57	1	T4SS_MOBH	none	0	0		Firmicutes	Enterococcus_B
NZ_CP021889_533574..539904	NA	6331	9	1	profile_MOBT	none	0	1		Firmicutes	Bacillus
NZ_CP021905_971664..1008341	ICE	36678	42	1	profile_MOBT	MPF_FA	1	7	DUF4467	Firmicutes	Staphylococcus
NZ_CP021922_1152590..1163661	NA	11072	9	1	T4SS_MOBP1	none	0	0		Proteobacteria	Acetobacter
NZ_CP021929_1240437..1262158	NA	21722	19	1	T4SS_MOBH	none	0	0		Firmicutes	Lactiplantibacillus
NZ_CP021950_4078191..4133133	NA	54943	63	1	T4SS_MOBH,profile_MOBT	MPF_F	1	0		Proteobacteria	Klebsiella
NZ_CP021950_5141657..5170421	IME	28765	31	1	T4SS_MOBQ,profile_MOBT	none	0	0		Proteobacteria	Klebsiella
NZ_CP021960_4048432..4139412	ICE	90981	100	1	T4SS_MOBH	none	0	0		Proteobacteria	Klebsiella
NZ_CP021960_5228915..5298133	ICE	69219	45	1	T4SS_MOBC	MPF_T	1	0	Eex_IncN	Proteobacteria	Klebsiella
NZ_CP021965_1546794..1584957	NA	38164	32	0	NA	none	0	0		Firmicutes	Paenibacillus
NZ_CP021966_944447..1032419	NA	87973	99	1	T4SS_MOBP2,profile_MOBT	none	0	0		Firmicutes	Leuconostoc
NZ_CP021978_4040097..4047775	NA	7679	7	0	NA	none	0	0		Actinobacteriota	Streptomyces
NZ_CP021978_4769956..4780358	NA	10403	16	0	NA	none	0	0		Actinobacteriota	Streptomyces
NZ_CP021978_5198386..5213267	NA	14882	17	0	NA	none	0	0		Actinobacteriota	Streptomyces
NZ_CP021978_5805525..5812885	NA	7361	8	0	NA	none	0	0		Actinobacteriota	Streptomyces
NZ_CP021978_7204842..7247121	NA	42280	42	1	T4SS_MOBP1	none	0	0		Actinobacteriota	Streptomyces
NZ_CP021983_1322237..1422185	ICE	99949	63	1	profile_MOBF	none	0	1		Cyanobacteria	Halomicronema_B
NZ_CP021992_3312443..3337051	NA	24609	25	1	T4SS_MOBC	none	0	0		Actinobacteriota	Cryobacterium
NZ_CP021999_5296771..5387683	ICE	90913	103	1	T4SS_MOBH	MPF_F	1	0		Proteobacteria	Pseudomonas
NZ_CP022001_1735211..1838035	ICE	102825	134	1	T4SS_MOBH	MPF_F	1	0		Proteobacteria	Pseudomonas
NZ_CP022001_2211080..2361845	ICE	150766	147	1	T4SS_MOBP1	MPF_T	1	0	Eex_IncN	Proteobacteria	Pseudomonas
NZ_CP022001_4002346..4035283	NA	32938	43	0	NA	none	0	0		Proteobacteria	Pseudomonas
NZ_CP022001_4550118..4651932	ICE	101815	111	1	T4SS_MOBH	MPF_F	1	0		Proteobacteria	Pseudomonas
NZ_CP022001_6303850..6360148	NA	56299	53	1	T4SS_MOBP1	MPF_T	1	0	Eex_IncN	Proteobacteria	Pseudomonas
NZ_CP022001_6814077..7007807	ICE	193731	205	1	profile_MOBT	none	0	0		Proteobacteria	Pseudomonas
NZ_CP022001_7308770..7385657	ICE	76888	85	1	T4SS_MOBP1,profile_MOBT	MPF_T	1	0	Eex_IncN	Proteobacteria	Pseudomonas
NZ_CP022002_4640377..4752859	ICE	112483	105	1	T4SS_MOBP1,profile_MOBT	MPF_T	1	0	Eex_IncN	Proteobacteria	Pseudomonas
NZ_CP022002_4936956..5040933	NA	103978	112	1	T4SS_MOBH,profile_MOBT	MPF_F	1	0		Proteobacteria	Pseudomonas
NZ_CP022005_3206469..3277527	NA	71059	71	1	T4SS_MOBP1,T4SS_MOBV,profile_MOBT	MPF_T	1	0		Proteobacteria	Burkholderia
NZ_CP022019_1273098..1297910	IME	24813	27	1	T4SS_MOBQ,profile_MOBT	none	0	0		Proteobacteria	Salmonella
NZ_CP022022_2311389..2343162	NA	31774	39	1	T4SS_MOBP1	none	0	0		Bacteroidota	Capnocytophaga
NZ_CP022034_4082949..4102528	IME	19580	18	1	T4SS_MOBP1	none	0	0		Proteobacteria	Salmonella
NZ_CP022040_1455934..1484162	IME	28229	24	1	T4SS_MOBP1,T4SS_MOBV	none	0	0		Bacteroidota	Prevotella
NZ_CP022040_925776..976620	ICE	50845	42	1	T4SS_MOBP1	none	0	0		Bacteroidota	Prevotella
NZ_CP022050_2229541..2310272	NA	80732	96	1	T4SS_MOBC	none	0	0		Proteobacteria	Escherichia
NZ_CP022053_1167364..1238525	NA	71162	71	1	T4SS_MOBQ	none	0	0		Proteobacteria	Stenotrophomonas
NZ_CP022053_2014135..2083266	IME	69132	49	1	T4SS_MOBQ	none	0	0		Proteobacteria	Stenotrophomonas
NZ_CP022058_1845735..2073745	ICE	228011	197	1	T4SS_MOBP1	none	0	0		Bacteroidota	Chryseobacterium
NZ_CP022059_702222..775695	ICE	73474	73	1	profile_MOBT	MPF_FA	1	8		Firmicutes	Enterococcus
NZ_CP022073_3513860..3594646	ICE	80787	53	1	T4SS_MOBC	MPF_T	1	0	Eex_IncN	Proteobacteria	Citrobacter_B
NZ_CP022083_1361087..1378024	NA	16938	14	1	T4SS_MOBC	none	0	0		Proteobacteria	Burkholderia
NZ_CP022088_5203801..5215752	NA	11952	18	0	NA	none	0	0		Actinobacteriota	Nocardia
NZ_CP022089_2110702..2279290	ICE	168589	148	1	T4SS_MOBH,profile_MOBT	MPF_F	1	0	EexR	Proteobacteria	Shewanella
NZ_CP022089_3233329..3280069	IME	46741	34	1	T4SS_MOBH	none	0	0		Proteobacteria	Shewanella
NZ_CP022097_3357493..3473521	NA	116029	146	1	T4SS_MOBH	MPF_F	1	0		Proteobacteria	Pseudomonas_E
NZ_CP022100_814928..1054433	ICE	239506	186	1	profile_MOBT	none	0	0		Proteobacteria	Vibrio
NZ_CP022106_601139..675670	NA	74532	76	1	T4SS_MOBP1,T4SS_MOBP2,T4SS_MOBQ	MPF_FA	1	2		Firmicutes	Halobacillus
NZ_CP022109_1980786..1983617	NA	2832	2	1	profile_MOBT	none	0	0		Firmicutes	Lacticaseibacillus
NZ_CP022110_1001574..1233979	ICE	232406	235	1	T4SS_MOBP1,profile_MOBT	MPF_T	1	0		Proteobacteria	Nitrospirillum
NZ_CP022112_968452..1015426	NA	46975	43	1	T4SS_MOBV,profile_MOBT	none	0	0		Proteobacteria	Nitrospirillum
NZ_CP022116_4264669..4358656	NA	93988	99	1	T4SS_MOBH	MPF_F	1	1		Proteobacteria	Salmonella
NZ_CP022116_781240..802532	IME	21293	21	1	T4SS_MOBH	none	0	0		Proteobacteria	Salmonella
NZ_CP022121_3379673..3478463	ICE	98791	93	1	T4SS_MOBP1	MPF_FA	1	8		Firmicutes_B	Dehalobacterium
NZ_CP022121_534640..592994	ICE	58355	61	1	T4SS_MOBP1,profile_MOBT	MPF_FA	1	8		Firmicutes_B	Dehalobacterium
NZ_CP022123_1030326..1087534	NA	57209	63	1	T4SS_MOBQ	MPF_T	1	0		Fusobacteriota	Fusobacterium
NZ_CP022123_1528799..1560101	NA	31303	39	1	T4SS_MOBQ	MPF_T	1	1		Fusobacteriota	Fusobacterium
NZ_CP022123_2475648..2518721	NA	43074	51	1	T4SS_MOBQ,T4SS_MOBV	none	0	0		Fusobacteriota	Fusobacterium
NZ_CP022123_551807..628299	NA	76493	74	0	NA	none	0	0		Fusobacteriota	Fusobacterium
NZ_CP022129_1517419..1563116	NA	45698	42	1	profile_MOBT	none	0	0		Proteobacteria	Methylovulum
NZ_CP022129_4737864..4767262	NA	29399	38	1	T4SS_MOBP1	none	0	0		Proteobacteria	Methylovulum
NZ_CP022135_4199141..4261647	ICE	62507	63	1	T4SS_MOBH	MPF_F	1	0		Proteobacteria	Salmonella
NZ_CP022138_3004298..3045358	NA	41061	40	1	T4SS_MOBC	MPF_T	1	0	Eex_IncN	Proteobacteria	Salmonella
NZ_CP022139_778216..852219	NA	74004	84	1	T4SS_MOBH	MPF_F	1	0		Proteobacteria	Salmonella
NZ_CP022142_3064554..3099492	NA	34939	31	1	T4SS_MOBC	none	0	0		Proteobacteria	Salmonella
NZ_CP022142_4352599..4431572	ICE	78974	74	1	T4SS_MOBH,profile_MOBT	MPF_F	1	0		Proteobacteria	Salmonella
NZ_CP022148_1834215..1846979	IME	12765	10	1	T4SS_MOBQ	none	0	0		Proteobacteria	Enterobacter
NZ_CP022164_1203086..1246874	NA	43789	46	1	T4SS_MOBP1	none	0	0		Proteobacteria	Escherichia
NZ_CP022188_1549969..1592283	IME	42315	37	1	T4SS_MOBH	none	0	0		Proteobacteria	Azoarcus_C
NZ_CP022196_1740907..1758943	IME	18037	21	1	T4SS_MOBV,profile_MOBT	none	0	0		Proteobacteria	Celeribacter
NZ_CP022213_2003829..2324969	NA	321141	299	1	T4SS_MOBP1,T4SS_MOBV	MPF_T	1	0		Proteobacteria	Burkholderia
NZ_CP022214_521158..548618	IME	27461	30	1	profile_MOBF	none	0	0		Proteobacteria	Burkholderia
NZ_CP022216_1587700..1630816	NA	43117	43	1	profile_MOBT	none	0	0		Proteobacteria	Burkholderia
NZ_CP022221_1918087..2063054	ICE	144968	149	1	T4SS_MOBP1	MPF_T	1	1		Proteobacteria	Bradyrhizobium
NZ_CP022222_2757852..2762699	NA	4848	3	1	T4SS_MOBQ	none	0	0		Proteobacteria	Bradyrhizobium
NZ_CP022223_2441221..2466884	NA	25664	25	0	NA	none	0	0		Actinobacteriota	Mycobacterium
NZ_CP022223_492933..516053	AICE	23121	24	0	NA	none	0	0		Actinobacteriota	Mycobacterium
NZ_CP022263_1510930..1543586	NA	32657	35	1	T4SS_MOBQ	none	0	0		Proteobacteria	Xanthomonas
NZ_CP022263_2860466..2952906	NA	92441	88	1	T4SS_MOBH	MPF_F	1	0		Proteobacteria	Xanthomonas
NZ_CP022263_3541123..3558414	IME	17292	22	1	T4SS_MOBQ	none	0	0		Proteobacteria	Xanthomonas
NZ_CP022263_4227538..4242094	NA	14557	20	1	T4SS_MOBQ	none	0	0		Proteobacteria	Xanthomonas
NZ_CP022271_1326097..1522525	ICE	196429	183	1	T4SS_MOBP1,T4SS_MOBV	MPF_T	1	0		Proteobacteria	Hyphomonas
NZ_CP022271_3388407..3399724	NA	11318	10	0	NA	none	0	0		Proteobacteria	Hyphomonas
NZ_CP022272_1040565..1062616	NA	22052	26	1	T4SS_MOBC	none	0	0		Proteobacteria	Shewanella
NZ_CP022273_5166782..5193904	IME	27123	36	1	T4SS_MOBQ,profile_MOBT	none	0	0		Proteobacteria	Citrobacter
NZ_CP022291_1149299..1350043	NA	200745	191	1	profile_MOBM,profile_MOBT	MPF_FA	1	7	DUF4467	Firmicutes	Staphylococcus
NZ_CP022295_3015605..3058404	IME	42800	40	1	profile_MOBF	none	0	0		Actinobacteriota	Nocardioides
NZ_CP022296_1298325..1444236	NA	145912	157	1	profile_MOBF	none	0	1		Actinobacteriota	Nocardioides
NZ_CP022296_2511286..2595846	ICE	84561	89	1	profile_MOBF	none	0	1		Actinobacteriota	Nocardioides
NZ_CP022296_3422472..3549003	NA	126532	124	1	profile_MOBF	none	0	1		Actinobacteriota	Nocardioides
NZ_CP022296_3930993..3937391	NA	6399	6	1	profile_MOBF	none	0	0		Actinobacteriota	Nocardioides
NZ_CP022297_2601359..2607247	NA	5889	5	1	T4SS_MOBP1,T4SS_MOBV	none	0	0		Proteobacteria	Marinobacterium
NZ_CP022297_3619356..3945722	NA	326367	291	0	NA	none	0	0		Proteobacteria	Marinobacterium
NZ_CP022297_447882..501333	IME	53452	48	1	T4SS_MOBH,T4SS_MOBQ	none	0	0		Proteobacteria	Marinobacterium
NZ_CP022297_653512..655702	NA	2191	2	1	T4SS_MOBH,profile_MOBM	none	0	0		Proteobacteria	Marinobacterium
NZ_CP022298_1168785..1172874	NA	4090	5	0	NA	none	0	0		Proteobacteria	Acinetobacter
NZ_CP022303_1167566..1201304	NA	33739	34	1	T4SS_MOBP1	none	0	0		Proteobacteria	GCA-004216475
NZ_CP022303_2281715..2319558	IME	37844	34	1	T4SS_MOBP1,profile_MOBT	none	0	0		Proteobacteria	GCA-004216475
NZ_CP022310_3402608..3415794	NA	13187	15	0	NA	none	0	0		Actinobacteriota	Streptomyces
NZ_CP022310_3805110..3822390	AICE	17281	20	0	NA	none	0	0		Actinobacteriota	Streptomyces
NZ_CP022310_6582239..6593687	NA	11449	12	0	NA	none	0	0		Actinobacteriota	Streptomyces
NZ_CP022315_749626..792460	NA	42835	49	1	T4SS_MOBP1,T4SS_MOBP2	MPF_FA	1	2		Firmicutes	Virgibacillus_F
NZ_CP022316_1063838..1078807	AICE	14970	19	0	NA	none	0	0		Actinobacteriota	Brachybacterium
NZ_CP022336_272809..422095	ICE	149287	133	1	profile_MOBF	MPF_F	1	0		Proteobacteria	Parasphingorhabdus
NZ_CP022339_184356..340318	NA	155963	126	1	T4SS_MOBV	none	0	0		Bacteroidota	Cardinium
NZ_CP022340_2282769..2314742	NA	31974	40	1	T4SS_MOBP1	none	0	0		Firmicutes	Enterococcus_B
NZ_CP022353_2023435..2033217	NA	9783	9	1	T4SS_MOBP1	none	0	0		Proteobacteria	Vibrio
NZ_CP022372_448947..504916	IME	55970	47	1	profile_MOBF	none	0	0		Proteobacteria	Bosea
NZ_CP022374_2281546..2425872	ICE	144327	149	1	T4SS_MOBP1	MPF_T	1	0		Proteobacteria	Acetobacter
NZ_CP022383_205282..249986	NA	44705	48	1	T4SS_MOBP1	none	0	0		Bacteroidota	Capnocytophaga
NZ_CP022383_383344..420124	ICE	36781	43	1	T4SS_MOBP1	none	0	0		Bacteroidota	Capnocytophaga
NZ_CP022383_635648..695617	NA	59970	53	1	T4SS_MOBP1	none	0	0		Bacteroidota	Capnocytophaga
NZ_CP022387_1696906..1732341	NA	35436	25	1	T4SS_MOBP1	none	0	0		Bacteroidota	Capnocytophaga
NZ_CP022387_2012003..2077417	IME	65415	56	1	T4SS_MOBV	none	0	0		Bacteroidota	Capnocytophaga
NZ_CP022392_1731772..1858323	ICE	126552	118	1	T4SS_MOBH,profile_MOBT	none	0	2		Firmicutes	Streptococcus
NZ_CP022412_112582..136481	IME	23900	27	1	T4SS_MOBB,T4SS_MOBP1	none	0	0		Bacteroidota	Bacteroides
NZ_CP022412_3716084..3729980	IME	13897	14	1	T4SS_MOBP1	none	0	0		Bacteroidota	Bacteroides
NZ_CP022412_444269..487575	IME	43307	32	1	T4SS_MOBP1,T4SS_MOBV	none	0	0		Bacteroidota	Bacteroides
NZ_CP022413_1227046..1251912	NA	24867	24	1	T4SS_MOBH,T4SS_MOBQ	none	0	0		Firmicutes_A	Blautia
NZ_CP022413_1402129..1553873	NA	151745	176	1	T4SS_MOBP1	none	0	0		Firmicutes_A	Blautia
NZ_CP022413_1883543..1983257	ICE	99715	151	1	T4SS_MOBP1,T4SS_MOBQ	MPF_FA	1	9		Firmicutes_A	Blautia
NZ_CP022413_2250203..2278327	NA	28125	23	1	profile_MOBT	none	0	0		Firmicutes_A	Blautia
NZ_CP022413_2560984..2599460	ICE	38477	38	1	T4SS_MOBQ	none	0	0		Firmicutes_A	Blautia
NZ_CP022415_2158761..2173542	NA	14782	17	1	T4SS_MOBP1	none	0	0		Proteobacteria	Ascidiaceihabitans
NZ_CP022426_3231866..3251437	NA	19572	20	1	T4SS_MOBP1	none	0	0		Proteobacteria	Aeromonas
NZ_CP022427_154515..286653	ICE	132139	144	1	T4SS_MOBH	MPF_F	1	0		Proteobacteria	Pantoea
NZ_CP022427_838955..860443	NA	21489	15	1	T4SS_MOBP1	none	0	0		Proteobacteria	Pantoea
NZ_CP022433_2451147..2461083	NA	9937	12	0	NA	none	0	0		Actinobacteriota	Streptomyces
NZ_CP022433_2632255..2644134	NA	11880	13	0	NA	none	0	0		Actinobacteriota	Streptomyces
NZ_CP022433_3776734..3783230	NA	6497	12	0	NA	none	0	0		Actinobacteriota	Streptomyces
NZ_CP022433_4048332..4069764	NA	21433	19	1	T4SS_MOBP1	none	0	0		Actinobacteriota	Streptomyces
NZ_CP022433_4212792..4241837	NA	29046	30	0	NA	none	0	0		Actinobacteriota	Streptomyces
NZ_CP022433_4539518..4543738	NA	4221	6	0	NA	none	0	0		Actinobacteriota	Streptomyces
NZ_CP022434_128077..132889	NA	4813	4	0	NA	none	0	0		Actinobacteriota	Nocardiopsis
NZ_CP022434_146692..159791	NA	13100	15	0	NA	none	0	0		Actinobacteriota	Nocardiopsis
NZ_CP022434_1505931..1523790	IME	17860	18	0	NA	none	0	0		Actinobacteriota	Nocardiopsis
NZ_CP022434_6165696..6174935	NA	9240	11	0	NA	none	0	0		Actinobacteriota	Nocardiopsis
NZ_CP022435_211848..228352	NA	16505	18	1	profile_MOBT	none	0	0		Firmicutes	Streptococcus
NZ_CP022438_5326491..5345914	NA	19424	22	0	NA	none	0	0		Actinobacteriota	Streptomyces
NZ_CP022450_1938030..1973791	IME	35762	39	1	T4SS_MOBQ	none	0	0		Proteobacteria	Salmonella
NZ_CP022464_3101714..3211274	NA	109561	135	0	NA	none	0	0		Firmicutes_A	Enterocloster
NZ_CP022464_5647384..5982811	NA	335428	301	1	T4SS_MOBP1,T4SS_MOBV,profile_MOBM,profile_MOBT	MPF_FA	1	7		Firmicutes_A	Enterocloster
NZ_CP022468_527373..541988	IME	14616	12	1	T4SS_MOBP1	none	0	0		Proteobacteria	Vibrio
NZ_CP022475_1450460..1463921	NA	13462	11	1	T4SS_MOBH	none	0	0		Firmicutes	Latilactobacillus
NZ_CP022475_764056..799390	NA	35335	36	1	profile_MOBF	none	0	0		Firmicutes	Latilactobacillus
NZ_CP022478_19446..219504	ICE	200059	190	1	T4SS_MOBP1	MPF_T	1	1	Eex_IncN	Proteobacteria	Pseudomonas
NZ_CP022478_3525861..3562298	NA	36438	38	1	T4SS_MOBH	MPF_F	1	0		Proteobacteria	Pseudomonas
NZ_CP022479_1096701..1136313	IME	39613	39	1	T4SS_MOBP1,T4SS_MOBQ	none	0	0		Firmicutes_A	Faecalibacterium
NZ_CP022479_1255122..1272970	NA	17849	21	1	T4SS_MOBV	none	0	0		Firmicutes_A	Faecalibacterium
NZ_CP022479_1314707..1664538	ICE	349832	331	1	T4SS_MOBP1,T4SS_MOBQ,profile_MOBT	MPF_FA	1	9		Firmicutes_A	Faecalibacterium
NZ_CP022479_2788432..2855533	IME	67102	56	1	T4SS_MOBP1	none	0	1		Firmicutes_A	Faecalibacterium
NZ_CP022479_422459..494632	IME	72174	77	1	T4SS_MOBP1,T4SS_MOBQ	MPF_FA	1	6		Firmicutes_A	Faecalibacterium
NZ_CP022479_564668..612287	NA	47620	53	1	T4SS_MOBV	none	0	0		Firmicutes_A	Faecalibacterium
NZ_CP022481_1682172..1750824	ICE	68653	64	1	T4SS_MOBP1,profile_MOBT	none	0	1	Eex_IncN	Proteobacteria	Ralstonia
NZ_CP022481_708987..714028	NA	5042	3	1	T4SS_MOBP1	none	0	0		Proteobacteria	Ralstonia
NZ_CP022488_1855190..1910832	NA	55643	57	1	profile_MOBT	MPF_FA	1	7		Firmicutes	Enterococcus
NZ_CP022503_720298..759445	IME	39148	43	1	T4SS_MOBQ,profile_MOBT	none	0	0		Proteobacteria	Salmonella
NZ_CP022504_1690466..1760222	ICE	69757	71	1	T4SS_MOBH	MPF_F	1	0		Proteobacteria	Salmonella
NZ_CP022515_1527033..1566029	IME	38997	25	1	T4SS_MOBP1	none	0	0		Bacteroidota	Arenibacter
NZ_CP022515_2177588..2192033	NA	14446	13	1	T4SS_MOBP1	none	0	0		Bacteroidota	Arenibacter
NZ_CP022515_2256221..2325740	NA	69520	68	1	T4SS_MOBP1	none	0	0		Bacteroidota	Arenibacter
NZ_CP022515_2625805..2655056	NA	29252	28	1	T4SS_MOBP1	none	0	0		Bacteroidota	Arenibacter
NZ_CP022515_3461522..3470330	IME	8809	10	1	T4SS_MOBP1	none	0	0		Bacteroidota	Arenibacter
NZ_CP022515_3529164..3548486	NA	19323	18	1	T4SS_MOBP1	none	0	0		Bacteroidota	Arenibacter
NZ_CP022515_495967..510429	NA	14463	16	1	T4SS_MOBP1	none	0	0		Bacteroidota	Arenibacter
NZ_CP022515_640333..678118	ICE	37786	36	1	T4SS_MOBB	none	0	0		Bacteroidota	Arenibacter
NZ_CP022521_1417269..1427672	NA	10404	12	0	NA	none	0	0		Actinobacteriota	Actinoalloteichus
NZ_CP022521_310945..319887	NA	8943	9	0	NA	none	0	0		Actinobacteriota	Actinoalloteichus
NZ_CP022521_4053106..4067892	NA	14787	26	0	NA	none	0	0		Actinobacteriota	Actinoalloteichus
NZ_CP022521_4657059..4667212	NA	10154	17	0	NA	none	0	0		Actinobacteriota	Actinoalloteichus
NZ_CP022525_6303654..6412549	NA	108896	108	1	T4SS_MOBH	MPF_F	1	0		Proteobacteria	Pseudomonas
NZ_CP022526_2424411..2506587	ICE	82177	108	1	T4SS_MOBH	MPF_F	1	0		Proteobacteria	Pseudomonas
NZ_CP022526_5440378..5485083	IME	44706	36	1	T4SS_MOBH	none	0	0		Proteobacteria	Pseudomonas
NZ_CP022530_3811697..3823124	NA	11428	19	0	NA	none	0	0		Proteobacteria	Bacterioplanes
NZ_CP022537_1948552..2135326	ICE	186775	197	1	profile_MOBT	none	0	2		Firmicutes	Streptococcus
NZ_CP022544_1737046..1785477	NA	48432	47	1	T4SS_MOBP1	none	0	1		Actinobacteriota	Bifidobacterium
NZ_CP022545_5656722..5671616	NA	14895	16	0	NA	none	0	0		Actinobacteriota	Streptomyces
NZ_CP022545_5688778..5703737	NA	14960	22	0	NA	none	0	0		Actinobacteriota	Streptomyces
NZ_CP022545_5760677..5789951	NA	29275	30	0	NA	none	0	0		Actinobacteriota	Streptomyces
NZ_CP022545_6029924..6044722	NA	14799	19	0	NA	none	0	0		Actinobacteriota	Streptomyces
NZ_CP022545_6144461..6156789	NA	12329	15	0	NA	none	0	0		Actinobacteriota	Streptomyces
NZ_CP022545_6449117..6464018	NA	14902	18	0	NA	none	0	0		Actinobacteriota	Streptomyces
NZ_CP022548_1322953..1444572	NA	121620	115	1	profile_MOBF,profile_MOBT	MPF_F	1	0		Proteobacteria	Parasphingorhabdus
NZ_CP022548_1887495..1949286	NA	61792	63	1	T4SS_MOBP1	none	0	0		Proteobacteria	Parasphingorhabdus
NZ_CP022548_50499..239663	ICE	189165	159	1	profile_MOBF	MPF_F	1	0		Proteobacteria	Parasphingorhabdus
NZ_CP022560_3117173..3260132	ICE	142960	162	1	T4SS_MOBH,profile_MOBT	MPF_F	1	0		Proteobacteria	Pseudomonas_E
NZ_CP022560_5032135..5449850	NA	417716	400	1	T4SS_MOBH,profile_MOBT	MPF_F	1	0		Proteobacteria	Pseudomonas_E
NZ_CP022571_1780229..1801173	NA	20945	23	1	T4SS_MOBP1	MPF_T	1	0		Bacteroidota	Chlorobium_A
NZ_CP022573_4514569..4542054	IME	27486	29	1	T4SS_MOBQ	none	0	0		Proteobacteria	Klebsiella
NZ_CP022580_3884141..3887438	NA	3298	3	0	NA	none	0	0		Actinobacteriota	Gordonia
NZ_CP022582_402267..450734	ICE	48468	55	1	profile_MOBT	MPF_FA	1	8		Firmicutes	Staphylococcus
NZ_CP022586_903036..956311	NA	53276	51	1	T4SS_MOBV	none	0	2		Firmicutes	Mycoplasmopsis
NZ_CP022588_990725..1003944	NA	13220	10	1	T4SS_MOBV	none	0	0		Firmicutes	Mycoplasmopsis
NZ_CP022593_911715..963901	NA	52187	50	1	T4SS_MOBV	none	0	1		Firmicutes	Mycoplasmopsis
NZ_CP022600_1306506..1365097	IME	58592	46	1	profile_MOBF	none	0	0		Proteobacteria	Erythrobacter
NZ_CP022600_1761733..1767836	NA	6104	4	1	T4SS_MOBQ,T4SS_MOBV,profile_MOBM	none	0	0		Proteobacteria	Erythrobacter
NZ_CP022600_1827133..1951613	NA	124481	112	1	T4SS_MOBP3,profile_MOBF	none	0	0		Proteobacteria	Erythrobacter
NZ_CP022601_2076913..2086944	NA	10032	10	1	profile_MOBT	none	0	0		Firmicutes	Streptococcus
NZ_CP022601_760006..890531	ICE	130526	156	1	T4SS_MOBP1,profile_MOBT	MPF_FA	1	9		Firmicutes	Streptococcus
NZ_CP022604_2187586..2234845	ICE	47260	52	1	T4SS_MOBP1	MPF_T	1	0		Proteobacteria	Ochrobactrum_A
NZ_CP022606_277115..316174	NA	39060	37	1	T4SS_MOBH	none	0	0		Firmicutes	Weissella
NZ_CP022615_987592..1047218	ICE	59627	49	1	T4SS_MOBP1	MPF_FA	1	9		Firmicutes	Gemella
NZ_CP022653_539153..568001	NA	28849	30	1	profile_MOBT	MPF_FA	1	6	DUF4467	Firmicutes	Bacillus
NZ_CP022654_3770506..3840874	NA	70369	105	1	profile_MOBM	none	0	1		Firmicutes	Bacillus
NZ_CP022655_3721259..3775423	NA	54165	85	1	T4SS_MOBH,profile_MOBT	none	0	0		Firmicutes	Paenibacillus_O
NZ_CP022658_3227293..3334532	NA	107240	109	1	T4SS_MOBH	MPF_F	1	0		Proteobacteria	Salmonella
NZ_CP022664_1211564..1291992	NA	80429	99	1	T4SS_MOBP1	none	0	0		Proteobacteria	Escherichia
NZ_CP022680_1086193..1219097	ICE	132905	115	1	T4SS_MOBC,T4SS_MOBP1	MPF_FA	1	9		Firmicutes	Streptococcus
NZ_CP022680_513562..517954	NA	4393	6	1	profile_MOBT	none	0	0		Firmicutes	Streptococcus
NZ_CP022685_3045697..3055450	NA	9754	14	0	NA	none	0	0		Actinobacteriota	Streptomyces
NZ_CP022685_4408360..4423701	NA	15342	18	0	NA	none	0	0		Actinobacteriota	Streptomyces
NZ_CP022685_5147172..5161793	NA	14622	20	0	NA	none	0	1		Actinobacteriota	Streptomyces
NZ_CP022691_1833773..1861258	IME	27486	29	1	T4SS_MOBQ	none	0	0		Proteobacteria	Klebsiella
NZ_CP022699_3425800..3443213	NA	17414	15	0	NA	MPF_T	1	0		Proteobacteria	Acetobacter
NZ_CP022736_1647180..1662310	NA	15131	19	1	T4SS_MOBP1,T4SS_MOBV	none	0	0		Proteobacteria	Herbaspirillum
NZ_CP022736_4318086..4331051	IME	12966	16	0	NA	none	0	0		Proteobacteria	Herbaspirillum
NZ_CP022745_1009104..1131632	ICE	122529	111	1	T4SS_MOBP1	MPF_T	1	0		Proteobacteria	Sphingobium
NZ_CP022746_242475..266180	NA	23706	24	1	profile_MOBF	none	0	0		Proteobacteria	Sphingobium
NZ_CP022754_3215065..3260894	IME	45830	47	1	T4SS_MOBP1	none	0	1		Bacteroidota	Parabacteroides
NZ_CP022754_3443683..3661569	ICE	217887	213	1	T4SS_MOBP1,T4SS_MOBV	none	0	0		Bacteroidota	Parabacteroides
NZ_CP022754_512165..543925	IME	31761	21	1	T4SS_MOBP1	none	0	0		Bacteroidota	Parabacteroides
NZ_CP022754_5295158..5305709	NA	10552	14	1	T4SS_MOBB,T4SS_MOBP1	none	0	0		Bacteroidota	Parabacteroides
NZ_CP022754_976286..1006882	NA	30597	23	1	T4SS_MOBP1,T4SS_MOBV	none	0	0		Bacteroidota	Parabacteroides
NZ_CP022765_592099..598154	NA	6056	7	1	T4SS_MOBQ	none	0	0		Proteobacteria	Ralstonia
NZ_CP022772_3078536..3090974	IME	12439	14	1	T4SS_MOBP1,profile_MOBT	none	0	0		Proteobacteria	Ralstonia
NZ_CP022882_3249582..3302189	NA	52608	61	1	T4SS_MOBH,profile_MOBT	MPF_F	1	0		Proteobacteria	Klebsiella
NZ_CP022902_2765846..2828121	ICE	62276	51	1	profile_MOBT	MPF_FA	1	8		Firmicutes	Staphylococcus
NZ_CP022902_34974..73386	IME	38413	43	1	T4SS_MOBP1,T4SS_MOBV	none	0	0		Firmicutes	Staphylococcus
NZ_CP022912_4320670..4343553	IME	22884	29	1	T4SS_MOBQ	none	0	0		Proteobacteria	Escherichia
NZ_CP022922_1074781..1099304	IME	24524	23	1	T4SS_MOBP1	none	0	0		Proteobacteria	Klebsiella
NZ_CP022924_1074754..1099276	IME	24523	23	1	T4SS_MOBP1	none	0	0		Proteobacteria	Klebsiella
NZ_CP022930_1619122..1696051	NA	76930	78	1	T4SS_MOBP1	none	0	1		Firmicutes	Enterococcus_B
NZ_CP022957_1057789..1167140	NA	109352	87	1	T4SS_MOBB	none	0	0		Bacteroidota	Maribacter
NZ_CP022957_1248299..1286162	IME	37864	25	1	T4SS_MOBP1	none	0	0		Bacteroidota	Maribacter
NZ_CP022957_1517695..1581146	NA	63452	61	1	T4SS_MOBP1	none	0	0		Bacteroidota	Maribacter
NZ_CP022957_2814660..2817254	NA	2595	3	1	T4SS_MOBP1	none	0	0		Bacteroidota	Maribacter
NZ_CP022957_2915264..2936300	NA	21037	16	1	T4SS_MOBB,T4SS_MOBQ	none	0	0		Bacteroidota	Maribacter
NZ_CP022957_4443653..4554081	NA	110429	98	1	T4SS_MOBP1,profile_MOBT	none	0	1		Bacteroidota	Maribacter
NZ_CP022958_2211642..2372796	ICE	161155	148	1	T4SS_MOBH,profile_MOBT	MPF_F	1	0		Proteobacteria	Azoarcus
NZ_CP022958_4985618..5155344	ICE	169727	168	1	T4SS_MOBH,T4SS_MOBP1,profile_MOBT	MPF_T;MPF_F	2	0	Eex_IncN	Proteobacteria	Azoarcus
NZ_CP022962_4642694..4658330	NA	15637	16	1	T4SS_MOBP1,T4SS_MOBV	none	0	0	Eex_IncN	Proteobacteria	Bordetella
NZ_CP022986_1501315..1615151	NA	113837	108	1	T4SS_MOBP1	none	0	0		Bacteroidota	Chryseobacterium
NZ_CP022987_2376085..2446366	ICE	70282	72	1	profile_MOBF	MPF_T	1	0		Proteobacteria	Pusillimonas_D
NZ_CP022989_1115761..1127618	NA	11858	13	1	profile_MOBF	none	0	0		Proteobacteria	Paraburkholderia
NZ_CP022997_113453..172969	ICE	59517	41	1	T4SS_MOBC	MPF_T	1	0		Proteobacteria	Klebsiella
NZ_CP022997_4471158..4526100	NA	54943	63	1	T4SS_MOBH,profile_MOBT	MPF_F	1	0		Proteobacteria	Klebsiella
NZ_CP023009_1509722..1521815	IME	12094	15	1	T4SS_MOBP1	none	0	0		Proteobacteria	Lonsdalea
NZ_CP023010_3129586..3372214	ICE	242629	238	1	T4SS_MOBP1,profile_MOBM	none	0	0		Bacteroidota	Elizabethkingia
NZ_CP023019_3991538..4045916	IME	54379	66	1	profile_MOBF,profile_MOBM	none	0	0		Proteobacteria	Shewanella
NZ_CP023020_3584792..3624163	NA	39372	59	0	NA	none	0	1		Proteobacteria	Acinetobacter
NZ_CP023043_1703684..1779883	NA	76200	90	1	T4SS_MOBH	none	0	0		Proteobacteria	Mannheimia
NZ_CP023046_1696809..1826098	ICE	129290	176	1	T4SS_MOBH,profile_MOBT	none	0	0		Proteobacteria	Mannheimia
NZ_CP023047_1755127..1994293	ICE	239167	252	1	T4SS_MOBH	none	0	1		Proteobacteria	Mannheimia
NZ_CP023049_4498586..4501728	NA	3143	2	1	T4SS_MOBP1	none	0	0		Bacteroidota	Chryseobacterium
NZ_CP023057_952257..999389	ICE	47133	54	1	T4SS_MOBH	MPF_F	1	0		Proteobacteria	Glaesserella
NZ_CP023067_2954065..2970011	NA	15947	15	0	NA	none	0	0		Proteobacteria	Sinorhizobium
NZ_CP023074_1182475..1233914	ICE	51440	54	1	profile_MOBT	MPF_FA	1	8		Firmicutes	Enterococcus_B
NZ_CP023074_2392606..2405817	NA	13212	9	1	T4SS_MOBH	none	0	0		Firmicutes	Enterococcus_B
NZ_CP023146_2429870..2434662	NA	4793	4	0	NA	none	0	0		Actinobacteriota	Mycobacterium
NZ_CP023155_1300324..1319676	IME	19353	22	1	T4SS_MOBQ	none	0	0		Proteobacteria	Xanthomonas
NZ_CP023155_2542068..2658598	ICE	116531	128	1	T4SS_MOBH,profile_MOBT	MPF_F	1	0		Proteobacteria	Xanthomonas
NZ_CP023155_2691231..2700004	NA	8774	15	1	profile_MOBT	none	0	0		Proteobacteria	Xanthomonas
NZ_CP023166_762636..857846	NA	95211	111	1	T4SS_MOBH	MPF_F	1	0		Proteobacteria	Salmonella
NZ_CP023168_2343650..2406630	IME	62981	84	1	T4SS_MOBC,profile_MOBT	none	0	0		Firmicutes	Bacillus
NZ_CP023184_2444033..2477266	NA	33234	32	1	T4SS_MOBC	MPF_T	1	0	Eex_IncN	Proteobacteria	Yersinia
NZ_CP023255_2762227..2856704	ICE	94478	124	1	T4SS_MOBH	MPF_F	1	0		Proteobacteria	Pseudomonas
NZ_CP023255_302032..400324	ICE	98293	104	1	T4SS_MOBH	MPF_F	1	0		Proteobacteria	Pseudomonas
NZ_CP023255_489609..587047	ICE	97439	86	1	T4SS_MOBP1	MPF_T	1	0	Eex_IncN	Proteobacteria	Pseudomonas
NZ_CP023256_2191744..2348121	NA	156378	160	1	T4SS_MOBC,T4SS_MOBH	MPF_F	1	0		Proteobacteria	Alcaligenes
NZ_CP023256_2428924..2464604	NA	35681	37	1	profile_MOBF	MPF_T	1	0		Proteobacteria	Alcaligenes
NZ_CP023257_573746..580057	NA	6312	7	1	profile_MOBT	none	0	1		Firmicutes	Bacillus
NZ_CP023271_1374178..1449874	IME	75697	77	1	T4SS_MOBQ	none	0	0		Proteobacteria	Stenotrophomonas
NZ_CP023275_36031..62654	IME	26624	28	1	profile_MOBF	none	0	0		Campylobacterota	Sulfurospirillum
NZ_CP023314_418145..498373	NA	80229	76	1	profile_MOBF,profile_MOBT	none	0	0		Proteobacteria	Caulobacter
NZ_CP023316_2857570..2985232	ICE	127663	128	1	T4SS_MOBH	MPF_F	1	0		Proteobacteria	Pseudomonas
NZ_CP023316_4890192..4935461	ICE	45270	56	1	T4SS_MOBH	MPF_F	1	0		Proteobacteria	Pseudomonas
NZ_CP023316_5557899..5656637	ICE	98739	114	1	T4SS_MOBH	MPF_F	1	0		Proteobacteria	Pseudomonas
NZ_CP023344_3250641..3271558	IME	20918	15	1	profile_MOBF	none	0	0		Verrucomicrobiota	Nibricoccus
NZ_CP023344_832356..837317	NA	4962	4	1	profile_MOBF	none	0	0		Verrucomicrobiota	Nibricoccus
NZ_CP023345_166417..168907	NA	2491	2	1	T4SS_MOBH	none	0	0		Proteobacteria	Salmonella
NZ_CP023345_3166576..3227830	NA	61255	62	1	T4SS_MOBQ	none	0	0		Proteobacteria	Salmonella
NZ_CP023397_831136..835386	NA	4251	6	0	NA	none	0	0		Proteobacteria	Pseudoalteromonas
NZ_CP023398_2173960..2180612	IME	6653	7	1	T4SS_MOBV,profile_MOBT	none	0	0		Proteobacteria	Pseudoalteromonas
NZ_CP023402_3574146..3675774	ICE	101629	110	1	T4SS_MOBP1,profile_MOBT	none	0	1		Bacteroidota	Elizabethkingia
NZ_CP023407_1117224..1127911	NA	10688	17	0	NA	none	0	0		Actinobacteriota	Streptomyces
NZ_CP023407_3290939..3315297	AICE	24359	23	0	NA	none	0	0		Actinobacteriota	Streptomyces
NZ_CP023407_3715914..3728268	NA	12355	15	0	NA	none	0	0		Actinobacteriota	Streptomyces
NZ_CP023407_4548001..4555456	NA	7456	7	0	NA	none	0	0		Actinobacteriota	Streptomyces
NZ_CP023407_5276288..5315558	AICE	39271	34	0	NA	none	0	0		Actinobacteriota	Streptomyces
NZ_CP023410_1970996..2015871	NA	44876	42	1	T4SS_MOBC,T4SS_MOBP1,T4SS_MOBP2	none	0	0		Firmicutes_A	Clostridium_P
NZ_CP023410_2513217..2554860	NA	41644	50	1	profile_MOBT	MPF_FA	1	8		Firmicutes_A	Clostridium_P
NZ_CP023415_1228289..1269566	NA	41278	29	1	T4SS_MOBQ	none	0	0		Desulfobacterota_I	Desulfovibrio
NZ_CP023415_1833022..1847164	NA	14143	14	1	T4SS_MOBP1	none	0	0		Desulfobacterota_I	Desulfovibrio
NZ_CP023415_1866042..1888102	NA	22061	19	0	NA	none	0	0		Desulfobacterota_I	Desulfovibrio
NZ_CP023423_1426617..1472924	IME	46308	52	1	profile_MOBT	none	0	1		Firmicutes	Enterococcus_B
NZ_CP023423_1623684..1667176	NA	43493	36	0	NA	none	0	0		Firmicutes	Enterococcus_B
NZ_CP023423_2604878..2666981	ICE	62104	57	1	profile_MOBT	MPF_FA	1	7		Firmicutes	Enterococcus_B
NZ_CP023429_1010995..1074738	NA	63744	81	1	T4SS_MOBH	MPF_F	1	0		Proteobacteria	Neisseria
NZ_CP023434_1158038..1226573	ICE	68536	72	1	T4SS_MOBP1,T4SS_MOBP2,profile_MOBT	none	0	1		Firmicutes	Suicoccus
NZ_CP023434_1787554..1813877	NA	26324	21	1	T4SS_MOBH	none	0	0		Firmicutes	Suicoccus
NZ_CP023434_1956898..2142607	ICE	185710	201	1	T4SS_MOBP1,profile_MOBT	none	0	7		Firmicutes	Suicoccus
NZ_CP023435_4077834..4083895	NA	6062	5	1	profile_MOBF	none	0	0		Actinobacteriota	Mycobacterium
NZ_CP023439_193938..217340	ICE	23403	21	1	T4SS_MOBH	MPF_F	1	0		Proteobacteria	Thauera
NZ_CP023439_2363788..2533886	ICE	170099	148	1	T4SS_MOBH,profile_MOBT	MPF_F	1	0		Proteobacteria	Thauera
NZ_CP023445_2250399..2291896	NA	41498	61	1	profile_MOBT	none	0	0		Actinobacteriota	Actinosynnema
NZ_CP023445_279220..303102	NA	23883	34	0	NA	none	0	0		Actinobacteriota	Actinosynnema
NZ_CP023445_629100..638277	NA	9178	9	0	NA	none	0	0		Actinobacteriota	Actinosynnema
NZ_CP023445_7637052..7657195	NA	20144	25	0	NA	none	0	0		Actinobacteriota	Actinosynnema
NZ_CP023445_7813811..7819032	NA	5222	6	0	NA	none	0	0		Actinobacteriota	Actinosynnema
NZ_CP023449_2654611..2809528	ICE	154918	145	1	T4SS_MOBP1,profile_MOBT	MPF_T	1	0		Proteobacteria	Rhizorhabdus
NZ_CP023449_3437530..3490694	NA	53165	45	1	T4SS_MOBQ	none	0	0		Proteobacteria	Rhizorhabdus
NZ_CP023449_3837510..3840235	NA	2726	4	1	T4SS_MOBQ	none	0	0		Proteobacteria	Rhizorhabdus
NZ_CP023449_4063283..4223682	ICE	160400	147	1	T4SS_MOBP1	MPF_T	1	0		Proteobacteria	Rhizorhabdus
NZ_CP023449_4708089..4807591	ICE	99503	103	1	T4SS_MOBP1,profile_MOBT	MPF_T	1	0		Proteobacteria	Rhizorhabdus
NZ_CP023466_3819998..4036675	ICE	216678	203	1	T4SS_MOBH,profile_MOBT	MPF_F	1	0		Proteobacteria	Pseudomonas_E
NZ_CP023467_3250442..3268114	IME	17673	21	1	T4SS_MOBP1	none	0	0		Proteobacteria	Dickeya
NZ_CP023467_876895..917012	ICE	40118	37	1	T4SS_MOBP1	MPF_T	1	0		Proteobacteria	Dickeya
NZ_CP023474_1066509..1073441	NA	6933	9	0	NA	none	0	0		Firmicutes	Brevibacillus
NZ_CP023482_2180718..2236908	NA	56191	50	1	profile_MOBF,profile_MOBT	none	0	0		Actinobacteriota	Dermabacter
NZ_CP023484_1006319..1022602	IME	16284	13	1	T4SS_MOBC	none	0	0		Proteobacteria	Dickeya
NZ_CP023484_1898303..1973605	ICE	75303	75	1	T4SS_MOBC	MPF_T	1	0	Eex_IncN	Proteobacteria	Dickeya
NZ_CP023484_3305463..3341523	ICE	36061	37	1	T4SS_MOBC	MPF_T	1	0	Eex_IncN	Proteobacteria	Dickeya
NZ_CP023484_586905..596781	NA	9877	12	1	T4SS_MOBC	none	0	0		Proteobacteria	Dickeya
NZ_CP023485_1613531..2061757	ICE	448227	421	1	T4SS_MOBP1,profile_MOBM	none	0	0		Proteobacteria	Vibrio
NZ_CP023487_4015805..4047633	IME	31829	38	1	T4SS_MOBQ	none	0	0		Proteobacteria	Klebsiella
NZ_CP023504_2741331..2766462	NA	25132	32	1	T4SS_MOBQ	none	0	0		Proteobacteria	Citrobacter
NZ_CP023507_663640..733286	NA	69647	78	1	T4SS_MOBP1,profile_MOBT	none	0	3		Firmicutes	Streptococcus
NZ_CP023518_1634776..1662243	NA	27468	26	1	T4SS_MOBC,T4SS_MOBP1,T4SS_MOBQ	none	0	0		Proteobacteria	Burkholderia
NZ_CP023522_3572787..3583856	NA	11070	16	1	T4SS_MOBP1,profile_MOBT	none	0	0		Proteobacteria	Burkholderia
NZ_CP023525_1694710..1720383	NA	25674	28	1	T4SS_MOBQ	none	0	0		Proteobacteria	Cedecea
NZ_CP023525_3190245..3197276	NA	7032	6	1	T4SS_MOBQ	none	0	0		Proteobacteria	Cedecea
NZ_CP023525_4483973..4637844	ICE	153872	142	1	T4SS_MOBH	MPF_F	1	0		Proteobacteria	Cedecea
NZ_CP023538_448207..474519	NA	26313	33	1	profile_MOBT	none	0	0		Proteobacteria	Ralstonia
NZ_CP023540_1532184..1640659	ICE	108476	99	1	T4SS_MOBP1	MPF_T	1	1		Bacteroidota	Kaistella
NZ_CP023540_1784316..1806702	IME	22387	21	1	T4SS_MOBP1	none	0	0		Bacteroidota	Kaistella
NZ_CP023558_2238097..2259767	NA	21671	21	1	T4SS_MOBC	none	0	0		Proteobacteria	Pseudoalteromonas
NZ_CP023558_508729..528815	NA	20087	22	0	NA	none	0	0		Proteobacteria	Pseudoalteromonas
NZ_CP023559_2882830..2895797	NA	12968	14	0	NA	none	0	0		Proteobacteria	Salinicola
NZ_CP023565_1949240..1998403	NA	49164	49	0	NA	none	0	0		Firmicutes	Ligilactobacillus
NZ_CP023565_442866..491914	IME	49049	53	1	T4SS_MOBH	none	0	0		Firmicutes	Ligilactobacillus
NZ_CP023565_789664..830392	NA	40729	48	1	T4SS_MOBC	none	0	0		Firmicutes	Ligilactobacillus
NZ_CP023566_1812656..1901526	ICE	88871	91	1	T4SS_MOBH	none	0	0		Firmicutes	Ligilactobacillus
NZ_CP023567_3439194..3456498	NA	17305	17	1	T4SS_MOBH	none	0	0		Proteobacteria	Erwinia
NZ_CP023642_1222426..1333632	ICE	111207	94	1	T4SS_MOBP1,T4SS_MOBV	none	0	0		Bacteroidota	Flavobacterium
NZ_CP023642_2574271..2611939	NA	37669	29	1	T4SS_MOBB	none	0	0		Bacteroidota	Flavobacterium
NZ_CP023642_952000..959915	NA	7916	9	1	T4SS_MOBP1	none	0	0		Bacteroidota	Flavobacterium
NZ_CP023657_2018367..2054301	IME	35935	33	1	T4SS_MOBP1	none	0	0		Proteobacteria	Acetobacter
NZ_CP023673_1111895..1116304	NA	4410	3	1	T4SS_MOBQ	none	0	0		Proteobacteria	Escherichia
NZ_CP023687_3629108..3805656	NA	176549	163	1	T4SS_MOBP1	MPF_T	1	0	Eex_IncN	Proteobacteria	Acidovorax_A
NZ_CP023687_3876069..4045265	ICE	169197	158	1	T4SS_MOBH	MPF_F	1	0		Proteobacteria	Acidovorax_A
NZ_CP023687_48594..258973	NA	210380	197	1	T4SS_MOBH	MPF_F	1	1		Proteobacteria	Acidovorax_A
NZ_CP023688_4840617..4846104	NA	5488	7	0	NA	none	0	0		Actinobacteriota	Streptomyces
NZ_CP023688_744542..778542	NA	34001	37	1	T4SS_MOBP1	none	0	0		Actinobacteriota	Streptomyces
NZ_CP023689_4157808..4167923	NA	10116	10	0	NA	none	0	0		Actinobacteriota	Streptomyces
NZ_CP023689_4520208..4546169	AICE	25962	29	0	NA	none	0	0		Actinobacteriota	Streptomyces
NZ_CP023689_5645976..5709913	NA	63938	65	1	profile_MOBF	none	0	0		Actinobacteriota	Streptomyces
NZ_CP023690_3613900..3653834	NA	39935	32	0	NA	none	0	0		Actinobacteriota	Streptomyces
NZ_CP023691_2767932..2780369	NA	12438	16	0	NA	none	0	0		Actinobacteriota	Streptomyces
NZ_CP023691_3798471..3813858	NA	15388	17	0	NA	none	0	0		Actinobacteriota	Streptomyces
NZ_CP023692_3480676..3497631	NA	16956	20	0	NA	none	0	0		Actinobacteriota	Streptomyces
NZ_CP023692_3615986..3628373	NA	12388	19	0	NA	none	0	0		Actinobacteriota	Streptomyces
NZ_CP023693_4083428..4098690	NA	15263	16	0	NA	none	0	0		Actinobacteriota	Streptomyces
NZ_CP023693_5462658..5469397	NA	6740	11	0	NA	none	0	0		Actinobacteriota	Streptomyces
NZ_CP023693_7462468..7499663	NA	37196	37	1	profile_MOBF	none	0	0		Actinobacteriota	Streptomyces
NZ_CP023694_6123671..6129583	NA	5913	9	0	NA	none	0	0		Actinobacteriota	Streptomyces
NZ_CP023694_6302077..6324464	NA	22388	25	0	NA	none	0	0		Actinobacteriota	Streptomyces
NZ_CP023695_4242532..4287332	IME	44801	41	1	T4SS_MOBP1	none	0	0		Actinobacteriota	Streptomyces
NZ_CP023695_4634777..4645920	NA	11144	15	0	NA	none	0	0		Actinobacteriota	Streptomyces
NZ_CP023695_5344766..5349445	NA	4680	5	0	NA	none	0	0		Actinobacteriota	Streptomyces
NZ_CP023696_2202828..2209169	NA	6342	10	0	NA	none	0	0		Actinobacteriota	Streptomyces
NZ_CP023696_3549674..3560664	NA	10991	17	0	NA	none	0	0		Actinobacteriota	Streptomyces
NZ_CP023697_3391537..3420017	NA	28481	25	1	T4SS_MOBP1	none	0	0		Actinobacteriota	Streptomyces
NZ_CP023697_4631958..4639348	NA	7391	8	0	NA	none	0	0		Actinobacteriota	Streptomyces
NZ_CP023697_789735..809975	NA	20241	23	1	T4SS_MOBP1	none	0	0		Actinobacteriota	Streptomyces
NZ_CP023699_4699933..4753790	AICE	53858	56	1	T4SS_MOBP1	none	0	1		Actinobacteriota	Streptomyces
NZ_CP023699_5296252..5318707	NA	22456	27	1	T4SS_MOBP1	none	0	0		Actinobacteriota	Streptomyces
NZ_CP023699_6142091..6149120	NA	7030	14	0	NA	none	0	0		Actinobacteriota	Streptomyces
NZ_CP023699_7016903..7026672	NA	9770	5	0	NA	none	0	0		Actinobacteriota	Streptomyces
NZ_CP023699_7687298..7693828	NA	6531	12	0	NA	none	0	0		Actinobacteriota	Streptomyces
NZ_CP023700_3393052..3409922	NA	16871	18	0	NA	none	0	0		Actinobacteriota	Streptomyces
NZ_CP023701_3995870..4008100	NA	12231	17	0	NA	none	0	0		Actinobacteriota	Streptomyces
NZ_CP023701_4896628..4903413	NA	6786	5	0	NA	none	0	0		Actinobacteriota	Streptomyces
NZ_CP023701_4974455..4987141	NA	12687	20	0	NA	none	0	0		Actinobacteriota	Streptomyces
NZ_CP023702_1962494..1976705	NA	14212	18	0	NA	none	0	0		Actinobacteriota	Streptomyces
NZ_CP023702_4030228..4037651	NA	7424	8	1	T4SS_MOBP1	none	0	0		Actinobacteriota	Streptomyces
NZ_CP023703_2683687..2695753	NA	12067	18	1	profile_MOBT	none	0	0		Actinobacteriota	Streptomyces
NZ_CP023703_3676448..3682122	NA	5675	8	0	NA	none	0	0		Actinobacteriota	Streptomyces
NZ_CP023703_4241254..4253812	NA	12559	19	0	NA	none	0	0		Actinobacteriota	Streptomyces
NZ_CP023703_4407196..4433025	NA	25830	24	0	NA	none	0	0		Actinobacteriota	Streptomyces
NZ_CP023703_5380727..5398500	NA	17774	22	1	profile_MOBT	none	0	0		Actinobacteriota	Streptomyces
NZ_CP023703_5709077..5715763	NA	6687	11	0	NA	none	0	0		Actinobacteriota	Streptomyces
NZ_CP023703_615196..621226	NA	6031	9	0	NA	none	0	0		Actinobacteriota	Streptomyces
NZ_CP023722_1006473..1099100	NA	92628	87	1	T4SS_MOBH	MPF_F	1	0		Proteobacteria	Klebsiella
NZ_CP023722_4178582..4239298	ICE	60717	43	1	T4SS_MOBC	MPF_T	1	0		Proteobacteria	Klebsiella
NZ_CP023737_1831519..1836012	NA	4494	3	1	T4SS_MOBQ	none	0	0		Proteobacteria	Methylosinus
NZ_CP023737_2816443..2972913	ICE	156471	125	1	T4SS_MOBP1	none	0	0		Proteobacteria	Methylosinus
NZ_CP023741_2314205..2911232	ICE	597028	535	1	T4SS_MOBC,T4SS_MOBQ,profile_MOBF	MPF_F	1	0		Proteobacteria	Sphingobium
NZ_CP023741_4133900..4192534	IME	58635	68	1	T4SS_MOBQ	none	0	0		Proteobacteria	Sphingobium
NZ_CP023746_2739766..2942862	NA	203097	192	1	T4SS_MOBP1	none	0	0		Bacteroidota	Elizabethkingia
NZ_CP023769_1066323..1108360	IME	42038	38	1	T4SS_MOBQ	none	0	1		Firmicutes	Streptococcus
NZ_CP023777_1925365..2012015	IME	86651	67	1	T4SS_MOBP1	none	0	1		Bacteroidota	Chitinophaga
NZ_CP023778_3500656..3523492	NA	22837	17	1	profile_MOBF	none	0	0		Actinobacteriota	Nocardia
NZ_CP023778_5799207..5811068	NA	11862	13	1	T4SS_MOBC	none	0	0		Actinobacteriota	Nocardia
NZ_CP023778_6820674..6844808	IME	24135	29	0	NA	none	0	0		Actinobacteriota	Nocardia
NZ_CP023808_1605495..1665222	NA	59728	52	0	NA	none	0	0		Firmicutes	Enterococcus_B
NZ_CP023814_368284..385344	NA	17061	12	0	NA	none	0	0		Proteobacteria	Neisseria
NZ_CP023815_2738184..2758504	IME	20321	26	1	T4SS_MOBP2,T4SS_MOBQ,profile_MOBT	none	0	0		Proteobacteria	Escherichia
NZ_CP023819_1190425..1312643	ICE	122219	123	1	T4SS_MOBP1,profile_MOBT	MPF_FA	1	8		Firmicutes_A	Faecalibacterium
NZ_CP023819_1600881..1613973	NA	13093	11	1	T4SS_MOBP1	none	0	0		Firmicutes_A	Faecalibacterium
NZ_CP023819_2593512..2731002	ICE	137491	124	1	T4SS_MOBP1,T4SS_MOBQ	MPF_FA	1	8		Firmicutes_A	Faecalibacterium
NZ_CP023819_694914..706499	NA	11586	12	1	T4SS_MOBV	none	0	0		Firmicutes_A	Faecalibacterium
NZ_CP023819_969540..985921	NA	16382	13	1	T4SS_MOBP1,T4SS_MOBV	none	0	0		Firmicutes_A	Faecalibacterium
NZ_CP023844_2941263..2975000	NA	33738	39	1	T4SS_MOBQ	none	0	0		Proteobacteria	Escherichia
NZ_CP023864_1159200..1207725	IME	48526	45	1	T4SS_MOBP1	none	0	0		Bacteroidota	Prevotella
NZ_CP023865_519864..532580	NA	12717	15	0	NA	none	0	0		Actinobacteriota	Actinoplanes
NZ_CP023865_5860626..5914337	AICE	53712	52	0	NA	none	0	0		Actinobacteriota	Actinoplanes
NZ_CP023946_1729718..2030971	ICE	301254	315	0	NA	none	0	0		Proteobacteria	Klebsiella
NZ_CP023946_3747435..3806546	NA	59112	69	1	T4SS_MOBH,profile_MOBT	MPF_F	1	0		Proteobacteria	Klebsiella
NZ_CP023956_3718056..3794166	NA	76111	63	0	NA	none	0	0		Proteobacteria	Serratia_A
NZ_CP023963_3366287..3503920	ICE	137634	91	1	T4SS_MOBC	MPF_T	1	0	Eex_IncN	Proteobacteria	Klebsiella
NZ_CP023968_3374878..3477812	ICE	102935	96	1	T4SS_MOBP1	none	0	1		Bacteroidota	Chryseobacterium
NZ_CP023969_3069130..3074749	NA	5620	5	1	T4SS_MOBV	none	0	0		Proteobacteria	Pseudomonas_E
NZ_CP023969_3498673..3537925	IME	39253	32	1	T4SS_MOBP1,T4SS_MOBQ	none	0	0		Proteobacteria	Pseudomonas_E
NZ_CP023969_848907..896159	NA	47253	51	1	T4SS_MOBH	MPF_F	1	0		Proteobacteria	Pseudomonas_E
NZ_CP023992_4749082..4762180	NA	13099	18	0	NA	none	0	0		Actinobacteriota	Streptomyces
NZ_CP024024_2851917..2961665	ICE	109749	123	1	T4SS_MOBH	MPF_F	1	0		Proteobacteria	Pseudomonas
NZ_CP024024_3615858..3715836	ICE	99979	107	1	T4SS_MOBH	MPF_F	1	0		Proteobacteria	Pseudomonas
NZ_CP024024_608504..703274	ICE	94771	98	1	T4SS_MOBH	MPF_F	1	0		Proteobacteria	Pseudomonas
NZ_CP024050_605262..728729	ICE	123468	124	1	T4SS_MOBP1,T4SS_MOBV,profile_MOBT	MPF_FA	1	13		Firmicutes	Streptococcus
NZ_CP024082_2273479..2283589	NA	10111	9	1	T4SS_MOBP1	none	0	0		Proteobacteria	Vibrio
NZ_CP024087_4687377..4759247	NA	71871	75	1	T4SS_MOBC	none	0	0		Actinobacteriota	Micromonospora
NZ_CP024087_5164438..5170015	NA	5578	4	0	NA	none	0	0		Actinobacteriota	Micromonospora
NZ_CP024087_5180301..5234547	ICE	54247	57	0	NA	none	0	0		Actinobacteriota	Micromonospora
NZ_CP024087_5503762..5545292	NA	41531	37	0	NA	none	0	0		Actinobacteriota	Micromonospora
NZ_CP024091_1704286..1747034	IME	42749	39	1	T4SS_MOBP1,profile_MOBT	none	0	0		Bacteroidota	Pedobacter
NZ_CP024096_2850905..2892494	NA	41590	64	1	T4SS_MOBC,profile_MOBM	none	0	0		Firmicutes	Bacillus_A
NZ_CP024101_2811452..2853236	NA	41785	62	1	T4SS_MOBC,profile_MOBM	none	0	0		Firmicutes	Bacillus_A
NZ_CP024165_1187409..1261574	IME	74166	57	1	T4SS_MOBP1	none	0	0		Proteobacteria	Salmonella
NZ_CP024165_751519..861995	NA	110477	121	1	T4SS_MOBH	MPF_F	1	0		Proteobacteria	Salmonella
NZ_CP024168_779745..843632	NA	63888	69	1	T4SS_MOBH	MPF_F	1	0		Proteobacteria	Salmonella
NZ_CP024170_2335612..2372109	NA	36498	36	1	profile_MOBF	none	0	1		Actinobacteriota	Microbacterium
NZ_CP024170_2509303..2564831	NA	55529	62	0	NA	none	0	0		Actinobacteriota	Microbacterium
NZ_CP024172_3001164..3017672	NA	16509	20	0	NA	none	0	0		Proteobacteria	Bordetella
NZ_CP024185_2226581..2237616	NA	11036	9	0	NA	none	0	0		Proteobacteria	Moraxella_A
NZ_CP024199_261085..412361	ICE	151277	126	1	T4SS_MOBP1	MPF_T	1	0		Proteobacteria	Thalassospira
NZ_CP024199_2796185..2816699	IME	20515	14	1	T4SS_MOBP1	none	0	0		Proteobacteria	Thalassospira
NZ_CP024202_2291803..2442895	ICE	151093	114	1	T4SS_MOBH	MPF_F	1	0		Proteobacteria	Methylotuvimicrobium
NZ_CP024240_377740..740419	ICE	362680	339	1	profile_MOBT	none	0	2		Proteobacteria	Escherichia
NZ_CP024243_1457263..1483077	NA	25815	20	1	T4SS_MOBH	none	0	0		Proteobacteria	Escherichia
NZ_CP024243_4102997..4127976	IME	24980	29	1	T4SS_MOBP2,T4SS_MOBQ	none	0	0		Proteobacteria	Escherichia
NZ_CP024245_1953454..1980551	IME	27098	25	1	T4SS_MOBP1	none	0	0		Proteobacteria	Escherichia
NZ_CP024260_2495081..2534489	IME	39409	50	1	T4SS_MOBP2,T4SS_MOBQ	none	0	0		Proteobacteria	Escherichia
NZ_CP024275_1486265..1743397	ICE	257133	253	1	profile_MOBT	none	0	1		Proteobacteria	Escherichia
NZ_CP024275_4592524..4613826	IME	21303	27	1	T4SS_MOBP2,T4SS_MOBQ	none	0	0		Proteobacteria	Escherichia
NZ_CP024443_2094168..2105159	NA	10992	10	0	NA	none	0	0		Proteobacteria	Moraxella_A
NZ_CP024458_28075..47860	NA	19786	23	1	T4SS_MOBP1	none	0	0		Proteobacteria	Klebsiella
NZ_CP024458_2858419..2916617	ICE	58199	42	1	T4SS_MOBC	MPF_T	1	0	Eex_IncN	Proteobacteria	Klebsiella
NZ_CP024477_3997162..4139449	NA	142288	132	1	T4SS_MOBP1,profile_MOBT	MPF_T	1	0	Eex_IncN	Proteobacteria	Pseudomonas
NZ_CP024477_421200..643257	ICE	222058	211	0	NA	none	0	0	Eex_IncN	Proteobacteria	Pseudomonas
NZ_CP024477_4523187..4619320	ICE	96134	96	1	T4SS_MOBH	MPF_F	1	0		Proteobacteria	Pseudomonas
NZ_CP024477_5256358..5348471	ICE	92114	113	1	T4SS_MOBH	MPF_F	1	0		Proteobacteria	Pseudomonas
NZ_CP024489_2442565..2676589	ICE	234025	234	0	NA	none	0	1		Proteobacteria	Klebsiella
NZ_CP024489_724822..832258	NA	107437	120	1	T4SS_MOBH	MPF_F	1	0		Proteobacteria	Klebsiella
NZ_CP024545_1787299..1845496	ICE	58198	42	1	T4SS_MOBC	MPF_T	1	0	Eex_IncN	Proteobacteria	Klebsiella
NZ_CP024548_3320053..3350079	NA	30027	30	1	T4SS_MOBQ,profile_MOBT	none	0	0		Proteobacteria	Klebsiella
NZ_CP024548_4723330..4730707	IME	7378	7	1	T4SS_MOBQ	none	0	0		Proteobacteria	Klebsiella
NZ_CP024570_2862451..2960221	ICE	97771	80	1	T4SS_MOBC	MPF_T	1	0	Eex_IncN	Proteobacteria	Klebsiella
NZ_CP024590_1318564..1375081	ICE	56518	59	1	T4SS_MOBP1	MPF_FA	1	6		Firmicutes	Enterococcus_A
NZ_CP024590_2548081..2612967	NA	64887	64	1	profile_MOBT	MPF_FA	1	6		Firmicutes	Enterococcus_A
NZ_CP024590_2714499..2793886	ICE	79388	77	1	profile_MOBT	MPF_FA	1	8		Firmicutes	Enterococcus_A
NZ_CP024592_1025713..1069194	IME	43482	39	1	T4SS_MOBP1,T4SS_MOBV,profile_MOBT	none	0	0		Bacteroidota	Porphyromonas
NZ_CP024592_1531716..1673759	ICE	142044	131	1	T4SS_MOBP1	none	0	0		Bacteroidota	Porphyromonas
NZ_CP024593_126639..162809	IME	36171	34	1	T4SS_MOBP1,T4SS_MOBV,profile_MOBT	none	0	0		Bacteroidota	Porphyromonas
NZ_CP024593_2330238..2403917	NA	73680	70	1	T4SS_MOBP1	none	0	0		Bacteroidota	Porphyromonas
NZ_CP024594_802864..805430	NA	2567	2	1	T4SS_MOBP1	none	0	0		Bacteroidota	Porphyromonas
NZ_CP024594_839172..1005255	ICE	166084	149	1	T4SS_MOBP1	none	0	0		Bacteroidota	Porphyromonas
NZ_CP024595_1297442..1356163	NA	58722	59	1	T4SS_MOBP1	none	0	0		Bacteroidota	Porphyromonas
NZ_CP024595_785680..823458	IME	37779	41	1	T4SS_MOBP1,T4SS_MOBV	none	0	0		Bacteroidota	Porphyromonas
NZ_CP024596_2299847..2341380	ICE	41534	47	1	T4SS_MOBP1	none	0	0		Bacteroidota	Porphyromonas
NZ_CP024596_40943..65855	NA	24913	30	1	T4SS_MOBP1	none	0	0		Bacteroidota	Porphyromonas
NZ_CP024596_688532..704460	NA	15929	17	1	T4SS_MOBP1	none	0	0		Bacteroidota	Porphyromonas
NZ_CP024597_1998241..2073622	NA	75382	65	1	T4SS_MOBP1,T4SS_MOBV	none	0	0		Bacteroidota	Porphyromonas
NZ_CP024597_2158379..2266750	NA	108372	102	1	T4SS_MOBP1	none	0	0		Bacteroidota	Porphyromonas
NZ_CP024598_2217876..2269639	NA	51764	48	1	T4SS_MOBP1,T4SS_MOBV	none	0	0		Bacteroidota	Porphyromonas
NZ_CP024598_539591..724417	NA	184827	162	1	T4SS_MOBP1	none	0	0		Bacteroidota	Porphyromonas
NZ_CP024599_2232272..2247583	IME	15312	11	1	T4SS_MOBP1,T4SS_MOBV	none	0	0		Bacteroidota	Porphyromonas
NZ_CP024600_1271347..1316833	IME	45487	35	1	T4SS_MOBP1,T4SS_MOBV,profile_MOBT	none	0	0		Bacteroidota	Porphyromonas
NZ_CP024600_1406952..1443635	NA	36684	36	1	T4SS_MOBP1	none	0	0		Bacteroidota	Porphyromonas
NZ_CP024600_2008731..2038416	IME	29686	23	1	T4SS_MOBP1	none	0	0		Bacteroidota	Porphyromonas
NZ_CP024600_405790..548182	NA	142393	127	1	T4SS_MOBP1	none	0	0		Bacteroidota	Porphyromonas
NZ_CP024601_1002413..1029288	NA	26876	27	1	T4SS_MOBV	none	0	0		Bacteroidota	Porphyromonas
NZ_CP024601_38425..86120	NA	47696	42	1	T4SS_MOBP1,T4SS_MOBV	none	0	0		Bacteroidota	Porphyromonas
NZ_CP024601_474019..510822	IME	36804	37	1	T4SS_MOBP1,T4SS_MOBV,profile_MOBT	none	0	0		Bacteroidota	Porphyromonas
NZ_CP024601_702919..738694	IME	35776	30	1	T4SS_MOBV	none	0	1		Bacteroidota	Porphyromonas
NZ_CP024608_3456876..3513058	IME	56183	54	1	profile_MOBF	none	0	0		Proteobacteria	Massilia
NZ_CP024610_1411835..1426831	NA	14997	15	1	T4SS_MOBC	none	0	0		Firmicutes	Companilactobacillus
NZ_CP024618_3772220..3791852	IME	19633	21	1	T4SS_MOBQ	none	0	0		Proteobacteria	Escherichia
NZ_CP024621_1841535..1860803	NA	19269	26	1	T4SS_MOBV	none	0	0		Proteobacteria	Halomonas
NZ_CP024630_2752381..2853347	ICE	100967	105	1	T4SS_MOBH	MPF_F	1	0		Proteobacteria	Pseudomonas
NZ_CP024630_5489910..5616157	ICE	126248	132	1	T4SS_MOBH	MPF_F	1	0		Proteobacteria	Pseudomonas
NZ_CP024630_5841106..5932170	NA	91065	87	1	T4SS_MOBP1	MPF_T	1	0	Eex_IncN	Proteobacteria	Pseudomonas
NZ_CP024634_1899756..1974159	ICE	74404	71	1	profile_MOBF,profile_MOBT	MPF_F	1	0		Proteobacteria	Thiodubiliella
NZ_CP024672_1075992..1101523	NA	25532	31	1	T4SS_MOBQ	none	0	0		Proteobacteria	Citrobacter
NZ_CP024675_4895454..4960336	ICE	64883	65	1	T4SS_MOBH,profile_MOBT	MPF_F	1	0		Proteobacteria	Citrobacter
NZ_CP024676_1188776..1209434	IME	20659	19	1	T4SS_MOBQ	none	0	0		Proteobacteria	Citrobacter
NZ_CP024676_4520326..4553844	IME	33519	30	1	T4SS_MOBH	none	0	0		Proteobacteria	Citrobacter
NZ_CP024676_967865..999756	NA	31892	31	1	T4SS_MOBQ	none	0	0		Proteobacteria	Citrobacter
NZ_CP024677_3519137..3631493	ICE	112357	126	1	T4SS_MOBH,profile_MOBT	MPF_F	1	0		Proteobacteria	Citrobacter
NZ_CP024677_4876822..4937437	ICE	60616	62	1	T4SS_MOBC	MPF_T	1	0	Eex_IncN	Proteobacteria	Citrobacter
NZ_CP024696_1819852..1872240	ICE	52389	50	1	T4SS_MOBP1	none	0	0		Bacteroidota	Prevotella
NZ_CP024696_2105615..2128389	IME	22775	21	1	T4SS_MOBP1,T4SS_MOBV	none	0	0		Bacteroidota	Prevotella
NZ_CP024696_2703150..2736386	IME	33237	25	1	T4SS_MOBP1	none	0	0		Bacteroidota	Prevotella
NZ_CP024697_2489682..2673031	ICE	183350	169	1	T4SS_MOBP1,T4SS_MOBV	none	0	0		Bacteroidota	Prevotella
NZ_CP024697_539096..596003	NA	56908	52	1	T4SS_MOBP1,T4SS_MOBV	none	0	0		Bacteroidota	Prevotella
NZ_CP024697_766798..780235	IME	13438	12	1	T4SS_MOBP1,T4SS_MOBV	none	0	0		Bacteroidota	Prevotella
NZ_CP024704_2096902..2153490	NA	56589	52	1	T4SS_MOBQ	MPF_T	1	0		Fusobacteriota	Fusobacterium
NZ_CP024704_507997..547222	NA	39226	42	1	T4SS_MOBQ	MPF_T	1	1		Fusobacteriota	Fusobacterium
NZ_CP024707_1548841..1592674	IME	43834	50	1	T4SS_MOBP1	none	0	0		Proteobacteria	Klebsiella
NZ_CP024712_4751024..4816160	NA	65137	68	1	T4SS_MOBH	MPF_F	1	0		Proteobacteria	Pseudomonas_E
NZ_CP024723_1801..159646	NA	157846	146	1	T4SS_MOBP1,profile_MOBM	none	0	0		Bacteroidota	Prevotella
NZ_CP024724_252437..335209	ICE	82773	89	1	T4SS_MOBP1,T4SS_MOBV,profile_MOBM,profile_MOBT	none	0	0		Bacteroidota	Prevotella
NZ_CP024725_1282051..1330120	NA	48070	35	0	NA	none	0	0		Bacteroidota	Prevotella
NZ_CP024727_1021668..1067207	IME	45540	36	1	T4SS_MOBV	none	0	0		Bacteroidota	Prevotella
NZ_CP024727_934226..962044	NA	27819	26	1	T4SS_MOBP1	none	0	0		Bacteroidota	Prevotella
NZ_CP024728_677536..726518	NA	48983	54	1	T4SS_MOBP1,T4SS_MOBV	none	0	0		Bacteroidota	Prevotella
NZ_CP024729_1044299..1106483	ICE	62185	59	1	T4SS_MOBP1	none	0	0		Bacteroidota	Prevotella
NZ_CP024729_2074425..2136556	NA	62132	70	1	T4SS_MOBP1	none	0	0		Bacteroidota	Prevotella
NZ_CP024732_1183723..1222451	NA	38729	34	1	T4SS_MOBP1	none	0	0		Bacteroidota	Prevotella
NZ_CP024732_1559207..1808086	NA	248880	207	1	T4SS_MOBP1	none	0	0		Bacteroidota	Prevotella
NZ_CP024732_2024976..2051164	NA	26189	25	1	T4SS_MOBP1	none	0	0		Bacteroidota	Prevotella
NZ_CP024733_653600..669250	IME	15651	12	1	T4SS_MOBP1	none	0	0		Bacteroidota	Prevotella
NZ_CP024734_1020400..1025927	NA	5528	6	0	NA	none	0	0		Bacteroidota	Prevotella
NZ_CP024734_13085..124813	ICE	111729	115	1	T4SS_MOBP1	none	0	0		Bacteroidota	Prevotella
NZ_CP024734_1664204..1712978	NA	48775	40	1	T4SS_MOBP1	none	0	0		Bacteroidota	Prevotella
NZ_CP024735_465596..489084	NA	23489	29	1	T4SS_MOBP1	none	0	0		Bacteroidota	Prevotella
NZ_CP024771_4638276..4688600	NA	50325	71	1	T4SS_MOBC	none	0	0		Firmicutes	Bacillus_A
NZ_CP024771_59894..103247	NA	43354	67	0	NA	none	0	0		Firmicutes	Bacillus_A
NZ_CP024780_1631731..1673904	ICE	42174	43	1	T4SS_MOBC	MPF_T	1	0	Eex_IncN	Proteobacteria	Pectobacterium
NZ_CP024780_2246162..2268740	NA	22579	25	1	T4SS_MOBC	none	0	0		Proteobacteria	Pectobacterium
NZ_CP024780_2681048..2697561	IME	16514	13	1	T4SS_MOBC	none	0	0		Proteobacteria	Pectobacterium
NZ_CP024780_4447760..4470986	NA	23227	25	1	T4SS_MOBP1	none	0	0		Proteobacteria	Pectobacterium
NZ_CP024780_777722..837135	NA	59414	58	1	T4SS_MOBC	MPF_T	1	0		Proteobacteria	Pectobacterium
NZ_CP024785_1495201..1518141	NA	22941	24	0	NA	none	0	0		Cyanobacteria	Nostoc
NZ_CP024797_553880..584693	NA	30814	36	1	profile_MOBT	MPF_FA	1	6	DUF4467	Firmicutes	Bacillus
NZ_CP024819_2814507..2885807	NA	71301	62	1	T4SS_MOBC	MPF_T	1	0	Eex_IncN	Proteobacteria	Citrobacter
NZ_CP024838_4055060..4113257	ICE	58198	43	1	T4SS_MOBC	MPF_T	1	0	Eex_IncN	Proteobacteria	Klebsiella
NZ_CP024838_4777103..5016552	ICE	239450	247	0	NA	none	0	0		Proteobacteria	Klebsiella
NZ_CP024842_1073390..1076091	NA	2702	2	1	T4SS_MOBH	none	0	0		Proteobacteria	Pectobacterium
NZ_CP024842_3485172..3503122	NA	17951	23	1	T4SS_MOBQ	none	0	0		Proteobacteria	Pectobacterium
NZ_CP024848_1874223..1933570	NA	59348	64	0	NA	none	0	0		Firmicutes	Oceanobacillus
NZ_CP024874_1726327..2066635	ICE	340309	354	1	profile_MOBT	none	0	1		Proteobacteria	Klebsiella
NZ_CP024881_282273..294127	IME	11855	9	1	T4SS_MOBP3,T4SS_MOBQ	none	0	0		Proteobacteria	Citrobacter
NZ_CP024881_4441032..4457070	NA	16039	18	1	T4SS_MOBP1	none	0	0		Proteobacteria	Citrobacter
NZ_CP024883_3182471..3506019	ICE	323549	320	1	profile_MOBT	none	0	0		Proteobacteria	Klebsiella
NZ_CP024885_2090774..2140485	NA	49712	51	1	T4SS_MOBH	none	0	0		Proteobacteria	Klebsiella
NZ_CP024886_1282663..1358635	IME	75973	85	1	T4SS_MOBQ	none	0	0		Proteobacteria	Escherichia
NZ_CP024894_111650..116596	NA	4947	5	0	NA	none	0	0		Actinobacteriota	Amycolatopsis
NZ_CP024894_2008851..2013978	NA	5128	5	0	NA	none	0	0		Actinobacteriota	Amycolatopsis
NZ_CP024899_174123..248618	IME	74496	75	0	NA	none	0	1		Proteobacteria	Roseinatronobacter
NZ_CP024899_984375..1001839	NA	17465	18	1	T4SS_MOBP1	none	0	0		Proteobacteria	Roseinatronobacter
NZ_CP024900_1198879..1256995	ICE	58117	52	1	T4SS_MOBH	none	0	0		Proteobacteria	Photorhabdus
NZ_CP024900_2135491..2141288	NA	5798	6	1	T4SS_MOBQ	none	0	0		Proteobacteria	Photorhabdus
NZ_CP024901_2130713..2182849	IME	52137	49	1	T4SS_MOBQ	none	0	0		Proteobacteria	Photorhabdus
NZ_CP024916_3461245..3519441	ICE	58197	42	1	T4SS_MOBC	MPF_T	1	0	Eex_IncN	Proteobacteria	Klebsiella
NZ_CP024920_2078913..2157348	IME	78436	69	1	T4SS_MOBP1,T4SS_MOBQ	none	0	0		Proteobacteria	Qipengyuania
NZ_CP024920_315113..491704	NA	176592	188	1	profile_MOBF	MPF_F	1	0		Proteobacteria	Qipengyuania
NZ_CP024920_953952..958677	NA	4726	7	0	NA	none	0	0		Proteobacteria	Qipengyuania
NZ_CP024930_2386915..2390885	NA	3971	6	0	NA	none	0	0		Proteobacteria	Aeromonas
NZ_CP024943_1080950..1084061	NA	3112	3	1	T4SS_MOBP1,T4SS_MOBV	none	0	0		Proteobacteria	Burkholderia
NZ_CP024943_1281702..1350971	NA	69270	72	1	T4SS_MOBH	MPF_F	1	0		Proteobacteria	Burkholderia
NZ_CP024945_157516..391941	NA	234426	223	0	NA	none	0	0		Proteobacteria	Burkholderia
NZ_CP024947_4247..140009	ICE	135763	127	1	T4SS_MOBP1	MPF_T	1	0		Campylobacterota	Helicobacter
NZ_CP024948_1273497..1374647	NA	101151	88	1	T4SS_MOBP1	MPF_T	1	0		Campylobacterota	Helicobacter
NZ_CP024952_1152476..1215167	ICE	62692	58	1	T4SS_MOBP1	none	0	0		Campylobacterota	Helicobacter
NZ_CP024954_2042732..2085243	NA	42512	42	1	T4SS_MOBH	none	0	1		Firmicutes	Lactococcus
NZ_CP024956_1863011..1908923	ICE	45913	44	1	T4SS_MOBC	MPF_T	1	0	Eex_IncN	Proteobacteria	Pectobacterium
NZ_CP024956_586814..683968	ICE	97155	94	1	T4SS_MOBH	MPF_F	1	0		Proteobacteria	Pectobacterium
NZ_CP024956_884920..1017806	NA	132887	122	1	T4SS_MOBQ	none	0	0		Proteobacteria	Pectobacterium
NZ_CP024957_3892010..3905496	NA	13487	18	0	NA	none	0	0		Actinobacteriota	Streptomyces
NZ_CP024957_3938160..3958859	NA	20700	26	1	profile_MOBT	none	0	0		Actinobacteriota	Streptomyces
NZ_CP024957_4163879..4180730	NA	16852	18	0	NA	none	0	0		Actinobacteriota	Streptomyces
NZ_CP024959_1314095..1386020	ICE	71926	75	1	T4SS_MOBP1	none	0	0		Actinobacteriota	Bifidobacterium
NZ_CP024963_471015..518779	IME	47765	37	1	T4SS_MOBH	none	0	0		Firmicutes	Williamsoniiplasma
NZ_CP024963_578543..618792	NA	40250	47	0	NA	none	0	0		Firmicutes	Williamsoniiplasma
NZ_CP024964_220451..273461	NA	53011	51	1	T4SS_MOBH	none	0	0		Firmicutes	Mesoplasma
NZ_CP024966_542034..581137	NA	39104	32	1	profile_MOBT	none	0	0		Firmicutes	Mesoplasma
NZ_CP024974_1231627..1339688	ICE	108062	117	1	T4SS_MOBP1,T4SS_MOBV	none	0	5		Firmicutes	Streptococcus
NZ_CP024978_3948734..3961962	NA	13229	13	0	NA	none	0	0		Proteobacteria	Escherichia
NZ_CP024985_6793797..6808006	NA	14210	14	0	NA	none	0	0		Actinobacteriota	Streptomyces
NZ_CP024985_8586684..8592030	NA	5347	4	0	NA	none	0	0		Actinobacteriota	Streptomyces
NZ_CP025003_595155..675244	NA	80090	89	1	T4SS_MOBH	MPF_F	1	0		Proteobacteria	Dickeya
NZ_CP025005_1834305..1864190	IME	29886	32	1	T4SS_MOBQ	none	0	0		Proteobacteria	Klebsiella
NZ_CP025018_4201175..4215604	NA	14430	17	0	NA	none	0	0		Actinobacteriota	Streptomyces
NZ_CP025018_5561416..5576662	NA	15247	17	0	NA	none	0	0		Actinobacteriota	Streptomyces
NZ_CP025018_5887018..5905104	NA	18087	24	0	NA	none	0	0		Actinobacteriota	Streptomyces
NZ_CP025031_847374..867610	IME	20237	22	1	T4SS_MOBV	none	0	0		Firmicutes	Staphylococcus
NZ_CP025034_1973474..1992610	IME	19137	21	1	T4SS_MOBP1	none	0	0		Proteobacteria	Enterobacter
NZ_CP025035_2931350..2980456	NA	49107	53	1	T4SS_MOBP1	none	0	1		Proteobacteria	Pseudomonas_E
NZ_CP025037_1912672..2022185	ICE	109514	64	1	T4SS_MOBC	MPF_T	1	0	Eex_IncN	Proteobacteria	Klebsiella
NZ_CP025037_741894..796831	NA	54938	64	1	T4SS_MOBH,profile_MOBT	MPF_F	1	0		Proteobacteria	Klebsiella
NZ_CP025043_1195416..1291622	ICE	96207	93	1	T4SS_MOBP1,T4SS_MOBV,profile_MOBT	MPF_FA	1	13		Firmicutes	Streptococcus
NZ_CP025044_3676906..3879253	ICE	202348	188	1	T4SS_MOBP1	MPF_FA	1	13		Firmicutes_A	Clostridioides
NZ_CP025045_2493748..2605734	ICE	111987	110	1	T4SS_MOBB,profile_MOBT	MPF_FA	1	9		Firmicutes_A	Clostridioides
NZ_CP025046_1955926..1974145	IME	18220	23	0	NA	none	0	0		Firmicutes_A	Clostridioides
NZ_CP025046_2711174..2926566	ICE	215393	193	1	T4SS_MOBB,profile_MOBT	MPF_FA	1	9		Firmicutes_A	Clostridioides
NZ_CP025047_3356301..3611559	ICE	255259	233	1	T4SS_MOBB,profile_MOBT	MPF_FA	1	7		Firmicutes_A	Clostridioides
NZ_CP025050_4054516..4107301	ICE	52786	60	1	T4SS_MOBH	MPF_F	1	0		Proteobacteria	Pseudomonas
NZ_CP025050_6544670..6634668	ICE	89999	91	1	T4SS_MOBP1	MPF_T	1	1	Eex_IncN	Proteobacteria	Pseudomonas
NZ_CP025056_1338321..1514488	ICE	176168	162	1	T4SS_MOBP1	MPF_T	1	1	Eex_IncN	Proteobacteria	Pseudomonas
NZ_CP025076_129783..160442	NA	30660	33	1	T4SS_MOBQ,profile_MOBT	none	0	1		Firmicutes	Streptococcus
NZ_CP025085_4349590..4446334	ICE	96745	101	1	T4SS_MOBH	MPF_F	1	0		Proteobacteria	ATCC-39006
NZ_CP025086_1097199..1153076	NA	55878	59	1	T4SS_MOBP1,profile_MOBT	MPF_T	1	0		Proteobacteria	Methylovirgula
NZ_CP025096_4144889..4176823	NA	31935	30	0	NA	none	0	0		Bacteroidota	Spirosoma
NZ_CP025096_7984785..8181214	NA	196430	174	1	T4SS_MOBB,T4SS_MOBP1,T4SS_MOBV	none	0	1		Bacteroidota	Spirosoma
NZ_CP025113_1690926..1810983	ICE	120058	134	1	T4SS_MOBP1,profile_MOBT	MPF_T	1	0		Proteobacteria	Bradyrhizobium
NZ_CP025115_322931..350749	IME	27819	21	1	T4SS_MOBC	none	0	0		Proteobacteria	Alteromonas
NZ_CP025119_1388130..1415334	IME	27205	25	1	T4SS_MOBB	none	0	0		Bacteroidota	Polaribacter
NZ_CP025121_694478..727812	NA	33335	28	0	NA	none	0	0		Firmicutes	Phytoplasma
NZ_CP025197_3021923..3073668	IME	51746	53	0	NA	none	0	0		Firmicutes_A	Herbivorax
NZ_CP025197_834338..892792	NA	58455	61	1	T4SS_MOBQ	none	0	0		Firmicutes_A	Herbivorax
NZ_CP025200_31792..35449	NA	3658	5	1	profile_MOBT	none	0	0		Firmicutes	Lactobacillus
NZ_CP025227_1648948..1688688	IME	39741	39	0	NA	none	0	0		Actinobacteriota	Actinomyces
NZ_CP025248_4235320..4258188	NA	22869	24	1	T4SS_MOBP1	none	0	0		Proteobacteria	Salmonella
NZ_CP025249_362731..391375	NA	28645	38	0	NA	none	0	1		Actinobacteriota	Actinomyces
NZ_CP025251_2003256..2030085	IME	26830	25	1	T4SS_MOBQ	none	0	0		Proteobacteria	Escherichia
NZ_CP025251_4705426..4726155	IME	20730	28	1	T4SS_MOBP2,T4SS_MOBQ	none	0	0		Proteobacteria	Escherichia
NZ_CP025257_280547..305748	NA	25202	21	1	T4SS_MOBH	none	0	0		Firmicutes	Tullyiplasma
NZ_CP025264_3279469..3287220	NA	7752	8	1	T4SS_MOBP1,profile_MOBT	none	0	0		Proteobacteria	Burkholderia
NZ_CP025280_1157904..1179054	IME	21151	23	1	T4SS_MOBQ	none	0	0		Proteobacteria	Salmonella
NZ_CP025286_2609830..2671742	NA	61913	74	1	T4SS_MOBP1,T4SS_MOBP2	none	0	0		Firmicutes_A	Ethanoligenens
NZ_CP025286_499765..548255	IME	48491	59	1	T4SS_MOBP1	none	0	0		Firmicutes_A	Ethanoligenens
NZ_CP025288_1932373..1984234	NA	51862	54	1	T4SS_MOBP1	none	0	4		Firmicutes_A	Ethanoligenens
NZ_CP025288_2697997..2762347	NA	64351	78	1	T4SS_MOBP1,T4SS_MOBP2	none	0	0		Firmicutes_A	Ethanoligenens
NZ_CP025298_1015923..1038661	IME	22739	28	1	T4SS_MOBQ	none	0	0		Proteobacteria	Stenotrophomonas
NZ_CP025298_1613008..1690970	NA	77963	83	1	T4SS_MOBH	MPF_F	1	0		Proteobacteria	Stenotrophomonas
NZ_CP025298_2093116..2582105	ICE	488990	456	1	profile_MOBT	none	0	1		Proteobacteria	Stenotrophomonas
NZ_CP025302_818370..825653	NA	7284	6	1	T4SS_MOBV	none	0	0		Proteobacteria	Burkholderia
NZ_CP025306_787624..797194	NA	9571	11	1	T4SS_MOBP1,profile_MOBT	none	0	0		Proteobacteria	Burkholderia
NZ_CP025308_3158071..3182183	NA	24113	27	0	NA	none	0	0		Firmicutes	Bacillus
NZ_CP025317_4391363..4436570	NA	45208	53	1	T4SS_MOBH	MPF_F	1	0		Proteobacteria	Escherichia
NZ_CP025330_3108705..3280257	ICE	171553	154	1	profile_MOBF	none	0	1		Actinobacteriota	Brevibacterium
NZ_CP025333_145273..268370	NA	123098	130	1	profile_MOBF	none	0	0		Actinobacteriota	Brevibacterium
NZ_CP025333_1820300..1844439	NA	24140	25	1	T4SS_MOBP1,profile_MOBT	none	0	0		Actinobacteriota	Brevibacterium
NZ_CP025334_1963586..1985417	NA	21832	22	1	T4SS_MOBP1,profile_MOBT	none	0	0		Actinobacteriota	Brevibacterium
NZ_CP025394_4492797..4541707	NA	48911	49	0	NA	none	0	0		Actinobacteriota	Kitasatospora
NZ_CP025407_2281184..2314506	NA	33323	42	1	T4SS_MOBP1	none	0	0		Actinobacteriota	Streptomyces
NZ_CP025407_3330505..3335816	NA	5312	5	0	NA	none	0	0		Actinobacteriota	Streptomyces
NZ_CP025407_4343884..4356093	NA	12210	17	0	NA	none	0	0		Actinobacteriota	Streptomyces
NZ_CP025407_4615707..4661200	IME	45494	37	1	T4SS_MOBP1	none	0	0		Actinobacteriota	Streptomyces
NZ_CP025420_526087..575397	NA	49311	54	1	T4SS_MOBV,profile_MOBM	none	0	0		Firmicutes	Streptococcus
NZ_CP025425_1407249..1463412	IME	56164	58	1	profile_MOBT	none	0	1		Firmicutes	Enterococcus_B
NZ_CP025425_2636302..2699909	ICE	63608	58	1	profile_MOBT	MPF_FA	1	7		Firmicutes	Enterococcus_B
NZ_CP025425_699687..727719	NA	28033	27	1	profile_MOBM,profile_MOBT	none	0	0		Firmicutes	Enterococcus_B
NZ_CP025445_1996047..2026482	NA	30436	30	1	T4SS_MOBQ,profile_MOBM	none	0	0		Proteobacteria	Salmonella
NZ_CP025453_3158750..3237174	NA	78425	94	1	T4SS_MOBH	MPF_F	1	0		Proteobacteria	Salmonella
NZ_CP025456_3514871..3574387	ICE	59517	41	1	T4SS_MOBC	MPF_T	1	0		Proteobacteria	Klebsiella
NZ_CP025456_4694765..4752811	NA	58047	67	1	T4SS_MOBH,profile_MOBT	MPF_F	1	0		Proteobacteria	Klebsiella
NZ_CP025461_4660105..4718979	NA	58875	69	1	T4SS_MOBH,profile_MOBT	MPF_F	1	0		Proteobacteria	Klebsiella
NZ_CP025466_4565787..4623834	NA	58048	67	1	T4SS_MOBH,profile_MOBT	MPF_F	1	0		Proteobacteria	Klebsiella
NZ_CP025476_786974..812234	NA	25261	28	1	profile_MOBF	none	0	0		Firmicutes	Latilactobacillus
NZ_CP025491_1404185..1452889	NA	48705	47	1	profile_MOBF	MPF_F	1	0		Proteobacteria	Legionella
NZ_CP025500_1194797..1266441	IME	71645	65	1	T4SS_MOBC,T4SS_MOBP1	none	0	0		Firmicutes	Lactococcus
NZ_CP025500_367658..424689	NA	57032	57	1	profile_MOBT	MPF_FA	1	3		Firmicutes	Lactococcus
NZ_CP025522_2988134..3072120	ICE	83987	84	1	T4SS_MOBH,profile_MOBT	MPF_F	1	0		Proteobacteria	Bordetella
NZ_CP025537_1201116..1209746	NA	8631	9	1	T4SS_MOBV	none	0	0		Proteobacteria	Vibrio
NZ_CP025541_3489267..3517347	IME	28081	30	1	T4SS_MOBP2,T4SS_MOBQ	none	0	0		Proteobacteria	Klebsiella
NZ_CP025541_3519217..3572657	ICE	53441	50	1	T4SS_MOBC	MPF_T	1	0	Eex_IncN	Proteobacteria	Klebsiella
NZ_CP025570_2697855..2738920	ICE	41066	39	1	profile_MOBF	none	0	1		Actinobacteriota	Acidipropionibacterium
NZ_CP025573_2450259..2508460	ICE	58202	42	1	T4SS_MOBC	MPF_T	1	0	Eex_IncN	Proteobacteria	Escherichia
NZ_CP025573_3250866..3284717	NA	33852	40	1	T4SS_MOBQ	none	0	0		Proteobacteria	Escherichia
NZ_CP025684_3248121..3273643	IME	25523	30	1	T4SS_MOBQ	none	0	0		Proteobacteria	Klebsiella
NZ_CP025685_220975..300251	IME	79277	85	1	profile_MOBT	none	0	0		Firmicutes	Enterococcus_B
NZ_CP025688_1464114..1660634	NA	196521	180	0	NA	none	0	1		Firmicutes	Sporolactobacillus
NZ_CP025704_1019344..1230398	NA	211055	243	1	T4SS_MOBC	none	0	1		Bdellovibrionota	Bacteriovorax
NZ_CP025745_4043350..4062429	NA	19080	20	1	T4SS_MOBP1	none	0	0		Proteobacteria	Salmonella
NZ_CP025746_3139591..3181623	NA	42033	43	1	T4SS_MOBP1,profile_MOBT	none	0	0		Firmicutes_A	Clostridium_AR
NZ_CP025750_3040659..3074453	IME	33795	38	1	T4SS_MOBQ	none	0	0		Proteobacteria	Xanthomonas
NZ_CP025754_1459149..1531809	NA	72661	59	1	T4SS_MOBH	none	0	0		Firmicutes	Enterococcus_B
NZ_CP025754_2415545..2459079	IME	43535	48	1	profile_MOBT	none	0	1		Firmicutes	Enterococcus_B
NZ_CP025754_758477..817075	NA	58599	56	1	T4SS_MOBV	none	0	0		Firmicutes	Enterococcus_B
NZ_CP025757_3109698..3218021	NA	108324	111	1	T4SS_MOBH	none	0	0		Proteobacteria	Citrobacter_A
NZ_CP025757_4341..18643	NA	14303	14	1	T4SS_MOBP1	none	0	0		Proteobacteria	Citrobacter_A
NZ_CP025757_4540215..4628844	IME	88630	98	1	T4SS_MOBH	none	0	0		Proteobacteria	Citrobacter_A
NZ_CP025779_4301555..4313130	NA	11576	13	0	NA	none	0	0		Actinobacteriota	Mycobacterium
NZ_CP025796_1992675..2258306	ICE	265632	217	1	T4SS_MOBC	none	0	0		Proteobacteria	Vibrio
NZ_CP025799_728404..857852	ICE	129449	120	1	T4SS_MOBH	MPF_F	1	0		Proteobacteria	Dickeya
NZ_CP025800_2687676..2721584	NA	33909	34	1	T4SS_MOBC	MPF_T	1	0	Eex_IncN	Proteobacteria	Yersinia
NZ_CP025800_931734..991412	ICE	59679	67	1	T4SS_MOBH	MPF_F	1	0		Proteobacteria	Yersinia
NZ_CP025804_2104430..2133974	NA	29545	34	1	profile_MOBT	MPF_T	1	0		Proteobacteria	Sulfitobacter
NZ_CP025804_2138784..2158529	NA	19746	27	1	T4SS_MOBP1	none	0	0		Proteobacteria	Sulfitobacter
NZ_CP025833_1018738..1075287	IME	56550	41	1	T4SS_MOBQ	none	0	0		Verrucomicrobiota	Akkermansia
NZ_CP025847_2412436..2431470	IME	19035	20	1	T4SS_MOBP1	none	0	0		Proteobacteria	Escherichia
NZ_CP025851_2996286..3014191	IME	17906	16	1	T4SS_MOBQ,profile_MOBT	none	0	0		Proteobacteria	Escherichia
NZ_CP025859_1942440..1962962	IME	20523	23	1	T4SS_MOBQ,profile_MOBT	none	0	0		Proteobacteria	Escherichia
NZ_CP025862_3354354..3422308	IME	67955	68	1	T4SS_MOBP1	none	0	0		Proteobacteria	Escherichia
NZ_CP025869_3011965..3341502	ICE	329538	314	1	profile_MOBT	none	0	2		Proteobacteria	Escherichia
NZ_CP025881_1029169..1368547	ICE	339379	315	1	profile_MOBT	none	0	2		Proteobacteria	Escherichia
NZ_CP025892_1424495..1743522	ICE	319028	312	1	profile_MOBT	none	0	2		Proteobacteria	Escherichia
NZ_CP025903_3050536..3113039	NA	62504	71	1	T4SS_MOBP1	none	0	0		Proteobacteria	Escherichia
NZ_CP025910_529960..546906	IME	16947	16	1	T4SS_MOBP1,T4SS_MOBQ	none	0	0		Proteobacteria	Escherichia
NZ_CP025930_1412711..1471365	NA	58655	59	1	T4SS_MOBP1	none	0	0		Bacteroidota	Porphyromonas
NZ_CP025930_35127..114449	NA	79323	71	1	T4SS_MOBP1	none	0	1		Bacteroidota	Porphyromonas
NZ_CP025931_132074..157196	NA	25123	20	0	NA	none	0	0		Bacteroidota	Porphyromonas
NZ_CP025932_1517336..1585573	ICE	68238	70	1	T4SS_MOBP1	none	0	0		Bacteroidota	Porphyromonas
NZ_CP025938_3421294..3827204	ICE	405911	373	0	NA	none	0	0		Bacteroidota	Tamlana_A
NZ_CP025943_1397810..1447907	ICE	50098	51	0	NA	none	0	0		Firmicutes	Laceyella
NZ_CP025951_4672706..4729913	NA	57208	65	1	T4SS_MOBH,profile_MOBT	MPF_F	1	0		Proteobacteria	Klebsiella
NZ_CP025958_4962417..5051668	IME	89252	81	1	profile_MOBF,profile_MOBT	none	0	0		Planctomycetota	Gemmata
NZ_CP026011_2973630..3219331	ICE	245702	251	0	NA	none	0	1		Proteobacteria	Klebsiella
NZ_CP026045_3197386..3214757	IME	17372	18	1	T4SS_MOBQ	none	0	0		Proteobacteria	Citrobacter
NZ_CP026045_615352..645700	IME	30349	36	1	T4SS_MOBP2,T4SS_MOBQ	none	0	0		Proteobacteria	Citrobacter
NZ_CP026050_2147616..2180311	IME	32696	32	1	T4SS_MOBP1	none	0	1		Proteobacteria	Serratia
NZ_CP026055_3674628..3687981	NA	13354	15	1	T4SS_MOBP1,T4SS_MOBV	none	0	0		Proteobacteria	Aeromonas
NZ_CP026059_3191359..3284027	NA	92669	86	1	T4SS_MOBH	MPF_F	1	0		Proteobacteria	Proteus
NZ_CP026062_2950792..3043393	NA	92602	86	1	T4SS_MOBH	MPF_F	1	0		Proteobacteria	Proteus
NZ_CP026067_2601361..2660379	ICE	59019	75	1	profile_MOBT	MPF_FA	1	6	DUF4467	Firmicutes	Staphylococcus
NZ_CP026072_1545718..1615897	IME	70180	65	1	T4SS_MOBV	none	0	0		Firmicutes	Staphylococcus
NZ_CP026072_199690..269554	NA	69865	78	1	profile_MOBT	MPF_FA	1	6	DUF4467	Firmicutes	Staphylococcus
NZ_CP026074_1379100..1436681	IME	57582	53	1	T4SS_MOBV	none	0	0		Firmicutes	Staphylococcus
NZ_CP026084_191491..256969	NA	65479	75	1	profile_MOBT	MPF_FA	1	4		Firmicutes	Streptococcus
NZ_CP026094_5294564..5300455	NA	5892	9	0	NA	none	0	0		Actinobacteriota	Streptomyces
NZ_CP026094_6855296..6864397	NA	9102	10	1	T4SS_MOBP1	none	0	0		Actinobacteriota	Streptomyces
NZ_CP026094_7304024..7330910	NA	26887	34	1	T4SS_MOBP1	none	0	0		Actinobacteriota	Streptomyces
NZ_CP026095_3220605..3261205	NA	40601	42	0	NA	none	0	0		Firmicutes	Peribacillus
NZ_CP026097_2662339..2695763	NA	33425	38	1	profile_MOBT	none	0	6		Firmicutes	Lacticaseibacillus
NZ_CP026100_362332..397704	NA	35373	35	1	T4SS_MOBQ,profile_MOBT	none	0	0		Proteobacteria	Caulobacter
NZ_CP026100_4584418..4720706	NA	136289	139	1	T4SS_MOBP1,profile_MOBT	MPF_T	1	0		Proteobacteria	Caulobacter
NZ_CP026108_31154..96506	NA	65353	79	1	T4SS_MOBH	MPF_T	1	0		Proteobacteria	Paraburkholderia
NZ_CP026109_697214..720843	NA	23630	28	0	NA	MPF_T	1	0		Proteobacteria	Paraburkholderia
NZ_CP026118_1717487..1840955	ICE	123469	143	1	T4SS_MOBP1,T4SS_MOBP2,profile_MOBT	MPF_FA	1	2		Firmicutes	Halobacillus
NZ_CP026121_1884555..1902234	NA	17680	23	0	NA	none	0	0		Actinobacteriota	Streptomyces
NZ_CP026121_3373377..3379684	NA	6308	11	0	NA	none	0	0		Actinobacteriota	Streptomyces
NZ_CP026121_4607638..4623561	NA	15924	20	0	NA	none	0	0		Actinobacteriota	Streptomyces
NZ_CP026121_4671956..4680742	NA	8787	10	0	NA	none	0	0		Actinobacteriota	Streptomyces
NZ_CP026121_5848761..5867455	AICE	18695	20	0	NA	none	0	0		Actinobacteriota	Streptomyces
NZ_CP026124_2199094..2313791	NA	114698	121	1	T4SS_MOBH	MPF_F	1	0		Proteobacteria	Achromobacter
NZ_CP026124_2339395..2430824	ICE	91430	85	1	T4SS_MOBH	MPF_F	1	0		Proteobacteria	Achromobacter
NZ_CP026124_236326..275585	ICE	39260	41	1	T4SS_MOBH,profile_MOBT	MPF_F	1	0		Proteobacteria	Achromobacter
NZ_CP026124_2573943..2855804	ICE	281862	224	1	T4SS_MOBC	MPF_T	1	0	Eex_IncN	Proteobacteria	Achromobacter
NZ_CP026130_1869777..1929293	ICE	59517	41	1	T4SS_MOBC	MPF_T	1	0		Proteobacteria	Klebsiella
NZ_CP026136_1867808..1928101	ICE	60294	44	1	T4SS_MOBC	MPF_T	1	0		Proteobacteria	Klebsiella
NZ_CP026145_745382..801521	NA	56140	65	1	T4SS_MOBH,profile_MOBT	MPF_F	1	0		Proteobacteria	Klebsiella
NZ_CP026149_746179..802319	NA	56141	65	1	T4SS_MOBH,profile_MOBT	MPF_F	1	0		Proteobacteria	Klebsiella
NZ_CP026155_1623163..1861329	ICE	238167	202	1	T4SS_MOBC,T4SS_MOBP1	MPF_T	1	1	Eex_IncN	Proteobacteria	Klebsiella
NZ_CP026167_4302927..4341809	NA	38883	41	1	T4SS_MOBP1	MPF_T	1	0	Eex_IncN	Proteobacteria	Leclercia
NZ_CP026177_1586780..1641585	NA	54806	63	1	T4SS_MOBH,profile_MOBT	MPF_F	1	0		Proteobacteria	Klebsiella
NZ_CP026177_2976924..3013057	IME	36134	28	1	T4SS_MOBP1	none	0	0		Proteobacteria	Klebsiella
NZ_CP026177_4317..63378	IME	59062	62	0	NA	none	0	0		Proteobacteria	Klebsiella
NZ_CP026178_743894..1144214	ICE	400321	386	0	NA	none	0	1		Proteobacteria	Klebsiella
NZ_CP026202_2172675..2179964	NA	7290	9	1	T4SS_MOBP1	none	0	0		Proteobacteria	Escherichia
NZ_CP026202_3897811..3935368	NA	37558	42	1	T4SS_MOBP1	none	0	0		Proteobacteria	Escherichia
NZ_CP026216_1865865..1872580	NA	6716	7	1	T4SS_MOBP1	none	0	0		Proteobacteria	Citrobacter_A
NZ_CP026216_409776..438119	IME	28344	19	1	T4SS_MOBP1	none	0	0		Proteobacteria	Citrobacter_A
NZ_CP026226_1908099..1972525	IME	64427	65	1	T4SS_MOBH	none	0	0		Proteobacteria	Aeromonas
NZ_CP026226_3545427..3597807	IME	52381	46	1	T4SS_MOBP1	none	0	0		Proteobacteria	Aeromonas
NZ_CP026226_981030..1096684	NA	115655	108	1	T4SS_MOBP1	MPF_T	1	0	Eex_IncN	Proteobacteria	Aeromonas
NZ_CP026228_235375..294195	NA	58821	61	1	T4SS_MOBP1	MPF_T	1	0	Eex_IncN	Proteobacteria	Aeromonas
NZ_CP026228_2809825..2842234	NA	32410	38	1	T4SS_MOBP1,profile_MOBT	none	0	1		Proteobacteria	Aeromonas
NZ_CP026228_2919015..3194005	ICE	274991	299	1	T4SS_MOBP1,profile_MOBT	none	0	1		Proteobacteria	Aeromonas
NZ_CP026228_4349943..4368333	NA	18391	22	1	T4SS_MOBH	none	0	0		Proteobacteria	Aeromonas
NZ_CP026228_4658797..4726632	ICE	67836	63	1	T4SS_MOBP1	MPF_T	1	0	Eex_IncN	Proteobacteria	Aeromonas
NZ_CP026231_5032568..5052778	IME	20211	22	1	T4SS_MOBP1	none	0	0		Proteobacteria	Citrobacter
NZ_CP026235_2973131..2990104	IME	16974	14	1	T4SS_MOBQ	none	0	0		Proteobacteria	Citrobacter
NZ_CP026238_3108941..3125869	IME	16929	16	1	T4SS_MOBQ	none	0	0		Proteobacteria	Citrobacter
NZ_CP026265_1760660..1873664	ICE	113005	121	1	T4SS_MOBP1	MPF_T	1	0		Proteobacteria	Phyllobacterium
NZ_CP026269_1131826..1211118	IME	79293	72	1	T4SS_MOBP1	none	0	1		Proteobacteria	Klebsiella
NZ_CP026269_1312281..1424231	ICE	111951	113	1	T4SS_MOBC	MPF_T	1	0	Eex_IncN	Proteobacteria	Klebsiella
NZ_CP026275_2683393..2769589	ICE	86197	90	1	T4SS_MOBH	MPF_F	1	0		Proteobacteria	Klebsiella
NZ_CP026275_36616..80963	ICE	44348	44	1	T4SS_MOBC	MPF_T	1	0	Eex_IncN	Proteobacteria	Klebsiella
NZ_CP026275_4671221..4689749	NA	18529	29	1	profile_MOBT	none	0	0		Proteobacteria	Klebsiella
NZ_CP026275_6112251..6168875	NA	56625	61	1	T4SS_MOBC	MPF_T	1	0	Eex_IncN	Proteobacteria	Klebsiella
NZ_CP026285_5297413..5388039	ICE	90627	95	1	T4SS_MOBH	MPF_F	1	0		Proteobacteria	Klebsiella
NZ_CP026304_2612503..2627506	NA	15004	24	0	NA	none	0	0		Actinobacteriota	Streptomyces
NZ_CP026304_4257330..4266488	NA	9159	11	0	NA	none	0	0		Actinobacteriota	Streptomyces
NZ_CP026304_4602151..4617855	NA	15705	22	0	NA	none	0	0		Actinobacteriota	Streptomyces
NZ_CP026307_2953928..2956794	NA	2867	2	1	T4SS_MOBV	none	0	0		Proteobacteria	Ralstonia
NZ_CP026332_1968885..2135323	ICE	166439	136	1	T4SS_MOBC,T4SS_MOBH	MPF_F	1	0		Proteobacteria	Pseudomonas_E
NZ_CP026332_2301437..2330403	NA	28967	34	1	T4SS_MOBP1	none	0	0		Proteobacteria	Pseudomonas_E
NZ_CP026332_5656152..5900703	ICE	244552	228	1	T4SS_MOBP1,profile_MOBT	none	0	1		Proteobacteria	Pseudomonas_E
NZ_CP026341_642957..688058	NA	45102	38	0	NA	none	0	0		Firmicutes	Metamycoplasma
NZ_CP026362_2976410..3002938	ICE	26529	30	1	profile_MOBT	MPF_FA	1	7	DUF4467	Firmicutes	Bacillus
NZ_CP026362_511799..559075	NA	47277	54	1	profile_MOBT	none	0	0		Firmicutes	Bacillus
NZ_CP026363_4712133..4718177	NA	6045	7	0	NA	none	0	0		Firmicutes	Brevibacillus
NZ_CP026364_576239..622772	NA	46534	78	1	profile_MOBT	none	0	0		Proteobacteria	Proteus
NZ_CP026377_4018147..4056739	NA	38593	43	1	T4SS_MOBH	none	0	1		Proteobacteria	Mixta
NZ_CP026379_2084068..2110432	IME	26365	26	1	T4SS_MOBQ	none	0	0		Proteobacteria	Salmonella
NZ_CP026381_619848..704484	NA	84637	80	1	T4SS_MOBQ	none	0	0		Proteobacteria	Sphingopyxis
NZ_CP026383_1294161..1315607	IME	21447	23	1	T4SS_MOBP1	none	0	1		Proteobacteria	Serratia
NZ_CP026383_3394551..3587817	NA	193267	191	1	T4SS_MOBP1	MPF_T	1	2		Proteobacteria	Serratia
NZ_CP026383_4924125..4945751	IME	21627	26	1	T4SS_MOBQ	none	0	0		Proteobacteria	Serratia
NZ_CP026386_1691317..1780600	ICE	89284	84	1	T4SS_MOBH	MPF_F	1	0		Proteobacteria	Pseudomonas_E
NZ_CP026386_1781282..1843140	ICE	61859	58	1	T4SS_MOBP1	MPF_T	1	0	Eex_IncN	Proteobacteria	Pseudomonas_E
NZ_CP026386_4000633..4088345	ICE	87713	82	1	T4SS_MOBP1	none	0	0	Eex_IncN	Proteobacteria	Pseudomonas_E
NZ_CP026386_4722754..4768302	ICE	45549	47	1	T4SS_MOBP1,profile_MOBT	MPF_T	1	0	Eex_IncN	Proteobacteria	Pseudomonas_E
NZ_CP026387_1158854..1228503	ICE	69650	68	1	T4SS_MOBP1	MPF_T	1	0	Eex_IncN	Proteobacteria	Leclercia
NZ_CP026392_3657281..3714270	NA	56990	63	1	T4SS_MOBH,profile_MOBT	MPF_F	1	0		Proteobacteria	Klebsiella
NZ_CP026399_1302688..1331082	NA	28395	37	1	T4SS_MOBQ	none	0	0		Proteobacteria	Escherichia
NZ_CP026399_4412976..4501856	IME	88881	103	1	T4SS_MOBP1	none	0	0		Proteobacteria	Escherichia
NZ_CP026406_4293411..4493433	NA	200023	180	1	profile_MOBT	none	0	0		Proteobacteria	Aeromonas
NZ_CP026490_2771095..2778719	NA	7625	7	0	NA	none	0	0		Actinobacteriota	Streptomyces
NZ_CP026490_3849235..3879007	NA	29773	32	1	T4SS_MOBP1	none	0	0		Actinobacteriota	Streptomyces
NZ_CP026538_487605..570724	NA	83120	79	1	T4SS_MOBP1,profile_MOBT	MPF_T	1	0		Desulfobacterota_I	Solidesulfovibrio
NZ_CP026544_247572..335633	NA	88062	91	1	T4SS_MOBP1,profile_MOBT	MPF_T	1	0	Eex_IncN	Proteobacteria	Cupriavidus
NZ_CP026544_5020819..5040602	NA	19784	19	1	profile_MOBF	none	0	0		Proteobacteria	Cupriavidus
NZ_CP026544_5142477..5242120	ICE	99644	106	1	T4SS_MOBH	MPF_F	1	0		Proteobacteria	Cupriavidus
NZ_CP026544_5399639..5419011	NA	19373	19	1	profile_MOBF	none	0	0		Proteobacteria	Cupriavidus
NZ_CP026544_998190..1042254	NA	44065	70	0	NA	none	0	0		Proteobacteria	Cupriavidus
NZ_CP026548_1547668..1574397	NA	26730	25	1	T4SS_MOBP1,T4SS_MOBQ,T4SS_MOBV	none	0	0		Firmicutes_A	Faecalibacterium
NZ_CP026548_1721928..1737114	NA	15187	17	1	T4SS_MOBP1,T4SS_MOBQ	none	0	0		Firmicutes_A	Faecalibacterium
NZ_CP026558_1071236..1096834	NA	25599	30	1	T4SS_MOBH	MPF_F	1	0		Proteobacteria	Pseudomonas_E
NZ_CP026558_116849..445804	ICE	328956	323	1	T4SS_MOBP1,profile_MOBT	MPF_I	1	0	ExcA	Proteobacteria	Pseudomonas_E
NZ_CP026558_995649..1027989	NA	32341	36	1	T4SS_MOBH	MPF_F	1	0		Proteobacteria	Pseudomonas_E
NZ_CP026585_744882..801800	NA	56919	67	1	T4SS_MOBH,profile_MOBT	MPF_F	1	0		Proteobacteria	Klebsiella
NZ_CP026591_2076928..2096277	NA	19350	26	1	T4SS_MOBQ	none	0	1		Firmicutes_A	Clostridioides
NZ_CP026594_3760001..3978205	ICE	218205	208	1	T4SS_MOBP1	MPF_FA	1	13		Firmicutes_A	Clostridioides
NZ_CP026597_3936156..4089458	NA	153303	157	1	profile_MOBT	none	0	8		Firmicutes_A	Clostridioides
NZ_CP026598_3936593..4058005	NA	121413	120	1	profile_MOBT	MPF_FA	1	8		Firmicutes_A	Clostridioides
NZ_CP026604_5168656..5191745	IME	23090	22	0	NA	none	0	0		Proteobacteria	Algibacillus
NZ_CP026614_1982014..2004947	IME	22934	23	1	T4SS_MOBQ	none	0	4		Firmicutes_A	Clostridioides
NZ_CP026615_2495718..2863815	ICE	368098	338	1	profile_MOBT	MPF_FA	1	7		Firmicutes_A	Clostridioides
NZ_CP026647_78146..208309	ICE	130164	125	1	T4SS_MOBH	MPF_F	1	0	EexR	Proteobacteria	Vibrio
NZ_CP026652_1576758..1600833	NA	24076	29	1	T4SS_MOBP1	none	0	0		Actinobacteriota	Streptomyces
NZ_CP026652_2903007..2934334	NA	31328	31	1	T4SS_MOBP1	none	0	0		Actinobacteriota	Streptomyces
NZ_CP026655_631016..650773	NA	19758	18	1	T4SS_MOBC	none	0	0		Campylobacterota	Aliarcobacter
NZ_CP026676_3650904..3777772	ICE	126869	128	1	T4SS_MOBC,T4SS_MOBH,profile_MOBT	MPF_F	1	1		Proteobacteria	Pseudomonas_E
NZ_CP026680_5281383..5371346	ICE	89964	99	1	T4SS_MOBH	MPF_F	1	0		Proteobacteria	Pseudomonas
NZ_CP026680_5525745..5542370	IME	16626	12	1	T4SS_MOBQ,T4SS_MOBV	none	0	0		Proteobacteria	Pseudomonas
NZ_CP026702_3839972..3944025	NA	104054	118	1	T4SS_MOBH	MPF_F	1	0		Proteobacteria	Serratia
NZ_CP026715_3645380..3661106	NA	15727	17	1	T4SS_MOBP1	none	0	0		Proteobacteria	Klebsiella
NZ_CP026723_1665222..1727245	IME	62024	65	0	NA	none	0	0		Proteobacteria	Escherichia
NZ_CP026729_1386006..1414329	NA	28324	43	1	profile_MOBF,profile_MOBT	none	0	0		Actinobacteriota	Bifidobacterium
NZ_CP026729_1564080..1587342	NA	23263	25	1	T4SS_MOBP1	none	0	1		Actinobacteriota	Bifidobacterium
NZ_CP026729_1797456..1808799	NA	11344	12	0	NA	none	0	0		Actinobacteriota	Bifidobacterium
NZ_CP026730_2154668..2185345	NA	30678	25	0	NA	none	0	0		Actinobacteriota	Streptomyces
NZ_CP026730_3722728..3735647	NA	12920	17	0	NA	none	0	0		Actinobacteriota	Streptomyces
NZ_CP026730_5061001..5078495	AICE	17495	21	0	NA	none	0	0		Actinobacteriota	Streptomyces
NZ_CP026734_137131..151183	NA	14053	15	1	profile_MOBF	none	0	0		Actinobacteriota	Brevibacterium
NZ_CP026734_1837106..1845540	NA	8435	10	0	NA	none	0	0		Actinobacteriota	Brevibacterium
NZ_CP026746_1320417..1331760	NA	11344	18	0	NA	none	0	0		Actinobacteriota	Nocardia
NZ_CP026746_2007634..2018392	NA	10759	15	0	NA	none	0	0		Actinobacteriota	Nocardia
NZ_CP026746_786514..792534	NA	6021	8	0	NA	none	0	1		Actinobacteriota	Nocardia
NZ_CP026746_89116..121862	NA	32747	33	1	profile_MOBF	none	0	0		Actinobacteriota	Nocardia
NZ_CP026755_378260..426099	NA	47840	58	1	profile_MOBT	none	0	0		Proteobacteria	Escherichia
NZ_CP026756_2702826..2803887	ICE	101062	61	1	T4SS_MOBC	MPF_T	1	0	Eex_IncN	Proteobacteria	Klebsiella
NZ_CP026756_338368..350189	NA	11822	14	1	T4SS_MOBP1	none	0	0		Proteobacteria	Klebsiella
NZ_CP026880_4139395..4337578	ICE	198184	187	1	profile_MOBF	none	0	0		Proteobacteria	Pseudomonas_E
NZ_CP026881_20865..41061	IME	20197	11	1	T4SS_MOBH	none	0	0		Proteobacteria	Pseudomonas_E
NZ_CP026924_228430..400638	ICE	172209	181	1	T4SS_MOBP1,profile_MOBT	MPF_T	1	0		Proteobacteria	Agrobacterium
NZ_CP026975_3408704..3427920	IME	19217	22	1	T4SS_MOBP1	none	0	0		Proteobacteria	Enterobacter
NZ_CP026977_1659944..1698732	ICE	38789	38	1	T4SS_MOBC	MPF_T	1	0	Eex_IncN	Proteobacteria	Pectobacterium
NZ_CP026977_1730830..1771173	IME	40344	39	1	T4SS_MOBP1	none	0	0		Proteobacteria	Pectobacterium
NZ_CP026977_1774431..1807467	IME	33037	44	1	T4SS_MOBQ	none	0	0		Proteobacteria	Pectobacterium
NZ_CP026977_3689426..3697376	IME	7951	10	1	T4SS_MOBC	none	0	0		Proteobacteria	Pectobacterium
NZ_CP026979_1658461..1675130	NA	16670	19	1	T4SS_MOBQ	none	0	0		Proteobacteria	Pectobacterium
NZ_CP026980_1557610..1711205	ICE	153596	139	1	T4SS_MOBC,T4SS_MOBQ	MPF_T	1	0	Eex_IncN	Proteobacteria	Pectobacterium
NZ_CP026980_1801607..1874669	ICE	73063	84	1	T4SS_MOBC,T4SS_MOBQ,profile_MOBT	MPF_T	1	0	Eex_IncN	Proteobacteria	Pectobacterium
NZ_CP026980_3746209..3753953	NA	7745	12	1	T4SS_MOBC	none	0	0		Proteobacteria	Pectobacterium
NZ_CP026981_3529683..3536838	NA	7156	8	1	T4SS_MOBC	none	0	0		Proteobacteria	Pectobacterium
NZ_CP026982_1149420..1157370	IME	7951	10	1	T4SS_MOBC	none	0	0		Proteobacteria	Pectobacterium
NZ_CP026982_3071630..3104666	IME	33037	45	1	T4SS_MOBQ	none	0	0		Proteobacteria	Pectobacterium
NZ_CP026982_3153249..3192037	ICE	38789	38	1	T4SS_MOBC	MPF_T	1	0	Eex_IncN	Proteobacteria	Pectobacterium
NZ_CP026985_4142898..4226067	ICE	83170	81	1	T4SS_MOBH	MPF_F	1	0		Proteobacteria	Pectobacterium
NZ_CP027002_1011598..1043105	NA	31508	43	1	profile_MOBT	none	0	1		Firmicutes_A	Ruminococcus_B
NZ_CP027002_552266..676783	NA	124518	134	1	profile_MOBM,profile_MOBT	MPF_FA	1	8		Firmicutes_A	Ruminococcus_B
NZ_CP027022_3972449..3980550	NA	8102	7	1	T4SS_MOBP1	none	0	0		Actinobacteriota	Streptomyces
NZ_CP027022_4651336..4668865	AICE	17530	22	0	NA	none	0	0		Actinobacteriota	Streptomyces
NZ_CP027022_5308814..5325711	NA	16898	17	0	NA	none	0	1		Actinobacteriota	Streptomyces
NZ_CP027027_1410078..1448532	NA	38455	46	0	NA	none	0	0		Proteobacteria	Escherichia
NZ_CP027030_2774853..2807546	IME	32694	28	1	profile_MOBF	none	0	0		Proteobacteria	Vibrio
NZ_CP027036_332495..484436	NA	151942	157	1	T4SS_MOBH,profile_MOBT	MPF_F	1	0		Proteobacteria	Klebsiella
NZ_CP027036_4684844..4750459	ICE	65616	46	1	T4SS_MOBC	MPF_T	1	0	Eex_IncN	Proteobacteria	Klebsiella
NZ_CP027048_1835454..1864139	NA	28686	32	1	T4SS_MOBQ	none	0	0		Proteobacteria	Klebsiella
NZ_CP027048_741671..797813	NA	56143	64	1	T4SS_MOBH,profile_MOBT	MPF_F	1	0		Proteobacteria	Klebsiella
NZ_CP027053_453928..481413	IME	27486	29	1	T4SS_MOBQ	none	0	0		Proteobacteria	Klebsiella
NZ_CP027053_4851907..4908048	NA	56142	65	1	T4SS_MOBH,profile_MOBT	MPF_F	1	0		Proteobacteria	Klebsiella
NZ_CP027068_1869645..1929161	ICE	59517	41	1	T4SS_MOBC	MPF_T	1	0		Proteobacteria	Klebsiella
NZ_CP027111_1770077..1929017	ICE	158941	171	1	T4SS_MOBP1	MPF_I	1	0	ExcA	Proteobacteria	Enterobacter
NZ_CP027111_4076029..4168985	NA	92957	99	1	T4SS_MOBH	MPF_F	1	1		Proteobacteria	Enterobacter
NZ_CP027114_610718..639081	NA	28364	30	0	NA	none	0	0		Actinobacteriota	Gordonia
NZ_CP027116_996781..1127062	ICE	130282	156	1	profile_MOBT	MPF_FA	1	5		Firmicutes	Bacillus
NZ_CP027118_1114049..1167720	IME	53672	56	1	T4SS_MOBP1	none	0	0		Proteobacteria	Escherichia
NZ_CP027118_1178847..1351590	NA	172744	154	1	T4SS_MOBP1	none	0	0		Proteobacteria	Escherichia
NZ_CP027146_3001647..3056589	NA	54943	63	1	T4SS_MOBH,profile_MOBT	MPF_F	1	0		Proteobacteria	Klebsiella
NZ_CP027146_4052713..4080198	IME	27486	29	1	T4SS_MOBQ	none	0	0		Proteobacteria	Klebsiella
NZ_CP027160_2427188..2454673	IME	27486	29	1	T4SS_MOBQ	none	0	0		Proteobacteria	Klebsiella
NZ_CP027160_3450254..3509502	NA	59249	69	1	T4SS_MOBH,profile_MOBT	MPF_F	1	0		Proteobacteria	Klebsiella
NZ_CP027166_3303910..3482464	ICE	178555	175	1	T4SS_MOBH,profile_MOBT	MPF_F	1	0		Proteobacteria	Pseudomonas
NZ_CP027166_3795236..3886516	ICE	91281	106	1	T4SS_MOBH	MPF_F	1	0		Proteobacteria	Pseudomonas
NZ_CP027169_2179..85011	ICE	82833	83	1	T4SS_MOBP1	MPF_T	1	0	Eex_IncN	Proteobacteria	Pseudomonas
NZ_CP027171_2584290..2665237	ICE	80948	79	1	T4SS_MOBH	MPF_F	1	0		Proteobacteria	Pseudomonas
NZ_CP027171_3284186..3383318	ICE	99133	124	1	T4SS_MOBH	MPF_F	1	0		Proteobacteria	Pseudomonas
NZ_CP027171_564943..655001	ICE	90059	90	1	T4SS_MOBH	MPF_F	1	0		Proteobacteria	Pseudomonas
NZ_CP027172_1359551..1445795	ICE	86245	101	1	T4SS_MOBH	MPF_F	1	0		Proteobacteria	Pseudomonas
NZ_CP027172_16893..34687	IME	17795	16	1	T4SS_MOBP1	none	0	0		Proteobacteria	Pseudomonas
NZ_CP027172_3940516..4287650	ICE	347135	259	1	T4SS_MOBP1,profile_MOBT	none	0	0	Eex_IncN	Proteobacteria	Pseudomonas
NZ_CP027172_4365095..4454416	ICE	89322	91	1	T4SS_MOBH	MPF_F	1	0		Proteobacteria	Pseudomonas
NZ_CP027174_3429923..3519029	ICE	89107	103	1	T4SS_MOBH	MPF_F	1	0		Proteobacteria	Pseudomonas
NZ_CP027174_4178092..4265187	ICE	87096	104	1	T4SS_MOBH	MPF_F	1	0		Proteobacteria	Pseudomonas
NZ_CP027226_644981..702964	NA	57984	60	1	T4SS_MOBQ,profile_MOBF	none	0	1		Firmicutes_A	Fastidiosipila
NZ_CP027228_914844..953387	IME	38544	29	1	T4SS_MOBP1	MPF_FA	1	10		Firmicutes_A	Mogibacterium
NZ_CP027229_1100478..1206556	NA	106079	116	1	T4SS_MOBP1	none	0	1		Bacteroidota	Capnocytophaga
NZ_CP027229_1545098..1614835	ICE	69738	77	1	T4SS_MOBP1	none	0	0		Bacteroidota	Capnocytophaga
NZ_CP027231_2852439..2909453	NA	57015	50	1	T4SS_MOBP1	none	0	0		Bacteroidota	Bacteroides
NZ_CP027231_682799..760671	NA	77873	72	1	T4SS_MOBP1,T4SS_MOBV	none	0	0		Bacteroidota	Bacteroides
NZ_CP027232_629101..635258	NA	6158	7	1	T4SS_MOBP1	none	0	0		Bacteroidota	Capnocytophaga
NZ_CP027234_3131902..3198204	NA	66303	67	1	T4SS_MOBP1	none	0	0		Bacteroidota	Bacteroides
NZ_CP027234_3228296..3259062	NA	30767	34	1	T4SS_MOBP1	none	0	0		Bacteroidota	Bacteroides
NZ_CP027236_713078..715401	NA	2324	2	1	T4SS_MOBC	none	0	0		Actinobacteriota	Actinomyces
NZ_CP027250_862965..882806	NA	19842	17	1	T4SS_MOBQ	none	0	0		Proteobacteria	Acinetobacter
NZ_CP027254_1329805..1705130	ICE	375326	363	0	NA	none	0	0		Proteobacteria	Acinetobacter
NZ_CP027260_1630499..1669287	ICE	38789	38	1	T4SS_MOBC	MPF_T	1	0	Eex_IncN	Proteobacteria	Pectobacterium
NZ_CP027260_1714593..1774701	ICE	60109	49	1	T4SS_MOBC	MPF_T	1	0	Eex_IncN	Proteobacteria	Pectobacterium
NZ_CP027297_4395802..4410449	NA	14648	18	0	NA	none	0	0		Actinobacteriota	Streptomyces
NZ_CP027297_5442812..5449641	NA	6830	11	0	NA	none	0	0		Actinobacteriota	Streptomyces
NZ_CP027300_3824341..3848666	NA	24326	22	1	T4SS_MOBP1	none	0	0		Proteobacteria	Serratia
NZ_CP027310_4130266..4152664	NA	22399	26	1	T4SS_MOBQ	none	0	0		Proteobacteria	Escherichia
NZ_CP027312_459959..485797	NA	25839	30	1	T4SS_MOBQ	none	0	0		Proteobacteria	Escherichia
NZ_CP027317_964671..977270	IME	12600	11	0	NA	none	0	0		Proteobacteria	Escherichia
NZ_CP027323_4647151..4750387	ICE	103237	118	1	T4SS_MOBH	MPF_F	1	0		Proteobacteria	Escherichia
NZ_CP027340_1730793..1821425	ICE	90633	101	1	T4SS_MOBH	MPF_F	1	0		Proteobacteria	Escherichia
NZ_CP027363_3653709..3699250	NA	45542	60	0	NA	none	0	0		Proteobacteria	Escherichia
NZ_CP027365_508058..554002	NA	45945	38	1	T4SS_MOBP1	none	0	0		Proteobacteria	Acinetobacter
NZ_CP027373_3269348..3441640	NA	172293	158	1	T4SS_MOBP1	none	0	0		Proteobacteria	Escherichia
NZ_CP027373_3987053..4013311	NA	26259	30	1	T4SS_MOBQ	none	0	0		Proteobacteria	Escherichia
NZ_CP027397_4389546..4412943	IME	23398	24	1	T4SS_MOBP1	none	0	0		Proteobacteria	Yersinia
NZ_CP027398_541773..635642	NA	93870	88	1	T4SS_MOBH	MPF_F	1	0		Proteobacteria	Providencia
NZ_CP027400_1266152..1284782	NA	18631	24	1	T4SS_MOBQ	none	0	0		Fusobacteriota	Streptobacillus
NZ_CP027417_800344..833271	NA	32928	42	1	T4SS_MOBP1,T4SS_MOBV	MPF_T	1	0		Proteobacteria	Oligella
NZ_CP027417_965440..1136332	NA	170893	191	1	T4SS_MOBC,profile_MOBM	none	0	0		Proteobacteria	Oligella
NZ_CP027426_1931990..2008522	ICE	76533	74	1	T4SS_MOBH,profile_MOBT	MPF_F	1	0		Proteobacteria	Klebsiella
NZ_CP027427_333138..363168	NA	30031	39	1	T4SS_MOBP2	none	0	1		Firmicutes	Weissella
NZ_CP027434_645772..652916	NA	7145	7	1	T4SS_MOBP1	none	0	0		Actinobacteriota	Microbacterium
NZ_CP027440_3584654..3644576	ICE	59923	67	1	T4SS_MOBH,profile_MOBT	MPF_F	1	0		Proteobacteria	Escherichia
NZ_CP027447_4149914..4171976	IME	22063	21	1	T4SS_MOBP1	none	0	0		Proteobacteria	Escherichia
NZ_CP027454_3831044..3844910	IME	13867	14	0	NA	none	0	0		Proteobacteria	Escherichia
NZ_CP027461_2290804..2317644	IME	26841	25	1	T4SS_MOBQ	none	0	0		Proteobacteria	Escherichia
NZ_CP027506_2277766..2400812	NA	123047	111	1	T4SS_MOBH	none	0	0		Firmicutes	Enterococcus_B
NZ_CP027512_2344253..2414242	NA	69990	81	1	T4SS_MOBC	MPF_FA	1	3		Firmicutes	Enterococcus_B
NZ_CP027512_2718553..2783092	ICE	64540	59	1	profile_MOBT	none	0	7		Firmicutes	Enterococcus_B
NZ_CP027512_530475..630758	ICE	100284	90	1	profile_MOBT	MPF_FA	1	6		Firmicutes	Enterococcus_B
NZ_CP027517_1425715..1472020	IME	46306	54	1	profile_MOBT	none	0	1		Firmicutes	Enterococcus_B
NZ_CP027517_1793037..1867315	ICE	74279	79	1	profile_MOBT	none	0	8		Firmicutes	Enterococcus_B
NZ_CP027517_2721102..2790382	ICE	69281	63	1	profile_MOBT	MPF_FA	1	7		Firmicutes	Enterococcus_B
NZ_CP027528_2831269..2892770	IME	61502	66	1	T4SS_MOBQ	none	0	0		Proteobacteria	Acinetobacter
NZ_CP027538_533509..632965	ICE	99457	99	1	T4SS_MOBH	MPF_F	1	0		Proteobacteria	Pseudomonas
NZ_CP027539_599899..692223	NA	92325	104	1	T4SS_MOBH	MPF_F	1	0		Proteobacteria	Serratia
NZ_CP027543_4083151..4130881	IME	47731	42	1	profile_MOBF	none	0	0		Proteobacteria	Pseudomonas_A
NZ_CP027569_891929..948505	IME	56577	54	1	T4SS_MOBP1,T4SS_MOBV,profile_MOBT	none	0	0		Firmicutes_C	Megasphaera
NZ_CP027570_508524..515620	NA	7097	10	1	T4SS_MOBQ	none	0	0		Firmicutes_C	Megasphaera
NZ_CP027586_2830123..2832709	NA	2587	2	1	T4SS_MOBH	none	0	0		Proteobacteria	Escherichia
NZ_CP027591_958044..977676	IME	19633	21	1	T4SS_MOBQ	none	0	0		Proteobacteria	Escherichia
NZ_CP027611_1007702..1025957	IME	18256	19	1	T4SS_MOBQ	none	0	0		Proteobacteria	Acinetobacter
NZ_CP027663_2181032..2220436	IME	39405	35	1	profile_MOBF	none	0	0		Proteobacteria	Acidiferrobacter
NZ_CP027663_2275068..2318819	IME	43752	43	1	profile_MOBF	none	0	0		Proteobacteria	Acidiferrobacter
NZ_CP027663_467688..512257	NA	44570	43	0	NA	none	0	0		Proteobacteria	Acidiferrobacter
NZ_CP027664_2668731..2769831	ICE	101101	101	1	T4SS_MOBH,profile_MOBT	MPF_F	1	0		Proteobacteria	Pseudomonas_A
NZ_CP027665_2029347..2045129	IME	15783	12	1	T4SS_MOBP1	none	0	0		Proteobacteria	Pukyongiella
NZ_CP027665_3580509..3611433	NA	30925	39	1	T4SS_MOBP1,T4SS_MOBQ,T4SS_MOBV,profile_MOBT	MPF_T	1	0		Proteobacteria	Pukyongiella
NZ_CP027667_3499052..3573538	ICE	74487	75	1	T4SS_MOBH	MPF_F	1	0		Proteobacteria	Melaminivora_A
NZ_CP027669_3304669..3460935	ICE	156267	146	1	T4SS_MOBP1,profile_MOBT	MPF_T	1	0	Eex_IncN	Proteobacteria	Giesbergeria
NZ_CP027705_2626555..2843763	NA	217209	191	0	NA	none	0	0		Proteobacteria	Pseudomonas_E
NZ_CP027706_5166791..5170023	NA	3233	2	1	T4SS_MOBH	none	0	0		Proteobacteria	Pseudomonas_E
NZ_CP027708_5491803..5593205	ICE	101403	113	1	T4SS_MOBH	MPF_F	1	0		Proteobacteria	Pseudomonas_E
NZ_CP027710_5593365..5695730	ICE	102366	116	1	T4SS_MOBH	MPF_F	1	0		Proteobacteria	Pseudomonas_E
NZ_CP027719_4278587..4503201	ICE	224615	206	1	T4SS_MOBH	MPF_F	1	0		Proteobacteria	Pseudomonas_E
NZ_CP027721_2933186..3008532	NA	75347	79	0	NA	none	0	0		Proteobacteria	Pseudomonas_E
NZ_CP027726_2206062..2377975	NA	171914	158	1	T4SS_MOBH	MPF_F	1	0		Proteobacteria	Pseudomonas_E
NZ_CP027728_2174172..2320296	ICE	146125	152	1	T4SS_MOBH,profile_MOBT	MPF_F	1	0		Proteobacteria	Pseudomonas_E
NZ_CP027730_2152750..2320356	ICE	167607	172	1	T4SS_MOBH,profile_MOBT	MPF_F	1	0		Proteobacteria	Pseudomonas_E
NZ_CP027732_2117461..2300256	NA	182796	185	1	T4SS_MOBH,profile_MOBT	MPF_F	1	0		Proteobacteria	Pseudomonas_E
NZ_CP027739_5400127..5469646	NA	69520	72	1	T4SS_MOBH	MPF_F	1	1		Proteobacteria	Pseudomonas_E
NZ_CP027740_4146067..4301980	ICE	155914	149	1	T4SS_MOBH	MPF_F	1	0		Proteobacteria	Pseudomonas_E
NZ_CP027740_5484028..5582770	ICE	98743	100	1	T4SS_MOBH	MPF_F	1	0		Proteobacteria	Pseudomonas_E
NZ_CP027746_3910620..4004934	ICE	94315	103	1	T4SS_MOBH,profile_MOBT	MPF_F	1	0		Proteobacteria	Pseudomonas_E
NZ_CP027750_5192182..5371243	ICE	179062	163	1	T4SS_MOBH	MPF_F	1	0		Proteobacteria	Pseudomonas_E
NZ_CP027752_2828446..3263053	NA	434608	391	0	NA	none	0	0		Proteobacteria	Pseudomonas_E
NZ_CP027754_1411240..1418711	NA	7472	7	0	NA	none	0	0		Proteobacteria	Pseudomonas_E
NZ_CP027754_2460397..2585325	ICE	124929	120	1	T4SS_MOBH	MPF_F	1	0		Proteobacteria	Pseudomonas_E
NZ_CP027754_894896..949389	NA	54494	60	1	T4SS_MOBH	MPF_F	1	0		Proteobacteria	Pseudomonas_E
NZ_CP027756_888221..935473	NA	47253	51	1	T4SS_MOBH	MPF_F	1	0		Proteobacteria	Pseudomonas_E
NZ_CP027759_925072..979075	NA	54004	50	1	T4SS_MOBH	MPF_F	1	1		Proteobacteria	Pseudomonas_E
NZ_CP027760_2840994..3026028	NA	185035	168	1	T4SS_MOBH	MPF_F	1	0		Proteobacteria	Pseudomonas_E
NZ_CP027771_988674..1022381	ICE	33708	32	1	profile_MOBT	MPF_FA	1	7		Firmicutes	Streptococcus
NZ_CP027774_68800..121206	NA	52407	51	1	T4SS_MOBP1,T4SS_MOBV	none	0	0		Proteobacteria	Variovorax
NZ_CP027778_3769414..3792673	NA	23260	36	1	T4SS_MOBV,profile_MOBT	none	0	0		Firmicutes_A	Clostridium_F
NZ_CP027788_469074..537526	ICE	68453	70	1	profile_MOBT	MPF_FA	1	8		Firmicutes	Staphylococcus
NZ_CP027792_2337483..2529786	ICE	192304	189	1	T4SS_MOBP1,profile_MOBT	MPF_T	1	1	Eex_IncN	Proteobacteria	Pulveribacter
NZ_CP027804_2450327..2459459	NA	9133	10	0	NA	none	0	0		Proteobacteria	Aeromonas
NZ_CP028083_3215106..3243841	NA	28736	27	1	T4SS_MOBC	none	0	1		Firmicutes	Ureibacillus
NZ_CP028101_1466674..1544488	NA	77815	79	0	NA	none	0	0		Fusobacteriota	Fusobacterium
NZ_CP028127_2464805..2473327	NA	8523	13	1	profile_MOBT	none	0	0		Proteobacteria	Xanthomonas
NZ_CP028129_1024921..1031790	NA	6870	9	0	NA	none	0	0		Actinobacteriota	Rathayibacter
NZ_CP028129_2344632..2355494	NA	10863	12	0	NA	none	0	0		Actinobacteriota	Rathayibacter
NZ_CP028132_2546093..2577332	IME	31240	20	1	T4SS_MOBH	none	0	0		Proteobacteria	Pseudomonas
NZ_CP028133_4593929..4648257	IME	54329	47	1	T4SS_MOBP1,profile_MOBT	none	0	0		Proteobacteria	Aeromonas
NZ_CP028136_1234755..1251494	NA	16740	13	1	T4SS_MOBP1	none	0	0		Bacteroidota	Gramella
NZ_CP028136_1691267..1709429	NA	18163	15	1	T4SS_MOBP1	none	0	0		Bacteroidota	Gramella
NZ_CP028136_3364148..3528094	ICE	163947	157	1	T4SS_MOBB,T4SS_MOBP1	none	0	0		Bacteroidota	Gramella
NZ_CP028136_484078..562851	ICE	78774	68	1	T4SS_MOBB	none	0	0		Bacteroidota	Gramella
NZ_CP028136_962233..1008380	NA	46148	31	1	T4SS_MOBP1	none	0	0		Bacteroidota	Gramella
NZ_CP028149_2862976..2890243	NA	27268	25	1	profile_MOBT	none	0	0		Firmicutes_A	Clostridium_P
NZ_CP028149_859477..867654	IME	8178	7	1	profile_MOBT	none	0	0		Firmicutes_A	Clostridium_P
NZ_CP028157_2040788..2053599	IME	12812	8	1	T4SS_MOBQ	none	0	0		Proteobacteria	Salmonella
NZ_CP028158_2967551..3005504	NA	37954	31	0	NA	none	0	0		Actinobacteriota	Plantactinospora
NZ_CP028158_6084198..6100506	NA	16309	19	0	NA	none	0	0		Actinobacteriota	Plantactinospora
NZ_CP028159_4110333..4123606	NA	13274	19	0	NA	none	0	0		Actinobacteriota	Plantactinospora
NZ_CP028159_5693572..5708584	NA	15013	18	0	NA	none	0	0		Actinobacteriota	Plantactinospora
NZ_CP028162_2421208..2533807	ICE	112600	116	1	T4SS_MOBH	MPF_F	1	0		Proteobacteria	Pseudomonas
NZ_CP028162_4865466..4953317	ICE	87852	115	1	T4SS_MOBH	MPF_F	1	0		Proteobacteria	Pseudomonas
NZ_CP028162_5790494..5871980	ICE	81487	79	1	T4SS_MOBP1	MPF_T	1	0		Proteobacteria	Pseudomonas
NZ_CP028169_3880769..3949888	ICE	69120	52	1	T4SS_MOBC,profile_MOBM	MPF_T	1	0	Eex_IncN	Proteobacteria	Salmonella
NZ_CP028176_1697776..1724451	IME	26676	29	1	T4SS_MOBP1	none	0	0		Proteobacteria	Klebsiella
NZ_CP028209_107604..137086	ICE	29483	31	1	profile_MOBT	MPF_FA	1	6	DUF4467	Firmicutes	Bacillus
NZ_CP028215_2192948..2241869	ICE	48922	61	1	profile_MOBT	MPF_FA	1	7	DUF4467	Firmicutes	Bacillus
NZ_CP028271_3163950..3229079	NA	65130	75	1	T4SS_MOBH	MPF_F	1	0		Proteobacteria	Mixta
NZ_CP028320_2988911..3063967	IME	75057	83	1	T4SS_MOBQ	none	0	0		Proteobacteria	Escherichia
NZ_CP028339_331548..336380	NA	4833	8	0	NA	none	0	0		Proteobacteria	Thauera
NZ_CP028347_3219627..3466995	ICE	247369	246	1	profile_MOBF	MPF_F	1	0		Proteobacteria	Novosphingobium
NZ_CP028347_591850..610429	IME	18580	18	1	T4SS_MOBQ	none	0	0		Proteobacteria	Novosphingobium
NZ_CP028355_3190920..3216918	IME	25999	24	1	T4SS_MOBC	none	0	0		Proteobacteria	Shewanella
NZ_CP028355_4559397..4583119	IME	23723	20	1	T4SS_MOBC	none	0	0		Proteobacteria	Shewanella
NZ_CP028358_1048332..1068664	IME	20333	18	1	T4SS_MOBQ	none	0	0		Proteobacteria	Stenotrophomonas
NZ_CP028361_355580..606903	ICE	251324	227	1	profile_MOBT	MPF_FA	1	8		Firmicutes_A	Clostridioides
NZ_CP028361_3791463..3904577	NA	113115	105	1	profile_MOBT	MPF_FA	1	6		Firmicutes_A	Clostridioides
NZ_CP028369_1329936..1341597	NA	11662	14	0	NA	none	0	0		Actinobacteriota	Streptomyces
NZ_CP028369_1732704..1768710	IME	36007	28	1	T4SS_MOBP1	none	0	0		Actinobacteriota	Streptomyces
NZ_CP028369_2149968..2159888	NA	9921	14	0	NA	none	0	0		Actinobacteriota	Streptomyces
NZ_CP028369_7289172..7318640	NA	29469	37	1	T4SS_MOBP1	none	0	0		Actinobacteriota	Streptomyces
NZ_CP028435_1823688..1869887	IME	46200	46	1	profile_MOBM,profile_MOBT	none	0	0		Proteobacteria	Shewanella
NZ_CP028470_2340191..2414083	NA	73893	78	1	profile_MOBT	MPF_FA	1	6	DUF4467	Firmicutes	Staphylococcus
NZ_CP028483_1251886..1290783	NA	38898	42	1	T4SS_MOBP1	none	0	0		Proteobacteria	Escherichia
NZ_CP028491_2399276..2500843	NA	101568	138	1	T4SS_MOBH,profile_MOBT	none	0	0		Firmicutes_B	Carboxydocella
NZ_CP028516_5278990..5300578	IME	21589	21	1	T4SS_MOBH	none	0	0		Firmicutes	Bacillus_A
NZ_CP028542_3119012..3180794	ICE	61783	45	1	T4SS_MOBC	MPF_T	1	0		Proteobacteria	Klebsiella
NZ_CP028548_745440..801581	NA	56142	64	1	T4SS_MOBH,profile_MOBT	MPF_F	1	0		Proteobacteria	Klebsiella
NZ_CP028555_1800472..1848845	ICE	48374	45	1	T4SS_MOBC	MPF_T	1	0	Eex_IncN	Proteobacteria	Klebsiella
NZ_CP028574_900632..924879	NA	24248	25	1	T4SS_MOBQ	none	0	0		Proteobacteria	Acinetobacter
NZ_CP028584_2722336..2775714	ICE	53379	46	1	T4SS_MOBP1,profile_MOBT	MPF_T	1	0	Eex_IncN	Proteobacteria	Pseudomonas
NZ_CP028584_2945066..3036562	NA	91497	96	1	T4SS_MOBH	MPF_F	1	0		Proteobacteria	Pseudomonas
NZ_CP028584_5567129..5674073	ICE	106945	121	1	T4SS_MOBH	MPF_F	1	0		Proteobacteria	Pseudomonas
NZ_CP028720_1007276..1071411	ICE	64136	55	1	profile_MOBT	MPF_FA	1	7		Firmicutes	Enterococcus
NZ_CP028720_1468752..1549932	NA	81181	91	1	T4SS_MOBC,profile_MOBT	MPF_FA	1	4		Firmicutes	Enterococcus
NZ_CP028724_1519377..1584515	ICE	65139	64	1	profile_MOBT	MPF_FA	1	8		Firmicutes	Enterococcus
NZ_CP028730_1301982..1327262	IME	25281	22	1	T4SS_MOBC	none	0	0		Proteobacteria	Shewanella
NZ_CP028730_2208714..2235163	IME	26450	22	1	T4SS_MOBC	none	0	0		Proteobacteria	Shewanella
NZ_CP028783_741507..796450	NA	54944	64	1	T4SS_MOBH,profile_MOBT	MPF_F	1	0		Proteobacteria	Klebsiella
NZ_CP028797_744852..812972	NA	68121	77	1	T4SS_MOBH,profile_MOBT	MPF_F	1	0		Proteobacteria	Klebsiella
NZ_CP028806_740844..797093	NA	56250	67	1	T4SS_MOBH,profile_MOBT	MPF_F	1	0		Proteobacteria	Klebsiella
NZ_CP028813_1300663..1362556	ICE	61894	61	1	T4SS_MOBH	MPF_F	1	0		Proteobacteria	Edwardsiella
NZ_CP028833_905901..916252	IME	10352	12	1	T4SS_MOBV	none	0	0		Actinobacteriota	Trueperella
NZ_CP028834_2436567..2442728	NA	6162	10	0	NA	none	0	0		Actinobacteriota	Streptomyces
NZ_CP028834_4001590..4013309	NA	11720	15	0	NA	none	0	0		Actinobacteriota	Streptomyces
NZ_CP028834_4460161..4468433	NA	8273	9	0	NA	none	0	0		Actinobacteriota	Streptomyces
NZ_CP028834_5385470..5391199	NA	5730	9	0	NA	none	0	0		Actinobacteriota	Streptomyces
NZ_CP028848_5164794..5276868	ICE	112075	128	1	T4SS_MOBH	MPF_F	1	0		Proteobacteria	Pseudomonas
NZ_CP028894_1148429..1443718	ICE	295290	265	1	T4SS_MOBP1,profile_MOBT	none	0	2		Proteobacteria	Vibrio
NZ_CP028899_1077876..1097141	IME	19266	22	1	T4SS_MOBQ	none	0	0		Proteobacteria	Stenotrophomonas
NZ_CP028899_2249832..2344389	ICE	94558	96	1	profile_MOBT	none	0	0		Proteobacteria	Stenotrophomonas
NZ_CP028899_2990830..3007606	IME	16777	19	1	T4SS_MOBQ	none	0	0		Proteobacteria	Stenotrophomonas
NZ_CP028899_4424106..4532508	ICE	108403	105	1	T4SS_MOBP1	MPF_T	1	0	Eex_IncN	Proteobacteria	Stenotrophomonas
NZ_CP028900_1939732..1976271	IME	36540	40	1	T4SS_MOBQ	none	0	0		Proteobacteria	Salmonella
NZ_CP028900_4312680..4321637	NA	8958	12	1	T4SS_MOBP1	none	0	0		Proteobacteria	Salmonella
NZ_CP028913_2498267..2516377	IME	18111	12	1	profile_MOBF	none	0	0		Actinobacteriota	Agromyces
NZ_CP028917_1699886..1790283	ICE	90398	105	1	T4SS_MOBH	MPF_F	1	0		Proteobacteria	Pseudomonas
NZ_CP028917_4336229..4433554	ICE	97326	104	1	T4SS_MOBH	MPF_F	1	0		Proteobacteria	Pseudomonas
NZ_CP028917_4892404..4951774	NA	59371	69	1	T4SS_MOBH,profile_MOBT	MPF_F	1	0		Proteobacteria	Pseudomonas
NZ_CP028950_490831..500430	NA	9600	10	1	T4SS_MOBQ	none	0	0		Proteobacteria	Enterobacter
NZ_CP028956_343523..346601	NA	3079	3	1	T4SS_MOBH	none	0	0		Proteobacteria	Morganella
NZ_CP028963_2216263..2295011	NA	78749	71	1	T4SS_MOBP1	none	0	0		Proteobacteria	Burkholderia
NZ_CP028963_3001551..3007446	NA	5896	7	1	T4SS_MOBP1,profile_MOBT	none	0	0		Proteobacteria	Burkholderia
NZ_CP028974_530004..610181	ICE	80178	89	1	T4SS_MOBH	MPF_F	1	0		Proteobacteria	Cronobacter
NZ_CP028990_5106314..5129335	NA	23022	25	1	T4SS_MOBP1	none	0	0		Proteobacteria	Klebsiella
NZ_CP028994_3902238..3930405	IME	28168	33	1	T4SS_MOBQ	none	0	0		Proteobacteria	Klebsiella
NZ_CP028994_5226674..5284721	NA	58048	67	1	T4SS_MOBH,profile_MOBT	MPF_F	1	0		Proteobacteria	Klebsiella
NZ_CP029002_3020943..3071265	IME	50323	37	0	NA	none	0	0		Firmicutes	Solibacillus
NZ_CP029041_1189649..1430424	ICE	240776	234	1	T4SS_MOBP1	none	0	1		Proteobacteria	Salmonella
NZ_CP029041_4332006..4421664	NA	89659	95	1	T4SS_MOBH	MPF_F	1	1		Proteobacteria	Salmonella
NZ_CP029042_2676163..2685469	NA	9307	9	0	NA	none	0	0		Actinobacteriota	Streptomyces
NZ_CP029042_4453031..4483524	NA	30494	30	0	NA	none	0	0		Actinobacteriota	Streptomyces
NZ_CP029042_5016164..5034692	NA	18529	20	1	T4SS_MOBP1	none	0	0		Actinobacteriota	Streptomyces
NZ_CP029042_7301079..7310570	NA	9492	9	0	NA	none	0	1		Actinobacteriota	Streptomyces
NZ_CP029043_3660786..3675181	NA	14396	14	0	NA	none	0	0		Actinobacteriota	Streptomyces
NZ_CP029043_3932302..3939179	NA	6878	10	0	NA	none	0	0		Actinobacteriota	Streptomyces
NZ_CP029043_4076731..4091350	NA	14620	17	0	NA	none	0	0		Actinobacteriota	Streptomyces
NZ_CP029043_4397797..4427299	AICE	29503	25	0	NA	none	0	0		Actinobacteriota	Streptomyces
NZ_CP029043_5095506..5114003	NA	18498	18	0	NA	none	0	0		Actinobacteriota	Streptomyces
NZ_CP029049_2028644..2185651	NA	157008	147	1	profile_MOBT	none	0	0		Actinobacteriota	Miniimonas
NZ_CP029049_588010..613224	IME	25215	20	1	profile_MOBF	none	0	0		Actinobacteriota	Miniimonas
NZ_CP029057_4567346..4631858	NA	64513	79	1	T4SS_MOBP1	none	0	0		Proteobacteria	Escherichia
NZ_CP029066_2366610..2398604	NA	31995	35	1	T4SS_MOBP1	none	0	0		Firmicutes	Enterococcus_B
NZ_CP029070_3972880..4036704	NA	63825	76	1	profile_MOBT	MPF_FA	1	6	DUF4467	Firmicutes	Bacillus
NZ_CP029072_3983318..3988799	NA	5482	6	0	NA	none	0	0		Actinobacteriota	Mycobacterium
NZ_CP029088_2989728..3432487	ICE	442760	344	1	T4SS_MOBP1,profile_MOBT	MPF_T	1	0	Eex_IncN	Proteobacteria	Pseudomonas
NZ_CP029088_5361637..5424863	ICE	63227	64	1	T4SS_MOBH	MPF_F	1	0		Proteobacteria	Pseudomonas
NZ_CP029088_5757738..5841631	ICE	83894	103	1	T4SS_MOBH	MPF_F	1	0		Proteobacteria	Pseudomonas
NZ_CP029089_2549949..2650054	ICE	100106	111	1	T4SS_MOBH	MPF_F	1	0		Proteobacteria	Pseudomonas
NZ_CP029089_6693279..6782711	ICE	89433	106	1	T4SS_MOBH	MPF_F	1	0		Proteobacteria	Pseudomonas
NZ_CP029090_1184062..1271687	NA	87626	76	1	T4SS_MOBP1	MPF_T	1	0		Proteobacteria	Pseudomonas
NZ_CP029090_1922187..2000866	NA	78680	81	1	T4SS_MOBH	MPF_F	1	0		Proteobacteria	Pseudomonas
NZ_CP029090_3094613..3179438	ICE	84826	86	1	T4SS_MOBH,profile_MOBT	MPF_F	1	0		Proteobacteria	Pseudomonas
NZ_CP029090_4163026..4251884	ICE	88859	91	1	T4SS_MOBH,profile_MOBT	MPF_F	1	0		Proteobacteria	Pseudomonas
NZ_CP029090_4891592..4986069	ICE	94478	123	1	T4SS_MOBH	MPF_F	1	0		Proteobacteria	Pseudomonas
NZ_CP029090_7149021..7163963	NA	14943	28	0	NA	none	0	0		Proteobacteria	Pseudomonas
NZ_CP029093_5326271..5392161	ICE	65891	67	1	T4SS_MOBP1	MPF_T	1	0	Eex_IncN	Proteobacteria	Pseudomonas
NZ_CP029097_1479588..1567435	ICE	87848	115	1	T4SS_MOBH	MPF_F	1	0		Proteobacteria	Pseudomonas
NZ_CP029097_6637149..6765319	NA	128171	136	1	T4SS_MOBP1	MPF_T	1	0	Eex_IncN	Proteobacteria	Pseudomonas
NZ_CP029099_1875258..1902743	IME	27486	29	1	T4SS_MOBQ	none	0	0		Proteobacteria	Klebsiella
NZ_CP029128_1843582..1859710	NA	16129	17	1	T4SS_MOBP1	none	0	0		Proteobacteria	Klebsiella
NZ_CP029133_10416..23721	NA	13306	10	1	T4SS_MOBQ,profile_MOBF	none	0	0		Proteobacteria	Proteus
NZ_CP029133_2419871..2489836	NA	69966	69	1	T4SS_MOBH	MPF_F	1	0		Proteobacteria	Proteus
NZ_CP029141_4124123..4131708	NA	7586	11	1	T4SS_MOBP1	none	0	0		Proteobacteria	Klebsiella
NZ_CP029141_4866980..4893913	NA	26934	25	1	T4SS_MOBP1	none	0	0		Proteobacteria	Klebsiella
NZ_CP029145_846159..1370895	ICE	524737	478	1	T4SS_MOBP1	none	0	1		Bacteroidota	Hymenobacter
NZ_CP029149_237981..284992	NA	47012	50	1	T4SS_MOBP1	none	0	1		Bacteroidota	Bergeyella_A
NZ_CP029151_1378105..1404902	NA	26798	24	1	T4SS_MOBP1,T4SS_MOBV	none	0	0		Bacteroidota	Dokdonia
NZ_CP029151_3428982..3512073	ICE	83092	61	1	T4SS_MOBB	none	0	0		Bacteroidota	Dokdonia
NZ_CP029152_397164..603512	ICE	206349	189	1	T4SS_MOBP1,T4SS_MOBQ,profile_MOBT	MPF_FA	1	15		Firmicutes_A	Clostridioides
NZ_CP029154_397152..573550	ICE	176399	158	1	T4SS_MOBP1,profile_MOBT	MPF_FA	1	15		Firmicutes_A	Clostridioides
NZ_CP029159_1751075..1797173	NA	46099	51	1	T4SS_MOBP1	none	0	1		Actinobacteriota	Streptomyces
NZ_CP029159_2395476..2423461	NA	27986	25	1	T4SS_MOBP1	none	0	0		Actinobacteriota	Streptomyces
NZ_CP029159_3332669..3348087	NA	15419	16	0	NA	none	0	0		Actinobacteriota	Streptomyces
NZ_CP029159_3712213..3734071	NA	21859	15	1	T4SS_MOBP1	none	0	0		Actinobacteriota	Streptomyces
NZ_CP029159_3803034..3832229	IME	29196	23	1	T4SS_MOBP1	none	0	0		Actinobacteriota	Streptomyces
NZ_CP029159_4313283..4328451	NA	15169	19	0	NA	none	0	0		Actinobacteriota	Streptomyces
NZ_CP029159_4655963..4663309	NA	7347	8	0	NA	none	0	0		Actinobacteriota	Streptomyces
NZ_CP029166_386520..491253	ICE	104734	121	1	profile_MOBT	MPF_FA	1	8		Firmicutes	Staphylococcus
NZ_CP029172_36676..68646	IME	31971	38	1	T4SS_MOBV	none	0	0		Firmicutes	Staphylococcus
NZ_CP029176_1491907..1539177	NA	47271	48	1	T4SS_MOBQ	none	0	0		Proteobacteria	Acidibrevibacterium
NZ_CP029176_2655759..2759434	ICE	103676	112	1	T4SS_MOBQ	none	0	0		Proteobacteria	Acidibrevibacterium
NZ_CP029176_474393..607653	ICE	133261	141	1	T4SS_MOBP1,profile_MOBT	MPF_T	1	0		Proteobacteria	Acidibrevibacterium
NZ_CP029185_1415160..1476850	NA	61691	47	0	NA	none	0	0		Proteobacteria	Limnobaculum
NZ_CP029186_3169707..3221251	NA	51545	52	1	T4SS_MOBP1	none	0	0		Bacteroidota	Flavobacterium
NZ_CP029188_1318308..1343696	AICE	25389	30	0	NA	none	0	0		Actinobacteriota	Streptomyces
NZ_CP029188_3165844..3181970	AICE	16127	16	0	NA	none	0	0		Actinobacteriota	Streptomyces
NZ_CP029188_3658635..3672515	NA	13881	17	0	NA	none	0	0		Actinobacteriota	Streptomyces
NZ_CP029188_5056476..5081559	NA	25084	22	1	profile_MOBF	none	0	0		Actinobacteriota	Streptomyces
NZ_CP029188_5344441..5354267	NA	9827	10	0	NA	none	0	0		Actinobacteriota	Streptomyces
NZ_CP029188_7137485..7157924	NA	20440	28	0	NA	none	0	0		Actinobacteriota	Streptomyces
NZ_CP029189_3646237..3651612	NA	5376	5	0	NA	none	0	0		Actinobacteriota	Streptomyces
NZ_CP029189_6979381..7004902	NA	25522	29	1	T4SS_MOBP1	none	0	0		Actinobacteriota	Streptomyces
NZ_CP029191_3930020..3944556	NA	14537	18	0	NA	none	0	0		Actinobacteriota	Streptomyces
NZ_CP029191_4428957..4444137	NA	15181	19	0	NA	none	0	0		Actinobacteriota	Streptomyces
NZ_CP029191_5511594..5524346	NA	12753	16	0	NA	none	0	0		Actinobacteriota	Streptomyces
NZ_CP029192_2595483..2622749	NA	27267	30	0	NA	none	0	1		Actinobacteriota	Streptomyces
NZ_CP029192_2984196..3004826	NA	20631	24	0	NA	none	0	0		Actinobacteriota	Streptomyces
NZ_CP029192_4339280..4349971	NA	10692	16	0	NA	none	0	0		Actinobacteriota	Streptomyces
NZ_CP029192_4626324..4636664	NA	10341	14	0	NA	none	0	0		Actinobacteriota	Streptomyces
NZ_CP029193_3762580..3781089	NA	18510	21	0	NA	none	0	0		Actinobacteriota	Streptomyces
NZ_CP029193_4439556..4477919	IME	38364	32	1	T4SS_MOBP1	none	0	0		Actinobacteriota	Streptomyces
NZ_CP029194_3573762..3589663	NA	15902	20	0	NA	none	0	0		Actinobacteriota	Streptomyces
NZ_CP029194_3966779..3978049	NA	11271	17	0	NA	none	0	0		Actinobacteriota	Streptomyces
NZ_CP029194_4208849..4222771	NA	13923	17	0	NA	none	0	0		Actinobacteriota	Streptomyces
NZ_CP029194_4579113..4586652	NA	7540	6	1	T4SS_MOBP1	none	0	0		Actinobacteriota	Streptomyces
NZ_CP029194_4725687..4752034	IME	26348	21	1	T4SS_MOBP1	none	0	0		Actinobacteriota	Streptomyces
NZ_CP029194_5023126..5038487	AICE	15362	25	0	NA	none	0	0		Actinobacteriota	Streptomyces
NZ_CP029194_7390153..7397812	NA	7660	7	0	NA	none	0	0		Actinobacteriota	Streptomyces
NZ_CP029195_3701929..3717249	NA	15321	25	0	NA	none	0	0		Actinobacteriota	Streptomyces
NZ_CP029196_3439552..3453252	NA	13701	19	0	NA	none	0	0		Actinobacteriota	Streptomyces
NZ_CP029196_4200135..4205778	NA	5644	8	0	NA	none	0	0		Actinobacteriota	Streptomyces
NZ_CP029197_2130701..2148310	NA	17610	20	0	NA	none	0	0		Actinobacteriota	Streptomyces
NZ_CP029197_2694062..2710177	NA	16116	18	0	NA	none	0	0		Actinobacteriota	Streptomyces
NZ_CP029197_4316743..4345090	NA	28348	35	0	NA	none	0	0		Actinobacteriota	Streptomyces
NZ_CP029198_434495..517490	ICE	82996	90	1	profile_MOBT	MPF_FA	1	8		Firmicutes	Staphylococcus
NZ_CP029210_1713480..1947501	ICE	234022	216	1	T4SS_MOBH	MPF_F	1	0		Proteobacteria	Aquabacterium
NZ_CP029231_2655620..2766982	NA	111363	104	1	T4SS_MOBP1	none	0	0		Proteobacteria	Sinorhizobium
NZ_CP029241_606570..617874	NA	11305	15	0	NA	none	0	0		Actinobacteriota	Streptomyces
NZ_CP029241_7665331..7683441	NA	18111	24	0	NA	none	0	0		Actinobacteriota	Streptomyces
NZ_CP029254_3228902..3234938	NA	6037	9	0	NA	none	0	0		Actinobacteriota	Streptomyces
NZ_CP029254_4461812..4479309	AICE	17498	19	0	NA	none	0	0		Actinobacteriota	Streptomyces
NZ_CP029255_2476291..2562374	IME	86084	77	1	T4SS_MOBP1,T4SS_MOBV	none	0	0		Bacteroidota	Flavobacterium
NZ_CP029255_4572266..4644576	NA	72311	61	1	T4SS_MOBP1,T4SS_MOBV	none	0	0		Bacteroidota	Flavobacterium
NZ_CP029256_1206574..1329347	ICE	122774	117	1	T4SS_MOBP1,profile_MOBT	MPF_FA	1	7		Firmicutes_A	Christensenella
NZ_CP029256_127713..194685	NA	66973	72	1	profile_MOBT	none	0	0		Firmicutes_A	Christensenella
NZ_CP029256_1836836..1952259	NA	115424	109	1	T4SS_MOBP1,T4SS_MOBV,profile_MOBT	MPF_FA	1	6		Firmicutes_A	Christensenella
NZ_CP029256_2311826..2321902	NA	10077	13	1	T4SS_MOBP1	none	0	0		Firmicutes_A	Christensenella
NZ_CP029263_1848187..1891379	IME	43193	42	1	T4SS_MOBQ	none	0	0		Proteobacteria	Xanthomonas
NZ_CP029332_3338454..3375373	NA	36920	35	0	NA	none	0	1		Actinobacteriota	Mycobacterium
NZ_CP029335_2269877..2303273	IME	33397	27	1	T4SS_MOBQ	none	0	0		Proteobacteria	Sphingobium
NZ_CP029335_3748980..4176014	NA	427035	395	1	profile_MOBF	MPF_T	1	1		Proteobacteria	Sphingobium
NZ_CP029338_3705767..3718953	NA	13187	16	0	NA	none	0	0		Actinobacteriota	Streptomyces
NZ_CP029342_3027093..3034654	NA	7562	7	1	T4SS_MOBP1	none	0	0		Actinobacteriota	Streptomyces
NZ_CP029342_4052283..4066766	NA	14484	17	0	NA	none	0	0		Actinobacteriota	Streptomyces
NZ_CP029342_636411..663307	NA	26897	30	1	T4SS_MOBP1	none	0	0		Actinobacteriota	Streptomyces
NZ_CP029352_297582..353744	IME	56163	55	1	T4SS_MOBQ	none	0	0		Proteobacteria	Azospirillum
NZ_CP029355_30250..77317	NA	47068	50	1	T4SS_MOBP1,profile_MOBT	MPF_T	1	0		Proteobacteria	Azospirillum
NZ_CP029361_3289631..3304433	NA	14803	19	1	profile_MOBT	none	0	0		Actinobacteriota	Streptomyces
NZ_CP029361_3418422..3459293	NA	40872	40	0	NA	none	0	0		Actinobacteriota	Streptomyces
NZ_CP029384_746731..802872	NA	56142	64	1	T4SS_MOBH,profile_MOBT	MPF_F	1	0		Proteobacteria	Klebsiella
NZ_CP029388_1587852..1649621	ICE	61770	48	1	T4SS_MOBC	MPF_T	1	0	Eex_IncN	Proteobacteria	Klebsiella
NZ_CP029398_919816..1037467	ICE	117652	120	1	T4SS_MOBP1,T4SS_MOBV,profile_MOBT	MPF_FA	1	14		Firmicutes	Streptococcus
NZ_CP029449_1355947..1450153	NA	94207	95	1	T4SS_MOBP1	MPF_T	1	0		Proteobacteria	Serratia
NZ_CP029449_4601120..4630116	IME	28997	32	1	T4SS_MOBQ	none	0	0		Proteobacteria	Serratia
NZ_CP029462_205509..274679	ICE	69171	66	1	T4SS_MOBP1,T4SS_MOBQ,profile_MOBT	MPF_T	1	0		Firmicutes_C	Megasphaera
NZ_CP029463_1092175..1135225	NA	43051	48	1	T4SS_MOBP1,profile_MOBT	none	0	1		Bacteroidota	Flavobacterium
NZ_CP029464_3384015..3414909	NA	30895	36	1	profile_MOBT	MPF_FA	1	7		Firmicutes	Bacillus
NZ_CP029465_524546..551524	NA	26979	34	1	profile_MOBT	MPF_FA	1	8	DUF4467	Firmicutes	Bacillus
NZ_CP029466_567770..604594	NA	36825	42	1	profile_MOBT	MPF_FA	1	6	DUF4467	Firmicutes	Bacillus
NZ_CP029477_1296185..1324740	NA	28556	25	1	T4SS_MOBH	none	0	0		Firmicutes	Lactobacillus
NZ_CP029487_3364841..3386692	NA	21852	29	1	T4SS_MOBP1	none	0	1		Firmicutes_A	Eubacterium
NZ_CP029536_500825..533668	ICE	32844	35	1	profile_MOBT	MPF_FA	1	7		Firmicutes	Lacticaseibacillus
NZ_CP029541_5132292..5148877	NA	16586	16	0	NA	none	0	0		Actinobacteriota	Streptomyces
NZ_CP029541_5737847..5753680	NA	15834	21	0	NA	none	0	0		Actinobacteriota	Streptomyces
NZ_CP029541_7474037..7481057	NA	7021	7	1	T4SS_MOBP1	none	0	0		Actinobacteriota	Streptomyces
NZ_CP029561_952875..973204	ICE	20330	22	1	profile_MOBM,profile_MOBT	MPF_FA	1	8		Firmicutes	Streptococcus
NZ_CP029574_1518833..1548541	NA	29709	25	1	T4SS_MOBH	none	0	0		Proteobacteria	Escherichia
NZ_CP029601_3375401..3449988	NA	74588	78	1	T4SS_MOBP1	none	0	1		Actinobacteriota	Streptomyces
NZ_CP029601_4670907..4685628	NA	14722	16	0	NA	none	0	0		Actinobacteriota	Streptomyces
NZ_CP029601_5177820..5227342	NA	49523	40	0	NA	none	0	0		Actinobacteriota	Streptomyces
NZ_CP029603_11789..41068	NA	29280	28	1	T4SS_MOBP1,profile_MOBT	none	0	0		Proteobacteria	Bradyrhizobium
NZ_CP029605_2724237..2841241	ICE	117005	116	1	T4SS_MOBH	MPF_F	1	0		Proteobacteria	Pseudomonas
NZ_CP029605_5240396..5358802	ICE	118407	117	1	T4SS_MOBH,profile_MOBT	MPF_F	1	0		Proteobacteria	Pseudomonas
NZ_CP029605_5752794..5854462	ICE	101669	118	1	T4SS_MOBH	MPF_F	1	0		Proteobacteria	Pseudomonas
NZ_CP029607_2308812..2331556	NA	22745	31	0	NA	none	0	0		Actinobacteriota	Actinosynnema
NZ_CP029607_614495..624947	NA	10453	11	0	NA	none	0	0		Actinobacteriota	Actinosynnema
NZ_CP029612_1708804..1796161	ICE	87358	82	1	profile_MOBT	MPF_FA	1	8		Firmicutes	Enterococcus
NZ_CP029612_2656413..2726131	NA	69719	77	1	T4SS_MOBC,profile_MOBT	MPF_FA	1	3		Firmicutes	Enterococcus
NZ_CP029612_3001796..3054253	IME	52458	40	1	profile_MOBT	none	0	1		Firmicutes	Enterococcus
NZ_CP029615_2107287..2222759	NA	115473	117	1	T4SS_MOBP1,T4SS_MOBP2	none	0	2		Firmicutes	Limosilactobacillus
NZ_CP029617_3903440..3945629	NA	42190	63	0	NA	none	0	0		Actinobacteriota	Streptomyces
NZ_CP029617_4454393..4462590	NA	8198	11	1	T4SS_MOBP1	none	0	0		Actinobacteriota	Streptomyces
NZ_CP029618_4453705..4472709	NA	19005	23	0	NA	none	0	0		Actinobacteriota	Streptomyces
NZ_CP029627_835888..887244	ICE	51357	58	1	profile_MOBT	MPF_FA	1	5	DUF4467	Firmicutes	Staphylococcus
NZ_CP029642_2811392..2953495	ICE	142104	121	1	profile_MOBF	none	0	1		Actinobacteriota	Specibacter
NZ_CP029644_716044..757514	IME	41471	30	1	profile_MOBF	none	0	0		Actinobacteriota	Corynebacterium
NZ_CP029652_2181056..2240089	ICE	59034	72	1	profile_MOBT	MPF_FA	1	7	DUF4467	Firmicutes	Staphylococcus
NZ_CP029653_1263543..1506193	NA	242651	226	1	profile_MOBM,profile_MOBT	MPF_FA	1	6	DUF4467	Firmicutes	Staphylococcus
NZ_CP029653_627093..718709	ICE	91617	93	1	profile_MOBF,profile_MOBT	MPF_FA	1	6	DUF4467	Firmicutes	Staphylococcus
NZ_CP029675_407477..455941	ICE	48465	57	1	profile_MOBT	MPF_FA	1	8		Firmicutes	Staphylococcus
NZ_CP029689_267837..328129	ICE	60293	42	1	T4SS_MOBC	MPF_T	1	0		Proteobacteria	Klebsiella
NZ_CP029707_4153870..4238811	ICE	84942	104	1	T4SS_MOBH	MPF_F	1	0		Proteobacteria	Pseudomonas
NZ_CP029707_623629..738604	NA	114976	96	1	T4SS_MOBP1	MPF_T	1	0		Proteobacteria	Pseudomonas
NZ_CP029710_8240185..8259523	NA	19339	19	1	profile_MOBF	none	0	0		Actinobacteriota	Nocardia
NZ_CP029722_3857256..3880271	NA	23016	25	1	T4SS_MOBP1	none	0	0		Proteobacteria	Klebsiella
NZ_CP029725_2030726..2123348	NA	92623	88	1	T4SS_MOBH	MPF_F	1	0		Proteobacteria	Proteus
NZ_CP029727_2723941..2937960	ICE	214020	200	1	T4SS_MOBC	none	0	0	Eex_IncN	Proteobacteria	Citrobacter
NZ_CP029738_3997336..4078188	NA	80853	85	1	T4SS_MOBH	MPF_F	1	0		Proteobacteria	Klebsiella
NZ_CP029741_1280329..1321805	IME	41477	45	1	T4SS_MOBH,profile_MOBM	none	0	0		Proteobacteria	Escherichia
NZ_CP029741_2980436..3010157	NA	29722	33	0	NA	none	0	0		Proteobacteria	Escherichia
NZ_CP029745_2363201..2408995	ICE	45795	49	1	T4SS_MOBH	MPF_F	1	0		Proteobacteria	Pseudomonas
NZ_CP029745_2754600..2854705	ICE	100106	110	1	T4SS_MOBH	MPF_F	1	0		Proteobacteria	Pseudomonas
NZ_CP029745_4637689..4726795	ICE	89107	103	1	T4SS_MOBH	MPF_F	1	0		Proteobacteria	Pseudomonas
NZ_CP029749_568728..670529	ICE	101802	101	1	profile_MOBT	MPF_FA	1	7		Firmicutes	Streptococcus
NZ_CP029751_438248..496566	ICE	58319	62	1	profile_MOBT	MPF_FA	1	6	DUF4467	Firmicutes	Staphylococcus
NZ_CP029753_2941124..2990475	IME	49352	44	1	T4SS_MOBQ	none	0	0		Verrucomicrobiota	Akkermansia
NZ_CP029760_1556149..1616538	NA	60390	49	1	T4SS_MOBP1	none	0	0		Bacteroidota	Riemerella
NZ_CP029760_880884..1070778	ICE	189895	205	1	T4SS_MOBP1	none	0	0		Bacteroidota	Riemerella
NZ_CP029772_2788787..2802741	NA	13955	22	0	NA	none	0	0		Proteobacteria	Pseudomonas_A
NZ_CP029773_1759416..1840791	NA	81376	87	1	T4SS_MOBC	none	0	0		Proteobacteria	Stenotrophomonas
NZ_CP029773_2272792..2351071	NA	78280	85	0	NA	none	0	0		Proteobacteria	Stenotrophomonas
NZ_CP029788_4011196..4024015	NA	12820	20	0	NA	none	0	0		Actinobacteriota	Streptomyces
NZ_CP029823_6655866..6664305	NA	8440	9	0	NA	none	0	0		Actinobacteriota	Streptomyces
NZ_CP029823_6781034..6796897	NA	15864	18	0	NA	none	0	0		Actinobacteriota	Streptomyces
NZ_CP029826_644235..803849	ICE	159615	171	1	T4SS_MOBP1,T4SS_MOBV,profile_MOBT	MPF_T	1	0		Proteobacteria	Burkholderia
NZ_CP029846_4260673..4525933	ICE	265261	257	1	T4SS_MOBH	MPF_F	1	0		Proteobacteria	Salmonella
NZ_CP029850_4261167..4526513	ICE	265347	257	1	T4SS_MOBH	MPF_F	1	0		Proteobacteria	Salmonella
NZ_CP029852_2001441..2024022	IME	22582	21	1	T4SS_MOBQ	none	0	0		Proteobacteria	Salmonella
NZ_CP029852_4241787..4507046	ICE	265260	255	1	T4SS_MOBH	MPF_F	1	0		Proteobacteria	Salmonella
NZ_CP029853_4193601..4458396	ICE	264796	255	1	T4SS_MOBH	MPF_F	1	0		Proteobacteria	Salmonella
NZ_CP029855_4259367..4525403	ICE	266037	257	1	T4SS_MOBH	MPF_F	1	0		Proteobacteria	Salmonella
NZ_CP029858_4260484..4525745	ICE	265262	258	1	T4SS_MOBH	MPF_F	1	0		Proteobacteria	Salmonella
NZ_CP029861_4243156..4508415	ICE	265260	256	1	T4SS_MOBH	MPF_F	1	0		Proteobacteria	Salmonella
NZ_CP029862_4273574..4538833	ICE	265260	255	1	T4SS_MOBH	MPF_F	1	0		Proteobacteria	Salmonella
NZ_CP029873_4242288..4507462	ICE	265175	256	1	T4SS_MOBH	MPF_F	1	0		Proteobacteria	Salmonella
NZ_CP029878_4242217..4507476	ICE	265260	256	1	T4SS_MOBH	MPF_F	1	0		Proteobacteria	Salmonella
NZ_CP029880_4243391..4508480	ICE	265090	256	1	T4SS_MOBH	MPF_F	1	0		Proteobacteria	Salmonella
NZ_CP029882_4232614..4497886	ICE	265273	253	1	T4SS_MOBH	MPF_F	1	0		Proteobacteria	Salmonella
NZ_CP029890_4251085..4516254	ICE	265170	253	1	T4SS_MOBH	MPF_F	1	0		Proteobacteria	Salmonella
NZ_CP029897_4357034..4622203	ICE	265170	253	1	T4SS_MOBH	MPF_F	1	0		Proteobacteria	Salmonella
NZ_CP029902_4263614..4528783	ICE	265170	253	1	T4SS_MOBH	MPF_F	1	0		Proteobacteria	Salmonella
NZ_CP029906_4234309..4499326	ICE	265018	253	1	T4SS_MOBH	MPF_F	1	0		Proteobacteria	Salmonella
NZ_CP029911_4242516..4507775	ICE	265260	255	1	T4SS_MOBH	MPF_F	1	0		Proteobacteria	Salmonella
NZ_CP029918_4221400..4503140	ICE	281741	265	1	T4SS_MOBH	MPF_F	1	0		Proteobacteria	Salmonella
NZ_CP029922_4241647..4506906	ICE	265260	256	1	T4SS_MOBH	MPF_F	1	0		Proteobacteria	Salmonella
NZ_CP029928_4259024..4524199	ICE	265176	254	1	T4SS_MOBH	MPF_F	1	0		Proteobacteria	Salmonella
NZ_CP029930_4241977..4507233	ICE	265257	256	1	T4SS_MOBH	MPF_F	1	0		Proteobacteria	Salmonella
NZ_CP029932_4242656..4507915	ICE	265260	256	1	T4SS_MOBH	MPF_F	1	0		Proteobacteria	Salmonella
NZ_CP029933_4242424..4507684	ICE	265261	256	1	T4SS_MOBH	MPF_F	1	0		Proteobacteria	Salmonella
NZ_CP029936_4242566..4507910	ICE	265345	256	1	T4SS_MOBH	MPF_F	1	0		Proteobacteria	Salmonella
NZ_CP029938_4181154..4446414	ICE	265261	257	1	T4SS_MOBH	MPF_F	1	0		Proteobacteria	Salmonella
NZ_CP029940_4244608..4509867	ICE	265260	256	1	T4SS_MOBH	MPF_F	1	0		Proteobacteria	Salmonella
NZ_CP029942_4244755..4509844	ICE	265090	256	1	T4SS_MOBH	MPF_F	1	0		Proteobacteria	Salmonella
NZ_CP029944_4242936..4508195	ICE	265260	256	1	T4SS_MOBH	MPF_F	1	0		Proteobacteria	Salmonella
NZ_CP029945_4244315..4510912	ICE	266598	258	1	T4SS_MOBH	MPF_F	1	0		Proteobacteria	Salmonella
NZ_CP029946_4243996..4509085	ICE	265090	256	1	T4SS_MOBH	MPF_F	1	0		Proteobacteria	Salmonella
NZ_CP029949_4242889..4508148	ICE	265260	256	1	T4SS_MOBH	MPF_F	1	0		Proteobacteria	Salmonella
NZ_CP029950_4280737..4546010	ICE	265274	254	1	T4SS_MOBH	MPF_F	1	0		Proteobacteria	Salmonella
NZ_CP029954_4243802..4509061	ICE	265260	256	1	T4SS_MOBH	MPF_F	1	0		Proteobacteria	Salmonella
NZ_CP029956_4259427..4524688	ICE	265262	257	1	T4SS_MOBH	MPF_F	1	0		Proteobacteria	Salmonella
NZ_CP029958_4242815..4508074	ICE	265260	256	1	T4SS_MOBH	MPF_F	1	0		Proteobacteria	Salmonella
NZ_CP029983_4619072..4786602	NA	167531	166	1	T4SS_MOBH,profile_MOBT	MPF_F	1	0		Proteobacteria	Pseudomonas_E
NZ_CP029989_2152273..2174140	IME	21868	24	1	T4SS_MOBQ	none	0	0		Proteobacteria	Salmonella
NZ_CP029989_3540174..3569419	NA	29246	25	1	T4SS_MOBP1	none	0	0		Proteobacteria	Salmonella
NZ_CP029989_4693397..4704127	IME	10731	11	1	T4SS_MOBH,profile_MOBT	none	0	0		Proteobacteria	Salmonella
NZ_CP029995_4167899..4237053	ICE	69155	63	1	T4SS_MOBH,profile_MOBT	MPF_F	1	0		Proteobacteria	Salmonella
NZ_CP029995_816703..840016	NA	23314	26	1	T4SS_MOBH	none	0	0		Proteobacteria	Salmonella
NZ_CP029999_1125746..1146895	NA	21150	23	1	T4SS_MOBQ	none	0	0		Proteobacteria	Salmonella
NZ_CP030007_4521009..4614991	NA	93983	99	1	T4SS_MOBH	MPF_F	1	1		Proteobacteria	Enterobacter
NZ_CP030017_813014..928830	ICE	115817	114	1	T4SS_MOBP1,T4SS_MOBV,profile_MOBT	none	0	6		Firmicutes	Streptococcus
NZ_CP030017_93727..99887	NA	6161	8	1	profile_MOBT	none	0	0		Firmicutes	Streptococcus
NZ_CP030022_589552..672687	ICE	83136	80	1	T4SS_MOBP1,T4SS_MOBV,profile_MOBT	MPF_FA	1	13		Firmicutes	Streptococcus
NZ_CP030023_1277866..1317571	NA	39706	40	1	T4SS_MOBP1	none	0	0		Firmicutes	Streptococcus
NZ_CP030034_2088618..2154520	NA	65903	77	1	T4SS_MOBC,profile_MOBT	none	0	0		Bdellovibrionota	Bdellovibrio
NZ_CP030034_3143470..3243081	NA	99612	95	1	T4SS_MOBC,T4SS_MOBH	none	0	0		Bdellovibrionota	Bdellovibrio
NZ_CP030035_1398360..1412724	NA	14365	17	1	T4SS_MOBC	none	0	0		Bdellovibrionota	Bacteriovorax
NZ_CP030035_2564456..3061578	NA	497123	562	1	T4SS_MOBC,profile_MOBT	MPF_FA	1	2		Bdellovibrionota	Bacteriovorax
NZ_CP030036_2693484..2749740	NA	56257	57	1	T4SS_MOBP1	none	0	0		Proteobacteria	Bradyrhizobium
NZ_CP030036_818911..914199	ICE	95289	95	1	T4SS_MOBP1,profile_MOBT	none	0	0		Proteobacteria	Bradyrhizobium
NZ_CP030036_8263990..8528633	NA	264644	292	1	T4SS_MOBP1,profile_MOBT	MPF_T	1	0		Proteobacteria	Bradyrhizobium
NZ_CP030037_1963755..1993526	NA	29772	36	1	T4SS_MOBP1	none	0	0		Proteobacteria	Bradyrhizobium
NZ_CP030038_1775040..1805673	NA	30634	30	1	T4SS_MOBP1	MPF_T	1	0		Proteobacteria	Bradyrhizobium
NZ_CP030039_1975872..2018894	NA	43023	41	1	profile_MOBF	none	0	0		Actinobacteriota	Kocuria
NZ_CP030041_2180551..2232454	IME	51904	47	1	T4SS_MOBP1	none	0	0		Bacteroidota	Echinicola
NZ_CP030045_481122..503677	NA	22556	15	0	NA	none	0	0		Firmicutes	Enterococcus
NZ_CP030047_7302505..7344802	NA	42298	43	1	T4SS_MOBP1	none	0	0		Proteobacteria	Bradyrhizobium
NZ_CP030048_724567..736105	NA	11539	11	1	T4SS_MOBC	none	0	0		Proteobacteria	Bradyrhizobium
NZ_CP030063_2661759..2712526	NA	50768	54	0	NA	none	0	0		Firmicutes	Peribacillus
NZ_CP030073_3682978..3688586	NA	5609	7	0	NA	none	0	0		Actinobacteriota	Streptomyces
NZ_CP030073_4758169..4787657	NA	29489	39	0	NA	none	0	0		Actinobacteriota	Streptomyces
NZ_CP030073_6252792..6260017	NA	7226	6	0	NA	none	0	0		Actinobacteriota	Streptomyces
NZ_CP030073_9128376..9209399	NA	81024	79	1	profile_MOBT	none	0	0		Actinobacteriota	Streptomyces
NZ_CP030094_156571..295256	ICE	138686	132	1	T4SS_MOBP1	none	0	0		Bacteroidota	Prevotella
NZ_CP030094_1678105..1698687	IME	20583	19	1	T4SS_MOBP1	none	0	0		Bacteroidota	Prevotella
NZ_CP030094_1751466..1821189	NA	69724	67	1	T4SS_MOBP1	none	0	0		Bacteroidota	Prevotella
NZ_CP030095_828958..874733	NA	45776	43	1	T4SS_MOBP1	none	0	0		Bacteroidota	Prevotella
NZ_CP030104_1966047..2073157	NA	107111	104	1	T4SS_MOBB,T4SS_MOBP1	none	0	0		Bacteroidota	Muricauda
NZ_CP030104_3183237..3199750	IME	16514	14	1	T4SS_MOBP1	none	0	0		Bacteroidota	Muricauda
NZ_CP030104_610021..747696	ICE	137676	105	1	T4SS_MOBB	none	0	0		Bacteroidota	Muricauda
NZ_CP030106_833948..1314548	ICE	480601	465	0	NA	none	0	0		Proteobacteria	Acinetobacter
NZ_CP030111_1991079..2056710	IME	65632	74	1	T4SS_MOBQ	none	0	0		Proteobacteria	Escherichia
NZ_CP030124_1750752..1874815	ICE	124064	121	1	T4SS_MOBP1,profile_MOBT	MPF_FA	1	14		Firmicutes	Streptococcus
NZ_CP030124_867492..1013558	NA	146067	154	1	T4SS_MOBP1,profile_MOBT	MPF_FA	1	12		Firmicutes	Streptococcus
NZ_CP030124_99156..105149	NA	5994	8	1	profile_MOBT	none	0	0		Firmicutes	Streptococcus
NZ_CP030125_1406760..1463244	ICE	56485	59	1	profile_MOBT	MPF_FA	1	7		Firmicutes	Streptococcus
NZ_CP030125_2215827..2225378	NA	9552	9	0	NA	none	0	0		Firmicutes	Streptococcus
NZ_CP030142_18537..34816	NA	16280	19	1	profile_MOBT	none	0	0		Spirochaetota	Leptospira
NZ_CP030142_285726..323394	NA	37669	32	1	profile_MOBT	none	0	0		Spirochaetota	Leptospira
NZ_CP030150_344778..351057	NA	6280	9	1	profile_MOBT	none	0	1		Firmicutes	Bacillus
NZ_CP030172_1728573..1790738	ICE	62166	43	1	T4SS_MOBC	MPF_T	1	0	Eex_IncN	Proteobacteria	Klebsiella
NZ_CP030175_743792..750806	NA	7015	8	1	T4SS_MOBH	none	0	0		Proteobacteria	Salmonella
NZ_CP030180_4214397..4294185	ICE	79789	92	1	T4SS_MOBH	MPF_F	1	0		Proteobacteria	Salmonella
NZ_CP030185_2238262..2572672	ICE	334411	325	1	profile_MOBT	none	0	2		Proteobacteria	Salmonella
NZ_CP030209_1928338..1965352	IME	37015	39	1	T4SS_MOBQ	none	0	0		Proteobacteria	Salmonella
NZ_CP030211_3993417..4058454	ICE	65038	62	1	T4SS_MOBH,profile_MOBT	MPF_F	1	0		Proteobacteria	Salmonella
NZ_CP030219_1030105..1064119	NA	34015	37	1	T4SS_MOBC	MPF_T	1	0	Eex_IncN	Proteobacteria	Salmonella
NZ_CP030219_4793592..4796360	NA	2769	2	1	T4SS_MOBH	none	0	0		Proteobacteria	Salmonella
NZ_CP030233_4499831..4522130	ICE	22300	27	1	T4SS_MOBH	none	0	0		Proteobacteria	Salmonella
NZ_CP030238_918124..949274	IME	31151	32	1	T4SS_MOBP1	none	0	0		Proteobacteria	Salmonella
NZ_CP030279_1361171..1388084	NA	26914	23	1	profile_MOBF	none	0	0		Actinobacteriota	Propionibacterium
NZ_CP030279_2275122..2443465	ICE	168344	152	1	profile_MOBF	none	0	0		Actinobacteriota	Propionibacterium
NZ_CP030280_1012479..1075830	NA	63352	62	1	T4SS_MOBQ,profile_MOBF,profile_MOBM,profile_MOBT	none	0	0		Firmicutes_A	Blautia
NZ_CP030280_2610941..2649556	ICE	38616	53	1	T4SS_MOBB,profile_MOBT	MPF_FA	1	4		Firmicutes_A	Blautia
NZ_CP030280_293648..337906	IME	44259	39	1	T4SS_MOBV,profile_MOBT	none	0	0		Firmicutes_A	Blautia
NZ_CP030288_752870..847893	NA	95024	108	1	T4SS_MOBH	MPF_F	1	0		Proteobacteria	Salmonella
NZ_CP030328_2817115..2952779	NA	135665	150	1	T4SS_MOBP1	MPF_T	1	0	Eex_IncN	Proteobacteria	Pseudomonas
NZ_CP030328_5865268..5868464	NA	3197	2	1	T4SS_MOBH	none	0	0		Proteobacteria	Pseudomonas
NZ_CP030328_6165568..6191193	IME	25626	29	1	T4SS_MOBH	none	0	0		Proteobacteria	Pseudomonas
NZ_CP030328_6407..111863	ICE	105457	126	1	T4SS_MOBH	MPF_F	1	0		Proteobacteria	Pseudomonas
NZ_CP030347_343931..455133	ICE	111203	120	1	T4SS_MOBH	MPF_F	1	0		Proteobacteria	Enterobacter
NZ_CP030352_1756097..1922582	NA	166486	178	1	T4SS_MOBP1	MPF_T	1	0		Proteobacteria	Novosphingobium
NZ_CP030353_483063..498293	NA	15231	16	1	T4SS_MOBQ	none	0	0		Proteobacteria	Novosphingobium
NZ_CP030771_1609669..1631272	NA	21604	25	0	NA	none	0	0		Actinobacteriota	Streptomyces
NZ_CP030771_4274028..4320612	IME	46585	43	1	T4SS_MOBP1	none	0	0		Actinobacteriota	Streptomyces
NZ_CP030771_4949143..4992815	NA	43673	49	1	profile_MOBF	none	0	0		Actinobacteriota	Streptomyces
NZ_CP030771_6402246..6419122	NA	16877	24	0	NA	none	0	0		Actinobacteriota	Streptomyces
NZ_CP030771_7392308..7399598	NA	7291	8	1	T4SS_MOBP1	none	0	0		Actinobacteriota	Streptomyces
NZ_CP030776_460258..509659	IME	49402	37	0	NA	none	0	0		Firmicutes_A	Clostridium
NZ_CP030777_1284536..1296439	NA	11904	16	1	T4SS_MOBQ,profile_MOBT	none	0	0		Firmicutes_A	Faecalibacterium
NZ_CP030777_1904945..1917840	NA	12896	16	1	T4SS_MOBQ	none	0	5		Firmicutes_A	Faecalibacterium
NZ_CP030777_2436681..2459897	NA	23217	25	1	T4SS_MOBP1,T4SS_MOBV	none	0	0		Firmicutes_A	Faecalibacterium
NZ_CP030777_2858233..2870721	NA	12489	15	1	T4SS_MOBV	none	0	0		Firmicutes_A	Faecalibacterium
NZ_CP030777_712771..729276	NA	16506	16	1	T4SS_MOBV	none	0	0		Firmicutes_A	Faecalibacterium
NZ_CP030777_88799..138907	IME	50109	45	1	T4SS_MOBP1,T4SS_MOBQ	none	0	6		Firmicutes_A	Faecalibacterium
NZ_CP030788_111436..296656	ICE	185221	194	0	NA	none	0	0		Proteobacteria	Vibrio
NZ_CP030797_1719102..1736951	NA	17850	16	1	profile_MOBF	none	0	0		Actinobacteriota	Brevibacterium
NZ_CP030823_15756..57376	IME	41621	37	0	NA	none	0	0		Proteobacteria	Neisseria
NZ_CP030840_4866826..4944037	NA	77212	73	1	profile_MOBF,profile_MOBM	MPF_T	1	0		Acidobacteriota	Acidisarcina
NZ_CP030840_506063..526761	NA	20699	21	1	profile_MOBF	MPF_T	1	0		Acidobacteriota	Acidisarcina
NZ_CP030845_255210..264065	NA	8856	13	1	T4SS_MOBV	none	0	0		Firmicutes	Streptococcus
NZ_CP030848_2088413..2112711	IME	24299	22	1	T4SS_MOBP1,profile_MOBT	none	0	0		Bacteroidota	Sphingobacterium
NZ_CP030848_592544..606925	IME	14382	13	1	T4SS_MOBB	none	0	0		Bacteroidota	Sphingobacterium
NZ_CP030861_4536891..4635175	ICE	98285	124	1	T4SS_MOBH	MPF_F	1	0		Proteobacteria	Pseudomonas
NZ_CP030862_5767225..5782510	NA	15286	21	0	NA	none	0	0		Actinobacteriota	Streptomyces
NZ_CP030865_4087438..4129062	NA	41625	39	0	NA	none	0	0		Actinobacteriota	Micromonospora
NZ_CP030865_6125637..6139174	NA	13538	16	0	NA	none	0	0		Actinobacteriota	Micromonospora
NZ_CP030910_1166409..1272911	ICE	106503	120	1	T4SS_MOBH	MPF_F	1	0		Proteobacteria	Pseudomonas
NZ_CP030910_792439..897979	ICE	105541	108	1	T4SS_MOBH	MPF_F	1	0		Proteobacteria	Pseudomonas
NZ_CP030911_5555242..5641369	ICE	86128	102	1	T4SS_MOBH	MPF_F	1	0		Proteobacteria	Pseudomonas
NZ_CP030912_4834779..4921886	ICE	87108	97	1	T4SS_MOBH	MPF_F	1	0		Proteobacteria	Pseudomonas
NZ_CP030912_5115173..5196828	IME	81656	67	1	T4SS_MOBQ,T4SS_MOBV,profile_MOBT	none	0	0		Proteobacteria	Pseudomonas
NZ_CP030912_5610710..5696287	ICE	85578	102	1	T4SS_MOBH	MPF_F	1	0		Proteobacteria	Pseudomonas
NZ_CP030912_5989358..6038538	NA	49181	53	1	T4SS_MOBH	MPF_F	1	0		Proteobacteria	Pseudomonas
NZ_CP030913_2454766..2494433	NA	39668	41	1	T4SS_MOBP1,profile_MOBT	MPF_T	1	0	Eex_IncN	Proteobacteria	Pseudomonas
NZ_CP030913_5051863..5147447	ICE	95585	91	1	T4SS_MOBH	MPF_F	1	0		Proteobacteria	Pseudomonas
NZ_CP030913_5492151..5581179	ICE	89029	105	1	T4SS_MOBH	MPF_F	1	0		Proteobacteria	Pseudomonas
NZ_CP030918_1736278..1782270	NA	45993	53	1	T4SS_MOBP1	none	0	0		Proteobacteria	Paracoccus
NZ_CP030919_1910622..1930439	IME	19818	18	1	T4SS_MOBQ	none	0	0		Proteobacteria	Escherichia
NZ_CP030927_747616..808691	ICE	61076	68	1	T4SS_MOBP1	none	0	0		Firmicutes	Streptococcus
NZ_CP030930_3371873..3386521	NA	14649	17	1	profile_MOBT	none	0	0		Actinobacteriota	Streptomyces
NZ_CP030930_3868290..3883132	NA	14843	21	0	NA	none	0	0		Actinobacteriota	Streptomyces
NZ_CP030930_3958989..3974039	NA	15051	17	0	NA	none	0	0		Actinobacteriota	Streptomyces
NZ_CP030932_1442441..1504949	ICE	62509	67	1	profile_MOBT	MPF_FA	1	8		Firmicutes	Enterococcus_A
NZ_CP030932_2342924..2367441	NA	24518	25	1	profile_MOBT	none	0	1		Firmicutes	Enterococcus_A
NZ_CP030932_757006..896886	ICE	139881	125	1	T4SS_MOBC,profile_MOBM,profile_MOBT	MPF_FA	1	8		Firmicutes	Enterococcus_A
NZ_CP030936_2532493..2797766	ICE	265274	254	1	T4SS_MOBH	MPF_F	1	0		Proteobacteria	Salmonella
NZ_CP030936_4411320..4733841	ICE	322522	335	0	NA	none	0	1		Proteobacteria	Salmonella
NZ_CP030944_1321022..1333840	NA	12819	22	0	NA	none	0	0		Campylobacterota	Aliarcobacter
NZ_CP030944_80620..84377	NA	3758	4	0	NA	none	0	0		Campylobacterota	Aliarcobacter
NZ_CP031003_1450639..1472175	NA	21537	21	1	T4SS_MOBH	none	0	0		Firmicutes	Latilactobacillus
NZ_CP031003_1895477..1910170	NA	14694	15	1	profile_MOBT	none	0	1		Firmicutes	Latilactobacillus
NZ_CP031011_2987314..3027460	IME	40147	50	1	T4SS_MOBQ	none	0	0		Proteobacteria	Acinetobacter
NZ_CP031027_2249693..2276285	NA	26593	37	1	profile_MOBT	MPF_FA	1	4		Firmicutes	Enterococcus
NZ_CP031027_522746..577363	NA	54618	61	1	T4SS_MOBH,T4SS_MOBP1	none	0	1		Firmicutes	Enterococcus
NZ_CP031056_1178879..1214725	NA	35847	37	1	profile_MOBT	none	0	0		Proteobacteria	Vibrio
NZ_CP031058_2680676..2922692	ICE	242017	216	1	T4SS_MOBP1	MPF_T	1	0		Proteobacteria	Stenotrophomonas
NZ_CP031058_3435462..3540795	ICE	105334	114	1	T4SS_MOBH	MPF_F	1	0		Proteobacteria	Stenotrophomonas
NZ_CP031061_5074149..5162911	ICE	88763	93	1	T4SS_MOBH	MPF_F	1	0		Proteobacteria	Klebsiella
NZ_CP031088_379368..557315	NA	177948	209	0	NA	none	0	0		Firmicutes	Spiroplasma
NZ_CP031092_2511412..2583864	NA	72453	92	1	T4SS_MOBP1,T4SS_MOBP2,profile_MOBT	MPF_FA	1	2		Firmicutes	Salicibibacter
NZ_CP031092_253530..624717	ICE	371188	360	1	profile_MOBM	none	0	0		Firmicutes	Salicibibacter
NZ_CP031115_2558911..2601315	NA	42405	46	0	NA	none	0	0		Actinobacteriota	Rubrobacter
NZ_CP031123_1704308..1924256	ICE	219949	250	1	T4SS_MOBP1,profile_MOBT	none	0	1		Proteobacteria	Providencia
NZ_CP031130_31559..77920	IME	46362	44	1	T4SS_MOBV	none	0	0		Firmicutes	Staphylococcus
NZ_CP031131_24482..53171	IME	28690	28	1	T4SS_MOBV	none	0	0		Firmicutes	Staphylococcus
NZ_CP031140_2682912..2762119	ICE	79208	82	1	profile_MOBT	MPF_FA	1	6		Firmicutes	Lactiplantibacillus
NZ_CP031141_1100084..1160835	ICE	60752	53	1	profile_MOBM,profile_MOBT	MPF_FA	1	8		Firmicutes	Listeria
NZ_CP031142_4366564..4392934	IME	26371	19	0	NA	none	0	0		Actinobacteriota	Saccharopolyspora
NZ_CP031145_124977..170164	AICE	45188	47	0	NA	none	0	0		Actinobacteriota	Intrasporangium
NZ_CP031145_310686..323767	NA	13082	14	0	NA	none	0	0		Actinobacteriota	Intrasporangium
NZ_CP031145_3778022..3801089	NA	23068	28	0	NA	none	0	1		Actinobacteriota	Intrasporangium
NZ_CP031145_75685..88946	NA	13262	12	0	NA	none	0	0		Actinobacteriota	Intrasporangium
NZ_CP031153_2968359..3025050	NA	56692	73	0	NA	none	0	0		Bacteroidota	Kordia
NZ_CP031165_1304104..1324566	NA	20463	17	1	profile_MOBF	none	0	0		Actinobacteriota	Euzebya
NZ_CP031165_1747780..1755242	NA	7463	5	1	profile_MOBF	none	0	0		Actinobacteriota	Euzebya
NZ_CP031165_4581697..4600232	IME	18536	14	1	profile_MOBF	none	0	0		Actinobacteriota	Euzebya
NZ_CP031169_52091..71765	IME	19675	19	1	profile_MOBT	none	0	0		Firmicutes	Levilactobacillus
NZ_CP031194_3110259..3144240	NA	33982	40	0	NA	none	0	0		Actinobacteriota	Streptomyces
NZ_CP031194_3672034..3686356	NA	14323	20	1	profile_MOBT	none	0	0		Actinobacteriota	Streptomyces
NZ_CP031194_4049446..4085164	IME	35719	38	1	T4SS_MOBP1	none	0	0		Actinobacteriota	Streptomyces
NZ_CP031194_4626446..4673225	AICE	46780	46	0	NA	none	0	0		Actinobacteriota	Streptomyces
NZ_CP031194_6234979..6277287	NA	42309	48	1	T4SS_MOBP1	none	0	0		Actinobacteriota	Streptomyces
NZ_CP031218_1729325..1741228	NA	11904	21	0	NA	none	0	0		Campylobacterota	Malaciobacter
NZ_CP031223_1723355..1791028	ICE	67674	82	1	T4SS_MOBC,profile_MOBT	none	0	1		Firmicutes	Psychrobacillus
NZ_CP031225_3597131..3600510	NA	3380	2	1	T4SS_MOBH	none	0	0		Proteobacteria	Pseudomonas_E
NZ_CP031229_2671331..2697118	IME	25788	19	1	profile_MOBF,profile_MOBT	none	0	0		Actinobacteriota	Ornithinimicrobium
NZ_CP031229_302668..323013	NA	20346	19	1	profile_MOBF	none	0	0		Actinobacteriota	Ornithinimicrobium
NZ_CP031231_2945626..3002438	ICE	56813	41	1	T4SS_MOBC	MPF_T	1	0	Eex_IncN	Proteobacteria	Escherichia
NZ_CP031239_868852..924556	ICE	55705	70	1	T4SS_MOBH	MPF_F	1	0		Proteobacteria	Haemophilus
NZ_CP031246_1471615..1502090	NA	30476	33	1	T4SS_MOBQ,profile_MOBT	none	0	1		Firmicutes	Streptococcus
NZ_CP031248_1980997..1987148	NA	6152	10	0	NA	none	0	0		Firmicutes	Streptococcus
NZ_CP031263_1465100..1475515	NA	10416	11	0	NA	none	0	0		Actinobacteriota	Micromonospora
NZ_CP031263_2245768..2252951	NA	7184	11	0	NA	none	0	0		Actinobacteriota	Micromonospora
NZ_CP031263_4146857..4162613	NA	15757	19	0	NA	none	0	0		Actinobacteriota	Micromonospora
NZ_CP031263_962522..970524	NA	8003	12	0	NA	none	0	0		Actinobacteriota	Micromonospora
NZ_CP031293_2879103..2887819	NA	8717	9	1	T4SS_MOBQ	none	0	0		Proteobacteria	Escherichia
NZ_CP031321_2528417..2548066	IME	19650	21	1	T4SS_MOBP1	none	0	0		Proteobacteria	Escherichia
NZ_CP031329_698102..774076	NA	75975	77	0	NA	none	0	0		Proteobacteria	Neisseria
NZ_CP031333_1033942..1044829	IME	10888	10	0	NA	none	0	0		Proteobacteria	Neisseria
NZ_CP031356_2127791..2132281	NA	4491	5	0	NA	none	0	0		Actinobacteriota	Brachybacterium
NZ_CP031363_675424..720976	ICE	45553	42	1	T4SS_MOBP1	none	0	0		Proteobacteria	Agrobacterium
NZ_CP031418_3077705..3087041	NA	9337	12	0	NA	none	0	0		Actinobacteriota	Nocardia
NZ_CP031422_1431803..1469187	NA	37385	34	1	profile_MOBF	none	0	1		Actinobacteriota	Microbacterium
NZ_CP031423_339704..363232	NA	23529	25	1	profile_MOBF	none	0	0		Actinobacteriota	Microbacterium
NZ_CP031449_5597669..5708907	ICE	111239	117	1	T4SS_MOBH	MPF_F	1	0		Proteobacteria	Pseudomonas
NZ_CP031477_308350..354843	NA	46494	60	1	T4SS_MOBH	MPF_F	1	0		Proteobacteria	Haemophilus_D
NZ_CP031507_1091376..1109747	IME	18372	16	1	T4SS_MOBC	none	0	0		Proteobacteria	Dickeya
NZ_CP031515_1761600..1812255	NA	50656	54	1	T4SS_MOBQ	none	0	0		Proteobacteria	Dickeya
NZ_CP031515_2870179..2893123	NA	22945	29	1	T4SS_MOBQ	none	0	0		Proteobacteria	Dickeya
NZ_CP031516_231380..278512	NA	47133	55	0	NA	none	0	0		Actinobacteriota	Mycobacterium
NZ_CP031518_2652019..2755657	NA	103639	86	1	T4SS_MOBP1	MPF_T	1	0		Spirochaetota	Treponema_D
NZ_CP031537_1591317..1621030	IME	29714	32	1	T4SS_MOBV	none	0	0		Firmicutes	Staphylococcus
NZ_CP031555_4440087..4449478	NA	9392	10	0	NA	MPF_T	1	0		Proteobacteria	Thalassospira
NZ_CP031556_1050303..1059149	NA	8847	13	1	T4SS_MOBV	none	0	0		Firmicutes	Streptococcus
NZ_CP031556_1074823..1085356	NA	10534	14	1	profile_MOBT	none	0	0		Firmicutes	Streptococcus
NZ_CP031556_1763097..1844146	ICE	81050	75	1	profile_MOBT	MPF_FA	1	7		Firmicutes	Streptococcus
NZ_CP031557_210521..222271	NA	11751	10	1	T4SS_MOBP1,T4SS_MOBV	none	0	0		Bacteroidota	Flavobacterium
NZ_CP031557_2681455..2734969	NA	53515	46	1	T4SS_MOBP1,T4SS_MOBV	none	0	0		Bacteroidota	Flavobacterium
NZ_CP031557_2950790..2972775	IME	21986	19	1	T4SS_MOBP1	none	0	0		Bacteroidota	Flavobacterium
NZ_CP031565_3254046..3310174	NA	56129	56	1	T4SS_MOBP1	none	0	0		Proteobacteria	Enterobacter
NZ_CP031574_1542237..1656347	ICE	114111	118	1	T4SS_MOBH,profile_MOBT	MPF_F	1	0		Proteobacteria	Enterobacter
NZ_CP031577_1758128..1781590	NA	23463	25	1	T4SS_MOBP1	none	0	0		Proteobacteria	Klebsiella
NZ_CP031577_4782854..5015043	ICE	232190	238	0	NA	none	0	0		Proteobacteria	Klebsiella
NZ_CP031598_4197881..4200200	NA	2320	2	1	T4SS_MOBP1,T4SS_MOBQ	none	0	0		Proteobacteria	Roseovarius
NZ_CP031606_1917394..2018342	ICE	100949	107	1	T4SS_MOBP1	MPF_T	1	0	Eex_IncN	Proteobacteria	Pseudomonas_E
NZ_CP031606_2736915..2814869	NA	77955	83	1	T4SS_MOBH	MPF_F	1	0		Proteobacteria	Pseudomonas_E
NZ_CP031606_3163058..3386026	ICE	222969	224	1	T4SS_MOBP1	MPF_T	1	0	Eex_IncN	Proteobacteria	Pseudomonas_E
NZ_CP031607_1268394..1316709	NA	48316	52	1	T4SS_MOBQ	none	0	0		Proteobacteria	Xanthomonas
NZ_CP031607_3751831..3770639	IME	18809	24	1	T4SS_MOBQ	none	0	0		Proteobacteria	Xanthomonas
NZ_CP031619_810369..852490	NA	42122	38	1	T4SS_MOBQ	none	0	1		Firmicutes	Streptococcus
NZ_CP031623_562512..601945	NA	39434	53	1	profile_MOBM,profile_MOBT	MPF_FA	1	4		Firmicutes	Streptococcus
NZ_CP031625_766733..808854	NA	42122	38	1	T4SS_MOBQ	none	0	1		Firmicutes	Streptococcus
NZ_CP031626_725230..767351	NA	42122	38	1	T4SS_MOBQ	none	0	1		Firmicutes	Streptococcus
NZ_CP031627_725479..767607	NA	42129	40	1	T4SS_MOBQ	none	0	1		Firmicutes	Streptococcus
NZ_CP031629_1107304..1149425	NA	42122	38	1	T4SS_MOBQ	none	0	1		Firmicutes	Streptococcus
NZ_CP031632_726140..768261	NA	42122	38	1	T4SS_MOBQ	none	0	1		Firmicutes	Streptococcus
NZ_CP031634_726907..769028	NA	42122	38	1	T4SS_MOBQ	none	0	1		Firmicutes	Streptococcus
NZ_CP031635_744124..872618	ICE	128495	131	1	T4SS_MOBP1,T4SS_MOBQ,profile_MOBM	MPF_FA	1	12		Firmicutes	Streptococcus
NZ_CP031638_767122..809243	NA	42122	38	1	T4SS_MOBQ	none	0	1		Firmicutes	Streptococcus
NZ_CP031639_726095..768216	NA	42122	38	1	T4SS_MOBQ	none	0	1		Firmicutes	Streptococcus
NZ_CP031640_1036852..1047993	NA	11142	14	1	T4SS_MOBQ	none	0	1		Firmicutes	Streptococcus
NZ_CP031643_280835..289751	IME	8917	11	1	profile_MOBT	none	0	0		Firmicutes	Bacillus_A
NZ_CP031643_3513521..3553379	NA	39859	54	0	NA	none	0	0		Firmicutes	Bacillus_A
NZ_CP031649_1226957..1251170	NA	24214	26	1	T4SS_MOBP1	none	0	0		Proteobacteria	Pantoea
NZ_CP031653_1760391..1963586	ICE	203196	180	1	T4SS_MOBC	MPF_T	1	0	Eex_IncN	Proteobacteria	Escherichia
NZ_CP031659_5260858..5365171	ICE	104314	107	1	T4SS_MOBH	MPF_F	1	0		Proteobacteria	Pseudomonas
NZ_CP031660_5228262..5320455	ICE	92194	107	1	T4SS_MOBH	MPF_F	1	0		Proteobacteria	Pseudomonas
NZ_CP031660_5619988..5626522	IME	6535	9	0	NA	none	0	0		Proteobacteria	Pseudomonas
NZ_CP031701_1656427..1662452	NA	6026	11	0	NA	none	0	0		Firmicutes	Lactobacillus
NZ_CP031727_2454053..2468148	NA	14096	23	0	NA	none	0	0		Proteobacteria	Cellvibrio
NZ_CP031728_1925657..1932109	NA	6453	6	1	T4SS_MOBH	none	0	0		Proteobacteria	Cellvibrio
NZ_CP031728_1932259..2000541	NA	68283	94	1	T4SS_MOBH	MPF_F	1	0		Proteobacteria	Cellvibrio
NZ_CP031756_2314617..2364328	NA	49712	51	1	T4SS_MOBH	none	0	0		Proteobacteria	Klebsiella
NZ_CP031780_3345268..3347474	NA	2207	2	1	T4SS_MOBH	none	0	0		Proteobacteria	Yersinia
NZ_CP031785_1498023..1510569	NA	12547	8	1	profile_MOBM,profile_MOBT	none	0	0		Firmicutes	Lacticaseibacillus
NZ_CP031785_551628..649354	NA	97727	127	1	T4SS_MOBP1,T4SS_MOBP2	MPF_FA	1	3		Firmicutes	Lacticaseibacillus
NZ_CP031795_1818220..1876418	ICE	58199	42	1	T4SS_MOBC	MPF_T	1	0	Eex_IncN	Proteobacteria	Klebsiella
NZ_CP031795_4649627..4669448	NA	19822	23	1	T4SS_MOBP1	none	0	0		Proteobacteria	Klebsiella
NZ_CP031798_4652701..4670200	IME	17500	17	1	T4SS_MOBP1	none	0	0		Proteobacteria	Klebsiella
NZ_CP031808_2493902..2719869	ICE	225968	225	0	NA	none	0	0		Proteobacteria	Klebsiella
NZ_CP031817_2380903..2619049	ICE	238147	244	0	NA	none	0	0		Proteobacteria	Klebsiella
NZ_CP031839_2703540..2709600	IME	6061	5	1	T4SS_MOBV	none	0	0		Firmicutes	Staphylococcus
NZ_CP031842_1527341..1537424	NA	10084	9	1	T4SS_MOBP1	none	0	0		Proteobacteria	Azonexus
NZ_CP031844_1963468..2008402	NA	44935	42	0	NA	none	0	0		Proteobacteria	Bartonella
NZ_CP031848_3127317..3232973	ICE	105657	96	0	NA	none	0	0		Proteobacteria	Marinobacter
NZ_CP031934_2160082..2219578	NA	59497	71	1	T4SS_MOBH,profile_MOBT	MPF_F	1	0		Proteobacteria	Klebsiella
NZ_CP031956_2439936..2457932	IME	17997	14	1	T4SS_MOBP1	none	0	0		Proteobacteria	Phaeobacter
NZ_CP031965_4485431..4656447	NA	171017	173	1	T4SS_MOBB	none	0	0		Bacteroidota	Aquimarina
NZ_CP031969_4040370..4060940	AICE	20571	22	0	NA	none	0	0		Actinobacteriota	Streptomyces
NZ_CP031969_5759995..5776315	NA	16321	20	0	NA	none	0	0		Actinobacteriota	Streptomyces
NZ_CP031969_9157239..9204572	NA	47334	52	0	NA	none	0	0		Actinobacteriota	Streptomyces
NZ_CP031972_2360417..2418228	IME	57812	52	1	T4SS_MOBQ	none	0	0		Proteobacteria	Acinetobacter
NZ_CP031976_2354009..2424599	IME	70591	65	1	T4SS_MOBQ	none	0	0		Proteobacteria	Acinetobacter
NZ_CP031988_1303811..1348312	NA	44502	56	1	T4SS_MOBQ	none	0	0		Proteobacteria	Acinetobacter
NZ_CP031991_1285163..1333706	IME	48544	58	1	T4SS_MOBQ,profile_MOBT	none	0	0		Proteobacteria	Acinetobacter
NZ_CP031998_1382048..1391081	NA	9034	12	0	NA	none	0	0		Proteobacteria	Acinetobacter
NZ_CP031998_2300197..2331850	IME	31654	31	1	T4SS_MOBQ,profile_MOBT	none	0	0		Proteobacteria	Acinetobacter
NZ_CP031998_640967..720930	IME	79964	69	1	T4SS_MOBQ	none	0	0		Proteobacteria	Acinetobacter
NZ_CP032002_1215936..1237959	NA	22024	23	1	T4SS_MOBQ	none	0	0		Proteobacteria	Acinetobacter
NZ_CP032050_1042428..1052081	NA	9654	8	1	T4SS_MOBB	none	0	0		Bacteroidota	Euzebyella
NZ_CP032050_1583063..1936972	ICE	353910	320	1	T4SS_MOBP1	none	0	1		Bacteroidota	Euzebyella
NZ_CP032050_2078614..2250022	ICE	171409	164	1	T4SS_MOBB,profile_MOBT	none	0	0		Bacteroidota	Euzebyella
NZ_CP032050_775732..827633	ICE	51902	47	1	T4SS_MOBB	none	0	0		Bacteroidota	Euzebyella
NZ_CP032056_847215..891983	IME	44769	41	1	T4SS_MOBP1	none	0	0		Bacteroidota	Prevotella
NZ_CP032056_978840..991800	IME	12961	13	1	T4SS_MOBV	none	0	0		Bacteroidota	Prevotella
NZ_CP032057_875..212894	ICE	212020	169	1	T4SS_MOBP1	none	0	0		Bacteroidota	Prevotella
NZ_CP032084_4545768..4628049	NA	82282	91	1	profile_MOBF	MPF_T	1	0		Proteobacteria	Achromobacter
NZ_CP032090_488159..734531	ICE	246373	240	1	profile_MOBF	none	0	0		Proteobacteria	Pseudoalteromonas
NZ_CP032096_808800..812165	NA	3366	3	1	T4SS_MOBQ	none	0	0		Proteobacteria	Hydrogenovibrio
NZ_CP032125_1804515..1853192	IME	48678	54	1	T4SS_MOBP1	none	0	0		Proteobacteria	Profundibacter
NZ_CP032126_5086423..5194320	ICE	107898	122	1	T4SS_MOBH	MPF_F	1	0		Proteobacteria	Pseudomonas
NZ_CP032134_1127980..1136321	NA	8342	9	0	NA	none	0	0		Proteobacteria	Acinetobacter
NZ_CP032148_1118038..1149473	NA	31436	30	1	T4SS_MOBP1	none	0	0		Firmicutes	Lactococcus
NZ_CP032148_646953..654683	NA	7731	9	0	NA	none	0	0		Firmicutes	Lactococcus
NZ_CP032153_1709776..1786307	NA	76532	72	1	T4SS_MOBP1,profile_MOBT	MPF_T	1	0	Eex_IncN	Proteobacteria	Alcaligenes
NZ_CP032153_3568738..3615250	NA	46513	54	1	profile_MOBF	MPF_T	1	0		Proteobacteria	Alcaligenes
NZ_CP032153_624873..791032	ICE	166160	160	1	T4SS_MOBH,T4SS_MOBP1,profile_MOBT	MPF_F	1	0		Proteobacteria	Alcaligenes
NZ_CP032155_4307410..4331043	NA	23634	26	0	NA	none	0	0		Actinobacteriota	Mycobacterium
NZ_CP032167_1396218..1438248	NA	42031	44	1	T4SS_MOBC	MPF_T	1	0	Eex_IncN	Proteobacteria	Klebsiella
NZ_CP032175_218847..277822	ICE	58976	45	1	T4SS_MOBC	MPF_T	1	0	Eex_IncN	Proteobacteria	Klebsiella
NZ_CP032175_829030..886220	IME	57191	61	0	NA	none	0	0		Proteobacteria	Klebsiella
NZ_CP032178_3777493..3807412	IME	29920	34	1	T4SS_MOBQ	none	0	0		Proteobacteria	Klebsiella
NZ_CP032178_4434936..4663158	ICE	228223	226	0	NA	none	0	0		Proteobacteria	Klebsiella
NZ_CP032207_111374..137431	IME	26058	27	1	T4SS_MOBQ	none	0	0		Proteobacteria	Klebsiella
NZ_CP032228_1733615..1754729	NA	21115	19	1	T4SS_MOBQ,profile_MOBM	none	0	0		Proteobacteria	Qipengyuania
NZ_CP032228_293466..415965	ICE	122500	121	1	T4SS_MOBP1	MPF_T	1	0		Proteobacteria	Qipengyuania
NZ_CP032229_2100164..2117547	NA	17384	26	0	NA	none	0	0		Actinobacteriota	Streptomyces
NZ_CP032257_1227760..1316873	ICE	89114	103	1	T4SS_MOBH	MPF_F	1	0		Proteobacteria	Pseudomonas
NZ_CP032265_2970106..3048261	NA	78156	93	1	T4SS_MOBH	MPF_F	1	0		Proteobacteria	Escherichia
NZ_CP032279_1639055..1723741	NA	84687	81	1	T4SS_MOBV	none	0	0		Proteobacteria	Acinetobacter
NZ_CP032286_1963016..2000553	IME	37538	42	1	T4SS_MOBQ	none	0	0		Proteobacteria	Acinetobacter
NZ_CP032295_616276..671908	NA	55633	45	1	T4SS_MOBC	MPF_T	1	0	Eex_IncN	Proteobacteria	Morganella
NZ_CP032296_1997270..2128171	ICE	130902	142	1	T4SS_MOBC	MPF_T	1	0	Eex_IncN	Proteobacteria	Rahnella
NZ_CP032308_1128901..1333389	ICE	204489	202	0	NA	none	0	0		Firmicutes	Enterococcus_B
NZ_CP032308_1983698..1996227	IME	12530	17	1	profile_MOBT	none	0	0		Firmicutes	Enterococcus_B
NZ_CP032312_757335..850021	ICE	92687	97	1	T4SS_MOBP1	MPF_T	1	0		Proteobacteria	Pannonibacter
NZ_CP032329_240279..283768	IME	43490	41	1	T4SS_MOBH	none	0	0		Proteobacteria	Xenorhabdus
NZ_CP032329_302732..561677	ICE	258946	250	1	T4SS_MOBH	none	0	0		Proteobacteria	Xenorhabdus
NZ_CP032358_6353406..6469427	NA	116022	146	1	T4SS_MOBH	MPF_F	1	0		Proteobacteria	Pseudomonas_E
NZ_CP032382_3672213..3865960	ICE	193748	155	1	T4SS_MOBP1	none	0	1		Bacteroidota	Chryseolinea
NZ_CP032400_1072702..1251053	ICE	178352	157	1	T4SS_MOBH,profile_MOBT	none	0	0		Firmicutes	Streptococcus
NZ_CP032401_797896..923374	ICE	125479	119	1	T4SS_MOBH,profile_MOBT	none	0	2		Firmicutes	Streptococcus
NZ_CP032402_1052653..1057449	NA	4797	4	0	NA	none	0	0		Actinobacteriota	Thermomonospora
NZ_CP032402_2123469..2131085	NA	7617	7	0	NA	none	0	0		Actinobacteriota	Thermomonospora
NZ_CP032402_2729098..2740140	NA	11043	13	0	NA	none	0	0		Actinobacteriota	Thermomonospora
NZ_CP032402_4188200..4194233	NA	6034	9	0	NA	none	0	0		Actinobacteriota	Thermomonospora
NZ_CP032402_558018..562946	NA	4929	5	0	NA	none	0	0		Actinobacteriota	Thermomonospora
NZ_CP032402_62610..75548	NA	12939	17	0	NA	none	0	0		Actinobacteriota	Thermomonospora
NZ_CP032402_6595141..6599927	NA	4787	5	0	NA	none	0	0		Actinobacteriota	Thermomonospora
NZ_CP032427_2823147..2830635	NA	7489	7	0	NA	none	0	0		Actinobacteriota	Streptomyces
NZ_CP032427_3241402..3248464	NA	7063	8	0	NA	none	0	0		Actinobacteriota	Streptomyces
NZ_CP032427_4146671..4174776	NA	28106	23	1	T4SS_MOBP1	none	0	0		Actinobacteriota	Streptomyces
NZ_CP032427_4420974..4437203	NA	16230	20	0	NA	none	0	0		Actinobacteriota	Streptomyces
NZ_CP032427_4570679..4577425	NA	6747	7	1	T4SS_MOBP1	none	0	0		Actinobacteriota	Streptomyces
NZ_CP032427_5001533..5014372	NA	12840	20	0	NA	none	0	0		Actinobacteriota	Streptomyces
NZ_CP032427_5706621..5744806	NA	38186	35	0	NA	none	0	0		Actinobacteriota	Streptomyces
NZ_CP032427_6217624..6228860	NA	11237	16	0	NA	none	0	0		Actinobacteriota	Streptomyces
NZ_CP032427_86462..99490	IME	13029	9	0	NA	none	0	0		Actinobacteriota	Streptomyces
NZ_CP032444_4049724..4111748	ICE	62025	66	1	T4SS_MOBH	MPF_F	1	0		Proteobacteria	Salmonella
NZ_CP032449_1501212..1551527	ICE	50316	65	1	T4SS_MOBH	none	0	0		Proteobacteria	Salmonella
NZ_CP032456_854993..912965	NA	57973	65	1	T4SS_MOBH	MPF_F	1	0		Proteobacteria	Pseudomonas_E
NZ_CP032471_1597637..1636067	NA	38431	33	1	T4SS_MOBP1	none	0	0		Campylobacterota	Helicobacter
NZ_CP032485_2283636..2303315	NA	19680	20	1	T4SS_MOBP1	none	0	0		Proteobacteria	Neokomagataea
NZ_CP032487_3787208..3899629	ICE	112422	109	1	T4SS_MOBH	MPF_F	1	0		Proteobacteria	Yersinia
NZ_CP032489_267297..301976	IME	34680	31	1	T4SS_MOBP1	none	0	0		Bacteroidota	Arachidicoccus
NZ_CP032509_141621..237820	ICE	96200	99	1	T4SS_MOBP1,profile_MOBT	MPF_T	1	1		Proteobacteria	Georhizobium
NZ_CP032538_890874..958426	NA	67553	77	1	profile_MOBT	MPF_FA	1	8	DUF4467	Firmicutes	Bacillus
NZ_CP032543_3441629..3454936	NA	13308	18	0	NA	none	0	0		Actinobacteriota	Streptomyces
NZ_CP032543_3968855..3988290	AICE	19436	22	0	NA	none	0	0		Actinobacteriota	Streptomyces
NZ_CP032543_5569639..5582565	NA	12927	13	0	NA	none	0	0		Actinobacteriota	Streptomyces
NZ_CP032552_2391901..2469191	NA	77291	79	1	T4SS_MOBH	MPF_F	1	0		Proteobacteria	Pseudomonas
NZ_CP032552_4720122..4727300	IME	7179	5	1	T4SS_MOBH	none	0	0		Proteobacteria	Pseudomonas
NZ_CP032552_5459604..5545649	ICE	86046	108	1	T4SS_MOBH	MPF_F	1	0		Proteobacteria	Pseudomonas
NZ_CP032552_5699240..5725447	IME	26208	23	1	T4SS_MOBQ	none	0	0		Proteobacteria	Pseudomonas
NZ_CP032569_3563655..3778157	ICE	214503	207	1	T4SS_MOBP1	MPF_T	1	0	Eex_IncN	Proteobacteria	Pseudomonas
NZ_CP032569_5058369..5152012	ICE	93644	115	1	T4SS_MOBH	MPF_F	1	0		Proteobacteria	Pseudomonas
NZ_CP032608_362884..399203	NA	36320	40	1	T4SS_MOBC,profile_MOBT	none	0	0		Firmicutes	Bacillus_A
NZ_CP032616_18524..31490	NA	12967	20	0	NA	none	0	0		Proteobacteria	Pseudomonas_F
NZ_CP032616_4959225..4961548	NA	2324	2	0	NA	none	0	0		Proteobacteria	Pseudomonas_F
NZ_CP032616_5230050..5232298	NA	2249	2	0	NA	none	0	0		Proteobacteria	Pseudomonas_F
NZ_CP032616_5645140..5653046	NA	7907	13	0	NA	none	0	0		Proteobacteria	Pseudomonas_F
NZ_CP032620_207579..248195	NA	40617	35	1	profile_MOBT	MPF_FA	1	4		Firmicutes	Streptococcus
NZ_CP032620_820555..967849	ICE	147295	150	1	profile_MOBT	MPF_FA	1	4		Firmicutes	Streptococcus
NZ_CP032621_79399..82375	NA	2977	2	1	T4SS_MOBP1,T4SS_MOBP3	none	0	0		Firmicutes	Streptococcus
NZ_CP032627_1827795..1851773	NA	23979	21	1	T4SS_MOBP1,T4SS_MOBP2	none	0	0		Firmicutes	Lactococcus
NZ_CP032627_1992267..2055590	NA	63324	81	1	profile_MOBT	MPF_FA	1	3		Firmicutes	Lactococcus
NZ_CP032631_1672806..1710726	ICE	37921	40	1	T4SS_MOBH	MPF_F	1	0		Proteobacteria	Pseudomonas_E
NZ_CP032631_1754036..1811380	NA	57345	57	1	T4SS_MOBH	MPF_F	1	0		Proteobacteria	Pseudomonas_E
NZ_CP032631_1862882..1911082	NA	48201	66	1	T4SS_MOBH	MPF_F	1	0		Proteobacteria	Pseudomonas_E
NZ_CP032631_5463863..5614284	NA	150422	134	1	T4SS_MOBH	MPF_F	1	0		Proteobacteria	Pseudomonas_E
NZ_CP032665_725622..767743	NA	42122	38	1	T4SS_MOBQ	none	0	1		Firmicutes	Streptococcus
NZ_CP032680_1047498..1082202	NA	34705	39	1	profile_MOBT	none	0	0		Firmicutes	Lactobacillus
NZ_CP032681_507225..602982	ICE	95758	99	1	T4SS_MOBP1	none	0	1		Bacteroidota	Capnocytophaga
NZ_CP032698_2518989..2533958	NA	14970	19	0	NA	none	0	0		Actinobacteriota	Streptomyces
NZ_CP032698_4020333..4078254	NA	57922	62	1	profile_MOBT	none	0	1		Actinobacteriota	Streptomyces
NZ_CP032698_5565400..5586911	NA	21512	23	0	NA	none	0	0		Actinobacteriota	Streptomyces
NZ_CP032698_6094550..6102304	NA	7755	7	0	NA	none	0	0		Actinobacteriota	Streptomyces
NZ_CP032698_77863..123770	NA	45908	47	0	NA	none	0	0		Actinobacteriota	Streptomyces
NZ_CP032699_1061757..1118169	ICE	56413	50	1	T4SS_MOBP1,profile_MOBT	MPF_FA	1	9		Firmicutes	Streptococcus
NZ_CP032700_733297..831695	ICE	98399	95	1	T4SS_MOBP1	MPF_FA	1	12		Firmicutes	Streptococcus
NZ_CP032739_1269199..1356862	ICE	87664	78	1	profile_MOBT	MPF_FA	1	7		Firmicutes	Enterococcus_D
NZ_CP032744_1206454..1233425	NA	26972	19	1	T4SS_MOBH	none	0	0		Firmicutes	Lactiplantibacillus
NZ_CP032761_2529446..2612492	NA	83047	89	1	T4SS_MOBH	MPF_F	1	0		Proteobacteria	Pseudomonas
NZ_CP032761_3586976..3628267	NA	41292	40	1	T4SS_MOBH	MPF_F	1	0		Proteobacteria	Pseudomonas
NZ_CP032788_1518024..1528996	IME	10973	12	0	NA	none	0	0		Actinobacteriota	Corynebacterium
NZ_CP032788_1791995..1801005	NA	9011	11	0	NA	none	0	0		Actinobacteriota	Corynebacterium
NZ_CP032819_1297236..1348796	ICE	51561	57	1	T4SS_MOBP1	none	0	0		Bacteroidota	Butyricimonas
NZ_CP032819_1375548..1428239	NA	52692	54	1	T4SS_MOBP1	none	0	0		Bacteroidota	Butyricimonas
NZ_CP032819_2523269..2673334	ICE	150066	141	1	T4SS_MOBP1	none	0	0		Bacteroidota	Butyricimonas
NZ_CP032819_3579081..3631472	IME	52392	53	1	T4SS_MOBP1	none	0	0		Bacteroidota	Butyricimonas
NZ_CP032829_1296396..1303726	NA	7331	9	1	T4SS_MOBQ	none	0	0		Proteobacteria	UBA1936
NZ_CP032833_1665375..1702793	IME	37419	43	1	T4SS_MOBQ	none	0	0		Proteobacteria	Klebsiella
NZ_CP032833_440905..498547	NA	57643	63	1	T4SS_MOBH	MPF_F	1	0		Proteobacteria	Klebsiella
NZ_CP032853_135243..321606	ICE	186364	207	1	profile_MOBT	none	0	0		Firmicutes	Bacillus
NZ_CP032853_13793..20113	NA	6321	10	1	profile_MOBT	none	0	1		Firmicutes	Bacillus
NZ_CP032855_2775620..2786640	IME	11021	12	1	profile_MOBT	none	0	0		Firmicutes	Bacillus
NZ_CP032855_3051572..3095280	NA	43709	50	1	profile_MOBT	MPF_FA	1	6	DUF4467	Firmicutes	Bacillus
NZ_CP032869_3949504..3964538	NA	15035	15	1	T4SS_MOBP1	none	0	0		Bacteroidota	Mucilaginibacter
NZ_CP032871_1689937..1797268	NA	107332	116	1	T4SS_MOBH	MPF_F	1	0		Proteobacteria	Pseudomonas_E
NZ_CP032871_5163620..5209929	NA	46310	45	1	T4SS_MOBC,T4SS_MOBP1,profile_MOBT	none	0	0		Proteobacteria	Pseudomonas_E
NZ_CP032871_5384241..5527881	NA	143641	132	1	T4SS_MOBH	MPF_F	1	0		Proteobacteria	Pseudomonas_E
NZ_CP032898_1609558..1633879	NA	24322	14	1	T4SS_MOBP1	none	0	0		Campylobacterota	Helicobacter
NZ_CP032902_1023593..1115537	ICE	91945	89	1	T4SS_MOBP1	MPF_T	1	0		Campylobacterota	Helicobacter
NZ_CP032903_1472182..1602194	ICE	130013	112	1	T4SS_MOBP1	MPF_T	1	0		Campylobacterota	Helicobacter
NZ_CP032908_604978..702982	ICE	98005	91	1	T4SS_MOBP1	MPF_T	1	0		Campylobacterota	Helicobacter
NZ_CP032909_1461008..1580438	ICE	119431	113	1	T4SS_MOBP1	MPF_T	1	1		Campylobacterota	Helicobacter
NZ_CP032911_1289505..1369467	ICE	79963	75	1	T4SS_MOBP1	MPF_T	1	0		Campylobacterota	Helicobacter
NZ_CP032921_1226103..1266040	IME	39938	33	1	T4SS_MOBQ	none	0	0		Proteobacteria	Agrobacterium
NZ_CP033031_1176997..1209036	NA	32040	29	1	T4SS_MOBQ,profile_MOBT	none	0	0		Proteobacteria	Agrobacterium
NZ_CP033031_488958..505127	IME	16170	13	1	T4SS_MOBQ	none	0	0		Proteobacteria	Agrobacterium
NZ_CP033032_1340555..1455519	NA	114965	108	1	T4SS_MOBP1,profile_MOBT	MPF_T	1	0		Proteobacteria	Agrobacterium
NZ_CP033040_1820621..1890408	NA	69788	84	1	T4SS_MOBH	MPF_F	1	0		Proteobacteria	Thiomicrorhabdus
NZ_CP033043_5088498..5118426	NA	29929	26	0	NA	none	0	0		Firmicutes	Metabacillus
NZ_CP033048_1272613..1298888	NA	26276	31	1	T4SS_MOBP2	none	0	0		Firmicutes	Virgibacillus
NZ_CP033048_1445211..1519899	NA	74689	77	1	T4SS_MOBP1,T4SS_MOBP2	MPF_FA	1	2		Firmicutes	Virgibacillus
NZ_CP033052_442100..511137	NA	69038	70	1	profile_MOBT	MPF_FA	1	7	DUF4467	Firmicutes	Bacillus
NZ_CP033052_809544..845184	NA	35641	29	1	profile_MOBT	none	0	0		Firmicutes	Bacillus
NZ_CP033056_393267..472251	IME	78985	67	1	T4SS_MOBP1	none	0	0		Proteobacteria	Morganella
NZ_CP033068_170020..195348	NA	25329	21	0	NA	none	0	0		Bacteroidota	Flavobacterium
NZ_CP033070_3765328..3793649	IME	28322	27	1	T4SS_MOBP1	none	0	0		Bacteroidota	Chryseobacterium
NZ_CP033070_378471..402429	IME	23959	29	1	T4SS_MOBP1,profile_MOBT	none	0	0		Bacteroidota	Chryseobacterium
NZ_CP033073_3558733..3596663	IME	37931	33	1	T4SS_MOBP1	none	0	0		Actinobacteriota	Streptomyces
NZ_CP033073_4324448..4340329	NA	15882	18	0	NA	none	0	0		Actinobacteriota	Streptomyces
NZ_CP033073_4526030..4538120	NA	12091	16	0	NA	none	0	0		Actinobacteriota	Streptomyces
NZ_CP033078_2524605..2681512	NA	156908	162	1	T4SS_MOBC	none	0	0		Proteobacteria	Vibrio
NZ_CP033081_2894793..2920026	NA	25234	24	0	NA	none	0	0		Actinobacteriota	Glutamicibacter
NZ_CP033104_1586424..1680337	NA	93914	106	1	T4SS_MOBH	MPF_F	1	0		Proteobacteria	Pseudomonas_E
NZ_CP033104_4479681..4597400	ICE	117720	121	1	T4SS_MOBH,profile_MOBT	MPF_F	1	0		Proteobacteria	Pseudomonas_E
NZ_CP033104_5219313..5225541	NA	6229	4	1	T4SS_MOBP1	none	0	0		Proteobacteria	Pseudomonas_E
NZ_CP033105_5163522..5424040	ICE	260519	284	1	T4SS_MOBH	MPF_F	1	1	TrbK_RP4	Proteobacteria	Pseudomonas_B
NZ_CP033112_1500609..1604288	ICE	103680	113	1	profile_MOBT	MPF_FA	1	7		Firmicutes	Staphylococcus
NZ_CP033112_1929730..1976811	ICE	47082	53	1	profile_MOBT	MPF_FA	1	6	DUF4467	Firmicutes	Staphylococcus
NZ_CP033114_1500925..1599588	ICE	98664	95	1	profile_MOBT	MPF_FA	1	7		Firmicutes	Staphylococcus
NZ_CP033134_97875..272674	ICE	174800	156	1	T4SS_MOBC	none	0	0		Proteobacteria	Vibrio
NZ_CP033137_3346321..3507639	NA	161319	170	1	T4SS_MOBC	none	0	0		Proteobacteria	Vibrio
NZ_CP033144_166085..253805	ICE	87721	78	1	T4SS_MOBH,profile_MOBT	MPF_F	1	0		Proteobacteria	Vibrio
NZ_CP033158_1524833..1683651	ICE	158819	162	1	T4SS_MOBH	MPF_F	1	0		Proteobacteria	Escherichia
NZ_CP033162_3425398..3468054	ICE	42657	45	1	T4SS_MOBC	MPF_T	1	0	Eex_IncN	Proteobacteria	Serratia
NZ_CP033206_1805368..1893454	ICE	88087	94	1	profile_MOBT	none	0	8		Firmicutes	Enterococcus_B
NZ_CP033206_2442736..2501532	NA	58797	49	1	T4SS_MOBH	none	0	0		Firmicutes	Enterococcus_B
NZ_CP033206_275038..341099	ICE	66062	68	1	T4SS_MOBV	MPF_FA	1	6		Firmicutes	Enterococcus_B
NZ_CP033206_2786846..2802886	NA	16041	15	1	T4SS_MOBQ	none	0	0		Firmicutes	Enterococcus_B
NZ_CP033206_28974..105919	ICE	76946	91	1	profile_MOBT	MPF_FA	1	8		Firmicutes	Enterococcus_B
NZ_CP033206_540460..644251	ICE	103792	94	1	T4SS_MOBP1,profile_MOBT	MPF_FA	1	10		Firmicutes	Enterococcus_B
NZ_CP033206_735941..760813	NA	24873	22	1	profile_MOBM,profile_MOBT	none	0	0		Firmicutes	Enterococcus_B
NZ_CP033214_3391786..3400210	NA	8425	8	1	profile_MOBT	none	0	0		Firmicutes_A	Clostridioides
NZ_CP033214_425396..758551	ICE	333156	311	1	T4SS_MOBP1,profile_MOBT	MPF_FA	1	8		Firmicutes_A	Clostridioides
NZ_CP033216_1940935..2053066	ICE	112132	127	1	profile_MOBT	none	0	0		Firmicutes_A	Clostridioides
NZ_CP033216_3568509..3942567	ICE	374059	353	1	T4SS_MOBC,T4SS_MOBP1,T4SS_MOBV,profile_MOBT	MPF_FA	1	7		Firmicutes_A	Clostridioides
NZ_CP033230_1001018..1446032	NA	445015	426	1	profile_MOBF,profile_MOBT	MPF_F	1	0		Proteobacteria	Sphingobium
NZ_CP033230_2525145..2570128	IME	44984	37	1	T4SS_MOBQ	none	0	0		Proteobacteria	Sphingobium
NZ_CP033325_1441978..1465983	NA	24006	16	1	T4SS_MOBQ,profile_MOBF	none	0	0		Actinobacteriota	Georgenia_A
NZ_CP033326_1622432..1640249	IME	17818	15	1	T4SS_MOBQ	none	0	0		Proteobacteria	Xanthomonas
NZ_CP033337_1166011..1181143	IME	15133	18	1	T4SS_MOBQ	none	0	1		Firmicutes	Streptococcus
NZ_CP033338_2913780..2936923	IME	23144	27	1	T4SS_MOBQ	none	0	0		Proteobacteria	Salmonella
NZ_CP033340_1849226..1862037	IME	12812	8	1	T4SS_MOBQ	none	0	0		Proteobacteria	Salmonella
NZ_CP033367_1642568..1694294	NA	51727	57	0	NA	none	0	0		Proteobacteria	Mesorhizobium
NZ_CP033367_2225384..2231485	NA	6102	4	1	T4SS_MOBQ	none	0	0		Proteobacteria	Mesorhizobium
NZ_CP033367_7030028..7080585	NA	50558	32	1	T4SS_MOBQ	none	0	1		Proteobacteria	Mesorhizobium
NZ_CP033381_1398639..1502617	ICE	103979	93	1	T4SS_MOBH	MPF_F	1	0		Proteobacteria	Methylomonas
NZ_CP033381_625288..760499	ICE	135212	107	1	T4SS_MOBH,profile_MOBT	MPF_F	1	0		Proteobacteria	Methylomonas
NZ_CP033426_2269574..2323427	NA	53854	60	1	T4SS_MOBP1,T4SS_MOBP2,profile_MOBT	none	0	0		Firmicutes	Lactobacillus
NZ_CP033426_796133..837082	NA	40950	42	1	profile_MOBT	none	0	1		Firmicutes	Lactobacillus
NZ_CP033439_4117549..4215832	ICE	98284	99	1	T4SS_MOBH	MPF_F	1	0		Proteobacteria	Pseudomonas
NZ_CP033507_2163288..2172232	NA	8945	7	1	T4SS_MOBQ	none	0	0		Proteobacteria	Mesorhizobium
NZ_CP033507_4209976..4232496	NA	22521	12	1	T4SS_MOBQ,profile_MOBT	none	0	0		Proteobacteria	Mesorhizobium
NZ_CP033581_3901577..3917202	NA	15626	18	0	NA	none	0	0		Actinobacteriota	Streptomyces
NZ_CP033604_2812598..2833740	NA	21143	21	1	T4SS_MOBP1	none	0	0		Proteobacteria	Aeromonas
NZ_CP033608_885532..919394	NA	33863	37	1	T4SS_MOBP1,T4SS_MOBP2	none	0	0		Firmicutes	Weissella
NZ_CP033631_1945541..2037433	NA	91893	98	1	T4SS_MOBC	MPF_T	1	0	Eex_IncN	Proteobacteria	Klebsiella
NZ_CP033635_538954..618446	ICE	79493	95	1	T4SS_MOBH	MPF_F	1	0		Proteobacteria	Escherichia
NZ_CP033684_2496477..2601813	NA	105337	104	1	T4SS_MOBH	MPF_F	1	0		Proteobacteria	Pseudomonas
NZ_CP033684_3411475..3805990	ICE	394516	357	1	T4SS_MOBP1,profile_MOBT	MPF_T	1	0	Eex_IncN	Proteobacteria	Pseudomonas
NZ_CP033684_5063539..5238873	ICE	175335	170	1	T4SS_MOBP1	MPF_T	1	0	Eex_IncN	Proteobacteria	Pseudomonas
NZ_CP033684_5295624..5386121	ICE	90498	91	1	T4SS_MOBH,profile_MOBT	MPF_F	1	0		Proteobacteria	Pseudomonas
NZ_CP033684_5743498..5837210	ICE	93713	122	1	T4SS_MOBH	MPF_F	1	0		Proteobacteria	Pseudomonas
NZ_CP033685_2388318..2466270	NA	77953	83	1	T4SS_MOBH	MPF_F	1	0		Proteobacteria	Pseudomonas
NZ_CP033686_2099194..2193861	ICE	94668	83	1	T4SS_MOBP1,profile_MOBT	MPF_T	1	0		Proteobacteria	Pseudomonas
NZ_CP033702_2860926..2883178	NA	22253	25	1	profile_MOBT	none	0	0		Proteobacteria	Burkholderia
NZ_CP033705_949552..989700	IME	40149	36	1	T4SS_MOBQ	none	0	0		Proteobacteria	Burkholderia
NZ_CP033706_253695..636915	ICE	383221	283	1	T4SS_MOBC,profile_MOBT	none	0	0		Proteobacteria	Burkholderia
NZ_CP033709_2143..15020	IME	12878	12	1	T4SS_MOBQ	none	0	0		Proteobacteria	Yersinia
NZ_CP033713_993017..1093464	ICE	100448	99	1	T4SS_MOBH	MPF_F	1	0		Proteobacteria	Yersinia
NZ_CP033720_922890..925446	NA	2557	3	0	NA	none	0	0		Campylobacterota	Sulfurimonas
NZ_CP033730_1786561..1973139	NA	186579	172	1	profile_MOBF	MPF_T	1	0		Proteobacteria	Achromobacter
NZ_CP033735_1558471..1570443	NA	11973	12	1	T4SS_MOBH	none	0	0		Firmicutes	Staphylococcus
NZ_CP033760_1094113..1195115	ICE	101003	92	1	T4SS_MOBP1	MPF_T	1	1		Bacteroidota	Chryseobacterium
NZ_CP033762_1421393..1503519	IME	82127	97	1	T4SS_MOBQ	none	0	1		Proteobacteria	Escherichia
NZ_CP033771_1097559..1144360	NA	46802	50	1	T4SS_MOBP1	MPF_T	1	0	Eex_IncN	Proteobacteria	Pseudomonas
NZ_CP033771_3332235..3423228	ICE	90994	117	1	T4SS_MOBH	MPF_F	1	0		Proteobacteria	Pseudomonas
NZ_CP033771_3760425..3893524	ICE	133100	123	1	T4SS_MOBH,profile_MOBT	MPF_F	1	0		Proteobacteria	Pseudomonas
NZ_CP033777_2510771..2575351	ICE	64581	50	1	T4SS_MOBC	MPF_T	1	0	Eex_IncN	Proteobacteria	Klebsiella
NZ_CP033787_353447..381507	NA	28061	28	1	T4SS_MOBH,T4SS_MOBP1	none	0	1		Firmicutes	Enterococcus
NZ_CP033787_479179..571998	ICE	92820	98	1	T4SS_MOBC,T4SS_MOBP2,profile_MOBT	none	0	0		Firmicutes	Enterococcus
NZ_CP033795_1917047..1965354	IME	48308	51	1	T4SS_MOBC	none	0	1		Firmicutes	Bacillus_A
NZ_CP033800_3717681..3802234	ICE	84554	91	1	T4SS_MOBH	none	0	0		Proteobacteria	Enterobacter
NZ_CP033800_4116351..4170033	NA	53683	69	1	T4SS_MOBP1	none	0	0		Proteobacteria	Enterobacter
NZ_CP033800_4745412..4769404	IME	23993	24	1	T4SS_MOBQ	none	0	0		Proteobacteria	Enterobacter
NZ_CP033808_857408..975801	ICE	118394	117	1	profile_MOBT	MPF_FA	1	7		Firmicutes	Streptococcus
NZ_CP033809_2046866..2053878	NA	7013	9	1	T4SS_MOBV	none	0	0		Firmicutes	Streptococcus
NZ_CP033809_238334..241170	NA	2837	3	1	profile_MOBT	none	0	0		Firmicutes	Streptococcus
NZ_CP033810_223906..426033	ICE	202128	209	1	T4SS_MOBC,profile_MOBT	MPF_FA	1	8		Firmicutes	Streptococcus
NZ_CP033810_777011..795857	NA	18847	24	1	profile_MOBT	none	0	3		Firmicutes	Streptococcus
NZ_CP033814_1288332..1348173	IME	59842	73	1	T4SS_MOBV	none	0	0		Firmicutes	Staphylococcus
NZ_CP033817_443559..461696	IME	18138	23	1	T4SS_MOBP1	none	0	0		Proteobacteria	Klebsiella
NZ_CP033822_75064..141507	ICE	66444	66	1	profile_MOBM,profile_MOBT	MPF_FA	1	8		Firmicutes	Streptococcus
NZ_CP033824_2255220..2277081	IME	21862	20	1	T4SS_MOBP1	none	0	0		Proteobacteria	Klebsiella
NZ_CP033824_326560..566886	ICE	240327	262	1	profile_MOBT	none	0	0		Proteobacteria	Klebsiella
NZ_CP033824_3766427..3831452	ICE	65026	64	1	T4SS_MOBH	MPF_F	1	0		Proteobacteria	Klebsiella
NZ_CP033832_37920..127485	ICE	89566	101	1	T4SS_MOBH	MPF_F	1	0		Proteobacteria	Pseudomonas
NZ_CP033832_4407881..4595074	NA	187194	169	1	T4SS_MOBP1,profile_MOBT	MPF_T	1	0	Eex_IncN	Proteobacteria	Pseudomonas
NZ_CP033833_2766175..2872038	ICE	105864	106	1	T4SS_MOBP1	MPF_T	1	0		Proteobacteria	Pseudomonas
NZ_CP033835_1143865..1263717	NA	119853	117	1	T4SS_MOBP1	MPF_T	1	0	Eex_IncN	Proteobacteria	Pseudomonas
NZ_CP033835_1337211..1429410	ICE	92200	103	1	T4SS_MOBH	MPF_F	1	0		Proteobacteria	Pseudomonas
NZ_CP033835_2186165..2281783	ICE	95619	114	1	T4SS_MOBH	MPF_F	1	0		Proteobacteria	Pseudomonas
NZ_CP033835_6265324..6278733	NA	13410	28	0	NA	none	0	0		Proteobacteria	Pseudomonas
NZ_CP033843_4896581..4977265	NA	80685	83	1	T4SS_MOBH	MPF_F	1	0		Proteobacteria	Pseudomonas
NZ_CP033843_501134..580518	ICE	79385	76	1	T4SS_MOBH	MPF_F	1	0		Proteobacteria	Pseudomonas
NZ_CP033843_6553267..6767411	ICE	214145	203	1	T4SS_MOBP1	MPF_T	1	0		Proteobacteria	Pseudomonas
NZ_CP033861_2397385..2401012	NA	3628	6	0	NA	none	0	0		Proteobacteria	Alcaligenes
NZ_CP033865_1296688..1340541	ICE	43854	35	1	profile_MOBT	MPF_FA	1	7		Firmicutes	Staphylococcus
NZ_CP033865_961155..1018490	ICE	57336	56	1	profile_MOBT	MPF_FA	1	6		Firmicutes	Staphylococcus
NZ_CP033869_277901..295034	IME	17134	18	1	T4SS_MOBQ	none	0	0		Proteobacteria	Acinetobacter
NZ_CP033875_2671647..2813437	ICE	141791	150	1	T4SS_MOBP1,profile_MOBT	MPF_T	1	0		Proteobacteria	Caulobacter
NZ_CP033875_3367216..3400952	IME	33737	34	1	T4SS_MOBQ	none	0	0		Proteobacteria	Caulobacter
NZ_CP033888_265814..267916	NA	2103	3	1	T4SS_MOBH	none	0	0		Firmicutes	Lactiplantibacillus
NZ_CP033893_3877630..3902468	IME	24839	28	0	NA	none	0	0		Proteobacteria	Serratia
NZ_CP033905_702638..843729	ICE	141092	119	1	T4SS_MOBP1	MPF_FA	1	5		Actinobacteriota	Trueperella
NZ_CP033912_2402779..2498587	ICE	95809	85	1	T4SS_MOBP1	MPF_T	1	1		Bacteroidota	Chryseobacterium
NZ_CP033912_3620140..3726898	NA	106759	99	1	T4SS_MOBP1	MPF_T	1	1		Bacteroidota	Chryseobacterium
NZ_CP033914_1463258..1609846	ICE	146589	136	1	T4SS_MOBP1	none	0	0		Bacteroidota	Chryseobacterium
NZ_CP033915_3938990..4045744	NA	106755	98	1	T4SS_MOBP1	MPF_T	1	1		Bacteroidota	Chryseobacterium
NZ_CP033917_3659651..3699074	NA	39424	32	1	T4SS_MOBP1	none	0	0		Bacteroidota	Chryseobacterium
NZ_CP033918_4431465..4563936	ICE	132472	125	1	T4SS_MOBP1,T4SS_MOBQ	none	0	1		Bacteroidota	Chryseobacterium
NZ_CP033920_224309..251271	IME	26963	23	1	T4SS_MOBP1	none	0	0		Bacteroidota	Chryseobacterium
NZ_CP033920_4579038..4634392	IME	55355	40	1	T4SS_MOBP1	none	0	0		Bacteroidota	Chryseobacterium
NZ_CP033921_2604054..2659397	NA	55344	45	1	T4SS_MOBP1	none	0	0		Bacteroidota	Chryseobacterium
NZ_CP033921_3708259..3735209	IME	26951	30	1	T4SS_MOBP1	none	0	0		Bacteroidota	Chryseobacterium
NZ_CP033921_5029695..5064800	IME	35106	41	1	T4SS_MOBP1	none	0	0		Bacteroidota	Chryseobacterium
NZ_CP033922_3447948..3702371	ICE	254424	238	1	T4SS_MOBP1,profile_MOBT	none	0	1		Bacteroidota	Chryseobacterium
NZ_CP033922_5206570..5269985	ICE	63416	58	1	T4SS_MOBP1	none	0	0		Bacteroidota	Chryseobacterium
NZ_CP033925_1457150..1469272	NA	12123	13	1	T4SS_MOBP1	none	0	0		Bacteroidota	Chryseobacterium
NZ_CP033925_2276179..2478869	ICE	202691	205	1	T4SS_MOBP1,profile_MOBT	none	0	0		Bacteroidota	Chryseobacterium
NZ_CP033926_1296021..1336556	NA	40536	29	0	NA	none	0	0		Bacteroidota	Chryseobacterium
NZ_CP033930_1416476..1809312	ICE	392837	356	1	T4SS_MOBP1	none	0	0		Bacteroidota	Chryseobacterium
NZ_CP033932_218211..375844	ICE	157634	149	1	T4SS_MOBP1	none	0	0		Bacteroidota	Chryseobacterium
NZ_CP033932_2565810..2696065	ICE	130256	127	1	T4SS_MOBP1,T4SS_MOBQ,profile_MOBT	none	0	1		Bacteroidota	Chryseobacterium
NZ_CP033933_1539852..1547590	NA	7739	8	1	T4SS_MOBP1	none	0	0		Bacteroidota	Kaistella
NZ_CP033933_2515767..2550213	IME	34447	27	1	T4SS_MOBP1	none	0	0		Bacteroidota	Kaistella
NZ_CP033933_77070..177228	NA	100159	106	1	T4SS_MOBP1	MPF_T	1	1		Bacteroidota	Kaistella
NZ_CP033933_880348..921575	NA	41228	38	1	T4SS_MOBP1	none	0	0		Bacteroidota	Kaistella
NZ_CP033934_3005785..3106425	ICE	100641	85	1	T4SS_MOBP1	none	0	0		Bacteroidota	Chryseobacterium
NZ_CP033934_4825639..4862695	NA	37057	31	1	T4SS_MOBP1	none	0	1		Bacteroidota	Chryseobacterium
NZ_CP033936_1408226..1411934	NA	3709	2	1	T4SS_MOBP1,T4SS_MOBV	none	0	0		Proteobacteria	Kerstersia
NZ_CP033936_396422..487217	NA	90796	79	1	T4SS_MOBP1	MPF_T	1	0		Proteobacteria	Kerstersia
NZ_CP033954_745510..802428	NA	56919	66	1	T4SS_MOBH,profile_MOBT	MPF_F	1	0		Proteobacteria	Klebsiella
NZ_CP033960_1910377..1969893	ICE	59517	41	1	T4SS_MOBC	MPF_T	1	0		Proteobacteria	Klebsiella
NZ_CP033960_794470..849411	NA	54942	63	1	T4SS_MOBH,profile_MOBT	MPF_F	1	0		Proteobacteria	Klebsiella
NZ_CP034015_2604320..2662798	IME	58479	54	1	T4SS_MOBH	none	0	0		Proteobacteria	Shewanella
NZ_CP034016_1619924..1653392	NA	33469	50	1	profile_MOBT	none	0	0		Proteobacteria	Neisseria
NZ_CP034018_1620664..1654129	NA	33466	50	1	profile_MOBT	none	0	0		Proteobacteria	Neisseria
NZ_CP034020_222586..254098	NA	31513	50	0	NA	none	0	0		Proteobacteria	Neisseria
NZ_CP034026_1628545..1662617	NA	34073	51	0	NA	none	0	0		Proteobacteria	Neisseria
NZ_CP034032_1622654..1654909	NA	32256	48	0	NA	none	0	0		Proteobacteria	Neisseria
NZ_CP034035_1316373..1360618	ICE	44246	45	1	T4SS_MOBC	MPF_T	1	0	Eex_IncN	Proteobacteria	Brenneria
NZ_CP034035_2355160..2440749	NA	85590	49	1	T4SS_MOBC	MPF_T	1	0	Eex_IncN	Proteobacteria	Brenneria
NZ_CP034036_2910386..2947347	NA	36962	44	1	profile_MOBT	none	0	0		Proteobacteria	Brenneria
NZ_CP034036_4086556..4177827	ICE	91272	89	1	T4SS_MOBH	MPF_F	1	0		Proteobacteria	Brenneria
NZ_CP034039_747649..803897	NA	56249	65	1	T4SS_MOBH,profile_MOBT	MPF_F	1	0		Proteobacteria	Klebsiella
NZ_CP034074_3767087..3787600	IME	20514	21	1	T4SS_MOBQ	none	0	0		Proteobacteria	Salmonella
NZ_CP034074_3971895..4020840	IME	48946	51	1	T4SS_MOBP1	none	0	1		Proteobacteria	Salmonella
NZ_CP034077_1819752..1918788	ICE	99037	80	1	T4SS_MOBC	MPF_T	1	0	Eex_IncN	Proteobacteria	Klebsiella
NZ_CP034078_865150..907500	NA	42351	45	1	T4SS_MOBH	MPF_F	1	1		Proteobacteria	Pseudomonas_E
NZ_CP034091_13364..60725	NA	47362	53	1	profile_MOBF	none	0	0		Proteobacteria	Proteus
NZ_CP034091_3172359..3401945	ICE	229587	217	1	T4SS_MOBH,profile_MOBT	MPF_F	1	0	EexR	Proteobacteria	Proteus
NZ_CP034110_2370059..2406869	ICE	36811	48	1	T4SS_MOBH	MPF_F	1	0		Proteobacteria	Avibacterium
NZ_CP034121_2239608..2244801	NA	5194	6	1	T4SS_MOBP1	none	0	0		Actinobacteriota	Microbacterium
NZ_CP034121_2309442..2315287	NA	5846	9	0	NA	none	0	0		Actinobacteriota	Microbacterium
NZ_CP034122_417293..497396	NA	80104	76	1	profile_MOBF,profile_MOBT	none	0	0		Proteobacteria	Caulobacter
NZ_CP034123_1858261..1918695	ICE	60435	42	1	T4SS_MOBC	MPF_T	1	0		Proteobacteria	Klebsiella
NZ_CP034123_745498..802416	NA	56919	66	1	T4SS_MOBH,profile_MOBT	MPF_F	1	0		Proteobacteria	Klebsiella
NZ_CP034136_1926640..1948712	IME	22073	22	1	T4SS_MOBQ	none	0	0		Proteobacteria	Klebsiella
NZ_CP034136_4956045..4964063	NA	8019	9	1	T4SS_MOBP1	none	0	0		Proteobacteria	Klebsiella
NZ_CP034147_1177511..1363289	ICE	185779	157	1	T4SS_MOBP1	MPF_T	1	0		Campylobacterota	Helicobacter
NZ_CP034148_2824745..2852157	NA	27413	26	1	T4SS_MOBP1	none	0	0		Proteobacteria	Pantoea
NZ_CP034158_933015..939059	NA	6045	6	1	T4SS_MOBP1	none	0	0		Bacteroidota	Kaistella
NZ_CP034159_1248774..1273498	IME	24725	21	1	T4SS_MOBP1,profile_MOBT	none	0	0		Bacteroidota	Kaistella
NZ_CP034159_2558113..2653529	ICE	95417	87	1	T4SS_MOBP1	none	0	1		Bacteroidota	Kaistella
NZ_CP034159_2653934..2709545	IME	55612	52	1	T4SS_MOBP1	none	0	0		Bacteroidota	Kaistella
NZ_CP034160_1176601..1183479	NA	6879	7	1	T4SS_MOBP1	none	0	0		Bacteroidota	Epilithonimonas
NZ_CP034161_393101..445543	IME	52443	53	1	T4SS_MOBP1	none	0	0		Bacteroidota	Epilithonimonas
NZ_CP034166_2977697..2980407	NA	2711	2	1	T4SS_MOBH	none	0	0		Proteobacteria	Escherichia
NZ_CP034169_4670707..4685177	IME	14471	14	1	profile_MOBT	none	0	2		Firmicutes	Enterococcus_A
NZ_CP034173_1043124..1155902	ICE	112779	100	1	T4SS_MOBP1	MPF_T	1	1		Bacteroidota	Planobacterium
NZ_CP034173_207785..248815	NA	41031	36	1	T4SS_MOBP1	none	0	0		Bacteroidota	Planobacterium
NZ_CP034179_1657545..1706967	NA	49423	54	1	T4SS_MOBP1	MPF_T	1	0		Proteobacteria	Caenibius
NZ_CP034179_1922818..1983119	ICE	60302	65	1	T4SS_MOBP1,profile_MOBT	MPF_T	1	0		Proteobacteria	Caenibius
NZ_CP034179_3586960..3773867	ICE	186908	185	1	T4SS_MOBQ,profile_MOBF	MPF_F	1	0		Proteobacteria	Caenibius
NZ_CP034179_3782622..4012401	NA	229780	226	1	profile_MOBF	none	0	0		Proteobacteria	Caenibius
NZ_CP034184_416339..458098	NA	41760	46	1	profile_MOBT	none	0	0		Deinococcota	Deinococcus
NZ_CP034233_24971..118958	NA	93988	99	1	T4SS_MOBH	MPF_F	1	1		Proteobacteria	Salmonella
NZ_CP034237_1595656..1632307	ICE	36652	37	1	T4SS_MOBC	MPF_T	1	0	Eex_IncN	Proteobacteria	Pectobacterium
NZ_CP034237_2953196..2988773	IME	35578	33	1	T4SS_MOBP1	none	0	0		Proteobacteria	Pectobacterium
NZ_CP034245_3238449..3294768	NA	56320	55	1	profile_MOBF	none	0	1		Actinobacteriota	Microbacterium
NZ_CP034276_1891106..1906800	IME	15695	15	1	T4SS_MOBQ	none	0	0		Proteobacteria	Pectobacterium
NZ_CP034276_3809174..3819643	IME	10470	12	1	T4SS_MOBQ	none	0	0		Proteobacteria	Pectobacterium
NZ_CP034276_612563..698998	NA	86436	94	1	T4SS_MOBH	MPF_F	1	0		Proteobacteria	Pectobacterium
NZ_CP034279_2314943..2333009	NA	18067	20	0	NA	none	0	0		Actinobacteriota	Streptomyces
NZ_CP034279_3270286..3288113	AICE	17828	21	0	NA	none	0	0		Actinobacteriota	Streptomyces
NZ_CP034279_3817812..3833365	NA	15554	18	0	NA	none	0	0		Actinobacteriota	Streptomyces
NZ_CP034279_3954509..3964417	NA	9909	14	0	NA	none	0	0		Actinobacteriota	Streptomyces
NZ_CP034279_5148545..5159991	AICE	11447	15	0	NA	none	0	0		Actinobacteriota	Streptomyces
NZ_CP034281_4788334..4810132	NA	21799	24	1	T4SS_MOBP1	none	0	0		Proteobacteria	Klebsiella
NZ_CP034286_1484249..1531890	NA	47642	47	1	profile_MOBF	none	0	0		Proteobacteria	Vibrio
NZ_CP034295_1595150..1642793	NA	47644	48	1	profile_MOBF	none	0	0		Proteobacteria	Vibrio
NZ_CP034305_1449479..1499845	IME	50367	46	1	T4SS_MOBP1,profile_MOBT	none	0	0		Proteobacteria	Vibrio
NZ_CP034328_3262424..3292016	IME	29593	29	1	T4SS_MOBP1	none	0	0		Proteobacteria	Tabrizicola
NZ_CP034336_2169920..2248663	NA	78744	84	1	T4SS_MOBH	MPF_F	1	1		Proteobacteria	Enterobacter
NZ_CP034337_4065809..4078046	NA	12238	13	1	T4SS_MOBP1	none	0	0		Proteobacteria	Pseudomonas_E
NZ_CP034338_3651283..3805212	NA	153930	137	1	T4SS_MOBC,T4SS_MOBH,profile_MOBT	MPF_F	1	0		Proteobacteria	Pseudomonas_E
NZ_CP034338_4519361..4601085	ICE	81725	91	1	T4SS_MOBH	MPF_F	1	0		Proteobacteria	Pseudomonas_E
NZ_CP034349_2671148..2708608	NA	37461	39	1	profile_MOBT	MPF_FA	1	6	DUF4467	Firmicutes	Staphylococcus
NZ_CP034353_4730588..4743592	NA	13005	17	0	NA	none	0	0		Actinobacteriota	Streptomyces
NZ_CP034354_1343196..1445611	ICE	102416	109	1	T4SS_MOBH,profile_MOBT	MPF_F	1	0		Proteobacteria	Pseudomonas
NZ_CP034354_2104149..2314281	ICE	210133	198	1	T4SS_MOBH	MPF_F	1	0		Proteobacteria	Pseudomonas
NZ_CP034354_910412..1013390	ICE	102979	110	1	T4SS_MOBH	MPF_F	1	0		Proteobacteria	Pseudomonas
NZ_CP034358_2077959..2138495	NA	60537	77	1	T4SS_MOBC,T4SS_MOBH	none	0	0		Firmicutes_A	Clostridium
NZ_CP034363_2912188..3008105	NA	95918	89	1	T4SS_MOBC	MPF_T	1	0	Eex_IncN	Proteobacteria	Erwinia
NZ_CP034363_3473132..3502361	IME	29230	28	1	T4SS_MOBP1	none	0	0		Proteobacteria	Erwinia
NZ_CP034363_404652..482215	ICE	77564	83	1	T4SS_MOBH	MPF_F	1	0		Proteobacteria	Erwinia
NZ_CP034363_4062750..4140294	NA	77545	86	1	T4SS_MOBH	MPF_F	1	0		Proteobacteria	Erwinia
NZ_CP034369_4050547..4077438	IME	26892	25	1	T4SS_MOBH	none	0	0		Proteobacteria	Pseudomonas
NZ_CP034383_1593096..1633005	NA	39910	45	0	NA	none	0	0		Actinobacteriota	Mycobacterium
NZ_CP034395_3546080..3571144	IME	25065	20	1	profile_MOBF	none	0	0		Proteobacteria	Herbaspirillum
NZ_CP034408_1652090..1718310	ICE	66221	56	1	T4SS_MOBC	MPF_T	1	0	Eex_IncN	Proteobacteria	Klebsiella
NZ_CP034409_2315652..2529862	ICE	214211	207	1	T4SS_MOBP1	MPF_T	1	0	Eex_IncN	Proteobacteria	Pseudomonas
NZ_CP034409_3802866..3893221	ICE	90356	107	1	T4SS_MOBH	MPF_F	1	0		Proteobacteria	Pseudomonas
NZ_CP034413_2841292..2993923	ICE	152632	171	1	T4SS_MOBP1,profile_MOBT	MPF_FA	1	10		Firmicutes_A	Dysosmobacter
NZ_CP034413_3004436..3016603	NA	12168	13	1	T4SS_MOBP1,profile_MOBM	none	0	0		Firmicutes_A	Dysosmobacter
NZ_CP034413_903382..907112	NA	3731	3	1	T4SS_MOBP1	none	0	0		Firmicutes_A	Dysosmobacter
NZ_CP034413_977159..996236	IME	19078	20	1	T4SS_MOBP1	none	0	6		Firmicutes_A	Dysosmobacter
NZ_CP034415_1862728..1922244	ICE	59517	41	1	T4SS_MOBC	MPF_T	1	0		Proteobacteria	Klebsiella
NZ_CP034415_744981..801122	NA	56142	64	1	T4SS_MOBH,profile_MOBT	MPF_F	1	0		Proteobacteria	Klebsiella
NZ_CP034425_931962..979214	NA	47253	51	1	T4SS_MOBH	MPF_F	1	0		Proteobacteria	Pseudomonas_E
NZ_CP034432_29144..76586	NA	47443	53	1	T4SS_MOBP1,profile_MOBT	none	0	0		Proteobacteria	Bradyrhizobium
NZ_CP034438_626175..633418	NA	7244	8	1	profile_MOBT	none	0	0		Actinobacteriota	Flaviflexus
NZ_CP034439_2532549..2591254	IME	58706	48	1	T4SS_MOBC	none	0	0		Proteobacteria	Pseudoalteromonas
NZ_CP034442_429066..536485	NA	107420	102	1	T4SS_MOBP1,profile_MOBT	none	0	4		Firmicutes	Streptococcus
NZ_CP034444_4126621..4185547	NA	58927	53	1	T4SS_MOBP1	MPF_T	1	0		Proteobacteria	Mesorhizobium
NZ_CP034445_460841..496370	NA	35530	32	1	T4SS_MOBQ	none	0	0		Proteobacteria	Mesorhizobium
NZ_CP034446_1661213..1787599	NA	126387	129	1	T4SS_MOBP1	MPF_T	1	0		Proteobacteria	Mesorhizobium
NZ_CP034446_3837048..3842861	NA	5814	4	1	T4SS_MOBQ	none	0	0		Proteobacteria	Mesorhizobium
NZ_CP034446_4767577..4787848	NA	20272	18	1	T4SS_MOBQ	none	0	0		Proteobacteria	Mesorhizobium
NZ_CP034446_6607362..6708039	ICE	100678	105	1	T4SS_MOBP1	MPF_T	1	0		Proteobacteria	Mesorhizobium
NZ_CP034447_6773919..6823826	NA	49908	49	1	T4SS_MOBP1	MPF_T	1	0		Proteobacteria	Mesorhizobium
NZ_CP034451_112853..135354	NA	22502	23	0	NA	MPF_T	1	0		Proteobacteria	Mesorhizobium
NZ_CP034463_4467480..4479168	NA	11689	18	1	profile_MOBT	none	0	0		Actinobacteriota	Streptomyces
NZ_CP034463_5680216..5699339	AICE	19124	24	0	NA	none	0	0		Actinobacteriota	Streptomyces
NZ_CP034463_7047995..7066412	NA	18418	22	0	NA	none	0	0		Actinobacteriota	Streptomyces
NZ_CP034465_210637..460098	ICE	249462	219	1	profile_MOBT	MPF_FA	1	7		Firmicutes	Jeotgalibaca
NZ_CP034482_1812756..1969900	NA	157145	146	1	T4SS_MOBC	none	0	0	Eex_IncN	Proteobacteria	Rahnella
NZ_CP034483_1083196..1131725	ICE	48530	47	1	T4SS_MOBP1	MPF_T	1	0	Eex_IncN	Proteobacteria	Rahnella
NZ_CP034483_2930248..2990098	ICE	59851	49	1	T4SS_MOBC	MPF_T	1	0	Eex_IncN	Proteobacteria	Rahnella
NZ_CP034539_10384331..10396913	NA	12583	14	0	NA	none	0	0		Actinobacteriota	Streptomyces
NZ_CP034539_3636557..3642925	NA	6369	11	0	NA	none	0	0		Actinobacteriota	Streptomyces
NZ_CP034539_4339815..4362223	NA	22409	26	1	T4SS_MOBP1	none	0	0		Actinobacteriota	Streptomyces
NZ_CP034539_6799674..6805999	NA	6326	6	1	T4SS_MOBP1	none	0	0		Actinobacteriota	Streptomyces
NZ_CP034541_663000..758451	NA	95452	83	1	profile_MOBM	none	0	0		Firmicutes	SCSIO-07484
NZ_CP034543_1119448..1244973	ICE	125526	115	1	T4SS_MOBP1	MPF_FA	1	6		Firmicutes	Streptococcus
NZ_CP034550_1032771..1037292	NA	4522	4	0	NA	none	0	0		Actinobacteriota	Actinosynnema
NZ_CP034550_187070..198601	NA	11532	10	0	NA	none	0	0		Actinobacteriota	Actinosynnema
NZ_CP034551_1824617..1894536	NA	69920	83	1	T4SS_MOBC	none	0	0		Firmicutes	Bacillus_A
NZ_CP034570_2558813..2595717	IME	36905	43	1	T4SS_MOBP1	none	0	0		Bacteroidota	Maribacter
NZ_CP034570_3207075..3233871	IME	26797	21	1	T4SS_MOBP1	none	0	0		Bacteroidota	Maribacter
NZ_CP034570_5121..50783	NA	45663	49	1	T4SS_MOBP1	none	0	0		Bacteroidota	Maribacter
NZ_CP034587_3861816..3876914	NA	15099	27	0	NA	none	0	0		Actinobacteriota	Streptomyces
NZ_CP034587_3929668..3943011	NA	13344	17	0	NA	none	0	0		Actinobacteriota	Streptomyces
NZ_CP034653_1624920..1629166	NA	4247	5	1	T4SS_MOBQ	none	0	0		Proteobacteria	Xanthomonas
NZ_CP034653_2630254..2740822	NA	110569	106	1	profile_MOBF	MPF_T	1	0		Proteobacteria	Xanthomonas
NZ_CP034653_3184205..3192708	NA	8504	9	1	T4SS_MOBQ	none	0	0		Proteobacteria	Xanthomonas
NZ_CP034657_2761751..2783059	NA	21309	19	1	T4SS_MOBQ	none	0	0		Proteobacteria	Xanthomonas
NZ_CP034657_3690997..3727069	NA	36073	36	1	T4SS_MOBQ	none	0	0		Proteobacteria	Xanthomonas
NZ_CP034668_1808423..2047369	NA	238947	226	1	T4SS_MOBC	none	0	0		Proteobacteria	Proteus
NZ_CP034678_2306037..2597475	ICE	291439	291	0	NA	none	0	0		Proteobacteria	Klebsiella
NZ_CP034689_511119..588969	NA	77851	91	1	T4SS_MOBC,profile_MOBF	MPF_T	1	0		Proteobacteria	Achromobacter
NZ_CP034689_985455..1067524	NA	82070	94	1	profile_MOBF	MPF_T	1	0		Proteobacteria	Achromobacter
NZ_CP034697_1028687..1064213	IME	35527	38	1	T4SS_MOBP1	none	0	1		Proteobacteria	Salmonella
NZ_CP034717_1024408..1063667	IME	39260	45	1	T4SS_MOBP1	none	0	1		Proteobacteria	Salmonella
NZ_CP034717_4299482..4331080	NA	31599	39	1	T4SS_MOBH	MPF_F	1	0		Proteobacteria	Salmonella
NZ_CP034752_2772231..2923607	NA	151377	167	1	T4SS_MOBH	MPF_F	1	0		Proteobacteria	Limnobaculum
NZ_CP034753_3223300..3239728	NA	16429	17	1	profile_MOBF	none	0	0		Actinobacteriota	Agromyces
NZ_CP034760_739376..794318	NA	54943	63	1	T4SS_MOBH,profile_MOBT	MPF_F	1	0		Proteobacteria	Klebsiella
NZ_CP034767_3215135..3238392	IME	23258	19	1	T4SS_MOBQ	none	0	0		Proteobacteria	Devosia
NZ_CP034836_6168989..6189435	NA	20447	26	1	T4SS_MOBC,T4SS_MOBQ	none	0	0		Proteobacteria	Hahella
NZ_CP034842_2175491..2199833	NA	24343	23	1	T4SS_MOBP1	none	0	0		Fusobacteriota	Fusobacterium_C
NZ_CP034938_1086831..1170813	ICE	83983	94	1	T4SS_MOBH	MPF_F	1	0		Proteobacteria	Pectobacterium
NZ_CP034938_4810944..4832313	NA	21370	23	0	NA	none	0	0		Proteobacteria	Pectobacterium
NZ_CP034949_1025408..1066752	NA	41345	44	1	T4SS_MOBP1,profile_MOBM,profile_MOBT	none	0	1		Firmicutes	Enterococcus_B
NZ_CP035034_4304495..4379198	ICE	74704	86	1	T4SS_MOBH	MPF_F	1	0		Proteobacteria	Pantoea
NZ_CP035088_4933870..5047204	ICE	113335	120	1	T4SS_MOBH,profile_MOBT	MPF_F	1	1		Proteobacteria	Pseudomonas_E
NZ_CP035090_1165554..1170042	NA	4489	5	1	T4SS_MOBP1,T4SS_MOBV	none	0	0		Proteobacteria	Paracoccus
NZ_CP035090_1690510..1734539	ICE	44030	50	1	T4SS_MOBP1,profile_MOBT	MPF_T	1	0		Proteobacteria	Paracoccus
NZ_CP035091_964620..983343	NA	18724	25	1	T4SS_MOBP1,T4SS_MOBV	none	0	0		Proteobacteria	Paracoccus
NZ_CP035093_3006408..3064309	IME	57902	45	1	T4SS_MOBQ	none	0	0		Proteobacteria	Brevundimonas
NZ_CP035107_433332..543390	NA	110059	107	1	T4SS_MOBP1	none	0	1		Bacteroidota	Ornithobacterium
NZ_CP035108_1032884..1057960	IME	25077	16	1	profile_MOBF	none	0	0		Deferribacterota	Geovibrio
NZ_CP035129_78175..166181	NA	88007	83	1	T4SS_MOBP1,profile_MOBF	none	0	1		Proteobacteria	Kosakonia
NZ_CP035130_859836..1048583	ICE	188748	173	1	T4SS_MOBP1,T4SS_MOBP3,profile_MOBT	none	0	1		Firmicutes_A	Gudongella
NZ_CP035136_1088901..1189408	NA	100508	86	0	NA	none	0	0		Firmicutes	Enterococcus_B
NZ_CP035228_574718..581301	NA	6584	10	1	profile_MOBT	none	0	1		Firmicutes	Bacillus
NZ_CP035230_1718310..1797228	NA	78919	95	0	NA	none	0	0		Firmicutes	Bacillus
NZ_CP035271_986901..1051305	NA	64405	83	1	T4SS_MOBP2,profile_MOBT	none	0	0		Firmicutes	Leuconostoc
NZ_CP035276_1105930..1117545	IME	11616	10	1	T4SS_MOBP1	none	0	0		Proteobacteria	Citrobacter
NZ_CP035276_3041821..3100074	ICE	58254	61	1	T4SS_MOBC	MPF_T	1	0	Eex_IncN	Proteobacteria	Citrobacter
NZ_CP035276_3218662..3242771	IME	24110	28	1	T4SS_MOBQ	none	0	0		Proteobacteria	Citrobacter
NZ_CP035278_133234..171038	IME	37805	28	1	T4SS_MOBP1	none	0	0		Chlamydiota	Chlamydia
NZ_CP035282_51664..152403	NA	100740	109	1	T4SS_MOBC,T4SS_MOBP1,profile_MOBT	none	0	1		Firmicutes_A	PP17-6a
NZ_CP035282_960755..1078358	NA	117604	111	1	T4SS_MOBP1,profile_MOBT	MPF_T	1	10		Firmicutes_A	PP17-6a
NZ_CP035283_2277118..2297592	NA	20475	25	1	T4SS_MOBQ	none	0	1		Firmicutes_A	Caproicibacter
NZ_CP035311_3043368..3062812	IME	19445	19	1	T4SS_MOBP1,T4SS_MOBQ	none	0	0		Proteobacteria	Paucimonas
NZ_CP035319_300912..318986	NA	18075	20	0	NA	none	0	0		Actinobacteriota	Rhodococcus
NZ_CP035375_1281965..1303143	NA	21179	28	1	profile_MOBF	none	0	0		Actinobacteriota	Rhodoglobus
NZ_CP035383_4780731..4863403	ICE	82673	74	1	T4SS_MOBH,profile_MOBT	MPF_F	1	0		Proteobacteria	Klebsiella
NZ_CP035390_3399086..3438522	NA	39437	56	1	profile_MOBM	none	0	0		Firmicutes	Bacillus
NZ_CP035397_3989261..4035809	ICE	46549	56	1	profile_MOBT	MPF_FA	1	6	DUF4467	Firmicutes	Bacillus
NZ_CP035402_519703..550905	NA	31203	36	1	profile_MOBT	MPF_FA	1	6	DUF4467	Firmicutes	Bacillus
NZ_CP035403_4073522..4106621	ICE	33100	40	1	profile_MOBT	MPF_FA	1	6	DUF4467	Firmicutes	Bacillus
NZ_CP035403_568041..592557	NA	24517	32	1	profile_MOBT	MPF_FA	1	7	DUF4467	Firmicutes	Bacillus
NZ_CP035404_589828..614261	NA	24434	30	1	profile_MOBT	MPF_FA	1	6	DUF4467	Firmicutes	Bacillus
NZ_CP035405_2707780..2778099	NA	70320	84	1	T4SS_MOBP1,T4SS_MOBP2,profile_MOBT	MPF_FA	1	2		Firmicutes	Bacillus
NZ_CP035406_523782..553476	NA	29695	37	1	profile_MOBT	MPF_FA	1	7	DUF4467	Firmicutes	Bacillus
NZ_CP035406_972029..995360	NA	23332	28	1	profile_MOBT	MPF_FA	1	6	DUF4467	Firmicutes	Bacillus
NZ_CP035411_514043..546814	NA	32772	34	1	profile_MOBT	MPF_FA	1	6	DUF4467	Firmicutes	Bacillus
NZ_CP035417_496306..514771	NA	18466	16	1	T4SS_MOBV	none	0	0		Proteobacteria	Leisingera
NZ_CP035428_932571..991920	ICE	59350	57	1	profile_MOBT	MPF_FA	1	8		Firmicutes	Streptococcus
NZ_CP035433_729440..816136	ICE	86697	76	1	T4SS_MOBP1,profile_MOBT	MPF_FA	1	9		Firmicutes	Streptococcus
NZ_CP035435_1622053..1663789	ICE	41737	43	1	profile_MOBT	MPF_FA	1	7		Firmicutes	Streptococcus
NZ_CP035438_220284..289531	ICE	69248	71	1	T4SS_MOBP1,profile_MOBT	MPF_FA	1	9		Firmicutes	Streptococcus
NZ_CP035440_490991..535890	ICE	44900	44	1	profile_MOBT	MPF_FA	1	8		Firmicutes	Streptococcus
NZ_CP035444_188948..265960	ICE	77013	73	1	T4SS_MOBH,profile_MOBT	MPF_FA	1	7		Firmicutes	Streptococcus
NZ_CP035447_956277..1042058	ICE	85782	78	1	T4SS_MOBP1,profile_MOBT	MPF_FA	1	9		Firmicutes	Streptococcus
NZ_CP035466_2325911..2344121	NA	18211	18	1	T4SS_MOBP1	none	0	0		Proteobacteria	Klebsiella
NZ_CP035485_3270794..3293689	NA	22896	24	1	T4SS_MOBP1	none	0	0		Firmicutes	Salicibibacter
NZ_CP035491_2986722..2993356	NA	6635	6	1	T4SS_MOBC	none	0	0		Actinobacteriota	Agromyces
NZ_CP035493_1438235..1450315	NA	12081	17	0	NA	none	0	0		Actinobacteriota	Xylanimonas
NZ_CP035493_806854..817930	NA	11077	12	0	NA	none	0	0		Actinobacteriota	Xylanimonas
NZ_CP035498_2236702..2244826	NA	8125	8	1	T4SS_MOBQ	none	0	0		Proteobacteria	Escherichia
NZ_CP035501_3813035..4091335	ICE	278301	231	1	T4SS_MOBP1	MPF_T	1	0		Proteobacteria	Allosphingosinicella
NZ_CP035503_1331691..1337316	NA	5626	5	0	NA	none	0	0		Proteobacteria	Rhodoferax_A
NZ_CP035540_739390..794331	NA	54942	63	1	T4SS_MOBH,profile_MOBT	MPF_F	1	0		Proteobacteria	Klebsiella
NZ_CP035541_1100516..1148505	ICE	47990	50	1	profile_MOBT	MPF_FA	1	7		Firmicutes	Staphylococcus
NZ_CP035541_2500140..2578803	IME	78664	78	1	T4SS_MOBV	none	0	0		Firmicutes	Staphylococcus
NZ_CP035563_557360..663287	ICE	105928	127	1	T4SS_MOBP1,T4SS_MOBP2	MPF_FA	1	2		Firmicutes	Lacticaseibacillus
NZ_CP035566_1881834..1907517	NA	25684	24	1	T4SS_MOBH	none	0	0		Firmicutes	Lactiplantibacillus
NZ_CP035571_1871754..1873893	NA	2140	2	1	T4SS_MOBH	none	0	0		Firmicutes	Lactiplantibacillus
NZ_CP035648_3359..94394	ICE	91036	91	1	profile_MOBT	MPF_FA	1	8		Firmicutes	Enterococcus_B
NZ_CP035654_2081230..2096837	NA	15608	18	1	T4SS_MOBP1,profile_MOBM	none	0	0		Firmicutes	Enterococcus_B
NZ_CP035660_1348444..1373401	NA	24958	25	0	NA	none	0	0		Firmicutes	Enterococcus_B
NZ_CP035660_297755..327167	NA	29413	34	1	T4SS_MOBV	none	0	0		Firmicutes	Enterococcus_B
NZ_CP035660_740257..742931	NA	2675	3	1	profile_MOBM,profile_MOBT	none	0	0		Firmicutes	Enterococcus_B
NZ_CP035666_2734556..2765357	NA	30802	32	1	T4SS_MOBP1	none	0	0		Firmicutes	Enterococcus_B
NZ_CP035666_28974..106985	ICE	78012	95	1	profile_MOBT	MPF_FA	1	8		Firmicutes	Enterococcus_B
NZ_CP035666_297374..340868	NA	43495	48	1	T4SS_MOBV	none	0	0		Firmicutes	Enterococcus_B
NZ_CP035689_606340..626275	NA	19936	17	1	profile_MOBM,profile_MOBT	none	0	0		Proteobacteria	Vibrio
NZ_CP035701_1092..333537	ICE	332446	367	1	T4SS_MOBH	MPF_F	1	0		Proteobacteria	Vibrio
NZ_CP035739_1258629..1370775	ICE	112147	122	1	T4SS_MOBH	MPF_F	1	0		Proteobacteria	Pseudomonas
NZ_CP035739_3195839..3208113	NA	12275	25	0	NA	none	0	0		Proteobacteria	Pseudomonas
NZ_CP035758_10096814..10149836	NA	53023	55	1	T4SS_MOBB,T4SS_MOBP1	none	0	0		Chloroflexota	Ktedonosporobacter
NZ_CP035758_7496566..7507795	NA	11230	15	0	NA	none	0	0		Chloroflexota	Ktedonosporobacter
NZ_CP035758_882176..924112	NA	41937	47	1	T4SS_MOBQ	none	0	0		Chloroflexota	Ktedonosporobacter
NZ_CP035765_2318057..2372995	ICE	54939	62	1	T4SS_MOBQ	MPF_T	1	0		Proteobacteria	Sphingomonas
NZ_CP035806_1326042..1384689	ICE	58648	58	1	profile_MOBF	none	0	1		Actinobacteriota	Leucobacter
NZ_CP035806_323104..335138	NA	12035	8	1	profile_MOBF	none	0	0		Actinobacteriota	Leucobacter
NZ_CP035806_3362978..3382520	NA	19543	18	1	profile_MOBF	none	0	0		Actinobacteriota	Leucobacter
NZ_CP035900_1003734..1026343	IME	22610	23	1	profile_MOBF	none	0	0		Proteobacteria	Burkholderia
NZ_CP035925_3693597..3807641	ICE	114045	121	1	T4SS_MOBP1,T4SS_MOBP2,profile_MOBM,profile_MOBT	MPF_FA	1	2		Firmicutes	Lentibacillus
NZ_CP035934_272668..317501	NA	44834	42	0	NA	none	0	0		Proteobacteria	Acinetobacter
NZ_CP035945_6059063..6131686	NA	72624	67	1	T4SS_MOBQ	none	0	0		Firmicutes_A	Blautia
NZ_CP036101_271530..312187	NA	40658	26	1	profile_MOBT	none	0	0		Firmicutes	Bacillus_A
NZ_CP036167_766339..900309	ICE	133971	133	1	T4SS_MOBH	none	0	0		Proteobacteria	Salmonella
NZ_CP036175_2149699..2196835	NA	47137	46	1	T4SS_MOBC	MPF_T	1	0	Eex_IncN	Proteobacteria	Klebsiella
NZ_CP036186_3406778..3425717	IME	18940	16	1	T4SS_MOBH,profile_MOBT	none	0	0		Proteobacteria	Pseudomonas_A
NZ_CP036220_2389052..2393820	NA	4769	3	0	NA	none	0	0		Actinobacteriota	Mycobacterium
NZ_CP036249_2523351..2556198	ICE	32848	32	1	profile_MOBT	MPF_FA	1	7		Firmicutes	Enterococcus
NZ_CP036249_368698..460605	ICE	91908	103	1	T4SS_MOBP1	MPF_FA	1	9		Firmicutes	Enterococcus
NZ_CP036251_321000..370149	NA	49150	47	1	T4SS_MOBQ	none	0	0		Proteobacteria	Xanthomonas
NZ_CP036253_1020100..1033463	NA	13364	13	1	T4SS_MOBQ	none	0	0		Proteobacteria	Xanthomonas
NZ_CP036254_448131..618260	NA	170130	141	1	T4SS_MOBH,profile_MOBT	none	0	0		Proteobacteria	Xanthomonas
NZ_CP036255_4475218..4676215	ICE	200998	179	1	T4SS_MOBH	MPF_F	1	0		Proteobacteria	Xanthomonas
NZ_CP036256_2516966..2524769	NA	7804	11	1	profile_MOBT	none	0	0		Proteobacteria	Xanthomonas
NZ_CP036276_4614980..4634189	IME	19210	19	1	profile_MOBF	none	0	0		Planctomycetota	Symmachiella
NZ_CP036277_6971789..6976456	NA	4668	5	0	NA	none	0	0		Planctomycetota	Gimesia
NZ_CP036278_3578837..3590474	IME	11638	11	0	NA	none	0	0		Planctomycetota	Aeoliella
NZ_CP036281_3168484..3218574	NA	50091	43	1	profile_MOBF	none	0	0		Planctomycetota	Polystyrenella
NZ_CP036282_1033249..1038589	NA	5341	7	1	T4SS_MOBP1,T4SS_MOBV	none	0	0		Proteobacteria	Rhodoferax
NZ_CP036294_3803307..3916554	ICE	113248	128	1	T4SS_MOBH	MPF_F	1	0		Proteobacteria	Alcaligenes
NZ_CP036305_739695..795413	NA	55719	65	1	T4SS_MOBH,profile_MOBT	MPF_F	1	0		Proteobacteria	Klebsiella
NZ_CP036345_3270553..3343294	ICE	72742	75	1	T4SS_MOBP1,T4SS_MOBV,profile_MOBT	MPF_FA	1	8		Firmicutes_A	Anaerostipes
NZ_CP036365_41921..101167	NA	59247	68	1	T4SS_MOBH,profile_MOBT	MPF_F	1	0		Proteobacteria	Klebsiella
NZ_CP036365_4343423..4402937	ICE	59515	41	1	T4SS_MOBC	MPF_T	1	0		Proteobacteria	Klebsiella
NZ_CP036371_3120213..3177907	ICE	57695	38	1	T4SS_MOBC	none	0	0		Proteobacteria	Klebsiella
NZ_CP036376_1990565..2007661	NA	17097	30	1	profile_MOBT	none	0	0		Firmicutes	Streptococcus
NZ_CP036376_591400..697611	ICE	106212	108	1	T4SS_MOBP1,profile_MOBT	MPF_FA	1	13		Firmicutes	Streptococcus
NZ_CP036401_6618436..6635933	IME	17498	12	1	T4SS_MOBP1,T4SS_MOBV	none	0	0		Proteobacteria	Pseudoduganella
NZ_CP036402_3611242..3634775	IME	23534	18	0	NA	none	0	0		Actinobacteriota	Egibacter
NZ_CP036403_1765323..1803997	IME	38675	30	1	profile_MOBF	none	0	0		Actinobacteriota	Serinicoccus
NZ_CP036403_281253..407504	NA	126252	119	1	profile_MOBF	none	0	1		Actinobacteriota	Serinicoccus
NZ_CP036403_3449922..3482277	NA	32356	23	1	profile_MOBF	none	0	0		Actinobacteriota	Serinicoccus
NZ_CP036442_3553191..3611389	ICE	58199	42	1	T4SS_MOBC	MPF_T	1	0	Eex_IncN	Proteobacteria	Klebsiella
NZ_CP036442_723285..744214	NA	20930	24	1	T4SS_MOBP1	none	0	0		Proteobacteria	Klebsiella
NZ_CP036491_1226787..1293565	NA	66779	48	1	T4SS_MOBV	none	0	0		Bacteroidota	Bacteroides
NZ_CP036491_3180508..3202658	NA	22151	16	1	T4SS_MOBP1	none	0	0		Bacteroidota	Bacteroides
NZ_CP036491_3270917..3310714	NA	39798	48	1	T4SS_MOBP1,T4SS_MOBV	none	0	0		Bacteroidota	Bacteroides
NZ_CP036491_507861..523896	NA	16036	12	1	T4SS_MOBV	none	0	0		Bacteroidota	Bacteroides
NZ_CP036491_614440..632763	NA	18324	14	1	T4SS_MOBP1	none	0	0		Bacteroidota	Bacteroides
NZ_CP036523_1593574..1626858	NA	33285	40	0	NA	none	0	0		Firmicutes_A	Peptacetobacter
NZ_CP036523_2366907..2431205	ICE	64299	63	1	T4SS_MOBC,profile_MOBT	none	0	0		Firmicutes_A	Peptacetobacter
NZ_CP036532_1176300..1191375	NA	15076	13	0	NA	none	0	0		Proteobacteria	Roseitalea
NZ_CP036534_2546942..2556418	NA	9477	14	0	NA	none	0	0		Actinobacteriota	Streptomyces
NZ_CP036534_3269898..3284253	NA	14356	20	0	NA	none	0	0		Actinobacteriota	Streptomyces
NZ_CP036534_3827493..3835832	NA	8340	9	0	NA	none	0	0		Actinobacteriota	Streptomyces
NZ_CP036534_4135576..4142415	NA	6840	8	1	T4SS_MOBP1	none	0	0		Actinobacteriota	Streptomyces
NZ_CP036534_4719466..4736192	NA	16727	17	0	NA	none	0	0		Actinobacteriota	Streptomyces
NZ_CP036539_2408617..2492949	ICE	84333	74	1	T4SS_MOBP1,T4SS_MOBV	none	0	0		Bacteroidota	Bacteroides
NZ_CP036539_3296126..3320708	NA	24583	32	1	T4SS_MOBP1	none	0	0		Bacteroidota	Bacteroides
NZ_CP036539_3972537..4011739	ICE	39203	42	1	T4SS_MOBB,T4SS_MOBP1	none	0	0		Bacteroidota	Bacteroides
NZ_CP036539_5024366..5073661	IME	49296	43	1	T4SS_MOBP1	none	0	0		Bacteroidota	Bacteroides
NZ_CP036539_559182..572069	NA	12888	18	1	T4SS_MOBP1,T4SS_MOBQ	none	0	0		Bacteroidota	Bacteroides
NZ_CP036539_718104..822380	ICE	104277	79	1	T4SS_MOBP1	none	0	0		Bacteroidota	Bacteroides
NZ_CP036542_3497905..3538007	IME	40103	43	1	T4SS_MOBP1	none	0	0		Bacteroidota	Bacteroides
NZ_CP036542_3950960..4008026	NA	57067	69	1	T4SS_MOBP1	none	0	0		Bacteroidota	Bacteroides
NZ_CP036542_459588..466424	NA	6837	6	1	T4SS_MOBV	none	0	0		Bacteroidota	Bacteroides
NZ_CP036546_216517..289653	NA	73137	67	1	T4SS_MOBP1	none	0	0		Bacteroidota	Bacteroides
NZ_CP036546_2404377..2423319	NA	18943	21	1	T4SS_MOBV	none	0	0		Bacteroidota	Bacteroides
NZ_CP036546_2491582..2551726	ICE	60145	70	1	T4SS_MOBP1	none	0	0		Bacteroidota	Bacteroides
NZ_CP036546_2952506..2984524	NA	32019	27	1	T4SS_MOBV	none	0	0		Bacteroidota	Bacteroides
NZ_CP036546_4865357..4904826	IME	39470	44	1	T4SS_MOBP1	none	0	0		Bacteroidota	Bacteroides
NZ_CP036550_2703903..2771046	NA	67144	69	1	T4SS_MOBP1	none	0	0		Bacteroidota	Bacteroides
NZ_CP036550_3124460..3196107	ICE	71648	73	1	T4SS_MOBB,T4SS_MOBP1	none	0	0		Bacteroidota	Bacteroides
NZ_CP036550_654998..660771	NA	5774	6	1	T4SS_MOBP1	none	0	0		Bacteroidota	Bacteroides
NZ_CP036553_2177817..2228671	NA	50855	39	1	T4SS_MOBP1	none	0	0		Bacteroidota	Bacteroides
NZ_CP036553_2293365..2383506	NA	90142	78	1	T4SS_MOBP1	none	0	0		Bacteroidota	Bacteroides
NZ_CP036553_2860251..2925828	ICE	65578	55	1	T4SS_MOBP1	none	0	0		Bacteroidota	Bacteroides
NZ_CP036553_2985236..3047486	NA	62251	62	1	T4SS_MOBV	none	0	0		Bacteroidota	Bacteroides
NZ_CP036553_3261885..3312982	ICE	51098	62	1	T4SS_MOBP1	none	0	0		Bacteroidota	Bacteroides
NZ_CP036553_3739795..3746756	NA	6962	7	0	NA	none	0	0		Bacteroidota	Bacteroides
NZ_CP036553_4488310..4547926	ICE	59617	69	1	T4SS_MOBP1	none	0	0		Bacteroidota	Bacteroides
NZ_CP036553_4994931..5009696	NA	14766	20	1	T4SS_MOBP1	none	0	0		Bacteroidota	Bacteroides
NZ_CP036553_5403122..5437411	NA	34290	27	1	T4SS_MOBP1	none	0	0		Bacteroidota	Bacteroides
NZ_CP037427_1604679..1614856	NA	10178	10	1	T4SS_MOBP1	none	0	0		Bacteroidota	Flavobacterium
NZ_CP037427_3263002..3564648	ICE	301647	288	1	T4SS_MOBP1,profile_MOBT	none	0	0		Bacteroidota	Flavobacterium
NZ_CP037427_39831..64082	NA	24252	26	1	T4SS_MOBP1	none	0	0		Bacteroidota	Flavobacterium
NZ_CP037440_1582421..1623592	ICE	41172	44	1	T4SS_MOBP1	none	0	1		Bacteroidota	Bacteroides
NZ_CP037440_2115666..2145359	NA	29694	22	1	T4SS_MOBP1,T4SS_MOBV	none	0	0		Bacteroidota	Bacteroides
NZ_CP037440_2597413..2604173	NA	6761	6	1	T4SS_MOBV	none	0	0		Bacteroidota	Bacteroides
NZ_CP037440_2993358..3044318	ICE	50961	56	1	T4SS_MOBP1	none	0	0		Bacteroidota	Bacteroides
NZ_CP037440_4993673..5067015	ICE	73343	59	1	T4SS_MOBP1	none	0	0		Bacteroidota	Bacteroides
NZ_CP037440_5406706..5484510	ICE	77805	78	1	T4SS_MOBP1	none	0	0		Bacteroidota	Bacteroides
NZ_CP037745_943850..970895	IME	27046	19	1	profile_MOBF	none	0	0		Proteobacteria	Rheinheimera
NZ_CP037746_730905..765849	NA	34945	47	0	NA	none	0	0		Campylobacterota	Campylobacter_D
NZ_CP037811_1623009..1645173	IME	22165	21	1	T4SS_MOBV	none	0	0		Firmicutes_A	Clostridioides
NZ_CP037812_3800505..4075969	NA	275465	257	1	profile_MOBT	MPF_FA	1	6		Firmicutes_A	Clostridioides
NZ_CP037821_2340860..2484684	NA	143825	139	1	T4SS_MOBB,profile_MOBT	MPF_FA	1	8		Firmicutes_A	Clostridioides
NZ_CP037839_190926..452199	ICE	261274	255	1	T4SS_MOBB,profile_MOBT	MPF_FA	1	8		Firmicutes_A	Clostridioides
NZ_CP037839_2190734..2612552	ICE	421819	388	1	T4SS_MOBC,profile_MOBT	none	0	0		Firmicutes_A	Clostridioides
NZ_CP037839_3858511..3984921	NA	126411	126	1	profile_MOBT	MPF_FA	1	8		Firmicutes_A	Clostridioides
NZ_CP037867_2300471..2469942	ICE	169472	171	1	T4SS_MOBH	MPF_F	1	0		Proteobacteria	Hydrogenophaga
NZ_CP037867_2522463..2681599	ICE	159137	144	1	T4SS_MOBH,profile_MOBT	MPF_F	1	0		Proteobacteria	Hydrogenophaga
NZ_CP037867_2867885..2955939	ICE	88055	83	1	T4SS_MOBP1,T4SS_MOBQ,T4SS_MOBV	MPF_T	1	1		Proteobacteria	Hydrogenophaga
NZ_CP037891_2714737..2761485	IME	46749	52	1	T4SS_MOBQ	none	0	0		Proteobacteria	Salmonella
NZ_CP037913_1993179..2037959	NA	44781	42	1	T4SS_MOBP1	MPF_T	1	0		Proteobacteria	Sphingomonas
NZ_CP037919_3430512..3538709	ICE	108198	113	1	T4SS_MOBP1	none	0	0		Proteobacteria	Enterobacter
NZ_CP037925_1338303..1423080	IME	84778	83	0	NA	none	0	0		Proteobacteria	Pseudomonas
NZ_CP037926_4675434..4754032	IME	78599	76	0	NA	none	0	0		Proteobacteria	Pseudomonas
NZ_CP037928_1879028..1906513	IME	27486	29	1	T4SS_MOBQ	none	0	0		Proteobacteria	Klebsiella
NZ_CP037928_743014..800356	NA	57343	66	1	T4SS_MOBH,profile_MOBT	MPF_F	1	0		Proteobacteria	Klebsiella
NZ_CP037934_3550706..3595313	NA	44608	47	0	NA	none	0	0		Proteobacteria	Marinobacter
NZ_CP037939_960211..1099340	ICE	139130	130	1	T4SS_MOBP2	MPF_FA	1	2		Firmicutes	Leuconostoc
NZ_CP037940_2906456..3008112	NA	101657	81	0	NA	none	0	2		Firmicutes	Weissella_A
NZ_CP037940_75764..122103	NA	46340	59	1	T4SS_MOBP1,T4SS_MOBP2	none	0	1		Firmicutes	Weissella_A
NZ_CP037948_1876042..1938921	IME	62880	53	1	T4SS_MOBP1	none	0	1		Proteobacteria	Qipengyuania
NZ_CP037951_2065472..2156093	NA	90622	112	1	T4SS_MOBP1	MPF_T	1	0	Eex_IncN	Proteobacteria	Parashewanella
NZ_CP037951_3692662..3829324	ICE	136663	122	1	T4SS_MOBP1,T4SS_MOBV,profile_MOBM	MPF_T	1	1	Eex_IncN	Proteobacteria	Parashewanella
NZ_CP037952_3812004..3855315	NA	43312	44	1	T4SS_MOBP1,T4SS_MOBV	none	0	0		Proteobacteria	Parashewanella
NZ_CP037952_726851..914771	ICE	187921	141	1	profile_MOBT	none	0	0		Proteobacteria	Parashewanella
NZ_CP037954_2921795..3055485	ICE	133691	127	1	T4SS_MOBP1	MPF_T	1	1		Bacteroidota	Kaistella
NZ_CP037955_2280559..2324804	NA	44246	36	1	T4SS_MOBH	none	0	0		Firmicutes	Enterococcus_B
NZ_CP037993_435736..461682	IME	25947	23	1	T4SS_MOBP1,profile_MOBT	none	0	0		Proteobacteria	Herbaspirillum
NZ_CP038020_467755..481862	NA	14108	22	1	profile_MOBT	none	0	0		Firmicutes	Streptococcus
NZ_CP038020_530731..593424	ICE	62694	64	1	T4SS_MOBP1	none	0	5		Firmicutes	Streptococcus
NZ_CP038020_848001..923690	NA	75690	74	1	T4SS_MOBP1	MPF_FA	1	5		Firmicutes	Streptococcus
NZ_CP038101_3873319..3879528	NA	6210	8	0	NA	none	0	0		Actinobacteriota	Saccharomonospora
NZ_CP038145_1380831..1390235	NA	9405	11	1	T4SS_MOBV	none	0	0		Proteobacteria	Glaesserella
NZ_CP038145_168358..202586	IME	34229	42	1	T4SS_MOBH	none	0	0		Proteobacteria	Glaesserella
NZ_CP038147_2834313..2844242	NA	9930	14	0	NA	none	0	0		Actinobacteriota	Streptomyces
NZ_CP038147_3228973..3261300	NA	32328	36	0	NA	none	0	0		Actinobacteriota	Streptomyces
NZ_CP038147_3582455..3599229	NA	16775	17	0	NA	none	0	0		Actinobacteriota	Streptomyces
NZ_CP038157_14506..33959	NA	19454	18	1	profile_MOBF	none	0	0		Actinobacteriota	Corynebacterium
NZ_CP038157_2316932..2330789	NA	13858	15	0	NA	none	0	1		Actinobacteriota	Corynebacterium
NZ_CP038159_2629232..2641212	IME	11981	13	1	T4SS_MOBP1	none	0	0		Bacteroidota	Sphingobacterium
NZ_CP038213_1753391..1767619	NA	14229	13	1	profile_MOBF	none	0	0		Actinobacteriota	Serinicoccus
NZ_CP038213_1872699..1887770	NA	15072	14	1	profile_MOBF	none	0	0		Actinobacteriota	Serinicoccus
NZ_CP038219_2665545..2927947	ICE	262403	185	1	T4SS_MOBC	none	0	0		Proteobacteria	Burkholderia
NZ_CP038255_2333553..2360060	NA	26508	18	0	NA	none	0	0		Proteobacteria	Terasakiella
NZ_CP038258_824483..1392215	ICE	567733	577	1	profile_MOBT	none	0	0		Proteobacteria	Acinetobacter
NZ_CP038266_2628648..2649817	IME	21170	19	1	profile_MOBF	none	0	0		Actinobacteriota	Microbacterium
NZ_CP038266_295612..352452	NA	56841	62	1	profile_MOBF	none	0	1		Actinobacteriota	Microbacterium
NZ_CP038266_3291584..3337321	ICE	45738	51	1	profile_MOBF	none	0	1		Actinobacteriota	Microbacterium
NZ_CP038267_3469064..3485856	NA	16793	19	1	T4SS_MOBC	none	0	0		Actinobacteriota	Nocardioides
NZ_CP038271_1971807..2018024	ICE	46218	39	1	T4SS_MOBP1	MPF_T	1	0		Proteobacteria	Legionella_B
NZ_CP038273_1653848..1766266	NA	112419	114	1	T4SS_MOBP1,profile_MOBM	MPF_T	1	0		Proteobacteria	Legionella_D
NZ_CP038273_2422238..2448538	NA	26301	32	0	NA	MPF_F	1	1		Proteobacteria	Legionella_D
NZ_CP038273_5222..304112	NA	298891	258	1	profile_MOBM	none	0	0		Proteobacteria	Legionella_D
NZ_CP038281_1686849..1693507	NA	6659	6	1	T4SS_MOBQ	none	0	0		Proteobacteria	Klebsiella
NZ_CP038281_3623163..3630234	NA	7072	9	1	T4SS_MOBP1	none	0	0		Proteobacteria	Klebsiella
NZ_CP038281_531326..557979	IME	26654	25	1	T4SS_MOBQ	none	0	0		Proteobacteria	Klebsiella
NZ_CP038295_4611948..4630828	IME	18881	20	1	T4SS_MOBP1	none	0	0		Proteobacteria	Escherichia
NZ_CP038383_1980714..2181475	ICE	200762	173	1	T4SS_MOBC	MPF_T	1	0	Eex_IncN	Proteobacteria	Escherichia
NZ_CP038383_4906469..4919085	NA	12617	9	1	T4SS_MOBH	none	0	0		Proteobacteria	Escherichia
NZ_CP038383_5056506..5077828	IME	21323	26	1	T4SS_MOBP2,T4SS_MOBQ	none	0	0		Proteobacteria	Escherichia
NZ_CP038386_1263212..1296388	NA	33177	29	1	T4SS_MOBP1	none	0	0		Proteobacteria	Escherichia
NZ_CP038386_4537882..4556654	IME	18773	20	1	T4SS_MOBP1	none	0	0		Proteobacteria	Escherichia
NZ_CP038412_1220809..1305954	IME	85146	98	1	T4SS_MOBP1,profile_MOBT	none	0	0		Proteobacteria	Escherichia
NZ_CP038412_3432869..3470332	IME	37464	41	0	NA	none	0	0		Proteobacteria	Escherichia
NZ_CP038441_2681718..2690525	NA	8808	7	1	T4SS_MOBH	none	0	0		Proteobacteria	Aeromonas
NZ_CP038444_2004731..2024929	NA	20199	22	1	T4SS_MOBP1	none	0	0		Proteobacteria	Aeromonas
NZ_CP038444_2099295..2116545	NA	17251	17	1	T4SS_MOBH	none	0	0		Proteobacteria	Aeromonas
NZ_CP038448_4250506..4268791	NA	18286	19	1	T4SS_MOBH	none	0	0		Proteobacteria	Aeromonas
NZ_CP038452_913656..986379	NA	72724	96	0	NA	none	0	0		Deinococcota	Thermus
NZ_CP038462_1967078..2009576	IME	42499	32	1	profile_MOBF	none	0	0		Actinobacteriota	Nocardioides
NZ_CP038462_2093356..2161799	ICE	68444	70	1	profile_MOBT	none	0	0		Actinobacteriota	Nocardioides
NZ_CP038462_3375464..3397329	NA	21866	25	0	NA	none	0	1		Actinobacteriota	Nocardioides
NZ_CP038492_959295..972616	NA	13322	19	1	T4SS_MOBP1	none	0	0		Proteobacteria	Rhodophyticola
NZ_CP038498_1019302..1104691	NA	85390	100	1	T4SS_MOBH	MPF_F	1	0		Proteobacteria	Pectobacterium
NZ_CP038498_1768092..1810701	IME	42610	46	1	T4SS_MOBP1,T4SS_MOBQ	none	0	0		Proteobacteria	Pectobacterium
NZ_CP038498_3012244..3045400	NA	33157	41	1	T4SS_MOBQ	none	0	0		Proteobacteria	Pectobacterium
NZ_CP038513_3799280..3815997	NA	16718	14	1	T4SS_MOBP1	none	0	0		Proteobacteria	Aeromonas
NZ_CP038515_3914365..3923447	NA	9083	12	0	NA	none	0	0		Proteobacteria	Aeromonas
NZ_CP038635_3258422..3323914	IME	65493	38	1	T4SS_MOBQ	none	0	0		Proteobacteria	Cupriavidus
NZ_CP038644_3341150..3738517	ICE	397368	407	1	profile_MOBT	none	0	0		Proteobacteria	Acinetobacter
NZ_CP038653_2797762..2806930	NA	9169	11	1	T4SS_MOBP1	none	0	0		Proteobacteria	Citrobacter
NZ_CP038656_2108295..2124901	NA	16607	11	1	T4SS_MOBP1	none	0	0		Proteobacteria	Citrobacter
NZ_CP038658_1317644..1334247	NA	16604	10	1	T4SS_MOBP1	none	0	0		Proteobacteria	Citrobacter
NZ_CP038859_1375191..1823533	ICE	448343	436	1	profile_MOBT	none	0	2		Proteobacteria	Escherichia
NZ_CP038860_1163691..1271406	ICE	107716	132	1	T4SS_MOBC,profile_MOBT	none	0	0		Firmicutes	Geobacillus
NZ_CP038868_1040727..1086674	IME	45948	49	1	T4SS_MOBP1,T4SS_MOBV	none	0	0		Campylobacterota	Campylobacter_D
NZ_CP038871_2002937..2053915	ICE	50979	63	1	T4SS_MOBH	MPF_F	1	0		Proteobacteria	Pasteurella
NZ_CP038872_2222564..2275596	ICE	53033	69	1	T4SS_MOBH	MPF_F	1	0		Proteobacteria	Pasteurella
NZ_CP038875_2065749..2087472	IME	21724	25	1	T4SS_MOBH	none	0	0		Proteobacteria	Pasteurella
NZ_CP038995_2353905..2415287	NA	61383	50	1	T4SS_MOBH	none	0	0		Firmicutes	Enterococcus_B
NZ_CP038995_2599302..2662740	ICE	63439	57	1	profile_MOBT	MPF_FA	1	7		Firmicutes	Enterococcus_B
NZ_CP038996_2659686..2723575	ICE	63890	58	1	profile_MOBT	MPF_FA	1	7		Firmicutes	Enterococcus_B
NZ_CP039123_2392968..2401001	NA	8034	8	0	NA	none	0	0		Actinobacteriota	Streptomyces
NZ_CP039123_3463987..3469648	NA	5662	8	0	NA	none	0	0		Actinobacteriota	Streptomyces
NZ_CP039124_464283..510573	IME	46291	48	0	NA	none	0	0		Actinobacteriota	Thermobispora
NZ_CP039219_1910377..2017337	NA	106961	113	0	NA	MPF_I	1	1		Proteobacteria	Piscirickettsia
NZ_CP039234_2110148..2207595	NA	97448	98	0	NA	MPF_I	1	1		Proteobacteria	Piscirickettsia
NZ_CP039248_135770..190179	IME	54410	54	1	T4SS_MOBQ	none	0	0		Proteobacteria	Sphingobium
NZ_CP039248_1710123..1752374	NA	42252	32	1	T4SS_MOBQ	none	0	0		Proteobacteria	Sphingobium
NZ_CP039248_3383450..3509580	NA	126131	113	1	profile_MOBF	MPF_F	1	1		Proteobacteria	Sphingobium
NZ_CP039250_1161663..1235976	ICE	74314	80	1	profile_MOBF	none	0	0		Proteobacteria	Sphingopyxis
NZ_CP039250_1987947..2023354	IME	35408	34	1	profile_MOBF	none	0	0		Proteobacteria	Sphingopyxis
NZ_CP039250_3480613..3531095	NA	50483	51	1	T4SS_MOBP1,profile_MOBT	MPF_T	1	0		Proteobacteria	Sphingopyxis
NZ_CP039250_408922..488317	NA	79396	73	1	T4SS_MOBP1	MPF_T	1	0		Proteobacteria	Sphingopyxis
NZ_CP039252_2357471..2362352	NA	4882	7	1	profile_MOBT	none	0	0		Proteobacteria	Hydrogenophaga
NZ_CP039255_703928..778030	IME	74103	79	1	profile_MOBF	none	0	0		Proteobacteria	Stenotrophomonas
NZ_CP039277_2698226..2768408	IME	70183	52	1	T4SS_MOBQ	none	0	0		Proteobacteria	Salmonella
NZ_CP039277_3091582..3203485	ICE	111904	116	1	T4SS_MOBH	MPF_F	1	0		Proteobacteria	Salmonella
NZ_CP039293_4747141..4775737	IME	28597	21	1	T4SS_MOBH	none	0	0		Proteobacteria	Pseudomonas
NZ_CP039293_4920994..5036703	NA	115710	110	1	T4SS_MOBP1	MPF_T	1	0	Eex_IncN	Proteobacteria	Pseudomonas
NZ_CP039293_5102378..5233724	ICE	131347	134	1	T4SS_MOBH	none	0	0		Proteobacteria	Pseudomonas
NZ_CP039293_5578776..5666623	ICE	87848	115	1	T4SS_MOBH	MPF_F	1	0		Proteobacteria	Pseudomonas
NZ_CP039298_4123047..4129930	IME	6884	9	1	T4SS_MOBQ	none	0	0		Proteobacteria	Escherichia
NZ_CP039327_4140827..4211214	NA	70388	81	1	T4SS_MOBH	MPF_F	1	0		Proteobacteria	Citrobacter
NZ_CP039339_652273..695064	NA	42792	46	1	T4SS_MOBP1,profile_MOBT	MPF_T	1	0	Eex_IncN	Proteobacteria	Ralstonia
NZ_CP039371_4254077..4396079	NA	142003	141	1	T4SS_MOBH	MPF_F	1	0		Proteobacteria	Pseudomonas_E
NZ_CP039380_496464..527096	NA	30633	37	1	profile_MOBT	MPF_FA	1	6	DUF4467	Firmicutes	Bacillus
NZ_CP039381_2092841..2112225	IME	19385	14	1	T4SS_MOBP1	none	0	0		Firmicutes_A	Ruminococcus_E
NZ_CP039381_461032..491427	IME	30396	30	1	T4SS_MOBP1	none	0	0		Firmicutes_A	Ruminococcus_E
NZ_CP039383_526654..584810	IME	58157	46	1	T4SS_MOBH	none	0	0		Proteobacteria	Luteimonas
NZ_CP039424_1517242..1637880	NA	120639	104	1	profile_MOBF	none	0	0		Actinobacteriota	Citricoccus
NZ_CP039435_2421942..2473424	ICE	51483	52	1	T4SS_MOBP1,T4SS_MOBQ,T4SS_MOBV	none	0	0		Proteobacteria	Brevundimonas
NZ_CP039436_4277314..4294757	IME	17444	21	1	T4SS_MOBP1	none	0	0		Proteobacteria	Salmonella
NZ_CP039456_1788224..1824888	NA	36665	41	1	T4SS_MOBP1,profile_MOBT	none	0	0		Bacteroidota	Changchengzhania
NZ_CP039456_632109..681589	NA	49481	58	1	T4SS_MOBB	none	0	1		Bacteroidota	Changchengzhania
NZ_CP039457_1529578..1633298	ICE	103721	107	1	profile_MOBT	MPF_FA	1	4		Firmicutes	Streptococcus
NZ_CP039457_1896865..1908687	NA	11823	12	0	NA	none	0	0		Firmicutes	Streptococcus
NZ_CP039457_2042817..2126454	ICE	83638	81	1	T4SS_MOBC,T4SS_MOBV,profile_MOBT	MPF_FA	1	7		Firmicutes	Streptococcus
NZ_CP039457_254336..260389	NA	6054	9	0	NA	none	0	0		Firmicutes	Streptococcus
NZ_CP039457_631589..678131	NA	46543	48	1	T4SS_MOBV	none	0	0		Firmicutes	Streptococcus
NZ_CP039509_1299698..1498727	ICE	199030	173	1	T4SS_MOBP1	none	0	0		Proteobacteria	Salmonella
NZ_CP039520_1356472..1677269	ICE	320798	325	0	NA	none	0	0		Proteobacteria	Acinetobacter
NZ_CP039524_740302..796548	NA	56247	68	1	T4SS_MOBH,profile_MOBT	MPF_F	1	0		Proteobacteria	Klebsiella
NZ_CP039543_2658724..2887249	NA	228526	200	0	NA	none	0	0		Desulfobacterota_I	Desulfovibrio_R
NZ_CP039631_2875088..2886064	NA	10977	13	1	T4SS_MOBP1	none	0	0		Proteobacteria	Pseudomonas_E
NZ_CP039631_6267466..6457681	ICE	190216	170	1	T4SS_MOBH,profile_MOBT	MPF_F	1	0		Proteobacteria	Pseudomonas_E
NZ_CP039631_6620561..6710705	NA	90145	93	1	T4SS_MOBH	MPF_F	1	0		Proteobacteria	Pseudomonas_E
NZ_CP039636_556221..562349	NA	6129	4	1	T4SS_MOBQ	none	0	0		Proteobacteria	Azospirillum
NZ_CP039638_260965..270143	NA	9179	7	1	T4SS_MOBQ,T4SS_MOBV	none	0	0		Proteobacteria	Azospirillum
NZ_CP039695_3127916..3170599	NA	42684	39	1	T4SS_MOBP1,profile_MOBT	MPF_T	1	0		Proteobacteria	Novosphingobium
NZ_CP039700_470332..500777	NA	30446	31	0	NA	none	0	1		Proteobacteria	Vibrio
NZ_CP039707_990167..1079402	NA	89236	114	1	T4SS_MOBP1,T4SS_MOBP2	MPF_FA	1	3		Firmicutes	Lacticaseibacillus
NZ_CP039712_1344355..1383520	IME	39166	35	1	T4SS_MOBP1,profile_MOBT	none	0	0		Firmicutes	Vagococcus_A
NZ_CP039712_557474..571013	NA	13540	13	0	NA	none	0	0		Firmicutes	Vagococcus_A
NZ_CP039712_56646..111209	NA	54564	73	0	NA	none	0	0		Firmicutes	Vagococcus_A
NZ_CP039721_295100..368243	NA	73144	86	1	T4SS_MOBC	none	0	0		Firmicutes	Bacillus_A
NZ_CP039721_3906516..3918156	IME	11641	16	1	T4SS_MOBH	none	0	0		Firmicutes	Bacillus_A
NZ_CP039721_435920..469418	NA	33499	46	1	T4SS_MOBC	none	0	0		Firmicutes	Bacillus_A
NZ_CP039729_2602185..2664291	ICE	62107	56	1	profile_MOBT	MPF_FA	1	7		Firmicutes	Enterococcus_B
NZ_CP039731_659739..662733	NA	2995	3	1	T4SS_MOBP1	none	0	0		Proteobacteria	Aquitalea
NZ_CP039734_1359662..1366711	NA	7050	7	1	profile_MOBM	none	0	0		Campylobacterota	Sulfurospirillum
NZ_CP039736_1252742..1280107	NA	27366	42	1	T4SS_MOBH	none	0	0		Firmicutes	Leuconostoc
NZ_CP039791_1905845..1935950	IME	30106	32	1	T4SS_MOBQ	none	0	0		Proteobacteria	Klebsiella
NZ_CP039791_710386..791227	ICE	80842	89	1	T4SS_MOBH	MPF_F	1	0		Proteobacteria	Klebsiella
NZ_CP039819_1241984..1273461	IME	31478	32	1	T4SS_MOBP1	none	0	0		Proteobacteria	Klebsiella
NZ_CP039819_2027636..2087152	ICE	59517	41	1	T4SS_MOBC	MPF_T	1	0		Proteobacteria	Klebsiella
NZ_CP039819_885731..941871	NA	56141	64	1	T4SS_MOBH,profile_MOBT	MPF_F	1	0		Proteobacteria	Klebsiella
NZ_CP039832_2633008..2674367	NA	41360	43	1	T4SS_MOBH	none	0	0		Proteobacteria	Aeromonas
NZ_CP039837_1276872..1310137	NA	33266	28	1	T4SS_MOBP1	none	0	0		Proteobacteria	Escherichia
NZ_CP039846_2015747..2030752	IME	15006	13	1	T4SS_MOBQ	none	0	0		Proteobacteria	Acetobacter
NZ_CP039886_16954..54386	NA	37433	39	1	profile_MOBT	none	0	0		Proteobacteria	Neisseria
NZ_CP039904_229831..381011	NA	151181	129	1	profile_MOBT	none	0	0		Proteobacteria	Agrobacterium
NZ_CP039908_226678..378002	NA	151325	131	1	profile_MOBT	none	0	0		Proteobacteria	Agrobacterium
NZ_CP039929_1731535..1744842	NA	13308	14	1	T4SS_MOBP1	none	0	0		Bacteroidota	Elizabethkingia
NZ_CP039929_2843646..3025972	ICE	182327	177	1	T4SS_MOBP1	none	0	1		Bacteroidota	Elizabethkingia
NZ_CP039929_624499..858710	ICE	234212	229	1	T4SS_MOBP1,profile_MOBT	none	0	1		Bacteroidota	Elizabethkingia
NZ_CP039934_3006880..3046695	IME	39816	37	1	T4SS_MOBP1	none	0	0		Bacteroidota	Flavobacterium
NZ_CP039988_3291158..3348053	ICE	56896	52	1	T4SS_MOBP1	MPF_T	1	0		Proteobacteria	Pseudomonas
NZ_CP039988_4795030..4821626	IME	26597	27	1	T4SS_MOBH	none	0	0		Proteobacteria	Pseudomonas
NZ_CP039988_5454570..5547141	ICE	92572	108	1	T4SS_MOBH	MPF_F	1	0		Proteobacteria	Pseudomonas
NZ_CP039990_3766887..3968677	ICE	201791	195	1	T4SS_MOBP1	MPF_T	1	0	Eex_IncN	Proteobacteria	Pseudomonas
NZ_CP039990_5251404..5335058	ICE	83655	96	1	T4SS_MOBH	MPF_F	1	0		Proteobacteria	Pseudomonas
NZ_CP039990_6313891..6325844	NA	11954	24	0	NA	none	0	0		Proteobacteria	Pseudomonas
NZ_CP039993_1402233..1722648	ICE	320416	323	0	NA	none	0	0		Proteobacteria	Acinetobacter
NZ_CP040005_1436740..1440452	NA	3713	3	1	T4SS_MOBC	none	0	0		Actinobacteriota	Actinomyces
NZ_CP040005_2520064..2568951	NA	48888	46	0	NA	none	0	0		Actinobacteriota	Actinomyces
NZ_CP040017_70922..100943	NA	30022	29	1	profile_MOBF	MPF_F	1	0		Proteobacteria	Pseudoduganella
NZ_CP040019_2340085..2349308	NA	9224	8	1	T4SS_MOBP1	none	0	0		Actinobacteriota	Micrococcus
NZ_CP040019_2795220..2818450	NA	23231	24	1	profile_MOBF	none	0	0		Actinobacteriota	Micrococcus
NZ_CP040020_2270583..2293883	NA	23301	27	1	profile_MOBF	none	0	0		Actinobacteriota	Brevibacterium
NZ_CP040021_2222151..2228048	NA	5898	6	0	NA	none	0	0		Proteobacteria	Salinivibrio
NZ_CP040023_1995383..2023225	IME	27843	33	1	T4SS_MOBQ	none	0	0		Proteobacteria	Klebsiella
NZ_CP040023_739334..794276	NA	54943	63	1	T4SS_MOBH,profile_MOBT	MPF_F	1	0		Proteobacteria	Klebsiella
NZ_CP040038_2343422..2371264	IME	27843	33	1	T4SS_MOBQ	none	0	0		Proteobacteria	Klebsiella
NZ_CP040047_2704004..2763996	IME	59993	67	1	T4SS_MOBQ	none	0	0		Proteobacteria	Acinetobacter
NZ_CP040058_1479871..1520858	NA	40988	61	1	profile_MOBT	MPF_FA	1	6		Firmicutes_A	Anaerostipes
NZ_CP040058_1868262..1919564	ICE	51303	47	1	profile_MOBT	none	0	0		Firmicutes_A	Anaerostipes
NZ_CP040058_2017297..2083514	ICE	66218	71	1	T4SS_MOBP1,profile_MOBT	MPF_FA	1	8		Firmicutes_A	Anaerostipes
NZ_CP040058_209935..212501	NA	2567	3	1	profile_MOBT	none	0	0		Firmicutes_A	Anaerostipes
NZ_CP040058_941588..945866	NA	4279	5	1	T4SS_MOBV	none	0	0		Firmicutes_A	Anaerostipes
NZ_CP040093_78833..130469	NA	51637	51	0	NA	none	0	0		Firmicutes_A	Caloramator_B
NZ_CP040121_2179423..2204147	NA	24725	22	1	T4SS_MOBP1	none	0	0		Bacteroidota	Duncaniella
NZ_CP040121_2857365..2874079	NA	16715	16	1	T4SS_MOBV	none	0	0		Bacteroidota	Duncaniella
NZ_CP040121_2925712..2947095	IME	21384	19	1	T4SS_MOBP1,T4SS_MOBV	none	0	0		Bacteroidota	Duncaniella
NZ_CP040121_665373..681719	NA	16347	16	1	T4SS_MOBP1	none	0	0		Bacteroidota	Duncaniella
NZ_CP040121_855548..874710	IME	19163	14	1	T4SS_MOBP1,T4SS_MOBV	none	0	0		Bacteroidota	Duncaniella
NZ_CP040127_5251106..5357222	ICE	106117	125	1	T4SS_MOBH	MPF_F	1	0		Proteobacteria	Pseudomonas
NZ_CP040182_4927856..5024873	NA	97018	107	1	T4SS_MOBH	MPF_F	1	0		Proteobacteria	Serratia_A
NZ_CP040230_2444633..2558522	ICE	113890	127	1	profile_MOBT	MPF_FA	1	7		Firmicutes	Staphylococcus
NZ_CP040233_2665549..2696527	IME	30979	31	1	T4SS_MOBV	none	0	0		Firmicutes	Staphylococcus
NZ_CP040235_1275679..1346888	ICE	71210	60	1	T4SS_MOBP1	MPF_FA	1	7		Actinobacteriota	Bifidobacterium
NZ_CP040247_160633..215625	NA	54993	65	1	profile_MOBF	none	0	0		Actinobacteriota	Mycobacterium
NZ_CP040250_969605..990952	NA	21348	23	0	NA	none	0	0		Actinobacteriota	Mycobacterium
NZ_CP040255_2636836..2641491	NA	4656	4	0	NA	none	0	0		Actinobacteriota	Mycobacterium
NZ_CP040255_789553..808417	NA	18865	25	0	NA	none	0	0		Actinobacteriota	Mycobacterium
NZ_CP040297_3772712..3999344	ICE	226633	227	0	NA	none	0	1		Cyanobacteria	Trichormus
NZ_CP040324_3635628..3841819	NA	206192	205	1	T4SS_MOBH,profile_MOBT	MPF_F	1	0	TrbK_RP4	Proteobacteria	Pseudomonas_E
NZ_CP040325_685238..753391	NA	68154	53	1	T4SS_MOBQ	MPF_F	1	0		Proteobacteria	Rickettsia
NZ_CP040348_16321..46040	NA	29720	34	1	T4SS_MOBP1,T4SS_MOBV,profile_MOBT	none	0	0		Actinobacteriota	Collinsella
NZ_CP040348_1978385..1990185	NA	11801	13	1	T4SS_MOBP1,profile_MOBT	none	0	0		Actinobacteriota	Collinsella
NZ_CP040368_1617785..1662798	NA	45014	37	0	NA	none	0	0		Firmicutes	Enterococcus_B
NZ_CP040368_263411..282058	IME	18648	16	1	T4SS_MOBV	none	0	1		Firmicutes	Enterococcus_B
NZ_CP040368_2700091..2733557	NA	33467	44	1	T4SS_MOBP1	none	0	0		Firmicutes	Enterococcus_B
NZ_CP040368_482798..649643	NA	166846	154	1	profile_MOBT	MPF_FA	1	7		Firmicutes	Enterococcus_B
NZ_CP040396_3137094..3147555	IME	10462	10	1	profile_MOBT	none	0	0		Firmicutes	Paenibacillus
NZ_CP040397_1284887..1311947	IME	27061	24	1	T4SS_MOBP1,profile_MOBT	none	0	0		Proteobacteria	Escherichia
NZ_CP040419_506448..577765	ICE	71318	77	1	T4SS_MOBP1,T4SS_MOBP2,profile_MOBT	none	0	1		Firmicutes	Dolosigranulum
NZ_CP040421_491704..573145	ICE	81442	79	1	T4SS_MOBP1,T4SS_MOBP2,profile_MOBT	none	0	1		Firmicutes	Dolosigranulum
NZ_CP040422_506541..585131	ICE	78591	78	1	T4SS_MOBP1,T4SS_MOBP2,profile_MOBT	none	0	1		Firmicutes	Dolosigranulum
NZ_CP040425_1341640..1930988	ICE	589349	586	1	profile_MOBT	none	0	0		Proteobacteria	Acinetobacter
NZ_CP040425_2665294..2796417	ICE	131124	130	1	T4SS_MOBH	MPF_F	1	1		Proteobacteria	Acinetobacter
NZ_CP040430_1051930..1076638	IME	24709	29	1	T4SS_MOBQ	none	0	0		Proteobacteria	Stenotrophomonas
NZ_CP040430_1361999..1597570	NA	235572	201	1	profile_MOBF	none	0	1		Proteobacteria	Stenotrophomonas
NZ_CP040431_2851175..2861684	NA	10510	10	0	NA	MPF_T	1	0		Proteobacteria	Stenotrophomonas
NZ_CP040432_1363448..1488486	NA	125039	138	1	profile_MOBF	none	0	0		Proteobacteria	Stenotrophomonas
NZ_CP040432_2032662..2064421	NA	31760	30	1	T4SS_MOBQ	none	0	0		Proteobacteria	Stenotrophomonas
NZ_CP040432_3379737..3460041	NA	80305	78	1	T4SS_MOBP1	MPF_T	1	1	Eex_IncN	Proteobacteria	Stenotrophomonas
NZ_CP040433_3644412..3710348	ICE	65937	73	1	T4SS_MOBH	MPF_F	1	0		Proteobacteria	Stenotrophomonas
NZ_CP040433_972605..993270	IME	20666	23	1	T4SS_MOBQ	none	0	0		Proteobacteria	Stenotrophomonas
NZ_CP040434_3170415..3289204	NA	118790	104	1	T4SS_MOBP1	MPF_T	1	1	Eex_IncN	Proteobacteria	Stenotrophomonas
NZ_CP040435_1625411..1695469	NA	70059	76	1	T4SS_MOBH	MPF_F	1	0		Proteobacteria	Stenotrophomonas
NZ_CP040435_2920926..3058760	NA	137835	157	1	profile_MOBF,profile_MOBT	MPF_T	1	0		Proteobacteria	Stenotrophomonas
NZ_CP040436_1003568..1020669	IME	17102	17	1	T4SS_MOBQ	none	0	0		Proteobacteria	Stenotrophomonas
NZ_CP040436_3572813..3584721	NA	11909	13	1	T4SS_MOBQ	none	0	0		Proteobacteria	Stenotrophomonas
NZ_CP040437_1339685..1513498	ICE	173814	156	1	T4SS_MOBQ,T4SS_MOBV	none	0	0		Proteobacteria	Stenotrophomonas
NZ_CP040439_1328248..1472094	ICE	143847	135	1	T4SS_MOBP1	MPF_T	1	0	Eex_IncN	Proteobacteria	Stenotrophomonas
NZ_CP040440_1821391..1878738	NA	57348	64	0	NA	none	0	0		Proteobacteria	Stenotrophomonas
NZ_CP040440_2553890..2781743	ICE	227854	214	1	profile_MOBT	none	0	1		Proteobacteria	Stenotrophomonas
NZ_CP040442_1105071..1228606	ICE	123536	113	1	T4SS_MOBP1,profile_MOBT	none	0	1		Bacteroidota	Kaistella
NZ_CP040442_1320239..1590020	ICE	269782	250	1	T4SS_MOBP1	none	0	1		Bacteroidota	Kaistella
NZ_CP040442_3392919..3450415	IME	57497	44	1	T4SS_MOBP1,profile_MOBT	none	0	0		Bacteroidota	Kaistella
NZ_CP040443_2649117..2727752	ICE	78636	95	1	T4SS_MOBH	MPF_F	1	0		Proteobacteria	Escherichia
NZ_CP040443_4059485..4067976	NA	8492	13	0	NA	none	0	0		Proteobacteria	Escherichia
NZ_CP040443_993211..1182094	ICE	188884	191	1	T4SS_MOBH	MPF_F	1	0		Proteobacteria	Escherichia
NZ_CP040449_1877495..1931856	ICE	54362	45	1	T4SS_MOBP1	none	0	0	Eex_IncN	Proteobacteria	Aeromonas
NZ_CP040460_2145516..2151150	NA	5635	8	0	NA	none	0	0		Proteobacteria	Pseudomonas_A
NZ_CP040460_2390119..2428774	NA	38656	42	1	T4SS_MOBC	none	0	0		Proteobacteria	Pseudomonas_A
NZ_CP040460_282476..298446	NA	15971	20	0	NA	none	0	0		Proteobacteria	Pseudomonas_A
NZ_CP040460_3319737..3326940	NA	7204	11	0	NA	none	0	0		Proteobacteria	Pseudomonas_A
NZ_CP040460_732767..739866	NA	7100	13	0	NA	none	0	0		Proteobacteria	Pseudomonas_A
NZ_CP040461_125164..129491	NA	4328	5	1	T4SS_MOBV	none	0	0		Firmicutes	Enterococcus_D
NZ_CP040468_1237420..1344412	ICE	106993	108	1	T4SS_MOBP1,profile_MOBT	none	0	0		Bacteroidota	Parabacteroides
NZ_CP040468_1464809..1477228	NA	12420	9	1	T4SS_MOBV	none	0	0		Bacteroidota	Parabacteroides
NZ_CP040468_1879854..2013196	ICE	133343	116	1	T4SS_MOBP1	none	0	0		Bacteroidota	Parabacteroides
NZ_CP040468_295067..304987	IME	9921	11	1	T4SS_MOBV	none	0	0		Bacteroidota	Parabacteroides
NZ_CP040468_3001011..3021733	NA	20723	21	0	NA	none	0	1		Bacteroidota	Parabacteroides
NZ_CP040468_3249992..3263636	NA	13645	13	1	T4SS_MOBC,T4SS_MOBP1	none	0	0		Bacteroidota	Parabacteroides
NZ_CP040468_4778983..4839755	IME	60773	47	1	T4SS_MOBV,profile_MOBT	none	0	0		Bacteroidota	Parabacteroides
NZ_CP040468_4934828..4946418	NA	11591	14	1	T4SS_MOBB,T4SS_MOBP1	none	0	0		Bacteroidota	Parabacteroides
NZ_CP040468_606015..608958	NA	2944	3	1	T4SS_MOBB	none	0	0		Bacteroidota	Parabacteroides
NZ_CP040468_945998..1048581	NA	102584	91	1	T4SS_MOBP1	none	0	0		Bacteroidota	Parabacteroides
NZ_CP040506_521443..725955	NA	204513	182	1	profile_MOBT	none	0	1		Firmicutes_A	Hungatella_A
NZ_CP040511_2088880..2127501	IME	38622	41	1	T4SS_MOBP1	none	0	0		Proteobacteria	Acidithiobacillus
NZ_CP040511_678544..712802	IME	34259	32	1	T4SS_MOBP1	none	0	0		Proteobacteria	Acidithiobacillus
NZ_CP040515_1518758..1591780	NA	73023	100	1	profile_MOBM	none	0	0		Firmicutes	Bacillus_A
NZ_CP040518_1044750..1123679	NA	78930	78	1	T4SS_MOBB,profile_MOBT	MPF_FA	1	9		Firmicutes_A	Blautia_A
NZ_CP040518_1179557..1223158	NA	43602	42	1	T4SS_MOBP1	MPF_FA	1	7		Firmicutes_A	Blautia_A
NZ_CP040518_1326010..1341341	NA	15332	19	1	T4SS_MOBQ	none	0	6		Firmicutes_A	Blautia_A
NZ_CP040518_1722688..1772410	NA	49723	43	1	T4SS_MOBQ	none	0	0		Firmicutes_A	Blautia_A
NZ_CP040518_2800561..3038995	ICE	238435	245	1	T4SS_MOBP1,T4SS_MOBQ,profile_MOBT	MPF_FA	1	9		Firmicutes_A	Blautia_A
NZ_CP040518_335864..415598	NA	79735	75	1	T4SS_MOBP1,profile_MOBT	MPF_FA	1	8		Firmicutes_A	Blautia_A
NZ_CP040518_690623..749645	NA	59023	61	1	T4SS_MOBB,profile_MOBT	MPF_FA	1	8		Firmicutes_A	Blautia_A
NZ_CP040530_1060213..1089930	IME	29718	27	1	T4SS_MOBP1	none	0	0		Bacteroidota	Bacteroides
NZ_CP040530_3332142..3385887	NA	53746	45	1	T4SS_MOBP1,T4SS_MOBV	none	0	0		Bacteroidota	Bacteroides
NZ_CP040533_1849182..1908698	ICE	59517	41	1	T4SS_MOBC	MPF_T	1	0		Proteobacteria	Klebsiella
NZ_CP040533_717641..772582	NA	54942	64	1	T4SS_MOBH,profile_MOBT	MPF_F	1	0		Proteobacteria	Klebsiella
NZ_CP040575_4145741..4278643	ICE	132903	152	1	T4SS_MOBH	MPF_F	1	0		Proteobacteria	Salmonella
NZ_CP040576_1015770..1043651	NA	27882	24	0	NA	none	0	1		Firmicutes	Furfurilactobacillus
NZ_CP040602_2256397..2296988	NA	40592	37	1	T4SS_MOBH	none	0	0		Proteobacteria	Thiomicrorhabdus
NZ_CP040605_3639413..3652853	NA	13441	17	0	NA	none	0	0		Actinobacteriota	Saccharopolyspora
NZ_CP040605_4084124..4096496	NA	12373	14	0	NA	none	0	0		Actinobacteriota	Saccharopolyspora
NZ_CP040605_757365..765224	NA	7860	6	0	NA	none	0	0		Actinobacteriota	Saccharopolyspora
NZ_CP040630_216562..287281	NA	70720	65	1	T4SS_MOBP1	none	0	0		Bacteroidota	Bacteroides
NZ_CP040630_2426646..2449161	NA	22516	17	1	T4SS_MOBP1,T4SS_MOBV	none	0	0		Bacteroidota	Bacteroides
NZ_CP040630_2479897..2521693	ICE	41797	41	1	T4SS_MOBP1	none	0	0		Bacteroidota	Bacteroides
NZ_CP040630_2589956..2638482	ICE	48527	52	1	T4SS_MOBP1	none	0	0		Bacteroidota	Bacteroides
NZ_CP040630_3276151..3306166	ICE	30016	29	1	T4SS_MOBB,T4SS_MOBP1	none	0	0		Bacteroidota	Bacteroides
NZ_CP040630_3566669..3617682	IME	51014	52	1	T4SS_MOBB,T4SS_MOBP1	none	0	0		Bacteroidota	Bacteroides
NZ_CP040630_4755099..4793028	IME	37930	30	1	T4SS_MOBP1,T4SS_MOBV	none	0	0		Bacteroidota	Bacteroides
NZ_CP040630_5003562..5087520	ICE	83959	90	1	T4SS_MOBP1	none	0	0		Bacteroidota	Bacteroides
NZ_CP040643_277095..408551	ICE	131457	134	1	profile_MOBF	MPF_F	1	0		Proteobacteria	Escherichia
NZ_CP040667_2989557..3175321	ICE	185765	236	1	T4SS_MOBP1,profile_MOBM,profile_MOBT	MPF_T	1	0	TrbK_RP4	Proteobacteria	Escherichia
NZ_CP040684_27632..79163	ICE	51532	49	1	T4SS_MOBH	MPF_F	1	0		Proteobacteria	Pseudomonas
NZ_CP040684_5593550..5600080	IME	6531	8	0	NA	none	0	0		Proteobacteria	Pseudomonas
NZ_CP040684_5922289..6005409	ICE	83121	94	1	T4SS_MOBH	MPF_F	1	0		Proteobacteria	Pseudomonas
NZ_CP040684_6304761..6463551	ICE	158791	152	1	T4SS_MOBH,profile_MOBT	MPF_F	1	0		Proteobacteria	Pseudomonas
NZ_CP040695_2541864..2612103	IME	70240	59	1	profile_MOBF	none	0	0		Actinobacteriota	Nocardioides
NZ_CP040709_2662786..2670835	IME	8050	9	1	T4SS_MOBQ	none	0	0		Proteobacteria	Inhella
NZ_CP040709_96353..405439	NA	309087	310	1	profile_MOBF,profile_MOBT	none	0	0		Proteobacteria	Inhella
NZ_CP040717_285375..312389	IME	27015	20	1	T4SS_MOBP1	none	0	0		Proteobacteria	Aeromonas
NZ_CP040724_1270568..1319695	IME	49128	47	0	NA	none	0	0		Proteobacteria	Klebsiella
NZ_CP040724_943723..1009425	ICE	65703	49	1	T4SS_MOBC	MPF_T	1	0	Eex_IncN	Proteobacteria	Klebsiella
NZ_CP040740_2579955..2644726	ICE	64772	58	1	profile_MOBT	MPF_FA	1	7		Firmicutes	Enterococcus_B
NZ_CP040748_1914840..1992255	IME	77416	68	1	profile_MOBF	none	0	0		Actinobacteriota	Nocardioides
NZ_CP040798_2095414..2142801	NA	47388	46	1	profile_MOBT	none	0	2		Firmicutes	Streptococcus
NZ_CP040798_2181510..2306645	NA	125136	131	1	T4SS_MOBC,T4SS_MOBP1,T4SS_MOBP2,profile_MOBT	none	0	1		Firmicutes	Streptococcus
NZ_CP040804_385405..403173	ICE	17769	17	1	profile_MOBT	MPF_FA	1	7		Firmicutes	Streptococcus
NZ_CP040812_160538..213511	ICE	52974	55	1	T4SS_MOBB	none	0	0		Bacteroidota	Gillisia
NZ_CP040812_3067540..3081714	NA	14175	16	1	T4SS_MOBP1	none	0	0		Bacteroidota	Gillisia
NZ_CP040812_3903085..3915527	NA	12443	18	1	T4SS_MOBB	none	0	0		Bacteroidota	Gillisia
NZ_CP040813_1993548..2089938	ICE	96391	103	1	T4SS_MOBB	none	0	0		Bacteroidota	Wocania
NZ_CP040818_935005..979397	IME	44393	38	1	T4SS_MOBP1	none	0	0		Proteobacteria	Paroceanicella
NZ_CP040849_534789..583651	NA	48863	47	0	NA	none	0	0		Firmicutes	Enterococcus_B
NZ_CP040861_2239236..2280150	ICE	40915	46	1	T4SS_MOBP1	MPF_F	1	0		Proteobacteria	Klebsiella
NZ_CP040863_979823..1025946	NA	46124	54	1	T4SS_MOBH	MPF_F	1	0		Proteobacteria	Rodentibacter
NZ_CP040871_1319304..1397481	IME	78178	72	1	T4SS_MOBP1,T4SS_MOBQ	none	0	0		Proteobacteria	Thermomonas
NZ_CP040871_1590725..1621375	NA	30651	26	1	T4SS_MOBP1,T4SS_MOBQ	none	0	0		Proteobacteria	Thermomonas
NZ_CP040875_1945465..1962530	NA	17066	16	1	profile_MOBT	none	0	0		Firmicutes	Enterococcus_B
NZ_CP040883_1039809..1078222	NA	38414	37	1	T4SS_MOBP1,T4SS_MOBP2	none	0	1		Firmicutes	Staphylococcus
NZ_CP040887_2145316..2228738	NA	83423	82	1	T4SS_MOBC,profile_MOBF	none	0	1		Actinobacteriota	Serinicoccus
NZ_CP040889_791150..831228	NA	40079	55	0	NA	none	0	0		Proteobacteria	Leclercia
NZ_CP040902_1083729..1121581	NA	37853	35	1	profile_MOBT	none	0	0		Firmicutes	Faecalibacillus
NZ_CP040902_1981035..2362568	ICE	381534	367	1	T4SS_MOBP1,profile_MOBT	MPF_FA	1	10		Firmicutes	Faecalibacillus
NZ_CP040902_312026..356712	IME	44687	50	1	T4SS_MOBP1,T4SS_MOBQ,profile_MOBT	none	0	0		Firmicutes	Faecalibacillus
NZ_CP040907_1015399..1034271	NA	18873	17	1	profile_MOBT	none	0	0		Firmicutes	Enterococcus_B
NZ_CP040907_1139706..1183198	NA	43493	37	0	NA	none	0	0		Firmicutes	Enterococcus_B
NZ_CP040907_1543265..1584930	NA	41666	40	1	T4SS_MOBP1,profile_MOBM	none	0	1		Firmicutes	Enterococcus_B
NZ_CP040907_237929..247706	NA	9778	8	1	profile_MOBM,profile_MOBT	none	0	0		Firmicutes	Enterococcus_B
NZ_CP040915_969084..1014988	IME	45905	42	1	profile_MOBF	none	0	0		Actinobacteriota	Georgenia
NZ_CP040916_2938174..2943119	NA	4946	5	0	NA	none	0	0		Actinobacteriota	Streptomyces
NZ_CP040924_1239940..1256236	NA	16297	16	0	NA	none	0	0		Firmicutes_A	UBA3947
NZ_CP040932_151231..165324	IME	14094	17	0	NA	none	0	0		Proteobacteria	Vannielia
NZ_CP040993_4552091..4690416	ICE	138326	96	1	T4SS_MOBC	MPF_T	1	0	Eex_IncN	Proteobacteria	Klebsiella
NZ_CP041010_1198537..1299090	ICE	100554	106	1	profile_MOBT	MPF_FA	1	6	DUF4467	Firmicutes	Staphylococcus
NZ_CP041010_12895..76442	ICE	63548	81	1	profile_MOBT	MPF_FA	1	8		Firmicutes	Staphylococcus
NZ_CP041010_2569194..2604124	IME	34931	31	1	T4SS_MOBV	none	0	0		Firmicutes	Staphylococcus
NZ_CP041011_3999890..4023557	IME	23668	24	1	T4SS_MOBP1	none	0	0		Proteobacteria	Salmonella
NZ_CP041012_1115478..1151039	ICE	35562	34	1	T4SS_MOBC,profile_MOBT	MPF_FA	1	7		Firmicutes	Enterococcus
NZ_CP041012_14067..80576	NA	66510	75	1	profile_MOBT	MPF_FA	1	4		Firmicutes	Enterococcus
NZ_CP041013_1254133..1357505	ICE	103373	132	1	T4SS_MOBH	MPF_F	1	0		Proteobacteria	Pseudomonas
NZ_CP041013_4632641..4740660	NA	108020	94	1	T4SS_MOBP1	MPF_T	1	0	Eex_IncN	Proteobacteria	Pseudomonas
NZ_CP041014_2004788..2040349	ICE	35562	34	1	T4SS_MOBC,profile_MOBT	MPF_FA	1	7		Firmicutes	Listeria
NZ_CP041016_1052645..1060220	NA	7576	5	1	profile_MOBF	none	0	0		Proteobacteria	Sphingobium
NZ_CP041016_1243329..1490228	ICE	246900	244	1	profile_MOBF,profile_MOBM,profile_MOBT	MPF_F	1	0		Proteobacteria	Sphingobium
NZ_CP041016_1733993..1829743	ICE	95751	88	1	T4SS_MOBP1,profile_MOBT	MPF_T	1	0		Proteobacteria	Sphingobium
NZ_CP041016_210201..235650	IME	25450	21	1	profile_MOBF,profile_MOBT	none	0	0		Proteobacteria	Sphingobium
NZ_CP041016_2745994..2765372	NA	19379	17	1	T4SS_MOBQ	none	0	0		Proteobacteria	Sphingobium
NZ_CP041016_396517..460889	NA	64373	59	1	profile_MOBF	MPF_F	1	0		Proteobacteria	Sphingobium
NZ_CP041025_2176812..2285379	NA	108568	107	1	T4SS_MOBC,T4SS_MOBP1	MPF_T	1	0		Proteobacteria	Paremcibacter
NZ_CP041025_2799985..2849922	NA	49938	48	1	T4SS_MOBP1	none	0	0		Proteobacteria	Paremcibacter
NZ_CP041025_530523..658008	NA	127486	111	1	T4SS_MOBP1	MPF_T	1	0		Proteobacteria	Paremcibacter
NZ_CP041030_1085612..1119667	IME	34056	27	1	T4SS_MOBC,profile_MOBT	none	0	0		Proteobacteria	Francisella
NZ_CP041041_1959601..1969805	IME	10205	5	1	T4SS_MOBP1,T4SS_MOBQ	none	0	0		Proteobacteria	Paracoccus
NZ_CP041046_2634818..2680441	NA	45624	63	1	T4SS_MOBQ,profile_MOBT	none	0	0		Proteobacteria	Luteibacter
NZ_CP041051_3705677..3762409	IME	56733	50	1	T4SS_MOBP1,profile_MOBT	none	0	0		Proteobacteria	Citrobacter
NZ_CP041061_15079..20165	NA	5087	5	0	NA	none	0	0		Actinobacteriota	Micromonospora
NZ_CP041061_5710306..5725455	NA	15150	18	0	NA	none	0	0		Actinobacteriota	Micromonospora
NZ_CP041061_7114150..7133094	NA	18945	24	0	NA	none	0	0		Actinobacteriota	Micromonospora
NZ_CP041063_316107..352295	NA	36189	41	0	NA	none	0	1		Firmicutes	Anaerobacillus_A
NZ_CP041082_2610418..2840356	ICE	229939	228	0	NA	none	0	0		Proteobacteria	Klebsiella
NZ_CP041091_1627940..1704103	NA	76164	76	1	profile_MOBF	none	0	1		Actinobacteriota	Nocardioides
NZ_CP041091_2371624..2445677	ICE	74054	71	1	T4SS_MOBC	none	0	2		Actinobacteriota	Nocardioides
NZ_CP041091_658558..687608	NA	29051	34	0	NA	none	0	1		Actinobacteriota	Nocardioides
NZ_CP041129_4377985..4477354	NA	99370	102	1	T4SS_MOBH	MPF_F	1	0		Proteobacteria	Serratia
NZ_CP041144_492120..499121	NA	7002	10	1	profile_MOBT	none	0	1		Firmicutes	Bacillus
NZ_CP041146_2724077..2727346	NA	3270	4	1	T4SS_MOBC	none	0	0		Actinobacteriota	Nocardioides
NZ_CP041146_4683246..4697524	NA	14279	12	1	profile_MOBF	none	0	0		Actinobacteriota	Nocardioides
NZ_CP041151_2350987..2375951	NA	24965	18	1	T4SS_MOBH	none	0	0		Proteobacteria	Shewanella
NZ_CP041159_251219..286047	NA	34829	35	1	T4SS_MOBV	none	0	0		Proteobacteria	Leisingera
NZ_CP041165_2069239..2075921	NA	6683	8	0	NA	none	0	0		Campylobacterota	Sulfurimonas
NZ_CP041168_3632622..3641700	NA	9079	11	0	NA	none	0	0		Actinobacteriota	Streptomyces
NZ_CP041168_4416333..4428840	AICE	12508	17	0	NA	none	0	0		Actinobacteriota	Streptomyces
NZ_CP041168_4445193..4459183	NA	13991	17	0	NA	none	0	0		Actinobacteriota	Streptomyces
NZ_CP041168_5033957..5048936	NA	14980	18	0	NA	none	0	0		Actinobacteriota	Streptomyces
NZ_CP041168_5105179..5120089	NA	14911	15	0	NA	none	0	0		Actinobacteriota	Streptomyces
NZ_CP041168_5854722..5860041	NA	5320	6	0	NA	none	0	0		Actinobacteriota	Streptomyces
NZ_CP041168_6228729..6234549	NA	5821	8	0	NA	none	0	0		Actinobacteriota	Streptomyces
NZ_CP041169_2513639..2540586	IME	26948	23	1	T4SS_MOBC	none	0	0		Proteobacteria	Alteromonas
NZ_CP041185_1479270..1674469	ICE	195200	189	1	T4SS_MOBH	MPF_F	1	0		Proteobacteria	Janthinobacterium
NZ_CP041187_3851973..3857990	NA	6018	7	0	NA	none	0	0		Actinobacteriota	Pseudarthrobacter
NZ_CP041198_1226940..1258424	NA	31485	36	1	profile_MOBF	none	0	1		Actinobacteriota	Pseudarthrobacter
NZ_CP041201_654588..663985	NA	9398	8	1	T4SS_MOBV	none	0	0		Proteobacteria	Vibrio
NZ_CP041202_1903769..1922631	NA	18863	17	1	T4SS_MOBP1	none	0	0		Proteobacteria	Vibrio
NZ_CP041202_2290648..2317138	NA	26491	23	0	NA	none	0	0		Proteobacteria	Vibrio
NZ_CP041202_3131485..3144839	IME	13355	12	1	T4SS_MOBP1	none	0	0		Proteobacteria	Vibrio
NZ_CP041203_1616983..1719837	NA	102855	108	1	profile_MOBF,profile_MOBT	none	0	1		Actinobacteriota	Cellulomonas
NZ_CP041222_1570573..1604738	IME	34166	24	1	profile_MOBF	none	0	0		Proteobacteria	Erythrobacter
NZ_CP041222_2503493..2621317	ICE	117825	98	1	profile_MOBF	MPF_F	1	0		Proteobacteria	Erythrobacter
NZ_CP041222_2994282..3006891	NA	12610	12	1	T4SS_MOBV	none	0	0		Proteobacteria	Erythrobacter
NZ_CP041230_3091880..3213379	ICE	121500	108	1	T4SS_MOBP1	none	0	0		Bacteroidota	Bacteroides
NZ_CP041230_3272803..3278435	NA	5633	6	1	T4SS_MOBP1,T4SS_MOBV	none	0	0		Bacteroidota	Bacteroides
NZ_CP041230_3516539..3659143	ICE	142605	126	1	T4SS_MOBP1	none	0	0		Bacteroidota	Bacteroides
NZ_CP041230_3760911..3778356	NA	17446	24	1	T4SS_MOBB,T4SS_MOBP1	none	0	0		Bacteroidota	Bacteroides
NZ_CP041230_5070339..5147912	NA	77574	91	1	T4SS_MOBP1,T4SS_MOBV	none	0	1		Bacteroidota	Bacteroides
NZ_CP041230_589888..598260	NA	8373	13	1	T4SS_MOBP1,T4SS_MOBQ	none	0	0		Bacteroidota	Bacteroides
NZ_CP041230_6485200..6495921	NA	10722	14	1	T4SS_MOBP1	none	0	0		Bacteroidota	Bacteroides
NZ_CP041236_4575838..4785470	NA	209633	203	1	T4SS_MOBH,profile_MOBT	MPF_F	1	0		Proteobacteria	Pseudomonas_E
NZ_CP041247_1144161..1163826	NA	19666	20	1	T4SS_MOBP1	none	0	0		Proteobacteria	Klebsiella
NZ_CP041257_1643918..1656788	NA	12871	6	1	T4SS_MOBH	none	0	0		Firmicutes	Enterococcus_B
NZ_CP041257_1883420..1904471	ICE	21052	22	1	profile_MOBT	none	0	6		Firmicutes	Enterococcus_B
NZ_CP041257_2685089..2712499	NA	27411	25	1	profile_MOBM,profile_MOBT	none	0	0		Firmicutes	Enterococcus_B
NZ_CP041257_665895..711866	IME	45972	51	1	profile_MOBT	none	0	1		Firmicutes	Enterococcus_B
NZ_CP041257_815790..891833	NA	76044	67	0	NA	none	0	0		Firmicutes	Enterococcus_B
NZ_CP041261_1612050..1696587	ICE	84538	75	1	profile_MOBT	none	0	0		Firmicutes	Enterococcus_B
NZ_CP041261_2717039..2779096	ICE	62058	56	1	profile_MOBT	MPF_FA	1	7		Firmicutes	Enterococcus_B
NZ_CP041270_1413666..1459974	IME	46309	52	1	profile_MOBT	none	0	1		Firmicutes	Enterococcus_B
NZ_CP041270_1785848..1847571	NA	61724	67	1	profile_MOBT	none	0	10		Firmicutes	Enterococcus_B
NZ_CP041302_1863194..1921880	ICE	58687	60	1	T4SS_MOBC	none	0	0	Eex_IncN	Proteobacteria	Escherichia
NZ_CP041334_1081804..1170466	ICE	88663	95	1	T4SS_MOBH	MPF_F	1	0		Proteobacteria	Glaesserella
NZ_CP041344_120152..200452	NA	80301	95	1	profile_MOBT	MPF_FA	1	4		Firmicutes	Enterococcus
NZ_CP041348_174150..272209	ICE	98060	106	1	T4SS_MOBP1	MPF_T	1	0		Proteobacteria	Komagataeibacter
NZ_CP041354_2293665..2389933	ICE	96269	97	1	T4SS_MOBH	MPF_F	1	0		Proteobacteria	Pseudomonas
NZ_CP041354_2477520..2586692	NA	109173	101	1	T4SS_MOBH,T4SS_MOBP1	none	0	0		Proteobacteria	Pseudomonas
NZ_CP041354_5208858..5312808	ICE	103951	124	1	T4SS_MOBH	MPF_F	1	0		Proteobacteria	Pseudomonas
NZ_CP041356_1144153..1185670	NA	41518	58	1	profile_MOBT	MPF_FA	1	2		Firmicutes	Lactococcus
NZ_CP041356_38786..120107	ICE	81322	75	1	T4SS_MOBH	none	0	0		Firmicutes	Lactococcus
NZ_CP041359_4573832..4600751	IME	26920	32	1	T4SS_MOBQ,profile_MOBT	none	0	0		Proteobacteria	Escherichia
NZ_CP041360_853670..928844	IME	75175	64	1	T4SS_MOBP1	none	0	0		Bacteroidota	Spirosoma
NZ_CP041362_1826293..1890457	IME	64165	80	1	T4SS_MOBQ	none	0	0		Proteobacteria	Citrobacter_A
NZ_CP041373_1867543..1926911	ICE	59369	41	1	T4SS_MOBC	MPF_T	1	0		Proteobacteria	Klebsiella
NZ_CP041373_744262..801180	NA	56919	66	1	T4SS_MOBH,profile_MOBT	MPF_F	1	0		Proteobacteria	Klebsiella
NZ_CP041379_2539506..2543187	NA	3682	4	1	T4SS_MOBV	none	0	0		Bacteroidota	Bacteroides
NZ_CP041379_3291767..3345687	NA	53921	63	1	T4SS_MOBP1,profile_MOBT	none	0	0		Bacteroidota	Bacteroides
NZ_CP041379_3378805..3424101	NA	45297	45	1	T4SS_MOBP1	none	0	0		Bacteroidota	Bacteroides
NZ_CP041387_4415283..4430755	NA	15473	11	1	T4SS_MOBP1	none	0	0		Proteobacteria	Rhodopseudomonas
NZ_CP041392_1918708..1976907	ICE	58200	43	1	T4SS_MOBC	MPF_T	1	0	Eex_IncN	Proteobacteria	Escherichia
NZ_CP041395_1099346..1200175	ICE	100830	102	1	T4SS_MOBB,T4SS_MOBP1	none	0	0		Bacteroidota	Bacteroides
NZ_CP041395_1906732..1948299	ICE	41568	51	1	T4SS_MOBP1	none	0	0		Bacteroidota	Bacteroides
NZ_CP041395_2183022..2219709	IME	36688	34	1	T4SS_MOBV	none	0	0		Bacteroidota	Bacteroides
NZ_CP041395_2307093..2338870	IME	31778	21	1	T4SS_MOBP1	none	0	0		Bacteroidota	Bacteroides
NZ_CP041395_3876425..3900674	NA	24250	23	1	T4SS_MOBP1	none	0	0		Bacteroidota	Bacteroides
NZ_CP041395_4538853..4631058	NA	92206	90	1	T4SS_MOBP1,T4SS_MOBV	none	0	1		Bacteroidota	Bacteroides
NZ_CP041395_5305152..5374418	NA	69267	78	1	T4SS_MOBP1	none	0	0		Bacteroidota	Bacteroides
NZ_CP041395_7028645..7070537	NA	41893	41	1	T4SS_MOBP1	none	0	0		Bacteroidota	Bacteroides
NZ_CP041395_905292..951395	NA	46104	52	1	T4SS_MOBP1,T4SS_MOBV	none	0	0		Bacteroidota	Bacteroides
NZ_CP041433_2337308..2418593	NA	81286	105	0	NA	none	0	0		Proteobacteria	Escherichia
NZ_CP041585_309795..339539	NA	29745	45	0	NA	none	0	0		Proteobacteria	Neisseria
NZ_CP041607_6613202..6634084	NA	20883	25	0	NA	none	0	0		Actinobacteriota	Streptomyces
NZ_CP041607_7461875..7501776	AICE	39902	47	0	NA	none	0	0		Actinobacteriota	Streptomyces
NZ_CP041610_11947115..11959177	NA	12063	14	1	T4SS_MOBC	none	0	0		Actinobacteriota	Streptomyces
NZ_CP041610_5059744..5066453	NA	6710	8	0	NA	none	0	0		Actinobacteriota	Streptomyces
NZ_CP041610_5625951..5639025	NA	13075	17	0	NA	none	0	0		Actinobacteriota	Streptomyces
NZ_CP041610_5679801..5700782	NA	20982	20	0	NA	none	0	0		Actinobacteriota	Streptomyces
NZ_CP041610_7493815..7512246	AICE	18432	25	0	NA	none	0	0		Actinobacteriota	Streptomyces
NZ_CP041610_7879718..7931494	NA	51777	41	0	NA	none	0	0		Actinobacteriota	Streptomyces
NZ_CP041612_5885243..5902275	NA	17033	18	0	NA	none	0	0		Actinobacteriota	Streptomyces
NZ_CP041612_6827692..6843171	NA	15480	18	0	NA	none	0	0		Actinobacteriota	Streptomyces
NZ_CP041612_8113026..8136307	AICE	23282	25	0	NA	none	0	1		Actinobacteriota	Streptomyces
NZ_CP041612_9011344..9037467	NA	26124	35	0	NA	none	0	0		Actinobacteriota	Streptomyces
NZ_CP041616_2108418..2139094	NA	30677	33	1	profile_MOBF	none	0	0		Actinobacteriota	Ornithinicoccus
NZ_CP041616_3866957..3903763	NA	36807	40	1	profile_MOBF	none	0	1		Actinobacteriota	Ornithinicoccus
NZ_CP041628_535358..551287	IME	15930	16	0	NA	none	0	0		Proteobacteria	Escherichia
NZ_CP041632_2586037..2611747	IME	25711	16	1	T4SS_MOBC,profile_MOBT	none	0	0		Firmicutes	Parageobacillus
NZ_CP041636_770119..773257	NA	3139	3	1	T4SS_MOBP1,T4SS_MOBQ	none	0	0		Proteobacteria	Ferrovibrio
NZ_CP041637_3291218..3526079	ICE	234862	192	1	T4SS_MOBB	MPF_FA	1	2		Bacteroidota	Formosa
NZ_CP041639_2444951..2677499	ICE	232549	231	0	NA	none	0	0		Proteobacteria	Klebsiella
NZ_CP041644_3348673..3406865	ICE	58193	42	1	T4SS_MOBC	MPF_T	1	0	Eex_IncN	Proteobacteria	Klebsiella
NZ_CP041650_6670121..6707441	NA	37321	43	1	T4SS_MOBP1,profile_MOBT	none	0	0		Actinobacteriota	Streptomyces
NZ_CP041650_7909834..7930134	AICE	20301	25	0	NA	none	0	0		Actinobacteriota	Streptomyces
NZ_CP041654_6493159..6500518	NA	7360	7	0	NA	none	0	0		Actinobacteriota	Streptomyces
NZ_CP041668_265456..437031	NA	171576	168	1	T4SS_MOBP1	MPF_T	1	0		Proteobacteria	Legionella_D
NZ_CP041676_1396165..1444239	NA	48075	63	1	T4SS_MOBP2	none	0	0		Firmicutes	Limosilactobacillus
NZ_CP041687_1866990..1931000	IME	64011	53	1	T4SS_MOBP1,profile_MOBF,profile_MOBM	none	0	0		Bacteroidota	Kaistella
NZ_CP041687_488066..518344	NA	30279	27	1	profile_MOBT	none	0	0		Bacteroidota	Kaistella
NZ_CP041687_654876..725553	IME	70678	54	1	T4SS_MOBP1	none	0	0		Bacteroidota	Kaistella
NZ_CP041690_581485..596242	NA	14758	17	1	T4SS_MOBP1	none	0	0		Proteobacteria	Youhaiella
NZ_CP041692_1741209..1752790	NA	11582	14	0	NA	none	0	0		Actinobacteriota	Microlunatus_A
NZ_CP041692_385250..432491	NA	47242	55	0	NA	none	0	1		Actinobacteriota	Microlunatus_A
NZ_CP041692_619912..644185	NA	24274	26	1	profile_MOBT	none	0	0		Actinobacteriota	Microlunatus_A
NZ_CP041692_651977..681429	NA	29453	28	1	profile_MOBT	none	0	1		Actinobacteriota	Microlunatus_A
NZ_CP041692_768496..780670	NA	12175	14	0	NA	none	0	0		Actinobacteriota	Microlunatus_A
NZ_CP041692_863167..878293	NA	15127	15	0	NA	none	0	0		Actinobacteriota	Microlunatus_A
NZ_CP041695_2119745..2155044	NA	35300	39	0	NA	none	0	0		Actinobacteriota	Nocardia
NZ_CP041713_1644973..1676591	ICE	31619	33	1	T4SS_MOBQ	MPF_T	1	0		Proteobacteria	Legionella_B
NZ_CP041738_2665032..2764919	NA	99888	124	1	T4SS_MOBC,profile_MOBT	MPF_FA	1	5		Firmicutes	Enterococcus
NZ_CP041749_300153..346116	NA	45964	54	1	T4SS_MOBP1	none	0	0		Proteobacteria	Escherichia
NZ_CP041764_3024786..3055156	NA	30371	25	1	T4SS_MOBH	none	0	0		Proteobacteria	Serratia_B
NZ_CP041771_4614086..4707996	ICE	93911	104	1	T4SS_MOBH	MPF_F	1	0		Proteobacteria	Pseudomonas
NZ_CP041773_1753120..1952630	ICE	199511	181	1	T4SS_MOBP1	MPF_T	1	1	Eex_IncN	Proteobacteria	Pseudomonas
NZ_CP041774_3829331..4043438	ICE	214108	205	1	T4SS_MOBP1	MPF_T	1	0	Eex_IncN	Proteobacteria	Pseudomonas
NZ_CP041774_5519535..5613671	ICE	94137	114	1	T4SS_MOBH	MPF_F	1	0		Proteobacteria	Pseudomonas
NZ_CP041781_2646188..2792536	ICE	146349	125	1	T4SS_MOBH	MPF_F	1	0		Proteobacteria	Xanthomonas
NZ_CP041933_4232524..4314696	ICE	82173	82	1	T4SS_MOBP1	MPF_T	1	0	Eex_IncN	Proteobacteria	Pseudomonas_E
NZ_CP041944_1726406..1770555	NA	44150	47	1	profile_MOBT	MPF_FA	1	7		Firmicutes	Lacticaseibacillus
NZ_CP041944_2354238..2399048	IME	44811	41	1	profile_MOBT	none	0	0		Firmicutes	Lacticaseibacillus
NZ_CP041945_2349687..2466525	ICE	116839	125	1	T4SS_MOBH	MPF_F	1	0		Proteobacteria	Pseudomonas
NZ_CP041945_6720216..6834573	ICE	114358	107	1	T4SS_MOBP1	none	0	1	Eex_IncN	Proteobacteria	Pseudomonas
NZ_CP041955_4164986..4204748	NA	39763	33	1	T4SS_MOBH	none	0	0		Proteobacteria	Escherichia
NZ_CP041963_2140337..2228594	IME	88258	83	1	T4SS_MOBQ	none	0	0		Proteobacteria	Xanthomonas
NZ_CP041965_3742850..3775525	NA	32676	33	1	T4SS_MOBQ	none	0	0	Eex_IncN	Proteobacteria	Xanthomonas
NZ_CP041994_926650..932605	NA	5956	8	1	profile_MOBT	none	0	0		Firmicutes	Streptococcus
NZ_CP041995_1394962..1507959	ICE	112998	124	1	T4SS_MOBP1,profile_MOBT	MPF_FA	1	17		Firmicutes	Erysipelothrix
NZ_CP041998_566436..669426	ICE	102991	100	1	profile_MOBT	MPF_FA	1	7		Firmicutes	Streptococcus
NZ_CP041999_615274..718903	ICE	103630	100	1	profile_MOBT	MPF_FA	1	7		Firmicutes	Streptococcus
NZ_CP042000_569090..678536	ICE	109447	104	1	profile_MOBT	MPF_FA	1	7		Firmicutes	Streptococcus
NZ_CP042001_230937..239792	NA	8856	13	1	T4SS_MOBV	none	0	0		Firmicutes	Streptococcus
NZ_CP042001_556615..734565	ICE	177951	195	1	profile_MOBT	MPF_FA	1	7		Firmicutes	Streptococcus
NZ_CP042003_839003..910124	NA	71122	80	1	profile_MOBT	MPF_FA	1	5	DUF4467	Firmicutes	Staphylococcus
NZ_CP042043_263262..308737	ICE	45476	45	1	profile_MOBT	MPF_FA	1	5	DUF4467	Firmicutes	Staphylococcus
NZ_CP042157_530084..579837	NA	49754	59	1	profile_MOBT	MPF_FA	1	7	DUF4467	Firmicutes	Staphylococcus
NZ_CP042164_3635824..3843067	NA	207244	202	1	T4SS_MOBP1,T4SS_MOBV,profile_MOBT	MPF_T	1	0		Proteobacteria	Burkholderia
NZ_CP042169_1637184..1658717	NA	21534	22	1	T4SS_MOBP1	none	0	0		Actinobacteriota	Micrococcus
NZ_CP042171_1997261..2017286	NA	20026	18	1	T4SS_MOBB	none	0	0		Bacteroidota	Pedobacter
NZ_CP042219_2040349..2065578	IME	25230	38	1	T4SS_MOBP1,T4SS_MOBV	none	0	0		Proteobacteria	Pandoraea
NZ_CP042220_1433215..1459100	NA	25886	33	1	T4SS_MOBQ	none	0	0		Proteobacteria	Dickeya
NZ_CP042220_3184374..3258431	ICE	74058	87	1	T4SS_MOBH	MPF_F	1	0		Proteobacteria	Dickeya
NZ_CP042220_3756268..3772559	IME	16292	13	1	T4SS_MOBC	none	0	0		Proteobacteria	Dickeya
NZ_CP042239_2607519..2645681	IME	38163	27	1	T4SS_MOBQ	none	0	0		Proteobacteria	Sphingomonas
NZ_CP042239_3339460..3379701	NA	40242	35	1	T4SS_MOBQ	MPF_T	1	0		Proteobacteria	Sphingomonas
NZ_CP042243_1373650..1621734	NA	248085	266	0	NA	none	0	0		Firmicutes_A	SY095
NZ_CP042250_1859395..1903837	NA	44443	57	0	NA	none	0	0		Proteobacteria	Escherichia
NZ_CP042250_2856630..2909845	IME	53216	60	1	T4SS_MOBQ	none	0	0		Proteobacteria	Escherichia
NZ_CP042250_2958697..3039272	ICE	80576	50	1	T4SS_MOBC	MPF_T	1	0	Eex_IncN	Proteobacteria	Escherichia
NZ_CP042254_1910650..1948869	ICE	38220	39	1	T4SS_MOBP1,T4SS_MOBQ	MPF_T	1	0		Proteobacteria	Legionella
NZ_CP042254_1949193..2218208	NA	269016	261	1	profile_MOBT	none	0	1		Proteobacteria	Legionella
NZ_CP042261_1939931..1958929	IME	18999	18	1	T4SS_MOBP1	none	0	0		Proteobacteria	Qingshengfaniella
NZ_CP042267_3719214..3829679	NA	110466	103	1	profile_MOBT	MPF_FA	1	7		Firmicutes_A	Clostridioides
NZ_CP042269_1266522..1437828	ICE	171307	150	1	T4SS_MOBP1	MPF_T	1	0	Eex_IncN	Proteobacteria	Pseudomonas
NZ_CP042269_4936130..4942017	NA	5888	4	1	T4SS_MOBH	none	0	0		Proteobacteria	Pseudomonas
NZ_CP042270_2424778..2434441	NA	9664	8	0	NA	none	0	0		Firmicutes	Bacillus_A
NZ_CP042274_2015364..2114889	ICE	99526	99	1	T4SS_MOBP1,profile_MOBT	MPF_T	1	0		Proteobacteria	Agrobacterium
NZ_CP042295_757324..809786	NA	52463	45	0	NA	none	0	0		Firmicutes	Mycoplasmopsis_A
NZ_CP042305_3174739..3204326	NA	29588	24	1	profile_MOBF	none	0	0		Actinobacteriota	Humibacter
NZ_CP042305_3244510..3250521	NA	6012	5	1	profile_MOBF	none	0	0		Actinobacteriota	Humibacter
NZ_CP042305_955534..961183	NA	5650	4	1	profile_MOBF	none	0	0		Actinobacteriota	Humibacter
NZ_CP042306_2342495..2413883	NA	71389	71	1	T4SS_MOBQ	none	0	0		Proteobacteria	Sphingomonas
NZ_CP042306_995691..1004532	NA	8842	9	1	T4SS_MOBQ	none	0	0		Proteobacteria	Sphingomonas
NZ_CP042309_348203..406192	NA	57990	68	1	T4SS_MOBH,profile_MOBT	MPF_F	1	0		Proteobacteria	Klebsiella
NZ_CP042309_4605763..4634360	NA	28598	32	1	T4SS_MOBQ	none	0	0		Proteobacteria	Klebsiella
NZ_CP042311_4643921..4672606	IME	28686	31	1	T4SS_MOBQ	none	0	0		Proteobacteria	Klebsiella
NZ_CP042318_348282..406329	NA	58048	67	1	T4SS_MOBH,profile_MOBT	MPF_F	1	0		Proteobacteria	Klebsiella
NZ_CP042318_4612173..4640273	IME	28101	30	1	T4SS_MOBQ	none	0	0		Proteobacteria	Klebsiella
NZ_CP042320_348314..406326	NA	58013	68	1	T4SS_MOBH,profile_MOBT	MPF_F	1	0		Proteobacteria	Klebsiella
NZ_CP042320_4579614..4608203	IME	28590	32	1	T4SS_MOBQ	none	0	0		Proteobacteria	Klebsiella
NZ_CP042321_4610011..4638697	IME	28687	31	1	T4SS_MOBQ	none	0	0		Proteobacteria	Klebsiella
NZ_CP042324_3602689..3616994	AICE	14306	20	0	NA	none	0	0		Actinobacteriota	Streptomyces
NZ_CP042324_4328906..4333682	NA	4777	5	0	NA	none	0	0		Actinobacteriota	Streptomyces
NZ_CP042324_5038647..5055813	NA	17167	17	0	NA	none	0	0		Actinobacteriota	Streptomyces
NZ_CP042335_1172248..1182656	NA	10409	10	1	T4SS_MOBP1,T4SS_MOBV	none	0	0		Actinobacteriota	Nesterenkonia
NZ_CP042364_1216708..1253924	IME	37217	32	1	T4SS_MOBQ	none	0	0		Proteobacteria	Acinetobacter
NZ_CP042371_1438..62122	NA	60685	64	1	T4SS_MOBC,T4SS_MOBH	none	0	0		Firmicutes	Secundilactobacillus
NZ_CP042374_200091..246990	NA	46900	44	1	profile_MOBM	none	0	0		Firmicutes	Leuconostoc
NZ_CP042382_1168026..1267440	ICE	99415	103	1	T4SS_MOBH,profile_MOBM	MPF_F	1	1		Proteobacteria	Pistricoccus
NZ_CP042383_762826..782849	NA	20024	25	1	profile_MOBT	none	0	1		Firmicutes	Leuconostoc
NZ_CP042387_1484838..1567884	ICE	83047	85	1	profile_MOBT	MPF_FA	1	2		Firmicutes	Leuconostoc
NZ_CP042389_1321554..1370393	NA	48840	52	1	profile_MOBF	none	0	0		Firmicutes	Latilactobacillus
NZ_CP042390_1538528..1747404	ICE	208877	227	1	T4SS_MOBP1,T4SS_MOBP2,profile_MOBT	MPF_FA	1	2		Firmicutes	Leuconostoc
NZ_CP042392_2014801..2069294	NA	54494	54	1	T4SS_MOBH	none	0	0		Firmicutes	Loigolactobacillus
NZ_CP042392_2328438..2384695	NA	56258	53	1	profile_MOBT	none	0	1		Firmicutes	Loigolactobacillus
NZ_CP042393_669598..730285	NA	60688	74	1	T4SS_MOBP2,profile_MOBT	MPF_FA	1	2		Firmicutes	Leuconostoc
NZ_CP042408_153070..205179	NA	52110	51	1	profile_MOBT	MPF_FA	1	3		Firmicutes	Lactococcus
NZ_CP042413_1082521..1232716	ICE	150196	147	1	profile_MOBT	MPF_FA	1	4		Firmicutes	Leuconostoc
NZ_CP042413_1502938..1535792	NA	32855	28	0	NA	none	0	0		Firmicutes	Leuconostoc
NZ_CP042420_1368198..1460143	NA	91946	92	1	profile_MOBT	none	0	0		Firmicutes	Leuconostoc
NZ_CP042425_7281382..7331199	NA	49818	46	1	T4SS_MOBH	none	0	0		Planctomycetota	Limnoglobus
NZ_CP042430_1406080..1441407	IME	35328	17	1	T4SS_MOBC	none	0	0		Actinobacteriota	Baekduia
NZ_CP042430_2881400..3126017	NA	244618	243	1	T4SS_MOBC	none	0	0		Actinobacteriota	Baekduia
NZ_CP042430_3656311..3679263	NA	22953	27	1	T4SS_MOBC	none	0	0		Actinobacteriota	Baekduia
NZ_CP042435_4602837..4609497	NA	6661	4	1	T4SS_MOBP1	none	0	0		Bacteroidota	Panacibacter
NZ_CP042436_1015421..1109249	ICE	93829	86	1	T4SS_MOBP1,profile_MOBT	none	0	0		Bacteroidota	Mucilaginibacter
NZ_CP042436_1548749..1613191	IME	64443	64	1	T4SS_MOBP1,T4SS_MOBV	none	0	0		Bacteroidota	Mucilaginibacter
NZ_CP042437_235748..420368	NA	184621	205	1	T4SS_MOBP1	none	0	1		Bacteroidota	Mucilaginibacter
NZ_CP042437_5753399..5961059	ICE	207661	162	1	T4SS_MOBP1,profile_MOBT	none	0	1		Bacteroidota	Mucilaginibacter
NZ_CP042437_6378402..6397668	NA	19267	25	1	T4SS_MOBP1	none	0	0		Bacteroidota	Mucilaginibacter
NZ_CP042466_3376595..3389214	NA	12620	15	1	profile_MOBF	none	0	0		Desulfobacterota	Oryzomonas
NZ_CP042466_9333..164633	NA	155301	151	1	profile_MOBF	MPF_F	1	0		Desulfobacterota	Oryzomonas
NZ_CP042476_1154417..1253789	ICE	99373	111	1	T4SS_MOBB	none	0	1		Bacteroidota	Gillisia
NZ_CP042478_1232871..1269638	NA	36768	31	1	T4SS_MOBP1	none	0	0		Proteobacteria	Citrobacter
NZ_CP042493_1023747..1191702	ICE	167956	161	1	T4SS_MOBP1	none	0	0		Proteobacteria	Leclercia
NZ_CP042493_3175675..3197623	IME	21949	24	1	T4SS_MOBQ	none	0	0		Proteobacteria	Leclercia
NZ_CP042499_1559293..1650272	ICE	90980	96	1	T4SS_MOBH	MPF_F	1	0		Proteobacteria	Atlantibacter
NZ_CP042499_2148297..2264588	ICE	116292	116	1	T4SS_MOBP1	MPF_T	1	0	Eex_IncN	Proteobacteria	Atlantibacter
NZ_CP042499_4347820..4390738	ICE	42919	38	1	T4SS_MOBC	MPF_T	1	0	Eex_IncN	Proteobacteria	Atlantibacter
NZ_CP042505_3526744..3567526	IME	40783	42	1	T4SS_MOBP1	none	0	0		Proteobacteria	Leclercia
NZ_CP042512_2945089..3152027	NA	206939	199	1	T4SS_MOBP1,profile_MOBT	MPF_T	1	0	Eex_IncN	Proteobacteria	Serratia
NZ_CP042512_3657474..3735494	NA	78021	85	1	T4SS_MOBP1	MPF_T	1	0		Proteobacteria	Serratia
NZ_CP042530_1990510..2224376	ICE	233867	237	1	profile_MOBT	none	0	0		Proteobacteria	Klebsiella
NZ_CP042545_2433456..2453808	NA	20353	24	1	T4SS_MOBQ,profile_MOBT	none	0	0		Proteobacteria	Klebsiella
NZ_CP042551_412818..506805	NA	93988	99	1	T4SS_MOBH	MPF_F	1	1		Proteobacteria	Enterobacter
NZ_CP042556_3061672..3089519	IME	27848	25	1	T4SS_MOBQ	none	0	0		Proteobacteria	Acinetobacter
NZ_CP042566_3475251..3519692	IME	44442	47	1	T4SS_MOBP1	none	0	0		Proteobacteria	Enterobacter
NZ_CP042582_151639..162064	NA	10426	8	1	T4SS_MOBQ	none	0	0		Proteobacteria	Hypericibacter
NZ_CP042593_1385692..1442696	NA	57005	63	1	profile_MOBM	none	0	0		Firmicutes	Cytobacillus
NZ_CP042596_1062010..1131271	IME	69262	66	1	profile_MOBF,profile_MOBT	none	0	0		Acidobacteriota	Granulicella_C
NZ_CP042804_1613274..1616584	NA	3311	2	1	T4SS_MOBH	none	0	0		Proteobacteria	Pseudomonas_E
NZ_CP042828_631871..651427	IME	19557	12	1	profile_MOBF	none	0	0		Actinobacteriota	Ruania
NZ_CP042856_2636835..2675711	NA	38877	41	0	NA	none	0	0		Actinobacteriota	Homoserinimonas
NZ_CP042858_4831525..5022379	ICE	190855	236	1	T4SS_MOBH	MPF_F	1	0		Proteobacteria	Klebsiella
NZ_CP042907_1906200..2152451	NA	246252	240	1	profile_MOBT	none	0	1		Proteobacteria	Proteus
NZ_CP042907_2540244..2625092	IME	84849	97	1	T4SS_MOBQ,profile_MOBT	none	0	0		Proteobacteria	Proteus
NZ_CP042907_3363324..3538190	ICE	174867	157	1	T4SS_MOBH,profile_MOBT	MPF_F	1	0	EexR	Proteobacteria	Proteus
NZ_CP042907_3562299..3654920	NA	92622	86	1	T4SS_MOBH	MPF_F	1	0		Proteobacteria	Proteus
NZ_CP042911_1639703..1699943	NA	60241	57	1	profile_MOBF,profile_MOBT	none	0	0		Planctomycetota	Gemmata
NZ_CP042912_1138405..1190936	NA	52532	46	1	T4SS_MOBC	none	0	0		Planctomycetota	Mariniblastus
NZ_CP042942_2479495..2493753	IME	14259	17	1	T4SS_MOBP1	none	0	0		Proteobacteria	Escherichia
NZ_CP042942_4067160..4092844	IME	25685	31	1	T4SS_MOBQ	none	0	0		Proteobacteria	Escherichia
NZ_CP043006_151217..159679	NA	8463	9	1	T4SS_MOBP1	none	0	0		Bacteroidota	Chitinophaga
NZ_CP043027_801891..819279	NA	17389	18	1	T4SS_MOBP1	none	0	0		Proteobacteria	Salmonella
NZ_CP043028_1706338..1783784	NA	77447	74	1	T4SS_MOBH	none	0	0		Firmicutes_A	Pseudobutyrivibrio
NZ_CP043028_197057..215952	NA	18896	18	1	T4SS_MOBQ	none	0	0		Firmicutes_A	Pseudobutyrivibrio
NZ_CP043030_42..88902	NA	88861	102	1	T4SS_MOBC,T4SS_MOBV,profile_MOBT	none	0	0		Firmicutes_A	Pseudobutyrivibrio
NZ_CP043047_1309790..1367836	NA	58047	68	1	T4SS_MOBH,profile_MOBT	MPF_F	1	0		Proteobacteria	Klebsiella
NZ_CP043047_203578..233329	NA	29752	32	1	T4SS_MOBQ	none	0	0		Proteobacteria	Klebsiella
NZ_CP043051_1712524..1736788	NA	24265	25	1	T4SS_MOBQ	MPF_FA	1	6		Firmicutes_A	Ruminococcus_B
NZ_CP043051_2300651..2363143	IME	62493	61	1	T4SS_MOBV	none	0	0		Firmicutes_A	Ruminococcus_B
NZ_CP043051_2459650..2520133	NA	60484	55	1	profile_MOBT	MPF_FA	1	8		Firmicutes_A	Ruminococcus_B
NZ_CP043051_3064312..3188894	NA	124583	134	1	profile_MOBM,profile_MOBT	MPF_FA	1	8		Firmicutes_A	Ruminococcus_B
NZ_CP043060_3109353..3163600	NA	54248	61	1	T4SS_MOBH	MPF_F	1	0		Proteobacteria	Pseudomonas_E
NZ_CP043134_1152326..1164022	NA	11697	15	0	NA	none	0	0		Proteobacteria	Bordetella
NZ_CP043152_1098197..1160749	NA	62553	63	0	NA	none	0	0		Proteobacteria	Bordetella
NZ_CP043217_963435..1022946	ICE	59512	45	1	T4SS_MOBC	MPF_T	1	0	Eex_IncN	Proteobacteria	Escherichia
NZ_CP043226_3480352..3493594	NA	13243	15	1	T4SS_MOBP1	none	0	0		Proteobacteria	Enterobacter
NZ_CP043311_5152739..5230154	IME	77416	51	1	T4SS_MOBP1	none	0	0		Proteobacteria	Pseudomonas_F
NZ_CP043311_5339860..5347861	NA	8002	12	0	NA	none	0	0		Proteobacteria	Pseudomonas_F
NZ_CP043320_570008..626010	IME	56003	50	1	T4SS_MOBH	none	0	0		Proteobacteria	Pseudomonas_C
NZ_CP043320_88790..160760	NA	71971	87	1	T4SS_MOBH,profile_MOBF	MPF_F	1	0		Proteobacteria	Pseudomonas_C
NZ_CP043328_5221297..5321533	ICE	100237	85	1	T4SS_MOBH,profile_MOBT	MPF_F	1	0		Proteobacteria	Pseudomonas
NZ_CP043328_5638612..5757809	ICE	119198	136	1	T4SS_MOBH	MPF_F	1	0		Proteobacteria	Pseudomonas
NZ_CP043332_1838562..1843035	NA	4474	4	0	NA	none	0	0		Proteobacteria	Proteus
NZ_CP043403_1881459..1923514	IME	42056	45	1	T4SS_MOBQ	none	0	0		Proteobacteria	Xanthomonas
NZ_CP043414_1281158..1348741	IME	67584	80	1	T4SS_MOBQ	none	0	0		Proteobacteria	Escherichia
NZ_CP043414_3121426..3168538	NA	47113	55	0	NA	none	0	0		Proteobacteria	Escherichia
NZ_CP043421_1396388..1922567	ICE	526180	516	1	profile_MOBM,profile_MOBT	none	0	1		Proteobacteria	Vibrio
NZ_CP043421_3196131..3334383	NA	138253	150	1	T4SS_MOBC	none	0	0		Proteobacteria	Vibrio
NZ_CP043428_785936..820880	NA	34945	47	0	NA	none	0	0		Campylobacterota	Campylobacter_D
NZ_CP043440_3074022..3161981	IME	87960	84	0	NA	none	0	0		Proteobacteria	Cupriavidus
NZ_CP043449_1311581..1405037	NA	93457	107	1	T4SS_MOBB,T4SS_MOBP1,profile_MOBT	none	0	0		Bacteroidota	Mucilaginibacter
NZ_CP043449_3721840..3885424	ICE	163585	193	1	T4SS_MOBC,T4SS_MOBP1	none	0	1		Bacteroidota	Mucilaginibacter
NZ_CP043450_809967..976457	ICE	166491	145	1	T4SS_MOBB	none	0	0		Bacteroidota	Mucilaginibacter
NZ_CP043451_2276849..2281068	NA	4220	5	1	T4SS_MOBB	none	0	0		Bacteroidota	Mucilaginibacter
NZ_CP043451_5149113..5157620	NA	8508	10	1	T4SS_MOBP1,T4SS_MOBV	none	0	0		Bacteroidota	Mucilaginibacter
NZ_CP043451_5544704..5573210	NA	28507	25	1	T4SS_MOBB	none	0	0		Bacteroidota	Mucilaginibacter
NZ_CP043451_7136085..7192896	NA	56812	58	1	T4SS_MOBB,T4SS_MOBP1	none	0	0		Bacteroidota	Mucilaginibacter
NZ_CP043474_2853842..2881242	IME	27401	23	1	profile_MOBF	none	0	0		Actinobacteriota	Mycobacterium
NZ_CP043476_269258..281404	NA	12147	13	1	T4SS_MOBH	none	0	0		Proteobacteria	Xanthomonas_A
NZ_CP043476_3308953..3328421	NA	19469	25	1	T4SS_MOBQ,T4SS_MOBV	none	0	0		Proteobacteria	Xanthomonas_A
NZ_CP043506_2508270..2518848	IME	10579	8	0	NA	none	0	0		Proteobacteria	Acetobacter
NZ_CP043511_1123783..1190643	IME	66861	68	1	T4SS_MOBP1	none	0	0		Proteobacteria	Enterobacter
NZ_CP043529_1208258..1247914	NA	39657	31	1	T4SS_MOBV	none	0	0		Bacteroidota	Phocaeicola
NZ_CP043529_2105900..2164035	IME	58136	51	1	T4SS_MOBP1,profile_MOBT	none	0	0		Bacteroidota	Phocaeicola
NZ_CP043529_2330900..2527801	ICE	196902	182	1	T4SS_MOBP1,profile_MOBT	none	0	0		Bacteroidota	Phocaeicola
NZ_CP043529_3658885..3698809	NA	39925	33	1	T4SS_MOBP1	none	0	0		Bacteroidota	Phocaeicola
NZ_CP043529_4013964..4020561	NA	6598	5	1	T4SS_MOBP1	none	0	0		Bacteroidota	Phocaeicola
NZ_CP043529_9968..59326	NA	49359	42	1	T4SS_MOBV	none	0	0		Bacteroidota	Phocaeicola
NZ_CP043538_4911742..4938796	NA	27055	19	1	T4SS_MOBP1,T4SS_MOBQ	none	0	0		Proteobacteria	Methylobacterium
NZ_CP043552_1495593..1513749	IME	18157	16	1	T4SS_MOBC	none	0	0		Proteobacteria	Francisella
NZ_CP043558_1156108..1176154	NA	20047	17	1	profile_MOBM,profile_MOBT	none	0	0		Proteobacteria	Vibrio
NZ_CP043562_3082106..3113758	NA	31653	33	1	T4SS_MOBQ	none	0	0		Proteobacteria	Klebsiella
NZ_CP043567_1199463..1240743	IME	41281	44	1	T4SS_MOBQ	none	0	0		Proteobacteria	Stenotrophomonas
NZ_CP043568_1941798..2051806	NA	110009	114	1	T4SS_MOBP1,profile_MOBT	MPF_T	1	0	Eex_IncN	Proteobacteria	Comamonas
NZ_CP043568_2666149..2864798	NA	198650	179	1	T4SS_MOBH,T4SS_MOBP1	none	0	1		Proteobacteria	Comamonas
NZ_CP043570_1817724..1962078	NA	144355	142	1	profile_MOBT	none	0	0		Proteobacteria	Stenotrophomonas
NZ_CP043570_2410634..2576394	ICE	165761	152	1	T4SS_MOBP1,profile_MOBT	MPF_T	1	0	Eex_IncN	Proteobacteria	Stenotrophomonas
NZ_CP043570_3368721..3484462	NA	115742	109	1	T4SS_MOBP1	none	0	0	Eex_IncN	Proteobacteria	Stenotrophomonas
NZ_CP043573_1670423..1741889	NA	71467	73	1	T4SS_MOBP1,profile_MOBT	MPF_T	1	0	Eex_IncN	Proteobacteria	Comamonas
NZ_CP043573_2816438..3171341	NA	354904	341	1	T4SS_MOBH	MPF_F	1	0		Proteobacteria	Comamonas
NZ_CP043576_5436833..5529982	ICE	93150	108	1	T4SS_MOBH	MPF_F	1	1		Proteobacteria	Pseudomonas_E
NZ_CP043579_2552469..2562813	NA	10345	9	1	T4SS_MOBH	none	0	0		Proteobacteria	Aeromonas
NZ_CP043579_2626060..2645846	NA	19787	20	1	T4SS_MOBP1	none	0	0		Proteobacteria	Aeromonas
NZ_CP043610_2484166..2534271	NA	50106	49	1	T4SS_MOBB,T4SS_MOBP1	none	0	1		Bacteroidota	Bacteroides
NZ_CP043610_4322995..4374014	IME	51020	39	1	T4SS_MOBP1	none	0	0		Bacteroidota	Bacteroides
NZ_CP043610_683264..690043	NA	6780	6	1	T4SS_MOBV	none	0	0		Bacteroidota	Bacteroides
NZ_CP043612_3785748..3859242	NA	73495	43	1	T4SS_MOBP1	none	0	0		Bacteroidota	Flavobacterium
NZ_CP043626_3541130..3664820	NA	123691	137	0	NA	none	0	1		Proteobacteria	Pseudomonas
NZ_CP043634_3105894..3310021	NA	204128	197	1	T4SS_MOBP1	none	0	0		Bacteroidota	Empedobacter
NZ_CP043661_4122477..4154117	NA	31641	27	0	NA	none	0	1		Actinobacteriota	Kribbella
NZ_CP043661_4786776..4803755	NA	16980	21	1	profile_MOBT	none	0	0		Actinobacteriota	Kribbella
NZ_CP043661_7059663..7070200	NA	10538	12	0	NA	none	0	0		Actinobacteriota	Kribbella
NZ_CP043662_490984..508929	IME	17946	20	1	T4SS_MOBP1	none	0	0		Proteobacteria	Salmonella
NZ_CP043727_2857733..2906456	IME	48724	37	1	T4SS_MOBC	none	0	0		Proteobacteria	Yersinia
NZ_CP043727_390130..469156	ICE	79027	83	1	T4SS_MOBH	MPF_F	1	1		Proteobacteria	Yersinia
NZ_CP043773_4233163..4319375	ICE	86213	95	1	T4SS_MOBH	MPF_F	1	0		Proteobacteria	Salmonella
NZ_CP043816_1639770..1674031	NA	34262	54	1	profile_MOBT	none	0	0		Proteobacteria	Neisseria
NZ_CP043843_206776..276703	NA	69928	71	1	profile_MOBT	MPF_FA	1	5	DUF4467	Firmicutes	Staphylococcus
NZ_CP043845_2073555..2146993	ICE	73439	74	1	T4SS_MOBP1,T4SS_MOBP2	none	0	1		Firmicutes	Staphylococcus
NZ_CP043847_2130196..2169704	ICE	39509	49	1	T4SS_MOBV	none	0	0		Firmicutes	Staphylococcus
NZ_CP043853_1458858..1503297	NA	44440	42	1	T4SS_MOBP1,profile_MOBT	none	0	0	Eex_IncN	Proteobacteria	Enterobacter
NZ_CP043902_2504548..2543471	IME	38924	26	1	T4SS_MOBH	none	0	0		Proteobacteria	Shewanella
NZ_CP043902_44807..94095	IME	49289	37	1	T4SS_MOBH	none	0	0		Proteobacteria	Shewanella
NZ_CP043930_947921..1417730	ICE	469810	314	0	NA	none	0	0		Planctomycetota	Gimesia
NZ_CP043956_4225546..4241497	NA	15952	17	1	T4SS_MOBP1	none	0	0		Actinobacteriota	Streptomyces
NZ_CP043956_4554323..4597539	NA	43217	47	0	NA	none	0	0		Actinobacteriota	Streptomyces
NZ_CP043956_4736770..4768763	NA	31994	32	1	T4SS_MOBP1	none	0	0		Actinobacteriota	Streptomyces
NZ_CP043957_4175641..4190210	NA	14570	18	1	T4SS_MOBP1	none	0	0		Actinobacteriota	Streptomyces
NZ_CP043957_4611421..4641630	NA	30210	31	1	T4SS_MOBP1	none	0	0		Actinobacteriota	Streptomyces
NZ_CP043957_5183755..5229622	NA	45868	54	1	T4SS_MOBP1	none	0	0		Actinobacteriota	Streptomyces
NZ_CP043957_5833275..5841215	NA	7941	8	0	NA	none	0	0		Actinobacteriota	Streptomyces
NZ_CP043958_4073643..4088206	NA	14564	18	1	T4SS_MOBP1	none	0	0		Actinobacteriota	Streptomyces
NZ_CP043958_4487685..4495738	NA	8054	7	1	T4SS_MOBP1	none	0	0		Actinobacteriota	Streptomyces
NZ_CP043958_4610371..4616452	NA	6082	10	0	NA	none	0	0		Actinobacteriota	Streptomyces
NZ_CP043958_6400264..6449040	NA	48777	55	1	T4SS_MOBP1	none	0	0		Actinobacteriota	Streptomyces
NZ_CP043959_159052..175747	NA	16696	22	0	NA	none	0	0		Actinobacteriota	Streptomyces
NZ_CP043959_336286..354651	NA	18366	20	0	NA	none	0	0		Actinobacteriota	Streptomyces
NZ_CP043963_2026674..2039833	NA	13160	10	1	T4SS_MOBQ,T4SS_MOBV	none	0	0		Proteobacteria	Agrobacterium
NZ_CP044006_2745988..2854004	ICE	108017	113	1	T4SS_MOBH	MPF_F	1	0		Proteobacteria	Pseudomonas
NZ_CP044006_4742387..4839256	ICE	96870	126	1	T4SS_MOBH	MPF_F	1	0		Proteobacteria	Pseudomonas
NZ_CP044006_5763016..5850523	NA	87508	87	1	T4SS_MOBP1	MPF_T	1	0	Eex_IncN	Proteobacteria	Pseudomonas
NZ_CP044016_308230..349769	NA	41540	42	1	T4SS_MOBP1	none	0	0		Bacteroidota	QFOI01
NZ_CP044016_3152893..3180818	IME	27926	19	1	T4SS_MOBP1	none	0	0		Bacteroidota	QFOI01
NZ_CP044016_4023923..4065127	NA	41205	40	1	T4SS_MOBP1	none	0	0		Bacteroidota	QFOI01
NZ_CP044016_581056..667113	NA	86058	80	1	T4SS_MOBP1	none	0	0		Bacteroidota	QFOI01
NZ_CP044028_2800419..2928444	ICE	128026	111	1	T4SS_MOBH,T4SS_MOBQ,profile_MOBF	MPF_F	1	0	EexR	Proteobacteria	Proteus
NZ_CP044031_1099330..1208491	NA	109162	125	1	T4SS_MOBQ	MPF_F	1	0		Proteobacteria	Orientia
NZ_CP044031_1596305..1767168	NA	170864	161	1	T4SS_MOBQ	MPF_T;MPF_F	2	0		Proteobacteria	Orientia
NZ_CP044031_441568..576256	NA	134689	152	1	T4SS_MOBQ,T4SS_MOBV	MPF_F	1	0		Proteobacteria	Orientia
NZ_CP044031_593837..691522	NA	97686	98	1	T4SS_MOBQ	MPF_F	1	0		Proteobacteria	Orientia
NZ_CP044047_2916697..3020864	ICE	104168	87	1	T4SS_MOBC	MPF_T	1	0	Eex_IncN	Proteobacteria	Klebsiella
NZ_CP044050_4916572..4966841	ICE	50270	52	1	T4SS_MOBH,profile_MOBT	MPF_F	1	0		Proteobacteria	Klebsiella
NZ_CP044083_784963..1165350	ICE	380388	382	1	profile_MOBT	none	0	1		Proteobacteria	Klebsiella
NZ_CP044090_1073361..1214550	ICE	141190	157	1	T4SS_MOBP1,T4SS_MOBV,profile_MOBT	MPF_FA	1	14		Firmicutes	Streptococcus
NZ_CP044090_1813934..1856716	NA	42783	41	1	T4SS_MOBC,profile_MOBT	none	0	0		Firmicutes	Streptococcus
NZ_CP044090_1971691..1979256	NA	7566	9	1	profile_MOBT	none	0	0		Firmicutes	Streptococcus
NZ_CP044098_1722171..1785685	ICE	63515	61	1	T4SS_MOBH,profile_MOBT	MPF_F	1	0		Proteobacteria	Citrobacter
NZ_CP044098_404981..453563	ICE	48583	43	1	T4SS_MOBC	MPF_T	1	0	Eex_IncN	Proteobacteria	Citrobacter
NZ_CP044101_799828..874999	ICE	75172	70	1	T4SS_MOBH,profile_MOBT	MPF_F	1	0		Proteobacteria	Citrobacter
NZ_CP044102_1204468..1363472	ICE	159005	157	1	T4SS_MOBH	none	0	0		Firmicutes	Streptococcus
NZ_CP044102_1842058..1942545	ICE	100488	90	1	T4SS_MOBP1,T4SS_MOBQ,profile_MOBM	MPF_FA	1	8		Firmicutes	Streptococcus
NZ_CP044102_714345..751336	IME	36992	32	1	T4SS_MOBP1	none	0	2		Firmicutes	Streptococcus
NZ_CP044114_219807..238793	IME	18987	14	1	profile_MOBF	none	0	0		Proteobacteria	Roseomonas
NZ_CP044117_3082372..3185264	ICE	102893	108	1	T4SS_MOBP1	MPF_T	1	0		Proteobacteria	Roseomonas
NZ_CP044122_3246154..3358847	NA	112694	92	1	T4SS_MOBP1,T4SS_MOBQ,profile_MOBT	MPF_T	1	1	Eex_IncN	Proteobacteria	Rhizobium
NZ_CP044133_494229..536772	ICE	42544	53	1	T4SS_MOBC,profile_MOBT	MPF_FA	1	7	DUF4467	Firmicutes	Bacillus
NZ_CP044136_967577..1036398	NA	68822	62	1	T4SS_MOBH	MPF_F	1	0		Proteobacteria	Proteus
NZ_CP044186_582618..676604	NA	93987	99	1	T4SS_MOBH	MPF_F	1	1		Proteobacteria	Salmonella
NZ_CP044188_2030760..2107561	NA	76802	96	1	T4SS_MOBH	MPF_F	1	0		Proteobacteria	Salmonella
NZ_CP044205_2086786..2110070	IME	23285	27	1	profile_MOBF	none	0	0		Proteobacteria	Methylospira
NZ_CP044205_2508767..2536043	NA	27277	22	1	profile_MOBF	none	0	0		Proteobacteria	Methylospira
NZ_CP044207_311295..602496	ICE	291202	258	1	T4SS_MOBP1,profile_MOBT	none	0	0		Proteobacteria	Vibrio
NZ_CP044221_1106037..1128102	NA	22066	30	1	profile_MOBT	MPF_FA	1	2		Firmicutes	Streptococcus
NZ_CP044222_2897357..2906312	IME	8956	7	1	T4SS_MOBP1,T4SS_MOBV	none	0	0		Proteobacteria	Nitrincola
NZ_CP044227_2288269..2316859	NA	28591	25	1	T4SS_MOBP1	none	0	0		Firmicutes_A	Lawsonibacter
NZ_CP044228_1825309..1915672	NA	90364	103	1	profile_MOBT	MPF_FA	1	7		Firmicutes	Lacticaseibacillus
NZ_CP044230_91402..132162	NA	40761	48	1	profile_MOBT	MPF_FA	1	4		Firmicutes	Streptococcus
NZ_CP044232_2523301..2543528	NA	20228	16	1	profile_MOBF	none	0	0		Actinobacteriota	Microbacterium
NZ_CP044258_748128..803069	NA	54942	63	1	T4SS_MOBH,profile_MOBT	MPF_F	1	0		Proteobacteria	Klebsiella
NZ_CP044264_1036961..1115380	ICE	78420	93	1	profile_MOBT	MPF_FA	1	8		Firmicutes	Enterococcus_B
NZ_CP044264_1458526..1508175	NA	49650	54	1	profile_MOBT	none	0	5		Firmicutes	Enterococcus_B
NZ_CP044264_682566..742101	ICE	59536	46	1	profile_MOBT	MPF_FA	1	6		Firmicutes	Enterococcus_B
NZ_CP044264_869037..934356	ICE	65320	57	1	profile_MOBT	MPF_FA	1	7		Firmicutes	Enterococcus_B
NZ_CP044274_1135300..1186471	NA	51172	52	1	profile_MOBT	none	0	5		Firmicutes	Enterococcus_B
NZ_CP044274_1555363..1580077	NA	24715	23	1	T4SS_MOBQ	none	0	0		Firmicutes	Enterococcus_B
NZ_CP044274_1787963..1839836	NA	51874	49	1	profile_MOBT	none	0	0		Firmicutes	Enterococcus_B
NZ_CP044274_2725302..2748700	ICE	23399	20	1	profile_MOBT	none	0	1		Firmicutes	Enterococcus_B
NZ_CP044274_939250..1061654	NA	122405	113	0	NA	none	0	0		Firmicutes	Enterococcus_B
NZ_CP044285_1081073..1117148	IME	36076	36	1	T4SS_MOBV	none	0	0		Bacteroidota	Hymenobacter
NZ_CP044310_3908021..3957103	NA	49083	44	1	profile_MOBM	none	0	0		Firmicutes	Paenibacillus
NZ_CP044312_155461..220002	NA	64542	73	1	T4SS_MOBH	MPF_F	1	0		Proteobacteria	Escherichia
NZ_CP044312_4033870..4068808	NA	34939	26	1	T4SS_MOBH	none	0	0		Proteobacteria	Escherichia
NZ_CP044313_3836323..3900789	NA	64467	74	1	T4SS_MOBH	MPF_F	1	0		Proteobacteria	Escherichia
NZ_CP044316_1656042..1682229	NA	26188	24	0	NA	none	0	0		Firmicutes	Enterococcus_B
NZ_CP044316_1861823..1903546	NA	41724	58	1	T4SS_MOBP2,profile_MOBT	none	0	0		Firmicutes	Enterococcus_B
NZ_CP044334_4036512..4118452	ICE	81941	87	1	T4SS_MOBH,T4SS_MOBQ,profile_MOBT	MPF_F	1	0		Proteobacteria	Xanthomonas
NZ_CP044334_4687929..4762787	NA	74859	71	1	T4SS_MOBC,T4SS_MOBQ	none	0	0		Proteobacteria	Xanthomonas
NZ_CP044334_5058088..5076902	NA	18815	14	1	T4SS_MOBQ	none	0	0		Proteobacteria	Xanthomonas
NZ_CP044403_3951026..4003510	NA	52485	57	1	T4SS_MOBP1	none	0	0		Proteobacteria	Escherichia
NZ_CP044407_2552046..2564414	NA	12369	11	1	T4SS_MOBP1	none	0	0		Actinobacteriota	Spirillospora
NZ_CP044407_8593236..8602311	NA	9076	10	1	T4SS_MOBP1	none	0	0		Actinobacteriota	Spirillospora
NZ_CP044411_2006476..2038977	NA	32502	37	1	T4SS_MOBV	none	0	0		Proteobacteria	Acidithiobacillus
NZ_CP044412_23325..26866	NA	3542	5	1	profile_MOBT	none	0	0		Firmicutes	Lactobacillus
NZ_CP044427_14897..45704	IME	30808	26	1	profile_MOBF,profile_MOBT	none	0	0		Actinobacteriota	Serinicoccus
NZ_CP044427_457471..475984	NA	18514	21	1	profile_MOBF	none	0	0		Actinobacteriota	Serinicoccus
NZ_CP044427_628694..639821	NA	11128	12	1	profile_MOBF	none	0	0		Actinobacteriota	Serinicoccus
NZ_CP044428_2145791..2228778	ICE	82988	81	1	T4SS_MOBP1	none	0	0		Bacteroidota	Bacteroides
NZ_CP044428_2275790..2289426	NA	13637	10	1	T4SS_MOBV	none	0	0		Bacteroidota	Bacteroides
NZ_CP044428_2359292..2401194	NA	41903	44	1	T4SS_MOBB,T4SS_MOBP1,T4SS_MOBV	none	0	0		Bacteroidota	Bacteroides
NZ_CP044428_3067457..3147352	ICE	79896	98	1	T4SS_MOBP1	none	0	0		Bacteroidota	Bacteroides
NZ_CP044428_3553239..3652219	ICE	98981	125	1	T4SS_MOBB,T4SS_MOBP1,profile_MOBT	none	0	1		Bacteroidota	Bacteroides
NZ_CP044434_1527559..1542272	NA	14714	20	0	NA	none	0	0		Firmicutes	Alicyclobacillus_I
NZ_CP044437_3301151..3498964	ICE	197814	180	1	T4SS_MOBH,profile_MOBT	MPF_F	1	0	EexR	Proteobacteria	Proteus
NZ_CP044496_1408430..1512849	ICE	104420	99	0	NA	none	0	1		Firmicutes	Lactobacillus
NZ_CP044496_223685..268498	NA	44814	51	0	NA	none	0	0		Firmicutes	Lactobacillus
NZ_CP044499_644388..686442	ICE	42055	44	1	profile_MOBT	MPF_FA	1	9		Firmicutes	Lapidilactobacillus
NZ_CP044507_133773..299292	ICE	165520	155	1	T4SS_MOBP1,profile_MOBF,profile_MOBM	MPF_T	1	1		Bacteroidota	Planobacterium
NZ_CP044548_137136..195448	NA	58313	68	0	NA	none	0	1		Actinobacteriota	Marihabitans
NZ_CP044975_1825582..1854859	IME	29278	24	1	T4SS_MOBP1,T4SS_MOBV	none	0	0		Proteobacteria	Hydrogenophaga
NZ_CP045002_5382594..5486087	ICE	103494	122	1	T4SS_MOBH	MPF_F	1	0		Proteobacteria	Pseudomonas
NZ_CP045008_1795803..2033646	NA	237844	220	1	T4SS_MOBC	none	0	0		Proteobacteria	Proteus
NZ_CP045008_3378003..3543461	ICE	165459	141	1	T4SS_MOBH	MPF_F	1	0	EexR	Proteobacteria	Proteus
NZ_CP045012_1570904..1635265	NA	64362	55	0	NA	none	0	0		Firmicutes	Enterococcus_B
NZ_CP045012_223465..294309	ICE	70845	71	1	T4SS_MOBV,profile_MOBT	MPF_FA	1	7		Firmicutes	Enterococcus_B
NZ_CP045033_29705..38703	NA	8999	12	1	profile_MOBT	none	0	0		Firmicutes	Lactobacillus
NZ_CP045056_3203951..3310651	NA	106701	108	1	T4SS_MOBH	MPF_F	1	0		Proteobacteria	Salmonella
NZ_CP045059_2097031..2120625	NA	23595	31	1	T4SS_MOBQ	none	0	0		Proteobacteria	Salmonella
NZ_CP045059_3204064..3310762	NA	106699	108	1	T4SS_MOBH	MPF_F	1	0		Proteobacteria	Salmonella
NZ_CP045073_273534..296983	IME	23450	27	1	T4SS_MOBV	none	0	0		Proteobacteria	Paracoccus
NZ_CP045073_761196..841504	ICE	80309	93	1	T4SS_MOBP1,profile_MOBT	none	0	0		Proteobacteria	Paracoccus
NZ_CP045085_1207226..1252506	ICE	45281	39	1	profile_MOBT	MPF_FA	1	7		Firmicutes	Staphylococcus
NZ_CP045086_1236097..1264397	ICE	28301	25	1	profile_MOBT	MPF_FA	1	7		Firmicutes	Staphylococcus
NZ_CP045096_3245740..3279198	NA	33459	34	1	T4SS_MOBP1	none	0	0		Actinobacteriota	Streptomyces
NZ_CP045096_3748031..3761149	NA	13119	17	0	NA	none	0	0		Actinobacteriota	Streptomyces
NZ_CP045096_4929714..4935342	NA	5629	8	0	NA	none	0	0		Actinobacteriota	Streptomyces
NZ_CP045096_5750655..5757769	NA	7115	7	1	T4SS_MOBP1	none	0	0		Actinobacteriota	Streptomyces
NZ_CP045096_5822320..5864781	IME	42462	37	1	T4SS_MOBP1	none	0	0		Actinobacteriota	Streptomyces
NZ_CP045096_6535270..6549659	NA	14390	14	0	NA	none	0	1		Actinobacteriota	Streptomyces
NZ_CP045118_5173064..5188896	NA	15833	20	0	NA	none	0	0		Proteobacteria	Pseudomonas
NZ_CP045118_5416099..5427923	NA	11825	17	0	NA	none	0	0		Proteobacteria	Pseudomonas
NZ_CP045143_1347222..1372897	NA	25676	26	1	T4SS_MOBH	none	0	0		Firmicutes	Schleiferilactobacillus
NZ_CP045178_4212971..4238409	NA	25439	28	1	profile_MOBF	none	0	0		Actinobacteriota	Streptomyces
NZ_CP045178_4469359..4492833	NA	23475	20	1	T4SS_MOBP1	none	0	0		Actinobacteriota	Streptomyces
NZ_CP045200_2402465..2408672	NA	6208	4	1	T4SS_MOBQ,profile_MOBM	none	0	0		Proteobacteria	Alteriqipengyuania
NZ_CP045201_2091776..2125352	NA	33577	35	1	T4SS_MOBV	none	0	0		Proteobacteria	Pseudooceanicola
NZ_CP045201_4106914..4138154	NA	31241	32	1	T4SS_MOBV	none	0	0		Proteobacteria	Pseudooceanicola
NZ_CP045201_814642..844157	NA	29516	34	1	T4SS_MOBV	none	0	0		Proteobacteria	Pseudooceanicola
NZ_CP045202_2307852..2352866	NA	45015	36	1	profile_MOBF	none	0	0		Proteobacteria	Azonexus
NZ_CP045202_948808..953220	NA	4413	6	0	NA	none	0	0		Proteobacteria	Azonexus
NZ_CP045205_2551037..2597241	ICE	46205	38	1	T4SS_MOBC	MPF_T	1	0	Eex_IncN	Proteobacteria	Citrobacter_A
NZ_CP045205_2599634..2636840	NA	37207	36	1	T4SS_MOBC	MPF_T	1	0	Eex_IncN	Proteobacteria	Citrobacter_A
NZ_CP045206_2758184..2783827	NA	25644	30	1	T4SS_MOBQ	none	0	0		Proteobacteria	Escherichia
NZ_CP045222_1863334..1945284	NA	81951	93	1	profile_MOBF	MPF_T	1	0		Proteobacteria	Achromobacter
NZ_CP045222_5771436..5859426	NA	87991	91	1	profile_MOBF	MPF_T	1	0		Proteobacteria	Achromobacter
NZ_CP045224_1865497..2258418	ICE	392922	372	1	T4SS_MOBP1,T4SS_MOBQ,T4SS_MOBV,profile_MOBT	MPF_FA	1	11		Firmicutes_A	Clostridioides
NZ_CP045229_87808..119570	NA	31763	28	1	T4SS_MOBP1,T4SS_MOBV,profile_MOBM	none	0	0		Cyanobacteria	Nostoc
NZ_CP045230_15083..36069	NA	20987	24	1	T4SS_MOBV	none	0	0		Cyanobacteria	Nostoc
NZ_CP045232_14772..29372	NA	14601	16	0	NA	none	0	0		Cyanobacteria	Nostoc
NZ_CP045257_3264743..3440274	ICE	175532	163	1	T4SS_MOBH,profile_MOBT	MPF_F	1	0	EexR	Proteobacteria	Proteus
NZ_CP045257_3476171..3478849	NA	2679	2	1	T4SS_MOBH	none	0	0		Proteobacteria	Proteus
NZ_CP045263_5051895..5201973	ICE	150079	155	1	T4SS_MOBH	none	0	0		Proteobacteria	Klebsiella
NZ_CP045291_3245935..3268725	NA	22791	24	0	NA	none	0	0		Proteobacteria	Comamonas
NZ_CP045292_337922..362565	NA	24644	30	1	T4SS_MOBP1	none	0	0		Bacteroidota	Flavobacterium
NZ_CP045300_4632743..4658471	IME	25729	23	1	T4SS_MOBP1	none	0	0		Proteobacteria	Kosakonia
NZ_CP045300_585476..627467	NA	41992	41	0	NA	none	0	0		Proteobacteria	Kosakonia
NZ_CP045306_2379122..2435444	ICE	56323	56	1	T4SS_MOBP1,profile_MOBT	MPF_T	1	0		Proteobacteria	Legionella
NZ_CP045308_3271671..3340221	ICE	68551	69	1	T4SS_MOBP1	MPF_T	1	0		Proteobacteria	Legionella
NZ_CP045309_5357848..5376256	AICE	18409	25	0	NA	none	0	0		Actinobacteriota	Micromonospora
NZ_CP045309_5956209..5978873	AICE	22665	26	0	NA	none	0	0		Actinobacteriota	Micromonospora
NZ_CP045318_1743201..1801245	NA	58045	59	1	T4SS_MOBP1,profile_MOBT	MPF_T	1	0		Proteobacteria	Roseivivax
NZ_CP045324_884918..887151	NA	2234	2	0	NA	none	0	0		Proteobacteria	Marinobacter
NZ_CP045325_2978545..3018189	NA	39645	44	1	profile_MOBF	none	0	0		Actinobacteriota	Mycobacterium
NZ_CP045325_385825..436404	NA	50580	52	0	NA	none	0	0		Actinobacteriota	Mycobacterium
NZ_CP045328_909326..921545	IME	12220	15	1	T4SS_MOBP1	none	0	0		Proteobacteria	Roseibium
NZ_CP045360_1775689..1834044	ICE	58356	62	1	T4SS_MOBP1,profile_MOBT	MPF_T	1	0		Proteobacteria	Roseivivax
NZ_CP045367_419485..486319	ICE	66835	63	0	NA	none	0	0		Proteobacteria	Marinobacter
NZ_CP045372_2032649..2051909	NA	19261	20	1	T4SS_MOBP1	none	0	0		Proteobacteria	Sulfitobacter
NZ_CP045380_3808858..3827241	NA	18384	16	1	T4SS_MOBQ,profile_MOBF	none	0	0		Proteobacteria	Roseibium
NZ_CP045380_882511..891639	NA	9129	8	1	T4SS_MOBP1	none	0	0		Proteobacteria	Roseibium
NZ_CP045389_1742995..1927562	NA	184568	195	1	T4SS_MOBP1,profile_MOBT	MPF_T	1	0		Proteobacteria	Roseivivax
NZ_CP045389_308168..312792	NA	4625	5	1	T4SS_MOBV	none	0	0		Proteobacteria	Roseivivax
NZ_CP045392_1568117..1572512	NA	4396	4	1	T4SS_MOBQ	none	0	0		Proteobacteria	Erythrobacter
NZ_CP045392_1638290..1757648	ICE	119359	108	1	profile_MOBF,profile_MOBT	MPF_F	1	0		Proteobacteria	Erythrobacter
NZ_CP045393_664332..671252	NA	6921	11	0	NA	none	0	0		Proteobacteria	Roseovarius
NZ_CP045399_3660916..3677904	NA	16989	17	1	T4SS_MOBV	none	0	0		Proteobacteria	Halomonas
NZ_CP045404_3935220..4014571	NA	79352	74	1	T4SS_MOBP1	MPF_T	1	0		Proteobacteria	Roseovarius
NZ_CP045404_863767..881286	IME	17520	23	1	T4SS_MOBQ	none	0	0		Proteobacteria	Roseovarius
NZ_CP045410_1983872..1997945	NA	14074	17	0	NA	none	0	0		Proteobacteria	Roseovarius
NZ_CP045410_3653749..3660553	NA	6805	6	1	T4SS_MOBP1,T4SS_MOBQ	none	0	0		Proteobacteria	Roseovarius
NZ_CP045416_485044..712387	ICE	227344	222	1	T4SS_MOBP1,profile_MOBT	none	0	0		Proteobacteria	Pseudomonas_A
NZ_CP045420_114437..138765	IME	24329	23	1	T4SS_MOBV	none	0	0		Proteobacteria	Palleronia
NZ_CP045422_1180979..1258184	IME	77206	64	1	profile_MOBF	none	0	0		Proteobacteria	Devosia
NZ_CP045434_2479414..2564147	ICE	84734	88	1	T4SS_MOBP1,profile_MOBM,profile_MOBT	MPF_T	1	0		Proteobacteria	Sphingomicrobium
NZ_CP045435_27532..75160	IME	47629	48	1	T4SS_MOBV	none	0	0		Firmicutes	Staphylococcus
NZ_CP045444_1073352..1152023	IME	78672	56	1	T4SS_MOBP1	none	0	0		Proteobacteria	Salmonella
NZ_CP045447_1073358..1152029	IME	78672	56	1	T4SS_MOBP1	none	0	0		Proteobacteria	Salmonella
NZ_CP045456_2360471..2417779	ICE	57309	50	1	T4SS_MOBP1,T4SS_MOBQ	none	0	0		Proteobacteria	Brevundimonas
NZ_CP045464_331667..354809	IME	23143	27	1	T4SS_MOBQ	none	0	0		Proteobacteria	Salmonella
NZ_CP045466_1399023..1425183	NA	26161	28	1	T4SS_MOBP1	none	0	0		Proteobacteria	Salmonella
NZ_CP045466_288891..312034	IME	23144	27	1	T4SS_MOBQ	none	0	0		Proteobacteria	Salmonella
NZ_CP045480_489487..501372	NA	11886	16	0	NA	none	0	0		Actinobacteriota	Amycolatopsis
NZ_CP045480_6020271..6052784	NA	32514	33	1	profile_MOBF	none	0	0		Actinobacteriota	Amycolatopsis
NZ_CP045480_8191013..8200726	NA	9714	11	0	NA	none	0	0		Actinobacteriota	Amycolatopsis
NZ_CP045480_9604398..9621207	NA	16810	21	0	NA	none	0	0		Actinobacteriota	Amycolatopsis
NZ_CP045480_9798505..9809956	NA	11452	13	0	NA	none	0	0		Actinobacteriota	Amycolatopsis
NZ_CP045485_521234..534743	IME	13510	10	1	T4SS_MOBQ	none	0	0		Proteobacteria	Enterobacter
NZ_CP045492_3531708..3539694	NA	7987	10	0	NA	none	0	0		Proteobacteria	Phyllobacterium
NZ_CP045496_4421133..4488111	NA	66979	81	1	T4SS_MOBQ	none	0	0		Proteobacteria	Mesorhizobium
NZ_CP045496_4511576..4560723	NA	49148	43	1	T4SS_MOBQ	none	0	0		Proteobacteria	Mesorhizobium
NZ_CP045496_4745058..4760925	NA	15868	18	1	T4SS_MOBQ	none	0	0		Proteobacteria	Mesorhizobium
NZ_CP045496_6500603..6520078	NA	19476	16	1	T4SS_MOBQ	none	0	0		Proteobacteria	Mesorhizobium
NZ_CP045509_1398919..1425021	NA	26103	31	1	T4SS_MOBP1	none	0	0		Proteobacteria	Salmonella
NZ_CP045513_1594987..1597689	NA	2703	2	1	T4SS_MOBH	none	0	0		Proteobacteria	Salmonella
NZ_CP045513_331711..354832	IME	23122	27	1	T4SS_MOBQ	none	0	0		Proteobacteria	Salmonella
NZ_CP045547_2859704..2875978	NA	16275	19	0	NA	none	0	0		Actinobacteriota	Streptomyces
NZ_CP045547_35356..64406	NA	29051	36	1	profile_MOBF	none	0	0		Actinobacteriota	Streptomyces
NZ_CP045547_4817385..4829426	NA	12042	17	0	NA	none	0	0		Actinobacteriota	Streptomyces
NZ_CP045547_6585124..6591050	NA	5927	9	0	NA	none	0	0		Actinobacteriota	Streptomyces
NZ_CP045551_1446118..1536149	ICE	90032	108	1	T4SS_MOBH	MPF_F	1	0		Proteobacteria	Pseudomonas_E
NZ_CP045552_5543429..5633126	ICE	89698	104	1	T4SS_MOBH	MPF_F	1	0		Proteobacteria	Pseudomonas
NZ_CP045553_2503004..3096249	ICE	593246	579	1	T4SS_MOBH,profile_MOBT	MPF_F	1	1		Proteobacteria	Pseudomonas_E
NZ_CP045554_3880915..3970991	ICE	90077	107	1	T4SS_MOBH	MPF_F	1	0		Proteobacteria	Pseudomonas_E
NZ_CP045571_1986892..2024102	NA	37211	46	1	T4SS_MOBP1	none	0	0		Proteobacteria	Acidithiobacillus
NZ_CP045571_3229168..3262273	NA	33106	38	1	T4SS_MOBQ	none	0	0		Proteobacteria	Acidithiobacillus
NZ_CP045572_11020487..11037762	NA	17276	33	0	NA	none	0	0		Actinobacteriota	Nonomuraea
NZ_CP045572_3600410..3620435	NA	20026	29	0	NA	none	0	0		Actinobacteriota	Nonomuraea
NZ_CP045572_374103..391488	NA	17386	22	0	NA	none	0	0		Actinobacteriota	Nonomuraea
NZ_CP045572_743906..757096	NA	13191	14	0	NA	none	0	0		Actinobacteriota	Nonomuraea
NZ_CP045572_8110039..8149715	NA	39677	30	0	NA	none	0	0		Actinobacteriota	Nonomuraea
NZ_CP045572_837539..842899	NA	5361	7	0	NA	none	0	0		Actinobacteriota	Nonomuraea
NZ_CP045611_2105269..2156413	IME	51145	53	1	T4SS_MOBP1	none	0	1		Proteobacteria	Enterobacter
NZ_CP045612_119478..158606	NA	39129	36	1	T4SS_MOBV	none	0	0		Bacteroidota	Bacteroides
NZ_CP045612_1387..75549	NA	74163	86	1	T4SS_MOBP1	none	0	1		Bacteroidota	Bacteroides
NZ_CP045612_3098609..3176524	IME	77916	57	1	T4SS_MOBP1,profile_MOBT	none	0	0		Bacteroidota	Bacteroides
NZ_CP045612_4517018..4550493	NA	33476	25	1	T4SS_MOBP1	none	0	0		Bacteroidota	Bacteroides
NZ_CP045612_5738167..5812871	NA	74705	73	1	T4SS_MOBP1	none	0	1		Bacteroidota	Bacteroides
NZ_CP045612_6116357..6167104	NA	50748	53	1	T4SS_MOBP1,T4SS_MOBV	none	0	0		Bacteroidota	Bacteroides
NZ_CP045612_786006..821384	ICE	35379	35	1	T4SS_MOBP1	none	0	0		Bacteroidota	Bacteroides
NZ_CP045612_887794..1031957	ICE	144164	150	1	T4SS_MOBP1	none	0	0		Bacteroidota	Bacteroides
NZ_CP045643_3298527..3353000	AICE	54474	57	0	NA	none	0	0		Actinobacteriota	Streptomyces
NZ_CP045643_6382166..6407337	NA	25172	33	0	NA	none	0	0		Actinobacteriota	Streptomyces
NZ_CP045644_3993727..4360602	NA	366876	333	1	T4SS_MOBP1,profile_MOBT	MPF_T	1	0	Eex_IncN	Proteobacteria	Variovorax
NZ_CP045644_4596887..4732254	NA	135368	131	0	NA	MPF_T	1	0	Eex_IncN	Proteobacteria	Variovorax
NZ_CP045648_1205315..1246390	NA	41076	41	1	T4SS_MOBP1,T4SS_MOBP2	none	0	1		Firmicutes	Staphylococcus
NZ_CP045648_237824..287975	IME	50152	58	1	T4SS_MOBV	none	0	0		Firmicutes	Staphylococcus
NZ_CP045649_13326..20618	NA	7293	7	1	profile_MOBF	none	0	0		Actinobacteriota	Nocardioides
NZ_CP045649_2354340..2379210	IME	24871	18	1	profile_MOBF	none	0	0		Actinobacteriota	Nocardioides
NZ_CP045649_2380463..2394246	NA	13784	17	1	profile_MOBF	none	0	0		Actinobacteriota	Nocardioides
NZ_CP045649_2570164..2609345	NA	39182	44	0	NA	none	0	0		Actinobacteriota	Nocardioides
NZ_CP045651_766615..777834	NA	11220	12	1	T4SS_MOBP1	none	0	0		Bacteroidota	Alistipes_A
NZ_CP045694_750000..859477	ICE	109478	103	1	T4SS_MOBH,profile_MOBT	MPF_F	1	0		Proteobacteria	Klebsiella
NZ_CP045695_2755337..2878135	ICE	122799	127	1	T4SS_MOBP1,profile_MOBM,profile_MOBT	MPF_FA	1	8		Firmicutes_A	Clostridium_AP
NZ_CP045695_3431970..3574082	NA	142113	152	1	T4SS_MOBQ,profile_MOBM	MPF_FA	1	6		Firmicutes_A	Clostridium_AP
NZ_CP045695_531187..656469	ICE	125283	122	1	T4SS_MOBP1,profile_MOBT	MPF_FA	1	6		Firmicutes_A	Clostridium_AP
NZ_CP045696_1092884..1148606	IME	55723	36	1	T4SS_MOBP1	none	0	0		Bacteroidota	Sodaliphilus
NZ_CP045702_1692202..1738439	NA	46238	53	1	T4SS_MOBP1	none	0	1		Actinobacteriota	Streptomyces
NZ_CP045702_3674454..3683907	NA	9454	13	0	NA	none	0	0		Actinobacteriota	Streptomyces
NZ_CP045702_4127812..4165141	IME	37330	30	1	T4SS_MOBP1	none	0	0		Actinobacteriota	Streptomyces
NZ_CP045702_4225294..4267775	NA	42482	40	1	T4SS_MOBP1	none	0	0		Actinobacteriota	Streptomyces
NZ_CP045704_3533476..3548194	NA	14719	18	0	NA	none	0	0		Actinobacteriota	Streptomyces
NZ_CP045704_4105918..4121932	NA	16015	23	0	NA	none	0	0		Actinobacteriota	Streptomyces
NZ_CP045718_557367..582374	IME	25008	28	1	profile_MOBT	none	0	0		Proteobacteria	Vibrio
NZ_CP045720_1214510..1227651	NA	13142	17	1	T4SS_MOBP1	none	0	0		Proteobacteria	Pantoea
NZ_CP045724_284529..318198	ICE	33670	41	1	T4SS_MOBH	MPF_F	1	0		Proteobacteria	Pasteurella
NZ_CP045732_604004..684833	NA	80830	65	1	T4SS_MOBQ,profile_MOBF	none	0	0		Proteobacteria	Legionella_C
NZ_CP045739_5788614..5873476	ICE	84863	103	1	T4SS_MOBH	MPF_F	1	0		Proteobacteria	Pseudomonas
NZ_CP045739_6028588..6044149	IME	15562	15	1	T4SS_MOBQ,T4SS_MOBV	none	0	0		Proteobacteria	Pseudomonas
NZ_CP045739_959653..971856	NA	12204	23	0	NA	none	0	0		Proteobacteria	Pseudomonas
NZ_CP045740_3896697..3904419	NA	7723	8	1	T4SS_MOBP1	none	0	0		Actinobacteriota	Streptomyces
NZ_CP045740_3991353..4019685	NA	28333	26	1	T4SS_MOBP1	none	0	0		Actinobacteriota	Streptomyces
NZ_CP045740_4371981..4397843	NA	25863	27	1	T4SS_MOBP1,profile_MOBT	none	0	0		Actinobacteriota	Streptomyces
NZ_CP045743_328012..417107	ICE	89096	90	1	profile_MOBT	MPF_FA	1	7		Firmicutes	Listeria
NZ_CP045761_451735..477008	NA	25274	22	1	T4SS_MOBP1	none	0	0		Proteobacteria	Salmonella
NZ_CP045767_1941442..2355629	ICE	414188	362	1	T4SS_MOBC,T4SS_MOBH,profile_MOBT	MPF_F	1	0		Proteobacteria	Pseudomonas_E
NZ_CP045777_4315511..4319993	NA	4483	4	0	NA	none	0	0		Firmicutes	Bacillus_A
NZ_CP045783_3569289..3631344	ICE	62056	64	1	T4SS_MOBH,profile_MOBT	MPF_F	1	0		Proteobacteria	Klebsiella
NZ_CP045797_923416..971778	NA	48363	45	1	T4SS_MOBV	none	0	0		Firmicutes	Mycoplasmopsis
NZ_CP045798_1291177..1312458	NA	21282	20	1	T4SS_MOBQ	none	0	0		Firmicutes_B	Thermanaerosceptrum
NZ_CP045798_2688595..2698888	NA	10294	14	1	T4SS_MOBQ	none	0	0		Firmicutes_B	Thermanaerosceptrum
NZ_CP045802_2279828..2329816	NA	49989	51	1	T4SS_MOBP1,profile_MOBT	MPF_FA	1	5		Firmicutes	Paenibacillus_O
NZ_CP045802_2955872..2978823	NA	22952	21	0	NA	none	0	0		Firmicutes	Paenibacillus_O
NZ_CP045804_1251254..1295530	NA	44277	51	0	NA	none	0	0		Actinobacteriota	Gordonia
NZ_CP045831_4062226..4079244	IME	17019	17	1	T4SS_MOBP1	none	0	0		Proteobacteria	Salmonella
NZ_CP045832_1530808..1560409	NA	29602	45	0	NA	none	0	0		Proteobacteria	Neisseria
NZ_CP045840_4270278..4335596	ICE	65319	63	1	T4SS_MOBH,profile_MOBT	MPF_F	1	0		Proteobacteria	Citrobacter
NZ_CP045847_4899435..4915038	NA	15604	20	0	NA	none	0	0		Actinobacteriota	Streptomyces
NZ_CP045851_3534091..3544527	NA	10437	13	1	profile_MOBF	none	0	0		Actinobacteriota	Actinomarinicola
NZ_CP045857_989886..1068897	NA	79012	73	1	T4SS_MOBP1	MPF_T	1	0		Proteobacteria	Shewanella
NZ_CP045858_1796504..1862550	ICE	66047	67	1	T4SS_MOBH	MPF_F	1	0		Proteobacteria	Pseudomonas_A
NZ_CP045868_1947135..1973480	NA	26346	26	1	T4SS_MOBP1	none	0	0		Proteobacteria	Klebsiella
NZ_CP045870_4293842..4400588	ICE	106747	61	1	T4SS_MOBC	MPF_T	1	0	Eex_IncN	Proteobacteria	Klebsiella
NZ_CP045912_1158339..1192507	IME	34169	38	1	T4SS_MOBQ	none	0	0		Proteobacteria	Xanthomonas
NZ_CP045913_3114238..3149924	NA	35687	32	1	T4SS_MOBH	none	0	0		Proteobacteria	Serratia
NZ_CP045916_2172010..2356863	ICE	184854	167	1	T4SS_MOBP1,profile_MOBT	MPF_T	1	0	Eex_IncN	Proteobacteria	Pseudomonas
NZ_CP045916_2693412..2801215	NA	107804	111	1	T4SS_MOBH,profile_MOBT	MPF_F	1	0		Proteobacteria	Pseudomonas
NZ_CP045919_958796..964075	NA	5280	5	1	T4SS_MOBC	none	0	0		Proteobacteria	Paradevosia
NZ_CP045920_3286218..3318217	NA	32000	35	1	T4SS_MOBP1,profile_MOBF	none	0	0		Actinobacteriota	HY158
NZ_CP045929_1044926..1059796	NA	14871	19	0	NA	none	0	0		Actinobacteriota	Allosaccharopolyspora
NZ_CP045929_1264663..1270375	NA	5713	7	0	NA	none	0	0		Actinobacteriota	Allosaccharopolyspora
NZ_CP045929_3909067..3919977	NA	10911	17	0	NA	none	0	0		Actinobacteriota	Allosaccharopolyspora
NZ_CP045929_402056..416779	NA	14724	21	0	NA	none	0	0		Actinobacteriota	Allosaccharopolyspora
NZ_CP045929_4417898..4448903	NA	31006	25	0	NA	none	0	0		Actinobacteriota	Allosaccharopolyspora
NZ_CP045931_932282..1000932	NA	68651	71	1	T4SS_MOBP1,T4SS_MOBQ	none	0	1		Firmicutes	Streptococcus
NZ_CP045955_1853830..1875230	NA	21401	27	1	T4SS_MOBQ	none	0	0		Proteobacteria	Salmonella
NZ_CP045963_899630..921882	NA	22253	19	1	profile_MOBF	none	0	0		Actinobacteriota	Mycobacterium
NZ_CP045974_2331594..2368488	ICE	36895	36	1	T4SS_MOBP1	none	0	0		Proteobacteria	Legionella
NZ_CP046019_2416868..2438065	IME	21198	25	1	T4SS_MOBQ	none	0	0		Proteobacteria	Xanthomonas
NZ_CP046019_3741740..3824436	ICE	82697	85	1	T4SS_MOBH,profile_MOBT	MPF_F	1	0		Proteobacteria	Xanthomonas
NZ_CP046019_5043619..5062311	NA	18693	20	1	T4SS_MOBQ	none	0	0		Proteobacteria	Xanthomonas
NZ_CP046035_4645495..4648805	NA	3311	2	1	T4SS_MOBH	none	0	0		Proteobacteria	Pseudomonas_E
NZ_CP046040_1872498..1925653	NA	53156	45	1	T4SS_MOBP1	MPF_FA	1	9		Firmicutes	Streptococcus
NZ_CP046041_687226..768000	ICE	80775	74	1	T4SS_MOBP1,T4SS_MOBQ	MPF_FA	1	9		Firmicutes	Streptococcus
NZ_CP046042_1113467..1142386	IME	28920	29	1	T4SS_MOBP1,profile_MOBM	none	0	0		Firmicutes	Streptococcus
NZ_CP046042_738754..796225	ICE	57472	65	1	T4SS_MOBC,T4SS_MOBQ,profile_MOBT	none	0	1		Firmicutes	Streptococcus
NZ_CP046048_3484028..3681834	ICE	197807	180	1	T4SS_MOBH,profile_MOBT	MPF_F	1	0	EexR	Proteobacteria	Proteus
NZ_CP046049_1052511..1305099	ICE	252589	259	1	T4SS_MOBH,profile_MOBT	MPF_F	1	0	EexR	Proteobacteria	Proteus
NZ_CP046052_2223357..2382560	NA	159204	160	1	T4SS_MOBP1,profile_MOBT	none	0	0		Proteobacteria	Methylocystis
NZ_CP046061_2503602..2614452	ICE	110851	116	1	T4SS_MOBH,profile_MOBT	MPF_F	1	0		Proteobacteria	Pseudomonas
NZ_CP046061_2921696..3077914	ICE	156219	162	1	T4SS_MOBH,T4SS_MOBP1,profile_MOBT	MPF_F	1	0		Proteobacteria	Pseudomonas
NZ_CP046061_5481451..5591490	ICE	110040	113	1	T4SS_MOBH	MPF_F	1	0		Proteobacteria	Pseudomonas
NZ_CP046061_5987958..6087409	ICE	99452	131	1	T4SS_MOBH	MPF_F	1	0		Proteobacteria	Pseudomonas
NZ_CP046062_1113999..1144581	NA	30583	33	1	profile_MOBT	none	0	1		Firmicutes	Leuconostoc
NZ_CP046062_1488907..1665153	NA	176247	186	1	T4SS_MOBP2,profile_MOBT	MPF_FA	1	2		Firmicutes	Leuconostoc
NZ_CP046069_5366781..5465070	ICE	98290	122	1	T4SS_MOBH	MPF_F	1	0		Proteobacteria	Pseudomonas
NZ_CP046072_2540293..2564536	NA	24244	24	0	NA	none	0	0		Campylobacterota	Sulfurimonas
NZ_CP046077_1675402..1700335	NA	24934	21	0	NA	none	0	0		Firmicutes	Enterococcus_B
NZ_CP046077_2851228..2957789	ICE	106562	100	1	T4SS_MOBP1,T4SS_MOBQ,profile_MOBT	MPF_FA	1	7		Firmicutes	Enterococcus_B
NZ_CP046080_1681094..2012249	ICE	331156	281	1	T4SS_MOBP1	none	0	1		Bacteroidota	Elizabethkingia
NZ_CP046105_2368511..2417430	ICE	48920	43	1	profile_MOBF	none	0	1		Actinobacteriota	Specibacter
NZ_CP046108_2871034..2899843	ICE	28810	24	1	profile_MOBT	MPF_FA	1	7		Firmicutes	Enterococcus
NZ_CP046108_470242..613165	ICE	142924	141	1	T4SS_MOBC,profile_MOBT	MPF_FA	1	4		Firmicutes	Enterococcus
NZ_CP046111_369564..413214	NA	43651	28	1	profile_MOBT	none	0	1		Firmicutes	Enterococcus
NZ_CP046112_1381388..1463797	ICE	82410	86	1	profile_MOBT	MPF_FA	1	7		Firmicutes	Enterococcus
NZ_CP046112_2202112..2307138	ICE	105027	97	1	profile_MOBT	MPF_FA	1	7		Firmicutes	Enterococcus
NZ_CP046116_1780230..1804378	IME	24149	29	1	T4SS_MOBQ	none	0	0		Proteobacteria	Enterobacter
NZ_CP046122_3243308..3263844	AICE	20537	27	1	profile_MOBT	none	0	0		Actinobacteriota	Microlunatus_A
NZ_CP046122_4367271..4372812	NA	5542	6	0	NA	none	0	0		Actinobacteriota	Microlunatus_A
NZ_CP046123_1579316..1700343	NA	121028	124	0	NA	none	0	0		Firmicutes	Enterococcus_D
NZ_CP046123_3021084..3083054	ICE	61971	60	1	profile_MOBT	MPF_FA	1	8		Firmicutes	Enterococcus_D
NZ_CP046123_895661..1083734	NA	188074	203	1	T4SS_MOBP1,T4SS_MOBQ,T4SS_MOBV,profile_MOBT	MPF_FA	1	8		Firmicutes	Enterococcus_D
NZ_CP046166_2707958..2848196	ICE	140239	135	1	T4SS_MOBP1,T4SS_MOBQ,profile_MOBT	MPF_FA	1	13		Firmicutes	Enterococcus_B
NZ_CP046171_13013..23862	NA	10850	15	0	NA	none	0	0		Actinobacteriota	Nocardia
NZ_CP046171_757267..767946	NA	10680	17	0	NA	none	0	0		Actinobacteriota	Nocardia
NZ_CP046172_1561740..1573458	NA	11719	15	0	NA	none	0	0		Actinobacteriota	Nocardia
NZ_CP046172_1671518..1683745	NA	12228	18	0	NA	none	0	0		Actinobacteriota	Nocardia
NZ_CP046172_2244907..2274239	NA	29333	26	1	profile_MOBF	none	0	0		Actinobacteriota	Nocardia
NZ_CP046172_6738837..6775024	NA	36188	32	1	profile_MOBF	none	0	0		Actinobacteriota	Nocardia
NZ_CP046173_2623799..2654054	IME	30256	28	1	profile_MOBF	none	0	0		Actinobacteriota	Nocardia
NZ_CP046173_3031445..3043799	NA	12355	21	0	NA	none	0	0		Actinobacteriota	Nocardia
NZ_CP046173_9055419..9058396	NA	2978	2	1	T4SS_MOBP1	none	0	0		Actinobacteriota	Nocardia
NZ_CP046175_3411945..3455837	NA	43893	47	0	NA	none	0	0		Actinobacteriota	Occultella
NZ_CP046176_1241075..1529149	ICE	288075	281	1	T4SS_MOBP1,T4SS_MOBV	MPF_FA	1	2		Bacteroidota	Phocaeicola
NZ_CP046176_133624..165287	NA	31664	25	1	T4SS_MOBP1	none	0	0		Bacteroidota	Phocaeicola
NZ_CP046176_1679558..1719723	IME	40166	37	1	T4SS_MOBP1	none	0	0		Bacteroidota	Phocaeicola
NZ_CP046176_3033397..3261267	ICE	227871	215	1	T4SS_MOBP1,T4SS_MOBV,profile_MOBT	none	0	1		Bacteroidota	Phocaeicola
NZ_CP046176_341800..353938	NA	12139	13	1	T4SS_MOBP1,T4SS_MOBQ	none	0	0		Bacteroidota	Phocaeicola
NZ_CP046176_5093429..5183382	ICE	89954	94	1	T4SS_MOBB,T4SS_MOBP1	none	0	1		Bacteroidota	Phocaeicola
NZ_CP046176_5355920..5434630	IME	78711	81	1	T4SS_MOBP1,T4SS_MOBV	none	0	0		Bacteroidota	Phocaeicola
NZ_CP046246_164543..190250	NA	25708	22	0	NA	none	0	0		Firmicutes	Tetragenococcus
NZ_CP046252_192078..298383	ICE	106306	109	1	T4SS_MOBP1,profile_MOBT	MPF_T	1	0		Proteobacteria	Sphingobium
NZ_CP046266_2874573..2926996	NA	52424	49	0	NA	none	0	0		Firmicutes	Metabacillus
NZ_CP046278_1297404..1340186	IME	42783	44	1	T4SS_MOBQ	none	0	0		Proteobacteria	Salmonella
NZ_CP046278_3811376..3937542	NA	126167	122	1	T4SS_MOBH	MPF_F	1	0		Proteobacteria	Salmonella
NZ_CP046278_62311..189737	NA	127427	124	1	T4SS_MOBH	MPF_F	1	0		Proteobacteria	Salmonella
NZ_CP046280_2056919..2078219	IME	21301	22	1	T4SS_MOBQ	none	0	0		Proteobacteria	Salmonella
NZ_CP046280_2764014..2825135	IME	61122	40	1	T4SS_MOBP1	none	0	0		Proteobacteria	Salmonella
NZ_CP046294_1388452..1473035	NA	84584	89	1	T4SS_MOBH	MPF_F	1	1		Proteobacteria	Yersinia
NZ_CP046294_3968453..3994762	NA	26310	31	1	T4SS_MOBP1	none	0	0		Proteobacteria	Yersinia
NZ_CP046294_4834047..4845988	IME	11942	9	1	T4SS_MOBQ	none	0	0		Proteobacteria	Yersinia
NZ_CP046314_1445668..1499662	ICE	53995	49	1	profile_MOBT	MPF_FA	1	7		Firmicutes	Gemella
NZ_CP046314_237100..362973	NA	125874	135	1	T4SS_MOBP1,T4SS_MOBQ,profile_MOBT	MPF_FA	1	12		Firmicutes	Gemella
NZ_CP046314_851709..912445	NA	60737	58	1	T4SS_MOBQ	MPF_FA	1	12		Firmicutes	Gemella
NZ_CP046320_3610764..3622642	NA	11879	18	0	NA	none	0	0		Actinobacteriota	Gordonia
NZ_CP046320_4509348..4551847	IME	42500	59	1	profile_MOBT	none	0	0		Actinobacteriota	Gordonia
NZ_CP046322_2739618..2778516	NA	38899	35	0	NA	none	0	0		Actinobacteriota	Corynebacterium
NZ_CP046327_3225526..3483603	ICE	258078	251	1	T4SS_MOBP1	MPF_FA	1	13		Firmicutes_A	Clostridioides
NZ_CP046331_2265959..2277279	NA	11321	18	1	T4SS_MOBP1	none	0	0		Proteobacteria	Cupriavidus
NZ_CP046331_2745811..2811468	ICE	65658	67	1	T4SS_MOBH	MPF_F	1	0		Proteobacteria	Cupriavidus
NZ_CP046343_1615621..1619662	NA	4042	8	0	NA	none	0	0		Proteobacteria	Burkholderia
NZ_CP046346_1550937..1571903	NA	20967	23	1	T4SS_MOBP1	none	0	0		Proteobacteria	Burkholderia
NZ_CP046348_1885753..1963301	ICE	77549	67	1	T4SS_MOBH,profile_MOBT	MPF_F	1	0		Proteobacteria	Citrobacter
NZ_CP046354_1123933..1189079	ICE	65147	59	1	T4SS_MOBP1,profile_MOBT	MPF_FA	1	18		Firmicutes	Streptococcus
NZ_CP046355_1170650..1235790	ICE	65141	59	1	T4SS_MOBP1,profile_MOBT	MPF_FA	1	18		Firmicutes	Streptococcus
NZ_CP046357_296464..528107	ICE	231644	206	1	T4SS_MOBP1,T4SS_MOBQ	MPF_FA	1	6		Firmicutes	Streptococcus
NZ_CP046358_922921..1102421	ICE	179501	171	1	T4SS_MOBP1,T4SS_MOBQ,profile_MOBT	MPF_FA	1	20		Firmicutes	Streptococcus
NZ_CP046359_928863..1106925	ICE	178063	170	1	T4SS_MOBP1,T4SS_MOBQ,profile_MOBT	MPF_FA	1	20		Firmicutes	Streptococcus
NZ_CP046360_922608..1147986	ICE	225379	211	1	T4SS_MOBP1,profile_MOBT	MPF_FA	1	20		Firmicutes	Streptococcus
NZ_CP046362_1120590..1148000	NA	27411	27	1	T4SS_MOBP1	none	0	0		Firmicutes	Listeria
NZ_CP046368_1552785..1574679	IME	21895	29	1	T4SS_MOBV	none	0	0		Firmicutes	Spiroplasma
NZ_CP046371_1421117..1503086	NA	81970	96	1	T4SS_MOBV	none	0	0		Firmicutes	Spiroplasma
NZ_CP046374_1423403..1453795	NA	30393	30	1	T4SS_MOBP1	none	0	0		Bacteroidota	Flavobacterium
NZ_CP046376_160473..274251	ICE	113779	146	1	T4SS_MOBH	MPF_F	1	0	EexR	Proteobacteria	Pectobacterium
NZ_CP046376_2142818..2175581	ICE	32764	33	1	T4SS_MOBC	MPF_T	1	0	Eex_IncN	Proteobacteria	Pectobacterium
NZ_CP046377_4631164..4677992	NA	46829	50	1	T4SS_MOBC	MPF_T	1	0	Eex_IncN	Proteobacteria	Pectobacterium
NZ_CP046377_928644..1015500	ICE	86857	101	1	T4SS_MOBH	MPF_F	1	0		Proteobacteria	Pectobacterium
NZ_CP046397_1598443..1800051	NA	201609	173	1	T4SS_MOBP1	none	0	0		Bacteroidota	Bacteroides
NZ_CP046397_2297010..2422964	ICE	125955	97	1	T4SS_MOBP1	none	0	1		Bacteroidota	Bacteroides
NZ_CP046401_3693073..3707412	IME	14340	14	1	T4SS_MOBP1,T4SS_MOBV	none	0	0		Bacteroidota	Draconibacterium
NZ_CP046401_5036403..5060441	NA	24039	27	0	NA	none	0	0		Bacteroidota	Draconibacterium
NZ_CP046401_5486184..5513972	NA	27789	32	1	T4SS_MOBP1,T4SS_MOBV	none	0	0		Bacteroidota	Draconibacterium
NZ_CP046401_7489114..7546664	ICE	57551	48	1	T4SS_MOBP1	none	0	0		Bacteroidota	Draconibacterium
NZ_CP046403_1874957..1888065	NA	13109	16	1	T4SS_MOBP1	none	0	0		Proteobacteria	Pseudomonas
NZ_CP046403_2192321..2304896	NA	112576	97	1	T4SS_MOBP1	MPF_T	1	0	Eex_IncN	Proteobacteria	Pseudomonas
NZ_CP046403_2943117..3067477	ICE	124361	125	1	T4SS_MOBH	MPF_F	1	0		Proteobacteria	Pseudomonas
NZ_CP046404_3175632..3280601	ICE	104970	112	1	T4SS_MOBH	MPF_F	1	0		Proteobacteria	Pseudomonas
NZ_CP046404_5480154..5579855	ICE	99702	110	1	T4SS_MOBH	MPF_F	1	0		Proteobacteria	Pseudomonas
NZ_CP046405_4469740..4556182	ICE	86443	103	1	T4SS_MOBH	MPF_F	1	0		Proteobacteria	Pseudomonas
NZ_CP046405_5298981..5388284	ICE	89304	103	1	T4SS_MOBH	MPF_F	1	0		Proteobacteria	Pseudomonas
NZ_CP046406_5768077..5857330	ICE	89254	99	1	T4SS_MOBH	MPF_F	1	0		Proteobacteria	Pseudomonas
NZ_CP046411_1905790..2096273	ICE	190484	197	1	T4SS_MOBC	none	0	0		Proteobacteria	Vibrio
NZ_CP046415_894069..905181	NA	11113	13	1	T4SS_MOBH	none	0	0		Proteobacteria	Guyparkeria
NZ_CP046424_1348320..1434828	ICE	86509	82	1	T4SS_MOBP1,T4SS_MOBV	none	0	0		Bacteroidota	Phocaeicola
NZ_CP046424_2827615..2832719	NA	5105	6	1	T4SS_MOBP1	none	0	0		Bacteroidota	Phocaeicola
NZ_CP046424_3035417..3320347	ICE	284931	287	1	T4SS_MOBB,T4SS_MOBP1,T4SS_MOBV	MPF_FA	1	2		Bacteroidota	Phocaeicola
NZ_CP046424_3512416..3750717	NA	238302	230	1	T4SS_MOBP1	none	0	0		Bacteroidota	Phocaeicola
NZ_CP046424_456198..600227	ICE	144030	150	1	T4SS_MOBP1,T4SS_MOBV	none	0	0		Bacteroidota	Phocaeicola
NZ_CP046425_1428698..1713151	NA	284454	250	1	T4SS_MOBP1,T4SS_MOBV	none	0	0		Bacteroidota	Phocaeicola
NZ_CP046425_3396009..3633223	NA	237215	228	1	T4SS_MOBP1	none	0	0		Bacteroidota	Phocaeicola
NZ_CP046426_2914066..3198995	ICE	284930	287	1	T4SS_MOBB,T4SS_MOBP1,T4SS_MOBV	MPF_FA	1	2		Bacteroidota	Phocaeicola
NZ_CP046426_418219..506809	NA	88591	93	1	T4SS_MOBC,T4SS_MOBP1	none	0	0		Bacteroidota	Phocaeicola
NZ_CP046426_5360111..5423081	NA	62971	52	1	T4SS_MOBV	none	0	0		Bacteroidota	Phocaeicola
NZ_CP046427_2046364..2145482	ICE	99119	96	1	T4SS_MOBP1,T4SS_MOBV	MPF_F	1	1		Bacteroidota	Phocaeicola
NZ_CP046427_36523..274508	ICE	237986	194	1	T4SS_MOBP1	none	0	0		Bacteroidota	Phocaeicola
NZ_CP046427_5406056..5431107	IME	25052	23	1	T4SS_MOBP1	none	0	0		Bacteroidota	Phocaeicola
NZ_CP046428_4181140..4220199	IME	39060	40	1	T4SS_MOBP1,profile_MOBT	none	0	0		Bacteroidota	Phocaeicola
NZ_CP046428_4476798..4489281	NA	12484	19	0	NA	none	0	0		Bacteroidota	Phocaeicola
NZ_CP046429_4145312..4278214	ICE	132903	151	1	T4SS_MOBH	MPF_F	1	0		Proteobacteria	Salmonella
NZ_CP046444_1170..15722	NA	14553	13	1	profile_MOBF	none	0	0		Acidobacteriota	UBA5172
NZ_CP046444_3744139..3762945	IME	18807	11	1	profile_MOBF	none	0	0		Acidobacteriota	UBA5172
NZ_CP046478_2746327..2749025	NA	2699	3	1	profile_MOBT	none	0	0		Firmicutes	Listeria
NZ_CP046502_4285681..4311969	IME	26289	28	1	T4SS_MOBP1	none	0	0		Proteobacteria	Citrobacter
NZ_CP046521_821887..988902	ICE	167016	162	1	T4SS_MOBP1,profile_MOBT	MPF_FA	1	21		Firmicutes	Streptococcus
NZ_CP046528_73275..212956	NA	139682	147	0	NA	none	0	1		Firmicutes	Lactobacillus
NZ_CP046531_1659192..1706518	NA	47327	58	1	T4SS_MOBH	MPF_F	1	0		Proteobacteria	Mannheimia
NZ_CP046531_379847..401782	NA	21936	22	1	profile_MOBT	none	0	0		Proteobacteria	Mannheimia
NZ_CP046535_3243898..3436546	ICE	192649	173	1	profile_MOBF	none	0	1		Proteobacteria	Sphingomonas_G
NZ_CP046535_620432..680658	IME	60227	59	1	T4SS_MOBQ	none	0	0		Proteobacteria	Sphingomonas_G
NZ_CP046538_3669807..3676073	NA	6267	12	0	NA	none	0	0		Proteobacteria	Pseudomonas_A
NZ_CP046539_3033966..3113587	NA	79622	97	1	T4SS_MOBH	MPF_F	1	0		Proteobacteria	Escherichia
NZ_CP046564_2025676..2049611	NA	23936	25	0	NA	none	0	1		Firmicutes	Anaerobacillus_A
NZ_CP046570_2994914..3084608	ICE	89695	84	0	NA	none	0	0	Eex_IncN	Proteobacteria	Xanthomonas_A
NZ_CP046588_1323926..1358801	NA	34876	30	1	T4SS_MOBQ,T4SS_MOBV	none	0	0		Proteobacteria	Stenotrophomonas
NZ_CP046628_1095230..1121814	ICE	26585	23	1	profile_MOBT	MPF_FA	1	7		Firmicutes	Streptococcus
NZ_CP046628_502133..535950	NA	33818	32	1	profile_MOBT	MPF_FA	1	2		Firmicutes	Streptococcus
NZ_CP046629_75954..127993	ICE	52040	51	1	profile_MOBT	MPF_FA	1	7		Firmicutes	Streptococcus
NZ_CP046653_26256..30136	NA	3881	4	0	NA	none	0	0		Firmicutes	Bacillus
NZ_CP046670_818992..839375	IME	20384	14	1	profile_MOBT	none	0	0		Proteobacteria	Alteromonas
NZ_CP046671_1885165..1931985	NA	46821	52	1	T4SS_MOBC	MPF_T	1	0	Eex_IncN	Proteobacteria	Klebsiella
NZ_CP046671_5167198..5172382	NA	5185	5	1	T4SS_MOBH	none	0	0		Proteobacteria	Klebsiella
NZ_CP046672_1560052..1579907	NA	19856	19	1	T4SS_MOBP1	none	0	0		Proteobacteria	Klebsiella
NZ_CP046672_1868732..1944567	NA	75836	76	1	T4SS_MOBC	MPF_T	1	0	Eex_IncN	Proteobacteria	Klebsiella
NZ_CP046673_1991752..2007783	IME	16032	12	1	T4SS_MOBQ	none	0	0		Proteobacteria	Citrobacter
NZ_CP046673_2986577..3063429	ICE	76853	86	1	T4SS_MOBC,T4SS_MOBQ	MPF_T	1	0	Eex_IncN	Proteobacteria	Citrobacter
NZ_CP046673_470223..476938	NA	6716	7	1	T4SS_MOBP1	none	0	0		Proteobacteria	Citrobacter
NZ_CP046673_658453..726660	IME	68208	76	1	T4SS_MOBP1	none	0	0		Proteobacteria	Citrobacter
NZ_CP046722_1184824..1213628	IME	28805	31	1	T4SS_MOBP1	none	0	0		Proteobacteria	Pantoea
NZ_CP046781_1336386..1757289	ICE	420904	350	1	profile_MOBT	none	0	0		Proteobacteria	Vibrio
NZ_CP046798_1454100..1464983	NA	10884	8	1	T4SS_MOBP1	none	0	0		Proteobacteria	Vibrio
NZ_CP046805_49179..95441	NA	46263	42	1	T4SS_MOBP1	none	0	0		Proteobacteria	Vibrio
NZ_CP046811_228741..232933	NA	4193	6	1	profile_MOBT	none	0	0		Proteobacteria	Enterovibrio
NZ_CP046821_700509..704775	NA	4267	7	1	profile_MOBT	none	0	0		Proteobacteria	Vibrio
NZ_CP046822_2727721..2746101	IME	18381	17	1	T4SS_MOBV	none	0	0		Proteobacteria	Vibrio
NZ_CP046831_2770661..3016819	NA	246159	235	1	T4SS_MOBC	none	0	0		Proteobacteria	Vibrio
NZ_CP046832_117504..172951	NA	55448	54	0	NA	none	0	1		Proteobacteria	Vibrio
NZ_CP046835_648528..674871	NA	26344	25	1	T4SS_MOBP1	none	0	0		Proteobacteria	Vibrio
NZ_CP046844_972901..1273042	ICE	300142	272	1	T4SS_MOBP1,profile_MOBT	none	0	2		Proteobacteria	Vibrio
NZ_CP046846_1315818..1555482	ICE	239665	233	1	T4SS_MOBC,profile_MOBF	MPF_F	1	0		Proteobacteria	Vibrio
NZ_CP046848_125562..339294	NA	213733	179	1	T4SS_MOBP1	none	0	0		Proteobacteria	Vibrio
NZ_CP046851_3215782..3230666	IME	14885	13	1	T4SS_MOBP1	none	0	0		Proteobacteria	Enterovibrio
NZ_CP046858_1180832..1364448	ICE	183617	199	0	NA	none	0	0		Proteobacteria	Vibrio
NZ_CP046874_2429751..2562154	NA	132404	138	1	T4SS_MOBH,profile_MOBT	MPF_F	1	0		Proteobacteria	Pseudomonas_E
NZ_CP046874_4755394..4875184	NA	119791	115	1	T4SS_MOBH,profile_MOBT	MPF_F	1	1		Proteobacteria	Pseudomonas_E
NZ_CP046902_4134110..4140482	NA	6373	11	0	NA	none	0	0		Proteobacteria	Pseudomonas_A
NZ_CP046902_4231605..4244505	NA	12901	16	0	NA	none	0	0		Proteobacteria	Pseudomonas_A
NZ_CP046905_3915285..3932239	NA	16955	20	0	NA	none	0	1		Actinobacteriota	Streptomyces
NZ_CP046905_4435914..4444758	NA	8845	13	0	NA	none	0	0		Actinobacteriota	Streptomyces
NZ_CP046907_2479884..2498651	AICE	18768	23	1	profile_MOBT	none	0	0		Actinobacteriota	SCUT-3
NZ_CP046907_3552259..3565948	NA	13690	19	0	NA	none	0	0		Actinobacteriota	SCUT-3
NZ_CP046907_4095260..4102044	NA	6785	9	0	NA	none	0	0		Actinobacteriota	SCUT-3
NZ_CP046918_3367446..3392836	NA	25391	29	1	profile_MOBT	MPF_FA	1	7	DUF4467	Firmicutes	Bacillus
NZ_CP046919_240795..247203	NA	6409	8	1	T4SS_MOBV	none	0	0		Firmicutes	Streptococcus
NZ_CP046948_1385..41932	NA	40548	42	1	profile_MOBF	none	0	0		Proteobacteria	Microbulbifer
NZ_CP046948_3019076..3157385	ICE	138310	121	1	profile_MOBF,profile_MOBT	none	0	0		Proteobacteria	Microbulbifer
NZ_CP046954_2351236..2380253	NA	29018	36	0	NA	none	0	0		Proteobacteria	Aeromonas
NZ_CP046954_2886564..2901067	NA	14504	18	1	T4SS_MOBP1	none	0	0		Proteobacteria	Aeromonas
NZ_CP046996_2077030..2151251	NA	74222	65	1	T4SS_MOBP1	MPF_FA	1	9		Firmicutes_B	Dehalobacter
NZ_CP046996_2597639..2619639	NA	22001	25	1	T4SS_MOBP1	none	0	0		Firmicutes_B	Dehalobacter
NZ_CP047020_3331600..3339290	NA	7691	9	0	NA	none	0	0		Actinobacteriota	Streptomyces
NZ_CP047020_3596816..3607764	NA	10949	17	0	NA	none	0	0		Actinobacteriota	Streptomyces
NZ_CP047020_4308783..4324652	NA	15870	22	0	NA	none	0	0		Actinobacteriota	Streptomyces
NZ_CP047020_4589518..4615450	NA	25933	27	0	NA	none	0	1		Actinobacteriota	Streptomyces
NZ_CP047020_6306765..6322376	NA	15612	20	0	NA	none	0	0		Actinobacteriota	Streptomyces
NZ_CP047026_3880178..3927171	IME	46994	47	1	T4SS_MOBP1	none	0	0		Bacteroidota	Polaribacter
NZ_CP047026_815587..1173297	NA	357711	320	1	T4SS_MOBB	none	0	1		Bacteroidota	Polaribacter
NZ_CP047045_1685336..1768906	ICE	83571	72	1	T4SS_MOBP1	MPF_T	1	0		Proteobacteria	Terricaulis
NZ_CP047050_1320383..1338165	IME	17783	17	1	T4SS_MOBP1	none	0	0		Bacteroidota	Flavobacterium
NZ_CP047050_1937684..1968608	IME	30925	34	1	T4SS_MOBP1	none	0	0		Bacteroidota	Flavobacterium
NZ_CP047050_2913800..2926871	IME	13072	14	1	T4SS_MOBP1	none	0	0		Bacteroidota	Flavobacterium
NZ_CP047056_1470861..1476529	NA	5669	5	0	NA	none	0	0		Proteobacteria	Succinivibrio
NZ_CP047056_2113706..2152214	NA	38509	34	1	profile_MOBT	none	0	0		Proteobacteria	Succinivibrio
NZ_CP047095_2708885..2773084	NA	64200	78	1	T4SS_MOBC,profile_MOBT	none	0	1		Firmicutes	Rossellomorea
NZ_CP047112_3514787..3607447	NA	92661	87	1	T4SS_MOBH	MPF_F	1	0		Proteobacteria	Proteus
NZ_CP047112_987799..1050226	NA	62428	59	1	T4SS_MOBH	MPF_F	1	0		Proteobacteria	Proteus
NZ_CP047130_3852496..3870703	IME	18208	16	1	profile_MOBF	none	0	0		Proteobacteria	Colwellia
NZ_CP047135_3237210..3309666	IME	72457	63	1	T4SS_MOBQ	none	0	0		Proteobacteria	Stenotrophomonas
NZ_CP047140_2786976..2814253	AICE	27278	25	0	NA	none	0	0		Actinobacteriota	Streptomyces
NZ_CP047140_3897649..3908177	NA	10529	14	0	NA	none	0	0		Actinobacteriota	Streptomyces
NZ_CP047140_5544526..5556242	NA	11717	16	0	NA	none	0	0		Actinobacteriota	Streptomyces
NZ_CP047142_25738..37439	IME	11702	10	1	profile_MOBT	none	0	0		Firmicutes	Lactobacillus
NZ_CP047144_4307576..4315863	NA	8288	8	1	T4SS_MOBP1	none	0	0		Actinobacteriota	Streptomyces
NZ_CP047144_4646959..4662866	NA	15908	21	0	NA	none	0	0		Actinobacteriota	Streptomyces
NZ_CP047146_766841..779000	NA	12160	19	0	NA	none	0	0		Actinobacteriota	Streptomyces
NZ_CP047147_1723341..1735238	NA	11898	17	0	NA	none	0	0		Actinobacteriota	Streptomyces
NZ_CP047147_3671525..3693882	AICE	22358	23	0	NA	none	0	0		Actinobacteriota	Streptomyces
NZ_CP047156_3447745..3519564	NA	71820	67	0	NA	none	0	0		Actinobacteriota	Epidermidibacterium
NZ_CP047160_1275102..1331243	NA	56142	64	1	T4SS_MOBH,profile_MOBT	MPF_F	1	0		Proteobacteria	Klebsiella
NZ_CP047160_182..48635	NA	48454	52	1	T4SS_MOBH	none	0	0		Proteobacteria	Klebsiella
NZ_CP047160_2441302..2500818	ICE	59517	41	1	T4SS_MOBC	MPF_T	1	0		Proteobacteria	Klebsiella
NZ_CP047171_617717..627422	NA	9706	18	0	NA	none	0	0		Proteobacteria	Xylella
NZ_CP047176_1528637..1567982	ICE	39346	34	1	profile_MOBF	none	0	1		Actinobacteriota	Rathayibacter
NZ_CP047186_502823..514054	AICE	11232	11	0	NA	none	0	0		Actinobacteriota	Rathayibacter
NZ_CP047191_665027..738450	ICE	73424	78	1	profile_MOBT	MPF_FA	1	3		Firmicutes	Streptococcus
NZ_CP047192_778614..834755	NA	56142	64	1	T4SS_MOBH,profile_MOBT	MPF_F	1	0		Proteobacteria	Klebsiella
NZ_CP047218_1554709..1691357	ICE	136649	126	1	profile_MOBF	MPF_F	1	1		Proteobacteria	Sphingobium
NZ_CP047218_330091..388471	NA	58381	64	1	T4SS_MOBQ,profile_MOBM	none	0	1		Proteobacteria	Sphingobium
NZ_CP047242_2715779..2949072	ICE	233294	183	0	NA	none	0	0		Cyanobacteria	Trichormus
NZ_CP047242_3973400..3986836	NA	13437	7	0	NA	none	0	0		Cyanobacteria	Trichormus
NZ_CP047242_4432365..4470609	NA	38245	41	0	NA	none	0	0		Cyanobacteria	Trichormus
NZ_CP047248_921107..1022339	ICE	101233	98	1	T4SS_MOBP1,profile_MOBT	MPF_FA	1	20		Firmicutes	Streptococcus
NZ_CP047260_657990..715243	ICE	57254	60	1	T4SS_MOBH	MPF_F	1	0		Proteobacteria	Pseudomonas_E
NZ_CP047260_730406..777383	NA	46978	48	1	T4SS_MOBH	MPF_F	1	0		Proteobacteria	Pseudomonas_E
NZ_CP047265_4222017..4236162	NA	14146	7	1	profile_MOBF	none	0	0		Proteobacteria	Pseudomonas_E
NZ_CP047268_1015051..1021373	NA	6323	9	1	profile_MOBT	none	0	1		Firmicutes	Bacillus
NZ_CP047275_839257..916507	NA	77251	77	1	T4SS_MOBP1	MPF_T	1	0	Eex_IncN	Proteobacteria	Citrobacter
NZ_CP047277_2844613..2890223	NA	45611	56	0	NA	none	0	1		Proteobacteria	Escherichia
NZ_CP047281_2450971..2872915	ICE	421945	415	0	NA	none	0	0		Proteobacteria	Klebsiella
NZ_CP047286_3017582..3309654	NA	292073	308	1	T4SS_MOBC	none	0	0		Proteobacteria	Proteus
NZ_CP047297_9266..33781	NA	24516	23	1	T4SS_MOBP1,T4SS_MOBV	none	0	0		Proteobacteria	Vibrio
NZ_CP047315_1992855..2060583	IME	67729	69	1	profile_MOBF	none	0	0		Proteobacteria	Burkholderia
NZ_CP047315_3071322..3197206	ICE	125885	104	1	profile_MOBF,profile_MOBT	none	0	0		Proteobacteria	Burkholderia
NZ_CP047318_4643578..4657937	NA	14360	18	0	NA	none	0	0		Actinobacteriota	Streptomyces
NZ_CP047318_5849480..5891970	NA	42491	41	1	T4SS_MOBP1	none	0	0		Actinobacteriota	Streptomyces
NZ_CP047336_3836310..3895556	NA	59247	69	1	T4SS_MOBH,profile_MOBT	MPF_F	1	0		Proteobacteria	Klebsiella
NZ_CP047344_1952640..2128230	NA	175591	146	1	T4SS_MOBC	none	0	0		Proteobacteria	Proteus
NZ_CP047344_3534418..3681483	ICE	147066	129	1	T4SS_MOBH,profile_MOBT	MPF_F	1	0	EexR	Proteobacteria	Proteus
NZ_CP047349_1679013..1917309	NA	238297	218	1	T4SS_MOBC	none	0	0		Proteobacteria	Proteus
NZ_CP047349_3170091..3311563	ICE	141473	135	1	T4SS_MOBH,profile_MOBM	MPF_F	1	0	EexR	Proteobacteria	Proteus
NZ_CP047360_1137076..1217628	IME	80553	83	1	T4SS_MOBP1	none	0	0		Proteobacteria	Klebsiella
NZ_CP047388_1007277..1024810	IME	17534	17	1	T4SS_MOBP1	none	0	0		Proteobacteria	Agrobacterium
NZ_CP047415_1595712..1601956	NA	6245	10	0	NA	none	0	0		Firmicutes	Lactobacillus
NZ_CP047415_25780..34518	NA	8739	11	1	profile_MOBT	none	0	0		Firmicutes	Lactobacillus
NZ_CP047416_1739054..1926797	NA	187744	173	1	T4SS_MOBP1,T4SS_MOBQ	none	0	0		Firmicutes	Limosilactobacillus
NZ_CP047426_1438468..1471023	NA	32556	40	1	T4SS_MOBV	none	0	0		Firmicutes	Spiroplasma
NZ_CP047428_297349..380727	NA	83379	96	0	NA	none	0	0		Firmicutes	Spiroplasma
NZ_CP047428_897651..1116832	ICE	219182	304	1	T4SS_MOBV	none	0	0		Firmicutes	Spiroplasma
NZ_CP047437_143968..287023	NA	143056	187	1	T4SS_MOBV	none	0	0		Firmicutes	Spiroplasma
NZ_CP047495_3048275..3091562	NA	43288	40	1	T4SS_MOBP1,profile_MOBT	MPF_T	1	0	Eex_IncN	Proteobacteria	Pectobacterium
NZ_CP047495_3364509..3406946	ICE	42438	37	1	T4SS_MOBC	MPF_T	1	0	Eex_IncN	Proteobacteria	Pectobacterium
NZ_CP047495_4641211..4681021	NA	39811	42	1	T4SS_MOBC	MPF_T	1	0	Eex_IncN	Proteobacteria	Pectobacterium
NZ_CP047570_3405455..3423708	NA	18254	18	1	T4SS_MOBP1	none	0	0		Proteobacteria	Enterobacter
NZ_CP047584_1054540..1067644	NA	13105	12	1	profile_MOBM,profile_MOBT	none	0	0		Firmicutes	Limosilactobacillus
NZ_CP047592_5607949..5701975	ICE	94027	110	1	T4SS_MOBH	MPF_F	1	0		Proteobacteria	Pseudomonas
NZ_CP047602_1875885..1896722	NA	20838	19	0	NA	none	0	0		Firmicutes_A	Thermoanaerobacterium
NZ_CP047608_1271945..1277059	NA	5115	6	1	T4SS_MOBP1	none	0	0		Proteobacteria	Methylobacterium
NZ_CP047614_2026826..2063466	NA	36641	44	1	T4SS_MOBP1	none	0	0		Firmicutes	Lactococcus_A
NZ_CP047616_1786644..1914110	NA	127467	133	1	profile_MOBT	MPF_FA	1	4		Firmicutes	Lactococcus_A
NZ_CP047616_2260759..2267192	NA	6434	6	1	T4SS_MOBP1	none	0	0		Firmicutes	Lactococcus_A
NZ_CP047616_378293..442331	IME	64039	58	1	profile_MOBT	none	0	0		Firmicutes	Lactococcus_A
NZ_CP047616_61263..110309	NA	49047	52	1	profile_MOBT	none	0	3		Firmicutes	Lactococcus_A
NZ_CP047630_529739..537491	NA	7753	8	1	T4SS_MOBH	none	0	0		Firmicutes	Lactococcus_A
NZ_CP047630_989629..1136472	ICE	146844	154	1	profile_MOBM,profile_MOBT	MPF_FA	1	5		Firmicutes	Lactococcus_A
NZ_CP047633_1670024..1877802	ICE	207779	161	1	T4SS_MOBC	MPF_T	1	0	Eex_IncN	Proteobacteria	Klebsiella
NZ_CP047639_1081814..1212370	ICE	130557	115	1	T4SS_MOBH	MPF_F	1	0	EexR	Proteobacteria	Proteus
NZ_CP047639_2588941..2757002	NA	168062	147	1	T4SS_MOBC	none	0	1		Proteobacteria	Proteus
NZ_CP047649_1831483..1892199	ICE	60717	42	1	T4SS_MOBC	MPF_T	1	0		Proteobacteria	Klebsiella
NZ_CP047669_2534071..2555385	NA	21315	21	1	T4SS_MOBP1	none	0	0		Proteobacteria	Klebsiella
NZ_CP047669_4509413..4626086	ICE	116674	128	1	T4SS_MOBH	MPF_F	1	1		Proteobacteria	Klebsiella
NZ_CP047679_4484804..4577222	NA	92419	98	1	T4SS_MOBH	MPF_F	1	0		Proteobacteria	Serratia
NZ_CP047698_4655727..4668634	IME	12908	17	0	NA	none	0	0		Proteobacteria	Pseudomonas
NZ_CP047700_4712910..4741036	IME	28127	33	1	T4SS_MOBP1	none	0	0		Proteobacteria	Klebsiella
NZ_CP047773_3153430..3182047	IME	28618	35	1	T4SS_MOBQ	none	0	0		Proteobacteria	Citrobacter
NZ_CP047788_733268..828429	NA	95162	104	1	profile_MOBT	MPF_FA	1	6	DUF4467	Firmicutes	Staphylococcus
NZ_CP047789_696390..840668	NA	144279	137	1	profile_MOBM,profile_MOBT	MPF_FA	1	7	DUF4467	Firmicutes	Staphylococcus
NZ_CP047790_1680494..1737798	ICE	57305	67	1	profile_MOBT	MPF_FA	1	5	DUF4467	Firmicutes	Staphylococcus
NZ_CP047793_689309..785301	NA	95993	104	1	profile_MOBT	MPF_FA	1	6	DUF4467	Firmicutes	Staphylococcus
NZ_CP047797_2805838..2827371	IME	21534	25	1	profile_MOBT	none	0	1		Firmicutes	Staphylococcus
NZ_CP047801_518937..617577	NA	98641	117	1	profile_MOBT	MPF_FA	1	7	DUF4467	Firmicutes	Staphylococcus
NZ_CP047802_772152..833245	ICE	61094	60	1	profile_MOBT	MPF_FA	1	6	DUF4467	Firmicutes	Staphylococcus
NZ_CP047809_1060212..1064444	NA	4233	4	1	T4SS_MOBH	none	0	0		Firmicutes	Staphylococcus
NZ_CP047841_1663620..1741485	ICE	77866	79	1	profile_MOBT	MPF_FA	1	7	DUF4467	Firmicutes	Staphylococcus
NZ_CP047847_1051850..1087790	ICE	35941	47	1	profile_MOBT	MPF_FA	1	6	DUF4467	Firmicutes	Staphylococcus
NZ_CP047851_271679..371056	ICE	99378	101	1	profile_MOBT	MPF_FA	1	5	DUF4467	Firmicutes	Staphylococcus
NZ_CP047883_1063162..1145716	ICE	82555	83	1	T4SS_MOBP1,profile_MOBT	MPF_FA	1	11		Firmicutes	Streptococcus
NZ_CP047898_1811285..1914528	ICE	103244	95	1	profile_MOBT	none	0	0		Actinobacteriota	Pseudarthrobacter
NZ_CP047898_212663..229715	NA	17053	20	1	profile_MOBF	none	0	0		Actinobacteriota	Pseudarthrobacter
NZ_CP047901_669685..706039	NA	36355	37	0	NA	none	0	0		Patescibacteria	Chazhemtobacterium
NZ_CP047929_3306446..3464279	ICE	157834	148	1	T4SS_MOBH,profile_MOBT	MPF_F	1	0		Proteobacteria	Proteus
NZ_CP047962_2002632..2011469	NA	8838	7	1	T4SS_MOBH	none	0	0		Proteobacteria	Aeromonas
NZ_CP047965_657348..697162	ICE	39815	37	1	T4SS_MOBH	MPF_F	1	0		Proteobacteria	Enterobacter
NZ_CP047982_2496801..2541057	IME	44257	39	1	T4SS_MOBH	none	0	0		Proteobacteria	Aeromonas
NZ_CP047983_2645814..2705277	IME	59464	46	1	T4SS_MOBH	none	0	0		Proteobacteria	Aeromonas
NZ_CP047983_3635883..3706427	IME	70545	61	1	T4SS_MOBP1	none	0	0		Proteobacteria	Aeromonas
NZ_CP048003_266974..399506	ICE	132533	142	1	T4SS_MOBP1,T4SS_MOBP2	MPF_FA	1	3		Firmicutes	Lacticaseibacillus
NZ_CP048019_287581..322664	NA	35084	35	0	NA	none	0	0		Firmicutes	Pediococcus
NZ_CP048030_114012..221884	ICE	107873	102	1	T4SS_MOBH,profile_MOBT	MPF_F	1	0		Proteobacteria	Sinimarinibacterium
NZ_CP048030_2505585..2669732	ICE	164148	157	1	T4SS_MOBP1,profile_MOBT	MPF_T	1	0	Eex_IncN	Proteobacteria	Sinimarinibacterium
NZ_CP048039_1218883..1268360	ICE	49478	45	1	profile_MOBF	MPF_T	1	0		Proteobacteria	Alcaligenes
NZ_CP048039_1597469..1608600	NA	11132	15	0	NA	none	0	0		Proteobacteria	Alcaligenes
NZ_CP048039_599801..688954	ICE	89154	88	1	T4SS_MOBH,profile_MOBT	MPF_F	1	0		Proteobacteria	Alcaligenes
NZ_CP048044_1711217..1790516	IME	79300	69	1	T4SS_MOBC,T4SS_MOBQ	none	0	0		Proteobacteria	Xanthomonas
NZ_CP048108_4045117..4109356	NA	64240	74	1	T4SS_MOBH	MPF_F	1	0		Proteobacteria	Klebsiella
NZ_CP048108_5420604..5476285	ICE	55682	62	1	T4SS_MOBH	MPF_F	1	0		Proteobacteria	Klebsiella
NZ_CP048108_5989669..6006074	NA	16406	18	1	T4SS_MOBP1	none	0	0		Proteobacteria	Klebsiella
NZ_CP048115_2921011..3090428	NA	169418	156	1	T4SS_MOBP1	none	0	0		Bacteroidota	Mucilaginibacter
NZ_CP048115_3294152..3318012	IME	23861	17	1	T4SS_MOBP1	none	0	0		Bacteroidota	Mucilaginibacter
NZ_CP048210_88982..118121	AICE	29140	28	0	NA	none	0	1		Actinobacteriota	Cellulomonas
NZ_CP048261_4515135..4520622	NA	5488	7	0	NA	none	0	0		Actinobacteriota	Streptomyces
NZ_CP048261_8572625..8606625	NA	34001	37	1	T4SS_MOBP1	none	0	0		Actinobacteriota	Streptomyces
NZ_CP048289_1675391..1688396	AICE	13006	15	0	NA	none	0	0		Actinobacteriota	Streptacidiphilus
NZ_CP048304_2477623..2505787	IME	28165	28	1	T4SS_MOBQ	none	0	0		Proteobacteria	Escherichia
NZ_CP048304_4799472..4840599	NA	41128	36	1	T4SS_MOBH	none	0	0		Proteobacteria	Escherichia
NZ_CP048326_2773127..2831314	ICE	58188	41	1	T4SS_MOBC	MPF_T	1	0	Eex_IncN	Proteobacteria	Escherichia
NZ_CP048349_1249954..1259670	NA	9717	9	1	T4SS_MOBQ	none	0	0		Proteobacteria	Klebsiella
NZ_CP048349_1911644..1971072	ICE	59429	61	1	T4SS_MOBC	MPF_T	1	0	Eex_IncN	Proteobacteria	Klebsiella
NZ_CP048359_2660602..2710069	NA	49468	73	0	NA	none	0	0		Proteobacteria	Escherichia
NZ_CP048371_1899779..1925921	IME	26143	30	1	T4SS_MOBQ,profile_MOBT	none	0	0		Proteobacteria	Escherichia
NZ_CP048382_2159399..2182484	NA	23086	22	1	T4SS_MOBP1	none	0	0		Proteobacteria	Citrobacter
NZ_CP048397_3600429..3618447	NA	18019	21	0	NA	none	0	0		Actinobacteriota	Streptomyces
NZ_CP048397_3664519..3680769	NA	16251	18	0	NA	none	0	0		Actinobacteriota	Streptomyces
NZ_CP048397_4263464..4272420	NA	8957	9	0	NA	none	0	0		Actinobacteriota	Streptomyces
NZ_CP048397_6091673..6129367	IME	37695	44	1	T4SS_MOBP1	none	0	0		Actinobacteriota	Streptomyces
NZ_CP048405_1532048..1541698	NA	9651	14	0	NA	none	0	0		Actinobacteriota	Streptacidiphilus
NZ_CP048405_231855..267279	IME	35425	29	1	T4SS_MOBP1	none	0	0		Actinobacteriota	Streptacidiphilus
NZ_CP048405_404696..483518	NA	78823	94	1	T4SS_MOBP1	none	0	0		Actinobacteriota	Streptacidiphilus
NZ_CP048405_566093..594336	NA	28244	24	1	T4SS_MOBP1	none	0	0		Actinobacteriota	Streptacidiphilus
NZ_CP048405_6466883..6559284	NA	92402	93	1	T4SS_MOBP1	none	0	1		Actinobacteriota	Streptacidiphilus
NZ_CP048408_3451480..3647032	ICE	195553	179	1	T4SS_MOBH	MPF_F	1	0		Proteobacteria	Pseudomonas_E
NZ_CP048416_1908456..1961919	ICE	53464	51	1	T4SS_MOBC	MPF_T	1	0	Eex_IncN	Proteobacteria	Citrobacter
NZ_CP048430_2934591..2993959	ICE	59369	41	1	T4SS_MOBC	MPF_T	1	0		Proteobacteria	Klebsiella
NZ_CP048430_4049956..4109979	NA	60024	70	1	T4SS_MOBH,profile_MOBT	MPF_F	1	0		Proteobacteria	Klebsiella
NZ_CP048433_1945507..1957789	IME	12283	10	0	NA	none	0	0		Actinobacteriota	Collinsella
NZ_CP048436_118603..143597	NA	24995	35	1	T4SS_MOBP1	none	0	0		Firmicutes_A	Flavonifractor
NZ_CP048436_1715549..1756563	IME	41015	54	1	T4SS_MOBP1,T4SS_MOBQ,T4SS_MOBV	none	0	6		Firmicutes_A	Flavonifractor
NZ_CP048436_3004035..3203318	ICE	199284	187	1	T4SS_MOBP1,T4SS_MOBQ,T4SS_MOBV,profile_MOBT	MPF_FA	1	9		Firmicutes_A	Flavonifractor
NZ_CP048437_1375261..1405258	IME	29998	20	1	T4SS_MOBP1,T4SS_MOBV	none	0	0		Firmicutes_A	Faecalibacterium
NZ_CP048437_1720001..1735300	NA	15300	21	1	T4SS_MOBP1	none	0	0		Firmicutes_A	Faecalibacterium
NZ_CP048437_2928162..3010994	ICE	82833	80	1	T4SS_MOBP1	MPF_FA	1	10		Firmicutes_A	Faecalibacterium
NZ_CP048437_666484..699976	IME	33493	34	1	T4SS_MOBP1	none	0	0		Firmicutes_A	Faecalibacterium
NZ_CP048598_4645786..5046614	ICE	400829	384	0	NA	none	0	0		Proteobacteria	Klebsiella
NZ_CP048600_844279..940590	ICE	96312	85	1	T4SS_MOBP1	MPF_T	1	0		Campylobacterota	Helicobacter
NZ_CP048601_1106357..1187137	ICE	80781	81	1	T4SS_MOBP1	MPF_T	1	0		Campylobacterota	Helicobacter
NZ_CP048602_513993..516156	NA	2164	2	1	T4SS_MOBH	none	0	0		Proteobacteria	Halomonas
NZ_CP048618_141080..203726	ICE	62647	53	1	T4SS_MOBP1,T4SS_MOBQ,profile_MOBM	none	0	0		Proteobacteria	Legionella
NZ_CP048626_1530219..1589080	NA	58862	64	1	profile_MOBT	MPF_FA	1	7		Firmicutes_A	Blautia
NZ_CP048626_2036744..2040705	NA	3962	3	1	profile_MOBT	none	0	0		Firmicutes_A	Blautia
NZ_CP048626_2437321..2453961	NA	16641	19	1	T4SS_MOBP1	none	0	0		Firmicutes_A	Blautia
NZ_CP048626_295237..353390	NA	58154	52	1	profile_MOBT	MPF_FA	1	8		Firmicutes_A	Blautia
NZ_CP048626_3734917..3772017	NA	37101	36	1	T4SS_MOBP1,T4SS_MOBV,profile_MOBM	MPF_FA	1	8		Firmicutes_A	Blautia
NZ_CP048626_4568420..4596070	NA	27651	33	1	profile_MOBT	none	0	0		Firmicutes_A	Blautia
NZ_CP048627_1098329..1134033	NA	35705	41	1	T4SS_MOBC,T4SS_MOBP1,T4SS_MOBQ	none	0	0		Firmicutes_C	Megamonas
NZ_CP048627_1281748..1603095	ICE	321348	347	1	T4SS_MOBC,T4SS_MOBQ,profile_MOBM,profile_MOBT	MPF_T	1	1		Firmicutes_C	Megamonas
NZ_CP048630_2884266..2897445	NA	13180	14	0	NA	none	0	0		Proteobacteria	Ancyclobacter_A
NZ_CP048647_2035562..2062390	IME	26829	25	1	T4SS_MOBQ	none	0	0		Proteobacteria	Escherichia
NZ_CP048649_523941..619545	NA	95605	140	1	T4SS_MOBP1,profile_MOBT	MPF_FA	1	2		Firmicutes_A	Aminipila
NZ_CP048650_382319..476697	ICE	94379	102	1	T4SS_MOBH	MPF_F	1	0		Proteobacteria	Enterobacter
NZ_CP048650_3889268..3896110	NA	6843	8	1	T4SS_MOBP1	none	0	0		Proteobacteria	Enterobacter
NZ_CP048686_1168270..1210710	NA	42441	42	1	T4SS_MOBH	none	0	0		Firmicutes	Lactococcus_A
NZ_CP048687_3840328..4138514	ICE	298187	350	1	profile_MOBM	MPF_FA	1	2		Firmicutes	Bacillus_A
NZ_CP048696_846877..888992	IME	42116	38	1	T4SS_MOBH	none	0	0		Proteobacteria	Enterobacter
NZ_CP048712_1244561..1271776	IME	27216	25	1	T4SS_MOBQ	none	0	0		Proteobacteria	Xanthomonas
NZ_CP048712_2489431..2588191	NA	98761	99	1	T4SS_MOBH	MPF_F	1	0		Proteobacteria	Xanthomonas
NZ_CP048760_1444774..1506138	ICE	61365	57	1	T4SS_MOBP1,T4SS_MOBV	none	0	0		Campylobacterota	Campylobacter_D
NZ_CP048765_1388246..1440672	IME	52427	51	1	T4SS_MOBP1,T4SS_MOBV	none	0	0		Campylobacterota	Campylobacter_D
NZ_CP048771_1428219..1491916	ICE	63698	60	1	T4SS_MOBP1,T4SS_MOBV	none	0	0		Campylobacterota	Campylobacter_D
NZ_CP048775_1880597..1902077	NA	21481	25	1	T4SS_MOBQ	none	0	0		Proteobacteria	Salmonella
NZ_CP048784_1794355..1843969	IME	49615	56	0	NA	none	0	0		Proteobacteria	Serratia
NZ_CP048784_4482856..4495893	NA	13038	13	1	T4SS_MOBH	none	0	0		Proteobacteria	Serratia
NZ_CP048787_3223702..3441147	ICE	217446	209	1	T4SS_MOBH	MPF_F	1	0	EexR	Proteobacteria	Proteus
NZ_CP048806_604119..693424	NA	89306	92	1	T4SS_MOBH	MPF_F	1	0		Proteobacteria	Morganella
NZ_CP048812_3888125..3899373	NA	11249	12	1	T4SS_MOBV	none	0	0		Proteobacteria	Halomonas_B
NZ_CP048817_5006610..5031973	NA	25364	14	1	T4SS_MOBQ	none	0	0		Proteobacteria	Sphingomonas
NZ_CP048833_1468693..1476537	NA	7845	12	0	NA	none	0	0		Proteobacteria	Pseudomonas
NZ_CP048833_1697624..1720251	NA	22628	23	0	NA	none	0	0		Proteobacteria	Pseudomonas
NZ_CP048835_3803876..3814121	NA	10246	16	0	NA	none	0	0		Actinobacteriota	Streptomyces
NZ_CP048835_4806769..4843004	NA	36236	42	0	NA	none	0	0		Actinobacteriota	Streptomyces
NZ_CP048835_6409551..6417085	NA	7535	8	1	T4SS_MOBC	none	0	0		Actinobacteriota	Streptomyces
NZ_CP048837_1033534..1036148	NA	2615	3	1	profile_MOBT	none	0	0		Firmicutes	Clostridium_AQ
NZ_CP048837_1181175..1256118	NA	74944	78	1	T4SS_MOBP1,profile_MOBT	MPF_FA	1	8		Firmicutes	Clostridium_AQ
NZ_CP048837_1899636..1939500	IME	39865	40	1	T4SS_MOBV	none	0	0		Firmicutes	Clostridium_AQ
NZ_CP048837_3138724..3214332	NA	75609	79	1	T4SS_MOBP1	MPF_FA	1	10		Firmicutes	Clostridium_AQ
NZ_CP048837_3659742..3730550	IME	70809	81	0	NA	none	0	0		Firmicutes	Clostridium_AQ
NZ_CP048837_563044..585951	NA	22908	27	1	profile_MOBT	none	0	1		Firmicutes	Clostridium_AQ
NZ_CP048837_933088..937021	NA	3934	2	1	profile_MOBT	none	0	0		Firmicutes	Clostridium_AQ
NZ_CP048838_2127076..2225620	NA	98545	106	1	T4SS_MOBP1,profile_MOBT	none	0	1		Firmicutes	Clostridium_AQ
NZ_CP048838_3101622..3160725	ICE	59104	54	1	T4SS_MOBP1,T4SS_MOBQ	MPF_FA	1	8		Firmicutes	Clostridium_AQ
NZ_CP048838_3342851..3415380	NA	72530	70	1	T4SS_MOBC,T4SS_MOBV	none	0	0		Firmicutes	Clostridium_AQ
NZ_CP048838_3717816..3764339	NA	46524	54	1	T4SS_MOBC,T4SS_MOBP1	MPF_FA	1	9		Firmicutes	Clostridium_AQ
NZ_CP048838_4142124..4193556	NA	51433	53	1	profile_MOBT	MPF_FA	1	8		Firmicutes	Clostridium_AQ
NZ_CP048875_4742105..4764463	IME	22359	17	1	T4SS_MOBP1	none	0	0		Actinobacteriota	Streptomyces
NZ_CP048875_5781856..5797256	NA	15401	16	0	NA	none	0	0		Actinobacteriota	Streptomyces
NZ_CP048882_112498..140113	NA	27616	28	1	T4SS_MOBP1	none	0	0		Actinobacteriota	Streptomyces
NZ_CP048882_3572611..3587309	NA	14699	19	0	NA	none	0	0		Actinobacteriota	Streptomyces
NZ_CP048882_3983792..3995893	NA	12102	16	0	NA	none	0	0		Actinobacteriota	Streptomyces
NZ_CP048882_4659094..4671926	NA	12833	18	0	NA	none	0	0		Actinobacteriota	Streptomyces
NZ_CP049015_591537..615364	NA	23828	24	1	T4SS_MOBP1	none	0	0		Proteobacteria	Citrobacter
NZ_CP049017_1159483..1169537	NA	10055	12	1	T4SS_MOBH	none	0	0		Proteobacteria	Xanthomonas_A
NZ_CP049021_514530..596901	NA	82372	86	1	T4SS_MOBH	MPF_F	1	0		Proteobacteria	Enterobacter
NZ_CP049021_846876..889613	IME	42738	36	1	T4SS_MOBH	none	0	0		Proteobacteria	Enterobacter
NZ_CP049044_1986575..2083032	NA	96458	96	1	T4SS_MOBH	MPF_F	1	0		Proteobacteria	Pseudomonas_E
NZ_CP049045_175470..252587	NA	77118	74	1	T4SS_MOBP1,T4SS_MOBQ,T4SS_MOBV	none	0	0		Proteobacteria	Pseudomonas_E
NZ_CP049045_6117361..6162809	NA	45449	51	1	T4SS_MOBH	MPF_F	1	0		Proteobacteria	Pseudomonas_E
NZ_CP049055_3150827..3193203	NA	42377	38	1	T4SS_MOBH	none	0	0		Planctomycetota	Kuenenia
NZ_CP049075_1631580..1716367	ICE	84788	97	1	T4SS_MOBP1,T4SS_MOBP3	MPF_T	1	0		Campylobacterota	Campylobacter
NZ_CP049075_574449..605253	NA	30805	37	1	T4SS_MOBP1	MPF_T	1	0		Campylobacterota	Campylobacter
NZ_CP049090_1353271..1421762	ICE	68492	77	1	T4SS_MOBH	MPF_F	1	0		Proteobacteria	Glaesserella
NZ_CP049107_1292981..1373511	NA	80531	70	1	T4SS_MOBQ,profile_MOBT	MPF_T	1	0		Proteobacteria	Rhizorhabdus
NZ_CP049109_252525..345168	NA	92644	84	1	T4SS_MOBP1	MPF_T	1	0		Proteobacteria	Sphingomonas
NZ_CP049109_2917877..3027221	NA	109345	105	1	profile_MOBF	MPF_F	1	0		Proteobacteria	Sphingomonas
NZ_CP049115_1056742..1080625	IME	23884	21	1	T4SS_MOBQ	none	0	0		Proteobacteria	Pantoea
NZ_CP049115_1471546..1499331	IME	27786	27	1	T4SS_MOBP1	none	0	0		Proteobacteria	Pantoea
NZ_CP049115_3254865..3293413	NA	38549	40	1	T4SS_MOBH	none	0	0		Proteobacteria	Pantoea
NZ_CP049138_307127..375770	NA	68644	69	1	T4SS_MOBC,T4SS_MOBP1,T4SS_MOBV	MPF_T	1	0		Proteobacteria	Paraburkholderia
NZ_CP049139_938478..1021174	NA	82697	97	1	T4SS_MOBQ,profile_MOBT	none	0	0		Proteobacteria	Herbaspirillum
NZ_CP049140_1245499..1557074	ICE	311576	289	1	T4SS_MOBH,profile_MOBT	MPF_F	1	0		Proteobacteria	Pseudomonas
NZ_CP049156_2966164..3005599	NA	39436	39	1	T4SS_MOBP1,T4SS_MOBQ,T4SS_MOBV,profile_MOBT	MPF_T	1	0		Proteobacteria	Caballeronia
NZ_CP049187_1002795..1060472	ICE	57678	51	1	T4SS_MOBP1,profile_MOBT	MPF_FA	1	9		Firmicutes	Streptococcus
NZ_CP049201_1256521..1281649	NA	25129	23	1	T4SS_MOBP1	none	0	0		Proteobacteria	Escherichia
NZ_CP049201_4006292..4075471	NA	69180	79	1	T4SS_MOBH	MPF_F	1	0		Proteobacteria	Escherichia
NZ_CP049201_4205244..4226817	IME	21574	22	1	T4SS_MOBP1	none	0	0		Proteobacteria	Escherichia
NZ_CP049207_9541..22756	NA	13216	14	1	T4SS_MOBQ	none	0	0		Proteobacteria	Agrobacterium
NZ_CP049226_890116..953037	ICE	62922	66	1	profile_MOBT	MPF_FA	1	7		Firmicutes	Lactobacillus
NZ_CP049228_214447..257112	IME	42666	35	1	T4SS_MOBH	none	0	0		Firmicutes	Lactobacillus
NZ_CP049228_895511..963639	ICE	68129	68	1	profile_MOBT	MPF_FA	1	7		Firmicutes	Lactobacillus
NZ_CP049237_42040..69278	NA	27239	17	1	T4SS_MOBP1,T4SS_MOBV	none	0	0		Campylobacterota	Campylobacter_A
NZ_CP049238_34305..127698	NA	93394	97	1	T4SS_MOBP1,T4SS_MOBQ	MPF_T	1	0		Campylobacterota	Campylobacter_A
NZ_CP049253_1238944..1246751	NA	7808	11	0	NA	none	0	0		Actinobacteriota	Microbacterium
NZ_CP049255_2229590..2268019	NA	38430	31	1	T4SS_MOBV	none	0	0		Actinobacteriota	Microbacterium
NZ_CP049263_30521..74421	IME	43901	49	1	T4SS_MOBP1	none	0	0		Campylobacterota	Campylobacter_A
NZ_CP049264_1608577..1651850	IME	43274	42	1	T4SS_MOBP1	none	0	0		Campylobacterota	Campylobacter_A
NZ_CP049270_42040..69466	NA	27427	27	1	T4SS_MOBP1,T4SS_MOBV	none	0	0		Campylobacterota	Campylobacter_A
NZ_CP049272_76405..99006	IME	22602	28	1	T4SS_MOBP1	none	0	0		Campylobacterota	Campylobacter_A
NZ_CP049274_33692..105936	ICE	72245	65	1	T4SS_MOBP1	none	0	0		Campylobacterota	Campylobacter_A
NZ_CP049298_1767025..1883295	ICE	116271	116	1	T4SS_MOBP1,profile_MOBM	MPF_T	1	3		Bacteroidota	Soonwooa
NZ_CP049298_2952491..2978516	IME	26026	26	1	T4SS_MOBP1,profile_MOBT	none	0	0		Bacteroidota	Soonwooa
NZ_CP049330_2706414..2784274	NA	77861	82	1	T4SS_MOBP1,T4SS_MOBP2,profile_MOBT	none	0	1		Firmicutes	Bacillus
NZ_CP049332_1039251..1096254	NA	57004	61	1	profile_MOBT	none	0	0		Proteobacteria	Vibrio
NZ_CP049333_115265..151263	NA	35999	34	1	T4SS_MOBB	none	0	0		Bacteroidota	Sphingobacterium
NZ_CP049333_3841985..4295948	ICE	453964	469	1	T4SS_MOBC,T4SS_MOBP1	none	0	0		Bacteroidota	Sphingobacterium
NZ_CP049333_64655..93624	NA	28970	24	1	T4SS_MOBB	none	0	0		Bacteroidota	Sphingobacterium
NZ_CP049344_2593962..2607988	IME	14027	13	1	T4SS_MOBP1	none	0	0		Proteobacteria	Sulfitobacter
NZ_CP049604_1425655..1508737	ICE	83083	74	1	T4SS_MOBH,profile_MOBT	MPF_F	1	0		Proteobacteria	Klebsiella
NZ_CP049604_4354746..4397516	NA	42771	42	1	T4SS_MOBC	MPF_T	1	0	Eex_IncN	Proteobacteria	Klebsiella
NZ_CP049608_2770944..2810284	ICE	39341	40	1	T4SS_MOBH	none	0	0		Proteobacteria	Atlantibacter
NZ_CP049616_1079578..1124608	NA	45031	51	1	T4SS_MOBB	none	0	0		Bacteroidota	Muricauda
NZ_CP049616_3705247..3753698	NA	48452	38	1	T4SS_MOBB	none	0	0		Bacteroidota	Muricauda
NZ_CP049616_4279802..4372275	ICE	92474	91	1	T4SS_MOBB,T4SS_MOBP1	none	0	0		Bacteroidota	Muricauda
NZ_CP049616_4419616..4460844	NA	41229	42	1	T4SS_MOBB	none	0	0		Bacteroidota	Muricauda
NZ_CP049616_484269..635674	ICE	151406	141	1	T4SS_MOBB,T4SS_MOBC,profile_MOBT	none	0	0		Bacteroidota	Muricauda
NZ_CP049616_786364..845373	ICE	59010	56	1	T4SS_MOBB	none	0	0		Bacteroidota	Muricauda
NZ_CP049716_1858312..1916502	ICE	58191	42	1	T4SS_MOBC	MPF_T	1	0	Eex_IncN	Proteobacteria	Klebsiella
NZ_CP049730_999843..1032912	NA	33070	35	1	T4SS_MOBC	none	0	0		Proteobacteria	Rhizobium
NZ_CP049740_178450..332329	ICE	153880	146	1	T4SS_MOBP1,profile_MOBM,profile_MOBT	MPF_FA	1	10		Firmicutes	Jeotgalibaca
NZ_CP049752_4195271..4209771	NA	14501	16	1	T4SS_MOBP1	none	0	0		Proteobacteria	Klebsiella
NZ_CP049753_1622203..1832522	ICE	210320	198	1	T4SS_MOBH,profile_MOBT	MPF_F	1	0	EexR	Proteobacteria	Proteus
NZ_CP049753_3999527..4035444	NA	35918	42	1	T4SS_MOBH	MPF_F	1	0		Proteobacteria	Proteus
NZ_CP049793_2670427..2696018	NA	25592	33	1	T4SS_MOBP1,profile_MOBT	none	0	0		Proteobacteria	Ralstonia
NZ_CP049795_1144794..1239532	NA	94739	108	1	T4SS_MOBH	MPF_F	1	0		Proteobacteria	Comamonas
NZ_CP049795_3477809..3819236	ICE	341428	310	1	T4SS_MOBP1	MPF_T	1	0	Eex_IncN	Proteobacteria	Comamonas
NZ_CP049795_371290..441122	ICE	69833	85	1	T4SS_MOBP1	MPF_T	1	0		Proteobacteria	Comamonas
NZ_CP049795_6525179..6613749	NA	88571	79	1	T4SS_MOBP1	none	0	0		Proteobacteria	Comamonas
NZ_CP049799_1548580..1577273	IME	28694	30	1	T4SS_MOBP1	none	0	0		Firmicutes	Streptococcus
NZ_CP049811_1829068..1845725	IME	16658	19	0	NA	none	0	0		Proteobacteria	Monaibacterium
NZ_CP049811_315144..328342	IME	13199	12	1	T4SS_MOBP1	none	0	0		Proteobacteria	Monaibacterium
NZ_CP049836_3677553..3709528	NA	31976	29	0	NA	none	0	0		Actinobacteriota	Gordonia
NZ_CP049838_6738778..6759075	AICE	20298	21	0	NA	none	0	0		Actinobacteriota	Streptomyces
NZ_CP049857_4270129..4293154	IME	23026	21	1	T4SS_MOBP1,T4SS_MOBP2,T4SS_MOBV	none	0	0		Bacteroidota	Dysgonomonas
NZ_CP049858_37296..99634	NA	62339	53	1	T4SS_MOBP1	none	0	0		Bacteroidota	Dysgonomonas
NZ_CP049858_3847835..3863252	NA	15418	14	1	T4SS_MOBP1,T4SS_MOBV	none	0	0		Bacteroidota	Dysgonomonas
NZ_CP049858_397275..422752	IME	25478	24	1	T4SS_MOBP1	none	0	0		Bacteroidota	Dysgonomonas
NZ_CP049861_2181401..2191825	NA	10425	14	1	T4SS_MOBC,profile_MOBT	none	0	0		Firmicutes	Erysipelothrix
NZ_CP049864_1805023..1830243	NA	25221	22	1	profile_MOBT	none	0	0		Proteobacteria	Lysobacter_B
NZ_CP049866_1954432..2105948	ICE	151517	154	1	profile_MOBF,profile_MOBM	none	0	1		Actinobacteriota	Nocardioides
NZ_CP049867_424805..501528	NA	76724	80	1	profile_MOBF	none	0	1		Actinobacteriota	Marmoricola_A
NZ_CP049885_1282959..1512757	ICE	229799	200	1	T4SS_MOBQ	none	0	1		Proteobacteria	Acidovorax_C
NZ_CP049885_1820632..1923822	ICE	103191	102	1	T4SS_MOBP1,profile_MOBT	MPF_T	1	0	Eex_IncN	Proteobacteria	Acidovorax_C
NZ_CP049888_18589..68681	ICE	50093	69	1	profile_MOBT	none	0	1		Firmicutes	Weissella
NZ_CP049888_692566..732086	NA	39521	53	1	T4SS_MOBH	none	0	0		Firmicutes	Weissella
NZ_CP049889_417151..607818	NA	190668	194	1	T4SS_MOBH	none	0	0		Firmicutes	Jeotgalibaca
NZ_CP049889_982082..1016197	NA	34116	40	0	NA	none	0	0		Firmicutes	Jeotgalibaca
NZ_CP049910_3627517..3672578	IME	45062	46	0	NA	none	0	0		Proteobacteria	Diaphorobacter_A
NZ_CP049910_3832393..3838730	NA	6338	6	0	NA	none	0	0		Proteobacteria	Diaphorobacter_A
NZ_CP049910_4922818..5006310	ICE	83493	80	1	T4SS_MOBP1	MPF_T	1	0	Eex_IncN	Proteobacteria	Diaphorobacter_A
NZ_CP049910_500921..633991	ICE	133071	103	1	T4SS_MOBH	MPF_F	1	0		Proteobacteria	Diaphorobacter_A
NZ_CP049910_5484509..5714699	ICE	230191	186	1	T4SS_MOBP1	MPF_T	1	0	Eex_IncN	Proteobacteria	Diaphorobacter_A
NZ_CP049916_1334578..1358548	IME	23971	20	1	T4SS_MOBQ	none	0	0		Proteobacteria	Acinetobacter
NZ_CP049933_1839898..1872622	NA	32725	33	1	profile_MOBF	none	0	1		Actinobacteriota	Leucobacter
NZ_CP049935_2044695..2054047	NA	9353	5	0	NA	none	0	0		Actinobacteriota	Phycicoccus
NZ_CP049935_2520198..2552222	NA	32025	28	0	NA	none	0	0		Actinobacteriota	Phycicoccus
NZ_CP049935_2865639..2892294	AICE	26656	27	0	NA	none	0	1		Actinobacteriota	Phycicoccus
NZ_CP049935_3094351..3107510	NA	13160	15	1	profile_MOBT	none	0	0		Actinobacteriota	Phycicoccus
NZ_CP049935_3341839..3371514	IME	29676	26	1	profile_MOBF	none	0	0		Actinobacteriota	Phycicoccus
NZ_CP049941_3180255..3337637	ICE	157383	135	1	T4SS_MOBH	MPF_F	1	0	EexR	Proteobacteria	Proteus
NZ_CP049941_3362763..3458808	ICE	96046	88	1	T4SS_MOBH	MPF_F	1	0		Proteobacteria	Proteus
NZ_CP049942_3351420..3445254	NA	93835	88	1	T4SS_MOBH	MPF_F	1	0		Proteobacteria	Proteus
NZ_CP049956_1069657..1171182	ICE	101526	115	1	T4SS_MOBH,profile_MOBT	MPF_F	1	0		Proteobacteria	Stenotrophomonas
NZ_CP049956_3241276..3257370	IME	16095	17	1	T4SS_MOBQ	none	0	0		Proteobacteria	Stenotrophomonas
NZ_CP049956_698185..863763	NA	165579	136	1	profile_MOBF	none	0	0		Proteobacteria	Stenotrophomonas
NZ_CP049957_295008..425999	ICE	130992	128	1	T4SS_MOBH,profile_MOBM,profile_MOBT	MPF_F	1	0		Proteobacteria	Bordetella
NZ_CP049958_160558..513071	ICE	352514	368	1	T4SS_MOBP1,T4SS_MOBQ,profile_MOBM,profile_MOBT	MPF_FA	1	8		Firmicutes_A	Clostridioides
NZ_CP049958_1836920..1887195	NA	50276	55	1	T4SS_MOBC,profile_MOBT	none	0	0		Firmicutes_A	Clostridioides
NZ_CP049958_2612772..2828561	NA	215790	222	1	T4SS_MOBB,profile_MOBT	MPF_FA	1	8		Firmicutes_A	Clostridioides
NZ_CP050009_2877194..3103181	ICE	225988	284	1	T4SS_MOBH,T4SS_MOBQ	MPF_F	1	0		Proteobacteria	Citrobacter_A
NZ_CP050009_862250..954401	ICE	92152	96	1	T4SS_MOBH	MPF_F	1	0		Proteobacteria	Citrobacter_A
NZ_CP050023_2704017..2739578	ICE	35562	34	1	T4SS_MOBC,profile_MOBT	MPF_FA	1	7		Firmicutes	Listeria
NZ_CP050027_708459..740288	IME	31830	36	1	T4SS_MOBP1,T4SS_MOBP2,T4SS_MOBV	none	0	0		Firmicutes	Listeria
NZ_CP050028_1603727..1747831	ICE	144105	147	1	T4SS_MOBP1,T4SS_MOBP2	MPF_FA	1	3		Firmicutes	Listeria
NZ_CP050029_2653148..2852106	ICE	198959	212	1	T4SS_MOBP1,T4SS_MOBP2	MPF_FA	1	3		Firmicutes	Listeria
NZ_CP050030_271695..307256	ICE	35562	34	1	T4SS_MOBC,profile_MOBT	MPF_FA	1	7		Firmicutes	Listeria
NZ_CP050036_1103077..1150335	IME	47259	52	1	T4SS_MOBP1	none	0	0		Proteobacteria	Escherichia
NZ_CP050044_1142972..1197183	NA	54212	55	1	T4SS_MOBP1	none	0	0		Proteobacteria	Escherichia
NZ_CP050062_2420539..2456620	NA	36082	42	1	T4SS_MOBQ	none	0	0		Proteobacteria	Stenotrophomonas
NZ_CP050073_2969784..2999907	IME	30124	35	1	T4SS_MOBQ	none	0	0		Proteobacteria	Enterobacter
NZ_CP050073_3331200..3351052	NA	19853	22	1	T4SS_MOBP1	none	0	0		Proteobacteria	Enterobacter
NZ_CP050108_2447453..2465762	NA	18310	14	1	T4SS_MOBQ	none	0	0		Proteobacteria	Rhizobium
NZ_CP050117_233616..252476	NA	18861	18	1	T4SS_MOBC	none	0	0		Deinococcota	Deinococcus
NZ_CP050121_55218..74079	NA	18862	17	1	T4SS_MOBC	none	0	0		Deinococcota	Deinococcus
NZ_CP050124_782435..816344	NA	33910	42	0	NA	none	0	0		Actinobacteriota	Rhodococcus
NZ_CP050136_601714..710662	NA	108949	127	1	profile_MOBF	none	0	1		Proteobacteria	Kingella
NZ_CP050137_324616..353515	NA	28900	34	1	T4SS_MOBP1	none	0	0		Proteobacteria	Sphingomonas
NZ_CP050139_385856..526634	NA	140779	152	1	T4SS_MOBH,T4SS_MOBQ,T4SS_MOBV	MPF_F	1	0		Proteobacteria	Komagataeibacter
NZ_CP050150_2802088..2821050	NA	18963	22	1	T4SS_MOBQ	none	0	0		Proteobacteria	Hafnia
NZ_CP050153_1787863..1793489	NA	5627	6	0	NA	none	0	0		Actinobacteriota	Brevibacterium
NZ_CP050154_2163076..2169279	NA	6204	5	0	NA	none	0	0		Actinobacteriota	Brevibacterium
NZ_CP050154_2884837..2971971	ICE	87135	86	1	profile_MOBF	none	0	1		Actinobacteriota	Brevibacterium
NZ_CP050171_1697181..1717096	NA	19916	24	1	T4SS_MOBQ,profile_MOBT	none	0	0		Proteobacteria	Serratia_A
NZ_CP050175_1062125..1149425	ICE	87301	83	1	T4SS_MOBP1,profile_MOBT	MPF_FA	1	18		Firmicutes	Streptococcus
NZ_CP050260_1287328..1347772	NA	60445	62	1	T4SS_MOBH	MPF_F	1	1		Proteobacteria	Pseudomonas_E
NZ_CP050270_1722506..1758689	NA	36184	44	1	profile_MOBT	none	0	0		Firmicutes	Streptococcus
NZ_CP050291_3561687..3810289	NA	248603	244	1	T4SS_MOBP1	none	0	0		Proteobacteria	Pseudomonas_E
NZ_CP050301_1554615..1653862	ICE	99248	104	1	T4SS_MOBP1	MPF_T	1	0		Proteobacteria	Phyllobacterium
NZ_CP050308_133399..193692	NA	60294	70	1	T4SS_MOBQ,profile_MOBT	none	0	0		Proteobacteria	Rhizobium
NZ_CP050323_4773728..4907130	ICE	133403	134	1	T4SS_MOBH	MPF_F	1	0		Proteobacteria	Pseudomonas
NZ_CP050323_6024184..6116737	ICE	92554	95	1	T4SS_MOBP1	MPF_T	1	0	Eex_IncN	Proteobacteria	Pseudomonas
NZ_CP050324_4541378..4641366	ICE	99989	114	1	T4SS_MOBH	MPF_F	1	0		Proteobacteria	Pseudomonas
NZ_CP050325_2156567..2238624	NA	82058	90	1	T4SS_MOBH	MPF_F	1	0		Proteobacteria	Pseudomonas
NZ_CP050325_5189834..5323960	ICE	134127	139	1	T4SS_MOBH	MPF_F	1	0		Proteobacteria	Pseudomonas
NZ_CP050326_1485181..1576042	NA	90862	92	1	T4SS_MOBP1	MPF_T	1	0	Eex_IncN	Proteobacteria	Pseudomonas
NZ_CP050326_1782369..1869892	ICE	87524	108	1	T4SS_MOBH	MPF_F	1	0		Proteobacteria	Pseudomonas
NZ_CP050326_5884653..5940031	NA	55379	50	1	T4SS_MOBP1	MPF_T	1	0	Eex_IncN	Proteobacteria	Pseudomonas
NZ_CP050328_887124..999929	ICE	112806	119	1	T4SS_MOBH	MPF_F	1	0		Proteobacteria	Pseudomonas
NZ_CP050331_2295805..2366452	NA	70648	71	1	T4SS_MOBH	MPF_F	1	0		Proteobacteria	Pseudomonas
NZ_CP050331_4591318..4686549	ICE	95232	110	1	T4SS_MOBH	MPF_F	1	0		Proteobacteria	Pseudomonas
NZ_CP050332_2451750..2566020	NA	114271	138	1	T4SS_MOBP1	MPF_T	1	0	Eex_IncN	Proteobacteria	Pseudomonas
NZ_CP050332_2816098..2951414	ICE	135317	138	1	T4SS_MOBH	MPF_F	1	0		Proteobacteria	Pseudomonas
NZ_CP050332_4888692..4983889	ICE	95198	122	1	T4SS_MOBH	MPF_F	1	1		Proteobacteria	Pseudomonas
NZ_CP050332_5650141..5750531	ICE	100391	112	1	T4SS_MOBH	MPF_F	1	0		Proteobacteria	Pseudomonas
NZ_CP050335_5226206..5363049	ICE	136844	141	1	T4SS_MOBH	MPF_F	1	0		Proteobacteria	Pseudomonas
NZ_CP050336_746287..803628	NA	57342	66	1	T4SS_MOBH,profile_MOBT	MPF_F	1	0		Proteobacteria	Klebsiella
NZ_CP050371_5008387..5067211	NA	58825	69	1	T4SS_MOBH,profile_MOBT	MPF_F	1	0		Proteobacteria	Klebsiella
NZ_CP050376_3540106..3599361	ICE	59256	44	1	T4SS_MOBC	MPF_T	1	0	Eex_IncN	Proteobacteria	Klebsiella
NZ_CP050424_489575..529114	NA	39540	52	1	profile_MOBT	MPF_FA	1	7	DUF4467	Firmicutes	Bacillus
NZ_CP050440_2156646..2234494	NA	77849	68	1	profile_MOBF,profile_MOBT	none	0	0		Cyanobacteria	Aulosira
NZ_CP050447_3516916..3602524	ICE	85609	85	1	T4SS_MOBH	MPF_F	1	0		Proteobacteria	Serratia
NZ_CP050453_2482656..2581042	ICE	98387	96	1	profile_MOBF	none	0	1		Actinobacteriota	Microbacterium
NZ_CP050485_3027160..3094417	NA	67258	75	1	profile_MOBT	none	0	0		Firmicutes	Enterococcus_D
NZ_CP050485_310121..353213	NA	43093	48	1	T4SS_MOBP1	MPF_FA	1	4		Firmicutes	Enterococcus_D
NZ_CP050485_3527590..3607576	NA	79987	85	1	profile_MOBT	MPF_FA	1	6		Firmicutes	Enterococcus_D
NZ_CP050485_597977..655986	ICE	58010	58	1	profile_MOBT	MPF_FA	1	8		Firmicutes	Enterococcus_D
NZ_CP050490_2821887..2852499	ICE	30613	28	1	profile_MOBT	MPF_FA	1	8		Firmicutes	Enterococcus_D
NZ_CP050504_3335393..3341049	NA	5657	8	0	NA	none	0	0		Actinobacteriota	Streptomyces
NZ_CP050504_3697454..3709388	NA	11935	17	0	NA	none	0	0		Actinobacteriota	Streptomyces
NZ_CP050504_4316441..4332153	NA	15713	19	0	NA	none	0	0		Actinobacteriota	Streptomyces
NZ_CP050504_4862146..4896972	NA	34827	39	1	T4SS_MOBP1,profile_MOBT	none	0	0		Actinobacteriota	Streptomyces
NZ_CP050504_8478163..8508931	NA	30769	30	1	T4SS_MOBC,T4SS_MOBP1	none	0	0		Actinobacteriota	Streptomyces
NZ_CP050508_1927818..2006743	ICE	78926	72	1	T4SS_MOBC	MPF_T	1	0	Eex_IncN	Proteobacteria	Klebsiella
NZ_CP050509_4810463..4853509	NA	43047	41	0	NA	none	0	0		Firmicutes	Peribacillus
NZ_CP050522_5809912..5831074	AICE	21163	22	0	NA	none	0	0		Actinobacteriota	Streptomyces
NZ_CP050692_3718574..3734527	NA	15954	19	0	NA	none	0	0		Actinobacteriota	Streptomyces
NZ_CP050692_5086793..5105715	NA	18923	22	0	NA	none	0	0		Actinobacteriota	Streptomyces
NZ_CP050692_5805566..5823624	NA	18059	21	1	profile_MOBT	none	0	0		Actinobacteriota	Streptomyces
NZ_CP050692_6120226..6126963	NA	6738	11	0	NA	none	0	0		Actinobacteriota	Streptomyces
NZ_CP050695_819967..940831	NA	120865	114	1	T4SS_MOBH,profile_MOBM	MPF_F	1	0		Proteobacteria	Aquisalimonas
NZ_CP050699_2944083..2993779	IME	49697	36	1	profile_MOBF	none	0	0		Desulfobacterota	Desulfopila
NZ_CP050699_3468675..3483762	NA	15088	13	1	profile_MOBF	none	0	0		Desulfobacterota	Desulfopila
NZ_CP050699_5124818..5382619	NA	257802	200	1	T4SS_MOBC	none	0	0		Desulfobacterota	Desulfopila
NZ_CP050771_1898467..1932899	IME	34433	38	1	T4SS_MOBQ	none	0	0		Proteobacteria	Salmonella
NZ_CP050811_4653242..4660378	NA	7137	10	1	T4SS_MOBP1	none	0	0		Proteobacteria	Yokenella
NZ_CP050811_519114..939233	NA	420120	408	1	T4SS_MOBP1,profile_MOBT	none	0	2		Proteobacteria	Yokenella
NZ_CP050831_1262783..1293746	NA	30964	18	1	T4SS_MOBV	none	0	0		Bacteroidota	Bacteroides
NZ_CP050831_2510708..2567191	IME	56484	59	1	T4SS_MOBP1	none	0	0		Bacteroidota	Bacteroides
NZ_CP050840_1044027..1073430	IME	29404	29	1	T4SS_MOBC,T4SS_MOBP1	none	0	1		Proteobacteria	Klebsiella
NZ_CP050840_2971068..2994662	NA	23595	22	0	NA	none	0	0		Proteobacteria	Klebsiella
NZ_CP050854_4086785..4089568	NA	2784	2	1	T4SS_MOBH	none	0	0		Proteobacteria	Brenneria
NZ_CP050855_379859..399033	IME	19175	16	1	T4SS_MOBH	none	0	0		Proteobacteria	Serratia
NZ_CP050855_845346..887605	NA	42260	51	1	T4SS_MOBP1	none	0	0		Proteobacteria	Serratia
NZ_CP050858_2506067..2570762	ICE	64696	50	1	T4SS_MOBC	MPF_T	1	0	Eex_IncN	Proteobacteria	Klebsiella
NZ_CP050902_27811..42719	IME	14909	17	1	profile_MOBF	none	0	0		Actinobacteriota	Nocardioides
NZ_CP050974_12022785..12068983	NA	46199	50	0	NA	none	0	0		Actinobacteriota	Streptomyces
NZ_CP050974_5734542..5750117	NA	15576	17	0	NA	none	0	0		Actinobacteriota	Streptomyces
NZ_CP050974_7506111..7526166	NA	20056	26	0	NA	none	0	0		Actinobacteriota	Streptomyces
NZ_CP050975_3394078..3408715	NA	14638	15	0	NA	none	0	0		Actinobacteriota	Streptomyces
NZ_CP050975_4499152..4523653	NA	24502	25	0	NA	none	0	0		Actinobacteriota	Streptomyces
NZ_CP050975_4544808..4557241	NA	12434	15	0	NA	none	0	0		Actinobacteriota	Streptomyces
NZ_CP050975_6106640..6141559	AICE	34920	33	0	NA	none	0	0		Actinobacteriota	Streptomyces
NZ_CP050975_8852879..8884848	NA	31970	43	0	NA	none	0	0		Actinobacteriota	Streptomyces
NZ_CP050993_2047844..2197524	ICE	149681	137	1	T4SS_MOBP1,profile_MOBT	MPF_T	1	1		Bacteroidota	Epilithonimonas
NZ_CP050993_2786711..2820617	IME	33907	38	1	T4SS_MOBP1	none	0	0		Bacteroidota	Epilithonimonas
NZ_CP050993_407079..435362	IME	28284	25	1	T4SS_MOBP1	none	0	0		Bacteroidota	Epilithonimonas
NZ_CP050993_509438..524287	NA	14850	17	1	T4SS_MOBP1	none	0	0		Bacteroidota	Epilithonimonas
NZ_CP051004_1766767..1811128	ICE	44362	42	1	profile_MOBT	MPF_FA	1	8		Firmicutes	Streptococcus
NZ_CP051005_838746..881904	ICE	43159	45	1	profile_MOBT	MPF_FA	1	7		Firmicutes	Enterococcus
NZ_CP051006_1698970..1741960	NA	42991	54	1	T4SS_MOBP1	none	0	0		Actinobacteriota	Streptomyces
NZ_CP051006_4884953..4914648	NA	29696	32	1	T4SS_MOBP1	none	0	0		Actinobacteriota	Streptomyces
NZ_CP051006_5266304..5278928	NA	12625	19	0	NA	none	0	0		Actinobacteriota	Streptomyces
NZ_CP051006_6040247..6049899	NA	9653	9	0	NA	none	0	0		Actinobacteriota	Streptomyces
NZ_CP051131_1702405..1740220	NA	37816	43	1	T4SS_MOBQ	none	0	0		Proteobacteria	Parasphingopyxis
NZ_CP051132_2472028..2568310	NA	96283	103	1	T4SS_MOBH	MPF_F	1	1		Proteobacteria	Enterobacter
NZ_CP051154_2829612..2840757	IME	11146	11	1	profile_MOBF	none	0	0		Actinobacteriota	Leifsonia
NZ_CP051154_327156..364753	NA	37598	38	1	T4SS_MOBC,profile_MOBF	none	0	0		Actinobacteriota	Leifsonia
NZ_CP051154_3302943..3346097	NA	43155	48	1	profile_MOBF	none	0	0		Actinobacteriota	Leifsonia
NZ_CP051160_813304..870760	NA	57457	69	1	T4SS_MOBH,profile_MOBT	MPF_F	1	0		Proteobacteria	Klebsiella
NZ_CP051162_975546..1091174	NA	115629	139	1	profile_MOBT	none	0	0		Firmicutes	Geobacillus
NZ_CP051171_2616820..2669059	NA	52240	56	1	T4SS_MOBP1,profile_MOBT	MPF_T	1	0		Proteobacteria	Ralstonia
NZ_CP051171_3031248..3043208	NA	11961	16	1	T4SS_MOBP1	none	0	0		Proteobacteria	Ralstonia
NZ_CP051204_1118918..1140302	IME	21385	26	1	T4SS_MOBP1,profile_MOBT	none	0	0		Bacteroidota	Chitinophaga
NZ_CP051204_5594194..5600305	NA	6112	8	1	T4SS_MOBP1,profile_MOBT	none	0	0		Bacteroidota	Chitinophaga
NZ_CP051205_8476220..8484445	NA	8226	10	1	T4SS_MOBP1,profile_MOBT	none	0	0		Bacteroidota	Chitinophaga
NZ_CP051206_2003640..2205823	ICE	202184	225	0	NA	none	0	2		Cyanobacteria	Dolichospermum
NZ_CP051217_437141..470346	NA	33206	28	1	profile_MOBF	none	0	0		Proteobacteria	Parasphingorhabdus
NZ_CP051260_3316049..3482657	ICE	166609	158	1	T4SS_MOBH,profile_MOBT	MPF_F	1	0	EexR	Proteobacteria	Proteus
NZ_CP051261_2570377..2613210	IME	42834	39	1	T4SS_MOBQ	none	0	0		Proteobacteria	Xanthomonas_A
NZ_CP051291_1018143..1078454	NA	60312	62	1	T4SS_MOBP1	none	0	0		Campylobacterota	Helicobacter
NZ_CP051292_521306..635450	ICE	114145	95	1	T4SS_MOBP1	MPF_T	1	1		Campylobacterota	Helicobacter
NZ_CP051293_2409950..2419963	NA	10014	8	1	T4SS_MOBQ,profile_MOBT	none	0	0		Proteobacteria	Mesorhizobium
NZ_CP051298_1623589..1668376	NA	44788	42	1	T4SS_MOBH	none	0	0		Proteobacteria	Alicycliphilus
NZ_CP051329_925322..1045494	ICE	120173	143	1	T4SS_MOBH,profile_MOBT	MPF_F	1	0		Proteobacteria	Salmonella
NZ_CP051338_4016953..4110940	NA	93988	99	1	T4SS_MOBH	MPF_F	1	1		Proteobacteria	Salmonella
NZ_CP051342_3007404..3031613	IME	24210	28	1	T4SS_MOBQ	none	0	0		Proteobacteria	Salmonella
NZ_CP051353_1284622..1522197	ICE	237576	230	1	T4SS_MOBP1	none	0	0		Proteobacteria	Salmonella
NZ_CP051356_2006636..2028116	NA	21481	25	1	T4SS_MOBQ	none	0	0		Proteobacteria	Salmonella
NZ_CP051413_925823..1046019	ICE	120197	146	1	T4SS_MOBH,profile_MOBT	MPF_F	1	0		Proteobacteria	Salmonella
NZ_CP051416_4027248..4046333	NA	19086	20	1	T4SS_MOBP1	none	0	0		Proteobacteria	Salmonella
NZ_CP051427_2259675..2324923	ICE	65249	69	1	T4SS_MOBH,profile_MOBT	MPF_F	1	0		Proteobacteria	Klebsiella
NZ_CP051429_1479413..1536086	ICE	56674	54	1	T4SS_MOBC,profile_MOBT	MPF_T	1	0	Eex_IncN	Proteobacteria	Dickeya
NZ_CP051429_824762..876811	ICE	52050	53	1	T4SS_MOBP1	MPF_T	1	0	Eex_IncN	Proteobacteria	Dickeya
NZ_CP051462_527092..554122	ICE	27031	34	1	profile_MOBT	MPF_FA	1	7	DUF4467	Firmicutes	Bacillus
NZ_CP051464_531699..545457	NA	13759	18	1	profile_MOBT	none	0	3		Firmicutes	Bacillus
NZ_CP051467_3166495..3330872	ICE	164378	153	1	T4SS_MOBP1	MPF_T	1	0	Eex_IncN	Proteobacteria	Stenotrophomonas
NZ_CP051486_107728..121553	NA	13826	17	0	NA	none	0	0		Actinobacteriota	Streptomyces
NZ_CP051486_2380502..2415114	NA	34613	31	1	T4SS_MOBP1	none	0	0		Actinobacteriota	Streptomyces
NZ_CP051486_6642143..6667730	NA	25588	26	1	profile_MOBF	none	0	0		Actinobacteriota	Streptomyces
NZ_CP051486_7941466..7962206	NA	20741	24	1	T4SS_MOBP1	none	0	0		Actinobacteriota	Streptomyces
NZ_CP051486_8250454..8259502	NA	9049	14	0	NA	none	0	0		Actinobacteriota	Streptomyces
NZ_CP051488_3062734..3105894	NA	43161	45	1	T4SS_MOBC	MPF_T	1	0	Eex_IncN	Proteobacteria	Kosakonia
NZ_CP051488_412197..492992	ICE	80796	82	1	T4SS_MOBH	MPF_F	1	0		Proteobacteria	Kosakonia
NZ_CP051490_1264386..1288779	IME	24394	25	1	T4SS_MOBP1	none	0	0		Proteobacteria	Klebsiella
NZ_CP051494_1230605..1274251	ICE	43647	37	0	NA	MPF_T	1	0		Campylobacterota	Helicobacter
NZ_CP051497_1080766..1207053	ICE	126288	115	1	T4SS_MOBP1	MPF_T	1	0		Campylobacterota	Helicobacter
NZ_CP051502_413763..468544	IME	54782	62	1	T4SS_MOBP1	none	0	0		Campylobacterota	Helicobacter
NZ_CP051504_253025..340158	ICE	87134	73	1	T4SS_MOBP1	MPF_T	1	0		Campylobacterota	Helicobacter
NZ_CP051507_1270329..1486006	ICE	215678	219	1	T4SS_MOBP1	MPF_T	1	0		Campylobacterota	Helicobacter
NZ_CP051510_987259..1046750	ICE	59492	67	1	T4SS_MOBP1	MPF_T	1	0		Campylobacterota	Helicobacter
NZ_CP051535_1413053..1483686	ICE	70634	68	1	T4SS_MOBP1	none	0	1		Campylobacterota	Helicobacter
NZ_CP051540_985990..1052786	ICE	66797	62	1	T4SS_MOBP1	MPF_T	1	0		Campylobacterota	Helicobacter
NZ_CP051623_1522599..1558138	NA	35540	36	1	profile_MOBT	MPF_FA	1	4		Firmicutes	Streptococcus
NZ_CP051623_290531..325794	NA	35264	43	1	T4SS_MOBV,profile_MOBT	none	0	0		Firmicutes	Streptococcus
NZ_CP051624_1310062..1376324	ICE	66263	62	1	T4SS_MOBP1,T4SS_MOBQ,profile_MOBM	MPF_F	1	5		Firmicutes	Streptococcus
NZ_CP051625_3054404..3074101	NA	19698	20	1	T4SS_MOBH	none	0	0		Proteobacteria	Pseudomonas_D
NZ_CP051626_1961295..1964406	NA	3112	4	1	T4SS_MOBP1	none	0	0		Actinobacteriota	Brevibacterium
NZ_CP051630_2479201..2562473	ICE	83273	66	1	T4SS_MOBP1,profile_MOBT	MPF_T	1	0		Proteobacteria	Pyruvatibacter
NZ_CP051652_1680035..1705896	NA	25862	25	1	T4SS_MOBP1	none	0	0		Proteobacteria	Pectobacterium
NZ_CP051652_3765173..3773918	NA	8746	10	1	T4SS_MOBC	none	0	0		Proteobacteria	Pectobacterium
NZ_CP051672_1295669..1396210	NA	100542	110	1	T4SS_MOBP1	none	0	0		Bacteroidota	Parabacteroides
NZ_CP051672_2223848..2381520	ICE	157673	155	1	T4SS_MOBP1	none	0	0		Bacteroidota	Parabacteroides
NZ_CP051672_2470458..2561752	ICE	91295	107	1	T4SS_MOBP1	none	0	1		Bacteroidota	Parabacteroides
NZ_CP051672_2697849..2709926	NA	12078	18	1	T4SS_MOBB,T4SS_MOBP1	none	0	0		Bacteroidota	Parabacteroides
NZ_CP051672_3389695..3393194	NA	3500	3	1	T4SS_MOBV	none	0	0		Bacteroidota	Parabacteroides
NZ_CP051672_4163319..4190009	IME	26691	24	1	T4SS_MOBB,T4SS_MOBP1	none	0	0		Bacteroidota	Parabacteroides
NZ_CP051672_783267..872090	ICE	88824	101	1	T4SS_MOBP1	none	0	0		Bacteroidota	Parabacteroides
NZ_CP051682_1659132..1693145	IME	34014	27	1	T4SS_MOBP1,profile_MOBT	none	0	0		Bacteroidota	Mucilaginibacter
NZ_CP051682_1956073..2113859	ICE	157787	170	1	T4SS_MOBP1	none	0	0		Bacteroidota	Mucilaginibacter
NZ_CP051685_5436362..5487869	IME	51508	46	1	profile_MOBF	none	0	0		Proteobacteria	Massilia
NZ_CP051700_248337..314629	IME	66293	70	1	T4SS_MOBQ	none	0	0		Proteobacteria	Escherichia
NZ_CP051706_1947790..1998141	IME	50352	57	1	T4SS_MOBQ	none	0	0		Proteobacteria	Escherichia
NZ_CP051716_1112553..1164994	IME	52442	53	1	T4SS_MOBP1	none	0	0		Proteobacteria	Escherichia
NZ_CP051716_2132422..2453019	ICE	320598	305	1	profile_MOBT	none	0	2		Proteobacteria	Escherichia
NZ_CP051738_1995647..2023501	IME	27855	33	1	T4SS_MOBQ,profile_MOBT	none	0	0		Proteobacteria	Escherichia
NZ_CP051751_1296559..1329434	NA	32876	38	1	T4SS_MOBQ	none	0	0		Proteobacteria	Escherichia
NZ_CP051765_4084680..4147977	ICE	63298	64	1	T4SS_MOBH,profile_MOBT	MPF_F	1	0		Proteobacteria	Escherichia
NZ_CP051858_2568238..2600861	IME	32624	39	1	T4SS_MOBH	none	0	0		Firmicutes	Bacillus_A
NZ_CP051858_2884832..2909764	NA	24933	30	1	profile_MOBT	none	0	0		Firmicutes	Bacillus_A
NZ_CP052088_3024400..3047531	NA	23132	30	1	T4SS_MOBP1	none	0	0		Proteobacteria	Ralstonia
NZ_CP052126_664383..671833	NA	7451	7	1	T4SS_MOBQ	none	0	0		Proteobacteria	Ralstonia
NZ_CP052132_3329776..3453405	NA	123630	106	1	profile_MOBF	none	0	0		Proteobacteria	Burkholderia
NZ_CP052759_5452012..5498420	ICE	46409	55	1	T4SS_MOBH	MPF_F	1	0		Proteobacteria	Pseudomonas
NZ_CP052759_892657..902445	NA	9789	22	0	NA	none	0	0		Proteobacteria	Pseudomonas
NZ_CP052854_1263996..1316994	NA	52999	78	0	NA	none	0	0		Proteobacteria	Xylella
NZ_CP052860_4810335..4955205	NA	144871	151	1	T4SS_MOBH,profile_MOBT	MPF_F	1	0		Proteobacteria	Pseudomonas_E
NZ_CP052863_275369..291597	NA	16229	20	1	T4SS_MOBQ,profile_MOBT	none	0	0		Proteobacteria	Stenotrophomonas
NZ_CP052863_3142751..3401290	ICE	258540	218	1	T4SS_MOBQ,T4SS_MOBV	none	0	1		Proteobacteria	Stenotrophomonas
NZ_CP052863_3684064..3704484	NA	20421	24	1	T4SS_MOBQ	none	0	0		Proteobacteria	Stenotrophomonas
NZ_CP052867_3241843..3255284	NA	13442	18	1	T4SS_MOBP1,profile_MOBT	none	0	0		Proteobacteria	Burkholderia
NZ_CP053016_744183..800324	NA	56142	64	1	T4SS_MOBH,profile_MOBT	MPF_F	1	0		Proteobacteria	Klebsiella
NZ_CP053030_815364..889688	NA	74325	82	1	T4SS_MOBH	MPF_F	1	0		Proteobacteria	Pseudomonas_E
NZ_CP053032_617889..716687	ICE	98799	100	1	T4SS_MOBH	MPF_F	1	0		Proteobacteria	Halomonas
NZ_CP053044_1801351..2011149	NA	209799	184	1	T4SS_MOBC	none	0	1		Proteobacteria	Proteus
NZ_CP053074_1268228..1333268	ICE	65041	60	1	T4SS_MOBP1,T4SS_MOBQ,profile_MOBM	MPF_F	1	6		Firmicutes	Streptococcus
NZ_CP053074_256697..283114	NA	26418	30	1	profile_MOBT	none	0	0		Firmicutes	Streptococcus
NZ_CP053075_1182073..1231148	IME	49076	52	1	T4SS_MOBP1	none	0	0		Firmicutes	Staphylococcus
NZ_CP053075_2180024..2205189	ICE	25166	26	1	profile_MOBT	none	0	7		Firmicutes	Staphylococcus
NZ_CP053079_2106636..2133464	IME	26829	25	1	T4SS_MOBQ	none	0	0		Proteobacteria	Escherichia
NZ_CP053086_605352..674295	NA	68944	75	0	NA	none	0	1		Proteobacteria	Pelagibacterium
NZ_CP053101_1334408..1415753	NA	81346	79	1	profile_MOBT	MPF_FA	1	6	DUF4467	Firmicutes	Staphylococcus
NZ_CP053101_2538741..2605051	ICE	66311	68	1	profile_MOBT	MPF_FA	1	7	DUF4467	Firmicutes	Staphylococcus
NZ_CP053103_3904246..3977936	NA	73691	86	1	T4SS_MOBH	MPF_F	1	0		Proteobacteria	Enterobacter
NZ_CP053109_3688665..3694003	NA	5339	5	0	NA	none	0	0		Actinobacteriota	Streptomyces
NZ_CP053109_4699313..4711268	NA	11956	14	0	NA	none	0	0		Actinobacteriota	Streptomyces
NZ_CP053109_4874923..4892586	NA	17664	19	0	NA	none	0	0		Actinobacteriota	Streptomyces
NZ_CP053109_5394064..5407508	NA	13445	17	0	NA	none	0	0		Actinobacteriota	Streptomyces
NZ_CP053189_2532551..2567810	AICE	35260	36	1	profile_MOBT	none	0	1		Actinobacteriota	Streptomyces
NZ_CP053189_5020257..5026591	NA	6335	10	0	NA	none	0	0		Actinobacteriota	Streptomyces
NZ_CP053190_3490354..3509594	NA	19241	20	1	T4SS_MOBP1	none	0	0		Proteobacteria	Enterobacter
NZ_CP053210_968213..1003741	IME	35529	33	1	T4SS_MOBP1,profile_MOBT	none	0	0		Firmicutes	Streptococcus
NZ_CP053222_1448032..1533897	ICE	85866	79	1	profile_MOBF	MPF_F	1	0		Proteobacteria	Sphingobium
NZ_CP053222_2395875..2472672	NA	76798	82	1	T4SS_MOBP1	MPF_T	1	0		Proteobacteria	Sphingobium
NZ_CP053222_969548..1174967	ICE	205420	197	1	profile_MOBF,profile_MOBT	MPF_F	1	0		Proteobacteria	Sphingobium
NZ_CP053228_644020..664335	NA	20316	22	1	T4SS_MOBV	none	0	0		Firmicutes_A	Blautia
NZ_CP053229_1023572..1046285	NA	22714	21	1	T4SS_MOBP1	none	0	0		Firmicutes_A	Enterocloster
NZ_CP053229_3221322..3295910	NA	74589	74	1	T4SS_MOBP1	none	0	1		Firmicutes_A	Enterocloster
NZ_CP053229_5323201..5325152	NA	1952	2	1	profile_MOBM,profile_MOBT	none	0	0		Firmicutes_A	Enterocloster
NZ_CP053229_5503904..5511787	NA	7884	7	1	T4SS_MOBP1	none	0	0		Firmicutes_A	Enterocloster
NZ_CP053229_5922814..6129167	NA	206354	185	1	profile_MOBT	none	0	7		Firmicutes_A	Enterocloster
NZ_CP053229_6250311..6314988	IME	64678	52	1	T4SS_MOBP1,profile_MOBT	none	0	1		Firmicutes_A	Enterocloster
NZ_CP053234_2078803..2161828	ICE	83026	99	1	T4SS_MOBH	MPF_F	1	0		Proteobacteria	Escherichia
NZ_CP053234_984132..996027	NA	11896	10	1	T4SS_MOBQ	none	0	0		Proteobacteria	Escherichia
NZ_CP053247_4235950..4281494	IME	45545	26	1	T4SS_MOBC	none	0	0		Proteobacteria	Escherichia
NZ_CP053291_29576..49968	NA	20393	26	1	T4SS_MOBP1	MPF_FA	1	6		Actinobacteriota	Trueperella
NZ_CP053293_463499..513189	IME	49691	36	0	NA	none	0	0		Firmicutes_A	Clostridium
NZ_CP053296_2074513..2109733	IME	35221	37	1	T4SS_MOBQ	none	0	0		Proteobacteria	Escherichia
NZ_CP053304_125571..268374	NA	142804	175	0	NA	none	0	0		Firmicutes	Spiroplasma
NZ_CP053304_28716..113355	ICE	84640	90	1	T4SS_MOBV	none	0	0		Firmicutes	Spiroplasma
NZ_CP053304_314204..361316	ICE	47113	60	1	T4SS_MOBV	none	0	0		Firmicutes	Spiroplasma
NZ_CP053336_1994316..2057081	ICE	62766	70	1	T4SS_MOBH,profile_MOBT	MPF_F	1	0		Proteobacteria	Salmonella
NZ_CP053337_569693..595170	NA	25478	17	1	T4SS_MOBH	none	0	0		Firmicutes	Lactiplantibacillus
NZ_CP053346_2668797..2697449	NA	28653	28	1	profile_MOBF	none	0	0		Proteobacteria	Sphingomonas_I
NZ_CP053346_3191551..3225226	NA	33676	31	1	T4SS_MOBQ	none	0	0		Proteobacteria	Sphingomonas_I
NZ_CP053346_3904328..3911463	NA	7136	5	1	profile_MOBF	none	0	0		Proteobacteria	Sphingomonas_I
NZ_CP053346_67307..88564	IME	21258	15	1	T4SS_MOBQ,profile_MOBT	none	0	0		Proteobacteria	Sphingomonas_I
NZ_CP053346_676914..717810	NA	40897	37	1	T4SS_MOBQ	none	0	0		Proteobacteria	Sphingomonas_I
NZ_CP053346_786886..1033119	ICE	246234	246	1	T4SS_MOBP1	MPF_T	1	0		Proteobacteria	Sphingomonas_I
NZ_CP053350_3756496..3913570	ICE	157075	113	1	T4SS_MOBB	none	0	0		Bacteroidota	Winogradskyella
NZ_CP053351_80352..206791	ICE	126440	127	1	T4SS_MOBB	none	0	0		Bacteroidota	Winogradskyella
NZ_CP053364_2383873..2441919	NA	58047	68	1	T4SS_MOBH,profile_MOBT	MPF_F	1	0		Proteobacteria	Klebsiella
NZ_CP053371_1733115..1976071	NA	242957	228	1	T4SS_MOBC	none	0	0		Proteobacteria	Proteus
NZ_CP053382_477127..479266	NA	2140	2	1	T4SS_MOBH	none	0	0		Proteobacteria	Halomonas
NZ_CP053383_1149057..1400895	ICE	251839	208	1	T4SS_MOBP1,T4SS_MOBQ,T4SS_MOBV,profile_MOBT	none	0	1	Eex_IncN	Proteobacteria	Halomonas
NZ_CP053396_3347..208396	ICE	205050	183	1	T4SS_MOBP1	MPF_T	1	1		Campylobacterota	Helicobacter
NZ_CP053398_1870494..1926317	ICE	55824	62	1	T4SS_MOBC	MPF_T	1	0	Eex_IncN	Proteobacteria	Serratia
NZ_CP053439_1673941..1721615	ICE	47675	48	1	T4SS_MOBP1	none	0	0		Proteobacteria	Rhizobium
NZ_CP053452_3142623..3188610	NA	45988	55	1	profile_MOBF	none	0	0		Planctomycetota	Gemmata
NZ_CP053553_2024625..2279930	ICE	255306	229	1	T4SS_MOBH,profile_MOBT	MPF_F	1	0		Proteobacteria	Diaphorobacter
NZ_CP053562_2548801..2563477	IME	14677	9	1	T4SS_MOBV	none	0	0		Proteobacteria	Thioclava
NZ_CP053562_292331..315632	NA	23302	24	0	NA	none	0	0		Proteobacteria	Thioclava
NZ_CP053562_3466613..3517895	NA	51283	54	1	T4SS_MOBV	none	0	0		Proteobacteria	Thioclava
NZ_CP053564_1342413..1375138	IME	32726	33	1	profile_MOBF	none	0	0		Actinobacteriota	Pseudonocardia
NZ_CP053564_2229503..2234338	NA	4836	4	0	NA	none	0	0		Actinobacteriota	Pseudonocardia
NZ_CP053564_4024294..4045944	NA	21651	24	1	T4SS_MOBP1	none	0	0		Actinobacteriota	Pseudonocardia
NZ_CP053564_4190270..4222567	NA	32298	23	0	NA	none	0	0		Actinobacteriota	Pseudonocardia
NZ_CP053564_455604..469467	NA	13864	9	1	profile_MOBF	none	0	0		Actinobacteriota	Pseudonocardia
NZ_CP053579_2613336..2635037	NA	21702	25	1	T4SS_MOBH	none	0	0		Proteobacteria	Salmonella
NZ_CP053581_1928289..2319124	ICE	390836	382	0	NA	none	0	1		Proteobacteria	Salmonella
NZ_CP053581_469849..573145	ICE	103297	104	1	T4SS_MOBH,profile_MOBT	MPF_F	1	0		Proteobacteria	Salmonella
NZ_CP053585_4388581..4413213	NA	24633	26	1	T4SS_MOBQ,profile_MOBT	none	0	0		Proteobacteria	Salmonella
NZ_CP053616_102163..302053	ICE	199891	180	1	T4SS_MOBH,profile_MOBT	MPF_F	1	0	EexR	Proteobacteria	Proteus
NZ_CP053642_802715..831696	NA	28982	31	1	T4SS_MOBP1	none	0	0		Actinobacteriota	Actinomyces
NZ_CP053660_2535432..2617224	NA	81793	70	1	profile_MOBF	none	0	1		Actinobacteriota	Nocardioides
NZ_CP053664_635914..842212	ICE	206299	181	1	T4SS_MOBP1,profile_MOBT	none	0	0		Proteobacteria	Vibrio
NZ_CP053665_344843..564623	ICE	219781	232	0	NA	none	0	0		Proteobacteria	Vibrio
NZ_CP053665_577538..912060	NA	334523	304	1	profile_MOBM	none	0	0		Proteobacteria	Vibrio
NZ_CP053671_290235..306993	NA	16759	23	1	profile_MOBT	none	0	2		Firmicutes	Lactococcus
NZ_CP053683_773079..938747	ICE	165669	150	1	T4SS_MOBH,profile_MOBT	MPF_F	1	0	EexR	Proteobacteria	Proteus
NZ_CP053684_3745759..3891445	ICE	145687	127	1	T4SS_MOBH	MPF_F	1	0	EexR	Proteobacteria	Proteus
NZ_CP053685_372221..571819	ICE	199599	183	1	T4SS_MOBH,profile_MOBT	MPF_F	1	0	EexR	Proteobacteria	Proteus
NZ_CP053688_1449576..1488111	IME	38536	49	1	T4SS_MOBC	none	0	0		Firmicutes	Gottfriedia
NZ_CP053706_1932450..2023847	ICE	91398	95	1	T4SS_MOBH	MPF_F	1	0		Proteobacteria	Pseudomonas
NZ_CP053706_217724..416038	ICE	198315	193	1	T4SS_MOBP1	none	0	0		Proteobacteria	Pseudomonas
NZ_CP053707_304002..308052	NA	4051	5	0	NA	none	0	0		Actinobacteriota	Phycicoccus
NZ_CP053707_3164936..3197375	NA	32440	28	1	profile_MOBF	none	0	0		Actinobacteriota	Phycicoccus
NZ_CP053707_525157..536617	NA	11461	12	1	profile_MOBT	none	0	0		Actinobacteriota	Phycicoccus
NZ_CP053719_2404201..2496839	NA	92639	87	1	T4SS_MOBH	MPF_F	1	0		Proteobacteria	Proteus
NZ_CP053723_1477303..1522183	IME	44881	51	1	T4SS_MOBP1	none	0	0		Proteobacteria	Escherichia
NZ_CP053744_2783552..2927787	ICE	144236	129	1	profile_MOBF	none	0	0		Proteobacteria	Vibrio
NZ_CP053765_1810095..1882909	ICE	72815	56	1	T4SS_MOBC	MPF_T	1	0	Eex_IncN	Proteobacteria	Klebsiella
NZ_CP053789_1034334..1143541	ICE	109208	123	1	T4SS_MOBP1	MPF_FA	1	13		Firmicutes	Streptococcus
NZ_CP053789_1315425..1346037	ICE	30613	28	1	profile_MOBT	MPF_FA	1	8		Firmicutes	Streptococcus
NZ_CP053789_1878398..1963272	ICE	84875	89	1	T4SS_MOBP1,T4SS_MOBP3	MPF_FA	1	3		Firmicutes	Streptococcus
NZ_CP053790_587033..604695	NA	17663	24	1	T4SS_MOBQ,profile_MOBF	none	0	3		Firmicutes	Streptococcus
NZ_CP053792_1721829..1759210	NA	37382	41	1	T4SS_MOBQ	none	0	4		Firmicutes	Streptococcus
NZ_CP053833_1450497..1460071	NA	9575	12	1	T4SS_MOBP1,T4SS_MOBQ,T4SS_MOBV	none	0	0		Campylobacterota	Aliarcobacter
NZ_CP053833_2215320..2245907	IME	30588	30	1	T4SS_MOBP1	none	0	0		Campylobacterota	Aliarcobacter
NZ_CP053845_339352..365513	IME	26162	23	1	T4SS_MOBP1	none	0	0		Campylobacterota	Campylobacter_A
NZ_CP053851_3201116..3248476	NA	47361	50	1	T4SS_MOBP1	none	0	0		Proteobacteria	Escherichia
NZ_CP053917_1418..54080	ICE	52663	57	1	T4SS_MOBH	MPF_F	1	0		Proteobacteria	Pseudomonas
NZ_CP053917_2763890..2964725	ICE	200836	177	1	T4SS_MOBP1	none	0	1		Proteobacteria	Pseudomonas
NZ_CP053917_340860..490664	ICE	149805	174	1	T4SS_MOBH	MPF_F	1	0		Proteobacteria	Pseudomonas
NZ_CP053921_1459021..1566526	NA	107506	100	1	profile_MOBF,profile_MOBT	MPF_F	1	0		Proteobacteria	Qipengyuania
NZ_CP053921_2672029..2699475	IME	27447	21	1	profile_MOBF	none	0	0		Proteobacteria	Qipengyuania
NZ_CP053923_1697342..1741788	IME	44447	35	1	T4SS_MOBQ	none	0	0		Proteobacteria	Defluviicoccus
NZ_CP053923_2773382..2941635	ICE	168254	145	1	T4SS_MOBP1	MPF_T	1	0		Proteobacteria	Defluviicoccus
NZ_CP053923_442662..470271	NA	27610	25	1	T4SS_MOBP1	none	0	0		Proteobacteria	Defluviicoccus
NZ_CP053925_4724494..4819564	NA	95071	101	1	T4SS_MOBH	MPF_F	1	1		Proteobacteria	Serratia
NZ_CP053927_4512171..4604010	NA	91840	99	1	T4SS_MOBH	MPF_F	1	0		Proteobacteria	Serratia
NZ_CP053928_280027..321682	NA	41656	37	1	profile_MOBF,profile_MOBT	none	0	0		Actinobacteriota	Nocardioides
NZ_CP053931_5359353..5409968	NA	50616	62	1	profile_MOBT	none	0	0		Firmicutes	Bacillus_A
NZ_CP053931_642..40376	NA	39735	57	1	profile_MOBT	none	0	0		Firmicutes	Bacillus_A
NZ_CP053972_2683664..2688353	NA	4690	5	1	profile_MOBT	none	0	0		Firmicutes	Bacillus_A
NZ_CP053985_2019939..2188464	NA	168526	159	1	profile_MOBF	MPF_T	1	0		Proteobacteria	Achromobacter
NZ_CP053998_1196140..1203196	NA	7057	9	1	profile_MOBT	none	0	0		Firmicutes	Streptococcus
NZ_CP053998_478579..551980	ICE	73402	58	1	profile_MOBT	MPF_FA	1	6		Firmicutes	Streptococcus
NZ_CP054000_1418124..1472876	NA	54753	52	1	T4SS_MOBP1	none	0	0		Firmicutes_A	Finegoldia
NZ_CP054000_1906666..1965166	ICE	58501	54	1	T4SS_MOBQ	MPF_FA	1	11		Firmicutes_A	Finegoldia
NZ_CP054003_1110377..1170387	NA	60011	72	1	T4SS_MOBP1	none	0	0		Bacteroidota	Bacteroides
NZ_CP054003_3468471..3506361	NA	37891	43	1	T4SS_MOBV	none	0	0		Bacteroidota	Bacteroides
NZ_CP054003_4227272..4291896	ICE	64625	49	1	T4SS_MOBP1,T4SS_MOBV	none	0	0		Bacteroidota	Bacteroides
NZ_CP054003_804610..831187	NA	26578	31	1	T4SS_MOBP1	none	0	0		Bacteroidota	Bacteroides
NZ_CP054003_899212..976022	NA	76811	86	1	T4SS_MOBV,profile_MOBM	none	0	1		Bacteroidota	Bacteroides
NZ_CP054011_905151..1057852	ICE	152702	138	1	T4SS_MOBP1	none	0	0		Bacteroidota	Prevotella
NZ_CP054012_1480899..1568567	NA	87669	99	1	T4SS_MOBP1	none	0	0		Bacteroidota	Parabacteroides
NZ_CP054012_1828652..1906950	NA	78299	73	1	T4SS_MOBB,T4SS_MOBP1	none	0	0		Bacteroidota	Parabacteroides
NZ_CP054012_2628126..2649000	NA	20875	19	0	NA	none	0	1		Bacteroidota	Parabacteroides
NZ_CP054012_4377260..4432477	NA	55218	46	1	T4SS_MOBP1,T4SS_MOBQ	none	0	0		Bacteroidota	Parabacteroides
NZ_CP054015_1563715..1571335	NA	7621	9	1	T4SS_MOBV	none	0	0		Firmicutes	Streptococcus
NZ_CP054018_1935922..1945048	NA	9127	7	0	NA	none	0	0		Actinobacteriota	Rothia
NZ_CP054018_2200111..2233442	NA	33332	34	1	profile_MOBF	none	0	0		Actinobacteriota	Rothia
NZ_CP054020_1010867..1017560	NA	6694	6	0	NA	none	0	0		Proteobacteria	Thiomicrorhabdus
NZ_CP054020_544825..549689	NA	4865	7	0	NA	none	0	0		Proteobacteria	Thiomicrorhabdus
NZ_CP054051_1429551..1480640	NA	51090	55	0	NA	none	0	0		Campylobacterota	Aliarcobacter
NZ_CP054058_3599678..3646447	IME	46770	48	0	NA	none	0	0		Proteobacteria	Scandinavium
NZ_CP054060_284713..358291	ICE	73579	79	1	T4SS_MOBH	MPF_F	1	0		Proteobacteria	Edwardsiella
NZ_CP054128_4773889..4875851	ICE	101963	110	1	T4SS_MOBH,profile_MOBT	MPF_F	1	0		Proteobacteria	Pseudomonas_E
NZ_CP054128_5286003..5293825	NA	7823	7	1	T4SS_MOBP1	none	0	0		Proteobacteria	Pseudomonas_E
NZ_CP054139_159462..248046	ICE	88585	79	1	T4SS_MOBP1,profile_MOBT	none	0	1		Bacteroidota	Mucilaginibacter
NZ_CP054139_2619217..2640327	NA	21111	25	1	T4SS_MOBP1,T4SS_MOBV	none	0	0		Bacteroidota	Mucilaginibacter
NZ_CP054139_5343907..5370647	NA	26741	22	1	T4SS_MOBP1	none	0	0		Bacteroidota	Mucilaginibacter
NZ_CP054141_933803..966942	NA	33140	22	1	T4SS_MOBP1	none	0	0		Bacteroidota	Flavobacterium
NZ_CP054143_201764..399283	NA	197520	183	0	NA	none	0	0		Proteobacteria	Deefgea
NZ_CP054153_2006472..2043012	NA	36541	41	1	profile_MOBT	MPF_FA	1	3		Firmicutes	Streptococcus
NZ_CP054170_739370..794312	NA	54943	63	1	T4SS_MOBH,profile_MOBT	MPF_F	1	0		Proteobacteria	Klebsiella
NZ_CP054219_723536..752210	IME	28675	31	1	T4SS_MOBQ,profile_MOBT	none	0	0		Proteobacteria	Escherichia
NZ_CP054236_1044987..1065257	IME	20271	21	1	T4SS_MOBP1	none	0	0		Proteobacteria	Escherichia
NZ_CP054268_1872190..1900875	IME	28686	31	1	T4SS_MOBQ	none	0	0		Proteobacteria	Klebsiella
NZ_CP054282_3744732..3794810	ICE	50079	54	1	T4SS_MOBH	MPF_F	1	0		Proteobacteria	Escherichia
NZ_CP054345_1616662..1683314	IME	66653	76	1	T4SS_MOBQ	none	0	0		Proteobacteria	Escherichia
NZ_CP054363_3390832..3507171	ICE	116340	132	1	T4SS_MOBH	MPF_F	1	0		Proteobacteria	Escherichia
NZ_CP054422_3971520..4061284	NA	89765	105	1	T4SS_MOBH	MPF_F	1	0		Proteobacteria	Salmonella
NZ_CP054468_2743878..2928617	ICE	184740	158	1	T4SS_MOBP1	none	0	0		Proteobacteria	Burkholderia
NZ_CP054470_88308..147360	NA	59053	60	0	NA	MPF_F	1	0		Proteobacteria	Burkholderia
NZ_CP054472_1221148..1320051	ICE	98904	107	1	T4SS_MOBP1,profile_MOBT	MPF_T	1	1	Eex_IncN	Proteobacteria	Pseudomonas
NZ_CP054473_2533645..2742052	ICE	208408	209	1	T4SS_MOBP1	MPF_T	1	1	Eex_IncN	Proteobacteria	Pseudomonas
NZ_CP054557_692313..723244	NA	30932	33	1	T4SS_MOBC	none	0	0		Proteobacteria	Wolbachia
NZ_CP054569_2152915..2174025	IME	21111	20	1	T4SS_MOBP1	none	0	0		Proteobacteria	Achromobacter
NZ_CP054570_1875591..1881628	NA	6038	7	1	profile_MOBT	none	0	0		Firmicutes	Streptococcus
NZ_CP054571_913112..1069639	ICE	156528	159	1	T4SS_MOBP1	none	0	0	TrbK_RP4	Proteobacteria	Achromobacter
NZ_CP054572_378848..494580	ICE	115733	134	1	T4SS_MOBH	MPF_F	1	0		Proteobacteria	Pseudomonas
NZ_CP054580_340399..435738	ICE	95340	91	1	T4SS_MOBH,profile_MOBT	MPF_F	1	0		Proteobacteria	Halomonas
NZ_CP054580_4882913..4908806	NA	25894	24	1	T4SS_MOBH	none	0	0		Proteobacteria	Halomonas
NZ_CP054581_5810092..5939516	ICE	129425	168	1	T4SS_MOBH,profile_MOBT	MPF_F	1	1		Proteobacteria	Pseudomonas
NZ_CP054591_1704063..1789342	ICE	85280	95	1	T4SS_MOBH	MPF_F	1	0		Proteobacteria	Pseudomonas
NZ_CP054591_3740512..3840617	ICE	100106	111	1	T4SS_MOBH	MPF_F	1	0		Proteobacteria	Pseudomonas
NZ_CP054599_381374..558447	ICE	177074	174	1	T4SS_MOBQ,profile_MOBT	none	0	0		Proteobacteria	Ascidiaceihabitans
NZ_CP054623_4237510..4418580	ICE	181071	168	1	T4SS_MOBH,profile_MOBT	MPF_F	1	1		Proteobacteria	Pseudomonas
NZ_CP054623_4748895..4752088	NA	3194	2	1	T4SS_MOBH	none	0	0		Proteobacteria	Pseudomonas
NZ_CP054626_2612669..2818935	NA	206267	196	1	T4SS_MOBP1	MPF_T	1	0	Eex_IncN	Proteobacteria	Cupriavidus
NZ_CP054657_778853..868789	ICE	89937	91	1	T4SS_MOBP1,T4SS_MOBP2	none	0	2		Firmicutes	Limosilactobacillus
NZ_CP054705_226684..449287	NA	222604	243	1	T4SS_MOBP1,T4SS_MOBP2,profile_MOBT	MPF_FA	1	2		Firmicutes	Salicibibacter
NZ_CP054705_4021773..4367203	NA	345431	350	1	T4SS_MOBP1,T4SS_MOBP2	none	0	1		Firmicutes	Salicibibacter
NZ_CP054715_1992904..2065319	IME	72416	58	1	T4SS_MOBH	none	0	0		Proteobacteria	Salmonella
NZ_CP054768_1860262..1919630	ICE	59369	41	1	T4SS_MOBC	MPF_T	1	0		Proteobacteria	Klebsiella
NZ_CP054774_746710..804828	NA	58119	68	1	T4SS_MOBH,profile_MOBT	MPF_F	1	0		Proteobacteria	Klebsiella
NZ_CP054839_250288..266725	NA	16438	26	0	NA	none	0	0		Actinobacteriota	Saccharopolyspora_D
NZ_CP054839_497771..530114	NA	32344	40	0	NA	none	0	0		Actinobacteriota	Saccharopolyspora_D
NZ_CP054839_7896403..7917621	NA	21219	22	0	NA	none	0	0		Actinobacteriota	Saccharopolyspora_D
NZ_CP054840_2110498..2300235	NA	189738	153	1	T4SS_MOBH	MPF_F	1	0		Proteobacteria	Comamonas
NZ_CP054843_5210218..5310913	ICE	100696	97	1	T4SS_MOBH,profile_MOBT	MPF_F	1	0		Proteobacteria	Pseudomonas
NZ_CP054844_5633067..5721669	ICE	88603	105	1	T4SS_MOBH	MPF_F	1	0		Proteobacteria	Pseudomonas
NZ_CP054844_6937549..7016781	ICE	79233	79	1	T4SS_MOBP1,profile_MOBT	MPF_T	1	0		Proteobacteria	Pseudomonas
NZ_CP054844_897383..913221	NA	15839	31	0	NA	none	0	0		Proteobacteria	Pseudomonas
NZ_CP054845_891091..1015915	ICE	124825	150	1	T4SS_MOBH	MPF_F	1	0		Proteobacteria	Pseudomonas
NZ_CP054855_1767833..1788086	NA	20254	17	1	T4SS_MOBP1	none	0	0		Proteobacteria	Aeromonas
NZ_CP054855_2166466..2260088	ICE	93623	91	1	T4SS_MOBP1	none	0	0		Proteobacteria	Aeromonas
NZ_CP054868_6275096..6322813	NA	47718	49	1	T4SS_MOBH	MPF_F	1	0		Proteobacteria	Pseudomonas_E
NZ_CP054868_6696838..7113930	NA	417093	361	0	NA	none	0	0		Proteobacteria	Pseudomonas_E
NZ_CP054875_1488435..1521505	NA	33071	40	1	T4SS_MOBH	none	0	0		Firmicutes	Lactobacillus
NZ_CP054912_1538648..1571410	IME	32763	38	1	T4SS_MOBP1	none	0	0		Proteobacteria	Pantoea
NZ_CP054912_2129143..2226375	ICE	97233	108	1	T4SS_MOBH	MPF_F	1	0		Proteobacteria	Pantoea
NZ_CP054912_4268526..4394331	ICE	125806	96	1	T4SS_MOBP1	none	0	0		Proteobacteria	Pantoea
NZ_CP054916_2544551..2599620	NA	55070	41	0	NA	none	0	1		Actinobacteriota	Streptomyces
NZ_CP054916_3676533..3718541	IME	42009	45	1	T4SS_MOBP1	none	0	0		Actinobacteriota	Streptomyces
NZ_CP054916_3905406..3952463	NA	47058	50	0	NA	none	0	0		Actinobacteriota	Streptomyces
NZ_CP054916_4033290..4039584	NA	6295	5	0	NA	none	0	0		Actinobacteriota	Streptomyces
NZ_CP054916_4413195..4440303	NA	27109	30	0	NA	none	0	0		Actinobacteriota	Streptomyces
NZ_CP054916_4787478..4799951	NA	12474	15	0	NA	none	0	0		Actinobacteriota	Streptomyces
NZ_CP054916_4833964..4847524	NA	13561	19	0	NA	none	0	0		Actinobacteriota	Streptomyces
NZ_CP054916_4884317..4899193	NA	14877	16	0	NA	none	0	0		Actinobacteriota	Streptomyces
NZ_CP054916_4926302..4940728	NA	14427	17	0	NA	none	0	0		Actinobacteriota	Streptomyces
NZ_CP054916_5128358..5151570	NA	23213	26	0	NA	none	0	0		Actinobacteriota	Streptomyces
NZ_CP054916_5865250..5887599	NA	22350	22	0	NA	none	0	0		Actinobacteriota	Streptomyces
NZ_CP054918_3272344..3285114	NA	12771	16	0	NA	none	0	0		Actinobacteriota	Streptomyces
NZ_CP054918_3342741..3363571	NA	20831	26	0	NA	none	0	0		Actinobacteriota	Streptomyces
NZ_CP054919_3754153..3762263	NA	8111	9	0	NA	none	0	0		Actinobacteriota	Kitasatospora
NZ_CP054919_4556417..4562204	NA	5788	5	0	NA	none	0	0		Actinobacteriota	Kitasatospora
NZ_CP054920_2305707..2317339	AICE	11633	16	0	NA	none	0	0		Actinobacteriota	Streptomyces
NZ_CP054920_2704852..2710840	NA	5989	9	0	NA	none	0	0		Actinobacteriota	Streptomyces
NZ_CP054920_4220610..4234356	NA	13747	15	0	NA	none	0	0		Actinobacteriota	Streptomyces
NZ_CP054923_1378466..1393377	NA	14912	18	0	NA	none	0	0		Actinobacteriota	Micromonospora
NZ_CP054923_5662517..5683242	NA	20726	24	0	NA	none	0	0		Actinobacteriota	Micromonospora
NZ_CP054925_5787700..5801792	NA	14093	15	0	NA	none	0	0		Actinobacteriota	Amycolatopsis
NZ_CP054925_6361488..6372553	NA	11066	14	0	NA	none	0	0		Actinobacteriota	Amycolatopsis
NZ_CP054926_4327221..4332967	NA	5747	8	0	NA	none	0	0		Actinobacteriota	Streptomyces
NZ_CP054929_2008687..2015277	NA	6591	6	1	T4SS_MOBP1	none	0	0		Actinobacteriota	Streptomyces
NZ_CP054929_4146677..4160833	NA	14157	21	0	NA	none	0	0		Actinobacteriota	Streptomyces
NZ_CP054929_4273971..4285752	NA	11782	15	0	NA	none	0	0		Actinobacteriota	Streptomyces
NZ_CP054929_4915848..4951705	NA	35858	37	1	profile_MOBF	none	0	0		Actinobacteriota	Streptomyces
NZ_CP054932_288046..308145	NA	20100	14	1	T4SS_MOBP1,profile_MOBT	none	0	0		Actinobacteriota	Spirillospora
NZ_CP054932_8597061..8608842	NA	11782	12	0	NA	none	0	0		Actinobacteriota	Spirillospora
NZ_CP054938_3292385..3304622	NA	12238	18	0	NA	none	0	0		Actinobacteriota	Streptomyces
NZ_CP054939_3270395..3287041	NA	16647	20	0	NA	none	0	0		Actinobacteriota	Streptomyces
NZ_CP054939_5174614..5180472	NA	5859	8	0	NA	none	0	0		Actinobacteriota	Streptomyces
NZ_CP054939_5477575..5488711	NA	11137	8	0	NA	none	0	0		Actinobacteriota	Streptomyces
NZ_CP055145_603018..654223	Conj_reg	51206	43	0	NA	none	0	0		Firmicutes	Metamycoplasma
NZ_CP055224_2967431..3052969	ICE	85539	92	1	T4SS_MOBC,T4SS_MOBQ	MPF_T	1	0	Eex_IncN	Proteobacteria	Pectobacterium
NZ_CP055224_3816123..3983455	NA	167333	159	1	T4SS_MOBQ,T4SS_MOBV	none	0	0		Proteobacteria	Pectobacterium
NZ_CP055224_4387651..4409992	IME	22342	25	1	T4SS_MOBP1	none	0	0		Proteobacteria	Pectobacterium
NZ_CP055229_2122537..2170420	NA	47884	44	1	T4SS_MOBH	none	0	1		Firmicutes	Enterococcus_B
NZ_CP055302_614593..629992	NA	15400	18	1	profile_MOBT	none	0	0		Proteobacteria	Mannheimia
NZ_CP055306_478966..502228	NA	23263	22	1	profile_MOBT	none	0	0		Proteobacteria	Mannheimia
NZ_CP055309_1532463..1635869	ICE	103407	97	1	T4SS_MOBP1,profile_MOBT	MPF_T	1	0	Eex_IncN	Proteobacteria	Klebsiella
NZ_CP055309_2218638..2246846	IME	28209	33	1	T4SS_MOBP2,T4SS_MOBQ	none	0	0		Proteobacteria	Klebsiella
NZ_CP055309_5700080..5707383	NA	7304	9	1	T4SS_MOBP1	none	0	0		Proteobacteria	Klebsiella
NZ_CP055309_852561..915728	ICE	63168	66	1	T4SS_MOBH	MPF_F	1	0		Proteobacteria	Klebsiella
NZ_CP055315_1318670..1336543	NA	17874	23	1	T4SS_MOBP1	none	0	0		Proteobacteria	Klebsiella
NZ_CP055315_2078085..2108353	IME	30269	31	1	T4SS_MOBQ	none	0	0		Proteobacteria	Klebsiella
NZ_CP055315_5372943..5379811	NA	6869	7	1	T4SS_MOBP1	none	0	0		Proteobacteria	Klebsiella
NZ_CP055325_4863845..5107054	ICE	243210	213	1	T4SS_MOBH,profile_MOBT	MPF_F	1	0	EexR	Proteobacteria	Klebsiella
NZ_CP055325_5234118..5292795	NA	58678	62	1	T4SS_MOBH	MPF_F	1	0		Proteobacteria	Klebsiella
NZ_CP055325_748098..755811	NA	7714	8	1	T4SS_MOBP1	none	0	0		Proteobacteria	Klebsiella
NZ_CP055412_1286988..1308280	IME	21293	20	1	T4SS_MOBP1	none	0	0		Proteobacteria	Klebsiella
NZ_CP055451_1701924..1731663	IME	29740	32	1	T4SS_MOBQ	none	0	0		Proteobacteria	Klebsiella
NZ_CP055538_3719934..3735040	IME	15107	14	1	T4SS_MOBP1	none	0	0		Proteobacteria	Citrobacter
NZ_CP056030_2096843..2318190	NA	221348	203	1	T4SS_MOBH	MPF_F	1	0		Proteobacteria	Pseudomonas_E
NZ_CP056041_5266472..5273609	NA	7138	11	0	NA	none	0	0		Actinobacteriota	Streptomyces
NZ_CP056041_5536231..5546793	NA	10563	15	0	NA	none	0	0		Actinobacteriota	Streptomyces
NZ_CP056041_6092628..6110699	NA	18072	17	1	profile_MOBF	none	0	0		Actinobacteriota	Streptomyces
NZ_CP056041_6455763..6494252	NA	38490	38	0	NA	none	0	0		Actinobacteriota	Streptomyces
NZ_CP056041_7178874..7190122	NA	11249	16	0	NA	none	0	0		Actinobacteriota	Streptomyces
NZ_CP056041_7921867..7932274	NA	10408	13	1	T4SS_MOBP1	none	0	0		Actinobacteriota	Streptomyces
NZ_CP056077_2883890..2931619	ICE	47730	54	1	T4SS_MOBH	MPF_F	1	0		Proteobacteria	Escherichia
NZ_CP056077_4002871..4030898	IME	28028	30	1	T4SS_MOBQ	none	0	0		Proteobacteria	Escherichia
NZ_CP056136_1247657..1296781	IME	49125	53	1	T4SS_MOBP1	none	0	0		Proteobacteria	Klebsiella
NZ_CP056136_2093294..2108425	IME	15132	11	1	T4SS_MOBQ	none	0	0		Proteobacteria	Klebsiella
NZ_CP056136_5083544..5155926	ICE	72383	71	1	T4SS_MOBH,profile_MOBT	MPF_F	1	0		Proteobacteria	Klebsiella
NZ_CP056145_1302374..1329625	IME	27252	27	1	T4SS_MOBP1	none	0	0		Proteobacteria	Klebsiella
NZ_CP056145_1828358..1891082	NA	62725	63	1	T4SS_MOBC	MPF_T	1	0	Eex_IncN	Proteobacteria	Klebsiella
NZ_CP056145_5018751..5068488	ICE	49738	56	1	T4SS_MOBH	MPF_F	1	0		Proteobacteria	Klebsiella
NZ_CP056148_1687281..1701714	IME	14434	13	1	T4SS_MOBP3,T4SS_MOBQ	none	0	0		Proteobacteria	Enterobacter
NZ_CP056148_3972432..3982746	NA	10315	12	1	T4SS_MOBQ	none	0	0	Eex_IncN	Proteobacteria	Enterobacter
NZ_CP056150_1848899..1874557	IME	25659	31	1	T4SS_MOBP1	none	0	0		Proteobacteria	Klebsiella
NZ_CP056155_3702868..3722970	IME	20103	22	1	T4SS_MOBP1	none	0	0		Proteobacteria	Enterobacter
NZ_CP056159_2504142..2665461	ICE	161320	165	1	T4SS_MOBH	MPF_F	1	0		Proteobacteria	Escherichia
NZ_CP056159_4239735..4299469	IME	59735	65	0	NA	none	0	0		Proteobacteria	Escherichia
NZ_CP056181_711781..720699	IME	8919	9	1	T4SS_MOBQ	none	0	0		Proteobacteria	Citrobacter
NZ_CP056181_883805..894804	NA	11000	12	1	T4SS_MOBP1	none	0	0		Proteobacteria	Citrobacter
NZ_CP056185_2106165..2137079	IME	30915	32	1	T4SS_MOBQ	none	0	0		Proteobacteria	Citrobacter
NZ_CP056199_3912374..4003226	NA	90853	93	1	T4SS_MOBH	MPF_F	1	1		Proteobacteria	RHBSTW-00994
NZ_CP056208_2202283..2453152	NA	250870	267	0	NA	none	0	0		Proteobacteria	Citrobacter
NZ_CP056219_1316191..1368556	NA	52366	40	1	T4SS_MOBP1	none	0	0		Proteobacteria	Citrobacter
NZ_CP056219_861165..912904	NA	51740	67	1	T4SS_MOBH	none	0	0		Proteobacteria	Citrobacter
NZ_CP056222_2429171..2612996	NA	183826	183	0	NA	none	0	0		Proteobacteria	Klebsiella
NZ_CP056232_3237434..3261272	IME	23839	26	1	T4SS_MOBP3,T4SS_MOBQ	none	0	0		Proteobacteria	Citrobacter
NZ_CP056235_2104166..2122768	IME	18603	15	1	T4SS_MOBQ	none	0	0		Proteobacteria	Citrobacter
NZ_CP056235_2124091..2148762	NA	24672	30	1	T4SS_MOBQ	none	0	0		Proteobacteria	Citrobacter
NZ_CP056235_825350..833281	NA	7932	11	1	T4SS_MOBP1	none	0	0		Proteobacteria	Citrobacter
NZ_CP056238_4498914..4570922	NA	72009	79	1	T4SS_MOBH	MPF_F	1	0		Proteobacteria	Citrobacter
NZ_CP056245_4305662..4317665	NA	12004	14	1	T4SS_MOBP1	none	0	0		Proteobacteria	Citrobacter
NZ_CP056251_2038659..2068960	IME	30302	32	1	T4SS_MOBQ	none	0	0		Proteobacteria	Citrobacter
NZ_CP056251_782542..815221	NA	32680	36	1	T4SS_MOBH	none	0	0		Proteobacteria	Citrobacter
NZ_CP056260_1809774..1941863	ICE	132090	90	1	T4SS_MOBC	MPF_T	1	0	Eex_IncN	Proteobacteria	Klebsiella
NZ_CP056267_2166388..2223129	NA	56742	56	1	T4SS_MOBC	MPF_T	1	0	Eex_IncN	Proteobacteria	Citrobacter
NZ_CP056267_852180..986407	ICE	134228	141	1	T4SS_MOBH	MPF_F	1	0		Proteobacteria	Citrobacter
NZ_CP056269_1970039..2035113	ICE	65075	61	1	T4SS_MOBC	MPF_T	1	0	Eex_IncN	Proteobacteria	Citrobacter
NZ_CP056269_3063817..3146936	ICE	83120	91	1	T4SS_MOBH	MPF_F	1	0		Proteobacteria	Citrobacter
NZ_CP056275_1735471..1777474	NA	42004	40	1	T4SS_MOBC	MPF_T	1	0	Eex_IncN	Proteobacteria	Klebsiella
NZ_CP056293_4292672..4301817	NA	9146	11	1	T4SS_MOBP1	none	0	0		Proteobacteria	Citrobacter
NZ_CP056297_121843..194150	NA	72308	74	1	T4SS_MOBP1	none	0	1		Proteobacteria	Klebsiella
NZ_CP056314_2926407..2996518	ICE	70112	72	1	T4SS_MOBC	MPF_T	1	0	Eex_IncN	Proteobacteria	Citrobacter
NZ_CP056321_4436447..4545943	NA	109497	127	1	T4SS_MOBH	MPF_F	1	0		Proteobacteria	Citrobacter
NZ_CP056333_3860133..3870391	NA	10259	13	1	T4SS_MOBQ	none	0	0		Proteobacteria	Citrobacter
NZ_CP056336_3056106..3071836	IME	15731	11	1	T4SS_MOBQ	none	0	0		Proteobacteria	Citrobacter
NZ_CP056341_3201341..3227816	IME	26476	31	1	T4SS_MOBQ	none	0	0		Proteobacteria	Citrobacter
NZ_CP056341_4593760..4612462	IME	18703	22	1	T4SS_MOBP1	none	0	0		Proteobacteria	Citrobacter
NZ_CP056341_821410..893421	NA	72012	79	1	T4SS_MOBH	MPF_F	1	0		Proteobacteria	Citrobacter
NZ_CP056361_2076083..2096253	IME	20171	18	1	T4SS_MOBQ	none	0	0		Proteobacteria	Citrobacter
NZ_CP056365_1169236..1210495	IME	41260	33	1	T4SS_MOBP1	none	0	0		Proteobacteria	Citrobacter
NZ_CP056365_1976148..2007271	IME	31124	34	1	T4SS_MOBQ,profile_MOBT	none	0	0		Proteobacteria	Citrobacter
NZ_CP056381_1309603..1358558	NA	48956	42	1	T4SS_MOBP1	none	0	0		Proteobacteria	Citrobacter
NZ_CP056385_2366352..2803345	ICE	436994	423	0	NA	none	0	1		Proteobacteria	Klebsiella
NZ_CP056395_1832042..1873431	NA	41390	39	1	T4SS_MOBC	MPF_T	1	0	Eex_IncN	Proteobacteria	Citrobacter
NZ_CP056395_3971770..4061830	NA	90061	95	1	T4SS_MOBH	MPF_F	1	0		Proteobacteria	Citrobacter
NZ_CP056421_774378..874403	NA	100026	111	1	T4SS_MOBH	MPF_F	1	1		Proteobacteria	Citrobacter
NZ_CP056425_4852602..4873128	IME	20527	21	1	T4SS_MOBP1	none	0	0		Proteobacteria	Klebsiella
NZ_CP056451_4435366..4438077	NA	2712	2	1	T4SS_MOBH	none	0	0		Proteobacteria	Citrobacter
NZ_CP056455_3572071..3590124	NA	18054	18	1	T4SS_MOBP1	none	0	0		Proteobacteria	Enterobacter
NZ_CP056466_1075499..1093254	IME	17756	16	1	T4SS_MOBP1	none	0	0		Proteobacteria	Citrobacter
NZ_CP056483_5437485..5455320	NA	17836	20	1	T4SS_MOBP1	none	0	0		Proteobacteria	Klebsiella
NZ_CP056483_885369..957219	ICE	71851	78	1	T4SS_MOBH	MPF_F	1	0		Proteobacteria	Klebsiella
NZ_CP056505_4502509..4571426	ICE	68918	65	1	T4SS_MOBH,profile_MOBT	MPF_F	1	0		Proteobacteria	Citrobacter
NZ_CP056505_779520..866936	NA	87417	94	1	T4SS_MOBH	MPF_F	1	0		Proteobacteria	Citrobacter
NZ_CP056515_3149954..3176454	NA	26501	33	1	T4SS_MOBQ	none	0	0		Proteobacteria	Citrobacter
NZ_CP056527_4259343..4328374	ICE	69032	68	1	T4SS_MOBH,profile_MOBT	MPF_F	1	0		Proteobacteria	Citrobacter
NZ_CP056527_4473707..4556809	IME	83103	79	1	T4SS_MOBH	none	0	0		Proteobacteria	Citrobacter
NZ_CP056527_823123..872266	ICE	49144	56	1	T4SS_MOBC	MPF_T	1	0	Eex_IncN	Proteobacteria	Citrobacter
NZ_CP056546_4622700..4694710	NA	72011	80	1	T4SS_MOBH	MPF_F	1	0		Proteobacteria	Citrobacter
NZ_CP056552_545010..572529	IME	27520	30	1	T4SS_MOBP1	none	0	0		Proteobacteria	Enterobacter
NZ_CP056559_2992454..3018670	NA	26217	30	1	T4SS_MOBP3,T4SS_MOBQ	none	0	0		Proteobacteria	Citrobacter
NZ_CP056567_5516069..5591814	NA	75746	79	1	T4SS_MOBH	MPF_F	1	1		Proteobacteria	Klebsiella
NZ_CP056573_4333158..4414685	NA	81528	81	1	T4SS_MOBP1	none	0	0		Proteobacteria	Citrobacter
NZ_CP056573_651355..770837	NA	119483	115	1	T4SS_MOBP1	MPF_T	1	0		Proteobacteria	Citrobacter
NZ_CP056586_1798984..1852930	NA	53947	57	1	T4SS_MOBC	MPF_T	1	0	Eex_IncN	Proteobacteria	Citrobacter
NZ_CP056586_429401..435183	NA	5783	5	1	T4SS_MOBH	none	0	0		Proteobacteria	Citrobacter
NZ_CP056592_1981901..2054979	NA	73079	79	1	T4SS_MOBP1	MPF_T	1	0		Proteobacteria	Citrobacter
NZ_CP056592_698465..718118	NA	19654	20	1	T4SS_MOBP1	none	0	0		Proteobacteria	Citrobacter
NZ_CP056622_3227914..3284625	NA	56712	59	1	T4SS_MOBP1	MPF_T	1	0		Proteobacteria	Citrobacter
NZ_CP056622_4270806..4312957	NA	42152	44	1	T4SS_MOBP1	none	0	0		Proteobacteria	Citrobacter
NZ_CP056644_1896932..1944633	ICE	47702	45	1	T4SS_MOBC	MPF_T	1	0	Eex_IncN	Proteobacteria	Citrobacter
NZ_CP056647_4003836..4023098	IME	19263	19	1	T4SS_MOBP1	none	0	0		Proteobacteria	Citrobacter
NZ_CP056647_459420..553517	ICE	94098	104	1	T4SS_MOBH	MPF_F	1	0		Proteobacteria	Citrobacter
NZ_CP056701_2021371..2052023	IME	30653	32	1	T4SS_MOBQ	none	0	0		Proteobacteria	Klebsiella
NZ_CP056711_3115421..3152676	NA	37256	39	1	T4SS_MOBC	MPF_T	1	0	Eex_IncN	Proteobacteria	Enterobacter
NZ_CP056719_3693433..3718342	NA	24910	26	1	T4SS_MOBP1	none	0	0		Proteobacteria	Enterobacter
NZ_CP056727_549503..560424	NA	10922	12	1	T4SS_MOBP1	none	0	0		Proteobacteria	Enterobacter
NZ_CP056737_3771955..3813823	NA	41869	33	1	T4SS_MOBP1	none	0	0		Proteobacteria	Enterobacter
NZ_CP056737_4141151..4181256	NA	40106	41	1	T4SS_MOBH	none	0	0		Proteobacteria	Enterobacter
NZ_CP056756_3495164..3510715	IME	15552	15	1	T4SS_MOBP1	none	0	0		Proteobacteria	Enterobacter
NZ_CP056774_3449488..3564463	NA	114976	96	1	T4SS_MOBP1	MPF_T	1	0		Proteobacteria	Pseudomonas
NZ_CP056774_831944..909847	ICE	77904	95	1	T4SS_MOBH	MPF_F	1	0		Proteobacteria	Pseudomonas
NZ_CP056775_3026365..3051744	NA	25380	29	1	T4SS_MOBP1,T4SS_MOBV	none	0	0		Bacteroidota	Dyadobacter
NZ_CP056775_4175762..4187568	NA	11807	9	1	T4SS_MOBP1	none	0	0		Bacteroidota	Dyadobacter
NZ_CP056775_5045413..5065104	NA	19692	19	1	T4SS_MOBP1	none	0	0		Bacteroidota	Dyadobacter
NZ_CP056776_1260111..1377757	NA	117647	134	1	T4SS_MOBH	MPF_F	1	0		Proteobacteria	Enterobacter
NZ_CP056779_2625297..2647512	NA	22216	30	1	T4SS_MOBP1	none	0	1		Proteobacteria	Enterobacter
NZ_CP056809_2994284..3058364	ICE	64081	50	1	T4SS_MOBC	MPF_T	1	0	Eex_IncN	Proteobacteria	Citrobacter
NZ_CP056827_1313857..1360994	IME	47138	39	1	T4SS_MOBP1	none	0	0		Proteobacteria	Citrobacter
NZ_CP056827_4426139..4489705	ICE	63567	65	1	T4SS_MOBH,profile_MOBT	MPF_F	1	0		Proteobacteria	Citrobacter
NZ_CP056827_844638..934397	ICE	89760	97	1	T4SS_MOBH	MPF_F	1	0		Proteobacteria	Citrobacter
NZ_CP056827_92305..162156	NA	69852	73	0	NA	none	0	1		Proteobacteria	Citrobacter
NZ_CP056830_1854151..1880211	IME	26061	27	1	T4SS_MOBQ	none	0	0		Proteobacteria	Klebsiella
NZ_CP056830_4682171..4702028	NA	19858	23	1	T4SS_MOBP1	none	0	0		Proteobacteria	Klebsiella
NZ_CP056834_431424..503435	NA	72012	79	1	T4SS_MOBH	MPF_F	1	0		Proteobacteria	Citrobacter
NZ_CP056888_1247641..1324198	IME	76558	72	1	T4SS_MOBP1	none	0	0		Proteobacteria	Citrobacter
NZ_CP056888_2113061..2133610	NA	20550	25	1	T4SS_MOBP2,T4SS_MOBQ,profile_MOBT	none	0	0		Proteobacteria	Citrobacter
NZ_CP056896_1235310..1308581	IME	73272	70	1	T4SS_MOBP1	none	0	0		Proteobacteria	Citrobacter
NZ_CP056967_1177682..1250126	NA	72445	57	1	T4SS_MOBP1	none	0	0		Proteobacteria	Citrobacter
NZ_CP056967_3118849..3143046	NA	24198	30	1	T4SS_MOBQ	none	0	0		Proteobacteria	Citrobacter
NZ_CP057069_1769738..1827461	ICE	57724	56	1	T4SS_MOBC	MPF_T	1	0	Eex_IncN	Proteobacteria	Klebsiella
NZ_CP057069_1832687..1857163	IME	24477	26	1	T4SS_MOBQ	none	0	0		Proteobacteria	Klebsiella
NZ_CP057069_3353357..3412935	ICE	59579	54	1	T4SS_MOBC	MPF_T	1	0	Eex_IncN	Proteobacteria	Klebsiella
NZ_CP057093_1082019..1097566	NA	15548	13	1	T4SS_MOBP1	none	0	0		Proteobacteria	Escherichia
NZ_CP057125_1436448..1464480	IME	28033	27	1	T4SS_MOBQ	none	0	0		Proteobacteria	Citrobacter
NZ_CP057136_1847335..1901507	ICE	54173	53	1	T4SS_MOBC	MPF_T	1	0	Eex_IncN	Proteobacteria	Citrobacter
NZ_CP057136_4181595..4228271	NA	46677	52	1	T4SS_MOBH	MPF_F	1	0		Proteobacteria	Citrobacter
NZ_CP057147_2105564..2145864	NA	40301	38	1	T4SS_MOBC	MPF_T	1	0	Eex_IncN	Proteobacteria	Citrobacter
NZ_CP057149_1244302..1296363	NA	52062	48	1	T4SS_MOBP1	none	0	0		Proteobacteria	Citrobacter
NZ_CP057149_3119910..3148651	NA	28742	38	1	T4SS_MOBQ	none	0	0		Proteobacteria	Citrobacter
NZ_CP057150_4019223..4040592	IME	21370	21	1	T4SS_MOBP1	none	0	0		Proteobacteria	Citrobacter_A
NZ_CP057215_3734682..3807695	ICE	73014	82	1	T4SS_MOBH	MPF_F	1	0		Proteobacteria	Escherichia
NZ_CP057258_3022272..3047292	IME	25021	31	1	T4SS_MOBQ	none	0	0		Proteobacteria	Citrobacter
NZ_CP057330_3706522..3730374	IME	23853	27	1	T4SS_MOBQ	none	0	0		Proteobacteria	Klebsiella
NZ_CP057330_785605..848430	ICE	62826	63	1	T4SS_MOBH	MPF_F	1	0		Proteobacteria	Klebsiella
NZ_CP057357_3837495..3853100	NA	15606	19	1	T4SS_MOBH	none	0	0		Proteobacteria	Escherichia
NZ_CP057459_1831543..1889741	ICE	58199	42	1	T4SS_MOBC	MPF_T	1	0	Eex_IncN	Proteobacteria	Klebsiella
NZ_CP057459_4740236..4760051	NA	19816	23	1	T4SS_MOBP1	none	0	0		Proteobacteria	Klebsiella
NZ_CP057509_3393232..3452016	NA	58785	48	1	T4SS_MOBP1,profile_MOBM	none	0	0		Proteobacteria	Citrobacter
NZ_CP057863_1884540..2120916	ICE	236377	216	1	T4SS_MOBC	MPF_T	1	0	Eex_IncN	Proteobacteria	Citrobacter
NZ_CP057866_1603737..1808205	ICE	204469	196	1	T4SS_MOBC	MPF_T	1	0	Eex_IncN	Proteobacteria	Citrobacter
NZ_CP057866_2984090..3026694	ICE	42605	41	1	T4SS_MOBC	MPF_T	1	0	Eex_IncN	Proteobacteria	Citrobacter
NZ_CP058118_5362171..5434178	NA	72008	79	1	T4SS_MOBH	MPF_F	1	0		Proteobacteria	Klebsiella
NZ_CP058149_3504197..3604411	NA	100215	95	1	T4SS_MOBP1	none	0	0		Proteobacteria	Enterobacter
NZ_CP058149_569122..587032	NA	17911	17	1	T4SS_MOBP1	none	0	0		Proteobacteria	Enterobacter
NZ_CP058167_2935389..2962659	IME	27271	26	1	T4SS_MOBQ	none	0	0		Proteobacteria	Enterobacter
NZ_CP058172_3155963..3190897	NA	34935	38	1	T4SS_MOBC	MPF_T	1	0	Eex_IncN	Proteobacteria	Enterobacter
NZ_CP058175_2996464..3039560	ICE	43097	41	1	T4SS_MOBC	MPF_T	1	0	Eex_IncN	Proteobacteria	Enterobacter
NZ_CP058191_2108047..2148125	NA	40079	42	1	T4SS_MOBP1	none	0	0	Eex_IncN	Proteobacteria	Enterobacter
NZ_CP058191_2993283..3021061	IME	27779	29	1	T4SS_MOBQ	none	0	0		Proteobacteria	Enterobacter
NZ_CP058191_3986611..4003711	NA	17101	16	1	T4SS_MOBQ	none	0	0	Eex_IncN	Proteobacteria	Enterobacter
NZ_CP058191_406727..417047	NA	10321	12	1	T4SS_MOBQ	none	0	0	Eex_IncN	Proteobacteria	Enterobacter
NZ_CP058191_587130..613954	NA	26825	30	1	T4SS_MOBP1	none	0	0		Proteobacteria	Enterobacter
NZ_CP058209_1068104..1079664	NA	11561	17	0	NA	none	0	0		Proteobacteria	Escherichia
NZ_CP058212_1966618..2063794	ICE	97177	74	1	T4SS_MOBH	MPF_F	1	0		Proteobacteria	Klebsiella
NZ_CP058243_1204172..1248199	IME	44028	37	1	T4SS_MOBQ	none	0	0		Proteobacteria	Xanthomonas
NZ_CP058255_1601010..1616615	NA	15606	17	1	T4SS_MOBV	none	0	0		Firmicutes	Priestia
NZ_CP058255_3577835..3902267	NA	324433	358	1	T4SS_MOBC,profile_MOBT	none	0	0		Firmicutes	Priestia
NZ_CP058261_1380116..1441791	NA	61676	61	1	T4SS_MOBP1	none	0	0		Bacteroidota	Capnocytophaga
NZ_CP058302_1153587..1205191	IME	51605	51	1	T4SS_MOBP1	none	0	0		Proteobacteria	Escherichia
NZ_CP058306_1714429..1759808	IME	45380	45	1	T4SS_MOBP1,profile_MOBT	none	0	0		Bacteroidota	Flavobacterium
NZ_CP058307_2140843..2198600	ICE	57758	72	1	T4SS_MOBH	MPF_F	1	0		Proteobacteria	Avibacterium
NZ_CP058307_6239..223546	NA	217308	258	0	NA	none	0	0		Proteobacteria	Avibacterium
NZ_CP058322_1304968..1353671	NA	48704	45	0	NA	none	0	0		Actinobacteriota	Micromonospora
NZ_CP058322_797481..818323	NA	20843	11	1	profile_MOBF	none	0	0		Actinobacteriota	Micromonospora
NZ_CP058349_2940282..3141406	ICE	201125	172	1	T4SS_MOBC	none	0	0		Proteobacteria	Pseudomonas_Q
NZ_CP058349_514362..627016	ICE	112655	95	1	T4SS_MOBH	MPF_F	1	0		Proteobacteria	Pseudomonas_Q
NZ_CP058354_842113..890036	NA	47924	63	1	T4SS_MOBP1,profile_MOBT	none	0	0		Proteobacteria	Bradyrhizobium
NZ_CP058361_1743918..1801878	ICE	57961	42	1	T4SS_MOBC	MPF_T	1	0	Eex_IncN	Proteobacteria	Klebsiella
NZ_CP058361_4708538..4734835	IME	26298	28	1	T4SS_MOBP1	none	0	0		Proteobacteria	Klebsiella
NZ_CP058364_1778264..1797713	IME	19450	19	1	T4SS_MOBP1	none	0	0		Bacteroidota	Galbibacter_A
NZ_CP058364_2408479..2518534	ICE	110056	95	1	T4SS_MOBB	none	0	0		Bacteroidota	Galbibacter_A
NZ_CP058556_1998083..2006212	NA	8130	10	0	NA	none	0	0		Actinobacteriota	Streptomyces
NZ_CP058561_213428..239505	NA	26078	23	1	T4SS_MOBV,profile_MOBM	none	0	0		Firmicutes_A	Vallitalea
NZ_CP058595_3036251..3270165	ICE	233915	239	1	T4SS_MOBP1	none	0	1		Bacteroidota	Costertonia
NZ_CP058613_28899..112357	ICE	83459	80	1	profile_MOBT	MPF_FA	1	5	DUF4467	Firmicutes	Staphylococcus
NZ_CP058613_814430..935693	ICE	121264	140	1	profile_MOBT	MPF_FA	1	6	DUF4467	Firmicutes	Staphylococcus
NZ_CP058615_2734037..2810461	ICE	76425	70	1	profile_MOBT	MPF_FA	1	5	DUF4467	Firmicutes	Staphylococcus
NZ_CP058617_15124..195228	ICE	180105	201	1	profile_MOBT	MPF_FA	1	4		Firmicutes	Leuconostoc
NZ_CP058627_3292980..3338274	IME	45295	35	1	T4SS_MOBH	none	0	0		Proteobacteria	Chitinibacter
NZ_CP058644_1610199..1621380	NA	11182	10	1	T4SS_MOBV	none	0	0		Proteobacteria	Pseudomonas_E
NZ_CP058644_5165644..5188739	NA	23096	39	1	T4SS_MOBH	none	0	0		Proteobacteria	Pseudomonas_E
NZ_CP058661_4670912..4763582	NA	92671	87	1	T4SS_MOBH	MPF_F	1	0		Proteobacteria	Escherichia
NZ_CP058666_1598994..1679847	ICE	80854	75	1	profile_MOBT	MPF_FA	1	7		Firmicutes	Streptococcus
NZ_CP058666_346398..370019	NA	23622	35	1	T4SS_MOBV,profile_MOBM	none	0	0		Firmicutes	Streptococcus
NZ_CP058666_778110..788904	NA	10795	9	1	T4SS_MOBP1	none	0	0		Firmicutes	Streptococcus
NZ_CP058689_385327..420043	NA	34717	44	1	T4SS_MOBP1	none	0	0		Proteobacteria	Paracoccus
NZ_CP058690_1188614..1209274	IME	20661	21	1	T4SS_MOBP1,T4SS_MOBV	none	0	0		Proteobacteria	Paracoccus
NZ_CP058690_2062811..2184891	ICE	122081	139	1	T4SS_MOBH,T4SS_MOBP1,profile_MOBT	MPF_T	1	0		Proteobacteria	Paracoccus
NZ_CP058693_5034048..5048696	NA	14649	19	0	NA	none	0	0		Actinobacteriota	Streptomyces
NZ_CP058693_5338740..5350969	NA	12230	20	0	NA	none	0	0		Actinobacteriota	Streptomyces
NZ_CP058740_101908..108177	NA	6270	8	1	profile_MOBT	none	0	0		Firmicutes	Streptococcus
NZ_CP058740_1246401..1314726	NA	68326	68	1	T4SS_MOBP1	MPF_FA	1	14		Firmicutes	Streptococcus
NZ_CP058740_693313..753553	NA	60241	61	1	T4SS_MOBC	none	0	0		Firmicutes	Streptococcus
NZ_CP058741_244154..264202	ICE	20049	19	1	T4SS_MOBP1,profile_MOBT	MPF_FA	1	7		Firmicutes	Streptococcus
NZ_CP058912_1246019..1296710	IME	50692	41	0	NA	none	0	0		Proteobacteria	Aeromonas
NZ_CP058952_3031898..3089623	IME	57726	49	1	T4SS_MOBP1,profile_MOBT	none	0	0		Proteobacteria	Chitinibacter
NZ_CP058952_3414265..3418704	NA	4440	6	1	T4SS_MOBP1,T4SS_MOBV	none	0	0		Proteobacteria	Chitinibacter
NZ_CP058960_1867795..1896357	IME	28563	31	1	T4SS_MOBQ,profile_MOBT	none	0	0		Proteobacteria	Klebsiella
NZ_CP058960_740575..793800	NA	53226	62	1	T4SS_MOBH,profile_MOBT	MPF_F	1	0		Proteobacteria	Klebsiella
NZ_CP058970_1352206..1563867	NA	211662	196	1	T4SS_MOBP1	MPF_T	1	0	Eex_IncN	Proteobacteria	Comamonas
NZ_CP058977_4089183..4111296	IME	22114	21	1	profile_MOBF	none	0	0		Actinobacteriota	Streptomyces
NZ_CP058996_1419408..1465656	NA	46249	50	0	NA	none	0	0		Firmicutes	Lactobacillus
NZ_CP058996_1617344..1732675	ICE	115332	128	1	T4SS_MOBP1,T4SS_MOBP2,profile_MOBT	none	0	0		Firmicutes	Lactobacillus
NZ_CP058996_2347947..2379110	NA	31164	36	0	NA	none	0	0		Firmicutes	Lactobacillus
NZ_CP059046_677164..745896	ICE	68733	69	1	profile_MOBF	none	0	1		Actinobacteriota	Micrococcus
NZ_CP059047_222492..298225	ICE	75734	77	1	T4SS_MOBC	MPF_T	1	0	Eex_IncN	Proteobacteria	Klebsiella
NZ_CP059052_2217997..2407940	NA	189944	246	1	T4SS_MOBH,profile_MOBT	MPF_F	1	1		Proteobacteria	Pseudomonas_E
NZ_CP059082_384323..386483	NA	2161	2	1	T4SS_MOBH	none	0	0		Proteobacteria	Halomonas
NZ_CP059140_1056955..1122028	NA	65074	70	1	T4SS_MOBV	none	0	0		Firmicutes	Lactobacillus
NZ_CP059156_1192897..1313777	NA	120881	106	1	profile_MOBM,profile_MOBT	MPF_FA	1	6	DUF4467	Firmicutes	Staphylococcus
NZ_CP059164_3471511..3515987	NA	44477	46	0	NA	none	0	0		Actinobacteriota	Nocardioides
NZ_CP059254_2548669..2569722	NA	21054	29	0	NA	none	0	0		Actinobacteriota	Streptomyces
NZ_CP059254_2909246..2926643	NA	17398	22	0	NA	none	0	1		Actinobacteriota	Streptomyces
NZ_CP059275_1830754..1840034	IME	9281	12	1	T4SS_MOBV	none	0	0		Firmicutes	Limosilactobacillus
NZ_CP059297_1407128..1489195	NA	82068	88	1	T4SS_MOBP1,T4SS_MOBQ,T4SS_MOBV,profile_MOBT	none	0	0		Proteobacteria	Brevundimonas
NZ_CP059319_2773196..2857845	ICE	84650	85	1	T4SS_MOBC,T4SS_MOBP1	none	0	0		Proteobacteria	Rhizorhabdus
NZ_CP059319_5489832..5606074	ICE	116243	138	1	T4SS_MOBP1	MPF_T	1	0		Proteobacteria	Rhizorhabdus
NZ_CP059319_563579..617791	NA	54213	55	1	T4SS_MOBP1	none	0	0		Proteobacteria	Rhizorhabdus
NZ_CP059343_2286655..2301862	NA	15208	13	1	profile_MOBF	none	0	0		Actinobacteriota	Kocuria
NZ_CP059348_721231..776319	ICE	55089	54	1	T4SS_MOBH	MPF_F	1	0		Proteobacteria	Providencia
NZ_CP059378_2182510..2228241	NA	45732	45	1	T4SS_MOBC	none	0	0		Firmicutes_A	Clostridium_T
NZ_CP059383_1249355..1315723	ICE	66369	64	1	profile_MOBT	MPF_FA	1	7		Firmicutes	Streptococcus
NZ_CP059383_254758..265290	NA	10533	14	1	profile_MOBT	none	0	0		Firmicutes	Streptococcus
NZ_CP059400_1930598..1984695	NA	54098	53	1	profile_MOBF	MPF_F	1	0		Proteobacteria	Legionella
NZ_CP059400_656093..700432	ICE	44340	43	1	T4SS_MOBP1	MPF_T	1	0		Proteobacteria	Legionella
NZ_CP059405_1797933..1860985	NA	63053	74	1	profile_MOBT	MPF_FA	1	6	DUF4467	Firmicutes	Bacillus
NZ_CP059408_1511124..1595766	NA	84643	72	1	T4SS_MOBP1,T4SS_MOBV	none	0	0		Bacteroidota	Bacteroides
NZ_CP059408_2064249..2121089	NA	56841	52	1	T4SS_MOBV	none	0	1		Bacteroidota	Bacteroides
NZ_CP059408_2268974..2286711	NA	17738	13	1	T4SS_MOBP1	none	0	0		Bacteroidota	Bacteroides
NZ_CP059408_2317173..2323829	NA	6657	6	1	T4SS_MOBV	none	0	0		Bacteroidota	Bacteroides
NZ_CP059414_1577157..1596501	IME	19345	17	1	T4SS_MOBP1	none	0	0		Proteobacteria	Enterobacter
NZ_CP059431_2224132..2379659	ICE	155528	157	1	T4SS_MOBP1	none	0	0		Bacteroidota	Flavobacterium
NZ_CP059432_1921125..2009798	NA	88674	92	1	T4SS_MOBP1	MPF_T	1	0		Campylobacterota	Campylobacter
NZ_CP059439_1281334..1344736	NA	63403	67	1	T4SS_MOBP1,profile_MOBT	none	0	0		Campylobacterota	Campylobacter
NZ_CP059441_1319275..1357690	NA	38416	44	1	T4SS_MOBP1,profile_MOBT	MPF_T	1	0		Campylobacterota	Campylobacter
NZ_CP059467_1659142..1845308	ICE	186167	161	1	T4SS_MOBH	MPF_F	1	0		Proteobacteria	Aromatoleum
NZ_CP059467_30958..127963	ICE	97006	86	1	T4SS_MOBH	MPF_F	1	0		Proteobacteria	Aromatoleum
NZ_CP059471_1356599..1375853	NA	19255	20	1	T4SS_MOBV	none	0	0		Firmicutes	Streptococcus
NZ_CP059488_219401..329300	ICE	109900	129	0	NA	MPF_F	1	0		Proteobacteria	Acidithiobacillus
NZ_CP059488_2623266..2649498	NA	26233	30	1	profile_MOBF	none	0	0		Proteobacteria	Acidithiobacillus
NZ_CP059492_1426745..1456531	IME	29787	30	1	profile_MOBF	none	0	0		Actinobacteriota	Ancrocorticia
NZ_CP059492_785607..810779	IME	25173	22	1	T4SS_MOBP1	none	0	0		Actinobacteriota	Ancrocorticia
NZ_CP059560_339644..862931	ICE	523288	476	1	T4SS_MOBH	MPF_F	1	0		Proteobacteria	Aromatoleum
NZ_CP059566_829468..1193058	ICE	363591	343	0	NA	none	0	0		Proteobacteria	Neisseria
NZ_CP059571_2258315..2362998	ICE	104684	99	1	T4SS_MOBH	MPF_F	1	0		Proteobacteria	Neisseria
NZ_CP059576_3337893..3550349	ICE	212457	182	1	T4SS_MOBQ,profile_MOBM	MPF_T	1	0		Proteobacteria	Legionella
NZ_CP059576_673574..746759	NA	73186	74	1	T4SS_MOBP1	MPF_T	1	0		Proteobacteria	Legionella
NZ_CP059675_1096173..1107404	NA	11232	11	1	profile_MOBF	none	0	0		Actinobacteriota	Scrofimicrobium
NZ_CP059675_418363..423737	NA	5375	6	1	T4SS_MOBC	none	0	0		Actinobacteriota	Scrofimicrobium
NZ_CP059692_1052268..1066712	NA	14445	15	1	T4SS_MOBQ	none	0	0		Proteobacteria	Aureimonas
NZ_CP059709_293861..368804	ICE	74944	81	1	T4SS_MOBP1,T4SS_MOBV	MPF_T	1	0	Eex_IncN	Campylobacterota	Campylobacter_D
NZ_CP059711_3003214..3041659	NA	38446	41	1	T4SS_MOBC	MPF_T	1	0	Eex_IncN	Proteobacteria	Enterobacter
NZ_CP059732_2659196..2746061	IME	86866	92	1	T4SS_MOBP1,profile_MOBF	none	0	0		Bacteroidota	Spirosoma
NZ_CP059732_6550279..6596859	NA	46581	43	1	profile_MOBF	none	0	0		Bacteroidota	Spirosoma
NZ_CP059739_1407819..1537239	ICE	129421	131	1	profile_MOBT	none	0	6		Firmicutes	Enterococcus_B
NZ_CP059739_2590096..2658726	ICE	68631	63	1	profile_MOBT	MPF_FA	1	7		Firmicutes	Enterococcus_B
NZ_CP059739_661977..688517	NA	26541	26	1	profile_MOBM,profile_MOBT	none	0	0		Firmicutes	Enterococcus_B
NZ_CP059747_2668202..2736457	ICE	68256	65	1	profile_MOBT	MPF_FA	1	7		Firmicutes	Enterococcus_B
NZ_CP059755_1190169..1371870	NA	181702	166	1	T4SS_MOBC,profile_MOBM	none	0	1		Firmicutes	Enterococcus_B
NZ_CP059755_1453312..1558640	NA	105329	98	0	NA	none	0	0		Firmicutes	Enterococcus_B
NZ_CP059755_2645956..2711190	ICE	65235	59	1	profile_MOBT	MPF_FA	1	7		Firmicutes	Enterococcus_B
NZ_CP059755_634363..662394	NA	28032	26	1	profile_MOBM,profile_MOBT	none	0	0		Firmicutes	Enterococcus_B
NZ_CP059784_2581439..2645104	ICE	63666	58	1	profile_MOBT	MPF_FA	1	7		Firmicutes	Enterococcus_B
NZ_CP059806_1194637..1373334	NA	178698	165	1	T4SS_MOBC,profile_MOBM	none	0	1		Firmicutes	Enterococcus_B
NZ_CP059806_1439931..1508633	ICE	68703	68	1	profile_MOBT	none	0	5		Firmicutes	Enterococcus_B
NZ_CP059806_2336938..2398674	NA	61737	51	1	T4SS_MOBH	none	0	0		Firmicutes	Enterococcus_B
NZ_CP059806_2579657..2643322	ICE	63666	58	1	profile_MOBT	MPF_FA	1	7		Firmicutes	Enterococcus_B
NZ_CP059816_1455616..1586368	ICE	130753	132	1	profile_MOBT	none	0	6		Firmicutes	Enterococcus_B
NZ_CP059816_1598991..1694276	NA	95286	81	0	NA	none	0	0		Firmicutes	Enterococcus_B
NZ_CP059816_664918..693989	NA	29072	27	1	profile_MOBM,profile_MOBT	none	0	0		Firmicutes	Enterococcus_B
NZ_CP059823_1283035..1307408	NA	24374	26	0	NA	none	0	0		Firmicutes	Enterococcus_B
NZ_CP059823_721328..726848	NA	5521	5	1	profile_MOBM,profile_MOBT	none	0	0		Firmicutes	Enterococcus_B
NZ_CP059829_20518..36871	NA	16354	19	1	profile_MOBT	none	0	0		Firmicutes	Lactobacillus
NZ_CP059832_438492..456009	NA	17518	11	1	T4SS_MOBC	none	0	0		Proteobacteria	Pseudoalteromonas
NZ_CP059851_253265..468649	ICE	215385	203	1	T4SS_MOBP1,profile_MOBT	MPF_T	1	0		Proteobacteria	GCA-014117445
NZ_CP059856_30605..86092	IME	55488	52	1	T4SS_MOBV	none	0	0		Bacteroidota	Bacteroides
NZ_CP059856_3182690..3216296	IME	33607	29	1	T4SS_MOBV	none	0	1		Bacteroidota	Bacteroides
NZ_CP059856_3593143..3611766	IME	18624	17	1	T4SS_MOBP1	none	0	0		Bacteroidota	Bacteroides
NZ_CP059856_5234768..5241048	NA	6281	7	1	T4SS_MOBP1	none	0	0		Bacteroidota	Bacteroides
NZ_CP059886_2975301..3008728	IME	33428	40	1	T4SS_MOBQ	none	0	0		Proteobacteria	Salmonella
NZ_CP059886_4221547..4283142	ICE	61596	58	1	T4SS_MOBH	MPF_F	1	0		Proteobacteria	Salmonella
NZ_CP059898_3461310..3477557	AICE	16248	19	1	profile_MOBT	none	0	0		Actinobacteriota	Streptomyces
NZ_CP059901_624351..637783	NA	13433	9	1	profile_MOBF	none	0	0		Actinobacteriota	Mumia
NZ_CP059903_12550..26751	NA	14202	13	1	profile_MOBF	none	0	0		Actinobacteriota	Nocardioides
NZ_CP059903_1832586..1842631	NA	10046	8	1	profile_MOBF	none	0	0		Actinobacteriota	Nocardioides
NZ_CP059907_1642653..1720628	NA	77976	94	1	T4SS_MOBH	MPF_F	1	0		Proteobacteria	Escherichia
NZ_CP059917_4659852..4719044	NA	59193	65	1	T4SS_MOBH	MPF_F	1	0		Proteobacteria	Escherichia
NZ_CP059956_1741288..1770061	NA	28774	33	1	T4SS_MOBQ	none	0	0		Proteobacteria	Pectobacterium
NZ_CP059957_4486898..4586441	NA	99544	99	1	T4SS_MOBH	MPF_F	1	0		Proteobacteria	Pectobacterium
NZ_CP059957_5062662..5120337	NA	57676	64	1	T4SS_MOBH	MPF_F	1	0		Proteobacteria	Pectobacterium
NZ_CP059958_1133958..1233496	NA	99539	100	1	T4SS_MOBH	MPF_F	1	0		Proteobacteria	Pectobacterium
NZ_CP059958_1738937..1747753	NA	8817	11	1	T4SS_MOBC	none	0	0		Proteobacteria	Pectobacterium
NZ_CP059959_188641..205545	NA	16905	16	1	T4SS_MOBP1	none	0	0		Proteobacteria	Pectobacterium
NZ_CP059959_2960627..2978435	IME	17809	18	1	T4SS_MOBQ	none	0	0		Proteobacteria	Pectobacterium
NZ_CP059960_3294754..3334951	ICE	40198	39	1	T4SS_MOBC	MPF_T	1	0	Eex_IncN	Proteobacteria	Pectobacterium
NZ_CP059961_2240731..2294178	NA	53448	58	1	T4SS_MOBH	MPF_F	1	0		Proteobacteria	Pectobacterium
NZ_CP059965_1016871..1082500	ICE	65630	70	1	T4SS_MOBP1,T4SS_MOBV	MPF_T	1	0		Campylobacterota	Campylobacter_D
NZ_CP059968_389904..455438	ICE	65535	71	1	T4SS_MOBP1,T4SS_MOBV	MPF_T	1	0	Eex_IncN	Campylobacterota	Campylobacter_D
NZ_CP059971_71632..114246	ICE	42615	46	1	T4SS_MOBV	none	0	0		Campylobacterota	Campylobacter_D
NZ_CP059972_289060..352884	ICE	63825	71	1	T4SS_MOBP1,T4SS_MOBV	MPF_T	1	0		Campylobacterota	Campylobacter_D
NZ_CP059973_219717..254470	IME	34754	25	1	T4SS_MOBB,T4SS_MOBP1,profile_MOBT	none	0	0		Bacteroidota	Bacteroides
NZ_CP059973_476576..490221	IME	13646	17	1	T4SS_MOBP1	none	0	0		Bacteroidota	Bacteroides
NZ_CP059973_4827051..4847554	IME	20504	24	1	T4SS_MOBV	none	0	0		Bacteroidota	Bacteroides
NZ_CP059973_5746732..5756620	NA	9889	13	1	T4SS_MOBP1	none	0	0		Bacteroidota	Bacteroides
NZ_CP059973_698932..727024	IME	28093	24	1	T4SS_MOBV,profile_MOBT	none	0	0		Bacteroidota	Bacteroides
NZ_CP059991_2900130..2938200	NA	38071	41	1	profile_MOBF	none	0	0		Actinobacteriota	Streptomyces
NZ_CP059991_4860566..4888307	NA	27742	40	0	NA	none	0	0		Actinobacteriota	Streptomyces
NZ_CP059995_4751505..4839908	ICE	88404	99	1	T4SS_MOBH	MPF_F	1	0		Proteobacteria	Pseudomonas
NZ_CP059995_5155619..5374983	ICE	219365	239	1	T4SS_MOBH	MPF_F	1	1		Proteobacteria	Pseudomonas
NZ_CP059995_5707956..5791602	ICE	83647	101	1	T4SS_MOBH	MPF_F	1	0		Proteobacteria	Pseudomonas
NZ_CP060008_3218494..3340121	NA	121628	130	1	T4SS_MOBP1	MPF_T	1	0	Eex_IncN	Proteobacteria	Pseudomonas_E
NZ_CP060028_301140..330779	IME	29640	28	1	T4SS_MOBQ	none	0	0		Proteobacteria	Pseudoxanthomonas_A
NZ_CP060035_121960..150481	NA	28522	37	1	profile_MOBF	none	0	0		Proteobacteria	Sphingobium
NZ_CP060035_2316360..2420170	NA	103811	93	1	T4SS_MOBP1	MPF_T	1	0		Proteobacteria	Sphingobium
NZ_CP060035_2874517..2889118	IME	14602	15	1	T4SS_MOBQ	none	0	0		Proteobacteria	Sphingobium
NZ_CP060035_663095..867092	ICE	203998	193	1	profile_MOBF	MPF_F	1	1		Proteobacteria	Sphingobium
NZ_CP060047_141015..497286	NA	356272	376	1	profile_MOBT	none	0	1		Proteobacteria	Vibrio
NZ_CP060049_1538642..1782955	ICE	244314	203	1	T4SS_MOBC,T4SS_MOBP1	MPF_T	1	1	Eex_IncN	Proteobacteria	Klebsiella
NZ_CP060052_1086..108423	ICE	107338	97	1	profile_MOBF,profile_MOBT	MPF_F	1	0		Proteobacteria	Croceicoccus
NZ_CP060061_4728816..4811743	NA	82928	100	1	T4SS_MOBH	MPF_F	1	0		Proteobacteria	Escherichia
NZ_CP060075_1222219..1269595	NA	47377	51	1	T4SS_MOBP1	none	0	0		Proteobacteria	Escherichia
NZ_CP060083_4726656..4809367	NA	82712	99	1	T4SS_MOBH	MPF_F	1	0		Proteobacteria	Escherichia
NZ_CP060092_2101240..2126438	NA	25199	38	1	profile_MOBF	none	0	0		Proteobacteria	Teredinibacter
NZ_CP060092_3452810..3458181	NA	5372	8	0	NA	none	0	0		Proteobacteria	Teredinibacter
NZ_CP060092_4501571..4622517	NA	120947	102	0	NA	none	0	0		Proteobacteria	Teredinibacter
NZ_CP060111_2095062..2145508	ICE	50447	46	1	T4SS_MOBC	MPF_T	1	0	Eex_IncN	Proteobacteria	Klebsiella
NZ_CP060111_4846601..4853417	NA	6817	9	1	T4SS_MOBP1	none	0	0		Proteobacteria	Klebsiella
NZ_CP060111_5537477..5686472	NA	148996	136	1	T4SS_MOBH	MPF_F	1	0		Proteobacteria	Klebsiella
NZ_CP060122_1598409..1638746	NA	40338	44	1	T4SS_MOBP1	MPF_T	1	0		Proteobacteria	Sphingobium
NZ_CP060122_1651679..1987505	NA	335827	328	1	T4SS_MOBQ,profile_MOBF	MPF_T	1	0		Proteobacteria	Sphingobium
NZ_CP060122_2627075..2998464	NA	371390	353	1	profile_MOBF,profile_MOBT	MPF_F	1	0		Proteobacteria	Sphingobium
NZ_CP060122_3043583..3126538	NA	82956	64	0	NA	none	0	0		Proteobacteria	Sphingobium
NZ_CP060122_3254237..3468244	NA	214008	228	1	profile_MOBF	MPF_F	1	0		Proteobacteria	Sphingobium
NZ_CP060122_3786730..3807904	NA	21175	16	1	profile_MOBF	none	0	0		Proteobacteria	Sphingobium
NZ_CP060122_6055018..6068630	NA	13613	13	1	T4SS_MOBQ	none	0	0		Proteobacteria	Sphingobium
NZ_CP060131_1059855..1116111	NA	56257	60	1	profile_MOBT	none	0	0		Actinobacteriota	Pseudonocardia
NZ_CP060131_1187854..1198097	NA	10244	11	0	NA	none	0	0		Actinobacteriota	Pseudonocardia
NZ_CP060131_12275..16299	NA	4025	5	0	NA	none	0	0		Actinobacteriota	Pseudonocardia
NZ_CP060131_1275709..1287659	NA	11951	19	0	NA	none	0	0		Actinobacteriota	Pseudonocardia
NZ_CP060131_1435424..1451955	NA	16532	16	1	profile_MOBF	none	0	0		Actinobacteriota	Pseudonocardia
NZ_CP060131_1663575..1706721	NA	43147	43	1	profile_MOBF	none	0	0		Actinobacteriota	Pseudonocardia
NZ_CP060131_2019812..2036072	NA	16261	16	1	profile_MOBF	none	0	0		Actinobacteriota	Pseudonocardia
NZ_CP060131_3084769..3117450	NA	32682	32	1	profile_MOBF	none	0	0		Actinobacteriota	Pseudonocardia
NZ_CP060131_3636209..3660753	NA	24545	27	1	T4SS_MOBP1	none	0	0		Actinobacteriota	Pseudonocardia
NZ_CP060131_935889..995681	IME	59793	54	1	profile_MOBF	none	0	0		Actinobacteriota	Pseudonocardia
NZ_CP060201_3453805..3495784	NA	41980	40	1	profile_MOBT	none	0	0		Proteobacteria	Pseudomonas_E
NZ_CP060240_4664629..4765716	ICE	101088	108	1	T4SS_MOBH	MPF_F	1	0		Proteobacteria	Pseudomonas
NZ_CP060242_3245625..3326475	NA	80851	85	1	T4SS_MOBH	MPF_F	1	0		Proteobacteria	Pseudomonas
NZ_CP060242_4668301..4711080	ICE	42780	46	1	T4SS_MOBH	MPF_F	1	0		Proteobacteria	Pseudomonas
NZ_CP060242_6559006..6751801	ICE	192796	182	1	T4SS_MOBP1,profile_MOBT	MPF_T	1	0		Proteobacteria	Pseudomonas
NZ_CP060243_5296543..5382452	ICE	85910	72	1	T4SS_MOBH,profile_MOBT	MPF_F	1	0		Proteobacteria	Pseudomonas
NZ_CP060243_5529576..5581901	NA	52326	61	0	NA	none	0	1		Proteobacteria	Pseudomonas
NZ_CP060243_5769588..5853481	ICE	83894	103	1	T4SS_MOBH	MPF_F	1	0		Proteobacteria	Pseudomonas
NZ_CP060243_6021888..6052574	IME	30687	31	1	T4SS_MOBQ,T4SS_MOBV	none	0	0		Proteobacteria	Pseudomonas
NZ_CP060244_1358555..1422616	NA	64062	78	1	profile_MOBF	MPF_T	1	0	Eex_IncN	Proteobacteria	Entomobacter
NZ_CP060244_328380..367541	NA	39162	48	1	profile_MOBF,profile_MOBT	MPF_T	1	0	Eex_IncN	Proteobacteria	Entomobacter
NZ_CP060276_4247645..4363270	NA	115626	88	1	T4SS_MOBH	MPF_F	1	0		Proteobacteria	Serratia
NZ_CP060281_1517603..1560364	NA	42762	53	1	T4SS_MOBP1	none	0	0		Proteobacteria	Klebsiella
NZ_CP060281_1915648..2024621	ICE	108974	63	1	T4SS_MOBC	MPF_T	1	0	Eex_IncN	Proteobacteria	Klebsiella
NZ_CP060286_2871835..2969591	ICE	97757	112	1	T4SS_MOBC,T4SS_MOBP1,profile_MOBT	none	0	0		Firmicutes_A	Caproicibacter
NZ_CP060287_1899292..1911663	IME	12372	8	0	NA	none	0	0		Firmicutes	Sporosarcina
NZ_CP060287_941827..1074428	NA	132602	133	1	T4SS_MOBP1,T4SS_MOBP2	none	0	1		Firmicutes	Sporosarcina
NZ_CP060288_1404317..1426980	NA	22664	20	1	T4SS_MOBQ	none	0	0		Proteobacteria	Pseudomonas_E
NZ_CP060298_1690063..1733026	NA	42964	67	0	NA	none	0	0		Actinobacteriota	Nakamurella
NZ_CP060298_5322131..5330725	NA	8595	8	0	NA	none	0	0		Actinobacteriota	Nakamurella
NZ_CP060386_3321886..3357690	NA	35805	34	0	NA	none	0	0		Proteobacteria	Vibrio
NZ_CP060386_486264..507746	NA	21483	19	0	NA	none	0	0		Proteobacteria	Vibrio
NZ_CP060386_704637..919064	ICE	214428	195	1	T4SS_MOBH	MPF_F	1	0	EexR	Proteobacteria	Vibrio
NZ_CP060388_1010991..1054537	NA	43547	36	1	profile_MOBF	none	0	0		Proteobacteria	Sphingobium
NZ_CP060388_2640877..2804163	ICE	163287	161	1	profile_MOBF,profile_MOBT	MPF_F	1	0		Proteobacteria	Sphingobium
NZ_CP060388_408918..455184	NA	46267	48	1	T4SS_MOBQ	none	0	0		Proteobacteria	Sphingobium
NZ_CP060392_1249856..1302720	NA	52865	55	1	T4SS_MOBP1	MPF_T	1	0		Proteobacteria	Pseudomonas
NZ_CP060393_2891984..3059737	ICE	167754	137	1	profile_MOBF	MPF_T	1	0		Acidobacteriota	Edaphobacter
NZ_CP060395_1197907..1255664	NA	57758	64	0	NA	none	0	0		Cyanobacteria	Cyanobium_A
NZ_CP060397_412589..448465	IME	35877	32	0	NA	none	0	0		Cyanobacteria	Cyanobium
NZ_CP060398_316363..329669	NA	13307	15	1	profile_MOBF,profile_MOBM	none	0	0		Cyanobacteria	CBW1002
NZ_CP060399_1551962..1618179	ICE	66218	66	1	T4SS_MOBP1	MPF_T	1	0	Eex_IncN	Proteobacteria	Xanthomonas
NZ_CP060399_3383401..3438465	IME	55065	53	1	T4SS_MOBQ	none	0	0		Proteobacteria	Xanthomonas
NZ_CP060399_3855620..3881600	IME	25981	27	1	T4SS_MOBQ	none	0	0		Proteobacteria	Xanthomonas
NZ_CP060402_360290..430995	ICE	70706	83	1	profile_MOBF	none	0	1		Actinobacteriota	Microbacterium
NZ_CP060404_2518535..2537291	NA	18757	23	0	NA	none	0	0		Actinobacteriota	Streptomyces
NZ_CP060413_2050964..2130986	NA	80023	83	0	NA	none	0	1		Proteobacteria	Comamonas
NZ_CP060413_3428256..3440954	IME	12699	17	0	NA	none	0	0		Proteobacteria	Comamonas
NZ_CP060413_850530..913797	NA	63268	70	1	T4SS_MOBP1,profile_MOBT	none	0	0	Eex_IncN	Proteobacteria	Comamonas
NZ_CP060414_2765975..2871879	NA	105905	103	1	profile_MOBT	none	0	0		Proteobacteria	Neisseria
NZ_CP060414_466593..568683	NA	102091	103	1	T4SS_MOBP1,T4SS_MOBQ	MPF_T	1	0		Proteobacteria	Neisseria
NZ_CP060414_951282..995877	NA	44596	46	1	profile_MOBT	none	0	0		Proteobacteria	Neisseria
NZ_CP060446_1245134..1285864	IME	40731	43	1	T4SS_MOBQ	none	0	0		Proteobacteria	Xanthomonas
NZ_CP060453_2454472..2537254	ICE	82783	85	1	T4SS_MOBH	MPF_F	1	0		Proteobacteria	Xanthomonas
NZ_CP060453_3895347..3913332	IME	17986	24	1	T4SS_MOBQ	none	0	0		Proteobacteria	Xanthomonas
NZ_CP060465_1162141..1204595	IME	42455	49	1	T4SS_MOBQ	none	0	0		Proteobacteria	Xanthomonas
NZ_CP060465_2481169..2575625	ICE	94457	90	1	T4SS_MOBH,profile_MOBT	MPF_F	1	0		Proteobacteria	Xanthomonas
NZ_CP060465_3748259..3787257	IME	38999	44	1	T4SS_MOBQ	none	0	0		Proteobacteria	Xanthomonas
NZ_CP060470_1245376..1287327	IME	41952	45	1	T4SS_MOBQ	none	0	0		Proteobacteria	Xanthomonas
NZ_CP060470_2601392..2684177	ICE	82786	84	1	T4SS_MOBH	MPF_F	1	0		Proteobacteria	Xanthomonas
NZ_CP060494_2104164..2159973	NA	55810	52	1	profile_MOBF,profile_MOBT	none	0	0		Proteobacteria	Sphingomonas
NZ_CP060495_1045139..1068277	NA	23139	18	1	profile_MOBF	none	0	0		Proteobacteria	Novosphingopyxis
NZ_CP060495_3050534..3084523	NA	33990	30	1	profile_MOBF	none	0	0		Proteobacteria	Novosphingopyxis
NZ_CP060497_318927..333053	NA	14127	20	1	T4SS_MOBP1,T4SS_MOBV	none	0	0		Bacteroidota	Pseudosphingobacterium
NZ_CP060497_4434661..4471701	NA	37041	38	1	T4SS_MOBP1	none	0	0		Bacteroidota	Pseudosphingobacterium
NZ_CP060497_85879..101611	NA	15733	19	1	T4SS_MOBB,profile_MOBM	none	0	0		Bacteroidota	Pseudosphingobacterium
NZ_CP060589_1721948..1744493	NA	22546	24	0	NA	none	0	0		Proteobacteria	Vibrio
NZ_CP060589_2108721..2120488	NA	11768	11	1	T4SS_MOBP1	none	0	0		Proteobacteria	Vibrio
NZ_CP060590_229312..247548	NA	18237	17	1	T4SS_MOBP1	none	0	0		Proteobacteria	Vibrio
NZ_CP060636_1053513..1119142	NA	65630	65	1	T4SS_MOBP1,T4SS_MOBQ	MPF_FA	1	9		Firmicutes	NSJ-61
NZ_CP060636_1186557..1335666	ICE	149110	167	1	T4SS_MOBB,profile_MOBT	MPF_FA	1	8		Firmicutes	NSJ-61
NZ_CP060636_1419322..1495293	ICE	75972	81	1	T4SS_MOBB,profile_MOBT	MPF_FA	1	8		Firmicutes	NSJ-61
NZ_CP060636_2317108..2371631	NA	54524	65	1	T4SS_MOBP1,T4SS_MOBV	none	0	1		Firmicutes	NSJ-61
NZ_CP060636_2699438..2725746	ICE	26309	27	1	T4SS_MOBB,profile_MOBT	MPF_FA	1	7		Firmicutes	NSJ-61
NZ_CP060636_2823774..2832569	NA	8796	7	1	profile_MOBT	none	0	0		Firmicutes	NSJ-61
NZ_CP060636_3614223..3680850	NA	66628	64	1	profile_MOBT	MPF_FA	1	8		Firmicutes	NSJ-61
NZ_CP060636_772877..839086	NA	66210	67	1	T4SS_MOBV	none	0	0		Firmicutes	NSJ-61
NZ_CP060637_1559265..1607157	ICE	47893	43	1	T4SS_MOBQ,profile_MOBT	MPF_FA	1	7		Fusobacteriota	Fusobacterium_A
NZ_CP060650_2027594..2076373	ICE	48780	47	1	T4SS_MOBC	MPF_T	1	0	Eex_IncN	Proteobacteria	Citrobacter
NZ_CP060696_65640..71775	NA	6136	6	1	T4SS_MOBP1,T4SS_MOBP2	none	0	0		Firmicutes_A	Caproicibacterium
NZ_CP060697_555186..571815	ICE	16630	16	1	T4SS_MOBP1	MPF_T	1	0		Proteobacteria	Sphingomicrobium
NZ_CP060698_2309365..2578314	ICE	268950	291	1	T4SS_MOBP1,profile_MOBT	MPF_T	1	1		Bacteroidota	Amniculibacterium
NZ_CP060700_1631444..1707948	ICE	76505	66	1	profile_MOBT	MPF_FA	1	7		Firmicutes	Staphylococcus
NZ_CP060700_2197946..2317671	ICE	119726	116	1	T4SS_MOBV	none	0	0		Firmicutes	Staphylococcus
NZ_CP060703_4468519..4501451	IME	32933	20	1	T4SS_MOBH	none	0	0		Proteobacteria	Pseudomonas
NZ_CP060705_1607243..1630868	IME	23626	27	1	T4SS_MOBP1	none	0	0		Campylobacterota	Campylobacter_A
NZ_CP060707_1339567..1378790	ICE	39224	40	1	T4SS_MOBP1,T4SS_MOBV	MPF_T	1	0		Campylobacterota	Campylobacter_A
NZ_CP060707_1623817..1644434	IME	20618	22	1	T4SS_MOBP1	none	0	0		Campylobacterota	Campylobacter_A
NZ_CP060708_3822407..3936749	ICE	114343	124	1	T4SS_MOBP1,profile_MOBT	MPF_T	1	0	TrbK_RP4	Proteobacteria	Escherichia
NZ_CP060709_342175..638310	ICE	296136	332	1	T4SS_MOBP1,profile_MOBM,profile_MOBT	MPF_T	1	0	TrbK_RP4	Proteobacteria	Escherichia
NZ_CP060712_47298..51592	NA	4295	4	1	profile_MOBF	none	0	0		Actinobacteriota	Phycicoccus
NZ_CP060716_1005133..1011318	NA	6186	5	0	NA	none	0	0		Actinobacteriota	Leucobacter
NZ_CP060723_31487..228461	ICE	196975	195	1	T4SS_MOBP1	MPF_T	1	1		Bacteroidota	Pedobacter
NZ_CP060724_1269304..1276468	NA	7165	7	1	T4SS_MOBH	none	0	0		Firmicutes	Weissella
NZ_CP060724_944137..981409	NA	37273	42	1	profile_MOBT	none	0	4		Firmicutes	Weissella
NZ_CP060725_4450113..4483765	NA	33653	40	1	T4SS_MOBP1	MPF_T	1	0		Proteobacteria	Sphingopyxis
NZ_CP060744_4560810..4629691	ICE	68882	71	1	T4SS_MOBH	MPF_F	1	0		Proteobacteria	Klebsiella
NZ_CP060782_247818..260809	NA	12992	19	1	T4SS_MOBV	none	0	0		Proteobacteria	Sphingomicrobium
NZ_CP060783_2197847..2346533	ICE	148687	175	1	T4SS_MOBH,profile_MOBT	MPF_F	1	0		Proteobacteria	Diaphorobacter_A
NZ_CP060804_1325360..1415177	NA	89818	96	1	T4SS_MOBP1	none	0	1		Firmicutes	Enterococcus
NZ_CP060804_1835336..1921331	ICE	85996	74	1	profile_MOBM,profile_MOBT	MPF_FA	1	8		Firmicutes	Enterococcus
NZ_CP060804_84919..172912	ICE	87994	89	1	profile_MOBT	MPF_FA	1	8		Firmicutes	Enterococcus
NZ_CP060811_663636..860563	ICE	196928	178	1	T4SS_MOBQ	none	0	0		Proteobacteria	Acinetobacter
NZ_CP060825_3503359..3510070	NA	6712	5	0	NA	none	0	0		Actinobacteriota	Streptomyces
NZ_CP060825_3944053..3958259	NA	14207	18	0	NA	none	0	0		Actinobacteriota	Streptomyces
NZ_CP060828_3943315..3959732	NA	16418	19	0	NA	none	0	0		Actinobacteriota	Streptomyces
NZ_CP060828_4879662..4906328	NA	26667	27	1	profile_MOBF	none	0	0		Actinobacteriota	Streptomyces
NZ_CP060828_5086942..5100953	NA	14012	18	0	NA	none	0	0		Actinobacteriota	Streptomyces
NZ_CP060861_1273763..1338696	ICE	64934	71	1	profile_MOBT	MPF_FA	1	9		Firmicutes	Enterococcus_B
NZ_CP060861_1469095..1514822	IME	45728	50	1	profile_MOBT	none	0	1		Firmicutes	Enterococcus_B
NZ_CP060861_1520750..1631741	ICE	110992	114	1	profile_MOBT	none	0	6		Firmicutes	Enterococcus_B
NZ_CP060861_2767344..2834213	ICE	66870	61	1	profile_MOBT	MPF_FA	1	7		Firmicutes	Enterococcus_B
NZ_CP060861_706964..734808	NA	27845	25	1	profile_MOBM,profile_MOBT	none	0	0		Firmicutes	Enterococcus_B
NZ_CP061007_3106687..3119428	NA	12742	18	0	NA	none	0	0		Actinobacteriota	Saccharopolyspora
NZ_CP061007_4192497..4206985	NA	14489	19	0	NA	none	0	0		Actinobacteriota	Saccharopolyspora
NZ_CP061007_4488422..4534047	NA	45626	47	0	NA	none	0	0		Actinobacteriota	Saccharopolyspora
NZ_CP061008_6141012..6314614	NA	173603	153	1	T4SS_MOBH	none	0	0		Proteobacteria	Achromobacter
NZ_CP061034_2310306..2405004	ICE	94699	104	1	T4SS_MOBH	MPF_F	1	0		Proteobacteria	Pseudomonas
NZ_CP061044_764243..846075	ICE	81833	88	1	T4SS_MOBH	MPF_F	1	1		Proteobacteria	Salmonella
NZ_CP061072_3539216..3559715	NA	20500	18	1	T4SS_MOBP1	none	0	0		Actinobacteriota	Streptomyces
NZ_CP061072_3620202..3628059	NA	7858	8	1	T4SS_MOBP1	none	0	0		Actinobacteriota	Streptomyces
NZ_CP061072_375479..452158	NA	76680	69	1	T4SS_MOBC,T4SS_MOBP1	none	0	0		Actinobacteriota	Streptomyces
NZ_CP061081_3500584..3513791	NA	13208	12	1	profile_MOBF	none	0	0		Proteobacteria	Marinomonas
NZ_CP061083_1577203..1595126	IME	17924	17	1	T4SS_MOBQ	none	0	0		Proteobacteria	Pantoea
NZ_CP061122_1350300..1427084	IME	76785	55	1	T4SS_MOBP1	none	0	0		Proteobacteria	Salmonella
NZ_CP061159_4121997..4216936	NA	94940	105	1	T4SS_MOBH	MPF_F	1	0		Proteobacteria	Salmonella
NZ_CP061204_3263359..3286428	IME	23070	27	1	T4SS_MOBQ	none	0	0		Proteobacteria	Stenotrophomonas
NZ_CP061205_3847752..3938539	ICE	90788	85	1	profile_MOBF,profile_MOBT	MPF_F	1	0		Proteobacteria	Kordiimonas
NZ_CP061281_4198277..4222242	NA	23966	28	1	T4SS_MOBP1	none	0	0		Actinobacteriota	Streptomyces
NZ_CP061284_582859..611260	ICE	28402	33	1	profile_MOBT	MPF_FA	1	6	DUF4467	Firmicutes	Bacillus
NZ_CP061296_564825..590902	NA	26078	27	1	T4SS_MOBC	none	0	0		Proteobacteria	Polynucleobacter
NZ_CP061299_371410..379679	IME	8270	6	1	T4SS_MOBP1	none	0	0		Proteobacteria	Polynucleobacter
NZ_CP061318_823852..826437	NA	2586	4	1	T4SS_MOBV	none	0	0		Proteobacteria	Polynucleobacter
NZ_CP061336_2864128..2947121	NA	82994	72	0	NA	none	0	1		Firmicutes_A	Ruminiclostridium
NZ_CP061341_286969..333411	IME	46443	42	0	NA	none	0	0		Firmicutes	Lactobacillus
NZ_CP061344_2175927..2193750	NA	17824	24	1	profile_MOBF	none	0	0		Actinobacteriota	Microbacterium
NZ_CP061345_383477..416406	NA	32930	38	1	profile_MOBF	none	0	0		Actinobacteriota	Microbacterium
NZ_CP061369_384377..523813	NA	139437	153	1	T4SS_MOBH,T4SS_MOBQ,T4SS_MOBV	MPF_F	1	0		Proteobacteria	Komagataeibacter
NZ_CP061385_742810..797752	NA	54943	63	1	T4SS_MOBH,profile_MOBT	MPF_F	1	0		Proteobacteria	Klebsiella
NZ_CP061389_1737165..1884920	ICE	147756	124	1	T4SS_MOBC	MPF_T	1	0	Eex_IncN	Proteobacteria	Klebsiella
NZ_CP061389_1921948..1951562	IME	29615	34	1	T4SS_MOBQ,profile_MOBT	none	0	0		Proteobacteria	Klebsiella
NZ_CP061396_1874458..1901943	NA	27486	30	1	T4SS_MOBQ	none	0	0		Proteobacteria	Klebsiella
NZ_CP061399_1866167..1894852	NA	28686	33	1	T4SS_MOBQ	none	0	0		Proteobacteria	Klebsiella
NZ_CP061404_3394935..3517562	ICE	122628	90	1	T4SS_MOBC	MPF_T	1	0		Proteobacteria	Klebsiella
NZ_CP061472_1682672..1729252	NA	46581	76	1	profile_MOBT	none	0	0		Firmicutes	Geobacillus
NZ_CP061472_995774..1056463	NA	60690	82	1	T4SS_MOBC,profile_MOBT	none	0	0		Firmicutes	Geobacillus
NZ_CP061473_1519229..1560966	NA	41738	40	1	profile_MOBM	none	0	0		Firmicutes	Geobacillus
NZ_CP061510_1265471..1320075	ICE	54605	52	1	T4SS_MOBP1,profile_MOBT	MPF_T	1	0		Proteobacteria	Tsuneonella
NZ_CP061510_1710667..1821795	ICE	111129	99	1	profile_MOBF	MPF_F	1	0		Proteobacteria	Tsuneonella
NZ_CP061510_2503485..2606494	ICE	103010	97	1	T4SS_MOBP1	none	0	0		Proteobacteria	Tsuneonella
NZ_CP061510_963701..1024899	ICE	61199	56	1	profile_MOBF,profile_MOBT	MPF_F	1	0		Proteobacteria	Tsuneonella
NZ_CP061513_2741538..2942624	ICE	201087	223	1	T4SS_MOBH,profile_MOBT	MPF_F	1	0		Proteobacteria	Morganella
NZ_CP061664_893758..935379	IME	41622	32	1	T4SS_MOBQ	none	0	0		Proteobacteria	Acinetobacter
NZ_CP061699_2254691..2285710	ICE	31020	31	1	T4SS_MOBH	none	0	0		Proteobacteria	Pseudomonas
NZ_CP061700_1588615..1800727	ICE	212113	163	1	T4SS_MOBC,T4SS_MOBP1	MPF_T	1	0	Eex_IncN	Proteobacteria	Klebsiella
NZ_CP061719_1235249..1257871	IME	22623	25	1	T4SS_MOBP1	none	0	0		Proteobacteria	Klebsiella
NZ_CP061719_1970806..1997922	NA	27117	29	1	T4SS_MOBQ	none	0	0		Proteobacteria	Klebsiella
NZ_CP061719_3806069..3853987	ICE	47919	44	1	T4SS_MOBC	MPF_T	1	0	Eex_IncN	Proteobacteria	Klebsiella
NZ_CP061723_4128418..4330757	ICE	202340	199	1	T4SS_MOBH,profile_MOBT	MPF_F	1	0	TrbK_RP4	Proteobacteria	Pseudomonas_E
NZ_CP061725_1264983..1310978	IME	45996	25	0	NA	none	0	0		Actinobacteriota	Micromonospora
NZ_CP061725_4162526..4179570	NA	17045	22	0	NA	none	0	0		Actinobacteriota	Micromonospora
NZ_CP061743_487721..500517	NA	12797	20	0	NA	none	0	0		Actinobacteriota	Rathayibacter
NZ_CP061749_1250287..1265718	IME	15432	12	1	T4SS_MOBP1	none	0	0		Proteobacteria	Escherichia
NZ_CP061754_1296004..1478586	NA	182583	177	1	T4SS_MOBP1	none	0	0		Proteobacteria	Escherichia
NZ_CP061768_2322385..2370420	IME	48036	30	1	profile_MOBF	none	0	0		Actinobacteriota	Nocardioides
NZ_CP061769_801756..830199	NA	28444	35	0	NA	none	0	0		Actinobacteriota	Nocardioides
NZ_CP061771_1269513..1280745	NA	11233	8	1	profile_MOBF	none	0	0		Actinobacteriota	ZJ450
NZ_CP061772_1327264..1421194	ICE	93931	96	1	T4SS_MOBP1,profile_MOBT	MPF_T	1	0		Proteobacteria	Ochrobactrum
NZ_CP061773_765513..843819	NA	78307	70	1	T4SS_MOBQ	MPF_T	1	0	Eex_IncN	Proteobacteria	Ochrobactrum
NZ_CP061777_2147144..2251061	ICE	103918	106	1	T4SS_MOBH	MPF_F	1	0		Proteobacteria	Pseudomonas
NZ_CP061778_4353289..4465910	ICE	112622	115	1	T4SS_MOBH	MPF_F	1	0		Proteobacteria	Pseudomonas
NZ_CP061779_1391605..1485478	ICE	93874	95	1	T4SS_MOBH	MPF_F	1	0		Proteobacteria	Pseudomonas
NZ_CP061779_242113..285434	ICE	43322	44	1	T4SS_MOBP1,profile_MOBT	MPF_T	1	0	Eex_IncN	Proteobacteria	Pseudomonas
NZ_CP061779_4569518..4655643	ICE	86126	105	1	T4SS_MOBH	MPF_F	1	0		Proteobacteria	Pseudomonas
NZ_CP061779_4692428..4738971	NA	46544	50	1	T4SS_MOBP1	none	0	0		Proteobacteria	Pseudomonas
NZ_CP061780_645683..739529	ICE	93847	109	1	T4SS_MOBH	MPF_F	1	0		Proteobacteria	Pseudomonas
NZ_CP061832_1837446..1899716	ICE	62271	46	1	T4SS_MOBC	MPF_T	1	0	Eex_IncN	Proteobacteria	Klebsiella
NZ_CP061839_804816..832553	NA	27738	27	1	T4SS_MOBP1	none	0	0		Spirochaetota	Treponema_B
NZ_CP061840_148431..219317	ICE	70887	62	1	T4SS_MOBQ	MPF_T	1	0		Proteobacteria	Legionella
NZ_CP061840_2245902..2310150	ICE	64249	62	1	profile_MOBF	MPF_F	1	0		Proteobacteria	Legionella
NZ_CP061847_1115291..1154138	IME	38848	34	1	T4SS_MOBQ,T4SS_MOBV	none	0	0		Proteobacteria	Lysobacter
NZ_CP061850_4894955..4988103	ICE	93149	106	1	T4SS_MOBH	MPF_F	1	0		Proteobacteria	Pseudomonas
NZ_CP061930_1014197..1058209	IME	44013	46	1	T4SS_MOBP1	none	0	1		Proteobacteria	Klebsiella
NZ_CP061930_24665..103813	ICE	79149	82	1	T4SS_MOBC	MPF_T	1	0	Eex_IncN	Proteobacteria	Klebsiella
NZ_CP061930_7638..22571	IME	14934	10	1	T4SS_MOBQ	none	0	0		Proteobacteria	Klebsiella
NZ_CP061947_3557892..3762014	ICE	204123	161	1	T4SS_MOBP1	none	0	0		Bacteroidota	Algoriphagus
NZ_CP061948_2436517..2677454	ICE	240938	237	0	NA	none	0	0		Proteobacteria	Klebsiella
NZ_CP061948_4722932..4750263	IME	27332	32	1	T4SS_MOBP1	none	0	0		Proteobacteria	Klebsiella
NZ_CP061957_746437..803884	NA	57448	66	1	T4SS_MOBH,profile_MOBT	MPF_F	1	0		Proteobacteria	Klebsiella
NZ_CP061961_3588015..3651566	ICE	63552	47	1	T4SS_MOBC	MPF_T	1	0	Eex_IncN	Proteobacteria	Klebsiella
NZ_CP061961_749366..804308	NA	54943	63	1	T4SS_MOBH,profile_MOBT	MPF_F	1	0		Proteobacteria	Klebsiella
NZ_CP061965_3983226..4011794	IME	28569	27	1	T4SS_MOBP1	none	0	0		Proteobacteria	Klebsiella
NZ_CP062004_3852434..4005606	ICE	153173	157	1	T4SS_MOBH	MPF_F	1	0		Proteobacteria	Salmonella
NZ_CP062006_1502721..1542606	NA	39886	42	1	T4SS_MOBP1,T4SS_MOBV	MPF_T	1	0		Proteobacteria	Brevundimonas
NZ_CP062006_559883..653903	ICE	94021	84	1	T4SS_MOBP1,T4SS_MOBQ,profile_MOBT	MPF_T	1	0		Proteobacteria	Brevundimonas
NZ_CP062008_4377577..4467423	NA	89847	87	0	NA	none	0	0		Actinobacteriota	Mycobacterium
NZ_CP062062_504303..516177	IME	11875	18	1	profile_MOBT	none	0	0		Proteobacteria	Janthinobacterium
NZ_CP062066_3808469..3818853	NA	10385	14	1	T4SS_MOBQ	none	0	0		Proteobacteria	Xanthomonas
NZ_CP062068_474730..516978	NA	42249	42	0	NA	none	0	0		Firmicutes	Lactobacillus
NZ_CP062071_585981..652839	NA	66859	87	1	T4SS_MOBH,profile_MOBT	none	0	0		Firmicutes	Ligilactobacillus
NZ_CP062112_4794718..4895659	ICE	100942	106	1	T4SS_MOBP1,profile_MOBT	MPF_T	1	0		Proteobacteria	Phyllobacterium
NZ_CP062122_5930362..6027217	NA	96856	104	1	T4SS_MOBH	MPF_F	1	0	Eex_IncN	Proteobacteria	Pseudomonas
NZ_CP062130_297062..305788	AICE	8727	6	0	NA	none	0	0		Actinobacteriota	Mycobacterium
NZ_CP062132_3599690..3608978	NA	9289	7	0	NA	none	0	0		Actinobacteriota	Mycobacterium
NZ_CP062135_4311142..4329811	NA	18670	17	0	NA	none	0	0		Actinobacteriota	Mycobacterium
NZ_CP062138_1742198..1764215	IME	22018	21	1	T4SS_MOBQ	none	0	0		Proteobacteria	Klebsiella
NZ_CP062146_3258103..3491302	ICE	233200	227	1	T4SS_MOBH	MPF_F	1	0	EexR	Proteobacteria	Proteus
NZ_CP062156_1469042..1611619	NA	142578	157	1	T4SS_MOBP1	MPF_T	1	1	Eex_IncN	Proteobacteria	Stenotrophomonas
NZ_CP062156_1653062..1736853	NA	83792	89	1	T4SS_MOBH	MPF_F	1	0		Proteobacteria	Stenotrophomonas
NZ_CP062156_1737094..1825323	ICE	88230	85	1	T4SS_MOBH	MPF_F	1	0		Proteobacteria	Stenotrophomonas
NZ_CP062163_2433170..2438071	NA	4902	5	0	NA	none	0	0		Firmicutes	Peribacillus
NZ_CP062164_3018371..3040412	NA	22042	21	1	T4SS_MOBQ	none	0	0		Proteobacteria	Xanthomonas
NZ_CP062164_3384206..3430410	IME	46205	37	1	T4SS_MOBC,T4SS_MOBQ	none	0	0		Proteobacteria	Xanthomonas
NZ_CP062164_3727113..3746178	NA	19066	23	1	T4SS_MOBQ	none	0	0		Proteobacteria	Xanthomonas
NZ_CP062167_45960..214023	NA	168064	176	1	T4SS_MOBP1	MPF_T	1	0		Proteobacteria	Aureimonas
NZ_CP062204_787278..867466	NA	80189	93	1	T4SS_MOBH	MPF_F	1	0		Proteobacteria	Escherichia
NZ_CP062218_2463798..2537733	NA	73936	90	1	T4SS_MOBH	MPF_F	1	0		Proteobacteria	Pseudomonas_E
NZ_CP062218_3235585..3341327	ICE	105743	109	1	T4SS_MOBH	MPF_F	1	0		Proteobacteria	Pseudomonas_E
NZ_CP062218_5126348..5377104	NA	250757	249	1	T4SS_MOBP1	none	0	0		Proteobacteria	Pseudomonas_E
NZ_CP062254_1677518..1758972	ICE	81455	75	1	T4SS_MOBH,profile_MOBT	MPF_F	1	0		Proteobacteria	Pectobacterium
NZ_CP062254_3608233..3695524	ICE	87292	97	1	T4SS_MOBH	MPF_F	1	0		Proteobacteria	Pectobacterium
NZ_CP062501_1089405..1105025	NA	15621	13	1	profile_MOBT	none	0	0		Proteobacteria	Vibrio
NZ_CP062792_1362735..1448111	NA	85377	83	1	T4SS_MOBP1	none	0	0		Proteobacteria	Klebsiella
NZ_CP062803_4412547..4559823	NA	147277	133	1	T4SS_MOBP1	MPF_T	1	0	Eex_IncN	Proteobacteria	Cupriavidus
NZ_CP062824_3866636..3912408	NA	45773	53	1	T4SS_MOBH	MPF_F	1	0		Proteobacteria	Escherichia
NZ_CP062826_1181086..1226740	NA	45655	48	1	T4SS_MOBP1	none	0	0		Proteobacteria	Escherichia
NZ_CP062901_4019382..4179287	ICE	159906	153	1	T4SS_MOBH,profile_MOBT	MPF_F	1	0		Proteobacteria	Escherichia
NZ_CP062936_1560366..1566651	NA	6286	6	0	NA	none	0	0		Actinobacteriota	Brevibacterium
NZ_CP062936_2371947..2449449	ICE	77503	74	1	profile_MOBF	none	0	0		Actinobacteriota	Brevibacterium
NZ_CP062939_1191968..1276420	ICE	84453	91	1	T4SS_MOBP1	MPF_FA	1	6		Actinobacteriota	Bifidobacterium
NZ_CP062939_17610..69092	NA	51483	57	1	profile_MOBF	none	0	0		Actinobacteriota	Bifidobacterium
NZ_CP062939_2046491..2056784	IME	10294	12	1	T4SS_MOBC	none	0	0		Actinobacteriota	Bifidobacterium
NZ_CP062940_2137796..2163526	NA	25731	30	1	profile_MOBF,profile_MOBT	none	0	0		Actinobacteriota	Bifidobacterium
NZ_CP062941_5152532..5155818	NA	3287	5	1	T4SS_MOBP1,T4SS_MOBQ,T4SS_MOBV	none	0	0		Proteobacteria	Massilia
NZ_CP062941_587584..629496	IME	41913	34	1	profile_MOBT	none	0	0		Proteobacteria	Massilia
NZ_CP062948_1360168..1394512	NA	34345	36	1	T4SS_MOBP1	MPF_FA	1	7		Actinobacteriota	Bifidobacterium
NZ_CP062948_2203237..2238859	ICE	35623	38	1	T4SS_MOBP1	MPF_FA	1	7		Actinobacteriota	Bifidobacterium
NZ_CP062952_1136989..1221483	ICE	84495	88	1	profile_MOBF,profile_MOBT	none	0	1		Actinobacteriota	Bifidobacterium
NZ_CP062973_2046059..2245382	NA	199324	183	0	NA	none	0	0		Bacteroidota	Psychroflexus
NZ_CP062997_1781018..2024580	ICE	243563	241	0	NA	none	0	0		Proteobacteria	Klebsiella
NZ_CP063011_1841501..1903002	ICE	61502	44	1	T4SS_MOBC	MPF_T	1	0	Eex_IncN	Proteobacteria	Klebsiella
NZ_CP063019_1828184..1891626	ICE	63443	43	1	T4SS_MOBC	MPF_T	1	0		Proteobacteria	Klebsiella
NZ_CP063019_745456..801704	NA	56249	66	1	T4SS_MOBH,profile_MOBT	MPF_F	1	0		Proteobacteria	Klebsiella
NZ_CP063046_3635721..3646896	NA	11176	9	1	T4SS_MOBQ	none	0	0		Proteobacteria	Escherichia
NZ_CP063056_294933..332743	ICE	37811	48	1	T4SS_MOBH	MPF_F	1	1		Proteobacteria	Rodentibacter
NZ_CP063078_952909..988861	NA	35953	44	1	T4SS_MOBP1	MPF_T	1	0		Campylobacterota	Campylobacter_B
NZ_CP063081_32345..110686	ICE	78342	84	1	T4SS_MOBP1	MPF_T	1	1		Campylobacterota	Helicobacter_C
NZ_CP063112_1082091..1133425	ICE	51335	60	1	T4SS_MOBH	MPF_F	1	0		Proteobacteria	Haemophilus_D
NZ_CP063113_1045172..1098440	ICE	53269	59	1	T4SS_MOBH	MPF_F	1	0		Proteobacteria	Haemophilus_D
NZ_CP063121_1081249..1131823	ICE	50575	58	1	T4SS_MOBH	MPF_F	1	0		Proteobacteria	Haemophilus_D
NZ_CP063124_1056634..1102186	ICE	45553	53	1	T4SS_MOBH	MPF_F	1	0		Proteobacteria	Haemophilus_D
NZ_CP063140_756652..759463	NA	2812	2	1	T4SS_MOBH	none	0	0		Proteobacteria	Salmonella
NZ_CP063145_1827639..2021088	NA	193450	202	1	T4SS_MOBP1,profile_MOBT	MPF_T	1	1		Bacteroidota	Cruoricaptor
NZ_CP063145_876084..888280	NA	12197	19	1	T4SS_MOBP1	none	0	0		Bacteroidota	Cruoricaptor
NZ_CP063198_568364..673013	ICE	104650	100	1	profile_MOBT	MPF_FA	1	7		Firmicutes	Streptococcus
NZ_CP063213_2052474..2093799	ICE	41326	46	1	T4SS_MOBP1	none	0	1		Actinobacteriota	Trueperella
NZ_CP063213_2146940..2166070	NA	19131	23	1	T4SS_MOBP1	MPF_FA	1	6		Actinobacteriota	Trueperella
NZ_CP063224_3623797..3639017	NA	15221	16	1	T4SS_MOBP1	none	0	0		Proteobacteria	Enterobacter
NZ_CP063238_1667426..1718751	NA	51326	52	1	T4SS_MOBP1	MPF_T	1	0		Proteobacteria	Serratia
NZ_CP063242_1072968..1103148	IME	30181	36	1	T4SS_MOBQ	none	0	0		Proteobacteria	Pectobacterium
NZ_CP063242_3171037..3203394	IME	32358	33	1	T4SS_MOBP1	none	0	0		Proteobacteria	Pectobacterium
NZ_CP063242_3775898..3785743	NA	9846	10	1	T4SS_MOBC	none	0	0		Proteobacteria	Pectobacterium
NZ_CP063242_4216812..4220537	NA	3726	5	1	T4SS_MOBC	none	0	0		Proteobacteria	Pectobacterium
NZ_CP063277_4928171..5008393	ICE	80223	68	1	T4SS_MOBH,profile_MOBT	MPF_F	1	0		Proteobacteria	Klebsiella
NZ_CP063304_2431521..2475914	NA	44394	42	1	T4SS_MOBP1	MPF_T	1	8		Firmicutes_A	Pelethocola
NZ_CP063304_3265016..3352230	ICE	87215	93	1	T4SS_MOBP1,profile_MOBT	MPF_FA	1	8		Firmicutes_A	Pelethocola
NZ_CP063314_3041778..3225365	ICE	183588	158	1	T4SS_MOBC	none	0	0		Proteobacteria	Proteus
NZ_CP063318_351635..361189	NA	9555	10	0	NA	none	0	0		Actinobacteriota	Mycobacterium
NZ_CP063328_3174808..3179668	NA	4861	4	0	NA	none	0	0		Actinobacteriota	Mycobacterium
NZ_CP063332_1732580..1770684	NA	38105	39	1	T4SS_MOBP1	none	0	0		Proteobacteria	Escherichia
NZ_CP063341_1871148..1898667	NA	27520	32	1	T4SS_MOBQ	none	0	0		Proteobacteria	Escherichia
NZ_CP063353_754759..773980	NA	19222	19	0	NA	none	0	0		Firmicutes_H	GCA-014931565
NZ_CP063358_257782..268694	NA	10913	17	0	NA	none	0	0		Proteobacteria	Pseudomonas_A
NZ_CP063362_306128..543886	NA	237759	227	1	T4SS_MOBP1	MPF_T	1	0		Proteobacteria	Xanthobacter
NZ_CP063362_6024227..6276567	NA	252341	279	1	T4SS_MOBQ,T4SS_MOBV	MPF_T	1	0	Eex_IncN	Proteobacteria	Xanthobacter
NZ_CP063373_450888..467237	NA	16350	19	0	NA	none	0	0		Actinobacteriota	Streptomyces
NZ_CP063373_9352665..9359292	NA	6628	6	1	T4SS_MOBP1	none	0	0		Actinobacteriota	Streptomyces
NZ_CP063373_9654031..9677190	NA	23160	27	1	T4SS_MOBP1	none	0	0		Actinobacteriota	Streptomyces
NZ_CP063374_3744439..3753084	NA	8646	12	0	NA	none	0	0		Actinobacteriota	Streptomyces
NZ_CP063374_5427016..5458796	AICE	31781	26	0	NA	none	0	0		Actinobacteriota	Streptomyces
NZ_CP063374_5543259..5587764	NA	44506	54	0	NA	none	0	0		Actinobacteriota	Streptomyces
NZ_CP063374_867589..876259	NA	8671	8	0	NA	none	0	0		Actinobacteriota	Streptomyces
NZ_CP063427_1979382..2417091	ICE	437710	422	0	NA	none	0	0		Proteobacteria	Phytobacter
NZ_CP063440_3207187..3432374	ICE	225188	214	1	T4SS_MOBH,profile_MOBT	MPF_F	1	0	EexR	Proteobacteria	Proteus
NZ_CP063441_2882748..2905549	IME	22802	25	1	T4SS_MOBQ	none	0	0		Proteobacteria	Enterobacter
NZ_CP063503_2304863..2684395	ICE	379533	345	1	profile_MOBT	none	0	2		Proteobacteria	Escherichia
NZ_CP063658_409731..423116	NA	13386	19	1	T4SS_MOBP1,T4SS_MOBV	none	0	0		Proteobacteria	Lysobacter
NZ_CP063687_1149197..1170576	NA	21380	29	1	profile_MOBT	MPF_FA	1	6	DUF4467	Firmicutes	Bacillus
NZ_CP063747_739375..795517	NA	56143	64	1	T4SS_MOBH,profile_MOBT	MPF_F	1	0		Proteobacteria	Klebsiella
NZ_CP063759_1902439..1961955	ICE	59517	41	1	T4SS_MOBC	MPF_T	1	0		Proteobacteria	Klebsiella
NZ_CP063773_145537..155411	NA	9875	10	1	T4SS_MOBP1	none	0	0		Proteobacteria	Pectobacterium
NZ_CP063773_2156840..2175907	NA	19068	20	1	T4SS_MOBP1	none	0	0		Proteobacteria	Pectobacterium
NZ_CP063773_2953249..2970507	NA	17259	20	1	T4SS_MOBQ	none	0	0		Proteobacteria	Pectobacterium
NZ_CP063773_3119230..3155253	ICE	36024	37	1	T4SS_MOBC	MPF_T	1	0	Eex_IncN	Proteobacteria	Pectobacterium
NZ_CP063773_670121..752061	ICE	81941	73	1	T4SS_MOBH	MPF_F	1	0		Proteobacteria	Pectobacterium
NZ_CP063813_1416892..1444579	NA	27688	30	1	profile_MOBF	none	0	0		Actinobacteriota	Microbacterium
NZ_CP063813_2359498..2388744	IME	29247	22	1	profile_MOBF	none	0	0		Actinobacteriota	Microbacterium
NZ_CP063814_1066632..1144605	NA	77974	71	1	profile_MOBF	none	0	0		Actinobacteriota	Microbacterium
NZ_CP063815_472227..487575	AICE	15349	13	0	NA	none	0	0		Actinobacteriota	Microbacterium
NZ_CP063830_840443..879838	IME	39396	36	1	T4SS_MOBP2	none	0	0		Firmicutes	Leuconostoc
NZ_CP063833_1868057..1928253	ICE	60197	42	1	T4SS_MOBC	MPF_T	1	0		Proteobacteria	Klebsiella
NZ_CP063833_746711..802852	NA	56142	64	1	T4SS_MOBH,profile_MOBT	MPF_F	1	0		Proteobacteria	Klebsiella
NZ_CP063856_3226759..3240294	NA	13536	12	1	T4SS_MOBH	none	0	0		Proteobacteria	Klebsiella
NZ_CP063881_3205356..3260298	NA	54943	63	1	T4SS_MOBH,profile_MOBT	MPF_F	1	0		Proteobacteria	Klebsiella
NZ_CP063890_620839..758583	ICE	137745	92	1	T4SS_MOBC	MPF_T	1	0	Eex_IncN	Proteobacteria	Klebsiella
NZ_CP063898_893990..913172	NA	19183	19	1	T4SS_MOBP1	none	0	0		Proteobacteria	Klebsiella
NZ_CP063900_1930365..1978428	IME	48064	51	1	T4SS_MOBP1	none	0	0		Proteobacteria	Klebsiella
NZ_CP063912_4188395..4243277	IME	54883	58	1	T4SS_MOBP1	none	0	0		Proteobacteria	Klebsiella
NZ_CP063913_3948956..4012386	ICE	63431	45	1	T4SS_MOBC	MPF_T	1	0	Eex_IncN	Proteobacteria	Klebsiella
NZ_CP063917_3053316..3088351	NA	35036	43	1	T4SS_MOBQ,profile_MOBT	none	0	0		Proteobacteria	Klebsiella
NZ_CP063922_3640857..3664110	IME	23254	25	1	T4SS_MOBP1	none	0	0		Proteobacteria	Klebsiella
NZ_CP063930_4012579..4042123	IME	29545	31	1	T4SS_MOBP3,T4SS_MOBQ	none	0	0		Proteobacteria	Klebsiella
NZ_CP063930_4374547..4423451	ICE	48905	45	1	T4SS_MOBC	MPF_T	1	0	Eex_IncN	Proteobacteria	Klebsiella
NZ_CP063936_504081..531200	IME	27120	31	1	T4SS_MOBQ	none	0	0		Proteobacteria	Klebsiella
NZ_CP063945_846940..877957	IME	31018	33	1	T4SS_MOBQ	none	0	0		Proteobacteria	Klebsiella
NZ_CP063953_4827330..4890192	NA	62863	78	0	NA	none	0	0		Proteobacteria	Klebsiella
NZ_CP063997_1849388..1896600	IME	47213	47	1	profile_MOBT	none	0	0		Proteobacteria	Xanthomonas_A
NZ_CP064000_3600191..3604363	NA	4173	5	1	profile_MOBT	none	0	0		Proteobacteria	Xanthomonas_A
NZ_CP064001_1836528..1870352	NA	33825	30	1	T4SS_MOBQ	none	0	0		Proteobacteria	Xanthomonas_A
NZ_CP064001_2894466..2968424	ICE	73959	81	1	T4SS_MOBH	MPF_F	1	0		Proteobacteria	Xanthomonas_A
NZ_CP064002_1664641..1689370	IME	24730	26	1	T4SS_MOBQ	none	0	0		Proteobacteria	Xanthomonas_A
NZ_CP064002_2745931..2786760	NA	40830	43	1	profile_MOBT	none	0	0		Proteobacteria	Xanthomonas_A
NZ_CP064002_2790291..2812558	NA	22268	18	1	profile_MOBT	none	0	0		Proteobacteria	Xanthomonas_A
NZ_CP064003_3145657..3163927	IME	18271	17	1	T4SS_MOBQ	none	0	0		Proteobacteria	Xanthomonas_A
NZ_CP064004_1594941..1674404	ICE	79464	83	1	T4SS_MOBH	MPF_F	1	0		Proteobacteria	Xanthomonas_A
NZ_CP064005_265082..383756	NA	118675	112	1	profile_MOBT	none	0	0		Proteobacteria	Xanthomonas_A
NZ_CP064049_1428806..1473602	IME	44797	51	1	profile_MOBT	none	0	1		Firmicutes	Enterococcus_B
NZ_CP064049_1615559..1662787	NA	47229	40	0	NA	none	0	0		Firmicutes	Enterococcus_B
NZ_CP064049_2740514..2806367	ICE	65854	60	1	profile_MOBT	MPF_FA	1	7		Firmicutes	Enterococcus_B
NZ_CP064049_473549..570804	ICE	97256	88	1	profile_MOBT	MPF_FA	1	6		Firmicutes	Enterococcus_B
NZ_CP064054_3087142..3181012	NA	93871	89	1	T4SS_MOBH	MPF_F	1	0		Proteobacteria	Morganella
NZ_CP064055_639562..736749	ICE	97188	90	1	T4SS_MOBH	MPF_F	1	0		Proteobacteria	Morganella
NZ_CP064057_4717467..4750910	NA	33444	66	1	profile_MOBT	none	0	1		Actinobacteriota	Streptomyces
NZ_CP064129_1142748..1159094	NA	16347	19	0	NA	none	0	0		Proteobacteria	Klebsiella
NZ_CP064129_273023..512346	ICE	239324	218	1	T4SS_MOBP1,profile_MOBT	MPF_T	1	0	Eex_IncN	Proteobacteria	Klebsiella
NZ_CP064180_3758834..3772440	NA	13607	14	1	T4SS_MOBP1	none	0	0		Proteobacteria	Citrobacter_A
NZ_CP064192_6496619..6504621	NA	8003	9	1	T4SS_MOBP1	none	0	0		Actinobacteriota	Actinosynnema
NZ_CP064192_7904807..7920084	NA	15278	15	0	NA	none	0	0		Actinobacteriota	Actinosynnema
NZ_CP064192_8271705..8276299	NA	4595	4	0	NA	none	0	0		Actinobacteriota	Actinosynnema
NZ_CP064192_8704505..8751214	NA	46710	50	0	NA	none	0	0		Actinobacteriota	Actinosynnema
NZ_CP064211_744204..800345	NA	56142	64	1	T4SS_MOBH,profile_MOBT	MPF_F	1	0		Proteobacteria	Klebsiella
NZ_CP064217_746595..802736	NA	56142	64	1	T4SS_MOBH,profile_MOBT	MPF_F	1	0		Proteobacteria	Klebsiella
NZ_CP064241_1860705..1920073	ICE	59369	41	1	T4SS_MOBC	MPF_T	1	0		Proteobacteria	Klebsiella
NZ_CP064246_1918385..1977901	ICE	59517	41	1	T4SS_MOBC	MPF_T	1	0		Proteobacteria	Klebsiella
NZ_CP064246_747562..804278	NA	56717	63	1	T4SS_MOBH,profile_MOBT	MPF_F	1	0		Proteobacteria	Klebsiella
NZ_CP064252_1888394..1947910	ICE	59517	41	1	T4SS_MOBC	MPF_T	1	0		Proteobacteria	Klebsiella
NZ_CP064252_746234..801884	NA	55651	64	1	T4SS_MOBH,profile_MOBT	MPF_F	1	0		Proteobacteria	Klebsiella
NZ_CP064304_1374650..1464040	NA	89391	119	1	T4SS_MOBP1,T4SS_MOBP2	MPF_FA	1	3		Firmicutes	Lacticaseibacillus
NZ_CP064311_2755977..2874006	ICE	118030	116	1	profile_MOBT	MPF_FA	1	7		Firmicutes	Lacticaseibacillus
NZ_CP064311_618123..708622	NA	90500	118	1	T4SS_MOBP1,T4SS_MOBP2	MPF_FA	1	2		Firmicutes	Lacticaseibacillus
NZ_CP064314_1976789..2104922	ICE	128134	114	1	profile_MOBT	none	0	1		Firmicutes	Lacticaseibacillus
NZ_CP064314_564413..680818	NA	116406	126	1	T4SS_MOBP1,T4SS_MOBP2	MPF_FA	1	2		Firmicutes	Lacticaseibacillus
NZ_CP064352_3480083..3506861	IME	26779	27	1	T4SS_MOBP1	none	0	0		Proteobacteria	Klebsiella
NZ_CP064353_104018..115176	NA	11159	12	1	T4SS_MOBP1	none	0	0		Bacteroidota	Parabacteroides
NZ_CP064353_3681433..3780799	ICE	99367	98	1	T4SS_MOBP1	none	0	0		Bacteroidota	Parabacteroides
NZ_CP064653_2589240..2693320	ICE	104081	98	1	T4SS_MOBH	MPF_F	1	0		Proteobacteria	Methylomonas
NZ_CP064653_590068..725255	ICE	135188	137	1	T4SS_MOBH	MPF_F	1	0	Eex_IncN	Proteobacteria	Methylomonas
NZ_CP064760_1136771..1202931	ICE	66161	71	1	profile_MOBF	none	0	1		Actinobacteriota	Microbacterium
NZ_CP064760_2062002..2081998	NA	19997	23	1	profile_MOBF	none	0	0		Actinobacteriota	Microbacterium
NZ_CP064760_2721346..2748251	NA	26906	31	1	profile_MOBF,profile_MOBT	none	0	0		Actinobacteriota	Microbacterium
NZ_CP064783_3552824..3569228	NA	16405	18	0	NA	none	0	0		Actinobacteriota	Streptomyces
NZ_CP064827_628558..738154	ICE	109597	121	1	T4SS_MOBH,profile_MOBT	MPF_F	1	0		Proteobacteria	Morganella
NZ_CP064860_160074..199915	NA	39842	41	1	T4SS_MOBP1	none	0	0		Firmicutes	Companilactobacillus
NZ_CP064908_536772..583175	NA	46404	46	0	NA	none	0	0		Cyanobacteria	WH-5701
NZ_CP064937_1967655..2015846	IME	48192	50	1	T4SS_MOBP1	none	0	0		Bacteroidota	Bacteroides
NZ_CP064937_2297..29009	NA	26713	22	1	T4SS_MOBP1,T4SS_MOBV	none	0	0		Bacteroidota	Bacteroides
NZ_CP064937_3819540..3860166	ICE	40627	43	1	T4SS_MOBP1	none	0	0		Bacteroidota	Bacteroides
NZ_CP064937_3875653..3923383	NA	47731	49	1	T4SS_MOBP1	none	0	0		Bacteroidota	Bacteroides
NZ_CP064937_4063640..4099340	NA	35701	31	1	T4SS_MOBV	none	0	0		Bacteroidota	Bacteroides
NZ_CP064939_3022750..3041960	IME	19211	19	1	T4SS_MOBB	none	0	0		Bacteroidota	Pedobacter
NZ_CP064939_3968216..4161723	NA	193508	197	1	T4SS_MOBP1	MPF_T	1	1		Bacteroidota	Pedobacter
NZ_CP064939_447242..486613	NA	39372	41	1	T4SS_MOBB	none	0	0		Bacteroidota	Pedobacter
NZ_CP064946_4032083..4044406	NA	12324	16	1	T4SS_MOBP1	none	0	1		Proteobacteria	Pseudomonas_E
NZ_CP064952_1660088..1671725	NA	11638	12	0	NA	none	0	0		Actinobacteriota	Pauljensenia
NZ_CP065030_1546217..1587989	NA	41773	49	1	T4SS_MOBC	MPF_T	1	0	Eex_IncN	Proteobacteria	Pectobacterium
NZ_CP065030_921882..940490	NA	18609	22	1	T4SS_MOBH	none	0	0		Proteobacteria	Pectobacterium
NZ_CP065034_1705793..1731854	IME	26062	27	1	T4SS_MOBQ	none	0	0		Proteobacteria	Klebsiella
NZ_CP065034_2339569..2802623	ICE	463055	448	0	NA	none	0	0		Proteobacteria	Klebsiella
NZ_CP065036_3087381..3101866	NA	14486	13	1	T4SS_MOBC	none	0	0		Proteobacteria	Pectobacterium
NZ_CP065039_2082927..2354311	ICE	271385	268	1	T4SS_MOBH	MPF_F	1	0	EexR	Proteobacteria	Proteus
NZ_CP065044_1798889..1869688	ICE	70800	77	1	T4SS_MOBC,T4SS_MOBP1	MPF_T	1	0	Eex_IncN	Proteobacteria	Pectobacterium
NZ_CP065044_3131867..3208427	ICE	76561	68	1	T4SS_MOBH	MPF_F	1	0		Proteobacteria	Pectobacterium
NZ_CP065044_3216822..3254835	ICE	38014	36	1	T4SS_MOBC	MPF_T	1	0	Eex_IncN	Proteobacteria	Pectobacterium
NZ_CP065044_588810..669981	ICE	81172	76	1	T4SS_MOBH	MPF_F	1	0		Proteobacteria	Pectobacterium
NZ_CP065047_4991396..5280110	ICE	288715	271	1	profile_MOBF	none	0	0		Actinobacteriota	Mycobacterium
NZ_CP065050_11620447..11624074	NA	3628	2	1	profile_MOBF	none	0	0		Actinobacteriota	Streptomyces
NZ_CP065050_5650770..5662663	NA	11894	15	0	NA	none	0	0		Actinobacteriota	Streptomyces
NZ_CP065054_1919372..1934874	IME	15503	18	1	profile_MOBT	none	0	0		Firmicutes	Streptococcus
NZ_CP065054_695049..811688	NA	116640	100	1	T4SS_MOBP1	MPF_FA	1	9		Firmicutes	Streptococcus
NZ_CP065056_1840626..1940485	NA	99860	99	1	T4SS_MOBH,T4SS_MOBP1,T4SS_MOBP2	MPF_FA	1	2		Firmicutes	Streptococcus
NZ_CP065058_694157..774070	NA	79914	74	1	T4SS_MOBQ,profile_MOBT	none	0	1		Firmicutes	Streptococcus
NZ_CP065059_89706..94183	NA	4478	6	1	profile_MOBT	none	0	0		Firmicutes	Streptococcus
NZ_CP065059_943744..962758	NA	19015	22	1	T4SS_MOBQ	none	0	0		Firmicutes	Streptococcus
NZ_CP065060_1059162..1078992	IME	19831	21	1	T4SS_MOBP1	none	0	0		Firmicutes	Streptococcus
NZ_CP065061_1313694..1330709	NA	17016	21	1	T4SS_MOBQ,profile_MOBT	none	0	1		Firmicutes	Streptococcus
NZ_CP065061_967763..979006	IME	11244	10	1	T4SS_MOBP1	none	0	0		Firmicutes	Streptococcus
NZ_CP065154_2095544..2166213	NA	70670	65	1	profile_MOBT	MPF_FA	1	7		Firmicutes	Lacticaseibacillus
NZ_CP065154_565571..684080	ICE	118510	143	1	T4SS_MOBP1	MPF_FA	1	8		Firmicutes	Lacticaseibacillus
NZ_CP065162_1147613..1218226	IME	70614	70	1	T4SS_MOBP1	none	0	0		Proteobacteria	Klebsiella
NZ_CP065191_1123867..1147691	IME	23825	24	1	T4SS_MOBP1	none	0	0		Firmicutes	Streptococcus
NZ_CP065191_482168..496162	NA	13995	13	1	T4SS_MOBP1	none	0	1		Firmicutes	Streptococcus
NZ_CP065191_697957..755858	NA	57902	59	1	T4SS_MOBQ,profile_MOBT	none	0	4		Firmicutes	Streptococcus
NZ_CP065194_602757..672739	ICE	69983	63	1	profile_MOBT	MPF_FA	1	7		Firmicutes	Staphylococcus
NZ_CP065211_1329458..1351793	NA	22336	22	0	NA	none	0	0		Firmicutes	Enterococcus_B
NZ_CP065229_159122..224056	NA	64935	67	1	T4SS_MOBP1	none	0	0		Proteobacteria	Qipengyuania
NZ_CP065229_3338163..3377871	IME	39709	37	1	T4SS_MOBQ	none	0	0		Proteobacteria	Qipengyuania
NZ_CP065229_814678..1014565	ICE	199888	184	1	T4SS_MOBP1	MPF_T	1	0		Proteobacteria	Qipengyuania
NZ_CP065230_227873..244978	NA	17106	24	1	T4SS_MOBV	none	0	0		Proteobacteria	Halomonas
NZ_CP065232_3175469..3260578	NA	85110	89	1	T4SS_MOBP1	MPF_T	1	0		Proteobacteria	Thalassospira
NZ_CP065234_3960553..3988528	NA	27976	30	1	T4SS_MOBP1	none	0	0		Actinobacteriota	Streptomyces
NZ_CP065258_2874291..2914714	NA	40424	49	1	T4SS_MOBP1	none	0	0		Actinobacteriota	Streptomyces
NZ_CP065269_2733796..2763393	NA	29598	29	0	NA	none	0	0		Actinobacteriota	Mycobacterium
NZ_CP065269_442498..475362	NA	32865	45	0	NA	none	0	1		Actinobacteriota	Mycobacterium
NZ_CP065276_1172611..1223876	NA	51266	69	0	NA	none	0	0		Actinobacteriota	Mycobacterium
NZ_CP065276_2480540..2521746	NA	41207	42	1	profile_MOBT	none	0	0		Actinobacteriota	Mycobacterium
NZ_CP065287_1167090..1172364	NA	5275	5	0	NA	none	0	0		Actinobacteriota	Mycobacterium
NZ_CP065287_2215987..2226095	NA	10109	9	0	NA	none	0	0		Actinobacteriota	Mycobacterium
NZ_CP065347_4565638..4624751	NA	59114	69	1	T4SS_MOBH,profile_MOBT	MPF_F	1	0		Proteobacteria	Klebsiella
NZ_CP065406_899931..1015664	NA	115734	120	1	T4SS_MOBH,T4SS_MOBP1,profile_MOBT	MPF_T;MPF_F	2	0	Eex_IncN	Proteobacteria	Diaphorobacter
NZ_CP065412_4735078..4825384	ICE	90307	103	1	T4SS_MOBH	MPF_F	1	0		Proteobacteria	Pseudomonas
NZ_CP065412_5155412..5352560	ICE	197149	193	1	T4SS_MOBH,profile_MOBT	MPF_F	1	0		Proteobacteria	Pseudomonas
NZ_CP065412_5656593..5747134	ICE	90542	101	1	T4SS_MOBH	MPF_F	1	0		Proteobacteria	Pseudomonas
NZ_CP065417_4777436..4904284	ICE	126849	131	1	T4SS_MOBH	MPF_F	1	0		Proteobacteria	Pseudomonas
NZ_CP065417_5624559..5711771	ICE	87213	99	1	T4SS_MOBH	MPF_F	1	0		Proteobacteria	Pseudomonas
NZ_CP065424_1173883..1213582	NA	39700	61	0	NA	none	0	0		Firmicutes	Heyndrickxia
NZ_CP065425_114973..157317	NA	42345	54	0	NA	none	0	0		Firmicutes	Heyndrickxia
NZ_CP065425_332356..343328	NA	10973	11	0	NA	none	0	0		Firmicutes	Heyndrickxia
NZ_CP065430_1257798..1341596	ICE	83799	91	1	profile_MOBT	none	0	0		Firmicutes	Streptococcus
NZ_CP065430_265573..323942	NA	58370	56	1	T4SS_MOBC,profile_MOBT	none	0	0		Firmicutes	Streptococcus
NZ_CP065438_4006145..4065661	ICE	59517	41	1	T4SS_MOBC	MPF_T	1	0		Proteobacteria	Klebsiella
NZ_CP065438_5125748..5185100	NA	59353	70	1	T4SS_MOBH,profile_MOBT	MPF_F	1	0		Proteobacteria	Klebsiella
NZ_CP065441_5009625..5069141	ICE	59517	41	1	T4SS_MOBC	MPF_T	1	0		Proteobacteria	Klebsiella
NZ_CP065444_3268535..3329251	ICE	60717	42	1	T4SS_MOBC	MPF_T	1	0		Proteobacteria	Klebsiella
NZ_CP065447_570341..598192	IME	27852	35	1	T4SS_MOBQ	none	0	0		Proteobacteria	Klebsiella
NZ_CP065453_784834..877955	ICE	93122	79	1	T4SS_MOBC	MPF_T	1	0	Eex_IncN	Proteobacteria	Klebsiella
NZ_CP065460_2118171..2177687	ICE	59517	41	1	T4SS_MOBC	MPF_T	1	0		Proteobacteria	Klebsiella
NZ_CP065467_529163..567098	NA	37936	58	0	NA	none	0	0		Proteobacteria	Klebsiella
NZ_CP065474_744231..855551	ICE	111321	112	1	T4SS_MOBH,profile_MOBT	MPF_F	1	0		Proteobacteria	Klebsiella
NZ_CP065523_1015339..1092536	NA	77198	71	0	NA	none	0	0		Firmicutes	Enterococcus_B
NZ_CP065523_19008..88105	ICE	69098	74	1	T4SS_MOBP1	none	0	0		Firmicutes	Enterococcus_B
NZ_CP065523_2008534..2080099	ICE	71566	71	1	T4SS_MOBP1,T4SS_MOBQ,profile_MOBT	MPF_FA	1	8		Firmicutes	Enterococcus_B
NZ_CP065523_2166009..2252368	ICE	86360	76	1	profile_MOBT	MPF_FA	1	6		Firmicutes	Enterococcus_B
NZ_CP065523_2716360..2793305	ICE	76946	91	1	profile_MOBT	MPF_FA	1	8		Firmicutes	Enterococcus_B
NZ_CP065527_2003347..2126121	ICE	122775	121	1	T4SS_MOBP1,T4SS_MOBQ,profile_MOBT	MPF_FA	1	8		Firmicutes	Enterococcus_B
NZ_CP065534_2377500..2411971	NA	34472	35	1	T4SS_MOBC	MPF_T	1	0	Eex_IncN	Proteobacteria	Lonsdalea
NZ_CP065534_864572..920911	ICE	56340	55	1	T4SS_MOBH	MPF_F	1	0		Proteobacteria	Lonsdalea
NZ_CP065564_3772045..3925218	ICE	153174	158	1	T4SS_MOBH	MPF_F	1	0		Proteobacteria	Salmonella
NZ_CP065564_501040..522926	IME	21887	19	1	T4SS_MOBP1	none	0	0		Proteobacteria	Salmonella
NZ_CP065601_1152740..1179034	IME	26295	24	1	profile_MOBT	none	0	0		Proteobacteria	Burkholderia
NZ_CP065601_25969..40085	NA	14117	19	1	profile_MOBF	none	0	0		Proteobacteria	Burkholderia
NZ_CP065607_968698..1017427	NA	48730	51	1	T4SS_MOBP1	none	0	0		Proteobacteria	Escherichia
NZ_CP065629_2227290..2322329	NA	95040	98	1	profile_MOBF,profile_MOBT	none	0	1		Actinobacteriota	Brevibacterium
NZ_CP065630_586423..617674	IME	31252	42	1	profile_MOBF	none	0	0		Actinobacteriota	Brevibacterium
NZ_CP065666_1714027..1766813	NA	52787	61	1	T4SS_MOBV,profile_MOBT	none	0	0		Proteobacteria	Acinetobacter
NZ_CP065666_309334..316941	NA	7608	6	0	NA	none	0	0		Proteobacteria	Acinetobacter
NZ_CP065674_1102651..1127563	NA	24913	27	1	T4SS_MOBV,profile_MOBT	none	0	0		Firmicutes	Erysipelatoclostridium
NZ_CP065682_3766096..3854572	NA	88477	85	1	profile_MOBF,profile_MOBT	none	0	1		Actinobacteriota	Brevibacterium
NZ_CP065707_1134560..1170452	NA	35893	38	1	T4SS_MOBV	none	0	0		Firmicutes	Streptococcus
NZ_CP065713_1641685..1777132	ICE	135448	134	1	T4SS_MOBP1	MPF_T	1	0		Proteobacteria	Sphingomonas
NZ_CP065713_2402409..2434827	IME	32419	24	1	T4SS_MOBQ	none	0	0		Proteobacteria	Sphingomonas
NZ_CP065717_26425..137956	NA	111532	123	1	T4SS_MOBH	MPF_F	1	0		Proteobacteria	Serratia_B
NZ_CP065721_2930457..2936498	NA	6042	10	0	NA	none	0	0		Proteobacteria	Pseudomonas_A
NZ_CP065725_2616610..2796376	ICE	179767	178	1	profile_MOBT	MPF_FA	1	7		Proteobacteria	Oligella
NZ_CP065745_2091186..2134311	IME	43126	34	1	T4SS_MOBP1	none	0	0		Proteobacteria	Aeromonas
NZ_CP065748_1663035..1957462	ICE	294428	271	1	T4SS_MOBP1	MPF_T	1	0	Eex_IncN	Proteobacteria	Comamonas
NZ_CP065748_2696342..2863412	ICE	167071	152	1	T4SS_MOBP1,profile_MOBT	MPF_T	1	0	Eex_IncN	Proteobacteria	Comamonas
NZ_CP065748_772552..809800	ICE	37249	42	1	T4SS_MOBH,profile_MOBT	MPF_F	1	0		Proteobacteria	Comamonas
NZ_CP065751_727062..738091	NA	11030	9	0	NA	none	0	0		Proteobacteria	Moraxella_A
NZ_CP065791_547426..575849	NA	28424	32	1	profile_MOBT	MPF_FA	1	6	DUF4467	Firmicutes	Bacillus
NZ_CP065795_2712412..2743632	ICE	31221	29	1	T4SS_MOBP1	none	0	0		Firmicutes	Mammaliicoccus
NZ_CP065831_1240272..1289314	IME	49043	50	1	T4SS_MOBP1	none	0	0		Proteobacteria	Klebsiella
NZ_CP065846_2498977..2729542	ICE	230566	226	0	NA	none	0	0		Proteobacteria	Klebsiella
NZ_CP065848_1931888..2052135	ICE	120248	154	1	T4SS_MOBH	MPF_F	1	0		Proteobacteria	Pseudomonas
NZ_CP065848_6112340..6179542	ICE	67203	70	1	T4SS_MOBP1	MPF_T	1	1	Eex_IncN	Proteobacteria	Pseudomonas
NZ_CP065865_2452558..2591259	ICE	138702	150	1	T4SS_MOBH	none	0	0		Proteobacteria	Pseudomonas
NZ_CP065865_3041004..3119465	NA	78462	82	1	T4SS_MOBH	MPF_F	1	0		Proteobacteria	Pseudomonas
NZ_CP065865_5826117..5914549	ICE	88433	106	1	T4SS_MOBH	MPF_F	1	0		Proteobacteria	Pseudomonas
NZ_CP065866_4530369..4636263	ICE	105895	109	1	T4SS_MOBH	MPF_F	1	0		Proteobacteria	Pseudomonas
NZ_CP065867_4632181..4763592	ICE	131412	137	1	T4SS_MOBH	MPF_F	1	0		Proteobacteria	Pseudomonas
NZ_CP065915_1626894..1636323	IME	9430	10	0	NA	none	0	0		Proteobacteria	Oceanicola
NZ_CP065915_3578172..3589362	NA	11191	13	1	T4SS_MOBV	none	0	0		Proteobacteria	Oceanicola
NZ_CP065925_1825249..1861838	NA	36590	35	1	T4SS_MOBP1,T4SS_MOBP2	MPF_FA	1	2		Firmicutes	Staphylococcus
NZ_CP065926_2515755..2600573	ICE	84819	78	1	profile_MOBM,profile_MOBT	MPF_FA	1	8		Firmicutes	Staphylococcus
NZ_CP065927_1661407..1675630	IME	14224	18	1	profile_MOBT	none	0	0		Firmicutes	Streptococcus
NZ_CP065927_189842..266527	ICE	76686	72	1	T4SS_MOBH,profile_MOBT	MPF_FA	1	7		Firmicutes	Streptococcus
NZ_CP065928_1798610..1812428	NA	13819	8	1	T4SS_MOBH	none	0	0		Firmicutes	Enterococcus_B
NZ_CP065928_2677952..2704408	NA	26457	22	0	NA	none	0	0		Firmicutes	Enterococcus_B
NZ_CP065937_4153748..4226963	NA	73216	78	1	T4SS_MOBH	none	0	0		Proteobacteria	Aeromonas
NZ_CP065946_1191003..1244961	IME	53959	71	1	T4SS_MOBQ,profile_MOBT	none	0	0		Proteobacteria	Pectobacterium
NZ_CP065946_3105287..3139448	NA	34162	41	1	T4SS_MOBQ	none	0	0		Proteobacteria	Pectobacterium
NZ_CP065946_3142617..3181924	IME	39308	38	1	T4SS_MOBP1	none	0	0		Proteobacteria	Pectobacterium
NZ_CP065947_3263598..3349886	ICE	86289	104	1	T4SS_MOBH	MPF_F	1	0		Proteobacteria	Pseudomonas
NZ_CP065947_4115470..4118669	NA	3200	2	1	T4SS_MOBH	none	0	0		Proteobacteria	Pseudomonas
NZ_CP065948_3280775..3283974	NA	3200	2	1	T4SS_MOBH	none	0	0		Proteobacteria	Pseudomonas
NZ_CP065948_4049583..4135871	ICE	86289	104	1	T4SS_MOBH	MPF_F	1	0		Proteobacteria	Pseudomonas
NZ_CP065959_3987555..4002931	NA	15377	18	0	NA	none	0	0		Actinobacteriota	Streptomyces
NZ_CP065959_4248037..4261472	NA	13436	20	0	NA	none	0	0		Actinobacteriota	Streptomyces
NZ_CP065959_4602825..4611165	NA	8341	8	1	T4SS_MOBP1	none	0	0		Actinobacteriota	Streptomyces
NZ_CP065959_5705885..5724153	NA	18269	20	0	NA	none	0	0		Actinobacteriota	Streptomyces
NZ_CP065965_1616487..1658039	IME	41553	41	1	T4SS_MOBQ,T4SS_MOBV	none	0	0		Proteobacteria	Stenotrophomonas
NZ_CP065966_2259662..2362498	ICE	102837	132	1	T4SS_MOBH	MPF_F	1	0		Proteobacteria	Pseudomonas
NZ_CP065975_1769930..1838554	IME	68625	80	1	T4SS_MOBP2	none	0	1		Firmicutes	Leuconostoc
NZ_CP065993_335362..402370	NA	67009	72	1	profile_MOBT	MPF_FA	1	3		Firmicutes	Leuconostoc
NZ_CP065994_669060..677650	NA	8591	5	1	T4SS_MOBV	none	0	0		Firmicutes	Streptococcus
NZ_CP065994_853922..881111	NA	27190	31	0	NA	none	0	0		Firmicutes	Streptococcus
NZ_CP065997_231272..234448	NA	3177	3	1	T4SS_MOBV	none	0	0		Proteobacteria	Achromobacter
NZ_CP065997_4464121..4704907	ICE	240787	215	1	T4SS_MOBP1,profile_MOBT	MPF_T	1	0	Eex_IncN	Proteobacteria	Achromobacter
NZ_CP066003_1984886..2133663	NA	148778	135	1	T4SS_MOBP1	MPF_FA	1	6		Firmicutes	Lactococcus
NZ_CP066006_2924967..3241213	ICE	316247	317	0	NA	MPF_F	1	1		Proteobacteria	Comamonas
NZ_CP066014_511817..568634	NA	56818	56	1	T4SS_MOBQ,profile_MOBM	none	0	2		Firmicutes_A	Anaerococcus
NZ_CP066014_837280..877042	ICE	39763	43	1	profile_MOBT	none	0	0		Firmicutes_A	Anaerococcus
NZ_CP066015_373663..395782	NA	22120	20	1	profile_MOBF	none	0	0		Actinobacteriota	Kytococcus
NZ_CP066022_1049604..1090621	NA	41018	38	1	T4SS_MOBQ	MPF_T	1	1		Fusobacteriota	Fusobacterium
NZ_CP066041_956990..1021898	ICE	64909	77	1	T4SS_MOBP1,profile_MOBT	MPF_FA	1	3		Firmicutes	Streptococcus
NZ_CP066045_4004371..4047900	NA	43530	43	0	NA	none	0	0		Proteobacteria	Pseudomonas_A
NZ_CP066045_703010..712951	NA	9942	15	0	NA	none	0	0		Proteobacteria	Pseudomonas_A
NZ_CP066055_1093721..1102581	NA	8861	10	1	T4SS_MOBP1	none	0	0		Firmicutes	Streptococcus
NZ_CP066055_1518397..1535236	NA	16840	22	1	profile_MOBT	none	0	0		Firmicutes	Streptococcus
NZ_CP066058_3610721..3614348	NA	3628	6	0	NA	none	0	0		Proteobacteria	Alcaligenes
NZ_CP066060_1046198..1049773	NA	3576	3	0	NA	none	0	0		Actinobacteriota	Actinomyces
NZ_CP066069_1950127..2022747	NA	72621	79	0	NA	none	0	0		Firmicutes	Streptococcus
NZ_CP066069_440358..574939	ICE	134582	131	1	T4SS_MOBP1	MPF_FA	1	8		Firmicutes	Streptococcus
NZ_CP066075_455014..582391	NA	127378	118	1	T4SS_MOBH	MPF_F	1	0		Proteobacteria	Paraburkholderia
NZ_CP066078_1011263..1080916	ICE	69654	59	1	profile_MOBF,profile_MOBT	none	0	0		Actinobacteriota	Rothia
NZ_CP066087_1644668..1648278	NA	3611	3	1	T4SS_MOBP1	none	0	0		Firmicutes	Lactococcus
NZ_CP066092_16180..47099	NA	30920	31	0	NA	none	0	0		Proteobacteria	Aeromonas
NZ_CP066093_1508626..1597069	NA	88444	74	1	profile_MOBT	none	0	1		Firmicutes	Streptococcus
NZ_CP066093_2289104..2291422	NA	2319	3	0	NA	none	0	0		Firmicutes	Streptococcus
NZ_CP066167_3003375..3065523	NA	62149	63	1	T4SS_MOBH,profile_MOBM	none	0	0		Proteobacteria	CSC3-9
NZ_CP066173_4440337..4459675	NA	19339	22	1	T4SS_MOBP1	none	0	0		Proteobacteria	Klebsiella
NZ_CP066179_2079842..2122499	NA	42658	61	1	T4SS_MOBC,profile_MOBM,profile_MOBT	none	0	0		Firmicutes	Bacillus_A
NZ_CP066184_2263428..2306332	NA	42905	65	1	T4SS_MOBC,profile_MOBM,profile_MOBT	none	0	0		Firmicutes	Bacillus_A
NZ_CP066194_490017..497748	IME	7732	9	0	NA	none	0	0		Firmicutes	Bacillus_A
NZ_CP066218_4323387..4363930	IME	40544	26	1	profile_MOBF	none	0	0		Actinobacteriota	Mycobacterium
NZ_CP066249_1859116..1918484	ICE	59369	42	1	T4SS_MOBC	MPF_T	1	0		Proteobacteria	Klebsiella
NZ_CP066249_747487..804405	NA	56919	66	1	T4SS_MOBH,profile_MOBT	MPF_F	1	0		Proteobacteria	Klebsiella
NZ_CP066254_744203..801544	NA	57342	66	1	T4SS_MOBH,profile_MOBT	MPF_F	1	0		Proteobacteria	Klebsiella
NZ_CP066306_3605109..3715967	ICE	110859	114	1	T4SS_MOBH	MPF_F	1	0		Proteobacteria	Pseudomonas_E
NZ_CP066308_598203..678001	ICE	79799	82	1	T4SS_MOBP1,profile_MOBM	none	0	5		Firmicutes	Brevibacillus
NZ_CP066339_787785..820338	NA	32554	33	1	T4SS_MOBC	none	0	0		Firmicutes	SO9
NZ_CP066339_963446..983219	NA	19774	16	1	T4SS_MOBC	none	0	0		Firmicutes	SO9
NZ_CP066381_2614980..2689424	ICE	74445	87	1	T4SS_MOBC,T4SS_MOBP1	none	0	0		Firmicutes	Enterococcus_B
NZ_CP066389_1428119..1472915	IME	44797	51	1	profile_MOBT	none	0	1		Firmicutes	Enterococcus_B
NZ_CP066389_1751020..1814451	NA	63432	67	1	profile_MOBT	none	0	9		Firmicutes	Enterococcus_B
NZ_CP066389_262683..344760	ICE	82078	73	1	T4SS_MOBV,profile_MOBT	MPF_FA	1	7		Firmicutes	Enterococcus_B
NZ_CP066389_2681112..2783777	ICE	102666	96	1	T4SS_MOBP1,profile_MOBT	none	0	7		Firmicutes	Enterococcus_B
NZ_CP066389_41078..189231	ICE	148154	155	1	profile_MOBT	none	0	8		Firmicutes	Enterococcus_B
NZ_CP066396_2759326..2848803	ICE	89478	86	1	T4SS_MOBP1,profile_MOBT	none	0	7		Firmicutes	Enterococcus_B
NZ_CP066396_302750..341234	NA	38485	40	1	T4SS_MOBV	none	0	0		Firmicutes	Enterococcus_B
NZ_CP066396_46457..67471	IME	21015	20	1	profile_MOBT	none	0	7		Firmicutes	Enterococcus_B
NZ_CP066421_1135091..1226271	NA	91181	94	1	profile_MOBT	none	0	7		Firmicutes	Enterococcus_B
NZ_CP066421_1289345..1352315	NA	62971	56	0	NA	none	0	0		Firmicutes	Enterococcus_B
NZ_CP066421_1616380..1655835	NA	39456	39	0	NA	none	0	0		Firmicutes	Enterococcus_B
NZ_CP066434_1285799..1309358	NA	23560	23	0	NA	none	0	0		Firmicutes	Enterococcus_B
NZ_CP066451_1243595..1267154	NA	23560	23	0	NA	none	0	0		Firmicutes	Enterococcus_B
NZ_CP066451_1420603..1424740	NA	4138	2	1	profile_MOBT	none	0	0		Firmicutes	Enterococcus_B
NZ_CP066457_1835785..2000350	ICE	164566	167	1	profile_MOBT	none	0	8		Firmicutes	Enterococcus_B
NZ_CP066473_1102146..1179799	NA	77654	70	0	NA	none	0	0		Firmicutes	Enterococcus_B
NZ_CP066473_2444897..2470726	IME	25830	20	1	T4SS_MOBV	none	0	3		Firmicutes	Enterococcus_B
NZ_CP066473_808281..953793	ICE	145513	147	1	profile_MOBT	none	0	8		Firmicutes	Enterococcus_B
NZ_CP066480_1546955..1570514	NA	23560	23	0	NA	none	0	0		Firmicutes	Enterococcus_B
NZ_CP066528_739695..795401	NA	55707	65	1	T4SS_MOBH,profile_MOBT	MPF_F	1	0		Proteobacteria	Klebsiella
NZ_CP066534_3693660..3753176	ICE	59517	41	1	T4SS_MOBC	MPF_T	1	0		Proteobacteria	Klebsiella
NZ_CP066552_3005575..3051911	IME	46337	52	1	T4SS_MOBQ	none	0	0		Proteobacteria	Pectobacterium
NZ_CP066552_931060..1047557	ICE	116498	122	1	T4SS_MOBH	MPF_F	1	0		Proteobacteria	Pectobacterium
NZ_CP066559_687759..771614	ICE	83856	103	1	T4SS_MOBH,profile_MOBT	MPF_F	1	0		Proteobacteria	Histophilus
NZ_CP066560_601602..667806	ICE	66205	79	1	T4SS_MOBH	MPF_F	1	0		Proteobacteria	Histophilus
NZ_CP066562_630676..688150	ICE	57475	72	1	T4SS_MOBH	MPF_F	1	0		Proteobacteria	Histophilus
NZ_CP066567_627790..685013	ICE	57224	72	1	T4SS_MOBH	MPF_F	1	0		Proteobacteria	Histophilus
NZ_CP066568_1246919..1324571	NA	77653	70	0	NA	none	0	0		Firmicutes	Enterococcus_B
NZ_CP066568_1469971..1518028	IME	48058	53	1	profile_MOBT	none	0	1		Firmicutes	Enterococcus_B
NZ_CP066568_2779535..2881509	ICE	101975	85	1	profile_MOBT	MPF_FA	1	7		Firmicutes	Enterococcus_B
NZ_CP066576_120833..132169	NA	11337	11	1	profile_MOBT	none	0	0		Firmicutes	Enterococcus_B
NZ_CP066576_1770180..1793739	NA	23560	23	0	NA	none	0	0		Firmicutes	Enterococcus_B
NZ_CP066576_2726502..2765345	NA	38844	37	1	profile_MOBT	none	0	0		Firmicutes	Enterococcus_B
NZ_CP066583_1231348..1254907	NA	23560	23	0	NA	none	0	0		Firmicutes	Enterococcus_B
NZ_CP066583_2718591..2808410	ICE	89820	86	1	T4SS_MOBP1,profile_MOBT	MPF_FA	1	7		Firmicutes	Enterococcus_B
NZ_CP066591_1245106..1270187	NA	25082	24	0	NA	none	0	0		Firmicutes	Enterococcus_B
NZ_CP066598_1463224..1509542	IME	46319	51	1	profile_MOBT	none	0	1		Firmicutes	Enterococcus_B
NZ_CP066614_1030047..1057978	NA	27932	25	0	NA	none	0	0		Firmicutes	Enterococcus_B
NZ_CP066614_1391743..1415302	NA	23560	23	0	NA	none	0	0		Firmicutes	Enterococcus_B
NZ_CP066622_1242530..1266089	NA	23560	23	0	NA	none	0	0		Firmicutes	Enterococcus_B
NZ_CP066629_253869..370467	ICE	116599	109	1	T4SS_MOBC,T4SS_MOBV,profile_MOBT	MPF_FA	1	7		Firmicutes	Enterococcus_B
NZ_CP066637_1281794..1305353	NA	23560	23	0	NA	none	0	0		Firmicutes	Enterococcus_B
NZ_CP066653_1454873..1502713	IME	47841	52	1	profile_MOBT	none	0	1		Firmicutes	Enterococcus_B
NZ_CP066653_249898..405474	ICE	155577	143	1	T4SS_MOBC,T4SS_MOBV,profile_MOBT	MPF_FA	1	7		Firmicutes	Enterococcus_B
NZ_CP066653_8349..100137	ICE	91789	102	1	profile_MOBT	MPF_FA	1	8		Firmicutes	Enterococcus_B
NZ_CP066659_1829899..1994817	ICE	164919	167	1	profile_MOBT	none	0	8		Firmicutes	Enterococcus_B
NZ_CP066659_720568..748410	NA	27843	27	1	profile_MOBM,profile_MOBT	none	0	0		Firmicutes	Enterococcus_B
NZ_CP066673_1665724..1691582	IME	25859	30	1	T4SS_MOBV	none	0	0		Firmicutes	Enterococcus_B
NZ_CP066673_23447..39354	NA	15908	17	1	profile_MOBT	none	0	0		Firmicutes	Enterococcus_B
NZ_CP066708_2149323..2212437	NA	63115	70	1	profile_MOBT	MPF_FA	1	6	DUF4467	Firmicutes	Staphylococcus
NZ_CP066711_1886990..1946043	NA	59054	53	1	T4SS_MOBP1,T4SS_MOBP2	MPF_FA	1	2		Firmicutes	Staphylococcus
NZ_CP066769_2227783..2246440	IME	18658	18	1	profile_MOBF	none	0	0		Proteobacteria	Burkholderia
NZ_CP066775_1508197..1572820	NA	64624	55	1	T4SS_MOBP1	none	0	0		Bacteroidota	Mucilaginibacter
NZ_CP066775_286788..477240	NA	190453	188	1	T4SS_MOBP1,T4SS_MOBV	none	0	1		Bacteroidota	Mucilaginibacter
NZ_CP066786_2018335..2046512	IME	28178	29	1	T4SS_MOBQ	none	0	0		Proteobacteria	Martelella
NZ_CP066786_3072467..3305669	ICE	233203	220	1	T4SS_MOBP1	MPF_T	1	0		Proteobacteria	Martelella
NZ_CP066791_3454145..3480439	IME	26295	25	1	profile_MOBT	none	0	0		Proteobacteria	Burkholderia
NZ_CP066791_933156..947278	NA	14123	18	1	profile_MOBF	none	0	0		Proteobacteria	Burkholderia
NZ_CP066801_2374203..2391464	NA	17262	26	0	NA	none	0	0		Actinobacteriota	Streptomyces
NZ_CP066801_3050446..3066520	NA	16075	20	0	NA	none	0	0		Actinobacteriota	Streptomyces
NZ_CP066803_3436790..3439332	NA	2543	2	1	T4SS_MOBH	none	0	0		Proteobacteria	Pantoea
NZ_CP066811_1283835..1307177	NA	23343	18	0	NA	none	0	0		Firmicutes_A	Peptacetobacter
NZ_CP066811_1562851..1611067	NA	48217	46	0	NA	none	0	0		Firmicutes_A	Peptacetobacter
NZ_CP066831_3915857..3926902	NA	11046	12	0	NA	none	0	0		Actinobacteriota	Streptomyces
NZ_CP066831_4200422..4205749	NA	5328	6	0	NA	none	0	0		Actinobacteriota	Streptomyces
NZ_CP066831_5309631..5321083	NA	11453	17	0	NA	none	0	0		Actinobacteriota	Streptomyces
NZ_CP066831_5368173..5375142	NA	6970	7	0	NA	none	0	0		Actinobacteriota	Streptomyces
NZ_CP066831_5930042..5950833	AICE	20792	21	0	NA	none	0	0		Actinobacteriota	Streptomyces
NZ_CP066831_6315019..6323337	NA	8319	11	0	NA	none	0	0		Actinobacteriota	Streptomyces
NZ_CP066883_1559536..1589988	NA	30453	30	1	T4SS_MOBP1	none	0	0		Bacteroidota	Elizabethkingia
NZ_CP066883_2932478..2980135	ICE	47658	44	1	T4SS_MOBP1	MPF_T	1	1		Bacteroidota	Elizabethkingia
NZ_CP066885_2451249..2536125	ICE	84877	83	1	profile_MOBT	MPF_FA	1	8		Firmicutes	Staphylococcus
NZ_CP067012_1961174..1990249	NA	29076	28	0	NA	none	0	0		Actinobacteriota	Corynebacterium
NZ_CP067013_3824567..3900913	ICE	76347	69	1	T4SS_MOBH	MPF_F	1	0		Proteobacteria	Pseudomonas_A
NZ_CP067013_4158028..4215942	NA	57915	58	1	T4SS_MOBP1	MPF_T	1	0	Eex_IncN	Proteobacteria	Pseudomonas_A
NZ_CP067016_1309622..1319766	NA	10145	13	1	T4SS_MOBP1,profile_MOBM	none	0	0		Firmicutes_A	Anaerococcus
NZ_CP067018_3560910..3805831	ICE	244922	228	1	T4SS_MOBP1	none	0	0		Bacteroidota	Elizabethkingia
NZ_CP067022_1754921..1832462	ICE	77542	80	1	T4SS_MOBH	MPF_F	1	0		Proteobacteria	Pseudomonas_E
NZ_CP067024_4139137..4172723	NA	33587	36	1	T4SS_MOBH	none	0	0		Proteobacteria	Pseudomonas_E
NZ_CP067024_5233086..5376281	NA	143196	135	0	NA	MPF_F	1	0		Proteobacteria	Pseudomonas_E
NZ_CP067028_2033150..2071258	NA	38109	44	1	T4SS_MOBQ,T4SS_MOBV	none	0	0		Proteobacteria	Agrobacterium
NZ_CP067057_2998155..3229399	NA	231245	217	1	T4SS_MOBC	none	0	2		Proteobacteria	Rahnella
NZ_CP067066_1218063..1242148	IME	24086	23	1	T4SS_MOBP1	none	0	0		Proteobacteria	Klebsiella
NZ_CP067087_1069265..1193364	NA	124100	129	1	T4SS_MOBP1	MPF_T	1	1		Proteobacteria	Croceicoccus
NZ_CP067087_2963089..3073945	ICE	110857	135	1	profile_MOBF	MPF_F	1	0		Proteobacteria	Croceicoccus
NZ_CP067102_3746494..3753485	NA	6992	6	1	T4SS_MOBP1	none	0	0		Proteobacteria	Bradyrhizobium
NZ_CP067303_3240292..3287408	IME	47117	51	1	T4SS_MOBP1	none	0	0		Proteobacteria	Escherichia
NZ_CP067365_1653883..1656326	NA	2444	2	1	profile_MOBT	none	0	0		Firmicutes	Lacticaseibacillus
NZ_CP067380_2063965..2116875	ICE	52911	50	1	T4SS_MOBC	MPF_T	1	0	Eex_IncN	Proteobacteria	Klebsiella
NZ_CP067380_2167167..2226901	ICE	59735	55	1	T4SS_MOBC	MPF_T	1	0	Eex_IncN	Proteobacteria	Klebsiella
NZ_CP067380_782631..899796	ICE	117166	122	1	T4SS_MOBH,profile_MOBT	MPF_F	1	0		Proteobacteria	Klebsiella
NZ_CP067391_1991665..2022861	IME	31197	34	1	T4SS_MOBQ	none	0	0		Proteobacteria	Klebsiella
NZ_CP067393_1287501..1459476	NA	171976	198	1	T4SS_MOBH,profile_MOBT	MPF_F	1	1		Proteobacteria	Entomomonas
NZ_CP067413_1219279..1243539	IME	24261	25	1	T4SS_MOBQ,T4SS_MOBV	none	0	0		Proteobacteria	Klebsiella
NZ_CP067420_1108160..1134076	NA	25917	28	1	T4SS_MOBP1	none	0	0		Proteobacteria	Skermanella
NZ_CP067432_1614167..1635209	NA	21043	20	1	T4SS_MOBB,T4SS_MOBP1,T4SS_MOBQ	none	0	0		Bacteroidota	Chryseobacterium
NZ_CP067432_2917377..2950338	IME	32962	28	1	T4SS_MOBP1	none	0	0		Bacteroidota	Chryseobacterium
NZ_CP067432_498081..801127	NA	303047	325	1	T4SS_MOBC,T4SS_MOBP1,profile_MOBT	none	0	0		Bacteroidota	Chryseobacterium
NZ_CP068034_1204730..1248479	IME	43750	39	1	T4SS_MOBP1	none	0	0		Proteobacteria	Pseudomonas_E
NZ_CP068034_864146..959964	NA	95819	111	1	T4SS_MOBH	MPF_F	1	0		Proteobacteria	Pseudomonas_E
NZ_CP068049_1502643..1508857	NA	6215	6	0	NA	none	0	0		Proteobacteria	Burkholderia
NZ_CP068049_75..127000	ICE	126926	109	1	T4SS_MOBP1,profile_MOBT	none	0	0		Proteobacteria	Burkholderia
NZ_CP068050_3095941..3425583	NA	329643	286	1	profile_MOBT	none	0	0		Proteobacteria	Burkholderia
NZ_CP068053_760306..900999	NA	140694	154	1	T4SS_MOBC	none	0	1		Firmicutes	Peribacillus
NZ_CP068057_311237..384086	ICE	72850	70	1	T4SS_MOBP1	MPF_FA	1	8		Firmicutes	Streptococcus
NZ_CP068057_528312..668692	ICE	140381	155	1	T4SS_MOBP1,profile_MOBT	none	0	1		Firmicutes	Streptococcus
NZ_CP068060_1288438..1337303	NA	48866	51	1	T4SS_MOBV	none	0	0		Firmicutes	Streptococcus
NZ_CP068082_1012697..1023014	IME	10318	11	1	T4SS_MOBP1	none	0	0		Bacteroidota	Sphingobacterium
NZ_CP068082_2069405..2083040	NA	13636	14	1	T4SS_MOBB,profile_MOBM	none	0	0		Bacteroidota	Sphingobacterium
NZ_CP068082_2406750..2516424	ICE	109675	114	1	T4SS_MOBP1	none	0	1		Bacteroidota	Sphingobacterium
NZ_CP068082_3628326..3641227	NA	12902	16	1	T4SS_MOBB	none	0	0		Bacteroidota	Sphingobacterium
NZ_CP068082_5074486..5079261	NA	4776	5	1	T4SS_MOBP1	none	0	0		Bacteroidota	Sphingobacterium
NZ_CP068084_1915174..1920249	NA	5076	5	1	T4SS_MOBB	none	0	0		Bacteroidota	Sphingobacterium
NZ_CP068086_2100062..2340832	ICE	240771	196	1	T4SS_MOBP1	none	0	0		Bacteroidota	Sphingobacterium
NZ_CP068086_2532901..2571747	IME	38847	30	1	T4SS_MOBP1,T4SS_MOBV	none	0	0		Bacteroidota	Sphingobacterium
NZ_CP068086_3923678..3975194	NA	51517	55	1	T4SS_MOBB	none	0	0		Bacteroidota	Sphingobacterium
NZ_CP068089_3380620..3696302	NA	315683	251	1	T4SS_MOBP1	none	0	0		Bacteroidota	Sphingobacterium
NZ_CP068096_2602903..2605692	NA	2790	2	1	T4SS_MOBH	none	0	0		Proteobacteria	Serratia
NZ_CP068103_946884..991920	ICE	45037	45	1	profile_MOBT	MPF_FA	1	6		Firmicutes_A	Peptoniphilus_A
NZ_CP068107_2064336..2326091	ICE	261756	227	1	T4SS_MOBP1	none	0	0		Bacteroidota	Flavobacterium
NZ_CP068109_380105..394164	NA	14060	14	0	NA	none	0	0		Proteobacteria	Moraxella_A
NZ_CP068112_1472510..1494117	NA	21608	28	1	T4SS_MOBP1	MPF_FA	1	8		Actinobacteriota	Mobiluncus
NZ_CP068114_190419..221412	NA	30994	28	0	NA	none	0	0		Fusobacteriota	Fusobacterium
NZ_CP068126_358049..414873	NA	56825	64	1	T4SS_MOBP2	none	0	0		Firmicutes	Enterococcus_D
NZ_CP068139_3386418..3394940	NA	8523	14	1	T4SS_MOBP1	none	0	0		Proteobacteria	Klebsiella
NZ_CP068139_4501614..4527674	IME	26061	27	1	T4SS_MOBQ	none	0	0		Proteobacteria	Klebsiella
NZ_CP068145_1122623..1172626	ICE	50004	43	1	T4SS_MOBH	MPF_F	1	0		Proteobacteria	Morganella
NZ_CP068145_3480148..3572819	NA	92672	86	1	T4SS_MOBH	MPF_F	1	0		Proteobacteria	Morganella
NZ_CP068147_523806..595436	NA	71631	75	1	T4SS_MOBQ	none	0	0		Proteobacteria	Yersinia
NZ_CP068148_1636327..1734270	NA	97944	86	1	T4SS_MOBC	MPF_T	1	0	Eex_IncN	Proteobacteria	Serratia
NZ_CP068162_2345620..2403163	NA	57544	47	0	NA	none	0	0		Actinobacteriota	Corynebacterium
NZ_CP068170_2852381..2922883	NA	70503	71	1	profile_MOBT	MPF_FA	1	8		Firmicutes	Erysipelatoclostridium
NZ_CP068171_2454832..2611956	ICE	157125	153	1	T4SS_MOBP1,T4SS_MOBQ	none	0	1		Bacteroidota	Chryseobacterium
NZ_CP068171_3319597..3522212	NA	202616	195	1	T4SS_MOBP1,profile_MOBT	none	0	1		Bacteroidota	Chryseobacterium
NZ_CP068173_1849645..1896753	IME	47109	43	1	profile_MOBF	none	0	1		Actinobacteriota	Brevibacterium
NZ_CP068173_3069237..3155310	ICE	86074	91	1	profile_MOBF	none	0	1		Actinobacteriota	Brevibacterium
NZ_CP068174_1021190..1040198	NA	19009	23	1	T4SS_MOBB,T4SS_MOBP1	none	0	0		Bacteroidota	Bacteroides
NZ_CP068174_4065728..4114867	NA	49140	39	1	T4SS_MOBV	none	0	0		Bacteroidota	Bacteroides
NZ_CP068174_666478..707362	IME	40885	36	1	T4SS_MOBP1,T4SS_MOBV	none	0	0		Bacteroidota	Bacteroides
NZ_CP068187_1843429..1862002	NA	18574	21	0	NA	none	0	0		Proteobacteria	Acinetobacter
NZ_CP068195_2811596..3037894	ICE	226299	221	0	NA	none	0	0		Proteobacteria	Acinetobacter
NZ_CP068213_696240..763789	ICE	67550	58	1	T4SS_MOBP1,profile_MOBT	MPF_FA	1	18		Firmicutes	Streptococcus
NZ_CP068214_4060671..4140535	NA	79865	91	1	T4SS_MOBH	MPF_F	1	0		Proteobacteria	Serratia
NZ_CP068215_5011069..5052108	ICE	41040	40	1	T4SS_MOBH	MPF_F	1	0		Proteobacteria	Enterobacter
NZ_CP068238_2269340..2375757	ICE	106418	113	1	T4SS_MOBH	MPF_F	1	0		Proteobacteria	Pseudomonas
NZ_CP068238_4430423..4546326	ICE	115904	128	1	T4SS_MOBH	MPF_F	1	0		Proteobacteria	Pseudomonas
NZ_CP068239_1432681..1516934	ICE	84254	102	1	T4SS_MOBH	MPF_F	1	0		Proteobacteria	Pseudomonas
NZ_CP068239_3754788..3969627	ICE	214840	222	1	T4SS_MOBH	MPF_F	1	0		Proteobacteria	Pseudomonas
NZ_CP068239_5359971..5388216	IME	28246	24	1	T4SS_MOBH	none	0	1		Proteobacteria	Pseudomonas
NZ_CP068249_1213099..1291458	ICE	78360	76	1	profile_MOBT	MPF_FA	1	8		Firmicutes	Enterococcus
NZ_CP068249_2371062..2710771	ICE	339710	384	1	T4SS_MOBH,T4SS_MOBP1,T4SS_MOBP2,T4SS_MOBV,profile_MOBM,profile_MOBT	MPF_FA	1	3		Firmicutes	Enterococcus
NZ_CP068292_534865..554491	NA	19627	24	1	T4SS_MOBP1	none	0	0		Actinobacteriota	Corynebacterium
NZ_CP068390_5303486..5398643	NA	95158	98	1	T4SS_MOBH	MPF_F	1	0		Proteobacteria	Pseudomonas_E
NZ_CP068394_2063321..2071506	NA	8186	8	1	T4SS_MOBQ	none	0	0		Proteobacteria	Escherichia
NZ_CP068416_2334261..2380999	ICE	46739	36	1	profile_MOBT	none	0	0		Firmicutes	Lacticaseibacillus
NZ_CP068416_556832..689532	ICE	132701	156	1	T4SS_MOBP1	MPF_FA	1	8		Firmicutes	Lacticaseibacillus
NZ_CP068439_1509166..1594817	ICE	85652	93	1	T4SS_MOBB	none	0	0		Bacteroidota	Aequorivita
NZ_CP068551_2595232..2672813	NA	77582	72	1	T4SS_MOBP1	MPF_T	1	0		Proteobacteria	Pseudomonas_E
NZ_CP068552_339830..363190	IME	23361	26	0	NA	none	0	0		Firmicutes_A	Clostridioides
NZ_CP068555_2182517..2570506	ICE	387990	372	1	T4SS_MOBP1,profile_MOBT	MPF_FA	1	14		Firmicutes_A	Clostridioides
NZ_CP068557_648398..842168	NA	193771	173	1	T4SS_MOBP1	MPF_FA	1	12		Firmicutes_A	Clostridioides
NZ_CP068559_2788123..2817112	IME	28990	26	1	T4SS_MOBC,T4SS_MOBV	none	0	0		Firmicutes_A	Clostridioides
NZ_CP068560_3383569..3429774	IME	46206	48	1	T4SS_MOBV	none	0	0		Firmicutes_A	Clostridioides
NZ_CP068561_1969788..2184925	NA	215138	204	1	profile_MOBT	none	0	1		Firmicutes_A	Clostridioides
NZ_CP068564_397703..518953	ICE	121251	108	0	NA	none	0	0		Firmicutes_A	Keratinibaculum
NZ_CP068572_4291125..4349171	NA	58047	67	1	T4SS_MOBH,profile_MOBT	MPF_F	1	0		Proteobacteria	Klebsiella
NZ_CP068602_1797799..1825284	IME	27486	30	1	T4SS_MOBQ	none	0	0		Proteobacteria	Klebsiella
NZ_CP068602_740452..797901	NA	57450	67	1	T4SS_MOBH,profile_MOBT	MPF_F	1	0		Proteobacteria	Klebsiella
NZ_CP068614_1834434..1861919	IME	27486	29	1	T4SS_MOBQ	none	0	0		Proteobacteria	Klebsiella
NZ_CP068614_742321..798463	NA	56143	65	1	T4SS_MOBH,profile_MOBT	MPF_F	1	0		Proteobacteria	Klebsiella
NZ_CP068618_1790533..1819218	IME	28686	31	1	T4SS_MOBQ	none	0	0		Proteobacteria	Klebsiella
NZ_CP068618_741304..793829	NA	52526	61	1	T4SS_MOBH,profile_MOBT	MPF_F	1	0		Proteobacteria	Klebsiella
NZ_CP068684_3427116..3486632	ICE	59517	41	1	T4SS_MOBC	MPF_T	1	0		Proteobacteria	Klebsiella
NZ_CP068689_783602..838573	NA	54972	61	1	T4SS_MOBH,profile_MOBT	MPF_F	1	0		Proteobacteria	Klebsiella
NZ_CP068708_1487582..1535400	IME	47819	44	1	T4SS_MOBC,T4SS_MOBV	none	0	0		Firmicutes	Streptococcus
NZ_CP068708_715949..826602	ICE	110654	105	1	T4SS_MOBP1,T4SS_MOBV,profile_MOBT	MPF_FA	1	13		Firmicutes	Streptococcus
NZ_CP068761_1567654..1601958	NA	34305	51	0	NA	none	0	0		Proteobacteria	Neisseria
NZ_CP068771_8017..112922	ICE	104906	103	1	T4SS_MOBC	MPF_T	1	0	Eex_IncN	Proteobacteria	Serratia
NZ_CP068797_4766264..4787239	NA	20976	24	1	T4SS_MOBP1	none	0	0		Proteobacteria	Klebsiella
NZ_CP068800_2140928..2169395	IME	28468	32	1	T4SS_MOBQ,profile_MOBT	none	0	0		Proteobacteria	Escherichia
NZ_CP068803_1854952..1881843	IME	26892	28	1	T4SS_MOBQ,profile_MOBT	none	0	0		Proteobacteria	Escherichia
NZ_CP068813_1381050..1415999	IME	34950	37	1	T4SS_MOBQ	none	0	0		Proteobacteria	Escherichia
NZ_CP068829_4618545..4699381	NA	80837	98	1	T4SS_MOBH	MPF_F	1	0		Proteobacteria	Escherichia
NZ_CP068972_4599826..4610778	NA	10953	11	1	T4SS_MOBP1	none	0	0		Proteobacteria	Klebsiella
NZ_CP068983_1604634..1714033	ICE	109400	90	1	T4SS_MOBP1	MPF_T	1	0		Proteobacteria	Paradevosia
NZ_CP068983_2370785..2378077	NA	7293	7	1	T4SS_MOBQ	none	0	0		Proteobacteria	Paradevosia
NZ_CP068998_290252..436973	ICE	146722	137	1	T4SS_MOBP1,profile_MOBT	MPF_T	1	0		Proteobacteria	Sulfitobacter
NZ_CP069004_127176..184406	ICE	57231	57	1	T4SS_MOBP1,T4SS_MOBQ,T4SS_MOBV,profile_MOBT	MPF_T	1	0		Proteobacteria	Sulfitobacter
NZ_CP069056_911564..963733	NA	52170	51	1	T4SS_MOBV	none	0	1		Firmicutes	Mycoplasmopsis
NZ_CP069162_4078160..4093044	NA	14885	15	1	profile_MOBF	none	0	0		Proteobacteria	Paludibacterium
NZ_CP069178_1177783..1199387	ICE	21605	23	1	T4SS_MOBP1	none	0	0		Firmicutes	Bulleidia
NZ_CP069178_194769..221673	NA	26905	29	1	T4SS_MOBP2,T4SS_MOBP3	none	0	0		Firmicutes	Bulleidia
NZ_CP069178_762142..851846	NA	89705	92	1	T4SS_MOBP1	MPF_FA	1	5		Firmicutes	Bulleidia
NZ_CP069197_995293..1008779	NA	13487	11	1	T4SS_MOBP1	none	0	0		Proteobacteria	Vibrio
NZ_CP069198_1014950..1234920	ICE	219971	207	1	T4SS_MOBP1,profile_MOBT	none	0	0	Eex_IncN	Proteobacteria	Pseudomonas
NZ_CP069198_142364..174574	ICE	32211	34	1	T4SS_MOBH,profile_MOBT	MPF_F	1	0		Proteobacteria	Pseudomonas
NZ_CP069198_2513423..2585177	ICE	71755	71	1	T4SS_MOBH,profile_MOBT	MPF_F	1	0		Proteobacteria	Pseudomonas
NZ_CP069278_292411..319809	IME	27399	26	1	T4SS_MOBP1	none	0	1		Actinobacteriota	Bifidobacterium
NZ_CP069308_717641..789435	ICE	71795	83	1	T4SS_MOBH	MPF_F	1	0		Proteobacteria	Glaesserella
NZ_CP069318_5380401..5543396	NA	162996	168	1	T4SS_MOBP1	MPF_T	1	0	Eex_IncN	Proteobacteria	Comamonas
NZ_CP069352_3115988..3335311	ICE	219324	189	1	T4SS_MOBH	MPF_F	1	0		Proteobacteria	Pseudomonas_E
NZ_CP069353_7916170..7933424	NA	17255	29	0	NA	none	0	0		Actinobacteriota	Saccharopolyspora_D
NZ_CP069360_83330..163322	NA	79993	72	1	T4SS_MOBH,profile_MOBT	none	0	0		Proteobacteria	Burkholderia
NZ_CP069386_3235635..3359700	ICE	124066	129	1	T4SS_MOBH	MPF_F	1	0		Proteobacteria	Escherichia
NZ_CP069397_4220425..4273956	NA	53532	64	1	T4SS_MOBC	none	0	1		Firmicutes	Priestia
NZ_CP069431_2420860..2431290	NA	10431	12	1	T4SS_MOBP1	none	0	0		Bacteroidota	Parabacteroides
NZ_CP069431_2778574..2795610	IME	17037	23	1	T4SS_MOBP1	none	0	0		Bacteroidota	Parabacteroides
NZ_CP069431_3128381..3191947	IME	63567	57	0	NA	none	0	0		Bacteroidota	Parabacteroides
NZ_CP069431_3716925..3724837	NA	7913	7	0	NA	none	0	0		Bacteroidota	Parabacteroides
NZ_CP069431_4095913..4107648	NA	11736	15	1	T4SS_MOBP1	none	0	0		Bacteroidota	Parabacteroides
NZ_CP069437_2034870..2048671	NA	13802	13	0	NA	none	0	0		Proteobacteria	Moraxella_A
NZ_CP069440_1124377..1327374	ICE	202998	201	1	T4SS_MOBV	MPF_FA	1	2		Bacteroidota	Phocaeicola
NZ_CP069440_2383400..2425530	NA	42131	28	1	T4SS_MOBP1	none	0	0		Bacteroidota	Phocaeicola
NZ_CP069440_2758036..2839173	NA	81138	75	1	T4SS_MOBV	none	0	0		Bacteroidota	Phocaeicola
NZ_CP069440_3103716..3116851	IME	13136	17	1	T4SS_MOBP1	none	0	0		Bacteroidota	Phocaeicola
NZ_CP069440_372374..552435	ICE	180062	172	1	T4SS_MOBV	MPF_FA	1	2		Bacteroidota	Phocaeicola
NZ_CP069442_725472..1016036	NA	290565	326	0	NA	none	0	1		Proteobacteria	Chromobacterium
NZ_CP069444_2142099..2250936	ICE	108838	110	1	T4SS_MOBP1,T4SS_MOBV,profile_MOBM	MPF_FA	1	6		Firmicutes_A	Clostridium_AP
NZ_CP069444_232681..262708	NA	30028	27	1	T4SS_MOBV,profile_MOBT	none	0	0		Firmicutes_A	Clostridium_AP
NZ_CP069444_2741847..2757123	NA	15277	30	1	T4SS_MOBH,profile_MOBT	none	0	0		Firmicutes_A	Clostridium_AP
NZ_CP069444_3408040..3515508	ICE	107469	116	1	T4SS_MOBP1	MPF_FA	1	8		Firmicutes_A	Clostridium_AP
NZ_CP069450_2690945..2976043	ICE	285099	257	1	T4SS_MOBP1,T4SS_MOBV,profile_MOBT	MPF_FA	1	2		Bacteroidota	Butyricimonas
NZ_CP069482_1324847..1340413	IME	15567	15	1	T4SS_MOBP1,T4SS_MOBV	none	0	0		Proteobacteria	Burkholderia
NZ_CP069516_599392..617673	NA	18282	21	1	T4SS_MOBP1	none	0	0		Actinobacteriota	Corynebacterium
NZ_CP069520_2541872..2670231	ICE	128360	121	1	profile_MOBM,profile_MOBT	MPF_FA	1	6		Firmicutes_A	Enterocloster
NZ_CP069520_3207836..3224921	IME	17086	15	1	T4SS_MOBQ	none	0	0		Firmicutes_A	Enterocloster
NZ_CP069520_3629131..3633545	NA	4415	7	1	profile_MOBT	none	0	0		Firmicutes_A	Enterocloster
NZ_CP069520_3860463..3968035	NA	107573	92	1	T4SS_MOBP1,T4SS_MOBV,profile_MOBM,profile_MOBT	MPF_FA	1	7		Firmicutes_A	Enterocloster
NZ_CP069520_4935322..4977609	IME	42288	34	1	T4SS_MOBP1	none	0	1		Firmicutes_A	Enterocloster
NZ_CP069526_1138452..1151338	NA	12887	15	0	NA	none	0	0		Actinobacteriota	Amycolatopsis
NZ_CP069526_2866336..2887955	NA	21620	17	1	profile_MOBF	none	0	0		Actinobacteriota	Amycolatopsis
NZ_CP069526_8825664..8863385	NA	37722	35	1	profile_MOBF	none	0	0		Actinobacteriota	Amycolatopsis
NZ_CP069526_9132773..9176367	IME	43595	42	1	profile_MOBF	none	0	0		Actinobacteriota	Amycolatopsis
NZ_CP069528_3744640..3765416	IME	20777	27	1	T4SS_MOBQ	none	0	0		Proteobacteria	Escherichia
NZ_CP069542_1589626..1634222	NA	44597	48	1	T4SS_MOBP1	none	0	0		Proteobacteria	Escherichia
NZ_CP069542_4687160..4726921	NA	39762	35	1	T4SS_MOBH	none	0	0		Proteobacteria	Escherichia
NZ_CP069558_1268899..1273135	NA	4237	5	0	NA	none	0	0		Firmicutes	Streptococcus
NZ_CP069558_736494..919669	ICE	183176	191	1	T4SS_MOBP1,T4SS_MOBQ,profile_MOBT	MPF_FA	1	12		Firmicutes	Streptococcus
NZ_CP069583_1896544..1923439	IME	26896	30	1	T4SS_MOBP2,T4SS_MOBQ,profile_MOBT	none	0	0		Proteobacteria	Escherichia
NZ_CP069587_3768667..3998519	NA	229853	266	0	NA	none	0	1		Proteobacteria	Chromobacterium
NZ_CP069600_1548924..1611574	ICE	62651	55	1	T4SS_MOBC,profile_MOBT	MPF_T	1	0	Eex_IncN	Proteobacteria	Dickeya
NZ_CP069600_3125642..3192058	NA	66417	70	1	T4SS_MOBC	MPF_T	1	0	Eex_IncN	Proteobacteria	Dickeya
NZ_CP069601_996853..1072885	NA	76033	86	1	T4SS_MOBH	MPF_F	1	0		Proteobacteria	Dickeya
NZ_CP069606_2568132..2971189	ICE	403058	435	0	NA	none	0	1		Firmicutes	Priestia
NZ_CP069606_411803..430613	NA	18811	26	1	T4SS_MOBC	none	0	0		Firmicutes	Priestia
NZ_CP069666_1089442..1144205	IME	54764	58	1	T4SS_MOBP1	none	0	0		Proteobacteria	Escherichia
NZ_CP069666_1784980..1816289	IME	31310	33	1	T4SS_MOBQ	none	0	0		Proteobacteria	Escherichia
NZ_CP069677_1709674..1728844	NA	19171	18	1	T4SS_MOBP1	none	0	0		Proteobacteria	Escherichia
NZ_CP069801_4151508..4300952	ICE	149445	147	1	T4SS_MOBH,profile_MOBT	MPF_F	1	0		Proteobacteria	Citrobacter
NZ_CP069815_1313259..1358198	NA	44940	47	1	T4SS_MOBP1	none	0	0		Proteobacteria	Klebsiella
NZ_CP069815_1986909..2016841	IME	29933	33	1	T4SS_MOBQ,profile_MOBT	none	0	0		Proteobacteria	Klebsiella
NZ_CP069815_2817328..3009610	NA	192283	173	0	NA	none	0	0		Proteobacteria	Klebsiella
NZ_CP069828_3350786..3405728	NA	54943	63	1	T4SS_MOBH,profile_MOBT	MPF_F	1	0		Proteobacteria	Klebsiella
NZ_CP069847_4990601..5213733	ICE	223133	184	1	T4SS_MOBC,T4SS_MOBP1	MPF_T	1	0	Eex_IncN	Proteobacteria	Klebsiella
NZ_CP069847_564809..772711	ICE	207903	211	0	NA	none	0	0		Proteobacteria	Klebsiella
NZ_CP069892_1018383..1125382	ICE	107000	107	1	profile_MOBT	MPF_FA	1	7		Firmicutes	Streptococcus
NZ_CP069892_297872..410121	ICE	112250	103	1	T4SS_MOBC,T4SS_MOBP1,profile_MOBT	MPF_FA	1	12		Firmicutes	Streptococcus
NZ_CP069892_660325..681624	NA	21300	21	1	T4SS_MOBP1	none	0	0		Firmicutes	Streptococcus
NZ_CP069940_599787..738627	ICE	138841	92	1	T4SS_MOBC	MPF_T	1	0	Eex_IncN	Proteobacteria	Klebsiella
NZ_CP069943_2385914..2403903	NA	17990	17	1	T4SS_MOBP1	none	0	0		Proteobacteria	Klebsiella
NZ_CP069945_2768191..2790853	IME	22663	23	1	T4SS_MOBQ	none	0	0		Proteobacteria	Escherichia
NZ_CP069962_733292..796615	IME	63324	66	1	T4SS_MOBP1	none	0	0		Proteobacteria	Klebsiella
NZ_CP069990_842360..884098	IME	41739	45	1	T4SS_MOBQ	none	0	0		Proteobacteria	Escherichia
NZ_CP069994_2503170..2562434	ICE	59265	44	1	T4SS_MOBC	MPF_T	1	0	Eex_IncN	Proteobacteria	Klebsiella
NZ_CP069994_4967268..4987131	NA	19864	23	1	T4SS_MOBP1	none	0	0		Proteobacteria	Klebsiella
NZ_CP069996_1525857..1609457	ICE	83601	97	1	T4SS_MOBH	MPF_F	1	0		Proteobacteria	Escherichia
NZ_CP070015_113979..172954	ICE	58976	44	1	T4SS_MOBC	MPF_T	1	0	Eex_IncN	Proteobacteria	Klebsiella
NZ_CP070015_183682..209741	IME	26060	27	1	T4SS_MOBQ	none	0	0		Proteobacteria	Klebsiella
NZ_CP070020_4243023..4299399	NA	56377	74	1	profile_MOBT	none	0	0		Proteobacteria	Klebsiella
NZ_CP070036_1351825..1402851	NA	51027	54	1	T4SS_MOBP1,T4SS_MOBQ,profile_MOBT	MPF_FA	1	8		Firmicutes_A	Ruminococcus_B
NZ_CP070036_1644648..1662382	NA	17735	16	1	T4SS_MOBQ	none	0	0		Firmicutes_A	Ruminococcus_B
NZ_CP070036_2357339..2370660	NA	13322	11	0	NA	none	0	0		Firmicutes_A	Ruminococcus_B
NZ_CP070036_2453377..2462454	NA	9078	9	1	T4SS_MOBQ,profile_MOBT	none	0	1		Firmicutes_A	Ruminococcus_B
NZ_CP070041_267815..349625	IME	81811	92	1	T4SS_MOBQ	none	0	0		Proteobacteria	Escherichia
NZ_CP070048_1559575..1609789	IME	50215	55	1	T4SS_MOBQ	none	0	0		Proteobacteria	Escherichia
NZ_CP070062_1272048..1341541	NA	69494	61	1	T4SS_MOBP1,T4SS_MOBV	none	0	0		Firmicutes_A	Bariatricus
NZ_CP070062_1490191..1533646	NA	43456	47	1	T4SS_MOBV,profile_MOBM	none	0	0		Firmicutes_A	Bariatricus
NZ_CP070062_1743896..1749567	NA	5672	4	1	T4SS_MOBQ	none	0	0		Firmicutes_A	Bariatricus
NZ_CP070062_1937956..1945706	NA	7751	8	1	T4SS_MOBQ	none	0	0		Firmicutes_A	Bariatricus
NZ_CP070062_2230641..2353426	ICE	122786	139	1	T4SS_MOBP1,T4SS_MOBV,profile_MOBT	none	0	1		Firmicutes_A	Bariatricus
NZ_CP070062_2705812..2735746	NA	29935	30	1	T4SS_MOBQ,profile_MOBT	none	0	0		Firmicutes_A	Bariatricus
NZ_CP070062_338993..414181	NA	75189	87	1	T4SS_MOBB,T4SS_MOBC,profile_MOBT	MPF_FA	1	8		Firmicutes_A	Bariatricus
NZ_CP070063_3176072..3183534	NA	7463	6	1	T4SS_MOBQ	none	0	0		Proteobacteria	Escherichia
NZ_CP070071_4744492..4819957	NA	75466	96	1	T4SS_MOBH	MPF_F	1	0		Proteobacteria	Escherichia
NZ_CP070092_1902767..1922624	NA	19858	23	1	T4SS_MOBP1	none	0	0		Proteobacteria	Klebsiella
NZ_CP070092_4656456..4740690	ICE	84235	69	1	T4SS_MOBC,T4SS_MOBQ	MPF_T	1	0	Eex_IncN	Proteobacteria	Klebsiella
NZ_CP070105_1226648..1286501	NA	59854	67	1	T4SS_MOBH,profile_MOBT	MPF_F	1	0		Proteobacteria	Klebsiella
NZ_CP070124_120493..134025	NA	13533	10	1	T4SS_MOBH	none	0	0		Proteobacteria	Escherichia
NZ_CP070158_4152585..4210783	ICE	58199	42	1	T4SS_MOBC	MPF_T	1	0	Eex_IncN	Proteobacteria	Klebsiella
NZ_CP070162_2473797..2548507	IME	74711	83	1	T4SS_MOBQ	none	0	0		Proteobacteria	Escherichia
NZ_CP070169_3367632..3387429	NA	19798	23	1	T4SS_MOBP1	none	0	0		Proteobacteria	Klebsiella
NZ_CP070169_535835..594033	ICE	58199	42	1	T4SS_MOBC	MPF_T	1	0	Eex_IncN	Proteobacteria	Klebsiella
NZ_CP070222_803519..851713	ICE	48195	57	1	T4SS_MOBH	MPF_F	1	0		Proteobacteria	Salmonella
NZ_CP070228_1819248..1839796	NA	20549	24	1	T4SS_MOBP1	MPF_FA	1	4		Actinobacteriota	Arcanobacterium
NZ_CP070245_4925762..4931987	NA	6226	10	0	NA	none	0	0		Actinobacteriota	Streptomyces
NZ_CP070249_1961998..1977591	NA	15594	19	0	NA	none	0	0		Actinobacteriota	Streptomyces
NZ_CP070249_3833419..3850344	NA	16926	17	0	NA	none	0	0		Actinobacteriota	Streptomyces
NZ_CP070249_6063318..6070173	NA	6856	7	0	NA	none	0	0		Actinobacteriota	Streptomyces
NZ_CP070254_6005833..6034938	AICE	29106	27	0	NA	none	0	1		Actinobacteriota	Streptomyces
NZ_CP070260_1940511..1954824	NA	14314	19	0	NA	none	0	0		Actinobacteriota	Streptomyces
NZ_CP070260_3595201..3618231	NA	23031	24	0	NA	none	0	0		Actinobacteriota	Streptomyces
NZ_CP070284_4195114..4262199	ICE	67086	76	1	T4SS_MOBH	MPF_F	1	0		Proteobacteria	Escherichia
NZ_CP070287_1956393..1973029	NA	16637	25	1	T4SS_MOBQ	none	0	0		Proteobacteria	Escherichia
NZ_CP070292_2356229..2587414	ICE	231186	226	1	profile_MOBT	none	0	1		Proteobacteria	Escherichia
NZ_CP070296_1231214..1253964	IME	22751	21	1	T4SS_MOBP1	none	0	0		Proteobacteria	Escherichia
NZ_CP070296_2542730..2561830	NA	19101	23	1	profile_MOBT	none	0	0		Proteobacteria	Escherichia
NZ_CP070304_2084686..2092142	NA	7457	6	1	T4SS_MOBP1,T4SS_MOBQ,T4SS_MOBV	none	0	0		Proteobacteria	Glaciimonas
NZ_CP070306_623156..684604	IME	61449	63	1	T4SS_MOBP1,T4SS_MOBV,profile_MOBT	none	0	1		Firmicutes	Staphylococcus
NZ_CP070326_5173974..5201703	NA	27730	23	1	T4SS_MOBP1	none	0	0		Actinobacteriota	Streptomyces
NZ_CP070339_2644345..2655480	NA	11136	10	0	NA	none	0	0		Firmicutes	Bacillus_A
NZ_CP070350_3694412..3833523	NA	139112	141	1	T4SS_MOBP1,profile_MOBF	MPF_T	1	0		Bacteroidota	Sphingobacterium
NZ_CP070367_3508032..3549893	IME	41862	39	1	T4SS_MOBQ	none	0	0		Proteobacteria	Sphingomonas
NZ_CP070373_222192..226779	NA	4588	3	0	NA	none	0	0		Actinobacteriota	Streptomyces
NZ_CP070373_7904604..7919947	NA	15344	21	0	NA	none	0	0		Actinobacteriota	Streptomyces
NZ_CP070379_1958747..1996858	NA	38112	39	1	profile_MOBT	none	0	0		Actinobacteriota	Streptomyces
NZ_CP070435_2480586..2715403	ICE	234818	233	0	NA	none	0	0		Proteobacteria	Klebsiella
NZ_CP070471_2644393..2861649	ICE	217257	203	1	T4SS_MOBP1	none	0	0	Eex_IncN	Proteobacteria	Pseudomonas
NZ_CP070480_262121..298402	NA	36282	35	1	profile_MOBF	none	0	0		Actinobacteriota	Rothia
NZ_CP070483_529247..555494	NA	26248	33	1	profile_MOBT	MPF_FA	1	7	DUF4467	Firmicutes	Bacillus
NZ_CP070491_984821..1106367	ICE	121547	117	1	T4SS_MOBH,profile_MOBM,profile_MOBT	MPF_F	1	0		Proteobacteria	EFPC2
NZ_CP070506_5774918..5886035	NA	111118	107	1	T4SS_MOBP1,profile_MOBT	none	0	0		Proteobacteria	Pseudomonas_E
NZ_CP070520_2277316..2321342	IME	44027	46	1	T4SS_MOBP1	none	0	0		Proteobacteria	Klebsiella
NZ_CP070524_454920..547464	NA	92545	87	1	T4SS_MOBH	MPF_F	1	0		Proteobacteria	Morganella
NZ_CP070534_4809427..4905684	NA	96258	100	1	T4SS_MOBH	MPF_F	1	1		Proteobacteria	Enterobacter
NZ_CP070537_2969491..3063881	ICE	94391	86	1	T4SS_MOBP1,profile_MOBT	MPF_T	1	0	Eex_IncN	Proteobacteria	Morganella
NZ_CP070549_2197374..2239120	IME	41747	32	1	T4SS_MOBP1	none	0	0		Proteobacteria	Citrobacter
NZ_CP070549_4147655..4166695	NA	19041	20	1	T4SS_MOBP1	none	0	0		Proteobacteria	Citrobacter
NZ_CP070564_3249464..3276948	IME	27485	29	1	T4SS_MOBQ	none	0	0		Proteobacteria	Klebsiella
NZ_CP070564_4353476..4411524	NA	58049	67	1	T4SS_MOBH,profile_MOBT	MPF_F	1	0		Proteobacteria	Klebsiella
NZ_CP070568_900787..1131292	ICE	230506	227	0	NA	none	0	0		Proteobacteria	Klebsiella
NZ_CP070572_3545366..3615972	NA	70607	69	1	T4SS_MOBH	MPF_F	1	0		Proteobacteria	Proteus
NZ_CP070579_4488344..4546391	NA	58048	67	1	T4SS_MOBH,profile_MOBT	MPF_F	1	0		Proteobacteria	Klebsiella
NZ_CP070625_470615..519180	NA	48566	43	1	profile_MOBF	none	0	0		Proteobacteria	Photobacterium
NZ_CP070866_2237852..2245667	NA	7816	13	0	NA	none	0	0		Proteobacteria	Acinetobacter
NZ_CP070902_1145675..1159498	IME	13824	9	1	T4SS_MOBP1	none	0	0		Proteobacteria	Escherichia
NZ_CP070930_1813817..1841724	IME	27908	32	1	T4SS_MOBQ,profile_MOBT	none	0	0		Proteobacteria	Escherichia
NZ_CP070968_675667..718607	ICE	42941	40	1	T4SS_MOBP1	MPF_T	1	0		Proteobacteria	Brevundimonas
NZ_CP070973_4174356..4191203	NA	16848	14	0	NA	none	0	0		Actinobacteriota	Mycobacterium
NZ_CP070973_786670..802371	NA	15702	14	0	NA	none	0	0		Actinobacteriota	Mycobacterium
NZ_CP070977_829780..970413	ICE	140634	123	1	T4SS_MOBP1,T4SS_MOBV	MPF_T	1	1		Proteobacteria	Burkholderia
NZ_CP070980_3993353..4068213	IME	74861	61	1	T4SS_MOBH	none	0	0		Proteobacteria	Pseudomonas_E
NZ_CP070981_2472896..2667534	ICE	194639	183	1	T4SS_MOBH,profile_MOBT	MPF_F	1	0		Proteobacteria	Pseudomonas_E
NZ_CP070991_523415..541815	IME	18401	20	1	profile_MOBT	MPF_FA	1	6	DUF4467	Firmicutes	Staphylococcus
NZ_CP070996_1566194..1594373	ICE	28180	27	1	T4SS_MOBP1	none	0	0		Actinobacteriota	Bifidobacterium
NZ_CP070999_760781..768094	NA	7314	6	1	T4SS_MOBP1,T4SS_MOBP2	none	0	0		Firmicutes	Limosilactobacillus
NZ_CP071044_1892977..1901592	NA	8616	9	0	NA	none	0	0		Actinobacteriota	Streptomyces
NZ_CP071044_3988196..4018160	NA	29965	36	0	NA	none	0	0		Actinobacteriota	Streptomyces
NZ_CP071044_4312100..4320052	NA	7953	7	1	T4SS_MOBP1	none	0	0		Actinobacteriota	Streptomyces
NZ_CP071044_4709577..4725995	NA	16419	16	0	NA	none	0	1		Actinobacteriota	Streptomyces
NZ_CP071057_789943..929359	ICE	139417	139	1	T4SS_MOBP1,profile_MOBT	MPF_T	1	0		Proteobacteria	Marinicauda
NZ_CP071100_1176137..1328717	NA	152581	153	1	profile_MOBM,profile_MOBT	MPF_FA	1	7	DUF4467	Firmicutes	Staphylococcus
NZ_CP071139_3541120..3557927	NA	16808	20	0	NA	none	0	0		Actinobacteriota	Streptomyces
NZ_CP071139_4348201..4364558	NA	16358	19	0	NA	none	0	0		Actinobacteriota	Streptomyces
NZ_CP071139_7179274..7190280	NA	11007	14	0	NA	none	0	0		Actinobacteriota	Streptomyces
NZ_CP071154_1595063..1674364	ICE	79302	74	1	profile_MOBT	MPF_FA	1	7		Firmicutes	Listeria
NZ_CP071154_944670..994238	NA	49569	50	1	profile_MOBT	MPF_FA	1	6		Firmicutes	Listeria
NZ_CP071155_952121..1032087	ICE	79967	85	1	profile_MOBT	MPF_FA	1	7		Firmicutes	Listeria
NZ_CP071179_1482716..1541019	IME	58304	56	1	T4SS_MOBP1	none	0	0		Firmicutes	Listeria
NZ_CP071184_3863406..3893147	IME	29742	32	1	T4SS_MOBC	none	0	0		Firmicutes	Alicyclobacillus_B
NZ_CP071184_742450..791056	NA	48607	57	0	NA	none	0	0		Firmicutes	Alicyclobacillus_B
NZ_CP071247_2742589..2765850	NA	23262	24	1	T4SS_MOBV	none	0	0		Proteobacteria	Marinobacter
NZ_CP071248_2246963..2281035	IME	34073	48	1	profile_MOBF,profile_MOBT	none	0	0		Actinobacteriota	Bifidobacterium
NZ_CP071300_1081357..1206173	ICE	124817	119	1	T4SS_MOBP1,profile_MOBM	MPF_FA	1	7		Firmicutes	Lactococcus
NZ_CP071301_1087633..1158594	ICE	70962	71	1	T4SS_MOBV	none	0	0		Firmicutes	Lactococcus
NZ_CP071305_1056314..1141235	ICE	84922	87	1	T4SS_MOBP1	none	0	0		Firmicutes	Streptococcus
NZ_CP071305_1187564..1196867	NA	9304	12	1	T4SS_MOBP1	none	0	0		Firmicutes	Streptococcus
NZ_CP071319_1522961..1604119	IME	81159	81	1	T4SS_MOBQ	none	0	0		Proteobacteria	Acinetobacter
NZ_CP071324_1340494..1383263	IME	42770	48	1	T4SS_MOBP1	none	0	0		Proteobacteria	Klebsiella
NZ_CP071324_1655109..1680084	NA	24976	20	1	T4SS_MOBP1	none	0	0		Proteobacteria	Klebsiella
NZ_CP071324_845315..978364	ICE	133050	93	1	T4SS_MOBC	MPF_T	1	0	Eex_IncN	Proteobacteria	Klebsiella
NZ_CP071326_1010759..1016848	NA	6090	9	0	NA	none	0	0		Proteobacteria	Photobacterium
NZ_CP071375_4177460..4186759	NA	9300	14	1	T4SS_MOBH	none	0	0		Proteobacteria	Escherichia
NZ_CP071376_3097453..3207203	NA	109751	120	1	T4SS_MOBH	none	0	0		Firmicutes_A	Clostridium
NZ_CP071382_1878102..2196254	NA	318153	302	1	T4SS_MOBH	none	0	0		Desulfobacterota	Geobacter
NZ_CP071385_1771494..1816529	ICE	45036	41	1	T4SS_MOBC	MPF_T	1	0	Eex_IncN	Proteobacteria	Klebsiella
NZ_CP071385_4789567..4844517	NA	54951	63	1	T4SS_MOBH,profile_MOBT	MPF_F	1	0		Proteobacteria	Klebsiella
NZ_CP071393_1980009..2046507	ICE	66499	63	1	T4SS_MOBC	MPF_T	1	0	Eex_IncN	Proteobacteria	Klebsiella
NZ_CP071393_5239595..5265772	NA	26178	28	1	T4SS_MOBP1	none	0	0		Proteobacteria	Klebsiella
NZ_CP071464_750026..806033	NA	56008	64	1	T4SS_MOBH,profile_MOBT	MPF_F	1	0		Proteobacteria	Klebsiella
NZ_CP071487_1698173..1750077	ICE	51905	53	1	T4SS_MOBH	MPF_F	1	0		Proteobacteria	Glaesserella
NZ_CP071489_769336..837831	ICE	68496	75	1	T4SS_MOBH	MPF_F	1	0		Proteobacteria	Glaesserella
NZ_CP071490_1459946..1513778	ICE	53833	68	1	T4SS_MOBH	MPF_F	1	0		Proteobacteria	Glaesserella
NZ_CP071491_1420538..1488898	ICE	68361	74	1	T4SS_MOBH	MPF_F	1	0		Proteobacteria	Glaesserella
NZ_CP071683_18221..87479	NA	69259	64	1	T4SS_MOBB,profile_MOBT	MPF_FA	1	8		Actinobacteriota	Bifidobacterium
NZ_CP071683_2439960..2475488	NA	35529	39	1	profile_MOBF	none	0	0		Actinobacteriota	Bifidobacterium
NZ_CP071697_1083566..1251754	ICE	168189	161	1	T4SS_MOBP1,T4SS_MOBV,profile_MOBT	MPF_FA	1	14		Firmicutes	Streptococcus
NZ_CP071729_1862160..1944386	NA	82227	98	0	NA	none	0	1		Firmicutes	Lactococcus
NZ_CP071729_2324852..2327294	NA	2443	3	0	NA	none	0	0		Firmicutes	Lactococcus
NZ_CP071731_1270871..1413033	ICE	142163	163	1	T4SS_MOBH	MPF_F	1	0		Proteobacteria	Pseudomonas
NZ_CP071733_1496751..1530966	NA	34216	28	0	NA	none	0	0		Actinobacteriota	Bifidobacterium
NZ_CP071733_2500353..2543481	IME	43129	58	1	profile_MOBF,profile_MOBT	none	0	0		Actinobacteriota	Bifidobacterium
NZ_CP071746_1384709..1405102	NA	20394	20	1	T4SS_MOBP1	none	0	0		Proteobacteria	Burkholderia
NZ_CP071747_29868..382681	ICE	352814	259	1	T4SS_MOBC,profile_MOBT	none	0	0		Proteobacteria	Burkholderia
NZ_CP071751_2689928..2708219	NA	18292	16	1	T4SS_MOBP1	none	0	0		Proteobacteria	Burkholderia
NZ_CP071753_15854..44587	ICE	28734	33	1	T4SS_MOBH	MPF_T	1	0		Proteobacteria	Burkholderia
NZ_CP071754_36115..56280	NA	20166	14	1	T4SS_MOBP1	none	0	0		Proteobacteria	Burkholderia
NZ_CP071759_37446..141875	ICE	104430	86	1	T4SS_MOBH	MPF_F	1	0		Proteobacteria	Burkholderia
NZ_CP071761_1368968..1388121	NA	19154	18	1	T4SS_MOBP1	none	0	0		Proteobacteria	Burkholderia
NZ_CP071761_408176..442468	ICE	34293	35	1	T4SS_MOBP1	none	0	0		Proteobacteria	Burkholderia
NZ_CP071762_237063..594193	ICE	357131	256	1	T4SS_MOBC,profile_MOBT	none	0	0		Proteobacteria	Burkholderia
NZ_CP071762_2494684..2514674	NA	19991	23	1	profile_MOBT	none	0	0		Proteobacteria	Burkholderia
NZ_CP071796_2699054..2931764	ICE	232711	231	1	T4SS_MOBP1,profile_MOBT	MPF_T	1	0	Eex_IncN	Proteobacteria	Ottowia
NZ_CP071802_2358293..2390218	NA	31926	33	1	T4SS_MOBC	MPF_T	1	0	Eex_IncN	Proteobacteria	Yersinia
NZ_CP071825_2516034..2597906	NA	81873	84	1	T4SS_MOBH	MPF_F	1	0		Proteobacteria	Burkholderia
NZ_CP071839_3874862..3886968	NA	12107	18	0	NA	none	0	0		Actinobacteriota	Streptomyces
NZ_CP071839_4260292..4274181	NA	13890	16	0	NA	none	0	0		Actinobacteriota	Streptomyces
NZ_CP071869_2075135..2121056	NA	45922	47	1	T4SS_MOBP1,T4SS_MOBV,profile_MOBT	none	0	0		Bacteroidota	Polaribacter
NZ_CP071870_1674804..1753876	IME	79073	81	1	profile_MOBF	none	0	1		Actinobacteriota	Brevilactibacter
NZ_CP071870_651632..763997	ICE	112366	102	1	profile_MOBF	none	0	1		Actinobacteriota	Brevilactibacter
NZ_CP071871_963639..1015409	ICE	51771	51	1	profile_MOBT	MPF_FA	1	12		Firmicutes	Streptococcus
NZ_CP071878_5082180..5107174	NA	24995	33	1	T4SS_MOBP1	none	0	0		Bacteroidota	Mucilaginibacter
NZ_CP071878_5144680..5162380	NA	17701	20	1	T4SS_MOBP1,profile_MOBT	none	0	0		Bacteroidota	Mucilaginibacter
NZ_CP071879_2553667..2717254	ICE	163588	192	1	T4SS_MOBC,T4SS_MOBP1	none	0	1		Bacteroidota	Mucilaginibacter
NZ_CP071879_5106909..5129078	NA	22170	27	1	T4SS_MOBP1,profile_MOBT	none	0	0		Bacteroidota	Mucilaginibacter
NZ_CP071879_5163139..5174903	NA	11765	19	1	T4SS_MOBB	none	0	0		Bacteroidota	Mucilaginibacter
NZ_CP071880_2550218..2713806	ICE	163589	191	1	T4SS_MOBC,T4SS_MOBP1	none	0	1		Bacteroidota	Mucilaginibacter
NZ_CP071881_1423129..1429475	NA	6347	9	1	T4SS_MOBP1	none	0	0		Bacteroidota	Mucilaginibacter
NZ_CP071881_4533298..4626762	NA	93465	106	1	T4SS_MOBB,T4SS_MOBP1,profile_MOBT	none	0	0		Bacteroidota	Mucilaginibacter
NZ_CP071881_47693..95022	IME	47330	43	1	T4SS_MOBP1	none	0	0		Bacteroidota	Mucilaginibacter
NZ_CP071881_6944909..7108491	ICE	163583	191	1	T4SS_MOBC,T4SS_MOBP1	none	0	0		Bacteroidota	Mucilaginibacter
NZ_CP071882_3136674..3155435	NA	18762	21	1	T4SS_MOBB,T4SS_MOBP1	none	0	0		Bacteroidota	Mucilaginibacter
NZ_CP071882_5122777..5145680	NA	22904	25	1	T4SS_MOBB,T4SS_MOBP1	none	0	0		Bacteroidota	Mucilaginibacter
NZ_CP071882_7682174..7712976	IME	30803	28	1	T4SS_MOBP1	none	0	0		Bacteroidota	Mucilaginibacter
NZ_CP071885_2185369..2193316	IME	7948	10	1	T4SS_MOBQ	none	0	0		Verrucomicrobiota	Akkermansia
NZ_CP071899_1234770..1247491	IME	12722	17	0	NA	none	0	0		Proteobacteria	Pseudomonas_A
NZ_CP071899_3168374..3176662	NA	8289	12	1	T4SS_MOBP1	none	0	0		Proteobacteria	Pseudomonas_A
NZ_CP071899_3499822..3563145	NA	63324	60	0	NA	none	0	0		Proteobacteria	Pseudomonas_A
NZ_CP071903_1411881..1432065	NA	20185	23	1	T4SS_MOBB,T4SS_MOBP1	none	0	0		Bacteroidota	Mucilaginibacter
NZ_CP071903_4457560..4551023	NA	93464	105	1	T4SS_MOBB,T4SS_MOBP1,profile_MOBT	none	0	0		Bacteroidota	Mucilaginibacter
NZ_CP071903_9606..18149	NA	8544	11	1	T4SS_MOBP1	none	0	0		Bacteroidota	Mucilaginibacter
NZ_CP071931_2360678..2429249	NA	68572	79	1	T4SS_MOBC	MPF_FA	1	3		Firmicutes	Enterococcus_B
NZ_CP071931_579242..676498	ICE	97257	88	1	profile_MOBT	MPF_FA	1	6		Firmicutes	Enterococcus_B
NZ_CP071955_1643713..1681661	NA	37949	43	1	T4SS_MOBQ	none	0	0		Proteobacteria	Xanthomonas
NZ_CP071958_1747591..1787807	NA	40217	57	1	T4SS_MOBP2,profile_MOBT	none	0	0		Firmicutes	Enterococcus_B
NZ_CP071973_992518..1056338	NA	63821	72	1	T4SS_MOBQ	none	0	0		Proteobacteria	Acinetobacter
NZ_CP071974_2032152..2053372	ICE	21221	25	1	T4SS_MOBP1	MPF_FA	1	6		Actinobacteriota	Trueperella
NZ_CP072023_1315646..1323775	NA	8130	9	1	T4SS_MOBP1	none	0	0		Verrucomicrobiota	Akkermansia
NZ_CP072051_967379..991845	IME	24467	25	1	T4SS_MOBP1	none	0	0		Verrucomicrobiota	Akkermansia
NZ_CP072118_3982014..4160175	ICE	178162	155	1	T4SS_MOBP1,T4SS_MOBQ,profile_MOBT	MPF_FA	1	15		Firmicutes_A	Clostridioides
NZ_CP072118_814842..1002862	ICE	188021	190	1	T4SS_MOBB,profile_MOBT	MPF_FA	1	8		Firmicutes_A	Clostridioides
NZ_CP072181_1984107..2112887	ICE	128781	121	1	profile_MOBT	none	0	1		Firmicutes	Lacticaseibacillus
NZ_CP072181_586594..607978	NA	21385	26	1	T4SS_MOBP1,T4SS_MOBP2	none	0	0		Firmicutes	Lacticaseibacillus
NZ_CP072197_1471820..1543177	ICE	71358	81	1	T4SS_MOBP1,T4SS_MOBP2,profile_MOBT	none	0	0		Firmicutes	Lactobacillus
NZ_CP072197_31212..54642	NA	23431	26	1	profile_MOBT	none	0	0		Firmicutes	Lactobacillus
NZ_CP072198_1598551..1610067	IME	11517	15	1	T4SS_MOBB,T4SS_MOBP1	none	0	0		Bacteroidota	Bacteroides
NZ_CP072198_2993510..3013170	NA	19661	21	1	T4SS_MOBB,T4SS_MOBP1	none	0	0		Bacteroidota	Bacteroides
NZ_CP072242_4251957..4405210	ICE	153254	131	1	T4SS_MOBP1	none	0	0		Bacteroidota	Bacteroides
NZ_CP072242_4408646..4416684	NA	8039	10	1	T4SS_MOBB,T4SS_MOBP1	none	0	0		Bacteroidota	Bacteroides
NZ_CP072242_4819209..4835830	IME	16622	16	1	T4SS_MOBP1	none	0	0		Bacteroidota	Bacteroides
NZ_CP072242_5529797..5547486	NA	17690	14	1	T4SS_MOBV	none	0	0		Bacteroidota	Bacteroides
NZ_CP072243_1027468..1110395	NA	82928	62	1	T4SS_MOBV	none	0	0		Bacteroidota	Bacteroides
NZ_CP072243_1401825..1414443	NA	12619	13	1	T4SS_MOBP1	none	0	0		Bacteroidota	Bacteroides
NZ_CP072243_22042..110551	NA	88510	105	1	T4SS_MOBB,T4SS_MOBP1	none	0	0		Bacteroidota	Bacteroides
NZ_CP072243_4317982..4468730	ICE	150749	144	1	T4SS_MOBP1	none	0	0		Bacteroidota	Bacteroides
NZ_CP072254_1643256..1694344	NA	51089	54	1	T4SS_MOBP1	none	0	0		Bacteroidota	Parabacteroides
NZ_CP072254_1963769..1982641	NA	18873	15	1	T4SS_MOBB,T4SS_MOBP1	none	0	0		Bacteroidota	Parabacteroides
NZ_CP072254_2747969..2865921	NA	117953	115	1	T4SS_MOBP1	none	0	0		Bacteroidota	Parabacteroides
NZ_CP072254_3279903..3344712	ICE	64810	56	1	T4SS_MOBP1	none	0	0		Bacteroidota	Parabacteroides
NZ_CP072254_3493702..3555442	NA	61741	65	1	T4SS_MOBP1	none	0	0		Bacteroidota	Parabacteroides
NZ_CP072254_3812227..3830793	NA	18567	23	1	T4SS_MOBP1	none	0	0		Bacteroidota	Parabacteroides
NZ_CP072254_3992466..3996416	NA	3951	4	0	NA	none	0	0		Bacteroidota	Parabacteroides
NZ_CP072257_2186363..2255887	NA	69525	80	1	T4SS_MOBP1	none	0	0		Bacteroidota	Bacteroides
NZ_CP072257_234584..281526	ICE	46943	48	1	T4SS_MOBP1,profile_MOBT	none	0	0		Bacteroidota	Bacteroides
NZ_CP072257_2685338..2783348	ICE	98011	105	1	T4SS_MOBP1	none	0	0		Bacteroidota	Bacteroides
NZ_CP072257_3145989..3219056	ICE	73068	57	1	T4SS_MOBP1	none	0	0		Bacteroidota	Bacteroides
NZ_CP072257_338526..344158	NA	5633	6	1	T4SS_MOBP1	none	0	0		Bacteroidota	Bacteroides
NZ_CP072257_415608..458082	ICE	42475	51	1	T4SS_MOBP1	none	0	0		Bacteroidota	Bacteroides
NZ_CP072263_3927598..3958390	NA	30793	36	1	T4SS_MOBQ	none	0	0		Proteobacteria	Xanthomonas
NZ_CP072265_1805572..1890248	IME	84677	80	1	T4SS_MOBQ	none	0	0		Proteobacteria	Xanthomonas
NZ_CP072265_2259059..2302674	IME	43616	43	1	T4SS_MOBQ	none	0	0		Proteobacteria	Xanthomonas
NZ_CP072265_2699833..2839551	ICE	139719	130	1	T4SS_MOBH	MPF_F	1	0		Proteobacteria	Xanthomonas
NZ_CP072268_3734253..3772714	NA	38462	36	1	T4SS_MOBQ	none	0	0		Proteobacteria	Xanthomonas
NZ_CP072329_613016..690809	ICE	77794	75	1	profile_MOBT	MPF_FA	1	7		Firmicutes	Streptococcus
NZ_CP072334_1109069..1148334	NA	39266	40	1	T4SS_MOBP1,T4SS_MOBV	none	0	0		Bacteroidota	Prevotella
NZ_CP072334_2080925..2095419	IME	14495	14	1	T4SS_MOBP1	none	0	0		Bacteroidota	Prevotella
NZ_CP072335_1543798..1628543	ICE	84746	79	1	T4SS_MOBP1	none	0	0		Bacteroidota	Prevotella
NZ_CP072335_444907..503026	IME	58120	40	1	T4SS_MOBP1	none	0	0		Bacteroidota	Prevotella
NZ_CP072336_362773..375220	IME	12448	10	1	T4SS_MOBP1	none	0	0		Bacteroidota	Prevotella
NZ_CP072343_1588033..1593419	NA	5387	7	0	NA	none	0	0		Bacteroidota	Prevotella
NZ_CP072347_1091549..1262445	NA	170897	148	1	T4SS_MOBP1	none	0	0		Bacteroidota	Prevotella
NZ_CP072347_13192..180966	ICE	167775	143	1	T4SS_MOBP1	none	0	0		Bacteroidota	Prevotella
NZ_CP072357_690435..724756	NA	34322	31	1	T4SS_MOBP1	none	0	0		Bacteroidota	Prevotella
NZ_CP072358_1351962..1355747	NA	3786	4	1	T4SS_MOBP1	none	0	0		Bacteroidota	Prevotella
NZ_CP072359_446680..662351	ICE	215672	168	1	T4SS_MOBP1	none	0	0		Bacteroidota	Prevotella
NZ_CP072360_1257309..1360536	ICE	103228	95	1	T4SS_MOBP1	none	0	0		Bacteroidota	Prevotella
NZ_CP072360_1518797..1590853	IME	72057	57	1	T4SS_MOBP1,T4SS_MOBV	none	0	0		Bacteroidota	Prevotella
NZ_CP072361_1174265..1294743	NA	120479	105	1	T4SS_MOBP1	none	0	0		Bacteroidota	Prevotella
NZ_CP072361_382680..415009	NA	32330	35	1	T4SS_MOBP1,T4SS_MOBV	none	0	0		Bacteroidota	Prevotella
NZ_CP072364_27626..101559	IME	73934	74	1	T4SS_MOBP1	none	0	0		Bacteroidota	Prevotella
NZ_CP072365_207507..243789	IME	36283	29	1	T4SS_MOBP1	none	0	0		Bacteroidota	Prevotella
NZ_CP072366_908138..995602	ICE	87465	68	1	T4SS_MOBP1	none	0	0		Bacteroidota	Prevotella
NZ_CP072368_692632..767649	ICE	75018	65	1	T4SS_MOBP1	none	0	0		Bacteroidota	Prevotella
NZ_CP072370_1440244..1472183	NA	31940	30	1	T4SS_MOBP1	none	0	0		Bacteroidota	Prevotella
NZ_CP072373_1703549..1713547	NA	9999	7	1	T4SS_MOBV	none	0	0		Bacteroidota	Prevotella
NZ_CP072373_593632..756246	ICE	162615	145	1	T4SS_MOBP1,T4SS_MOBV,profile_MOBM	none	0	0		Bacteroidota	Prevotella
NZ_CP072377_225077..412969	NA	187893	181	0	NA	MPF_T	1	0		Fusobacteriota	Leptotrichia
NZ_CP072455_4277126..4359378	IME	82253	91	1	T4SS_MOBC	none	0	1		Proteobacteria	Xenorhabdus
NZ_CP072455_583529..682037	ICE	98509	89	1	T4SS_MOBH	MPF_F	1	0		Proteobacteria	Xenorhabdus
NZ_CP072463_4986243..5114580	ICE	128338	136	1	T4SS_MOBH	none	0	0		Proteobacteria	Klebsiella
NZ_CP072494_3132218..3211667	ICE	79450	74	1	T4SS_MOBC	MPF_T	1	0	Eex_IncN	Proteobacteria	Klebsiella
NZ_CP072494_3222402..3291680	ICE	69279	45	1	T4SS_MOBC	MPF_T	1	0	Eex_IncN	Proteobacteria	Klebsiella
NZ_CP072496_4683438..4719740	NA	36303	39	1	T4SS_MOBP1	none	0	0		Proteobacteria	Klebsiella
NZ_CP072496_763015..832130	ICE	69116	74	1	T4SS_MOBH	MPF_F	1	0		Proteobacteria	Klebsiella
NZ_CP072502_1147880..1212375	NA	64496	58	1	T4SS_MOBP1,profile_MOBT	none	0	1		Actinobacteriota	Bifidobacterium
NZ_CP072502_93651..116755	IME	23105	24	1	T4SS_MOBP1,profile_MOBT	none	0	0		Actinobacteriota	Bifidobacterium
NZ_CP072503_2094283..2116108	NA	21826	27	1	T4SS_MOBP1	MPF_FA	1	4		Actinobacteriota	Bifidobacterium
NZ_CP072504_1284096..1324097	IME	40002	49	1	profile_MOBF,profile_MOBT	none	0	0		Actinobacteriota	Bifidobacterium
NZ_CP072504_1509585..1569672	NA	60088	52	1	T4SS_MOBP1	none	0	0		Actinobacteriota	Bifidobacterium
NZ_CP072520_1415940..1426879	NA	10940	13	1	T4SS_MOBP1,T4SS_MOBV	none	0	0		Proteobacteria	Burkholderia
NZ_CP072522_1051749..1377923	ICE	326175	299	1	T4SS_MOBC,T4SS_MOBP1,T4SS_MOBV,profile_MOBT	MPF_T	1	0		Proteobacteria	Burkholderia
NZ_CP072548_264397..298764	NA	34368	51	0	NA	none	0	0		Proteobacteria	Aggregatibacter
NZ_CP072579_1210238..1390834	NA	180597	166	1	T4SS_MOBC,profile_MOBM	none	0	1		Firmicutes	Enterococcus_B
NZ_CP072579_2616179..2734464	ICE	118286	107	1	T4SS_MOBC,T4SS_MOBP1,profile_MOBT	MPF_FA	1	7		Firmicutes	Enterococcus_B
NZ_CP072586_1477377..1546282	ICE	68906	69	1	profile_MOBT	none	0	5		Firmicutes	Enterococcus_B
NZ_CP072586_2398848..2460497	NA	61650	50	1	T4SS_MOBH	none	0	0		Firmicutes	Enterococcus_B
NZ_CP072586_2641480..2720876	ICE	79397	80	1	T4SS_MOBP1,profile_MOBT	MPF_FA	1	7		Firmicutes	Enterococcus_B
NZ_CP072598_2004824..2059536	IME	54713	43	0	NA	none	0	0		Proteobacteria	Erwinia_B
NZ_CP072604_2232882..2251923	IME	19042	30	1	T4SS_MOBQ	none	0	0		Proteobacteria	Burkholderia
NZ_CP072608_1142374..1177524	ICE	35151	37	1	T4SS_MOBP1,profile_MOBT	MPF_T	1	0		Desulfobacterota_I	Desulfovibrio
NZ_CP072608_2028320..2040878	IME	12559	8	1	T4SS_MOBQ	none	0	0		Desulfobacterota_I	Desulfovibrio
NZ_CP072611_1735449..1747627	NA	12179	12	1	T4SS_MOBQ	none	0	0		Proteobacteria	Aureimonas
NZ_CP072611_3146080..3205581	IME	59502	55	1	T4SS_MOBQ	none	0	0		Proteobacteria	Aureimonas
NZ_CP072652_1049564..1059630	IME	10067	7	1	T4SS_MOBQ	none	0	0		Proteobacteria	Serratia
NZ_CP072652_1948076..1999767	IME	51692	73	1	T4SS_MOBP1	none	0	0		Proteobacteria	Serratia
NZ_CP072652_202730..217075	NA	14346	16	1	T4SS_MOBP1	none	0	0		Proteobacteria	Serratia
NZ_CP072652_2941594..2957169	NA	15576	16	1	T4SS_MOBP1	none	0	0		Proteobacteria	Serratia
NZ_CP072707_1150358..1217634	ICE	67277	63	1	profile_MOBT	MPF_FA	1	7		Firmicutes	Enterococcus_B
NZ_CP072707_1514887..1564395	ICE	49509	47	1	T4SS_MOBV,profile_MOBT	MPF_FA	1	7		Firmicutes	Enterococcus_B
NZ_CP072707_1997182..2023691	NA	26510	25	1	profile_MOBM,profile_MOBT	none	0	0		Firmicutes	Enterococcus_B
NZ_CP072707_2604698..2645675	NA	40978	40	0	NA	none	0	0		Firmicutes	Enterococcus_B
NZ_CP072720_1591920..1632185	NA	40266	43	1	profile_MOBT	none	0	5		Firmicutes	Enterococcus_B
NZ_CP072779_3334614..3493352	ICE	158739	151	1	T4SS_MOBH	MPF_F	1	0	EexR	Proteobacteria	Proteus
NZ_CP072784_480191..563537	ICE	83347	79	1	T4SS_MOBH	MPF_F	1	0		Proteobacteria	Escherichia
NZ_CP072793_1137820..1299409	NA	161590	164	1	T4SS_MOBH	MPF_F	1	0		Proteobacteria	Thiothrix
NZ_CP072800_1620348..1695061	NA	74714	96	1	T4SS_MOBH	MPF_F	1	1		Proteobacteria	Thiothrix
NZ_CP072800_2259035..2310930	IME	51896	54	1	T4SS_MOBH	none	0	0		Proteobacteria	Thiothrix
NZ_CP072852_1490899..1509723	NA	18825	18	1	T4SS_MOBP1,T4SS_MOBV	none	0	0		Proteobacteria	Rhodoferax
NZ_CP072916_1784323..1818027	IME	33705	36	1	T4SS_MOBV	none	0	0		Proteobacteria	Comamonas
NZ_CP072931_3787970..3806791	NA	18822	25	0	NA	none	0	0		Actinobacteriota	Streptomyces
NZ_CP072931_4345383..4360288	NA	14906	15	1	T4SS_MOBP1	none	0	0		Actinobacteriota	Streptomyces
NZ_CP072931_5022575..5027335	NA	4761	4	0	NA	none	0	0		Actinobacteriota	Streptomyces
NZ_CP072941_5020926..5034796	NA	13871	16	0	NA	none	0	0		Actinobacteriota	Streptomyces
NZ_CP072941_5350645..5373120	NA	22476	23	0	NA	none	0	0		Actinobacteriota	Streptomyces
NZ_CP072941_5389909..5403496	NA	13588	16	0	NA	none	0	0		Actinobacteriota	Streptomyces
NZ_CP072949_1848449..1911904	ICE	63456	44	1	T4SS_MOBC	MPF_T	1	0	Eex_IncN	Proteobacteria	Klebsiella
NZ_CP072953_4462527..4621214	ICE	158688	179	1	T4SS_MOBP1	MPF_T	1	0	Eex_IncN	Proteobacteria	Enterobacter
NZ_CP072961_3696077..3778747	ICE	82671	76	1	T4SS_MOBP1	none	0	1		Proteobacteria	Enterobacter
NZ_CP072980_5165450..5182835	NA	17386	25	1	T4SS_MOBH	none	0	0		Proteobacteria	Escherichia
NZ_CP072996_1879253..1938769	ICE	59517	41	1	T4SS_MOBC	MPF_T	1	0		Proteobacteria	Klebsiella
NZ_CP072996_744204..800345	NA	56142	65	1	T4SS_MOBH,profile_MOBT	MPF_F	1	0		Proteobacteria	Klebsiella
NZ_CP073011_3838616..3938355	NA	99740	111	1	profile_MOBT	MPF_FA	1	8		Firmicutes	Virgibacillus
NZ_CP073011_439215..509765	NA	70551	63	1	profile_MOBT	MPF_FA	1	8		Firmicutes	Virgibacillus
NZ_CP073012_1473523..1534565	IME	61043	57	1	T4SS_MOBV	none	0	0		Firmicutes	Staphylococcus
NZ_CP073075_5695128..5701846	NA	6719	8	0	NA	none	0	0		Actinobacteriota	Gordonia
NZ_CP073084_1303612..1329670	NA	26059	34	1	profile_MOBT	MPF_FA	1	4		Firmicutes	Streptococcus
NZ_CP073084_726098..739991	IME	13894	20	1	T4SS_MOBC	none	0	0		Firmicutes	Streptococcus
NZ_CP073089_2053846..2059535	NA	5690	6	0	NA	none	0	0		Actinobacteriota	Brevibacterium
NZ_CP073244_3103373..3321319	NA	217947	205	1	T4SS_MOBC	none	0	1		Proteobacteria	Proteus
NZ_CP073283_242624..266733	IME	24110	26	1	T4SS_MOBP1	none	0	1		Actinobacteriota	Bifidobacterium
NZ_CP073318_11537058..11543118	NA	6061	6	1	T4SS_MOBP1	none	0	0		Actinobacteriota	Kutzneria
NZ_CP073318_9245649..9251588	NA	5940	8	0	NA	none	0	0		Actinobacteriota	Kutzneria
NZ_CP073318_9376424..9392329	NA	15906	21	0	NA	none	0	0		Actinobacteriota	Kutzneria
NZ_CP073349_1133006..1172319	NA	39314	36	1	T4SS_MOBP1	none	0	0		Bacteroidota	Porphyromonas
NZ_CP073350_250872..277070	NA	26199	25	0	NA	none	0	0		Bacteroidota	Porphyromonas
NZ_CP073577_1326049..1453580	ICE	127532	125	1	profile_MOBF,profile_MOBT	MPF_F	1	0		Proteobacteria	Erythrobacter
NZ_CP073577_2577521..2598838	NA	21318	24	1	T4SS_MOBQ,T4SS_MOBV	none	0	0		Proteobacteria	Erythrobacter
NZ_CP073577_3025080..3050189	IME	25110	23	1	profile_MOBF	none	0	0		Proteobacteria	Erythrobacter
NZ_CP073587_2796125..2844485	NA	48361	52	1	profile_MOBF	none	0	0		Proteobacteria	Shewanella
NZ_CP073630_1169658..1311259	ICE	141602	123	1	T4SS_MOBH	MPF_F	1	0	EexR	Proteobacteria	Proteus
NZ_CP073630_2538689..2710030	NA	171342	151	1	T4SS_MOBC	none	0	1		Proteobacteria	Proteus
NZ_CP073631_1396108..1465761	ICE	69654	90	1	profile_MOBT	MPF_FA	1	6		Firmicutes	Massiliomicrobiota
NZ_CP073631_1887203..1906978	NA	19776	19	1	T4SS_MOBV	none	0	0		Firmicutes	Massiliomicrobiota
NZ_CP073631_267471..273588	NA	6118	6	1	T4SS_MOBV	none	0	0		Firmicutes	Massiliomicrobiota
NZ_CP073631_2706699..2758467	ICE	51769	55	1	T4SS_MOBB,profile_MOBT	MPF_FA	1	8		Firmicutes	Massiliomicrobiota
NZ_CP073631_507986..526292	NA	18307	23	1	profile_MOBT	MPF_FA	1	4		Firmicutes	Massiliomicrobiota
NZ_CP073631_782674..868229	ICE	85556	88	1	T4SS_MOBP1,T4SS_MOBV,profile_MOBT	MPF_FA	1	6		Firmicutes	Massiliomicrobiota
NZ_CP073635_1945436..2140948	NA	195513	256	1	T4SS_MOBC	none	0	0		Firmicutes	Bacillus
NZ_CP073636_1508472..1563746	ICE	55275	59	1	T4SS_MOBH	MPF_F	1	0		Proteobacteria	Pseudomonas_E
NZ_CP073713_3938680..3973218	IME	34539	28	0	NA	none	0	0		Firmicutes	Lysinibacillus
NZ_CP073752_3806493..4008841	ICE	202349	189	1	T4SS_MOBP1	MPF_FA	1	13		Firmicutes_A	Clostridioides
NZ_CP073766_5277783..5291217	IME	13435	13	1	T4SS_MOBP1	none	0	0		Bacteroidota	Chitinophaga
NZ_CP073778_741359..1018372	NA	277014	242	1	T4SS_MOBP1	none	0	1		Actinobacteriota	Streptomyces
NZ_CP073910_4107352..4300100	NA	192749	203	1	T4SS_MOBP1,T4SS_MOBQ,profile_MOBF	MPF_F	1	0		Proteobacteria	Sphingobium
NZ_CP073910_881947..1237633	NA	355687	343	1	T4SS_MOBQ,profile_MOBM	MPF_T	1	0		Proteobacteria	Sphingobium
NZ_CP073914_1689137..1931441	NA	242305	227	1	T4SS_MOBC	none	0	0		Proteobacteria	Proteus
NZ_CP074104_1774038..1809650	ICE	35613	34	1	profile_MOBT	MPF_FA	1	5		Firmicutes	Listeria
NZ_CP074111_3392719..3404387	NA	11669	14	0	NA	none	0	0		Actinobacteriota	Streptomyces
NZ_CP074111_4256574..4267266	NA	10693	15	0	NA	none	0	0		Actinobacteriota	Streptomyces
NZ_CP074111_5375039..5390659	NA	15621	18	0	NA	none	0	0		Actinobacteriota	Streptomyces
NZ_CP074132_39687..53117	AICE	13431	15	0	NA	none	0	0		Actinobacteriota	Nocardiopsis
NZ_CP074132_5083238..5101375	NA	18138	22	0	NA	none	0	0		Actinobacteriota	Nocardiopsis
NZ_CP074132_640484..650313	NA	9830	11	0	NA	none	0	0		Actinobacteriota	Nocardiopsis
NZ_CP074371_5219577..5291567	NA	71991	73	0	NA	none	0	0		Actinobacteriota	Nocardia
NZ_CP074378_2287580..2373112	ICE	85533	106	1	profile_MOBT	MPF_FA	1	7		Firmicutes	Lacticaseibacillus
NZ_CP074379_517676..596984	NA	79309	92	1	T4SS_MOBP1,T4SS_MOBP2	MPF_FA	1	3		Firmicutes	Lacticaseibacillus
NZ_CP074409_3258348..3500806	NA	242459	229	1	T4SS_MOBH,profile_MOBT	MPF_F	1	0		Proteobacteria	Pseudomonas_E
NZ_CP074410_1570364..1635579	NA	65216	67	1	T4SS_MOBH	MPF_F	1	0		Proteobacteria	Pseudomonas_E
NZ_CP074410_24989..36475	NA	11487	8	0	NA	none	0	0		Proteobacteria	Pseudomonas_E
NZ_CP074436_1728731..1743529	NA	14799	11	1	T4SS_MOBP1	none	0	0		Bacteroidota	Polaribacter
NZ_CP074437_763335..769991	NA	6657	4	1	T4SS_MOBQ	none	0	0		Proteobacteria	Klebsiella
NZ_CP074441_561326..626946	NA	65621	72	1	profile_MOBT	MPF_FA	1	4		Firmicutes	Weissella
NZ_CP074676_1463855..1571990	ICE	108136	120	1	T4SS_MOBH,profile_MOBT	MPF_F	1	0		Proteobacteria	Pseudomonas_E
NZ_CP074676_3201317..3363807	ICE	162491	140	1	T4SS_MOBP1,profile_MOBT	MPF_T	1	0	Eex_IncN	Proteobacteria	Pseudomonas_E
NZ_CP074676_3731555..3941099	ICE	209545	181	1	T4SS_MOBH,profile_MOBT	MPF_F	1	1		Proteobacteria	Pseudomonas_E
NZ_CP074693_1476025..1496286	IME	20262	19	0	NA	none	0	0		Desulfobacterota	Geobacter
NZ_CP074694_4569360..4623505	NA	54146	46	1	profile_MOBF	none	0	0		Planctomycetota	Telmatocola
NZ_CP075169_5211465..5446410	NA	234946	239	1	T4SS_MOBC	MPF_T	1	0	Eex_IncN	Proteobacteria	Acerihabitans
NZ_CP075176_2349241..2467480	ICE	118240	126	1	T4SS_MOBH	MPF_F	1	0		Proteobacteria	Pseudomonas
NZ_CP075371_3064303..3096119	IME	31817	33	1	profile_MOBF	none	0	0		Actinobacteriota	Nocardioides
NZ_CP075682_4071214..4366408	ICE	295195	271	1	T4SS_MOBP1	none	0	0		Bacteroidota	Chryseobacterium
NZ_CP075683_2003376..2115506	ICE	112131	127	1	profile_MOBT	none	0	0		Firmicutes_A	Clostridioides
NZ_CP075683_3630481..3867170	NA	236690	220	1	profile_MOBT	none	0	1		Firmicutes_A	Clostridioides
NZ_CP075872_2118896..2238653	ICE	119758	116	1	T4SS_MOBP1,T4SS_MOBP2	MPF_FA	1	3		Firmicutes	Listeria
NZ_CP075873_2368844..2404405	ICE	35562	34	1	T4SS_MOBC,profile_MOBT	MPF_FA	1	7		Firmicutes	Listeria
NZ_CP075874_2040730..2116214	ICE	75485	73	1	T4SS_MOBC,profile_MOBT	MPF_FA	1	7		Firmicutes	Listeria
NZ_CP075889_4631142..4753116	ICE	121975	90	1	T4SS_MOBP1	MPF_FA	1	6		Firmicutes	Paenibacillus_C
NZ_CP075896_3878180..3892629	NA	14450	18	0	NA	none	0	0		Actinobacteriota	Streptomyces
NZ_CP075896_4232276..4236758	NA	4483	4	0	NA	none	0	0		Actinobacteriota	Streptomyces
NZ_CP075896_4556053..4571455	NA	15403	17	0	NA	none	0	0		Actinobacteriota	Streptomyces
NZ_CP075896_5457215..5479225	NA	22011	30	0	NA	none	0	0		Actinobacteriota	Streptomyces
NZ_CP075896_5592205..5602485	NA	10281	16	0	NA	none	0	0		Actinobacteriota	Streptomyces
NZ_CP076023_1320264..1349773	NA	29510	34	1	T4SS_MOBC	none	0	0		Actinobacteriota	Cellulomonas
NZ_CP076025_94500..147688	ICE	53189	57	1	profile_MOBT	MPF_FA	1	5	DUF4467	Firmicutes	Staphylococcus
NZ_CP076026_1866178..1931398	ICE	65221	73	1	profile_MOBT	MPF_FA	1	5	DUF4467	Firmicutes	Staphylococcus
NZ_CP076029_2005914..2062217	ICE	56304	56	1	profile_MOBT	MPF_FA	1	6	DUF4467	Firmicutes	Staphylococcus
NZ_CP076103_1244716..1277683	IME	32968	38	1	T4SS_MOBQ	none	0	0		Proteobacteria	Lysobacter
NZ_CP076104_12577..91805	ICE	79229	76	1	profile_MOBF	none	0	1		Actinobacteriota	Nocardioides
NZ_CP076357_476990..520390	NA	43401	39	1	T4SS_MOBP1,T4SS_MOBQ	MPF_I	1	0		Proteobacteria	Ochrobactrum_A
NZ_CP076377_1283994..1307561	IME	23568	24	0	NA	none	0	0		Firmicutes_A	Clostridioides
NZ_CP076386_1004687..1016251	NA	11565	12	1	T4SS_MOBQ	none	0	0		Proteobacteria	Dickeya
NZ_CP076386_1597751..1685870	ICE	88120	81	1	T4SS_MOBH	MPF_F	1	0		Proteobacteria	Dickeya
NZ_CP076386_3972575..4030463	ICE	57889	59	1	T4SS_MOBC,profile_MOBT	MPF_T	1	0	Eex_IncN	Proteobacteria	Dickeya
NZ_CP076386_4258929..4331205	ICE	72277	70	1	T4SS_MOBP1,profile_MOBT	MPF_T	1	0		Proteobacteria	Dickeya
NZ_CP076457_1687598..1701818	NA	14221	18	0	NA	none	0	0		Actinobacteriota	Streptomyces
NZ_CP076457_3384064..3396144	NA	12081	16	0	NA	none	0	1		Actinobacteriota	Streptomyces
NZ_CP076457_3680480..3697337	AICE	16858	26	0	NA	none	0	0		Actinobacteriota	Streptomyces
NZ_CP076517_1189252..1258420	ICE	69169	68	1	T4SS_MOBP1,T4SS_MOBV,profile_MOBT	MPF_FA	1	13		Firmicutes	Streptococcus
NZ_CP076517_444424..460423	NA	16000	16	1	T4SS_MOBC,T4SS_MOBV	none	0	0		Firmicutes	Streptococcus
NZ_CP076538_6868208..6883295	NA	15088	20	0	NA	none	0	0		Actinobacteriota	Amycolatopsis_D
NZ_CP076538_711807..716791	NA	4985	5	0	NA	none	0	0		Actinobacteriota	Amycolatopsis_D
NZ_CP076546_1955825..2026290	IME	70466	79	1	T4SS_MOBQ,profile_MOBT	none	0	0		Proteobacteria	Luteibacter
NZ_CP076546_409018..421488	NA	12471	13	1	profile_MOBF	none	0	0		Proteobacteria	Luteibacter
NZ_CP076547_391292..403907	AICE	12616	13	0	NA	none	0	0		Actinobacteriota	Subtercola
NZ_CP076645_4311032..4328287	IME	17256	21	1	T4SS_MOBP1,T4SS_MOBQ	none	0	0		Proteobacteria	Escherichia
NZ_CP076645_792406..876478	NA	84073	79	1	T4SS_MOBH	MPF_F	1	0		Proteobacteria	Escherichia
NZ_CP076680_1054289..1072607	IME	18319	13	1	T4SS_MOBC	none	0	0		Proteobacteria	Francisella
NZ_CP076680_822039..844250	IME	22212	17	1	T4SS_MOBC	none	0	0		Proteobacteria	Francisella
NZ_CP076723_1873..182916	NA	181044	153	1	profile_MOBF,profile_MOBT	none	0	0		Desulfobacterota	Geomonas
NZ_CP076723_2901027..2911353	NA	10327	8	1	profile_MOBF	none	0	0		Desulfobacterota	Geomonas
NZ_CP076723_4596556..4614097	IME	17542	13	1	T4SS_MOBP1	none	0	0		Desulfobacterota	Geomonas
NZ_CP076823_1841590..1892950	ICE	51361	73	1	profile_MOBT	MPF_FA	1	6		Firmicutes	Staphylococcus
NZ_CP076851_3822139..3867699	NA	45561	42	0	NA	none	0	0		Actinobacteriota	Mycobacterium
NZ_CP076851_4389222..4398598	NA	9377	10	0	NA	none	0	0		Actinobacteriota	Mycobacterium
NZ_CP077209_2215445..2236725	IME	21281	20	0	NA	none	0	0		Proteobacteria	Aeromonas
NZ_CP077214_1343774..1376209	NA	32436	31	0	NA	none	0	0		Proteobacteria	Aeromonas
NZ_CP077224_1499285..1510857	NA	11573	11	1	profile_MOBT	none	0	0		Firmicutes	Streptococcus
NZ_CP077224_930315..991747	ICE	61433	63	1	profile_MOBT	MPF_FA	1	4		Firmicutes	Streptococcus
NZ_CP077248_325323..330450	NA	5128	5	1	profile_MOBT	none	0	0		Firmicutes	Streptococcus
NZ_CP077265_3255641..3325605	ICE	69965	68	1	T4SS_MOBH,profile_MOBT	MPF_F	1	0		Proteobacteria	Klebsiella
NZ_CP077378_2994960..3017891	NA	22932	20	1	T4SS_MOBH	none	0	0		Proteobacteria	Aeromonas
NZ_CP077378_3768814..3779028	NA	10215	12	1	T4SS_MOBP1	none	0	0		Proteobacteria	Aeromonas
NZ_CP077378_68489..127871	IME	59383	55	1	T4SS_MOBH	none	0	0		Proteobacteria	Aeromonas
NZ_CP077388_354009..386208	NA	32200	29	0	NA	none	0	0		Proteobacteria	Providencia
NZ_CP077388_723985..930987	ICE	207003	200	1	T4SS_MOBP1	none	0	0		Proteobacteria	Providencia
NZ_CP077395_3806620..3829116	NA	22497	23	1	T4SS_MOBH	none	0	0		Proteobacteria	Aeromonas
NZ_CP077423_1749358..1834453	ICE	85096	86	1	profile_MOBT	MPF_FA	1	7		Firmicutes	Streptococcus
NZ_CP077658_1574466..1579403	NA	4938	5	0	NA	none	0	0		Actinobacteriota	Streptomyces
NZ_CP077658_3741172..3749816	NA	8645	9	1	T4SS_MOBP1	none	0	0		Actinobacteriota	Streptomyces
NZ_CP077658_4321558..4333211	NA	11654	10	0	NA	none	0	0		Actinobacteriota	Streptomyces
NZ_CP077659_2428052..2455639	IME	27588	29	1	T4SS_MOBQ	none	0	0		Proteobacteria	Enterobacter
NZ_CP077679_954508..972057	IME	17550	20	1	T4SS_MOBQ	none	0	0		Proteobacteria	Stenotrophomonas
NZ_CP077683_2834880..2839455	NA	4576	4	0	NA	none	0	0		Desulfobacterota	Geomonas
NZ_CP077683_51683..67951	NA	16269	15	1	T4SS_MOBP1	none	0	0		Desulfobacterota	Geomonas
NZ_CP077683_811238..817795	NA	6558	9	0	NA	none	0	0		Desulfobacterota	Geomonas
NZ_CP077684_2478667..2490071	NA	11405	11	1	T4SS_MOBP1	none	0	0		Desulfobacterota	Geomonas
NZ_CP077684_3878122..3888772	NA	10651	8	1	profile_MOBF	none	0	0		Desulfobacterota	Geomonas
NZ_FO538765_2393477..2421718	IME	28242	27	1	T4SS_MOBP1	none	0	0		Proteobacteria	Magnetospira
NZ_FO704550_1045412..1120824	ICE	75413	64	1	T4SS_MOBH	MPF_F	1	0		Proteobacteria	Xenorhabdus
NZ_FO704551_1654190..1743242	NA	89053	89	1	profile_MOBT	none	0	0		Proteobacteria	Xenorhabdus
NZ_FO704551_2493386..2647892	NA	154507	171	1	T4SS_MOBC,T4SS_MOBH	MPF_F	1	0		Proteobacteria	Xenorhabdus
NZ_FO704551_2794475..2796592	NA	2118	2	1	T4SS_MOBH	none	0	0		Proteobacteria	Xenorhabdus
NZ_FO818637_1109330..1192815	ICE	83486	78	1	T4SS_MOBH,T4SS_MOBV	MPF_F	1	0		Proteobacteria	Xenorhabdus
NZ_FO818637_3602571..3709607	NA	107037	74	0	NA	MPF_F	1	0		Proteobacteria	Xenorhabdus
NZ_HF545616_1430143..1504962	NA	74820	68	1	T4SS_MOBP1	MPF_FA	1	7		Firmicutes_A	Ruminococcus_D
NZ_HF545616_176618..197944	NA	21327	20	1	T4SS_MOBP1	none	0	0		Firmicutes_A	Ruminococcus_D
NZ_HF545616_1842415..1887850	NA	45436	43	1	T4SS_MOBP1,T4SS_MOBP2,profile_MOBT	none	0	0		Firmicutes_A	Ruminococcus_D
NZ_HF545616_1999676..2036821	NA	37146	38	1	T4SS_MOBP1,T4SS_MOBP2	none	0	0		Firmicutes_A	Ruminococcus_D
NZ_HF572917_5128517..5163312	NA	34796	33	1	T4SS_MOBH	none	0	0		Proteobacteria	Escherichia
NZ_HG004426_1792480..1858789	NA	66310	67	1	T4SS_MOBP1	MPF_T	1	0		Campylobacterota	Campylobacter
NZ_HG322950_3709392..3812175	NA	102784	110	1	T4SS_MOBH	MPF_F	1	0		Proteobacteria	Pseudomonas
NZ_HG916765_1325321..1394161	NA	68841	75	1	T4SS_MOBH	MPF_F	1	0		Proteobacteria	Castellaniella
NZ_HG916765_1482188..1497898	NA	15711	20	1	T4SS_MOBP1	none	0	0		Proteobacteria	Castellaniella
NZ_HG916765_3478693..3483496	NA	4804	4	1	T4SS_MOBH,profile_MOBT	none	0	0		Proteobacteria	Castellaniella
NZ_HG916826_2014362..2117823	NA	103462	105	1	T4SS_MOBH	MPF_F	1	0		Proteobacteria	Pseudomonas_E
NZ_HG916826_3655757..3725608	ICE	69852	71	1	T4SS_MOBP1,profile_MOBT	MPF_T	1	0	Eex_IncN	Proteobacteria	Pseudomonas_E
NZ_HG916826_3913774..3995152	ICE	81379	101	1	profile_MOBF	none	0	0		Proteobacteria	Pseudomonas_E
NZ_HG917972_4248889..4257269	NA	8381	10	0	NA	none	0	0		Actinobacteriota	Mycobacterium
NZ_HG938355_2337731..2404971	ICE	67241	78	1	profile_MOBT	none	0	0		Proteobacteria	Neorhizobium
NZ_HG939456_1860106..2046547	ICE	186442	200	1	profile_MOBT	none	0	2		Firmicutes	Streptococcus
NZ_HG939456_915821..936271	ICE	20451	21	1	profile_MOBM,profile_MOBT	MPF_FA	1	8		Firmicutes	Streptococcus
NZ_HG992759_380817..395460	NA	14644	12	1	T4SS_MOBP1	none	0	0		Proteobacteria	Vibrio
NZ_HG999362_3698691..3725764	NA	27074	27	1	T4SS_MOBQ	none	0	0		Proteobacteria	Xanthomonas
NZ_HG999364_3405413..3552426	NA	147014	107	1	T4SS_MOBQ	none	0	0		Proteobacteria	Xanthomonas
NZ_LK936443_1439485..1775500	ICE	336016	238	1	T4SS_MOBC	none	0	0		Proteobacteria	Burkholderia
NZ_LN614756_3744470..4059824	ICE	315355	291	1	T4SS_MOBP1,profile_MOBT	MPF_FA	1	16		Firmicutes_A	Clostridioides
NZ_LN614830_3024433..3088225	ICE	63793	59	1	T4SS_MOBP1,T4SS_MOBQ	none	0	0		Proteobacteria	Tatlockia
NZ_LN649259_1450144..1524274	ICE	74131	74	1	T4SS_MOBQ,profile_MOBT	MPF_FA	1	7		Firmicutes	Bacillus
NZ_LN649259_3215576..3287279	ICE	71704	67	1	profile_MOBT	MPF_FA	1	7		Firmicutes	Bacillus
NZ_LN681227_3080275..3082386	NA	2112	2	1	T4SS_MOBH	none	0	0		Proteobacteria	Xenorhabdus
NZ_LN681227_3466475..3482440	NA	15966	14	1	T4SS_MOBH	none	0	0		Proteobacteria	Xenorhabdus
NZ_LN681227_597760..1090208	NA	492449	456	1	profile_MOBT	none	0	0		Proteobacteria	Xenorhabdus
NZ_LN774769_595595..624475	NA	28881	26	1	T4SS_MOBH	none	0	0		Firmicutes	Lactococcus_A
NZ_LN824140_339474..380047	NA	40574	46	0	NA	none	0	0		Actinobacteriota	Bifidobacterium
NZ_LN829119_3449564..3480006	IME	30443	24	1	T4SS_MOBP1	none	0	0		Proteobacteria	Filomicrobium
NZ_LN831027_1746105..1750423	NA	4319	4	1	T4SS_MOBQ	none	0	0		Fusobacteriota	Fusobacterium
NZ_LN831790_3929469..3965838	IME	36370	34	1	T4SS_MOBP1	none	0	0		Actinobacteriota	Streptomyces
NZ_LN831790_4046223..4053323	NA	7101	12	0	NA	none	0	0		Actinobacteriota	Streptomyces
NZ_LN831790_4059807..4074606	NA	14800	18	0	NA	none	0	0		Actinobacteriota	Streptomyces
NZ_LN831790_4765413..4771290	NA	5878	9	0	NA	none	0	0		Actinobacteriota	Streptomyces
NZ_LN847264_3660742..3761463	NA	100722	88	1	T4SS_MOBC,T4SS_MOBH	MPF_F	1	0		Proteobacteria	Pseudomonas_E
NZ_LN849456_874337..904369	NA	30033	34	1	profile_MOBF	none	0	1		Actinobacteriota	Devriesea
NZ_LN850107_1926142..1976173	IME	50032	47	0	NA	none	0	0		Actinobacteriota	Actinokineospora
NZ_LN850107_4342710..4366241	NA	23532	24	1	profile_MOBF	none	0	0		Actinobacteriota	Actinokineospora
NZ_LN850107_4499487..4559072	IME	59586	46	0	NA	none	0	0		Actinobacteriota	Actinokineospora
NZ_LN877293_2353348..2374157	IME	20810	10	1	T4SS_MOBB,T4SS_MOBP1,profile_MOBF	none	0	0		Bacteroidota	Bacteroides
NZ_LN877293_3807399..3852338	NA	44940	38	1	T4SS_MOBV	none	0	0		Bacteroidota	Bacteroides
NZ_LN879430_2398176..2429553	NA	31378	25	1	T4SS_MOBV	none	0	0		Firmicutes_A	Mobilitalea
NZ_LN879502_1792927..1815713	NA	22787	19	0	NA	none	0	0		Chlamydiota	Protochlamydia
NZ_LN879547_2209153..2630338	NA	421186	400	1	T4SS_MOBH,profile_MOBT	MPF_F	1	1		Proteobacteria	Comamonas
NZ_LN879547_873968..938228	NA	64261	63	1	T4SS_MOBH,profile_MOBT	MPF_F	1	0		Proteobacteria	Comamonas
NZ_LN890476_809382..931140	ICE	121759	135	1	T4SS_MOBH	MPF_F	1	0		Proteobacteria	Achromobacter
NZ_LN890477_2779845..2965303	ICE	185459	167	1	T4SS_MOBH,profile_MOBT	MPF_F	1	0		Proteobacteria	Achromobacter
NZ_LN890477_870451..944385	ICE	73935	83	1	T4SS_MOBH	MPF_F	1	0		Proteobacteria	Achromobacter
NZ_LN890520_3425636..3519721	NA	94086	96	1	T4SS_MOBH,profile_MOBM	MPF_F	1	0		Proteobacteria	Salmonella
NZ_LN908249_1514592..1546341	NA	31750	40	1	T4SS_MOBH	MPF_F	1	0		Proteobacteria	Actinobacillus
NZ_LN997841_973783..1053700	NA	79918	68	1	profile_MOBF	none	0	0		Actinobacteriota	Propionibacterium
NZ_LN997848_2263385..2268798	NA	5414	5	1	T4SS_MOBQ	none	0	0		Proteobacteria	Phaeospirillum
NZ_LN999987_1033661..1058596	NA	24936	21	0	NA	none	0	0		Firmicutes	Enterococcus_B
NZ_LR026983_782182..789587	NA	7406	6	1	T4SS_MOBQ	none	0	0		Firmicutes_A	MARSEILLE-P3954
NZ_LR027382_1281367..1309365	IME	27999	22	1	T4SS_MOBP1	none	0	0		Bacteroidota	Alistipes
NZ_LR027382_1578024..1597239	NA	19216	16	1	T4SS_MOBP1	none	0	0		Bacteroidota	Alistipes
NZ_LR027382_2018988..2159417	NA	140430	137	1	T4SS_MOBV	MPF_FA	1	2		Bacteroidota	Alistipes
NZ_LR027382_374545..403099	NA	28555	23	1	T4SS_MOBP1,T4SS_MOBV	none	0	0		Bacteroidota	Alistipes
NZ_LR027382_907561..932632	IME	25072	26	1	T4SS_MOBP1	none	0	0		Bacteroidota	Alistipes
NZ_LR027554_140563..154291	NA	13729	9	1	T4SS_MOBP1	none	0	0		Proteobacteria	Epibacterium
NZ_LR027557_6146964..6271145	NA	124182	134	1	T4SS_MOBH	MPF_F	1	0		Proteobacteria	Pseudomonas_E
NZ_LR027873_398717..485300	ICE	86584	92	1	profile_MOBT	MPF_FA	1	8		Firmicutes	Staphylococcus
NZ_LR027876_374004..476468	ICE	102465	116	1	profile_MOBT	MPF_FA	1	8		Firmicutes	Staphylococcus
NZ_LR027880_1529433..1683438	ICE	154006	148	1	T4SS_MOBP1,T4SS_MOBQ,profile_MOBM	none	0	3		Firmicutes_A	Roseburia
NZ_LR027880_2220348..2241596	IME	21249	21	1	T4SS_MOBP1	none	0	6		Firmicutes_A	Roseburia
NZ_LR027880_2318619..2378071	NA	59453	58	1	profile_MOBT	none	0	1		Firmicutes_A	Roseburia
NZ_LR027880_2779443..2881731	NA	102289	87	1	T4SS_MOBP1,T4SS_MOBQ	none	0	2		Firmicutes_A	Roseburia
NZ_LR027880_30745..35483	NA	4739	4	1	T4SS_MOBQ	none	0	0		Firmicutes_A	Roseburia
NZ_LR027880_3919283..3926355	NA	7073	8	1	T4SS_MOBV	none	0	0		Firmicutes_A	Roseburia
NZ_LR027880_437392..495976	NA	58585	60	1	T4SS_MOBP1	MPF_FA	1	7		Firmicutes_A	Roseburia
NZ_LR027880_4442163..4458016	NA	15854	14	1	T4SS_MOBQ	none	0	0		Firmicutes_A	Roseburia
NZ_LR027880_664193..676091	IME	11899	13	1	T4SS_MOBV	none	0	0		Firmicutes_A	Roseburia
NZ_LR027880_81955..159821	NA	77867	74	1	T4SS_MOBB,profile_MOBT	MPF_FA	1	9		Firmicutes_A	Roseburia
NZ_LR031514_918138..986407	NA	68270	67	1	profile_MOBT	none	0	0		Firmicutes	Oenococcus
NZ_LR129840_959773..1085522	NA	125750	130	1	T4SS_MOBP1,profile_MOBT	none	0	5		Firmicutes	Streptococcus
NZ_LR130238_1080307..1136618	ICE	56312	48	1	T4SS_MOBP1,profile_MOBT	MPF_FA	1	9		Firmicutes	Streptococcus
NZ_LR130240_726957..769078	NA	42122	38	1	T4SS_MOBQ	none	0	1		Firmicutes	Streptococcus
NZ_LR130528_2869656..3023445	ICE	153790	147	1	T4SS_MOBP1	MPF_T	1	0	Eex_IncN	Proteobacteria	Pseudomonas
NZ_LR130531_2433304..2540433	ICE	107130	125	1	T4SS_MOBH	MPF_F	1	0		Proteobacteria	Pseudomonas
NZ_LR130533_6152207..6600558	ICE	448352	346	1	T4SS_MOBP1,profile_MOBT	MPF_T	1	1	Eex_IncN	Proteobacteria	Pseudomonas
NZ_LR130534_2442353..2528671	ICE	86319	88	1	T4SS_MOBH	MPF_F	1	0		Proteobacteria	Pseudomonas
NZ_LR130539_109429..188608	NA	79180	77	1	T4SS_MOBP1	none	0	1		Proteobacteria	Klebsiella
NZ_LR130548_2766039..2778891	NA	12853	11	0	NA	none	0	0		Proteobacteria	Klebsiella
NZ_LR130564_1965017..2024405	ICE	59389	45	1	T4SS_MOBC	MPF_T	1	0	Eex_IncN	Proteobacteria	Escherichia
NZ_LR130778_1153499..1441047	ICE	287549	280	1	T4SS_MOBC,T4SS_MOBP1,profile_MOBT	MPF_FA	1	2		Firmicutes_A	Petrocella
NZ_LR130778_3199749..3446745	ICE	246997	235	1	T4SS_MOBP1	MPF_FA	1	7		Firmicutes_A	Petrocella
NZ_LR130779_203093..430187	ICE	227095	222	1	T4SS_MOBP1	MPF_T	1	0	Eex_IncN	Proteobacteria	Pseudomonas_E
NZ_LR130779_3345489..3353081	NA	7593	11	0	NA	none	0	0		Proteobacteria	Pseudomonas_E
NZ_LR132067_1623653..1663614	ICE	39962	32	1	profile_MOBT	MPF_FA	1	7		Firmicutes	Enterococcus_B
NZ_LR132067_1896533..1981665	ICE	85133	87	1	T4SS_MOBV	none	0	0		Firmicutes	Enterococcus_B
NZ_LR134002_1100938..1187246	NA	86309	94	1	T4SS_MOBP1	MPF_FA	1	6		Firmicutes	Streptococcus
NZ_LR134075_1083394..1124977	NA	41584	47	1	T4SS_MOBP1	none	0	0		Proteobacteria	Escherichia
NZ_LR134079_822173..922547	ICE	100375	108	1	T4SS_MOBH	MPF_F	1	0		Proteobacteria	Escherichia
NZ_LR134087_73373..134820	IME	61448	63	1	T4SS_MOBP1,T4SS_MOBV,profile_MOBT	none	0	1		Firmicutes	Staphylococcus
NZ_LR134091_377117..439933	ICE	62817	68	1	profile_MOBT	MPF_FA	1	6	DUF4467	Firmicutes	Staphylococcus
NZ_LR134094_420143..566416	ICE	146274	181	1	T4SS_MOBP1	MPF_FA	1	8		Firmicutes	Streptococcus
NZ_LR134116_1114496..1153355	IME	38860	39	1	T4SS_MOBQ	none	0	0		Proteobacteria	Yersinia
NZ_LR134116_1425535..1451983	NA	26449	31	1	T4SS_MOBP1	none	0	0		Proteobacteria	Yersinia
NZ_LR134117_28996..266260	ICE	237265	276	1	profile_MOBF,profile_MOBT	MPF_F	1	0		Proteobacteria	Serratia_F
NZ_LR134152_1113685..1168518	IME	54834	55	1	T4SS_MOBP1	none	0	0		Proteobacteria	Escherichia
NZ_LR134152_2177494..2509689	ICE	332196	322	1	profile_MOBT	none	0	2		Proteobacteria	Escherichia
NZ_LR134164_536677..597914	ICE	61238	62	1	T4SS_MOBH,profile_MOBT	MPF_F	1	0		Proteobacteria	Enterobacter
NZ_LR134171_592247..647228	ICE	54982	69	1	T4SS_MOBH	MPF_F	1	0		Proteobacteria	Haemophilus
NZ_LR134173_395338..556481	NA	161144	144	1	T4SS_MOBP1	MPF_T	1	0		Proteobacteria	Legionella
NZ_LR134189_3031838..3070129	NA	38292	44	0	NA	none	0	1		Proteobacteria	Providencia
NZ_LR134195_775895..784031	IME	8137	7	1	T4SS_MOBQ	none	0	0		Proteobacteria	Klebsiella
NZ_LR134203_359494..370815	NA	11322	16	0	NA	none	0	0		Firmicutes	Streptococcus
NZ_LR134203_495277..575484	NA	80208	96	1	profile_MOBT	none	0	1		Firmicutes	Streptococcus
NZ_LR134203_90829..165679	ICE	74851	76	1	profile_MOBT	MPF_FA	1	7		Firmicutes	Streptococcus
NZ_LR134227_1086205..1105302	IME	19098	16	1	T4SS_MOBP1	none	0	0		Proteobacteria	Escherichia
NZ_LR134234_1972283..2022987	NA	50705	56	1	T4SS_MOBP1	none	0	0		Proteobacteria	Escherichia
NZ_LR134234_2311308..2392752	NA	81445	93	1	T4SS_MOBH	MPF_F	1	0		Proteobacteria	Escherichia
NZ_LR134235_4425411..4497859	ICE	72449	54	1	T4SS_MOBC	MPF_T	1	0	Eex_IncN	Proteobacteria	Klebsiella
NZ_LR134239_1106322..1150949	NA	44628	48	1	T4SS_MOBP1	none	0	0		Proteobacteria	Escherichia
NZ_LR134265_1101641..1141088	NA	39448	42	1	T4SS_MOBP1	none	0	0		Firmicutes	Streptococcus
NZ_LR134265_497667..567565	ICE	69899	68	1	profile_MOBT	none	0	2		Firmicutes	Streptococcus
NZ_LR134266_256837..259155	NA	2319	3	0	NA	none	0	0		Firmicutes	Streptococcus
NZ_LR134270_441712..525817	ICE	84106	80	1	T4SS_MOBH	MPF_F	1	0		Proteobacteria	Escherichia
NZ_LR134274_103046..139398	ICE	36353	37	1	T4SS_MOBC,profile_MOBT	MPF_FA	1	4		Firmicutes	Streptococcus
NZ_LR134274_69310..72286	NA	2977	4	1	profile_MOBT	none	0	0		Firmicutes	Streptococcus
NZ_LR134275_1873983..1876301	NA	2319	3	0	NA	none	0	0		Firmicutes	Streptococcus
NZ_LR134280_4746692..4801282	NA	54591	61	1	T4SS_MOBH,profile_MOBT	MPF_F	1	0		Proteobacteria	Klebsiella
NZ_LR134283_1342340..1354014	IME	11675	13	0	NA	none	0	0		Firmicutes	Streptococcus
NZ_LR134283_265676..303244	NA	37569	38	1	T4SS_MOBQ	none	0	1		Firmicutes	Streptococcus
NZ_LR134283_55952..129689	NA	73738	73	1	T4SS_MOBP1,profile_MOBT	MPF_FA	1	7		Firmicutes	Streptococcus
NZ_LR134285_571240..574216	NA	2977	4	1	profile_MOBT	none	0	0		Firmicutes	Streptococcus
NZ_LR134288_1073105..1162569	ICE	89465	79	1	T4SS_MOBP1	MPF_FA	1	10		Firmicutes	Streptococcus
NZ_LR134288_1460421..1546772	NA	86352	95	1	profile_MOBT	MPF_FA	1	5		Firmicutes	Streptococcus
NZ_LR134289_1407134..1470986	ICE	63853	65	1	T4SS_MOBP1,profile_MOBT	none	0	1		Bacteroidota	Chryseobacterium
NZ_LR134289_2139159..2550234	ICE	411076	399	1	T4SS_MOBP1	MPF_T	1	1		Bacteroidota	Chryseobacterium
NZ_LR134289_4412319..4431324	NA	19006	19	1	T4SS_MOBP1	none	0	0		Bacteroidota	Chryseobacterium
NZ_LR134289_5264555..5284020	NA	19466	21	1	T4SS_MOBP1	none	0	0		Bacteroidota	Chryseobacterium
NZ_LR134294_470175..592032	NA	121858	124	1	T4SS_MOBP1,profile_MOBT	none	0	0		Firmicutes	Streptococcus
NZ_LR134300_1175808..1272762	ICE	96955	102	1	T4SS_MOBH	MPF_F	1	0		Proteobacteria	Pseudomonas
NZ_LR134300_3471634..3610133	ICE	138500	149	1	T4SS_MOBH	MPF_F	1	0		Proteobacteria	Pseudomonas
NZ_LR134301_2579062..2587835	NA	8774	10	1	T4SS_MOBQ	none	0	0		Proteobacteria	Stenotrophomonas
NZ_LR134302_2024341..2103608	NA	79268	80	1	T4SS_MOBH	none	0	0		Proteobacteria	Achromobacter
NZ_LR134303_3260949..3498649	ICE	237701	206	1	T4SS_MOBH	MPF_F	1	0	EexR	Proteobacteria	Shewanella
NZ_LR134303_4604511..4677420	IME	72910	61	1	T4SS_MOBH	none	0	0		Proteobacteria	Shewanella
NZ_LR134306_3466541..3498778	IME	32238	30	1	T4SS_MOBQ,profile_MOBT	none	0	0		Proteobacteria	Yersinia
NZ_LR134308_6711780..6747961	NA	36182	43	1	T4SS_MOBH	MPF_F	1	0		Proteobacteria	Pseudomonas
NZ_LR134308_718512..821839	ICE	103328	136	1	T4SS_MOBH	MPF_F	1	0		Proteobacteria	Pseudomonas
NZ_LR134309_3892230..4093151	ICE	200922	197	1	T4SS_MOBP1	MPF_T	1	0	Eex_IncN	Proteobacteria	Pseudomonas
NZ_LR134309_5017571..5153034	ICE	135464	147	1	T4SS_MOBH,profile_MOBT	MPF_F	1	0		Proteobacteria	Pseudomonas
NZ_LR134311_1929602..1953308	NA	23707	28	1	T4SS_MOBQ	none	0	0		Proteobacteria	Escherichia
NZ_LR134312_1876692..1930704	NA	54013	56	1	profile_MOBT	MPF_FA	1	7		Firmicutes	Enterococcus
NZ_LR134316_1563420..1611895	NA	48476	45	1	T4SS_MOBP1	MPF_FA	1	9		Firmicutes	Streptococcus
NZ_LR134316_697685..723606	NA	25922	23	1	profile_MOBT	none	0	0		Firmicutes	Streptococcus
NZ_LR134317_1107171..1229079	ICE	121909	116	1	T4SS_MOBC,T4SS_MOBP1,T4SS_MOBQ,profile_MOBT	MPF_FA	1	11		Firmicutes	Streptococcus
NZ_LR134317_33430..75885	NA	42456	44	1	T4SS_MOBP1	MPF_FA	1	5		Firmicutes	Streptococcus
NZ_LR134318_2782436..2785491	NA	3056	3	1	T4SS_MOBP1	none	0	0		Proteobacteria	Pseudomonas_E
NZ_LR134318_4460488..4474268	IME	13781	8	1	T4SS_MOBP1,T4SS_MOBV	none	0	0		Proteobacteria	Pseudomonas_E
NZ_LR134321_1283112..1314007	IME	30896	24	1	T4SS_MOBC	none	0	0		Proteobacteria	Shewanella
NZ_LR134323_613033..688303	NA	75271	75	0	NA	none	0	0		Firmicutes	Streptococcus
NZ_LR134323_767649..808567	NA	40919	33	1	T4SS_MOBP1,T4SS_MOBP2	MPF_FA	1	2		Firmicutes	Streptococcus
NZ_LR134330_1566494..1706423	ICE	139930	128	1	T4SS_MOBP1	MPF_T	1	0	Eex_IncN	Proteobacteria	Pseudomonas
NZ_LR134330_4216815..4300786	ICE	83972	97	1	T4SS_MOBH	MPF_F	1	0		Proteobacteria	Pseudomonas
NZ_LR134333_1645689..1667748	NA	22060	21	1	T4SS_MOBP1	none	0	0		Proteobacteria	Klebsiella
NZ_LR134333_5673361..5722057	ICE	48697	59	1	T4SS_MOBH	MPF_F	1	0		Proteobacteria	Klebsiella
NZ_LR134341_40951..100059	NA	59109	61	1	T4SS_MOBP1	none	0	5		Firmicutes	Streptococcus
NZ_LR134341_579516..622376	ICE	42861	36	1	profile_MOBT	MPF_FA	1	14		Firmicutes	Streptococcus
NZ_LR134344_1575456..1620563	AICE	45108	61	0	NA	none	0	0		Actinobacteriota	Bifidobacterium
NZ_LR134346_1176229..1220356	ICE	44128	56	1	T4SS_MOBP1,T4SS_MOBV	MPF_T	1	0		Proteobacteria	Taylorella
NZ_LR134349_1610978..1668220	NA	57243	54	0	NA	none	0	0		Actinobacteriota	Bifidobacterium
NZ_LR134349_80072..98214	NA	18143	15	1	T4SS_MOBP1	none	0	0		Actinobacteriota	Bifidobacterium
NZ_LR134350_2914018..2937353	NA	23336	25	1	T4SS_MOBP1	none	0	1		Actinobacteriota	Actinomyces
NZ_LR134351_916449..1067630	NA	151182	148	1	profile_MOBM,profile_MOBT	MPF_FA	1	6	DUF4467	Firmicutes	Staphylococcus
NZ_LR134357_1811982..1843994	NA	32013	36	1	T4SS_MOBP1	none	0	1		Actinobacteriota	Actinomyces
NZ_LR134374_1765447..1827296	ICE	61850	58	1	T4SS_MOBP1,T4SS_MOBQ	MPF_T	1	0		Proteobacteria	Legionella_C
NZ_LR134374_262556..296903	NA	34348	42	1	T4SS_MOBP1	MPF_T	1	0		Proteobacteria	Legionella_C
NZ_LR134376_2257062..2290492	IME	33431	40	0	NA	none	0	0		Proteobacteria	Aeromonas
NZ_LR134383_511621..562743	NA	51123	66	1	T4SS_MOBP1	MPF_T	1	0		Proteobacteria	Tatlockia
NZ_LR134384_1294631..1421652	ICE	127022	108	1	T4SS_MOBP1	none	0	0		Bacteroidota	Prevotella
NZ_LR134384_1447446..1496265	NA	48820	44	1	T4SS_MOBP1	none	0	0		Bacteroidota	Prevotella
NZ_LR134384_2452097..2479804	NA	27708	23	1	T4SS_MOBP1	none	0	0		Bacteroidota	Prevotella
NZ_LR134384_2489691..2504668	NA	14978	18	1	T4SS_MOBP1	none	0	0		Bacteroidota	Prevotella
NZ_LR134386_3775750..4016715	ICE	240966	217	1	T4SS_MOBP1	none	0	0		Bacteroidota	Chryseobacterium
NZ_LR134387_3516288..3531452	NA	15165	12	1	T4SS_MOBQ,profile_MOBF	none	0	0		Actinobacteriota	Cellulomonas
NZ_LR134388_3325979..3396208	ICE	70230	69	1	T4SS_MOBP1,profile_MOBT	MPF_T	1	0		Proteobacteria	Legionella
NZ_LR134472_586032..637940	IME	51909	54	1	T4SS_MOBC,T4SS_MOBQ	none	0	0		Firmicutes_A	Parvimonas
NZ_LR134472_731263..859549	NA	128287	110	1	T4SS_MOBP1,T4SS_MOBQ	MPF_FA	1	12		Firmicutes_A	Parvimonas
NZ_LR134474_2394443..2470431	NA	75989	72	0	NA	none	0	0		Firmicutes	Kurthia
NZ_LR134475_4596472..4615865	NA	19394	22	1	T4SS_MOBP1	none	0	0		Proteobacteria	Klebsiella
NZ_LR134477_3171227..3207103	NA	35877	39	1	T4SS_MOBP1	none	0	1		Actinobacteriota	Actinomyces
NZ_LR134482_3125692..3138711	IME	13020	19	0	NA	none	0	0		Proteobacteria	Pseudomonas_A
NZ_LR134482_834350..841231	NA	6882	10	0	NA	none	0	0		Proteobacteria	Pseudomonas_A
NZ_LR134482_964850..975801	NA	10952	17	0	NA	none	0	0		Proteobacteria	Pseudomonas_A
NZ_LR134483_2277910..2285789	NA	7880	11	1	profile_MOBT	none	0	1		Firmicutes	Listeria
NZ_LR134485_3089685..3115321	NA	25637	31	1	T4SS_MOBQ	none	0	0		Proteobacteria	Citrobacter
NZ_LR134485_980061..986839	NA	6779	8	1	T4SS_MOBP1	none	0	0		Proteobacteria	Citrobacter
NZ_LR134495_1560548..1627007	NA	66460	75	1	T4SS_MOBH	MPF_F	1	0		Proteobacteria	Mannheimia
NZ_LR134506_2002173..2035364	NA	33192	38	1	T4SS_MOBP1	none	0	0		Bacteroidota	Porphyromonas_A
NZ_LR134510_873176..919390	NA	46215	55	1	T4SS_MOBH	MPF_F	1	0		Proteobacteria	Actinobacillus_C
NZ_LR134512_230011..238878	NA	8868	13	1	T4SS_MOBV	none	0	0		Firmicutes	Streptococcus
NZ_LR134520_1870689..1888046	NA	17358	26	1	T4SS_MOBV	none	0	0		Firmicutes	Streptococcus
NZ_LR134520_73732..110643	NA	36912	43	0	NA	none	0	0		Firmicutes	Streptococcus
NZ_LR134524_1535000..1567787	NA	32788	28	1	T4SS_MOBP1	none	0	0		Firmicutes_A	Peptoniphilus_A
NZ_LR134524_68037..97749	ICE	29713	27	1	profile_MOBT	MPF_FA	1	7		Firmicutes_A	Peptoniphilus_A
NZ_LR135169_1981152..2035148	NA	53997	59	1	T4SS_MOBV	none	0	0		Firmicutes	Enterococcus_B
NZ_LR135170_2030501..2090132	NA	59632	62	0	NA	none	0	0		Firmicutes	Enterococcus_B
NZ_LR135174_1261625..1290220	NA	28596	28	0	NA	none	0	0		Firmicutes	Enterococcus_B
NZ_LR135174_1597876..1641369	NA	43494	36	0	NA	none	0	0		Firmicutes	Enterococcus_B
NZ_LR135174_1760617..1819982	NA	59366	62	1	profile_MOBT	MPF_FA	1	9		Firmicutes	Enterococcus_B
NZ_LR135181_1552200..1577135	NA	24936	21	0	NA	none	0	0		Firmicutes	Enterococcus_B
NZ_LR135191_1232385..1273378	NA	40994	48	1	T4SS_MOBB,profile_MOBT	MPF_FA	1	9		Firmicutes	Enterococcus_B
NZ_LR135191_1667802..1810239	NA	142438	147	1	T4SS_MOBB,profile_MOBT	MPF_FA	1	8		Firmicutes	Enterococcus_B
NZ_LR135191_2485075..2542697	ICE	57623	45	1	profile_MOBT	MPF_FA	1	7		Firmicutes	Enterococcus_B
NZ_LR135197_257822..337971	ICE	80150	65	1	T4SS_MOBV,profile_MOBT	MPF_FA	1	7		Firmicutes	Enterococcus_B
NZ_LR135197_693314..747627	NA	54314	60	1	T4SS_MOBP1	none	0	1		Firmicutes	Enterococcus_B
NZ_LR135203_2722689..2731516	NA	8828	11	1	T4SS_MOBP1	none	0	0		Firmicutes	Enterococcus_B
NZ_LR135203_591099..606116	NA	15018	16	1	T4SS_MOBP1	none	0	0		Firmicutes	Enterococcus_B
NZ_LR135226_1631275..1656210	NA	24936	21	0	NA	none	0	0		Firmicutes	Enterococcus_B
NZ_LR135226_589261..604566	NA	15306	16	1	T4SS_MOBP1	none	0	0		Firmicutes	Enterococcus_B
NZ_LR135243_28998..108948	ICE	79951	96	1	profile_MOBT	MPF_FA	1	8		Firmicutes	Enterococcus_B
NZ_LR135254_2359704..2410150	NA	50447	42	1	T4SS_MOBH	none	0	0		Firmicutes	Enterococcus_B
NZ_LR135258_1972004..2051468	NA	79465	78	1	T4SS_MOBB,profile_MOBT	MPF_FA	1	9		Firmicutes	Enterococcus_B
NZ_LR135287_1550203..1552816	NA	2614	3	1	profile_MOBT	none	0	0		Firmicutes	Enterococcus_B
NZ_LR135287_1682654..1707588	NA	24935	21	0	NA	none	0	0		Firmicutes	Enterococcus_B
NZ_LR135293_1389451..1402561	IME	13111	15	1	T4SS_MOBP1,profile_MOBT	none	0	0		Firmicutes	Enterococcus_B
NZ_LR135293_1594194..1619129	NA	24936	21	0	NA	none	0	0		Firmicutes	Enterococcus_B
NZ_LR135297_2752467..2857245	ICE	104779	99	1	T4SS_MOBP1,T4SS_MOBQ,profile_MOBT	MPF_FA	1	7		Firmicutes	Enterococcus_B
NZ_LR135307_1506373..1552676	IME	46304	52	1	profile_MOBT	none	0	1		Firmicutes	Enterococcus_B
NZ_LR135307_1751855..1776284	NA	24430	20	0	NA	none	0	0		Firmicutes	Enterococcus_B
NZ_LR135307_1923908..1984599	NA	60692	68	1	profile_MOBT	none	0	10		Firmicutes	Enterococcus_B
NZ_LR135307_30736..166599	ICE	135864	140	1	profile_MOBT	none	0	8		Firmicutes	Enterococcus_B
NZ_LR135324_1625013..1668505	NA	43493	36	0	NA	none	0	0		Firmicutes	Enterococcus_B
NZ_LR135324_2655816..2719268	ICE	63453	57	1	profile_MOBT	MPF_FA	1	7		Firmicutes	Enterococcus_B
NZ_LR135324_507451..620979	ICE	113529	106	1	T4SS_MOBP1,profile_MOBT	MPF_FA	1	10		Firmicutes	Enterococcus_B
NZ_LR135331_580470..684240	ICE	103771	99	1	T4SS_MOBP1,T4SS_MOBQ,profile_MOBT	MPF_FA	1	7		Firmicutes	Enterococcus_B
NZ_LR135339_640394..654569	IME	14176	16	1	T4SS_MOBP1	none	0	0		Firmicutes	Enterococcus_B
NZ_LR135339_903259..918453	NA	15195	17	1	profile_MOBT	none	0	0		Firmicutes	Enterococcus_B
NZ_LR135344_2834069..2942272	ICE	108204	102	1	T4SS_MOBP1,T4SS_MOBQ,profile_MOBT	MPF_FA	1	7		Firmicutes	Enterococcus_B
NZ_LR135344_693802..724075	NA	30274	31	1	profile_MOBM,profile_MOBT	none	0	0		Firmicutes	Enterococcus_B
NZ_LR135351_1084456..1158530	ICE	74075	83	1	profile_MOBT	none	0	8		Firmicutes	Enterococcus_B
NZ_LR135351_1238410..1311165	ICE	72756	67	1	profile_MOBT	none	0	0		Firmicutes	Enterococcus_B
NZ_LR135351_1478566..1523155	IME	44590	48	1	profile_MOBT	none	0	1		Firmicutes	Enterococcus_B
NZ_LR135351_2725084..2792572	ICE	67489	60	1	profile_MOBT	MPF_FA	1	7		Firmicutes	Enterococcus_B
NZ_LR135357_2230679..2252777	IME	22099	18	1	T4SS_MOBV	none	0	3		Firmicutes	Enterococcus_B
NZ_LR135357_2478297..2573562	ICE	95266	105	1	T4SS_MOBC,T4SS_MOBP1	none	0	0		Firmicutes	Enterococcus_B
NZ_LR135364_1605335..1630269	NA	24935	21	0	NA	none	0	0		Firmicutes	Enterococcus_B
NZ_LR135364_2653233..2761435	ICE	108203	102	1	T4SS_MOBP1,T4SS_MOBQ,profile_MOBT	MPF_FA	1	7		Firmicutes	Enterococcus_B
NZ_LR135372_227063..302541	ICE	75479	74	1	T4SS_MOBV,profile_MOBT	MPF_FA	1	7		Firmicutes	Enterococcus_B
NZ_LR135384_1625681..1650615	NA	24935	21	0	NA	none	0	0		Firmicutes	Enterococcus_B
NZ_LR135394_1417115..1464637	IME	47523	51	1	profile_MOBT	none	0	1		Firmicutes	Enterococcus_B
NZ_LR135394_1467769..1550380	ICE	82612	90	1	profile_MOBT	none	0	6		Firmicutes	Enterococcus_B
NZ_LR135394_1620347..1666780	NA	46434	39	0	NA	none	0	0		Firmicutes	Enterococcus_B
NZ_LR135394_1830766..1891622	NA	60857	64	1	profile_MOBT	MPF_FA	1	9		Firmicutes	Enterococcus_B
NZ_LR135394_2760657..2822751	ICE	62095	56	1	profile_MOBT	MPF_FA	1	7		Firmicutes	Enterococcus_B
NZ_LR135394_827635..910504	NA	82870	79	1	profile_MOBT	none	0	0		Firmicutes	Enterococcus_B
NZ_LR135435_719163..789839	NA	70677	70	1	T4SS_MOBB,profile_MOBT	MPF_FA	1	9		Firmicutes	Enterococcus_B
NZ_LR135482_1535857..1560778	NA	24922	21	0	NA	none	0	0		Firmicutes	Enterococcus_B
NZ_LR135488_1705384..1730317	NA	24934	21	0	NA	none	0	0		Firmicutes	Enterococcus_B
NZ_LR135488_2846344..2932094	ICE	85751	85	1	T4SS_MOBP1,profile_MOBT	MPF_FA	1	7		Firmicutes	Enterococcus_B
NZ_LR135782_1031421..1144968	NA	113548	124	1	T4SS_MOBC	none	0	0		Firmicutes	Enterococcus_B
NZ_LR135782_1643414..1704733	NA	61320	60	0	NA	none	0	0		Firmicutes	Enterococcus_B
NZ_LR136958_2889166..2910553	IME	21388	17	1	T4SS_MOBC	none	0	0		Proteobacteria	Alteromonas
NZ_LR214951_681089..721520	NA	40432	36	1	T4SS_MOBP1	none	0	0		Firmicutes	Mesomycoplasma
NZ_LR215048_1536243..1581010	NA	44768	12	0	NA	none	0	0		Firmicutes	Acholeplasma_A
NZ_LR215050_785431..799206	NA	13776	21	1	profile_MOBT	none	0	0		Firmicutes	Acholeplasma
NZ_LR215967_1383051..1564531	ICE	181481	152	1	T4SS_MOBP1	none	0	0		Bacteroidota	Chryseobacterium
NZ_LR215967_4359359..4415754	NA	56396	54	1	T4SS_MOBP1	none	0	0		Bacteroidota	Chryseobacterium
NZ_LR215967_4543987..4662891	ICE	118905	115	1	T4SS_MOBP1	MPF_T	1	1		Bacteroidota	Chryseobacterium
NZ_LR215973_3773626..3799505	NA	25880	25	1	profile_MOBF	none	0	0		Actinobacteriota	Nocardia
NZ_LR215974_2254857..2413318	NA	158462	158	1	T4SS_MOBP1	none	0	1		Bacteroidota	Chryseobacterium
NZ_LR215974_3137917..3276410	ICE	138494	135	1	T4SS_MOBP1,T4SS_MOBQ	none	0	1		Bacteroidota	Chryseobacterium
NZ_LR215978_2372851..2384801	NA	11951	16	1	T4SS_MOBP1	none	0	0		Bacteroidota	Parabacteroides
NZ_LR215978_2663526..2784981	NA	121456	125	1	T4SS_MOBP1	none	0	0		Bacteroidota	Parabacteroides
NZ_LR215978_3897234..3970732	IME	73499	68	0	NA	none	0	0		Bacteroidota	Parabacteroides
NZ_LR215978_4664751..4767660	NA	102910	102	1	T4SS_MOBP1	none	0	0		Bacteroidota	Parabacteroides
NZ_LR215978_4772650..4789324	NA	16675	14	0	NA	none	0	0		Bacteroidota	Parabacteroides
NZ_LR215978_5122255..5131901	NA	9647	13	1	T4SS_MOBB,T4SS_MOBP1	none	0	0		Bacteroidota	Parabacteroides
NZ_LR215980_1838273..1885332	NA	47060	27	1	T4SS_MOBV	none	0	0		Bacteroidota	Paraprevotella
NZ_LR215980_3103791..3124066	NA	20276	16	1	T4SS_MOBP1	none	0	0		Bacteroidota	Paraprevotella
NZ_LR215981_2643434..2874132	NA	230699	221	1	T4SS_MOBP1,T4SS_MOBV,profile_MOBT	none	0	1		Firmicutes_A	Ruthenibacterium
NZ_LR215981_3006041..3058817	NA	52777	54	0	NA	none	0	0		Firmicutes_A	Ruthenibacterium
NZ_LR215981_464622..475571	NA	10950	13	1	T4SS_MOBV	none	0	0		Firmicutes_A	Ruthenibacterium
NZ_LR215981_53136..63443	NA	10308	11	1	T4SS_MOBV	none	0	0		Firmicutes_A	Ruthenibacterium
NZ_LR215983_1507234..1570986	NA	63753	64	0	NA	none	0	0		Firmicutes_A	Eubacterium
NZ_LR215983_1705889..1819005	NA	113117	116	1	T4SS_MOBP1	none	0	1		Firmicutes_A	Eubacterium
NZ_LR215983_4385541..4405670	IME	20130	14	1	T4SS_MOBQ,profile_MOBM	none	0	0		Firmicutes_A	Eubacterium
NZ_LR216050_882252..926102	ICE	43851	45	1	profile_MOBT	MPF_FA	1	14		Firmicutes	Streptococcus
NZ_LR216060_1267486..1350939	ICE	83454	87	1	profile_MOBT	MPF_FA	1	20		Firmicutes	Streptococcus
NZ_LR216060_959060..1093983	ICE	134924	142	1	T4SS_MOBP1,profile_MOBT	none	0	0		Firmicutes	Streptococcus
NZ_LR217818_4405516..4419048	NA	13533	10	1	T4SS_MOBH	none	0	0		Proteobacteria	Escherichia
NZ_LR535679_1596438..1619373	NA	22936	16	1	T4SS_MOBP1	none	0	0		Campylobacterota	Campylobacter_A
NZ_LR535679_989169..1017740	NA	28572	31	1	T4SS_MOBP1	none	0	0		Campylobacterota	Campylobacter_A
NZ_LR536430_4924624..4972982	NA	48359	49	1	T4SS_MOBC	none	0	0		Proteobacteria	Escherichia
NZ_LR536431_1272008..1292010	IME	20003	23	1	T4SS_MOBP1	none	0	0		Proteobacteria	Escherichia
NZ_LR536431_1966829..1998451	IME	31623	35	1	T4SS_MOBP2,T4SS_MOBQ	none	0	0		Proteobacteria	Escherichia
NZ_LR536431_2349128..2644866	ICE	295739	298	1	T4SS_MOBH	none	0	1		Proteobacteria	Escherichia
NZ_LR536450_2970822..3088094	ICE	117273	126	1	T4SS_MOBP1,profile_MOBT	MPF_T	1	0		Proteobacteria	Methylocella
NZ_LR590082_4002051..4134981	ICE	132931	150	1	T4SS_MOBH	MPF_F	1	0		Proteobacteria	Salmonella
NZ_LR590469_2498372..2527367	IME	28996	28	1	T4SS_MOBH	none	0	0		Proteobacteria	Yersinia
NZ_LR590470_1037455..1086818	NA	49364	61	1	T4SS_MOBP1	none	0	0		Bacteroidota	Sphingobacterium
NZ_LR590470_1430246..1479720	IME	49475	56	1	T4SS_MOBP1,T4SS_MOBV,profile_MOBT	none	0	0		Bacteroidota	Sphingobacterium
NZ_LR590470_1915009..1936608	IME	21600	19	1	T4SS_MOBB	none	0	0		Bacteroidota	Sphingobacterium
NZ_LR590482_929431..979119	NA	49689	55	1	T4SS_MOBH	MPF_F	1	0		Proteobacteria	Pseudomonas_E
NZ_LR590484_3793119..3943768	ICE	150650	145	1	T4SS_MOBC,T4SS_MOBP1,profile_MOBT	none	0	0		Bacteroidota	Sphingobacterium
NZ_LR590484_4426986..4654111	NA	227126	194	1	T4SS_MOBP1	none	0	0		Bacteroidota	Sphingobacterium
NZ_LR590625_1803075..1862132	NA	59058	53	1	T4SS_MOBH	MPF_FA	1	2		Firmicutes	Streptococcus
NZ_LR590625_816050..882740	ICE	66691	64	1	T4SS_MOBP1	MPF_FA	1	13		Firmicutes	Streptococcus
NZ_LR593886_3082749..3127637	NA	44889	48	1	profile_MOBF	none	0	0		Planctomycetota	Gemmata
NZ_LR594034_272607..290927	NA	18321	24	1	T4SS_MOBP1,profile_MOBT	none	0	0		Firmicutes	Streptococcus
NZ_LR594037_1004536..1069342	NA	64807	72	1	profile_MOBT	none	0	5		Firmicutes	Streptococcus
NZ_LR594037_1437060..1544213	NA	107154	124	1	T4SS_MOBV,profile_MOBT	MPF_FA	1	6		Firmicutes	Streptococcus
NZ_LR594038_1284198..1288274	NA	4077	3	1	T4SS_MOBP1	none	0	0		Proteobacteria	Klebsiella
NZ_LR594044_10615..93394	NA	82780	91	1	T4SS_MOBC,profile_MOBT	none	0	1		Firmicutes	Streptococcus
NZ_LR594044_332832..394431	NA	61600	61	0	NA	none	0	0		Firmicutes	Streptococcus
NZ_LR594045_1885107..1966827	NA	81721	80	1	T4SS_MOBH	none	0	0		Firmicutes	Streptococcus
NZ_LR594045_217353..243267	NA	25915	34	1	T4SS_MOBV	none	0	0		Firmicutes	Streptococcus
NZ_LR594045_899159..963460	ICE	64302	63	1	T4SS_MOBP1	MPF_FA	1	14		Firmicutes	Streptococcus
NZ_LR594047_2175572..2189164	NA	13593	17	1	T4SS_MOBC	none	0	0		Firmicutes	Streptococcus
NZ_LR594047_491726..529877	NA	38152	39	1	T4SS_MOBP1	MPF_FA	1	8		Firmicutes	Streptococcus
NZ_LR594048_1344767..1411151	ICE	66385	56	1	T4SS_MOBP1,T4SS_MOBQ,profile_MOBM	MPF_FA	1	9		Firmicutes	Streptococcus
NZ_LR594050_664292..722784	ICE	58493	55	1	T4SS_MOBP1,profile_MOBT	MPF_FA	1	7		Firmicutes	Streptococcus
NZ_LR594659_4183590..4308971	ICE	125382	108	1	T4SS_MOBP1	MPF_T	1	0	Eex_IncN	Proteobacteria	Variovorax
NZ_LR594662_1746625..1769713	IME	23089	21	0	NA	none	0	0		Proteobacteria	Variovorax
NZ_LR594666_4966849..5120162	ICE	153314	146	1	T4SS_MOBP1,profile_MOBT	MPF_T	1	0	Eex_IncN	Proteobacteria	Variovorax
NZ_LR594671_4957328..5026798	ICE	69471	71	1	T4SS_MOBP1,profile_MOBT	MPF_T	1	0		Proteobacteria	Variovorax
NZ_LR594689_1897058..2026545	NA	129488	135	1	T4SS_MOBP1	MPF_T	1	0	Eex_IncN	Proteobacteria	Variovorax
NZ_LR594689_2162859..2248142	NA	85284	89	1	T4SS_MOBP1	none	0	1		Proteobacteria	Variovorax
NZ_LR594689_2461315..2516228	NA	54914	58	1	T4SS_MOBP1	MPF_T	1	0	Eex_IncN	Proteobacteria	Variovorax
NZ_LR594689_4339365..4390226	NA	50862	50	1	T4SS_MOBH,T4SS_MOBP1	MPF_F	1	0		Proteobacteria	Variovorax
NZ_LR595855_1895797..1940204	NA	44408	43	1	T4SS_MOBC	MPF_T	1	0	Eex_IncN	Proteobacteria	Klebsiella
NZ_LR595857_1516110..1531876	NA	15767	19	1	T4SS_MOBQ,profile_MOBT	none	0	2		Firmicutes	Streptococcus
NZ_LR595857_251677..279789	NA	28113	38	1	T4SS_MOBV,profile_MOBT	none	0	0		Firmicutes	Streptococcus
NZ_LR595858_353981..356820	NA	2840	3	1	profile_MOBT	none	0	0		Firmicutes	Streptococcus
NZ_LR632928_4289388..4568119	ICE	278732	245	1	T4SS_MOBP1	none	0	1		Bacteroidota	Chitinophaga
NZ_LR655210_198088..215215	NA	17128	12	0	NA	none	0	0		Actinobacteriota	Bifidobacterium
NZ_LR657304_2318546..2387886	NA	69341	72	1	T4SS_MOBH,profile_MOBT	MPF_F	1	0		Proteobacteria	Pseudomonas
NZ_LR657304_4527556..4532532	IME	4977	6	1	T4SS_MOBH	none	0	0		Proteobacteria	Pseudomonas
NZ_LR698844_379266..479894	ICE	100629	116	1	T4SS_MOBP1	MPF_FA	1	9		Firmicutes	Enterococcus
NZ_LR698955_1673860..1699763	NA	25904	40	1	T4SS_MOBQ,profile_MOBT	none	0	0		Fusobacteriota	Fusobacterium
NZ_LR698961_1868293..1924769	ICE	56477	62	1	T4SS_MOBP1	none	0	0		Campylobacterota	Helicobacter_C
NZ_LR698991_1540855..1581153	NA	40299	35	1	T4SS_MOBP1,profile_MOBF	none	0	0		Actinobacteriota	Bifidobacterium
NZ_LR698991_37810..55278	IME	17469	14	1	T4SS_MOBP1	none	0	0		Actinobacteriota	Bifidobacterium
NZ_LR698991_939728..1011299	NA	71572	57	1	T4SS_MOBP1	MPF_FA	1	6		Actinobacteriota	Bifidobacterium
NZ_LR698997_822480..1000163	ICE	177684	140	1	T4SS_MOBP1	MPF_FA	1	3		Actinobacteriota	Phoenicibacter
NZ_LR699001_2539100..2546704	NA	7605	9	1	T4SS_MOBP1	none	0	0		Verrucomicrobiota	Akkermansia
NZ_LR699004_1638565..1759733	ICE	121169	98	1	T4SS_MOBP1	none	0	0		Bacteroidota	Phocaeicola
NZ_LR699004_3306832..3502661	ICE	195830	206	1	T4SS_MOBP1,T4SS_MOBV	none	0	1		Bacteroidota	Phocaeicola
NZ_LR699004_4655711..4710700	NA	54990	52	1	T4SS_MOBP1	none	0	0		Bacteroidota	Phocaeicola
NZ_LR699009_4354307..4396950	NA	42644	43	1	T4SS_MOBC	MPF_T	1	0	Eex_IncN	Proteobacteria	Pluralibacter
NZ_LR699010_999500..1150023	ICE	150524	143	1	T4SS_MOBQ	none	0	0		Firmicutes_A	Lachnoanaerobaculum
NZ_LR699012_2958934..3031389	ICE	72456	70	1	profile_MOBT	MPF_FA	1	7		Firmicutes_A	Anaerostipes
NZ_LR699017_1439993..1446751	NA	6759	7	1	T4SS_MOBV	none	0	0		Firmicutes_A	Faecalibacterium
NZ_LR699017_2108703..2116607	NA	7905	9	1	T4SS_MOBV	none	0	0		Firmicutes_A	Faecalibacterium
NZ_LR699017_2190766..2201178	NA	10413	12	1	T4SS_MOBV	none	0	0		Firmicutes_A	Faecalibacterium
NZ_LR699017_2687721..2782470	ICE	94750	94	1	T4SS_MOBP1,T4SS_MOBQ,T4SS_MOBV,profile_MOBT	MPF_FA	1	8		Firmicutes_A	Faecalibacterium
NZ_LR699017_341517..374625	NA	33109	27	1	T4SS_MOBP1,T4SS_MOBV	none	0	0		Firmicutes_A	Faecalibacterium
NZ_LR699017_723771..741355	NA	17585	21	1	T4SS_MOBQ	none	0	2		Firmicutes_A	Faecalibacterium
NZ_LR699119_303966..311516	NA	7551	11	1	T4SS_MOBC	none	0	0		Proteobacteria	Aquicella_A
NZ_LR735421_1010803..1049215	ICE	38413	37	1	T4SS_MOBP1,T4SS_MOBP2	none	0	1		Firmicutes	Staphylococcus
NZ_LR738720_659972..772867	ICE	112896	106	1	T4SS_MOBV	MPF_FA	1	14		Firmicutes	Streptococcus
NZ_LR738722_759921..814840	ICE	54920	61	1	T4SS_MOBP1,profile_MOBT	none	0	3		Firmicutes	Streptococcus
NZ_LR738723_1069190..1094970	IME	25781	26	1	T4SS_MOBP1	none	0	3		Firmicutes	Streptococcus
NZ_LR738723_1316832..1321850	NA	5019	4	1	T4SS_MOBC	none	0	0		Firmicutes	Streptococcus
NZ_LR738723_562557..594719	IME	32163	36	1	T4SS_MOBP1,profile_MOBT	MPF_FA	1	6		Firmicutes	Streptococcus
NZ_LR738849_3185964..3266109	ICE	80146	73	1	T4SS_MOBP1,T4SS_MOBV	MPF_I	1	0		Desulfobacterota_I	Desulfovibrio
NZ_LR739068_5336104..5439401	ICE	103298	123	1	T4SS_MOBH	MPF_F	1	0		Proteobacteria	Pseudomonas
NZ_LR739069_4081179..4295309	ICE	214131	202	1	T4SS_MOBP1	MPF_T	1	0		Proteobacteria	Pseudomonas
NZ_LR740776_1968294..2019096	IME	50803	59	1	T4SS_MOBQ	none	0	0		Proteobacteria	Escherichia
NZ_LR745042_4624563..4632467	IME	7905	9	1	T4SS_MOBH	none	0	0		Proteobacteria	Klebsiella
NZ_LR778142_2376683..2432575	IME	55893	64	1	T4SS_MOBQ	none	0	0		Proteobacteria	Escherichia
NZ_LR778146_689147..729160	NA	40014	45	1	T4SS_MOBQ	none	0	0		Proteobacteria	Escherichia
NZ_LR778301_1869422..2250197	ICE	380776	340	1	T4SS_MOBH,profile_MOBF	MPF_F	1	1		Proteobacteria	Denitratisoma
NZ_LR778301_2792772..2874470	IME	81699	68	1	T4SS_MOBH	none	0	0		Proteobacteria	Denitratisoma
NZ_LR782232_1489268..1660079	ICE	170812	159	1	T4SS_MOBP1	none	0	0		Proteobacteria	Escherichia
NZ_LR822009_800342..811074	NA	10733	13	0	NA	none	0	0		Firmicutes	Streptococcus
NZ_LR822017_632140..711282	ICE	79143	92	1	profile_MOBM,profile_MOBT	MPF_FA	1	4		Firmicutes	Streptococcus
NZ_LR822020_1207582..1290778	ICE	83197	99	1	profile_MOBM,profile_MOBT	MPF_FA	1	4		Firmicutes	Streptococcus
NZ_LR822023_968033..983552	NA	15520	19	1	profile_MOBT	none	0	0		Firmicutes	Streptococcus
NZ_LR822023_97070..127183	NA	30114	41	1	profile_MOBT	none	0	0		Firmicutes	Streptococcus
NZ_LR822025_1792957..1832365	ICE	39409	40	1	T4SS_MOBP1	MPF_FA	1	7		Firmicutes	Streptococcus
NZ_LR822026_1564674..1589560	ICE	24887	27	1	profile_MOBT	MPF_FA	1	3		Firmicutes	Streptococcus
NZ_LR822026_1800933..1834483	NA	33551	29	1	T4SS_MOBP1	MPF_FA	1	7		Firmicutes	Streptococcus
NZ_LR822027_1730014..1764371	NA	34358	30	1	T4SS_MOBP1	MPF_FA	1	8		Firmicutes	Streptococcus
NZ_LR822027_682781..752155	ICE	69375	78	1	profile_MOBM,profile_MOBT	MPF_FA	1	3		Firmicutes	Streptococcus
NZ_LR822030_1757480..1785567	NA	28088	34	1	profile_MOBT	MPF_FA	1	3		Firmicutes	Streptococcus
NZ_LR824569_4299670..4485200	ICE	185531	181	1	T4SS_MOBP1	none	0	0		Bacteroidota	Chryseobacterium
NZ_LR824639_1490609..1566876	NA	76268	61	1	T4SS_MOBQ,profile_MOBT	none	0	0		Proteobacteria	Xanthomonas
NZ_LR828257_2147262..2173720	IME	26459	28	1	T4SS_MOBQ	none	0	0		Proteobacteria	Xanthomonas
NZ_LR828257_3788399..3808394	NA	19996	15	1	T4SS_MOBQ	none	0	0		Proteobacteria	Xanthomonas
NZ_LR861803_1799834..1820228	NA	20395	17	1	T4SS_MOBQ	none	0	0		Proteobacteria	Xanthomonas
NZ_LR861805_1237229..1257387	NA	20159	15	1	T4SS_MOBQ	none	0	0		Proteobacteria	Xanthomonas
NZ_LR861807_1912888..1969181	IME	56294	58	1	T4SS_MOBQ,profile_MOBT	none	0	0		Proteobacteria	Xanthomonas
NZ_LR861807_2559012..2671827	ICE	112816	106	1	T4SS_MOBH,profile_MOBT	MPF_F	1	0		Proteobacteria	Xanthomonas
NZ_LR880474_2552955..2603773	NA	50819	53	1	T4SS_MOBV	none	0	1		Actinobacteriota	Microbacterium
NZ_LR881952_4761252..4795581	NA	34330	40	0	NA	none	0	0		Actinobacteriota	Streptomyces
NZ_LR881953_3068715..3076885	NA	8171	7	0	NA	none	0	0		Actinobacteriota	Streptomyces
NZ_LR881953_3639198..3658764	AICE	19567	19	0	NA	none	0	0		Actinobacteriota	Streptomyces
NZ_LR881953_4011471..4022314	NA	10844	16	0	NA	none	0	0		Actinobacteriota	Streptomyces
NZ_LR882052_1093147..1145550	IME	52404	55	1	T4SS_MOBP1	none	0	0		Proteobacteria	Escherichia
NZ_LR882978_870465..890193	NA	19729	22	1	T4SS_MOBQ,profile_MOBT	none	0	0		Proteobacteria	Escherichia
NZ_LR882982_3601318..3607443	NA	6126	5	1	T4SS_MOBV	none	0	0		Actinobacteriota	Microbacterium
NZ_LR882990_1205989..1251016	IME	45028	48	1	T4SS_MOBP1	none	0	0		Proteobacteria	Escherichia
NZ_LR883006_4314006..4337897	IME	23892	24	1	T4SS_MOBP1,T4SS_MOBQ	none	0	0		Proteobacteria	Escherichia
NZ_LR883050_1895624..1924814	IME	29191	31	1	T4SS_MOBQ,profile_MOBT	none	0	0		Proteobacteria	Escherichia
NZ_LR890184_4467467..4543616	ICE	76150	74	1	T4SS_MOBH	MPF_F	1	0		Proteobacteria	Klebsiella
NZ_LR890185_1837367..1868425	IME	31059	34	1	T4SS_MOBQ,profile_MOBT	none	0	0		Proteobacteria	Klebsiella
NZ_LR890245_1762263..1820461	ICE	58199	42	1	T4SS_MOBC	MPF_T	1	0	Eex_IncN	Proteobacteria	Klebsiella
NZ_LR890245_4671827..4691684	NA	19858	23	1	T4SS_MOBP1	none	0	0		Proteobacteria	Klebsiella
NZ_LR890317_2364290..2597927	ICE	233638	236	0	NA	none	0	0		Proteobacteria	Klebsiella
NZ_LR890360_2351648..2584505	ICE	232858	233	0	NA	none	0	0		Proteobacteria	Klebsiella
NZ_LR890381_4827839..5022718	ICE	194880	200	1	profile_MOBF	MPF_F	1	1		Proteobacteria	Klebsiella
NZ_LR890395_739355..795635	NA	56281	64	1	T4SS_MOBH,profile_MOBT	MPF_F	1	0		Proteobacteria	Klebsiella
NZ_LR890422_1800960..1859158	ICE	58199	42	1	T4SS_MOBC	MPF_T	1	0	Eex_IncN	Proteobacteria	Klebsiella
NZ_LR890434_4722532..4748182	NA	25651	25	1	T4SS_MOBP1	none	0	0		Proteobacteria	Klebsiella
NZ_LR890457_779454..835572	NA	56119	65	1	T4SS_MOBH,profile_MOBT	MPF_F	1	0		Proteobacteria	Klebsiella
NZ_LR890464_1654438..1849223	ICE	194786	134	1	T4SS_MOBC	MPF_T	1	0	Eex_IncN	Proteobacteria	Klebsiella
NZ_LR890471_741932..761960	IME	20029	18	1	T4SS_MOBQ	none	0	0		Proteobacteria	Klebsiella
NZ_LR890474_717494..737034	IME	19541	24	1	T4SS_MOBP2,T4SS_MOBQ	none	0	0		Proteobacteria	Klebsiella
NZ_LR890515_1712154..1804497	ICE	92344	77	1	T4SS_MOBC	MPF_T	1	0	Eex_IncN	Proteobacteria	Klebsiella
NZ_LR890547_1768073..1826033	ICE	57961	42	1	T4SS_MOBC	MPF_T	1	0	Eex_IncN	Proteobacteria	Klebsiella
NZ_LR890569_1763075..1789136	IME	26062	27	1	T4SS_MOBQ	none	0	0		Proteobacteria	Klebsiella
NZ_LR890595_4124944..4149106	NA	24163	24	1	T4SS_MOBP1	none	0	0		Proteobacteria	Klebsiella
NZ_LR890600_724421..829395	NA	104975	117	1	T4SS_MOBH	MPF_F	1	0		Proteobacteria	Klebsiella
NZ_LR890620_2367697..2600587	ICE	232891	233	0	NA	none	0	0		Proteobacteria	Klebsiella
NZ_LR890657_648994..789351	NA	140358	129	1	T4SS_MOBP1,profile_MOBT	MPF_T	1	0	Eex_IncN	Proteobacteria	Serratia
NZ_LR890665_3008905..3326934	ICE	318030	326	0	NA	none	0	1		Proteobacteria	Klebsiella
NZ_LR890726_1721651..1755954	IME	34304	30	1	T4SS_MOBQ	none	0	0		Proteobacteria	Klebsiella
NZ_LR890735_2375231..2601360	ICE	226130	229	0	NA	none	0	0		Proteobacteria	Klebsiella
NZ_LR898867_1219190..1361273	ICE	142084	139	1	T4SS_MOBP1	MPF_T	1	1	Eex_IncN	Proteobacteria	Pseudomonas
NZ_LR898867_2341459..2448900	NA	107442	112	1	T4SS_MOBH,profile_MOBT	MPF_F	1	0		Proteobacteria	Pseudomonas
NZ_LR898867_5227934..5331597	ICE	103664	110	1	T4SS_MOBH,profile_MOBT	MPF_F	1	0		Proteobacteria	Pseudomonas
NZ_LR898874_4726085..4754217	IME	28133	30	1	T4SS_MOBQ	none	0	0		Proteobacteria	Escherichia
NZ_LR990736_1324864..1451415	ICE	126552	135	1	T4SS_MOBH,profile_MOBT	MPF_F	1	0		Proteobacteria	Xanthomonas
NZ_LR990736_3048290..3076770	IME	28481	23	1	T4SS_MOBQ	none	0	0		Proteobacteria	Xanthomonas
NZ_LR990736_3262127..3294144	IME	32018	36	1	T4SS_MOBQ	none	0	0		Proteobacteria	Xanthomonas
NZ_LR990736_3944811..3948362	NA	3552	3	1	T4SS_MOBQ	none	0	0		Proteobacteria	Xanthomonas
NZ_LR990741_3246581..3262874	NA	16294	22	1	T4SS_MOBQ	none	0	0		Proteobacteria	Xanthomonas
NZ_LR994544_2146212..2188761	IME	42550	43	1	T4SS_MOBQ	none	0	0		Proteobacteria	Xanthomonas
NZ_LR994655_330518..397985	NA	67468	79	1	T4SS_MOBH	MPF_F	1	0		Proteobacteria	Serratia_B
NZ_LR999860_1158467..1192358	IME	33892	40	1	T4SS_MOBP1,profile_MOBM	none	0	0		Firmicutes	Listeria
NZ_LS398547_1507566..1648087	NA	140522	134	1	T4SS_MOBQ	MPF_F	1	0		Proteobacteria	Orientia
NZ_LS398547_331735..339793	NA	8059	10	1	T4SS_MOBQ	none	0	0		Proteobacteria	Orientia
NZ_LS398548_472040..552726	NA	80687	75	1	T4SS_MOBQ	MPF_F	1	0		Proteobacteria	Orientia
NZ_LS398548_683754..730752	NA	46999	57	1	T4SS_MOBQ,T4SS_MOBV	none	0	0		Proteobacteria	Orientia
NZ_LS398548_946297..1018815	NA	72519	72	1	T4SS_MOBQ	MPF_F	1	0		Proteobacteria	Orientia
NZ_LS398550_1127818..1246111	NA	118294	95	1	T4SS_MOBQ	MPF_F	1	0		Proteobacteria	Orientia
NZ_LS398550_1253623..1438487	NA	184865	218	1	T4SS_MOBQ	MPF_F	1	0		Proteobacteria	Orientia
NZ_LS398550_1709736..1735831	NA	26096	23	1	T4SS_MOBQ	MPF_F	1	0		Proteobacteria	Orientia
NZ_LS398550_1934341..1977070	NA	42730	46	1	T4SS_MOBQ	none	0	0		Proteobacteria	Orientia
NZ_LS398550_1999694..2089744	NA	90051	87	1	T4SS_MOBQ	MPF_T;MPF_F	2	0		Proteobacteria	Orientia
NZ_LS398550_212081..270926	NA	58846	80	1	T4SS_MOBQ	none	0	0		Proteobacteria	Orientia
NZ_LS398550_404426..573619	NA	169194	175	1	T4SS_MOBQ	MPF_F	1	0		Proteobacteria	Orientia
NZ_LS398550_905527..943537	NA	38011	45	1	T4SS_MOBQ	none	0	0		Proteobacteria	Orientia
NZ_LS398551_1237297..1258770	NA	21474	27	1	T4SS_MOBQ	none	0	0		Proteobacteria	Orientia
NZ_LS398551_1861075..1944485	NA	83411	91	1	T4SS_MOBQ	MPF_F	1	0		Proteobacteria	Orientia
NZ_LS398551_2179465..2258863	NA	79399	87	1	T4SS_MOBQ	MPF_F	1	0		Proteobacteria	Orientia
NZ_LS398551_2340877..2420138	NA	79262	83	1	T4SS_MOBQ	MPF_F	1	0		Proteobacteria	Orientia
NZ_LS398551_4406..121417	NA	117012	136	1	T4SS_MOBQ	none	0	0		Proteobacteria	Orientia
NZ_LS398551_459904..487065	NA	27162	28	1	T4SS_MOBQ	MPF_F	1	0		Proteobacteria	Orientia
NZ_LS398551_678357..779975	NA	101619	107	1	T4SS_MOBQ	MPF_F	1	0		Proteobacteria	Orientia
NZ_LS398552_161315..205551	NA	44237	43	1	T4SS_MOBQ	none	0	0		Proteobacteria	Orientia
NZ_LS398552_1658712..1751692	NA	92981	94	1	T4SS_MOBQ	MPF_F	1	0		Proteobacteria	Orientia
NZ_LS398552_475306..698580	ICE	223275	260	1	T4SS_MOBQ	MPF_F	1	0		Proteobacteria	Orientia
NZ_LS483306_1711338..1821686	NA	110349	108	1	T4SS_MOBP1,profile_MOBT	MPF_FA	1	5		Firmicutes	Enterococcus_E
NZ_LS483309_413718..516528	ICE	102811	115	1	profile_MOBT	MPF_FA	1	8		Firmicutes	Staphylococcus
NZ_LS483318_1251951..1261842	IME	9892	9	0	NA	none	0	0		Firmicutes	Streptococcus
NZ_LS483319_2028382..2159369	ICE	130988	156	1	T4SS_MOBH,profile_MOBT	MPF_FA	1	7		Firmicutes	Staphylococcus
NZ_LS483319_389135..466365	ICE	77231	79	1	profile_MOBT	MPF_FA	1	6	DUF4467	Firmicutes	Staphylococcus
NZ_LS483325_1072948..1135563	NA	62616	63	1	T4SS_MOBP1	MPF_FA	1	8		Firmicutes	Streptococcus
NZ_LS483327_846992..920914	ICE	73923	71	1	profile_MOBM,profile_MOBT	MPF_FA	1	8		Firmicutes	Streptococcus
NZ_LS483328_734449..801487	NA	67039	61	1	T4SS_MOBP1	MPF_FA	1	8		Firmicutes	Streptococcus
NZ_LS483328_93434..99553	NA	6120	8	1	profile_MOBT	none	0	0		Firmicutes	Streptococcus
NZ_LS483331_1096061..1124997	IME	28937	19	1	T4SS_MOBV	none	0	3		Firmicutes	Streptococcus
NZ_LS483334_1814265..1843660	ICE	29396	27	1	profile_MOBT	MPF_FA	1	7		Firmicutes	Streptococcus
NZ_LS483341_1233683..1289343	ICE	55661	58	1	profile_MOBT	MPF_FA	1	4		Firmicutes	Streptococcus
NZ_LS483341_734084..736402	NA	2319	3	0	NA	none	0	0		Firmicutes	Streptococcus
NZ_LS483342_1614413..1655879	ICE	41467	40	1	profile_MOBT	MPF_FA	1	7		Firmicutes	Streptococcus
NZ_LS483343_160475..213017	NA	52543	51	1	profile_MOBT	none	0	0		Firmicutes	Streptococcus
NZ_LS483346_2210078..2216864	NA	6787	8	1	profile_MOBT	none	0	0		Firmicutes	Streptococcus
NZ_LS483348_1011510..1073488	NA	61979	60	1	profile_MOBT	none	0	2		Firmicutes	Streptococcus
NZ_LS483353_1331126..1434208	ICE	103083	95	1	T4SS_MOBH	none	0	0		Firmicutes	Streptococcus
NZ_LS483361_1271149..1299552	NA	28404	27	1	T4SS_MOBP1	MPF_FA	1	9		Firmicutes	Streptococcus
NZ_LS483361_2129001..2185063	NA	56063	55	1	T4SS_MOBC,profile_MOBT	none	0	0		Firmicutes	Streptococcus
NZ_LS483364_2121167..2124001	NA	2835	3	0	NA	none	0	0		Firmicutes	Streptococcus
NZ_LS483367_544734..594144	NA	49411	47	1	T4SS_MOBP1	MPF_FA	1	7		Firmicutes	Streptococcus
NZ_LS483372_949908..1043102	NA	93195	99	1	T4SS_MOBH	MPF_F	1	0		Proteobacteria	Pseudomonas_E
NZ_LS483375_1960885..1963861	NA	2977	4	1	profile_MOBT	none	0	0		Firmicutes	Streptococcus
NZ_LS483383_1070308..1191939	ICE	121632	122	1	T4SS_MOBP1,profile_MOBT	MPF_FA	1	20		Firmicutes	Streptococcus
NZ_LS483383_1787129..1792187	NA	5059	6	1	profile_MOBT	none	0	0		Firmicutes	Streptococcus
NZ_LS483384_1655392..1671011	IME	15620	18	1	profile_MOBT	none	0	0		Firmicutes	Streptococcus
NZ_LS483387_234663..243521	NA	8859	13	1	T4SS_MOBV	none	0	0		Firmicutes	Streptococcus
NZ_LS483388_669183..700316	NA	31134	37	1	T4SS_MOBP1	none	0	4		Firmicutes	Streptococcus
NZ_LS483392_192542..195374	NA	2833	2	1	T4SS_MOBH	none	0	0		Proteobacteria	Haemophilus
NZ_LS483395_3645732..3865725	ICE	219994	215	1	T4SS_MOBP1	none	0	0	TrbK_RP4	Proteobacteria	Achromobacter
NZ_LS483396_1065722..1121693	NA	55972	54	1	profile_MOBF	none	0	1		Actinobacteriota	Micrococcus
NZ_LS483403_1333502..1440021	NA	106520	115	0	NA	none	0	0		Firmicutes	Streptococcus
NZ_LS483406_959212..994146	IME	34935	24	1	T4SS_MOBQ	none	0	0		Proteobacteria	Stenotrophomonas
NZ_LS483407_1535322..1580824	ICE	45503	46	1	profile_MOBT	MPF_FA	1	7		Firmicutes	Streptococcus
NZ_LS483413_1511496..1515494	NA	3999	4	1	T4SS_MOBP1	none	0	0		Firmicutes	Streptococcus
NZ_LS483414_1170647..1248589	ICE	77943	65	1	profile_MOBT	MPF_FA	1	7		Firmicutes	Streptococcus
NZ_LS483417_932804..1125123	ICE	192320	185	1	T4SS_MOBP1,T4SS_MOBQ,profile_MOBT	none	0	1		Firmicutes	Streptococcus
NZ_LS483422_2151102..2433385	ICE	282284	258	1	profile_MOBT	none	0	1		Proteobacteria	Providencia
NZ_LS483436_859196..900063	NA	40868	41	1	T4SS_MOBP1,T4SS_MOBP2	MPF_FA	1	3		Firmicutes	Streptococcus
NZ_LS483441_2283561..2300016	NA	16456	19	0	NA	none	0	0		Proteobacteria	Aeromonas
NZ_LS483441_84488..150347	IME	65860	60	1	T4SS_MOBP1,T4SS_MOBV	none	0	0		Proteobacteria	Aeromonas
NZ_LS483444_86538..148859	NA	62322	73	1	profile_MOBT	MPF_FA	1	4		Firmicutes	Streptococcus
NZ_LS483447_1381080..1405090	NA	24011	22	1	T4SS_MOBV	none	0	0		Bacteroidota	Porphyromonas
NZ_LS483447_1889584..1996457	NA	106874	105	1	T4SS_MOBP1	none	0	0		Bacteroidota	Porphyromonas
NZ_LS483447_7443..34110	NA	26668	22	1	T4SS_MOBP1	none	0	0		Bacteroidota	Porphyromonas
NZ_LS483449_1648929..1655107	NA	6179	10	0	NA	none	0	0		Firmicutes	Streptococcus
NZ_LS483449_950202..1142387	ICE	192186	187	1	T4SS_MOBP1,profile_MOBT	none	0	1		Firmicutes	Streptococcus
NZ_LS483450_1020982..1110519	ICE	89538	90	1	T4SS_MOBP1,profile_MOBT	MPF_FA	1	11		Firmicutes	Streptococcus
NZ_LS483450_943666..950678	NA	7013	9	1	T4SS_MOBP1	none	0	0		Firmicutes	Streptococcus
NZ_LS483455_1067830..1133812	IME	65983	51	1	T4SS_MOBQ	none	0	0		Proteobacteria	Salmonella
NZ_LS483457_1095975..1122380	IME	26406	28	1	T4SS_MOBQ	none	0	0		Proteobacteria	Salmonella
NZ_LS483458_453877..483428	NA	29552	30	0	NA	none	0	0		Proteobacteria	Haemophilus
NZ_LS483461_2591055..2665939	NA	74885	65	1	profile_MOBT	MPF_FA	1	10		Firmicutes_A	Clostridium_P
NZ_LS483471_387241..446186	NA	58946	63	1	T4SS_MOBC	none	0	0		Firmicutes	Streptococcus
NZ_LS483471_944560..1075581	NA	131022	145	1	T4SS_MOBC,T4SS_MOBP1,profile_MOBT	MPF_FA	1	6		Firmicutes	Streptococcus
NZ_LS483476_128463..161382	ICE	32920	45	0	NA	none	0	0		Firmicutes	Bacillus_AH
NZ_LS483492_780451..801985	NA	21535	27	1	T4SS_MOBH	none	0	0		Proteobacteria	Serratia_B
NZ_LS974202_2318172..2404262	NA	86091	83	1	T4SS_MOBH	none	0	0		Thermotogota	Mesotoga
NZ_LS992171_1124080..1169054	NA	44975	48	1	T4SS_MOBP1	none	0	0		Proteobacteria	Escherichia
NZ_LS992175_3212459..3238405	IME	25947	33	1	T4SS_MOBQ	none	0	0		Proteobacteria	Citrobacter
NZ_LS998783_4290240..4481987	ICE	191748	182	1	T4SS_MOBP1	MPF_T	1	0		Proteobacteria	Pseudomonas
NZ_LS998783_5820251..5904145	ICE	83895	103	1	T4SS_MOBH	MPF_F	1	0		Proteobacteria	Pseudomonas
NZ_LS998783_6059868..6077500	IME	17633	21	1	T4SS_MOBQ,T4SS_MOBV	none	0	0		Proteobacteria	Pseudomonas
NZ_LS999833_21606..37163	NA	15558	19	1	T4SS_MOBQ	none	0	0		Proteobacteria	Lentilitoribacter
NZ_LS999839_4707651..4719313	NA	11663	15	1	T4SS_MOBP1	none	0	0		Bacteroidota	Pedobacter
NZ_LT009690_439900..471035	NA	31136	32	1	profile_MOBT	MPF_FA	1	6	DUF4467	Firmicutes	Staphylococcus
NZ_LT222319_698801..743136	NA	44336	42	1	T4SS_MOBH	MPF_F	1	0		Proteobacteria	Pseudomonas_E
NZ_LT545678_1925544..1946892	NA	21349	21	1	T4SS_MOBP1	none	0	0		Firmicutes	Streptococcus
NZ_LT556084_4734607..4876115	ICE	141509	157	1	T4SS_MOBH,profile_MOBT	MPF_F	1	0		Proteobacteria	Citrobacter_A
NZ_LT556085_2033096..2153289	ICE	120194	145	1	T4SS_MOBH,profile_MOBT	MPF_F	1	0		Proteobacteria	Citrobacter_A
NZ_LT576034_113629..152187	NA	38559	44	1	profile_MOBF	none	0	0		Actinobacteriota	Propionibacterium
NZ_LT576034_2560837..2602024	NA	41188	35	1	profile_MOBF	none	0	1		Actinobacteriota	Propionibacterium
NZ_LT578453_953648..966869	NA	13222	10	1	T4SS_MOBV	none	0	0		Firmicutes	Mycoplasmopsis
NZ_LT591901_1924179..1958439	NA	34261	56	1	profile_MOBT	none	0	0		Proteobacteria	Neisseria
NZ_LT591908_1522950..1554625	NA	31676	49	1	profile_MOBT	none	0	0		Proteobacteria	Neisseria
NZ_LT591910_1520053..1553369	NA	33317	52	0	NA	none	0	0		Proteobacteria	Neisseria
NZ_LT592153_1581566..1613409	NA	31844	49	0	NA	none	0	0		Proteobacteria	Neisseria
NZ_LT592155_1524423..1556060	NA	31638	50	0	NA	none	0	0		Proteobacteria	Neisseria
NZ_LT592157_1523603..1557255	NA	33653	49	0	NA	none	0	0		Proteobacteria	Neisseria
NZ_LT592163_1577637..1609259	NA	31623	49	0	NA	none	0	0		Proteobacteria	Neisseria
NZ_LT598663_2749615..2815450	ICE	65836	60	1	profile_MOBT	none	0	7		Firmicutes	Enterococcus_B
NZ_LT598663_579245..678023	ICE	98779	89	1	profile_MOBT	MPF_FA	1	6		Firmicutes	Enterococcus_B
NZ_LT599049_311224..420512	NA	109289	107	1	profile_MOBT	none	0	2		Firmicutes	Lactococcus
NZ_LT601384_4969199..4982731	NA	13533	10	1	T4SS_MOBH	none	0	0		Proteobacteria	Escherichia
NZ_LT604072_2209170..2284141	NA	74972	79	1	T4SS_MOBH	MPF_F	1	0		Proteobacteria	Xanthomonas_A
NZ_LT604072_3607416..3620430	IME	13015	15	1	T4SS_MOBQ	none	0	0		Proteobacteria	Xanthomonas_A
NZ_LT608328_160361..192788	NA	32428	30	1	T4SS_MOBP1	none	0	0		Bacteroidota	Petrimonas
NZ_LT608330_2680011..2913750	ICE	233740	194	1	T4SS_MOBP1,profile_MOBT	MPF_T	1	0	Eex_IncN	Proteobacteria	Pseudomonas
NZ_LT608330_5254562..5362559	ICE	107998	120	1	T4SS_MOBH	MPF_F	1	0		Proteobacteria	Pseudomonas
NZ_LT615367_1868715..1901626	IME	32912	46	1	T4SS_MOBQ	none	0	0		Proteobacteria	Dickeya
NZ_LT615367_3440149..3460678	NA	20530	24	1	T4SS_MOBQ	none	0	0		Proteobacteria	Dickeya
NZ_LT622246_2633276..2641368	NA	8093	7	0	NA	none	0	0		Bacteroidota	Bacteroides
NZ_LT622246_3524743..3554381	NA	29639	26	1	T4SS_MOBP1	none	0	0		Bacteroidota	Bacteroides
NZ_LT630450_1886600..1898831	NA	12232	13	1	T4SS_MOBV	none	0	0		Desulfobacterota_I	Desulfovibrio
NZ_LT630450_2623875..2665627	NA	41753	37	1	T4SS_MOBP1	MPF_I	1	1		Desulfobacterota_I	Desulfovibrio
NZ_LT632614_2714830..2801183	ICE	86354	89	1	T4SS_MOBP1	MPF_T	1	0		Proteobacteria	Legionella
NZ_LT632615_2265351..2389127	ICE	123777	129	1	T4SS_MOBP1,T4SS_MOBQ,profile_MOBM	MPF_T;MPF_F	2	0		Proteobacteria	Legionella
NZ_LT635479_16940..27768	NA	10829	13	1	T4SS_MOBQ	none	0	1		Firmicutes_A	Lachnoclostridium_B
NZ_LT635479_2958100..3091887	ICE	133788	128	1	profile_MOBT	none	0	3		Firmicutes_A	Lachnoclostridium_B
NZ_LT635479_3195907..3281819	IME	85913	73	1	T4SS_MOBH,T4SS_MOBV	none	0	0		Firmicutes_A	Lachnoclostridium_B
NZ_LT635479_567579..613624	NA	46046	53	1	T4SS_MOBP1,T4SS_MOBV	MPF_FA	1	6		Firmicutes_A	Lachnoclostridium_B
NZ_LT635480_1433221..1455190	NA	21970	27	1	T4SS_MOBQ	none	0	7		Firmicutes_A	Ndongobacter
NZ_LT635772_1557258..1604275	ICE	47018	47	1	T4SS_MOBP1,T4SS_MOBQ,profile_MOBF	none	0	1		Firmicutes_A	Anaerococcus
NZ_LT635772_1678884..1735411	ICE	56528	66	1	T4SS_MOBP1,T4SS_MOBQ,profile_MOBM,profile_MOBT	MPF_FA	1	10		Firmicutes_A	Anaerococcus
NZ_LT635772_500483..583463	ICE	82981	73	1	T4SS_MOBP1,profile_MOBT	MPF_FA	1	9		Firmicutes_A	Anaerococcus
NZ_LT828648_1780986..2113869	NA	332884	328	1	profile_MOBT	none	0	0		Nitrospirota	Nitrospira_C
NZ_LT853882_1776928..1816081	NA	39154	39	1	T4SS_MOBQ	MPF_T	1	0		Proteobacteria	Xanthomonas
NZ_LT854705_1028248..1130255	NA	102008	89	1	T4SS_MOBH	none	0	1		Firmicutes	Levilactobacillus
NZ_LT859958_1066459..1078320	NA	11862	17	1	T4SS_MOBP1	none	0	0		Chloroflexota	Brevefilum
NZ_LT859959_2838242..2843244	NA	5003	4	1	T4SS_MOBQ	none	0	0		Proteobacteria	Bradyrhizobium
NZ_LT859959_284497..323900	NA	39404	35	1	T4SS_MOBP1	MPF_T	1	0		Proteobacteria	Bradyrhizobium
NZ_LT859959_6256340..6344929	IME	88590	62	1	T4SS_MOBQ	none	0	0		Proteobacteria	Bradyrhizobium
NZ_LT859959_6562564..6649722	NA	87159	81	1	T4SS_MOBP1	none	0	1		Proteobacteria	Bradyrhizobium
NZ_LT859959_7086172..7099953	NA	13782	12	1	T4SS_MOBQ	none	0	0		Proteobacteria	Bradyrhizobium
NZ_LT883142_965872..998016	NA	32145	33	1	T4SS_MOBP1	none	0	0		Proteobacteria	Escherichia
NZ_LT883143_1258178..1498894	ICE	240717	215	1	T4SS_MOBP1	MPF_T	1	1	Eex_IncN	Proteobacteria	Pseudomonas
NZ_LT883143_2412722..2517692	ICE	104971	112	1	T4SS_MOBH	MPF_F	1	0		Proteobacteria	Pseudomonas
NZ_LT883143_2815654..2930851	ICE	115198	108	1	T4SS_MOBP1,profile_MOBT	MPF_T	1	0	Eex_IncN	Proteobacteria	Pseudomonas
NZ_LT883143_4806451..4980543	ICE	174093	167	1	T4SS_MOBP1	MPF_T	1	0	Eex_IncN	Proteobacteria	Pseudomonas
NZ_LT883143_5037303..5213058	ICE	175756	164	1	T4SS_MOBH,profile_MOBT	MPF_F	1	0		Proteobacteria	Pseudomonas
NZ_LT883143_5560958..5686548	ICE	125591	148	1	T4SS_MOBQ,T4SS_MOBV	MPF_F	1	1		Proteobacteria	Pseudomonas
NZ_LT897797_2496500..2524229	NA	27730	22	1	T4SS_MOBP1	none	0	0		Proteobacteria	Vibrio
NZ_LT904777_2913879..2936460	IME	22582	21	1	T4SS_MOBQ	none	0	0		Proteobacteria	Salmonella
NZ_LT904854_2870438..2894258	IME	23821	28	1	T4SS_MOBP2,T4SS_MOBQ	none	0	0		Proteobacteria	Salmonella
NZ_LT904854_4129534..4262378	ICE	132845	150	1	T4SS_MOBH	MPF_F	1	0		Proteobacteria	Salmonella
NZ_LT904867_462877..725752	ICE	262876	255	1	T4SS_MOBH	MPF_F	1	0		Proteobacteria	Salmonella
NZ_LT904868_4176636..4309448	ICE	132813	150	1	T4SS_MOBH	MPF_F	1	0		Proteobacteria	Salmonella
NZ_LT904870_4266409..4399325	ICE	132917	149	1	T4SS_MOBH	MPF_F	1	0		Proteobacteria	Salmonella
NZ_LT904872_683361..944926	ICE	261566	247	1	T4SS_MOBH	MPF_F	1	0		Proteobacteria	Salmonella
NZ_LT904875_1823960..1846541	IME	22582	21	1	T4SS_MOBQ	none	0	0		Proteobacteria	Salmonella
NZ_LT904876_4166610..4299526	ICE	132917	150	1	T4SS_MOBH	MPF_F	1	0		Proteobacteria	Salmonella
NZ_LT904882_4119055..4243833	ICE	124779	140	1	T4SS_MOBH	MPF_F	1	0		Proteobacteria	Salmonella
NZ_LT904883_596006..861278	ICE	265273	254	1	T4SS_MOBH	MPF_F	1	0		Proteobacteria	Salmonella
NZ_LT904884_4134407..4267219	ICE	132813	150	1	T4SS_MOBH	MPF_F	1	0		Proteobacteria	Salmonella
NZ_LT904886_708414..972629	ICE	264216	252	1	T4SS_MOBH	MPF_F	1	0		Proteobacteria	Salmonella
NZ_LT904890_4114848..4247794	ICE	132947	152	1	T4SS_MOBH	MPF_F	1	0		Proteobacteria	Salmonella
NZ_LT904891_2874832..3140104	ICE	265273	253	1	T4SS_MOBH	MPF_F	1	0		Proteobacteria	Salmonella
NZ_LT905063_1836864..1859445	IME	22582	21	1	T4SS_MOBQ	none	0	0		Proteobacteria	Salmonella
NZ_LT905063_4127389..4260302	ICE	132914	152	1	T4SS_MOBH	MPF_F	1	0		Proteobacteria	Salmonella
NZ_LT905064_4099044..4231944	ICE	132901	153	1	T4SS_MOBH	MPF_F	1	0		Proteobacteria	Salmonella
NZ_LT905088_1287682..1307376	IME	19695	18	1	T4SS_MOBP2,T4SS_MOBQ	none	0	0		Proteobacteria	Salmonella
NZ_LT905088_5113..40023	IME	34911	36	1	T4SS_MOBH	none	0	0		Proteobacteria	Salmonella
NZ_LT905139_4116027..4248929	ICE	132903	151	1	T4SS_MOBH	MPF_F	1	0		Proteobacteria	Salmonella
NZ_LT905140_707991..973243	ICE	265253	259	1	T4SS_MOBH	MPF_F	1	0		Proteobacteria	Salmonella
NZ_LT905142_1805258..1935569	ICE	130312	147	1	T4SS_MOBH	MPF_F	1	0		Proteobacteria	Salmonella
NZ_LT906442_2766469..2900080	ICE	133612	140	1	T4SS_MOBP1,profile_MOBT	MPF_T	1	0		Proteobacteria	Legionella
NZ_LT906442_733502..857333	ICE	123832	112	1	T4SS_MOBP1	MPF_T;MPF_I	2	1		Proteobacteria	Legionella
NZ_LT906445_522982..538538	IME	15557	10	1	profile_MOBF	none	0	0		Firmicutes_C	Veillonella
NZ_LT906451_2862515..2886765	NA	24251	24	1	T4SS_MOBH	none	0	0		Proteobacteria	Tatlockia
NZ_LT906452_2225526..2367980	NA	142455	150	1	T4SS_MOBP1,profile_MOBM	MPF_T;MPF_F	2	1		Proteobacteria	Legionella
NZ_LT906452_2962331..2964972	NA	2642	2	1	T4SS_MOBC	none	0	0		Proteobacteria	Legionella
NZ_LT906454_1316852..1418555	ICE	101704	102	1	T4SS_MOBP1,T4SS_MOBV,profile_MOBT	MPF_FA	1	13		Firmicutes	Streptococcus
NZ_LT906457_2703146..2774770	NA	71625	73	1	T4SS_MOBP1	MPF_T	1	0		Proteobacteria	Legionella_C
NZ_LT906457_2951021..2997759	ICE	46739	43	1	T4SS_MOBP1,T4SS_MOBQ	MPF_T	1	0		Proteobacteria	Legionella_C
NZ_LT906457_79896..326704	NA	246809	221	1	T4SS_MOBP1	MPF_T	1	0		Proteobacteria	Legionella_C
NZ_LT906459_1121731..1198100	NA	76370	69	1	T4SS_MOBV	none	0	0		Bacteroidota	Odoribacter
NZ_LT906465_392126..408333	IME	16208	15	1	T4SS_MOBP1,profile_MOBT	none	0	0		Bacteroidota	Planobacterium
NZ_LT906468_1758534..2135419	ICE	376886	301	1	T4SS_MOBP1,profile_MOBT	none	0	0		Bacteroidota	Sphingobacterium
NZ_LT906468_177223..406595	ICE	229373	217	1	T4SS_MOBP1	none	0	1		Bacteroidota	Sphingobacterium
NZ_LT906476_2635516..2686180	IME	50665	55	1	T4SS_MOBP1,T4SS_MOBQ,profile_MOBT	none	0	0		Proteobacteria	Legionella
NZ_LT906479_371072..469538	ICE	98467	92	1	T4SS_MOBH	MPF_F	1	0		Proteobacteria	Serratia
NZ_LT906480_1348739..1437269	IME	88531	93	1	profile_MOBF	none	0	0		Proteobacteria	Stenotrophomonas
NZ_LT907975_2102845..2134620	NA	31776	34	1	T4SS_MOBQ,profile_MOBT	none	0	0		Desulfobacterota_I	Pseudodesulfovibrio
NZ_LT907978_1682025..1734151	IME	52127	49	1	T4SS_MOBP1,T4SS_MOBQ,profile_MOBT	MPF_FA	1	7		Firmicutes_A	Anaerobutyricum
NZ_LT907978_2110860..2216358	ICE	105499	93	1	T4SS_MOBP1	MPF_FA	1	2		Firmicutes_A	Anaerobutyricum
NZ_LT907978_3484505..3500193	NA	15689	18	1	T4SS_MOBP1	none	0	0		Firmicutes_A	Anaerobutyricum
NZ_LT907978_481330..577874	NA	96545	101	1	T4SS_MOBQ,T4SS_MOBV	none	0	0		Firmicutes_A	Anaerobutyricum
NZ_LT907988_1381010..1466734	ICE	85725	76	1	T4SS_MOBP1,profile_MOBT	MPF_T	1	0	Eex_IncN	Proteobacteria	Orrella
NZ_LT934425_3680014..3684729	NA	4716	3	1	T4SS_MOBH	none	0	0		Planctomycetota	Kuenenia
NZ_LT960611_1081044..1140990	NA	59947	48	1	T4SS_MOBP1	none	0	0		Proteobacteria	Vibrio
NZ_LT963391_1050946..1102190	ICE	51245	54	1	T4SS_MOBH	MPF_F	1	0		Proteobacteria	Pseudomonas_E
NZ_LT963395_1526223..1535878	NA	9656	7	1	T4SS_MOBH	none	0	0		Proteobacteria	Pseudomonas_E
NZ_LT963395_359433..392793	IME	33361	31	0	NA	none	0	0		Proteobacteria	Pseudomonas_E
NZ_LT963408_1953698..2014654	ICE	60957	69	1	T4SS_MOBC,T4SS_MOBH	MPF_F	1	0		Proteobacteria	Pseudomonas_E
NZ_LT963409_5031478..5065867	NA	34390	41	1	T4SS_MOBH	MPF_F	1	0		Proteobacteria	Pseudomonas_E
NZ_LT969520_2269274..2336781	NA	67508	61	1	T4SS_MOBP1	MPF_T	1	0	Eex_IncN	Proteobacteria	Pseudomonas
NZ_LT969520_5616956..5750608	ICE	133653	171	1	T4SS_MOBH	MPF_F	1	0		Proteobacteria	Pseudomonas
NZ_LT985188_214361..254920	IME	40560	31	1	profile_MOBF,profile_MOBT	none	0	0		Actinobacteriota	Micropruina
NZ_LT985188_932844..982477	IME	49634	55	1	profile_MOBF,profile_MOBM	none	0	0		Actinobacteriota	Micropruina
NZ_LT985192_1803204..1837264	NA	34061	37	1	T4SS_MOBH	MPF_F	1	0		Proteobacteria	Pseudomonas_E
NZ_LT985192_934142..984536	ICE	50395	52	1	T4SS_MOBH	MPF_F	1	0		Proteobacteria	Pseudomonas_E
NZ_LT990039_1074200..1111084	IME	36885	40	1	T4SS_MOBP1,T4SS_MOBQ,profile_MOBT	none	0	1		Firmicutes_A	Massilistercora
NZ_LT992460_140578..228056	ICE	87479	107	1	profile_MOBT	MPF_FA	1	7	DUF4467	Firmicutes	Staphylococcus
NZ_LT992460_2782697..2839214	ICE	56518	48	1	profile_MOBT	MPF_FA	1	7		Firmicutes	Staphylococcus
NZ_LT992460_867880..937333	IME	69454	78	1	T4SS_MOBV	none	0	0		Firmicutes	Staphylococcus
NZ_LT992461_978688..1055663	IME	76976	87	1	T4SS_MOBV	none	0	0		Firmicutes	Staphylococcus
NZ_LT992462_2609883..2631646	IME	21764	23	1	T4SS_MOBV	none	0	0		Firmicutes	Staphylococcus
NZ_LT992464_2573296..2650080	IME	76785	85	1	T4SS_MOBV	none	0	0		Firmicutes	Staphylococcus
NZ_LT992471_2906290..2921073	NA	14784	17	1	profile_MOBT	MPF_FA	1	5	DUF4467	Firmicutes	Staphylococcus
NZ_LT992474_611439..691574	IME	80136	91	1	T4SS_MOBV	none	0	0		Firmicutes	Staphylococcus
NZ_LT992502_547519..568161	IME	20643	22	1	T4SS_MOBP1	none	0	0		Proteobacteria	Enterobacter
NZ_LT996886_1362912..1399334	IME	36423	37	1	profile_MOBF	none	0	0		Actinobacteriota	Arachnia
NZ_OU015319_487540..660738	ICE	173199	167	1	T4SS_MOBP1	MPF_T	1	1		Bacteroidota	Cloacibacterium
NZ_OU015319_952708..1168529	ICE	215822	207	1	T4SS_MOBP1	none	0	1		Bacteroidota	Cloacibacterium
