accession	n_anchors	n_same_strand	layout	anchor_span_bp	max_internal_gap_bp	order_canonical
AP018516.1	7	5	contiguous	27654	14894	traI traM traN traO traU
AP024477.1	16	16	contiguous	30038	5637	traE traI traK traL traM traN traO traP traQ traT traU traV traW traY trbA trbB
AP024914.1	13	11	split_2	49165	31188	traI traK traL traM traN traO traP traQ traU traW traY
AP024919.1	13	11	split_2	49165	31188	traI traK traL traM traN traO traP traQ traU traW traY
AP026449.1	16	16	contiguous	30303	5902	traE traI traK traL traM traN traO traP traQ traT traU traV traW traY trbA trbB
AP026488.1	16	16	contiguous	31131	6015	traE traI traK traL traM traN traO traP traQ traT traU traV traW traY trbA trbB
AP026515.1	16	16	contiguous	31503	5602	traE traI traK traL traM traN traO traP traQ traT traU traV traW traY trbA trbB
AP026532.1	16	16	contiguous	31732	8331	traE traI traK traL traM traN traO traP traQ traT traU traV traW traY trbA trbB
AP026757.1	16	16	contiguous	28309	5115	traE traI traK traL traM traN traO traP traQ traT traU traV traW traY trbA trbB
AP028463.1	13	11	split_2	75275	57301	traI traK traL traM traN traO traP traQ traU traW traY
AP028474.1	13	13	contiguous	20757	4163	traI traK traL traM traN traO traP traQ traU traW traY trbA trbB
AP028482.1	13	13	contiguous	21049	3684	traI traK traL traM traN traO traP traQ traU traW traY trbA trbB
AP028496.1	13	13	contiguous	21046	3681	traI traK traL traM traN traO traP traQ traU traW traY trbA trbB
AP028514.1	12	12	contiguous	19530	4184	traK traL traM traN traO traP traQ traU traW traY trbA trbB
AP028546.1	13	13	contiguous	21527	4173	traI traK traL traM traN traO traP traQ traU traW traY trbA trbB
AP028551.1	13	11	split_2	51372	33362	traI traK traL traM traN traO traP traQ traU traW traY
AP028558.1	12	12	split_2	91642	73127	traI traK traL traM traN traP traQ traU traW traY trbA trbB
AP028559.1	13	11	split_2	51372	33362	traI traK traL traM traN traO traP traQ traU traW traY
AP028564.1	12	12	split_2	90426	74221	traI traK traL traM traN traO traP traQ traU traW trbA trbB
AP028565.1	13	11	split_2	51372	33362	traI traK traL traM traN traO traP traQ traU traW traY
AP031464.1	9	7	contiguous	27666	9206	traI traK trbA traM traN traO traU
CM017776.1	12	11	contiguous	24001	7481	traI traK traL traM traN traO traP traQ traU traW traY
CP000619.1	8	7	split_4	107615	34469	traM traN traO traU traW trbA traY
CP000620.1	13	11	split_2	85104	54971	traL traM traN traO traP traQ traU traW traY trbA trbB
CP003927.1	7	5	contiguous	18953	7398	traI traK traM traN traU
CP004365.1	8	6	contiguous	22356	5568	traI traK traM traN traQ traU
CP005999.1	16	16	contiguous	31760	8602	traE traI traK traL traM traN traO traP traQ traT traU traV traW traY trbA trbB
CP009852.1	13	11	split_2	47229	27377	traI traK traL traM traN traO traP traQ traU traW traY
CP009857.1	13	11	split_2	52622	34543	traI traK traL traM traN traO traP traQ traU traW traY
CP011632.1	13	11	split_2	53696	35719	traI traK traL traM traN traO traP traQ traU traW traY
CP013914.1	13	13	contiguous	22030	3574	traI traK traL traM traN traO traP traQ traU traW traY trbA trbB
CP013915.1	13	13	split_2	81515	61835	traI traK traL traM traN traO traP traQ traU traW traY trbA trbB
CP014298.1	13	11	contiguous	33669	14818	traI traK traL traM traN traO traP traQ traU traW traY
CP014494.1	16	16	contiguous	29800	5944	traE traI traK traL traM traN traO traP traQ traT traU traV traW traY trbA trbB
CP018461.1	13	11	contiguous	26036	7981	traI traK traL traM traN traO traP traQ traU traW traY
CP018674.1	13	13	split_2	69144	49857	traI traK traL traM traN traO traP traQ traU traW traY trbA trbB
CP020526.1	15	15	contiguous	25045	3919	traE traI traK traL traM traN traO traP traQ traU traV traW traY trbA trbB
CP020530.1	13	11	split_3	67834	29955	traI traK traL traM traN traO traP traQ traU traW traY
CP021898.1	15	15	contiguous	25045	3919	traE traI traK traL traM traN traO traP traQ traU traV traW traY trbA trbB
CP024251.1	15	15	contiguous	26203	6368	traI traK traL traM traN traO traP traQ traT traU traV traW traY trbA trbB
CP024976.1	16	16	split_2	135229	108726	traE traI traK traL traM traN traO traP traQ traT traU traV traW traY trbA trbB
CP025214.1	13	13	contiguous	20745	3638	traI traK traL traM traN traO traP traQ traU traW traY trbA trbB
CP026188.1	12	10	split_2	49132	32847	traI traK traL traM traN traO traP traQ traU traW
CP026194.1	13	11	split_3	77334	32847	traI traK traL traM traN traO traP traQ traU traW traY
CP027378.1	16	16	split_2	48203	24482	traE traI traK traL traM traN traO traP traQ traT traU traV traW traY trbA trbB
CP027379.1	15	15	split_2	95227	71573	traE traI traK traM traN traO traP traQ traT traU traV traW traY trbA trbB
CP027673.1	16	16	contiguous	33807	9539	traE traI traK traL traM traN traO traP traQ traT traU traV traW traY trbA trbB
CP027699.1	13	11	split_2	70302	45814	traI traK traL traM traN traO traP traQ traU traW traY
CP029720.1	13	11	contiguous	36244	16509	traI traK traL traM traN traO traP traQ traU traW traY
CP029771.1	16	16	contiguous	29791	5263	traE traI traK traL traM traN traO traP traQ traT traU traV traW traY trbA trbB
CP029842.1	16	16	contiguous	31163	5692	traE traI traK traL traM traN traO traP traQ traT traU traV traW traY trbA trbB
CP030839.1	16	16	contiguous	28602	4787	traE traI traK traL traM traN traO traP traQ traT traU traV traW traY trbA trbB
CP031374.2	13	11	contiguous	26564	6736	traI traK traL traM traN traO traP traQ traU traW traY
CP031731.1	11	10	split_3	61371	27671	traM traN traO traP traQ traU traW traY trbA trbB
CP033728.1	12	10	contiguous	30180	11507	traI traK traM traN traO traP traQ traU traW traY
CP034202.2	13	11	split_2	65493	45666	traI traK traL traM traN traO traP traQ traU traW traY
CP034251.1	16	16	contiguous	29857	6662	traE traI traK traL traM traN traO traP traQ traT traU traV traW traY trbA trbB
CP034252.1	16	16	contiguous	30103	5702	traE traI traK traL traM traN traO traP traQ traT traU traV traW traY trbA trbB
CP034325.1	13	11	contiguous	26344	6744	traI traK traL traM traN traO traP traQ traU traW traY
CP034708.1	13	10	contiguous	32096	9284	traI traK traM traN traO traP traQ traU traW traY
CP035009.1	16	16	contiguous	29994	5604	traE traI traK traL traM traN traO traP traQ traT traU traV traW traY trbA trbB
CP035635.1	15	15	contiguous	25876	4927	traE traI traK traL traM traN traO traP traQ traU traV traW traY trbA trbB
CP036162.1	15	15	contiguous	23138	4592	traI traK traL traM traN traO traP traQ traT traU traV traW traY trbA trbB
CP038508.1	16	16	split_2	316107	290858	traE traI traK traL traM traN traO traP traQ traT traU traV traW traY trbA trbB
CP040054.1	7	5	split_2	225963	188404	traM traN traU traW traY
CP040258.1	5	4	split_3	123009	83519	traM traN traU traW
CP041127.1	13	13	contiguous	20759	3652	traI traK traL traM traN traO traP traQ traU traW traY trbA trbB
CP042501.1	13	11	split_2	51647	33718	traI traK traL traM traN traO traP traQ traU traW traY
CP042618.1	16	16	contiguous	34137	9738	traE traI traK traL traM traN traO traP traQ traT traU traV traW traY trbA trbB
CP042951.1	16	16	contiguous	31959	8552	traE traI traK traL traM traN traO traP traQ traT traU traV traW traY trbA trbB
CP043738.1	16	16	split_2	109407	80418	traE traI traK traL traM traN traO traP traQ traT traU traV traW traY trbA trbB
CP043768.1	15	15	contiguous	25046	3919	traE traI traK traL traM traN traO traP traQ traU traV traW traY trbA trbB
CP044022.1	15	15	contiguous	32205	8802	traE traI traK traM traN traO traP traQ traT traU traV traW traY trbA trbB
CP048042.1	13	11	split_2	82099	59474	traI traK traL traM traN traO traP traQ traU traW traY
CP048295.1	16	16	contiguous	30841	6440	traE traI traK traL traM traN traO traP traQ traT traU traV traW traY trbA trbB
CP048298.1	16	16	contiguous	28360	5166	traE traI traK traL traM traN traO traP traQ traT traU traV traW traY trbA trbB
CP048936.1	16	16	contiguous	31798	8388	traE traI traK traL traM traN traO traP traQ traT traU traV traW traY trbA trbB
CP049611.1	16	16	contiguous	28608	4788	traE traI traK traL traM traN traO traP traQ traT traU traV traW traY trbA trbB
CP049876.1	16	16	split_2	83429	58487	traE traI traK traL traM traN traO traP traQ traT traU traV traW traY trbA trbB
CP049984.1	16	16	contiguous	28360	5166	traE traI traK traL traM traN traO traP traQ traT traU traV traW traY trbA trbB
CP050279.1	13	13	contiguous	19507	3728	traI traK traL traM traN traO traP traQ traU traW traY trbA trbB
CP050283.1	12	12	contiguous	20141	4119	traI traK traL traM traN traO traP traQ traU traW traY trbA
CP050288.1	13	13	split_2	74713	56383	traI traK traL traM traN traO traP traQ traU traW traY trbA trbB
CP050747.1	16	16	contiguous	29793	6599	traE traI traK traL traM traN traO traP traQ traT traU traV traW traY trbA trbB
CP051408.1	16	16	split_2	103050	78656	traE traI traK traL traM traN traO traP traQ traT traU traV traW traY trbA trbB
CP051629.1	14	14	contiguous	23709	4803	traI traK traL traM traN traO traP traQ traT traU traW traY trbA trbB
CP051676.1	16	16	split_2	294107	267667	traE traI traK traL traM traN traO traP traQ traT traU traV traW traY trbA trbB
CP052260.1	16	16	contiguous	31630	6994	traE traI traK traL traM traN traO traP traQ traT traU traV traW traY trbA trbB
CP052382.1	16	16	contiguous	30039	5639	traE traI traK traL traM traN traO traP traQ traT traU traV traW traY trbA trbB
CP052472.1	13	11	split_2	50599	32544	traI traK traL traM traN traO traP traQ traU traW traY
CP052779.1	16	16	contiguous	29794	6599	traE traI traK traL traM traN traO traP traQ traT traU traV traW traY trbA trbB
CP052781.1	16	16	contiguous	30040	5639	traE traI traK traL traM traN traO traP traQ traT traU traV traW traY trbA trbB
CP052783.1	16	16	split_2	311561	282988	traE traI traK traL traM traN traO traP traQ traT traU traV traW traY trbA trbB
CP052786.1	16	16	contiguous	30039	5639	traE traI traK traL traM traN traO traP traQ traT traU traV traW traY trbA trbB
CP052788.1	16	16	contiguous	30040	5639	traE traI traK traL traM traN traO traP traQ traT traU traV traW traY trbA trbB
CP052791.1	16	16	contiguous	30040	5639	traE traI traK traL traM traN traO traP traQ traT traU traV traW traY trbA trbB
CP052793.1	16	16	contiguous	30032	5639	traE traI traK traL traM traN traO traP traQ traT traU traV traW traY trbA trbB
CP052795.1	16	16	contiguous	29793	6599	traE traI traK traL traM traN traO traP traQ traT traU traV traW traY trbA trbB
CP052799.1	16	16	contiguous	30039	5638	traE traI traK traL traM traN traO traP traQ traT traU traV traW traY trbA trbB
CP052802.1	16	16	contiguous	29794	6599	traE traI traK traL traM traN traO traP traQ traT traU traV traW traY trbA trbB
CP052804.1	16	16	contiguous	30039	5639	traE traI traK traL traM traN traO traP traQ traT traU traV traW traY trbA trbB
CP052806.1	16	16	contiguous	30040	5639	traE traI traK traL traM traN traO traP traQ traT traU traV traW traY trbA trbB
CP052808.1	16	16	contiguous	30040	5639	traE traI traK traL traM traN traO traP traQ traT traU traV traW traY trbA trbB
CP052810.1	16	16	contiguous	30038	5639	traE traI traK traL traM traN traO traP traQ traT traU traV traW traY trbA trbB
CP052812.1	16	16	contiguous	30039	5638	traE traI traK traL traM traN traO traP traQ traT traU traV traW traY trbA trbB
CP052814.1	16	16	contiguous	29784	6596	traE traI traK traL traM traN traO traP traQ traT traU traV traW traY trbA trbB
CP052816.1	16	16	contiguous	30387	6596	traE traI traK traL traM traN traO traP traQ traT traU traV traW traY trbA trbB
CP052818.1	16	16	contiguous	30039	5639	traE traI traK traL traM traN traO traP traQ traT traU traV traW traY trbA trbB
CP052820.1	15	15	contiguous	29790	6690	traE traI traL traM traN traO traP traQ traT traU traV traW traY trbA trbB
CP052822.1	15	15	contiguous	29793	6690	traE traI traL traM traN traO traP traQ traT traU traV traW traY trbA trbB
CP052824.1	16	16	contiguous	29784	6598	traE traI traK traL traM traN traO traP traQ traT traU traV traW traY trbA trbB
CP052826.1	16	16	contiguous	29639	6599	traE traI traK traL traM traN traO traP traQ traT traU traV traW traY trbA trbB
CP052828.1	16	16	contiguous	29786	6597	traE traI traK traL traM traN traO traP traQ traT traU traV traW traY trbA trbB
CP052830.1	16	16	contiguous	30040	5639	traE traI traK traL traM traN traO traP traQ traT traU traV traW traY trbA trbB
CP052832.1	16	16	contiguous	30040	5639	traE traI traK traL traM traN traO traP traQ traT traU traV traW traY trbA trbB
CP052834.1	16	16	contiguous	30037	5639	traE traI traK traL traM traN traO traP traQ traT traU traV traW traY trbA trbB
CP052836.1	16	16	contiguous	29794	6599	traE traI traK traL traM traN traO traP traQ traT traU traV traW traY trbA trbB
CP052838.1	16	16	contiguous	30040	5639	traE traI traK traL traM traN traO traP traQ traT traU traV traW traY trbA trbB
CP052840.1	16	16	contiguous	29794	6599	traE traI traK traL traM traN traO traP traQ traT traU traV traW traY trbA trbB
CP053317.1	13	10	split_2	61634	40015	traI traK traM traN traO traP traQ traU traW traY
CP053327.1	14	14	contiguous	24836	6417	traI traL traM traN traO traP traQ traT traU traV traW traY trbA trbB
CP053328.1	16	16	contiguous	28607	4788	traE traI traK traL traM traN traO traP traQ traT traU traV traW traY trbA trbB
CP053333.1	16	16	contiguous	35849	6773	traE traI traK traL traM traN traO traP traQ traT traU traV traW traY trbA trbB
CP053403.1	13	13	contiguous	24228	4912	traI traK traL traM traN traO traP traQ traU traW traY trbA trbB
CP053415.1	14	14	contiguous	24837	6417	traI traL traM traN traO traP traQ traT traU traV traW traY trbA trbB
CP053577.1	13	13	contiguous	27363	7836	traI traK traL traM traN traO traP traQ traU traW traY trbA trbB
CP053578.1	9	9	contiguous	14743	5168	traP traQ traT traU traV traW traY trbA trbB
CP054316.1	16	16	contiguous	28952	4725	traE traI traK traL traM traN traO traP traQ traT traU traV traW traY trbA trbB
CP054459.1	15	15	split_2	80744	51582	traE traI traK traL traM traN traO traP traQ traU traV traW traY trbA trbB
CP055714.1	13	13	contiguous	23093	4429	traI traK traL traM traN traO traP traQ traU traW traY trbA trbB
CP056349.1	16	16	contiguous	30056	5655	traE traI traK traL traM traN traO traP traQ traT traU traV traW traY trbA trbB
CP056557.1	13	13	contiguous	25874	4969	traI traK traL traM traN traO traP traQ traU traW traY trbA trbB
CP056600.1	16	16	contiguous	32186	8777	traE traI traK traL traM traN traO traP traQ traT traU traV traW traY trbA trbB
CP056606.1	16	16	contiguous	29811	5413	traE traI traK traL traM traN traO traP traQ traT traU traV traW traY trbA trbB
CP056607.1	16	16	contiguous	33024	8379	traE traI traK traL traM traN traO traP traQ traT traU traV traW traY trbA trbB
CP056610.1	16	16	contiguous	33419	8762	traE traI traK traL traM traN traO traP traQ traT traU traV traW traY trbA trbB
CP056615.1	16	16	contiguous	33419	8762	traE traI traK traL traM traN traO traP traQ traT traU traV traW traY trbA trbB
CP056650.1	16	16	contiguous	30039	5639	traE traI traK traL traM traN traO traP traQ traT traU traV traW traY trbA trbB
CP056797.1	16	16	contiguous	28606	4787	traE traI traK traL traM traN traO traP traQ traT traU traV traW traY trbA trbB
CP056802.1	16	16	contiguous	27713	4788	traE traI traK traL traM traN traO traP traQ traT traU traV traW traY trbA trbB
CP056817.1	16	16	contiguous	28607	4788	traE traI traK traL traM traN traO traP traQ traT traU traV traW traY trbA trbB
CP056818.1	16	16	contiguous	31818	7734	traE traI traK traL traM traN traO traP traQ traT traU traV traW traY trbA trbB
CP056844.1	16	16	contiguous	29766	5365	traE traI traK traL traM traN traO traP traQ traT traU traV traW traY trbA trbB
CP056904.1	16	16	contiguous	33428	8771	traE traI traK traL traM traN traO traP traQ traT traU traV traW traY trbA trbB
CP056909.1	16	16	contiguous	30277	4788	traE traI traK traL traM traN traO traP traQ traT traU traV traW traY trbA trbB
CP056976.1	16	16	contiguous	28882	4788	traE traI traK traL traM traN traO traP traQ traT traU traV traW traY trbA trbB
CP057011.1	13	13	contiguous	23792	4429	traI traK traL traM traN traO traP traQ traU traW traY trbA trbB
CP057019.1	13	13	contiguous	23782	4429	traI traK traL traM traN traO traP traQ traU traW traY trbA trbB
CP057021.1	13	13	contiguous	23187	4429	traI traK traL traM traN traO traP traQ traU traW traY trbA trbB
CP057033.1	13	13	contiguous	23782	4429	traI traK traL traM traN traO traP traQ traU traW traY trbA trbB
CP057041.1	13	13	contiguous	23782	4429	traI traK traL traM traN traO traP traQ traU traW traY trbA trbB
CP057042.1	13	13	contiguous	23299	4429	traI traK traL traM traN traO traP traQ traU traW traY trbA trbB
CP057063.1	13	13	contiguous	23782	4429	traI traK traL traM traN traO traP traQ traU traW traY trbA trbB
CP057064.1	13	13	contiguous	23299	4429	traI traK traL traM traN traO traP traQ traU traW traY trbA trbB
CP057134.1	14	14	contiguous	33011	8355	traE traI traK traL traM traN traO traP traQ traU traW traY trbA trbB
CP057202.1	13	13	contiguous	23093	4429	traI traK traL traM traN traO traP traQ traU traW traY trbA trbB
CP057275.1	16	16	contiguous	32150	7749	traE traI traK traL traM traN traO traP traQ traT traU traV traW traY trbA trbB
CP057294.1	16	16	contiguous	30278	5877	traE traI traK traL traM traN traO traP traQ traT traU traV traW traY trbA trbB
CP057303.1	16	16	contiguous	30278	5877	traE traI traK traL traM traN traO traP traQ traT traU traV traW traY trbA trbB
CP057321.1	15	15	contiguous	25876	4927	traE traI traK traL traM traN traO traP traQ traU traV traW traY trbA trbB
CP057335.1	16	16	contiguous	33629	8784	traE traI traK traL traM traN traO traP traQ traT traU traV traW traY trbA trbB
CP057341.1	16	16	contiguous	33629	8784	traE traI traK traL traM traN traO traP traQ traT traU traV traW traY trbA trbB
CP057343.1	16	16	contiguous	33629	8784	traE traI traK traL traM traN traO traP traQ traT traU traV traW traY trbA trbB
CP057346.1	16	16	contiguous	33629	8784	traE traI traK traL traM traN traO traP traQ traT traU traV traW traY trbA trbB
CP057348.1	16	16	contiguous	33629	8784	traE traI traK traL traM traN traO traP traQ traT traU traV traW traY trbA trbB
CP057399.1	16	16	contiguous	39809	14970	traE traI traK traL traM traN traO traP traQ traT traU traV traW traY trbA trbB
CP057400.1	16	16	contiguous	28606	4788	traE traI traK traL traM traN traO traP traQ traT traU traV traW traY trbA trbB
CP057403.1	16	16	contiguous	28608	4789	traE traI traK traL traM traN traO traP traQ traT traU traV traW traY trbA trbB
CP057452.1	16	16	contiguous	28682	4788	traE traI traK traL traM traN traO traP traQ traT traU traV traW traY trbA trbB
CP057526.1	16	16	contiguous	30206	5805	traE traI traK traL traM traN traO traP traQ traT traU traV traW traY trbA trbB
CP057540.1	16	16	contiguous	28881	4788	traE traI traK traL traM traN traO traP traQ traT traU traV traW traY trbA trbB
CP057546.1	16	16	contiguous	30206	5805	traE traI traK traL traM traN traO traP traQ traT traU traV traW traY trbA trbB
CP057591.1	16	16	contiguous	30663	6261	traE traI traK traL traM traN traO traP traQ traT traU traV traW traY trbA trbB
CP057635.1	15	15	contiguous	28979	8178	traI traK traL traM traN traO traP traQ traT traU traV traW traY trbA trbB
CP057639.1	15	15	contiguous	28979	8178	traI traK traL traM traN traO traP traQ traT traU traV traW traY trbA trbB
CP057695.1	16	16	contiguous	32149	7749	traE traI traK traL traM traN traO traP traQ traT traU traV traW traY trbA trbB
CP057698.1	16	16	contiguous	28882	4788	traE traI traK traL traM traN traO traP traQ traT traU traV traW traY trbA trbB
CP057735.1	16	16	contiguous	28617	4788	traE traI traK traL traM traN traO traP traQ traT traU traV traW traY trbA trbB
CP057743.1	16	16	contiguous	28617	4788	traE traI traK traL traM traN traO traP traQ traT traU traV traW traY trbA trbB
CP057756.1	16	16	contiguous	28617	4788	traE traI traK traL traM traN traO traP traQ traT traU traV traW traY trbA trbB
CP057764.1	16	16	contiguous	28617	4788	traE traI traK traL traM traN traO traP traQ traT traU traV traW traY trbA trbB
CP057774.1	16	16	contiguous	30662	6261	traE traI traK traL traM traN traO traP traQ traT traU traV traW traY trbA trbB
CP057846.1	16	16	contiguous	32149	7749	traE traI traK traL traM traN traO traP traQ traT traU traV traW traY trbA trbB
CP057852.1	16	16	contiguous	32149	7749	traE traI traK traL traM traN traO traP traQ traT traU traV traW traY trbA trbB
CP057857.1	16	16	contiguous	32149	7749	traE traI traK traL traM traN traO traP traQ traT traU traV traW traY trbA trbB
CP057884.1	16	16	contiguous	30103	5702	traE traI traK traL traM traN traO traP traQ traT traU traV traW traY trbA trbB
CP057903.1	13	13	contiguous	23459	4429	traI traK traL traM traN traO traP traQ traU traW traY trbA trbB
CP057908.1	16	16	contiguous	28953	4788	traE traI traK traL traM traN traO traP traQ traT traU traV traW traY trbA trbB
CP057909.1	13	13	contiguous	23459	4429	traI traK traL traM traN traO traP traQ traU traW traY trbA trbB
CP057913.1	13	13	contiguous	23459	4429	traI traK traL traM traN traO traP traQ traU traW traY trbA trbB
CP057924.1	16	16	contiguous	28592	4788	traE traI traK traL traM traN traO traP traQ traT traU traV traW traY trbA trbB
CP057944.1	16	16	contiguous	28417	4788	traE traI traK traL traM traN traO traP traQ traT traU traV traW traY trbA trbB
CP057972.1	16	16	contiguous	40651	16250	traE traI traK traL traM traN traO traP traQ traT traU traV traW traY trbA trbB
CP057977.1	16	16	contiguous	32204	8795	traE traI traK traL traM traN traO traP traQ traT traU traV traW traY trbA trbB
CP057998.1	16	16	contiguous	30031	5630	traE traI traK traL traM traN traO traP traQ traT traU traV traW traY trbA trbB
CP058016.1	16	16	contiguous	28606	4787	traE traI traK traL traM traN traO traP traQ traT traU traV traW traY trbA trbB
CP059906.1	16	16	contiguous	31317	6915	traE traI traK traL traM traN traO traP traQ traT traU traV traW traY trbA trbB
CP059924.1	16	16	contiguous	31315	6914	traE traI traK traL traM traN traO traP traQ traT traU traV traW traY trbA trbB
CP060167.1	16	16	contiguous	30026	5632	traE traI traK traL traM traN traO traP traQ traT traU traV traW traY trbA trbB
CP060477.1	7	4	split_2	58802	34195	traM traN traU traW
CP061214.1	16	16	contiguous	39734	14882	traE traI traK traL traM traN traO traP traQ traT traU traV traW traY trbA trbB
CP061218.1	16	16	split_2	86780	61957	traE traI traK traL traM traN traO traP traQ traT traU traV traW traY trbA trbB
CP061221.1	16	16	contiguous	42875	19229	traE traI traK traL traM traN traO traP traQ traT traU traV traW traY trbA trbB
CP061224.1	16	16	split_2	101541	62254	traE traI traK traL traM traN traO traP traQ traT traU traV traW traY trbA trbB
CP061227.1	16	16	contiguous	42875	19229	traE traI traK traL traM traN traO traP traQ traT traU traV traW traY trbA trbB
CP061248.1	15	15	split_2	101018	62136	traE traI traK traL traM traN traO traP traQ traU traV traW traY trbA trbB
CP061251.1	14	14	split_2	86397	62145	traE traI traK traL traM traN traO traP traQ traU traW traY trbA trbB
CP061259.1	15	15	contiguous	32235	8806	traE traI traK traL traM traN traO traP traQ traU traV traW traY trbA trbB
CP061271.1	7	7	contiguous	28634	19466	traT traU traV traW traY trbA trbB
CP061273.1	15	15	contiguous	34418	11360	traE traK traL traM traN traO traP traQ traT traU traV traW traY trbA trbB
CP061688.1	6	5	split_4	269274	220841	traM traN traU traW traY
CP063724.1	16	16	split_2	89853	65013	traE traI traK traL traM traN traO traP traQ traT traU traV traW traY trbA trbB
CP063731.1	16	16	contiguous	41985	17145	traE traI traK traL traM traN traO traP traQ traT traU traV traW traY trbA trbB
CP063741.1	16	16	contiguous	39837	14998	traE traI traK traL traM traN traO traP traQ traT traU traV traW traY trbA trbB
CP065422.1	11	7	contiguous	57089	18471	traM traN traO traP traQ traU traY
CP065519.1	11	10	split_3	60981	27681	traM traN traO traP traQ traU traW traY trbA trbB
CP066329.1	16	16	contiguous	28606	4788	traE traI traK traL traM traN traO traP traQ traT traU traV traW traY trbA trbB
CP066336.1	16	16	contiguous	29794	6599	traE traI traK traL traM traN traO traP traQ traT traU traV traW traY trbA trbB
CP067504.1	13	11	split_2	50920	32841	traI traK traL traM traN traO traP traQ traU traW traY
CP067934.1	13	13	contiguous	20772	3659	traI traK traL traM traN traO traP traQ traU traW traY trbA trbB
CP067953.1	16	16	contiguous	28360	5167	traE traI traK traL traM traN traO traP traQ traT traU traV traW traY trbA trbB
CP069703.1	16	16	contiguous	31140	6015	traE traI traK traL traM traN traO traP traQ traT traU traV traW traY trbA trbB
CP070303.1	16	16	contiguous	29794	6599	traE traI traK traL traM traN traO traP traQ traT traU traV traW traY trbA trbB
CP070395.1	16	16	contiguous	32186	8710	traE traI traK traL traM traN traO traP traQ traT traU traV traW traY trbA trbB
CP070396.1	16	16	contiguous	30554	7442	traE traI traK traL traM traN traO traP traQ traT traU traV traW traY trbA trbB
CP071164.1	13	13	contiguous	20842	3731	traI traK traL traM traN traO traP traQ traU traW traY trbA trbB
CP071788.1	13	11	contiguous	26036	7981	traI traK traL traM traN traO traP traQ traU traW traY
CP073108.1	16	16	contiguous	28605	4785	traE traI traK traL traM traN traO traP traQ traT traU traV traW traY trbA trbB
CP074224.1	16	16	split_2	87543	61659	traE traI traK traL traM traN traO traP traQ traT traU traV traW traY trbA trbB
CP074320.1	16	16	contiguous	28361	5167	traE traI traK traL traM traN traO traP traQ traT traU traV traW traY trbA trbB
CP074342.1	16	16	contiguous	29794	6599	traE traI traK traL traM traN traO traP traQ traT traU traV traW traY trbA trbB
CP074344.1	16	16	contiguous	30040	5639	traE traI traK traL traM traN traO traP traQ traT traU traV traW traY trbA trbB
CP074608.1	16	16	contiguous	28606	4788	traE traI traK traL traM traN traO traP traQ traT traU traV traW traY trbA trbB
CP074613.1	16	16	contiguous	28360	5167	traE traI traK traL traM traN traO traP traQ traT traU traV traW traY trbA trbB
CP074624.1	13	13	contiguous	26651	6237	traI traK traL traM traN traO traP traQ traU traW traY trbA trbB
CP074629.1	13	13	contiguous	24222	5058	traI traK traL traM traN traO traP traQ traU traW traY trbA trbB
CP074631.1	13	13	contiguous	24029	5314	traI traK traL traM traN traO traP traQ traU traW traY trbA trbB
CP074634.1	13	13	split_2	131206	111081	traI traK traL traM traN traO traP traQ traU traW traY trbA trbB
CP074638.1	13	13	contiguous	24250	5054	traI traK traL traM traN traO traP traQ traU traW traY trbA trbB
CP074641.1	13	13	contiguous	24052	5354	traI traK traL traM traN traO traP traQ traU traW traY trbA trbB
CP074645.1	13	13	split_2	134531	111259	traI traK traL traM traN traO traP traQ traU traW traY trbA trbB
CP075047.1	13	13	contiguous	24036	5314	traI traK traL traM traN traO traP traQ traU traW traY trbA trbB
CP075049.1	13	13	contiguous	24451	5732	traI traK traL traM traN traO traP traQ traU traW traY trbA trbB
CP075051.1	13	13	split_2	120425	100129	traI traK traL traM traN traO traP traQ traU traW traY trbA trbB
CP076089.1	13	13	contiguous	24409	5723	traI traK traL traM traN traO traP traQ traU traW traY trbA trbB
CP076094.1	13	13	contiguous	23383	4698	traI traK traL traM traN traO traP traQ traU traW traY trbA trbB
CP076294.1	13	13	contiguous	26755	6921	traL traM traN traO traP traQ traT traU traV traW traY trbA trbB
CP076674.1	13	13	contiguous	20734	3623	traI traK traL traM traN traO traP traQ traU traW traY trbA trbB
CP077226.1	16	16	contiguous	28610	4788	traE traI traK traL traM traN traO traP traQ traT traU traV traW traY trbA trbB
CP077245.1	16	16	split_2	90441	59993	traE traI traK traL traM traN traO traP traQ traT traU traV traW traY trbA trbB
CP077274.1	16	16	contiguous	28610	4788	traE traI traK traL traM traN traO traP traQ traT traU traV traW traY trbA trbB
CP077282.1	16	16	contiguous	33564	9166	traE traI traK traL traM traN traO traP traQ traT traU traV traW traY trbA trbB
CP077327.1	16	16	contiguous	32195	8786	traE traI traK traL traM traN traO traP traQ traT traU traV traW traY trbA trbB
CP077343.1	16	16	contiguous	33319	10126	traE traI traK traL traM traN traO traP traQ traT traU traV traW traY trbA trbB
CP077667.1	16	16	contiguous	30035	5639	traE traI traK traL traM traN traO traP traQ traT traU traV traW traY trbA trbB
CP082371.1	16	16	contiguous	30122	5728	traE traI traK traL traM traN traO traP traQ traT traU traV traW traY trbA trbB
CP082378.1	16	16	split_2	102919	79290	traE traI traK traL traM traN traO traP traQ traT traU traV traW traY trbA trbB
CP082390.1	16	16	contiguous	28606	4788	traE traI traK traL traM traN traO traP traQ traT traU traV traW traY trbA trbB
CP082435.1	16	16	contiguous	30595	7400	traE traI traK traL traM traN traO traP traQ traT traU traV traW traY trbA trbB
CP082483.1	16	16	contiguous	28361	5167	traE traI traK traL traM traN traO traP traQ traT traU traV traW traY trbA trbB
CP082497.1	16	16	contiguous	30595	7400	traE traI traK traL traM traN traO traP traQ traT traU traV traW traY trbA trbB
CP082504.1	16	16	contiguous	30839	7077	traE traI traK traL traM traN traO traP traQ traT traU traV traW traY trbA trbB
CP082507.1	16	16	contiguous	31372	8177	traE traI traK traL traM traN traO traP traQ traT traU traV traW traY trbA trbB
CP082519.1	16	16	contiguous	28606	4788	traE traI traK traL traM traN traO traP traQ traT traU traV traW traY trbA trbB
CP082522.1	16	16	contiguous	29794	6599	traE traI traK traL traM traN traO traP traQ traT traU traV traW traY trbA trbB
CP082534.1	16	16	contiguous	30842	6272	traE traI traK traL traM traN traO traP traQ traT traU traV traW traY trbA trbB
CP082539.1	16	16	contiguous	30040	5639	traE traI traK traL traM traN traO traP traQ traT traU traV traW traY trbA trbB
CP082542.1	16	16	contiguous	28606	4788	traE traI traK traL traM traN traO traP traQ traT traU traV traW traY trbA trbB
CP082552.1	16	16	contiguous	30595	7400	traE traI traK traL traM traN traO traP traQ traT traU traV traW traY trbA trbB
CP082560.1	16	16	contiguous	30596	7400	traE traI traK traL traM traN traO traP traQ traT traU traV traW traY trbA trbB
CP082563.1	16	16	contiguous	30595	7400	traE traI traK traL traM traN traO traP traQ traT traU traV traW traY trbA trbB
CP082569.1	16	16	contiguous	30841	6440	traE traI traK traL traM traN traO traP traQ traT traU traV traW traY trbA trbB
CP082580.1	16	16	contiguous	28362	5167	traE traI traK traL traM traN traO traP traQ traT traU traV traW traY trbA trbB
CP082601.1	16	16	contiguous	28360	5166	traE traI traK traL traM traN traO traP traQ traT traU traV traW traY trbA trbB
CP082604.1	16	16	contiguous	30595	7400	traE traI traK traL traM traN traO traP traQ traT traU traV traW traY trbA trbB
CP082610.1	16	16	contiguous	28606	4788	traE traI traK traL traM traN traO traP traQ traT traU traV traW traY trbA trbB
CP082618.1	16	16	contiguous	29792	6599	traE traI traK traL traM traN traO traP traQ traT traU traV traW traY trbA trbB
CP082628.1	16	16	contiguous	28362	5167	traE traI traK traL traM traN traO traP traQ traT traU traV traW traY trbA trbB
CP082642.1	14	14	contiguous	21968	4731	traE traI traK traL traM traN traO traP traQ traT traU traV traW traY
CP082646.1	15	15	contiguous	31460	8148	traE traI traK traL traM traN traO traP traQ traT traU traV traW traY trbA
CP082649.1	16	16	contiguous	30595	7400	traE traI traK traL traM traN traO traP traQ traT traU traV traW traY trbA trbB
CP082656.1	16	16	contiguous	30595	7400	traE traI traK traL traM traN traO traP traQ traT traU traV traW traY trbA trbB
CP082669.1	16	16	contiguous	28608	4788	traE traI traK traL traM traN traO traP traQ traT traU traV traW traY trbA trbB
CP082671.1	16	16	contiguous	29030	5241	traE traI traK traL traM traN traO traP traQ traT traU traV traW traY trbA trbB
CP082694.1	15	15	contiguous	29368	7400	traE traI traK traL traM traN traO traP traQ traT traU traV traW traY trbA
CP082705.1	16	16	split_2	93109	69915	traE traI traK traL traM traN traO traP traQ traT traU traV traW traY trbA trbB
CP082707.1	16	16	contiguous	30102	5702	traE traI traK traL traM traN traO traP traQ traT traU traV traW traY trbA trbB
CP082710.1	16	16	split_2	109289	84895	traE traI traK traL traM traN traO traP traQ traT traU traV traW traY trbA trbB
CP082715.1	16	16	split_2	102093	78464	traE traI traK traL traM traN traO traP traQ traT traU traV traW traY trbA trbB
CP082717.1	16	16	contiguous	30841	6440	traE traI traK traL traM traN traO traP traQ traT traU traV traW traY trbA trbB
CP082750.1	16	16	contiguous	34872	7561	traE traI traK traL traM traN traO traP traQ traT traU traV traW traY trbA trbB
CP082752.1	12	10	split_2	120791	105919	traM traN traO traP traQ traT traU traV traW traY
CP083380.1	16	16	contiguous	30841	6440	traE traI traK traL traM traN traO traP traQ traT traU traV traW traY trbA trbB
CP084513.1	13	13	contiguous	21690	4516	traI traK traL traM traN traO traP traQ traU traW traY trbA trbB
CP084536.1	16	16	contiguous	30885	6975	traE traI traK traL traM traN traO traP traQ traT traU traV traW traY trbA trbB
CP088066.1	15	15	split_2	83687	57603	traE traI traK traL traM traN traP traQ traT traU traV traW traY trbA trbB
CP088354.1	16	16	contiguous	30088	5688	traE traI traK traL traM traN traO traP traQ traT traU traV traW traY trbA trbB
CP088371.1	16	16	contiguous	29842	6648	traE traI traK traL traM traN traO traP traQ traT traU traV traW traY trbA trbB
CP088378.1	16	16	contiguous	37295	9712	traE traI traK traL traM traN traO traP traQ traT traU traV traW traY trbA trbB
CP088388.1	16	16	contiguous	35638	9234	traE traI traK traL traM traN traO traP traQ traT traU traV traW traY trbA trbB
CP088395.1	16	16	contiguous	30088	5688	traE traI traK traL traM traN traO traP traQ traT traU traV traW traY trbA trbB
CP088403.1	16	16	contiguous	28607	4789	traE traI traK traL traM traN traO traP traQ traT traU traV traW traY trbA trbB
CP088412.1	16	16	contiguous	35653	9222	traE traI traK traL traM traN traO traP traQ traT traU traV traW traY trbA trbB
CP088426.1	16	16	contiguous	30088	5688	traE traI traK traL traM traN traO traP traQ traT traU traV traW traY trbA trbB
CP088437.1	16	16	contiguous	32895	8377	traE traI traK traL traM traN traO traP traQ traT traU traV traW traY trbA trbB
CP088445.1	15	15	split_2	80890	55264	traE traI traK traM traN traO traP traQ traT traU traV traW traY trbA trbB
CP088449.1	16	16	contiguous	35639	9234	traE traI traK traL traM traN traO traP traQ traT traU traV traW traY trbA trbB
CP088458.1	16	16	contiguous	29842	6648	traE traI traK traL traM traN traO traP traQ traT traU traV traW traY trbA trbB
CP088469.1	16	16	contiguous	30039	5639	traE traI traK traL traM traN traO traP traQ traT traU traV traW traY trbA trbB
CP088476.1	15	15	contiguous	27527	6726	traI traK traL traM traN traO traP traQ traT traU traV traW traY trbA trbB
CP088483.1	16	16	contiguous	30088	5688	traE traI traK traL traM traN traO traP traQ traT traU traV traW traY trbA trbB
CP088489.1	16	16	contiguous	31883	9647	traE traI traK traL traM traN traO traP traQ traT traU traV traW traY trbA trbB
CP088492.1	16	16	contiguous	30088	5688	traE traI traK traL traM traN traO traP traQ traT traU traV traW traY trbA trbB
CP088499.1	16	16	contiguous	30103	5702	traE traI traK traL traM traN traO traP traQ traT traU traV traW traY trbA trbB
CP088503.1	16	16	contiguous	35192	11684	traE traI traK traL traM traN traO traP traQ traT traU traV traW traY trbA trbB
CP088518.1	16	16	contiguous	35647	9234	traE traI traK traL traM traN traO traP traQ traT traU traV traW traY trbA trbB
CP088522.1	16	16	contiguous	29794	6599	traE traI traK traL traM traN traO traP traQ traT traU traV traW traY trbA trbB
CP088549.1	15	15	contiguous	31928	8934	traE traI traK traM traN traO traP traQ traT traU traV traW traY trbA trbB
CP088591.1	16	16	contiguous	35495	10844	traE traI traK traL traM traN traO traP traQ traT traU traV traW traY trbA trbB
CP088595.1	16	16	contiguous	29793	6599	traE traI traK traL traM traN traO traP traQ traT traU traV traW traY trbA trbB
CP088605.1	16	16	contiguous	33971	8384	traE traI traK traL traM traN traO traP traQ traT traU traV traW traY trbA trbB
CP088610.1	16	16	contiguous	35645	9223	traE traI traK traL traM traN traO traP traQ traT traU traV traW traY trbA trbB
CP088616.1	16	16	contiguous	30056	5655	traE traI traK traL traM traN traO traP traQ traT traU traV traW traY trbA trbB
CP088619.1	16	16	contiguous	35947	8660	traE traI traK traL traM traN traO traP traQ traT traU traV traW traY trbA trbB
CP088639.1	16	16	split_2	76487	50414	traE traI traK traL traM traN traO traP traQ traT traU traV traW traY trbA trbB
CP088674.1	16	16	contiguous	31501	9234	traE traI traK traL traM traN traO traP traQ traT traU traV traW traY trbA trbB
CP088675.1	16	16	contiguous	28608	4788	traE traI traK traL traM traN traO traP traQ traT traU traV traW traY trbA trbB
CP088678.1	16	16	contiguous	34088	7030	traE traI traK traL traM traN traO traP traQ traT traU traV traW traY trbA trbB
CP088685.1	16	16	contiguous	31106	6599	traE traI traK traL traM traN traO traP traQ traT traU traV traW traY trbA trbB
CP088700.1	16	16	contiguous	30088	5688	traE traI traK traL traM traN traO traP traQ traT traU traV traW traY trbA trbB
CP088704.1	16	16	split_2	92336	61662	traE traI traK traL traM traN traO traP traQ traT traU traV traW traY trbA trbB
CP088732.1	16	16	contiguous	35647	9234	traE traI traK traL traM traN traO traP traQ traT traU traV traW traY trbA trbB
CP088742.1	16	16	contiguous	31518	9234	traE traI traK traL traM traN traO traP traQ traT traU traV traW traY trbA trbB
CP088750.1	16	16	split_2	83981	61478	traE traI traK traL traM traN traO traP traQ traT traU traV traW traY trbA trbB
CP088777.1	16	16	contiguous	35956	8660	traE traI traK traL traM traN traO traP traQ traT traU traV traW traY trbA trbB
CP088788.1	16	16	contiguous	32221	8136	traE traI traK traL traM traN traO traP traQ traT traU traV traW traY trbA trbB
CP088792.1	16	16	contiguous	34432	12187	traE traI traK traL traM traN traO traP traQ traT traU traV traW traY trbA trbB
CP088801.1	16	16	contiguous	30103	5702	traE traI traK traL traM traN traO traP traQ traT traU traV traW traY trbA trbB
CP088807.1	16	16	contiguous	35959	8660	traE traI traK traL traM traN traO traP traQ traT traU traV traW traY trbA trbB
CP088824.1	16	16	contiguous	35938	8660	traE traI traK traL traM traN traO traP traQ traT traU traV traW traY trbA trbB
CP088825.1	16	16	contiguous	28361	5167	traE traI traK traL traM traN traO traP traQ traT traU traV traW traY trbA trbB
CP088840.1	16	16	contiguous	33470	8825	traE traI traK traL traM traN traO traP traQ traT traU traV traW traY trbA trbB
CP088849.1	16	16	contiguous	33356	8844	traE traI traK traL traM traN traO traP traQ traT traU traV traW traY trbA trbB
CP088856.1	16	16	contiguous	29842	6648	traE traI traK traL traM traN traO traP traQ traT traU traV traW traY trbA trbB
CP088863.1	16	16	split_2	115492	87926	traE traI traK traL traM traN traO traP traQ traT traU traV traW traY trbA trbB
CP088867.1	16	16	contiguous	31617	7330	traE traI traK traL traM traN traO traP traQ traT traU traV traW traY trbA trbB
CP088870.1	15	15	split_2	77926	52055	traE traI traL traM traN traO traP traQ traT traU traV traW traY trbA trbB
CP088891.1	16	16	contiguous	30040	5639	traE traI traK traL traM traN traO traP traQ traT traU traV traW traY trbA trbB
CP090077.1	16	16	contiguous	30090	5688	traE traI traK traL traM traN traO traP traQ traT traU traV traW traY trbA trbB
CP090250.1	16	16	contiguous	35977	8660	traE traI traK traL traM traN traO traP traQ traT traU traV traW traY trbA trbB
CP090275.1	16	16	contiguous	31046	8157	traE traI traK traL traM traN traO traP traQ traT traU traV traW traY trbA trbB
CP090290.1	13	13	contiguous	21115	4121	traI traK traL traM traN traO traP traQ traU traW traY trbA trbB
CP090291.1	16	16	contiguous	29857	6662	traE traI traK traL traM traN traO traP traQ traT traU traV traW traY trbA trbB
CP090403.1	16	16	contiguous	30594	7399	traE traI traK traL traM traN traO traP traQ traT traU traV traW traY trbA trbB
CP090404.1	16	16	contiguous	35941	8660	traE traI traK traL traM traN traO traP traQ traT traU traV traW traY trbA trbB
CP090857.1	16	16	contiguous	31550	7150	traE traI traK traL traM traN traO traP traQ traT traU traV traW traY trbA trbB
CP090862.1	16	16	contiguous	31550	7150	traE traI traK traL traM traN traO traP traQ traT traU traV traW traY trbA trbB
CP091395.1	15	15	split_2	96939	72940	traE traK traL traM traN traO traP traQ traT traU traV traW traY trbA trbB
CP091410.1	15	15	split_2	78291	50404	traE traK traL traM traN traO traP traQ traT traU traV traW traY trbA trbB
CP092295.1	16	16	contiguous	29794	6599	traE traI traK traL traM traN traO traP traQ traT traU traV traW traY trbA trbB
CP092298.1	16	16	contiguous	29794	6599	traE traI traK traL traM traN traO traP traQ traT traU traV traW traY trbA trbB
CP092299.1	16	16	contiguous	30103	5702	traE traI traK traL traM traN traO traP traQ traT traU traV traW traY trbA trbB
CP092302.1	16	16	contiguous	29794	6599	traE traI traK traL traM traN traO traP traQ traT traU traV traW traY trbA trbB
CP092313.1	16	16	contiguous	28364	5167	traE traI traK traL traM traN traO traP traQ traT traU traV traW traY trbA trbB
CP092323.1	16	16	split_2	97606	68399	traE traI traK traL traM traN traO traP traQ traT traU traV traW traY trbA trbB
CP093074.1	16	16	contiguous	28606	4788	traE traI traK traL traM traN traO traP traQ traT traU traV traW traY trbA trbB
CP093082.1	16	16	contiguous	28416	4787	traE traI traK traL traM traN traO traP traQ traT traU traV traW traY trbA trbB
CP093085.1	16	16	contiguous	31317	6916	traE traI traK traL traM traN traO traP traQ traT traU traV traW traY trbA trbB
CP093089.1	14	14	contiguous	29808	5726	traE traI traK traL traM traN traO traP traQ traU traW traY trbA trbB
CP093104.1	16	16	contiguous	28606	4788	traE traI traK traL traM traN traO traP traQ traT traU traV traW traY trbA trbB
CP093113.1	16	16	contiguous	29942	5548	traE traI traK traL traM traN traO traP traQ traT traU traV traW traY trbA trbB
CP093457.1	13	11	split_2	54657	36773	traI traK traL traM traN traO traP traQ traU traW traY
CP094900.1	13	11	split_2	62910	44933	traI traK traL traM traN traO traP traQ traU traW traY
CP097477.1	16	16	contiguous	33130	9721	traE traI traK traL traM traN traO traP traQ traT traU traV traW traY trbA trbB
CP098928.1	13	13	contiguous	26390	4980	traI traK traL traM traN traO traP traQ traU traW traY trbA trbB
CP098934.1	16	16	contiguous	28680	4788	traE traI traK traL traM traN traO traP traQ traT traU traV traW traY trbA trbB
CP098941.1	16	16	contiguous	28680	4788	traE traI traK traL traM traN traO traP traQ traT traU traV traW traY trbA trbB
CP098956.1	16	16	contiguous	28680	4788	traE traI traK traL traM traN traO traP traQ traT traU traV traW traY trbA trbB
CP099039.1	16	16	contiguous	28982	4788	traE traI traK traL traM traN traO traP traQ traT traU traV traW traY trbA trbB
CP099061.1	16	16	contiguous	28606	4787	traE traI traK traL traM traN traO traP traQ traT traU traV traW traY trbA trbB
CP099064.1	16	16	contiguous	28606	4787	traE traI traK traL traM traN traO traP traQ traT traU traV traW traY trbA trbB
CP099067.1	16	16	contiguous	28606	4787	traE traI traK traL traM traN traO traP traQ traT traU traV traW traY trbA trbB
CP099070.1	16	16	contiguous	28606	4787	traE traI traK traL traM traN traO traP traQ traT traU traV traW traY trbA trbB
CP099074.1	16	16	contiguous	28606	4787	traE traI traK traL traM traN traO traP traQ traT traU traV traW traY trbA trbB
CP099077.1	16	16	contiguous	28606	4787	traE traI traK traL traM traN traO traP traQ traT traU traV traW traY trbA trbB
CP099091.1	16	16	contiguous	28606	4787	traE traI traK traL traM traN traO traP traQ traT traU traV traW traY trbA trbB
CP099094.1	16	16	contiguous	28606	4787	traE traI traK traL traM traN traO traP traQ traT traU traV traW traY trbA trbB
CP099097.1	16	16	contiguous	28606	4787	traE traI traK traL traM traN traO traP traQ traT traU traV traW traY trbA trbB
CP099115.1	16	16	contiguous	28415	4788	traE traI traK traL traM traN traO traP traQ traT traU traV traW traY trbA trbB
CP099130.1	16	16	contiguous	30031	5630	traE traI traK traL traM traN traO traP traQ traT traU traV traW traY trbA trbB
CP099182.1	16	16	contiguous	28415	4788	traE traI traK traL traM traN traO traP traQ traT traU traV traW traY trbA trbB
CP099228.1	16	16	contiguous	32149	7749	traE traI traK traL traM traN traO traP traQ traT traU traV traW traY trbA trbB
CP099234.1	16	16	contiguous	32149	7749	traE traI traK traL traM traN traO traP traQ traT traU traV traW traY trbA trbB
CP099240.1	16	16	contiguous	32149	7749	traE traI traK traL traM traN traO traP traQ traT traU traV traW traY trbA trbB
CP099473.1	8	6	split_2	71133	51988	traI traK traU traM traN traO
CP099474.1	9	7	split_2	179917	162844	traI traK trbA traM traN traO traU
CP099708.1	13	13	contiguous	21062	3690	traI traK traL traM traN traO traP traQ traU traW traY trbA trbB
CP099927.1	7	6	split_2	231765	219176	traI traK traM traN traO traU
CP100016.1	16	16	contiguous	31078	5777	traE traI traK traL traM traN traO traP traQ traT traU traV traW traY trbA trbB
CP100655.1	16	16	contiguous	30040	5639	traE traI traK traL traM traN traO traP traQ traT traU traV traW traY trbA trbB
CP100658.1	16	16	contiguous	30040	5639	traE traI traK traL traM traN traO traP traQ traT traU traV traW traY trbA trbB
CP101888.1	6	4	split_2	54585	34885	traM traN traU traW
CP101953.1	16	16	split_2	91631	62591	traE traI traK traL traM traN traO traP traQ traT traU traV traW traY trbA trbB
CP101959.1	16	16	contiguous	29788	6591	traE traI traK traL traM traN traO traP traQ traT traU traV traW traY trbA trbB
CP101964.1	16	16	contiguous	29144	4788	traE traI traK traL traM traN traO traP traQ traT traU traV traW traY trbA trbB
CP101968.1	13	13	contiguous	20056	4731	traE traI traK traL traM traN traO traP traQ traT traU traV traW
CP102114.1	16	16	contiguous	33404	10011	traE traI traK traL traM traN traO traP traQ traT traU traV traW traY trbA trbB
CP104411.1	16	16	split_2	81342	53473	traE traI traK traL traM traN traO traP traQ traT traU traV traW traY trbA trbB
CP104414.1	16	16	contiguous	33404	10011	traE traI traK traL traM traN traO traP traQ traT traU traV traW traY trbA trbB
CP104418.1	16	16	contiguous	33404	10011	traE traI traK traL traM traN traO traP traQ traT traU traV traW traY trbA trbB
CP104424.1	16	16	contiguous	33706	9189	traE traI traK traL traM traN traO traP traQ traT traU traV traW traY trbA trbB
CP104429.1	16	16	contiguous	33707	9189	traE traI traK traL traM traN traO traP traQ traT traU traV traW traY trbA trbB
CP104432.1	16	16	contiguous	33400	10007	traE traI traK traL traM traN traO traP traQ traT traU traV traW traY trbA trbB
CP104436.1	16	16	contiguous	33397	10013	traE traI traK traL traM traN traO traP traQ traT traU traV traW traY trbA trbB
CP107228.1	13	13	contiguous	20842	3731	traI traK traL traM traN traO traP traQ traU traW traY trbA trbB
CP109686.1	11	7	split_2	161858	119395	traM traN traO traP traQ traU traY
CP109717.1	13	11	split_2	49162	29427	traI traK traL traM traN traO traP traQ traU traW traY
CP110412.1	16	16	contiguous	30593	7400	traE traI traK traL traM traN traO traP traQ traT traU traV traW traY trbA trbB
CP110598.1	13	11	contiguous	26564	6736	traI traK traL traM traN traO traP traQ traU traW traY
CP110599.1	13	11	contiguous	26036	7981	traI traK traL traM traN traO traP traQ traU traW traY
CP110725.1	13	11	split_2	64051	39463	traI traK traL traM traN traO traP traQ traU traW traY
CP110752.1	16	16	contiguous	37007	9726	traE traI traK traL traM traN traO traP traQ traT traU traV traW traY trbA trbB
CP111092.1	16	16	contiguous	28636	5441	traE traI traK traL traM traN traO traP traQ traT traU traV traW traY trbA trbB
CP112984.1	16	16	contiguous	28821	4788	traE traI traK traL traM traN traO traP traQ traT traU traV traW traY trbA trbB
CP113984.1	16	16	contiguous	28898	5703	traE traI traK traL traM traN traO traP traQ traT traU traV traW traY trbA trbB
CP113985.1	16	16	contiguous	28898	5703	traE traI traK traL traM traN traO traP traQ traT traU traV traW traY trbA trbB
CP113988.1	16	16	contiguous	29144	4788	traE traI traK traL traM traN traO traP traQ traT traU traV traW traY trbA trbB
CP113991.1	16	16	contiguous	29145	4789	traE traI traK traL traM traN traO traP traQ traT traU traV traW traY trbA trbB
CP113993.1	16	16	contiguous	29144	4788	traE traI traK traL traM traN traO traP traQ traT traU traV traW traY trbA trbB
CP113995.1	16	16	split_2	286016	261615	traE traI traK traL traM traN traO traP traQ traT traU traV traW traY trbA trbB
CP113998.1	16	16	contiguous	28898	5703	traE traI traK traL traM traN traO traP traQ traT traU traV traW traY trbA trbB
CP114001.1	16	16	contiguous	29144	4788	traE traI traK traL traM traN traO traP traQ traT traU traV traW traY trbA trbB
CP114003.1	16	16	contiguous	28898	5703	traE traI traK traL traM traN traO traP traQ traT traU traV traW traY trbA trbB
CP114004.1	16	16	contiguous	29144	4788	traE traI traK traL traM traN traO traP traQ traT traU traV traW traY trbA trbB
CP114147.1	13	11	split_2	47933	29956	traI traK traL traM traN traO traP traQ traU traW traY
CP114352.1	16	16	contiguous	28591	4788	traE traI traK traL traM traN traO traP traQ traT traU traV traW traY trbA trbB
CP114756.1	13	11	split_2	59297	41236	traI traK traL traM traN traO traP traQ traU traW traY
CP119201.1	8	6	split_2	56601	23762	traM traN traO traU traW traY
CP119204.1	7	6	split_3	55223	23763	traM traN traO traU traW traY
CP119208.1	5	4	split_2	57210	43139	traM traN traU traW
CP119216.1	6	5	split_3	55230	23766	traM traN traU traW traY
CP119218.1	6	5	split_2	57165	25636	traM traN traU traW traY
CP119229.1	7	5	split_2	56512	23765	traM traN traU traW traY
CP119239.1	7	5	split_2	56601	36899	traM traN traO traU traW
CP119243.1	7	5	split_2	55232	23766	traM traN traU traW traY
CP119251.1	5	4	split_2	55229	43830	traM traN traU traW
CP119485.1	16	16	contiguous	30951	7756	traE traI traK traL traM traN traO traP traQ traT traU traV traW traY trbA trbB
CP119489.1	16	16	contiguous	30841	6440	traE traI traK traL traM traN traO traP traQ traT traU traV traW traY trbA trbB
CP120716.1	16	16	contiguous	29504	4731	traE traI traK traL traM traN traO traP traQ traT traU traV traW traY trbA trbB
CP121420.1	16	16	contiguous	29327	4725	traE traI traK traL traM traN traO traP traQ traT traU traV traW traY trbA trbB
CP121421.1	16	16	contiguous	28877	5699	traE traI traK traL traM traN traO traP traQ traT traU traV traW traY trbA trbB
CP121424.1	16	16	contiguous	29330	4727	traE traI traK traL traM traN traO traP traQ traT traU traV traW traY trbA trbB
CP121425.1	16	16	contiguous	29332	4880	traE traI traK traL traM traN traO traP traQ traT traU traV traW traY trbA trbB
CP121429.1	16	16	contiguous	28882	4728	traE traI traK traL traM traN traO traP traQ traT traU traV traW traY trbA trbB
CP122672.1	16	16	split_2	79777	55371	traE traI traK traL traM traN traO traP traQ traT traU traV traW traY trbA trbB
CP122738.1	16	16	split_2	83590	60395	traE traI traK traL traM traN traO traP traQ traT traU traV traW traY trbA trbB
CP122747.1	16	16	split_2	83627	59973	traE traI traK traL traM traN traO traP traQ traT traU traV traW traY trbA trbB
CP122753.1	16	16	contiguous	32816	5702	traE traI traK traL traM traN traO traP traQ traT traU traV traW traY trbA trbB
CP122780.1	16	16	contiguous	30839	6931	traE traI traK traL traM traN traO traP traQ traT traU traV traW traY trbA trbB
CP122799.1	16	16	split_2	91479	59712	traE traI traK traL traM traN traO traP traQ traT traU traV traW traY trbA trbB
CP122843.1	16	16	split_2	95119	67909	traE traI traK traL traM traN traO traP traQ traT traU traV traW traY trbA trbB
CP122854.1	16	16	contiguous	28436	5241	traE traI traK traL traM traN traO traP traQ traT traU traV traW traY trbA trbB
CP122890.1	15	15	contiguous	28471	6503	traE traI traK traL traM traN traO traP traQ traT traU traV traW traY trbA
CP123652.1	16	16	contiguous	28636	5441	traE traI traK traL traM traN traO traP traQ traT traU traV traW traY trbA trbB
CP124978.1	16	16	contiguous	32242	8827	traE traI traK traL traM traN traO traP traQ traT traU traV traW traY trbA trbB
CP125015.1	16	16	contiguous	33966	8379	traE traI traK traL traM traN traO traP traQ traT traU traV traW traY trbA trbB
CP125022.1	16	16	contiguous	33444	9222	traE traI traK traL traM traN traO traP traQ traT traU traV traW traY trbA trbB
CP125065.1	16	16	contiguous	30861	7446	traE traI traK traL traM traN traO traP traQ traT traU traV traW traY trbA trbB
CP125217.1	11	7	contiguous	57492	18236	traM traN traO traP traQ traU traY
CP128418.1	15	15	contiguous	25393	4488	traE traI traK traL traM traN traO traP traQ traU traV traW traY trbA trbB
CP128708.1	13	11	contiguous	26036	7981	traI traK traL traM traN traO traP traQ traU traW traY
CP128713.1	13	11	contiguous	26564	6736	traI traK traL traM traN traO traP traQ traU traW traY
CP131128.1	11	7	contiguous	57281	18663	traM traN traO traP traQ traU traY
CP133143.1	16	16	contiguous	29857	6662	traE traI traK traL traM traN traO traP traQ traT traU traV traW traY trbA trbB
CP134894.1	16	16	contiguous	32781	7773	traE traI traK traL traM traN traO traP traQ traT traU traV traW traY trbA trbB
CP134907.1	16	16	contiguous	28869	4788	traE traI traK traL traM traN traO traP traQ traT traU traV traW traY trbA trbB
CP134914.1	16	16	contiguous	28606	4788	traE traI traK traL traM traN traO traP traQ traT traU traV traW traY trbA trbB
CP134920.1	16	16	contiguous	30088	5688	traE traI traK traL traM traN traO traP traQ traT traU traV traW traY trbA trbB
CP134932.1	16	16	contiguous	31848	8439	traE traI traK traL traM traN traO traP traQ traT traU traV traW traY trbA trbB
CP134937.1	16	16	contiguous	31848	8439	traE traI traK traL traM traN traO traP traQ traT traU traV traW traY trbA trbB
CP136011.1	6	5	split_3	151544	103402	traI trbA traM traN traU
CP137926.1	13	11	split_2	46897	28920	traI traK traL traM traN traO traP traQ traU traW traY
CP137941.1	11	7	contiguous	58186	15689	traM traN traO traP traQ traU traY
CP138908.1	12	12	split_2	85576	63969	traI traK traL traM traN traO traQ traU traW traY trbA trbB
CP139222.1	13	13	contiguous	20842	3731	traI traK traL traM traN traO traP traQ traU traW traY trbA trbB
CP139226.1	13	11	split_2	45121	27065	traI traK traL traM traN traO traP traQ traU traW traY
CP139232.1	13	11	split_2	45031	27065	traI traK traL traM traN traO traP traQ traU traW traY
CP139240.1	13	13	contiguous	20842	3731	traI traK traL traM traN traO traP traQ traU traW traY trbA trbB
CP139951.1	13	11	contiguous	26036	7981	traI traK traL traM traN traO traP traQ traU traW traY
CP141834.1	12	8	split_3	113874	49839	traM traN traO traP traQ traU traW traY
CP142082.1	13	11	contiguous	43258	16615	traL traM traN traO traP traQ traU traW traY trbA trbB
CP142529.1	16	16	contiguous	28371	5176	traE traI traK traL traM traN traO traP traQ traT traU traV traW traY trbA trbB
CP142534.1	16	16	contiguous	28360	5167	traE traI traK traL traM traN traO traP traQ traT traU traV traW traY trbA trbB
CP142536.1	16	16	contiguous	28417	4788	traE traI traK traL traM traN traO traP traQ traT traU traV traW traY trbA trbB
CP142541.1	16	16	contiguous	28416	4788	traE traI traK traL traM traN traO traP traQ traT traU traV traW traY trbA trbB
CP142549.1	16	16	contiguous	31830	8421	traE traI traK traL traM traN traO traP traQ traT traU traV traW traY trbA trbB
CP142562.1	7	7	contiguous	16162	7817	traE traU traV traW traY trbA trbB
CP142564.1	16	16	contiguous	28172	4978	traE traI traK traL traM traN traO traP traQ traT traU traV traW traY trbA trbB
CP142575.1	16	16	contiguous	28616	4787	traE traI traK traL traM traN traO traP traQ traT traU traV traW traY trbA trbB
CP142579.1	16	16	contiguous	28360	5167	traE traI traK traL traM traN traO traP traQ traT traU traV traW traY trbA trbB
CP142581.1	16	16	contiguous	28804	4784	traE traI traK traL traM traN traO traP traQ traT traU traV traW traY trbA trbB
CP142587.1	16	16	contiguous	28362	5167	traE traI traK traL traM traN traO traP traQ traT traU traV traW traY trbA trbB
CP143561.1	16	16	contiguous	28891	5703	traE traI traK traL traM traN traO traP traQ traT traU traV traW traY trbA trbB
CP144216.1	16	16	contiguous	34132	9731	traE traI traK traL traM traN traO traP traQ traT traU traV traW traY trbA trbB
CP144323.1	13	13	contiguous	21113	4121	traI traK traL traM traN traO traP traQ traU traW traY trbA trbB
CP144466.1	7	5	contiguous	48545	15993	traM traN traU traW traY
CP146543.1	13	11	contiguous	26466	6734	traI traK traL traM traN traO traP traQ traU traW traY
CP148298.1	16	16	contiguous	31157	5702	traE traI traK traL traM traN traO traP traQ traT traU traV traW traY trbA trbB
CP148781.1	15	15	contiguous	30238	6157	traE traI traK traM traN traO traP traQ traT traU traV traW traY trbA trbB
CP148783.1	16	16	contiguous	30041	5641	traE traI traK traL traM traN traO traP traQ traT traU traV traW traY trbA trbB
CP148851.1	16	16	contiguous	30034	5638	traE traI traK traL traM traN traO traP traQ traT traU traV traW traY trbA trbB
CP148853.1	16	16	contiguous	30059	6365	traE traI traK traL traM traN traO traP traQ traT traU traV traW traY trbA trbB
CP148855.1	16	16	contiguous	30041	5639	traE traI traK traL traM traN traO traP traQ traT traU traV traW traY trbA trbB
CP148857.1	16	16	contiguous	30040	5638	traE traI traK traL traM traN traO traP traQ traT traU traV traW traY trbA trbB
CP148859.1	16	16	contiguous	30241	6364	traE traI traK traL traM traN traO traP traQ traT traU traV traW traY trbA trbB
CP148861.1	16	16	contiguous	29646	6806	traE traI traK traL traM traN traO traP traQ traT traU traV traW traY trbA trbB
CP148865.1	16	16	contiguous	30237	6766	traE traI traK traL traM traN traO traP traQ traT traU traV traW traY trbA trbB
CP148869.1	16	16	contiguous	30240	6158	traE traI traK traL traM traN traO traP traQ traT traU traV traW traY trbA trbB
CP148871.1	16	16	contiguous	30236	6158	traE traI traK traL traM traN traO traP traQ traT traU traV traW traY trbA trbB
CP148884.1	16	16	contiguous	30038	6316	traE traI traK traL traM traN traO traP traQ traT traU traV traW traY trbA trbB
CP148887.1	16	16	contiguous	30038	5639	traE traI traK traL traM traN traO traP traQ traT traU traV traW traY trbA trbB
CP152066.1	13	13	contiguous	24890	5645	traI traK traL traM traN traO traP traQ traU traW traY trbA trbB
CP152067.1	14	14	contiguous	37672	8589	traE traI traK traL traM traN traO traP traQ traU traW traY trbA trbB
CP157137.1	16	16	contiguous	33320	9643	traE traI traK traL traM traN traO traP traQ traT traU traV traW traY trbA trbB
HG428759.1	16	16	contiguous	30839	6440	traE traI traK traL traM traN traO traP traQ traT traU traV traW traY trbA trbB
HG793099.1	13	13	contiguous	28122	5683	traI traK traL traM traN traO traP traQ traU traW traY trbA trbB
KP294350.1	13	11	split_2	78983	61009	traI traK traL traM traN traO traP traQ traU traW traY
LC567050.1	16	16	contiguous	28606	4787	traE traI traK traL traM traN traO traP traQ traT traU traV traW traY trbA trbB
LC567051.1	16	16	contiguous	30103	5702	traE traI traK traL traM traN traO traP traQ traT traU traV traW traY trbA trbB
LC567052.1	16	16	contiguous	30103	5702	traE traI traK traL traM traN traO traP traQ traT traU traV traW traY trbA trbB
LC567053.1	16	16	contiguous	28882	4788	traE traI traK traL traM traN traO traP traQ traT traU traV traW traY trbA trbB
LC567054.1	16	16	contiguous	32351	7325	traE traI traK traL traM traN traO traP traQ traT traU traV traW traY trbA trbB
LC567055.1	16	16	contiguous	29814	5413	traE traI traK traL traM traN traO traP traQ traT traU traV traW traY trbA trbB
LC567056.1	16	16	contiguous	28606	4787	traE traI traK traL traM traN traO traP traQ traT traU traV traW traY trbA trbB
LC567057.1	16	16	contiguous	28606	4787	traE traI traK traL traM traN traO traP traQ traT traU traV traW traY trbA trbB
LC567058.1	16	16	contiguous	29942	4787	traE traI traK traL traM traN traO traP traQ traT traU traV traW traY trbA trbB
LC567059.1	16	16	contiguous	30028	5630	traE traI traK traL traM traN traO traP traQ traT traU traV traW traY trbA trbB
LC567060.1	16	16	contiguous	28606	4787	traE traI traK traL traM traN traO traP traQ traT traU traV traW traY trbA trbB
LC567061.1	16	16	contiguous	28616	4788	traE traI traK traL traM traN traO traP traQ traT traU traV traW traY trbA trbB
LC567062.1	16	16	contiguous	33313	6876	traE traI traK traL traM traN traO traP traQ traT traU traV traW traY trbA trbB
LC567063.1	16	16	contiguous	30039	5639	traE traI traK traL traM traN traO traP traQ traT traU traV traW traY trbA trbB
LC567064.1	16	16	contiguous	30040	5639	traE traI traK traL traM traN traO traP traQ traT traU traV traW traY trbA trbB
LC567065.1	16	16	contiguous	30039	5639	traE traI traK traL traM traN traO traP traQ traT traU traV traW traY trbA trbB
LC567066.1	16	16	contiguous	33069	6882	traE traI traK traL traM traN traO traP traQ traT traU traV traW traY trbA trbB
LC567067.1	16	16	contiguous	33313	6876	traE traI traK traL traM traN traO traP traQ traT traU traV traW traY trbA trbB
LC567068.1	16	16	contiguous	29814	5413	traE traI traK traL traM traN traO traP traQ traT traU traV traW traY trbA trbB
LC567069.1	15	15	contiguous	30842	4788	traE traI traK traL traM traN traO traP traQ traT traU traW traY trbA trbB
LC567070.1	16	16	contiguous	33313	6876	traE traI traK traL traM traN traO traP traQ traT traU traV traW traY trbA trbB
LC567071.1	16	16	contiguous	29811	5413	traE traI traK traL traM traN traO traP traQ traT traU traV traW traY trbA trbB
LC567072.1	16	16	contiguous	29736	5335	traE traI traK traL traM traN traO traP traQ traT traU traV traW traY trbA trbB
LC567073.1	16	16	contiguous	28882	4788	traE traI traK traL traM traN traO traP traQ traT traU traV traW traY trbA trbB
LC567074.1	16	16	contiguous	30103	5702	traE traI traK traL traM traN traO traP traQ traT traU traV traW traY trbA trbB
LC567075.1	16	16	contiguous	33313	6876	traE traI traK traL traM traN traO traP traQ traT traU traV traW traY trbA trbB
LC567076.1	16	16	contiguous	33313	6876	traE traI traK traL traM traN traO traP traQ traT traU traV traW traY trbA trbB
LC567077.1	16	16	contiguous	33313	6876	traE traI traK traL traM traN traO traP traQ traT traU traV traW traY trbA trbB
LC567078.1	16	16	contiguous	33313	6876	traE traI traK traL traM traN traO traP traQ traT traU traV traW traY trbA trbB
LC567079.1	16	16	contiguous	32735	8337	traE traI traK traL traM traN traO traP traQ traT traU traV traW traY trbA trbB
LC567080.1	16	16	contiguous	28882	4788	traE traI traK traL traM traN traO traP traQ traT traU traV traW traY trbA trbB
LC567081.1	16	16	contiguous	30039	5639	traE traI traK traL traM traN traO traP traQ traT traU traV traW traY trbA trbB
LC567082.1	16	16	contiguous	30039	5639	traE traI traK traL traM traN traO traP traQ traT traU traV traW traY trbA trbB
LC567083.1	16	16	contiguous	28606	4787	traE traI traK traL traM traN traO traP traQ traT traU traV traW traY trbA trbB
LC567084.1	16	16	contiguous	28606	4787	traE traI traK traL traM traN traO traP traQ traT traU traV traW traY trbA trbB
LC567085.1	16	16	contiguous	28882	4788	traE traI traK traL traM traN traO traP traQ traT traU traV traW traY trbA trbB
LC567086.1	16	16	contiguous	28882	4788	traE traI traK traL traM traN traO traP traQ traT traU traV traW traY trbA trbB
LC567087.1	16	16	contiguous	28882	4788	traE traI traK traL traM traN traO traP traQ traT traU traV traW traY trbA trbB
LC567088.1	16	16	contiguous	28882	4788	traE traI traK traL traM traN traO traP traQ traT traU traV traW traY trbA trbB
LC567089.1	16	16	contiguous	32319	6375	traE traI traK traL traM traN traO traP traQ traT traU traV traW traY trbA trbB
LC567090.1	16	16	contiguous	28606	4787	traE traI traK traL traM traN traO traP traQ traT traU traV traW traY trbA trbB
LC567091.1	16	16	contiguous	30904	6503	traE traI traK traL traM traN traO traP traQ traT traU traV traW traY trbA trbB
LC567092.1	16	16	contiguous	28389	4784	traE traI traK traL traM traN traO traP traQ traT traU traV traW traY trbA trbB
LC567093.1	16	16	contiguous	28606	4787	traE traI traK traL traM traN traO traP traQ traT traU traV traW traY trbA trbB
LC567094.1	16	16	contiguous	28606	4787	traE traI traK traL traM traN traO traP traQ traT traU traV traW traY trbA trbB
LC567095.1	16	16	contiguous	28882	4788	traE traI traK traL traM traN traO traP traQ traT traU traV traW traY trbA trbB
LC567096.1	16	16	contiguous	29811	5413	traE traI traK traL traM traN traO traP traQ traT traU traV traW traY trbA trbB
LC567097.1	16	16	contiguous	28606	4787	traE traI traK traL traM traN traO traP traQ traT traU traV traW traY trbA trbB
LC567098.1	16	16	contiguous	31367	6126	traE traI traK traL traM traN traO traP traQ traT traU traV traW traY trbA trbB
LC567099.1	16	16	contiguous	28882	4788	traE traI traK traL traM traN traO traP traQ traT traU traV traW traY trbA trbB
LC602695.1	13	11	split_2	51372	33362	traI traK traL traM traN traO traP traQ traU traW traY
LC602696.1	13	11	split_2	51372	33362	traI traK traL traM traN traO traP traQ traU traW traY
LC602697.1	13	11	split_2	51372	33362	traI traK traL traM traN traO traP traQ traU traW traY
LC602698.1	13	11	split_2	51372	33362	traI traK traL traM traN traO traP traQ traU traW traY
LC602699.1	13	11	split_2	51372	33362	traI traK traL traM traN traO traP traQ traU traW traY
LC602700.1	13	11	split_2	51372	33362	traI traK traL traM traN traO traP traQ traU traW traY
LC635857.1	13	11	split_2	51372	33362	traI traK traL traM traN traO traP traQ traU traW traY
LC685027.1	7	5	split_2	62027	36626	traI traK traM traN traU
LC735985.1	13	11	split_2	51389	33505	traI traK traL traM traN traO traP traQ traU traW traY
LC746219.1	13	11	split_2	64842	46967	traI traK traL traM traN traO traP traQ traU traW traY
LC765518.1	13	13	split_2	62987	44566	traI traK traL traM traN traO traP traQ traU traW traY trbA trbB
LR213460.1	16	16	contiguous	32218	8803	traE traI traK traL traM traN traO traP traQ traT traU traV traW traY trbA trbB
LR890436.1	13	11	split_2	50401	32202	traI traK traL traM traN traO traP traQ traU traW traY
LR890577.1	16	16	contiguous	28880	4788	traE traI traK traL traM traN traO traP traQ traT traU traV traW traY trbA trbB
LR890589.1	13	13	contiguous	20747	3638	traI traK traL traM traN traO traP traQ traU traW traY trbA trbB
LR890720.1	13	13	contiguous	20572	3461	traI traK traL traM traN traO traP traQ traU traW traY trbA trbB
LT969521.1	11	7	contiguous	62564	19621	traM traN traO traP traQ traU traY
LT985289.1	16	16	contiguous	29811	5413	traE traI traK traL traM traN traO traP traQ traT traU traV traW traY trbA trbB
MF554637.1	16	16	contiguous	33381	9828	traE traI traK traL traM traN traO traP traQ traT traU traV traW traY trbA trbB
MH430881.1	14	14	contiguous	28869	5388	traE traI traK traM traN traO traP traQ traT traU traW traY trbA trbB
MW548582.1	13	11	split_2	54612	36773	traI traK traL traM traN traO traP traQ traU traW traY
NC_002122.1	16	16	contiguous	28882	4788	traE traI traK traL traM traN traO traP traQ traT traU traV traW traY trbA trbB
NC_002523.5	13	13	split_2	152832	132701	traI traK traL traM traN traO traP traQ traU traW traY trbA trbB
NC_004464.2	13	11	split_2	52692	34808	traI traK traL traM traN traO traP traQ traU traW traY
NC_004632.1	13	13	contiguous	24487	5029	traI traK traL traM traN traO traP traQ traU traW traY trbA trbB
NC_004633.1	13	13	contiguous	24544	4634	traI traK traL traM traN traO traP traQ traU traW traY trbA trbB
NC_005014.1	16	16	contiguous	28616	4788	traE traI traK traL traM traN traO traP traQ traT traU traV traW traY trbA trbB
NC_005246.1	13	11	contiguous	26322	8270	traI traK traL traM traN traO traP traQ traU traW traY
NC_006672.1	9	7	contiguous	31919	15722	traI trbA traK traM traN traO traU
NC_006856.1	12	6	contiguous	21911	10691	traU traV traW traY trbA trbB
NC_007365.1	16	16	contiguous	38974	15899	traE traI traK traL traM traN traO traP traQ traT traU traV traW traY trbA trbB
NC_007507.1	10	6	split_3	171966	123632	traM traN traP traQ traU traY
NC_008738.1	5	4	split_3	107822	68785	traM traN traU traY
NC_009705.1	8	5	split_2	122107	96051	traM traN traP traU traW
NC_010580.1	9	7	split_2	174613	156531	traI traK trbA traM traN traO traU
NC_011077.1	16	16	contiguous	30841	6440	traE traI traK traL traM traN traO traP traQ traT traU traV traW traY trbA trbB
NC_011081.1	16	16	contiguous	28617	4788	traE traI traK traL traM traN traO traP traQ traT traU traV traW traY trbA trbB
NC_011419.1	16	16	contiguous	28583	4788	traE traI traK traL traM traN traO traP traQ traT traU traV traW traY trbA trbB
NC_011641.1	13	11	contiguous	31363	13479	traI traK traL traM traN traO traP traQ traU traW traY
NC_011754.1	16	16	contiguous	31834	7749	traE traI traK traL traM traN traO traP traQ traT traU traV traW traY trbA trbB
NC_011759.1	13	13	split_2	89984	72236	traI traK traL traM traN traO traP traQ traU traW traY trbA trbB
NC_012487.1	16	16	contiguous	31931	9668	traE traI traK traL traM traN traO traP traQ traT traU traV traW traY trbA trbB
NC_012811.1	8	7	split_5	1193641	555424	traI traK trbA traQ traM traN traU
NC_013120.1	16	16	contiguous	30039	5639	traE traI traK traL traM traN traO traP traQ traT traU traV traW traY trbA trbB
NC_013211.1	5	4	contiguous	10864	4412	traI traK trbA traU
NC_013973.1	13	13	contiguous	23772	5245	traI traK traL traM traN traO traP traQ traU traW traY trbA trbB
NC_014383.1	16	16	split_2	91058	60698	traE traI traK traL traM traN traO traP traQ traT traU traV traW traY trbA trbB
NC_014477.1	16	16	contiguous	38594	11012	traE traI traK traL traM traN traO traP traQ traT traU traV traW traY trbA trbB
NC_014642.1	9	9	split_4	88673	28866	traI traM traN traO traQ traU trbA traW traY
NC_014843.1	16	16	contiguous	31900	9658	traE traI traK traL traM traN traO traP traQ traT traU traV traW traY trbA trbB
NC_015855.1	12	8	split_3	119541	62752	traM traN traO traP traQ traU traW traY
NC_015965.1	16	16	contiguous	31307	5571	traE traI traK traL traM traN traO traP traQ traT traU traV traW traY trbA trbB
NC_016037.1	9	7	contiguous	28538	8126	traI traK trbA traM traN traQ traU
NC_017105.1	5	4	contiguous	10864	4412	traI traK trbA traU
NC_017113.1	5	4	contiguous	10864	4412	traI traK trbA traU
NC_017118.1	5	4	contiguous	10864	4412	traI traK trbA traU
NC_017122.1	5	4	contiguous	10864	4412	traI traK trbA traU
NC_017126.1	5	4	contiguous	10864	4412	traI traK trbA traU
NC_017131.1	5	4	contiguous	10864	4412	traI traK trbA traU
NC_017149.1	5	4	contiguous	10864	4412	traI traK trbA traU
NC_017637.1	16	16	contiguous	28904	4788	traE traI traK traL traM traN traO traP traQ traT traU traV traW traY trbA trbB
NC_017642.1	16	16	contiguous	32908	7194	traE traI traK traL traM traN traO traP traQ traT traU traV traW traY trbA trbB
NC_017643.1	13	13	contiguous	24235	4429	traI traK traL traM traN traO traP traQ traU traW traY trbA trbB
NC_017665.1	16	16	contiguous	28904	4788	traE traI traK traL traM traN traO traP traQ traT traU traV traW traY trbA trbB
NC_017675.1	16	16	contiguous	28606	4788	traE traI traK traL traM traN traO traP traQ traT traU traV traW traY trbA trbB
NC_017718.1	16	16	contiguous	28606	4788	traE traI traK traL traM traN traO traP traQ traT traU traV traW traY trbA trbB
NC_018659.1	16	16	split_2	85410	58733	traE traI traK traL traM traN traO traP traQ traT traU traV traW traY trbA trbB
NC_018746.1	11	7	split_2	101641	59106	traM traN traO traP traQ traU traY
NC_018995.1	16	16	contiguous	32204	8795	traE traI traK traL traM traN traO traP traQ traT traU traV traW traY trbA trbB
NC_019043.1	16	16	contiguous	30018	4936	traE traI traK traL traM traN traO traP traQ traT traU traV traW traY trbA trbB
NC_019044.1	16	16	contiguous	32908	7194	traE traI traK traL traM traN traO traP traQ traT traU traV traW traY trbA trbB
NC_019061.1	16	16	contiguous	33137	6196	traE traI traK traL traM traN traO traP traQ traT traU traV traW traY trbA trbB
NC_019063.1	13	11	split_2	52396	34197	traI traK traL traM traN traO traP traQ traU traW traY
NC_019097.1	16	16	contiguous	31001	6747	traE traI traK traL traM traN traO traP traQ traT traU traV traW traY trbA trbB
NC_019099.1	16	16	contiguous	30911	6510	traE traI traK traL traM traN traO traP traQ traT traU traV traW traY trbA trbB
NC_019104.1	16	16	contiguous	30103	5702	traE traI traK traL traM traN traO traP traQ traT traU traV traW traY trbA trbB
NC_019111.1	16	16	contiguous	28438	5241	traE traI traK traL traM traN traO traP traQ traT traU traV traW traY trbA trbB
NC_019123.1	16	16	contiguous	28606	4788	traE traI traK traL traM traN traO traP traQ traT traU traV traW traY trbA trbB
NC_019131.1	16	16	contiguous	28608	4788	traE traI traK traL traM traN traO traP traQ traT traU traV traW traY trbA trbB
NC_019137.1	16	16	contiguous	28604	4788	traE traI traK traL traM traN traO traP traQ traT traU traV traW traY trbA trbB
NC_019154.1	12	11	contiguous	24929	7981	traI traK traL traM traN traO traP traQ traU traW traY
NC_019265.2	6	6	contiguous	11407	3739	traQ traU traW traY trbA trbB
NC_019335.1	13	10	split_2	81420	52264	traI traK traM traN traO traP traQ traU traW traY
NC_019336.1	13	10	contiguous	36048	15008	traI traK traM traN traO traP traQ traU traW traY
NC_019344.1	13	11	split_2	52777	34902	traI traK traL traM traN traO traP traQ traU traW traY
NC_019346.1	13	11	split_2	37878	20126	traI traK traL traM traN traO traP traQ traU traW traY
NC_019368.1	13	11	split_2	54013	36084	traI traK traL traM traN traO traP traQ traU traW traY
NC_019394.1	5	4	split_2	47246	20894	traI traM traN traU
NC_019889.1	13	11	split_2	53820	35621	traI traK traL traM traN traO traP traQ traU traW traY
NC_020991.1	16	16	contiguous	29793	6599	traE traI traK traL traM traN traO traP traQ traT traU traV traW traY trbA trbB
NC_021078.1	13	11	split_2	70485	45410	traI traK traL traM traN traO traP traQ traU traW traY
NC_021198.1	13	13	contiguous	20750	3641	traI traK traL traM traN traO traP traQ traU traW traY trbA trbB
NC_021250.1	13	8	split_2	58287	23684	traM traN traO traP traQ traU traW traY
NC_021488.1	13	11	contiguous	25834	7981	traI traK traL traM traN traO traP traQ traU traW traY
NC_021502.1	13	11	contiguous	25834	7981	traI traK traL traM traN traO traP traQ traU traW traY
NC_021718.1	5	4	split_2	47246	20894	traI traM traN traU
NC_021811.1	16	16	split_2	114160	89570	traE traI traK traL traM traN traO traP traQ traT traU traV traW traY trbA trbB
NC_021813.2	16	16	contiguous	28360	5166	traE traI traK traL traM traN traO traP traQ traT traU traV traW traY trbA trbB
NC_022267.1	16	16	contiguous	30276	4788	traE traI traK traL traM traN traO traP traQ traT traU traV traW traY trbA trbB
NC_022371.1	15	15	contiguous	32194	8786	traE traI traK traL traM traN traO traP traQ traU traV traW traY trbA trbB
NC_022742.1	16	16	contiguous	29811	5413	traE traI traK traL traM traN traO traP traQ traT traU traV traW traY trbA trbB
NC_022885.1	16	16	split_2	90811	66410	traE traI traK traL traM traN traO traP traQ traT traU traV traW traY trbA trbB
NC_022992.1	16	16	contiguous	38668	13828	traE traI traK traL traM traN traO traP traQ traT traU traV traW traY trbA trbB
NC_022996.1	16	16	contiguous	38533	13828	traE traI traK traL traM traN traO traP traQ traT traU traV traW traY trbA trbB
NC_023027.1	13	11	split_2	62617	37547	traI traK traL traM traN traO traP traQ traU traW traY
NC_023275.1	16	16	contiguous	32815	7327	traE traI traK traL traM traN traO traP traQ traT traU traV traW traY trbA trbB
NC_023276.1	16	16	contiguous	32815	7327	traE traI traK traL traM traN traO traP traQ traT traU traV traW traY trbA trbB
NC_023290.1	16	16	contiguous	32815	7327	traE traI traK traL traM traN traO traP traQ traT traU traV traW traY trbA trbB
NC_023326.1	7	7	contiguous	12817	4978	traE traU traV traW traY trbA trbB
NC_023329.1	16	16	contiguous	28603	4787	traE traI traK traL traM traN traO traP traQ traT traU traV traW traY trbA trbB
NC_023899.1	16	16	contiguous	28360	5167	traE traI traK traL traM traN traO traP traQ traT traU traV traW traY trbA trbB
NC_023900.2	16	16	contiguous	31700	7299	traE traI traK traL traM traN traO traP traQ traT traU traV traW traY trbA trbB
NC_024955.2	16	16	contiguous	28617	4788	traE traI traK traL traM traN traO traP traQ traT traU traV traW traY trbA trbB
NC_024975.1	16	16	contiguous	28606	4787	traE traI traK traL traM traN traO traP traQ traT traU traV traW traY trbA trbB
NC_024976.1	16	16	contiguous	28608	4788	traE traI traK traL traM traN traO traP traQ traT traU traV traW traY trbA trbB
NC_024977.1	16	16	contiguous	29809	5412	traE traI traK traL traM traN traO traP traQ traT traU traV traW traY trbA trbB
NC_024978.1	16	16	contiguous	30102	5701	traE traI traK traL traM traN traO traP traQ traT traU traV traW traY trbA trbB
NC_024979.1	16	16	contiguous	26432	4787	traE traI traK traL traM traN traO traP traQ traT traU traV traW traY trbA trbB
NC_024980.1	13	13	contiguous	23090	5701	traE traI traK traO traP traQ traT traU traV traW traY trbA trbB
NC_024997.1	13	11	contiguous	26467	6735	traI traK traL traM traN traO traP traQ traU traW traY
NC_025134.1	13	11	split_2	78751	59056	traI traK traL traM traN traO traP traQ traU traW traY
NC_025138.1	16	16	contiguous	39837	14998	traE traI traK traL traM traN traO traP traQ traT traU traV traW traY trbA trbB
NC_025140.1	16	16	contiguous	30040	5639	traE traI traK traL traM traN traO traP traQ traT traU traV traW traY trbA trbB
NC_025142.1	16	16	contiguous	28606	4787	traE traI traK traL traM traN traO traP traQ traT traU traV traW traY trbA trbB
NC_025143.1	16	16	contiguous	28360	5167	traE traI traK traL traM traN traO traP traQ traT traU traV traW traY trbA trbB
NC_025144.1	16	16	contiguous	28360	5167	traE traI traK traL traM traN traO traP traQ traT traU traV traW traY trbA trbB
NC_025145.1	16	16	contiguous	33636	8791	traE traI traK traL traM traN traO traP traQ traT traU traV traW traY trbA trbB
NC_025147.1	16	16	contiguous	30278	5877	traE traI traK traL traM traN traO traP traQ traT traU traV traW traY trbA trbB
NC_025176.1	16	16	contiguous	28360	5167	traE traI traK traL traM traN traO traP traQ traT traU traV traW traY trbA trbB
NC_025180.1	16	16	contiguous	28362	5167	traE traI traK traL traM traN traO traP traQ traT traU traV traW traY trbA trbB
NC_032099.1	16	16	contiguous	30861	7452	traE traI traK traL traM traN traO traP traQ traT traU traV traW traY trbA trbB
NC_032100.1	16	16	contiguous	28608	4788	traE traI traK traL traM traN traO traP traQ traT traU traV traW traY trbA trbB
NZ_AP014650.1	7	5	contiguous	49901	16498	traM traN traU traW traY
NZ_AP014805.1	16	16	contiguous	28609	4788	traE traI traK traL traM traN traO traP traQ traT traU traV traW traY trbA trbB
NZ_AP017613.1	16	16	split_2	104372	69120	traE traI traK traL traM traN traO traP traQ traT traU traV traW traY trbA trbB
NZ_AP017892.1	16	16	contiguous	28882	4788	traE traI traK traL traM traN traO traP traQ traT traU traV traW traY trbA trbB
NZ_AP017893.1	16	16	contiguous	28882	4788	traE traI traK traL traM traN traO traP traQ traT traU traV traW traY trbA trbB
NZ_AP018454.1	13	11	split_2	51372	33362	traI traK traL traM traN traO traP traQ traU traW traY
NZ_AP018455.1	13	11	split_2	50238	32228	traI traK traL traM traN traO traP traQ traU traW traY
NZ_AP018797.1	16	16	contiguous	39837	14998	traE traI traK traL traM traN traO traP traQ traT traU traV traW traY trbA trbB
NZ_AP018803.1	16	16	contiguous	39837	14998	traE traI traK traL traM traN traO traP traQ traT traU traV traW traY trbA trbB
NZ_AP019667.1	13	11	split_2	55825	37848	traI traK traL traM traN traO traP traQ traU traW traY
NZ_AP019672.1	13	13	contiguous	20842	3731	traI traK traL traM traN traO traP traQ traU traW traY trbA trbB
NZ_AP019762.1	16	16	contiguous	39837	14998	traE traI traK traL traM traN traO traP traQ traT traU traV traW traY trbA trbB
NZ_AP021877.1	7	7	contiguous	14868	4167	traI traN traO traY traM traU traW
NZ_AP021916.1	16	16	contiguous	29736	5335	traE traI traK traL traM traN traO traP traQ traT traU traV traW traY trbA trbB
NZ_AP021945.1	16	16	contiguous	32181	5335	traE traI traK traL traM traN traO traP traQ traT traU traV traW traY trbA trbB
NZ_AP021948.1	16	16	split_2	87149	62748	traE traI traK traL traM traN traO traP traQ traT traU traV traW traY trbA trbB
NZ_AP022037.1	16	16	contiguous	30039	5639	traE traI traK traL traM traN traO traP traQ traT traU traV traW traY trbA trbB
NZ_AP022066.1	16	16	contiguous	28360	5167	traE traI traK traL traM traN traO traP traQ traT traU traV traW traY trbA trbB
NZ_AP022071.1	16	16	split_2	76159	51641	traE traI traK traL traM traN traO traP traQ traT traU traV traW traY trbA trbB
NZ_AP022088.1	16	16	contiguous	29170	5259	traE traI traK traL traM traN traO traP traQ traT traU traV traW traY trbA trbB
NZ_AP022090.1	16	16	contiguous	29977	7747	traE traI traK traL traM traN traO traP traQ traT traU traV traW traY trbA trbB
NZ_AP022097.1	16	16	contiguous	28882	4788	traE traI traK traL traM traN traO traP traQ traT traU traV traW traY trbA trbB
NZ_AP022122.1	16	16	contiguous	28882	4788	traE traI traK traL traM traN traO traP traQ traT traU traV traW traY trbA trbB
NZ_AP022128.1	13	11	split_2	54657	36773	traI traK traL traM traN traO traP traQ traU traW traY
NZ_AP022160.1	16	16	contiguous	28417	5441	traE traI traK traL traM traN traO traP traQ traT traU traV traW traY trbA trbB
NZ_AP022174.1	16	16	split_2	86397	58820	traE traI traK traL traM traN traO traP traQ traT traU traV traW traY trbA trbB
NZ_AP022216.1	16	16	contiguous	32807	5893	traE traI traK traL traM traN traO traP traQ traT traU traV traW traY trbA trbB
NZ_AP022224.1	16	16	split_2	77949	51527	traE traI traK traL traM traN traO traP traQ traT traU traV traW traY trbA trbB
NZ_AP022263.1	16	16	contiguous	30051	5650	traE traI traK traL traM traN traO traP traQ traT traU traV traW traY trbA trbB
NZ_AP022271.1	13	13	contiguous	20842	3731	traI traK traL traM traN traO traP traQ traU traW traY trbA trbB
NZ_AP022289.1	16	16	contiguous	30032	5631	traE traI traK traL traM traN traO traP traQ traT traU traV traW traY trbA trbB
NZ_AP022296.1	16	16	contiguous	36412	9377	traE traI traK traL traM traN traO traP traQ traT traU traV traW traY trbA trbB
NZ_AP022334.1	8	6	contiguous	22473	5168	traI traK traM traN traO traU
NZ_AP022370.1	13	13	contiguous	20842	3731	traI traK traL traM traN traO traP traQ traU traW traY trbA trbB
NZ_AP022548.1	16	16	split_2	101958	77558	traE traI traK traL traM traN traO traP traQ traT traU traV traW traY trbA trbB
NZ_AP022813.1	16	16	contiguous	32229	8820	traE traI traK traL traM traN traO traP traQ traT traU traV traW traY trbA trbB
NZ_AP022817.1	16	16	contiguous	34786	8829	traE traI traK traL traM traN traO traP traQ traT traU traV traW traY trbA trbB
NZ_AP022849.1	10	6	split_6	641337	183696	traI traK trbA traQ traW traU
NZ_AP024115.1	15	15	contiguous	26503	5702	traI traK traL traM traN traO traP traQ traT traU traV traW traY trbA trbB
NZ_AP024117.1	16	16	contiguous	37038	11702	traE traI traK traL traM traN traO traP traQ traT traU traV traW traY trbA trbB
NZ_AP024917.1	13	11	split_2	49165	31188	traI traK traL traM traN traO traP traQ traU traW traY
NZ_AP025174.1	11	9	split_3	344053	301171	traM traN traO traP traQ traU traY trbA traW
NZ_AP025182.1	16	16	contiguous	30099	5700	traE traI traK traL traM traN traO traP traQ traT traU traV traW traY trbA trbB
NZ_AP025678.1	16	16	contiguous	32213	8798	traE traI traK traL traM traN traO traP traQ traT traU traV traW traY trbA trbB
NZ_AP025743.1	16	16	contiguous	42544	17705	traE traI traK traL traM traN traO traP traQ traT traU traV traW traY trbA trbB
NZ_AP025753.1	16	16	contiguous	28550	4789	traE traI traK traL traM traN traO traP traQ traT traU traV traW traY trbA trbB
NZ_AP025789.1	13	11	split_2	51414	33449	traI traK traL traM traN traO traP traQ traU traW traY
NZ_AP027158.1	16	16	contiguous	28555	4788	traE traI traK traL traM traN traO traP traQ traT traU traV traW traY trbA trbB
NZ_AP027160.1	16	16	contiguous	42544	17705	traE traI traK traL traM traN traO traP traQ traT traU traV traW traY trbA trbB
NZ_AP027166.1	16	16	contiguous	38161	13321	traE traI traK traL traM traN traO traP traQ traT traU traV traW traY trbA trbB
NZ_AP027207.1	16	16	contiguous	38978	15902	traE traI traK traL traM traN traO traP traQ traT traU traV traW traY trbA trbB
NZ_AP027213.1	16	16	contiguous	38975	15900	traE traI traK traL traM traN traO traP traQ traT traU traV traW traY trbA trbB
NZ_AP027218.1	16	16	contiguous	37322	14212	traE traI traK traL traM traN traO traP traQ traT traU traV traW traY trbA trbB
NZ_AP027219.1	16	16	contiguous	32206	7871	traE traI traK traL traM traN traO traP traQ traT traU traV traW traY trbA trbB
NZ_AP027247.1	16	16	contiguous	39272	15006	traE traI traK traL traM traN traO traP traQ traT traU traV traW traY trbA trbB
NZ_AP027255.1	16	16	contiguous	37605	13334	traE traI traK traL traM traN traO traP traQ traT traU traV traW traY trbA trbB
NZ_AP027257.1	16	16	contiguous	39253	14979	traE traI traK traL traM traN traO traP traQ traT traU traV traW traY trbA trbB
NZ_AP027259.1	16	16	contiguous	39253	14979	traE traI traK traL traM traN traO traP traQ traT traU traV traW traY trbA trbB
NZ_AP027430.1	16	16	contiguous	28608	4788	traE traI traK traL traM traN traO traP traQ traT traU traV traW traY trbA trbB
NZ_AP027435.1	16	16	contiguous	28608	4788	traE traI traK traL traM traN traO traP traQ traT traU traV traW traY trbA trbB
NZ_AP027439.1	16	16	contiguous	29057	5536	traE traI traK traL traM traN traO traP traQ traT traU traV traW traY trbA trbB
NZ_AP027555.1	16	16	contiguous	29943	5543	traE traI traK traL traM traN traO traP traQ traT traU traV traW traY trbA trbB
NZ_AP027600.1	16	16	contiguous	30280	5879	traE traI traK traL traM traN traO traP traQ traT traU traV traW traY trbA trbB
NZ_AP027654.1	16	16	contiguous	28606	4787	traE traI traK traL traM traN traO traP traQ traT traU traV traW traY trbA trbB
NZ_AP027793.1	16	16	contiguous	31485	9222	traE traI traK traL traM traN traO traP traQ traT traU traV traW traY trbA trbB
NZ_AP027815.1	16	16	contiguous	31112	6767	traE traI traK traL traM traN traO traP traQ traT traU traV traW traY trbA trbB
NZ_AP027832.1	16	16	contiguous	31078	6677	traE traI traK traL traM traN traO traP traQ traT traU traV traW traY trbA trbB
NZ_AP027928.1	16	16	contiguous	30278	5878	traE traI traK traL traM traN traO traP traQ traT traU traV traW traY trbA trbB
NZ_AP028312.1	16	16	contiguous	30103	5702	traE traI traK traL traM traN traO traP traQ traT traU traV traW traY trbA trbB
NZ_AP028817.1	16	16	contiguous	30278	5878	traE traI traK traL traM traN traO traP traQ traT traU traV traW traY trbA trbB
NZ_AP028824.1	10	10	contiguous	17483	5877	traO traP traQ traT traU traV traW traY trbA trbB
NZ_AP028828.1	16	16	contiguous	32727	5877	traE traI traK traL traM traN traO traP traQ traT traU traV traW traY trbA trbB
NZ_AP028833.1	16	16	contiguous	32727	5877	traE traI traK traL traM traN traO traP traQ traT traU traV traW traY trbA trbB
NZ_AP028838.1	16	16	contiguous	32727	5877	traE traI traK traL traM traN traO traP traQ traT traU traV traW traY trbA trbB
NZ_AP028843.1	16	16	contiguous	32727	5877	traE traI traK traL traM traN traO traP traQ traT traU traV traW traY trbA trbB
NZ_AP028848.1	16	16	contiguous	35370	7431	traE traI traK traL traM traN traO traP traQ traT traU traV traW traY trbA trbB
NZ_AP028854.1	16	16	contiguous	33014	6336	traE traI traK traL traM traN traO traP traQ traT traU traV traW traY trbA trbB
NZ_AP028859.1	16	16	contiguous	35370	7431	traE traI traK traL traM traN traO traP traQ traT traU traV traW traY trbA trbB
NZ_CP004389.1	8	4	split_2	56916	22451	traI traK traQ traU
NZ_CP006641.1	16	16	contiguous	31145	5673	traE traI traK traL traM traN traO traP traQ traT traU traV traW traY trbA trbB
NZ_CP007231.1	13	13	contiguous	21545	4519	traI traK traL traM traN traO traP traQ traU traW traY trbA trbB
NZ_CP007733.1	12	12	split_3	75503	35141	traI traK traM traN traO traP traQ traU traW traY trbA trbB
NZ_CP008817.1	8	4	split_2	45698	32217	traQ traU traW traY
NZ_CP009052.1	16	16	contiguous	32894	8376	traE traI traK traL traM traN traO traP traQ traT traU traV traW traY trbA trbB
NZ_CP009105.1	16	16	contiguous	40088	17011	traE traI traK traL traM traN traO traP traQ traT traU traV traW traY trbA trbB
NZ_CP009107.1	16	16	contiguous	37342	14206	traE traI traK traL traM traN traO traP traQ traT traU traV traW traY trbA trbB
NZ_CP009566.1	16	16	contiguous	28361	5167	traE traI traK traL traM traN traO traP traQ traT traU traV traW traY trbA trbB
NZ_CP009886.1	13	11	split_2	45487	20768	traL traM traN traO traP traQ traU traW traY trbA trbB
NZ_CP010130.1	16	16	contiguous	31110	7915	traE traI traK traL traM traN traO traP traQ traT traU traV traW traY trbA trbB
NZ_CP010142.1	16	16	contiguous	32579	7328	traE traI traK traL traM traN traO traP traQ traT traU traV traW traY trbA trbB
NZ_CP010233.1	16	16	contiguous	29856	6661	traE traI traK traL traM traN traO traP traQ traT traU traV traW traY trbA trbB
NZ_CP010317.1	15	15	contiguous	25030	5441	traI traK traL traM traN traO traP traQ traT traU traV traW traY trbA trbB
NZ_CP010351.1	6	5	split_3	55382	23771	traM traN traU traW traY
NZ_CP010365.1	12	10	split_2	68822	43622	traI traK traL traM traN traO traQ traU traW traY
NZ_CP010383.2	15	15	contiguous	25045	3919	traE traI traK traL traM traN traO traP traQ traU traV traW traY trbA trbB
NZ_CP010385.1	15	15	split_2	102716	81305	traE traI traK traL traM traN traO traP traQ traU traV traW traY trbA trbB
NZ_CP010831.1	16	16	contiguous	28436	5241	traE traI traK traL traM traN traO traP traQ traT traU traV traW traY trbA trbB
NZ_CP011593.1	13	11	split_2	38954	20977	traI traK traL traM traN traO traP traQ traU traW traY
NZ_CP011599.1	13	11	split_2	53030	35053	traI traK traL traM traN traO traP traQ traU traW traY
NZ_CP011609.1	13	11	split_3	68868	29956	traI traK traL traM traN traO traP traQ traU traW traY
NZ_CP011614.1	13	11	split_3	91193	44162	traI traK traL traM traN traO traP traQ traU traW traY
NZ_CP011640.1	13	11	split_3	70622	29956	traI traK traL traM traN traO traP traQ traU traW traY
NZ_CP011656.1	13	11	split_3	68177	29956	traI traK traL traM traN traO traP traQ traU traW traY
NZ_CP012005.1	7	5	contiguous	46406	17278	traM traN traU traW traY
NZ_CP012007.1	7	5	contiguous	47762	17776	traM traN traU traW traY
NZ_CP012564.1	13	13	contiguous	21023	4119	traI traK traL traM traN traO traP traQ traU traW traY trbA trbB
NZ_CP012569.1	13	13	contiguous	21023	4119	traI traK traL traM traN traO traP traQ traU traW traY trbA trbB
NZ_CP012627.1	16	16	contiguous	29842	6648	traE traI traK traL traM traN traO traP traQ traT traU traV traW traY trbA trbB
NZ_CP012923.1	16	16	contiguous	30841	6440	traE traI traK traL traM traN traO traP traQ traT traU traV traW traY trbA trbB
NZ_CP012929.1	16	16	contiguous	28882	4788	traE traI traK traL traM traN traO traP traQ traT traU traV traW traY trbA trbB
NZ_CP012936.1	16	16	contiguous	30841	6440	traE traI traK traL traM traN traO traP traQ traT traU traV traW traY trbA trbB
NZ_CP013024.1	16	16	split_2	116026	80774	traE traI traK traL traM traN traO traP traQ traT traU traV traW traY trbA trbB
NZ_CP013125.1	6	4	split_2	215158	187946	traI traM traN traU
NZ_CP013193.1	4	4	contiguous	5087	4022	traE traO traP traU
NZ_CP013221.1	16	16	contiguous	28360	5166	traE traI traK traL traM traN traO traP traQ traT traU traV traW traY trbA trbB
NZ_CP013224.1	16	16	contiguous	28606	4788	traE traI traK traL traM traN traO traP traQ traT traU traV traW traY trbA trbB
NZ_CP013340.1	13	13	contiguous	20634	3533	traI traK traL traM traN traO traP traQ traU traW traY trbA trbB
NZ_CP013929.1	5	4	split_2	47247	20895	traI traM traN traU
NZ_CP013931.1	5	4	split_2	47247	20895	traI traM traN traU
NZ_CP014072.1	13	11	split_2	47154	29177	traI traK traL traM traN traO traP traQ traU traW traY
NZ_CP014096.2	16	16	split_2	80868	54469	traE traI traK traL traM traN traO traP traQ traT traU traV traW traY trbA trbB
NZ_CP014478.1	6	5	split_2	121725	90051	traM traN traU traW traY
NZ_CP014622.1	16	16	contiguous	30854	6453	traE traI traK traL traM traN traO traP traQ traT traU traV traW traY trbA trbB
NZ_CP014662.1	16	16	contiguous	28606	4788	traE traI traK traL traM traN traO traP traQ traT traU traV traW traY trbA trbB
NZ_CP014675.1	9	7	contiguous	24728	6154	traI traK trbA traM traN traO traU
NZ_CP014682.1	4	4	contiguous	15759	12365	traI traK trbA traU
NZ_CP014690.1	7	5	contiguous	18965	7397	traI traK traM traN traU
NZ_CP014698.2	12	10	split_2	47948	29956	traI traK traM traN traO traP traQ traU traW traY
NZ_CP014966.1	16	16	contiguous	30595	7400	traE traI traK traL traM traN traO traP traQ traT traU traV traW traY trbA trbB
NZ_CP014972.2	16	16	contiguous	28882	4788	traE traI traK traL traM traN traO traP traQ traT traU traV traW traY trbA trbB
NZ_CP015071.1	13	11	split_2	68153	43003	traI traK traL traM traN traO traP traQ traU traW traY
NZ_CP015075.2	13	11	contiguous	26519	6736	traI traK traL traM traN traO traP traQ traU traW traY
NZ_CP015141.1	16	16	contiguous	31557	6906	traE traI traK traL traM traN traO traP traQ traT traU traV traW traY trbA trbB
NZ_CP015161.1	16	16	split_2	83292	58503	traE traI traK traL traM traN traO traP traQ traT traU traV traW traY trbA trbB
NZ_CP015169.1	9	7	contiguous	25087	9116	traI traK trbA traM traN traO traU
NZ_CP015502.1	13	13	contiguous	21023	4119	traI traK traL traM traN traO traP traQ traU traW traY trbA trbB
NZ_CP015514.1	7	6	split_2	229833	216830	traI traK traM traN traO traU
NZ_CP015585.1	9	7	contiguous	22005	6331	traI traK trbA traM traN traO traU
NZ_CP015640.1	13	13	contiguous	22101	4197	traI traK traL traM traN traO traP traQ traU traW traY trbA trbB
NZ_CP015916.1	16	16	contiguous	28882	4788	traE traI traK traL traM traN traO traP traQ traT traU traV traW traY trbA trbB
NZ_CP015996.1	16	16	contiguous	28356	5166	traE traI traK traL traM traN traO traP traQ traT traU traV traW traY trbA trbB
NZ_CP016173.1	7	4	split_2	83680	58493	traM traN traU traW
NZ_CP016387.1	16	16	contiguous	28362	5167	traE traI traK traL traM traN traO traP traQ traT traU traV traW traY trbA trbB
NZ_CP016407.1	16	16	contiguous	29794	6599	traE traI traK traL traM traN traO traP traQ traT traU traV traW traY trbA trbB
NZ_CP016409.1	16	16	contiguous	29794	6599	traE traI traK traL traM traN traO traP traQ traT traU traV traW traY trbA trbB
NZ_CP016411.1	16	16	contiguous	29794	6599	traE traI traK traL traM traN traO traP traQ traT traU traV traW traY trbA trbB
NZ_CP016413.1	16	16	contiguous	29794	6599	traE traI traK traL traM traN traO traP traQ traT traU traV traW traY trbA trbB
NZ_CP016441.1	13	12	contiguous	42086	12706	traK traM traN traO traP traQ traU traW traY trbA trbB traL
NZ_CP016463.1	9	6	split_6	494398	174804	traI traK trbA traQ traW traU
NZ_CP016516.1	16	16	contiguous	30841	6440	traE traI traK traL traM traN traO traP traQ traT traU traV traW traY trbA trbB
NZ_CP016520.1	16	16	contiguous	28608	4788	traE traI traK traL traM traN traO traP traQ traT traU traV traW traY trbA trbB
NZ_CP016522.1	16	16	contiguous	30841	6440	traE traI traK traL traM traN traO traP traQ traT traU traV traW traY trbA trbB
NZ_CP016533.1	16	16	contiguous	28606	4788	traE traI traK traL traM traN traO traP traQ traT traU traV traW traY trbA trbB
NZ_CP016548.1	6	6	contiguous	12450	6748	traU traV traW traY trbA trbB
NZ_CP016568.1	16	16	contiguous	30841	6440	traE traI traK traL traM traN traO traP traQ traT traU traV traW traY trbA trbB
NZ_CP016572.1	16	16	contiguous	30841	6440	traE traI traK traL traM traN traO traP traQ traT traU traV traW traY trbA trbB
NZ_CP016585.1	16	16	contiguous	28606	4788	traE traI traK traL traM traN traO traP traQ traT traU traV traW traY trbA trbB
NZ_CP016865.1	16	16	contiguous	30841	6440	traE traI traK traL traM traN traO traP traQ traT traU traV traW traY trbA trbB
NZ_CP016927.1	13	11	split_2	68100	45661	traI traK traL traM traN traO traP traQ traU traW traY
NZ_CP017191.1	10	6	split_2	57044	25488	traM traN traP traQ traU traY
NZ_CP017282.1	13	11	contiguous	26468	8545	traI traK traL traM traN traO traP traQ traU traW traY
NZ_CP017288.1	13	11	contiguous	26468	8545	traI traK traL traM traN traO traP traQ traU traW traY
NZ_CP017853.1	13	11	contiguous	26996	7300	traI traK traL traM traN traO traP traQ traU traW traY
NZ_CP017932.1	13	11	split_3	74243	29956	traI traK traL traM traN traO traP traQ traU traW traY
NZ_CP017936.1	13	11	split_2	46230	28253	traI traK traL traM traN traO traP traQ traU traW traY
NZ_CP018104.1	16	16	contiguous	28882	4788	traE traI traK traL traM traN traO traP traQ traT traU traV traW traY trbA trbB
NZ_CP018110.1	16	16	contiguous	28882	4788	traE traI traK traL traM traN traO traP traQ traT traU traV traW traY trbA trbB
NZ_CP018116.1	16	16	contiguous	28882	4788	traE traI traK traL traM traN traO traP traQ traT traU traV traW traY trbA trbB
NZ_CP018122.1	16	16	contiguous	28882	4788	traE traI traK traL traM traN traO traP traQ traT traU traV traW traY trbA trbB
NZ_CP018315.1	13	11	split_2	59464	37025	traI traK traL traM traN traO traP traQ traU traW traY
NZ_CP018322.1	5	4	split_2	47247	20895	traI traM traN traU
NZ_CP018341.1	12	12	split_2	77083	60526	traI traK traM traN traO traP traQ traU traW traY trbA trbB
NZ_CP018342.1	13	11	split_2	59649	37025	traI traK traL traM traN traO traP traQ traU traW traY
NZ_CP018385.1	9	7	split_3	88500	26352	traM traN traQ traU traW trbA traY
NZ_CP018443.1	12	10	split_2	46668	25468	traK traL traM traN traO traP traQ traU traW traY
NZ_CP018449.1	11	11	contiguous	17016	3556	traI traK traL traM traN traO traP traQ traU traW traY
NZ_CP018452.1	11	11	contiguous	18417	3993	traI traK traL traM traN traO traP traQ traU traW traY
NZ_CP018463.1	10	6	split_2	57760	22329	traM traN traP traQ traU traY
NZ_CP018464.1	13	11	contiguous	45711	17548	traL traM traN traO traP traQ traU traW traY trbA trbB
NZ_CP018625.1	16	16	contiguous	28606	4788	traE traI traK traL traM traN traO traP traQ traT traU traV traW traY trbA trbB
NZ_CP018638.1	16	16	contiguous	29811	5413	traE traI traK traL traM traN traO traP traQ traT traU traV traW traY trbA trbB
NZ_CP018669.1	12	10	split_3	83504	39525	traI traK traM traN traO traP traQ traU traW traY
NZ_CP018690.1	13	11	contiguous	26564	6736	traI traK traL traM traN traO traP traQ traU traW traY
NZ_CP018694.1	12	10	contiguous	25140	6736	traK traL traM traN traO traP traQ traU traW traY
NZ_CP018700.1	13	11	split_2	59901	37553	traI traK traL traM traN traO traP traQ traU traW traY
NZ_CP018706.1	13	11	split_2	59648	37024	traI traK traL traM traN traO traP traQ traU traW traY
NZ_CP018712.1	13	11	contiguous	26564	6736	traI traK traL traM traN traO traP traQ traU traW traY
NZ_CP018717.1	13	11	contiguous	26564	6736	traI traK traL traM traN traO traP traQ traU traW traY
NZ_CP018723.1	13	11	contiguous	26563	6736	traI traK traL traM traN traO traP traQ traU traW traY
NZ_CP018736.1	13	11	split_2	60814	37553	traI traK traL traM traN traO traP traQ traU traW traY
NZ_CP018916.1	13	13	contiguous	21047	3684	traI traK traL traM traN traO traP traQ traU traW traY trbA trbB
NZ_CP018918.1	13	13	contiguous	21307	4222	traI traK traL traM traN traO traP traQ traU traW traY trbA trbB
NZ_CP018920.1	13	13	contiguous	21314	4223	traI traK traL traM traN traO traP traQ traU traW traY trbA trbB
NZ_CP018946.1	16	16	split_2	80524	57332	traE traI traK traL traM traN traO traP traQ traT traU traV traW traY trbA trbB
NZ_CP018974.1	13	11	contiguous	25891	7962	traI traK traL traM traN traO traP traQ traU traW traY
NZ_CP018975.1	16	16	contiguous	29793	6599	traE traI traK traL traM traN traO traP traQ traT traU traV traW traY trbA trbB
NZ_CP018993.1	16	16	contiguous	35430	9546	traE traI traK traL traM traN traO traP traQ traT traU traV traW traY trbA trbB
NZ_CP019011.1	16	16	split_2	66479	43070	traE traI traK traL traM traN traO traP traQ traT traU traV traW traY trbA trbB
NZ_CP019065.1	13	13	contiguous	23615	5235	traI traK traL traM traN traO traP traQ traU traW traY trbA trbB
NZ_CP019173.1	16	16	contiguous	28359	5167	traE traI traK traL traM traN traO traP traQ traT traU traV traW traY trbA trbB
NZ_CP019182.1	13	13	contiguous	24030	5314	traI traK traL traM traN traO traP traQ traU traW traY trbA trbB
NZ_CP019193.1	13	13	contiguous	26906	7813	traI traK traL traM traN traO traP traQ traU traW traY trbA trbB
NZ_CP019205.1	16	16	contiguous	28605	4785	traE traI traK traL traM traN traO traP traQ traT traU traV traW traY trbA trbB
NZ_CP019207.1	16	16	split_2	76682	53051	traE traI traK traL traM traN traO traP traQ traT traU traV traW traY trbA trbB
NZ_CP019215.2	16	16	contiguous	29741	5340	traE traI traK traL traM traN traO traP traQ traT traU traV traW traY trbA trbB
NZ_CP019248.1	16	16	contiguous	28371	5176	traE traI traK traL traM traN traO traP traQ traT traU traV traW traY trbA trbB
NZ_CP019252.1	16	16	split_2	94245	70426	traE traI traK traL traM traN traO traP traQ traT traU traV traW traY trbA trbB
NZ_CP019253.1	16	16	contiguous	31032	8157	traE traI traK traL traM traN traO traP traQ traT traU traV traW traY trbA trbB
NZ_CP019358.1	16	16	contiguous	29793	6599	traE traI traK traL traM traN traO traP traQ traT traU traV traW traY trbA trbB
NZ_CP019691.1	16	16	contiguous	28363	5169	traE traI traK traL traM traN traO traP traQ traT traU traV traW traY trbA trbB
NZ_CP019841.1	13	11	split_2	77741	52632	traI traK traL traM traN traO traP traQ traU traW traY
NZ_CP019873.1	13	13	contiguous	25194	4981	traI traK traL traM traN traO traP traQ traU traW traY trbA trbB
NZ_CP019874.1	13	13	split_2	81448	56969	traI traK traL traM traN traO traP traQ traU traW traY trbA trbB
NZ_CP019905.1	16	16	contiguous	35775	6839	traE traI traK traL traM traN traO traP traQ traT traU traV traW traY trbA trbB
NZ_CP019954.1	11	11	contiguous	17105	4208	traN traO traP traQ traT traU traV traW traY trbA trbB
NZ_CP019996.1	16	16	contiguous	29736	5335	traE traI traK traL traM traN traO traP traQ traT traU traV traW traY trbA trbB
NZ_CP020050.1	13	13	contiguous	21023	4119	traI traK traL traM traN traO traP traQ traU traW traY trbA trbB
NZ_CP020332.1	9	4	contiguous	23806	11036	traQ traU traW traY
NZ_CP020511.1	16	16	contiguous	29793	6599	traE traI traK traL traM traN traO traP traQ traT traU traV traW traY trbA trbB
NZ_CP020547.1	16	16	contiguous	32226	9307	traE traI traK traL traM traN traO traP traQ traT traU traV traW traY trbA trbB
NZ_CP020844.1	13	11	split_2	60787	35712	traI traK traL traM traN traO traP traQ traU traW traY
NZ_CP020883.1	8	5	split_2	57839	33235	traM traN traP traU traW
NZ_CP020886.1	8	5	split_2	57839	33235	traM traN traP traU traW
NZ_CP020890.1	8	5	split_2	56384	31303	traM traN traP traU traW
NZ_CP020932.1	5	4	split_3	120791	62996	traM traN traU traY
NZ_CP021016.2	8	5	split_2	60420	36317	traM traN traP traU traW
NZ_CP021208.1	16	16	split_2	81857	56689	traE traI traK traL traM traN traO traP traQ traT traU traV traW traY trbA trbB
NZ_CP021363.1	10	8	split_2	92035	41897	traI traK trbA traM traN traO traQ traU
NZ_CP021367.1	11	9	split_2	92012	41885	traI traK trbA traM traN traO traP traQ traU
NZ_CP021468.1	8	6	contiguous	25242	7632	traI traK traM traN traQ traU
NZ_CP021512.1	9	7	contiguous	22046	6070	traI traK trbA traM traN traO traU
NZ_CP021526.1	4	4	contiguous	15192	11804	traI traK trbA traU
NZ_CP021660.1	12	12	contiguous	22086	4933	traI traK traL traM traN traO traP traQ traU traW traY trbA
NZ_CP021662.1	10	10	contiguous	16455	3646	traM traN traO traP traQ traU traW traY trbA trbB
NZ_CP021687.1	13	13	contiguous	20750	3641	traI traK traL traM traN traO traP traQ traU traW traY trbA trbB
NZ_CP021720.1	13	13	contiguous	20750	3641	traI traK traL traM traN traO traP traQ traU traW traY trbA trbB
NZ_CP021742.1	13	11	split_2	49156	29421	traI traK traL traM traN traO traP traQ traU traW traY
NZ_CP021758.1	13	13	contiguous	21022	4119	traI traK traL traM traN traO traP traQ traU traW traY trbA trbB
NZ_CP021841.1	16	16	contiguous	34132	9731	traE traI traK traL traM traN traO traP traQ traT traU traV traW traY trbA trbB
NZ_CP021845.1	16	16	contiguous	33886	10691	traE traI traK traL traM traN traO traP traQ traT traU traV traW traY trbA trbB
NZ_CP022036.1	13	10	split_2	86429	57980	traI traK traM traN traO traP traQ traU traW traY
NZ_CP022064.1	16	16	contiguous	30841	6440	traE traI traK traL traM traN traO traP traQ traT traU traV traW traY trbA trbB
NZ_CP022136.1	13	10	contiguous	35945	13134	traI traK traM traN traO traP traQ traU traW traY
NZ_CP022141.1	13	10	contiguous	33230	10423	traI traK traM traN traO traP traQ traU traW traY
NZ_CP022150.1	13	11	split_2	55477	37557	traI traK traL traM traN traO traP traQ traU traW traY
NZ_CP022153.1	13	11	split_2	55477	37557	traI traK traL traM traN traO traP traQ traU traW traY
NZ_CP022264.1	10	6	split_2	131444	86316	traM traN traP traQ traU traY
NZ_CP022456.1	16	16	contiguous	29563	6373	traE traI traK traL traM traN traO traP traQ traT traU traV traW traY trbA trbB
NZ_CP022458.1	16	16	contiguous	31920	9668	traE traI traK traL traM traN traO traP traQ traT traU traV traW traY trbA trbB
NZ_CP022492.1	13	13	contiguous	27076	7161	traI traK traL traM traN traO traP traQ traU traW traY trbA trbB
NZ_CP022563.1	13	8	split_2	76614	43126	traM traN traO traP traQ traU traW traY
NZ_CP022661.1	13	13	contiguous	24036	5358	traI traK traL traM traN traO traP traQ traU traW traY trbA trbB
NZ_CP022673.1	16	16	contiguous	33214	10996	traE traI traK traL traM traN traO traP traQ traT traU traV traW traY trbA trbB
NZ_CP022700.1	9	7	contiguous	21117	6078	traI traK trbA traM traN traO traU
NZ_CP022734.1	16	16	contiguous	29855	6662	traE traI traK traL traM traN traO traP traQ traT traU traV traW traY trbA trbB
NZ_CP022826.1	13	11	split_2	47888	29956	traI traK traL traM traN traO traP traQ traU traW traY
NZ_CP022994.1	13	11	split_2	135231	109191	traL traM traN traO traP traQ traU traW traY trbA trbB
NZ_CP023066.1	9	4	contiguous	31836	16965	traQ traU traW traY
NZ_CP023144.1	16	16	contiguous	36316	12027	traE traI traK traL traM traN traO traP traQ traT traU traV traW traY trbA trbB
NZ_CP023251.1	13	11	contiguous	26813	7981	traI traK traL traM traN traO traP traQ traU traW traY
NZ_CP023356.1	16	16	contiguous	28607	4788	traE traI traK traL traM traN traO traP traQ traT traU traV traW traY trbA trbB
NZ_CP023362.1	16	16	contiguous	32159	7758	traE traI traK traL traM traN traO traP traQ traT traU traV traW traY trbA trbB
NZ_CP023365.1	16	16	split_2	91588	64061	traE traI traK traL traM traN traO traP traQ traT traU traV traW traY trbA trbB
NZ_CP023370.1	16	16	contiguous	32159	7758	traE traI traK traL traM traN traO traP traQ traT traU traV traW traY trbA trbB
NZ_CP023376.1	16	16	contiguous	28606	4788	traE traI traK traL traM traN traO traP traQ traT traU traV traW traY trbA trbB
NZ_CP023382.1	16	16	contiguous	28606	4788	traE traI traK traL traM traN traO traP traQ traT traU traV traW traY trbA trbB
NZ_CP023385.1	16	16	contiguous	28607	4788	traE traI traK traL traM traN traO traP traQ traT traU traV traW traY trbA trbB
NZ_CP023387.1	16	16	contiguous	30834	7425	traE traI traK traL traM traN traO traP traQ traT traU traV traW traY trbA trbB
NZ_CP023419.1	13	11	split_2	62888	44878	traI traK traL traM traN traO traP traQ traU traW traY
NZ_CP023534.1	16	16	contiguous	29565	6373	traE traI traK traL traM traN traO traP traQ traT traU traV traW traY trbA trbB
NZ_CP023542.1	16	16	contiguous	37343	14206	traE traI traK traL traM traN traO traP traQ traT traU traV traW traY trbA trbB
NZ_CP023571.1	15	15	contiguous	25393	4488	traE traI traK traL traM traN traO traP traQ traU traV traW traY trbA trbB
NZ_CP023739.1	9	7	split_2	207926	185334	traI traK trbA traM traN traO traU
NZ_CP023985.1	13	13	contiguous	20840	3731	traI traK traL traM traN traO traP traQ traU traW traY trbA trbB
NZ_CP024093.1	16	16	contiguous	29950	5628	traE traI traK traL traM traN traO traP traQ traT traU traV traW traY trbA trbB
NZ_CP024146.1	16	16	contiguous	29151	4787	traE traI traK traL traM traN traO traP traQ traT traU traV traW traY trbA trbB
NZ_CP024152.1	16	16	contiguous	29490	6295	traE traI traK traL traM traN traO traP traQ traT traU traV traW traY trbA trbB
NZ_CP024154.1	16	16	contiguous	33033	8388	traE traI traK traL traM traN traO traP traQ traT traU traV traW traY trbA trbB
NZ_CP024166.1	13	13	contiguous	23291	5053	traI traK traL traM traN traO traP traQ traU traW traY trbA trbB
NZ_CP024226.1	16	16	contiguous	29801	6610	traE traI traK traL traM traN traO traP traQ traT traU traV traW traY trbA trbB
NZ_CP024230.1	16	16	contiguous	29809	5807	traE traI traK traL traM traN traO traP traQ traT traU traV traW traY trbA trbB
NZ_CP024234.1	15	15	contiguous	32739	8342	traE traI traL traM traN traO traP traQ traT traU traV traW traY trbA trbB
NZ_CP024247.1	16	16	contiguous	32826	9657	traE traI traK traL traM traN traO traP traQ traT traU traV traW traY trbA trbB
NZ_CP024254.1	15	15	contiguous	31906	9657	traE traI traK traM traN traO traP traQ traT traU traV traW traY trbA trbB
NZ_CP024285.1	16	16	split_2	122539	94089	traE traI traK traL traM traN traO traP traQ traT traU traV traW traY trbA trbB
NZ_CP024292.1	16	16	contiguous	29144	4788	traE traI traK traL traM traN traO traP traQ traT traU traV traW traY trbA trbB
NZ_CP024431.1	12	12	split_2	110481	94095	traI traK traL traM traN traO traP traQ traU traW traY trbB
NZ_CP024444.1	5	4	split_3	151856	113652	traM traN traU traW
NZ_CP024461.1	12	12	split_2	75447	56427	traI traK traL traM traO traP traQ traU traW traY trbA trbB
NZ_CP024468.1	16	16	contiguous	30904	7709	traE traI traK traL traM traN traO traP traQ traT traU traV traW traY trbA trbB
NZ_CP024481.1	16	16	contiguous	40650	16249	traE traI traK traL traM traN traO traP traQ traT traU traV traW traY trbA trbB
NZ_CP024583.1	8	6	contiguous	19148	6291	traI traK traM traN traO traU
NZ_CP024587.1	8	6	contiguous	21458	6415	traI traK traM traN traO traU
NZ_CP024629.1	4	4	contiguous	12481	8749	traI traM traN traU
NZ_CP024681.1	15	15	contiguous	25525	4876	traE traI traK traL traM traN traO traP traQ traU traV traW traY trbA trbB
NZ_CP024714.1	13	13	contiguous	23554	4714	traI traK traL traM traN traO traP traQ traU traW traY trbA trbB
NZ_CP024822.1	16	16	contiguous	28617	4788	traE traI traK traL traM traN traO traP traQ traT traU traV traW traY trbA trbB
NZ_CP024835.1	13	13	contiguous	21023	4119	traI traK traL traM traN traO traP traQ traU traW traY trbA trbB
NZ_CP024839.1	13	13	contiguous	21023	4119	traI traK traL traM traN traO traP traQ traU traW traY trbA trbB
NZ_CP024854.1	16	16	contiguous	28607	4788	traE traI traK traL traM traN traO traP traQ traT traU traV traW traY trbA trbB
NZ_CP024878.1	13	11	split_2	71210	43859	traI traK traL traM traN traO traP traQ traU traW traY
NZ_CP024918.1	16	16	contiguous	29280	4882	traE traI traK traL traM traN traO traP traQ traT traU traV traW traY trbA trbB
NZ_CP025190.1	9	7	contiguous	22319	4741	traI traK trbA traM traN traO traU
NZ_CP025192.1	9	7	contiguous	21024	6291	traI traK trbA traM traN traO traU
NZ_CP025239.1	16	16	contiguous	30103	5702	traE traI traK traL traM traN traO traP traQ traT traU traV traW traY trbA trbB
NZ_CP025255.1	15	15	contiguous	29170	6417	traE traI traL traM traN traO traP traQ traT traU traV traW traY trbA trbB
NZ_CP025279.1	16	16	contiguous	31945	6663	traE traI traK traL traM traN traO traP traQ traT traU traV traW traY trbA trbB
NZ_CP025339.1	16	16	contiguous	33886	10691	traE traI traK traL traM traN traO traP traQ traT traU traV traW traY trbA trbB
NZ_CP025455.1	15	15	contiguous	26136	5335	traI traK traL traM traN traO traP traQ traT traU traV traW traY trbA trbB
NZ_CP025625.1	16	16	contiguous	32894	8388	traE traI traK traL traM traN traO traP traQ traT traU traV traW traY trbA trbB
NZ_CP025709.1	16	16	contiguous	33999	9598	traE traI traK traL traM traN traO traP traQ traT traU traV traW traY trbA trbB
NZ_CP025751.1	16	16	contiguous	30103	5702	traE traI traK traL traM traN traO traP traQ traT traU traV traW traY trbA trbB
NZ_CP026110.1	13	11	split_2	50167	22800	traL traM traN traO traP traQ traU traW traY trbA trbB
NZ_CP026142.1	13	11	contiguous	26420	7300	traI traK traL traM traN traO traP traQ traU traW traY
NZ_CP026156.1	11	11	contiguous	16923	3463	traI traK traL traM traN traO traP traQ traU traW traY
NZ_CP026210.1	13	11	split_2	45266	25414	traI traK traL traM traN traO traP traQ traU traW traY
NZ_CP026385.1	13	11	split_2	50014	31935	traI traK traL traM traN traO traP traQ traU traW traY
NZ_CP026395.1	13	11	split_2	48323	28471	traI traK traL traM traN traO traP traQ traU traW traY
NZ_CP026497.1	13	11	split_2	47176	29202	traI traK traL traM traN traO traP traQ traU traW traY
NZ_CP026557.1	13	13	contiguous	24037	5107	traI traK traL traM traN traO traP traQ traU traW traY trbA trbB
NZ_CP026563.1	13	13	contiguous	25334	4864	traI traK traL traM traN traO traP traQ traU traW traY trbA trbB
NZ_CP026726.1	16	16	contiguous	30040	5639	traE traI traK traL traM traN traO traP traQ traT traU traV traW traY trbA trbB
NZ_CP026770.1	16	16	contiguous	30540	8286	traE traI traK traL traM traN traO traP traQ traT traU traV traW traY trbA trbB
NZ_CP026778.1	15	15	contiguous	30841	7853	traE traI traK traL traM traN traO traP traQ traT traU traW traY trbA trbB
NZ_CP026855.1	16	16	contiguous	31486	9241	traE traI traK traL traM traN traO traP traQ traT traU traV traW traY trbA trbB
NZ_CP026941.2	16	16	contiguous	28606	4787	traE traI traK traL traM traN traO traP traQ traT traU traV traW traY trbA trbB
NZ_CP026974.1	10	10	split_4	346188	288440	traI traM traN traO traP traQ traU trbA traW traY
NZ_CP027039.1	13	11	contiguous	26036	7981	traI traK traL traM traN traO traP traQ traU traW traY
NZ_CP027127.1	16	16	contiguous	30595	7400	traE traI traK traL traM traN traO traP traQ traT traU traV traW traY trbA trbB
NZ_CP027135.1	16	16	contiguous	28364	5169	traE traI traK traL traM traN traO traP traQ traT traU traV traW traY trbA trbB
NZ_CP027148.1	13	11	contiguous	37119	11407	traI traK traL traM traN traO traP traQ traU traW traY
NZ_CP027261.1	13	13	contiguous	33977	15837	traI traK traL traM traN traO traP traQ traU traW traY trbA trbB
NZ_CP027324.1	16	16	contiguous	36003	12430	traE traI traK traL traM traN traO traP traQ traT traU traV traW traY trbA trbB
NZ_CP027327.1	16	16	contiguous	28167	4976	traE traI traK traL traM traN traO traP traQ traT traU traV traW traY trbA trbB
NZ_CP027333.1	16	16	contiguous	28608	4788	traE traI traK traL traM traN traO traP traQ traT traU traV traW traY trbA trbB
NZ_CP027334.1	6	6	contiguous	22557	17851	traU traV traW traY trbA trbB
NZ_CP027370.1	16	16	contiguous	32972	9906	traE traI traK traL traM traN traO traP traQ traT traU traV traW traY trbA trbB
NZ_CP027372.1	16	16	contiguous	38955	15864	traE traI traK traL traM traN traO traP traQ traT traU traV traW traY trbA trbB
NZ_CP027374.1	16	16	contiguous	30680	6278	traE traI traK traL traM traN traO traP traQ traT traU traV traW traY trbA trbB
NZ_CP027383.1	14	14	contiguous	22379	4386	traE traI traK traL traM traN traO traP traQ traT traU traV traW traY
NZ_CP027395.1	16	16	split_2	92279	58729	traE traI traK traL traM traN traO traP traQ traU traV traT traW traY trbA trbB
NZ_CP027409.1	16	16	contiguous	28606	4788	traE traI traK traL traM traN traO traP traQ traT traU traV traW traY trbA trbB
NZ_CP027415.1	16	16	contiguous	28881	4788	traE traI traK traL traM traN traO traP traQ traT traU traV traW traY trbA trbB
NZ_CP027441.1	16	16	contiguous	38957	15865	traE traI traK traL traM traN traO traP traQ traT traU traV traW traY trbA trbB
NZ_CP027451.1	16	16	contiguous	39252	14979	traE traI traK traL traM traN traO traP traQ traT traU traV traW traY trbA trbB
NZ_CP027453.1	16	16	contiguous	37295	14218	traE traI traK traL traM traN traO traP traQ traT traU traV traW traY trbA trbB
NZ_CP027463.1	16	16	contiguous	37318	14245	traE traI traK traL traM traN traO traP traQ traT traU traV traW traY trbA trbB
NZ_CP027535.1	16	16	contiguous	32535	7779	traE traI traK traL traM traN traO traP traQ traT traU traV traW traY trbA trbB
NZ_CP027585.1	16	16	contiguous	39271	15006	traE traI traK traL traM traN traO traP traQ traT traU traV traW traY trbA trbB
NZ_CP027600.1	16	16	contiguous	39834	15527	traE traI traK traL traM traN traO traP traQ traT traU traV traW traY trbA trbB
NZ_CP027659.1	7	5	contiguous	49901	16498	traM traN traU traW traY
NZ_CP028120.1	16	16	contiguous	32999	9914	traE traI traK traL traM traN traO traP traQ traT traU traV traW traY trbA trbB
NZ_CP028168.1	16	16	contiguous	28360	5166	traE traI traK traL traM traN traO traP traQ traT traU traV traW traY trbA trbB
NZ_CP028178.1	13	13	contiguous	20906	4120	traI traK traL traM traN traO traP traQ traU traW traY trbA trbB
NZ_CP028274.1	15	15	split_2	79322	57113	traE traI traK traL traM traN traO traP traQ traU traV traW traY trbA trbB
NZ_CP028312.1	16	16	split_2	116934	89322	traE traI traK traL traM traN traO traP traQ traT traU traV traW traY trbA trbB
NZ_CP028315.1	16	16	contiguous	30841	6440	traE traI traK traL traM traN traO traP traQ traT traU traV traW traY trbA trbB
NZ_CP028352.1	13	13	contiguous	24977	5185	traI traK traL traM traN traO traP traQ traU traW traY trbA trbB
NZ_CP028382.1	16	16	contiguous	38975	15900	traE traI traK traL traM traN traO traP traQ traT traU traV traW traY trbA trbB
NZ_CP028480.1	13	13	contiguous	20791	3713	traI traK traL traM traN traO traP traQ traU traW traY trbA trbB
NZ_CP028485.1	16	16	contiguous	30039	5639	traE traI traK traL traM traN traO traP traQ traT traU traV traW traY trbA trbB
NZ_CP028488.1	13	13	contiguous	20975	4192	traI traK traL traM traN traO traP traQ traU traW traY trbA trbB
NZ_CP028611.1	16	16	contiguous	33869	9020	traE traI traK traL traM traN traO traP traQ traT traU traV traW traY trbA trbB
NZ_CP029006.1	7	5	split_2	255330	212916	traM traN traU traW traY
NZ_CP029058.1	16	16	contiguous	28360	5167	traE traI traK traL traM traN traO traP traQ traT traU traV traW traY trbA trbB
NZ_CP029110.1	16	16	contiguous	30841	6440	traE traI traK traL traM traN traO traP traQ traT traU traV traW traY trbA trbB
NZ_CP029138.1	13	11	split_2	47933	29956	traI traK traL traM traN traO traP traQ traU traW traY
NZ_CP029382.1	13	13	contiguous	21115	4121	traI traK traL traM traN traO traP traQ traU traW traY trbA trbB
NZ_CP029396.2	7	5	split_2	57991	26214	traM traN traU traW traY
NZ_CP029447.1	13	11	split_2	43672	23937	traI traK traL traM traN traO traP traQ traU traW traY
NZ_CP029599.1	13	11	split_2	47154	29177	traI traK traL traM traN traO traP traQ traU traW traY
NZ_CP029733.1	15	15	contiguous	25513	4864	traE traI traK traL traM traN traO traP traQ traU traV traW traY trbA trbB
NZ_CP029742.1	16	16	contiguous	31196	7256	traE traI traK traL traM traN traO traP traQ traT traU traV traW traY trbA trbB
NZ_CP029837.1	16	16	contiguous	31700	7299	traE traI traK traL traM traN traO traP traQ traT traU traV traW traY trbA trbB
NZ_CP029903.1	16	16	contiguous	29811	5413	traE traI traK traL traM traN traO traP traQ traT traU traV traW traY trbA trbB
NZ_CP029975.1	16	16	split_2	109734	83310	traE traI traK traL traM traN traO traP traQ traT traU traV traW traY trbA trbB
NZ_CP029990.1	15	15	contiguous	27717	6833	traE traI traL traM traN traO traP traQ traT traU traV traW traY trbA trbB
NZ_CP029996.1	13	10	contiguous	35291	14810	traI traK traM traN traO traP traQ traU traW traY
NZ_CP030000.1	16	16	contiguous	30841	6440	traE traI traK traL traM traN traO traP traQ traT traU traV traW traY trbA trbB
NZ_CP030003.1	16	16	contiguous	35372	9633	traE traI traK traL traM traN traO traP traQ traT traU traV traW traY trbA trbB
NZ_CP030025.1	16	16	contiguous	30841	6440	traE traI traK traL traM traN traO traP traQ traT traU traV traW traY trbA trbB
NZ_CP030079.1	15	15	contiguous	25876	4927	traE traI traK traL traM traN traO traP traQ traU traV traW traY trbA trbB
NZ_CP030135.1	13	11	contiguous	26037	7981	traI traK traL traM traN traO traP traQ traU traW traY
NZ_CP030155.1	16	16	split_2	104937	81368	traE traI traK traL traM traN traO traP traQ traT traU traV traW traY trbA trbB
NZ_CP030191.1	16	16	contiguous	31439	5702	traE traI traK traL traM traN traO traP traQ traT traU traV traW traY trbA trbB
NZ_CP030204.1	15	15	contiguous	29995	6350	traE traI traL traM traN traO traP traQ traT traU traV traW traY trbA trbB
NZ_CP030218.1	15	15	contiguous	27543	6900	traE traI traL traM traN traO traP traQ traT traU traV traW traY trbA trbB
NZ_CP030232.1	16	16	contiguous	29140	4788	traE traI traK traL traM traN traO traP traQ traT traU traV traW traY trbA trbB
NZ_CP030234.1	16	16	contiguous	31473	6191	traE traI traK traL traM traN traO traP traQ traT traU traV traW traY trbA trbB
NZ_CP030282.1	16	16	contiguous	28357	5167	traE traI traK traL traM traN traO traP traQ traT traU traV traW traY trbA trbB
NZ_CP030289.1	14	14	split_2	116693	93319	traI traL traM traN traO traP traQ traT traU traV traW traY trbA trbB
NZ_CP030295.1	13	11	split_2	50599	32544	traI traK traL traM traN traO traP traQ traU traW traY
NZ_CP030307.1	16	16	contiguous	29046	5851	traE traI traK traL traM traN traO traP traQ traT traU traV traW traY trbA trbB
NZ_CP030309.1	13	13	contiguous	20842	3731	traI traK traL traM traN traO traP traQ traU traW traY trbA trbB
NZ_CP030340.1	16	16	contiguous	29042	4788	traE traI traK traL traM traN traO traP traQ traT traU traV traW traY trbA trbB
NZ_CP030350.1	15	15	contiguous	25045	3919	traE traI traK traL traM traN traO traP traQ traU traV traW traY trbA trbB
NZ_CP030921.1	16	16	contiguous	31234	5520	traE traI traK traL traM traN traO traP traQ traT traU traV traW traY trbA trbB
NZ_CP031111.1	15	15	split_2	94634	65591	traE traI traK traM traN traO traP traQ traT traU traV traW traY trbA trbB
NZ_CP031216.1	13	11	split_2	64884	46954	traI traK traL traM traN traO traP traQ traU traW traY
NZ_CP031226.1	8	7	split_3	873978	825175	traI traK trbA traM traN traO traU
NZ_CP031235.1	13	11	split_2	48765	30881	traI traK traL traM traN traO traP traQ traU traW traY
NZ_CP031261.1	13	13	contiguous	21133	4121	traI traK traL traM traN traO traP traQ traU traW traY trbA trbB
NZ_CP031322.1	13	11	split_2	71924	42726	traI traK traL traM traN traO traP traQ traU traW traY
NZ_CP031566.1	13	11	split_2	61854	30084	traI traK traL traM traN traO traP traQ traU traW traY
NZ_CP031572.1	15	15	contiguous	25391	4487	traE traI traK traL traM traN traO traP traQ traU traV traW traY trbA trbB
NZ_CP031615.1	16	16	contiguous	30116	5716	traE traI traK traL traM traN traO traP traQ traT traU traV traW traY trbA trbB
NZ_CP031805.1	13	11	split_2	57473	39463	traI traK traL traM traN traO traP traQ traU traW traY
NZ_CP031899.1	16	16	contiguous	38974	15899	traE traI traK traL traM traN traO traP traQ traT traU traV traW traY trbA trbB
NZ_CP031903.1	16	16	split_2	83132	58734	traE traI traK traL traM traN traO traP traQ traT traU traV traW traY trbA trbB
NZ_CP031937.1	12	12	split_2	82536	65980	traI traK traM traN traO traP traQ traU traW traY trbA trbB
NZ_CP032170.1	13	11	contiguous	36244	16509	traI traK traL traM traN traO traP traQ traU traW traY
NZ_CP032188.1	13	13	split_2	90142	72847	traI traK traL traM traN traO traP traQ traU traW traY trbA trbB
NZ_CP032193.1	13	13	split_2	43051	23451	traI traK traL traM traN traO traP traQ traU traW traY trbA trbB
NZ_CP032236.1	13	13	contiguous	21289	3637	traI traK traL traM traN traO traP traQ traU traW traY trbA trbB
NZ_CP032243.1	13	13	contiguous	21113	4121	traI traK traL traM traN traO traP traQ traU traW traY trbA trbB
NZ_CP032256.1	11	7	contiguous	61395	19621	traM traN traO traP traQ traU traY
NZ_CP032260.1	16	16	contiguous	32234	8819	traE traI traK traL traM traN traO traP traQ traT traU traV traW traY trbA trbB
NZ_CP032264.1	16	16	contiguous	30595	7400	traE traI traK traL traM traN traO traP traQ traT traU traV traW traY trbA trbB
NZ_CP032285.1	7	5	split_2	85710	54128	traM traN traU traW traY
NZ_CP032445.1	16	16	contiguous	28682	4788	traE traI traK traL traM traN traO traP traQ traT traU traV traW traY trbA trbB
NZ_CP032457.1	8	5	split_3	106861	60886	traM traN traP traU traW
NZ_CP032495.1	16	16	contiguous	30103	5702	traE traI traK traL traM traN traO traP traQ traT traU traV traW traY trbA trbB
NZ_CP032524.1	16	16	contiguous	31078	5413	traE traI traK traL traM traN traO traP traQ traT traU traV traW traY trbA trbB
NZ_CP032678.1	7	7	split_2	788723	775590	traI traK trbA traM traN traO traU
NZ_CP032840.1	7	5	split_3	122797	66494	traM traN traO traU traW
NZ_CP032880.1	16	16	contiguous	31716	7381	traE traI traK traL traM traN traO traP traQ traT traU traV traW traY trbA trbB
NZ_CP032888.1	16	16	contiguous	30103	5702	traE traI traK traL traM traN traO traP traQ traT traU traV traW traY trbA trbB
NZ_CP033109.1	7	5	contiguous	46406	17278	traM traN traU traW traY
NZ_CP033111.1	7	5	contiguous	46406	17278	traM traN traU traW traY
NZ_CP033130.1	7	5	split_2	72715	31490	traM traN traU traW traY
NZ_CP033195.1	13	11	split_3	67715	23746	traL traM traN traO traP traQ traU traW traY trbA trbB
NZ_CP033202.1	13	11	split_2	47470	21211	traL traM traN traO traP traQ traU traW traY trbA trbB
NZ_CP033633.1	16	16	split_2	132997	108017	traE traI traK traL traM traN traO traP traQ traT traU traV traW traY trbA trbB
NZ_CP033743.1	16	16	split_2	121379	98946	traE traI traK traL traM traN traO traP traQ traT traU traV traW traY trbA trbB
NZ_CP033775.1	13	13	contiguous	20824	3713	traI traK traL traM traN traO traP traQ traU traW traY trbA trbB
NZ_CP033880.1	13	11	split_2	64075	38935	traI traK traL traM traN traO traP traQ traU traW traY
NZ_CP033883.1	16	16	contiguous	35647	9234	traE traI traK traL traM traN traO traP traQ traT traU traV traW traY trbA trbB
NZ_CP033957.1	13	13	contiguous	20842	3731	traI traK traL traM traN traO traP traQ traU traW traY trbA trbB
NZ_CP033963.1	16	16	contiguous	30103	5702	traE traI traK traL traM traN traO traP traQ traT traU traV traW traY trbA trbB
NZ_CP034041.1	13	11	split_2	57221	39166	traI traK traL traM traN traO traP traQ traU traW traY
NZ_CP034126.1	13	13	contiguous	21115	4121	traI traK traL traM traN traO traP traQ traU traW traY trbA trbB
NZ_CP034283.1	13	11	split_2	55608	37553	traI traK traL traM traN traO traP traQ traU traW traY
NZ_CP034699.1	13	13	contiguous	25720	4879	traI traK traL traM traN traO traP traQ traU traW traY trbA trbB
NZ_CP034710.1	12	12	contiguous	25490	5783	traI traK traM traN traO traP traQ traU traW traY trbA trbB
NZ_CP034782.1	13	8	contiguous	48754	17005	traM traN traO traP traQ traU traW traY
NZ_CP034804.1	16	16	split_2	78636	54816	traE traI traK traL traM traN traO traP traQ traT traU traV traW traY trbA trbB
NZ_CP034821.1	14	14	contiguous	30028	5958	traE traI traK traL traM traN traO traP traQ traU traW traY trbA trbB
NZ_CP034904.1	8	6	contiguous	21186	4610	traI traK traM traN traO traU
NZ_CP034905.1	9	7	contiguous	20376	6288	traI traK trbA traM traN traO traU
NZ_CP034926.1	8	6	contiguous	21221	4645	traI traK traM traN traO traU
NZ_CP035035.1	13	13	contiguous	23993	4985	traI traK traL traM traN traO traP traQ traU traW traY trbA trbB
NZ_CP035205.1	13	13	contiguous	21115	4121	traI traK traL traM traN traO traP traQ traU traW traY trbA trbB
NZ_CP035208.1	13	13	contiguous	20824	3713	traI traK traL traM traN traO traP traQ traU traW traY trbA trbB
NZ_CP035213.1	13	13	contiguous	20824	3713	traI traK traL traM traN traO traP traQ traU traW traY trbA trbB
NZ_CP035217.1	13	11	split_2	50412	30725	traI traK traL traM traN traO traP traQ traU traW traY
NZ_CP035469.1	15	15	split_2	83752	56456	traE traI traK traL traM traN traO traP traQ traU traV traW traY trbA trbB
NZ_CP035721.1	15	15	split_2	105418	78122	traE traI traK traL traM traN traO traP traQ traU traV traW traY trbA trbB
NZ_CP035813.1	16	16	contiguous	31760	8602	traE traI traK traL traM traN traO traP traQ traT traU traV traW traY trbA trbB
NZ_CP035830.1	15	15	split_2	71000	40971	traE traI traK traL traM traN traO traP traQ traT traU traV traY trbA trbB
NZ_CP035834.1	16	16	contiguous	29695	6502	traE traI traK traL traM traN traO traP traQ traT traU traV traW traY trbA trbB
NZ_CP035840.1	16	16	contiguous	31764	6610	traE traI traK traL traM traN traO traP traQ traT traU traV traW traY trbA trbB
NZ_CP035852.1	16	16	split_2	125782	96740	traE traI traK traL traM traN traO traP traQ traT traU traV traW traY trbA trbB
NZ_CP035854.1	16	16	contiguous	29805	6610	traE traI traK traL traM traN traO traP traQ traT traU traV traW traY trbA trbB
NZ_CP035859.1	16	16	contiguous	32011	5650	traE traI traK traL traM traN traO traP traQ traT traU traV traW traY trbA trbB
NZ_CP035862.1	16	16	contiguous	33645	8102	traE traI traK traL traM traN traO traP traQ traT traU traV traW traY trbA trbB
NZ_CP035866.1	16	16	contiguous	33108	8786	traE traI traK traL traM traN traO traP traQ traT traU traV traW traY trbA trbB
NZ_CP035871.1	16	16	contiguous	31912	9658	traE traI traK traL traM traN traO traP traQ traT traU traV traW traY trbA trbB
NZ_CP035877.1	16	16	split_2	80082	54296	traE traI traK traL traM traN traO traP traQ traT traU traV traW traY trbA trbB
NZ_CP036181.1	14	14	contiguous	29635	5558	traE traI traK traL traM traN traO traP traQ traU traW traY trbA trbB
NZ_CP036203.1	16	16	contiguous	28698	4788	traE traI traK traL traM traN traO traP traQ traT traU traV traW traY trbA trbB
NZ_CP036446.1	13	13	split_2	95251	75645	traI traK traL traM traN traO traP traQ traU traW traY trbA trbB
NZ_CP037737.1	13	11	split_2	63483	29956	traI traK traL traM traN traO traP traQ traU traW traY
NZ_CP037942.1	6	6	split_2	140835	135133	traU traV traW traY trbA trbB
NZ_CP037994.1	16	16	contiguous	29490	6295	traE traI traK traL traM traN traO traP traQ traT traU traV traW traY trbA trbB
NZ_CP038010.1	7	5	split_2	55334	23769	traM traN traU traW traY
NZ_CP038209.1	5	5	contiguous	14976	5611	traI traK trbA traU traM
NZ_CP038347.1	16	16	contiguous	28362	5167	traE traI traK traL traM traN traO traP traQ traT traU traV traW traY trbA trbB
NZ_CP038417.1	16	16	contiguous	28608	4789	traE traI traK traL traM traN traO traP traQ traT traU traV traW traY trbA trbB
NZ_CP038457.1	13	11	split_2	50624	32470	traI traK traL traM traN traO traP traQ traU traW traY
NZ_CP038468.1	15	15	split_2	101141	80192	traE traI traK traL traM traN traO traP traQ traU traV traW traY trbA trbB
NZ_CP038637.1	11	9	split_3	82244	32960	traM traN traO traP traQ traU traY trbA traW
NZ_CP038793.1	16	16	contiguous	33645	8800	traE traI traK traL traM traN traO traP traQ traT traU traV traW traY trbA trbB
NZ_CP039041.1	7	7	contiguous	19850	5611	traI traK trbA traU traM traN traO
NZ_CP039048.1	7	7	contiguous	19811	5577	traI traK trbA traU traM traN traO
NZ_CP039144.1	8	7	split_2	60438	27068	traM traN traO traP traU traW traY
NZ_CP039299.1	16	16	contiguous	32048	7647	traE traI traK traL traM traN traO traP traQ traT traU traV traW traY trbA trbB
NZ_CP039372.1	13	8	split_3	109967	45561	traM traN traO traP traQ traU traW traY
NZ_CP039442.1	16	16	split_2	318753	291847	traE traI traK traL traM traN traO traP traQ traT traU traV traW traY trbA trbB
NZ_CP039444.1	16	16	contiguous	29794	6599	traE traI traK traL traM traN traO traP traQ traT traU traV traW traY trbA trbB
NZ_CP039446.1	16	16	split_2	320399	291850	traE traI traK traL traM traN traO traP traQ traT traU traV traW traY trbA trbB
NZ_CP039475.1	16	16	contiguous	29730	6535	traE traI traK traL traM traN traO traP traQ traT traU traV traW traY trbA trbB
NZ_CP039490.1	16	16	split_2	99738	68669	traE traI traK traL traM traN traO traP traQ traT traU traV traW traY trbA trbB
NZ_CP039604.1	16	16	split_2	84134	60942	traE traI traK traL traM traN traO traP traQ traT traU traV traW traY trbA trbB
NZ_CP039714.1	15	15	contiguous	27132	5167	traE traI traK traL traM traN traO traP traQ traT traU traV traW traY trbA
NZ_CP039853.1	5	4	split_2	48830	20486	traI traM traN traU
NZ_CP039938.1	13	11	split_2	55608	37553	traI traK traL traM traN traO traP traQ traU traW traY
NZ_CP039941.1	13	11	split_2	55608	37553	traI traK traL traM traN traO traP traQ traU traW traY
NZ_CP039944.1	13	11	split_2	55608	37553	traI traK traL traM traN traO traP traQ traU traW traY
NZ_CP039947.1	13	11	split_2	55608	37553	traI traK traL traM traN traO traP traQ traU traW traY
NZ_CP039950.1	13	11	split_2	55608	37553	traI traK traL traM traN traO traP traQ traU traW traY
NZ_CP039953.1	13	11	split_2	55608	37553	traI traK traL traM traN traO traP traQ traU traW traY
NZ_CP039956.1	13	11	split_2	55608	37553	traI traK traL traM traN traO traP traQ traU traW traY
NZ_CP039959.1	13	11	split_2	55608	37553	traI traK traL traM traN traO traP traQ traU traW traY
NZ_CP039962.1	13	11	split_2	55608	37553	traI traK traL traM traN traO traP traQ traU traW traY
NZ_CP040031.1	13	11	split_2	57518	39463	traI traK traL traM traN traO traP traQ traU traW traY
NZ_CP040036.1	13	11	split_2	57518	39463	traI traK traL traM traN traO traP traQ traU traW traY
NZ_CP040051.1	7	5	contiguous	47761	17778	traM traN traU traW traY
NZ_CP040264.1	16	16	contiguous	41027	16188	traE traI traK traL traM traN traO traP traQ traT traU traV traW traY trbA trbB
NZ_CP040270.1	16	16	contiguous	30039	5639	traE traI traK traL traM traN traO traP traQ traT traU traV traW traY trbA trbB
NZ_CP040455.1	16	16	contiguous	32800	9668	traE traI traK traL traM traN traO traP traQ traT traU traV traW traY trbA trbB
NZ_CP040536.1	16	16	contiguous	30103	5702	traE traI traK traL traM traN traO traP traQ traT traU traV traW traY trbA trbB
NZ_CP040542.1	16	16	contiguous	30103	5702	traE traI traK traL traM traN traO traP traQ traT traU traV traW traY trbA trbB
NZ_CP040548.1	16	16	contiguous	30103	5702	traE traI traK traL traM traN traO traP traQ traT traU traV traW traY trbA trbB
NZ_CP041085.1	13	11	split_2	55518	37553	traI traK traL traM traN traO traP traQ traU traW traY
NZ_CP041095.1	13	13	contiguous	21007	4121	traI traK traL traM traN traO traP traQ traU traW traY trbA trbB
NZ_CP041349.1	8	6	contiguous	24468	7611	traI traK traM traN traQ traU
NZ_CP041376.1	12	12	split_2	85241	65980	traI traK traL traN traO traP traQ traU traW traY trbA trbB
NZ_CP041394.1	16	14	contiguous	43255	18716	traE traI traK traL traM traN traO traP traQ traT traU traV traW traY
NZ_CP041413.1	16	16	contiguous	28898	5703	traE traI traK traL traM traN traO traP traQ traT traU traV traW traY trbA trbB
NZ_CP041441.1	16	16	contiguous	30103	5702	traE traI traK traL traM traN traO traP traQ traT traU traV traW traY trbA trbB
NZ_CP041621.1	16	16	split_2	83347	58238	traE traI traK traL traM traN traO traP traQ traT traU traV traW traY trbA trbB
NZ_CP041679.1	16	16	contiguous	28601	4788	traE traI traK traL traM traN traO traP traQ traT traU traV traW traY trbA trbB
NZ_CP041959.1	16	16	contiguous	30898	7483	traE traI traK traL traM traN traO traP traQ traT traU traV traW traY trbA trbB
NZ_CP042248.1	16	16	contiguous	29043	4788	traE traI traK traL traM traN traO traP traQ traT traU traV traW traY trbA trbB
NZ_CP042365.1	7	5	split_2	57321	25639	traM traN traU traW traY
NZ_CP042490.1	13	11	split_2	52877	33190	traI traK traL traM traN traO traP traQ traU traW traY
NZ_CP042496.1	16	16	contiguous	25094	4051	traE traI traK traL traM traN traO traP traQ traT traU traV traW traY trbA trbB
NZ_CP042509.1	13	11	split_2	51647	33718	traI traK traL traM traN traO traP traQ traU traW traY
NZ_CP042514.1	13	11	split_2	51647	33718	traI traK traL traM traN traO traP traQ traU traW traY
NZ_CP042522.1	13	11	split_2	51647	33718	traI traK traL traM traN traO traP traQ traU traW traY
NZ_CP042526.1	13	11	split_2	51647	33718	traI traK traL traM traN traO traP traQ traU traW traY
NZ_CP042532.1	13	11	split_2	51647	33718	traI traK traL traM traN traO traP traQ traU traW traY
NZ_CP042537.1	13	11	split_2	51647	33718	traI traK traL traM traN traO traP traQ traU traW traY
NZ_CP042542.1	13	11	split_2	51647	33718	traI traK traL traM traN traO traP traQ traU traW traY
NZ_CP042557.1	7	5	split_2	57418	25642	traM traN traU traW traY
NZ_CP042568.1	13	11	split_2	51647	33718	traI traK traL traM traN traO traP traQ traU traW traY
NZ_CP042574.1	13	11	split_2	51647	33718	traI traK traL traM traN traO traP traQ traU traW traY
NZ_CP042580.1	13	11	split_2	51647	33718	traI traK traL traM traN traO traP traQ traU traW traY
NZ_CP042809.1	9	7	contiguous	22049	5212	traI traK trbA traM traN traO traU
NZ_CP042885.1	6	6	contiguous	13813	8105	traU traV traW traY trbA trbB
NZ_CP042886.1	16	16	contiguous	29924	5413	traE traI traK traL traM traN traO traP traQ traT traU traV traW traY trbA trbB
NZ_CP042944.1	16	16	contiguous	28550	4788	traE traI traK traL traM traN traO traP traQ traT traU traV traW traY trbA trbB
NZ_CP043035.1	16	16	contiguous	29808	5733	traE traI traK traL traM traN traO traP traQ traT traU traV traW traY trbA trbB
NZ_CP043045.1	8	6	contiguous	19083	6112	traI traK traM traN traO traU
NZ_CP043228.1	16	16	split_2	113939	85136	traE traI traK traL traM traN traO traP traQ traT traU traV traW traY trbA trbB
NZ_CP043263.1	16	16	contiguous	28741	5546	traE traI traK traL traM traN traO traP traQ traT traU traV traW traY trbA trbB
NZ_CP043268.1	16	16	contiguous	28636	5441	traE traI traK traL traM traN traO traP traQ traT traU traV traW traY trbA trbB
NZ_CP043285.1	16	16	contiguous	31338	7260	traE traI traK traL traM traN traO traP traQ traT traU traV traW traY trbA trbB
NZ_CP043309.1	7	5	split_2	86503	54921	traM traN traU traW traY
NZ_CP043319.1	15	15	contiguous	25393	4488	traE traI traK traL traM traN traO traP traQ traU traV traW traY trbA trbB
NZ_CP043507.1	9	7	split_2	150132	134095	traI traK traM traN traO traQ traU
NZ_CP043828.1	16	16	contiguous	29854	6662	traE traI traK traL traM traN traO traP traQ traT traU traV traW traY trbA trbB
NZ_CP043943.1	16	16	contiguous	30276	5878	traE traI traK traL traM traN traO traP traQ traT traU traV traW traY trbA trbB
NZ_CP043947.1	16	16	contiguous	30276	5878	traE traI traK traL traM traN traO traP traQ traT traU traV traW traY trbA trbB
NZ_CP044032.1	13	11	split_2	55608	37553	traI traK traL traM traN traO traP traQ traU traW traY
NZ_CP044137.1	16	16	contiguous	28359	5165	traE traI traK traL traM traN traO traP traQ traT traU traV traW traY trbA trbB
NZ_CP044183.1	16	16	contiguous	30841	6440	traE traI traK traL traM traN traO traP traQ traT traU traV traW traY trbA trbB
NZ_CP044337.1	13	11	split_2	58264	40383	traI traK traL traM traN traO traP traQ traU traW traY
NZ_CP044459.1	6	5	contiguous	14586	6991	traM traN traO traP traU
NZ_CP044960.1	16	16	contiguous	29426	6231	traE traI traK traL traM traN traO traP traQ traT traU traV traW traY trbA trbB
NZ_CP045017.1	13	11	split_2	50826	32849	traI traK traL traM traN traO traP traQ traU traW traY
NZ_CP045189.1	16	16	split_2	91068	67874	traE traI traK traL traM traN traO traP traQ traT traU traV traW traY trbA trbB
NZ_CP045210.1	16	16	contiguous	41689	18607	traE traI traK traL traM traN traO traP traQ traT traU traV traW traY trbA trbB
NZ_CP045214.1	16	16	contiguous	38975	15900	traE traI traK traL traM traN traO traP traQ traT traU traV traW traY trbA trbB
NZ_CP045244.1	13	13	split_2	78592	58450	traI traK traL traM traN traO traP traQ traU traW traY trbA trbB
NZ_CP045251.1	13	13	contiguous	23780	4128	traI traK traL traM traN traO traP traQ traU traW traY trbA trbB
NZ_CP045467.1	16	16	contiguous	34130	9731	traE traI traK traL traM traN traO traP traQ traT traU traV traW traY trbA trbB
NZ_CP045511.1	11	11	contiguous	16923	3463	traI traK traL traM traN traO traP traQ traU traW traY
NZ_CP045519.1	16	16	contiguous	34133	9732	traE traI traK traL traM traN traO traP traQ traT traU traV traW traY trbA trbB
NZ_CP045523.1	16	16	contiguous	29811	5413	traE traI traK traL traM traN traO traP traQ traT traU traV traW traY trbA trbB
NZ_CP045527.1	16	16	split_2	85117	58719	traE traI traK traL traM traN traO traP traQ traT traU traV traW traY trbA trbB
NZ_CP045557.1	15	15	contiguous	26751	5806	traE traI traK traL traM traN traO traP traQ traU traV traW traY trbA trbB
NZ_CP045561.1	6	5	split_2	121725	90051	traM traN traU traW traY
NZ_CP045727.1	13	11	split_2	55608	37553	traI traK traL traM traN traO traP traQ traU traW traY
NZ_CP045742.1	6	6	contiguous	9966	4216	traU traV traW traY trbA trbB
NZ_CP045756.1	16	16	split_2	95037	68676	traE traI traK traL traM traN traO traP traQ traT traU traV traW traY trbA trbB
NZ_CP045763.1	16	16	contiguous	28606	4788	traE traI traK traL traM traN traO traP traQ traT traU traV traW traY trbA trbB
NZ_CP045838.1	15	15	contiguous	26751	5806	traE traI traK traL traM traN traO traP traQ traU traV traW traY trbA trbB
NZ_CP045841.1	15	15	contiguous	26751	5806	traE traI traK traL traM traN traO traP traQ traU traV traW traY trbA trbB
NZ_CP045951.1	16	16	contiguous	31700	7299	traE traI traK traL traM traN traO traP traQ traT traU traV traW traY trbA trbB
NZ_CP046136.1	13	13	split_2	82880	61311	traI traK traL traM traN traO traP traQ traU traW traY trbA trbB
NZ_CP046284.1	16	16	contiguous	28609	4787	traE traI traK traL traM traN traO traP traQ traT traU traV traW traY trbA trbB
NZ_CP046482.1	13	11	split_2	68469	25169	traL traM traN traO traP traQ traU traW traY trbA trbB
NZ_CP046504.1	15	15	contiguous	27331	4939	traE traI traK traL traM traN traO traP traQ traU traV traW traY trbA trbB
NZ_CP046648.1	13	11	split_2	58581	40604	traI traK traL traM traN traO traP traQ traU traW traY
NZ_CP046899.1	7	5	contiguous	47578	17400	traM traN traU traW traY
NZ_CP047012.1	16	16	contiguous	30841	6440	traE traI traK traL traM traN traO traP traQ traT traU traV traW traY trbA trbB
NZ_CP047195.1	13	13	contiguous	21115	4121	traI traK traL traM traN traO traP traQ traU traW traY trbA trbB
NZ_CP047524.1	16	16	contiguous	33313	6876	traE traI traK traL traM traN traO traP traQ traT traU traV traW traY trbA trbB
NZ_CP047539.1	16	16	contiguous	34998	7326	traE traI traK traL traM traN traO traP traQ traT traU traV traW traY trbA trbB
NZ_CP047572.1	16	16	contiguous	30040	5639	traE traI traK traL traM traN traO traP traQ traT traU traV traW traY trbA trbB
NZ_CP047578.1	16	16	contiguous	29842	5639	traE traI traK traL traM traN traO traP traQ traT traU traV traW traY trbA trbB
NZ_CP047704.1	13	11	split_2	65087	47110	traI traK traL traM traN traO traP traQ traU traW traY
NZ_CP047714.1	13	11	split_2	50545	32526	traI traK traL traM traN traO traP traQ traU traW traY
NZ_CP047716.1	15	15	contiguous	25393	4488	traE traI traK traL traM traN traO traP traQ traU traV traW traY trbA trbB
NZ_CP047731.1	15	15	contiguous	25393	4488	traE traI traK traL traM traN traO traP traQ traU traV traW traY trbA trbB
NZ_CP047882.1	16	16	contiguous	28898	5703	traE traI traK traL traM traN traO traP traQ traT traU traV traW traY trbA trbB
NZ_CP047968.1	15	15	contiguous	25393	4488	traE traI traK traL traM traN traO traP traQ traU traV traW traY trbA trbB
NZ_CP048135.1	7	5	split_2	191506	158103	traM traN traU traW traY
NZ_CP048339.1	13	11	split_2	50254	32199	traI traK traL traM traN traO traP traQ traU traW traY
NZ_CP048353.1	13	11	split_2	55608	37553	traI traK traL traM traN traO traP traQ traU traW traY
NZ_CP048361.1	16	16	contiguous	28682	4788	traE traI traK traL traM traN traO traP traQ traT traU traV traW traY trbA trbB
NZ_CP048418.1	13	11	split_2	48502	30528	traI traK traL traM traN traO traP traQ traU traW traY
NZ_CP048612.1	16	16	contiguous	29682	4788	traE traI traK traL traM traN traO traP traQ traT traU traV traW traY trbA trbB
NZ_CP048639.1	4	4	contiguous	17180	10834	traM traN traU traW
NZ_CP048781.1	13	11	split_2	58581	40604	traI traK traL traM traN traO traP traQ traU traW traY
NZ_CP048803.1	13	11	split_2	58581	40604	traI traK traL traM traN traO traP traQ traU traW traY
NZ_CP048824.1	16	16	contiguous	30103	5702	traE traI traK traL traM traN traO traP traQ traT traU traV traW traY trbA trbB
NZ_CP048828.1	7	5	split_3	257214	199003	traM traN traU traW traY
NZ_CP048851.1	7	5	split_2	116134	81092	traM traN traU traW traY
NZ_CP049117.1	13	13	split_2	101470	82447	traI traK traL traM traN traO traP traQ traU traW traY trbA trbB
NZ_CP049120.1	16	16	contiguous	29144	4788	traE traI traK traL traM traN traO traP traQ traT traU traV traW traY trbA trbB
NZ_CP049176.1	15	15	split_2	79457	56389	traE traI traL traM traN traO traP traQ traT traU traV traW traY trbA trbB
NZ_CP049178.1	16	16	contiguous	29756	6564	traE traI traK traL traM traN traO traP traQ traT traU traV traW traY trbA trbB
NZ_CP049180.1	16	16	split_2	84863	56389	traE traI traK traL traM traN traO traP traQ traT traU traV traW traY trbA trbB
NZ_CP049350.1	15	15	split_2	92761	64405	traE traI traK traL traM traN traO traQ traT traU traV traW traY trbA trbB
NZ_CP049844.1	16	16	split_2	83418	58307	traE traI traK traL traM traN traO traP traQ traT traU traV traW traY trbA trbB
NZ_CP049846.1	16	16	contiguous	32215	8800	traE traI traK traL traM traN traO traP traQ traT traU traV traW traY trbA trbB
NZ_CP049948.1	13	11	split_2	55608	37553	traI traK traL traM traN traO traP traQ traU traW traY
NZ_CP049951.1	13	11	split_2	55608	37553	traI traK traL traM traN traO traP traQ traU traW traY
NZ_CP049954.1	13	11	split_2	55608	37553	traI traK traL traM traN traO traP traQ traU traW traY
NZ_CP050048.1	14	14	contiguous	29705	5723	traE traI traK traL traM traN traO traP traQ traU traW traY trbA trbB
NZ_CP050315.1	4	4	contiguous	11730	6252	traI traM traN traU
NZ_CP050361.1	13	13	contiguous	21023	4119	traI traK traL traM traN traO traP traQ traU traW traY trbA trbB
NZ_CP050373.1	13	13	contiguous	21023	4119	traI traK traL traM traN traO traP traQ traU traW traY trbA trbB
NZ_CP050433.1	7	5	contiguous	49901	16498	traM traN traU traW traY
NZ_CP050758.1	16	16	contiguous	29736	5335	traE traI traK traL traM traN traO traP traQ traT traU traV traW traY trbA trbB
NZ_CP050812.1	15	15	contiguous	25356	4451	traE traI traK traL traM traN traO traP traQ traU traV traW traY trbA trbB
NZ_CP050846.1	13	11	contiguous	25942	7965	traI traK traL traM traN traO traP traQ traU traW traY
NZ_CP050857.1	13	13	contiguous	24927	7485	traI traK traL traM traN traO traP traQ traU traW traY trbA trbB
NZ_CP051282.1	15	15	contiguous	28389	6219	traE traI traL traM traN traO traP traQ traT traU traV traW traY trbA trbB
NZ_CP051312.1	16	16	contiguous	30841	6440	traE traI traK traL traM traN traO traP traQ traT traU traV traW traY trbA trbB
NZ_CP051314.1	16	16	split_2	100404	70091	traE traI traK traL traM traN traO traP traQ traT traU traV traW traY trbA trbB
NZ_CP051318.1	14	14	contiguous	23309	4785	traE traI traK traL traM traN traO traP traQ traT traU traV traW traY
NZ_CP051343.1	16	16	contiguous	30595	7400	traE traI traK traL traM traN traO traP traQ traT traU traV traW traY trbA trbB
NZ_CP051351.1	16	16	split_2	108724	81582	traE traI traK traL traM traN traO traP traQ traT traU traV traW traY trbA trbB
NZ_CP051354.1	16	16	contiguous	28606	4788	traE traI traK traL traM traN traO traP traQ traT traU traV traW traY trbA trbB
NZ_CP051371.1	16	16	contiguous	28605	4787	traE traI traK traL traM traN traO traP traQ traT traU traV traW traY trbA trbB
NZ_CP051383.1	16	16	contiguous	28606	4788	traE traI traK traL traM traN traO traP traQ traT traU traV traW traY trbA trbB
NZ_CP051405.1	16	16	contiguous	30841	6440	traE traI traK traL traM traN traO traP traQ traT traU traV traW traY trbA trbB
NZ_CP051411.1	16	16	contiguous	28606	4788	traE traI traK traL traM traN traO traP traQ traT traU traV traW traY trbA trbB
NZ_CP051420.1	16	16	split_2	79047	55342	traE traI traK traL traM traN traO traP traQ traT traU traV traW traY trbA trbB
NZ_CP051702.1	16	16	contiguous	32245	8830	traE traI traK traL traM traN traO traP traQ traT traU traV traW traY trbA trbB
NZ_CP051713.1	16	16	contiguous	32245	8830	traE traI traK traL traM traN traO traP traQ traT traU traV traW traY trbA trbB
NZ_CP051720.1	16	16	contiguous	33322	8816	traE traI traK traL traM traN traO traP traQ traT traU traV traW traY trbA trbB
NZ_CP051745.1	16	16	contiguous	30040	5639	traE traI traK traL traM traN traO traP traQ traT traU traV traW traY trbA trbB
NZ_CP052880.1	16	16	contiguous	31078	6677	traE traI traK traL traM traN traO traP traQ traT traU traV traW traY trbA trbB
NZ_CP053038.1	13	11	split_2	45283	27408	traI traK traL traM traN traO traP traQ traU traW traY
NZ_CP053081.1	16	16	contiguous	28615	4787	traE traI traK traL traM traN traO traP traQ traT traU traV traW traY trbA trbB
NZ_CP053235.1	16	16	split_2	53150	28262	traE traI traK traL traM traN traO traP traQ traT traU traV traW traY trbA trbB
NZ_CP053253.1	16	16	contiguous	28358	5167	traE traI traK traL traM traN traO traP traQ traT traU traV traW traY trbA trbB
NZ_CP053283.1	13	11	split_2	56793	38774	traI traK traL traM traN traO traP traQ traU traW traY
NZ_CP053361.1	13	11	split_2	58581	40604	traI traK traL traM traN traO traP traQ traU traW traY
NZ_CP053379.1	13	13	contiguous	21046	3681	traI traK traL traM traN traO traP traQ traU traW traY trbA trbB
NZ_CP053560.1	16	16	contiguous	28606	4787	traE traI traK traL traM traN traO traP traQ traT traU traV traW traY trbA trbB
NZ_CP053669.1	13	11	contiguous	35189	17305	traI traK traL traM traN traO traP traQ traU traW traY
NZ_CP053677.1	16	16	contiguous	28606	4787	traE traI traK traL traM traN traO traP traQ traT traU traV traW traY trbA trbB
NZ_CP053678.1	16	16	contiguous	28607	4787	traE traI traK traL traM traN traO traP traQ traT traU traV traW traY trbA trbB
NZ_CP053679.1	16	16	contiguous	28606	4787	traE traI traK traL traM traN traO traP traQ traT traU traV traW traY trbA trbB
NZ_CP053709.1	9	7	contiguous	21799	4767	traI traK trbA traM traN traO traU
NZ_CP053733.1	16	16	split_2	55733	25827	traE traI traK traL traM traN traO traP traQ traT traU traV traW traY trbA trbB
NZ_CP053754.1	16	16	contiguous	29842	6648	traE traI traK traL traM traN traO traP traQ traT traU traV traW traY trbA trbB
NZ_CP053786.1	16	16	contiguous	28606	4787	traE traI traK traL traM traN traO traP traQ traT traU traV traW traY trbA trbB
NZ_CP053788.1	16	16	contiguous	28606	4787	traE traI traK traL traM traN traO traP traQ traT traU traV traW traY trbA trbB
NZ_CP053867.1	16	16	contiguous	28606	4788	traE traI traK traL traM traN traO traP traQ traT traU traV traW traY trbA trbB
NZ_CP053868.1	16	16	contiguous	28606	4788	traE traI traK traL traM traN traO traP traQ traT traU traV traW traY trbA trbB
NZ_CP053872.1	16	16	contiguous	28606	4788	traE traI traK traL traM traN traO traP traQ traT traU traV traW traY trbA trbB
NZ_CP053873.1	16	16	contiguous	28606	4788	traE traI traK traL traM traN traO traP traQ traT traU traV traW traY trbA trbB
NZ_CP054047.1	13	13	split_2	76211	58296	traI traK traL traM traN traO traP traQ traU traW traY trbA trbB
NZ_CP054138.1	6	5	split_3	55523	23770	traM traN traU traW traY
NZ_CP054216.1	16	16	contiguous	31096	7328	traE traI traK traL traM traN traO traP traQ traT traU traV traW traY trbA trbB
NZ_CP054221.1	16	16	contiguous	28591	4788	traE traI traK traL traM traN traO traP traQ traT traU traV traW traY trbA trbB
NZ_CP054354.1	16	16	contiguous	32262	8847	traE traI traK traL traM traN traO traP traQ traT traU traV traW traY trbA trbB
NZ_CP054380.1	16	16	contiguous	32224	8809	traE traI traK traL traM traN traO traP traQ traT traU traV traW traY trbA trbB
NZ_CP054413.1	16	16	contiguous	28607	4788	traE traI traK traL traM traN traO traP traQ traT traU traV traW traY trbA trbB
NZ_CP054664.1	13	11	split_2	60970	42996	traI traK traL traM traN traO traP traQ traU traW traY
NZ_CP054723.1	13	13	contiguous	20842	3731	traI traK traL traM traN traO traP traQ traU traW traY trbA trbB
NZ_CP054729.1	13	13	contiguous	20842	3731	traI traK traL traM traN traO traP traQ traU traW traY trbA trbB
NZ_CP054735.1	13	13	contiguous	21115	4121	traI traK traL traM traN traO traP traQ traU traW traY trbA trbB
NZ_CP054741.1	13	13	contiguous	21115	4121	traI traK traL traM traN traO traP traQ traU traW traY trbA trbB
NZ_CP054747.1	13	13	contiguous	20842	3731	traI traK traL traM traN traO traP traQ traU traW traY trbA trbB
NZ_CP054753.1	13	13	contiguous	20842	3731	traI traK traL traM traN traO traP traQ traU traW traY trbA trbB
NZ_CP054759.1	13	13	contiguous	20842	3731	traI traK traL traM traN traO traP traQ traU traW traY trbA trbB
NZ_CP054765.1	13	13	contiguous	21115	4121	traI traK traL traM traN traO traP traQ traU traW traY trbA trbB
NZ_CP054771.1	13	13	contiguous	20842	3731	traI traK traL traM traN traO traP traQ traU traW traY trbA trbB
NZ_CP054777.1	13	13	contiguous	21115	4121	traI traK traL traM traN traO traP traQ traU traW traY trbA trbB
NZ_CP054783.1	13	13	contiguous	20842	3731	traI traK traL traM traN traO traP traQ traU traW traY trbA trbB
NZ_CP054859.1	9	4	split_2	45563	30894	traQ traU traW traY
NZ_CP054863.1	9	4	split_2	44970	32200	traQ traU traW traY
NZ_CP054943.1	16	16	contiguous	28616	4788	traE traI traK traL traM traN traO traP traQ traT traU traV traW traY trbA trbB
NZ_CP055049.1	14	14	contiguous	33485	7402	traE traI traK traL traM traN traO traP traQ traU traW traY trbA trbB
NZ_CP055101.1	16	16	contiguous	29736	5335	traE traI traK traL traM traN traO traP traQ traT traU traV traW traY trbA trbB
NZ_CP055111.1	16	16	contiguous	30031	5630	traE traI traK traL traM traN traO traP traQ traT traU traV traW traY trbA trbB
NZ_CP055115.1	16	16	contiguous	34045	9967	traE traI traK traL traM traN traO traP traQ traT traU traV traW traY trbA trbB
NZ_CP055196.1	16	16	contiguous	28606	4788	traE traI traK traL traM traN traO traP traQ traT traU traV traW traY trbA trbB
NZ_CP055202.1	16	16	contiguous	28551	4788	traE traI traK traL traM traN traO traP traQ traT traU traV traW traY trbA trbB
NZ_CP055221.1	13	13	split_2	78270	61159	traI traK traL traM traN traO traP traQ traU traW traY trbA trbB
NZ_CP055261.1	16	16	contiguous	29742	5341	traE traI traK traL traM traN traO traP traQ traT traU traV traW traY trbA trbB
NZ_CP055297.1	13	13	contiguous	20842	3731	traI traK traL traM traN traO traP traQ traU traW traY trbA trbB
NZ_CP055601.1	16	16	contiguous	29898	5497	traE traI traK traL traM traN traO traP traQ traT traU traV traW traY trbA trbB
NZ_CP056076.1	16	16	contiguous	34883	6457	traE traI traK traL traM traN traO traP traQ traT traU traV traW traY trbA trbB
NZ_CP056160.1	13	13	contiguous	26066	4974	traI traK traL traM traN traO traP traQ traU traW traY trbA trbB
NZ_CP056917.1	16	16	contiguous	29043	4788	traE traI traK traL traM traN traO traP traQ traT traU traV traW traY trbA trbB
NZ_CP056937.1	16	16	contiguous	29043	4788	traE traI traK traL traM traN traO traP traQ traT traU traV traW traY trbA trbB
NZ_CP056952.1	16	16	contiguous	29043	4788	traE traI traK traL traM traN traO traP traQ traT traU traV traW traY trbA trbB
NZ_CP057212.1	16	16	contiguous	28416	4788	traE traI traK traL traM traN traO traP traQ traT traU traV traW traY trbA trbB
NZ_CP057217.1	16	16	contiguous	28416	4788	traE traI traK traL traM traN traO traP traQ traT traU traV traW traY trbA trbB
NZ_CP057245.1	16	16	contiguous	28416	4788	traE traI traK traL traM traN traO traP traQ traT traU traV traW traY trbA trbB
NZ_CP057464.1	16	16	contiguous	40651	16250	traE traI traK traL traM traN traO traP traQ traT traU traV traW traY trbA trbB
NZ_CP057562.1	16	16	contiguous	28420	4788	traE traI traK traL traM traN traO traP traQ traT traU traV traW traY trbA trbB
NZ_CP057566.1	16	16	contiguous	28420	4788	traE traI traK traL traM traN traO traP traQ traT traU traV traW traY trbA trbB
NZ_CP057659.1	16	16	contiguous	28610	4789	traE traI traK traL traM traN traO traP traQ traT traU traV traW traY trbA trbB
NZ_CP057682.1	16	16	contiguous	28552	4788	traE traI traK traL traM traN traO traP traQ traT traU traV traW traY trbA trbB
NZ_CP057897.1	16	16	contiguous	29043	4788	traE traI traK traL traM traN traO traP traQ traT traU traV traW traY trbA trbB
NZ_CP057919.1	16	16	contiguous	29043	4788	traE traI traK traL traM traN traO traP traQ traT traU traV traW traY trbA trbB
NZ_CP058058.1	16	16	contiguous	29942	4935	traE traI traK traL traM traN traO traP traQ traT traU traV traW traY trbA trbB
NZ_CP058210.1	16	16	contiguous	31061	4788	traE traI traK traL traM traN traO traP traQ traT traU traV traW traY trbA trbB
NZ_CP058225.1	16	16	split_2	86183	61919	traE traI traK traL traM traN traO traP traQ traT traU traV traW traY trbA trbB
NZ_CP058230.1	16	16	contiguous	28607	4788	traE traI traK traL traM traN traO traP traQ traT traU traV traW traY trbA trbB
NZ_CP058304.1	16	16	contiguous	29742	5341	traE traI traK traL traM traN traO traP traQ traT traU traV traW traY trbA trbB
NZ_CP058360.1	16	16	contiguous	32186	8777	traE traI traK traL traM traN traO traP traQ traT traU traV traW traY trbA trbB
NZ_CP058363.1	16	16	split_2	54455	22269	traE traI traK traM traN traO traP traQ traT traU traV traW traY trbA trbB traL
NZ_CP058572.1	15	15	split_2	107219	81135	traE traI traK traL traM traN traP traQ traT traU traV traW traY trbA trbB
NZ_CP058573.1	16	16	split_2	87199	56690	traE traI traK traL traM traN traO traP traQ traT traU traV traW traY trbA trbB
NZ_CP058811.1	16	16	contiguous	28882	4788	traE traI traK traL traM traN traO traP traQ traT traU traV traW traY trbA trbB
NZ_CP058876.1	16	16	contiguous	28418	4788	traE traI traK traL traM traN traO traP traQ traT traU traV traW traY trbA trbB
NZ_CP058882.1	16	16	contiguous	29811	5413	traE traI traK traL traM traN traO traP traQ traT traU traV traW traY trbA trbB
NZ_CP059004.1	16	16	contiguous	35947	8660	traE traI traK traL traM traN traO traP traQ traT traU traV traW traY trbA trbB
NZ_CP059121.1	16	16	contiguous	30041	5643	traE traI traK traL traM traN traO traP traQ traT traU traV traW traY trbA trbB
NZ_CP059301.1	6	5	split_2	123264	90484	traM traN traU traW traY
NZ_CP059429.1	13	11	split_2	43270	25296	traI traK traL traM traN traO traP traQ traU traW traY
NZ_CP059484.1	16	16	split_2	144284	116862	traE traI traK traL traM traN traO traP traQ traT traU traV traW traY trbA trbB
NZ_CP059837.1	16	16	contiguous	29856	6661	traE traI traK traL traM traN traO traP traQ traT traU traV traW traY trbA trbB
NZ_CP059909.1	16	16	contiguous	31313	6914	traE traI traK traL traM traN traO traP traQ traT traU traV traW traY trbA trbB
NZ_CP059919.1	16	16	contiguous	31145	4787	traE traI traK traL traM traN traO traP traQ traT traU traV traW traY trbA trbB
NZ_CP060093.1	8	6	split_2	58739	23812	traI traK traM traN traQ traU
NZ_CP060277.1	13	13	split_2	121586	100484	traI traK traL traM traN traO traP traQ traU traW traY trbA trbB
NZ_CP060445.1	13	10	split_2	80466	57653	traI traK traM traN traO traP traQ traU traW traY
NZ_CP060513.1	16	16	contiguous	30271	7076	traE traI traK traL traM traN traO traP traQ traT traU traV traW traY trbA trbB
NZ_CP060593.1	13	13	contiguous	20989	3293	traI traK traL traM traN traO traP traQ traU traW traY trbA trbB
NZ_CP060745.1	13	13	split_2	88506	71395	traI traK traL traM traN traO traP traQ traU traW traY trbA trbB
NZ_CP060749.1	16	16	contiguous	31339	7260	traE traI traK traL traM traN traO traP traQ traT traU traV traW traY trbA trbB
NZ_CP060750.1	13	13	contiguous	21745	4787	traE traI traK traL traM traN traO traP traQ traT traU traV traW
NZ_CP060869.1	16	16	contiguous	29735	5335	traE traI traK traL traM traN traO traP traQ traT traU traV traW traY trbA trbB
NZ_CP060875.1	16	16	contiguous	28551	4788	traE traI traK traL traM traN traO traP traQ traT traU traV traW traY trbA trbB
NZ_CP060881.1	16	16	contiguous	32921	8403	traE traI traK traL traM traN traO traP traQ traT traU traV traW traY trbA trbB
NZ_CP060887.1	16	16	contiguous	30038	5639	traE traI traK traL traM traN traO traP traQ traT traU traV traW traY trbA trbB
NZ_CP060904.1	16	16	contiguous	30038	5639	traE traI traK traL traM traN traO traP traQ traT traU traV traW traY trbA trbB
NZ_CP060910.1	16	16	contiguous	30038	5639	traE traI traK traL traM traN traO traP traQ traT traU traV traW traY trbA trbB
NZ_CP060926.1	13	11	split_2	54522	36773	traI traK traL traM traN traO traP traQ traU traW traY
NZ_CP060947.1	16	16	contiguous	30040	5639	traE traI traK traL traM traN traO traP traQ traT traU traV traW traY trbA trbB
NZ_CP060951.1	16	16	contiguous	30040	5639	traE traI traK traL traM traN traO traP traQ traT traU traV traW traY trbA trbB
NZ_CP060965.1	16	16	contiguous	30038	5639	traE traI traK traL traM traN traO traP traQ traT traU traV traW traY trbA trbB
NZ_CP060981.1	16	16	contiguous	28616	4788	traE traI traK traL traM traN traO traP traQ traT traU traV traW traY trbA trbB
NZ_CP060989.1	16	16	contiguous	28418	4788	traE traI traK traL traM traN traO traP traQ traT traU traV traW traY trbA trbB
NZ_CP061074.2	11	7	split_2	127044	79020	traM traN traO traP traQ traU traY
NZ_CP061557.1	6	5	split_3	305148	264995	traM traN traU traW traY
NZ_CP061572.1	7	5	split_2	255816	224260	traM traN traU traW traY
NZ_CP061583.1	7	5	contiguous	46407	17278	traM traN traU traW traY
NZ_CP061599.1	7	5	contiguous	49632	15993	traM traN traU traW traY
NZ_CP061604.1	7	5	split_2	119201	86649	traM traN traU traW traY
NZ_CP061614.1	7	5	split_2	119201	86649	traM traN traU traW traY
NZ_CP061621.1	7	5	contiguous	46406	17277	traM traN traU traW traY
NZ_CP061630.1	7	5	contiguous	48544	15993	traM traN traU traW traY
NZ_CP061635.1	7	5	split_2	118112	85560	traM traN traU traW traY
NZ_CP061641.1	7	5	split_2	116827	87698	traM traN traU traW traY
NZ_CP061656.1	7	5	split_2	122758	85557	traM traN traU traW traY
NZ_CP061673.1	7	5	split_3	277498	234111	traM traN traU traW traY
NZ_CP061684.1	7	5	split_2	116827	87698	traM traN traU traW traY
NZ_CP061760.1	16	16	contiguous	39271	15005	traE traI traK traL traM traN traO traP traQ traT traU traV traW traY trbA trbB
NZ_CP061829.1	7	5	contiguous	46408	17278	traM traN traU traW traY
NZ_CP061951.1	13	11	contiguous	26564	6736	traI traK traL traM traN traO traP traQ traU traW traY
NZ_CP061956.1	13	11	contiguous	26036	7981	traI traK traL traM traN traO traP traQ traU traW traY
NZ_CP061958.1	13	11	contiguous	26036	7981	traI traK traL traM traN traO traP traQ traU traW traY
NZ_CP061964.1	13	11	split_2	55596	37541	traI traK traL traM traN traO traP traQ traU traW traY
NZ_CP061969.1	13	11	split_2	60962	37550	traI traK traL traM traN traO traP traQ traU traW traY
NZ_CP061974.1	12	11	split_2	59846	42752	traI traK traL traM traN traO traP traQ traU traW traY
NZ_CP061978.1	12	11	contiguous	26108	7598	traI traK traL traM traN traO traP traQ traU traW traY
NZ_CP062063.1	8	5	split_4	154714	67445	traM traN traO traU traW
NZ_CP062152.1	7	6	split_2	228793	215791	traI traK traM traN traO traU
NZ_CP062213.1	16	16	contiguous	30038	5639	traE traI traK traL traM traN traO traP traQ traT traU traV traW traY trbA trbB
NZ_CP062812.1	16	16	contiguous	28606	4787	traE traI traK traL traM traN traO traP traQ traT traU traV traW traY trbA trbB
NZ_CP062825.1	16	16	contiguous	28606	4787	traE traI traK traL traM traN traO traP traQ traT traU traV traW traY trbA trbB
NZ_CP062862.1	16	16	contiguous	28606	4787	traE traI traK traL traM traN traO traP traQ traT traU traV traW traY trbA trbB
NZ_CP062866.1	16	16	contiguous	28606	4787	traE traI traK traL traM traN traO traP traQ traT traU traV traW traY trbA trbB
NZ_CP062869.1	16	16	contiguous	31146	7327	traE traI traK traL traM traN traO traP traQ traT traU traV traW traY trbA trbB
NZ_CP062873.1	16	16	contiguous	28606	4787	traE traI traK traL traM traN traO traP traQ traT traU traV traW traY trbA trbB
NZ_CP062877.1	16	16	contiguous	28606	4787	traE traI traK traL traM traN traO traP traQ traT traU traV traW traY trbA trbB
NZ_CP062892.1	16	16	contiguous	28606	4787	traE traI traK traL traM traN traO traP traQ traT traU traV traW traY trbA trbB
NZ_CP062903.1	16	16	contiguous	28606	4787	traE traI traK traL traM traN traO traP traQ traT traU traV traW traY trbA trbB
NZ_CP062907.1	16	16	contiguous	28606	4787	traE traI traK traL traM traN traO traP traQ traT traU traV traW traY trbA trbB
NZ_CP062913.1	16	16	contiguous	28606	4787	traE traI traK traL traM traN traO traP traQ traT traU traV traW traY trbA trbB
NZ_CP062977.1	16	16	contiguous	33765	10570	traE traI traK traL traM traN traO traP traQ traT traU traV traW traY trbA trbB
NZ_CP062980.1	16	16	contiguous	28606	4788	traE traI traK traL traM traN traO traP traQ traT traU traV traW traY trbA trbB
NZ_CP062988.1	13	11	split_2	55473	37553	traI traK traL traM traN traO traP traQ traU traW traY
NZ_CP063010.1	13	11	split_2	55434	37550	traI traK traL traM traN traO traP traQ traU traW traY
NZ_CP063012.1	13	11	split_2	54257	36373	traI traK traL traM traN traO traP traQ traU traW traY
NZ_CP063230.1	13	13	contiguous	21046	3678	traI traK traL traM traN traO traP traQ traU traW traY trbA trbB
NZ_CP063239.1	13	11	split_2	62006	43951	traI traK traL traM traN traO traP traQ traU traW traY
NZ_CP063280.1	13	11	split_2	55608	37553	traI traK traL traM traN traO traP traQ traU traW traY
NZ_CP063290.1	16	16	contiguous	34132	9731	traE traI traK traL traM traN traO traP traQ traT traU traV traW traY trbA trbB
NZ_CP063296.1	16	16	contiguous	34132	9731	traE traI traK traL traM traN traO traP traQ traT traU traV traW traY trbA trbB
NZ_CP063355.1	13	13	contiguous	21294	4223	traI traK traL traM traN traO traP traQ traU traW traY trbA trbB
NZ_CP063371.1	16	16	contiguous	29942	5548	traE traI traK traL traM traN traO traP traQ traT traU traV traW traY trbA trbB
NZ_CP063464.1	7	7	contiguous	13593	5754	traE traU traV traW traY trbA trbB
NZ_CP063494.1	16	16	contiguous	30797	8273	traE traI traK traL traM traN traO traP traQ traT traU traV traW traY trbA trbB
NZ_CP063763.1	13	13	contiguous	21115	4121	traI traK traL traM traN traO traP traQ traU traW traY trbA trbB
NZ_CP063836.1	13	13	contiguous	20842	3731	traI traK traL traM traN traO traP traQ traU traW traY trbA trbB
NZ_CP063923.1	16	16	split_2	79072	53686	traE traI traK traL traM traN traO traP traQ traT traU traV traW traY trbA trbB
NZ_CP064107.1	16	16	split_2	78171	54846	traE traI traK traL traM traN traO traP traQ traT traU traV traW traY trbA trbB
NZ_CP064112.1	13	11	contiguous	26564	6736	traI traK traL traM traN traO traP traQ traU traW traY
NZ_CP064115.1	13	11	contiguous	26036	7981	traI traK traL traM traN traO traP traQ traU traW traY
NZ_CP064130.1	13	13	contiguous	21115	4121	traI traK traL traM traN traO traP traQ traU traW traY trbA trbB
NZ_CP064215.1	13	13	contiguous	21115	4121	traI traK traL traM traN traO traP traQ traU traW traY trbA trbB
NZ_CP064219.1	13	13	contiguous	21115	4121	traI traK traL traM traN traO traP traQ traU traW traY trbA trbB
NZ_CP064225.1	13	13	contiguous	21115	4121	traI traK traL traM traN traO traP traQ traU traW traY trbA trbB
NZ_CP064238.1	13	13	contiguous	21115	4121	traI traK traL traM traN traO traP traQ traU traW traY trbA trbB
NZ_CP064244.1	13	13	split_2	85988	66253	traI traK traL traM traN traO traP traQ traU traW traY trbA trbB
NZ_CP064254.1	16	16	contiguous	35947	8660	traE traI traK traL traM traN traO traP traQ traT traU traV traW traY trbA trbB
NZ_CP064261.1	13	13	contiguous	20842	3731	traI traK traL traM traN traO traP traQ traU traW traY trbA trbB
NZ_CP064265.1	16	16	contiguous	28881	4787	traE traI traK traL traM traN traO traP traQ traT traU traV traW traY trbA trbB
NZ_CP064400.1	13	9	split_2	65171	26196	traL traM traN traO traP traQ traU trbA trbB
NZ_CP064947.1	13	8	split_2	76267	43168	traM traN traO traP traQ traU traW traY
NZ_CP065063.1	16	16	contiguous	33886	10691	traE traI traK traL traM traN traO traP traQ traT traU traV traW traY trbA trbB
NZ_CP065101.1	16	16	contiguous	34131	9730	traE traI traK traL traM traN traO traP traQ traT traU traV traW traY trbA trbB
NZ_CP065109.1	16	16	contiguous	34051	9650	traE traI traK traL traM traN traO traP traQ traT traU traV traW traY trbA trbB
NZ_CP065122.1	16	16	contiguous	34132	9731	traE traI traK traL traM traN traO traP traQ traT traU traV traW traY trbA trbB
NZ_CP065126.1	16	16	contiguous	34132	9731	traE traI traK traL traM traN traO traP traQ traT traU traV traW traY trbA trbB
NZ_CP065129.1	16	16	contiguous	34132	9731	traE traI traK traL traM traN traO traP traQ traT traU traV traW traY trbA trbB
NZ_CP065455.1	13	11	split_2	65072	39713	traI traK traL traM traN traO traP traQ traU traW traY
NZ_CP065468.1	16	16	contiguous	35197	10797	traE traI traK traL traM traN traO traP traQ traT traU traV traW traY trbA trbB
NZ_CP065556.1	13	13	contiguous	21606	3735	traI traK traL traM traN traO traP traQ traU traW traY trbA trbB
NZ_CP065569.2	16	16	contiguous	34132	9731	traE traI traK traL traM traN traO traP traQ traT traU traV traW traY trbA trbB
NZ_CP065573.1	16	16	contiguous	29736	5335	traE traI traK traL traM traN traO traP traQ traT traU traV traW traY trbA trbB
NZ_CP065954.1	13	11	split_2	55788	37733	traI traK traL traM traN traO traP traQ traU traW traY
NZ_CP065969.1	14	14	split_2	82409	55195	traE traI traK traL traO traP traQ traT traU traV traW traY trbA trbB
NZ_CP066010.1	16	16	contiguous	28606	4788	traE traI traK traL traM traN traO traP traQ traT traU traV traW traY trbA trbB
NZ_CP066034.1	16	16	contiguous	30513	6119	traE traI traK traL traM traN traO traP traQ traT traU traV traW traY trbA trbB
NZ_CP066103.1	15	15	contiguous	25393	4488	traE traI traK traL traM traN traO traP traQ traU traV traW traY trbA trbB
NZ_CP066110.1	15	15	contiguous	25393	4488	traE traI traK traL traM traN traO traP traQ traU traV traW traY trbA trbB
NZ_CP066154.1	13	13	contiguous	20842	3731	traI traK traL traM traN traO traP traQ traU traW traY trbA trbB
NZ_CP066252.1	13	13	contiguous	21115	4121	traI traK traL traM traN traO traP traQ traU traW traY trbA trbB
NZ_CP066257.1	13	13	contiguous	21115	4121	traI traK traL traM traN traO traP traQ traU traW traY trbA trbB
NZ_CP066268.1	13	13	contiguous	24641	4810	traI traK traL traM traN traO traP traQ traU traW traY trbA trbB
NZ_CP066272.1	13	13	contiguous	24187	4642	traI traK traL traM traN traO traP traQ traU traW traY trbA trbB
NZ_CP066749.1	16	16	split_2	92073	67317	traE traI traK traL traM traN traO traP traQ traT traU traV traW traY trbA trbB
NZ_CP066754.1	16	16	contiguous	28608	4788	traE traI traK traL traM traN traO traP traQ traT traU traV traW traY trbA trbB
NZ_CP066838.1	16	16	contiguous	30028	5628	traE traI traK traL traM traN traO traP traQ traT traU traV traW traY trbA trbB
NZ_CP066907.1	13	13	contiguous	21115	4121	traI traK traL traM traN traO traP traQ traU traW traY trbA trbB
NZ_CP066938.1	10	6	contiguous	51664	16537	traM traN traP traQ traU traY
NZ_CP066940.1	10	6	contiguous	48300	15848	traM traN traP traQ traU traY
NZ_CP066944.1	10	6	contiguous	47093	15848	traM traN traP traQ traU traY
NZ_CP066973.1	10	6	split_2	142557	110149	traM traN traP traQ traU traY
NZ_CP066976.1	10	6	contiguous	52478	16188	traM traN traP traQ traU traY
NZ_CP067021.1	6	5	split_2	57602	25642	traM traN traU traW traY
NZ_CP067233.1	16	16	contiguous	28613	4785	traE traI traK traL traM traN traO traP traQ traT traU traV traW traY trbA trbB
NZ_CP067267.1	13	11	split_2	55473	37553	traI traK traL traM traN traO traP traQ traU traW traY
NZ_CP067314.1	13	11	split_2	55473	37553	traI traK traL traM traN traO traP traQ traU traW traY
NZ_CP067382.1	13	13	contiguous	21115	4121	traI traK traL traM traN traO traP traQ traU traW traY trbA trbB
NZ_CP068017.1	13	11	split_2	55564	37680	traI traK traL traM traN traO traP traQ traU traW traY
NZ_CP068044.1	16	16	contiguous	30103	5702	traE traI traK traL traM traN traO traP traQ traT traU traV traW traY trbA trbB
NZ_CP068149.1	13	13	contiguous	20998	4184	traI traK traL traM traN traO traP traQ traU traW traY trbA trbB
NZ_CP068295.1	11	9	split_2	39556	27132	traL traM traN traO traP traQ traU traW traY
NZ_CP068296.1	13	11	split_2	55608	37553	traI traK traL traM traN traO traP traQ traU traW traY
NZ_CP068297.1	11	9	split_2	43250	30826	traL traM traN traO traP traQ traU traW traY
NZ_CP068298.1	13	11	split_2	55518	37553	traI traK traL traM traN traO traP traQ traU traW traY
NZ_CP068299.1	13	11	split_2	61614	43649	traI traK traL traM traN traO traP traQ traU traW traY
NZ_CP068300.1	13	11	split_2	60871	42906	traI traK traL traM traN traO traP traQ traU traW traY
NZ_CP068301.1	13	11	split_2	60871	42906	traI traK traL traM traN traO traP traQ traU traW traY
NZ_CP068302.1	13	11	split_2	60871	42906	traI traK traL traM traN traO traP traQ traU traW traY
NZ_CP068303.1	13	11	split_2	44484	26573	traI traK traL traM traN traO traP traQ traU traW traY
NZ_CP068304.1	13	11	split_2	67873	46145	traI traK traL traM traN traO traP traQ traU traW traY
NZ_CP068305.1	13	11	split_2	56955	36776	traI traK traL traM traN traO traP traQ traU traW traY
NZ_CP068307.1	13	11	split_2	57303	39338	traI traK traL traM traN traO traP traQ traU traW traY
NZ_CP068308.1	13	11	split_2	55589	37534	traI traK traL traM traN traO traP traQ traU traW traY
NZ_CP068309.1	13	11	split_2	55518	37553	traI traK traL traM traN traO traP traQ traU traW traY
NZ_CP068310.1	13	11	split_2	56575	37544	traI traK traL traM traN traO traP traQ traU traW traY
NZ_CP068312.1	13	11	split_2	54341	36286	traI traK traL traM traN traO traP traQ traU traW traY
NZ_CP068313.1	13	11	split_2	55608	37553	traI traK traL traM traN traO traP traQ traU traW traY
NZ_CP068314.1	13	11	split_2	58051	39996	traI traK traL traM traN traO traP traQ traU traW traY
NZ_CP068317.1	13	11	split_2	55518	37553	traI traK traL traM traN traO traP traQ traU traW traY
NZ_CP068318.1	13	11	split_2	55518	37553	traI traK traL traM traN traO traP traQ traU traW traY
NZ_CP068319.1	13	11	split_2	56804	38839	traI traK traL traM traN traO traP traQ traU traW traY
NZ_CP068320.1	11	11	contiguous	17016	3556	traI traK traL traM traN traO traP traQ traU traW traY
NZ_CP068321.1	13	11	split_2	55518	37553	traI traK traL traM traN traO traP traQ traU traW traY
NZ_CP068323.1	13	11	split_2	46953	28898	traI traK traL traM traN traO traP traQ traU traW traY
NZ_CP068324.1	13	11	split_2	55608	37553	traI traK traL traM traN traO traP traQ traU traW traY
NZ_CP068326.1	13	11	split_2	55694	37639	traI traK traL traM traN traO traP traQ traU traW traY
NZ_CP068329.1	13	11	split_2	56417	37534	traI traK traL traM traN traO traP traQ traU traW traY
NZ_CP068331.1	13	11	split_2	55449	37484	traI traK traL traM traN traO traP traQ traU traW traY
NZ_CP068332.1	13	11	split_2	55694	37639	traI traK traL traM traN traO traP traQ traU traW traY
NZ_CP068335.1	13	11	split_2	53778	35723	traI traK traL traM traN traO traP traQ traU traW traY
NZ_CP068336.1	13	11	split_2	55608	37553	traI traK traL traM traN traO traP traQ traU traW traY
NZ_CP068337.1	12	10	split_2	43671	27559	traK traL traM traN traO traP traQ traU traW traY
NZ_CP068338.1	12	10	split_2	42301	26189	traK traL traM traN traO traP traQ traU traW traY
NZ_CP068339.1	13	11	split_2	55608	37553	traI traK traL traM traN traO traP traQ traU traW traY
NZ_CP068341.1	11	9	split_2	40636	28212	traL traM traN traO traP traQ traU traW traY
NZ_CP068342.1	13	11	split_2	55694	37639	traI traK traL traM traN traO traP traQ traU traW traY
NZ_CP068343.1	13	11	split_2	55608	37553	traI traK traL traM traN traO traP traQ traU traW traY
NZ_CP068574.1	13	11	split_2	68855	46188	traI traK traL traM traN traO traP traQ traU traW traY
NZ_CP068831.1	13	11	split_2	53768	35713	traI traK traL traM traN traO traP traQ traU traW traY
NZ_CP068832.1	13	11	split_2	53675	35620	traI traK traL traM traN traO traP traQ traU traW traY
NZ_CP068833.1	13	11	split_2	56385	38330	traI traK traL traM traN traO traP traQ traU traW traY
NZ_CP068834.1	13	11	split_2	57518	39463	traI traK traL traM traN traO traP traQ traU traW traY
NZ_CP068836.1	13	11	split_2	60394	42339	traI traK traL traM traN traO traP traQ traU traW traY
NZ_CP068838.1	11	9	split_2	39556	27132	traL traM traN traO traP traQ traU traW traY
NZ_CP068840.1	13	11	split_2	55608	37553	traI traK traL traM traN traO traP traQ traU traW traY
NZ_CP068841.1	13	11	split_2	55608	37553	traI traK traL traM traN traO traP traQ traU traW traY
NZ_CP068843.1	13	11	split_2	55608	37553	traI traK traL traM traN traO traP traQ traU traW traY
NZ_CP068844.1	13	11	split_2	54060	36005	traI traK traL traM traN traO traP traQ traU traW traY
NZ_CP068848.1	13	11	split_2	55608	37553	traI traK traL traM traN traO traP traQ traU traW traY
NZ_CP068851.1	13	11	split_2	56295	38330	traI traK traL traM traN traO traP traQ traU traW traY
NZ_CP068854.1	13	11	split_2	55608	37553	traI traK traL traM traN traO traP traQ traU traW traY
NZ_CP068855.1	13	11	split_2	55604	37549	traI traK traL traM traN traO traP traQ traU traW traY
NZ_CP068857.1	13	11	split_2	55608	37553	traI traK traL traM traN traO traP traQ traU traW traY
NZ_CP068859.1	13	11	split_2	55608	37553	traI traK traL traM traN traO traP traQ traU traW traY
NZ_CP068861.1	13	11	split_2	55608	37553	traI traK traL traM traN traO traP traQ traU traW traY
NZ_CP068862.1	13	11	split_2	53679	35624	traI traK traL traM traN traO traP traQ traU traW traY
NZ_CP068863.1	10	8	split_2	37315	26066	traM traN traO traP traQ traU traW traY
NZ_CP068864.1	13	11	split_2	55518	37553	traI traK traL traM traN traO traP traQ traU traW traY
NZ_CP068865.1	11	11	contiguous	17016	3556	traI traK traL traM traN traO traP traQ traU traW traY
NZ_CP068866.1	13	11	split_2	55518	37553	traI traK traL traM traN traO traP traQ traU traW traY
NZ_CP068867.1	13	11	split_2	54831	36776	traI traK traL traM traN traO traP traQ traU traW traY
NZ_CP068869.1	13	11	split_2	55518	37553	traI traK traL traM traN traO traP traQ traU traW traY
NZ_CP068870.1	13	11	split_2	55518	37553	traI traK traL traM traN traO traP traQ traU traW traY
NZ_CP068871.1	13	11	split_2	55424	37459	traI traK traL traM traN traO traP traQ traU traW traY
NZ_CP068872.1	13	11	split_2	55518	37553	traI traK traL traM traN traO traP traQ traU traW traY
NZ_CP068873.1	13	11	split_2	53710	35745	traI traK traL traM traN traO traP traQ traU traW traY
NZ_CP068874.1	11	11	contiguous	17016	3556	traI traK traL traM traN traO traP traQ traU traW traY
NZ_CP068876.1	12	10	split_2	41906	25794	traK traL traM traN traO traP traQ traU traW traY
NZ_CP068877.1	13	11	split_2	54510	36545	traI traK traL traM traN traO traP traQ traU traW traY
NZ_CP068878.1	13	11	split_2	56808	37553	traI traK traL traM traN traO traP traQ traU traW traY
NZ_CP068879.1	13	11	split_2	55518	37553	traI traK traL traM traN traO traP traQ traU traW traY
NZ_CP068880.1	13	11	split_2	54774	36719	traI traK traL traM traN traO traP traQ traU traW traY
NZ_CP068882.1	13	11	split_2	61424	43369	traI traK traL traM traN traO traP traQ traU traW traY
NZ_CP068884.1	13	11	split_2	55608	37553	traI traK traL traM traN traO traP traQ traU traW traY
NZ_CP068885.1	13	11	split_2	55608	37553	traI traK traL traM traN traO traP traQ traU traW traY
NZ_CP068886.1	13	11	split_2	55608	37553	traI traK traL traM traN traO traP traQ traU traW traY
NZ_CP068888.1	13	11	split_2	55608	37553	traI traK traL traM traN traO traP traQ traU traW traY
NZ_CP068890.1	13	11	split_2	55608	37553	traI traK traL traM traN traO traP traQ traU traW traY
NZ_CP068891.1	13	11	split_2	55608	37553	traI traK traL traM traN traO traP traQ traU traW traY
NZ_CP068893.1	11	9	split_2	40668	28244	traL traM traN traO traP traQ traU traW traY
NZ_CP068894.1	13	11	split_2	55608	37553	traI traK traL traM traN traO traP traQ traU traW traY
NZ_CP068895.1	11	11	contiguous	17016	3556	traI traK traL traM traN traO traP traQ traU traW traY
NZ_CP068897.1	13	11	split_2	57225	39251	traI traK traL traM traN traO traP traQ traU traW traY
NZ_CP068898.1	13	11	split_2	55608	37553	traI traK traL traM traN traO traP traQ traU traW traY
NZ_CP068899.1	13	11	split_2	55608	37553	traI traK traL traM traN traO traP traQ traU traW traY
NZ_CP068900.1	11	11	contiguous	17016	3556	traI traK traL traM traN traO traP traQ traU traW traY
NZ_CP068901.1	11	11	contiguous	16926	3466	traI traK traL traM traN traO traP traQ traU traW traY
NZ_CP068902.1	13	11	split_2	55602	37547	traI traK traL traM traN traO traP traQ traU traW traY
NZ_CP068903.1	13	11	split_2	55608	37553	traI traK traL traM traN traO traP traQ traU traW traY
NZ_CP068906.1	13	11	split_2	55607	37552	traI traK traL traM traN traO traP traQ traU traW traY
NZ_CP068907.1	13	11	split_2	55608	37553	traI traK traL traM traN traO traP traQ traU traW traY
NZ_CP068908.1	13	11	split_2	55608	37553	traI traK traL traM traN traO traP traQ traU traW traY
NZ_CP068912.1	11	9	split_2	39889	27465	traL traM traN traO traP traQ traU traW traY
NZ_CP068914.1	13	11	split_2	55608	37553	traI traK traL traM traN traO traP traQ traU traW traY
NZ_CP068915.1	13	11	split_2	64213	46158	traI traK traL traM traN traO traP traQ traU traW traY
NZ_CP068916.1	13	11	split_2	55589	37534	traI traK traL traM traN traO traP traQ traU traW traY
NZ_CP068917.1	13	11	split_2	55608	37553	traI traK traL traM traN traO traP traQ traU traW traY
NZ_CP068918.1	13	11	split_2	60961	42906	traI traK traL traM traN traO traP traQ traU traW traY
NZ_CP068920.1	13	11	split_2	55608	37553	traI traK traL traM traN traO traP traQ traU traW traY
NZ_CP068921.1	13	11	split_2	55608	37553	traI traK traL traM traN traO traP traQ traU traW traY
NZ_CP068924.1	11	11	contiguous	17016	3556	traI traK traL traM traN traO traP traQ traU traW traY
NZ_CP068926.1	13	11	split_2	56385	38330	traI traK traL traM traN traO traP traQ traU traW traY
NZ_CP068927.1	13	11	split_2	55608	37553	traI traK traL traM traN traO traP traQ traU traW traY
NZ_CP068928.1	13	11	split_2	56463	37631	traI traK traL traM traN traO traP traQ traU traW traY
NZ_CP068931.1	10	10	contiguous	15073	3556	traK traL traM traN traO traP traQ traU traW traY
NZ_CP068932.1	13	11	split_2	55607	37552	traI traK traL traM traN traO traP traQ traU traW traY
NZ_CP068933.1	13	11	split_2	55608	37553	traI traK traL traM traN traO traP traQ traU traW traY
NZ_CP068935.1	13	11	split_2	55608	37553	traI traK traL traM traN traO traP traQ traU traW traY
NZ_CP068937.1	12	10	split_2	41906	25794	traK traL traM traN traO traP traQ traU traW traY
NZ_CP068939.1	12	10	split_2	42134	26022	traK traL traM traN traO traP traQ traU traW traY
NZ_CP068940.1	13	11	split_2	64274	46219	traI traK traL traM traN traO traP traQ traU traW traY
NZ_CP068941.1	13	11	split_2	60961	42906	traI traK traL traM traN traO traP traQ traU traW traY
NZ_CP068942.1	11	11	contiguous	17016	3556	traI traK traL traM traN traO traP traQ traU traW traY
NZ_CP068943.1	11	9	split_2	40668	28244	traL traM traN traO traP traQ traU traW traY
NZ_CP068945.1	13	11	split_2	63023	37013	traI traK traL traM traN traO traP traQ traU traW traY
NZ_CP068947.1	13	11	split_2	56471	37639	traI traK traL traM traN traO traP traQ traU traW traY
NZ_CP068948.1	13	11	split_2	53962	35997	traI traK traL traM traN traO traP traQ traU traW traY
NZ_CP068949.1	13	11	split_2	55608	37553	traI traK traL traM traN traO traP traQ traU traW traY
NZ_CP068950.1	13	11	split_2	56471	37639	traI traK traL traM traN traO traP traQ traU traW traY
NZ_CP068951.1	13	11	split_2	55604	37549	traI traK traL traM traN traO traP traQ traU traW traY
NZ_CP068953.1	13	11	split_2	57517	39462	traI traK traL traM traN traO traP traQ traU traW traY
NZ_CP068954.1	13	11	split_2	55605	37550	traI traK traL traM traN traO traP traQ traU traW traY
NZ_CP068955.1	13	11	split_2	55608	37553	traI traK traL traM traN traO traP traQ traU traW traY
NZ_CP068956.1	13	11	split_2	55608	37553	traI traK traL traM traN traO traP traQ traU traW traY
NZ_CP069081.1	11	7	split_2	141851	103233	traM traN traO traP traQ traU traY
NZ_CP069173.1	16	16	contiguous	31349	7260	traE traI traK traL traM traN traO traP traQ traT traU traV traW traY trbA trbB
NZ_CP069176.1	13	13	split_2	84039	66253	traI traK traL traM traN traO traP traQ traU traW traY trbA trbB
NZ_CP069204.1	13	13	contiguous	20750	3641	traI traK traL traM traN traO traP traQ traU traW traY trbA trbB
NZ_CP069452.1	16	16	contiguous	32222	8813	traE traI traK traL traM traN traO traP traQ traT traU traV traW traY trbA trbB
NZ_CP069481.1	16	16	contiguous	30088	5688	traE traI traK traL traM traN traO traP traQ traT traU traV traW traY trbA trbB
NZ_CP069659.1	16	16	contiguous	31502	8093	traE traI traK traL traM traN traO traP traQ traT traU traV traW traY trbA trbB
NZ_CP069803.1	15	15	contiguous	25885	4939	traE traI traK traL traM traN traO traP traQ traU traV traW traY trbA trbB
NZ_CP069804.1	13	10	contiguous	34921	14435	traI traK traM traN traO traP traQ traU traW traY
NZ_CP069833.1	13	11	split_2	53060	35176	traI traK traL traM traN traO traP traQ traU traW traY
NZ_CP069867.1	16	16	contiguous	30324	6909	traE traI traK traL traM traN traO traP traQ traT traU traV traW traY trbA trbB
NZ_CP069944.1	13	13	contiguous	25446	4907	traI traK traL traM traN traO traP traQ traU traW traY trbA trbB
NZ_CP069958.1	16	16	contiguous	29919	4788	traE traI traK traL traM traN traO traP traQ traT traU traV traW traY trbA trbB
NZ_CP069972.1	15	15	contiguous	26237	6648	traI traK traL traM traN traO traP traQ traT traU traV traW traY trbA trbB
NZ_CP069999.1	16	16	contiguous	31468	9232	traE traI traK traL traM traN traO traP traQ traT traU traV traW traY trbA trbB
NZ_CP070009.1	16	16	contiguous	29529	5136	traE traI traK traL traM traN traO traP traQ traT traU traV traW traY trbA trbB
NZ_CP070070.1	16	16	contiguous	30319	5167	traE traI traK traL traM traN traO traP traQ traT traU traV traW traY trbA trbB
NZ_CP070110.1	13	11	split_2	42882	24728	traI traK traL traM traN traO traP traQ traU traW traY
NZ_CP070112.1	16	16	split_2	85987	55801	traE traI traK traL traM traN traO traP traQ traT traU traV traW traY trbA trbB
NZ_CP070178.1	13	13	split_2	65492	46466	traI traK traL traM traN traO traP traQ traU traW traY trbA trbB
NZ_CP070185.1	11	11	contiguous	18324	3993	traI traK traL traM traN traO traP traQ traU traW traY
NZ_CP070299.1	16	16	contiguous	29741	5341	traE traI traK traL traM traN traO traP traQ traT traU traV traW traY trbA trbB
NZ_CP070438.1	13	13	contiguous	20750	3641	traI traK traL traM traN traO traP traQ traU traW traY trbA trbB
NZ_CP070922.1	16	16	contiguous	28606	4788	traE traI traK traL traM traN traO traP traQ traT traU traV traW traY trbA trbB
NZ_CP071076.1	16	16	contiguous	29809	5412	traE traI traK traL traM traN traO traP traQ traT traU traV traW traY trbA trbB
NZ_CP071255.1	13	11	split_2	55608	37553	traI traK traL traM traN traO traP traQ traU traW traY
NZ_CP071260.1	13	11	split_2	55608	37553	traI traK traL traM traN traO traP traQ traU traW traY
NZ_CP071262.1	13	11	split_2	55608	37553	traI traK traL traM traN traO traP traQ traU traW traY
NZ_CP071264.1	13	11	split_2	55608	37553	traI traK traL traM traN traO traP traQ traU traW traY
NZ_CP071266.1	13	11	split_2	55608	37553	traI traK traL traM traN traO traP traQ traU traW traY
NZ_CP071281.1	13	11	split_2	60970	42993	traI traK traL traM traN traO traP traQ traU traW traY
NZ_CP071443.1	16	16	contiguous	29736	5335	traE traI traK traL traM traN traO traP traQ traT traU traV traW traY trbA trbB
NZ_CP071713.1	16	16	contiguous	38387	14123	traE traI traK traL traM traN traO traP traQ traT traU traV traW traY trbA trbB
NZ_CP071804.1	13	13	contiguous	21289	3637	traI traK traL traM traN traO traP traQ traU traW traY trbA trbB
NZ_CP071822.1	16	16	contiguous	29292	4891	traE traI traK traL traM traN traO traP traQ traT traU traV traW traY trbA trbB
NZ_CP071824.1	13	13	contiguous	20842	3731	traI traK traL traM traN traO traP traQ traU traW traY trbA trbB
NZ_CP071847.1	4	4	contiguous	12481	8749	traI traM traN traU
NZ_CP071900.1	12	11	split_2	65351	20486	traL trbA trbB traM traN traO traP traQ traU traW traY
NZ_CP072123.1	7	5	contiguous	49901	16498	traM traN traU traW traY
NZ_CP072271.1	7	5	contiguous	49901	16498	traM traN traU traW traY
NZ_CP072276.1	7	5	contiguous	49901	16498	traM traN traU traW traY
NZ_CP072281.1	7	5	contiguous	49901	16498	traM traN traU traW traY
NZ_CP072286.1	7	5	contiguous	49901	16498	traM traN traU traW traY
NZ_CP072291.1	7	5	contiguous	49901	16498	traM traN traU traW traY
NZ_CP072296.1	7	5	contiguous	49901	16498	traM traN traU traW traY
NZ_CP072301.1	7	5	contiguous	49901	16498	traM traN traU traW traY
NZ_CP072324.1	13	11	split_2	55608	37553	traI traK traL traM traN traO traP traQ traU traW traY
NZ_CP072399.1	7	5	contiguous	49901	16498	traM traN traU traW traY
NZ_CP072519.1	13	11	contiguous	27118	7296	traI traK traL traM traN traO traP traQ traU traW traY
NZ_CP072550.1	7	5	split_2	57325	25642	traM traN traU traW traY
NZ_CP072650.1	8	5	split_2	47425	22483	traM traN traP traU traW
NZ_CP072682.1	4	4	contiguous	12481	8749	traI traM traN traU
NZ_CP072743.1	13	13	contiguous	21452	3574	traI traK traL traM traN traO traP traQ traU traW traY trbA trbB
NZ_CP072978.1	16	16	contiguous	29793	6599	traE traI traK traL traM traN traO traP traQ traT traU traV traW traY trbA trbB
NZ_CP073009.1	15	15	contiguous	25888	4939	traE traI traK traL traM traN traO traP traQ traU traV traW traY trbA trbB
NZ_CP073106.1	12	11	contiguous	65134	18834	traL trbA trbB traM traN traO traP traQ traU traW traY
NZ_CP073242.1	7	5	split_3	197407	144670	traM traN traU traW traY
NZ_CP073375.1	13	13	contiguous	20842	3731	traI traK traL traM traN traO traP traQ traU traW traY trbA trbB
NZ_CP073909.1	15	15	contiguous	28206	4895	traE traI traK traL traM traN traO traP traQ traT traU traV traW traY trbA
NZ_CP074021.1	16	16	contiguous	30088	5688	traE traI traK traL traM traN traO traP traQ traT traU traV traW traY trbA trbB
NZ_CP074036.1	16	16	contiguous	29811	5413	traE traI traK traL traM traN traO traP traQ traT traU traV traW traY trbA trbB
NZ_CP074123.1	16	16	contiguous	28605	4785	traE traI traK traL traM traN traO traP traQ traT traU traV traW traY trbA trbB
NZ_CP074145.1	13	13	contiguous	21728	4519	traI traK traL traM traN traO traP traQ traU traW traY trbA trbB
NZ_CP074429.1	16	16	contiguous	30039	5639	traE traI traK traL traM traN traO traP traQ traT traU traV traW traY trbA trbB
NZ_CP074679.1	13	11	split_2	55608	37553	traI traK traL traM traN traO traP traQ traU traW traY
NZ_CP074682.1	13	11	split_2	55608	37553	traI traK traL traM traN traO traP traQ traU traW traY
NZ_CP074709.1	7	5	contiguous	48545	15994	traM traN traU traW traY
NZ_CP075126.1	13	13	contiguous	24250	5054	traI traK traL traM traN traO traP traQ traU traW traY trbA trbB
NZ_CP075130.1	13	13	contiguous	24250	5054	traI traK traL traM traN traO traP traQ traU traW traY trbA trbB
NZ_CP075133.1	13	13	contiguous	24024	5314	traI traK traL traM traN traO traP traQ traU traW traY trbA trbB
NZ_CP075139.1	13	13	contiguous	24024	5314	traI traK traL traM traN traO traP traQ traU traW traY trbA trbB
NZ_CP075376.1	16	16	contiguous	30038	5637	traE traI traK traL traM traN traO traP traQ traT traU traV traW traY trbA trbB
NZ_CP075377.1	16	16	contiguous	30038	5637	traE traI traK traL traM traN traO traP traQ traT traU traV traW traY trbA trbB
NZ_CP075629.1	16	16	contiguous	28414	4785	traE traI traK traL traM traN traO traP traQ traT traU traV traW traY trbA trbB
NZ_CP075634.1	16	16	contiguous	39200	14321	traE traI traK traL traM traN traO traP traQ traT traU traV traW traY trbA trbB
NZ_CP075654.1	16	16	contiguous	31804	7713	traE traI traK traL traM traN traO traP traQ traT traU traV traW traY trbA trbB
NZ_CP075666.1	16	16	contiguous	36507	11649	traE traI traK traL traM traN traO traP traQ traT traU traV traW traY trbA trbB
NZ_CP075687.1	13	13	contiguous	25069	4609	traI traK traL traM traN traO traP traQ traU traW traY trbA trbB
NZ_CP075699.1	16	16	contiguous	32336	7145	traE traI traK traL traM traN traO traP traQ traT traU traV traW traY trbA trbB
NZ_CP075740.1	16	16	contiguous	30262	5861	traE traI traK traL traM traN traO traP traQ traT traU traV traW traY trbA trbB
NZ_CP075854.1	16	16	split_2	47593	23325	traE traI traK traL traM traN traO traP traQ traT traU traV traW traY trbA trbB
NZ_CP075892.1	13	13	contiguous	20750	3641	traI traK traL traM traN traO traP traQ traU traW traY trbA trbB
NZ_CP075893.1	13	11	split_2	42285	24311	traI traK traL traM traN traO traP traQ traU traW traY
NZ_CP076010.1	13	11	split_2	55608	37553	traI traK traL traM traN traO traP traQ traU traW traY
NZ_CP076054.1	16	16	contiguous	28360	5167	traE traI traK traL traM traN traO traP traQ traT traU traV traW traY trbA trbB
NZ_CP076055.1	16	16	contiguous	30040	5639	traE traI traK traL traM traN traO traP traQ traT traU traV traW traY trbA trbB
NZ_CP076056.1	16	16	contiguous	29782	6590	traE traI traK traL traM traN traO traP traQ traT traU traV traW traY trbA trbB
NZ_CP076261.1	16	16	contiguous	30967	5346	traE traI traK traL traM traN traO traP traQ traT traU traV traW traY trbA trbB
NZ_CP076278.1	16	16	contiguous	30967	5346	traE traI traK traL traM traN traO traP traQ traT traU traV traW traY trbA trbB
NZ_CP076281.1	16	16	contiguous	30040	5639	traE traI traK traL traM traN traO traP traQ traT traU traV traW traY trbA trbB
NZ_CP076314.1	16	16	contiguous	31892	9647	traE traI traK traL traM traN traO traP traQ traT traU traV traW traY trbA trbB
NZ_CP076647.1	16	16	split_2	112329	82970	traE traI traK traL traM traN traO traP traQ traT traU traV traW traY trbA trbB
NZ_CP076710.1	16	16	contiguous	28577	4757	traE traI traK traL traM traN traO traP traQ traT traU traV traW traY trbA trbB
NZ_CP077263.1	15	15	contiguous	27876	5734	traE traI traK traL traM traN traO traP traQ traU traV traW traY trbA trbB
NZ_CP077333.1	16	16	split_2	122206	98690	traE traI traK traL traM traN traO traP traQ traT traU traV traW traY trbA trbB
NZ_CP077430.1	13	13	contiguous	21115	4121	traI traK traL traM traN traO traP traQ traU traW traY trbA trbB
NZ_CP077674.1	14	14	contiguous	25124	5776	traI traK traL traM traN traO traP traQ traT traU traW traY trbA trbB
NZ_CP077692.1	13	13	contiguous	24052	5354	traI traK traL traM traN traO traP traQ traU traW traY trbA trbB
NZ_CP077694.1	13	13	contiguous	24052	5354	traI traK traL traM traN traO traP traQ traU traW traY trbA trbB
NZ_CP077700.1	13	13	contiguous	24052	5354	traI traK traL traM traN traO traP traQ traU traW traY trbA trbB
NZ_CP077707.1	13	13	contiguous	24052	5354	traI traK traL traM traN traO traP traQ traU traW traY trbA trbB
NZ_CP077776.1	13	13	contiguous	20734	3623	traI traK traL traM traN traO traP traQ traU traW traY trbA trbB
NZ_CP077782.1	13	11	split_2	55608	37553	traI traK traL traM traN traO traP traQ traU traW traY
NZ_CP077972.1	13	11	split_2	52086	23074	traL traM traN traO traP traQ traU traW traY trbA trbB
NZ_CP078019.1	7	5	split_2	54056	23050	traM traN traU traW traY
NZ_CP078043.1	7	5	split_2	56854	25642	traM traN traU traW traY
NZ_CP078046.1	7	5	split_2	56760	25642	traM traN traU traW traY
NZ_CP078125.1	13	13	contiguous	20842	3731	traI traK traL traM traN traO traP traQ traU traW traY trbA trbB
NZ_CP079793.1	6	5	split_3	75832	43995	traM traN traU traW traY
NZ_CP079932.1	7	5	contiguous	46406	17278	traM traN traU traW traY
NZ_CP080057.1	16	16	contiguous	39830	14989	traE traI traK traL traM traN traO traP traQ traT traU traV traW traY trbA trbB
NZ_CP080150.1	16	16	contiguous	28732	4788	traE traI traK traL traM traN traO traP traQ traT traU traV traW traY trbA trbB
NZ_CP080158.1	16	16	contiguous	36630	12548	traE traI traK traL traM traN traO traP traQ traT traU traV traW traY trbA trbB
NZ_CP080166.1	16	16	contiguous	36630	12548	traE traI traK traL traM traN traO traP traQ traT traU traV traW traY trbA trbB
NZ_CP080167.1	16	16	contiguous	29874	5225	traE traI traK traL traM traN traO traP traQ traT traU traV traW traY trbA trbB
NZ_CP080174.1	16	16	contiguous	31519	5817	traE traI traK traL traM traN traO traP traQ traT traU traV traW traY trbA trbB
NZ_CP080225.1	16	16	contiguous	28606	4788	traE traI traK traL traM traN traO traP traQ traT traU traV traW traY trbA trbB
NZ_CP080258.1	16	16	contiguous	28607	4788	traE traI traK traL traM traN traO traP traQ traT traU traV traW traY trbA trbB
NZ_CP080261.1	15	15	contiguous	31339	7268	traE traK traL traM traN traO traP traQ traT traU traV traW traY trbA trbB
NZ_CP080262.1	16	16	contiguous	30800	8270	traE traI traK traL traM traN traO traP traQ traT traU traV traW traY trbA trbB
NZ_CP080277.1	6	4	split_2	49252	21104	traI traM traN traU
NZ_CP080300.1	13	13	contiguous	21115	4121	traI traK traL traM traN traO traP traQ traU traW traY trbA trbB
NZ_CP080306.1	13	13	contiguous	21115	4121	traI traK traL traM traN traO traP traQ traU traW traY trbA trbB
NZ_CP080312.1	13	13	contiguous	21115	4121	traI traK traL traM traN traO traP traQ traU traW traY trbA trbB
NZ_CP080360.1	13	11	contiguous	26564	6736	traI traK traL traM traN traO traP traQ traU traW traY
NZ_CP080365.1	16	16	contiguous	34011	9610	traE traI traK traL traM traN traO traP traQ traT traU traV traW traY trbA trbB
NZ_CP080768.1	8	8	split_3	217931	125435	traI traK traM traN traO traU traW traY
NZ_CP081194.1	16	16	contiguous	30721	6317	traE traI traK traL traM traN traO traP traQ traT traU traV traW traY trbA trbB
NZ_CP081822.1	13	13	contiguous	20842	3731	traI traK traL traM traN traO traP traQ traU traW traY trbA trbB
NZ_CP081885.1	12	10	split_2	53895	32128	traI traL traM traN traO traP traQ traU traW traY
NZ_CP081888.1	16	16	contiguous	29606	5256	traE traI traK traL traM traN traO traP traQ traT traU traV traW traY trbA trbB
NZ_CP081990.1	10	6	split_3	159440	113037	traM traN traP traQ traU traY
NZ_CP081999.1	10	6	split_2	175823	135633	traM traN traP traQ traU traY
NZ_CP082058.1	15	15	split_2	87845	59894	traE traK traL traM traN traO traP traQ traT traU traV traW traY trbA trbB
NZ_CP082089.1	9	9	split_2	49931	40529	traM traN traO traU traV traW traY trbA trbB
NZ_CP082096.1	16	16	split_2	80835	52052	traE traI traK traL traM traN traO traP traQ traT traU traV traW traY trbA trbB
NZ_CP082105.1	15	15	split_2	87847	61909	traE traI traK traL traM traN traO traP traQ traT traU traW traY trbA trbB
NZ_CP082144.1	6	5	split_2	57757	25645	traM traN traU traW traY
NZ_CP082157.1	13	11	split_2	61811	39463	traI traK traL traM traN traO traP traQ traU traW traY
NZ_CP082210.1	13	13	contiguous	20842	3731	traI traK traL traM traN traO traP traQ traU traW traY trbA trbB
NZ_CP082344.1	13	13	contiguous	23652	3857	traI traK traL traM traN traO traP traQ traU traW traY trbA trbB
NZ_CP082756.1	13	13	contiguous	21115	4121	traI traK traL traM traN traO traP traQ traU traW traY trbA trbB
NZ_CP082762.1	13	13	contiguous	20842	3731	traI traK traL traM traN traO traP traQ traU traW traY trbA trbB
NZ_CP082768.1	13	13	contiguous	20842	3731	traI traK traL traM traN traO traP traQ traU traW traY trbA trbB
NZ_CP082788.1	13	13	split_2	150174	132898	traI traK traL traM traN traO traP traQ traU traW traY trbA trbB
NZ_CP082793.1	16	16	contiguous	30039	5639	traE traI traK traL traM traN traO traP traQ traT traU traV traW traY trbA trbB
NZ_CP082826.1	15	15	split_2	84171	56370	traE traI traK traL traM traN traO traQ traT traU traV traW traY trbA trbB
NZ_CP082829.1	16	16	split_2	88626	58835	traE traK traL traM traN traO traP traQ traT traU traV traW traY trbA trbB traI
NZ_CP082899.1	13	13	contiguous	20842	3731	traI traK traL traM traN traO traP traQ traU traW traY trbA trbB
NZ_CP082931.1	13	11	split_2	56860	38805	traI traK traL traM traN traO traP traQ traU traW traY
NZ_CP082969.1	13	11	split_2	55694	37639	traI traK traL traM traN traO traP traQ traU traW traY
NZ_CP082980.1	11	11	contiguous	17016	3556	traI traK traL traM traN traO traP traQ traU traW traY
NZ_CP082996.1	13	11	split_2	56385	38330	traI traK traL traM traN traO traP traQ traU traW traY
NZ_CP083013.1	11	11	contiguous	17016	3556	traI traK traL traM traN traO traP traQ traU traW traY
NZ_CP083034.1	13	13	contiguous	20750	3641	traI traK traL traM traN traO traP traQ traU traW traY trbA trbB
NZ_CP083038.1	13	11	split_2	55608	37553	traI traK traL traM traN traO traP traQ traU traW traY
NZ_CP083053.1	13	11	split_2	53755	35700	traI traK traL traM traN traO traP traQ traU traW traY
NZ_CP083064.1	13	11	split_2	53712	35657	traI traK traL traM traN traO traP traQ traU traW traY
NZ_CP083068.1	13	11	split_2	55608	37553	traI traK traL traM traN traO traP traQ traU traW traY
NZ_CP083073.1	13	11	split_2	55608	37553	traI traK traL traM traN traO traP traQ traU traW traY
NZ_CP083077.1	13	11	split_2	66771	48794	traI traK traL traM traN traO traP traQ traU traW traY
NZ_CP083083.1	13	11	split_2	55608	37553	traI traK traL traM traN traO traP traQ traU traW traY
NZ_CP083490.1	14	14	contiguous	21968	4731	traE traI traK traL traM traN traO traP traQ traT traU traV traW traY
NZ_CP083499.1	16	16	contiguous	34133	9732	traE traI traK traL traM traN traO traP traQ traT traU traV traW traY trbA trbB
NZ_CP083508.1	13	11	contiguous	26564	6736	traI traK traL traM traN traO traP traQ traU traW traY
NZ_CP083514.1	15	15	contiguous	24756	5167	traI traK traL traM traN traO traP traQ traT traU traV traW traY trbA trbB
NZ_CP083515.1	13	11	contiguous	38078	18250	traI traK traL traM traN traO traP traQ traU traW traY
NZ_CP083707.1	16	16	contiguous	31087	6692	traE traI traK traL traM traN traO traP traQ traT traU traV traW traY trbA trbB
NZ_CP083738.1	12	10	split_2	73448	50718	traI traK traM traN traO traP traQ traU traW traY
NZ_CP083890.1	16	16	split_2	129034	98485	traE traI traK traL traM traN traO traQ traU traV traW traY trbA trbB traP traT
NZ_CP084499.1	13	11	split_2	57119	39235	traI traK traL traM traN traO traP traQ traU traW traY
NZ_CP084638.1	13	13	contiguous	20803	3541	traI traK traL traM traN traO traP traQ traU traW traY trbA trbB
NZ_CP084640.1	13	13	contiguous	21288	3637	traI traK traL traM traN traO traP traQ traU traW traY trbA trbB
NZ_CP084649.1	13	13	contiguous	21564	4525	traI traK traL traM traN traO traP traQ traU traW traY trbA trbB
NZ_CP084651.1	13	13	contiguous	21288	3637	traI traK traL traM traN traO traP traQ traU traW traY trbA trbB
NZ_CP084653.1	13	13	split_2	100267	82616	traI traK traL traM traN traO traP traQ traU traW traY trbA trbB
NZ_CP084708.1	13	13	contiguous	20842	3731	traI traK traL traM traN traO traP traQ traU traW traY trbA trbB
NZ_CP084785.1	13	11	split_2	70158	52184	traI traK traL traM traN traO traP traQ traU traW traY
NZ_CP085621.1	16	16	contiguous	30039	5639	traE traI traK traL traM traN traO traP traQ traT traU traV traW traY trbA trbB
NZ_CP085686.1	13	13	split_2	57704	28130	traI traK traL traM traN traO traP traQ traU traW traY trbA trbB
NZ_CP085700.1	16	16	contiguous	30039	5639	traE traI traK traL traM traN traO traP traQ traT traU traV traW traY trbA trbB
NZ_CP085741.1	12	11	split_2	47812	29440	traI traK traL traM traN traO traP traQ traU traW traY
NZ_CP085781.1	15	15	contiguous	25393	4488	traE traI traK traL traM traN traO traP traQ traU traV traW traY trbA trbB
NZ_CP085861.1	13	11	split_2	55608	37553	traI traK traL traM traN traO traP traQ traU traW traY
NZ_CP085864.1	13	11	split_2	55608	37553	traI traK traL traM traN traO traP traQ traU traW traY
NZ_CP085868.1	13	11	split_2	55608	37553	traI traK traL traM traN traO traP traQ traU traW traY
NZ_CP085892.1	13	13	contiguous	21123	4121	traI traK traL traM traN traO traP traQ traU traW traY trbA trbB
NZ_CP085982.1	16	16	contiguous	30480	4788	traE traI traK traL traM traN traO traP traQ traT traU traV traW traY trbA trbB
NZ_CP085984.1	16	16	contiguous	28898	5703	traE traI traK traL traM traN traO traP traQ traT traU traV traW traY trbA trbB
NZ_CP086186.1	13	11	split_2	50968	20627	traL traM traN traO traP traQ traU traW traY trbA trbB
NZ_CP086190.1	13	11	split_2	50966	20627	traL traM traN traO traP traQ traU traW traY trbA trbB
NZ_CP086260.1	16	16	contiguous	31486	9241	traE traI traK traL traM traN traO traP traQ traT traU traV traW traY trbA trbB
NZ_CP086407.1	13	11	contiguous	25942	7965	traI traK traL traM traN traO traP traQ traU traW traY
NZ_CP086427.1	13	11	split_2	55608	37553	traI traK traL traM traN traO traP traQ traU traW traY
NZ_CP086435.1	13	11	split_2	55608	37553	traI traK traL traM traN traO traP traQ traU traW traY
NZ_CP086443.1	13	11	split_2	55608	37553	traI traK traL traM traN traO traP traQ traU traW traY
NZ_CP086451.1	13	11	split_2	55608	37553	traI traK traL traM traN traO traP traQ traU traW traY
NZ_CP086471.1	16	16	contiguous	30276	5878	traE traI traK traL traM traN traO traP traQ traT traU traV traW traY trbA trbB
NZ_CP086481.1	16	16	contiguous	30276	5878	traE traI traK traL traM traN traO traP traQ traT traU traV traW traY trbA trbB
NZ_CP086491.1	16	16	contiguous	30276	5878	traE traI traK traL traM traN traO traP traQ traT traU traV traW traY trbA trbB
NZ_CP086501.1	16	16	contiguous	30276	5878	traE traI traK traL traM traN traO traP traQ traT traU traV traW traY trbA trbB
NZ_CP086511.1	16	16	contiguous	30276	5878	traE traI traK traL traM traN traO traP traQ traT traU traV traW traY trbA trbB
NZ_CP086607.1	6	6	contiguous	11628	5878	traU traV traW traY trbA trbB
NZ_CP087145.1	13	13	contiguous	20842	3731	traI traK traL traM traN traO traP traQ traU traW traY trbA trbB
NZ_CP087149.1	13	13	contiguous	20842	3731	traI traK traL traM traN traO traP traQ traU traW traY trbA trbB
NZ_CP087154.1	13	13	contiguous	21115	4121	traI traK traL traM traN traO traP traQ traU traW traY trbA trbB
NZ_CP087313.1	7	5	contiguous	49636	15994	traM traN traU traW traY
NZ_CP087332.1	7	5	contiguous	48546	15994	traM traN traU traW traY
NZ_CP087566.1	16	16	contiguous	28882	4788	traE traI traK traL traM traN traO traP traQ traT traU traV traW traY trbA trbB
NZ_CP087620.1	13	11	split_2	62361	44307	traI traK traL traM traN traO traP traQ traU traW traY
NZ_CP087626.1	13	13	contiguous	20842	3731	traI traK traL traM traN traO traP traQ traU traW traY trbA trbB
NZ_CP087632.1	16	16	contiguous	30103	5702	traE traI traK traL traM traN traO traP traQ traT traU traV traW traY trbA trbB
NZ_CP087642.1	12	12	split_2	85241	65980	traI traK traL traN traO traP traQ traU traW traY trbA trbB
NZ_CP087717.1	7	5	split_2	85701	54123	traM traN traU traW traY
NZ_CP088122.1	13	13	contiguous	20842	3731	traI traK traL traM traN traO traP traQ traU traW traY trbA trbB
NZ_CP088128.1	13	13	contiguous	20842	3731	traI traK traL traM traN traO traP traQ traU traW traY trbA trbB
NZ_CP088902.1	16	16	contiguous	28898	5703	traE traI traK traL traM traN traO traP traQ traT traU traV traW traY trbA trbB
NZ_CP088994.1	13	13	contiguous	21007	4121	traI traK traL traM traN traO traP traQ traU traW traY trbA trbB
NZ_CP089008.1	13	11	split_2	55608	37553	traI traK traL traM traN traO traP traQ traU traW traY
NZ_CP089016.1	13	11	split_2	57518	39463	traI traK traL traM traN traO traP traQ traU traW traY
NZ_CP089027.1	13	11	split_2	55427	37552	traI traK traL traM traN traO traP traQ traU traW traY
NZ_CP089039.1	7	5	split_2	54713	23051	traM traN traU traW traY
NZ_CP089045.1	7	5	split_2	56417	24923	traM traN traU traW traY
NZ_CP089047.1	6	5	contiguous	44238	16140	traM traN traU traW traY
NZ_CP089052.1	7	5	split_2	54713	23051	traM traN traU traW traY
NZ_CP089405.1	13	11	split_2	54014	36085	traI traK traL traM traN traO traP traQ traU traW traY
NZ_CP089409.1	13	11	split_2	54013	36084	traI traK traL traM traN traO traP traQ traU traW traY
NZ_CP089429.1	13	13	split_2	63363	45845	traI traK traL traM traN traO traP traQ traU traW traY trbA trbB
NZ_CP089449.1	13	11	split_2	54658	36774	traI traK traL traM traN traO traP traQ traU traW traY
NZ_CP089878.1	13	13	contiguous	20842	3731	traI traK traL traM traN traO traP traQ traU traW traY trbA trbB
NZ_CP089887.1	13	11	contiguous	26468	6736	traI traK traL traM traN traO traP traQ traU traW traY
NZ_CP089935.1	12	12	split_2	62783	46885	traI traL traM traN traO traP traQ traU traW traY trbA trbB
NZ_CP089943.1	12	12	split_2	65646	49748	traI traL traM traN traO traP traQ traU traW traY trbA trbB
NZ_CP090127.1	13	13	contiguous	21115	4121	traI traK traL traM traN traO traP traQ traU traW traY trbA trbB
NZ_CP090135.1	12	10	split_2	45348	29236	traK traL traM traN traO traP traQ traU traW traY
NZ_CP090139.1	12	10	split_2	45348	29236	traK traL traM traN traO traP traQ traU traW traY
NZ_CP090143.1	12	10	split_2	45348	29236	traK traL traM traN traO traP traQ traU traW traY
NZ_CP090148.1	13	11	split_2	58295	40240	traI traK traL traM traN traO traP traQ traU traW traY
NZ_CP090194.1	13	11	split_2	58295	40240	traI traK traL traM traN traO traP traQ traU traW traY
NZ_CP090346.1	13	13	contiguous	21115	4121	traI traK traL traM traN traO traP traQ traU traW traY trbA trbB
NZ_CP090435.1	13	13	contiguous	20842	3731	traI traK traL traM traN traO traP traQ traU traW traY trbA trbB
NZ_CP090465.1	13	13	contiguous	20842	3731	traI traK traL traM traN traO traP traQ traU traW traY trbA trbB
NZ_CP090497.1	5	4	contiguous	26357	9547	traN traO traU trbA
NZ_CP090515.1	13	11	contiguous	43430	18887	traL traM traN traO traP traQ traU traW traY trbA trbB
NZ_CP090532.1	16	16	contiguous	29857	6662	traE traI traK traL traM traN traO traP traQ traT traU traV traW traY trbA trbB
NZ_CP090538.1	16	16	split_2	89610	54763	traE traI traK traL traM traN traO traP traQ traT traU traV traW traY trbA trbB
NZ_CP090933.1	13	13	split_2	63363	45845	traI traK traL traM traN traO traP traQ traU traW traY trbA trbB
NZ_CP090964.1	13	13	contiguous	21691	4515	traI traK traL traM traN traO traP traQ traU traW traY trbA trbB
NZ_CP091042.1	16	16	contiguous	44454	15314	traE traI traK traL traM traN traO traP traQ traT traU traV traW traY trbA trbB
NZ_CP091071.1	13	13	contiguous	20842	3731	traI traK traL traM traN traO traP traQ traU traW traY trbA trbB
NZ_CP091146.1	13	13	contiguous	27013	5666	traI traK traL traM traN traO traP traQ traU traW traY trbA trbB
NZ_CP091148.1	8	8	contiguous	11383	3359	traN traO traP traQ traU traW traY trbB
NZ_CP091312.1	13	8	contiguous	46014	13291	traM traN traO traP traQ traU traW traY
NZ_CP091472.1	13	13	contiguous	21115	4121	traI traK traL traM traN traO traP traQ traU traW traY trbA trbB
NZ_CP091573.1	16	16	contiguous	30038	5639	traE traI traK traL traM traN traO traP traQ traT traU traV traW traY trbA trbB
NZ_CP091598.1	7	5	contiguous	46905	17776	traM traN traU traW traY
NZ_CP091653.1	16	16	contiguous	33486	7125	traE traI traK traL traM traN traO traP traQ traT traU traV traW traY trbA trbB
NZ_CP091667.1	13	11	split_2	50509	32544	traI traK traL traM traN traO traP traQ traU traW traY
NZ_CP091675.1	16	16	split_2	87972	59365	traE traI traK traL traM traN traO traP traQ traT traU traV traW traY trbA trbB
NZ_CP091678.1	16	16	contiguous	28606	4787	traE traI traK traL traM traN traO traP traQ traT traU traV traW traY trbA trbB
NZ_CP091684.1	16	16	contiguous	33135	9726	traE traI traK traL traM traN traO traP traQ traT traU traV traW traY trbA trbB
NZ_CP091698.1	16	16	split_2	85418	56948	traE traI traK traL traM traN traO traP traQ traT traU traV traW traY trbA trbB
NZ_CP091815.1	13	11	split_2	64243	46188	traI traK traL traM traN traO traP traQ traU traW traY
NZ_CP092010.1	13	11	split_2	55518	37553	traI traK traL traM traN traO traP traQ traU traW traY
NZ_CP092041.1	16	16	contiguous	28898	5703	traE traI traK traL traM traN traO traP traQ traT traU traV traW traY trbA trbB
NZ_CP092253.1	16	16	contiguous	28556	4788	traE traI traK traL traM traN traO traP traQ traT traU traV traW traY trbA trbB
NZ_CP092467.1	15	15	contiguous	26388	5734	traE traI traK traL traM traN traO traP traQ traU traV traW traY trbA trbB
NZ_CP092591.1	13	11	split_2	66666	48611	traI traK traL traM traN traO traP traQ traU traW traY
NZ_CP092789.1	13	13	contiguous	20842	3731	traI traK traL traM traN traO traP traQ traU traW traY trbA trbB
NZ_CP092796.1	13	13	contiguous	20842	3731	traI traK traL traM traN traO traP traQ traU traW traY trbA trbB
NZ_CP092912.1	16	16	contiguous	29736	5335	traE traI traK traL traM traN traO traP traQ traT traU traV traW traY trbA trbB
NZ_CP092920.1	13	13	contiguous	24682	4798	traI traK traL traM traN traO traP traQ traU traW traY trbA trbB
NZ_CP093029.1	11	7	split_2	128267	80226	traM traN traO traP traQ traU traY
NZ_CP093069.1	16	16	contiguous	34185	10770	traE traI traK traL traM traN traO traP traQ traT traU traV traW traY trbA trbB
NZ_CP093229.1	16	16	contiguous	38490	8660	traE traI traK traL traM traN traO traP traQ traT traU traV traW traY trbA trbB
NZ_CP093240.1	13	13	contiguous	27808	6921	traI traK traL traM traN traO traP traQ traU traW traY trbA trbB
NZ_CP093272.1	13	13	contiguous	25446	4907	traI traK traL traM traN traO traP traQ traU traW traY trbA trbB
NZ_CP093285.1	16	16	contiguous	30103	5702	traE traI traK traL traM traN traO traP traQ traT traU traV traW traY trbA trbB
NZ_CP093320.1	16	16	contiguous	28882	4788	traE traI traK traL traM traN traO traP traQ traT traU traV traW traY trbA trbB
NZ_CP093374.1	16	16	contiguous	29794	6598	traE traI traK traL traM traN traO traP traQ traT traU traV traW traY trbA trbB
NZ_CP093488.1	13	13	contiguous	21189	4121	traI traK traL traM traN traO traP traQ traU traW traY trbA trbB
NZ_CP093498.1	13	13	contiguous	20916	3803	traI traK traL traM traN traO traP traQ traU traW traY trbA trbB
NZ_CP093549.1	16	16	contiguous	32664	5639	traE traI traK traL traM traN traO traP traQ traT traU traV traW traY trbA trbB
NZ_CP094198.1	16	16	contiguous	28606	4787	traE traI traK traL traM traN traO traP traQ traT traU traV traW traY trbA trbB
NZ_CP094199.1	16	16	contiguous	28606	4787	traE traI traK traL traM traN traO traP traQ traT traU traV traW traY trbA trbB
NZ_CP094200.1	16	16	contiguous	28606	4787	traE traI traK traL traM traN traO traP traQ traT traU traV traW traY trbA trbB
NZ_CP094278.1	13	13	contiguous	21115	4121	traI traK traL traM traN traO traP traQ traU traW traY trbA trbB
NZ_CP094333.1	16	16	contiguous	29852	6657	traE traI traK traL traM traN traO traP traQ traT traU traV traW traY trbA trbB
NZ_CP094826.1	16	16	contiguous	28682	4788	traE traI traK traL traM traN traO traP traQ traT traU traV traW traY trbA trbB
NZ_CP094849.1	8	6	contiguous	26369	6951	traI traK traM traN traQ traU
NZ_CP094989.1	16	16	contiguous	28606	4787	traE traI traK traL traM traN traO traP traQ traT traU traV traW traY trbA trbB
NZ_CP095003.1	13	13	contiguous	20907	4121	traI traK traL traM traN traO traP traQ traU traW traY trbA trbB
NZ_CP095243.1	13	13	contiguous	21115	4121	traI traK traL traM traN traO traP traQ traU traW traY trbA trbB
NZ_CP095249.1	13	13	contiguous	20842	3731	traI traK traL traM traN traO traP traQ traU traW traY trbA trbB
NZ_CP095266.1	13	13	contiguous	21115	4121	traI traK traL traM traN traO traP traQ traU traW traY trbA trbB
NZ_CP095273.1	16	16	contiguous	35632	9221	traE traI traK traL traM traN traO traP traQ traT traU traV traW traY trbA trbB
NZ_CP095450.1	16	16	contiguous	31583	7263	traE traI traK traL traM traN traO traP traQ traT traU traV traW traY trbA trbB
NZ_CP095531.1	14	14	contiguous	29547	6912	traE traI traK traL traM traN traO traP traQ traU traW traY trbA trbB
NZ_CP095790.1	16	16	contiguous	30278	5878	traE traI traK traL traM traN traO traP traQ traT traU traV traW traY trbA trbB
NZ_CP095791.1	16	16	contiguous	31716	7381	traE traI traK traL traM traN traO traP traQ traT traU traV traW traY trbA trbB
NZ_CP095858.1	14	14	contiguous	29635	5558	traE traI traK traL traM traN traO traP traQ traU traW traY trbA trbB
NZ_CP095868.1	7	5	split_2	57136	25642	traM traN traU traW traY
NZ_CP096121.1	7	5	split_2	56623	23770	traM traN traU traW traY
NZ_CP096831.1	16	16	contiguous	28418	4788	traE traI traK traL traM traN traO traP traQ traT traU traV traW traY trbA trbB
NZ_CP096903.1	11	11	contiguous	17105	4208	traN traO traP traQ traT traU traV traW traY trbA trbB
NZ_CP096914.1	13	8	split_2	109556	76068	traM traN traO traP traQ traU traW traY
NZ_CP096915.1	11	7	split_2	116944	68659	traM traN traO traP traQ traU traY
NZ_CP096959.1	11	7	split_2	100774	57448	traM traN traO traP traQ traU traY
NZ_CP097105.1	11	7	split_2	135554	91643	traM traN traO traP traQ traU traY
NZ_CP097172.1	16	16	contiguous	29934	4926	traE traI traK traL traM traN traO traP traQ traT traU traV traW traY trbA trbB
NZ_CP097345.1	12	11	split_2	54647	37553	traI traK traL traM traN traO traP traQ traU traW traY
NZ_CP097357.1	7	6	split_2	229431	216843	traI traK traM traN traO traU
NZ_CP097366.1	16	16	contiguous	31830	8421	traE traI traK traL traM traN traO traP traQ traT traU traV traW traY trbA trbB
NZ_CP097413.1	13	11	split_2	57319	39264	traI traK traL traM traN traO traP traQ traU traW traY
NZ_CP097417.1	13	11	split_2	57518	39463	traI traK traL traM traN traO traP traQ traU traW traY
NZ_CP097422.1	12	10	split_2	44392	28280	traK traL traM traN traO traP traQ traU traW traY
NZ_CP097424.1	13	11	contiguous	26036	7981	traI traK traL traM traN traO traP traQ traU traW traY
NZ_CP097427.1	16	16	contiguous	28198	5003	traE traI traK traL traM traN traO traP traQ traT traU traV traW traY trbA trbB
NZ_CP097429.1	13	11	contiguous	26565	6737	traI traK traL traM traN traO traP traQ traU traW traY
NZ_CP097431.1	16	16	contiguous	28444	4788	traE traI traK traL traM traN traO traP traQ traT traU traV traW traY trbA trbB
NZ_CP097433.1	13	11	contiguous	26036	7981	traI traK traL traM traN traO traP traQ traU traW traY
NZ_CP097491.1	13	8	contiguous	44262	13285	traM traN traO traP traQ traU traW traY
NZ_CP097657.1	11	11	contiguous	17094	3688	traI traK traL traM traN traO traP traQ traU traW traY
NZ_CP097713.1	16	16	contiguous	28360	5166	traE traI traK traL traM traN traO traP traQ traT traU traV traW traY trbA trbB
NZ_CP097714.1	16	16	split_2	94500	63411	traE traI traK traL traM traN traO traP traQ traT traU traV traW traY trbA trbB
NZ_CP097728.1	16	16	contiguous	28360	5166	traE traI traK traL traM traN traO traP traQ traT traU traV traW traY trbA trbB
NZ_CP098180.1	16	16	contiguous	31759	6882	traE traI traK traL traM traN traO traP traQ traT traU traV traW traY trbA trbB
NZ_CP098191.1	16	16	contiguous	29782	6590	traE traI traK traL traM traN traO traP traQ traT traU traV traW traY trbA trbB
NZ_CP098196.1	16	16	contiguous	32692	6955	traE traI traK traL traM traN traO traP traQ traT traU traV traW traY trbA trbB
NZ_CP098198.1	16	16	contiguous	28172	4978	traE traI traK traL traM traN traO traP traQ traT traU traV traW traY trbA trbB
NZ_CP098200.1	14	14	contiguous	29808	5726	traE traI traK traL traM traN traO traP traQ traU traW traY trbA trbB
NZ_CP098212.1	16	16	contiguous	31356	6955	traE traI traK traL traM traN traO traP traQ traT traU traV traW traY trbA trbB
NZ_CP098363.1	5	5	contiguous	11738	6961	traI traM traN traQ traU
NZ_CP098692.1	13	13	contiguous	21289	3637	traI traK traL traM traN traO traP traQ traU traW traY trbA trbB
NZ_CP098696.1	13	13	contiguous	21565	4525	traI traK traL traM traN traO traP traQ traU traW traY trbA trbB
NZ_CP098698.1	13	13	contiguous	21268	4192	traI traK traL traM traN traO traP traQ traU traW traY trbA trbB
NZ_CP098699.1	13	13	contiguous	21289	3637	traI traK traL traM traN traO traP traQ traU traW traY trbA trbB
NZ_CP098702.1	13	13	contiguous	21248	4192	traI traK traL traM traN traO traP traQ traU traW traY trbA trbB
NZ_CP098707.1	13	13	contiguous	21565	4525	traI traK traL traM traN traO traP traQ traU traW traY trbA trbB
NZ_CP098708.1	13	13	contiguous	20821	3559	traI traK traL traM traN traO traP traQ traU traW traY trbA trbB
NZ_CP098712.1	13	13	contiguous	21289	3637	traI traK traL traM traN traO traP traQ traU traW traY trbA trbB
NZ_CP098715.1	13	13	contiguous	21289	3637	traI traK traL traM traN traO traP traQ traU traW traY trbA trbB
NZ_CP098717.1	13	13	contiguous	21289	3637	traI traK traL traM traN traO traP traQ traU traW traY trbA trbB
NZ_CP098720.1	13	13	contiguous	21565	4525	traI traK traL traM traN traO traP traQ traU traW traY trbA trbB
NZ_CP098725.1	13	13	contiguous	21289	3637	traI traK traL traM traN traO traP traQ traU traW traY trbA trbB
NZ_CP098760.1	16	16	split_2	94872	69432	traE traI traK traL traM traN traO traP traQ traT traU traV traW traY trbA trbB
NZ_CP099332.1	16	16	contiguous	30278	5878	traE traI traK traL traM traN traO traP traQ traT traU traV traW traY trbA trbB
NZ_CP099339.1	16	16	contiguous	28606	4787	traE traI traK traL traM traN traO traP traQ traT traU traV traW traY trbA trbB
NZ_CP099359.1	16	16	contiguous	29942	4935	traE traI traK traL traM traN traO traP traQ traT traU traV traW traY trbA trbB
NZ_CP099416.1	13	13	contiguous	20842	3731	traI traK traL traM traN traO traP traQ traU traW traY trbA trbB
NZ_CP099517.1	12	11	contiguous	56775	17162	traL traM traN traO traP traQ traU traW traY trbA trbB
NZ_CP099597.1	12	11	split_2	79051	36400	traK trbA trbB traM traN traO traP traQ traU traW traY
NZ_CP099762.1	16	16	contiguous	29794	6599	traE traI traK traL traM traN traO traP traQ traT traU traV traW traY trbA trbB
NZ_CP099768.1	16	16	contiguous	30051	5650	traE traI traK traL traM traN traO traP traQ traT traU traV traW traY trbA trbB
NZ_CP099769.1	16	16	contiguous	35947	8660	traE traI traK traL traM traN traO traP traQ traT traU traV traW traY trbA trbB
NZ_CP099772.1	16	16	contiguous	30740	6341	traE traI traK traL traM traN traO traP traQ traT traU traV traW traY trbA trbB
NZ_CP099774.1	16	16	contiguous	31816	8401	traE traI traK traL traM traN traO traP traQ traT traU traV traW traY trbA trbB
NZ_CP099777.1	16	16	contiguous	30002	5604	traE traI traK traL traM traN traO traP traQ traT traU traV traW traY trbA trbB
NZ_CP099778.1	16	16	contiguous	30038	5639	traE traI traK traL traM traN traO traP traQ traT traU traV traW traY trbA trbB
NZ_CP099779.1	16	16	contiguous	29811	5413	traE traI traK traL traM traN traO traP traQ traT traU traV traW traY trbA trbB
NZ_CP099780.1	16	16	contiguous	28606	4787	traE traI traK traL traM traN traO traP traQ traT traU traV traW traY trbA trbB
NZ_CP099781.1	16	16	contiguous	30051	5650	traE traI traK traL traM traN traO traP traQ traT traU traV traW traY trbA trbB
NZ_CP099782.1	16	16	contiguous	29809	5412	traE traI traK traL traM traN traO traP traQ traT traU traV traW traY trbA trbB
NZ_CP099783.1	16	16	contiguous	35651	11251	traE traI traK traL traM traN traO traP traQ traT traU traV traW traY trbA trbB
NZ_CP099806.1	13	13	contiguous	21565	4525	traI traK traL traM traN traO traP traQ traU traW traY trbA trbB
NZ_CP099812.1	8	5	split_3	116109	72500	traM traN traP traU traW
NZ_CP100074.1	13	13	contiguous	20842	3731	traI traK traL traM traN traO traP traQ traU traW traY trbA trbB
NZ_CP100090.1	13	13	contiguous	20842	3731	traI traK traL traM traN traO traP traQ traU traW traY trbA trbB
NZ_CP100097.1	13	13	contiguous	20842	3731	traI traK traL traM traN traO traP traQ traU traW traY trbA trbB
NZ_CP100101.1	13	13	contiguous	21115	4121	traI traK traL traM traN traO traP traQ traU traW traY trbA trbB
NZ_CP100109.1	12	12	split_2	85241	65980	traI traK traL traN traO traP traQ traU traW traY trbA trbB
NZ_CP100113.1	13	13	contiguous	21115	4121	traI traK traL traM traN traO traP traQ traU traW traY trbA trbB
NZ_CP100488.1	16	16	contiguous	28867	4785	traE traI traK traL traM traN traO traP traQ traT traU traV traW traY trbA trbB
NZ_CP100501.1	16	16	contiguous	35752	9215	traE traI traK traL traM traN traO traP traQ traT traU traV traW traY trbA trbB
NZ_CP100502.1	16	16	contiguous	30206	5199	traE traI traK traL traM traN traO traP traQ traT traU traV traW traY trbA trbB
NZ_CP100531.1	16	16	contiguous	33389	6756	traE traI traK traL traM traN traO traP traQ traT traU traV traW traY trbA trbB
NZ_CP100546.1	16	16	contiguous	30206	5199	traE traI traK traL traM traN traO traP traQ traT traU traV traW traY trbA trbB
NZ_CP100679.1	16	16	contiguous	35468	11067	traE traI traK traL traM traN traO traP traQ traT traU traV traW traY trbA trbB
NZ_CP100704.1	16	16	contiguous	34132	9731	traE traI traK traL traM traN traO traP traQ traT traU traV traW traY trbA trbB
NZ_CP100709.1	16	16	contiguous	33886	10691	traE traI traK traL traM traN traO traP traQ traT traU traV traW traY trbA trbB
NZ_CP100734.1	16	16	contiguous	28606	4788	traE traI traK traL traM traN traO traP traQ traT traU traV traW traY trbA trbB
NZ_CP100741.1	16	16	contiguous	29476	5075	traE traI traK traL traM traN traO traP traQ traT traU traV traW traY trbA trbB
NZ_CP101117.1	6	5	split_2	86739	52677	traM traN traU traW traY
NZ_CP101171.1	10	6	split_2	57082	25526	traM traN traP traQ traU traY
NZ_CP101179.1	10	6	contiguous	48868	17349	traM traN traP traQ traU traY
NZ_CP101198.1	16	16	contiguous	28682	4788	traE traI traK traL traM traN traO traP traQ traT traU traV traW traY trbA trbB
NZ_CP101223.1	16	16	contiguous	28682	4788	traE traI traK traL traM traN traO traP traQ traT traU traV traW traY trbA trbB
NZ_CP101225.1	16	16	contiguous	31788	8379	traE traI traK traL traM traN traO traP traQ traT traU traV traW traY trbA trbB
NZ_CP101241.1	16	16	contiguous	30031	5630	traE traI traK traL traM traN traO traP traQ traT traU traV traW traY trbA trbB
NZ_CP101247.1	16	16	contiguous	30031	5630	traE traI traK traL traM traN traO traP traQ traT traU traV traW traY trbA trbB
NZ_CP101253.1	16	16	contiguous	30031	5630	traE traI traK traL traM traN traO traP traQ traT traU traV traW traY trbA trbB
NZ_CP101259.1	16	16	contiguous	30031	5630	traE traI traK traL traM traN traO traP traQ traT traU traV traW traY trbA trbB
NZ_CP101272.1	14	14	contiguous	31579	5774	traE traI traK traL traM traN traO traP traQ traU traW traY trbA trbB
NZ_CP101371.1	16	16	contiguous	29792	6599	traE traI traK traL traM traN traO traP traQ traT traU traV traW traY trbA trbB
NZ_CP101515.1	16	16	contiguous	30038	5637	traE traI traK traL traM traN traO traP traQ traT traU traV traW traY trbA trbB
NZ_CP101556.1	16	16	split_2	80912	57718	traE traI traK traL traM traN traO traP traQ traT traU traV traW traY trbA trbB
NZ_CP101767.1	13	13	contiguous	21115	4121	traI traK traL traM traN traO traP traQ traU traW traY trbA trbB
NZ_CP101772.1	13	13	contiguous	21115	4121	traI traK traL traM traN traO traP traQ traU traW traY trbA trbB
NZ_CP101783.1	13	13	contiguous	21115	4121	traI traK traL traM traN traO traP traQ traU traW traY trbA trbB
NZ_CP101788.1	13	13	contiguous	21115	4121	traI traK traL traM traN traO traP traQ traU traW traY trbA trbB
NZ_CP102188.1	13	13	contiguous	21115	4121	traI traK traL traM traN traO traP traQ traU traW traY trbA trbB
NZ_CP102194.1	13	13	contiguous	20842	3731	traI traK traL traM traN traO traP traQ traU traW traY trbA trbB
NZ_CP102394.1	13	13	contiguous	21115	4121	traI traK traL traM traN traO traP traQ traU traW traY trbA trbB
NZ_CP102633.1	16	16	contiguous	29857	6662	traE traI traK traL traM traN traO traP traQ traT traU traV traW traY trbA trbB
NZ_CP102641.1	13	13	contiguous	21115	4121	traI traK traL traM traN traO traP traQ traU traW traY trbA trbB
NZ_CP102740.1	16	16	contiguous	29742	5341	traE traI traK traL traM traN traO traP traQ traT traU traV traW traY trbA trbB
NZ_CP102757.1	14	14	contiguous	29644	6909	traE traI traK traL traM traN traO traP traQ traU traW traY trbA trbB
NZ_CP102839.1	13	13	contiguous	20814	3731	traI traK traL traM traN traO traP traQ traU traW traY trbA trbB
NZ_CP102856.1	16	16	contiguous	28617	4788	traE traI traK traL traM traN traO traP traQ traT traU traV traW traY trbA trbB
NZ_CP102990.1	13	13	contiguous	21115	4121	traI traK traL traM traN traO traP traQ traU traW traY trbA trbB
NZ_CP103318.1	13	13	contiguous	21115	4121	traI traK traL traM traN traO traP traQ traU traW traY trbA trbB
NZ_CP103332.1	16	16	contiguous	31072	6671	traE traI traK traL traM traN traO traP traQ traT traU traV traW traY trbA trbB
NZ_CP103470.1	16	16	contiguous	29485	5084	traE traI traK traL traM traN traO traP traQ traT traU traV traW traY trbA trbB
NZ_CP103502.1	13	11	split_2	47933	29956	traI traK traL traM traN traO traP traQ traU traW traY
NZ_CP103505.1	16	16	contiguous	31586	5851	traE traI traK traL traM traN traO traP traQ traT traU traV traW traY trbA trbB
NZ_CP103522.1	16	16	contiguous	30088	5688	traE traI traK traL traM traN traO traP traQ traT traU traV traW traY trbA trbB
NZ_CP103535.1	16	16	contiguous	32235	8820	traE traI traK traL traM traN traO traP traQ traT traU traV traW traY trbA trbB
NZ_CP103546.1	16	16	contiguous	30595	7400	traE traI traK traL traM traN traO traP traQ traT traU traV traW traY trbA trbB
NZ_CP103572.1	16	16	contiguous	37127	12287	traE traI traK traL traM traN traO traP traQ traT traU traV traW traY trbA trbB
NZ_CP103590.1	16	16	contiguous	30039	5639	traE traI traK traL traM traN traO traP traQ traT traU traV traW traY trbA trbB
NZ_CP103594.1	16	16	contiguous	34194	10779	traE traI traK traL traM traN traO traP traQ traT traU traV traW traY trbA trbB
NZ_CP103624.1	16	16	contiguous	36233	11588	traE traI traK traL traM traN traO traP traQ traT traU traV traW traY trbA trbB
NZ_CP103628.1	16	16	contiguous	28361	5167	traE traI traK traL traM traN traO traP traQ traT traU traV traW traY trbA trbB
NZ_CP103647.1	16	16	contiguous	31548	7457	traE traI traK traL traM traN traO traP traQ traT traU traV traW traY trbA trbB
NZ_CP103661.1	16	16	contiguous	30329	6914	traE traI traK traL traM traN traO traP traQ traT traU traV traW traY trbA trbB
NZ_CP103692.1	13	11	split_2	41875	23898	traI traK traL traM traN traO traP traQ traU traW traY
NZ_CP103701.1	13	11	contiguous	27966	9989	traI traK traL traM traN traO traP traQ traU traW traY
NZ_CP103772.1	16	16	contiguous	30039	5639	traE traI traK traL traM traN traO traP traQ traT traU traV traW traY trbA trbB
NZ_CP103792.1	16	16	contiguous	28897	5702	traE traI traK traL traM traN traO traP traQ traT traU traV traW traY trbA trbB
NZ_CP104024.1	13	13	contiguous	22034	3628	traI traK traL traM traN traO traP traQ traU traW traY trbA trbB
NZ_CP104082.1	16	16	contiguous	29826	5737	traE traI traK traL traM traN traO traP traQ traT traU traV traW traY trbA trbB
NZ_CP104118.1	16	16	split_2	111041	87375	traE traI traK traL traM traN traO traP traQ traT traU traV traW traY trbA trbB
NZ_CP104291.1	10	6	split_2	104488	64740	traM traN traP traQ traU traY
NZ_CP104314.1	13	13	contiguous	21118	4075	traI traK traL traM traN traO traP traQ traU traW traY trbA trbB
NZ_CP104336.1	7	5	split_2	84107	52425	traM traN traU traW traY
NZ_CP104339.1	7	5	split_2	84108	52426	traM traN traU traW traY
NZ_CP104343.1	7	5	split_2	283293	251611	traM traN traU traW traY
NZ_CP104345.1	7	5	split_2	82123	50555	traM traN traU traW traY
NZ_CP104348.1	7	5	split_2	84108	52426	traM traN traU traW traY
NZ_CP104352.1	7	5	split_2	82121	50553	traM traN traU traW traY
NZ_CP104447.1	7	5	split_2	82124	50556	traM traN traU traW traY
NZ_CP104512.1	16	16	contiguous	29736	5335	traE traI traK traL traM traN traO traP traQ traT traU traV traW traY trbA trbB
NZ_CP104518.1	16	16	contiguous	35151	8113	traE traI traK traL traM traN traO traP traQ traT traU traV traW traY trbA trbB
NZ_CP104525.1	16	16	contiguous	31313	4788	traE traI traK traL traM traN traO traP traQ traT traU traV traW traY trbA trbB
NZ_CP104541.1	16	16	contiguous	28606	4788	traE traI traK traL traM traN traO traP traQ traT traU traV traW traY trbA trbB
NZ_CP104594.1	16	16	split_2	98350	74521	traE traI traK traL traM traN traO traP traQ traT traU traV traW traY trbA trbB
NZ_CP106669.1	16	16	contiguous	24697	3997	traE traI traK traL traM traN traO traP traQ traT traU traV traW traY trbA trbB
NZ_CP106763.1	13	13	contiguous	21115	4121	traI traK traL traM traN traO traP traQ traU traW traY trbA trbB
NZ_CP106875.1	4	4	contiguous	11566	6273	traI traM traN traU
NZ_CP106893.1	13	11	split_2	51179	33118	traI traK traL traM traN traO traP traQ traU traW traY
NZ_CP106960.1	16	16	contiguous	24697	3997	traE traI traK traL traM traN traO traP traQ traT traU traV traW traY trbA trbB
NZ_CP107011.1	16	16	contiguous	28606	4787	traE traI traK traL traM traN traO traP traQ traT traU traV traW traY trbA trbB
NZ_CP107045.1	16	16	contiguous	28370	5176	traE traI traK traL traM traN traO traP traQ traT traU traV traW traY trbA trbB
NZ_CP107046.1	13	13	split_2	71427	51518	traI traK traL traM traN traO traP traQ traU traW traY trbA trbB
NZ_CP107060.1	16	16	contiguous	43715	16336	traE traI traK traL traM traN traO traP traQ traT traU traV traW traY trbA trbB
NZ_CP107136.1	16	16	contiguous	31150	4789	traE traI traK traL traM traN traO traP traQ traT traU traV traW traY trbA trbB
NZ_CP107139.1	16	16	contiguous	28609	4789	traE traI traK traL traM traN traO traP traQ traT traU traV traW traY trbA trbB
NZ_CP107157.1	16	16	contiguous	28547	4788	traE traI traK traL traM traN traO traP traQ traT traU traV traW traY trbA trbB
NZ_CP107180.1	16	16	contiguous	28609	4789	traE traI traK traL traM traN traO traP traQ traT traU traV traW traY trbA trbB
NZ_CP107186.1	16	16	contiguous	30103	5702	traE traI traK traL traM traN traO traP traQ traT traU traV traW traY trbA trbB
NZ_CP107236.1	16	16	contiguous	29809	5412	traE traI traK traL traM traN traO traP traQ traT traU traV traW traY trbA trbB
NZ_CP107288.1	16	16	contiguous	32885	8367	traE traI traK traL traM traN traO traP traQ traT traU traV traW traY trbA trbB
NZ_CP107293.1	13	13	contiguous	21115	4121	traI traK traL traM traN traO traP traQ traU traW traY trbA trbB
NZ_CP107299.1	13	13	contiguous	20842	3731	traI traK traL traM traN traO traP traQ traU traW traY trbA trbB
NZ_CP107316.1	13	13	contiguous	20842	3731	traI traK traL traM traN traO traP traQ traU traW traY trbA trbB
NZ_CP107324.1	13	13	contiguous	20842	3731	traI traK traL traM traN traO traP traQ traU traW traY trbA trbB
NZ_CP107331.1	13	13	split_2	83769	64034	traI traK traL traM traN traO traP traQ traU traW traY trbA trbB
NZ_CP107338.1	13	13	split_2	83769	64034	traI traK traL traM traN traO traP traQ traU traW traY trbA trbB
NZ_CP107349.1	13	13	split_2	83769	64034	traI traK traL traM traN traO traP traQ traU traW traY trbA trbB
NZ_CP107356.1	13	11	contiguous	26470	6735	traI traK traL traM traN traO traP traQ traU traW traY
NZ_CP107376.1	13	13	contiguous	20842	3731	traI traK traL traM traN traO traP traQ traU traW traY trbA trbB
NZ_CP107387.1	13	13	contiguous	20842	3731	traI traK traL traM traN traO traP traQ traU traW traY trbA trbB
NZ_CP109675.1	15	15	contiguous	25045	3919	traE traI traK traL traM traN traO traP traQ traU traV traW traY trbA trbB
NZ_CP109729.1	13	11	contiguous	30139	10785	traI traK traL traM traN traO traP traQ traU traW traY
NZ_CP109742.1	13	11	split_2	47933	29956	traI traK traL traM traN traO traP traQ traU traW traY
NZ_CP109771.1	13	13	split_2	77881	58110	traI traK traL traM traN traO traP traQ traU traW traY trbA trbB
NZ_CP109876.1	16	16	contiguous	30039	5638	traE traI traK traL traM traN traO traP traQ traT traU traV traW traY trbA trbB
NZ_CP109951.1	13	13	contiguous	20842	3731	traI traK traL traM traN traO traP traQ traU traW traY trbA trbB
NZ_CP109956.1	16	16	contiguous	30103	5702	traE traI traK traL traM traN traO traP traQ traT traU traV traW traY trbA trbB
NZ_CP109976.1	13	13	contiguous	21115	4121	traI traK traL traM traN traO traP traQ traU traW traY trbA trbB
NZ_CP110262.1	16	16	contiguous	30278	5877	traE traI traK traL traM traN traO traP traQ traT traU traV traW traY trbA trbB
NZ_CP110340.1	9	4	split_2	33572	20377	traQ traU traW traY
NZ_CP110468.1	7	5	split_2	125039	92486	traM traN traU traW traY
NZ_CP110513.1	16	16	contiguous	28557	4788	traE traI traK traL traM traN traO traP traQ traT traU traV traW traY trbA trbB
NZ_CP110783.1	12	8	split_2	70698	39525	traM traN traO traP traQ traU traW traY
NZ_CP110987.1	15	15	contiguous	25394	4488	traE traI traK traL traM traN traO traP traQ traU traV traW traY trbA trbB
NZ_CP111035.1	7	5	split_2	63854	34880	traI traK traM traN traU
NZ_CP114034.1	13	11	split_2	51174	33110	traI traK traL traM traN traO traP traQ traU traW traY
NZ_CP114310.1	13	11	split_2	47933	29956	traI traK traL traM traN traO traP traQ traU traW traY
NZ_CP114357.1	13	11	split_2	47933	29956	traI traK traL traM traN traO traP traQ traU traW traY
NZ_CP114594.1	14	14	contiguous	29814	5726	traE traI traK traL traM traN traO traP traQ traU traW traY trbA trbB
NZ_CP115011.1	13	13	contiguous	20751	4163	traI traK traL traM traN traO traP traQ traU traW traY trbA trbB
NZ_CP115012.1	13	13	contiguous	20842	3731	traI traK traL traM traN traO traP traQ traU traW traY trbA trbB
NZ_CP115017.1	13	13	contiguous	20751	4163	traI traK traL traM traN traO traP traQ traU traW traY trbA trbB
NZ_CP115018.1	13	13	contiguous	21115	4121	traI traK traL traM traN traO traP traQ traU traW traY trbA trbB
NZ_CP115209.1	10	6	split_2	134829	75678	traM traN traO traP traU traY
NZ_CP115238.1	11	7	contiguous	58397	16442	traM traN traO traP traQ traU traY
NZ_CP115240.1	11	7	contiguous	55613	16997	traM traN traO traP traQ traU traY
NZ_CP115286.1	6	5	split_2	62026	36626	traI traK traM traN traU
NZ_CP115292.1	6	5	split_2	62623	34880	traI traK traM traN traU
NZ_CP115691.1	13	11	split_2	47933	29956	traI traK traL traM traN traO traP traQ traU traW traY
NZ_CP115824.1	16	16	contiguous	30103	5702	traE traI traK traL traM traN traO traP traQ traT traU traV traW traY trbA trbB
NZ_CP115836.1	16	16	contiguous	34132	9731	traE traI traK traL traM traN traO traP traQ traT traU traV traW traY trbA trbB
NZ_CP115838.1	13	13	contiguous	21189	4121	traI traK traL traM traN traO traP traQ traU traW traY trbA trbB
NZ_CP116036.1	16	16	split_2	76321	53126	traE traI traK traL traM traN traO traP traQ traT traU traV traW traY trbA trbB
NZ_CP116068.1	16	16	contiguous	30275	6184	traE traI traK traL traM traN traO traP traQ traT traU traV traW traY trbA trbB
NZ_CP116073.1	16	16	contiguous	35950	8660	traE traI traK traL traM traN traO traP traQ traT traU traV traW traY trbA trbB
NZ_CP116076.1	16	16	contiguous	30039	5639	traE traI traK traL traM traN traO traP traQ traT traU traV traW traY trbA trbB
NZ_CP116086.1	16	16	contiguous	35986	8660	traE traI traK traL traM traN traO traP traQ traT traU traV traW traY trbA trbB
NZ_CP116090.1	16	16	contiguous	30038	5639	traE traI traK traL traM traN traO traP traQ traT traU traV traW traY trbA trbB
NZ_CP116096.1	16	16	contiguous	30039	5639	traE traI traK traL traM traN traO traP traQ traT traU traV traW traY trbA trbB
NZ_CP116109.1	16	16	contiguous	28418	4788	traE traI traK traL traM traN traO traP traQ traT traU traV traW traY trbA trbB
NZ_CP116112.1	16	16	contiguous	30103	5702	traE traI traK traL traM traN traO traP traQ traT traU traV traW traY trbA trbB
NZ_CP116117.1	16	16	contiguous	28610	4789	traE traI traK traL traM traN traO traP traQ traT traU traV traW traY trbA trbB
NZ_CP116125.1	16	16	contiguous	34169	8415	traE traI traK traL traM traN traO traP traQ traT traU traV traW traY trbA trbB
NZ_CP116171.1	16	16	contiguous	35941	8660	traE traI traK traL traM traN traO traP traQ traT traU traV traW traY trbA trbB
NZ_CP116200.1	16	16	contiguous	30038	5639	traE traI traK traL traM traN traO traP traQ traT traU traV traW traY trbA trbB
NZ_CP116217.1	13	13	contiguous	20907	4121	traI traK traL traM traN traO traP traQ traU traW traY trbA trbB
NZ_CP116242.1	15	15	split_2	120136	91561	traE traI traK traL traM traN traO traP traQ traT traU traV traY trbA trbB
NZ_CP116247.1	10	7	split_2	91804	74589	traM traU traY traN traO traP traQ
NZ_CP116349.1	12	10	split_2	62330	41648	traI traK traM traN traO traP traQ traU traW traY
NZ_CP116388.1	7	5	contiguous	49901	16498	traM traN traU traW traY
NZ_CP116493.1	13	13	contiguous	20812	3731	traI traK traL traM traN traO traP traQ traU traW traY trbA trbB
NZ_CP116726.1	11	7	contiguous	61768	19953	traM traN traO traP traQ traU traY
NZ_CP116906.1	13	13	split_2	85485	65484	traI traK traL traM traN traO traP traQ traU traW traY trbA trbB
NZ_CP116924.1	16	16	contiguous	29552	5258	traE traI traK traL traM traN traO traP traQ traT traU traV traW traY trbA trbB
NZ_CP116972.1	16	16	contiguous	31594	7193	traE traI traK traL traM traN traO traP traQ traT traU traV traW traY trbA trbB
NZ_CP116977.1	16	16	contiguous	32969	8568	traE traI traK traL traM traN traO traP traQ traT traU traV traW traY trbA trbB
NZ_CP117011.1	16	16	contiguous	30039	5638	traE traI traK traL traM traN traO traP traQ traT traU traV traW traY trbA trbB
NZ_CP117169.1	13	13	contiguous	21062	3690	traI traK traL traM traN traO traP traQ traU traW traY trbA trbB
NZ_CP117201.1	13	13	contiguous	23789	5017	traI traK traL traM traN traO traP traQ traU traW traY trbA trbB
NZ_CP117318.1	16	16	contiguous	28618	4788	traE traI traK traL traM traN traO traP traQ traT traU traV traW traY trbA trbB
NZ_CP117328.1	16	16	contiguous	30103	5702	traE traI traK traL traM traN traO traP traQ traT traU traV traW traY trbA trbB
NZ_CP117350.1	16	16	contiguous	28608	4788	traE traI traK traL traM traN traO traP traQ traT traU traV traW traY trbA trbB
NZ_CP117563.1	13	13	contiguous	32233	5723	traE traI traK traL traM traN traO traP traU traW traY trbA trbB
NZ_CP117612.1	13	13	contiguous	25806	5321	traI traK traL traM traN traO traP traQ traU traW traY trbA trbB
NZ_CP117752.1	13	13	contiguous	20750	3641	traI traK traL traM traN traO traP traQ traU traW traY trbA trbB
NZ_CP117858.1	8	6	contiguous	26331	7967	traI traK traM traN traQ traU
NZ_CP117859.1	8	6	contiguous	25977	7609	traI traK traM traN traQ traU
NZ_CP117991.1	13	11	contiguous	34941	15113	traI traK traL traM traN traO traP traQ traU traW traY
NZ_CP118015.1	16	16	contiguous	29920	5463	traE traI traK traL traM traN traO traP traQ traT traU traV traW traY trbA trbB
NZ_CP118400.1	13	11	contiguous	27423	9314	traI traK traL traM traN traO traP traQ traU traW traY
NZ_CP118408.1	16	16	contiguous	28608	4788	traE traI traK traL traM traN traO traP traQ traT traU traV traW traY trbA trbB
NZ_CP118555.1	13	11	split_2	47933	29956	traI traK traL traM traN traO traP traQ traU traW traY
NZ_CP118694.1	13	13	contiguous	21115	4121	traI traK traL traM traN traO traP traQ traU traW traY trbA trbB
NZ_CP118929.1	13	11	split_2	50688	32544	traI traK traL traM traN traO traP traQ traU traW traY
NZ_CP118999.1	16	16	contiguous	28363	5168	traE traI traK traL traM traN traO traP traQ traT traU traV traW traY trbA trbB
NZ_CP119002.1	16	16	contiguous	27521	4731	traE traI traK traL traM traN traO traP traQ traT traU traV traW traY trbA trbB
NZ_CP119052.1	15	15	contiguous	25885	4939	traE traI traK traL traM traN traO traP traQ traU traV traW traY trbA trbB
NZ_CP119177.1	13	13	contiguous	20842	3731	traI traK traL traM traN traO traP traQ traU traW traY trbA trbB
NZ_CP119224.1	7	5	split_2	57218	25639	traM traN traU traW traY
NZ_CP119871.1	9	7	contiguous	23688	5763	traI traK trbA traM traN traO traU
NZ_CP119981.1	16	16	contiguous	29794	6599	traE traI traK traL traM traN traO traP traQ traT traU traV traW traY trbA trbB
NZ_CP119983.1	16	16	contiguous	29794	6599	traE traI traK traL traM traN traO traP traQ traT traU traV traW traY trbA trbB
NZ_CP119985.1	16	16	contiguous	29794	6599	traE traI traK traL traM traN traO traP traQ traT traU traV traW traY trbA trbB
NZ_CP119987.1	16	16	contiguous	29794	6599	traE traI traK traL traM traN traO traP traQ traT traU traV traW traY trbA trbB
NZ_CP120326.1	16	16	contiguous	28898	5703	traE traI traK traL traM traN traO traP traQ traT traU traV traW traY trbA trbB
NZ_CP120328.1	16	16	split_2	283861	256180	traE traI traK traL traM traN traO traP traQ traT traU traV traW traY trbA trbB
NZ_CP120332.1	16	16	contiguous	28898	5703	traE traI traK traL traM traN traO traP traQ traT traU traV traW traY trbA trbB
NZ_CP120334.1	15	15	contiguous	28899	5703	traE traI traK traM traN traO traP traQ traT traU traV traW traY trbA trbB
NZ_CP120336.1	16	16	contiguous	28898	5703	traE traI traK traL traM traN traO traP traQ traT traU traV traW traY trbA trbB
NZ_CP120338.1	16	16	contiguous	28898	5703	traE traI traK traL traM traN traO traP traQ traT traU traV traW traY trbA trbB
NZ_CP120340.1	16	16	contiguous	28899	5703	traE traI traK traL traM traN traO traP traQ traT traU traV traW traY trbA trbB
NZ_CP120344.1	16	16	contiguous	28899	5704	traE traI traK traL traM traN traO traP traQ traT traU traV traW traY trbA trbB
NZ_CP120346.1	16	16	contiguous	28898	5703	traE traI traK traL traM traN traO traP traQ traT traU traV traW traY trbA trbB
NZ_CP120348.1	15	15	contiguous	28900	5703	traE traI traK traM traN traO traP traQ traT traU traV traW traY trbA trbB
NZ_CP120350.1	16	16	contiguous	28898	5703	traE traI traK traL traM traN traO traP traQ traT traU traV traW traY trbA trbB
NZ_CP120559.1	16	16	contiguous	29919	4788	traE traI traK traL traM traN traO traP traQ traT traU traV traW traY trbA trbB
NZ_CP121357.1	16	16	contiguous	29142	4787	traE traI traK traL traM traN traO traP traQ traT traU traV traW traY trbA trbB
NZ_CP121361.1	13	13	contiguous	24099	5182	traI traK traL traM traN traO traP traQ traU traW traY trbA trbB
NZ_CP121777.1	6	5	split_3	359874	320451	traM traN traU traW traY
NZ_CP122501.1	16	16	contiguous	29793	6599	traE traI traK traL traM traN traO traP traQ traT traU traV traW traY trbA trbB
NZ_CP122505.1	16	16	split_2	93340	70145	traE traI traK traL traM traN traO traP traQ traT traU traV traW traY trbA trbB
NZ_CP122511.1	15	15	split_2	86962	59163	traE traI traK traL traM traN traO traQ traT traU traV traW traY trbA trbB
NZ_CP122568.1	13	11	split_2	57428	39463	traI traK traL traM traN traO traP traQ traU traW traY
NZ_CP122575.1	13	11	split_2	56295	38330	traI traK traL traM traN traO traP traQ traU traW traY
NZ_CP122580.1	13	11	split_2	57518	39463	traI traK traL traM traN traO traP traQ traU traW traY
NZ_CP122589.1	16	16	contiguous	37334	8908	traE traI traK traL traM traN traO traP traQ traT traU traV traW traY trbA trbB
NZ_CP122602.1	16	16	contiguous	31891	9646	traE traI traK traL traM traN traO traP traQ traT traU traV traW traY trbA trbB
NZ_CP122606.1	16	16	contiguous	32195	8786	traE traI traK traL traM traN traO traP traQ traT traU traV traW traY trbA trbB
NZ_CP122623.1	16	16	contiguous	28606	4788	traE traI traK traL traM traN traO traP traQ traT traU traV traW traY trbA trbB
NZ_CP122631.1	16	16	contiguous	30565	4788	traE traI traK traL traM traN traO traP traQ traT traU traV traW traY trbA trbB
NZ_CP122636.1	16	16	contiguous	31913	9661	traE traI traK traL traM traN traO traP traQ traT traU traV traW traY trbA trbB
NZ_CP122641.1	16	16	split_2	93126	69931	traE traI traK traL traM traN traO traP traQ traT traU traV traW traY trbA trbB
NZ_CP122654.1	16	16	contiguous	28613	4785	traE traI traK traL traM traN traO traP traQ traT traU traV traW traY trbA trbB
NZ_CP122662.1	16	16	contiguous	28606	4787	traE traI traK traL traM traN traO traP traQ traT traU traV traW traY trbA trbB
NZ_CP122674.1	16	16	split_2	89937	66742	traE traI traK traL traM traN traO traP traQ traT traU traV traW traY trbA trbB
NZ_CP122678.1	16	16	split_2	89934	66739	traE traI traK traL traM traN traO traP traQ traT traU traV traW traY trbA trbB
NZ_CP122687.1	16	16	split_2	88830	64429	traE traI traK traL traM traN traO traP traQ traT traU traV traW traY trbA trbB
NZ_CP122691.1	16	16	split_2	83287	54288	traE traI traK traL traM traN traO traP traQ traT traU traV traW traY trbA trbB
NZ_CP122718.1	13	13	contiguous	24095	5179	traI traK traL traM traN traO traP traQ traU traW traY trbA trbB
NZ_CP122723.1	16	16	split_2	85854	62593	traE traI traK traL traM traN traO traP traQ traT traU traV traW traY trbA trbB
NZ_CP122766.1	16	16	split_2	85905	60294	traE traI traK traL traM traN traO traP traQ traT traU traV traW traY trbA trbB
NZ_CP122770.1	16	16	split_2	88006	64811	traE traI traK traL traM traN traO traP traQ traT traU traV traW traY trbA trbB
NZ_CP122819.1	16	16	split_2	85631	60012	traE traI traK traL traM traN traO traP traQ traT traU traV traW traY trbA trbB
NZ_CP122835.1	15	15	contiguous	27134	4731	traE traI traK traL traM traN traO traP traQ traT traU traV traW traY trbA
NZ_CP122847.1	16	16	contiguous	30595	6195	traE traI traK traL traM traN traO traP traQ traT traU traV traW traY trbA trbB
NZ_CP122866.1	16	16	contiguous	30595	6195	traE traI traK traL traM traN traO traP traQ traT traU traV traW traY trbA trbB
NZ_CP122881.1	16	16	contiguous	32622	5702	traE traI traK traL traM traN traO traP traQ traT traU traV traW traY trbA trbB
NZ_CP122926.1	15	15	contiguous	27208	4731	traE traI traK traL traM traN traO traP traQ traT traU traV traW traY trbA
NZ_CP123198.1	14	14	contiguous	29251	6509	traE traI traK traL traM traN traO traP traQ traU traW traY trbA trbB
NZ_CP123206.1	13	13	contiguous	26137	6616	traI traK traL traM traN traO traP traQ traU traW traY trbA trbB
NZ_CP123208.1	13	13	contiguous	23772	4648	traI traK traL traM traN traO traP traQ traU traW traY trbA trbB
NZ_CP123212.1	13	13	contiguous	24057	4843	traI traK traL traM traN traO traP traQ traU traW traY trbA trbB
NZ_CP123213.1	13	13	contiguous	26137	6616	traI traK traL traM traN traO traP traQ traU traW traY trbA trbB
NZ_CP123217.1	13	13	contiguous	26137	6616	traI traK traL traM traN traO traP traQ traU traW traY trbA trbB
NZ_CP123219.1	13	13	contiguous	23772	4648	traI traK traL traM traN traO traP traQ traU traW traY trbA trbB
NZ_CP123225.1	13	13	contiguous	23772	4648	traI traK traL traM traN traO traP traQ traU traW traY trbA trbB
NZ_CP123226.1	13	13	contiguous	26422	6682	traI traK traL traM traN traO traP traQ traU traW traY trbA trbB
NZ_CP123232.1	16	16	contiguous	28608	4788	traE traI traK traL traM traN traO traP traQ traT traU traV traW traY trbA trbB
NZ_CP123249.1	16	16	contiguous	29507	5106	traE traI traK traL traM traN traO traP traQ traT traU traV traW traY trbA trbB
NZ_CP123263.1	16	16	contiguous	28952	4788	traE traI traK traL traM traN traO traP traQ traT traU traV traW traY trbA trbB
NZ_CP123269.1	16	16	contiguous	30995	6660	traE traI traK traL traM traN traO traP traQ traT traU traV traW traY trbA trbB
NZ_CP123589.1	16	16	contiguous	29802	6608	traE traI traK traL traM traN traO traP traQ traT traU traV traW traY trbA trbB
NZ_CP124257.1	9	5	split_2	48316	22936	traM traN traP traU traW
NZ_CP124395.1	14	14	contiguous	29808	5726	traE traI traK traL traM traN traO traP traQ traU traW traY trbA trbB
NZ_CP124431.1	16	16	contiguous	28607	4788	traE traI traK traL traM traN traO traP traQ traT traU traV traW traY trbA trbB
NZ_CP124462.1	16	16	contiguous	31387	5639	traE traI traK traL traM traN traO traP traQ traT traU traV traW traY trbA trbB
NZ_CP124468.1	16	16	contiguous	28882	4788	traE traI traK traL traM traN traO traP traQ traT traU traV traW traY trbA trbB
NZ_CP124474.1	16	16	contiguous	32351	5413	traE traI traK traL traM traN traO traP traQ traT traU traV traW traY trbA trbB
NZ_CP124477.1	16	16	contiguous	28618	4788	traE traI traK traL traM traN traO traP traQ traT traU traV traW traY trbA trbB
NZ_CP124751.1	13	13	contiguous	20757	4163	traI traK traL traM traN traO traP traQ traU traW traY trbA trbB
NZ_CP124807.1	13	11	split_2	55608	37553	traI traK traL traM traN traO traP traQ traU traW traY
NZ_CP124810.1	13	11	split_2	55608	37553	traI traK traL traM traN traO traP traQ traU traW traY
NZ_CP124814.1	13	11	split_2	55608	37553	traI traK traL traM traN traO traP traQ traU traW traY
NZ_CP124821.1	16	16	contiguous	31779	8370	traE traI traK traL traM traN traO traP traQ traT traU traV traW traY trbA trbB
NZ_CP124822.1	13	11	split_2	57518	39463	traI traK traL traM traN traO traP traQ traU traW traY
NZ_CP124826.1	13	11	split_2	55608	37553	traI traK traL traM traN traO traP traQ traU traW traY
NZ_CP124829.1	13	11	split_2	57518	39463	traI traK traL traM traN traO traP traQ traU traW traY
NZ_CP124868.1	16	16	contiguous	30039	5639	traE traI traK traL traM traN traO traP traQ traT traU traV traW traY trbA trbB
NZ_CP125090.1	13	11	split_2	57712	36773	traI traK traL traM traN traO traP traQ traU traW traY
NZ_CP125117.1	13	11	split_2	54831	36776	traI traK traL traM traN traO traP traQ traU traW traY
NZ_CP125161.1	13	11	split_2	55602	37547	traI traK traL traM traN traO traP traQ traU traW traY
NZ_CP125168.1	13	13	contiguous	21115	4121	traI traK traL traM traN traO traP traQ traU traW traY trbA trbB
NZ_CP125335.1	13	13	split_2	300630	281404	traI traK traL traM traN traO traP traQ traU traW traY trbA trbB
NZ_CP125341.1	13	13	contiguous	20842	3731	traI traK traL traM traN traO traP traQ traU traW traY trbA trbB
NZ_CP125348.1	13	13	split_2	83162	62709	traI traK traL traM traN traO traP traQ traU traW traY trbA trbB
NZ_CP125670.1	6	5	split_2	108594	75999	traM traN traU traW traY
NZ_CP125732.1	16	16	contiguous	29856	6662	traE traI traK traL traM traN traO traP traQ traT traU traV traW traY trbA trbB
NZ_CP126049.1	13	11	split_2	64941	46964	traI traK traL traM traN traO traP traQ traU traW traY
NZ_CP126060.1	13	13	contiguous	37998	19757	traI traK traL traM traN traO traP traQ traU traW traY trbA trbB
NZ_CP126327.1	16	16	contiguous	28610	4789	traE traI traK traL traM traN traO traP traQ traT traU traV traW traY trbA trbB
NZ_CP126749.1	13	11	split_2	55608	37553	traI traK traL traM traN traO traP traQ traU traW traY
NZ_CP126756.1	13	11	split_2	55608	37553	traI traK traL traM traN traO traP traQ traU traW traY
NZ_CP126760.1	13	11	split_2	55608	37553	traI traK traL traM traN traO traP traQ traU traW traY
NZ_CP126763.1	13	11	split_2	56417	37553	traI traK traL traM traN traO traP traQ traU traW traY
NZ_CP126769.1	13	11	split_2	64241	46186	traI traK traL traM traN traO traP traQ traU traW traY
NZ_CP126776.1	13	11	split_2	58236	40181	traI traK traL traM traN traO traP traQ traU traW traY
NZ_CP126780.1	13	11	split_2	55608	37553	traI traK traL traM traN traO traP traQ traU traW traY
NZ_CP126786.1	13	11	split_2	55608	37553	traI traK traL traM traN traO traP traQ traU traW traY
NZ_CP126790.1	13	11	split_2	64243	46188	traI traK traL traM traN traO traP traQ traU traW traY
NZ_CP126794.1	13	11	split_2	56385	38654	traI traK traL traM traN traO traP traQ traU traW traY
NZ_CP126801.1	13	11	split_2	55456	37401	traI traK traL traM traN traO traP traQ traU traW traY
NZ_CP126805.1	13	11	split_2	55589	37534	traI traK traL traM traN traO traP traQ traU traW traY
NZ_CP126808.1	13	11	split_2	55608	37553	traI traK traL traM traN traO traP traQ traU traW traY
NZ_CP126813.1	13	11	split_2	55608	37553	traI traK traL traM traN traO traP traQ traU traW traY
NZ_CP126817.1	13	11	split_2	55608	37553	traI traK traL traM traN traO traP traQ traU traW traY
NZ_CP126821.1	13	11	split_2	55608	37553	traI traK traL traM traN traO traP traQ traU traW traY
NZ_CP126826.1	13	11	split_2	62393	37553	traI traK traL traM traN traO traP traQ traU traW traY
NZ_CP126829.1	13	11	split_2	55608	37553	traI traK traL traM traN traO traP traQ traU traW traY
NZ_CP126833.1	13	11	split_2	55608	37553	traI traK traL traM traN traO traP traQ traU traW traY
NZ_CP126836.1	13	11	split_2	55608	37553	traI traK traL traM traN traO traP traQ traU traW traY
NZ_CP126840.1	13	11	split_2	55608	37553	traI traK traL traM traN traO traP traQ traU traW traY
NZ_CP126843.1	13	11	split_2	55608	37553	traI traK traL traM traN traO traP traQ traU traW traY
NZ_CP126846.1	13	11	split_2	55608	37553	traI traK traL traM traN traO traP traQ traU traW traY
NZ_CP126849.1	13	11	split_2	55608	37553	traI traK traL traM traN traO traP traQ traU traW traY
NZ_CP126853.1	15	15	contiguous	25393	4488	traE traI traK traL traM traN traO traP traQ traU traV traW traY trbA trbB
NZ_CP126854.1	13	11	split_2	65609	47500	traI traK traL traM traN traO traP traQ traU traW traY
NZ_CP126863.1	13	11	split_2	55608	37553	traI traK traL traM traN traO traP traQ traU traW traY
NZ_CP126866.1	12	10	split_3	107033	47001	traI traK traM traN traO traP traQ traU traW traY
NZ_CP126867.1	13	11	split_2	55608	37553	traI traK traL traM traN traO traP traQ traU traW traY
NZ_CP126877.1	13	11	split_2	55608	37553	traI traK traL traM traN traO traP traQ traU traW traY
NZ_CP126879.1	13	11	contiguous	26564	6736	traI traK traL traM traN traO traP traQ traU traW traY
NZ_CP126935.1	16	16	contiguous	28605	4785	traE traI traK traL traM traN traO traP traQ traT traU traV traW traY trbA trbB
NZ_CP126939.1	16	16	contiguous	33365	9052	traE traI traK traL traM traN traO traP traQ traT traU traV traW traY trbA trbB
NZ_CP126950.1	16	16	contiguous	31152	6135	traE traI traK traL traM traN traO traP traQ traT traU traV traW traY trbA trbB
NZ_CP126954.1	16	16	contiguous	28882	4788	traE traI traK traL traM traN traO traP traQ traT traU traV traW traY trbA trbB
NZ_CP127000.1	13	13	contiguous	21115	4121	traI traK traL traM traN traO traP traQ traU traW traY trbA trbB
NZ_CP127047.1	13	13	contiguous	37450	17273	traI traK traL traM traN traO traP traQ traU traW traY trbA trbB
NZ_CP127156.1	13	13	split_2	80637	62838	traI traK traL traM traN traO traP traQ traU traW traY trbA trbB
NZ_CP127264.1	16	16	contiguous	31816	5453	traE traI traK traL traM traN traO traP traQ traT traU traV traW traY trbA trbB
NZ_CP127310.1	16	16	contiguous	28956	5167	traE traI traK traL traM traN traO traP traQ traT traU traV traW traY trbA trbB
NZ_CP127318.1	16	16	contiguous	30253	6003	traE traI traK traL traM traN traO traP traQ traT traU traV traW traY trbA trbB
NZ_CP127503.1	13	11	split_2	51476	33457	traI traK traL traM traN traO traP traQ traU traW traY
NZ_CP127849.1	16	16	contiguous	31848	8439	traE traI traK traL traM traN traO traP traQ traT traU traV traW traY trbA trbB
NZ_CP128262.1	16	16	contiguous	33360	7307	traE traI traK traL traM traN traO traP traQ traT traU traV traW traY trbA trbB
NZ_CP128465.1	13	11	split_2	55608	37553	traI traK traL traM traN traO traP traQ traU traW traY
NZ_CP128878.1	16	16	contiguous	28880	4788	traE traI traK traL traM traN traO traP traQ traT traU traV traW traY trbA trbB
NZ_CP128889.1	16	16	contiguous	31839	8430	traE traI traK traL traM traN traO traP traQ traT traU traV traW traY trbA trbB
NZ_CP128940.1	16	16	contiguous	31131	6015	traE traI traK traL traM traN traO traP traQ traT traU traV traW traY trbA trbB
NZ_CP128953.1	16	16	contiguous	31732	8331	traE traI traK traL traM traN traO traP traQ traT traU traV traW traY trbA trbB
NZ_CP128981.1	16	16	contiguous	30303	5902	traE traI traK traL traM traN traO traP traQ traT traU traV traW traY trbA trbB
NZ_CP129246.1	6	5	split_2	143681	108390	traM traN traU traW traY
NZ_CP129253.1	16	16	contiguous	36159	12495	traE traI traK traL traM traN traO traP traQ traT traU traV traW traY trbA trbB
NZ_CP129260.1	16	16	contiguous	39271	15005	traE traI traK traL traM traN traO traP traQ traT traU traV traW traY trbA trbB
NZ_CP129264.1	16	16	contiguous	37620	13355	traE traI traK traL traM traN traO traP traQ traT traU traV traW traY trbA trbB
NZ_CP129282.1	7	7	contiguous	13063	4018	traE traU traV traW traY trbA trbB
NZ_CP129386.1	16	16	split_2	80433	57238	traE traI traK traL traM traN traO traP traQ traT traU traV traW traY trbA trbB
NZ_CP129387.1	13	11	split_2	50977	32898	traI traK traL traM traN traO traP traQ traU traW traY
NZ_CP129617.1	13	11	split_2	54657	36773	traI traK traL traM traN traO traP traQ traU traW traY
NZ_CP129632.1	16	16	contiguous	35656	11257	traE traI traK traL traM traN traO traP traQ traT traU traV traW traY trbA trbB
NZ_CP129637.1	13	11	split_2	53073	35108	traI traK traL traM traN traO traP traQ traU traW traY
NZ_CP129704.1	13	11	contiguous	26036	7981	traI traK traL traM traN traO traP traQ traU traW traY
NZ_CP129724.1	13	11	contiguous	26036	7981	traI traK traL traM traN traO traP traQ traU traW traY
NZ_CP129727.1	13	11	contiguous	26036	7981	traI traK traL traM traN traO traP traQ traU traW traY
NZ_CP129733.1	13	11	contiguous	26036	7981	traI traK traL traM traN traO traP traQ traU traW traY
NZ_CP129735.1	12	10	split_2	63756	39713	traI traK traL traM traO traP traQ traU traW traY
NZ_CP129762.1	13	11	contiguous	26564	6736	traI traK traL traM traN traO traP traQ traU traW traY
NZ_CP129767.1	13	11	split_2	58290	40235	traI traK traL traM traN traO traP traQ traU traW traY
NZ_CP129777.1	13	11	split_2	62640	39427	traI traK traL traM traN traO traP traQ traU traW traY
NZ_CP129781.1	13	11	contiguous	26564	6736	traI traK traL traM traN traO traP traQ traU traW traY
NZ_CP129789.1	13	11	contiguous	26564	6736	traI traK traL traM traN traO traP traQ traU traW traY
NZ_CP129798.1	12	10	split_2	55416	39155	traI traK traL traM traN traO traP traQ traU traW
NZ_CP129806.1	13	11	contiguous	26564	6736	traI traK traL traM traN traO traP traQ traU traW traY
NZ_CP129821.1	16	16	contiguous	28894	5851	traE traI traK traL traM traN traO traP traQ traT traU traV traW traY trbA trbB
NZ_CP129825.1	13	11	contiguous	26036	7981	traI traK traL traM traN traO traP traQ traU traW traY
NZ_CP129843.1	13	13	contiguous	21115	4121	traI traK traL traM traN traO traP traQ traU traW traY trbA trbB
NZ_CP129868.1	13	13	contiguous	21023	4119	traI traK traL traM traN traO traP traQ traU traW traY trbA trbB
NZ_CP130261.1	13	13	contiguous	21115	4121	traI traK traL traM traN traO traP traQ traU traW traY trbA trbB
NZ_CP130267.1	13	13	contiguous	21115	4121	traI traK traL traM traN traO traP traQ traU traW traY trbA trbB
NZ_CP130664.1	13	13	contiguous	21110	4121	traI traK traL traM traN traO traP traQ traU traW traY trbA trbB
NZ_CP130668.1	14	14	contiguous	29635	5558	traE traI traK traL traM traN traO traP traQ traU traW traY trbA trbB
NZ_CP130686.1	13	13	contiguous	20812	3731	traI traK traL traM traN traO traP traQ traU traW traY trbA trbB
NZ_CP130692.1	13	13	contiguous	21115	4121	traI traK traL traM traN traO traP traQ traU traW traY trbA trbB
NZ_CP130708.1	16	16	contiguous	30037	5639	traE traI traK traL traM traN traO traP traQ traT traU traV traW traY trbA trbB
NZ_CP130712.1	16	16	contiguous	29791	6599	traE traI traK traL traM traN traO traP traQ traT traU traV traW traY trbA trbB
NZ_CP130902.1	8	5	split_2	124054	97407	traM traN traP traU traW
NZ_CP130916.1	13	13	contiguous	20750	3641	traI traK traL traM traN traO traP traQ traU traW traY trbA trbB
NZ_CP131132.1	6	6	contiguous	34379	15211	traI traW traY traM traN traU
NZ_CP131676.1	13	11	split_2	57518	39463	traI traK traL traM traN traO traP traQ traU traW traY
NZ_CP131683.1	13	11	split_2	58294	40240	traI traK traL traM traN traO traP traQ traU traW traY
NZ_CP131686.1	16	16	contiguous	29736	5335	traE traI traK traL traM traN traO traP traQ traT traU traV traW traY trbA trbB
NZ_CP131689.1	13	11	split_2	66328	48273	traI traK traL traM traN traO traP traQ traU traW traY
NZ_CP131704.1	13	11	split_2	57518	39463	traI traK traL traM traN traO traP traQ traU traW traY
NZ_CP131874.1	6	4	split_3	276270	225954	traM traU traW traY
NZ_CP131948.1	13	11	split_2	48127	28392	traI traK traL traM traN traO traP traQ traU traW traY
NZ_CP132008.1	13	8	contiguous	47141	15347	traM traN traO traP traQ traU traW traY
NZ_CP132045.1	13	13	contiguous	21115	4121	traI traK traL traM traN traO traP traQ traU traW traY trbA trbB
NZ_CP132051.1	13	13	contiguous	20842	3731	traI traK traL traM traN traO traP traQ traU traW traY trbA trbB
NZ_CP132309.1	9	4	contiguous	18558	5442	traQ traU traW traY
NZ_CP132663.1	13	11	split_2	57518	39463	traI traK traL traM traN traO traP traQ traU traW traY
NZ_CP132667.1	13	13	contiguous	21115	4121	traI traK traL traM traN traO traP traQ traU traW traY trbA trbB
NZ_CP132700.1	13	11	split_2	54831	36776	traI traK traL traM traN traO traP traQ traU traW traY
NZ_CP132729.1	16	16	split_2	47449	23362	traE traI traK traL traM traN traO traP traQ traT traU traV traW traY trbA trbB
NZ_CP132731.1	16	16	contiguous	30428	7019	traE traI traK traL traM traN traO traP traQ traT traU traV traW traY trbA trbB
NZ_CP132977.1	9	9	split_4	80942	25146	traI traM traN traO traQ traU trbA traW traY
NZ_CP133182.1	16	16	contiguous	29794	6599	traE traI traK traL traM traN traO traP traQ traT traU traV traW traY trbA trbB
NZ_CP133214.1	16	16	contiguous	28616	4788	traE traI traK traL traM traN traO traP traQ traT traU traV traW traY trbA trbB
NZ_CP133455.1	16	16	contiguous	30037	5636	traE traI traK traL traM traN traO traP traQ traT traU traV traW traY trbA trbB
NZ_CP133707.1	7	5	split_3	257583	206528	traM traN traU traW traY
NZ_CP133713.1	7	5	split_2	57883	26182	traM traN traU traW traY
NZ_CP133747.1	13	11	split_2	55240	37131	traI traK traL traM traN traO traP traQ traU traW traY
NZ_CP133846.1	13	11	contiguous	26564	6736	traI traK traL traM traN traO traP traQ traU traW traY
NZ_CP133849.1	13	11	contiguous	26036	7981	traI traK traL traM traN traO traP traQ traU traW traY
NZ_CP133855.1	15	15	split_2	81498	61925	traI traK traL traM traN traO traP traQ traT traU traV traW traY trbA trbB
NZ_CP133858.1	15	15	contiguous	25046	3919	traE traI traK traL traM traN traO traP traQ traU traV traW traY trbA trbB
NZ_CP133864.1	13	11	split_2	60609	37553	traI traK traL traM traN traO traP traQ traU traW traY
NZ_CP133873.1	13	11	contiguous	26035	7980	traI traK traL traM traN traO traP traQ traU traW traY
NZ_CP133880.1	13	11	split_2	57518	39463	traI traK traL traM traN traO traP traQ traU traW traY
NZ_CP133885.1	13	11	split_2	57518	39463	traI traK traL traM traN traO traP traQ traU traW traY
NZ_CP133914.1	16	16	contiguous	28882	4788	traE traI traK traL traM traN traO traP traQ traT traU traV traW traY trbA trbB
NZ_CP133926.1	16	16	contiguous	28606	4787	traE traI traK traL traM traN traO traP traQ traT traU traV traW traY trbA trbB
NZ_CP133928.1	16	16	contiguous	29794	6599	traE traI traK traL traM traN traO traP traQ traT traU traV traW traY trbA trbB
NZ_CP134355.1	16	16	contiguous	28882	4788	traE traI traK traL traM traN traO traP traQ traT traU traV traW traY trbA trbB
NZ_CP134359.1	16	16	contiguous	28882	4788	traE traI traK traL traM traN traO traP traQ traT traU traV traW traY trbA trbB
NZ_CP134365.1	16	16	contiguous	28882	4788	traE traI traK traL traM traN traO traP traQ traT traU traV traW traY trbA trbB
NZ_CP134369.1	16	16	contiguous	28882	4788	traE traI traK traL traM traN traO traP traQ traT traU traV traW traY trbA trbB
NZ_CP134372.1	16	16	contiguous	28636	4788	traE traI traK traL traM traN traO traP traQ traT traU traV traW traY trbA trbB
NZ_CP134381.1	16	16	contiguous	31528	7127	traE traI traK traL traM traN traO traP traQ traT traU traV traW traY trbA trbB
NZ_CP134386.1	16	16	contiguous	28871	4788	traE traI traK traL traM traN traO traP traQ traT traU traV traW traY trbA trbB
NZ_CP134392.1	16	16	contiguous	28882	4788	traE traI traK traL traM traN traO traP traQ traT traU traV traW traY trbA trbB
NZ_CP134640.1	13	13	split_2	76163	56619	traI traK traL traM traN traO traP traQ traU traW traY trbA trbB
NZ_CP134666.1	13	11	contiguous	26564	6736	traI traK traL traM traN traO traP traQ traU traW traY
NZ_CP134667.1	14	14	contiguous	32627	9306	traE traI traK traL traM traN traO traP traQ traU traW traY trbA trbB
NZ_CP134669.1	14	14	split_2	82028	64283	traI traK traL traM traN traO traP traQ traU traV traW traY trbA trbB
NZ_CP134673.1	14	14	contiguous	22234	4489	traI traK traL traM traN traO traP traQ traU traV traW traY trbA trbB
NZ_CP134684.1	13	13	contiguous	26284	6733	traI traK traL traM traN traO traP traQ traU traW traY trbA trbB
NZ_CP134687.1	13	11	split_2	62122	38339	traI traK traL traM traN traO traP traQ traU traW traY
NZ_CP134810.1	13	13	contiguous	21115	4121	traI traK traL traM traN traO traP traQ traU traW traY trbA trbB
NZ_CP135167.1	13	13	contiguous	21115	4121	traI traK traL traM traN traO traP traQ traU traW traY trbA trbB
NZ_CP135206.1	16	16	contiguous	30088	5688	traE traI traK traL traM traN traO traP traQ traT traU traV traW traY trbA trbB
NZ_CP135246.1	16	16	contiguous	33257	10994	traE traI traK traL traM traN traO traP traQ traT traU traV traW traY trbA trbB
NZ_CP135279.1	12	12	split_2	56262	40120	traI traK traL traM traN traO traP traQ traU traW trbA trbB
NZ_CP135467.1	13	11	split_2	45727	27750	traI traK traL traM traN traO traP traQ traU traW traY
NZ_CP135468.1	13	11	split_2	61083	43028	traI traK traL traM traN traO traP traQ traU traW traY
NZ_CP135496.1	12	10	contiguous	24093	7981	traK traL traM traN traO traP traQ traU traW traY
NZ_CP135645.1	16	16	contiguous	35950	8660	traE traI traK traL traM traN traO traP traQ traT traU traV traW traY trbA trbB
NZ_CP135648.1	16	16	contiguous	30039	5639	traE traI traK traL traM traN traO traP traQ traT traU traV traW traY trbA trbB
NZ_CP135650.1	16	16	contiguous	35955	8659	traE traI traK traL traM traN traO traP traQ traT traU traV traW traY trbA trbB
NZ_CP135660.1	16	16	contiguous	35959	8660	traE traI traK traL traM traN traO traP traQ traT traU traV traW traY trbA trbB
NZ_CP135666.1	14	14	contiguous	30636	5726	traE traI traK traL traM traN traO traP traQ traU traW traY trbA trbB
NZ_CP135672.1	16	16	contiguous	30756	6766	traE traI traK traL traM traN traO traP traQ traT traU traV traW traY trbA trbB
NZ_CP135684.1	13	11	split_2	50937	32957	traI traK traL traM traN traO traP traQ traU traW traY
NZ_CP135689.1	16	16	contiguous	31830	8421	traE traI traK traL traM traN traO traP traQ traT traU traV traW traY trbA trbB
NZ_CP135699.1	16	16	contiguous	31812	8403	traE traI traK traL traM traN traO traP traQ traT traU traV traW traY trbA trbB
NZ_CP135961.1	16	16	contiguous	35178	8113	traE traI traK traL traM traN traO traP traQ traT traU traV traW traY trbA trbB
NZ_CP136142.1	16	16	contiguous	33265	8795	traE traI traK traL traM traN traO traP traQ traT traU traV traW traY trbA trbB
NZ_CP136271.1	13	13	contiguous	20842	3731	traI traK traL traM traN traO traP traQ traU traW traY trbA trbB
NZ_CP136553.1	16	16	contiguous	29811	5413	traE traI traK traL traM traN traO traP traQ traT traU traV traW traY trbA trbB
NZ_CP136730.1	12	10	split_2	49680	26671	traI traK traM traN traO traP traQ traU traW traY
NZ_CP136812.1	13	13	contiguous	21115	4121	traI traK traL traM traN traO traP traQ traU traW traY trbA trbB
NZ_CP136830.1	16	16	contiguous	29736	5335	traE traI traK traL traM traN traO traP traQ traT traU traV traW traY trbA trbB
NZ_CP136836.1	16	16	contiguous	29736	5335	traE traI traK traL traM traN traO traP traQ traT traU traV traW traY trbA trbB
NZ_CP136848.1	13	13	contiguous	21115	4121	traI traK traL traM traN traO traP traQ traU traW traY trbA trbB
NZ_CP136863.1	8	6	contiguous	24320	9201	traI traK traM traN traO traU
NZ_CP137116.1	13	11	split_2	50542	32487	traI traK traL traM traN traO traP traQ traU traW traY
NZ_CP137199.1	13	13	contiguous	21115	4121	traI traK traL traM traN traO traP traQ traU traW traY trbA trbB
NZ_CP137349.1	13	13	contiguous	21115	4121	traI traK traL traM traN traO traP traQ traU traW traY trbA trbB
NZ_CP137356.1	12	10	split_2	69700	46188	traI traK traL traM traN traP traQ traU traW traY
NZ_CP137377.1	13	11	contiguous	26564	6736	traI traK traL traM traN traO traP traQ traU traW traY
NZ_CP137383.1	13	11	contiguous	26564	6736	traI traK traL traM traN traO traP traQ traU traW traY
NZ_CP137541.1	8	5	split_2	82527	58453	traM traN traP traU traW
NZ_CP137747.1	5	4	split_2	43547	27376	traM traN traU traW
NZ_CP137856.1	16	16	contiguous	29857	6662	traE traI traK traL traM traN traO traP traQ traT traU traV traW traY trbA trbB
NZ_CP138415.1	16	16	contiguous	30040	5639	traE traI traK traL traM traN traO traP traQ traT traU traV traW traY trbA trbB
NZ_CP138438.1	13	13	contiguous	20634	3533	traI traK traL traM traN traO traP traQ traU traW traY trbA trbB
NZ_CP138477.1	13	11	contiguous	25939	7962	traI traK traL traM traN traO traP traQ traU traW traY
NZ_CP138482.1	16	16	contiguous	30103	5702	traE traI traK traL traM traN traO traP traQ traT traU traV traW traY trbA trbB
NZ_CP138522.1	13	13	contiguous	21115	4121	traI traK traL traM traN traO traP traQ traU traW traY trbA trbB
NZ_CP138542.1	13	11	contiguous	26470	6735	traI traK traL traM traN traO traP traQ traU traW traY
NZ_CP138549.1	13	11	contiguous	26470	6735	traI traK traL traM traN traO traP traQ traU traW traY
NZ_CP138556.1	13	11	contiguous	26470	6735	traI traK traL traM traN traO traP traQ traU traW traY
NZ_CP138563.1	13	11	contiguous	26470	6735	traI traK traL traM traN traO traP traQ traU traW traY
NZ_CP138689.1	13	13	contiguous	21115	4121	traI traK traL traM traN traO traP traQ traU traW traY trbA trbB
NZ_CP138848.1	16	16	contiguous	31979	8570	traE traI traK traL traM traN traO traP traQ traT traU traV traW traY trbA trbB
NZ_CP139087.1	9	7	contiguous	22100	6529	traI traK trbA traM traN traO traU
NZ_CP139283.1	7	5	contiguous	51169	18617	traM traN traU traW traY
NZ_CP139357.1	6	5	split_2	65529	41605	traM traN traU traW traY
NZ_CP139380.1	13	13	contiguous	20842	3731	traI traK traL traM traN traO traP traQ traU traW traY trbA trbB
NZ_CP139383.1	13	13	contiguous	20842	3731	traI traK traL traM traN traO traP traQ traU traW traY trbA trbB
NZ_CP139391.1	13	13	contiguous	20788	3677	traI traK traL traM traN traO traP traQ traU traW traY trbA trbB
NZ_CP139398.1	13	11	split_2	54829	36774	traI traK traL traM traN traO traP traQ traU traW traY
NZ_CP139658.2	13	13	split_2	58674	39389	traI traK traL traM traN traO traP traQ traU traW traY trbA trbB
NZ_CP139662.2	13	13	contiguous	35109	15824	traI traK traL traM traN traO traP traQ traU traW traY trbA trbB
NZ_CP139666.2	13	13	contiguous	35109	15824	traI traK traL traM traN traO traP traQ traU traW traY trbA trbB
NZ_CP139683.1	13	13	contiguous	34938	16697	traI traK traL traM traN traO traP traQ traU traW traY trbA trbB
NZ_CP139688.1	13	11	split_3	82839	37601	traI traK traL traM traN traO traP traQ traU traW traY
NZ_CP139777.1	11	7	split_2	137139	91015	traM traN traO traP traQ traU traY
NZ_CP139797.1	16	16	contiguous	28363	5167	traE traI traK traL traM traN traO traP traQ traT traU traV traW traY trbA trbB
NZ_CP139805.1	16	16	contiguous	30040	5639	traE traI traK traL traM traN traO traP traQ traT traU traV traW traY trbA trbB
NZ_CP139841.1	16	16	contiguous	29788	6598	traE traI traK traL traM traN traO traP traQ traT traU traV traW traY trbA trbB
NZ_CP139905.1	16	16	contiguous	28418	4788	traE traI traK traL traM traN traO traP traQ traT traU traV traW traY trbA trbB
NZ_CP139990.1	16	16	contiguous	28616	4788	traE traI traK traL traM traN traO traP traQ traT traU traV traW traY trbA trbB
NZ_CP140406.1	16	16	contiguous	28415	4787	traE traI traK traL traM traN traO traP traQ traT traU traV traW traY trbA trbB
NZ_CP140411.1	16	16	contiguous	28169	4976	traE traI traK traL traM traN traO traP traQ traT traU traV traW traY trbA trbB
NZ_CP140413.1	14	14	contiguous	24838	6417	traI traL traM traN traO traP traQ traT traU traV traW traY trbA trbB
NZ_CP140418.1	16	16	contiguous	28606	4788	traE traI traK traL traM traN traO traP traQ traT traU traV traW traY trbA trbB
NZ_CP140468.1	16	16	contiguous	30103	5702	traE traI traK traL traM traN traO traP traQ traT traU traV traW traY trbA trbB
NZ_CP140621.1	16	16	contiguous	33706	9188	traE traI traK traL traM traN traO traP traQ traT traU traV traW traY trbA trbB
NZ_CP140765.1	13	13	contiguous	21115	4121	traI traK traL traM traN traO traP traQ traU traW traY trbA trbB
NZ_CP140770.1	13	13	contiguous	21115	4121	traI traK traL traM traN traO traP traQ traU traW traY trbA trbB
NZ_CP141067.1	13	11	contiguous	34231	9086	traI traK traL traM traN traO traP traQ traU traW traY
NZ_CP141068.1	13	13	contiguous	20812	3731	traI traK traL traM traN traO traP traQ traU traW traY trbA trbB
NZ_CP141095.1	15	15	split_2	97701	69424	traE traI traK traL traM traN traO traP traQ traT traU traV traY trbA trbB
NZ_CP141224.1	16	16	contiguous	35169	8113	traE traI traK traL traM traN traO traP traQ traT traU traV traW traY trbA trbB
NZ_CP141225.1	16	16	contiguous	35124	8113	traE traI traK traL traM traN traO traP traQ traT traU traV traW traY trbA trbB
NZ_CP141226.1	16	16	contiguous	33024	8379	traE traI traK traL traM traN traO traP traQ traT traU traV traW traY trbA trbB
NZ_CP141227.1	16	16	contiguous	35124	8113	traE traI traK traL traM traN traO traP traQ traT traU traV traW traY trbA trbB
NZ_CP141228.1	16	16	contiguous	35151	8113	traE traI traK traL traM traN traO traP traQ traT traU traV traW traY trbA trbB
NZ_CP141229.1	16	16	contiguous	35160	8113	traE traI traK traL traM traN traO traP traQ traT traU traV traW traY trbA trbB
NZ_CP141230.1	16	16	contiguous	35160	8113	traE traI traK traL traM traN traO traP traQ traT traU traV traW traY trbA trbB
NZ_CP141231.1	16	16	contiguous	35160	8113	traE traI traK traL traM traN traO traP traQ traT traU traV traW traY trbA trbB
NZ_CP141232.1	16	16	contiguous	35169	8113	traE traI traK traL traM traN traO traP traQ traT traU traV traW traY trbA trbB
NZ_CP141233.1	16	16	contiguous	35150	8113	traE traI traK traL traM traN traO traP traQ traT traU traV traW traY trbA trbB
NZ_CP141234.1	16	16	contiguous	35142	8113	traE traI traK traL traM traN traO traP traQ traT traU traV traW traY trbA trbB
NZ_CP141235.1	16	16	contiguous	35151	8113	traE traI traK traL traM traN traO traP traQ traT traU traV traW traY trbA trbB
NZ_CP141236.1	16	16	contiguous	35115	8113	traE traI traK traL traM traN traO traP traQ traT traU traV traW traY trbA trbB
NZ_CP141237.1	16	16	contiguous	35151	8113	traE traI traK traL traM traN traO traP traQ traT traU traV traW traY trbA trbB
NZ_CP141238.1	16	16	contiguous	35151	8113	traE traI traK traL traM traN traO traP traQ traT traU traV traW traY trbA trbB
NZ_CP141239.1	16	16	contiguous	35160	8113	traE traI traK traL traM traN traO traP traQ traT traU traV traW traY trbA trbB
NZ_CP141240.1	16	16	contiguous	35160	8113	traE traI traK traL traM traN traO traP traQ traT traU traV traW traY trbA trbB
NZ_CP141241.1	16	16	contiguous	35160	8113	traE traI traK traL traM traN traO traP traQ traT traU traV traW traY trbA trbB
NZ_CP141242.1	16	16	contiguous	35169	8113	traE traI traK traL traM traN traO traP traQ traT traU traV traW traY trbA trbB
NZ_CP141243.1	16	16	contiguous	35169	8113	traE traI traK traL traM traN traO traP traQ traT traU traV traW traY trbA trbB
NZ_CP141244.1	16	16	contiguous	35169	8113	traE traI traK traL traM traN traO traP traQ traT traU traV traW traY trbA trbB
NZ_CP141245.1	16	16	contiguous	35169	8113	traE traI traK traL traM traN traO traP traQ traT traU traV traW traY trbA trbB
NZ_CP141246.1	16	16	contiguous	35169	8113	traE traI traK traL traM traN traO traP traQ traT traU traV traW traY trbA trbB
NZ_CP141247.1	16	16	contiguous	35169	8113	traE traI traK traL traM traN traO traP traQ traT traU traV traW traY trbA trbB
NZ_CP141248.1	16	16	contiguous	35169	8113	traE traI traK traL traM traN traO traP traQ traT traU traV traW traY trbA trbB
NZ_CP141249.1	16	16	contiguous	35169	8113	traE traI traK traL traM traN traO traP traQ traT traU traV traW traY trbA trbB
NZ_CP141250.1	16	16	contiguous	35169	8113	traE traI traK traL traM traN traO traP traQ traT traU traV traW traY trbA trbB
NZ_CP141251.1	16	16	contiguous	35169	8113	traE traI traK traL traM traN traO traP traQ traT traU traV traW traY trbA trbB
NZ_CP141541.1	13	11	split_2	62105	37555	traI traK traL traM traN traO traP traQ traU traW traY
NZ_CP141563.1	13	11	contiguous	26036	7981	traI traK traL traM traN traO traP traQ traU traW traY
NZ_CP141564.1	13	11	contiguous	25942	7965	traI traK traL traM traN traO traP traQ traU traW traY
NZ_CP141603.1	12	12	split_2	83772	64034	traI traK traL traN traO traP traQ traU traW traY trbA trbB
NZ_CP141669.1	13	13	contiguous	20842	3731	traI traK traL traM traN traO traP traQ traU traW traY trbA trbB
NZ_CP141674.1	13	11	split_2	54657	36773	traI traK traL traM traN traO traP traQ traU traW traY
NZ_CP141737.1	16	16	contiguous	28657	4789	traE traI traK traL traM traN traO traP traQ traT traU traV traW traY trbA trbB
NZ_CP141783.1	13	13	split_2	81145	64034	traI traK traL traM traN traO traP traQ traU traW traY trbA trbB
NZ_CP141864.1	16	16	contiguous	29857	6662	traE traI traK traL traM traN traO traP traQ traT traU traV traW traY trbA trbB
NZ_CP141907.1	13	11	contiguous	26036	7981	traI traK traL traM traN traO traP traQ traU traW traY
NZ_CP141995.1	13	13	contiguous	21990	3803	traI traK traL traM traN traO traP traQ traU traW traY trbA trbB
NZ_CP142090.1	13	13	contiguous	20749	4155	traI traK traL traM traN traO traP traQ traU traW traY trbA trbB
NZ_CP142093.1	13	13	contiguous	21726	3582	traI traK traL traM traN traO traP traQ traU traW traY trbA trbB
NZ_CP142098.1	13	13	contiguous	20757	4163	traI traK traL traM traN traO traP traQ traU traW traY trbA trbB
NZ_CP142123.1	7	5	split_2	63312	33915	traI traK traM traN traU
NZ_CP142694.1	13	13	contiguous	20842	3731	traI traK traL traM traN traO traP traQ traU traW traY trbA trbB
NZ_CP142932.1	16	16	contiguous	33316	8122	traE traI traK traL traM traN traO traP traQ traT traU traV traW traY trbA trbB
NZ_CP143096.1	11	9	split_2	45678	33254	traL traM traN traO traP traQ traU traW traY
NZ_CP143281.1	13	11	split_2	55608	37553	traI traK traL traM traN traO traP traQ traU traW traY
NZ_CP143302.1	13	13	contiguous	21115	4121	traI traK traL traM traN traO traP traQ traU traW traY trbA trbB
NZ_CP143342.1	13	13	contiguous	21839	4469	traI traK traL traM traN traO traP traQ traU traW traY trbA trbB
NZ_CP143401.1	13	13	contiguous	23979	5125	traI traK traL traM traN traO traP traQ traU traW traY trbA trbB
NZ_CP143409.1	13	13	contiguous	23979	5125	traI traK traL traM traN traO traP traQ traU traW traY trbA trbB
NZ_CP143488.1	8	7	split_2	1088585	1056320	traI traK trbA traM traN traO traU
NZ_CP143502.1	11	11	contiguous	17016	3556	traI traK traL traM traN traO traP traQ traU traW traY
NZ_CP143515.1	5	4	split_2	48338	32915	traI traM traN traU
NZ_CP143887.1	4	4	split_2	35803	26460	traI traM traN traU
NZ_CP144703.1	13	11	split_2	55608	37553	traI traK traL traM traN traO traP traQ traU traW traY
NZ_CP144711.1	13	11	split_2	66360	48383	traI traK traL traM traN traO traP traQ traU traW traY
NZ_CP144714.1	13	11	split_2	56759	38704	traI traK traL traM traN traO traP traQ traU traW traY
NZ_CP144717.1	13	11	split_2	55608	37553	traI traK traL traM traN traO traP traQ traU traW traY
NZ_CP144719.1	13	11	split_2	55608	37553	traI traK traL traM traN traO traP traQ traU traW traY
NZ_CP144723.1	13	11	split_2	55608	37553	traI traK traL traM traN traO traP traQ traU traW traY
NZ_CP144726.1	13	11	split_2	77857	56133	traI traK traL traM traN traO traP traQ traU traW traY
NZ_CP144731.1	11	9	split_2	40675	28251	traL traM traN traO traP traQ traU traW traY
NZ_CP145140.1	15	15	contiguous	24977	4788	traI traK traL traM traN traO traP traQ traT traU traV traW traY trbA trbB
NZ_CP145638.1	16	16	contiguous	30039	5639	traE traI traK traL traM traN traO traP traQ traT traU traV traW traY trbA trbB
NZ_CP145674.1	16	16	contiguous	32177	8768	traE traI traK traL traM traN traO traP traQ traT traU traV traW traY trbA trbB
NZ_CP145691.1	16	16	contiguous	33265	8795	traE traI traK traL traM traN traO traP traQ traT traU traV traW traY trbA trbB
NZ_CP145695.1	16	16	contiguous	33265	8795	traE traI traK traL traM traN traO traP traQ traT traU traV traW traY trbA trbB
NZ_CP145708.1	16	16	contiguous	33690	10281	traE traI traK traL traM traN traO traP traQ traT traU traV traW traY trbA trbB
NZ_CP145710.1	16	16	contiguous	32360	7962	traE traI traK traL traM traN traO traP traQ traT traU traV traW traY trbA trbB
NZ_CP146194.1	13	13	contiguous	20842	3731	traI traK traL traM traN traO traP traQ traU traW traY trbA trbB
NZ_CP146206.1	11	7	contiguous	57090	18472	traM traN traO traP traQ traU traY
NZ_CP146252.1	16	16	split_2	97771	68403	traE traI traK traL traM traN traO traP traQ traT traU traV traW traY trbA trbB
NZ_CP146290.1	16	16	contiguous	34203	10788	traE traI traK traL traM traN traO traP traQ traT traU traV traW traY trbA trbB
NZ_CP146295.1	16	16	contiguous	35946	8660	traE traI traK traL traM traN traO traP traQ traT traU traV traW traY trbA trbB
NZ_CP146345.1	12	7	contiguous	49468	16203	traN traO traP traQ traU traW traY
NZ_CP146508.1	16	16	contiguous	39270	15006	traE traI traK traL traM traN traO traP traQ traT traU traV traW traY trbA trbB
NZ_CP146511.1	16	16	contiguous	39272	15006	traE traI traK traL traM traN traO traP traQ traT traU traV traW traY trbA trbB
NZ_CP146514.1	16	16	contiguous	38975	15900	traE traI traK traL traM traN traO traP traQ traT traU traV traW traY trbA trbB
NZ_CP146589.1	16	16	split_2	105603	78431	traE traI traK traL traM traN traO traP traQ traT traU traV traW traY trbA trbB
NZ_CP146604.1	13	13	contiguous	21115	4121	traI traK traL traM traN traO traP traQ traU traW traY trbA trbB
NZ_CP146651.1	16	16	split_2	127098	97888	traE traI traK traL traM traN traO traP traQ traT traU traV traW traY trbA trbB
NZ_CP146669.1	16	16	contiguous	30841	6440	traE traI traK traL traM traN traO traP traQ traT traU traV traW traY trbA trbB
NZ_CP146671.1	16	16	split_2	84857	54114	traE traI traK traL traM traN traO traP traQ traT traU traV traW traY trbA trbB
NZ_CP146682.1	16	16	contiguous	33908	11645	traE traI traK traL traM traN traO traP traQ traT traU traV traW traY trbA trbB
NZ_CP146692.1	13	8	contiguous	47646	14511	traM traN traO traP traQ traU traW traY
NZ_CP147055.1	16	16	contiguous	30328	6738	traE traI traK traL traM traN traO traP traQ traT traU traV traW traY trbA trbB
NZ_CP147060.1	16	16	contiguous	29811	5413	traE traI traK traL traM traN traO traP traQ traT traU traV traW traY trbA trbB
NZ_CP147067.1	16	16	split_2	96579	62791	traE traI traK traL traM traN traO traP traQ traT traU traV traW traY trbA trbB
NZ_CP147072.1	16	16	split_2	81471	57071	traE traI traK traL traM traN traO traP traQ traT traU traV traW traY trbA trbB
NZ_CP147098.1	16	16	contiguous	28606	4788	traE traI traK traL traM traN traO traP traQ traT traU traV traW traY trbA trbB
NZ_CP147103.1	16	16	contiguous	29957	5556	traE traI traK traL traM traN traO traP traQ traT traU traV traW traY trbA trbB
NZ_CP147107.1	16	16	contiguous	29957	5556	traE traI traK traL traM traN traO traP traQ traT traU traV traW traY trbA trbB
NZ_CP147127.1	16	16	contiguous	28545	4788	traE traI traK traL traM traN traO traP traQ traT traU traV traW traY trbA trbB
NZ_CP147568.1	16	16	contiguous	32235	8820	traE traI traK traL traM traN traO traP traQ traT traU traV traW traY trbA trbB
NZ_CP147584.1	16	16	contiguous	31776	8367	traE traI traK traL traM traN traO traP traQ traT traU traV traW traY trbA trbB
NZ_CP147683.1	6	5	split_3	298199	263702	traM traN traU traW traY
NZ_CP147743.1	13	13	contiguous	20842	3731	traI traK traL traM traN traO traP traQ traU traW traY trbA trbB
NZ_CP147752.1	13	13	contiguous	20842	3731	traI traK traL traM traN traO traP traQ traU traW traY trbA trbB
NZ_CP147883.1	7	5	contiguous	22723	7618	traI traK traM traN traU
NZ_CP147900.1	16	16	contiguous	28882	4788	traE traI traK traL traM traN traO traP traQ traT traU traV traW traY trbA trbB
NZ_CP148085.1	13	11	split_2	54831	36776	traI traK traL traM traN traO traP traQ traU traW traY
NZ_CP148141.1	13	11	split_2	58663	40608	traI traK traL traM traN traO traP traQ traU traW traY
NZ_CP148315.1	16	16	contiguous	42535	17696	traE traI traK traL traM traN traO traP traQ traT traU traV traW traY trbA trbB
NZ_CP148321.1	16	16	contiguous	30039	5639	traE traI traK traL traM traN traO traP traQ traT traU traV traW traY trbA trbB
NZ_CP148341.1	16	16	contiguous	32399	6665	traE traI traK traL traM traN traO traP traQ traT traU traV traW traY trbA trbB
NZ_CP148530.1	14	14	contiguous	28508	5185	traE traI traK traL traM traN traO traP traQ traU traW traY trbA trbB
NZ_CP148532.1	16	16	contiguous	28833	5344	traE traI traK traL traM traN traO traP traQ traT traU traV traW traY trbA trbB
NZ_CP148536.1	15	15	contiguous	28592	6215	traE traI traL traM traN traO traP traQ traT traU traV traW traY trbA trbB
NZ_CP148547.1	15	15	contiguous	28594	5470	traE traI traK traM traN traO traP traQ traT traU traV traW traY trbA trbB
NZ_CP148791.1	16	16	contiguous	30040	5639	traE traI traK traL traM traN traO traP traQ traT traU traV traW traY trbA trbB
NZ_CP148795.1	16	16	contiguous	30040	5639	traE traI traK traL traM traN traO traP traQ traT traU traV traW traY trbA trbB
NZ_CP148798.1	16	16	contiguous	30040	5639	traE traI traK traL traM traN traO traP traQ traT traU traV traW traY trbA trbB
NZ_CP148802.1	16	16	split_2	322098	295910	traE traI traK traL traM traN traO traP traQ traT traU traV traW traY trbA trbB
NZ_CP148807.1	16	16	contiguous	29794	6599	traE traI traK traL traM traN traO traP traQ traT traU traV traW traY trbA trbB
NZ_CP148811.1	16	16	contiguous	29794	6599	traE traI traK traL traM traN traO traP traQ traT traU traV traW traY trbA trbB
NZ_CP148815.1	16	16	contiguous	30040	5639	traE traI traK traL traM traN traO traP traQ traT traU traV traW traY trbA trbB
NZ_CP148819.1	16	16	contiguous	29794	6599	traE traI traK traL traM traN traO traP traQ traT traU traV traW traY trbA trbB
NZ_CP148823.1	16	16	contiguous	29794	6599	traE traI traK traL traM traN traO traP traQ traT traU traV traW traY trbA trbB
NZ_CP148827.1	16	16	contiguous	29794	6599	traE traI traK traL traM traN traO traP traQ traT traU traV traW traY trbA trbB
NZ_CP148829.1	16	16	contiguous	29794	6599	traE traI traK traL traM traN traO traP traQ traT traU traV traW traY trbA trbB
NZ_CP148833.1	16	16	contiguous	30040	5639	traE traI traK traL traM traN traO traP traQ traT traU traV traW traY trbA trbB
NZ_CP148837.1	16	16	contiguous	29794	6599	traE traI traK traL traM traN traO traP traQ traT traU traV traW traY trbA trbB
NZ_CP148839.1	16	16	contiguous	29794	6599	traE traI traK traL traM traN traO traP traQ traT traU traV traW traY trbA trbB
NZ_CP148841.1	16	16	contiguous	30040	5639	traE traI traK traL traM traN traO traP traQ traT traU traV traW traY trbA trbB
NZ_CP148845.1	15	15	contiguous	30042	6404	traE traI traL traM traN traO traP traQ traT traU traV traW traY trbA trbB
NZ_CP148847.1	16	16	contiguous	29794	6599	traE traI traK traL traM traN traO traP traQ traT traU traV traW traY trbA trbB
NZ_CP149204.1	16	16	contiguous	29237	5443	traE traI traK traL traM traN traO traP traQ traT traU traV traW traY trbA trbB
NZ_CP149208.1	16	16	contiguous	30037	5639	traE traI traK traL traM traN traO traP traQ traT traU traV traW traY trbA trbB
NZ_CP149309.1	16	16	contiguous	28606	4788	traE traI traK traL traM traN traO traP traQ traT traU traV traW traY trbA trbB
NZ_CP149314.1	16	16	contiguous	28360	5166	traE traI traK traL traM traN traO traP traQ traT traU traV traW traY trbA trbB
NZ_CP149348.1	16	16	contiguous	29235	5443	traE traI traK traL traM traN traO traP traQ traT traU traV traW traY trbA trbB
NZ_CP149354.1	15	15	contiguous	30388	6159	traE traI traK traL traM traO traP traQ traT traU traV traW traY trbA trbB
NZ_CP149357.1	16	16	contiguous	29081	5206	traE traI traK traL traM traN traO traP traQ traT traU traV traW traY trbA trbB
NZ_CP149361.1	16	16	contiguous	28882	4788	traE traI traK traL traM traN traO traP traQ traT traU traV traW traY trbA trbB
NZ_CP149366.1	16	16	contiguous	28882	4788	traE traI traK traL traM traN traO traP traQ traT traU traV traW traY trbA trbB
NZ_CP149369.1	16	16	contiguous	29081	5206	traE traI traK traL traM traN traO traP traQ traT traU traV traW traY trbA trbB
NZ_CP149373.1	16	16	contiguous	27961	4788	traE traI traK traL traM traN traO traP traQ traT traU traV traW traY trbA trbB
NZ_CP149376.1	16	16	contiguous	28882	4788	traE traI traK traL traM traN traO traP traQ traT traU traV traW traY trbA trbB
NZ_CP149419.1	16	16	contiguous	28882	4788	traE traI traK traL traM traN traO traP traQ traT traU traV traW traY trbA trbB
NZ_CP149626.1	9	7	contiguous	26963	8962	traI traK trbA traM traN traO traU
NZ_CP149627.1	9	7	contiguous	23140	5120	traI traK trbA traM traN traO traU
NZ_CP149795.1	13	11	contiguous	26470	6735	traI traK traL traM traN traO traP traQ traU traW traY
NZ_CP149855.1	11	7	split_2	129506	66759	traM traN traO traP traQ traU traY
NZ_CP149941.1	13	13	contiguous	33950	16926	traI traK traL traM traN traO traP traQ traU traW traY trbA trbB
NZ_CP149977.1	13	11	contiguous	27434	8522	traI traK traL traM traN traO traP traQ traU traW traY
NZ_CP149980.1	13	11	split_2	91119	72420	traI traK traL traM traN traO traP traQ traU traW traY
NZ_CP149983.1	13	11	contiguous	27974	7292	traI traK traL traM traN traO traP traQ traU traW traY
NZ_CP150017.1	16	16	contiguous	28882	4788	traE traI traK traL traM traN traO traP traQ traT traU traV traW traY trbA trbB
NZ_CP150996.1	16	16	contiguous	32221	6747	traE traI traK traL traM traN traO traP traQ traT traU traV traW traY trbA trbB
NZ_CP151296.1	16	16	contiguous	33169	10915	traE traI traK traL traM traN traO traP traQ traT traU traV traW traY trbA trbB
NZ_CP151302.1	16	16	contiguous	35956	8660	traE traI traK traL traM traN traO traP traQ traT traU traV traW traY trbA trbB
NZ_CP151314.1	16	16	contiguous	30039	5639	traE traI traK traL traM traN traO traP traQ traT traU traV traW traY trbA trbB
NZ_CP151325.1	16	16	contiguous	32242	8827	traE traI traK traL traM traN traO traP traQ traT traU traV traW traY trbA trbB
NZ_CP151330.1	16	16	contiguous	32242	8827	traE traI traK traL traM traN traO traP traQ traT traU traV traW traY trbA trbB
NZ_CP151335.1	16	16	contiguous	35947	8660	traE traI traK traL traM traN traO traP traQ traT traU traV traW traY trbA trbB
NZ_CP151346.1	16	16	contiguous	32242	8827	traE traI traK traL traM traN traO traP traQ traT traU traV traW traY trbA trbB
NZ_CP151350.1	16	16	contiguous	35947	8660	traE traI traK traL traM traN traO traP traQ traT traU traV traW traY trbA trbB
NZ_CP151358.1	16	16	contiguous	34203	10788	traE traI traK traL traM traN traO traP traQ traT traU traV traW traY trbA trbB
NZ_CP151365.1	16	16	contiguous	35947	8660	traE traI traK traL traM traN traO traP traQ traT traU traV traW traY trbA trbB
NZ_CP151373.1	16	16	contiguous	35947	8660	traE traI traK traL traM traN traO traP traQ traT traU traV traW traY trbA trbB
NZ_CP151374.1	16	16	contiguous	30040	5639	traE traI traK traL traM traN traO traP traQ traT traU traV traW traY trbA trbB
NZ_CP151385.1	16	16	contiguous	35947	8660	traE traI traK traL traM traN traO traP traQ traT traU traV traW traY trbA trbB
NZ_CP151393.1	16	16	contiguous	35947	8660	traE traI traK traL traM traN traO traP traQ traT traU traV traW traY trbA trbB
NZ_CP151673.1	13	11	split_2	55608	37553	traI traK traL traM traN traO traP traQ traU traW traY
NZ_CP152442.1	13	13	contiguous	20842	3731	traI traK traL traM traN traO traP traQ traU traW traY trbA trbB
NZ_CP152446.1	13	13	contiguous	20842	3731	traI traK traL traM traN traO traP traQ traU traW traY trbA trbB
NZ_CP152451.1	13	13	contiguous	21115	4121	traI traK traL traM traN traO traP traQ traU traW traY trbA trbB
NZ_CP154276.1	13	13	contiguous	21115	4121	traI traK traL traM traN traO traP traQ traU traW traY trbA trbB
NZ_CP154305.1	13	13	contiguous	20842	3731	traI traK traL traM traN traO traP traQ traU traW traY trbA trbB
NZ_CP154346.1	13	13	contiguous	20842	3731	traI traK traL traM traN traO traP traQ traU traW traY trbA trbB
NZ_CP154390.1	13	13	contiguous	21115	4121	traI traK traL traM traN traO traP traQ traU traW traY trbA trbB
NZ_CP154395.1	13	13	contiguous	20842	3731	traI traK traL traM traN traO traP traQ traU traW traY trbA trbB
NZ_CP154400.1	13	13	contiguous	21115	4121	traI traK traL traM traN traO traP traQ traU traW traY trbA trbB
NZ_CP154421.1	13	13	contiguous	20842	3731	traI traK traL traM traN traO traP traQ traU traW traY trbA trbB
NZ_CP154493.1	13	13	contiguous	20842	3731	traI traK traL traM traN traO traP traQ traU traW traY trbA trbB
NZ_CP154590.1	15	15	split_2	113537	89974	traE traI traK traL traM traN traO traP traQ traU traV traW traY trbA trbB
NZ_CP155669.1	16	16	contiguous	29290	4891	traE traI traK traL traM traN traO traP traQ traT traU traV traW traY trbA trbB
NZ_CP157157.1	16	16	contiguous	28881	4788	traE traI traK traL traM traN traO traP traQ traT traU traV traW traY trbA trbB
NZ_EU418923.1	16	16	contiguous	29811	5413	traE traI traK traL traM traN traO traP traQ traT traU traV traW traY trbA trbB
NZ_EU418926.1	16	16	contiguous	28616	4788	traE traI traK traL traM traN traO traP traQ traT traU traV traW traY trbA trbB
NZ_EU418931.1	16	16	contiguous	29809	5412	traE traI traK traL traM traN traO traP traQ traT traU traV traW traY trbA trbB
NZ_HG739083.1	16	16	contiguous	28608	4788	traE traI traK traL traM traN traO traP traQ traT traU traV traW traY trbA trbB
NZ_HG796217.1	16	16	contiguous	28625	4788	traE traI traK traL traM traN traO traP traQ traT traU traV traW traY trbA trbB
NZ_HG813238.1	13	13	contiguous	23795	3871	traI traK traL traM traN traO traP traQ traU traW traY trbA trbB
NZ_KJ406378.1	16	16	contiguous	30038	5639	traE traI traK traL traM traN traO traP traQ traT traU traV traW traY trbA trbB
NZ_KJ866866.1	16	16	contiguous	29793	6599	traE traI traK traL traM traN traO traP traQ traT traU traV traW traY trbA trbB
NZ_KJ958926.1	13	13	contiguous	20750	3641	traI traK traL traM traN traO traP traQ traU traW traY trbA trbB
NZ_KM052220.1	16	16	contiguous	28362	5167	traE traI traK traL traM traN traO traP traQ traT traU traV traW traY trbA trbB
NZ_KM085449.1	16	16	contiguous	40088	17011	traE traI traK traL traM traN traO traP traQ traT traU traV traW traY trbA trbB
NZ_KM085450.1	16	16	contiguous	37342	14206	traE traI traK traL traM traN traO traP traQ traT traU traV traW traY trbA trbB
NZ_KM377238.1	16	16	contiguous	28603	5002	traE traI traK traL traM traN traO traP traQ traT traU traV traW traY trbA trbB
NZ_KM377239.1	16	16	contiguous	28603	4785	traE traI traK traL traM traN traO traP traQ traT traU traV traW traY trbA trbB
NZ_KM377240.1	16	16	contiguous	28606	4787	traE traI traK traL traM traN traO traP traQ traT traU traV traW traY trbA trbB
NZ_KM406488.1	13	11	split_2	49169	29435	traI traK traL traM traN traO traP traQ traU traW traY
NZ_KM406489.1	13	11	split_2	52374	32727	traI traK traL traM traN traO traP traQ traU traW traY
NZ_KM406490.1	12	11	contiguous	25152	6737	traI traK traL traM traN traO traP traQ traU traW traY
NZ_KM406491.1	13	11	contiguous	26033	7980	traI traK traL traM traN traO traP traQ traU traW traY
NZ_KM409652.1	16	16	contiguous	35219	9087	traE traI traK traL traM traN traO traP traQ traT traU traV traW traY trbA trbB
NZ_KM877517.1	13	11	split_2	51647	33718	traI traK traL traM traN traO traP traQ traU traW traY
NZ_KP025948.1	13	11	split_2	64166	46189	traI traK traL traM traN traO traP traQ traU traW traY
NZ_KP061858.1	13	11	contiguous	26036	7981	traI traK traL traM traN traO traP traQ traU traW traY
NZ_KP198616.1	16	16	contiguous	28616	4788	traE traI traK traL traM traN traO traP traQ traT traU traV traW traY trbA trbB
NZ_KP294351.1	13	11	split_2	66874	48900	traI traK traL traM traN traO traP traQ traU traW traY
NZ_KP659188.1	13	11	split_2	54033	35798	traI traK traL traM traN traO traP traQ traU traW traY
NZ_KP975075.1	13	11	split_2	54133	29428	traI traK traL traM traN traO traP traQ traU traW traY
NZ_KP987215.1	15	15	contiguous	25885	4939	traE traI traK traL traM traN traO traP traQ traU traV traW traY trbA trbB
NZ_KP987217.1	16	16	contiguous	30039	5639	traE traI traK traL traM traN traO traP traQ traT traU traV traW traY trbA trbB
NZ_KR822246.1	13	13	contiguous	20750	3641	traI traK traL traM traN traO traP traQ traU traW traY trbA trbB
NZ_KR905384.1	16	16	contiguous	35169	8113	traE traI traK traL traM traN traO traP traQ traT traU traV traW traY trbA trbB
NZ_KR905385.1	16	16	contiguous	35160	8113	traE traI traK traL traM traN traO traP traQ traT traU traV traW traY trbA trbB
NZ_KR905386.1	16	16	contiguous	35151	8113	traE traI traK traL traM traN traO traP traQ traT traU traV traW traY trbA trbB
NZ_KR905387.1	16	16	contiguous	35151	8113	traE traI traK traL traM traN traO traP traQ traT traU traV traW traY trbA trbB
NZ_KR905388.1	16	16	contiguous	35151	8113	traE traI traK traL traM traN traO traP traQ traT traU traV traW traY trbA trbB
NZ_KR905389.1	16	16	contiguous	35169	8113	traE traI traK traL traM traN traO traP traQ traT traU traV traW traY trbA trbB
NZ_KR905390.1	16	16	contiguous	35142	8113	traE traI traK traL traM traN traO traP traQ traT traU traV traW traY trbA trbB
NZ_KT282968.1	16	16	contiguous	30040	5639	traE traI traK traL traM traN traO traP traQ traT traU traV traW traY trbA trbB
NZ_KT754162.1	16	16	split_2	110381	80524	traE traI traK traL traM traN traO traP traQ traT traU traV traW traY trbA trbB
NZ_KT754167.1	16	16	contiguous	30557	8286	traE traI traK traL traM traN traO traP traQ traT traU traV traW traY trbA trbB
NZ_KT779035.1	7	5	split_2	116134	81092	traM traN traU traW traY
NZ_KT779550.1	16	16	contiguous	28360	5167	traE traI traK traL traM traN traO traP traQ traT traU traV traW traY trbA trbB
NZ_KT852335.1	13	13	contiguous	20750	3641	traI traK traL traM traN traO traP traQ traU traW traY trbA trbB
NZ_KT852336.1	13	13	contiguous	20750	3641	traI traK traL traM traN traO traP traQ traU traW traY trbA trbB
NZ_KT868530.1	16	16	contiguous	33306	6876	traE traI traK traL traM traN traO traP traQ traT traU traV traW traY trbA trbB
NZ_KT935445.1	13	11	split_2	65920	47943	traI traK traL traM traN traO traP traQ traU traW traY
NZ_KU130396.1	16	16	contiguous	29857	6662	traE traI traK traL traM traN traO traP traQ traT traU traV traW traY trbA trbB
NZ_KU159085.1	13	11	contiguous	26586	7011	traI traK traL traM traN traO traP traQ traU traW traY
NZ_KU159086.1	13	11	split_2	56737	37231	traI traK traL traM traN traO traP traQ traU traW traY
NZ_KU312044.1	16	16	contiguous	34854	7561	traE traI traK traL traM traN traO traP traQ traT traU traV traW traY trbA trbB
NZ_KU315015.1	13	11	split_2	87890	70006	traI traK traL traM traN traO traP traQ traU traW traY
NZ_KU355874.1	16	16	contiguous	29809	5412	traE traI traK traL traM traN traO traP traQ traT traU traV traW traY trbA trbB
NZ_KU744946.1	7	5	split_2	184135	151589	traM traN traU traW traY
NZ_KU932021.1	16	16	contiguous	31904	9659	traE traI traK traL traM traN traO traP traQ traT traU traV traW traY trbA trbB
NZ_KU932026.1	16	16	split_2	87159	59240	traE traI traK traL traM traN traO traP traQ traT traU traV traW traY trbA trbB
NZ_KU932027.1	16	16	split_2	86977	59058	traE traI traK traL traM traN traO traP traQ traT traU traV traW traY trbA trbB
NZ_KU932029.1	16	16	contiguous	28362	5167	traE traI traK traL traM traN traO traP traQ traT traU traV traW traY trbA trbB
NZ_KU932030.1	16	16	contiguous	28362	5167	traE traI traK traL traM traN traO traP traQ traT traU traV traW traY trbA trbB
NZ_KU932032.1	16	16	split_2	89540	65721	traE traI traK traL traM traN traO traP traQ traT traU traV traW traY trbA trbB
NZ_KU932033.1	16	16	split_2	90595	66776	traE traI traK traL traM traN traO traP traQ traT traU traV traW traY trbA trbB
NZ_KU950310.1	13	8	contiguous	52529	18271	traM traN traO traP traQ traU traW traY
NZ_KX009059.1	13	8	contiguous	46479	14850	traM traN traO traP traQ traU traW traY
NZ_KX009507.1	13	11	split_3	86771	36773	traI traK traL traM traN traO traP traQ traU traW traY
NZ_KX058576.1	16	16	contiguous	28607	4788	traE traI traK traL traM traN traO traP traQ traT traU traV traW traY trbA trbB
NZ_KX246268.1	16	16	contiguous	30039	5639	traE traI traK traL traM traN traO traP traQ traT traU traV traW traY trbA trbB
NZ_KX452392.1	16	16	contiguous	30989	6439	traE traI traK traL traM traN traO traP traQ traT traU traV traW traY trbA trbB
NZ_KX523900.1	13	11	split_2	62605	37530	traI traK traL traM traN traO traP traQ traU traW traY
NZ_KX523901.1	13	11	split_2	64527	39452	traI traK traL traM traN traO traP traQ traU traW traY
NZ_KX523902.1	13	11	split_2	65098	40023	traI traK traL traM traN traO traP traQ traU traW traY
NZ_KX524525.1	11	9	contiguous	20405	7981	traL traM traN traO traP traQ traU traW traY
NZ_KX636096.1	13	11	contiguous	26036	7981	traI traK traL traM traN traO traP traQ traU traW traY
NZ_KX783441.1	13	11	split_2	65646	39822	traI traK traL traM traN traO traP traQ traU traW traY
NZ_KX893538.1	13	8	split_2	59431	27015	traM traN traO traP traQ traU traW traY
NZ_KY126370.1	14	14	contiguous	21844	3925	traI traK traL traM traN traO traP traQ traU traV traW traY trbA trbB
NZ_KY213890.1	13	11	split_2	48669	30704	traI traK traL traM traN traO traP traQ traU traW traY
NZ_KY215945.1	12	11	contiguous	24932	7981	traI traK traL traM traN traO traP traQ traU traW traY
NZ_KY270855.1	12	7	contiguous	48348	13292	traM traN traO traQ traU traW traY
NZ_KY362366.1	13	13	contiguous	24534	4987	traI traK traL traM traN traO traP traQ traU traW traY trbA trbB
NZ_KY471628.1	16	16	contiguous	35947	8660	traE traI traK traL traM traN traO traP traQ traT traU traV traW traY trbA trbB
NZ_KY471629.1	16	16	contiguous	35947	8660	traE traI traK traL traM traN traO traP traQ traT traU traV traW traY trbA trbB
NZ_KY565558.1	16	16	split_2	88156	65007	traE traI traK traL traM traN traO traP traQ traT traU traV traW traY trbA trbB
NZ_KY689635.1	16	16	split_2	86860	63710	traE traI traK traL traM traN traO traP traQ traT traU traV traW traY trbA trbB
NZ_KY748188.1	16	16	contiguous	29756	4937	traE traI traK traL traM traN traO traP traQ traT traU traV traW traY trbA trbB
NZ_KY748189.1	16	16	contiguous	28418	4788	traE traI traK traL traM traN traO traP traQ traT traU traV traW traY trbA trbB
NZ_KY748190.1	16	16	contiguous	28418	4788	traE traI traK traL traM traN traO traP traQ traT traU traV traW traY trbA trbB
NZ_KY781949.1	13	11	split_2	62412	45125	traI traK traL traM traN traO traP traQ traU traW traY
NZ_KY865323.1	16	16	contiguous	28418	4788	traE traI traK traL traM traN traO traP traQ traT traU traV traW traY trbA trbB
NZ_KY964068.1	16	16	contiguous	28882	4788	traE traI traK traL traM traN traO traP traQ traT traU traV traW traY trbA trbB
NZ_LC019731.1	16	16	contiguous	33886	10691	traE traI traK traL traM traN traO traP traQ traT traU traV traW traY trbA trbB
NZ_LC480203.1	16	16	contiguous	28617	4788	traE traI traK traL traM traN traO traP traQ traT traU traV traW traY trbA trbB
NZ_LC485173.1	16	16	contiguous	28882	4788	traE traI traK traL traM traN traO traP traQ traT traU traV traW traY trbA trbB
NZ_LC505604.1	13	11	split_2	52692	34808	traI traK traL traM traN traO traP traQ traU traW traY
NZ_LC508263.1	13	11	split_2	52692	34808	traI traK traL traM traN traO traP traQ traU traW traY
NZ_LC508722.1	13	11	split_2	52692	34808	traI traK traL traM traN traO traP traQ traU traW traY
NZ_LC536683.1	13	13	split_2	63123	44567	traI traK traL traM traN traO traP traQ traU traW traY trbA trbB
NZ_LC537131.1	13	11	split_2	49165	31188	traI traK traL traM traN traO traP traQ traU traW traY
NZ_LC556214.1	13	11	split_2	55887	36245	traI traK traL traM traN traO traP traQ traU traW traY
NZ_LC556215.1	13	11	split_2	55887	36245	traI traK traL traM traN traO traP traQ traU traW traY
NZ_LC556216.1	13	11	split_2	55887	36245	traI traK traL traM traN traO traP traQ traU traW traY
NZ_LC556217.1	13	11	split_2	55887	36245	traI traK traL traM traN traO traP traQ traU traW traY
NZ_LC556218.1	13	11	split_2	55887	36245	traI traK traL traM traN traO traP traQ traU traW traY
NZ_LC556219.1	13	11	split_2	55887	36245	traI traK traL traM traN traO traP traQ traU traW traY
NZ_LC556220.1	13	11	split_2	55887	36245	traI traK traL traM traN traO traP traQ traU traW traY
NZ_LC556221.1	13	11	split_2	55887	36245	traI traK traL traM traN traO traP traQ traU traW traY
NZ_LC556222.1	13	11	split_2	55887	36245	traI traK traL traM traN traO traP traQ traU traW traY
NZ_LN681230.1	13	13	contiguous	21565	4525	traI traK traL traM traN traO traP traQ traU traW traY trbA trbB
NZ_LN735558.1	16	16	contiguous	30040	5639	traE traI traK traL traM traN traO traP traQ traT traU traV traW traY trbA trbB
NZ_LN735559.1	16	16	contiguous	30040	5639	traE traI traK traL traM traN traO traP traQ traT traU traV traW traY trbA trbB
NZ_LN735560.1	16	16	contiguous	30040	5639	traE traI traK traL traM traN traO traP traQ traT traU traV traW traY trbA trbB
NZ_LN735561.1	16	16	contiguous	30040	5639	traE traI traK traL traM traN traO traP traQ traT traU traV traW traY trbA trbB
NZ_LN824135.1	12	12	split_2	113391	97005	traI traK traL traM traN traO traP traQ traU traW traY trbB
NZ_LN864819.1	13	11	split_2	62069	36994	traI traK traL traM traN traO traP traQ traU traW traY
NZ_LN864820.1	11	9	split_2	48190	28746	traL traM traN traO traP traQ traU traW traY
NZ_LN864821.1	13	11	split_2	62473	37533	traI traK traL traM traN traO traP traQ traU traW traY
NZ_LN890525.1	16	16	contiguous	30038	5637	traE traI traK traL traM traN traO traP traQ traT traU traV traW traY trbA trbB
NZ_LR025091.1	13	11	split_2	55608	37553	traI traK traL traM traN traO traP traQ traU traW traY
NZ_LR025095.1	13	11	split_2	55611	37556	traI traK traL traM traN traO traP traQ traU traW traY
NZ_LR025098.1	13	11	split_2	55608	37553	traI traK traL traM traN traO traP traQ traU traW traY
NZ_LR025100.1	13	11	split_2	55608	37553	traI traK traL traM traN traO traP traQ traU traW traY
NZ_LR025105.1	13	11	split_2	55608	37553	traI traK traL traM traN traO traP traQ traU traW traY
NZ_LR536452.1	9	7	contiguous	22073	6083	traI traK trbA traM traN traO traU
NZ_LR594664.1	9	6	split_3	378415	315480	traM traN traO traU trbA traY
NZ_LR594691.1	9	6	split_3	487797	420556	traM traN traO traU trbA traY
NZ_LR721753.1	4	4	contiguous	12258	6914	traI traM traN traU
NZ_LR745044.1	13	11	split_2	60800	35815	traI traK traL traM traN traO traP traQ traU traW traY
NZ_LR882058.1	16	16	contiguous	31312	6914	traE traI traK traL traM traN traO traP traQ traT traU traV traW traY trbA trbB
NZ_LR882999.1	16	16	contiguous	33002	8366	traE traI traK traL traM traN traO traP traQ traT traU traV traW traY trbA trbB
NZ_LR883001.1	16	16	contiguous	30578	6173	traE traI traK traL traM traN traO traP traQ traT traU traV traW traY trbA trbB
NZ_LR883004.1	16	16	contiguous	34121	8367	traE traI traK traL traM traN traO traP traQ traT traU traV traW traY trbA trbB
NZ_LR890182.1	15	15	contiguous	25888	4939	traE traI traK traL traM traN traO traP traQ traU traV traW traY trbA trbB
NZ_LR890259.1	13	11	split_2	57518	39463	traI traK traL traM traN traO traP traQ traU traW traY
NZ_LR890272.1	16	16	contiguous	28608	4788	traE traI traK traL traM traN traO traP traQ traT traU traV traW traY trbA trbB
NZ_LR890274.1	16	16	contiguous	32867	8349	traE traI traK traL traM traN traO traP traQ traT traU traV traW traY trbA trbB
NZ_LR890302.1	13	11	split_2	57518	39463	traI traK traL traM traN traO traP traQ traU traW traY
NZ_LR890431.1	13	11	split_2	57518	39463	traI traK traL traM traN traO traP traQ traU traW traY
NZ_LR890505.1	13	11	split_2	57518	39463	traI traK traL traM traN traO traP traQ traU traW traY
NZ_LR890609.1	16	16	contiguous	32903	8385	traE traI traK traL traM traN traO traP traQ traT traU traV traW traY trbA trbB
NZ_LR890653.1	16	16	contiguous	31394	6993	traE traI traK traL traM traN traO traP traQ traT traU traV traW traY trbA trbB
NZ_LR890707.1	13	11	split_2	57518	39463	traI traK traL traM traN traO traP traQ traU traW traY
NZ_LR898869.1	16	16	contiguous	28607	4788	traE traI traK traL traM traN traO traP traQ traT traU traV traW traY trbA trbB
NZ_LR999862.1	16	16	contiguous	28606	4787	traE traI traK traL traM traN traO traP traQ traT traU traV traW traY trbA trbB
NZ_LR999864.1	16	16	contiguous	35205	8113	traE traI traK traL traM traN traO traP traQ traT traU traV traW traY trbA trbB
NZ_LR999866.1	16	16	contiguous	35142	8113	traE traI traK traL traM traN traO traP traQ traT traU traV traW traY trbA trbB
NZ_LR999868.1	16	16	contiguous	28607	4788	traE traI traK traL traM traN traO traP traQ traT traU traV traW traY trbA trbB
NZ_LR999869.1	16	16	contiguous	28607	4788	traE traI traK traL traM traN traO traP traQ traT traU traV traW traY trbA trbB
NZ_LS992187.1	16	16	split_2	85768	60029	traE traI traK traL traM traN traO traP traQ traT traU traV traW traY trbA trbB
NZ_LS999562.1	16	16	contiguous	42802	18402	traE traI traK traL traM traN traO traP traQ traT traU traV traW traY trbA trbB
NZ_LT222313.1	11	11	split_2	96203	79320	traK traM traN traO traP traQ traU traW traY trbA trbB
NZ_LT222316.1	13	13	contiguous	23951	4864	traI traK traL traM traN traO traP traQ traU traW traY trbA trbB
NZ_LT605060.1	7	5	contiguous	48546	15994	traM traN traU traW traY
NZ_LT795504.1	15	15	contiguous	26349	5551	traI traK traL traM traN traO traP traQ traT traU traV traW traY trbA trbB
NZ_LT838199.1	16	16	contiguous	28309	5115	traE traI traK traL traM traN traO traP traQ traT traU traV traW traY trbA trbB
NZ_LT838202.1	13	11	contiguous	25946	7981	traI traK traL traM traN traO traP traQ traU traW traY
NZ_LT838204.1	16	16	contiguous	28309	5115	traE traI traK traL traM traN traO traP traQ traT traU traV traW traY trbA trbB
NZ_LT900339.1	9	7	contiguous	31918	15722	traI trbA traK traM traN traO traU
NZ_LT963394.1	13	13	split_2	109942	86553	traI traK traL traM traN traO traP traQ traU traW traY trbA trbB
NZ_LT963396.1	13	8	contiguous	50951	17367	traM traN traO traP traQ traU traW traY
NZ_LT963398.1	12	12	contiguous	22834	4864	traK traL traM traN traO traP traQ traU traW traY trbA trbB
NZ_LT963404.1	12	12	contiguous	26658	10366	traI traL traM traN traO traP traQ traU traW traY trbA trbB
NZ_LT963411.1	13	13	contiguous	24260	5100	traI traK traL traM traN traO traP traQ traU traW traY trbA trbB
NZ_LT963412.1	9	9	contiguous	14860	4195	traN traO traP traQ traU traW traY trbA trbB
NZ_LT985195.1	13	13	split_2	79328	58314	traI traK traL traM traN traO traP traQ traU traW traY trbA trbB
NZ_LT985212.1	13	13	contiguous	25509	4864	traI traK traL traM traN traO traP traQ traU traW traY trbA trbB
NZ_LT985231.1	16	16	contiguous	28866	4788	traE traI traK traL traM traN traO traP traQ traT traU traV traW traY trbA trbB
NZ_LT985235.1	16	16	contiguous	31278	4787	traE traI traK traL traM traN traO traP traQ traT traU traV traW traY trbA trbB
NZ_LT985236.1	16	16	contiguous	28608	4788	traE traI traK traL traM traN traO traP traQ traT traU traV traW traY trbA trbB
NZ_LT985238.1	16	16	contiguous	28607	4788	traE traI traK traL traM traN traO traP traQ traT traU traV traW traY trbA trbB
NZ_LT985241.1	13	13	split_2	55012	36771	traI traK traL traM traN traO traP traQ traU traW traY trbA trbB
NZ_LT985248.1	16	16	contiguous	29995	5596	traE traI traK traL traM traN traO traP traQ traT traU traV traW traY trbA trbB
NZ_LT985256.1	16	16	contiguous	30006	5599	traE traI traK traL traM traN traO traP traQ traT traU traV traW traY trbA trbB
NZ_LT985264.1	13	11	contiguous	25804	7965	traI traK traL traM traN traO traP traQ traU traW traY
NZ_LT985268.1	16	16	contiguous	28606	4788	traE traI traK traL traM traN traO traP traQ traT traU traV traW traY trbA trbB
NZ_LT985270.1	16	16	contiguous	38594	11011	traE traI traK traL traM traN traO traP traQ traT traU traV traW traY trbA trbB
NZ_LT985273.1	16	16	contiguous	28606	4787	traE traI traK traL traM traN traO traP traQ traT traU traV traW traY trbA trbB
NZ_LT985278.1	16	16	contiguous	35645	9233	traE traI traK traL traM traN traO traP traQ traT traU traV traW traY trbA trbB
NZ_LT985279.1	13	11	contiguous	25852	7965	traI traK traL traM traN traO traP traQ traU traW traY
NZ_LT985280.1	16	16	contiguous	28604	4786	traE traI traK traL traM traN traO traP traQ traT traU traV traW traY trbA trbB
NZ_LT985281.1	16	16	contiguous	28608	4788	traE traI traK traL traM traN traO traP traQ traT traU traV traW traY trbA trbB
NZ_LT985283.1	16	16	contiguous	28608	4788	traE traI traK traL traM traN traO traP traQ traT traU traV traW traY trbA trbB
NZ_LT985286.1	16	16	contiguous	30427	5424	traE traI traK traL traM traN traO traP traQ traT traU traV traW traY trbA trbB
NZ_LT985288.1	16	16	contiguous	28608	4788	traE traI traK traL traM traN traO traP traQ traT traU traV traW traY trbA trbB
NZ_LT985295.1	16	16	contiguous	29811	5413	traE traI traK traL traM traN traO traP traQ traT traU traV traW traY trbA trbB
NZ_LT985300.1	16	16	contiguous	32184	8776	traE traI traK traL traM traN traO traP traQ traT traU traV traW traY trbA trbB
NZ_LT985320.1	16	16	contiguous	39834	14996	traE traI traK traL traM traN traO traP traQ traT traU traV traW traY trbA trbB
NZ_LT985321.1	16	16	contiguous	43261	18860	traE traI traK traL traM traN traO traP traQ traT traU traV traW traY trbA trbB
NZ_LT985387.1	12	12	split_2	54908	38709	traK traL traM traN traO traP traQ traU traW traY trbA trbB
NZ_LT994833.1	13	11	contiguous	25716	7967	traI traK traL traM traN traO traP traQ traU traW traY
NZ_LT994838.1	13	11	contiguous	25941	7967	traI traK traL traM traN traO traP traQ traU traW traY
NZ_MF078004.1	16	16	contiguous	29805	6610	traE traI traK traL traM traN traO traP traQ traT traU traV traW traY trbA trbB
NZ_MF133496.1	13	13	contiguous	20842	3731	traI traK traL traM traN traO traP traQ traU traW traY trbA trbB
NZ_MF152729.1	16	16	contiguous	28805	4776	traE traI traK traL traM traN traO traP traQ traT traU traV traW traY trbA trbB
NZ_MF156266.1	13	11	split_2	56793	38774	traI traK traL traM traN traO traP traQ traU traW traY
NZ_MF156268.1	16	16	contiguous	31803	8394	traE traI traK traL traM traN traO traP traQ traT traU traV traW traY trbA trbB
NZ_MF190368.1	13	13	contiguous	20842	3731	traI traK traL traM traN traO traP traQ traU traW traY trbA trbB
NZ_MF344575.1	16	16	contiguous	30040	5639	traE traI traK traL traM traN traO traP traQ traT traU traV traW traY trbA trbB
NZ_MF344576.1	16	16	contiguous	30864	7449	traE traI traK traL traM traN traO traP traQ traT traU traV traW traY trbA trbB
NZ_MF344577.1	16	16	contiguous	29292	4891	traE traI traK traL traM traN traO traP traQ traT traU traV traW traY trbA trbB
NZ_MF399199.1	7	5	split_2	191479	158076	traM traN traU traW traY
NZ_MG196294.1	16	16	contiguous	31348	7260	traE traI traK traL traM traN traO traP traQ traT traU traV traW traY trbA trbB
NZ_MG271839.1	16	16	contiguous	31349	7260	traE traI traK traL traM traN traO traP traQ traT traU traV traW traY trbA trbB
NZ_MG288684.1	13	13	contiguous	20842	3731	traI traK traL traM traN traO traP traQ traU traW traY trbA trbB
NZ_MG299128.1	16	16	contiguous	35947	8660	traE traI traK traL traM traN traO traP traQ traT traU traV traW traY trbA trbB
NZ_MG299130.1	16	16	contiguous	35947	8660	traE traI traK traL traM traN traO traP traQ traT traU traV traW traY trbA trbB
NZ_MG299131.1	16	16	contiguous	35947	8660	traE traI traK traL traM traN traO traP traQ traT traU traV traW traY trbA trbB
NZ_MG299133.1	16	16	contiguous	35947	8660	traE traI traK traL traM traN traO traP traQ traT traU traV traW traY trbA trbB
NZ_MG299135.1	16	16	contiguous	35947	8660	traE traI traK traL traM traN traO traP traQ traT traU traV traW traY trbA trbB
NZ_MG299137.1	16	16	contiguous	35947	8660	traE traI traK traL traM traN traO traP traQ traT traU traV traW traY trbA trbB
NZ_MG299139.1	16	16	contiguous	35947	8660	traE traI traK traL traM traN traO traP traQ traT traU traV traW traY trbA trbB
NZ_MG299141.1	16	16	contiguous	35947	8660	traE traI traK traL traM traN traO traP traQ traT traU traV traW traY trbA trbB
NZ_MG299143.1	16	16	contiguous	35947	8660	traE traI traK traL traM traN traO traP traQ traT traU traV traW traY trbA trbB
NZ_MG299145.1	16	16	contiguous	35947	8660	traE traI traK traL traM traN traO traP traQ traT traU traV traW traY trbA trbB
NZ_MG299147.1	16	16	contiguous	35947	8660	traE traI traK traL traM traN traO traP traQ traT traU traV traW traY trbA trbB
NZ_MG299149.1	16	16	contiguous	35947	8660	traE traI traK traL traM traN traO traP traQ traT traU traV traW traY trbA trbB
NZ_MG299151.1	16	16	contiguous	35947	8660	traE traI traK traL traM traN traO traP traQ traT traU traV traW traY trbA trbB
NZ_MG299153.1	16	16	contiguous	35947	8660	traE traI traK traL traM traN traO traP traQ traT traU traV traW traY trbA trbB
NZ_MG516907.1	13	11	split_2	51771	33842	traI traK traL traM traN traO traP traQ traU traW traY
NZ_MG516908.1	16	16	contiguous	28418	4788	traE traI traK traL traM traN traO traP traQ traT traU traV traW traY trbA trbB
NZ_MG545909.1	16	16	contiguous	31349	7260	traE traI traK traL traM traN traO traP traQ traT traU traV traW traY trbA trbB
NZ_MG545910.1	16	16	contiguous	30040	5639	traE traI traK traL traM traN traO traP traQ traT traU traV traW traY trbA trbB
NZ_MG569891.1	16	16	contiguous	28361	5167	traE traI traK traL traM traN traO traP traQ traT traU traV traW traY trbA trbB
NZ_MG601057.1	16	16	contiguous	31349	7260	traE traI traK traL traM traN traO traP traQ traT traU traV traW traY trbA trbB
NZ_MG764547.1	16	16	contiguous	28616	4788	traE traI traK traL traM traN traO traP traQ traT traU traV traW traY trbA trbB
NZ_MG825371.1	16	16	contiguous	32077	7747	traE traI traK traL traM traN traO traP traQ traT traU traV traW traY trbA trbB
NZ_MG825375.1	16	16	contiguous	31348	7259	traE traI traK traL traM traN traO traP traQ traT traU traV traW traY trbA trbB
NZ_MG825376.1	16	16	contiguous	30195	5794	traE traI traK traL traM traN traO traP traQ traT traU traV traW traY trbA trbB
NZ_MG825377.1	14	14	contiguous	29635	5558	traE traI traK traL traM traN traO traP traQ traU traW traY trbA trbB
NZ_MG838206.1	16	16	contiguous	31349	7260	traE traI traK traL traM traN traO traP traQ traT traU traV traW traY trbA trbB
NZ_MG844436.1	16	16	contiguous	28607	4788	traE traI traK traL traM traN traO traP traQ traT traU traV traW traY trbA trbB
NZ_MG904995.1	16	16	split_2	94221	68814	traE traI traK traL traM traN traO traP traQ traT traU traV traW traY trbA trbB
NZ_MG948330.1	16	16	contiguous	30034	5636	traE traI traK traL traM traN traO traP traQ traT traU traV traW traY trbA trbB
NZ_MG948331.1	16	16	contiguous	30036	5637	traE traI traK traL traM traN traO traP traQ traT traU traV traW traY trbA trbB
NZ_MG948332.1	16	16	contiguous	30038	5638	traE traI traK traL traM traN traO traP traQ traT traU traV traW traY trbA trbB
NZ_MG948333.1	16	16	contiguous	28682	4788	traE traI traK traL traM traN traO traP traQ traT traU traV traW traY trbA trbB
NZ_MG948334.1	16	16	contiguous	28599	4785	traE traI traK traL traM traN traO traP traQ traT traU traV traW traY trbA trbB
NZ_MH061177.1	13	8	split_2	64859	32349	traM traN traO traP traQ traU traW traY
NZ_MH220285.1	7	5	split_2	56699	24923	traM traN traU traW traY
NZ_MH220286.1	7	5	split_2	56699	24923	traM traN traU traW traY
NZ_MH220287.1	7	5	split_2	56699	24923	traM traN traU traW traY
NZ_MH257955.1	16	16	split_2	80940	55993	traE traI traK traL traM traN traO traP traQ traT traU traV traW traY trbA trbB
NZ_MH287044.1	16	16	contiguous	32218	8803	traE traI traK traL traM traN traO traP traQ traT traU traV traW traY trbA trbB
NZ_MH341574.1	13	13	contiguous	21115	4121	traI traK traL traM traN traO traP traQ traU traW traY trbA trbB
NZ_MH422553.1	16	16	contiguous	28606	4787	traE traI traK traL traM traN traO traP traQ traT traU traV traW traY trbA trbB
NZ_MH430883.1	16	16	contiguous	28305	5110	traE traI traK traL traM traN traO traP traQ traT traU traV traW traY trbA trbB
NZ_MH472638.1	16	16	contiguous	30841	6440	traE traI traK traL traM traN traO traP traQ traT traU traV traW traY trbA trbB
NZ_MH579767.1	16	16	contiguous	30040	5639	traE traI traK traL traM traN traO traP traQ traT traU traV traW traY trbA trbB
NZ_MH618673.1	16	16	contiguous	32206	8812	traE traI traK traL traM traN traO traP traQ traT traU traV traW traY trbA trbB
NZ_MH643790.1	13	13	contiguous	20842	3731	traI traK traL traM traN traO traP traQ traU traW traY trbA trbB
NZ_MH643791.1	13	13	contiguous	21043	4121	traI traK traL traM traN traO traP traQ traU traW traY trbA trbB
NZ_MH674341.1	16	16	contiguous	30100	5702	traE traI traK traL traM traN traO traP traQ traT traU traV traW traY trbA trbB
NZ_MH722216.1	13	11	split_2	52392	34193	traI traK traL traM traN traO traP traQ traU traW traY
NZ_MH722217.1	13	11	split_2	52296	34097	traI traK traL traM traN traO traP traQ traU traW traY
NZ_MH722218.1	13	11	split_2	52296	34097	traI traK traL traM traN traO traP traQ traU traW traY
NZ_MH722219.1	13	13	split_2	63901	45345	traI traK traL traM traN traO traP traQ traU traW traY trbA trbB
NZ_MH847038.1	16	16	contiguous	28603	4786	traE traI traK traL traM traN traO traP traQ traT traU traV traW traY trbA trbB
NZ_MH847571.1	16	16	split_2	103288	78890	traE traI traK traL traM traN traO traP traQ traT traU traV traW traY trbA trbB
NZ_MH884650.1	16	16	contiguous	28366	5167	traE traI traK traL traM traN traO traP traQ traT traU traV traW traY trbA trbB
NZ_MH884651.1	16	16	contiguous	28366	5167	traE traI traK traL traM traN traO traP traQ traT traU traV traW traY trbA trbB
NZ_MH884653.1	16	16	contiguous	28375	5176	traE traI traK traL traM traN traO traP traQ traT traU traV traW traY trbA trbB
NZ_MH884654.1	16	16	contiguous	28371	5176	traE traI traK traL traM traN traO traP traQ traT traU traV traW traY trbA trbB
NZ_MH909330.1	16	16	contiguous	25111	4060	traE traI traK traL traM traN traO traP traQ traT traU traV traW traY trbA trbB
NZ_MK070495.1	16	16	contiguous	28360	5167	traE traI traK traL traM traN traO traP traQ traT traU traV traW traY trbA trbB
NZ_MK088079.1	13	11	contiguous	25673	7986	traI traK traL traM traN traO traP traQ traU traW traY
NZ_MK088173.1	16	16	contiguous	31798	8383	traE traI traK traL traM traN traO traP traQ traT traU traV traW traY trbA trbB
NZ_MK134375.1	7	5	split_2	63816	32248	traM traN traU traW traY
NZ_MK167988.1	15	15	contiguous	26388	5734	traE traI traK traL traM traN traO traP traQ traU traV traW traY trbA trbB
NZ_MK181557.1	16	16	contiguous	28606	4787	traE traI traK traL traM traN traO traP traQ traT traU traV traW traY trbA trbB
NZ_MK181558.1	16	16	contiguous	28606	4787	traE traI traK traL traM traN traO traP traQ traT traU traV traW traY trbA trbB
NZ_MK181559.1	16	16	contiguous	31146	4787	traE traI traK traL traM traN traO traP traQ traT traU traV traW traY trbA trbB
NZ_MK181560.1	16	16	contiguous	29919	4787	traE traI traK traL traM traN traO traP traQ traT traU traV traW traY trbA trbB
NZ_MK181561.1	16	16	contiguous	28606	4787	traE traI traK traL traM traN traO traP traQ traT traU traV traW traY trbA trbB
NZ_MK181562.1	16	16	contiguous	28606	4787	traE traI traK traL traM traN traO traP traQ traT traU traV traW traY trbA trbB
NZ_MK181563.1	16	16	contiguous	28606	4787	traE traI traK traL traM traN traO traP traQ traT traU traV traW traY trbA trbB
NZ_MK181564.1	16	16	contiguous	28606	4787	traE traI traK traL traM traN traO traP traQ traT traU traV traW traY trbA trbB
NZ_MK181565.1	16	16	contiguous	30102	5701	traE traI traK traL traM traN traO traP traQ traT traU traV traW traY trbA trbB
NZ_MK181566.1	16	16	contiguous	30102	5701	traE traI traK traL traM traN traO traP traQ traT traU traV traW traY trbA trbB
NZ_MK181567.1	16	16	contiguous	28606	4787	traE traI traK traL traM traN traO traP traQ traT traU traV traW traY trbA trbB
NZ_MK181568.1	16	16	contiguous	28606	4787	traE traI traK traL traM traN traO traP traQ traT traU traV traW traY trbA trbB
NZ_MK238490.1	16	16	contiguous	29565	6373	traE traI traK traL traM traN traO traP traQ traT traU traV traW traY trbA trbB
NZ_MK249855.1	12	11	contiguous	24929	7981	traI traK traL traM traN traO traP traQ traU traW traY
NZ_MK249856.1	12	11	contiguous	24929	7981	traI traK traL traM traN traO traP traQ traU traW traY
NZ_MK249857.1	12	11	contiguous	24929	7981	traI traK traL traM traN traO traP traQ traU traW traY
NZ_MK249858.1	12	11	contiguous	24929	7981	traI traK traL traM traN traO traP traQ traU traW traY
NZ_MK249859.1	12	11	contiguous	24929	7981	traI traK traL traM traN traO traP traQ traU traW traY
NZ_MK249860.1	12	11	contiguous	24929	7981	traI traK traL traM traN traO traP traQ traU traW traY
NZ_MK249861.1	12	11	contiguous	24929	7981	traI traK traL traM traN traO traP traQ traU traW traY
NZ_MK323043.1	7	5	contiguous	49898	16498	traM traN traU traW traY
NZ_MK370728.1	13	11	split_2	54696	37748	traI traK traL traM traN traO traP traQ traU traW traY
NZ_MK396099.1	16	16	contiguous	31924	9661	traE traI traK traL traM traN traO traP traQ traT traU traV traW traY trbA trbB
NZ_MK455767.1	16	16	contiguous	31924	9661	traE traI traK traL traM traN traO traP traQ traT traU traV traW traY trbA trbB
NZ_MK621013.1	8	5	split_2	89688	62747	traM traN traP traU traW
NZ_MK621014.1	13	8	contiguous	43160	12587	traM traN traO traP traQ traU traW traY
NZ_MK758104.1	16	16	contiguous	31798	8383	traE traI traK traL traM traN traO traP traQ traT traU traV traW traY trbA trbB
NZ_MK764024.1	16	16	split_2	86384	63189	traE traI traK traL traM traN traO traP traQ traT traU traV traW traY trbA trbB
NZ_MK764025.1	16	16	contiguous	35658	11257	traE traI traK traL traM traN traO traP traQ traT traU traV traW traY trbA trbB
NZ_MK764026.1	16	16	contiguous	35597	11196	traE traI traK traL traM traN traO traP traQ traT traU traV traW traY trbA trbB
NZ_MK764027.1	16	16	contiguous	35412	12217	traE traI traK traL traM traN traO traP traQ traT traU traV traW traY trbA trbB
NZ_MK764028.2	16	16	contiguous	35658	11257	traE traI traK traL traM traN traO traP traQ traT traU traV traW traY trbA trbB
NZ_MK764029.1	16	16	contiguous	35299	12104	traE traI traK traL traM traN traO traP traQ traT traU traV traW traY trbA trbB
NZ_MK966141.1	13	11	contiguous	25901	7981	traI traK traL traM traN traO traP traQ traU traW traY
NZ_MK966142.1	13	11	contiguous	25901	7981	traI traK traL traM traN traO traP traQ traU traW traY
NZ_MN124285.1	16	16	contiguous	32815	8414	traE traI traK traL traM traN traO traP traQ traT traU traV traW traY trbA trbB
NZ_MN125610.1	16	16	contiguous	29488	6293	traE traI traK traL traM traN traO traP traQ traT traU traV traW traY trbA trbB
NZ_MN182748.1	13	13	contiguous	20842	3731	traI traK traL traM traN traO traP traQ traU traW traY trbA trbB
NZ_MN187903.1	13	11	contiguous	26470	6735	traI traK traL traM traN traO traP traQ traU traW traY
NZ_MN219406.1	16	16	contiguous	29736	5335	traE traI traK traL traM traN traO traP traQ traT traU traV traW traY trbA trbB
NZ_MN241905.1	16	16	contiguous	29857	6662	traE traI traK traL traM traN traO traP traQ traT traU traV traW traY trbA trbB
NZ_MN254969.1	16	16	contiguous	30040	5639	traE traI traK traL traM traN traO traP traQ traT traU traV traW traY trbA trbB
NZ_MN262643.1	16	16	contiguous	28418	4788	traE traI traK traL traM traN traO traP traQ traT traU traV traW traY trbA trbB
NZ_MN276083.1	16	16	contiguous	31349	7260	traE traI traK traL traM traN traO traP traQ traT traU traV traW traY trbA trbB
NZ_MN334219.1	16	16	contiguous	38678	13838	traE traI traK traL traM traN traO traP traQ traT traU traV traW traY trbA trbB
NZ_MN334220.1	16	16	contiguous	38678	13838	traE traI traK traL traM traN traO traP traQ traT traU traV traW traY trbA trbB
NZ_MN335638.1	16	16	contiguous	39837	14998	traE traI traK traL traM traN traO traP traQ traT traU traV traW traY trbA trbB
NZ_MN335639.1	16	16	contiguous	39830	14989	traE traI traK traL traM traN traO traP traQ traT traU traV traW traY trbA trbB
NZ_MN335640.1	16	16	contiguous	33112	8791	traE traI traK traL traM traN traO traP traQ traT traU traV traW traY trbA trbB
NZ_MN335919.1	16	16	contiguous	31349	7260	traE traI traK traL traM traN traO traP traQ traT traU traV traW traY trbA trbB
NZ_MN335921.1	16	16	contiguous	31349	7260	traE traI traK traL traM traN traO traP traQ traT traU traV traW traY trbA trbB
NZ_MN380440.1	13	11	split_2	51399	33650	traI traK traL traM traN traO traP traQ traU traW traY
NZ_MN419430.1	16	16	contiguous	28360	5167	traE traI traK traL traM traN traO traP traQ traT traU traV traW traY trbA trbB
NZ_MN419431.1	16	16	contiguous	31960	8735	traE traI traK traL traM traN traO traP traQ traT traU traV traW traY trbA trbB
NZ_MN419432.1	16	16	split_2	101627	74249	traE traI traK traL traM traN traO traP traQ traT traU traV traW traY trbA trbB
NZ_MN419433.1	16	16	contiguous	28360	5167	traE traI traK traL traM traN traO traP traQ traT traU traV traW traY trbA trbB
NZ_MN419434.1	16	16	contiguous	28606	4787	traE traI traK traL traM traN traO traP traQ traT traU traV traW traY trbA trbB
NZ_MN419435.1	16	16	split_2	85329	60928	traE traI traK traL traM traN traO traP traQ traT traU traV traW traY trbA trbB
NZ_MN419436.1	16	16	contiguous	28360	5167	traE traI traK traL traM traN traO traP traQ traT traU traV traW traY trbA trbB
NZ_MN419437.1	16	16	contiguous	28360	5167	traE traI traK traL traM traN traO traP traQ traT traU traV traW traY trbA trbB
NZ_MN419438.1	16	16	split_2	111987	86980	traE traI traK traL traM traN traO traP traQ traT traU traV traW traY trbA trbB
NZ_MN480462.1	16	16	contiguous	35947	8660	traE traI traK traL traM traN traO traP traQ traT traU traV traW traY trbA trbB
NZ_MN540570.1	16	16	contiguous	28608	4788	traE traI traK traL traM traN traO traP traQ traT traU traV traW traY trbA trbB
NZ_MN548042.1	16	16	contiguous	29292	4891	traE traI traK traL traM traN traO traP traQ traT traU traV traW traY trbA trbB
NZ_MN612051.1	16	16	contiguous	33100	9691	traE traI traK traL traM traN traO traP traQ traT traU traV traW traY trbA trbB
NZ_MN626603.1	13	11	split_2	49175	29440	traI traK traL traM traN traO traP traQ traU traW traY
NZ_MN651559.1	16	16	contiguous	28591	4788	traE traI traK traL traM traN traO traP traQ traT traU traV traW traY trbA trbB
NZ_MN688131.1	13	13	contiguous	21023	4119	traI traK traL traM traN traO traP traQ traU traW traY trbA trbB
NZ_MN702386.1	16	16	contiguous	29736	5335	traE traI traK traL traM traN traO traP traQ traT traU traV traW traY trbA trbB
NZ_MN792917.1	13	13	contiguous	21023	4119	traI traK traL traM traN traO traP traQ traU traW traY trbA trbB
NZ_MN792918.1	13	11	contiguous	25901	7981	traI traK traL traM traN traO traP traQ traU traW traY
NZ_MN816371.1	16	16	contiguous	28884	4788	traE traI traK traL traM traN traO traP traQ traT traU traV traW traY trbA trbB
NZ_MN913380.1	13	11	contiguous	26564	6736	traI traK traL traM traN traO traP traQ traU traW traY
NZ_MN913381.1	13	11	contiguous	26036	7981	traI traK traL traM traN traO traP traQ traU traW traY
NZ_MN915010.1	16	16	contiguous	30103	5702	traE traI traK traL traM traN traO traP traQ traT traU traV traW traY trbA trbB
NZ_MN915012.1	16	16	contiguous	30098	5702	traE traI traK traL traM traN traO traP traQ traT traU traV traW traY trbA trbB
NZ_MN915013.1	16	16	contiguous	30103	5702	traE traI traK traL traM traN traO traP traQ traT traU traV traW traY trbA trbB
NZ_MN961671.1	11	7	split_3	155664	71901	traM traN traO traP traQ traU traY
NZ_MN961672.1	11	7	split_2	103678	57740	traM traN traO traP traQ traU traY
NZ_MT035876.1	13	13	contiguous	20842	3731	traI traK traL traM traN traO traP traQ traU traW traY trbA trbB
NZ_MT039141.1	13	13	contiguous	21141	4185	traI traK traL traM traN traO traP traQ traU traW traY trbA trbB
NZ_MT039142.1	13	13	contiguous	21312	4216	traI traK traL traM traN traO traP traQ traU traW traY trbA trbB
NZ_MT039144.1	13	13	contiguous	21141	4185	traI traK traL traM traN traO traP traQ traU traW traY trbA trbB
NZ_MT039146.1	13	13	contiguous	21141	4185	traI traK traL traM traN traO traP traQ traU traW traY trbA trbB
NZ_MT039147.1	13	13	contiguous	20994	4182	traI traK traL traM traN traO traP traQ traU traW traY trbA trbB
NZ_MT039148.1	13	13	contiguous	21140	4185	traI traK traL traM traN traO traP traQ traU traW traY trbA trbB
NZ_MT039149.1	13	13	contiguous	37114	16059	traI traK traL traM traN traO traP traQ traU traY trbA trbB traW
NZ_MT039151.1	13	13	contiguous	21141	4185	traI traK traL traM traN traO traP traQ traU traW traY trbA trbB
NZ_MT039152.1	13	13	split_2	70131	52589	traI traK traL traM traN traO traP traQ traU traW traY trbA trbB
NZ_MT039155.1	13	13	contiguous	21141	4185	traI traK traL traM traN traO traP traQ traU traW traY trbA trbB
NZ_MT039156.1	13	13	contiguous	21141	4185	traI traK traL traM traN traO traP traQ traU traW traY trbA trbB
NZ_MT039160.1	13	13	contiguous	21141	4185	traI traK traL traM traN traO traP traQ traU traW traY trbA trbB
NZ_MT039162.1	13	13	contiguous	21141	4185	traI traK traL traM traN traO traP traQ traU traW traY trbA trbB
NZ_MT039164.1	13	13	split_2	147798	129017	traI traK traL traM traN traO traP traQ traU traW traY trbA trbB
NZ_MT039165.1	13	13	contiguous	21141	4186	traI traK traL traM traN traO traP traQ traU traW traY trbA trbB
NZ_MT039169.1	13	13	contiguous	21051	3684	traI traK traL traM traN traO traP traQ traU traW traY trbA trbB
NZ_MT039170.1	13	13	contiguous	21138	4185	traI traK traL traM traN traO traP traQ traU traW traY trbA trbB
NZ_MT039171.1	13	13	contiguous	21132	4186	traI traK traL traM traN traO traP traQ traU traW traY trbA trbB
NZ_MT039172.1	13	13	contiguous	21138	4185	traI traK traL traM traN traO traP traQ traU traW traY trbA trbB
NZ_MT039173.1	13	13	contiguous	21156	4186	traI traK traL traM traN traO traP traQ traU traW traY trbA trbB
NZ_MT039174.1	13	13	contiguous	21129	4186	traI traK traL traM traN traO traP traQ traU traW traY trbA trbB
NZ_MT039175.1	13	13	contiguous	21129	4186	traI traK traL traM traN traO traP traQ traU traW traY trbA trbB
NZ_MT039176.1	13	13	contiguous	21128	4186	traI traK traL traM traN traO traP traQ traU traW traY trbA trbB
NZ_MT039178.1	13	13	contiguous	21142	4185	traI traK traL traM traN traO traP traQ traU traW traY trbA trbB
NZ_MT039179.1	13	13	contiguous	21130	4186	traI traK traL traM traN traO traP traQ traU traW traY trbA trbB
NZ_MT039180.1	13	13	contiguous	21140	4184	traI traK traL traM traN traO traP traQ traU traW traY trbA trbB
NZ_MT039181.1	13	13	contiguous	21156	4186	traI traK traL traM traN traO traP traQ traU traW traY trbA trbB
NZ_MT039182.1	12	12	contiguous	19749	3690	traI traK traL traM traN traO traP traQ traU traW traY trbA
NZ_MT039183.1	13	13	contiguous	21141	4185	traI traK traL traM traN traO traP traQ traU traW traY trbA trbB
NZ_MT039184.1	13	13	contiguous	21129	4186	traI traK traL traM traN traO traP traQ traU traW traY trbA trbB
NZ_MT039186.1	13	13	contiguous	21156	4186	traI traK traL traM traN traO traP traQ traU traW traY trbA trbB
NZ_MT039187.1	13	13	contiguous	22337	4186	traI traK traL traM traN traO traP traQ traU traW traY trbA trbB
NZ_MT039189.1	13	13	contiguous	21129	4186	traI traK traL traM traN traO traP traQ traU traW traY trbA trbB
NZ_MT039193.1	13	13	contiguous	21128	4186	traI traK traL traM traN traO traP traQ traU traW traY trbA trbB
NZ_MT039194.1	13	13	contiguous	21156	4186	traI traK traL traM traN traO traP traQ traU traW traY trbA trbB
NZ_MT039195.1	13	13	contiguous	21156	4186	traI traK traL traM traN traO traP traQ traU traW traY trbA trbB
NZ_MT039196.1	13	13	contiguous	21151	4187	traI traK traL traM traN traO traP traQ traU traW traY trbA trbB
NZ_MT039197.1	13	13	contiguous	21129	4186	traI traK traL traM traN traO traP traQ traU traW traY trbA trbB
NZ_MT039198.1	5	5	contiguous	7157	2765	traU traW traY trbA trbB
NZ_MT039199.1	13	13	contiguous	21129	4186	traI traK traL traM traN traO traP traQ traU traW traY trbA trbB
NZ_MT039200.1	13	13	contiguous	21129	4186	traI traK traL traM traN traO traP traQ traU traW traY trbA trbB
NZ_MT039202.1	13	13	contiguous	21138	4185	traI traK traL traM traN traO traP traQ traU traW traY trbA trbB
NZ_MT039203.1	13	13	contiguous	21142	4185	traI traK traL traM traN traO traP traQ traU traW traY trbA trbB
NZ_MT039205.1	13	13	contiguous	21156	4186	traI traK traL traM traN traO traP traQ traU traW traY trbA trbB
NZ_MT039206.1	13	13	contiguous	21142	4185	traI traK traL traM traN traO traP traQ traU traW traY trbA trbB
NZ_MT039207.1	13	13	split_2	76830	58564	traI traK traL traM traN traO traP traQ traU traW traY trbA trbB
NZ_MT039208.1	13	13	contiguous	21142	4185	traI traK traL traM traN traO traP traQ traU traW traY trbA trbB
NZ_MT039209.1	13	13	contiguous	21129	4186	traI traK traL traM traN traO traP traQ traU traW traY trbA trbB
NZ_MT039210.1	13	13	contiguous	21138	4185	traI traK traL traM traN traO traP traQ traU traW traY trbA trbB
NZ_MT039211.1	13	13	contiguous	21297	4216	traI traK traL traM traN traO traP traQ traU traW traY trbA trbB
NZ_MT039212.1	13	13	contiguous	21129	4186	traI traK traL traM traN traO traP traQ traU traW traY trbA trbB
NZ_MT039215.1	13	13	contiguous	21127	4185	traI traK traL traM traN traO traP traQ traU traW traY trbA trbB
NZ_MT039216.1	13	13	contiguous	21142	4186	traI traK traL traM traN traO traP traQ traU traW traY trbA trbB
NZ_MT039218.1	13	13	contiguous	21104	4186	traI traK traL traM traN traO traP traQ traU traW traY trbA trbB
NZ_MT039220.1	13	13	contiguous	21297	4216	traI traK traL traM traN traO traP traQ traU traW traY trbA trbB
NZ_MT039222.1	13	13	contiguous	21156	4186	traI traK traL traM traN traO traP traQ traU traW traY trbA trbB
NZ_MT074087.1	13	8	split_2	79671	46572	traM traN traO traP traQ traU traW traY
NZ_MT090960.1	13	13	split_2	83026	63857	traI traK traL traM traN traO traP traQ traU traW traY trbA trbB
NZ_MT158479.1	16	16	contiguous	28608	4788	traE traI traK traL traM traN traO traP traQ traT traU traV traW traY trbA trbB
NZ_MT158481.1	16	16	contiguous	28732	4788	traE traI traK traL traM traN traO traP traQ traT traU traV traW traY trbA trbB
NZ_MT193824.1	13	11	contiguous	26074	7965	traI traK traL traM traN traO traP traQ traU traW traY
NZ_MT265678.1	13	11	contiguous	25816	7962	traI traK traL traM traN traO traP traQ traU traW traY
NZ_MT415054.1	13	13	contiguous	20750	3641	traI traK traL traM traN traO traP traQ traU traW traY trbA trbB
NZ_MT415055.1	13	13	contiguous	20750	3641	traI traK traL traM traN traO traP traQ traU traW traY trbA trbB
NZ_MT415056.1	13	13	contiguous	20750	3641	traI traK traL traM traN traO traP traQ traU traW traY trbA trbB
NZ_MT441554.1	13	11	split_2	57518	39463	traI traK traL traM traN traO traP traQ traU traW traY
NZ_MT468651.1	16	16	contiguous	28361	5167	traE traI traK traL traM traN traO traP traQ traT traU traV traW traY trbA trbB
NZ_MT507877.1	16	16	contiguous	28558	4788	traE traI traK traL traM traN traO traP traQ traT traU traV traW traY trbA trbB
NZ_MT507879.1	16	16	contiguous	28558	4788	traE traI traK traL traM traN traO traP traQ traT traU traV traW traY trbA trbB
NZ_MT507880.1	16	16	contiguous	28558	4788	traE traI traK traL traM traN traO traP traQ traT traU traV traW traY trbA trbB
NZ_MT550691.1	13	13	contiguous	20842	3731	traI traK traL traM traN traO traP traQ traU traW traY trbA trbB
NZ_MT554517.1	16	16	contiguous	31078	6677	traE traI traK traL traM traN traO traP traQ traT traU traV traW traY trbA trbB
NZ_MT560065.1	13	11	split_2	53954	35977	traI traK traL traM traN traO traP traQ traU traW traY
NZ_MT707656.1	16	16	contiguous	35169	8113	traE traI traK traL traM traN traO traP traQ traT traU traV traW traY trbA trbB
NZ_MT725450.1	16	16	contiguous	35124	8113	traE traI traK traL traM traN traO traP traQ traT traU traV traW traY trbA trbB
NZ_MT742180.1	7	5	split_2	89006	57324	traM traN traU traW traY
NZ_MT742181.1	6	5	split_3	238324	199614	traM traN traU traW traY
NZ_MT742182.1	7	5	split_2	57939	26030	traM traN traU traW traY
NZ_MT742183.1	7	5	split_2	231405	199900	traM traN traU traW traY
NZ_MT771289.1	6	5	split_2	139844	95762	traM traN traU traW traY
NZ_MT989343.1	13	11	split_2	55608	37553	traI traK traL traM traN traO traP traQ traU traW traY
NZ_MT989344.1	13	11	split_2	55608	37553	traI traK traL traM traN traO traP traQ traU traW traY
NZ_MT989345.1	13	11	split_2	55588	37533	traI traK traL traM traN traO traP traQ traU traW traY
NZ_MT989346.1	13	11	split_2	57319	39264	traI traK traL traM traN traO traP traQ traU traW traY
NZ_MT989347.1	13	11	split_2	57517	39462	traI traK traL traM traN traO traP traQ traU traW traY
NZ_MT989348.1	13	11	split_2	57518	39463	traI traK traL traM traN traO traP traQ traU traW traY
NZ_MT989349.1	13	11	split_2	45542	27577	traI traK traL traM traN traO traP traQ traU traW traY
NZ_MW025960.1	14	14	contiguous	32325	8355	traE traI traK traL traM traN traO traP traQ traU traW traY trbA trbB
NZ_MW025961.1	14	14	contiguous	31941	9306	traE traI traK traL traM traN traO traP traQ traU traW traY trbA trbB
NZ_MW025962.1	16	16	contiguous	28418	4788	traE traI traK traL traM traN traO traP traQ traT traU traV traW traY trbA trbB
NZ_MW052847.1	16	16	split_2	95387	68146	traE traI traK traL traM traN traO traP traQ traT traU traV traW traY trbA trbB
NZ_MW052848.1	16	16	contiguous	30841	6440	traE traI traK traL traM traN traO traP traQ traT traU traV traW traY trbA trbB
NZ_MW052849.1	16	16	contiguous	30841	6440	traE traI traK traL traM traN traO traP traQ traT traU traV traW traY trbA trbB
NZ_MW077910.1	16	16	contiguous	29919	5520	traE traI traK traL traM traN traO traP traQ traT traU traV traW traY trbA trbB
NZ_MW077915.1	16	16	contiguous	32576	8175	traE traI traK traL traM traN traO traP traQ traT traU traV traW traY trbA trbB
NZ_MW245020.1	13	11	split_2	89198	71143	traI traK traL traM traN traO traP traQ traU traW traY
NZ_MW298659.1	16	16	contiguous	33911	7422	traE traI traK traL traM traN traO traP traQ traT traU traV traW traY trbA trbB
NZ_MW390513.1	16	16	contiguous	31250	4787	traE traI traK traL traM traN traO traP traQ traT traU traV traW traY trbA trbB
NZ_MW390515.1	16	16	contiguous	28606	4788	traE traI traK traL traM traN traO traP traQ traT traU traV traW traY trbA trbB
NZ_MW390523.1	16	16	contiguous	35097	8113	traE traI traK traL traM traN traO traP traQ traT traU traV traW traY trbA trbB
NZ_MW390527.1	16	16	contiguous	30841	6440	traE traI traK traL traM traN traO traP traQ traT traU traV traW traY trbA trbB
NZ_MW390535.1	16	16	contiguous	28881	4787	traE traI traK traL traM traN traO traP traQ traT traU traV traW traY trbA trbB
NZ_MW390545.1	16	16	split_2	112621	84209	traE traI traK traL traM traN traO traP traQ traT traU traV traW traY trbA trbB
NZ_MW396864.1	16	16	contiguous	33404	10011	traE traI traK traL traM traN traO traP traQ traT traU traV traW traY trbA trbB
NZ_MW567497.1	16	16	contiguous	28551	4788	traE traI traK traL traM traN traO traP traQ traT traU traV traW traY trbA trbB
NZ_MW567498.1	16	16	contiguous	28404	4641	traE traI traK traL traM traN traO traP traQ traT traU traV traW traY trbA trbB
NZ_MW590592.1	16	16	contiguous	30103	5702	traE traI traK traL traM traN traO traP traQ traT traU traV traW traY trbA trbB
NZ_MW598232.1	16	16	contiguous	30103	5702	traE traI traK traL traM traN traO traP traQ traT traU traV traW traY trbA trbB
NZ_MW598238.1	16	16	contiguous	30103	5702	traE traI traK traL traM traN traO traP traQ traT traU traV traW traY trbA trbB
NZ_MW598239.1	16	16	contiguous	30103	5702	traE traI traK traL traM traN traO traP traQ traT traU traV traW traY trbA trbB
NZ_MW598241.1	16	16	contiguous	29857	6662	traE traI traK traL traM traN traO traP traQ traT traU traV traW traY trbA trbB
NZ_MW598244.1	16	16	contiguous	30103	5702	traE traI traK traL traM traN traO traP traQ traT traU traV traW traY trbA trbB
NZ_MW598246.1	16	16	contiguous	30103	5702	traE traI traK traL traM traN traO traP traQ traT traU traV traW traY trbA trbB
NZ_MW646305.1	16	16	contiguous	30037	5639	traE traI traK traL traM traN traO traP traQ traT traU traV traW traY trbA trbB
NZ_MW651978.1	16	16	contiguous	28607	4788	traE traI traK traL traM traN traO traP traQ traT traU traV traW traY trbA trbB
NZ_MW655523.1	16	16	contiguous	29899	5498	traE traI traK traL traM traN traO traP traQ traT traU traV traW traY trbA trbB
NZ_MW655526.1	16	16	contiguous	28682	4788	traE traI traK traL traM traN traO traP traQ traT traU traV traW traY trbA trbB
NZ_MW800639.1	16	16	contiguous	30841	6440	traE traI traK traL traM traN traO traP traQ traT traU traV traW traY trbA trbB
NZ_MW800640.1	16	16	contiguous	34725	7447	traE traI traK traL traM traN traO traP traQ traT traU traV traW traY trbA trbB
NZ_MW800641.1	16	16	contiguous	28636	5441	traE traI traK traL traM traN traO traP traQ traT traU traV traW traY trbA trbB
NZ_MW836073.1	14	14	contiguous	23312	4788	traE traI traK traL traM traN traO traP traQ traT traU traV traW traY
NZ_MW881230.1	16	16	contiguous	33070	8489	traE traI traK traL traM traN traO traP traQ traT traU traV traW traY trbA trbB
NZ_MW881231.1	16	16	contiguous	29379	4788	traE traI traK traL traM traN traO traP traQ traT traU traV traW traY trbA trbB
NZ_MW881232.1	16	16	contiguous	29224	4788	traE traI traK traL traM traN traO traP traQ traT traU traV traW traY trbA trbB
NZ_MW940621.1	13	13	contiguous	21115	4121	traI traK traL traM traN traO traP traQ traU traW traY trbA trbB
NZ_MW978788.1	16	16	contiguous	28342	5167	traE traI traK traL traM traN traO traP traQ traT traU traV traW traY trbA trbB
NZ_MW978789.1	16	16	contiguous	27671	5756	traE traI traK traL traM traN traO traP traQ traT traU traV traW traY trbA trbB
NZ_MZ062604.1	16	16	contiguous	31349	7260	traE traI traK traL traM traN traO traP traQ traT traU traV traW traY trbA trbB
NZ_MZ152086.1	16	16	contiguous	29782	6590	traE traI traK traL traM traN traO traP traQ traT traU traV traW traY trbA trbB
NZ_MZ359668.1	13	11	split_2	60789	42725	traI traK traL traM traN traO traP traQ traU traW traY
NZ_MZ359669.1	13	11	split_2	60564	42725	traI traK traL traM traN traO traP traQ traU traW traY
NZ_MZ750393.1	13	13	contiguous	21023	4119	traI traK traL traM traN traO traP traQ traU traW traY trbA trbB
NZ_MZ750395.1	13	13	contiguous	21023	4119	traI traK traL traM traN traO traP traQ traU traW traY trbA trbB
NZ_MZ836801.1	16	16	contiguous	31475	7076	traE traI traK traL traM traN traO traP traQ traT traU traV traW traY trbA trbB
NZ_OK148596.1	13	11	split_2	63157	45183	traI traK traL traM traN traO traP traQ traU traW traY
NZ_OK247584.1	13	11	split_2	71158	53184	traI traK traL traM traN traO traP traQ traU traW traY
NZ_OK247585.1	13	11	split_2	67280	49306	traI traK traL traM traN traO traP traQ traU traW traY
NZ_OK247586.1	13	11	split_2	70496	52522	traI traK traL traM traN traO traP traQ traU traW traY
NZ_OK247587.1	13	11	split_2	60288	42269	traI traK traL traM traN traO traP traQ traU traW traY
NZ_OL468819.1	10	6	split_2	98747	56963	traM traN traO traP traU traY
NZ_OL689363.1	16	16	split_2	103895	78888	traE traI traK traL traM traN traO traP traQ traT traU traV traW traY trbA trbB
NZ_OL988823.1	13	13	contiguous	25842	5618	traE traI traK traM traN traO traP traQ traU traW traY trbA trbB
NZ_OM001474.1	16	16	contiguous	29857	6662	traE traI traK traL traM traN traO traP traQ traT traU traV traW traY trbA trbB
NZ_OM001475.1	16	16	contiguous	29857	6662	traE traI traK traL traM traN traO traP traQ traT traU traV traW traY trbA trbB
NZ_OM001480.1	16	16	contiguous	30103	5702	traE traI traK traL traM traN traO traP traQ traT traU traV traW traY trbA trbB
NZ_OM046572.1	7	5	split_2	75895	44469	traM traN traU traW traY
NZ_OM048933.1	16	16	contiguous	31439	7038	traE traI traK traL traM traN traO traP traQ traT traU traV traW traY trbA trbB
NZ_OM105938.1	16	16	contiguous	28360	5167	traE traI traK traL traM traN traO traP traQ traT traU traV traW traY trbA trbB
NZ_OM105939.1	16	16	contiguous	28360	5167	traE traI traK traL traM traN traO traP traQ traT traU traV traW traY trbA trbB
NZ_OM142894.1	16	16	contiguous	28360	5167	traE traI traK traL traM traN traO traP traQ traT traU traV traW traY trbA trbB
NZ_OM506550.1	15	15	contiguous	25513	4864	traE traI traK traL traM traN traO traP traQ traU traV traW traY trbA trbB
NZ_ON081618.1	13	11	split_2	55636	37581	traI traK traL traM traN traO traP traQ traU traW traY
NZ_ON146839.1	12	12	split_2	53969	33648	traI traK traL traM traO traP traQ traU traW traY trbA trbB
NZ_ON261190.1	13	11	split_2	61150	43185	traI traK traL traM traN traO traP traQ traU traW traY
NZ_ON324204.1	16	16	contiguous	35968	8660	traE traI traK traL traM traN traO traP traQ traT traU traV traW traY trbA trbB
NZ_ON461900.1	16	16	contiguous	31811	8402	traE traI traK traL traM traN traO traP traQ traT traU traV traW traY trbA trbB
NZ_ON461902.1	16	16	contiguous	34132	9731	traE traI traK traL traM traN traO traP traQ traT traU traV traW traY trbA trbB
NZ_ON556675.1	16	16	contiguous	32827	10570	traE traI traK traL traM traN traO traP traQ traT traU traV traW traY trbA trbB
NZ_OP038269.1	16	16	contiguous	31758	8349	traE traI traK traL traM traN traO traP traQ traT traU traV traW traY trbA trbB
NZ_OP038271.1	16	16	contiguous	30271	6862	traE traI traK traL traM traN traO traP traQ traT traU traV traW traY trbA trbB
NZ_OP038272.1	16	16	contiguous	31758	8349	traE traI traK traL traM traN traO traP traQ traT traU traV traW traY trbA trbB
NZ_OP038275.1	16	16	contiguous	30051	5650	traE traI traK traL traM traN traO traP traQ traT traU traV traW traY trbA trbB
NZ_OP038276.1	16	16	contiguous	32229	8814	traE traI traK traL traM traN traO traP traQ traT traU traV traW traY trbA trbB
NZ_OP038281.1	16	16	contiguous	30002	5604	traE traI traK traL traM traN traO traP traQ traT traU traV traW traY trbA trbB
NZ_OP038292.1	16	16	contiguous	29811	5413	traE traI traK traL traM traN traO traP traQ traT traU traV traW traY trbA trbB
NZ_OP038300.1	16	16	contiguous	30000	5604	traE traI traK traL traM traN traO traP traQ traT traU traV traW traY trbA trbB
NZ_OP168824.1	16	16	contiguous	30103	5702	traE traI traK traL traM traN traO traP traQ traT traU traV traW traY trbA trbB
NZ_OP290546.1	16	16	contiguous	28418	4788	traE traI traK traL traM traN traO traP traQ traT traU traV traW traY trbA trbB
NZ_OP378609.1	16	16	contiguous	28608	4788	traE traI traK traL traM traN traO traP traQ traT traU traV traW traY trbA trbB
NZ_OP378611.1	16	16	contiguous	31788	8373	traE traI traK traL traM traN traO traP traQ traT traU traV traW traY trbA trbB
NZ_OP378622.1	16	16	contiguous	30088	5688	traE traI traK traL traM traN traO traP traQ traT traU traV traW traY trbA trbB
NZ_OP378630.1	16	16	contiguous	28609	4788	traE traI traK traL traM traN traO traP traQ traT traU traV traW traY trbA trbB
NZ_OP378636.1	13	13	split_2	75571	58274	traI traK traL traM traN traO traP traQ traU traW traY trbA trbB
NZ_OP484953.1	11	9	split_2	57752	21915	traM traN traO traP traQ traU traY trbA traW
NZ_OP927721.1	16	10	split_2	150053	121390	traO traP traQ traT traU traV traW traY trbA trbB
NZ_OQ127402.1	13	11	split_2	55694	37639	traI traK traL traM traN traO traP traQ traU traW traY
NZ_OQ230385.1	16	16	split_2	94332	72337	traE traI traK traL traM traN traO traP traQ traT traU traV traW traY trbA trbB
NZ_OQ230387.1	15	15	split_2	100849	70766	traE traK traL traM traN traO traP traQ traT traU traV traW traY trbA trbB
NZ_OQ230390.1	15	15	contiguous	26572	5639	traI traK traL traM traN traO traP traQ traT traU traV traW traY trbA trbB
NZ_OQ401019.1	13	13	contiguous	24237	4429	traI traK traL traM traN traO traP traQ traU traW traY trbA trbB
NZ_OQ401020.1	16	16	contiguous	28896	4788	traE traI traK traL traM traN traO traP traQ traT traU traV traW traY trbA trbB
NZ_OQ401028.1	16	16	contiguous	28362	5167	traE traI traK traL traM traN traO traP traQ traT traU traV traW traY trbA trbB
NZ_OQ420464.1	16	16	contiguous	29042	4788	traE traI traK traL traM traN traO traP traQ traT traU traV traW traY trbA trbB
NZ_OQ420465.1	16	16	contiguous	42204	18538	traE traI traK traL traM traN traO traP traQ traT traU traV traW traY trbA trbB
NZ_OQ420467.1	16	16	contiguous	28606	4788	traE traI traK traL traM traN traO traP traQ traT traU traV traW traY trbA trbB
NZ_OQ420470.1	16	16	contiguous	28558	4788	traE traI traK traL traM traN traO traP traQ traT traU traV traW traY trbA trbB
NZ_OQ420475.1	16	16	contiguous	30103	5702	traE traI traK traL traM traN traO traP traQ traT traU traV traW traY trbA trbB
NZ_OQ423477.1	16	16	contiguous	30038	5639	traE traI traK traL traM traN traO traP traQ traT traU traV traW traY trbA trbB
NZ_OQ423481.1	16	16	contiguous	29794	6599	traE traI traK traL traM traN traO traP traQ traT traU traV traW traY trbA trbB
NZ_OQ534115.1	16	16	contiguous	28606	4788	traE traI traK traL traM traN traO traP traQ traT traU traV traW traY trbA trbB
NZ_OQ534116.1	16	16	contiguous	29930	5294	traE traI traK traL traM traN traO traP traQ traT traU traV traW traY trbA trbB
NZ_OQ534117.1	16	16	contiguous	31214	6572	traE traI traK traL traM traN traO traP traQ traT traU traV traW traY trbA trbB
NZ_OQ534118.1	16	16	contiguous	31214	6572	traE traI traK traL traM traN traO traP traQ traT traU traV traW traY trbA trbB
NZ_OQ534119.1	16	16	contiguous	33440	8792	traE traI traK traL traM traN traO traP traQ traT traU traV traW traY trbA trbB
NZ_OQ658192.1	16	16	contiguous	28606	4787	traE traI traK traL traM traN traO traP traQ traT traU traV traW traY trbA trbB
NZ_OQ683450.1	16	16	contiguous	28616	4788	traE traI traK traL traM traN traO traP traQ traT traU traV traW traY trbA trbB
NZ_OQ747076.1	16	16	contiguous	28606	4787	traE traI traK traL traM traN traO traP traQ traT traU traV traW traY trbA trbB
NZ_OQ801413.1	13	13	split_2	300630	281404	traI traK traL traM traN traO traP traQ traU traW traY trbA trbB
NZ_OQ803523.1	13	11	contiguous	26474	6736	traI traK traL traM traN traO traP traQ traU traW traY
NZ_OQ821027.1	13	11	split_2	58673	40696	traI traK traL traM traN traO traP traQ traU traW traY
NZ_OQ821057.1	13	11	split_2	101808	83834	traI traK traL traM traN traO traP traQ traU traW traY
NZ_OQ821068.1	13	11	split_2	101808	83834	traI traK traL traM traN traO traP traQ traU traW traY
NZ_OQ821069.1	13	11	split_2	101808	83834	traI traK traL traM traN traO traP traQ traU traW traY
NZ_OQ821070.1	13	11	split_2	96087	78113	traI traK traL traM traN traO traP traQ traU traW traY
NZ_OQ821075.1	13	11	split_2	58673	40696	traI traK traL traM traN traO traP traQ traU traW traY
NZ_OQ821077.1	13	11	split_2	58673	40696	traI traK traL traM traN traO traP traQ traU traW traY
NZ_OQ821082.1	13	11	split_2	101808	83834	traI traK traL traM traN traO traP traQ traU traW traY
NZ_OQ821086.1	13	13	split_2	48583	30249	traI traK traL traM traN traO traP traQ traU traW traY trbA trbB
NZ_OQ821087.1	13	11	split_2	101808	83834	traI traK traL traM traN traO traP traQ traU traW traY
NZ_OQ821089.1	13	11	split_2	58673	40696	traI traK traL traM traN traO traP traQ traU traW traY
NZ_OQ821099.1	13	11	split_2	101808	83834	traI traK traL traM traN traO traP traQ traU traW traY
NZ_OQ821108.1	13	11	split_2	101808	83834	traI traK traL traM traN traO traP traQ traU traW traY
NZ_OQ821119.1	13	11	split_2	51586	33477	traI traK traL traM traN traO traP traQ traU traW traY
NZ_OQ821120.1	13	11	split_2	51586	33477	traI traK traL traM traN traO traP traQ traU traW traY
NZ_OQ821122.1	13	11	split_2	51586	33477	traI traK traL traM traN traO traP traQ traU traW traY
NZ_OQ821123.1	13	11	split_2	51586	33477	traI traK traL traM traN traO traP traQ traU traW traY
NZ_OQ821124.1	13	11	split_2	59526	33477	traI traK traL traM traN traO traP traQ traU traW traY
NZ_OQ821125.1	13	11	split_2	51586	33477	traI traK traL traM traN traO traP traQ traU traW traY
NZ_OQ821126.1	13	11	split_2	57585	33477	traI traK traL traM traN traO traP traQ traU traW traY
NZ_OQ821127.1	13	11	split_2	51586	33477	traI traK traL traM traN traO traP traQ traU traW traY
NZ_OQ821128.1	13	11	split_2	51586	33477	traI traK traL traM traN traO traP traQ traU traW traY
NZ_OQ821129.1	13	11	split_2	51586	33477	traI traK traL traM traN traO traP traQ traU traW traY
NZ_OQ821130.1	13	11	split_2	51586	33477	traI traK traL traM traN traO traP traQ traU traW traY
NZ_OQ821131.1	13	11	split_2	51586	33477	traI traK traL traM traN traO traP traQ traU traW traY
NZ_OQ821132.1	13	11	split_2	51586	33477	traI traK traL traM traN traO traP traQ traU traW traY
NZ_OQ821133.1	13	11	split_2	51496	33477	traI traK traL traM traN traO traP traQ traU traW traY
NZ_OQ821134.1	13	11	split_2	51226	33477	traI traK traL traM traN traO traP traQ traU traW traY
NZ_OQ821135.1	13	11	split_2	51226	33477	traI traK traL traM traN traO traP traQ traU traW traY
NZ_OQ821136.1	13	11	split_2	51451	33477	traI traK traL traM traN traO traP traQ traU traW traY
NZ_OQ821137.1	13	11	split_2	51586	33477	traI traK traL traM traN traO traP traQ traU traW traY
NZ_OQ821138.1	13	11	split_2	51226	33477	traI traK traL traM traN traO traP traQ traU traW traY
NZ_OQ821140.1	13	11	split_2	51406	33477	traI traK traL traM traN traO traP traQ traU traW traY
NZ_OQ821141.1	13	11	split_2	51586	33477	traI traK traL traM traN traO traP traQ traU traW traY
NZ_OQ821142.1	13	11	split_2	51586	33477	traI traK traL traM traN traO traP traQ traU traW traY
NZ_OQ821143.1	13	11	split_2	57753	33477	traI traK traL traM traN traO traP traQ traU traW traY
NZ_OQ821145.1	13	11	split_2	51316	33477	traI traK traL traM traN traO traP traQ traU traW traY
NZ_OQ821146.1	13	11	split_2	51406	33477	traI traK traL traM traN traO traP traQ traU traW traY
NZ_OQ821147.1	13	11	split_2	51496	33477	traI traK traL traM traN traO traP traQ traU traW traY
NZ_OQ821149.1	13	11	split_2	51451	33477	traI traK traL traM traN traO traP traQ traU traW traY
NZ_OQ821150.1	13	11	split_2	51496	33477	traI traK traL traM traN traO traP traQ traU traW traY
NZ_OQ821151.1	13	11	split_2	51496	33477	traI traK traL traM traN traO traP traQ traU traW traY
NZ_OQ821152.1	13	11	split_2	51586	33477	traI traK traL traM traN traO traP traQ traU traW traY
NZ_OQ821153.1	13	11	split_2	51586	33477	traI traK traL traM traN traO traP traQ traU traW traY
NZ_OQ821154.1	13	11	split_2	51496	33477	traI traK traL traM traN traO traP traQ traU traW traY
NZ_OQ821156.1	13	11	split_2	51586	33477	traI traK traL traM traN traO traP traQ traU traW traY
NZ_OQ821157.1	13	11	split_2	51494	33478	traI traK traL traM traN traO traP traQ traU traW traY
NZ_OQ821158.1	13	11	split_2	51451	33477	traI traK traL traM traN traO traP traQ traU traW traY
NZ_OQ821159.1	13	11	split_2	51586	33477	traI traK traL traM traN traO traP traQ traU traW traY
NZ_OQ821160.1	13	11	split_2	51451	33477	traI traK traL traM traN traO traP traQ traU traW traY
NZ_OQ821161.1	13	11	split_2	51586	33477	traI traK traL traM traN traO traP traQ traU traW traY
NZ_OQ821162.1	13	11	split_2	51496	33477	traI traK traL traM traN traO traP traQ traU traW traY
NZ_OQ821163.1	12	11	split_2	49818	32670	traI traK traL traM traN traO traP traQ traU traW traY
NZ_OQ821164.1	13	11	split_2	51496	33477	traI traK traL traM traN traO traP traQ traU traW traY
NZ_OQ821165.1	13	11	split_2	51586	33477	traI traK traL traM traN traO traP traQ traU traW traY
NZ_OQ821166.1	13	11	split_2	51586	33477	traI traK traL traM traN traO traP traQ traU traW traY
NZ_OQ821167.1	13	11	split_2	51586	33477	traI traK traL traM traN traO traP traQ traU traW traY
NZ_OQ821168.1	13	11	split_2	51496	33477	traI traK traL traM traN traO traP traQ traU traW traY
NZ_OQ821192.1	13	11	split_2	51496	33477	traI traK traL traM traN traO traP traQ traU traW traY
NZ_OQ821193.1	13	11	split_2	51586	33477	traI traK traL traM traN traO traP traQ traU traW traY
NZ_OQ821197.1	13	11	split_2	51586	33477	traI traK traL traM traN traO traP traQ traU traW traY
NZ_OQ821211.1	13	11	split_2	51586	33477	traI traK traL traM traN traO traP traQ traU traW traY
NZ_OQ920555.1	13	8	split_2	79671	46572	traM traN traO traP traQ traU traW traY
NZ_OR095731.1	6	5	split_2	57508	25645	traM traN traU traW traY
NZ_OR095751.1	16	16	split_2	86890	57402	traE traK traL traM traN traO traP traQ traT traU traV traW traY trbA trbB traI
NZ_OR136512.1	13	11	split_2	53073	35108	traI traK traL traM traN traO traP traQ traU traW traY
NZ_OR237793.1	16	16	contiguous	29809	5412	traE traI traK traL traM traN traO traP traQ traT traU traV traW traY trbA trbB
NZ_OR237795.1	16	16	contiguous	29809	5412	traE traI traK traL traM traN traO traP traQ traT traU traV traW traY trbA trbB
NZ_OR237797.1	16	16	contiguous	30002	5604	traE traI traK traL traM traN traO traP traQ traT traU traV traW traY trbA trbB
NZ_OR237799.1	16	16	contiguous	29809	5412	traE traI traK traL traM traN traO traP traQ traT traU traV traW traY trbA trbB
NZ_OR237801.1	16	16	contiguous	30002	5604	traE traI traK traL traM traN traO traP traQ traT traU traV traW traY trbA trbB
NZ_OR345929.1	11	11	contiguous	11869	3044	traL traM traN traO traP traQ traT traU traV traW traY
NZ_OR492670.1	5	4	split_2	92566	69910	traM traN traU traW
NZ_OR497352.1	13	13	contiguous	20750	3641	traI traK traL traM traN traO traP traQ traU traW traY trbA trbB
NZ_OR506642.1	16	16	contiguous	33900	11646	traE traI traK traL traM traN traO traP traQ traT traU traV traW traY trbA trbB
NZ_OR506644.1	16	16	contiguous	30028	5630	traE traI traK traL traM traN traO traP traQ traT traU traV traW traY trbA trbB
NZ_OR576781.1	5	4	split_2	43547	27376	traM traN traU traW
NZ_OR797031.1	16	16	contiguous	30278	5878	traE traI traK traL traM traN traO traP traQ traT traU traV traW traY trbA trbB
NZ_OR916390.1	16	16	contiguous	35169	8113	traE traI traK traL traM traN traO traP traQ traT traU traV traW traY trbA trbB
NZ_OR916391.1	16	16	contiguous	35169	8113	traE traI traK traL traM traN traO traP traQ traT traU traV traW traY trbA trbB
NZ_OU342709.1	13	11	split_2	68084	50029	traI traK traL traM traN traO traP traQ traU traW traY
NZ_OV049814.1	13	13	contiguous	20750	3641	traI traK traL traM traN traO traP traQ traU traW traY trbA trbB
NZ_OV753637.1	13	11	split_2	50962	32882	traI traK traL traM traN traO traP traQ traU traW traY
NZ_OV753989.1	13	11	split_2	50960	32881	traI traK traL traM traN traO traP traQ traU traW traY
NZ_OV753994.1	13	11	split_2	50957	32881	traI traK traL traM traN traO traP traQ traU traW traY
NZ_OV754000.1	13	11	split_2	50959	32881	traI traK traL traM traN traO traP traQ traU traW traY
NZ_OV754012.1	13	11	split_2	50735	32881	traI traK traL traM traN traO traP traQ traU traW traY
NZ_OW848982.1	16	16	contiguous	28608	4788	traE traI traK traL traM traN traO traP traQ traT traU traV traW traY trbA trbB
NZ_OW849100.1	13	11	split_2	66499	48444	traI traK traL traM traN traO traP traQ traU traW traY
NZ_OW849112.1	13	11	split_2	62105	44050	traI traK traL traM traN traO traP traQ traU traW traY
NZ_OW849156.1	13	11	split_2	60726	42671	traI traK traL traM traN traO traP traQ traU traW traY
NZ_OW849212.1	13	11	split_2	55589	37534	traI traK traL traM traN traO traP traQ traU traW traY
NZ_OW849260.1	13	11	split_2	55589	37534	traI traK traL traM traN traO traP traQ traU traW traY
NZ_OW849472.1	13	11	split_2	55589	37534	traI traK traL traM traN traO traP traQ traU traW traY
NZ_OW849493.1	13	11	split_2	71410	53355	traI traK traL traM traN traO traP traQ traU traW traY
NZ_OW849530.1	13	11	split_2	55589	37534	traI traK traL traM traN traO traP traQ traU traW traY
NZ_OW849779.1	16	16	contiguous	28898	5703	traE traI traK traL traM traN traO traP traQ traT traU traV traW traY trbA trbB
NZ_OW849833.1	16	16	contiguous	28898	5703	traE traI traK traL traM traN traO traP traQ traT traU traV traW traY trbA trbB
NZ_OW849855.1	16	16	contiguous	28898	5703	traE traI traK traL traM traN traO traP traQ traT traU traV traW traY trbA trbB
NZ_OW849859.1	16	16	contiguous	30040	5639	traE traI traK traL traM traN traO traP traQ traT traU traV traW traY trbA trbB
NZ_OW967005.1	13	11	split_2	56793	38774	traI traK traL traM traN traO traP traQ traU traW traY
NZ_OW967006.1	13	11	split_2	55608	37553	traI traK traL traM traN traO traP traQ traU traW traY
NZ_OW967179.1	13	11	split_2	55608	37553	traI traK traL traM traN traO traP traQ traU traW traY
NZ_OW967376.1	13	11	split_2	60864	42809	traI traK traL traM traN traO traP traQ traU traW traY
NZ_OW967797.1	13	11	split_2	55608	37553	traI traK traL traM traN traO traP traQ traU traW traY
NZ_OW967831.1	13	11	split_2	55589	37534	traI traK traL traM traN traO traP traQ traU traW traY
NZ_OW967879.1	13	11	split_2	57518	39463	traI traK traL traM traN traO traP traQ traU traW traY
NZ_OW967954.1	13	11	split_2	55608	37553	traI traK traL traM traN traO traP traQ traU traW traY
NZ_OW967977.1	16	16	contiguous	30103	5702	traE traI traK traL traM traN traO traP traQ traT traU traV traW traY trbA trbB
NZ_OW967978.1	13	11	split_2	55608	37553	traI traK traL traM traN traO traP traQ traU traW traY
NZ_OW968013.1	13	11	split_2	57518	39463	traI traK traL traM traN traO traP traQ traU traW traY
NZ_OW968017.1	13	11	split_2	55589	37534	traI traK traL traM traN traO traP traQ traU traW traY
NZ_OW968113.1	13	11	split_2	64431	46376	traI traK traL traM traN traO traP traQ traU traW traY
NZ_OW968126.1	16	16	contiguous	30103	5702	traE traI traK traL traM traN traO traP traQ traT traU traV traW traY trbA trbB
NZ_OW968127.1	13	11	split_2	55608	37553	traI traK traL traM traN traO traP traQ traU traW traY
NZ_OW968281.1	13	11	split_2	90228	72173	traI traK traL traM traN traO traP traQ traU traW traY
NZ_OW968290.1	16	16	contiguous	28608	4789	traE traI traK traL traM traN traO traP traQ traT traU traV traW traY trbA trbB
NZ_OW968330.1	13	11	split_2	55608	37553	traI traK traL traM traN traO traP traQ traU traW traY
NZ_OW968348.1	13	11	split_2	90228	72173	traI traK traL traM traN traO traP traQ traU traW traY
NZ_OW969635.1	12	10	split_2	44601	28489	traK traL traM traN traO traP traQ traU traW traY
NZ_OW969662.1	13	11	split_2	56420	38365	traI traK traL traM traN traO traP traQ traU traW traY
NZ_OW969692.1	16	16	contiguous	36172	8777	traE traI traK traL traM traN traO traP traQ traT traU traV traW traY trbA trbB
NZ_OW969693.1	13	11	split_2	57517	39462	traI traK traL traM traN traO traP traQ traU traW traY
NZ_OW969712.1	13	11	split_2	57517	39462	traI traK traL traM traN traO traP traQ traU traW traY
NZ_OW969782.1	13	11	split_2	53849	35794	traI traK traL traM traN traO traP traQ traU traW traY
NZ_OW970358.1	13	13	contiguous	20750	3641	traI traK traL traM traN traO traP traQ traU traW traY trbA trbB
NZ_OW970360.1	13	11	split_2	55608	37553	traI traK traL traM traN traO traP traQ traU traW traY
NZ_OW970366.1	13	13	contiguous	20750	3641	traI traK traL traM traN traO traP traQ traU traW traY trbA trbB
NZ_OW970368.1	13	11	split_2	55608	37553	traI traK traL traM traN traO traP traQ traU traW traY
NZ_OW970414.1	13	13	contiguous	20750	3641	traI traK traL traM traN traO traP traQ traU traW traY trbA trbB
NZ_OW970416.1	13	11	split_2	55608	37553	traI traK traL traM traN traO traP traQ traU traW traY
NZ_OW970423.1	13	13	contiguous	20750	3641	traI traK traL traM traN traO traP traQ traU traW traY trbA trbB
NZ_OW970424.1	13	11	split_2	55608	37553	traI traK traL traM traN traO traP traQ traU traW traY
NZ_OW970437.1	13	13	contiguous	20750	3641	traI traK traL traM traN traO traP traQ traU traW traY trbA trbB
NZ_OW970439.1	13	11	split_2	55608	37553	traI traK traL traM traN traO traP traQ traU traW traY
NZ_OW970453.1	13	13	contiguous	20750	3641	traI traK traL traM traN traO traP traQ traU traW traY trbA trbB
NZ_OW970454.1	13	11	split_2	56385	38330	traI traK traL traM traN traO traP traQ traU traW traY
NZ_OW970479.1	13	13	contiguous	20750	3641	traI traK traL traM traN traO traP traQ traU traW traY trbA trbB
NZ_OW970482.1	11	9	split_2	41714	29290	traL traM traN traO traP traQ traU traW traY
NZ_OW970487.1	13	13	contiguous	20750	3641	traI traK traL traM traN traO traP traQ traU traW traY trbA trbB
NZ_OW970493.1	13	13	contiguous	20750	3641	traI traK traL traM traN traO traP traQ traU traW traY trbA trbB
NZ_OW970495.1	13	11	split_2	55608	37553	traI traK traL traM traN traO traP traQ traU traW traY
NZ_OW970515.1	13	13	contiguous	20750	3641	traI traK traL traM traN traO traP traQ traU traW traY trbA trbB
NZ_OW970518.1	11	9	split_2	41714	29290	traL traM traN traO traP traQ traU traW traY
NZ_OW970531.1	13	13	contiguous	20750	3641	traI traK traL traM traN traO traP traQ traU traW traY trbA trbB
NZ_OW970532.1	13	11	split_2	55608	37553	traI traK traL traM traN traO traP traQ traU traW traY
NZ_OW970541.1	13	13	contiguous	20750	3641	traI traK traL traM traN traO traP traQ traU traW traY trbA trbB
NZ_OW970543.1	13	11	split_2	55608	37553	traI traK traL traM traN traO traP traQ traU traW traY
NZ_OW970554.1	13	13	contiguous	20750	3641	traI traK traL traM traN traO traP traQ traU traW traY trbA trbB
NZ_OW970556.1	13	11	split_2	55608	37553	traI traK traL traM traN traO traP traQ traU traW traY
NZ_OW970561.1	13	13	contiguous	20750	3641	traI traK traL traM traN traO traP traQ traU traW traY trbA trbB
NZ_OW970563.1	13	11	split_2	55608	37553	traI traK traL traM traN traO traP traQ traU traW traY
NZ_OW995945.1	13	11	split_2	55608	37553	traI traK traL traM traN traO traP traQ traU traW traY
NZ_OX030704.1	13	11	split_2	55589	37534	traI traK traL traM traN traO traP traQ traU traW traY
NZ_OX030730.1	16	16	contiguous	36375	8792	traE traI traK traL traM traN traO traP traQ traT traU traV traW traY trbA trbB
NZ_OX030732.1	13	11	split_2	55608	37553	traI traK traL traM traN traO traP traQ traU traW traY
NZ_OX291475.1	13	13	split_2	93062	75955	traI traK traL traM traN traO traP traQ traU traW traY trbA trbB
NZ_OX291533.1	13	13	contiguous	20984	4184	traI traK traL traM traN traO traP traQ traU traW traY trbA trbB
NZ_OX291725.1	13	13	contiguous	20984	4184	traI traK traL traM traN traO traP traQ traU traW traY trbA trbB
NZ_OX442405.1	16	16	contiguous	29857	6662	traE traI traK traL traM traN traO traP traQ traT traU traV traW traY trbA trbB
NZ_OX458336.1	13	13	contiguous	23959	5101	traI traK traL traM traN traO traP traQ traU traW traY trbA trbB
NZ_OX458337.1	13	13	contiguous	24486	4981	traI traK traL traM traN traO traP traQ traU traW traY trbA trbB
NZ_OX460318.1	16	16	contiguous	28604	4784	traE traI traK traL traM traN traO traP traQ traT traU traV traW traY trbA trbB
NZ_OX460325.1	16	16	contiguous	28604	4784	traE traI traK traL traM traN traO traP traQ traT traU traV traW traY trbA trbB
NZ_OX460328.1	16	16	contiguous	28604	4784	traE traI traK traL traM traN traO traP traQ traT traU traV traW traY trbA trbB
NZ_OX460332.1	16	16	contiguous	28604	4784	traE traI traK traL traM traN traO traP traQ traT traU traV traW traY trbA trbB
NZ_OX460338.1	16	16	contiguous	28604	4784	traE traI traK traL traM traN traO traP traQ traT traU traV traW traY trbA trbB
NZ_OX460964.1	13	13	contiguous	21491	3713	traI traK traL traM traN traO traP traQ traU traW traY trbA trbB
NZ_OY019090.1	16	16	contiguous	31605	6418	traE traI traK traL traM traN traO traP traQ traT traU traV traW traY trbA trbB
NZ_OY754351.1	16	16	contiguous	28605	4785	traE traI traK traL traM traN traO traP traQ traT traU traV traW traY trbA trbB
NZ_OY754354.1	16	16	contiguous	29898	5497	traE traI traK traL traM traN traO traP traQ traT traU traV traW traY trbA trbB
NZ_OY754359.1	16	16	contiguous	31431	7716	traE traI traK traL traM traN traO traP traQ traT traU traV traW traY trbA trbB
NZ_OY754361.1	16	16	contiguous	29942	5543	traE traI traK traL traM traN traO traP traQ traT traU traV traW traY trbA trbB
NZ_OY754395.1	16	16	contiguous	28606	4787	traE traI traK traL traM traN traO traP traQ traT traU traV traW traY trbA trbB
NZ_OY754445.1	16	16	contiguous	28605	4785	traE traI traK traL traM traN traO traP traQ traT traU traV traW traY trbA trbB
NZ_OY754455.1	16	16	contiguous	31312	6914	traE traI traK traL traM traN traO traP traQ traT traU traV traW traY trbA trbB
NZ_OY754840.1	16	16	contiguous	28898	5703	traE traI traK traL traM traN traO traP traQ traT traU traV traW traY trbA trbB
NZ_OY757099.1	16	16	contiguous	29918	4785	traE traI traK traL traM traN traO traP traQ traT traU traV traW traY trbA trbB
NZ_OY757107.1	16	16	contiguous	28606	4787	traE traI traK traL traM traN traO traP traQ traT traU traV traW traY trbA trbB
NZ_OY757114.1	16	16	contiguous	31431	7716	traE traI traK traL traM traN traO traP traQ traT traU traV traW traY trbA trbB
NZ_OY757116.1	16	16	contiguous	29942	5543	traE traI traK traL traM traN traO traP traQ traT traU traV traW traY trbA trbB
NZ_OY757127.1	16	16	contiguous	31431	7716	traE traI traK traL traM traN traO traP traQ traT traU traV traW traY trbA trbB
NZ_OY757129.1	16	16	contiguous	29942	5543	traE traI traK traL traM traN traO traP traQ traT traU traV traW traY trbA trbB
NZ_OY757136.1	16	16	contiguous	28606	4787	traE traI traK traL traM traN traO traP traQ traT traU traV traW traY trbA trbB
NZ_OY839928.1	16	16	contiguous	28605	4785	traE traI traK traL traM traN traO traP traQ traT traU traV traW traY trbA trbB
NZ_OY856301.1	16	16	contiguous	28606	4788	traE traI traK traL traM traN traO traP traQ traT traU traV traW traY trbA trbB
NZ_OY970408.1	13	13	contiguous	21037	3684	traI traK traL traM traN traO traP traQ traU traW traY trbA trbB
NZ_OY970409.1	13	13	contiguous	20980	4184	traI traK traL traM traN traO traP traQ traU traW traY trbA trbB
NZ_OY970412.1	13	13	contiguous	21037	3684	traI traK traL traM traN traO traP traQ traU traW traY trbA trbB
NZ_OY979225.1	12	10	split_2	51183	33651	traI traK traM traN traO traP traQ traU traW traY
NZ_OZ040671.1	16	16	contiguous	28361	5167	traE traI traK traL traM traN traO traP traQ traT traU traV traW traY trbA trbB
NZ_OZ040766.1	16	16	contiguous	31548	6897	traE traI traK traL traM traN traO traP traQ traT traU traV traW traY trbA trbB
NZ_OZ043765.1	16	16	contiguous	39829	14990	traE traI traK traL traM traN traO traP traQ traT traU traV traW traY trbA trbB
OL332707.1	16	16	contiguous	41166	16325	traE traI traK traL traM traN traO traP traQ traT traU traV traW traY trbA trbB
OR790945.1	16	16	contiguous	28606	4787	traE traI traK traL traM traN traO traP traQ traT traU traV traW traY trbA trbB
OR790946.1	16	16	contiguous	28362	5167	traE traI traK traL traM traN traO traP traQ traT traU traV traW traY trbA trbB
OU015327.1	16	16	contiguous	28607	4788	traE traI traK traL traM traN traO traP traQ traT traU traV traW traY trbA trbB
OU015336.1	16	16	contiguous	28607	4788	traE traI traK traL traM traN traO traP traQ traT traU traV traW traY trbA trbB
OW635552.1	13	11	split_2	55608	37553	traI traK traL traM traN traO traP traQ traU traW traY
OW848800.1	13	11	split_2	55589	37534	traI traK traL traM traN traO traP traQ traU traW traY
OW848809.1	13	11	split_2	60494	42439	traI traK traL traM traN traO traP traQ traU traW traY
OW848813.1	11	9	split_2	39538	27114	traL traM traN traO traP traQ traU traW traY
OW848819.1	13	11	split_2	55798	37553	traI traK traL traM traN traO traP traQ traU traW traY
OW848834.1	16	16	contiguous	30517	6116	traE traI traK traL traM traN traO traP traQ traT traU traV traW traY trbA trbB
OW848836.1	13	11	split_2	55608	37553	traI traK traL traM traN traO traP traQ traU traW traY
OW848847.1	13	11	split_2	51825	30101	traI traK traL traM traN traO traP traQ traU traW traY
OW848852.1	13	11	split_2	56385	37553	traI traK traL traM traN traO traP traQ traU traW traY
OW848864.1	13	11	split_2	55608	37553	traI traK traL traM traN traO traP traQ traU traW traY
OW848871.1	13	11	split_2	55798	37553	traI traK traL traM traN traO traP traQ traU traW traY
OW848878.1	16	16	contiguous	28418	4788	traE traI traK traL traM traN traO traP traQ traT traU traV traW traY trbA trbB
OW848882.1	13	11	split_2	55608	37553	traI traK traL traM traN traO traP traQ traU traW traY
OW848889.1	13	11	split_2	55608	37553	traI traK traL traM traN traO traP traQ traU traW traY
OW848895.1	13	11	split_2	55608	37553	traI traK traL traM traN traO traP traQ traU traW traY
OW848903.1	13	11	split_2	55608	37553	traI traK traL traM traN traO traP traQ traU traW traY
OW848967.1	13	11	split_2	57517	39462	traI traK traL traM traN traO traP traQ traU traW traY
OW849001.1	15	15	contiguous	25394	4488	traE traI traK traL traM traN traO traP traQ traU traV traW traY trbA trbB
OW849014.1	13	11	split_2	57517	39462	traI traK traL traM traN traO traP traQ traU traW traY
OW849054.1	13	11	split_2	55608	37553	traI traK traL traM traN traO traP traQ traU traW traY
OW849088.1	13	11	split_2	55608	37553	traI traK traL traM traN traO traP traQ traU traW traY
OW849120.1	13	11	split_2	57518	39463	traI traK traL traM traN traO traP traQ traU traW traY
OW849144.1	13	11	split_2	55589	37534	traI traK traL traM traN traO traP traQ traU traW traY
OW849164.1	13	11	split_2	55589	37534	traI traK traL traM traN traO traP traQ traU traW traY
OW849175.1	13	11	split_2	55589	37534	traI traK traL traM traN traO traP traQ traU traW traY
OW849180.1	15	15	contiguous	25394	4488	traE traI traK traL traM traN traO traP traQ traU traV traW traY trbA trbB
OW849186.1	13	11	split_2	55608	37553	traI traK traL traM traN traO traP traQ traU traW traY
OW849190.1	13	11	split_2	55589	37534	traI traK traL traM traN traO traP traQ traU traW traY
OW849201.1	15	15	contiguous	25097	4488	traE traI traK traL traM traN traO traP traQ traU traV traW traY trbA trbB
OW849206.1	13	11	split_2	57591	39536	traI traK traL traM traN traO traP traQ traU traW traY
OW849223.1	13	11	split_2	55608	37553	traI traK traL traM traN traO traP traQ traU traW traY
OW849228.1	13	11	split_2	55589	37534	traI traK traL traM traN traO traP traQ traU traW traY
OW849237.1	13	11	split_2	57591	39536	traI traK traL traM traN traO traP traQ traU traW traY
OW849241.1	13	11	split_2	58293	40238	traI traK traL traM traN traO traP traQ traU traW traY
OW849246.1	13	11	split_2	55589	37534	traI traK traL traM traN traO traP traQ traU traW traY
OW849252.1	13	11	split_2	55679	37624	traI traK traL traM traN traO traP traQ traU traW traY
OW849264.1	13	11	split_2	70083	52028	traI traK traL traM traN traO traP traQ traU traW traY
OW849267.1	13	11	split_2	55608	37553	traI traK traL traM traN traO traP traQ traU traW traY
OW849274.1	13	11	split_2	55589	37534	traI traK traL traM traN traO traP traQ traU traW traY
OW849279.1	13	11	split_2	55679	37624	traI traK traL traM traN traO traP traQ traU traW traY
OW849285.1	13	11	split_2	55679	37624	traI traK traL traM traN traO traP traQ traU traW traY
OW849291.1	13	11	split_2	55589	37534	traI traK traL traM traN traO traP traQ traU traW traY
OW849299.1	13	11	split_2	55589	37534	traI traK traL traM traN traO traP traQ traU traW traY
OW849308.1	15	15	contiguous	25097	4488	traE traI traK traL traM traN traO traP traQ traU traV traW traY trbA trbB
OW849309.1	12	10	split_2	42857	26745	traK traL traM traN traO traP traQ traU traW traY
OW849328.1	13	11	split_2	55608	37553	traI traK traL traM traN traO traP traQ traU traW traY
OW849337.1	13	11	split_2	55608	37553	traI traK traL traM traN traO traP traQ traU traW traY
OW849347.1	13	11	split_2	55589	37534	traI traK traL traM traN traO traP traQ traU traW traY
OW849353.1	13	11	split_2	55589	37534	traI traK traL traM traN traO traP traQ traU traW traY
OW849359.1	13	11	split_2	55608	37553	traI traK traL traM traN traO traP traQ traU traW traY
OW849362.1	13	11	split_2	55589	37534	traI traK traL traM traN traO traP traQ traU traW traY
OW849368.1	13	11	split_2	57517	39462	traI traK traL traM traN traO traP traQ traU traW traY
OW849371.1	13	11	split_2	55589	37534	traI traK traL traM traN traO traP traQ traU traW traY
OW849376.1	13	11	split_2	57591	39536	traI traK traL traM traN traO traP traQ traU traW traY
OW849383.1	13	11	split_2	55608	37553	traI traK traL traM traN traO traP traQ traU traW traY
OW849390.1	13	11	split_2	55679	37624	traI traK traL traM traN traO traP traQ traU traW traY
OW849397.1	13	11	split_2	55608	37553	traI traK traL traM traN traO traP traQ traU traW traY
OW849407.1	13	11	split_2	55589	37534	traI traK traL traM traN traO traP traQ traU traW traY
OW849423.1	13	11	split_2	55608	37553	traI traK traL traM traN traO traP traQ traU traW traY
OW849430.1	16	16	contiguous	28606	4787	traE traI traK traL traM traN traO traP traQ traT traU traV traW traY trbA trbB
OW849431.1	13	11	split_2	55679	37624	traI traK traL traM traN traO traP traQ traU traW traY
OW849436.1	13	11	split_2	55589	37534	traI traK traL traM traN traO traP traQ traU traW traY
OW849442.1	13	11	split_2	55589	37534	traI traK traL traM traN traO traP traQ traU traW traY
OW849453.1	13	11	split_2	55589	37534	traI traK traL traM traN traO traP traQ traU traW traY
OW849461.1	13	11	split_2	55589	37534	traI traK traL traM traN traO traP traQ traU traW traY
OW849476.1	15	15	contiguous	25394	4488	traE traI traK traL traM traN traO traP traQ traU traV traW traY trbA trbB
OW849482.1	13	11	split_2	57517	39462	traI traK traL traM traN traO traP traQ traU traW traY
OW849485.1	13	11	split_2	65695	47640	traI traK traL traM traN traO traP traQ traU traW traY
OW849490.1	13	11	split_2	57517	39462	traI traK traL traM traN traO traP traQ traU traW traY
OW849500.1	13	11	split_2	57591	39536	traI traK traL traM traN traO traP traQ traU traW traY
OW849509.1	13	11	split_2	55589	37534	traI traK traL traM traN traO traP traQ traU traW traY
OW849513.1	13	11	split_2	55589	37534	traI traK traL traM traN traO traP traQ traU traW traY
OW849519.1	13	11	split_2	57517	39462	traI traK traL traM traN traO traP traQ traU traW traY
OW849524.1	13	11	split_2	55589	37534	traI traK traL traM traN traO traP traQ traU traW traY
OW849534.1	15	15	contiguous	25394	4488	traE traI traK traL traM traN traO traP traQ traU traV traW traY trbA trbB
OW959901.1	13	11	split_2	82305	64106	traI traK traL traM traN traO traP traQ traU traW traY
OW959906.1	13	11	split_2	58293	40238	traI traK traL traM traN traO traP traQ traU traW traY
OW959910.1	13	11	split_2	55608	37553	traI traK traL traM traN traO traP traQ traU traW traY
OW959921.1	13	11	split_2	104393	86194	traI traK traL traM traN traO traP traQ traU traW traY
OW959927.1	13	11	split_2	55608	37553	traI traK traL traM traN traO traP traQ traU traW traY
OW959933.1	13	11	split_2	63588	45533	traI traK traL traM traN traO traP traQ traU traW traY
OW966941.1	13	11	split_2	55608	37553	traI traK traL traM traN traO traP traQ traU traW traY
OW966966.1	13	11	split_2	57517	39462	traI traK traL traM traN traO traP traQ traU traW traY
OW966974.1	11	11	contiguous	17094	3688	traI traK traL traM traN traO traP traQ traU traW traY
OW967016.1	15	15	contiguous	25097	4488	traE traI traK traL traM traN traO traP traQ traU traV traW traY trbA trbB
OW967032.1	13	11	split_2	53848	35793	traI traK traL traM traN traO traP traQ traU traW traY
OW967201.1	13	11	split_2	51288	33233	traI traK traL traM traN traO traP traQ traU traW traY
OW967221.1	13	11	split_2	61594	43539	traI traK traL traM traN traO traP traQ traU traW traY
OW967272.1	13	11	split_2	57517	39462	traI traK traL traM traN traO traP traQ traU traW traY
OW967302.1	13	11	split_2	57517	39462	traI traK traL traM traN traO traP traQ traU traW traY
OW967358.1	13	11	split_2	57517	39462	traI traK traL traM traN traO traP traQ traU traW traY
OW967362.1	13	11	split_2	57517	39462	traI traK traL traM traN traO traP traQ traU traW traY
OW967384.1	13	11	split_2	57517	39462	traI traK traL traM traN traO traP traQ traU traW traY
OW967390.1	13	11	split_2	60864	42809	traI traK traL traM traN traO traP traQ traU traW traY
OW967398.1	13	11	split_2	57517	39462	traI traK traL traM traN traO traP traQ traU traW traY
OW967402.1	13	11	split_2	57517	39462	traI traK traL traM traN traO traP traQ traU traW traY
OW967458.1	13	11	split_2	55608	37553	traI traK traL traM traN traO traP traQ traU traW traY
OW967487.1	15	15	contiguous	25394	4488	traE traI traK traL traM traN traO traP traQ traU traV traW traY trbA trbB
OW967489.1	13	11	split_2	68202	50003	traI traK traL traM traN traO traP traQ traU traW traY
OW967542.1	13	11	split_2	57517	39462	traI traK traL traM traN traO traP traQ traU traW traY
OW967598.1	11	11	contiguous	17871	3688	traI traK traL traM traN traO traP traQ traU traW traY
OW967617.1	13	11	split_2	57518	39463	traI traK traL traM traN traO traP traQ traU traW traY
OW967762.1	13	11	split_2	55608	37553	traI traK traL traM traN traO traP traQ traU traW traY
OW967771.1	12	11	split_2	56557	39463	traI traK traL traM traN traO traP traQ traU traW traY
OW967779.1	13	11	split_2	55890	37835	traI traK traL traM traN traO traP traQ traU traW traY
OW967785.1	13	11	split_2	53848	35793	traI traK traL traM traN traO traP traQ traU traW traY
OW967792.1	13	11	split_2	57518	39463	traI traK traL traM traN traO traP traQ traU traW traY
OW967816.1	13	13	contiguous	20750	3641	traI traK traL traM traN traO traP traQ traU traW traY trbA trbB
OW967817.1	13	11	split_2	55608	37553	traI traK traL traM traN traO traP traQ traU traW traY
OW967839.1	13	11	split_2	56741	38686	traI traK traL traM traN traO traP traQ traU traW traY
OW967859.1	13	11	split_2	61013	42958	traI traK traL traM traN traO traP traQ traU traW traY
OW967863.1	13	11	split_2	57518	39463	traI traK traL traM traN traO traP traQ traU traW traY
OW967870.1	13	11	split_2	55608	37553	traI traK traL traM traN traO traP traQ traU traW traY
OW967902.1	13	11	split_2	55608	37553	traI traK traL traM traN traO traP traQ traU traW traY
OW967951.1	13	11	split_2	71410	53355	traI traK traL traM traN traO traP traQ traU traW traY
OW967961.1	16	16	contiguous	30517	6116	traE traI traK traL traM traN traO traP traQ traT traU traV traW traY trbA trbB
OW967962.1	13	11	split_2	55608	37553	traI traK traL traM traN traO traP traQ traU traW traY
OW967986.1	13	11	split_2	55608	37553	traI traK traL traM traN traO traP traQ traU traW traY
OW967993.1	13	11	split_2	57518	39463	traI traK traL traM traN traO traP traQ traU traW traY
OW967998.1	13	11	split_2	55890	37835	traI traK traL traM traN traO traP traQ traU traW traY
OW968009.1	13	11	split_2	58718	40663	traI traK traL traM traN traO traP traQ traU traW traY
OW968019.1	13	11	split_2	58584	39463	traI traK traL traM traN traO traP traQ traU traW traY
OW968025.1	13	11	split_2	57518	39463	traI traK traL traM traN traO traP traQ traU traW traY
OW968028.1	13	11	split_2	63531	45476	traI traK traL traM traN traO traP traQ traU traW traY
OW968036.1	13	11	split_2	57518	39463	traI traK traL traM traN traO traP traQ traU traW traY
OW968039.1	13	11	split_2	57518	39463	traI traK traL traM traN traO traP traQ traU traW traY
OW968043.1	13	11	split_2	63531	45476	traI traK traL traM traN traO traP traQ traU traW traY
OW968066.1	13	11	split_2	55608	37553	traI traK traL traM traN traO traP traQ traU traW traY
OW968082.1	13	11	split_2	55608	37553	traI traK traL traM traN traO traP traQ traU traW traY
OW968088.1	13	11	split_2	64431	46376	traI traK traL traM traN traO traP traQ traU traW traY
OW968093.1	13	11	split_2	57518	39463	traI traK traL traM traN traO traP traQ traU traW traY
OW968122.1	13	11	split_2	55608	37553	traI traK traL traM traN traO traP traQ traU traW traY
OW968141.1	15	15	contiguous	25394	4488	traE traI traK traL traM traN traO traP traQ traU traV traW traY trbA trbB
OW968206.1	13	11	split_2	55608	37553	traI traK traL traM traN traO traP traQ traU traW traY
OW968218.1	13	11	split_2	55608	37553	traI traK traL traM traN traO traP traQ traU traW traY
OW968227.1	12	11	split_2	54628	37534	traI traK traL traM traN traO traP traQ traU traW traY
OW968236.1	13	11	split_2	57518	39463	traI traK traL traM traN traO traP traQ traU traW traY
OW968254.1	16	16	contiguous	30517	6116	traE traI traK traL traM traN traO traP traQ traT traU traV traW traY trbA trbB
OW968255.1	13	11	split_2	55608	37553	traI traK traL traM traN traO traP traQ traU traW traY
OW968262.1	13	11	split_2	55608	37553	traI traK traL traM traN traO traP traQ traU traW traY
OW968269.1	13	11	split_2	55608	37553	traI traK traL traM traN traO traP traQ traU traW traY
OW968285.1	13	11	split_2	57492	39437	traI traK traL traM traN traO traP traQ traU traW traY
OW968298.1	13	11	split_2	59239	41184	traI traK traL traM traN traO traP traQ traU traW traY
OW968320.1	13	11	split_2	55608	37553	traI traK traL traM traN traO traP traQ traU traW traY
OW968352.1	13	11	split_2	57518	39463	traI traK traL traM traN traO traP traQ traU traW traY
OW968367.1	13	11	split_2	55608	37553	traI traK traL traM traN traO traP traQ traU traW traY
OW968376.1	13	11	split_2	55608	37553	traI traK traL traM traN traO traP traQ traU traW traY
OW968385.1	13	11	split_2	57517	39462	traI traK traL traM traN traO traP traQ traU traW traY
OW968397.1	13	11	split_2	55589	37534	traI traK traL traM traN traO traP traQ traU traW traY
OW968427.1	12	10	split_2	40460	24348	traK traL traM traN traO traP traQ traU traW traY
OW968437.1	13	11	split_2	55608	37553	traI traK traL traM traN traO traP traQ traU traW traY
OW968448.1	13	11	split_2	55589	37534	traI traK traL traM traN traO traP traQ traU traW traY
OW968471.1	13	11	split_2	55589	37534	traI traK traL traM traN traO traP traQ traU traW traY
OW969595.1	13	11	split_2	57518	39463	traI traK traL traM traN traO traP traQ traU traW traY
OW969617.1	13	11	split_2	60998	42943	traI traK traL traM traN traO traP traQ traU traW traY
OW969621.1	13	11	split_2	97291	79236	traI traK traL traM traN traO traP traQ traU traW traY
OW969626.1	13	11	split_2	57518	39463	traI traK traL traM traN traO traP traQ traU traW traY
OW969637.1	13	11	split_2	57518	39463	traI traK traL traM traN traO traP traQ traU traW traY
OW969640.1	13	11	split_2	57518	39463	traI traK traL traM traN traO traP traQ traU traW traY
OW969646.1	13	11	split_2	90853	72798	traI traK traL traM traN traO traP traQ traU traW traY
OW969658.1	13	11	split_2	57518	39463	traI traK traL traM traN traO traP traQ traU traW traY
OW969667.1	13	11	split_2	57518	39463	traI traK traL traM traN traO traP traQ traU traW traY
OW969671.1	13	11	split_2	57518	39463	traI traK traL traM traN traO traP traQ traU traW traY
OW969680.1	13	11	split_2	50924	32869	traI traK traL traM traN traO traP traQ traU traW traY
OW969697.1	13	11	split_2	55608	37553	traI traK traL traM traN traO traP traQ traU traW traY
OW969699.1	13	11	split_2	55589	37534	traI traK traL traM traN traO traP traQ traU traW traY
OW969705.1	13	11	split_2	57517	39462	traI traK traL traM traN traO traP traQ traU traW traY
OW969717.1	13	11	split_2	57518	39463	traI traK traL traM traN traO traP traQ traU traW traY
OW969731.1	13	11	split_2	57518	39463	traI traK traL traM traN traO traP traQ traU traW traY
OW969735.1	13	11	split_2	57517	39462	traI traK traL traM traN traO traP traQ traU traW traY
OW969740.1	13	11	split_2	83289	65234	traI traK traL traM traN traO traP traQ traU traW traY
OW969743.1	13	11	split_2	56740	38685	traI traK traL traM traN traO traP traQ traU traW traY
OW969748.1	13	11	split_2	55608	37553	traI traK traL traM traN traO traP traQ traU traW traY
OW969758.1	13	11	split_2	56737	38675	traI traK traL traM traN traO traP traQ traU traW traY
OW969764.1	13	11	split_2	57517	39462	traI traK traL traM traN traO traP traQ traU traW traY
OW969767.1	13	11	split_2	57517	39462	traI traK traL traM traN traO traP traQ traU traW traY
OW969770.1	13	11	split_2	57517	39462	traI traK traL traM traN traO traP traQ traU traW traY
OW969774.1	13	13	contiguous	20750	3641	traI traK traL traM traN traO traP traQ traU traW traY trbA trbB
OW969775.1	13	11	split_2	57517	39462	traI traK traL traM traN traO traP traQ traU traW traY
OW969800.1	13	11	split_2	55589	37534	traI traK traL traM traN traO traP traQ traU traW traY
OW969804.1	13	11	split_2	57517	39462	traI traK traL traM traN traO traP traQ traU traW traY
OW969829.1	13	11	split_2	56333	38278	traI traK traL traM traN traO traP traQ traU traW traY
OW969832.1	12	10	split_2	44461	28349	traK traL traM traN traO traP traQ traU traW traY
OW969836.1	13	11	split_2	57517	39462	traI traK traL traM traN traO traP traQ traU traW traY
OW969842.1	13	11	split_2	55608	37553	traI traK traL traM traN traO traP traQ traU traW traY
OW969872.1	13	11	split_2	55608	37553	traI traK traL traM traN traO traP traQ traU traW traY
OW969917.1	11	9	split_2	55292	37553	traI traK traL traM traN traO traP traQ traU
OW969940.1	13	11	split_2	57517	39462	traI traK traL traM traN traO traP traQ traU traW traY
OW969949.1	13	11	split_2	59178	39462	traI traK traL traM traN traO traP traQ traU traW traY
OW970026.1	11	11	contiguous	17094	3688	traI traK traL traM traN traO traP traQ traU traW traY
OW970156.1	13	11	split_2	55608	37553	traI traK traL traM traN traO traP traQ traU traW traY
OW970226.1	13	11	split_2	55588	37533	traI traK traL traM traN traO traP traQ traU traW traY
OW970321.1	15	15	contiguous	25394	4488	traE traI traK traL traM traN traO traP traQ traU traV traW traY trbA trbB
OW970323.1	13	11	split_2	53849	35794	traI traK traL traM traN traO traP traQ traU traW traY
OW995948.1	13	11	split_2	55589	37534	traI traK traL traM traN traO traP traQ traU traW traY
OX030690.1	13	11	split_2	57518	39463	traI traK traL traM traN traO traP traQ traU traW traY
OX030711.1	13	11	split_2	55608	37553	traI traK traL traM traN traO traP traQ traU traW traY
OX030721.1	13	11	split_2	55608	37553	traI traK traL traM traN traO traP traQ traU traW traY
OX030751.1	13	11	split_2	51642	33587	traI traK traL traM traN traO traP traQ traU traW traY
OX291611.1	13	13	contiguous	20759	3652	traI traK traL traM traN traO traP traQ traU traW traY trbA trbB
OX291688.1	13	13	contiguous	20984	4184	traI traK traL traM traN traO traP traQ traU traW traY trbA trbB
OZ001730.1	13	11	split_2	55473	37553	traI traK traL traM traN traO traP traQ traU traW traY
OZ001731.1	13	11	split_2	48624	30704	traI traK traL traM traN traO traP traQ traU traW traY
OZ001732.1	13	11	split_2	55473	37553	traI traK traL traM traN traO traP traQ traU traW traY
