element	n_MPF_T	n_MPF_F	n_MPF_I	n_MPF_FA	n_MPF_FATA	n_MPF_G	n_MPF_B	n_MPF_C	phylum
NC_000964_529362..549932	0	0	0	5	1	0	0	0	Firmicutes
NC_002939_1873483..1945140	0	0	0	0	1	0	0	0	Desulfobacterota
NC_002950_1181515..1186836	0	0	0	0	1	0	0	0	Bacteroidota
NC_002950_1520119..1615447	2	0	0	0	0	0	10	0	Bacteroidota
NC_002978_521984..547228	0	0	0	0	1	0	0	0	Proteobacteria
NC_003028_968351..1022298	0	0	0	0	0	0	1	0	Firmicutes
NC_003210_1090271..1172084	0	0	0	7	2	0	0	0	Firmicutes
NC_004116_1247045..1291025	0	0	0	0	4	0	1	0	Firmicutes
NC_004116_883476..963727	1	0	0	6	1	0	0	0	Firmicutes
NC_004129_5378464..5493555	0	1	0	0	0	16	0	0	Proteobacteria
NC_004368_1000687..1050207	2	0	0	0	2	0	1	0	Firmicutes
NC_004368_1130581..1194889	1	0	0	0	7	0	0	0	Firmicutes
NC_004460_578306..790264	0	12	0	0	2	0	0	0	Proteobacteria
NC_004547_1867875..1926959	7	0	0	0	0	0	0	0	Proteobacteria
NC_004547_3236178..3264254	0	0	0	0	0	0	1	0	Proteobacteria
NC_004547_590755..688599	0	0	0	0	0	17	0	0	Proteobacteria
NC_004663_24709..105194	0	0	0	0	0	0	11	0	Bacteroidota
NC_004668_2436966..2462369	0	0	0	4	0	0	0	0	Firmicutes
NC_005090_1040627..1065048	6	0	0	0	0	0	0	0	Campylobacterota
NC_005126_1211107..1351866	0	0	0	0	0	16	1	0	Proteobacteria
NC_006347_120909..169142	1	0	0	0	0	0	9	0	Bacteroidota
NC_006347_1449086..1482448	0	0	0	0	0	0	1	0	Bacteroidota
NC_006347_1515650..1522411	0	0	0	0	0	0	1	0	Bacteroidota
NC_006347_1584897..1627602	0	0	0	0	0	0	10	0	Bacteroidota
NC_006347_761569..769947	0	0	0	0	0	0	1	0	Bacteroidota
NC_006368_148634..219021	7	0	0	0	0	0	0	0	Proteobacteria
NC_006369_84112..244605	5	0	1	0	0	0	0	0	Proteobacteria
NC_006371_1732568..1920429	8	0	0	0	0	0	0	0	Proteobacteria
NC_006513_1383779..1493833	0	1	0	0	0	16	0	0	Proteobacteria
NC_006513_139818..307213	0	0	0	0	0	15	0	0	Proteobacteria
NC_007005_1604658..1724374	0	1	0	0	0	16	0	0	Proteobacteria
NC_007296_1066864..1108985	0	0	0	0	1	0	0	0	Firmicutes
NC_007404_1767278..1787459	0	0	2	0	0	0	0	0	Proteobacteria
NC_007404_1911286..1929072	1	0	0	0	0	0	0	0	Proteobacteria
NC_007492_3390830..3506476	0	1	0	0	0	15	0	0	Proteobacteria
NC_007575_830433..846858	0	1	0	0	0	0	0	0	Campylobacterota
NC_007722_145948..235186	1	11	0	0	1	0	0	0	Proteobacteria
NC_007722_2937623..3035310	1	12	0	0	0	0	0	0	Proteobacteria
NC_007722_825458..960344	1	12	0	0	0	0	0	0	Proteobacteria
NC_007759_1753055..1816836	0	5	0	0	0	0	0	0	Desulfobacterota
NC_007794_305890..397654	8	0	0	0	0	0	0	0	Proteobacteria
NC_007951_2185339..2316800	0	0	0	0	1	0	0	0	Proteobacteria
NC_007951_577235..590610	0	0	1	0	0	0	0	0	Proteobacteria
NC_007973_2524369..2599412	0	1	0	0	0	16	0	0	Proteobacteria
NC_008254_4083656..4181696	8	0	0	0	0	0	0	0	Proteobacteria
NC_008254_551117..573443	8	0	0	0	0	0	1	0	Proteobacteria
NC_008526_515695..644611	0	0	0	0	2	0	1	0	Firmicutes
NC_008531_979498..1182784	0	0	0	3	3	0	0	0	Firmicutes
NC_008543_136715..185679	8	0	0	0	0	0	0	0	Proteobacteria
NC_008554_127614..203573	1	0	0	0	0	0	0	0	Desulfobacterota
NC_008555_788869..862554	0	0	0	6	1	0	0	0	Firmicutes
NC_008595_254232..294377	1	0	0	0	0	0	0	0	Actinobacteriota
NC_008699_2265679..2453543	2	0	0	0	1	0	0	0	Actinobacteriota
NC_008740_510901..618812	1	0	0	0	0	0	0	0	Proteobacteria
NC_008750_1225354..1440333	0	12	0	0	1	0	0	0	Proteobacteria
NC_008752_2770357..3080161	1	0	0	0	0	15	0	0	Proteobacteria
NC_008752_422185..675592	1	1	0	0	0	15	0	0	Proteobacteria
NC_008752_748071..913808	8	0	0	0	0	1	0	0	Proteobacteria
NC_008782_1291733..1397557	0	1	0	0	0	16	0	0	Proteobacteria
NC_008782_1578073..1617459	0	12	0	0	0	0	0	0	Proteobacteria
NC_008782_3000410..3288596	8	0	0	0	0	0	1	0	Proteobacteria
NC_008782_644999..789466	2	0	0	0	1	0	0	0	Proteobacteria
NC_008784_23066..111431	0	0	0	0	0	1	0	0	Proteobacteria
NC_008786_4039012..4156407	6	0	0	0	0	0	0	0	Proteobacteria
NC_008800_3761949..3828088	0	0	0	0	0	15	0	0	Proteobacteria
NC_008825_2498157..2574031	0	1	0	0	0	16	0	0	Proteobacteria
NC_009089_3787248..4057027	2	0	0	7	1	0	0	0	Firmicutes_A
NC_009092_1141764..1152966	0	0	1	0	0	0	0	0	Proteobacteria
NC_009338_2933811..2972061	0	0	0	0	2	0	0	0	Actinobacteriota
NC_009485_3457650..3525849	3	0	0	0	0	0	1	0	Proteobacteria
NC_009485_8092241..8136994	3	0	0	0	0	0	1	0	Proteobacteria
NC_009494_128635..218920	8	0	1	0	0	0	0	0	Proteobacteria
NC_009494_614021..656784	8	0	0	0	0	0	0	0	Proteobacteria
NC_009613_657469..689246	0	0	0	0	0	0	1	0	Bacteroidota
NC_009614_1988394..2084298	0	0	0	0	0	0	12	0	Bacteroidota
NC_009614_3152704..3266220	0	0	0	1	0	0	1	0	Bacteroidota
NC_009614_920629..1003717	1	0	0	0	0	0	12	0	Bacteroidota
NC_009615_2506123..2527946	0	0	0	0	0	0	1	0	Bacteroidota
NC_009615_4285983..4324742	0	0	0	0	0	0	1	0	Bacteroidota
NC_009633_4030820..4147536	0	0	0	0	7	0	0	0	Firmicutes_A
NC_009656_4573758..4659356	0	0	0	0	0	16	0	0	Proteobacteria
NC_009656_5499472..5528096	0	0	1	0	0	0	0	0	Proteobacteria
NC_009659_2856543..3394062	1	0	0	0	1	0	0	0	Proteobacteria
NC_009668_462345..573428	8	0	0	0	0	0	0	0	Proteobacteria
NC_009697_2538601..2630141	1	0	0	0	0	0	0	0	Firmicutes_A
NC_009706_226437..273426	1	0	0	0	9	0	0	0	Firmicutes_A
NC_009708_4157211..4221900	0	0	0	0	0	15	0	0	Proteobacteria
NC_009714_75486..156261	3	0	0	0	0	0	1	0	Campylobacterota
NC_009792_814729..920550	7	0	0	0	0	0	0	0	Proteobacteria
NC_009801_1530882..1862356	0	0	0	0	2	0	0	0	Proteobacteria
NC_009832_355873..451331	0	0	0	0	0	17	0	0	Proteobacteria
NC_009832_4486620..4571913	0	0	0	0	0	17	0	0	Proteobacteria
NC_009848_584324..639021	1	0	0	6	1	0	0	0	Firmicutes
NC_009883_1050160..1088531	0	10	0	0	0	0	1	0	Proteobacteria
NC_009900_636728..748877	0	11	0	0	0	0	1	0	Proteobacteria
NC_010002_2915584..3020022	8	0	0	0	0	0	0	0	Proteobacteria
NC_010002_4531458..4614944	0	1	0	0	0	16	0	0	Proteobacteria
NC_010067_3008361..3076079	0	1	0	0	0	15	0	0	Proteobacteria
NC_010087_291625..372425	4	0	0	0	0	0	1	0	Proteobacteria
NC_010125_2842292..3001996	8	0	0	0	1	0	1	0	Proteobacteria
NC_010125_984151..1042505	8	0	0	0	0	0	1	0	Proteobacteria
NC_010170_1087806..1216154	0	1	0	0	0	16	0	0	Proteobacteria
NC_010170_1340583..1529791	0	1	0	0	0	16	0	0	Proteobacteria
NC_010321_52655..199189	1	0	0	0	2	0	1	0	Firmicutes_A
NC_010338_2395402..2470977	3	0	0	0	0	0	0	0	Proteobacteria
NC_010338_4082880..4297444	8	0	0	0	1	0	1	0	Proteobacteria
NC_010376_1009024..1102021	2	0	0	1	12	0	0	0	Firmicutes_A
NC_010380_1280821..1327266	0	0	0	6	1	0	0	0	Firmicutes
NC_010471_883043..922724	0	0	0	2	1	0	0	0	Firmicutes
NC_010524_830194..935032	6	0	0	0	0	0	0	0	Proteobacteria
NC_010554_2638440..2769857	0	12	0	0	0	0	0	0	Proteobacteria
NC_010554_2793715..2886352	0	1	0	0	0	16	0	0	Proteobacteria
NC_010571_1466417..1540875	1	0	0	0	0	0	2	0	Verrucomicrobiota
NC_010571_5673877..5791473	2	0	0	0	0	0	2	0	Verrucomicrobiota
NC_010582_140304..220648	0	0	0	6	1	0	0	0	Firmicutes
NC_010645_356560..409192	2	0	0	0	0	0	0	0	Proteobacteria
NC_010676_2614914..2814356	8	0	0	0	0	0	0	0	Proteobacteria
NC_010681_113668..315917	8	0	0	0	0	0	0	0	Proteobacteria
NC_010682_1543072..1700732	6	0	0	0	0	0	0	0	Proteobacteria
NC_010698_700651..896417	5	0	0	0	1	0	0	0	Campylobacterota
NC_010725_3220381..3366693	8	0	0	0	0	0	2	0	Proteobacteria
NC_010729_1021623..1030354	0	0	0	0	0	0	1	0	Bacteroidota
NC_010729_35127..114450	2	0	0	0	1	0	11	0	Bacteroidota
NC_010793_1432339..1570077	1	9	0	0	0	0	0	0	Proteobacteria
NC_010793_316972..435033	0	8	0	0	0	0	1	0	Proteobacteria
NC_010793_502335..513583	0	6	0	0	0	0	0	0	Proteobacteria
NC_010804_938763..1101538	8	0	0	0	0	0	1	0	Proteobacteria
NC_010814_6077..280100	0	2	0	0	0	1	0	0	Desulfobacterota
NC_011000_2812878..2859770	0	0	0	0	0	5	0	0	Proteobacteria
NC_011072_1202367..1237394	0	0	0	1	3	0	1	0	Firmicutes
NC_011144_1616644..1737271	8	0	0	0	0	0	1	0	Proteobacteria
NC_011283_1817492..1880912	7	0	0	0	0	0	0	0	Proteobacteria
NC_011365_1041274..1187967	8	0	0	0	0	0	1	0	Proteobacteria
NC_011365_3031715..3095728	5	0	0	0	0	0	2	0	Proteobacteria
NC_011386_169203..266107	8	0	0	0	0	0	1	0	Proteobacteria
NC_011386_2328065..2425755	8	0	0	0	0	0	1	0	Proteobacteria
NC_011386_3487203..3614289	8	0	0	0	0	0	1	0	Proteobacteria
NC_011567_648861..725897	1	0	0	0	0	0	0	0	Firmicutes
NC_011662_975523..1219207	1	1	0	0	0	16	0	0	Proteobacteria
NC_011883_1249225..1466945	1	0	0	0	1	0	1	0	Desulfobacterota_I
NC_011891_1228929..1306266	8	0	0	0	0	0	1	0	Myxococcota
NC_011901_1988367..2031762	8	0	0	0	0	0	1	0	Proteobacteria
NC_011901_2928215..3060935	1	1	0	0	0	16	0	0	Proteobacteria
NC_011985_3793863..3896759	8	0	0	0	0	0	0	0	Proteobacteria
NC_011992_1651847..1664530	1	0	0	0	1	0	0	0	Proteobacteria
NC_012034_2558194..2593479	1	0	0	0	1	0	0	0	Firmicutes_A
NC_012467_1001438..1136741	0	0	0	6	14	0	2	0	Firmicutes
NC_012469_1771399..1812468	0	0	0	6	1	0	0	0	Firmicutes
NC_012483_1238802..1473052	7	0	0	0	0	0	0	0	Acidobacteriota
NC_012660_2050486..2190550	0	1	0	0	0	15	0	0	Proteobacteria
NC_012668_2916746..3071439	0	12	0	0	0	0	0	0	Proteobacteria
NC_012731_3395820..3472027	7	0	0	0	0	0	0	0	Proteobacteria
NC_012779_319354..380035	0	0	0	0	0	17	0	0	Proteobacteria
NC_012792_519244..889863	8	0	0	0	0	0	0	0	Proteobacteria
NC_012803_14428..71803	0	0	0	0	1	0	0	0	Actinobacteriota
NC_012856_700799..729121	0	1	0	0	0	16	0	0	Proteobacteria
NC_012891_1284664..1298181	0	0	0	0	1	0	0	0	Firmicutes
NC_012912_1679148..1732972	7	0	0	0	0	0	0	0	Proteobacteria
NC_012918_2721982..2814233	8	0	0	0	0	0	0	0	Desulfobacterota
NC_012924_808819..964460	0	0	0	6	15	0	1	0	Firmicutes
NC_012926_1032547..1125755	1	0	0	6	4	0	0	0	Firmicutes
NC_012926_549571..577957	0	0	0	1	3	0	0	0	Firmicutes
NC_012969_2144366..2210839	0	0	1	0	0	0	0	0	Proteobacteria
NC_012969_2503508..2508729	1	0	0	0	0	0	0	0	Proteobacteria
NC_013037_6220680..6239334	0	0	0	0	0	0	1	0	Bacteroidota
NC_013165_2248647..2290538	1	0	0	0	0	0	0	0	Actinobacteriota
NC_013169_636588..657599	0	0	0	0	1	0	0	0	Actinobacteriota
NC_013192_906266..1182482	7	0	0	0	1	0	0	0	Fusobacteriota
NC_013204_1782091..1824289	0	0	0	0	5	0	0	0	Actinobacteriota
NC_013235_469432..527041	1	0	0	0	0	0	0	0	Actinobacteriota
NC_013421_1728172..1807718	0	1	0	0	0	16	0	0	Proteobacteria
NC_013421_650611..753402	0	0	0	0	0	17	0	0	Proteobacteria
NC_013422_1772375..1830980	3	0	0	0	0	0	0	0	Proteobacteria
NC_013450_1709480..1774428	0	0	0	5	1	0	0	0	Firmicutes
NC_013456_102528..316157	1	0	1	0	0	0	1	0	Proteobacteria
NC_013456_1668087..2017340	1	0	0	0	0	0	0	0	Proteobacteria
NC_013515_1281427..1317217	6	0	0	0	1	0	0	0	Fusobacteriota
NC_013530_867898..916677	1	0	0	0	1	0	0	0	Actinobacteriota
NC_013592_2972012..3023098	7	0	0	0	0	0	0	0	Proteobacteria
NC_013722_3041048..3131613	2	0	0	0	0	0	0	0	Proteobacteria
NC_013798_283548..337531	1	0	0	0	7	0	0	0	Firmicutes
NC_013853_1271111..1347229	0	0	0	7	1	0	0	0	Firmicutes
NC_013861_3335593..3431895	8	0	0	0	1	0	0	0	Proteobacteria
NC_013892_1429060..1512928	0	0	0	0	0	16	0	0	Proteobacteria
NC_014006_1973709..2061647	8	0	0	0	0	0	0	0	Proteobacteria
NC_014006_2934452..3030065	8	0	0	0	0	0	0	0	Proteobacteria
NC_014006_434516..476784	8	0	0	0	0	0	1	0	Proteobacteria
NC_014029_345141..403014	0	0	0	0	0	17	0	0	Proteobacteria
NC_014041_1814583..1983973	0	0	0	0	0	0	3	0	Bacteroidota
NC_014121_416311..525347	0	0	0	0	0	17	0	0	Proteobacteria
NC_014125_609202..648915	8	0	0	0	0	0	0	0	Proteobacteria
NC_014151_1357563..1388192	1	0	0	0	0	0	0	0	Actinobacteriota
NC_014153_2073897..2202852	8	0	0	0	0	0	0	0	Proteobacteria
NC_014209_56706..94524	1	0	0	0	3	0	0	0	Firmicutes_A
NC_014218_1818039..1837434	0	0	0	0	4	0	0	0	Actinobacteriota
NC_014251_1991237..2035155	0	0	0	6	1	0	0	0	Firmicutes
NC_014364_521185..538872	0	0	0	0	0	0	1	0	Spirochaetota
NC_014391_5262526..5305301	1	0	0	0	0	0	0	0	Actinobacteriota
NC_014394_2777009..2780676	0	0	0	0	1	0	0	0	Proteobacteria
NC_014410_273777..309314	1	0	0	0	3	0	0	0	Firmicutes_A
NC_014414_1066593..1105651	8	0	0	0	0	0	1	0	Proteobacteria
NC_014414_8800..50117	1	12	0	0	0	0	0	0	Proteobacteria
NC_014494_830913..878241	0	0	0	1	5	0	0	0	Firmicutes
NC_014494_965268..1102986	0	0	0	0	1	0	1	0	Firmicutes
NC_014498_999659..1170615	0	0	0	6	14	0	2	0	Firmicutes
NC_014500_3126494..3201103	7	0	0	0	0	0	0	0	Proteobacteria
NC_014500_858366..1087159	8	0	0	0	0	0	0	0	Proteobacteria
NC_014501_482109..593462	0	0	0	0	0	0	0	7	Cyanobacteria
NC_014501_907714..1046035	0	0	0	0	0	0	0	7	Cyanobacteria
NC_014532_3548936..3633847	0	0	0	0	0	16	0	0	Proteobacteria
NC_014555_1496741..1562797	4	1	0	0	0	0	0	0	Campylobacterota
NC_014562_2553911..2632519	0	0	0	0	1	0	0	0	Proteobacteria
NC_014640_1127769..1210927	0	1	0	0	0	16	0	0	Proteobacteria
NC_014664_3019135..3101085	8	0	0	0	0	0	0	0	Proteobacteria
NC_014752_1149374..1448712	0	0	0	0	1	0	0	0	Proteobacteria
NC_014830_16975..46389	0	0	0	0	1	0	0	0	Actinobacteriota
NC_014833_2800767..2837474	0	0	0	0	0	0	1	0	Firmicutes_A
NC_014834_860972..924906	8	0	0	0	0	0	0	0	Proteobacteria
NC_014910_4180109..4216559	0	1	0	0	0	16	0	0	Proteobacteria
NC_014963_2871730..2921320	6	0	0	0	0	0	0	0	Acidobacteriota
NC_014963_3370698..3661090	4	0	0	0	0	0	0	0	Acidobacteriota
NC_014963_4478303..4549003	6	0	0	0	0	0	0	0	Acidobacteriota
NC_014964_43707..222518	1	0	0	0	3	0	1	0	Firmicutes_A
NC_015064_3577137..3671256	6	0	0	0	1	0	0	0	Acidobacteriota
NC_015145_2323149..2397290	0	0	0	0	1	0	0	0	Actinobacteriota
NC_015160_1378791..1418275	0	0	0	0	0	0	1	0	Bacteroidota
NC_015164_1237256..1314422	0	0	0	0	0	0	11	0	Bacteroidota
NC_015164_2875441..2890532	0	0	0	0	0	0	1	0	Bacteroidota
NC_015164_3682411..3795388	1	0	0	0	0	0	12	0	Bacteroidota
NC_015177_1667146..1913147	0	0	0	0	1	0	9	0	Bacteroidota
NC_015186_2813998..2932090	8	0	0	0	0	0	1	0	Proteobacteria
NC_015214_1740904..1898725	0	0	0	0	1	0	0	0	Firmicutes
NC_015215_1386272..1452778	0	0	0	0	6	0	1	0	Firmicutes
NC_015215_2225385..2326933	0	0	0	2	1	0	0	0	Firmicutes
NC_015259_262702..320473	8	0	0	0	0	0	1	0	Proteobacteria
NC_015277_263071..318498	1	0	0	0	0	0	6	0	Bacteroidota
NC_015311_2495379..2684960	2	0	0	0	0	0	11	0	Bacteroidota
NC_015381_2768861..2944476	8	0	0	0	0	0	1	0	Proteobacteria
NC_015385_1651245..1916597	7	0	0	0	0	0	1	0	Spirochaetota
NC_015410_3057752..3221063	8	0	0	0	1	0	0	0	Proteobacteria
NC_015422_1646248..1709553	8	0	0	0	0	0	1	0	Proteobacteria
NC_015422_1799028..2022229	0	1	0	0	0	16	0	0	Proteobacteria
NC_015422_2764448..2948163	0	11	0	0	0	0	0	0	Proteobacteria
NC_015422_3421113..3549687	0	12	0	0	0	0	0	0	Proteobacteria
NC_015458_243482..391685	8	0	0	0	0	1	0	0	Proteobacteria
NC_015460_322599..378534	0	0	0	0	0	16	0	0	Proteobacteria
NC_015556_2210348..2319136	8	0	0	0	0	0	0	0	Proteobacteria
NC_015563_1850692..1944092	0	12	0	0	0	0	0	0	Proteobacteria
NC_015563_3165857..3430643	0	0	0	0	1	0	0	0	Proteobacteria
NC_015565_2285729..2359374	1	0	0	0	0	0	1	0	Firmicutes_B
NC_015571_2019600..2039826	0	0	0	0	0	0	1	0	Bacteroidota
NC_015572_2116213..2237136	0	0	0	0	0	15	0	0	Proteobacteria
NC_015580_1543919..1687384	1	12	0	0	0	0	0	0	Proteobacteria
NC_015580_1699873..1740603	1	11	0	0	0	0	0	0	Proteobacteria
NC_015580_283264..331816	8	0	0	0	0	0	1	0	Proteobacteria
NC_015589_3792111..3868969	1	0	0	0	1	0	0	0	Firmicutes_B
NC_015593_2909552..2959608	8	0	0	0	0	0	1	0	Proteobacteria
NC_015593_933235..1044714	0	11	0	0	0	0	0	0	Proteobacteria
NC_015600_1642682..1745786	0	0	0	6	1	0	0	0	Firmicutes
NC_015678_1937352..2003286	0	0	0	3	1	0	1	0	Firmicutes
NC_015684_231768..350418	8	0	0	0	0	0	1	0	Proteobacteria
NC_015684_504324..587956	8	0	0	0	0	0	1	0	Proteobacteria
NC_015737_696391..903560	1	0	0	0	0	0	0	0	Firmicutes_A
NC_015844_3151674..3229706	0	0	0	0	0	0	2	0	Bacteroidota
NC_015850_1008463..1089377	0	0	1	0	0	0	0	0	Proteobacteria
NC_015850_2034869..2084313	4	0	0	0	0	0	0	0	Proteobacteria
NC_015875_179396..274630	0	0	0	6	1	0	0	0	Firmicutes
NC_015942_2863364..2936661	0	2	0	0	0	0	0	0	Proteobacteria
NC_015945_2717484..2952659	0	0	0	0	0	0	3	0	Bacteroidota
NC_015957_633863..650193	0	0	0	0	0	1	0	0	Actinobacteriota
NC_015958_2441281..2477302	1	0	0	0	3	0	0	0	Firmicutes_A
NC_015964_1153023..1213144	0	0	0	0	0	16	0	0	Proteobacteria
NC_015976_2807050..2914110	8	0	0	0	0	0	1	0	Proteobacteria
NC_015976_3257508..3304588	8	0	0	0	0	0	1	0	Proteobacteria
NC_015977_2875224..2967313	1	0	0	1	8	0	0	0	Firmicutes_A
NC_015977_3258082..3299719	0	0	0	1	2	0	0	0	Firmicutes_A
NC_015977_3396581..3512389	1	0	0	0	3	0	1	0	Firmicutes_A
NC_015977_342106..450060	1	0	0	0	6	0	1	0	Firmicutes_A
NC_016027_2457743..2601364	8	0	0	0	0	0	2	0	Proteobacteria
NC_016048_1302936..1385257	1	0	0	0	6	0	1	0	Firmicutes_A
NC_016048_3036823..3274181	1	0	0	0	6	0	0	0	Firmicutes_A
NC_016147_1990540..2026999	8	0	0	0	0	0	0	0	Proteobacteria
NC_016609_4261829..4285538	0	0	0	0	0	0	1	0	Bacteroidota
NC_016609_7438682..7457449	0	0	0	0	0	0	1	0	Bacteroidota
NC_016609_7596650..7621523	0	0	0	0	0	0	1	0	Bacteroidota
NC_016610_698175..760153	0	0	0	0	0	0	1	0	Bacteroidota
NC_016612_5252010..5313115	7	0	0	0	0	0	0	0	Proteobacteria
NC_016616_2629763..2761096	7	0	0	0	0	0	0	0	Proteobacteria
NC_016630_1199644..1285251	0	0	0	6	3	0	0	0	Firmicutes_A
NC_016630_519101..536335	1	0	0	0	6	0	0	0	Firmicutes_A
NC_016776_1604369..1649845	0	0	0	0	0	0	11	0	Bacteroidota
NC_016791_3855683..4060785	2	0	0	0	2	0	1	0	Firmicutes_A
NC_016808_284341..322355	0	0	0	0	0	15	0	0	Proteobacteria
NC_016809_87550..143609	0	0	0	0	0	16	0	0	Proteobacteria
NC_016811_2218657..2295155	0	11	0	1	0	0	0	0	Proteobacteria
NC_016816_4127972..4238416	0	0	0	0	0	17	0	0	Proteobacteria
NC_016826_1750116..1839818	1	0	0	0	8	0	0	0	Firmicutes
NC_016830_3873318..4082937	0	1	0	0	0	15	0	0	Proteobacteria
NC_016832_4240652..4504612	0	0	0	0	0	17	0	0	Proteobacteria
NC_016941_1654211..1722970	1	0	0	5	1	0	0	0	Firmicutes
NC_016943_1332859..1467218	1	0	0	0	1	0	0	0	Actinobacteriota
NC_017025_1638628..1696403	0	0	0	0	0	0	1	0	Bacteroidota
NC_017043_122701..151533	0	4	0	0	0	0	1	0	Proteobacteria
NC_017067_393643..504433	1	0	0	0	0	0	0	0	Proteobacteria
NC_017094_524897..585066	0	0	6	0	0	0	0	0	Nitrospirota_A
NC_017174_375579..763568	1	0	0	1	13	0	0	0	Firmicutes_A
NC_017178_3770147..3980118	3	0	0	0	13	0	1	0	Firmicutes_A
NC_017372_593752..884445	6	0	0	0	0	0	0	0	Campylobacterota
NC_017379_1019071..1057258	6	0	0	0	0	0	0	0	Campylobacterota
NC_017491_2494796..2598376	0	0	0	6	1	0	0	0	Firmicutes
NC_017506_190656..293919	1	0	0	0	0	0	0	0	Proteobacteria
NC_017532_1309004..1377715	0	1	0	0	0	16	0	0	Proteobacteria
NC_017532_511609..719119	0	0	0	0	1	1	0	0	Proteobacteria
NC_017549_1513064..1597104	0	1	0	0	0	16	0	0	Proteobacteria
NC_017554_4114800..4222180	0	0	0	0	0	17	0	0	Proteobacteria
NC_017566_4163925..4325801	0	0	0	0	0	2	0	0	Proteobacteria
NC_017573_310422..387257	0	0	0	0	0	17	0	0	Proteobacteria
NC_017576_1726802..1763316	0	0	0	2	2	0	0	0	Firmicutes
NC_017582_747594..816131	0	0	0	0	1	0	0	0	Firmicutes
NC_017617_484681..550214	0	0	0	0	6	0	2	0	Firmicutes
NC_017619_809925..940453	0	0	0	0	14	0	1	0	Firmicutes
NC_017626_2994821..3028550	0	0	1	0	0	0	0	0	Proteobacteria
NC_017634_4429779..4478026	0	0	0	0	0	16	0	0	Proteobacteria
NC_017641_4885823..4951469	0	0	0	0	0	17	0	0	Proteobacteria
NC_017668_3621588..3675078	0	0	0	1	1	0	0	0	Firmicutes
NC_017671_1645653..1745007	0	1	0	0	0	16	0	0	Proteobacteria
NC_017737_1763744..1821806	6	0	0	0	0	0	0	0	Campylobacterota
NC_017737_863672..948367	5	0	0	0	0	0	0	0	Campylobacterota
NC_017739_1081552..1206611	6	0	0	0	0	0	0	0	Campylobacterota
NC_017739_1535795..1648841	6	0	0	0	1	0	0	0	Campylobacterota
NC_017743_526202..554904	0	0	0	5	1	0	0	0	Firmicutes
NC_017845_1604217..1685714	0	0	0	0	0	16	0	0	Proteobacteria
NC_017845_1694213..1803540	7	0	0	0	0	0	0	0	Proteobacteria
NC_017845_3703194..3820617	0	0	0	0	0	17	0	0	Proteobacteria
NC_017856_897933..1015315	8	0	0	0	1	0	0	0	Proteobacteria
NC_017905_1820098..1896622	0	0	0	3	1	0	1	0	Firmicutes
NC_017955_1619448..1675583	1	0	0	0	1	0	0	0	Actinobacteriota
NC_018011_1029047..1074461	1	0	0	0	0	0	0	0	Bacteroidota
NC_018011_2077063..2147860	1	0	0	0	1	0	2	0	Bacteroidota
NC_018011_212959..226603	1	0	0	0	0	0	0	0	Bacteroidota
NC_018011_743546..823964	2	0	0	0	0	0	9	0	Bacteroidota
NC_018011_864600..889038	1	0	0	0	0	0	3	0	Bacteroidota
NC_018012_1478080..1681058	0	8	0	0	0	0	0	0	Proteobacteria
NC_018028_1401135..1461193	0	1	0	0	0	13	0	0	Proteobacteria
NC_018080_5097748..5188381	0	0	0	0	0	16	0	0	Proteobacteria
NC_018140_88470..258976	8	0	1	1	0	0	0	0	Proteobacteria
NC_018220_4537276..4681992	0	1	0	0	0	15	0	0	Proteobacteria
NC_018221_1885514..2011276	0	0	0	1	1	0	0	0	Firmicutes
NC_018485_1852989..1930021	8	0	0	0	0	0	2	0	Proteobacteria
NC_018485_94306..230925	8	0	0	0	0	0	2	0	Proteobacteria
NC_018522_1608318..1882592	7	0	0	0	0	0	0	0	Proteobacteria
NC_018585_2302552..2340760	0	0	0	6	2	0	1	0	Firmicutes
NC_018586_1417062..1479202	1	0	0	5	2	0	0	0	Firmicutes
NC_018641_557493..642414	0	0	0	0	2	0	1	0	Firmicutes
NC_018695_2198398..2383594	6	0	0	0	0	0	0	0	Proteobacteria
NC_018708_3122034..3253494	8	0	0	0	0	0	1	0	Proteobacteria
NC_018712_1302768..1367936	1	0	0	0	9	0	0	0	Firmicutes
NC_018828_531849..583368	0	1	0	0	0	13	0	0	Proteobacteria
NC_018867_12902..142905	3	0	0	0	9	0	1	0	Firmicutes_B
NC_018870_702994..806678	1	0	0	0	1	0	1	0	Firmicutes_B
NC_019042_1598550..1633731	0	0	0	2	2	0	0	0	Firmicutes
NC_019560_433003..491490	6	0	0	0	0	0	0	0	Campylobacterota
NC_019751_2604701..2850752	0	0	0	0	1	0	0	7	Cyanobacteria
NC_019903_1781220..1796908	0	0	0	0	0	0	1	0	Firmicutes_B
NC_019904_402987..456416	0	0	0	0	0	0	1	0	Bacteroidota
NC_019968_1116587..1192973	1	0	1	0	1	0	6	0	Bacteroidota
NC_019968_385491..395035	0	0	0	0	0	0	1	0	Bacteroidota
NC_020181_3327464..3377175	0	0	0	0	0	9	0	0	Proteobacteria
NC_020450_1189549..1255793	0	0	0	0	5	0	1	0	Firmicutes
NC_020450_642755..685334	0	0	0	3	0	0	0	0	Firmicutes
NC_020526_609218..636407	0	0	0	0	4	0	0	0	Firmicutes
NC_020829_2117621..2344591	8	0	0	0	0	0	1	0	Proteobacteria
NC_020834_1413543..1470213	0	0	0	0	0	16	0	0	Proteobacteria
NC_020834_1516953..1678827	0	0	0	0	0	2	0	0	Proteobacteria
NC_020908_3080228..3158208	4	0	0	0	0	0	0	0	Proteobacteria
NC_020912_5129453..5234036	1	0	0	0	0	16	0	0	Proteobacteria
NC_021082_1403543..1489989	0	0	0	0	0	2	0	0	Proteobacteria
NC_021172_3335703..3554140	8	0	0	0	0	0	1	0	Proteobacteria
NC_021172_599584..887322	1	0	0	0	0	0	2	0	Proteobacteria
NC_021172_898285..1050354	8	0	0	0	0	0	2	0	Proteobacteria
NC_021175_1285126..1335281	1	0	0	0	0	0	0	0	Firmicutes
NC_021175_1589082..1611514	0	0	0	6	1	0	0	0	Firmicutes
NC_021175_819538..918690	0	0	0	0	0	0	1	0	Firmicutes
NC_021213_578152..613634	0	0	0	6	1	0	0	0	Firmicutes
NC_021350_2303569..2414370	0	12	0	1	0	14	0	0	Proteobacteria
NC_021485_1280348..1318225	0	0	0	0	3	0	0	0	Firmicutes
NC_021485_568505..670314	0	0	0	6	1	0	0	0	Firmicutes
NC_021486_1215578..1289080	0	0	0	0	3	0	0	0	Firmicutes
NC_021491_4320977..4400746	8	0	0	0	0	0	0	0	Proteobacteria
NC_021577_1023533..1126247	1	0	0	0	0	16	0	0	Proteobacteria
NC_021739_2448686..2565700	0	0	0	0	0	2	0	0	Proteobacteria
NC_021743_2431215..2545377	0	0	0	0	0	2	0	0	Proteobacteria
NC_021900_1505059..1596648	0	0	0	6	1	0	0	0	Firmicutes
NC_021900_882831..966696	1	0	0	0	2	0	0	0	Firmicutes
NC_021991_2395990..2419945	0	0	0	0	0	0	1	0	Proteobacteria
NC_022124_493673..511997	0	0	0	0	0	0	1	0	Bacteroidota
NC_022234_1212674..1347340	4	0	0	0	0	0	0	0	Proteobacteria
NC_022237_642560..709668	0	0	0	4	4	0	1	0	Firmicutes
NC_022237_987537..1051785	1	0	0	0	12	0	0	0	Firmicutes
NC_022238_1214095..1395997	1	0	0	0	12	0	0	0	Firmicutes
NC_022238_24945..107292	0	0	0	6	1	0	0	0	Firmicutes
NC_022238_821342..955812	1	0	0	0	6	0	1	0	Firmicutes
NC_022239_1909425..1993501	1	0	0	0	12	0	0	0	Firmicutes
NC_022245_1146724..1340246	1	0	0	0	12	0	0	0	Firmicutes
NC_022246_1341623..1396909	0	0	0	0	2	0	0	0	Firmicutes
NC_022246_976329..1033738	1	0	0	0	12	0	0	0	Firmicutes
NC_022604_34796..75605	0	0	0	0	1	0	0	0	Firmicutes
NC_022665_840472..1042489	0	0	0	0	16	0	1	0	Firmicutes
NC_022808_4518241..4621030	1	0	0	0	0	16	0	0	Proteobacteria
NC_022904_383346..435738	0	0	1	0	0	0	0	0	Proteobacteria
NC_022997_793739..1043047	1	0	0	0	0	0	0	0	Proteobacteria
NC_023018_4694056..4746615	0	0	1	0	0	0	0	0	Proteobacteria
NC_023019_4826986..4895039	0	1	0	0	0	10	0	0	Proteobacteria
NC_023019_5252992..5341025	1	0	0	0	0	16	0	0	Proteobacteria
NC_023045_1200847..1258798	0	9	0	0	0	0	0	0	Proteobacteria
NC_023064_995038..1042290	0	1	0	0	0	13	0	0	Proteobacteria
NC_023066_2754491..2865608	0	1	0	0	0	16	0	0	Proteobacteria
NC_023076_3829773..4038256	8	0	0	0	0	0	1	0	Proteobacteria
NC_023134_791570..912449	1	0	0	5	2	0	0	0	Firmicutes
NC_023149_2412167..2511282	0	1	0	0	0	16	0	0	Proteobacteria
NZ_AP012327_1412726..1492113	0	0	0	0	1	0	0	0	Actinobacteriota
NZ_AP012333_173268..198208	1	0	0	0	4	0	0	0	Actinobacteriota
NZ_AP012541_2389796..2529180	0	0	0	0	0	0	1	0	Firmicutes
NZ_AP012541_484806..546485	0	0	0	0	1	0	0	0	Firmicutes
NZ_AP013044_3041332..3233649	1	0	0	0	0	0	3	0	Bacteroidota
NZ_AP013045_721868..729135	0	0	0	0	0	0	1	0	Bacteroidota
NZ_AP013072_1203865..1286569	1	0	0	2	4	0	0	0	Firmicutes
NZ_AP013072_2087414..2109746	0	0	0	4	1	0	0	0	Firmicutes
NZ_AP013072_360470..420602	1	0	0	0	10	0	0	0	Firmicutes
NZ_AP013103_1981648..2080208	8	0	0	0	0	0	1	0	Proteobacteria
NZ_AP013103_39414..154980	8	0	0	0	0	0	2	0	Proteobacteria
NZ_AP014597_1333391..1345602	0	0	0	0	0	0	1	0	Bacteroidota
NZ_AP014597_1389332..1405345	0	0	0	0	0	0	1	0	Bacteroidota
NZ_AP014597_1670459..1727251	0	0	0	0	0	0	1	0	Bacteroidota
NZ_AP014597_2069875..2104803	0	0	0	0	0	0	1	0	Bacteroidota
NZ_AP014597_388449..535201	2	0	0	0	0	0	10	0	Bacteroidota
NZ_AP014597_977778..1019096	0	0	0	0	0	0	1	0	Bacteroidota
NZ_AP014598_760047..796667	0	0	0	0	0	0	1	0	Bacteroidota
NZ_AP014622_3639574..3725874	0	1	0	0	0	16	0	0	Proteobacteria
NZ_AP014651_2496808..2626197	0	1	0	0	0	16	0	0	Proteobacteria
NZ_AP014651_5233625..5342651	0	1	0	0	0	16	0	0	Proteobacteria
NZ_AP014651_5699825..5782875	1	0	0	0	0	16	0	0	Proteobacteria
NZ_AP014685_4606825..4644764	0	0	0	0	0	0	1	0	Proteobacteria
NZ_AP014808_1454775..1572916	0	0	0	0	1	0	0	0	Firmicutes
NZ_AP014839_5301494..5407295	1	0	0	0	0	16	0	0	Proteobacteria
NZ_AP014862_1645992..1768012	0	1	0	0	0	16	0	0	Proteobacteria
NZ_AP014880_1020581..1119655	2	0	0	0	2	0	0	0	Firmicutes
NZ_AP014880_72848..132818	2	0	0	0	2	0	0	0	Firmicutes
NZ_AP014925_1932913..1987322	0	0	0	0	0	0	1	0	Bacteroidota
NZ_AP014956_1971817..2014389	0	0	0	6	1	0	0	0	Firmicutes
NZ_AP015029_3844037..3987520	0	1	0	0	0	15	0	0	Proteobacteria
NZ_AP015029_4361347..4441507	0	1	0	0	0	16	0	0	Proteobacteria
NZ_AP017302_2527206..2615773	0	1	0	0	0	16	0	0	Proteobacteria
NZ_AP017652_701345..768478	0	0	0	0	12	0	2	0	Firmicutes
NZ_AP017655_2285..205848	0	6	0	0	0	0	0	0	Proteobacteria
NZ_AP017655_291837..467120	5	0	0	0	0	0	0	0	Proteobacteria
NZ_AP017898_2237838..2304216	1	0	0	0	0	0	0	0	Proteobacteria
NZ_AP017898_3323892..3500305	8	0	0	0	1	0	1	0	Proteobacteria
NZ_AP017898_358748..407315	8	0	0	0	0	0	1	0	Proteobacteria
NZ_AP017898_766534..823578	0	7	0	0	0	0	0	0	Proteobacteria
NZ_AP017935_1297645..1422794	1	0	0	3	3	0	0	0	Firmicutes
NZ_AP017971_1050551..1104336	0	0	0	6	6	0	1	0	Firmicutes
NZ_AP018005_916939..983565	1	0	1	0	0	0	0	0	Proteobacteria
NZ_AP018042_5180929..5413522	0	0	0	0	0	0	6	0	Bacteroidota
NZ_AP018049_1527724..1538584	0	0	0	0	0	0	1	0	Bacteroidota
NZ_AP018338_662732..778701	0	0	0	6	13	0	2	0	Firmicutes
NZ_AP018392_585587..675630	0	0	0	0	2	0	1	0	Firmicutes
NZ_AP018400_952404..999749	0	0	0	0	6	0	0	0	Firmicutes
NZ_AP018439_5651017..5663298	1	0	5	0	0	0	0	0	Proteobacteria
NZ_AP018449_3400821..3449765	6	0	0	0	0	0	1	0	Firmicutes_C
NZ_AP018498_1839589..1863586	1	0	0	0	0	0	0	0	Proteobacteria
NZ_AP018498_2408763..2610610	0	11	0	0	0	0	0	0	Proteobacteria
NZ_AP018498_456268..510615	8	0	0	0	0	0	1	0	Proteobacteria
NZ_AP018532_1734570..1849332	1	0	0	0	0	0	1	0	Firmicutes_A
NZ_AP018532_2277380..2339414	0	0	0	1	9	0	1	0	Firmicutes_A
NZ_AP018532_263592..300277	0	0	0	0	2	0	1	0	Firmicutes_A
NZ_AP018543_2850901..2879711	0	0	0	6	1	0	0	0	Firmicutes
NZ_AP018560_514541..656523	0	1	0	0	0	16	0	0	Proteobacteria
NZ_AP018664_1024373..1109115	8	0	0	0	0	0	0	0	Proteobacteria
NZ_AP018664_3569535..3617590	4	0	0	0	0	0	1	0	Proteobacteria
NZ_AP018664_791403..839505	8	0	0	0	0	0	1	0	Proteobacteria
NZ_AP018671_745723..801440	0	0	0	0	0	16	0	0	Proteobacteria
NZ_AP018680_2088517..2130851	2	0	0	0	0	0	0	0	Proteobacteria
NZ_AP018726_1050489..1157647	0	0	0	6	1	0	0	0	Firmicutes
NZ_AP018756_844791..880713	0	0	0	0	1	0	0	0	Proteobacteria
NZ_AP018827_471866..531976	0	0	0	0	0	0	1	0	Proteobacteria
NZ_AP018920_5451567..5474451	1	0	0	0	0	0	0	0	Actinobacteriota
NZ_AP018922_375259..441175	1	0	0	5	1	0	0	0	Firmicutes
NZ_AP018935_1313665..1408927	1	0	0	0	13	0	0	0	Firmicutes
NZ_AP018935_907226..987148	1	0	0	6	1	0	0	0	Firmicutes
NZ_AP018936_971025..1113420	0	0	0	0	0	0	1	0	Firmicutes
NZ_AP018937_912386..1085658	0	0	0	6	13	0	2	0	Firmicutes
NZ_AP019011_532284..723112	8	0	0	0	0	0	0	0	Proteobacteria
NZ_AP019192_1093953..1138954	0	0	0	0	4	0	1	0	Firmicutes
NZ_AP019305_1829155..1936381	0	0	0	7	1	0	0	0	Firmicutes
NZ_AP019306_1958650..2045042	0	0	0	7	1	0	0	0	Firmicutes
NZ_AP019394_2143733..2263799	1	1	0	0	0	0	0	0	Firmicutes
NZ_AP019695_1377478..1511563	1	0	0	1	7	0	1	0	Firmicutes
NZ_AP019695_2859765..2915563	1	0	0	7	1	0	0	0	Firmicutes
NZ_AP019711_184211..277338	0	0	0	7	2	0	0	0	Firmicutes
NZ_AP019712_1385564..1427031	1	0	0	5	1	0	1	0	Firmicutes
NZ_AP019724_1824341..1886583	1	0	0	0	0	0	11	0	Bacteroidota
NZ_AP019724_4402832..4459322	0	0	0	0	0	0	1	0	Bacteroidota
NZ_AP019729_5122651..5144227	0	0	0	0	0	0	2	0	Bacteroidota
NZ_AP019729_996003..1058292	0	0	0	0	1	0	0	0	Bacteroidota
NZ_AP019730_671697..904698	4	0	0	0	0	0	0	0	Campylobacterota
NZ_AP019734_1007553..1051250	0	0	0	0	0	0	10	0	Bacteroidota
NZ_AP019734_1191813..1258220	1	0	0	0	1	0	2	0	Bacteroidota
NZ_AP019734_1914005..2078892	2	0	0	0	0	0	8	0	Bacteroidota
NZ_AP019734_3151654..3193258	0	0	0	0	0	0	1	0	Bacteroidota
NZ_AP019735_12563..288276	1	0	0	0	0	0	11	0	Bacteroidota
NZ_AP019735_1323005..1339839	0	0	0	0	0	0	1	0	Bacteroidota
NZ_AP019735_2825059..2837335	0	0	0	0	0	0	1	0	Bacteroidota
NZ_AP019738_2070225..2112658	0	0	0	0	0	0	1	0	Bacteroidota
NZ_AP019738_2473019..2614421	1	0	0	0	2	0	8	0	Bacteroidota
NZ_AP019738_287593..353399	1	0	0	0	0	0	11	0	Bacteroidota
NZ_AP019738_881826..899708	0	0	0	0	0	0	1	0	Bacteroidota
NZ_AP019739_1377368..1389564	0	0	0	0	0	0	1	0	Bacteroidota
NZ_AP019739_2327826..2432835	1	0	0	0	0	0	9	0	Bacteroidota
NZ_AP019740_1389905..1455322	0	0	0	0	1	0	0	0	Proteobacteria
NZ_AP019810_291409..333947	0	0	0	4	0	0	0	0	Firmicutes
NZ_AP019814_1323035..1421812	1	0	0	7	2	0	0	0	Firmicutes
NZ_AP019814_1985595..2090274	1	0	0	0	2	0	0	0	Firmicutes
NZ_AP019814_2100788..2302818	0	0	0	7	1	0	1	0	Firmicutes
NZ_AP019829_367603..561020	0	0	0	0	2	0	0	0	Fusobacteriota
NZ_AP019831_1174135..1400538	0	0	0	0	3	0	0	0	Fusobacteriota
NZ_AP019831_228728..333417	6	0	0	0	1	0	0	0	Fusobacteriota
NZ_AP019835_1578914..1628094	7	0	0	0	1	0	0	0	Fusobacteriota
NZ_AP020316_1317649..1387483	0	0	0	4	1	0	0	0	Firmicutes
NZ_AP020316_1559977..1613323	1	0	0	5	1	0	0	0	Firmicutes
NZ_AP020318_40604..97174	0	0	0	4	0	0	0	0	Firmicutes
NZ_AP020322_1431052..1495110	0	0	0	6	1	0	0	0	Firmicutes
NZ_AP021844_2051632..2061076	0	0	1	0	0	0	0	0	Proteobacteria
NZ_AP021844_2782878..2863097	0	1	0	0	0	16	0	0	Proteobacteria
NZ_AP021854_1773639..1811170	8	0	0	0	0	0	2	0	Proteobacteria
NZ_AP021879_3373931..3505898	0	0	0	0	0	0	1	0	Desulfobacterota
NZ_AP021880_1865136..1929396	7	0	0	0	0	0	0	0	Proteobacteria
NZ_AP021884_2442307..2488695	8	0	0	0	0	0	1	0	Proteobacteria
NZ_AP021889_1810350..1864108	0	0	0	0	1	12	0	0	Proteobacteria
NZ_AP021893_1819363..1870891	7	0	0	0	0	0	0	0	Proteobacteria
NZ_AP021900_2442403..2604002	0	1	0	0	0	15	0	0	Proteobacteria
NZ_AP021901_1825765..2024608	0	1	0	0	0	15	0	0	Proteobacteria
NZ_AP021901_4088903..4242962	0	0	0	0	0	15	0	0	Proteobacteria
NZ_AP021902_3719205..3880101	0	1	0	0	0	15	0	0	Proteobacteria
NZ_AP021917_1818562..1923853	8	0	0	0	0	0	1	0	Proteobacteria
NZ_AP021940_4268673..4305685	0	0	0	0	1	0	0	0	Proteobacteria
NZ_AP022013_816257..856418	3	0	0	0	0	0	0	0	Proteobacteria
NZ_AP022077_1894791..2348956	1	0	0	0	0	1	0	0	Proteobacteria
NZ_AP022108_1553691..1769778	7	0	0	0	0	0	0	0	Proteobacteria
NZ_AP022254_2753115..2821368	3	0	0	0	0	0	0	0	Proteobacteria
NZ_AP022256_1714858..1933998	4	0	0	0	1	0	0	0	Proteobacteria
NZ_AP022313_1673123..1744180	1	0	0	0	1	0	7	0	Bacteroidota
NZ_AP022321_1666543..1877554	0	0	0	6	1	0	0	0	Firmicutes_C
NZ_AP022341_2609516..2730219	0	0	0	6	1	0	0	0	Firmicutes
NZ_AP022341_728119..746283	0	1	0	0	0	0	0	0	Firmicutes
NZ_AP022345_1327901..1403740	8	0	0	0	0	0	0	0	Proteobacteria
NZ_AP022347_1674900..1749928	8	0	0	0	0	0	0	0	Proteobacteria
NZ_AP022347_2041089..2083572	8	0	0	0	0	0	0	0	Proteobacteria
NZ_AP022362_93082..216224	0	12	0	0	1	0	0	0	Proteobacteria
NZ_AP022371_3358839..3435281	0	0	0	0	1	0	0	0	Proteobacteria
NZ_AP022372_2255748..2316363	0	0	0	0	0	16	0	0	Proteobacteria
NZ_AP022372_3589747..3594220	0	0	0	0	0	1	0	0	Proteobacteria
NZ_AP022373_989819..1082549	0	1	0	0	0	16	0	0	Proteobacteria
NZ_AP022378_1224265..1362495	8	0	0	0	0	0	0	0	Proteobacteria
NZ_AP022389_4578929..4663426	2	0	0	0	0	0	0	0	Proteobacteria
NZ_AP022409_4103245..4146251	0	0	0	0	0	13	0	0	Proteobacteria
NZ_AP022419_1868443..1912737	7	0	0	0	0	0	0	0	Proteobacteria
NZ_AP022419_3224473..3291222	0	0	0	0	1	0	0	0	Proteobacteria
NZ_AP022452_3841324..3882519	0	0	0	0	1	0	0	0	Proteobacteria
NZ_AP022465_4073577..4170509	0	0	0	0	0	17	0	0	Proteobacteria
NZ_AP022473_4479101..4664712	8	0	0	0	1	0	1	0	Proteobacteria
NZ_AP022510_412918..506905	1	0	0	0	1	17	0	0	Proteobacteria
NZ_AP022519_3091494..3134590	7	0	0	0	0	0	0	0	Proteobacteria
NZ_AP022547_2027456..2098507	7	0	0	0	0	0	0	0	Proteobacteria
NZ_AP022591_361675..395927	1	0	0	0	0	0	0	0	Actinobacteriota
NZ_AP022608_309084..388986	0	0	0	0	1	0	0	0	Actinobacteriota
NZ_AP022614_4985199..5099353	0	0	0	0	1	0	0	0	Actinobacteriota
NZ_AP022672_147734..356807	8	0	0	0	0	0	1	0	Proteobacteria
NZ_AP022815_4960398..5041685	1	0	0	0	0	17	0	0	Proteobacteria
NZ_AP022822_2442162..2521982	0	0	0	7	1	0	0	0	Firmicutes
NZ_AP023027_267480..333327	1	0	0	0	8	0	0	0	Firmicutes_A
NZ_AP023034_2276730..2358574	1	0	0	5	2	0	0	0	Firmicutes
NZ_AP023049_2869596..2875575	0	0	0	0	0	0	1	0	Bacteroidota
NZ_AP023049_556961..571307	0	0	0	0	0	0	1	0	Bacteroidota
NZ_AP023247_5791300..5980243	8	0	0	0	0	0	0	0	Proteobacteria
NZ_AP023321_1145078..1217065	1	0	0	1	9	0	0	0	Firmicutes_A
NZ_AP023322_1377196..1493968	1	0	0	0	1	0	8	0	Bacteroidota
NZ_AP023322_176765..476326	1	0	0	0	0	0	12	0	Bacteroidota
NZ_AP023322_1880370..1930396	0	0	0	0	0	0	1	0	Bacteroidota
NZ_AP023322_2508694..2545321	1	0	0	0	0	0	11	0	Bacteroidota
NZ_AP023326_323178..469641	8	0	0	0	0	0	0	0	Proteobacteria
NZ_AP023388_725612..767733	0	0	0	0	1	0	0	0	Firmicutes
NZ_AP023392_1306990..1408301	1	0	0	0	9	0	0	0	Firmicutes
NZ_AP023392_947514..1094808	0	0	0	0	6	0	0	0	Firmicutes
NZ_AP023394_1510415..1547851	1	0	0	3	2	0	0	0	Firmicutes
NZ_AP023398_3477038..3574023	0	1	0	0	0	0	0	0	Proteobacteria
NZ_AP023452_3014211..3096164	7	0	0	0	0	0	0	0	Proteobacteria
NZ_AP023453_4131920..4186862	0	0	0	0	0	16	0	0	Proteobacteria
NZ_AP024085_2312112..2392447	0	0	0	6	1	0	0	0	Firmicutes
NZ_AP024136_1490171..1530914	8	0	0	0	0	0	0	0	Proteobacteria
NZ_AP024136_3904044..3999750	8	0	0	0	0	0	1	0	Proteobacteria
NZ_AP024172_1008451..1091826	8	0	0	0	0	0	0	0	Proteobacteria
NZ_AP024172_2993743..3108513	0	1	0	0	0	16	0	0	Proteobacteria
NZ_AP024172_3374504..3436440	0	1	0	0	0	13	0	0	Proteobacteria
NZ_AP024235_4096452..4453861	1	0	0	0	1	0	0	0	Proteobacteria
NZ_AP024239_376..114732	1	12	0	0	0	1	0	0	Proteobacteria
NZ_AP024354_3141331..3240382	0	1	0	0	0	16	0	0	Proteobacteria
NZ_AP024402_1364588..1418037	0	0	0	0	0	4	0	0	Proteobacteria
NZ_AP024469_2353732..2474516	1	0	0	0	1	0	0	0	Desulfobacterota
NZ_AP024470_2330695..2345245	1	0	0	0	0	0	0	0	Actinobacteriota
NZ_AP024510_1975149..2044527	0	0	0	5	1	0	0	0	Firmicutes
NZ_AP024510_389972..444452	1	0	0	0	7	0	1	0	Firmicutes
NZ_AP024524_2399769..2575488	1	0	0	0	1	0	0	0	Proteobacteria
NZ_CP003987_7509599..7515748	0	0	0	0	1	0	0	0	Actinobacteriota
NZ_CP004003_1513618..1528842	1	0	0	0	0	0	0	0	Proteobacteria
NZ_CP004042_3916127..3931354	1	0	0	0	0	0	0	0	Proteobacteria
NZ_CP004081_2155333..2234039	0	0	0	6	1	0	0	0	Firmicutes
NZ_CP004081_422204..559658	0	0	0	2	0	0	0	0	Firmicutes
NZ_CP004350_2492391..2617642	0	0	0	0	1	0	1	0	Actinobacteriota
NZ_CP004353_699639..785556	1	0	0	0	1	0	0	0	Actinobacteriota
NZ_CP004387_3236860..3298208	0	1	0	0	0	16	0	0	Proteobacteria
NZ_CP004388_2832571..2869895	6	0	0	0	0	0	0	0	Proteobacteria
NZ_CP004393_931456..992140	8	0	0	0	0	0	1	0	Proteobacteria
NZ_CP005083_2490581..2569073	8	0	0	0	0	0	1	0	Proteobacteria
NZ_CP005083_560094..729888	8	1	0	0	0	0	2	0	Proteobacteria
NZ_CP005083_897772..977407	8	0	0	0	0	0	1	0	Proteobacteria
NZ_CP005188_1718305..1912772	0	11	0	0	0	0	0	0	Proteobacteria
NZ_CP005188_1974028..2036408	8	0	0	0	0	0	1	0	Proteobacteria
NZ_CP005974_381388..537136	0	0	0	0	1	0	0	0	Proteobacteria
NZ_CP006256_5176479..5225878	0	1	0	0	0	15	0	0	Proteobacteria
NZ_CP006644_1925688..2074084	0	11	0	0	0	0	0	0	Proteobacteria
NZ_CP006692_4231085..4295129	0	0	0	0	0	15	0	0	Proteobacteria
NZ_CP006704_1699947..1816630	8	0	0	0	0	0	1	0	Proteobacteria
NZ_CP006704_2942642..3299679	8	1	0	0	1	15	0	0	Proteobacteria
NZ_CP006704_3455922..3543368	8	0	0	0	0	0	0	0	Proteobacteria
NZ_CP006722_1886399..1995488	7	0	0	0	0	0	0	0	Proteobacteria
NZ_CP006770_1113592..1197336	0	0	0	0	1	0	0	0	Firmicutes
NZ_CP006828_2084273..2170507	1	0	0	0	0	0	12	0	Bacteroidota
NZ_CP006877_3125451..3176841	8	0	0	0	0	0	0	0	Proteobacteria
NZ_CP006903_786747..832537	0	0	0	0	1	0	0	0	Firmicutes_A
NZ_CP006910_384739..424122	0	0	0	0	3	0	0	0	Firmicutes
NZ_CP006923_740709..797338	0	0	0	0	0	16	0	0	Proteobacteria
NZ_CP006929_2826399..2870902	7	0	0	0	0	0	0	0	Proteobacteria
NZ_CP006929_3161166..3214170	2	0	0	0	0	0	0	0	Proteobacteria
NZ_CP006947_2338447..2486176	0	12	0	0	0	0	0	0	Proteobacteria
NZ_CP006956_243598..304351	0	0	0	0	0	16	0	0	Proteobacteria
NZ_CP006999_1230352..1273204	7	0	0	0	0	0	1	0	Campylobacterota
NZ_CP007014_2591336..2746640	1	1	0	0	0	16	0	0	Proteobacteria
NZ_CP007016_201319..216182	0	0	0	1	0	0	0	0	Firmicutes
NZ_CP007030_1203385..1266869	1	0	0	0	0	12	0	0	Proteobacteria
NZ_CP007034_1619495..1692084	0	0	0	0	0	1	0	0	Bacteroidota
NZ_CP007034_2867491..2955026	0	0	0	0	0	0	4	0	Bacteroidota
NZ_CP007035_1270346..1308642	0	0	0	0	0	0	1	0	Bacteroidota
NZ_CP007040_188746..243668	0	0	0	0	0	16	0	0	Proteobacteria
NZ_CP007044_391559..446895	0	0	0	0	0	16	0	0	Proteobacteria
NZ_CP007062_2205947..2343109	7	0	0	0	0	0	0	0	Fusobacteriota
NZ_CP007062_410125..449463	8	0	0	1	0	0	1	0	Fusobacteriota
NZ_CP007064_1563112..1605710	8	0	0	1	0	0	1	0	Fusobacteriota
NZ_CP007142_5229280..5243864	1	0	1	0	0	0	0	0	Proteobacteria
NZ_CP007147_2684203..2769071	1	0	0	0	0	16	0	0	Proteobacteria
NZ_CP007201_1658801..1910259	0	4	0	0	0	0	0	0	Campylobacterota
NZ_CP007206_1968062..1998395	0	0	0	0	0	0	1	0	Bacteroidota
NZ_CP007215_4409050..4446000	7	0	0	0	0	0	0	0	Proteobacteria
NZ_CP007241_855126..879976	0	0	0	6	1	0	0	0	Firmicutes
NZ_CP007391_3927650..4189436	0	12	0	0	1	0	0	0	Proteobacteria
NZ_CP007410_4261172..4401716	0	1	0	0	0	15	0	0	Proteobacteria
NZ_CP007445_2856732..3042896	0	0	0	0	0	15	0	0	Proteobacteria
NZ_CP007452_440077..677374	1	0	0	0	11	0	0	0	Firmicutes_A
NZ_CP007456_1418297..1490512	1	0	0	0	1	0	0	0	Actinobacteriota
NZ_CP007497_808718..964358	0	0	0	6	15	0	1	0	Firmicutes
NZ_CP007499_364134..467599	0	0	0	7	1	0	0	0	Firmicutes
NZ_CP007511_3121980..3242780	0	1	0	0	0	16	0	0	Proteobacteria
NZ_CP007539_739705..797107	2	0	0	5	1	0	0	0	Firmicutes
NZ_CP007547_1535819..1652136	1	0	0	0	1	0	6	0	Bacteroidota
NZ_CP007547_1652224..1761250	1	0	0	0	2	0	6	0	Bacteroidota
NZ_CP007547_3359007..3582112	0	0	0	0	0	0	9	0	Bacteroidota
NZ_CP007547_615189..689259	1	0	0	0	1	0	6	0	Bacteroidota
NZ_CP007557_3309732..3430730	8	0	0	0	0	0	0	0	Proteobacteria
NZ_CP007570_1816539..1904930	1	0	0	6	1	0	0	0	Firmicutes
NZ_CP007570_583111..654901	0	0	0	1	7	0	2	0	Firmicutes
NZ_CP007571_1810168..1873645	0	0	0	6	1	0	0	0	Firmicutes
NZ_CP007571_682856..750192	1	0	0	0	9	0	0	0	Firmicutes
NZ_CP007572_1831215..1897112	0	0	0	6	1	0	0	0	Firmicutes
NZ_CP007572_192991..269371	1	0	0	0	0	0	0	0	Firmicutes
NZ_CP007572_693329..713233	0	0	0	0	3	0	0	0	Firmicutes
NZ_CP007573_756572..855220	0	0	0	1	9	0	0	0	Firmicutes
NZ_CP007631_1303092..1360194	0	0	0	1	9	0	0	0	Firmicutes
NZ_CP007631_575779..709724	0	0	0	6	1	0	0	0	Firmicutes
NZ_CP007686_1106264..1159578	0	0	0	7	1	0	0	0	Firmicutes
NZ_CP007712_2521556..3083185	1	0	0	0	0	1	0	0	Proteobacteria
NZ_CP007715_1013208..1082867	0	0	0	0	1	16	0	0	Proteobacteria
NZ_CP007727_4563040..4622287	0	0	0	0	0	16	0	0	Proteobacteria
NZ_CP007783_2077771..2286007	8	0	0	0	0	0	0	0	Proteobacteria
NZ_CP007784_966448..1024038	8	0	0	0	0	0	0	0	Proteobacteria
NZ_CP007786_1241146..1475297	7	0	0	0	0	0	0	0	Proteobacteria
NZ_CP007787_2178060..2361789	8	0	0	0	0	0	0	0	Proteobacteria
NZ_CP007810_4254770..4384951	8	0	0	0	0	0	0	0	Proteobacteria
NZ_CP008696_5244798..5349363	1	1	0	0	0	16	0	0	Proteobacteria
NZ_CP008728_272754..863135	4	0	0	0	0	0	1	0	Proteobacteria
NZ_CP008730_680891..724028	3	0	0	0	0	0	0	0	Proteobacteria
NZ_CP008739_1657845..1745231	0	1	0	0	0	16	0	0	Proteobacteria
NZ_CP008739_2134527..2178848	0	0	0	0	0	15	0	0	Proteobacteria
NZ_CP008739_853495..992284	8	0	0	0	0	0	1	0	Proteobacteria
NZ_CP008742_1839334..1863784	0	0	1	0	0	0	0	0	Proteobacteria
NZ_CP008743_1026016..1083536	1	11	0	0	0	1	0	0	Proteobacteria
NZ_CP008760_3560977..3680396	0	1	0	0	0	16	0	0	Proteobacteria
NZ_CP008760_7033..169363	0	0	0	0	1	0	0	0	Proteobacteria
NZ_CP008788_4661234..4716378	7	0	0	0	0	0	0	0	Proteobacteria
NZ_CP008788_4870877..4910672	0	0	0	0	1	0	0	0	Proteobacteria
NZ_CP008801_2927012..3055674	0	12	0	0	0	0	0	0	Proteobacteria
NZ_CP008810_1830651..1855874	1	0	0	0	0	0	0	0	Campylobacterota
NZ_CP008813_566786..637345	0	0	0	6	12	0	1	0	Firmicutes
NZ_CP008816_1059829..1114701	0	0	0	6	1	0	0	0	Firmicutes
NZ_CP008819_674815..785835	8	0	0	0	0	0	0	0	Proteobacteria
NZ_CP008856_5221858..5338071	2	0	0	0	0	16	0	0	Proteobacteria
NZ_CP008857_3269423..3355117	0	0	0	0	0	16	0	0	Proteobacteria
NZ_CP008857_6928303..7146932	8	0	0	0	0	0	1	0	Proteobacteria
NZ_CP008858_5314589..5418165	1	0	0	0	0	16	0	0	Proteobacteria
NZ_CP008860_5258436..5361673	1	0	0	0	0	16	0	0	Proteobacteria
NZ_CP008860_5517023..5535833	0	0	1	0	0	0	0	0	Proteobacteria
NZ_CP008861_3361731..3467299	8	0	0	0	0	0	1	0	Proteobacteria
NZ_CP008861_5739208..5820841	0	0	0	0	0	16	0	0	Proteobacteria
NZ_CP008862_1207510..1325095	1	0	0	0	0	16	0	0	Proteobacteria
NZ_CP008864_2652992..2720149	8	0	0	0	0	0	1	0	Proteobacteria
NZ_CP008865_3906524..4063924	8	0	0	0	0	0	1	0	Proteobacteria
NZ_CP008865_4715709..4827366	1	0	0	0	0	16	0	0	Proteobacteria
NZ_CP008865_5091614..5212245	0	1	0	0	0	16	0	0	Proteobacteria
NZ_CP008865_5573693..5659002	0	0	0	0	0	16	0	0	Proteobacteria
NZ_CP008866_5456109..5543956	0	0	0	0	0	16	0	0	Proteobacteria
NZ_CP008868_6168538..6322885	0	0	0	0	0	15	0	0	Proteobacteria
NZ_CP008869_5440677..5533836	0	0	0	0	0	16	0	0	Proteobacteria
NZ_CP008870_1353554..1597568	8	0	0	0	1	0	1	0	Proteobacteria
NZ_CP008870_3486532..3601748	0	1	0	0	0	16	0	0	Proteobacteria
NZ_CP008870_5107015..5201681	0	1	0	0	0	16	0	0	Proteobacteria
NZ_CP008871_4687981..4791112	1	0	0	0	0	16	0	0	Proteobacteria
NZ_CP008871_5053830..5184310	0	1	0	0	0	15	0	0	Proteobacteria
NZ_CP008873_5469280..5587900	0	1	0	0	0	16	0	0	Proteobacteria
NZ_CP008902_523841..554143	0	0	0	0	0	0	1	0	Bacteroidota
NZ_CP008909_2460938..2482922	0	0	1	0	0	0	0	0	Proteobacteria
NZ_CP008929_5176327..5297023	7	0	0	0	0	0	0	0	Proteobacteria
NZ_CP008941_158097..332876	0	7	0	0	0	0	0	0	Proteobacteria
NZ_CP009114_2675897..2733886	0	0	0	0	0	16	0	0	Proteobacteria
NZ_CP009122_286928..412441	0	9	0	0	0	0	0	0	Proteobacteria
NZ_CP009124_1934096..1976393	0	0	0	0	1	0	0	0	Actinobacteriota
NZ_CP009157_285791..387462	0	1	0	0	0	16	0	0	Proteobacteria
NZ_CP009161_3513859..3596216	1	0	0	0	0	0	0	0	Proteobacteria
NZ_CP009209_1325903..1343051	0	0	1	0	0	0	0	0	Proteobacteria
NZ_CP009223_875976..937502	1	0	0	0	0	0	0	0	Firmicutes
NZ_CP009235_1097088..1111075	1	0	0	0	0	0	0	0	Proteobacteria
NZ_CP009240_1592631..1673448	0	0	0	0	1	0	0	0	Firmicutes_C
NZ_CP009240_1822953..2040553	8	0	0	0	1	0	0	0	Firmicutes_C
NZ_CP009242_1338715..1397775	0	0	0	5	2	0	0	0	Firmicutes
NZ_CP009278_3273538..3513993	0	0	0	0	1	0	9	0	Bacteroidota
NZ_CP009278_3876872..4100545	0	0	0	0	0	0	9	0	Bacteroidota
NZ_CP009278_5784..96574	0	0	0	0	0	0	10	0	Bacteroidota
NZ_CP009283_2280984..2361610	1	0	0	0	0	0	0	0	Firmicutes
NZ_CP009291_961755..1132279	1	12	0	0	0	0	0	0	Proteobacteria
NZ_CP009297_1529166..1825945	1	0	0	0	0	1	0	0	Proteobacteria
NZ_CP009300_2042253..2067800	0	0	0	0	0	0	1	0	Firmicutes
NZ_CP009301_102076..108344	0	0	0	0	0	0	1	0	Bacteroidota
NZ_CP009301_1888332..1918083	1	0	0	0	0	0	0	0	Bacteroidota
NZ_CP009323_461..109650	8	0	0	0	0	0	0	0	Proteobacteria
NZ_CP009338_414047..493471	0	0	0	0	0	1	0	0	Proteobacteria
NZ_CP009365_240499..364957	0	0	0	0	0	15	0	0	Proteobacteria
NZ_CP009365_627457..712050	0	1	0	0	0	16	0	0	Proteobacteria
NZ_CP009369_2609613..2687743	0	0	0	0	0	0	1	0	Firmicutes
NZ_CP009429_4259348..4494685	8	0	0	0	0	0	1	0	Proteobacteria
NZ_CP009450_1618833..1729441	0	0	0	0	0	3	0	0	Proteobacteria
NZ_CP009452_4089109..4150786	8	0	0	0	0	0	1	0	Proteobacteria
NZ_CP009452_4187049..4216078	8	0	0	0	0	0	1	0	Proteobacteria
NZ_CP009454_4261524..4314886	0	0	0	0	0	16	0	0	Proteobacteria
NZ_CP009460_4524450..4560569	7	0	0	0	0	0	0	0	Proteobacteria
NZ_CP009551_3544357..3633089	8	0	0	0	0	0	0	0	Proteobacteria
NZ_CP009588_354823..434233	0	0	0	0	0	1	0	0	Proteobacteria
NZ_CP009612_1041596..1097947	0	0	0	6	3	0	0	0	Firmicutes
NZ_CP009621_98590..253336	0	0	0	0	0	0	7	0	Bacteroidota
NZ_CP009623_176379..235169	0	0	0	5	1	0	0	0	Firmicutes
NZ_CP009632_264628..766177	8	0	0	0	0	0	0	0	Proteobacteria
NZ_CP009681_2128888..2312407	0	0	0	6	1	0	0	0	Firmicutes
NZ_CP009728_845467..878786	0	0	0	0	0	1	0	0	Proteobacteria
NZ_CP009761_994373..1096074	1	0	0	0	12	0	0	0	Firmicutes_A
NZ_CP009765_2934593..2950887	2	0	0	0	0	0	0	0	Proteobacteria
NZ_CP009769_1700522..1775780	7	0	0	0	0	0	0	0	Proteobacteria
NZ_CP009771_3473517..3611166	7	0	0	0	0	0	0	0	Proteobacteria
NZ_CP009771_4725904..4784625	0	0	0	0	0	16	0	0	Proteobacteria
NZ_CP009775_3429929..3562951	7	0	0	0	0	0	0	0	Proteobacteria
NZ_CP009798_2958993..3067732	8	0	0	0	0	0	0	0	Proteobacteria
NZ_CP009832_1035792..1064120	0	1	0	0	0	16	0	0	Proteobacteria
NZ_CP009880_2681596..2788499	8	0	0	0	0	0	0	0	Proteobacteria
NZ_CP009885_1399531..1497444	1	1	0	0	0	16	0	0	Proteobacteria
NZ_CP009887_2755579..2782222	0	0	0	0	0	0	1	0	Bacteroidota
NZ_CP009928_4350327..4415476	0	0	0	0	0	0	1	0	Bacteroidota
NZ_CP009928_982..233496	0	0	0	0	0	0	10	0	Bacteroidota
NZ_CP009997_2281206..2353034	0	0	0	0	0	16	0	0	Proteobacteria
NZ_CP010125_2662211..2730777	7	0	0	0	0	0	0	0	Proteobacteria
NZ_CP010133_1712765..1781033	0	0	0	0	0	13	0	0	Proteobacteria
NZ_CP010143_4607464..4724856	7	0	0	0	0	0	0	0	Proteobacteria
NZ_CP010160_1318503..1357866	0	0	0	0	1	0	0	0	Proteobacteria
NZ_CP010186_1254875..1601882	0	0	0	0	2	0	0	0	Proteobacteria
NZ_CP010213_833263..920712	0	1	0	0	0	16	0	0	Proteobacteria
NZ_CP010221_1591596..1875591	0	0	0	0	2	0	0	0	Proteobacteria
NZ_CP010221_39330..127219	0	1	0	0	0	16	0	0	Proteobacteria
NZ_CP010309_1563541..1739931	0	0	0	5	1	0	0	0	Firmicutes
NZ_CP010327_3459011..3700397	1	0	0	0	0	0	7	0	Bacteroidota
NZ_CP010349_834758..916315	0	0	0	0	0	1	0	0	Proteobacteria
NZ_CP010350_1441285..1657920	1	0	0	0	1	0	0	0	Proteobacteria
NZ_CP010359_1099636..1199390	0	1	0	0	0	15	0	0	Proteobacteria
NZ_CP010359_3094783..3147672	8	0	0	0	0	0	0	0	Proteobacteria
NZ_CP010376_3932342..4029507	1	0	0	0	0	17	0	0	Proteobacteria
NZ_CP010445_614676..729232	0	12	0	0	0	0	0	0	Proteobacteria
NZ_CP010449_1025118..1175400	1	0	0	6	9	0	0	0	Firmicutes
NZ_CP010453_1248215..1484068	1	0	0	0	7	0	0	0	Actinobacteriota
NZ_CP010528_799934..837852	0	0	0	1	0	0	0	0	Firmicutes
NZ_CP010535_2834337..2858515	0	0	0	0	0	0	1	0	Bacteroidota
NZ_CP010535_3130407..3212048	1	0	0	0	0	0	3	0	Bacteroidota
NZ_CP010537_663805..822801	0	12	0	0	0	0	0	0	Proteobacteria
NZ_CP010554_1864302..1937659	8	0	0	0	0	0	0	0	Proteobacteria
NZ_CP010554_536511..598793	8	0	0	0	0	0	1	0	Proteobacteria
NZ_CP010554_899551..1062079	1	12	0	0	0	0	0	0	Proteobacteria
NZ_CP010555_5486878..5572127	0	0	0	0	0	16	0	0	Proteobacteria
NZ_CP010595_2359759..2421488	7	0	0	0	0	0	0	0	Proteobacteria
NZ_CP010673_1075635..1209324	7	0	0	0	0	0	0	0	Proteobacteria
NZ_CP010681_2167186..2198625	7	0	0	0	0	0	0	0	Proteobacteria
NZ_CP010783_1742473..1834347	0	0	0	0	2	0	0	0	Firmicutes
NZ_CP010784_1075635..1173906	7	0	0	0	0	0	0	0	Proteobacteria
NZ_CP010817_1424108..1613973	0	0	0	0	0	0	7	0	Bacteroidota
NZ_CP010820_3154701..3203821	3	1	0	1	2	0	0	0	Firmicutes
NZ_CP010849_2394988..2411458	1	0	0	0	0	0	0	0	Actinobacteriota
NZ_CP010867_568713..671703	0	0	0	6	1	0	0	0	Firmicutes
NZ_CP010875_1641757..1693115	0	0	0	4	1	0	0	0	Firmicutes
NZ_CP010888_94917..205460	0	0	0	5	1	0	0	0	Firmicutes_A
NZ_CP010892_3693591..3887131	8	0	0	0	0	0	0	0	Proteobacteria
NZ_CP010892_3937595..4013242	8	0	0	0	0	0	0	0	Proteobacteria
NZ_CP010905_2203821..2629868	0	0	0	0	0	0	1	0	Firmicutes_A
NZ_CP010905_3771777..4041557	2	0	0	7	1	0	0	0	Firmicutes_A
NZ_CP010905_470632..684477	1	0	0	0	12	0	0	0	Firmicutes_A
NZ_CP010945_1443831..1489108	0	0	1	0	0	0	0	0	Proteobacteria
NZ_CP010954_341255..482608	8	0	0	0	0	0	0	0	Proteobacteria
NZ_CP010954_3793317..4001136	0	11	0	0	0	1	0	0	Proteobacteria
NZ_CP010993_2879111..2943554	1	0	0	0	0	0	0	0	Firmicutes_A
NZ_CP010995_1070960..1144598	6	0	0	0	0	0	0	0	Campylobacterota
NZ_CP011007_548556..579437	1	0	0	6	1	0	0	0	Firmicutes
NZ_CP011013_1130104..1312089	0	0	0	0	1	0	0	0	Firmicutes
NZ_CP011020_5532483..5658744	0	1	0	0	0	15	0	0	Proteobacteria
NZ_CP011059_1587939..1682866	1	0	0	0	1	0	6	0	Bacteroidota
NZ_CP011068_1076582..1094647	0	0	0	0	1	0	0	0	Firmicutes
NZ_CP011069_1066550..1108671	0	0	0	0	1	0	0	0	Firmicutes
NZ_CP011071_1862446..1924995	0	0	0	0	0	0	3	0	Bacteroidota
NZ_CP011072_2709219..2925020	0	0	0	0	0	15	0	0	Proteobacteria
NZ_CP011072_4894159..5067957	0	1	0	0	0	16	0	0	Proteobacteria
NZ_CP011073_2165864..2174548	0	0	0	0	0	0	1	0	Bacteroidota
NZ_CP011073_4823954..4840021	0	0	0	0	0	0	1	0	Bacteroidota
NZ_CP011073_561200..635402	0	0	0	0	0	1	10	0	Bacteroidota
NZ_CP011099_1679600..1917567	0	0	0	0	1	2	0	0	Proteobacteria
NZ_CP011105_2699594..2828163	8	0	0	0	0	0	0	0	Proteobacteria
NZ_CP011132_2116326..2194641	0	0	0	0	0	16	0	0	Proteobacteria
NZ_CP011132_2202092..2249271	7	0	0	0	0	0	0	0	Proteobacteria
NZ_CP011132_3650766..3701669	0	1	0	0	0	15	0	0	Proteobacteria
NZ_CP011132_5429588..5517629	0	0	0	0	0	17	0	0	Proteobacteria
NZ_CP011144_1273006..1314151	8	0	0	0	0	0	1	0	Proteobacteria
NZ_CP011250_4010076..4249879	3	0	0	0	0	0	0	0	Proteobacteria
NZ_CP011252_649959..732925	1	0	0	7	1	0	0	0	Firmicutes
NZ_CP011254_770289..841724	0	0	0	0	0	16	0	0	Proteobacteria
NZ_CP011256_1441048..1586451	8	0	0	0	0	0	0	0	Proteobacteria
NZ_CP011303_1584936..1661691	7	0	0	0	0	0	0	0	Proteobacteria
NZ_CP011307_2710578..2791753	0	0	0	0	3	0	0	0	Firmicutes_A
NZ_CP011310_2744192..2798826	6	0	0	0	0	0	0	0	Proteobacteria
NZ_CP011310_8901..149011	1	12	0	0	0	0	0	0	Proteobacteria
NZ_CP011310_972801..1146027	1	11	0	0	0	0	0	0	Proteobacteria
NZ_CP011317_3159459..3643381	8	0	0	0	0	0	1	0	Proteobacteria
NZ_CP011317_5528051..5617544	0	1	0	0	0	16	0	0	Proteobacteria
NZ_CP011317_6087900..6172252	0	0	0	0	0	16	0	0	Proteobacteria
NZ_CP011318_1876511..1894579	0	0	0	0	0	0	1	0	Bacteroidota
NZ_CP011319_3350529..3390546	0	12	0	0	0	0	0	0	Proteobacteria
NZ_CP011329_944851..1030440	1	0	0	6	1	0	0	0	Firmicutes
NZ_CP011344_1306769..1334486	0	1	0	0	0	0	0	0	Proteobacteria
NZ_CP011344_2445903..2560964	1	12	0	0	0	0	0	0	Proteobacteria
NZ_CP011360_8399993..8477180	0	0	0	0	0	0	1	0	Proteobacteria
NZ_CP011361_2256825..2326301	0	0	0	1	1	0	0	0	Firmicutes
NZ_CP011419_1105623..1136734	0	0	0	0	4	0	0	0	Firmicutes
NZ_CP011452_2030293..2091014	8	0	0	0	0	0	1	0	Proteobacteria
NZ_CP011477_3081012..3226533	0	1	0	0	0	16	0	0	Proteobacteria
NZ_CP011483_1158332..1264058	6	1	0	0	0	0	0	0	Campylobacterota
NZ_CP011524_1407581..1532631	0	0	0	0	6	0	1	0	Firmicutes_A
NZ_CP011524_2933989..2962221	0	0	0	0	0	0	1	0	Firmicutes_A
NZ_CP011531_1963073..1997725	0	0	0	0	0	0	1	0	Bacteroidota
NZ_CP011531_2985572..2996188	0	0	0	0	0	0	1	0	Bacteroidota
NZ_CP011531_4084211..4172072	1	0	0	0	0	0	11	0	Bacteroidota
NZ_CP011531_4589612..4646024	0	0	0	0	1	0	0	0	Bacteroidota
NZ_CP011531_4775041..4780958	0	0	0	0	0	0	1	0	Bacteroidota
NZ_CP011539_530095..667829	7	0	0	0	0	0	0	0	Proteobacteria
NZ_CP011566_2203152..2316459	0	1	0	0	0	15	0	0	Proteobacteria
NZ_CP011574_4886010..5106135	5	0	0	0	0	0	0	0	Proteobacteria
NZ_CP011578_2652535..2710583	0	0	0	0	0	16	0	0	Proteobacteria
NZ_CP011584_4410686..4461719	3	0	0	0	0	0	0	0	Proteobacteria
NZ_CP011662_225211..276244	3	0	0	0	0	0	0	0	Proteobacteria
NZ_CP011770_3095362..3199474	8	0	0	0	0	0	0	0	Proteobacteria
NZ_CP011798_3547140..3589655	7	0	0	0	0	0	0	0	Proteobacteria
NZ_CP011801_2739941..2941259	0	12	0	0	1	0	0	0	Nitrospirota
NZ_CP011846_3756469..4029969	3	0	0	0	13	0	1	0	Firmicutes_A
NZ_CP011847_4071217..4160421	0	0	0	7	2	0	0	0	Firmicutes_A
NZ_CP011853_18836..84524	1	0	0	0	1	0	0	0	Actinobacteriota
NZ_CP011857_5504320..5607155	0	0	0	0	0	16	0	0	Proteobacteria
NZ_CP011914_2182747..2298475	0	0	0	0	2	0	0	0	Firmicutes_A
NZ_CP011914_3547522..3597606	0	0	0	1	5	0	1	0	Firmicutes_A
NZ_CP011917_3289400..3349672	0	1	0	0	0	13	0	0	Proteobacteria
NZ_CP011927_5726871..5745072	0	0	0	0	1	0	0	0	Proteobacteria
NZ_CP011929_2625224..2742312	1	0	0	0	0	0	0	0	Proteobacteria
NZ_CP011968_2090403..2458780	0	0	0	0	0	0	1	0	Firmicutes_A
NZ_CP011968_3738610..3998606	2	0	0	5	2	0	0	0	Firmicutes_A
NZ_CP011971_1772366..1864906	8	0	0	0	0	0	0	0	Proteobacteria
NZ_CP011974_1288785..1753964	0	0	0	1	3	0	0	0	Firmicutes
NZ_CP011974_3698288..3921818	0	0	0	0	1	0	0	0	Firmicutes
NZ_CP011976_739395..794337	0	0	0	0	0	16	0	0	Proteobacteria
NZ_CP011980_740488..777550	0	0	0	0	0	11	0	0	Proteobacteria
NZ_CP011985_740488..797831	0	0	0	0	0	16	0	0	Proteobacteria
NZ_CP011995_524183..604634	2	0	0	0	0	0	10	0	Bacteroidota
NZ_CP011995_737233..791492	2	0	0	0	0	0	7	0	Bacteroidota
NZ_CP011996_1555212..1577636	0	0	0	0	0	0	1	0	Bacteroidota
NZ_CP011996_787787..854020	0	0	0	0	0	0	1	0	Bacteroidota
NZ_CP012002_569941..805697	3	0	0	0	0	0	0	0	Proteobacteria
NZ_CP012011_444051..546834	0	0	0	7	1	0	0	0	Firmicutes
NZ_CP012046_1276093..1567236	0	0	0	0	1	0	0	0	Proteobacteria
NZ_CP012053_2710731..2851658	0	1	0	0	0	16	0	0	Proteobacteria
NZ_CP012060_3789567..3906318	1	1	0	0	0	16	0	0	Proteobacteria
NZ_CP012063_3781387..3898171	1	1	0	0	0	16	0	0	Proteobacteria
NZ_CP012074_1719598..1738527	0	0	0	0	0	0	1	0	Bacteroidota
NZ_CP012075_1246745..1262888	0	0	0	0	0	0	1	0	Bacteroidota
NZ_CP012075_912256..930879	0	0	0	0	0	0	1	0	Bacteroidota
NZ_CP012091_3251351..3514587	0	0	0	0	0	17	0	0	Proteobacteria
NZ_CP012096_4392249..4455411	7	0	0	0	0	0	0	0	Proteobacteria
NZ_CP012111_671465..697378	0	0	0	0	0	0	1	0	Proteobacteria
NZ_CP012117_1564305..1614014	0	0	0	0	1	0	0	0	Actinobacteriota
NZ_CP012148_562122..755010	0	0	0	0	2	0	1	0	Firmicutes
NZ_CP012162_4040640..4150383	1	0	0	0	0	17	0	0	Proteobacteria
NZ_CP012179_1734473..1784286	0	1	0	0	0	15	0	0	Proteobacteria
NZ_CP012179_5266321..5409559	1	1	0	0	0	15	0	0	Proteobacteria
NZ_CP012195_1539754..1605228	6	0	0	0	0	0	0	0	Campylobacterota
NZ_CP012199_184376..270638	8	0	0	0	0	0	1	0	Proteobacteria
NZ_CP012199_2008279..2034700	8	0	0	0	0	0	0	0	Proteobacteria
NZ_CP012201_1819790..1887370	1	0	9	0	0	0	0	0	Proteobacteria
NZ_CP012257_220889..301716	8	0	0	0	0	0	0	0	Proteobacteria
NZ_CP012320_3803266..4005614	3	0	0	0	13	0	0	0	Firmicutes_A
NZ_CP012321_163416..681097	1	0	0	7	6	0	0	0	Firmicutes_A
NZ_CP012323_3550185..3747482	2	0	0	7	1	0	0	0	Firmicutes_A
NZ_CP012325_1757289..1854043	0	0	0	6	1	0	0	0	Firmicutes_A
NZ_CP012349_4095749..4165998	0	1	0	0	0	15	0	0	Proteobacteria
NZ_CP012358_1476245..1558459	0	1	0	0	0	16	0	0	Proteobacteria
NZ_CP012364_1570102..1648793	0	1	0	0	0	16	0	0	Proteobacteria
NZ_CP012379_1965396..2030339	0	0	1	0	0	0	0	0	Proteobacteria
NZ_CP012380_2668152..2838751	2	0	0	0	0	0	0	0	Proteobacteria
NZ_CP012381_588888..752978	0	0	0	0	1	0	0	0	Firmicutes
NZ_CP012398_3220367..3268650	7	0	0	0	0	0	0	0	Proteobacteria
NZ_CP012409_2161786..2173604	1	0	0	4	1	0	0	0	Firmicutes
NZ_CP012430_2517198..2619544	0	0	0	6	1	0	0	0	Firmicutes
NZ_CP012460_844628..888161	0	0	0	1	0	0	0	0	Firmicutes
NZ_CP012503_596672..657052	1	0	0	0	9	0	0	0	Firmicutes
NZ_CP012504_2974302..2981954	0	0	1	0	0	0	0	0	Proteobacteria
NZ_CP012507_1898668..1989496	0	0	0	0	1	0	0	0	Actinobacteriota
NZ_CP012543_523011..567495	5	0	0	0	0	0	0	0	Campylobacterota
NZ_CP012546_4325..47774	5	0	0	0	0	0	0	0	Campylobacterota
NZ_CP012599_263002..448095	0	2	0	0	2	0	0	0	Proteobacteria
NZ_CP012605_1322206..1363095	3	0	0	0	0	0	0	0	Proteobacteria
NZ_CP012605_1875052..1921833	3	0	0	0	0	0	0	0	Proteobacteria
NZ_CP012606_596340..675909	0	1	0	0	0	15	0	0	Proteobacteria
NZ_CP012621_2562532..2600660	1	0	0	0	0	0	1	0	Proteobacteria
NZ_CP012635_4346058..4421523	0	0	0	0	0	17	0	0	Proteobacteria
NZ_CP012640_5351613..5550779	1	0	1	0	0	0	0	0	Proteobacteria
NZ_CP012648_1091503..1163738	0	0	0	0	1	0	0	0	Firmicutes
NZ_CP012648_1706614..1757795	0	0	0	6	1	0	0	0	Firmicutes
NZ_CP012669_20074..71898	0	7	0	0	0	0	0	0	Proteobacteria
NZ_CP012677_53618..93078	1	0	0	0	1	0	0	0	Actinobacteriota
NZ_CP012692_402919..451386	0	0	0	7	1	0	0	0	Firmicutes
NZ_CP012700_1468780..1514865	7	0	0	0	0	0	0	0	Proteobacteria
NZ_CP012700_2726691..2847895	1	12	0	0	0	0	0	0	Proteobacteria
NZ_CP012713_751857..792353	8	0	0	0	0	0	1	0	Fusobacteriota
NZ_CP012719_1145238..1256785	1	0	0	0	11	0	0	0	Firmicutes
NZ_CP012719_635291..668792	0	0	0	7	1	0	0	0	Firmicutes
NZ_CP012740_1209945..1420376	0	12	0	0	2	0	0	0	Proteobacteria
NZ_CP012743_787509..880170	0	1	0	0	0	16	0	0	Proteobacteria
NZ_CP012756_706111..748601	0	0	0	6	1	0	0	0	Firmicutes
NZ_CP012801_4843514..4925351	0	0	0	0	0	0	11	0	Bacteroidota
NZ_CP012801_60109..268029	1	0	0	0	0	1	12	0	Bacteroidota
NZ_CP012805_215275..257732	1	0	0	6	1	0	0	0	Firmicutes
NZ_CP012872_3029429..3137303	0	0	0	0	0	0	3	0	Bacteroidota
NZ_CP012898_1650667..1710032	0	0	0	0	0	0	3	0	Bacteroidota
NZ_CP012900_2311829..2429791	8	0	0	0	0	0	0	0	Proteobacteria
NZ_CP012900_3487891..3628741	0	1	0	0	0	16	0	0	Proteobacteria
NZ_CP012901_1584920..1663382	0	1	0	0	0	16	0	0	Proteobacteria
NZ_CP012901_4078012..4174842	0	1	0	0	0	16	0	0	Proteobacteria
NZ_CP012937_1950648..1976719	0	0	0	0	0	0	8	0	Bacteroidota
NZ_CP012937_2064215..2159379	0	0	0	0	0	0	1	0	Bacteroidota
NZ_CP012937_3402679..3462922	1	0	0	0	0	0	11	0	Bacteroidota
NZ_CP012937_4260259..4294243	1	0	0	0	1	0	3	0	Bacteroidota
NZ_CP012937_4898017..4961613	1	0	0	0	0	0	7	0	Bacteroidota
NZ_CP012976_2541413..2617283	0	0	0	4	1	0	0	0	Firmicutes
NZ_CP013006_2461853..2572237	1	1	0	0	0	16	0	0	Proteobacteria
NZ_CP013009_49269..114618	0	0	0	6	1	0	0	0	Firmicutes
NZ_CP013046_374491..442592	0	0	0	0	0	17	0	0	Proteobacteria
NZ_CP013068_2328867..2338271	8	0	0	0	0	0	0	0	Proteobacteria
NZ_CP013101_1128260..1194957	0	0	0	7	1	0	0	0	Firmicutes_A
NZ_CP013106_4312972..4394556	0	1	0	0	0	16	0	0	Proteobacteria
NZ_CP013119_3111690..3192823	8	0	0	0	0	0	0	0	Proteobacteria
NZ_CP013119_4136491..4220455	0	0	0	0	0	15	0	0	Proteobacteria
NZ_CP013121_108575..149211	8	0	0	1	0	0	1	0	Fusobacteriota
NZ_CP013121_1282333..1329200	8	0	0	0	0	0	0	0	Fusobacteriota
NZ_CP013121_1352895..1375998	0	0	0	0	0	0	1	0	Fusobacteriota
NZ_CP013133_663040..710331	0	11	0	0	0	0	1	0	Proteobacteria
NZ_CP013133_714444..763213	0	10	0	0	0	0	1	0	Proteobacteria
NZ_CP013184_1670046..1712600	8	0	0	0	0	0	1	0	Proteobacteria
NZ_CP013195_1367020..1443575	0	0	0	0	0	0	2	0	Bacteroidota
NZ_CP013195_155707..170146	0	0	0	0	0	0	1	0	Bacteroidota
NZ_CP013195_1646430..1719040	2	0	0	0	0	0	11	0	Bacteroidota
NZ_CP013195_2733123..2786758	0	0	0	0	0	0	1	0	Bacteroidota
NZ_CP013195_400620..413068	0	0	0	0	0	0	1	0	Bacteroidota
NZ_CP013200_2093315..2242484	1	0	0	0	1	0	0	0	Actinobacteriota
NZ_CP013202_578590..695235	0	0	0	6	1	0	0	0	Firmicutes
NZ_CP013264_1387175..1622382	0	11	0	0	0	0	0	0	Proteobacteria
NZ_CP013264_2284354..2361248	8	0	0	0	0	0	1	0	Proteobacteria
NZ_CP013264_2388424..2495123	8	0	0	0	0	0	0	0	Proteobacteria
NZ_CP013264_2989065..3201472	0	11	0	0	0	0	0	0	Proteobacteria
NZ_CP013264_850840..946400	8	0	0	0	0	0	1	0	Proteobacteria
NZ_CP013334_1239424..1281531	6	0	0	0	0	0	0	0	Fusobacteriota
NZ_CP013334_1398078..1447987	5	0	0	0	0	0	0	0	Fusobacteriota
NZ_CP013336_1135868..1185225	7	0	0	0	0	0	0	0	Fusobacteriota
NZ_CP013341_1662751..1735181	4	0	0	0	0	0	0	0	Proteobacteria
NZ_CP013344_2782636..2822576	8	0	0	0	0	0	0	0	Proteobacteria
NZ_CP013344_2881809..2990732	1	12	0	0	0	0	0	0	Proteobacteria
NZ_CP013366_3371218..3386052	1	0	0	0	0	0	0	0	Proteobacteria
NZ_CP013389_2083196..2678570	7	0	0	0	1	0	1	0	Proteobacteria
NZ_CP013406_2006593..2229219	3	0	0	0	1	0	0	0	Proteobacteria
NZ_CP013429_380923..607765	8	0	0	0	0	0	0	0	Proteobacteria
NZ_CP013444_1893287..2265081	1	0	0	0	0	0	0	0	Proteobacteria
NZ_CP013446_2351772..2460890	0	1	0	0	0	16	0	0	Proteobacteria
NZ_CP013447_1899403..2284885	1	0	0	0	0	0	0	0	Proteobacteria
NZ_CP013452_1195..433996	7	0	0	0	1	0	0	0	Proteobacteria
NZ_CP013468_5754..78548	4	0	0	0	0	0	1	0	Proteobacteria
NZ_CP013481_902555..983242	0	1	0	0	0	16	0	0	Proteobacteria
NZ_CP013616_935657..997140	0	0	0	6	1	0	0	0	Firmicutes
NZ_CP013619_390876..471767	0	0	0	5	1	0	0	0	Firmicutes
NZ_CP013651_1104502..1154445	0	0	0	3	1	0	0	0	Firmicutes
NZ_CP013690_2202152..2420066	0	0	0	0	1	0	7	0	Bacteroidota
NZ_CP013690_2691996..2711200	0	0	0	0	0	0	1	0	Bacteroidota
NZ_CP013690_4047811..4127061	0	0	0	0	0	0	7	0	Bacteroidota
NZ_CP013862_512779..604847	1	1	0	0	2	0	0	0	Firmicutes
NZ_CP013908_189251..243369	0	0	0	3	1	0	0	0	Firmicutes
NZ_CP013908_1897417..1935778	0	0	0	6	1	0	0	0	Firmicutes
NZ_CP013928_1268806..1298118	0	2	0	0	0	0	0	0	Proteobacteria
NZ_CP013949_6602440..6643821	1	0	0	0	0	0	0	0	Proteobacteria
NZ_CP013950_1752291..1758606	0	0	0	1	0	0	0	0	Firmicutes
NZ_CP013955_410462..461325	0	0	0	7	1	0	0	0	Firmicutes
NZ_CP013957_446462..537440	0	0	0	7	1	0	0	0	Firmicutes
NZ_CP013993_5365108..5473293	0	1	0	0	0	16	0	0	Proteobacteria
NZ_CP013994_1181666..1233000	0	0	0	4	1	1	0	0	Firmicutes
NZ_CP013994_2523964..2624637	1	0	0	0	0	0	0	0	Firmicutes
NZ_CP013994_2831599..2905840	0	0	0	6	1	0	0	0	Firmicutes
NZ_CP014008_3380804..3439778	7	0	0	0	0	0	0	0	Proteobacteria
NZ_CP014029_3428167..3477878	0	0	0	0	0	9	0	0	Proteobacteria
NZ_CP014040_1454874..1766202	1	0	0	0	1	0	0	0	Proteobacteria
NZ_CP014053_561090..831741	1	0	0	0	1	0	0	0	Proteobacteria
NZ_CP014060_3985254..4036534	8	0	0	0	0	0	0	0	Proteobacteria
NZ_CP014065_2135815..2223068	0	1	0	0	0	16	0	0	Proteobacteria
NZ_CP014123_1698812..1743351	7	0	0	0	0	0	0	0	Proteobacteria
NZ_CP014136_335787..457160	5	0	0	0	0	0	0	0	Proteobacteria
NZ_CP014139_711572..804166	0	0	0	0	9	0	0	0	Firmicutes
NZ_CP014158_2807159..3044816	0	1	0	0	0	16	0	0	Proteobacteria
NZ_CP014159_1450965..1539179	0	0	0	6	1	0	0	0	Firmicutes
NZ_CP014168_4216458..4460984	0	11	0	0	0	0	0	0	Proteobacteria
NZ_CP014170_2233262..2315364	1	0	0	5	0	0	0	0	Firmicutes_A
NZ_CP014207_67518..185823	0	0	0	0	0	17	0	0	Proteobacteria
NZ_CP014229_1876106..1950151	0	0	8	0	0	0	0	0	Desulfobacterota_I
NZ_CP014230_2625294..2652499	8	0	0	0	0	0	0	0	Desulfobacterota_I
NZ_CP014231_2160858..2192623	6	0	0	0	1	0	0	0	Fusobacteriota
NZ_CP014233_1074586..1148100	1	0	0	0	11	0	0	0	Firmicutes
NZ_CP014233_609117..641205	0	0	0	0	2	0	0	0	Firmicutes
NZ_CP014274_1459002..1547119	8	0	0	0	0	0	0	0	Proteobacteria
NZ_CP014275_3987851..4044907	8	0	0	0	0	0	0	0	Proteobacteria
NZ_CP014307_1116709..1212708	8	0	0	0	0	0	0	0	Proteobacteria
NZ_CP014326_1048711..1133458	0	0	0	6	12	0	2	0	Firmicutes
NZ_CP014327_1990893..2041502	7	0	0	0	0	0	0	0	Proteobacteria
NZ_CP014332_1077806..1201855	0	0	0	0	1	0	1	0	Firmicutes
NZ_CP014337_3770724..3804470	0	0	0	0	0	0	1	0	Bacteroidota
NZ_CP014495_2913881..2948717	0	0	1	0	0	0	0	0	Proteobacteria
NZ_CP014544_3882740..4042395	1	0	0	0	0	0	0	0	Proteobacteria
NZ_CP014546_30310..87181	0	1	0	0	0	15	0	0	Proteobacteria
NZ_CP014546_466262..630301	1	1	0	0	0	15	0	0	Proteobacteria
NZ_CP014606_552347..735230	0	0	0	0	1	0	1	0	Firmicutes_B
NZ_CP014608_2203606..2281058	7	0	0	0	0	0	0	0	Proteobacteria
NZ_CP014643_2113127..2229834	0	0	0	0	0	0	1	0	Firmicutes
NZ_CP014691_1134112..1147904	0	0	0	0	1	0	0	0	Proteobacteria
NZ_CP014692_2808634..2846109	5	0	0	0	0	0	0	0	Proteobacteria
NZ_CP014748_133155..270748	7	0	0	0	0	0	0	0	Proteobacteria
NZ_CP014754_2955934..3067650	1	0	0	0	0	0	0	0	Proteobacteria
NZ_CP014759_2300057..2369301	0	11	0	0	0	0	0	0	Proteobacteria
NZ_CP014786_1989372..2114324	0	0	0	0	3	1	1	0	Firmicutes
NZ_CP014796_4259332..4337357	8	0	0	0	0	0	0	0	Proteobacteria
NZ_CP014805_106040..398103	0	0	0	0	2	0	9	0	Bacteroidota
NZ_CP014840_3458798..3483745	0	0	0	5	2	0	0	0	Firmicutes
NZ_CP014841_3520300..3530429	8	0	0	0	0	0	0	0	Proteobacteria
NZ_CP014842_3990306..4050635	0	0	0	6	2	0	0	0	Firmicutes
NZ_CP014866_4527231..4622184	1	0	0	0	0	16	0	0	Proteobacteria
NZ_CP014867_4466541..4506240	0	0	0	0	0	1	0	0	Proteobacteria
NZ_CP014948_4463713..4568937	1	0	0	0	0	16	0	0	Proteobacteria
NZ_CP014949_683313..782245	0	0	0	7	1	0	0	0	Firmicutes
NZ_CP014985_1140235..1310703	0	0	0	0	2	0	1	0	Firmicutes
NZ_CP014999_2685542..2785429	0	1	0	0	0	16	0	0	Proteobacteria
NZ_CP014999_5134192..5279223	0	1	0	0	0	16	0	0	Proteobacteria
NZ_CP014999_5635771..5781235	1	0	0	0	1	16	0	0	Proteobacteria
NZ_CP015001_2654813..2760471	0	1	0	0	0	16	0	0	Proteobacteria
NZ_CP015001_2813773..2950506	8	0	0	0	0	0	0	0	Proteobacteria
NZ_CP015001_5366986..5515052	1	0	0	0	0	16	0	0	Proteobacteria
NZ_CP015002_2686794..2790285	0	1	0	0	0	16	0	0	Proteobacteria
NZ_CP015003_2821787..2931049	0	1	0	0	0	16	0	0	Proteobacteria
NZ_CP015003_3032693..3103092	5	0	0	0	0	0	0	0	Proteobacteria
NZ_CP015003_5310317..5414416	0	1	0	0	0	16	0	0	Proteobacteria
NZ_CP015005_5066036..5267901	8	0	0	0	0	0	0	0	Proteobacteria
NZ_CP015036_3447168..3546789	8	0	0	0	0	0	2	0	Proteobacteria
NZ_CP015036_4650402..4754035	0	1	0	0	0	16	0	0	Proteobacteria
NZ_CP015039_2714340..2757718	8	0	0	0	0	0	1	0	Proteobacteria
NZ_CP015079_3241494..3346096	1	0	0	0	1	0	0	0	Actinobacteriota
NZ_CP015079_4306174..4368860	0	0	0	0	1	0	0	0	Actinobacteriota
NZ_CP015113_4405989..4533520	0	0	0	0	0	17	0	0	Proteobacteria
NZ_CP015117_2266451..2368432	0	0	0	0	0	16	0	0	Proteobacteria
NZ_CP015145_1601338..1612225	1	0	0	0	0	0	0	0	Proteobacteria
NZ_CP015194_4164169..4402459	0	11	0	0	1	0	0	0	Proteobacteria
NZ_CP015199_1559666..1672893	1	0	0	0	0	0	8	0	Bacteroidota
NZ_CP015202_4542233..4741681	0	1	0	0	0	16	0	0	Proteobacteria
NZ_CP015228_1674079..1821161	0	0	0	0	0	1	1	0	Proteobacteria
NZ_CP015243_2385259..2516847	8	0	0	0	0	0	1	0	Proteobacteria
NZ_CP015272_4187495..4235324	1	0	0	0	0	0	0	0	Actinobacteriota
NZ_CP015344_2298321..2378243	0	11	0	0	0	0	0	0	Proteobacteria
NZ_CP015364_573136..743245	1	0	0	0	0	0	0	0	Proteobacteria
NZ_CP015371_725153..760419	0	0	1	0	0	0	0	0	Proteobacteria
NZ_CP015371_7757..114305	8	0	0	0	0	0	0	0	Proteobacteria
NZ_CP015377_3316199..3357933	8	0	0	0	0	0	1	0	Proteobacteria
NZ_CP015385_742492..799462	0	0	0	0	0	16	0	0	Proteobacteria
NZ_CP015392_1776406..1984641	7	0	0	0	0	0	0	0	Proteobacteria
NZ_CP015392_747023..803271	0	0	0	0	0	16	0	0	Proteobacteria
NZ_CP015399_1737628..1805060	0	0	0	0	2	0	0	0	Firmicutes_A
NZ_CP015399_2122160..2145143	0	0	0	0	1	0	0	0	Firmicutes_A
NZ_CP015399_2983117..3067145	1	0	0	0	3	0	1	0	Firmicutes_A
NZ_CP015399_3691035..3823186	2	0	0	3	1	0	0	0	Firmicutes_A
NZ_CP015399_6093702..6154562	0	0	0	0	4	0	1	0	Firmicutes_A
NZ_CP015399_6338886..6367479	0	0	0	0	5	0	1	0	Firmicutes_A
NZ_CP015399_6569457..6771211	0	0	0	0	1	0	1	0	Firmicutes_A
NZ_CP015401_1416310..1500423	1	0	0	0	0	0	12	0	Bacteroidota
NZ_CP015401_1783247..1841063	0	0	0	0	0	0	8	0	Bacteroidota
NZ_CP015401_3579037..3622295	0	0	0	0	0	1	0	0	Bacteroidota
NZ_CP015401_3866845..3909164	0	0	0	0	0	0	1	0	Bacteroidota
NZ_CP015401_933300..972404	0	0	0	0	0	0	2	0	Bacteroidota
NZ_CP015402_1067914..1104402	0	0	0	0	0	0	1	0	Bacteroidota
NZ_CP015402_1459621..1616398	0	0	0	0	1	0	10	0	Bacteroidota
NZ_CP015405_1449164..1569843	0	0	0	0	5	0	0	0	Firmicutes_A
NZ_CP015405_3824097..3967304	0	0	0	0	0	0	1	0	Firmicutes_A
NZ_CP015406_332475..586667	3	0	0	0	8	0	0	0	Firmicutes_A
NZ_CP015407_902244..940502	1	0	0	0	7	0	0	0	Actinobacteriota
NZ_CP015410_2956345..3024978	0	0	0	4	0	0	0	0	Firmicutes
NZ_CP015410_641031..703106	0	0	0	1	1	0	0	0	Firmicutes
NZ_CP015410_830811..988092	0	0	0	0	2	0	0	0	Firmicutes
NZ_CP015432_516268..578479	0	0	0	0	0	16	0	0	Proteobacteria
NZ_CP015434_100277..162498	0	0	0	0	0	16	0	0	Proteobacteria
NZ_CP015506_1985120..2089280	1	0	0	0	0	0	0	0	Firmicutes
NZ_CP015560_1599545..1690762	0	0	0	0	0	16	0	0	Proteobacteria
NZ_CP015573_771240..809255	0	0	0	0	0	15	0	0	Proteobacteria
NZ_CP015574_1243046..1422671	0	7	0	0	0	0	0	0	Proteobacteria
NZ_CP015610_572724..689647	1	0	0	4	0	0	0	0	Firmicutes
NZ_CP015639_5716190..5853473	1	0	0	0	0	0	0	0	Proteobacteria
NZ_CP015641_2089753..2339718	0	0	0	0	1	0	0	0	Proteobacteria
NZ_CP015641_3097231..3193501	0	1	0	0	0	16	0	0	Proteobacteria
NZ_CP015736_3711886..3874336	8	0	0	0	0	0	1	0	Proteobacteria
NZ_CP015749_2322650..2395093	7	0	0	0	0	0	0	0	Proteobacteria
NZ_CP015750_4590425..4690097	0	1	0	0	0	16	0	0	Proteobacteria
NZ_CP015750_4995465..5034875	7	0	0	0	0	0	0	0	Proteobacteria
NZ_CP015772_2240353..2283091	0	0	0	0	0	0	1	0	Bacteroidota
NZ_CP015772_2952254..3023100	1	0	0	0	0	0	8	0	Bacteroidota
NZ_CP015772_5014351..5042290	0	0	0	0	0	0	1	0	Bacteroidota
NZ_CP015775_909323..937024	1	0	0	0	0	0	0	0	Proteobacteria
NZ_CP015776_111685..216119	8	0	0	0	0	0	0	0	Proteobacteria
NZ_CP015850_2542327..2584253	3	0	0	0	0	0	0	0	Proteobacteria
NZ_CP015863_151770..367041	1	0	0	0	0	0	0	0	Proteobacteria
NZ_CP015883_1823930..1894635	1	0	0	0	0	0	0	0	Firmicutes
NZ_CP015883_240787..313926	0	0	0	4	1	0	0	0	Firmicutes
NZ_CP015902_1339080..1447280	0	0	0	0	5	0	0	0	Firmicutes
NZ_CP015902_196368..214350	0	0	0	2	0	0	0	0	Firmicutes
NZ_CP015902_354798..370796	0	0	0	2	0	0	0	0	Firmicutes
NZ_CP015902_637937..677291	0	0	0	1	0	0	0	0	Firmicutes
NZ_CP015912_1454657..1630156	2	0	0	0	0	0	0	0	Proteobacteria
NZ_CP015926_2292794..2344282	0	10	0	0	0	0	0	0	Proteobacteria
NZ_CP015927_139257..210198	7	0	0	0	0	0	0	0	Proteobacteria
NZ_CP015931_1401281..1442467	6	0	0	0	0	0	0	0	Proteobacteria
NZ_CP015931_2345080..2409333	0	11	0	0	0	0	0	0	Proteobacteria
NZ_CP015932_2272502..2347689	8	0	0	0	0	0	0	0	Proteobacteria
NZ_CP015934_138804..206244	7	0	0	0	0	0	0	0	Proteobacteria
NZ_CP015934_2295041..2359294	0	11	0	0	0	0	0	0	Proteobacteria
NZ_CP015937_2260490..2324743	0	11	0	0	0	0	0	0	Proteobacteria
NZ_CP015938_2258681..2322934	0	11	0	0	0	0	0	0	Proteobacteria
NZ_CP015944_2267566..2331826	0	11	0	0	0	0	0	0	Proteobacteria
NZ_CP015945_2260079..2324332	0	11	0	0	0	0	0	0	Proteobacteria
NZ_CP015947_2255920..2320168	0	11	0	0	0	0	0	0	Proteobacteria
NZ_CP015949_2264832..2337250	0	0	0	0	0	13	0	0	Proteobacteria
NZ_CP015951_2263029..2327282	0	11	0	0	0	0	0	0	Proteobacteria
NZ_CP015953_2261466..2325719	0	11	0	0	0	0	0	0	Proteobacteria
NZ_CP015953_2632608..2688686	8	0	0	0	0	0	0	0	Proteobacteria
NZ_CP015956_2265982..2330238	0	11	0	0	0	0	0	0	Proteobacteria
NZ_CP015972_2643029..2720662	1	1	0	0	0	16	0	0	Proteobacteria
NZ_CP015990_1679073..1879582	7	0	0	0	0	0	0	0	Proteobacteria
NZ_CP016014_755301..863013	0	0	0	0	0	16	0	0	Proteobacteria
NZ_CP016030_148431..219389	7	0	0	0	0	0	0	0	Proteobacteria
NZ_CP016087_700080..744332	0	0	0	0	1	0	0	0	Firmicutes_A
NZ_CP016102_3702459..3860628	2	0	0	0	8	0	0	0	Firmicutes_A
NZ_CP016104_484385..555553	0	0	0	0	2	0	0	0	Firmicutes_A
NZ_CP016106_3710384..3820698	0	0	0	5	2	0	0	0	Firmicutes_A
NZ_CP016163_406214..494623	0	0	0	4	1	0	0	0	Firmicutes
NZ_CP016171_4347451..4417583	8	0	0	0	0	0	1	0	Proteobacteria
NZ_CP016175_809731..901931	0	0	0	6	4	0	0	0	Firmicutes
NZ_CP016176_2663711..2746235	0	0	0	0	0	16	0	0	Proteobacteria
NZ_CP016224_2484802..2616937	0	6	0	0	0	0	0	0	Proteobacteria
NZ_CP016268_216379..300976	0	12	0	0	0	0	0	0	Proteobacteria
NZ_CP016278_1774341..2009748	0	12	0	0	0	0	0	0	Proteobacteria
NZ_CP016278_999486..1099072	2	0	0	0	0	0	0	0	Proteobacteria
NZ_CP016306_761874..865854	8	0	0	0	0	0	1	0	Proteobacteria
NZ_CP016318_1277811..1329571	1	0	0	0	8	0	0	0	Firmicutes_A
NZ_CP016318_426259..506034	1	0	0	7	10	0	0	0	Firmicutes_A
NZ_CP016322_1154910..1361339	0	12	0	0	2	0	0	0	Proteobacteria
NZ_CP016329_1336902..1369869	0	0	0	0	1	0	0	0	Firmicutes
NZ_CP016344_1758796..1806716	7	0	0	0	0	0	0	0	Proteobacteria
NZ_CP016349_44561..341738	1	0	0	0	0	0	0	0	Proteobacteria
NZ_CP016359_3000531..3050430	0	0	0	0	0	0	3	0	Bacteroidota
NZ_CP016359_3276442..3440610	0	0	0	0	0	0	3	0	Bacteroidota
NZ_CP016359_993460..1115486	1	0	0	0	0	0	3	0	Bacteroidota
NZ_CP016370_997186..1132701	1	0	0	0	1	0	5	0	Bacteroidota
NZ_CP016372_232904..384631	1	0	0	0	1	0	5	0	Bacteroidota
NZ_CP016373_641209..854377	0	0	0	0	2	0	8	0	Bacteroidota
NZ_CP016377_3749622..3999057	0	0	0	0	0	0	8	0	Bacteroidota
NZ_CP016428_2529129..2693648	8	0	0	0	0	0	2	0	Proteobacteria
NZ_CP016432_942366..981270	1	0	0	0	0	0	0	0	Bacteroidota
NZ_CP016433_1572790..1611132	0	0	0	0	0	0	1	0	Proteobacteria
NZ_CP016433_200547..282836	7	0	0	0	0	0	0	0	Proteobacteria
NZ_CP016440_2384076..2614221	8	0	0	0	1	0	1	0	Proteobacteria
NZ_CP016442_2248399..2367941	4	0	0	0	0	0	0	0	Proteobacteria
NZ_CP016598_1618420..1708352	0	0	0	0	2	0	0	0	Firmicutes
NZ_CP016605_778337..826841	0	0	0	0	0	16	0	0	Proteobacteria
NZ_CP016634_3218330..3306421	8	0	0	0	0	0	0	0	Proteobacteria
NZ_CP016638_3450449..3467749	1	0	0	0	0	0	0	0	Proteobacteria
NZ_CP016757_1265579..1318120	0	0	0	0	0	0	1	0	Synergistota
NZ_CP016830_1183633..1206852	0	0	0	0	0	1	0	0	Proteobacteria
NZ_CP016849_2250514..2339508	0	1	0	0	0	16	0	0	Proteobacteria
NZ_CP016870_1676430..1729851	8	0	0	0	0	0	0	0	Proteobacteria
NZ_CP016874_2377283..2622169	8	0	0	0	1	0	0	0	Proteobacteria
NZ_CP016877_1188815..1228756	0	0	0	0	11	0	2	0	Firmicutes
NZ_CP016878_967463..1087842	1	1	0	0	0	16	0	0	Proteobacteria
NZ_CP016889_1897725..1970377	0	0	0	0	0	17	0	0	Proteobacteria
NZ_CP016955_1129148..1144709	0	0	1	0	0	0	0	0	Proteobacteria
NZ_CP016955_1326863..1412944	0	0	0	0	0	16	0	0	Proteobacteria
NZ_CP016955_2108063..2170026	0	1	0	0	0	16	0	0	Proteobacteria
NZ_CP016955_2643509..2864176	3	0	0	0	0	0	0	0	Proteobacteria
NZ_CP017007_1734480..1806975	0	1	0	0	0	15	0	0	Proteobacteria
NZ_CP017007_5568701..5620639	0	1	0	0	0	15	0	0	Proteobacteria
NZ_CP017009_5453838..5500830	0	1	0	0	0	15	0	0	Proteobacteria
NZ_CP017024_4828553..4933587	0	1	0	0	0	16	0	0	Proteobacteria
NZ_CP017038_1242366..1289407	0	0	0	0	0	0	1	0	Bacteroidota
NZ_CP017038_1470991..1532933	0	0	0	0	0	0	1	0	Bacteroidota
NZ_CP017038_1933020..1990872	0	0	0	0	0	0	1	0	Bacteroidota
NZ_CP017038_2385383..2400751	0	0	0	0	0	0	1	0	Bacteroidota
NZ_CP017038_502494..517359	0	0	0	0	0	0	1	0	Bacteroidota
NZ_CP017048_1501403..1514646	1	0	0	0	0	0	0	0	Proteobacteria
NZ_CP017075_1275394..1490005	8	0	0	0	0	0	1	0	Proteobacteria
NZ_CP017082_1773877..1866537	0	1	0	0	0	16	0	0	Proteobacteria
NZ_CP017088_1264945..1309915	0	0	0	0	1	0	0	0	Firmicutes
NZ_CP017088_262896..338565	0	0	0	6	1	0	0	0	Firmicutes
NZ_CP017092_1311959..1365690	0	0	0	0	2	0	0	0	Firmicutes
NZ_CP017099_5362518..5455159	0	0	0	0	0	16	0	0	Proteobacteria
NZ_CP017142_810731..937052	0	0	0	0	14	0	2	0	Firmicutes
NZ_CP017150_3131260..3179396	1	0	0	0	1	0	0	0	Actinobacteriota
NZ_CP017190_976667..1058035	0	1	0	0	0	16	0	0	Proteobacteria
NZ_CP017258_232735..329719	1	0	0	0	0	0	0	0	Campylobacterota
NZ_CP017261_1351638..1382466	0	0	0	0	1	0	0	0	Firmicutes
NZ_CP017284_3633998..3691364	7	0	0	0	0	0	0	0	Proteobacteria
NZ_CP017289_3633211..3690576	7	0	0	0	0	0	0	0	Proteobacteria
NZ_CP017293_2722674..2822779	0	1	0	0	0	16	0	0	Proteobacteria
NZ_CP017293_4783902..4873008	0	0	0	0	0	16	0	0	Proteobacteria
NZ_CP017305_2103482..2160199	8	0	0	0	0	0	0	0	Bacteroidota
NZ_CP017308_2396342..2438526	0	1	0	0	0	16	0	0	Proteobacteria
NZ_CP017311_3057104..3132201	8	0	0	0	0	0	1	0	Proteobacteria
NZ_CP017311_4359435..4379009	0	0	0	0	0	3	0	0	Proteobacteria
NZ_CP017314_531014..584202	0	0	0	6	1	0	0	0	Firmicutes
NZ_CP017323_1216128..1254824	1	0	0	0	0	0	0	0	Proteobacteria
NZ_CP017353_599732..698016	1	0	0	0	0	16	0	0	Proteobacteria
NZ_CP017353_960726..1103330	0	1	0	0	0	16	0	0	Proteobacteria
NZ_CP017415_2089329..2252534	0	0	1	0	0	0	0	0	Proteobacteria
NZ_CP017420_1401715..1478336	0	1	0	0	0	16	0	0	Proteobacteria
NZ_CP017420_2922070..2982362	4	0	0	0	0	0	1	0	Proteobacteria
NZ_CP017420_6937812..7035601	8	0	0	0	0	0	0	0	Proteobacteria
NZ_CP017450_3940623..3989775	7	0	0	0	0	0	0	0	Proteobacteria
NZ_CP017450_4027999..4068971	7	0	0	0	0	0	0	0	Proteobacteria
NZ_CP017450_448799..602385	0	0	0	0	0	17	0	0	Proteobacteria
NZ_CP017458_2292423..2356671	0	11	0	0	0	0	0	0	Proteobacteria
NZ_CP017476_3246014..3385025	8	0	0	0	1	0	0	0	Proteobacteria
NZ_CP017478_2530680..2623852	0	0	0	0	0	0	3	0	Bacteroidota
NZ_CP017482_1607399..1706696	0	0	0	0	0	16	0	0	Proteobacteria
NZ_CP017501_1084882..1140095	0	0	0	0	0	16	0	0	Proteobacteria
NZ_CP017506_1130377..1185257	0	0	0	0	0	16	0	0	Proteobacteria
NZ_CP017519_920286..1013743	0	0	0	0	0	2	0	0	Proteobacteria
NZ_CP017520_1032260..1159303	0	0	0	0	0	2	0	0	Proteobacteria
NZ_CP017520_744320..950021	0	0	0	0	1	14	0	0	Proteobacteria
NZ_CP017521_1102094..1176526	0	0	0	0	0	16	0	0	Proteobacteria
NZ_CP017523_1063900..1129188	0	0	0	0	0	16	0	0	Proteobacteria
NZ_CP017523_862610..968237	0	0	0	0	0	2	0	0	Proteobacteria
NZ_CP017524_1101854..1203002	0	0	0	0	0	16	0	0	Proteobacteria
NZ_CP017524_887536..1004377	0	0	0	0	0	2	0	0	Proteobacteria
NZ_CP017527_1099574..1159364	0	0	0	0	0	16	0	0	Proteobacteria
NZ_CP017528_1085188..1140367	0	0	0	0	0	16	0	0	Proteobacteria
NZ_CP017529_1089338..1141539	0	0	0	0	0	16	0	0	Proteobacteria
NZ_CP017529_876834..992467	0	0	0	0	0	2	0	0	Proteobacteria
NZ_CP017531_124741..179773	0	0	0	0	0	16	0	0	Proteobacteria
NZ_CP017533_1072139..1127352	0	0	0	0	0	16	0	0	Proteobacteria
NZ_CP017535_1010671..1137718	0	0	0	0	0	2	0	0	Proteobacteria
NZ_CP017536_892830..979276	0	0	0	0	0	2	0	0	Proteobacteria
NZ_CP017538_2008374..2107345	0	0	0	0	0	16	0	0	Proteobacteria
NZ_CP017538_2590995..2808957	0	0	0	0	0	2	0	0	Proteobacteria
NZ_CP017539_118571..173494	0	0	0	0	0	16	0	0	Proteobacteria
NZ_CP017539_2638272..2723511	0	0	0	0	0	2	0	0	Proteobacteria
NZ_CP017541_1101823..1183966	0	0	0	0	0	16	0	0	Proteobacteria
NZ_CP017541_889336..1006160	0	0	0	0	0	2	0	0	Proteobacteria
NZ_CP017542_887298..1004122	0	0	0	0	0	2	0	0	Proteobacteria
NZ_CP017543_898876..1004146	0	0	0	0	0	2	0	0	Proteobacteria
NZ_CP017549_1130301..1185225	0	0	0	0	0	16	0	0	Proteobacteria
NZ_CP017549_885343..1034638	0	0	0	0	0	2	0	0	Proteobacteria
NZ_CP017550_1308153..1368339	0	0	0	0	0	16	0	0	Proteobacteria
NZ_CP017552_1102003..1154058	0	0	0	0	0	16	0	0	Proteobacteria
NZ_CP017578_2889016..3253553	1	10	0	0	1	0	0	0	Proteobacteria
NZ_CP017581_113086..144080	1	0	0	0	0	0	0	0	Proteobacteria
NZ_CP017602_2260633..2324889	0	11	0	0	0	0	0	0	Proteobacteria
NZ_CP017621_3160669..3249348	0	0	0	0	0	17	0	0	Proteobacteria
NZ_CP017660_1102569..1136250	1	0	0	0	1	0	0	0	Actinobacteriota
NZ_CP017666_773476..823573	0	0	0	6	1	0	0	0	Firmicutes
NZ_CP017671_1809292..1982765	0	12	0	0	0	0	0	0	Proteobacteria
NZ_CP017679_776778..867110	1	0	0	5	1	0	0	0	Firmicutes
NZ_CP017688_2063474..2214196	0	0	0	0	0	0	1	0	Bacteroidota
NZ_CP017748_3571959..3593949	0	0	0	0	0	6	0	0	Proteobacteria
NZ_CP017762_4609067..4646945	0	0	0	0	1	0	0	0	Firmicutes
NZ_CP017763_1739950..1765189	0	0	0	6	1	0	0	0	Firmicutes
NZ_CP017769_1663632..1673480	0	0	0	0	0	0	1	0	Bacteroidota
NZ_CP017797_1443902..1491566	0	0	0	1	0	0	0	0	Firmicutes
NZ_CP017849_5377529..5456552	0	0	0	0	1	0	0	0	Proteobacteria
NZ_CP017916_1540424..1596806	0	0	0	0	1	0	0	0	Proteobacteria
NZ_CP017952_1739575..1870369	0	0	0	0	2	0	0	0	Firmicutes
NZ_CP017969_1844127..1952601	8	0	0	0	0	0	1	0	Proteobacteria
NZ_CP017974_785471..893399	0	0	0	0	0	16	0	0	Proteobacteria
NZ_CP017975_4138768..4231488	0	0	0	0	0	16	0	0	Proteobacteria
NZ_CP017976_785630..861968	0	0	0	0	0	11	0	0	Proteobacteria
NZ_CP017990_4180182..4275767	0	0	0	0	0	17	0	0	Proteobacteria
NZ_CP018016_5189248..5296422	0	0	0	0	0	17	0	0	Proteobacteria
NZ_CP018031_1940615..2107517	0	12	0	0	0	0	0	0	Proteobacteria
NZ_CP018032_1710718..1774572	0	0	0	0	0	15	0	0	Proteobacteria
NZ_CP018061_2180200..2228602	0	0	0	5	1	0	0	0	Firmicutes
NZ_CP018071_2258980..2407414	0	0	0	7	1	0	0	0	Firmicutes
NZ_CP018071_516620..586989	0	0	0	6	1	0	0	0	Firmicutes
NZ_CP018071_932979..956906	0	0	0	1	0	0	0	0	Firmicutes
NZ_CP018138_1728420..1772282	0	0	0	6	1	0	0	0	Firmicutes
NZ_CP018140_1829156..1892707	7	0	0	0	0	0	0	0	Proteobacteria
NZ_CP018148_2304729..2356951	0	0	0	6	1	0	1	0	Firmicutes
NZ_CP018184_3904114..3930713	0	0	0	6	1	0	0	0	Firmicutes
NZ_CP018221_2266..39081	8	0	0	0	0	0	1	0	Proteobacteria
NZ_CP018319_3479492..3499773	0	0	1	0	0	0	0	0	Proteobacteria
NZ_CP018352_1556544..1825518	2	0	0	0	0	0	0	0	Proteobacteria
NZ_CP018352_4189070..4245078	0	0	0	0	0	16	0	0	Proteobacteria
NZ_CP018363_2697329..2721844	1	0	0	0	0	0	0	0	Actinobacteriota
NZ_CP018364_744148..799089	0	0	0	0	0	16	0	0	Proteobacteria
NZ_CP018372_2502428..2672287	8	0	0	0	0	0	1	0	Proteobacteria
NZ_CP018391_94024..206600	0	0	0	0	0	16	0	0	Proteobacteria
NZ_CP018402_2742508..3146254	0	0	0	0	0	1	0	0	Proteobacteria
NZ_CP018407_989519..1331451	0	0	0	0	0	1	0	0	Proteobacteria
NZ_CP018408_804697..825764	0	0	1	0	0	0	0	0	Proteobacteria
NZ_CP018416_3521182..3686448	8	0	0	0	0	0	1	0	Proteobacteria
NZ_CP018420_2381412..2596874	0	1	0	0	0	14	0	0	Proteobacteria
NZ_CP018437_3393285..3536872	7	0	0	0	0	0	0	0	Proteobacteria
NZ_CP018454_2001482..2060998	7	0	0	0	0	0	0	0	Proteobacteria
NZ_CP018454_3130473..3189133	0	0	0	0	0	16	0	0	Proteobacteria
NZ_CP018467_1807762..1925805	1	0	0	0	0	0	0	0	Proteobacteria
NZ_CP018671_3304588..3407367	1	0	0	0	0	17	0	0	Proteobacteria
NZ_CP018692_738966..795214	0	0	0	0	0	16	0	0	Proteobacteria
NZ_CP018728_2925423..3042065	8	0	0	0	0	0	0	0	Proteobacteria
NZ_CP018758_1256893..1382346	0	1	0	0	0	16	0	0	Proteobacteria
NZ_CP018760_2506613..2525248	0	0	0	0	0	0	1	0	Bacteroidota
NZ_CP018760_396840..465049	1	0	0	0	0	0	3	0	Bacteroidota
NZ_CP018791_1445786..1490674	6	0	0	0	0	0	1	0	Campylobacterota
NZ_CP018791_614943..664383	4	0	0	0	0	0	0	0	Campylobacterota
NZ_CP018816_1497597..1552539	0	0	0	0	0	16	0	0	Proteobacteria
NZ_CP018820_1194091..1433296	8	0	0	0	0	0	1	0	Proteobacteria
NZ_CP018820_285407..440150	8	0	0	0	0	0	2	0	Proteobacteria
NZ_CP018822_1466050..1531624	1	0	0	0	4	0	1	0	Firmicutes
NZ_CP018822_242898..289840	0	0	0	4	1	0	0	0	Firmicutes
NZ_CP018839_256920..355038	0	1	0	0	0	16	0	0	Proteobacteria
NZ_CP018885_649923..707969	0	0	0	0	0	16	0	0	Proteobacteria
NZ_CP018888_1035842..1096908	0	0	0	7	1	0	0	0	Firmicutes
NZ_CP018898_317391..461099	8	0	0	0	0	0	0	0	Proteobacteria
NZ_CP018902_3589611..3596602	0	0	0	1	0	0	0	0	Firmicutes
NZ_CP018917_4976326..5060091	0	0	0	0	0	17	1	0	Proteobacteria
NZ_CP018924_3798886..3884435	0	0	0	0	0	17	1	0	Proteobacteria
NZ_CP018925_2796116..2817370	0	0	0	0	1	0	0	0	Proteobacteria
NZ_CP018929_3675589..3741918	0	0	0	0	0	17	0	0	Proteobacteria
NZ_CP018937_5144376..5157244	0	0	0	0	0	0	1	0	Bacteroidota
NZ_CP019044_816..60008	8	0	0	0	0	0	0	0	Proteobacteria
NZ_CP019058_83040..118569	2	0	0	0	0	0	0	0	Actinobacteriota
NZ_CP019183_4305312..4397243	0	0	0	0	1	16	0	0	Proteobacteria
NZ_CP019183_769587..814642	0	0	0	0	0	16	0	0	Proteobacteria
NZ_CP019236_533492..765004	8	0	0	0	0	0	1	0	Proteobacteria
NZ_CP019273_4429227..4598400	3	5	0	0	0	0	1	0	Proteobacteria
NZ_CP019290_1212203..1667509	1	0	0	0	1	0	0	0	Proteobacteria
NZ_CP019291_1174646..1384856	0	12	0	0	3	0	0	0	Proteobacteria
NZ_CP019293_3215723..3450226	1	0	0	0	0	0	0	0	Proteobacteria
NZ_CP019299_777164..849243	0	0	0	7	5	0	0	0	Firmicutes
NZ_CP019300_1068037..1085811	0	0	0	0	0	0	1	0	Bacteroidota
NZ_CP019301_576931..630878	0	0	0	0	0	0	1	0	Bacteroidota
NZ_CP019302_1784462..1826972	0	0	0	0	0	0	1	0	Bacteroidota
NZ_CP019302_511319..594672	2	0	0	0	1	0	11	0	Bacteroidota
NZ_CP019306_1750709..1853202	1	0	0	0	8	0	0	0	Fusobacteriota
NZ_CP019338_2726782..3173931	8	0	0	0	1	0	1	0	Proteobacteria
NZ_CP019389_818284..883216	1	0	0	0	0	0	3	0	Bacteroidota
NZ_CP019397_2117206..2258785	0	1	0	0	0	15	0	0	Proteobacteria
NZ_CP019399_5515021..5606370	1	1	0	0	0	16	0	0	Proteobacteria
NZ_CP019408_4496826..4578331	1	0	0	0	0	17	0	0	Proteobacteria
NZ_CP019428_978843..1027021	0	1	0	0	0	13	0	0	Proteobacteria
NZ_CP019431_2067480..2237859	0	1	0	0	0	16	0	0	Proteobacteria
NZ_CP019431_5379478..5469471	0	0	1	0	0	0	0	0	Proteobacteria
NZ_CP019431_920146..1003763	0	1	0	0	0	15	0	0	Proteobacteria
NZ_CP019433_163557..285810	0	0	0	7	1	0	0	0	Firmicutes
NZ_CP019433_2147399..2248587	0	0	0	0	1	0	0	0	Firmicutes
NZ_CP019512_2037592..2126857	0	0	0	7	1	0	0	0	Firmicutes
NZ_CP019512_2289742..2316479	0	0	0	4	0	0	0	0	Firmicutes
NZ_CP019512_3059251..3108068	0	0	0	6	1	0	0	0	Firmicutes
NZ_CP019512_587251..615311	0	0	0	0	1	0	0	0	Firmicutes
NZ_CP019557_854429..902882	0	0	0	5	1	0	0	0	Firmicutes
NZ_CP019562_1174441..1213483	0	0	0	0	4	0	1	0	Firmicutes
NZ_CP019593_2203008..2252259	1	0	0	5	1	0	0	0	Firmicutes
NZ_CP019593_2729873..2785246	1	0	0	5	1	0	0	0	Firmicutes
NZ_CP019602_99277..208196	0	12	0	0	0	0	0	0	Proteobacteria
NZ_CP019621_2089421..2167851	0	0	0	7	1	0	0	0	Firmicutes
NZ_CP019626_1473576..1503373	0	0	0	5	1	0	0	0	Firmicutes
NZ_CP019630_2140931..2159918	8	0	0	0	0	0	1	0	Proteobacteria
NZ_CP019668_1273529..1458571	8	0	0	0	0	0	0	0	Proteobacteria
NZ_CP019700_436978..568626	6	1	0	0	0	0	0	0	Campylobacterota
NZ_CP019717_3877120..4043922	1	0	0	4	2	0	0	0	Firmicutes
NZ_CP019732_1736243..1774339	0	1	0	0	0	13	0	0	Proteobacteria
NZ_CP019732_5462980..5504692	0	1	0	0	0	15	0	0	Proteobacteria
NZ_CP019799_4247900..4323856	0	0	0	0	0	13	0	0	Proteobacteria
NZ_CP019839_1702316..1745415	7	0	0	0	0	0	0	0	Proteobacteria
NZ_CP019857_1619873..1777459	0	0	0	7	2	0	0	0	Firmicutes_A
NZ_CP019857_3829347..4116422	3	0	0	5	9	0	0	0	Firmicutes_A
NZ_CP019864_1554597..1727664	0	0	0	6	1	0	0	0	Firmicutes_A
NZ_CP019864_2024014..2288323	0	0	0	0	1	0	1	0	Firmicutes_A
NZ_CP019871_1833161..1929886	0	1	0	0	0	16	0	0	Proteobacteria
NZ_CP019871_896566..969918	0	1	0	0	0	16	0	0	Proteobacteria
NZ_CP019903_141301..172981	1	0	0	0	0	0	0	0	Proteobacteria
NZ_CP019948_3494956..3549916	8	0	0	0	0	0	2	0	Proteobacteria
NZ_CP019961_2941471..3122086	2	0	0	0	0	0	0	0	Proteobacteria
NZ_CP019962_3518452..3562891	0	0	0	0	1	0	0	0	Firmicutes_A
NZ_CP019978_607227..713468	0	0	0	0	13	0	2	0	Firmicutes
NZ_CP019979_947360..1029135	2	0	0	6	1	0	0	0	Firmicutes
NZ_CP020007_90337..135335	0	0	0	0	0	16	0	0	Proteobacteria
NZ_CP020013_90336..135336	0	0	0	0	0	16	0	0	Proteobacteria
NZ_CP020046_326390..459962	8	0	0	0	0	0	0	0	Proteobacteria
NZ_CP020071_476838..534885	0	0	0	0	0	16	0	0	Proteobacteria
NZ_CP020083_183312..328738	8	0	0	0	0	0	2	0	Proteobacteria
NZ_CP020089_3989399..4084423	0	0	0	0	1	0	0	0	Proteobacteria
NZ_CP020104_953597..992646	0	0	0	0	0	0	1	0	Bacteroidota
NZ_CP020335_1318593..1354896	0	0	0	0	0	0	1	0	Proteobacteria
NZ_CP020335_4798123..4900744	0	0	0	0	0	16	0	0	Proteobacteria
NZ_CP020350_2028572..2118481	0	1	0	0	0	16	0	0	Proteobacteria
NZ_CP020350_416062..524264	8	0	0	0	0	0	1	0	Proteobacteria
NZ_CP020351_1795792..1833235	0	1	0	0	0	13	0	0	Proteobacteria
NZ_CP020351_4821477..4832789	0	0	1	0	0	0	0	0	Proteobacteria
NZ_CP020358_1442901..1482591	7	0	0	0	0	0	0	0	Proteobacteria
NZ_CP020378_2558402..2810220	0	0	0	0	5	0	0	0	Firmicutes_A
NZ_CP020380_2568031..2819850	0	0	0	0	5	0	0	0	Firmicutes_A
NZ_CP020380_534411..598382	0	0	0	5	7	0	1	0	Firmicutes_A
NZ_CP020412_405206..436062	0	11	0	0	0	1	0	0	Proteobacteria
NZ_CP020424_2490874..2569347	0	0	0	5	2	0	0	0	Firmicutes_A
NZ_CP020432_429562..465756	0	0	0	6	1	0	0	0	Firmicutes
NZ_CP020433_1385640..1468407	0	0	0	0	1	0	0	0	Firmicutes
NZ_CP020438_28532..62878	0	0	0	6	1	0	0	0	Firmicutes
NZ_CP020442_1643921..1793667	8	0	0	0	0	0	0	0	Proteobacteria
NZ_CP020449_1872635..1898233	0	0	0	0	3	0	0	0	Firmicutes
NZ_CP020449_688157..737192	0	0	0	6	1	0	0	0	Firmicutes
NZ_CP020467_272665..340961	0	0	0	4	1	0	0	0	Firmicutes
NZ_CP020484_2746083..2808177	0	0	0	6	1	0	0	0	Firmicutes
NZ_CP020498_741248..796190	0	0	0	0	0	16	0	0	Proteobacteria
NZ_CP020507_1536004..1884301	8	0	0	0	0	0	0	0	Proteobacteria
NZ_CP020525_4684327..4895029	8	2	0	0	1	0	0	0	Proteobacteria
NZ_CP020538_169999..223693	8	0	0	0	0	0	0	0	Proteobacteria
NZ_CP020557_1473795..1595147	1	0	0	5	2	0	0	0	Firmicutes
NZ_CP020557_765650..945380	1	0	0	4	2	0	0	0	Firmicutes
NZ_CP020603_5329093..5427715	0	1	0	0	0	13	0	0	Proteobacteria
NZ_CP020614_2952275..3177436	6	0	1	0	0	0	0	0	Proteobacteria
NZ_CP020645_2949369..3126401	8	0	0	0	0	0	0	0	Proteobacteria
NZ_CP020645_3225511..3368647	8	0	0	0	0	0	1	0	Proteobacteria
NZ_CP020703_4867806..4986414	1	0	0	0	0	16	0	0	Proteobacteria
NZ_CP020704_3400788..3622711	8	0	0	0	0	0	1	0	Proteobacteria
NZ_CP020704_4986378..5078349	0	0	0	0	0	16	0	0	Proteobacteria
NZ_CP020818_3675280..3784252	3	0	0	0	0	0	0	0	Proteobacteria
NZ_CP020818_4067254..4147127	0	1	0	0	0	16	0	0	Proteobacteria
NZ_CP020818_4184791..4253578	0	1	0	0	0	16	0	0	Proteobacteria
NZ_CP020835_1295207..1470769	2	0	0	0	0	0	0	0	Proteobacteria
NZ_CP020837_3627680..3765297	7	0	0	0	0	0	0	0	Proteobacteria
NZ_CP020837_4880222..4938269	0	0	0	0	0	16	0	0	Proteobacteria
NZ_CP020857_3547859..3591325	1	0	0	0	0	0	0	0	Actinobacteriota
NZ_CP020863_808893..964533	0	0	0	6	15	0	1	0	Firmicutes
NZ_CP020872_1868996..1914539	7	0	0	0	0	0	0	0	Proteobacteria
NZ_CP020885_2332139..2427076	1	1	0	0	0	16	0	0	Proteobacteria
NZ_CP020894_3436598..3513108	8	0	0	0	1	0	0	0	Proteobacteria
NZ_CP020917_3005415..3095074	0	1	0	0	0	16	0	0	Proteobacteria
NZ_CP020918_3924519..3983848	0	0	0	0	0	0	6	0	Bacteroidota
NZ_CP020925_2446861..2572460	8	0	0	0	0	0	1	0	Proteobacteria
NZ_CP020925_2678908..2798996	0	11	0	0	0	0	0	0	Proteobacteria
NZ_CP020925_295198..461227	8	0	0	0	0	0	1	0	Proteobacteria
NZ_CP020925_3553513..3705923	0	11	0	0	0	0	0	0	Proteobacteria
NZ_CP020928_1291439..1383390	0	0	0	0	2	0	1	0	Firmicutes
NZ_CP020943_1040344..1087664	0	0	0	0	1	0	0	0	Proteobacteria
NZ_CP020943_4106962..4190170	0	0	0	0	0	15	0	0	Proteobacteria
NZ_CP020960_660417..716109	1	0	0	5	1	0	0	0	Firmicutes
NZ_CP020985_2529910..2665989	0	1	0	0	0	16	0	0	Proteobacteria
NZ_CP021011_2441396..2447697	0	0	0	1	0	0	0	0	Firmicutes
NZ_CP021012_2594867..2730809	0	1	0	0	0	16	0	0	Proteobacteria
NZ_CP021079_3284264..3318412	8	0	0	0	0	0	0	0	Proteobacteria
NZ_CP021108_4435873..4538908	8	0	0	0	0	0	0	0	Proteobacteria
NZ_CP021109_331398..466043	5	0	0	0	1	7	1	0	Proteobacteria
NZ_CP021111_4068886..4168838	0	1	0	0	0	16	0	0	Proteobacteria
NZ_CP021111_616623..729069	0	1	0	0	0	16	0	0	Proteobacteria
NZ_CP021121_3065234..3079438	0	0	0	0	1	0	0	0	Actinobacteriota
NZ_CP021138_1682018..1694853	0	0	1	0	0	0	0	0	Proteobacteria
NZ_CP021140_341476..432734	1	0	0	0	6	0	0	0	Actinobacteriota
NZ_CP021175_2227562..2301214	0	0	0	0	0	17	0	0	Proteobacteria
NZ_CP021175_3212218..3457947	5	0	0	0	0	0	0	0	Proteobacteria
NZ_CP021235_2262029..2405662	2	0	0	0	0	0	8	0	Bacteroidota
NZ_CP021235_2675590..2737471	0	0	0	0	0	0	1	0	Bacteroidota
NZ_CP021235_4648978..4680251	0	0	0	0	0	0	1	0	Bacteroidota
NZ_CP021246_1177091..1215416	8	0	0	0	0	0	0	0	Proteobacteria
NZ_CP021256_115939..211928	7	0	1	0	0	0	0	0	Proteobacteria
NZ_CP021256_2400983..2484566	8	0	0	0	0	0	0	0	Proteobacteria
NZ_CP021256_638833..681010	8	0	0	0	0	0	0	0	Proteobacteria
NZ_CP021257_81861..211345	8	0	1	0	0	0	0	0	Proteobacteria
NZ_CP021258_176403..217626	8	0	0	0	0	0	0	0	Proteobacteria
NZ_CP021258_2287333..2351579	0	11	0	0	0	0	0	0	Proteobacteria
NZ_CP021260_2314089..2428327	8	0	0	0	0	0	0	0	Proteobacteria
NZ_CP021260_75094..216965	8	0	1	0	0	0	0	0	Proteobacteria
NZ_CP021261_75094..181741	4	0	1	0	0	0	0	0	Proteobacteria
NZ_CP021262_2917112..2969126	8	0	0	0	0	0	0	0	Proteobacteria
NZ_CP021263_176403..217697	8	0	0	0	0	0	0	0	Proteobacteria
NZ_CP021263_2276986..2341234	0	11	0	0	0	0	0	0	Proteobacteria
NZ_CP021264_2272057..2336305	0	11	0	0	0	0	0	0	Proteobacteria
NZ_CP021268_2654449..2709269	8	0	0	0	0	0	0	0	Proteobacteria
NZ_CP021268_77715..237908	7	0	1	0	0	0	0	0	Proteobacteria
NZ_CP021270_2260808..2301439	8	0	0	0	0	0	0	0	Proteobacteria
NZ_CP021279_2261803..2326051	0	11	0	0	0	0	0	0	Proteobacteria
NZ_CP021281_2248997..2388641	8	12	0	0	0	0	0	0	Proteobacteria
NZ_CP021283_100943..225660	6	0	1	0	0	0	0	0	Proteobacteria
NZ_CP021286_148427..219525	7	0	0	0	0	0	0	0	Proteobacteria
NZ_CP021286_2256823..2321068	0	11	0	0	0	0	0	0	Proteobacteria
NZ_CP021319_1652839..1714366	1	0	0	7	2	0	0	0	Firmicutes_A
NZ_CP021319_185054..541678	0	0	0	6	2	0	0	0	Firmicutes_A
NZ_CP021329_3266921..3342728	7	0	0	0	0	0	0	0	Proteobacteria
NZ_CP021359_1170423..1179967	8	0	0	0	0	0	1	0	Proteobacteria
NZ_CP021361_1457271..1651650	7	0	0	0	1	0	1	0	Proteobacteria
NZ_CP021361_2435439..2518794	8	0	0	0	0	0	0	0	Proteobacteria
NZ_CP021361_3247817..3297201	6	0	0	0	0	0	1	0	Proteobacteria
NZ_CP021366_1082884..1306015	8	0	0	0	0	0	1	0	Proteobacteria
NZ_CP021366_1590353..1774194	7	0	0	0	0	0	1	0	Proteobacteria
NZ_CP021380_2654422..2759918	0	1	0	0	0	16	0	0	Proteobacteria
NZ_CP021380_2900934..3047968	8	0	0	0	0	0	0	0	Proteobacteria
NZ_CP021380_5530783..5637100	1	0	0	0	0	16	0	0	Proteobacteria
NZ_CP021381_4931081..5055092	1	0	0	0	1	0	5	0	Bacteroidota
NZ_CP021388_1840591..1892035	0	0	0	0	6	0	0	0	Actinobacteriota
NZ_CP021392_1335039..1553628	1	0	0	0	8	0	0	0	Actinobacteriota
NZ_CP021394_1881920..1937455	0	0	0	0	6	0	0	0	Actinobacteriota
NZ_CP021397_1067315..1251473	0	1	0	0	0	16	0	0	Proteobacteria
NZ_CP021431_652..170927	6	0	0	0	1	0	0	0	Proteobacteria
NZ_CP021467_682986..993404	7	0	0	0	0	0	1	0	Proteobacteria
NZ_CP021500_4163007..4169512	0	0	0	1	0	0	0	0	Firmicutes
NZ_CP021505_4011183..4060259	0	0	0	6	1	0	0	0	Firmicutes
NZ_CP021509_1068967..1094695	0	0	0	0	0	0	1	0	Proteobacteria
NZ_CP021550_3000319..3193487	0	12	0	0	0	0	0	0	Proteobacteria
NZ_CP021552_1932563..1984333	0	0	0	0	7	0	0	0	Actinobacteriota
NZ_CP021558_2064353..2110424	0	0	0	0	6	0	0	0	Actinobacteriota
NZ_CP021559_1932766..2009152	0	0	0	0	8	0	0	0	Actinobacteriota
NZ_CP021640_1021776..1110614	0	0	0	6	3	0	0	0	Firmicutes
NZ_CP021648_1647012..1699785	1	8	0	0	0	0	0	0	Proteobacteria
NZ_CP021648_2545538..2594915	0	1	0	0	0	13	0	0	Proteobacteria
NZ_CP021648_3530334..3684391	0	1	0	0	0	16	0	0	Proteobacteria
NZ_CP021685_1297863..1356976	0	0	0	0	0	16	0	0	Proteobacteria
NZ_CP021685_194506..289311	7	0	0	0	0	0	0	0	Proteobacteria
NZ_CP021694_1087287..1189429	0	12	0	0	0	0	0	0	Proteobacteria
NZ_CP021694_3634228..3705476	1	1	0	0	0	16	0	0	Proteobacteria
NZ_CP021707_3320454..3342570	0	0	0	0	1	1	0	0	Actinobacteriota
NZ_CP021718_3271274..3329320	0	0	0	0	0	16	0	0	Proteobacteria
NZ_CP021731_2846870..3088388	0	0	0	0	0	16	0	0	Proteobacteria
NZ_CP021740_4137547..4195745	7	0	0	0	0	0	0	0	Proteobacteria
NZ_CP021757_1252085..1310283	7	0	0	0	0	0	0	0	Proteobacteria
NZ_CP021769_1576561..1641118	1	0	0	6	1	0	0	0	Firmicutes
NZ_CP021770_1088587..1161305	1	0	0	0	10	0	0	0	Firmicutes
NZ_CP021770_664512..744764	1	0	0	6	1	0	0	0	Firmicutes
NZ_CP021771_1058846..1100107	0	0	0	3	0	0	0	0	Firmicutes
NZ_CP021772_1192456..1262819	0	0	0	3	2	0	0	0	Firmicutes
NZ_CP021772_733266..772476	1	0	0	0	6	0	0	0	Firmicutes
NZ_CP021773_1403320..1503304	0	0	0	0	13	0	2	0	Firmicutes
NZ_CP021773_936430..988206	0	0	0	0	2	0	0	0	Firmicutes
NZ_CP021774_2817566..3266961	8	0	0	0	1	0	1	0	Proteobacteria
NZ_CP021775_2221011..2339184	8	0	0	0	0	0	0	0	Proteobacteria
NZ_CP021775_2902568..2995901	0	1	0	0	0	16	0	0	Proteobacteria
NZ_CP021775_5906126..5994299	0	0	0	0	0	16	0	0	Proteobacteria
NZ_CP021804_3717997..3760159	8	0	0	0	0	0	0	0	Proteobacteria
NZ_CP021818_2123809..2190196	8	0	0	0	0	0	0	0	Proteobacteria
NZ_CP021833_2107421..2245029	7	0	0	0	0	0	0	0	Proteobacteria
NZ_CP021850_2963279..3192026	2	0	0	0	7	0	1	0	Firmicutes_A
NZ_CP021851_3328853..3368157	7	0	0	0	0	0	0	0	Proteobacteria
NZ_CP021862_425131..470155	1	0	0	0	7	0	0	0	Firmicutes
NZ_CP021868_1941199..2012231	0	0	0	3	2	0	0	0	Firmicutes
NZ_CP021868_432957..474707	1	0	0	0	6	0	0	0	Firmicutes
NZ_CP021874_2077374..2177065	0	0	0	5	0	0	0	0	Firmicutes
NZ_CP021874_2277654..2456817	0	0	0	5	1	0	0	0	Firmicutes
NZ_CP021874_2706684..2756358	0	0	0	0	1	0	0	0	Firmicutes
NZ_CP021885_782636..849811	1	0	0	0	0	0	0	0	Firmicutes
NZ_CP021889_533574..539904	0	0	0	1	0	0	0	0	Firmicutes
NZ_CP021905_971664..1008341	1	0	0	5	2	0	0	0	Firmicutes
NZ_CP021950_4078191..4133133	0	0	0	0	0	16	0	0	Proteobacteria
NZ_CP021960_4048432..4139412	1	3	0	0	0	0	0	0	Proteobacteria
NZ_CP021960_5228915..5298133	7	0	0	0	0	0	0	0	Proteobacteria
NZ_CP021983_1322237..1422185	0	0	0	0	1	0	0	6	Cyanobacteria
NZ_CP021999_5296771..5387683	1	0	0	0	0	16	0	0	Proteobacteria
NZ_CP022001_1735211..1838035	0	0	0	0	0	16	0	0	Proteobacteria
NZ_CP022001_2211080..2361845	8	0	0	0	0	0	1	0	Proteobacteria
NZ_CP022001_4550118..4651932	0	1	0	0	0	16	0	0	Proteobacteria
NZ_CP022001_6303850..6360148	6	0	0	0	0	0	0	0	Proteobacteria
NZ_CP022001_7308770..7385657	8	0	0	0	0	0	0	0	Proteobacteria
NZ_CP022002_4640377..4752859	8	0	0	0	0	0	0	0	Proteobacteria
NZ_CP022002_4936956..5040933	0	1	0	0	0	16	0	0	Proteobacteria
NZ_CP022005_3206469..3277527	8	0	0	0	0	0	0	0	Proteobacteria
NZ_CP022022_2311389..2343162	1	0	0	0	0	0	10	0	Bacteroidota
NZ_CP022040_1455934..1484162	0	0	0	0	0	0	1	0	Bacteroidota
NZ_CP022040_925776..976620	2	0	1	0	0	0	5	0	Bacteroidota
NZ_CP022050_2229541..2310272	0	0	0	0	0	1	0	0	Proteobacteria
NZ_CP022058_1845735..2073745	1	0	0	0	0	0	4	0	Bacteroidota
NZ_CP022059_702222..775695	0	0	0	6	2	0	0	0	Firmicutes
NZ_CP022073_3513860..3594646	7	0	0	0	0	0	0	0	Proteobacteria
NZ_CP022089_2110702..2279290	0	12	0	0	0	0	0	0	Proteobacteria
NZ_CP022097_3357493..3473521	0	1	0	0	0	16	0	0	Proteobacteria
NZ_CP022106_601139..675670	0	0	0	1	1	1	0	0	Firmicutes
NZ_CP022110_1001574..1233979	8	0	0	0	0	0	1	0	Proteobacteria
NZ_CP022112_968452..1015426	1	0	0	0	0	0	0	0	Proteobacteria
NZ_CP022116_4264669..4358656	1	0	0	0	1	17	0	0	Proteobacteria
NZ_CP022121_3379673..3478463	1	0	0	0	8	0	0	0	Firmicutes_B
NZ_CP022121_534640..592994	0	0	0	1	7	0	0	0	Firmicutes_B
NZ_CP022123_1030326..1087534	7	0	0	0	0	0	0	0	Fusobacteriota
NZ_CP022123_1528799..1560101	8	0	0	1	0	0	1	0	Fusobacteriota
NZ_CP022123_2475648..2518721	7	0	0	0	0	0	0	0	Fusobacteriota
NZ_CP022123_551807..628299	1	0	0	0	0	0	0	0	Fusobacteriota
NZ_CP022135_4199141..4261647	0	0	0	0	0	15	0	0	Proteobacteria
NZ_CP022138_3004298..3045358	7	0	0	0	0	0	0	0	Proteobacteria
NZ_CP022139_778216..852219	0	0	0	0	0	17	0	0	Proteobacteria
NZ_CP022142_3064554..3099492	1	0	0	0	0	0	0	0	Proteobacteria
NZ_CP022142_4352599..4431572	0	1	0	0	0	15	0	0	Proteobacteria
NZ_CP022213_2003829..2324969	8	0	0	0	0	0	0	0	Proteobacteria
NZ_CP022221_1918087..2063054	4	0	0	0	1	0	1	0	Proteobacteria
NZ_CP022263_2860466..2952906	1	1	0	0	0	16	0	0	Proteobacteria
NZ_CP022271_1326097..1522525	8	0	0	0	0	0	0	0	Proteobacteria
NZ_CP022291_1149299..1350043	1	0	0	5	2	0	1	0	Firmicutes
NZ_CP022296_1298325..1444236	2	0	0	0	1	0	0	0	Actinobacteriota
NZ_CP022296_2511286..2595846	2	0	0	0	1	0	0	0	Actinobacteriota
NZ_CP022296_3422472..3549003	1	0	0	0	1	0	0	0	Actinobacteriota
NZ_CP022297_3619356..3945722	1	0	0	0	0	0	0	0	Proteobacteria
NZ_CP022303_1167566..1201304	1	0	0	0	0	0	0	0	Proteobacteria
NZ_CP022303_2281715..2319558	0	0	0	0	0	0	1	0	Proteobacteria
NZ_CP022315_749626..792460	1	1	0	0	2	0	0	0	Firmicutes
NZ_CP022336_272809..422095	0	7	0	0	0	0	0	0	Proteobacteria
NZ_CP022339_184356..340318	1	0	0	0	0	0	1	0	Bacteroidota
NZ_CP022353_2023435..2033217	1	0	0	0	0	0	1	0	Proteobacteria
NZ_CP022374_2281546..2425872	8	0	0	0	0	0	0	0	Proteobacteria
NZ_CP022383_205282..249986	1	0	0	0	0	0	9	0	Bacteroidota
NZ_CP022383_383344..420124	1	0	0	0	0	0	4	0	Bacteroidota
NZ_CP022383_635648..695617	0	0	0	0	0	0	1	0	Bacteroidota
NZ_CP022387_2012003..2077417	0	0	0	0	0	0	1	0	Bacteroidota
NZ_CP022392_1731772..1858323	0	0	0	0	2	0	0	0	Firmicutes
NZ_CP022412_112582..136481	0	0	0	0	0	0	1	0	Bacteroidota
NZ_CP022413_1883543..1983257	1	0	0	1	8	0	1	0	Firmicutes_A
NZ_CP022415_2158761..2173542	1	0	1	0	0	0	0	0	Proteobacteria
NZ_CP022427_154515..286653	0	0	0	0	0	17	0	0	Proteobacteria
NZ_CP022464_5647384..5982811	1	0	0	1	6	0	0	0	Firmicutes_A
NZ_CP022478_19446..219504	8	0	0	0	1	0	0	0	Proteobacteria
NZ_CP022478_3525861..3562298	0	0	0	0	0	15	0	0	Proteobacteria
NZ_CP022479_1314707..1664538	1	0	0	0	9	0	1	0	Firmicutes_A
NZ_CP022479_2788432..2855533	0	0	0	0	1	0	1	0	Firmicutes_A
NZ_CP022479_422459..494632	0	0	0	0	6	0	1	0	Firmicutes_A
NZ_CP022481_1682172..1750824	3	0	0	0	1	0	0	0	Proteobacteria
NZ_CP022488_1855190..1910832	0	0	0	6	1	0	1	0	Firmicutes
NZ_CP022504_1690466..1760222	0	1	0	0	0	15	0	0	Proteobacteria
NZ_CP022515_2256221..2325740	0	0	0	0	0	0	1	0	Bacteroidota
NZ_CP022515_3529164..3548486	0	0	0	0	0	0	1	0	Bacteroidota
NZ_CP022515_495967..510429	0	0	0	0	0	0	1	0	Bacteroidota
NZ_CP022515_640333..678118	0	0	0	0	0	0	3	0	Bacteroidota
NZ_CP022525_6303654..6412549	0	1	0	0	0	16	0	0	Proteobacteria
NZ_CP022526_2424411..2506587	0	0	0	0	0	16	0	0	Proteobacteria
NZ_CP022537_1948552..2135326	0	0	0	1	1	0	0	0	Firmicutes
NZ_CP022544_1737046..1785477	0	0	0	0	1	0	0	0	Actinobacteriota
NZ_CP022548_1322953..1444572	1	12	0	0	0	0	0	0	Proteobacteria
NZ_CP022548_50499..239663	1	12	0	0	0	0	0	0	Proteobacteria
NZ_CP022560_3117173..3260132	0	0	0	0	0	15	0	0	Proteobacteria
NZ_CP022560_5032135..5449850	0	1	0	0	0	15	0	0	Proteobacteria
NZ_CP022571_1780229..1801173	8	0	0	0	0	0	0	0	Bacteroidota
NZ_CP022582_402267..450734	0	0	0	7	1	0	0	0	Firmicutes
NZ_CP022586_903036..956311	0	0	0	0	2	0	0	0	Firmicutes
NZ_CP022593_911715..963901	0	0	0	0	1	0	0	0	Firmicutes
NZ_CP022600_1827133..1951613	0	5	0	0	0	0	0	0	Proteobacteria
NZ_CP022601_760006..890531	1	0	0	0	9	0	0	0	Firmicutes
NZ_CP022604_2187586..2234845	8	0	0	0	0	0	1	0	Proteobacteria
NZ_CP022615_987592..1047218	1	0	0	0	9	0	0	0	Firmicutes
NZ_CP022653_539153..568001	0	0	0	5	1	0	0	0	Firmicutes
NZ_CP022654_3770506..3840874	0	0	0	0	1	0	1	0	Firmicutes
NZ_CP022658_3227293..3334532	0	0	0	0	0	16	0	0	Proteobacteria
NZ_CP022680_1086193..1219097	1	0	0	0	9	0	0	0	Firmicutes
NZ_CP022685_5147172..5161793	0	0	0	0	1	0	0	0	Actinobacteriota
NZ_CP022699_3425800..3443213	8	0	0	0	0	0	1	0	Proteobacteria
NZ_CP022736_1647180..1662310	0	0	1	0	0	0	0	0	Proteobacteria
NZ_CP022745_1009104..1131632	8	0	0	0	0	0	1	0	Proteobacteria
NZ_CP022754_3215065..3260894	0	0	0	0	1	0	1	0	Bacteroidota
NZ_CP022754_3443683..3661569	1	0	0	0	0	0	12	0	Bacteroidota
NZ_CP022754_512165..543925	1	0	0	0	0	0	0	0	Bacteroidota
NZ_CP022754_5295158..5305709	0	0	0	0	0	0	1	0	Bacteroidota
NZ_CP022882_3249582..3302189	0	0	0	0	0	16	0	0	Proteobacteria
NZ_CP022902_2765846..2828121	0	0	0	6	2	0	0	0	Firmicutes
NZ_CP022930_1619122..1696051	0	0	0	0	1	0	0	0	Firmicutes
NZ_CP022957_1057789..1167140	0	0	0	0	0	0	3	0	Bacteroidota
NZ_CP022957_1517695..1581146	0	0	0	0	0	0	1	0	Bacteroidota
NZ_CP022957_4443653..4554081	2	0	0	0	1	0	7	0	Bacteroidota
NZ_CP022958_2211642..2372796	0	1	0	0	0	16	0	0	Proteobacteria
NZ_CP022958_4985618..5155344	8	1	0	0	0	16	1	0	Proteobacteria
NZ_CP022962_4642694..4658330	2	0	0	0	0	0	0	0	Proteobacteria
NZ_CP022986_1501315..1615151	0	0	0	0	0	0	10	0	Bacteroidota
NZ_CP022987_2376085..2446366	8	0	0	0	0	0	0	0	Proteobacteria
NZ_CP022997_113453..172969	7	0	0	0	0	0	0	0	Proteobacteria
NZ_CP022997_4471158..4526100	0	0	0	0	0	16	0	0	Proteobacteria
NZ_CP023010_3129586..3372214	0	0	0	0	0	0	10	0	Bacteroidota
NZ_CP023020_3584792..3624163	0	0	0	0	1	0	0	0	Proteobacteria
NZ_CP023046_1696809..1826098	0	0	0	0	0	2	0	0	Proteobacteria
NZ_CP023047_1755127..1994293	0	0	0	0	1	2	0	0	Proteobacteria
NZ_CP023057_952257..999389	0	0	0	0	0	16	0	0	Proteobacteria
NZ_CP023074_1182475..1233914	0	0	0	7	1	0	0	0	Firmicutes
NZ_CP023155_2542068..2658598	1	1	0	0	0	16	0	0	Proteobacteria
NZ_CP023166_762636..857846	0	0	0	0	0	17	0	0	Proteobacteria
NZ_CP023184_2444033..2477266	7	0	0	0	0	0	0	0	Proteobacteria
NZ_CP023255_2762227..2856704	0	0	0	0	0	16	0	0	Proteobacteria
NZ_CP023255_302032..400324	0	1	0	0	0	16	0	0	Proteobacteria
NZ_CP023255_489609..587047	8	0	0	0	0	0	1	0	Proteobacteria
NZ_CP023256_2191744..2348121	0	0	0	0	0	15	0	0	Proteobacteria
NZ_CP023256_2428924..2464604	8	0	0	0	0	0	0	0	Proteobacteria
NZ_CP023257_573746..580057	0	0	0	1	0	0	0	0	Firmicutes
NZ_CP023316_2857570..2985232	0	1	0	0	0	16	0	0	Proteobacteria
NZ_CP023316_4890192..4935461	0	0	0	0	0	15	0	0	Proteobacteria
NZ_CP023316_5557899..5656637	0	0	0	0	0	16	0	0	Proteobacteria
NZ_CP023402_3574146..3675774	1	0	0	0	1	0	7	0	Bacteroidota
NZ_CP023410_2513217..2554860	0	0	0	7	1	0	0	0	Firmicutes_A
NZ_CP023423_1426617..1472924	0	0	0	1	0	0	0	0	Firmicutes
NZ_CP023423_2604878..2666981	0	0	0	6	1	0	0	0	Firmicutes
NZ_CP023429_1010995..1074738	0	4	0	0	0	0	0	0	Proteobacteria
NZ_CP023434_1158038..1226573	0	0	0	0	1	0	0	0	Firmicutes
NZ_CP023434_1956898..2142607	0	0	0	2	5	0	0	0	Firmicutes
NZ_CP023439_193938..217340	0	0	0	0	0	5	0	0	Proteobacteria
NZ_CP023439_2363788..2533886	0	12	0	0	0	0	0	0	Proteobacteria
NZ_CP023445_279220..303102	1	0	0	0	0	0	0	0	Actinobacteriota
NZ_CP023449_2654611..2809528	8	0	0	0	0	0	2	0	Proteobacteria
NZ_CP023449_4063283..4223682	8	0	0	0	0	0	1	0	Proteobacteria
NZ_CP023449_4708089..4807591	8	0	0	0	0	0	1	0	Proteobacteria
NZ_CP023466_3819998..4036675	0	0	0	0	0	15	0	0	Proteobacteria
NZ_CP023467_876895..917012	8	0	0	0	0	0	0	0	Proteobacteria
NZ_CP023484_1898303..1973605	7	0	0	0	0	0	0	0	Proteobacteria
NZ_CP023484_3305463..3341523	7	0	0	0	0	0	0	0	Proteobacteria
NZ_CP023485_1613531..2061757	1	0	0	0	0	0	0	0	Proteobacteria
NZ_CP023507_663640..733286	0	0	0	0	3	0	1	0	Firmicutes
NZ_CP023518_1634776..1662243	1	0	0	0	0	0	0	0	Proteobacteria
NZ_CP023525_4483973..4637844	0	0	0	0	0	17	0	0	Proteobacteria
NZ_CP023540_1532184..1640659	1	0	0	0	1	0	7	0	Bacteroidota
NZ_CP023540_1784316..1806702	0	0	0	0	0	0	1	0	Bacteroidota
NZ_CP023642_1222426..1333632	0	0	0	0	0	0	7	0	Bacteroidota
NZ_CP023687_3629108..3805656	8	0	0	0	0	1	0	0	Proteobacteria
NZ_CP023687_3876069..4045265	0	1	0	0	0	15	0	0	Proteobacteria
NZ_CP023687_48594..258973	1	0	0	0	1	15	0	0	Proteobacteria
NZ_CP023699_4699933..4753790	0	0	0	0	1	0	0	0	Actinobacteriota
NZ_CP023722_1006473..1099100	0	1	0	0	0	16	0	0	Proteobacteria
NZ_CP023722_4178582..4239298	7	0	0	0	0	0	0	0	Proteobacteria
NZ_CP023737_2816443..2972913	3	0	0	0	0	0	1	0	Proteobacteria
NZ_CP023741_2314205..2911232	1	12	0	0	0	0	0	0	Proteobacteria
NZ_CP023746_2739766..2942862	0	0	0	0	0	0	10	0	Bacteroidota
NZ_CP023769_1066323..1108360	0	0	0	0	1	0	0	0	Firmicutes
NZ_CP023777_1925365..2012015	0	0	0	0	1	0	0	0	Bacteroidota
NZ_CP023819_1190425..1312643	1	0	0	0	8	0	0	0	Firmicutes_A
NZ_CP023819_2593512..2731002	2	0	0	1	7	0	1	0	Firmicutes_A
NZ_CP023844_2941263..2975000	0	0	1	0	0	0	0	0	Proteobacteria
NZ_CP023864_1159200..1207725	0	0	0	0	0	0	1	0	Bacteroidota
NZ_CP023946_3747435..3806546	0	0	0	0	0	16	0	0	Proteobacteria
NZ_CP023963_3366287..3503920	7	0	0	0	0	0	0	0	Proteobacteria
NZ_CP023968_3374878..3477812	1	0	0	0	1	0	6	0	Bacteroidota
NZ_CP023969_848907..896159	0	1	0	0	0	13	0	0	Proteobacteria
NZ_CP024024_2851917..2961665	0	0	0	0	0	16	0	0	Proteobacteria
NZ_CP024024_3615858..3715836	1	0	0	0	0	16	0	0	Proteobacteria
NZ_CP024024_608504..703274	0	1	0	0	0	16	0	0	Proteobacteria
NZ_CP024050_605262..728729	0	0	0	0	13	1	1	0	Firmicutes
NZ_CP024082_2273479..2283589	1	0	0	0	0	0	1	0	Proteobacteria
NZ_CP024087_4687377..4759247	0	0	0	0	0	1	0	0	Actinobacteriota
NZ_CP024091_1704286..1747034	0	0	0	0	0	0	1	0	Bacteroidota
NZ_CP024165_751519..861995	0	0	0	0	0	16	0	0	Proteobacteria
NZ_CP024168_779745..843632	1	0	0	0	0	17	0	0	Proteobacteria
NZ_CP024170_2335612..2372109	0	0	0	0	1	0	0	0	Actinobacteriota
NZ_CP024199_261085..412361	7	0	0	0	0	0	0	0	Proteobacteria
NZ_CP024202_2291803..2442895	0	0	0	0	0	16	0	0	Proteobacteria
NZ_CP024240_377740..740419	0	0	0	0	2	0	0	0	Proteobacteria
NZ_CP024275_1486265..1743397	0	0	0	0	1	0	0	0	Proteobacteria
NZ_CP024458_2858419..2916617	7	0	0	0	0	0	0	0	Proteobacteria
NZ_CP024477_3997162..4139449	8	0	0	0	0	0	0	0	Proteobacteria
NZ_CP024477_421200..643257	4	0	0	0	0	0	0	0	Proteobacteria
NZ_CP024477_4523187..4619320	0	0	0	0	0	15	0	0	Proteobacteria
NZ_CP024477_5256358..5348471	1	0	0	0	0	16	0	0	Proteobacteria
NZ_CP024489_2442565..2676589	0	0	0	0	1	0	0	0	Proteobacteria
NZ_CP024489_724822..832258	0	0	0	0	0	17	0	0	Proteobacteria
NZ_CP024545_1787299..1845496	7	0	0	0	0	0	0	0	Proteobacteria
NZ_CP024570_2862451..2960221	7	0	0	0	0	0	0	0	Proteobacteria
NZ_CP024590_1318564..1375081	1	0	0	0	6	0	0	0	Firmicutes
NZ_CP024590_2548081..2612967	1	0	0	5	1	0	0	0	Firmicutes
NZ_CP024590_2714499..2793886	0	0	0	7	1	0	0	0	Firmicutes
NZ_CP024592_1531716..1673759	2	0	0	0	0	0	11	0	Bacteroidota
NZ_CP024593_2330238..2403917	2	0	0	0	0	0	11	0	Bacteroidota
NZ_CP024594_839172..1005255	2	0	0	0	0	0	11	0	Bacteroidota
NZ_CP024595_1297442..1356163	2	0	0	0	0	0	11	0	Bacteroidota
NZ_CP024596_2299847..2341380	2	0	0	0	0	0	10	0	Bacteroidota
NZ_CP024596_40943..65855	1	0	0	0	0	0	10	0	Bacteroidota
NZ_CP024597_1998241..2073622	0	0	0	0	0	0	1	0	Bacteroidota
NZ_CP024597_2158379..2266750	2	0	0	0	0	0	11	0	Bacteroidota
NZ_CP024598_2217876..2269639	0	0	0	0	0	0	1	0	Bacteroidota
NZ_CP024598_539591..724417	2	0	0	0	0	0	11	0	Bacteroidota
NZ_CP024600_1406952..1443635	2	0	0	0	0	0	5	0	Bacteroidota
NZ_CP024600_405790..548182	2	0	0	0	0	0	11	0	Bacteroidota
NZ_CP024601_1002413..1029288	0	0	0	0	0	0	1	0	Bacteroidota
NZ_CP024601_38425..86120	0	0	0	0	0	0	1	0	Bacteroidota
NZ_CP024601_702919..738694	0	0	0	0	1	0	1	0	Bacteroidota
NZ_CP024630_2752381..2853347	0	1	0	0	0	16	0	0	Proteobacteria
NZ_CP024630_5489910..5616157	1	0	0	0	0	16	0	0	Proteobacteria
NZ_CP024630_5841106..5932170	8	0	0	0	0	0	0	0	Proteobacteria
NZ_CP024634_1899756..1974159	1	11	0	0	0	0	0	0	Proteobacteria
NZ_CP024675_4895454..4960336	0	0	0	0	0	13	0	0	Proteobacteria
NZ_CP024676_4520326..4553844	0	0	0	0	0	2	0	0	Proteobacteria
NZ_CP024677_3519137..3631493	0	0	0	0	0	17	0	0	Proteobacteria
NZ_CP024677_4876822..4937437	7	0	0	0	0	0	0	0	Proteobacteria
NZ_CP024696_1819852..1872240	2	0	0	0	0	0	10	0	Bacteroidota
NZ_CP024696_2105615..2128389	0	0	0	0	0	0	1	0	Bacteroidota
NZ_CP024696_2703150..2736386	0	0	0	0	0	0	1	0	Bacteroidota
NZ_CP024697_2489682..2673031	2	0	0	0	0	0	11	0	Bacteroidota
NZ_CP024697_539096..596003	0	0	0	0	0	0	1	0	Bacteroidota
NZ_CP024697_766798..780235	0	0	0	0	0	0	1	0	Bacteroidota
NZ_CP024704_2096902..2153490	8	0	0	0	0	0	0	0	Fusobacteriota
NZ_CP024704_507997..547222	8	0	0	1	0	0	0	0	Fusobacteriota
NZ_CP024712_4751024..4816160	0	1	0	0	0	14	0	0	Proteobacteria
NZ_CP024723_1801..159646	2	0	0	0	0	0	11	0	Bacteroidota
NZ_CP024724_252437..335209	2	0	0	0	0	0	11	0	Bacteroidota
NZ_CP024727_1021668..1067207	0	0	0	0	0	0	1	0	Bacteroidota
NZ_CP024727_934226..962044	0	0	0	0	0	0	1	0	Bacteroidota
NZ_CP024728_677536..726518	2	0	0	0	0	0	10	0	Bacteroidota
NZ_CP024729_1044299..1106483	1	0	0	0	0	0	10	0	Bacteroidota
NZ_CP024729_2074425..2136556	2	0	0	0	0	0	11	0	Bacteroidota
NZ_CP024732_1183723..1222451	0	0	0	0	0	0	1	0	Bacteroidota
NZ_CP024732_2024976..2051164	0	0	0	0	0	0	1	0	Bacteroidota
NZ_CP024734_13085..124813	2	0	0	0	0	0	11	0	Bacteroidota
NZ_CP024734_1664204..1712978	0	0	0	0	0	0	1	0	Bacteroidota
NZ_CP024735_465596..489084	1	0	0	0	0	0	10	0	Bacteroidota
NZ_CP024771_4638276..4688600	0	0	0	0	0	0	1	0	Firmicutes
NZ_CP024780_1631731..1673904	7	0	0	0	0	0	0	0	Proteobacteria
NZ_CP024780_777722..837135	7	0	0	0	0	0	0	0	Proteobacteria
NZ_CP024797_553880..584693	1	0	0	5	1	0	0	0	Firmicutes
NZ_CP024819_2814507..2885807	7	0	0	0	0	0	0	0	Proteobacteria
NZ_CP024838_4055060..4113257	7	0	0	0	0	0	0	0	Proteobacteria
NZ_CP024874_1726327..2066635	0	0	0	0	1	0	0	0	Proteobacteria
NZ_CP024885_2090774..2140485	0	0	0	0	0	9	0	0	Proteobacteria
NZ_CP024899_174123..248618	0	0	0	0	1	0	0	0	Proteobacteria
NZ_CP024900_1198879..1256995	0	0	0	0	0	3	0	0	Proteobacteria
NZ_CP024916_3461245..3519441	7	0	0	0	0	0	0	0	Proteobacteria
NZ_CP024920_315113..491704	1	12	0	0	0	0	0	0	Proteobacteria
NZ_CP024943_1281702..1350971	0	1	0	0	0	14	0	0	Proteobacteria
NZ_CP024945_157516..391941	1	0	0	0	0	0	1	0	Proteobacteria
NZ_CP024947_4247..140009	5	0	0	0	0	0	0	0	Campylobacterota
NZ_CP024948_1273497..1374647	6	0	0	0	0	0	0	0	Campylobacterota
NZ_CP024952_1152476..1215167	4	0	0	0	0	0	0	0	Campylobacterota
NZ_CP024954_2042732..2085243	0	0	0	0	1	0	0	0	Firmicutes
NZ_CP024956_1863011..1908923	7	0	0	0	0	0	0	0	Proteobacteria
NZ_CP024956_586814..683968	0	0	0	0	0	17	0	0	Proteobacteria
NZ_CP024959_1314095..1386020	2	0	0	0	0	0	0	0	Actinobacteriota
NZ_CP024974_1231627..1339688	0	0	0	0	5	0	0	0	Firmicutes
NZ_CP025003_595155..675244	0	0	0	0	0	17	0	0	Proteobacteria
NZ_CP025035_2931350..2980456	0	0	0	1	0	0	0	0	Proteobacteria
NZ_CP025037_1912672..2022185	7	0	0	0	0	0	0	0	Proteobacteria
NZ_CP025037_741894..796831	0	0	0	0	0	16	0	0	Proteobacteria
NZ_CP025043_1195416..1291622	0	0	0	0	13	0	2	0	Firmicutes
NZ_CP025044_3676906..3879253	3	0	0	0	13	0	0	0	Firmicutes_A
NZ_CP025045_2493748..2605734	1	0	0	7	2	0	0	0	Firmicutes_A
NZ_CP025046_2711174..2926566	1	0	0	7	2	0	0	0	Firmicutes_A
NZ_CP025047_3356301..3611559	1	0	0	5	2	0	0	0	Firmicutes_A
NZ_CP025050_4054516..4107301	0	0	0	0	0	15	0	0	Proteobacteria
NZ_CP025050_6544670..6634668	8	0	0	0	1	1	1	0	Proteobacteria
NZ_CP025056_1338321..1514488	8	0	0	0	1	0	1	0	Proteobacteria
NZ_CP025076_129783..160442	0	0	0	0	1	0	0	0	Firmicutes
NZ_CP025085_4349590..4446334	0	0	0	0	0	17	0	0	Proteobacteria
NZ_CP025086_1097199..1153076	8	0	0	0	0	0	1	0	Proteobacteria
NZ_CP025096_4144889..4176823	1	0	0	0	0	0	0	0	Bacteroidota
NZ_CP025096_7984785..8181214	1	0	0	0	1	0	8	0	Bacteroidota
NZ_CP025113_1690926..1810983	8	0	0	0	0	0	1	0	Proteobacteria
NZ_CP025119_1388130..1415334	0	0	0	0	0	0	1	0	Bacteroidota
NZ_CP025227_1648948..1688688	0	0	0	0	0	0	1	0	Actinobacteriota
NZ_CP025249_362731..391375	1	0	0	0	1	0	0	0	Actinobacteriota
NZ_CP025286_2609830..2671742	2	0	0	0	0	0	0	0	Firmicutes_A
NZ_CP025288_1932373..1984234	0	0	0	1	3	0	0	0	Firmicutes_A
NZ_CP025288_2697997..2762347	2	0	0	0	0	0	0	0	Firmicutes_A
NZ_CP025298_1613008..1690970	0	1	0	0	0	16	0	0	Proteobacteria
NZ_CP025298_2093116..2582105	1	0	0	0	1	0	0	0	Proteobacteria
NZ_CP025317_4391363..4436570	0	0	0	0	0	16	0	0	Proteobacteria
NZ_CP025330_3108705..3280257	0	0	0	0	1	0	1	0	Actinobacteriota
NZ_CP025425_1407249..1463412	0	0	0	1	0	0	0	0	Firmicutes
NZ_CP025425_2636302..2699909	0	0	0	6	1	0	0	0	Firmicutes
NZ_CP025425_699687..727719	0	1	0	0	0	0	0	0	Firmicutes
NZ_CP025453_3158750..3237174	0	0	0	0	0	17	0	0	Proteobacteria
NZ_CP025456_3514871..3574387	7	0	0	0	0	0	0	0	Proteobacteria
NZ_CP025456_4694765..4752811	0	0	0	0	0	16	0	0	Proteobacteria
NZ_CP025461_4660105..4718979	0	0	0	0	0	16	0	0	Proteobacteria
NZ_CP025466_4565787..4623834	0	0	0	0	0	16	0	0	Proteobacteria
NZ_CP025491_1404185..1452889	0	11	0	0	0	0	0	0	Proteobacteria
NZ_CP025500_367658..424689	0	0	0	3	0	0	0	0	Firmicutes
NZ_CP025522_2988134..3072120	0	1	0	0	0	16	0	0	Proteobacteria
NZ_CP025541_3519217..3572657	7	0	0	0	0	0	0	0	Proteobacteria
NZ_CP025570_2697855..2738920	0	0	0	0	1	0	0	0	Actinobacteriota
NZ_CP025573_2450259..2508460	7	0	0	0	0	0	0	0	Proteobacteria
NZ_CP025573_3250866..3284717	0	0	1	0	0	0	0	0	Proteobacteria
NZ_CP025688_1464114..1660634	0	0	0	0	1	0	0	0	Firmicutes
NZ_CP025704_1019344..1230398	1	1	0	0	1	0	0	0	Bdellovibrionota
NZ_CP025746_3139591..3181623	2	0	0	0	0	0	1	0	Firmicutes_A
NZ_CP025754_1459149..1531809	1	0	0	0	0	0	0	0	Firmicutes
NZ_CP025754_2415545..2459079	0	0	0	1	0	0	0	0	Firmicutes
NZ_CP025757_3109698..3218021	1	0	0	0	0	9	0	0	Proteobacteria
NZ_CP025757_4540215..4628844	0	0	0	0	0	4	0	0	Proteobacteria
NZ_CP025796_1992675..2258306	1	0	0	0	0	0	0	0	Proteobacteria
NZ_CP025799_728404..857852	0	1	0	0	0	16	0	0	Proteobacteria
NZ_CP025800_2687676..2721584	7	0	0	0	0	0	0	0	Proteobacteria
NZ_CP025800_931734..991412	0	0	0	0	0	16	0	0	Proteobacteria
NZ_CP025804_2104430..2133974	7	0	0	0	0	0	0	0	Proteobacteria
NZ_CP025869_3011965..3341502	0	0	0	0	2	0	0	0	Proteobacteria
NZ_CP025881_1029169..1368547	0	0	0	0	2	0	0	0	Proteobacteria
NZ_CP025892_1424495..1743522	0	0	0	0	2	0	0	0	Proteobacteria
NZ_CP025930_1412711..1471365	2	0	0	0	0	0	11	0	Bacteroidota
NZ_CP025930_35127..114449	2	0	0	0	1	0	11	0	Bacteroidota
NZ_CP025932_1517336..1585573	2	0	0	0	0	0	10	0	Bacteroidota
NZ_CP025951_4672706..4729913	0	0	0	0	0	16	0	0	Proteobacteria
NZ_CP026011_2973630..3219331	0	0	0	0	1	0	0	0	Proteobacteria
NZ_CP026050_2147616..2180311	0	0	0	0	1	0	0	0	Proteobacteria
NZ_CP026059_3191359..3284027	0	1	0	0	0	16	0	0	Proteobacteria
NZ_CP026062_2950792..3043393	0	1	0	0	0	16	0	0	Proteobacteria
NZ_CP026067_2601361..2660379	1	0	0	5	1	0	0	0	Firmicutes
NZ_CP026072_199690..269554	1	0	0	5	1	0	0	0	Firmicutes
NZ_CP026084_191491..256969	0	0	0	3	1	0	0	0	Firmicutes
NZ_CP026097_2662339..2695763	0	0	0	5	1	0	0	0	Firmicutes
NZ_CP026100_4584418..4720706	8	0	0	0	0	0	1	0	Proteobacteria
NZ_CP026108_31154..96506	4	0	0	0	0	0	0	0	Proteobacteria
NZ_CP026109_697214..720843	7	0	0	0	0	0	0	0	Proteobacteria
NZ_CP026118_1717487..1840955	0	0	0	1	1	0	0	0	Firmicutes
NZ_CP026124_2199094..2313791	0	1	0	0	0	16	0	0	Proteobacteria
NZ_CP026124_2339395..2430824	0	1	0	0	0	16	0	0	Proteobacteria
NZ_CP026124_236326..275585	0	1	0	0	0	16	0	0	Proteobacteria
NZ_CP026124_2573943..2855804	8	0	0	0	0	0	0	0	Proteobacteria
NZ_CP026130_1869777..1929293	7	0	0	0	0	0	0	0	Proteobacteria
NZ_CP026136_1867808..1928101	7	0	0	0	0	0	0	0	Proteobacteria
NZ_CP026145_745382..801521	0	0	0	0	0	16	0	0	Proteobacteria
NZ_CP026149_746179..802319	0	0	0	0	0	16	0	0	Proteobacteria
NZ_CP026155_1623163..1861329	7	0	0	0	1	0	0	0	Proteobacteria
NZ_CP026167_4302927..4341809	3	0	0	0	0	0	0	0	Proteobacteria
NZ_CP026177_1586780..1641585	0	0	0	0	0	16	0	0	Proteobacteria
NZ_CP026178_743894..1144214	0	0	0	0	1	0	0	0	Proteobacteria
NZ_CP026226_981030..1096684	8	0	0	0	0	0	0	0	Proteobacteria
NZ_CP026228_235375..294195	4	0	0	0	0	0	1	0	Proteobacteria
NZ_CP026228_2809825..2842234	1	0	0	0	1	0	0	0	Proteobacteria
NZ_CP026228_2919015..3194005	0	0	0	0	1	0	0	0	Proteobacteria
NZ_CP026228_4658797..4726632	4	0	0	0	0	0	0	0	Proteobacteria
NZ_CP026265_1760660..1873664	8	0	0	0	0	0	2	0	Proteobacteria
NZ_CP026269_1131826..1211118	0	0	0	0	1	0	0	0	Proteobacteria
NZ_CP026269_1312281..1424231	7	0	0	0	0	0	0	0	Proteobacteria
NZ_CP026275_2683393..2769589	0	0	0	0	0	17	0	0	Proteobacteria
NZ_CP026275_36616..80963	7	0	0	0	0	0	0	0	Proteobacteria
NZ_CP026275_6112251..6168875	7	0	0	0	0	0	0	0	Proteobacteria
NZ_CP026285_5297413..5388039	0	0	0	0	0	17	0	0	Proteobacteria
NZ_CP026332_1968885..2135323	0	1	0	0	0	15	0	0	Proteobacteria
NZ_CP026332_5656152..5900703	1	0	1	0	1	0	0	0	Proteobacteria
NZ_CP026362_2976410..3002938	0	0	0	6	1	0	0	0	Firmicutes
NZ_CP026377_4018147..4056739	0	0	0	0	1	0	0	0	Proteobacteria
NZ_CP026383_1294161..1315607	0	0	0	0	1	0	0	0	Proteobacteria
NZ_CP026383_3394551..3587817	8	0	0	0	2	0	0	0	Proteobacteria
NZ_CP026386_1691317..1780600	0	1	0	0	0	16	0	0	Proteobacteria
NZ_CP026386_1781282..1843140	8	0	0	0	0	0	0	0	Proteobacteria
NZ_CP026386_4000633..4088345	3	0	0	0	0	0	0	0	Proteobacteria
NZ_CP026386_4722754..4768302	8	0	0	0	0	0	0	0	Proteobacteria
NZ_CP026387_1158854..1228503	8	0	0	0	0	0	0	0	Proteobacteria
NZ_CP026392_3657281..3714270	0	0	0	0	0	16	0	0	Proteobacteria
NZ_CP026538_487605..570724	8	0	0	0	0	0	0	0	Desulfobacterota_I
NZ_CP026544_247572..335633	8	0	0	0	0	0	0	0	Proteobacteria
NZ_CP026544_5020819..5040602	0	0	1	0	0	0	0	0	Proteobacteria
NZ_CP026544_5142477..5242120	0	1	0	0	0	16	0	0	Proteobacteria
NZ_CP026544_5399639..5419011	0	0	1	0	0	0	0	0	Proteobacteria
NZ_CP026548_1547668..1574397	0	0	0	0	0	0	1	0	Firmicutes_A
NZ_CP026558_1071236..1096834	0	1	0	0	0	12	0	0	Proteobacteria
NZ_CP026558_116849..445804	1	0	12	0	0	0	0	0	Proteobacteria
NZ_CP026558_995649..1027989	0	1	0	0	0	13	0	0	Proteobacteria
NZ_CP026585_744882..801800	0	0	0	0	0	16	0	0	Proteobacteria
NZ_CP026591_2076928..2096277	0	0	0	0	1	0	1	0	Firmicutes_A
NZ_CP026594_3760001..3978205	3	0	0	0	13	0	1	0	Firmicutes_A
NZ_CP026597_3936156..4089458	1	0	0	7	1	0	0	0	Firmicutes_A
NZ_CP026598_3936593..4058005	1	0	0	7	1	0	0	0	Firmicutes_A
NZ_CP026614_1982014..2004947	1	0	0	0	4	0	0	0	Firmicutes_A
NZ_CP026615_2495718..2863815	0	0	1	6	1	0	1	0	Firmicutes_A
NZ_CP026647_78146..208309	0	12	0	0	0	0	0	0	Proteobacteria
NZ_CP026676_3650904..3777772	0	1	0	0	1	15	0	0	Proteobacteria
NZ_CP026680_5281383..5371346	1	0	0	0	0	16	0	0	Proteobacteria
NZ_CP026680_5525745..5542370	0	0	1	0	0	0	0	0	Proteobacteria
NZ_CP026702_3839972..3944025	1	0	0	0	0	17	0	0	Proteobacteria
NZ_CP026729_1564080..1587342	1	0	0	0	1	0	0	0	Actinobacteriota
NZ_CP026746_786514..792534	0	0	0	0	1	0	0	0	Actinobacteriota
NZ_CP026756_2702826..2803887	7	0	0	0	0	0	0	0	Proteobacteria
NZ_CP026924_228430..400638	8	0	0	0	0	0	1	0	Proteobacteria
NZ_CP026977_1659944..1698732	7	0	0	0	0	0	0	0	Proteobacteria
NZ_CP026980_1557610..1711205	7	0	0	0	0	0	0	0	Proteobacteria
NZ_CP026980_1801607..1874669	7	0	0	0	0	0	0	0	Proteobacteria
NZ_CP026982_3153249..3192037	7	0	0	0	0	0	0	0	Proteobacteria
NZ_CP026985_4142898..4226067	0	1	0	0	0	16	0	0	Proteobacteria
NZ_CP027002_1011598..1043105	0	0	0	1	0	0	0	0	Firmicutes_A
NZ_CP027002_552266..676783	0	0	0	7	1	0	0	0	Firmicutes_A
NZ_CP027022_5308814..5325711	0	0	0	0	1	0	0	0	Actinobacteriota
NZ_CP027036_332495..484436	0	1	0	0	0	16	0	0	Proteobacteria
NZ_CP027036_4684844..4750459	7	0	0	0	0	0	0	0	Proteobacteria
NZ_CP027048_741671..797813	0	0	0	0	0	16	0	0	Proteobacteria
NZ_CP027053_4851907..4908048	0	0	0	0	0	16	0	0	Proteobacteria
NZ_CP027068_1869645..1929161	7	0	0	0	0	0	0	0	Proteobacteria
NZ_CP027111_1770077..1929017	1	0	14	0	0	0	0	0	Proteobacteria
NZ_CP027111_4076029..4168985	0	0	0	0	1	17	0	0	Proteobacteria
NZ_CP027116_996781..1127062	2	0	0	4	1	0	0	0	Firmicutes
NZ_CP027118_1178847..1351590	2	0	0	0	0	0	0	0	Proteobacteria
NZ_CP027146_3001647..3056589	0	0	0	0	0	16	0	0	Proteobacteria
NZ_CP027160_3450254..3509502	0	0	0	0	0	16	0	0	Proteobacteria
NZ_CP027166_3303910..3482464	1	1	0	0	0	16	0	0	Proteobacteria
NZ_CP027166_3795236..3886516	1	0	0	0	0	16	0	0	Proteobacteria
NZ_CP027169_2179..85011	8	0	0	0	0	0	1	0	Proteobacteria
NZ_CP027171_2584290..2665237	0	0	0	0	0	15	0	0	Proteobacteria
NZ_CP027171_3284186..3383318	1	0	0	0	0	16	0	0	Proteobacteria
NZ_CP027171_564943..655001	0	1	0	0	0	16	0	0	Proteobacteria
NZ_CP027172_1359551..1445795	0	0	0	0	0	16	0	0	Proteobacteria
NZ_CP027172_3940516..4287650	1	0	0	0	0	0	0	0	Proteobacteria
NZ_CP027172_4365095..4454416	0	1	0	0	0	16	0	0	Proteobacteria
NZ_CP027174_3429923..3519029	0	0	0	0	0	16	0	0	Proteobacteria
NZ_CP027174_4178092..4265187	0	0	0	0	0	16	0	0	Proteobacteria
NZ_CP027226_644981..702964	0	0	0	0	1	0	1	0	Firmicutes_A
NZ_CP027228_914844..953387	0	0	0	0	10	0	0	0	Firmicutes_A
NZ_CP027229_1100478..1206556	1	0	0	0	1	0	9	0	Bacteroidota
NZ_CP027229_1545098..1614835	1	0	0	0	0	0	10	0	Bacteroidota
NZ_CP027231_2852439..2909453	1	0	0	0	0	0	10	0	Bacteroidota
NZ_CP027231_682799..760671	1	0	0	0	0	0	12	0	Bacteroidota
NZ_CP027232_629101..635258	0	0	0	0	0	0	1	0	Bacteroidota
NZ_CP027234_3131902..3198204	2	0	0	0	0	0	9	0	Bacteroidota
NZ_CP027260_1630499..1669287	7	0	0	0	0	0	0	0	Proteobacteria
NZ_CP027260_1714593..1774701	7	0	0	0	0	0	0	0	Proteobacteria
NZ_CP027300_3824341..3848666	2	0	0	0	0	0	0	0	Proteobacteria
NZ_CP027323_4647151..4750387	1	0	0	0	0	17	0	0	Proteobacteria
NZ_CP027340_1730793..1821425	1	0	0	0	0	17	0	0	Proteobacteria
NZ_CP027373_3269348..3441640	2	0	0	0	0	0	0	0	Proteobacteria
NZ_CP027398_541773..635642	0	1	0	0	0	16	0	0	Proteobacteria
NZ_CP027400_1266152..1284782	5	0	0	0	0	0	0	0	Fusobacteriota
NZ_CP027417_800344..833271	8	0	0	0	0	0	0	0	Proteobacteria
NZ_CP027417_965440..1136332	1	0	0	0	0	0	1	0	Proteobacteria
NZ_CP027426_1931990..2008522	0	0	0	0	0	13	0	0	Proteobacteria
NZ_CP027427_333138..363168	0	0	0	0	1	0	0	0	Firmicutes
NZ_CP027440_3584654..3644576	0	0	0	0	0	13	0	0	Proteobacteria
NZ_CP027506_2277766..2400812	1	1	0	0	0	0	0	0	Firmicutes
NZ_CP027512_2344253..2414242	1	1	0	1	2	0	0	0	Firmicutes
NZ_CP027512_2718553..2783092	0	0	0	6	1	0	0	0	Firmicutes
NZ_CP027512_530475..630758	0	0	0	5	1	0	0	0	Firmicutes
NZ_CP027517_1425715..1472020	0	0	0	1	0	0	0	0	Firmicutes
NZ_CP027517_1793037..1867315	0	0	0	7	1	0	0	0	Firmicutes
NZ_CP027517_2721102..2790382	0	0	0	6	1	0	0	0	Firmicutes
NZ_CP027528_2831269..2892770	1	0	0	0	0	0	0	0	Proteobacteria
NZ_CP027538_533509..632965	0	1	0	0	0	16	0	0	Proteobacteria
NZ_CP027539_599899..692223	0	0	0	0	0	17	0	0	Proteobacteria
NZ_CP027664_2668731..2769831	0	1	0	0	0	16	0	0	Proteobacteria
NZ_CP027665_3580509..3611433	7	0	0	0	0	0	0	0	Proteobacteria
NZ_CP027667_3499052..3573538	0	1	0	0	0	16	0	0	Proteobacteria
NZ_CP027669_3304669..3460935	8	0	0	0	0	0	0	0	Proteobacteria
NZ_CP027708_5491803..5593205	0	1	0	0	0	16	0	0	Proteobacteria
NZ_CP027710_5593365..5695730	0	1	0	0	0	16	0	0	Proteobacteria
NZ_CP027719_4278587..4503201	1	1	0	0	0	16	0	0	Proteobacteria
NZ_CP027726_2206062..2377975	0	1	0	0	0	15	0	0	Proteobacteria
NZ_CP027728_2174172..2320296	0	1	0	0	0	14	0	0	Proteobacteria
NZ_CP027730_2152750..2320356	0	1	0	0	0	15	0	0	Proteobacteria
NZ_CP027732_2117461..2300256	0	1	0	0	0	15	0	0	Proteobacteria
NZ_CP027739_5400127..5469646	0	2	0	0	1	15	0	0	Proteobacteria
NZ_CP027740_4146067..4301980	0	1	0	0	0	15	0	0	Proteobacteria
NZ_CP027740_5484028..5582770	0	1	0	0	0	16	0	0	Proteobacteria
NZ_CP027746_3910620..4004934	0	0	0	0	0	15	0	0	Proteobacteria
NZ_CP027750_5192182..5371243	1	1	0	0	0	16	0	0	Proteobacteria
NZ_CP027752_2828446..3263053	1	0	0	0	0	0	0	0	Proteobacteria
NZ_CP027754_2460397..2585325	0	1	0	0	0	15	0	0	Proteobacteria
NZ_CP027754_894896..949389	0	1	0	0	0	13	0	0	Proteobacteria
NZ_CP027756_888221..935473	0	1	0	0	0	13	0	0	Proteobacteria
NZ_CP027759_925072..979075	0	1	0	0	1	13	0	0	Proteobacteria
NZ_CP027760_2840994..3026028	0	1	0	0	0	15	0	0	Proteobacteria
NZ_CP027771_988674..1022381	0	0	0	6	1	0	0	0	Firmicutes
NZ_CP027788_469074..537526	0	0	0	7	1	0	0	0	Firmicutes
NZ_CP027792_2337483..2529786	8	0	0	0	1	1	1	0	Proteobacteria
NZ_CP028083_3215106..3243841	0	0	0	1	0	0	0	0	Firmicutes
NZ_CP028101_1466674..1544488	1	0	0	0	0	0	0	0	Fusobacteriota
NZ_CP028136_1234755..1251494	0	0	0	0	0	0	1	0	Bacteroidota
NZ_CP028136_3364148..3528094	1	0	0	0	0	0	3	0	Bacteroidota
NZ_CP028136_484078..562851	0	0	0	0	0	0	3	0	Bacteroidota
NZ_CP028136_962233..1008380	0	0	0	0	0	0	1	0	Bacteroidota
NZ_CP028162_2421208..2533807	0	1	0	0	0	16	0	0	Proteobacteria
NZ_CP028162_4865466..4953317	0	0	0	0	0	16	0	0	Proteobacteria
NZ_CP028162_5790494..5871980	8	0	0	0	0	0	0	0	Proteobacteria
NZ_CP028169_3880769..3949888	7	0	0	0	0	0	0	0	Proteobacteria
NZ_CP028209_107604..137086	0	0	0	5	1	0	0	0	Firmicutes
NZ_CP028215_2192948..2241869	0	0	0	6	1	0	0	0	Firmicutes
NZ_CP028271_3163950..3229079	0	0	0	0	0	17	0	0	Proteobacteria
NZ_CP028339_331548..336380	0	1	0	0	0	8	0	0	Proteobacteria
NZ_CP028347_3219627..3466995	1	11	0	0	0	0	0	0	Proteobacteria
NZ_CP028361_355580..606903	0	0	0	7	1	0	0	0	Firmicutes_A
NZ_CP028361_3791463..3904577	0	0	0	5	1	0	0	0	Firmicutes_A
NZ_CP028470_2340191..2414083	1	0	0	5	1	0	0	0	Firmicutes
NZ_CP028491_2399276..2500843	1	0	0	0	0	0	0	0	Firmicutes_B
NZ_CP028542_3119012..3180794	7	0	0	0	0	0	0	0	Proteobacteria
NZ_CP028548_745440..801581	0	0	0	0	0	16	0	0	Proteobacteria
NZ_CP028555_1800472..1848845	7	0	0	0	0	0	0	0	Proteobacteria
NZ_CP028584_2722336..2775714	8	0	0	0	0	0	0	0	Proteobacteria
NZ_CP028584_2945066..3036562	0	1	0	0	0	16	0	0	Proteobacteria
NZ_CP028584_5567129..5674073	1	0	0	0	0	16	0	0	Proteobacteria
NZ_CP028720_1007276..1071411	0	0	0	6	1	0	0	0	Firmicutes
NZ_CP028720_1468752..1549932	0	0	0	4	0	0	0	0	Firmicutes
NZ_CP028724_1519377..1584515	0	0	0	7	1	0	0	0	Firmicutes
NZ_CP028783_741507..796450	0	0	0	0	0	16	0	0	Proteobacteria
NZ_CP028797_744852..812972	0	0	0	0	0	16	0	0	Proteobacteria
NZ_CP028806_740844..797093	0	0	0	0	0	16	0	0	Proteobacteria
NZ_CP028813_1300663..1362556	0	0	0	0	0	17	0	0	Proteobacteria
NZ_CP028848_5164794..5276868	1	0	0	0	0	16	0	0	Proteobacteria
NZ_CP028894_1148429..1443718	0	0	0	0	2	0	0	0	Proteobacteria
NZ_CP028899_2249832..2344389	1	0	0	0	0	0	0	0	Proteobacteria
NZ_CP028899_4424106..4532508	8	0	0	0	0	0	0	0	Proteobacteria
NZ_CP028917_1699886..1790283	1	0	0	0	0	16	0	0	Proteobacteria
NZ_CP028917_4336229..4433554	0	1	0	0	0	16	0	0	Proteobacteria
NZ_CP028917_4892404..4951774	0	1	0	0	0	13	0	0	Proteobacteria
NZ_CP028974_530004..610181	1	0	0	0	0	17	0	0	Proteobacteria
NZ_CP028994_5226674..5284721	0	0	0	0	0	16	0	0	Proteobacteria
NZ_CP029002_3020943..3071265	0	0	0	0	0	0	1	0	Firmicutes
NZ_CP029041_1189649..1430424	2	0	0	0	1	0	0	0	Proteobacteria
NZ_CP029041_4332006..4421664	0	0	0	0	1	17	0	0	Proteobacteria
NZ_CP029042_7301079..7310570	0	0	0	0	1	0	0	0	Actinobacteriota
NZ_CP029070_3972880..4036704	0	0	0	5	1	0	0	0	Firmicutes
NZ_CP029088_2989728..3432487	8	0	0	0	0	0	1	0	Proteobacteria
NZ_CP029088_5361637..5424863	0	1	0	0	0	15	0	0	Proteobacteria
NZ_CP029088_5757738..5841631	0	0	0	0	0	16	0	0	Proteobacteria
NZ_CP029089_2549949..2650054	0	1	0	0	0	16	0	0	Proteobacteria
NZ_CP029089_6693279..6782711	0	0	0	0	0	16	0	0	Proteobacteria
NZ_CP029090_1184062..1271687	8	0	0	0	0	0	0	0	Proteobacteria
NZ_CP029090_1922187..2000866	0	1	0	0	0	16	0	0	Proteobacteria
NZ_CP029090_3094613..3179438	0	1	0	0	0	16	0	0	Proteobacteria
NZ_CP029090_4163026..4251884	0	1	0	0	0	16	0	0	Proteobacteria
NZ_CP029090_4891592..4986069	0	0	0	0	0	16	0	0	Proteobacteria
NZ_CP029093_5326271..5392161	8	0	0	0	0	0	1	0	Proteobacteria
NZ_CP029097_1479588..1567435	0	0	0	0	0	16	0	0	Proteobacteria
NZ_CP029097_6637149..6765319	8	0	0	0	0	0	0	0	Proteobacteria
NZ_CP029133_2419871..2489836	1	1	0	0	0	16	0	0	Proteobacteria
NZ_CP029145_846159..1370895	0	0	0	0	1	0	0	0	Bacteroidota
NZ_CP029149_237981..284992	1	0	0	0	1	0	7	0	Bacteroidota
NZ_CP029151_1378105..1404902	0	0	0	0	0	0	1	0	Bacteroidota
NZ_CP029151_3428982..3512073	1	0	0	0	0	0	3	0	Bacteroidota
NZ_CP029152_397164..603512	0	0	0	6	9	0	1	0	Firmicutes_A
NZ_CP029154_397152..573550	0	0	0	6	9	0	0	0	Firmicutes_A
NZ_CP029159_1751075..1797173	1	0	0	0	1	0	0	0	Actinobacteriota
NZ_CP029166_386520..491253	0	0	0	7	1	0	0	0	Firmicutes
NZ_CP029176_1491907..1539177	1	0	0	0	0	0	0	0	Proteobacteria
NZ_CP029176_474393..607653	8	0	0	0	0	0	2	0	Proteobacteria
NZ_CP029185_1415160..1476850	0	0	0	0	0	0	1	0	Proteobacteria
NZ_CP029186_3169707..3221251	0	0	0	0	0	0	9	0	Bacteroidota
NZ_CP029192_2595483..2622749	0	0	0	0	1	0	0	0	Actinobacteriota
NZ_CP029198_434495..517490	0	0	0	7	1	0	0	0	Firmicutes
NZ_CP029210_1713480..1947501	0	12	0	0	0	0	1	0	Proteobacteria
NZ_CP029256_1206574..1329347	0	0	0	1	6	0	2	0	Firmicutes_A
NZ_CP029256_1836836..1952259	0	0	0	0	6	0	0	0	Firmicutes_A
NZ_CP029332_3338454..3375373	0	0	0	0	1	0	0	0	Actinobacteriota
NZ_CP029335_3748980..4176014	8	0	0	0	1	0	1	0	Proteobacteria
NZ_CP029355_30250..77317	8	0	0	0	0	0	0	0	Proteobacteria
NZ_CP029384_746731..802872	0	0	0	0	0	16	0	0	Proteobacteria
NZ_CP029388_1587852..1649621	7	0	0	0	0	0	0	0	Proteobacteria
NZ_CP029398_919816..1037467	0	0	0	0	14	0	1	0	Firmicutes
NZ_CP029449_1355947..1450153	8	0	0	0	0	0	0	0	Proteobacteria
NZ_CP029462_205509..274679	7	0	0	0	0	0	0	0	Firmicutes_C
NZ_CP029463_1092175..1135225	0	0	0	0	1	0	9	0	Bacteroidota
NZ_CP029464_3384015..3414909	1	0	0	6	1	0	0	0	Firmicutes
NZ_CP029465_524546..551524	0	0	0	6	2	0	0	0	Firmicutes
NZ_CP029466_567770..604594	0	0	0	5	1	0	0	0	Firmicutes
NZ_CP029487_3364841..3386692	0	0	0	0	1	0	0	0	Firmicutes_A
NZ_CP029536_500825..533668	0	0	0	6	1	0	0	0	Firmicutes
NZ_CP029561_952875..973204	0	0	0	7	1	0	0	0	Firmicutes
NZ_CP029601_3375401..3449988	0	0	0	0	1	0	0	0	Actinobacteriota
NZ_CP029601_4670907..4685628	1	0	0	0	0	0	0	0	Actinobacteriota
NZ_CP029605_2724237..2841241	0	1	0	0	0	16	0	0	Proteobacteria
NZ_CP029605_5240396..5358802	0	1	0	0	0	16	0	0	Proteobacteria
NZ_CP029605_5752794..5854462	0	0	0	0	0	16	0	0	Proteobacteria
NZ_CP029612_1708804..1796161	0	0	0	6	2	0	0	0	Firmicutes
NZ_CP029612_2656413..2726131	0	0	0	3	0	0	0	0	Firmicutes
NZ_CP029612_3001796..3054253	0	0	0	0	1	0	0	0	Firmicutes
NZ_CP029615_2107287..2222759	0	0	0	0	2	1	0	0	Firmicutes
NZ_CP029617_3903440..3945629	1	0	0	0	0	0	0	0	Actinobacteriota
NZ_CP029627_835888..887244	0	0	0	4	1	0	0	0	Firmicutes
NZ_CP029642_2811392..2953495	1	0	0	0	1	0	0	0	Actinobacteriota
NZ_CP029652_2181056..2240089	1	0	0	5	2	0	0	0	Firmicutes
NZ_CP029653_1263543..1506193	1	0	0	5	1	0	0	0	Firmicutes
NZ_CP029653_627093..718709	1	0	0	5	1	0	0	0	Firmicutes
NZ_CP029675_407477..455941	0	0	0	7	1	0	0	0	Firmicutes
NZ_CP029689_267837..328129	7	0	0	0	0	0	0	0	Proteobacteria
NZ_CP029707_4153870..4238811	1	0	0	0	0	16	0	0	Proteobacteria
NZ_CP029707_623629..738604	8	0	0	0	0	0	0	0	Proteobacteria
NZ_CP029725_2030726..2123348	0	1	0	0	0	16	0	0	Proteobacteria
NZ_CP029727_2723941..2937960	5	0	0	0	0	0	0	0	Proteobacteria
NZ_CP029738_3997336..4078188	1	0	0	0	0	17	0	0	Proteobacteria
NZ_CP029745_2363201..2408995	0	1	0	0	0	16	0	0	Proteobacteria
NZ_CP029745_2754600..2854705	0	1	0	0	0	16	0	0	Proteobacteria
NZ_CP029745_4637689..4726795	0	0	0	0	0	16	0	0	Proteobacteria
NZ_CP029749_568728..670529	0	0	0	6	1	0	0	0	Firmicutes
NZ_CP029751_438248..496566	1	0	0	5	1	0	0	0	Firmicutes
NZ_CP029760_1556149..1616538	0	0	0	0	0	0	1	0	Bacteroidota
NZ_CP029760_880884..1070778	0	0	0	0	0	0	10	0	Bacteroidota
NZ_CP029826_644235..803849	8	0	0	0	0	0	0	0	Proteobacteria
NZ_CP029846_4260673..4525933	0	0	0	0	0	17	0	0	Proteobacteria
NZ_CP029850_4261167..4526513	0	0	0	0	0	17	0	0	Proteobacteria
NZ_CP029852_4241787..4507046	0	0	0	0	0	17	0	0	Proteobacteria
NZ_CP029853_4193601..4458396	0	0	0	0	0	17	0	0	Proteobacteria
NZ_CP029855_4259367..4525403	0	0	0	0	0	17	0	0	Proteobacteria
NZ_CP029858_4260484..4525745	0	0	0	0	0	17	0	0	Proteobacteria
NZ_CP029861_4243156..4508415	0	0	0	0	0	17	0	0	Proteobacteria
NZ_CP029862_4273574..4538833	0	0	0	0	0	17	0	0	Proteobacteria
NZ_CP029873_4242288..4507462	0	0	0	0	0	17	0	0	Proteobacteria
NZ_CP029878_4242217..4507476	0	0	0	0	0	17	0	0	Proteobacteria
NZ_CP029880_4243391..4508480	0	0	0	0	0	17	0	0	Proteobacteria
NZ_CP029882_4232614..4497886	0	0	0	0	0	17	0	0	Proteobacteria
NZ_CP029890_4251085..4516254	0	0	0	0	0	17	0	0	Proteobacteria
NZ_CP029897_4357034..4622203	0	0	0	0	0	17	0	0	Proteobacteria
NZ_CP029902_4263614..4528783	0	0	0	0	0	17	0	0	Proteobacteria
NZ_CP029906_4234309..4499326	0	0	0	0	0	17	0	0	Proteobacteria
NZ_CP029911_4242516..4507775	0	0	0	0	0	17	0	0	Proteobacteria
NZ_CP029918_4221400..4503140	0	0	0	0	0	17	0	0	Proteobacteria
NZ_CP029922_4241647..4506906	0	0	0	0	0	17	0	0	Proteobacteria
NZ_CP029928_4259024..4524199	0	0	0	0	0	17	0	0	Proteobacteria
NZ_CP029930_4241977..4507233	0	0	0	0	0	17	0	0	Proteobacteria
NZ_CP029932_4242656..4507915	0	0	0	0	0	17	0	0	Proteobacteria
NZ_CP029933_4242424..4507684	0	0	0	0	0	17	0	0	Proteobacteria
NZ_CP029936_4242566..4507910	0	0	0	0	0	17	0	0	Proteobacteria
NZ_CP029938_4181154..4446414	0	0	0	0	0	17	0	0	Proteobacteria
NZ_CP029940_4244608..4509867	0	0	0	0	0	17	0	0	Proteobacteria
NZ_CP029942_4244755..4509844	0	0	0	0	0	17	0	0	Proteobacteria
NZ_CP029944_4242936..4508195	0	0	0	0	0	17	0	0	Proteobacteria
NZ_CP029945_4244315..4510912	0	0	0	0	0	17	0	0	Proteobacteria
NZ_CP029946_4243996..4509085	0	0	0	0	0	17	0	0	Proteobacteria
NZ_CP029949_4242889..4508148	0	0	0	0	0	17	0	0	Proteobacteria
NZ_CP029950_4280737..4546010	0	0	0	0	0	17	0	0	Proteobacteria
NZ_CP029954_4243802..4509061	0	0	0	0	0	17	0	0	Proteobacteria
NZ_CP029956_4259427..4524688	0	0	0	0	0	17	0	0	Proteobacteria
NZ_CP029958_4242815..4508074	0	0	0	0	0	17	0	0	Proteobacteria
NZ_CP029983_4619072..4786602	0	1	0	0	0	13	0	0	Proteobacteria
NZ_CP029995_4167899..4237053	0	1	0	0	0	15	0	0	Proteobacteria
NZ_CP030007_4521009..4614991	1	0	0	0	1	17	0	0	Proteobacteria
NZ_CP030017_813014..928830	0	0	0	0	6	0	0	0	Firmicutes
NZ_CP030022_589552..672687	0	0	0	0	13	1	1	0	Firmicutes
NZ_CP030035_2564456..3061578	1	0	0	0	2	0	0	0	Bdellovibrionota
NZ_CP030036_2693484..2749740	3	0	0	0	0	0	0	0	Proteobacteria
NZ_CP030036_818911..914199	0	0	0	0	0	0	1	0	Proteobacteria
NZ_CP030036_8263990..8528633	8	0	0	0	0	0	2	0	Proteobacteria
NZ_CP030038_1775040..1805673	8	0	0	0	0	0	0	0	Proteobacteria
NZ_CP030041_2180551..2232454	0	0	0	0	0	0	1	0	Bacteroidota
NZ_CP030094_156571..295256	2	0	0	0	0	0	9	0	Bacteroidota
NZ_CP030094_1678105..1698687	0	0	0	0	0	0	1	0	Bacteroidota
NZ_CP030094_1751466..1821189	0	0	0	0	0	0	1	0	Bacteroidota
NZ_CP030095_828958..874733	1	0	0	0	0	0	5	0	Bacteroidota
NZ_CP030104_1966047..2073157	2	0	0	0	0	0	6	0	Bacteroidota
NZ_CP030104_3183237..3199750	0	0	0	0	0	0	1	0	Bacteroidota
NZ_CP030104_610021..747696	0	0	0	0	0	0	4	0	Bacteroidota
NZ_CP030111_1991079..2056710	0	0	1	0	0	0	0	0	Proteobacteria
NZ_CP030124_1750752..1874815	0	0	0	0	14	0	1	0	Firmicutes
NZ_CP030124_867492..1013558	0	0	0	0	12	0	0	0	Firmicutes
NZ_CP030125_1406760..1463244	0	0	0	6	1	0	0	0	Firmicutes
NZ_CP030150_344778..351057	0	0	0	1	0	0	0	0	Firmicutes
NZ_CP030172_1728573..1790738	7	0	0	0	0	0	0	0	Proteobacteria
NZ_CP030180_4214397..4294185	0	0	0	0	0	17	0	0	Proteobacteria
NZ_CP030185_2238262..2572672	0	0	0	0	2	0	1	0	Proteobacteria
NZ_CP030211_3993417..4058454	0	0	0	0	0	15	0	0	Proteobacteria
NZ_CP030219_1030105..1064119	7	0	0	0	0	0	0	0	Proteobacteria
NZ_CP030233_4499831..4522130	0	0	0	0	0	5	0	0	Proteobacteria
NZ_CP030280_1012479..1075830	0	0	0	0	0	0	1	0	Firmicutes_A
NZ_CP030280_2610941..2649556	0	0	0	4	0	0	0	0	Firmicutes_A
NZ_CP030288_752870..847893	0	0	0	0	0	17	0	0	Proteobacteria
NZ_CP030328_2817115..2952779	8	0	0	0	0	0	1	0	Proteobacteria
NZ_CP030328_6407..111863	0	0	0	0	0	16	0	0	Proteobacteria
NZ_CP030347_343931..455133	0	1	0	0	0	16	0	0	Proteobacteria
NZ_CP030352_1756097..1922582	8	0	0	0	0	0	1	0	Proteobacteria
NZ_CP030777_1904945..1917840	1	0	0	0	5	0	1	0	Firmicutes_A
NZ_CP030777_2858233..2870721	0	0	0	0	0	0	1	0	Firmicutes_A
NZ_CP030777_88799..138907	1	0	0	0	6	0	1	0	Firmicutes_A
NZ_CP030788_111436..296656	1	0	0	0	0	0	0	0	Proteobacteria
NZ_CP030840_4866826..4944037	6	0	0	0	0	0	0	0	Acidobacteriota
NZ_CP030840_506063..526761	6	0	0	0	0	0	0	0	Acidobacteriota
NZ_CP030848_2088413..2112711	0	0	0	0	0	0	1	0	Bacteroidota
NZ_CP030861_4536891..4635175	1	0	0	0	0	16	0	0	Proteobacteria
NZ_CP030910_1166409..1272911	1	0	0	0	0	16	0	0	Proteobacteria
NZ_CP030910_792439..897979	0	1	0	0	0	16	0	0	Proteobacteria
NZ_CP030911_5555242..5641369	0	0	0	0	0	16	0	0	Proteobacteria
NZ_CP030912_4834779..4921886	0	0	0	0	0	16	0	0	Proteobacteria
NZ_CP030912_5115173..5196828	1	0	0	0	0	0	0	0	Proteobacteria
NZ_CP030912_5610710..5696287	0	0	0	0	0	16	0	0	Proteobacteria
NZ_CP030912_5989358..6038538	0	1	0	0	0	16	0	0	Proteobacteria
NZ_CP030913_2454766..2494433	8	0	0	0	0	0	0	0	Proteobacteria
NZ_CP030913_5051863..5147447	0	1	0	0	0	15	0	0	Proteobacteria
NZ_CP030913_5492151..5581179	0	0	0	0	0	16	0	0	Proteobacteria
NZ_CP030918_1736278..1782270	3	0	0	0	0	0	0	0	Proteobacteria
NZ_CP030932_1442441..1504949	0	0	0	7	1	0	0	0	Firmicutes
NZ_CP030932_2342924..2367441	0	0	0	0	1	0	0	0	Firmicutes
NZ_CP030932_757006..896886	0	0	0	7	1	0	1	0	Firmicutes
NZ_CP030936_2532493..2797766	0	0	0	0	0	17	0	0	Proteobacteria
NZ_CP030936_4411320..4733841	0	0	0	0	1	0	0	0	Proteobacteria
NZ_CP031003_1895477..1910170	0	0	0	0	1	0	0	0	Firmicutes
NZ_CP031027_2249693..2276285	0	0	0	4	0	0	0	0	Firmicutes
NZ_CP031027_522746..577363	0	0	0	0	1	0	0	0	Firmicutes
NZ_CP031058_2680676..2922692	5	0	0	0	0	0	0	0	Proteobacteria
NZ_CP031058_3435462..3540795	0	1	0	0	0	16	0	0	Proteobacteria
NZ_CP031061_5074149..5162911	1	0	0	0	0	17	0	0	Proteobacteria
NZ_CP031088_379368..557315	0	0	0	0	0	0	1	0	Firmicutes
NZ_CP031092_2511412..2583864	0	0	0	1	1	0	0	0	Firmicutes
NZ_CP031115_2558911..2601315	1	0	0	0	0	0	0	0	Actinobacteriota
NZ_CP031123_1704308..1924256	2	0	0	0	1	0	1	0	Proteobacteria
NZ_CP031140_2682912..2762119	0	0	0	5	1	0	0	0	Firmicutes
NZ_CP031141_1100084..1160835	0	0	0	7	1	0	0	0	Firmicutes
NZ_CP031145_3778022..3801089	0	0	0	0	1	0	0	0	Actinobacteriota
NZ_CP031223_1723355..1791028	0	0	0	0	1	0	0	0	Firmicutes
NZ_CP031231_2945626..3002438	7	0	0	0	0	0	0	0	Proteobacteria
NZ_CP031239_868852..924556	0	0	0	0	0	16	0	0	Proteobacteria
NZ_CP031246_1471615..1502090	0	0	0	0	1	0	0	0	Firmicutes
NZ_CP031363_675424..720976	3	0	0	0	0	0	0	0	Proteobacteria
NZ_CP031422_1431803..1469187	0	0	0	0	1	0	0	0	Actinobacteriota
NZ_CP031449_5597669..5708907	1	0	0	0	0	16	0	0	Proteobacteria
NZ_CP031477_308350..354843	0	0	0	0	0	16	0	0	Proteobacteria
NZ_CP031518_2652019..2755657	6	0	0	0	0	0	1	0	Spirochaetota
NZ_CP031555_4440087..4449478	8	0	0	0	0	0	0	0	Proteobacteria
NZ_CP031556_1763097..1844146	2	0	0	6	1	0	0	0	Firmicutes
NZ_CP031557_2950790..2972775	0	0	0	0	0	0	1	0	Bacteroidota
NZ_CP031574_1542237..1656347	1	0	0	0	0	17	0	0	Proteobacteria
NZ_CP031606_1917394..2018342	8	0	0	0	0	0	0	0	Proteobacteria
NZ_CP031606_2736915..2814869	0	1	0	0	0	16	0	0	Proteobacteria
NZ_CP031606_3163058..3386026	8	0	0	0	0	0	1	0	Proteobacteria
NZ_CP031619_810369..852490	0	0	0	0	1	0	0	0	Firmicutes
NZ_CP031623_562512..601945	1	0	0	2	2	0	0	0	Firmicutes
NZ_CP031625_766733..808854	0	0	0	0	1	0	0	0	Firmicutes
NZ_CP031626_725230..767351	0	0	0	0	1	0	0	0	Firmicutes
NZ_CP031627_725479..767607	0	0	0	0	1	0	0	0	Firmicutes
NZ_CP031629_1107304..1149425	0	0	0	0	1	0	0	0	Firmicutes
NZ_CP031632_726140..768261	0	0	0	0	1	0	0	0	Firmicutes
NZ_CP031634_726907..769028	0	0	0	0	1	0	0	0	Firmicutes
NZ_CP031635_744124..872618	1	0	0	0	12	0	0	0	Firmicutes
NZ_CP031638_767122..809243	0	0	0	0	1	0	0	0	Firmicutes
NZ_CP031639_726095..768216	0	0	0	0	1	0	0	0	Firmicutes
NZ_CP031640_1036852..1047993	0	0	0	0	1	0	0	0	Firmicutes
NZ_CP031653_1760391..1963586	5	0	0	0	0	0	0	0	Proteobacteria
NZ_CP031659_5260858..5365171	1	0	0	0	0	16	0	0	Proteobacteria
NZ_CP031660_5228262..5320455	1	0	0	0	0	16	0	0	Proteobacteria
NZ_CP031728_1932259..2000541	0	0	0	0	0	14	0	0	Proteobacteria
NZ_CP031756_2314617..2364328	0	0	0	0	0	9	0	0	Proteobacteria
NZ_CP031785_551628..649354	0	0	0	0	3	0	1	0	Firmicutes
NZ_CP031795_1818220..1876418	7	0	0	0	0	0	0	0	Proteobacteria
NZ_CP031844_1963468..2008402	0	0	0	0	0	0	1	0	Proteobacteria
NZ_CP031848_3127317..3232973	1	0	0	0	0	0	0	0	Proteobacteria
NZ_CP031934_2160082..2219578	0	0	0	0	0	16	0	0	Proteobacteria
NZ_CP031965_4485431..4656447	0	0	0	0	0	0	3	0	Bacteroidota
NZ_CP032050_1583063..1936972	1	0	0	0	1	0	6	0	Bacteroidota
NZ_CP032050_2078614..2250022	0	0	0	0	0	0	3	0	Bacteroidota
NZ_CP032050_775732..827633	0	0	0	0	0	0	3	0	Bacteroidota
NZ_CP032056_847215..891983	0	0	0	0	0	0	1	0	Bacteroidota
NZ_CP032056_978840..991800	0	0	0	0	0	0	1	0	Bacteroidota
NZ_CP032057_875..212894	2	0	0	0	0	0	10	0	Bacteroidota
NZ_CP032084_4545768..4628049	8	0	0	0	0	0	0	0	Proteobacteria
NZ_CP032090_488159..734531	0	0	0	0	0	0	1	0	Proteobacteria
NZ_CP032126_5086423..5194320	1	0	0	0	0	16	0	0	Proteobacteria
NZ_CP032153_1709776..1786307	8	0	0	0	0	0	0	0	Proteobacteria
NZ_CP032153_3568738..3615250	8	0	0	0	0	0	0	0	Proteobacteria
NZ_CP032153_624873..791032	0	1	0	0	0	16	0	0	Proteobacteria
NZ_CP032167_1396218..1438248	7	0	0	0	0	0	0	0	Proteobacteria
NZ_CP032175_218847..277822	7	0	0	0	0	0	0	0	Proteobacteria
NZ_CP032228_293466..415965	4	0	0	0	0	0	1	0	Proteobacteria
NZ_CP032257_1227760..1316873	0	0	0	0	0	16	0	0	Proteobacteria
NZ_CP032265_2970106..3048261	0	0	0	0	0	17	0	0	Proteobacteria
NZ_CP032279_1639055..1723741	1	0	0	0	0	0	0	0	Proteobacteria
NZ_CP032295_616276..671908	7	0	0	0	0	0	0	0	Proteobacteria
NZ_CP032296_1997270..2128171	7	0	0	0	0	0	0	0	Proteobacteria
NZ_CP032312_757335..850021	8	0	0	0	0	0	0	0	Proteobacteria
NZ_CP032329_302732..561677	0	0	1	0	0	3	1	0	Proteobacteria
NZ_CP032358_6353406..6469427	0	1	0	0	0	16	0	0	Proteobacteria
NZ_CP032382_3672213..3865960	1	0	0	0	1	0	7	0	Bacteroidota
NZ_CP032401_797896..923374	0	0	0	0	2	0	0	0	Firmicutes
NZ_CP032402_2123469..2131085	1	0	0	0	0	0	0	0	Actinobacteriota
NZ_CP032444_4049724..4111748	0	0	0	0	0	13	0	0	Proteobacteria
NZ_CP032449_1501212..1551527	2	5	0	0	0	0	0	0	Proteobacteria
NZ_CP032456_854993..912965	0	1	0	0	0	15	0	0	Proteobacteria
NZ_CP032471_1597637..1636067	1	0	0	0	0	0	0	0	Campylobacterota
NZ_CP032487_3787208..3899629	0	0	0	0	0	17	0	0	Proteobacteria
NZ_CP032489_267297..301976	0	0	0	0	0	0	1	0	Bacteroidota
NZ_CP032509_141621..237820	8	0	0	0	1	0	1	0	Proteobacteria
NZ_CP032538_890874..958426	0	0	0	6	2	0	0	0	Firmicutes
NZ_CP032552_2391901..2469191	0	1	0	0	0	16	0	0	Proteobacteria
NZ_CP032552_5459604..5545649	0	0	0	0	0	16	0	0	Proteobacteria
NZ_CP032552_5699240..5725447	0	0	1	0	0	0	0	0	Proteobacteria
NZ_CP032569_3563655..3778157	8	0	0	0	0	0	0	0	Proteobacteria
NZ_CP032569_5058369..5152012	0	0	0	0	0	15	0	0	Proteobacteria
NZ_CP032620_207579..248195	0	0	0	3	1	0	0	0	Firmicutes
NZ_CP032620_820555..967849	0	0	0	3	1	0	1	0	Firmicutes
NZ_CP032627_1992267..2055590	0	0	0	2	1	0	0	0	Firmicutes
NZ_CP032631_1672806..1710726	0	1	0	0	0	15	0	0	Proteobacteria
NZ_CP032631_1754036..1811380	0	1	0	0	0	15	0	0	Proteobacteria
NZ_CP032631_1862882..1911082	0	1	0	0	0	15	0	0	Proteobacteria
NZ_CP032631_5463863..5614284	1	1	0	0	0	15	0	0	Proteobacteria
NZ_CP032665_725622..767743	0	0	0	0	1	0	0	0	Firmicutes
NZ_CP032681_507225..602982	0	0	0	0	1	0	10	0	Bacteroidota
NZ_CP032698_4020333..4078254	0	0	0	0	1	0	0	0	Actinobacteriota
NZ_CP032698_77863..123770	1	0	0	0	0	0	0	0	Actinobacteriota
NZ_CP032699_1061757..1118169	0	0	0	6	3	0	0	0	Firmicutes
NZ_CP032700_733297..831695	1	0	0	4	8	0	0	0	Firmicutes
NZ_CP032739_1269199..1356862	0	0	0	6	1	0	0	0	Firmicutes
NZ_CP032761_2529446..2612492	0	1	0	0	0	16	0	0	Proteobacteria
NZ_CP032761_3586976..3628267	0	1	0	0	0	13	0	0	Proteobacteria
NZ_CP032819_1297236..1348796	0	0	0	0	0	0	12	0	Bacteroidota
NZ_CP032819_1375548..1428239	1	0	0	0	0	0	7	0	Bacteroidota
NZ_CP032819_2523269..2673334	0	0	0	0	0	0	10	0	Bacteroidota
NZ_CP032833_440905..498547	0	0	0	0	0	16	0	0	Proteobacteria
NZ_CP032853_13793..20113	0	0	0	1	0	0	0	0	Firmicutes
NZ_CP032855_3051572..3095280	0	0	0	5	1	0	0	0	Firmicutes
NZ_CP032869_3949504..3964538	0	0	0	0	0	0	1	0	Bacteroidota
NZ_CP032871_1689937..1797268	0	1	0	0	0	16	0	0	Proteobacteria
NZ_CP032871_5384241..5527881	1	1	0	0	0	15	0	0	Proteobacteria
NZ_CP032898_1609558..1633879	1	0	0	0	0	0	0	0	Campylobacterota
NZ_CP032902_1023593..1115537	2	0	0	0	0	0	0	0	Campylobacterota
NZ_CP032903_1472182..1602194	6	0	0	0	0	0	1	0	Campylobacterota
NZ_CP032908_604978..702982	6	0	0	0	0	0	0	0	Campylobacterota
NZ_CP032909_1461008..1580438	6	0	0	0	1	0	0	0	Campylobacterota
NZ_CP032911_1289505..1369467	7	0	0	0	0	0	0	0	Campylobacterota
NZ_CP033032_1340555..1455519	8	0	0	0	0	0	0	0	Proteobacteria
NZ_CP033040_1820621..1890408	1	0	0	0	0	10	0	0	Proteobacteria
NZ_CP033048_1445211..1519899	2	1	0	0	2	0	0	0	Firmicutes
NZ_CP033052_442100..511137	0	0	0	6	1	0	0	0	Firmicutes
NZ_CP033070_3765328..3793649	0	0	0	0	0	0	1	0	Bacteroidota
NZ_CP033104_1586424..1680337	0	0	0	0	0	15	0	0	Proteobacteria
NZ_CP033104_4479681..4597400	0	1	0	0	0	16	0	0	Proteobacteria
NZ_CP033105_5163522..5424040	1	11	0	0	1	0	0	0	Proteobacteria
NZ_CP033112_1500609..1604288	0	1	0	6	1	0	0	0	Firmicutes
NZ_CP033112_1929730..1976811	1	0	0	5	1	0	0	0	Firmicutes
NZ_CP033114_1500925..1599588	0	0	0	6	1	0	0	0	Firmicutes
NZ_CP033134_97875..272674	1	0	0	0	0	0	0	0	Proteobacteria
NZ_CP033144_166085..253805	0	9	0	0	0	0	0	0	Proteobacteria
NZ_CP033158_1524833..1683651	0	1	0	0	0	16	0	0	Proteobacteria
NZ_CP033162_3425398..3468054	7	0	0	0	0	0	0	0	Proteobacteria
NZ_CP033206_1805368..1893454	0	0	0	7	1	0	0	0	Firmicutes
NZ_CP033206_2442736..2501532	1	0	0	0	0	0	0	0	Firmicutes
NZ_CP033206_275038..341099	0	0	0	5	1	0	0	0	Firmicutes
NZ_CP033206_28974..105919	0	0	0	7	1	0	0	0	Firmicutes
NZ_CP033206_540460..644251	1	0	0	1	9	0	0	0	Firmicutes
NZ_CP033214_425396..758551	0	0	0	1	7	0	2	0	Firmicutes_A
NZ_CP033216_3568509..3942567	2	0	0	1	6	0	1	0	Firmicutes_A
NZ_CP033230_1001018..1446032	0	11	0	0	0	0	0	0	Proteobacteria
NZ_CP033337_1166011..1181143	0	0	0	0	1	0	0	0	Firmicutes
NZ_CP033367_7030028..7080585	0	0	0	0	1	0	0	0	Proteobacteria
NZ_CP033381_1398639..1502617	1	12	0	0	0	0	1	0	Proteobacteria
NZ_CP033381_625288..760499	1	12	0	0	0	0	0	0	Proteobacteria
NZ_CP033426_2269574..2323427	1	0	0	0	0	0	1	0	Firmicutes
NZ_CP033426_796133..837082	0	0	0	0	1	0	0	0	Firmicutes
NZ_CP033439_4117549..4215832	0	1	0	0	0	16	0	0	Proteobacteria
NZ_CP033631_1945541..2037433	7	0	0	0	0	0	0	0	Proteobacteria
NZ_CP033635_538954..618446	1	0	0	0	0	17	0	0	Proteobacteria
NZ_CP033684_2496477..2601813	0	1	0	0	0	16	0	0	Proteobacteria
NZ_CP033684_3411475..3805990	8	0	0	0	0	0	1	0	Proteobacteria
NZ_CP033684_5063539..5238873	8	0	0	0	0	0	1	0	Proteobacteria
NZ_CP033684_5295624..5386121	0	1	0	0	0	16	0	0	Proteobacteria
NZ_CP033684_5743498..5837210	1	0	0	0	0	16	0	0	Proteobacteria
NZ_CP033685_2388318..2466270	0	1	0	0	0	16	0	0	Proteobacteria
NZ_CP033686_2099194..2193861	8	0	0	0	0	0	1	0	Proteobacteria
NZ_CP033706_253695..636915	0	0	0	0	0	1	0	0	Proteobacteria
NZ_CP033713_993017..1093464	0	0	0	0	0	15	0	0	Proteobacteria
NZ_CP033730_1786561..1973139	8	0	0	0	0	0	0	0	Proteobacteria
NZ_CP033760_1094113..1195115	1	0	0	0	1	0	6	0	Bacteroidota
NZ_CP033762_1421393..1503519	0	0	1	0	1	0	0	0	Proteobacteria
NZ_CP033771_1097559..1144360	8	0	0	0	0	0	1	0	Proteobacteria
NZ_CP033771_3332235..3423228	0	0	0	0	0	14	0	0	Proteobacteria
NZ_CP033771_3760425..3893524	0	0	0	0	0	9	0	0	Proteobacteria
NZ_CP033777_2510771..2575351	7	0	0	0	0	0	0	0	Proteobacteria
NZ_CP033787_353447..381507	0	0	0	0	1	0	0	0	Firmicutes
NZ_CP033795_1917047..1965354	0	0	0	0	1	0	0	0	Firmicutes
NZ_CP033800_3717681..3802234	0	0	0	0	0	1	0	0	Proteobacteria
NZ_CP033800_4116351..4170033	0	0	0	0	0	0	1	0	Proteobacteria
NZ_CP033808_857408..975801	0	0	0	6	1	0	0	0	Firmicutes
NZ_CP033810_223906..426033	0	0	0	6	2	0	1	0	Firmicutes
NZ_CP033810_777011..795857	0	0	0	2	1	0	0	0	Firmicutes
NZ_CP033822_75064..141507	0	0	0	7	1	0	0	0	Firmicutes
NZ_CP033824_3766427..3831452	1	0	0	0	0	17	0	0	Proteobacteria
NZ_CP033832_37920..127485	1	0	0	0	0	16	0	0	Proteobacteria
NZ_CP033832_4407881..4595074	8	0	0	0	0	0	1	0	Proteobacteria
NZ_CP033833_2766175..2872038	8	0	0	0	0	0	0	0	Proteobacteria
NZ_CP033835_1143865..1263717	8	0	0	0	0	0	1	0	Proteobacteria
NZ_CP033835_1337211..1429410	0	0	0	0	0	16	0	0	Proteobacteria
NZ_CP033835_2186165..2281783	0	0	0	0	0	16	0	0	Proteobacteria
NZ_CP033843_4896581..4977265	0	1	0	0	0	16	0	0	Proteobacteria
NZ_CP033843_501134..580518	0	0	0	0	0	15	0	0	Proteobacteria
NZ_CP033843_6553267..6767411	8	0	0	0	0	0	0	0	Proteobacteria
NZ_CP033865_1296688..1340541	0	0	0	6	1	0	0	0	Firmicutes
NZ_CP033865_961155..1018490	1	0	0	5	1	0	0	0	Firmicutes
NZ_CP033875_2671647..2813437	8	0	0	0	0	0	1	0	Proteobacteria
NZ_CP033905_702638..843729	1	0	0	0	5	0	0	0	Actinobacteriota
NZ_CP033912_2402779..2498587	1	0	0	0	1	0	6	0	Bacteroidota
NZ_CP033912_3620140..3726898	1	0	0	0	1	0	5	0	Bacteroidota
NZ_CP033914_1463258..1609846	0	0	0	0	0	0	10	0	Bacteroidota
NZ_CP033915_3938990..4045744	1	0	0	0	1	0	5	0	Bacteroidota
NZ_CP033917_3659651..3699074	0	0	0	0	0	0	1	0	Bacteroidota
NZ_CP033918_4431465..4563936	1	0	0	0	1	0	6	0	Bacteroidota
NZ_CP033920_224309..251271	0	0	0	0	0	0	1	0	Bacteroidota
NZ_CP033920_4579038..4634392	0	0	0	0	0	0	1	0	Bacteroidota
NZ_CP033921_2604054..2659397	0	0	0	0	0	0	1	0	Bacteroidota
NZ_CP033921_3708259..3735209	0	0	0	0	0	0	1	0	Bacteroidota
NZ_CP033921_5029695..5064800	0	0	0	0	0	0	1	0	Bacteroidota
NZ_CP033922_3447948..3702371	0	0	0	0	1	0	1	0	Bacteroidota
NZ_CP033922_5206570..5269985	0	0	0	0	0	0	9	0	Bacteroidota
NZ_CP033925_1457150..1469272	0	0	0	0	0	0	1	0	Bacteroidota
NZ_CP033925_2276179..2478869	0	0	0	0	0	0	10	0	Bacteroidota
NZ_CP033926_1296021..1336556	0	0	0	0	0	0	7	0	Bacteroidota
NZ_CP033930_1416476..1809312	0	0	0	0	0	0	10	0	Bacteroidota
NZ_CP033932_218211..375844	0	0	0	0	0	0	9	0	Bacteroidota
NZ_CP033932_2565810..2696065	1	0	0	0	1	0	6	0	Bacteroidota
NZ_CP033933_1539852..1547590	0	0	0	0	0	0	1	0	Bacteroidota
NZ_CP033933_2515767..2550213	0	0	0	0	0	0	1	0	Bacteroidota
NZ_CP033933_77070..177228	1	0	0	0	1	0	7	0	Bacteroidota
NZ_CP033933_880348..921575	0	0	0	0	0	0	1	0	Bacteroidota
NZ_CP033934_3005785..3106425	0	0	0	0	0	0	10	0	Bacteroidota
NZ_CP033934_4825639..4862695	0	0	0	0	1	0	1	0	Bacteroidota
NZ_CP033936_396422..487217	8	0	0	0	0	0	0	0	Proteobacteria
NZ_CP033954_745510..802428	0	0	0	0	0	16	0	0	Proteobacteria
NZ_CP033960_1910377..1969893	7	0	0	0	0	0	0	0	Proteobacteria
NZ_CP033960_794470..849411	0	0	0	0	0	16	0	0	Proteobacteria
NZ_CP034035_1316373..1360618	7	0	0	0	0	0	0	0	Proteobacteria
NZ_CP034035_2355160..2440749	7	0	0	0	0	0	0	0	Proteobacteria
NZ_CP034036_4086556..4177827	0	0	0	0	0	17	0	0	Proteobacteria
NZ_CP034039_747649..803897	0	0	0	0	0	16	0	0	Proteobacteria
NZ_CP034074_3971895..4020840	0	0	0	0	1	0	0	0	Proteobacteria
NZ_CP034077_1819752..1918788	7	0	0	0	0	0	0	0	Proteobacteria
NZ_CP034078_865150..907500	0	1	0	0	1	13	0	0	Proteobacteria
NZ_CP034091_3172359..3401945	0	12	0	0	0	0	0	0	Proteobacteria
NZ_CP034110_2370059..2406869	0	1	0	0	0	16	0	0	Proteobacteria
NZ_CP034123_1858261..1918695	7	0	0	0	0	0	0	0	Proteobacteria
NZ_CP034123_745498..802416	0	0	0	0	0	16	0	0	Proteobacteria
NZ_CP034147_1177511..1363289	6	0	0	0	0	0	0	0	Campylobacterota
NZ_CP034158_933015..939059	0	0	0	0	0	0	1	0	Bacteroidota
NZ_CP034159_2558113..2653529	1	0	0	0	1	0	5	0	Bacteroidota
NZ_CP034160_1176601..1183479	0	0	0	0	0	0	1	0	Bacteroidota
NZ_CP034161_393101..445543	0	0	0	0	0	0	1	0	Bacteroidota
NZ_CP034169_4670707..4685177	0	0	0	2	0	0	0	0	Firmicutes
NZ_CP034173_1043124..1155902	1	0	0	0	1	0	6	0	Bacteroidota
NZ_CP034173_207785..248815	0	0	0	0	0	0	1	0	Bacteroidota
NZ_CP034179_1657545..1706967	8	0	0	0	0	0	2	0	Proteobacteria
NZ_CP034179_1922818..1983119	8	0	0	0	0	0	1	0	Proteobacteria
NZ_CP034179_3586960..3773867	0	11	0	0	0	0	0	0	Proteobacteria
NZ_CP034179_3782622..4012401	0	1	0	0	0	0	1	0	Proteobacteria
NZ_CP034233_24971..118958	1	0	0	0	1	17	0	0	Proteobacteria
NZ_CP034237_1595656..1632307	7	0	0	0	0	0	0	0	Proteobacteria
NZ_CP034245_3238449..3294768	0	0	0	0	1	0	0	0	Actinobacteriota
NZ_CP034276_612563..698998	0	0	0	0	0	17	0	0	Proteobacteria
NZ_CP034286_1484249..1531890	0	5	0	0	0	0	0	0	Proteobacteria
NZ_CP034295_1595150..1642793	0	5	0	0	0	0	0	0	Proteobacteria
NZ_CP034336_2169920..2248663	1	0	0	0	1	17	0	0	Proteobacteria
NZ_CP034338_3651283..3805212	0	1	0	0	0	15	0	0	Proteobacteria
NZ_CP034338_4519361..4601085	0	1	0	0	0	16	0	0	Proteobacteria
NZ_CP034349_2671148..2708608	1	0	0	5	1	0	0	0	Firmicutes
NZ_CP034354_1343196..1445611	0	1	0	0	0	16	0	0	Proteobacteria
NZ_CP034354_2104149..2314281	0	1	0	0	0	16	0	0	Proteobacteria
NZ_CP034354_910412..1013390	1	0	0	0	0	16	0	0	Proteobacteria
NZ_CP034363_2912188..3008105	7	0	0	0	0	0	0	0	Proteobacteria
NZ_CP034363_404652..482215	1	0	0	0	0	17	0	0	Proteobacteria
NZ_CP034363_4062750..4140294	1	0	0	0	0	17	0	0	Proteobacteria
NZ_CP034408_1652090..1718310	7	0	0	0	0	0	0	0	Proteobacteria
NZ_CP034409_2315652..2529862	8	0	0	0	0	0	0	0	Proteobacteria
NZ_CP034409_3802866..3893221	0	0	0	0	0	16	0	0	Proteobacteria
NZ_CP034413_2841292..2993923	0	0	0	1	9	0	0	0	Firmicutes_A
NZ_CP034413_977159..996236	0	0	0	0	6	0	0	0	Firmicutes_A
NZ_CP034415_1862728..1922244	7	0	0	0	0	0	0	0	Proteobacteria
NZ_CP034415_744981..801122	0	0	0	0	0	16	0	0	Proteobacteria
NZ_CP034425_931962..979214	0	1	0	0	0	13	0	0	Proteobacteria
NZ_CP034432_29144..76586	0	0	0	0	0	0	1	0	Proteobacteria
NZ_CP034442_429066..536485	0	0	0	0	4	0	1	0	Firmicutes
NZ_CP034444_4126621..4185547	8	0	0	0	0	0	0	0	Proteobacteria
NZ_CP034446_1661213..1787599	8	0	0	0	0	0	1	0	Proteobacteria
NZ_CP034446_6607362..6708039	7	0	0	0	0	0	0	0	Proteobacteria
NZ_CP034447_6773919..6823826	8	0	0	0	0	0	2	0	Proteobacteria
NZ_CP034451_112853..135354	8	0	0	0	0	0	0	0	Proteobacteria
NZ_CP034465_210637..460098	0	0	0	6	1	0	0	0	Firmicutes
NZ_CP034482_1812756..1969900	5	0	0	0	0	0	0	0	Proteobacteria
NZ_CP034483_1083196..1131725	4	0	0	0	0	0	0	0	Proteobacteria
NZ_CP034483_2930248..2990098	7	0	0	0	0	0	0	0	Proteobacteria
NZ_CP034543_1119448..1244973	0	0	0	0	6	0	0	0	Firmicutes
NZ_CP034653_2630254..2740822	6	0	0	0	0	0	0	0	Proteobacteria
NZ_CP034689_511119..588969	8	0	0	0	0	1	0	0	Proteobacteria
NZ_CP034689_985455..1067524	8	0	0	0	0	0	0	0	Proteobacteria
NZ_CP034697_1028687..1064213	0	0	0	0	1	0	0	0	Proteobacteria
NZ_CP034717_1024408..1063667	0	0	0	0	1	0	0	0	Proteobacteria
NZ_CP034717_4299482..4331080	0	0	0	0	0	16	0	0	Proteobacteria
NZ_CP034752_2772231..2923607	0	1	0	0	0	16	0	0	Proteobacteria
NZ_CP034760_739376..794318	0	0	0	0	0	16	0	0	Proteobacteria
NZ_CP034836_6168989..6189435	1	0	1	0	0	0	0	0	Proteobacteria
NZ_CP034938_1086831..1170813	0	0	0	0	0	17	0	0	Proteobacteria
NZ_CP034949_1025408..1066752	0	0	0	0	1	0	0	0	Firmicutes
NZ_CP035034_4304495..4379198	0	0	0	0	0	17	0	0	Proteobacteria
NZ_CP035088_4933870..5047204	0	1	0	0	1	15	0	0	Proteobacteria
NZ_CP035090_1690510..1734539	8	0	0	0	0	0	0	0	Proteobacteria
NZ_CP035107_433332..543390	0	0	0	0	1	0	9	0	Bacteroidota
NZ_CP035129_78175..166181	0	0	0	0	1	0	0	0	Proteobacteria
NZ_CP035130_859836..1048583	1	0	0	0	1	0	1	0	Firmicutes_A
NZ_CP035228_574718..581301	0	0	0	1	0	0	0	0	Firmicutes
NZ_CP035276_3041821..3100074	7	0	0	0	0	0	0	0	Proteobacteria
NZ_CP035282_51664..152403	2	0	0	0	1	0	1	0	Firmicutes_A
NZ_CP035282_960755..1078358	2	0	0	1	9	0	0	0	Firmicutes_A
NZ_CP035283_2277118..2297592	0	0	0	0	1	0	0	0	Firmicutes_A
NZ_CP035383_4780731..4863403	0	0	0	0	0	12	0	0	Proteobacteria
NZ_CP035397_3989261..4035809	0	0	0	5	1	0	0	0	Firmicutes
NZ_CP035402_519703..550905	0	0	0	5	1	0	0	0	Firmicutes
NZ_CP035403_4073522..4106621	0	0	0	5	1	0	0	0	Firmicutes
NZ_CP035403_568041..592557	0	0	0	5	2	0	0	0	Firmicutes
NZ_CP035404_589828..614261	0	0	0	5	1	0	0	0	Firmicutes
NZ_CP035405_2707780..2778099	2	0	0	0	2	0	0	0	Firmicutes
NZ_CP035406_523782..553476	0	0	0	6	1	0	0	0	Firmicutes
NZ_CP035406_972029..995360	0	0	0	5	1	0	0	0	Firmicutes
NZ_CP035411_514043..546814	0	0	0	5	1	0	0	0	Firmicutes
NZ_CP035428_932571..991920	0	0	0	7	1	0	0	0	Firmicutes
NZ_CP035433_729440..816136	0	0	0	6	3	0	0	0	Firmicutes
NZ_CP035435_1622053..1663789	0	0	0	6	1	0	0	0	Firmicutes
NZ_CP035438_220284..289531	1	0	0	0	9	0	0	0	Firmicutes
NZ_CP035440_490991..535890	0	0	0	7	1	0	0	0	Firmicutes
NZ_CP035444_188948..265960	0	0	0	6	1	0	0	0	Firmicutes
NZ_CP035447_956277..1042058	0	0	0	6	3	0	0	0	Firmicutes
NZ_CP035501_3813035..4091335	8	0	0	0	0	0	1	0	Proteobacteria
NZ_CP035540_739390..794331	0	0	0	0	0	16	0	0	Proteobacteria
NZ_CP035541_1100516..1148505	0	0	0	6	1	0	0	0	Firmicutes
NZ_CP035541_2500140..2578803	1	0	0	0	0	0	0	0	Firmicutes
NZ_CP035563_557360..663287	0	0	0	0	2	0	1	0	Firmicutes
NZ_CP035648_3359..94394	0	0	0	7	1	0	0	0	Firmicutes
NZ_CP035666_2734556..2765357	0	0	0	0	0	0	1	0	Firmicutes
NZ_CP035666_28974..106985	0	0	0	7	1	0	0	0	Firmicutes
NZ_CP035701_1092..333537	3	9	0	0	0	0	0	0	Proteobacteria
NZ_CP035739_1258629..1370775	0	1	0	0	0	16	0	0	Proteobacteria
NZ_CP035765_2318057..2372995	8	0	0	0	0	0	2	0	Proteobacteria
NZ_CP035806_1326042..1384689	0	0	0	0	1	0	0	0	Actinobacteriota
NZ_CP035925_3693597..3807641	2	1	0	0	2	0	0	0	Firmicutes
NZ_CP036167_766339..900309	0	2	0	0	0	0	0	0	Proteobacteria
NZ_CP036175_2149699..2196835	7	0	0	0	0	0	0	0	Proteobacteria
NZ_CP036186_3406778..3425717	0	0	0	0	0	1	0	0	Proteobacteria
NZ_CP036249_2523351..2556198	0	0	0	6	1	0	0	0	Firmicutes
NZ_CP036249_368698..460605	1	0	0	1	8	0	0	0	Firmicutes
NZ_CP036254_448131..618260	0	0	0	0	0	4	0	0	Proteobacteria
NZ_CP036255_4475218..4676215	0	1	0	0	0	16	0	0	Proteobacteria
NZ_CP036294_3803307..3916554	0	0	0	0	0	15	0	0	Proteobacteria
NZ_CP036305_739695..795413	0	0	0	0	0	16	0	0	Proteobacteria
NZ_CP036345_3270553..3343294	2	0	0	0	8	0	0	0	Firmicutes_A
NZ_CP036365_41921..101167	0	0	0	0	0	16	0	0	Proteobacteria
NZ_CP036365_4343423..4402937	7	0	0	0	0	0	0	0	Proteobacteria
NZ_CP036371_3120213..3177907	5	0	0	0	0	0	0	0	Proteobacteria
NZ_CP036376_591400..697611	0	0	0	0	13	0	2	0	Firmicutes
NZ_CP036403_281253..407504	1	0	0	0	1	0	0	0	Actinobacteriota
NZ_CP036442_3553191..3611389	7	0	0	0	0	0	0	0	Proteobacteria
NZ_CP036491_1226787..1293565	1	0	0	0	0	0	0	0	Bacteroidota
NZ_CP036491_3270917..3310714	1	0	0	0	0	0	11	0	Bacteroidota
NZ_CP036491_507861..523896	0	0	0	0	0	0	1	0	Bacteroidota
NZ_CP036539_2408617..2492949	0	0	0	0	0	0	10	0	Bacteroidota
NZ_CP036539_3296126..3320708	0	0	0	0	0	0	11	0	Bacteroidota
NZ_CP036539_559182..572069	0	0	0	0	0	0	1	0	Bacteroidota
NZ_CP036539_718104..822380	0	0	0	0	0	0	2	0	Bacteroidota
NZ_CP036542_3950960..4008026	0	0	0	0	0	0	11	0	Bacteroidota
NZ_CP036546_216517..289653	0	0	0	0	0	0	11	0	Bacteroidota
NZ_CP036546_2404377..2423319	0	0	0	0	0	0	1	0	Bacteroidota
NZ_CP036546_2491582..2551726	0	0	0	0	0	0	10	0	Bacteroidota
NZ_CP036546_2952506..2984524	0	0	0	0	0	0	1	0	Bacteroidota
NZ_CP036546_4865357..4904826	0	0	0	0	0	0	1	0	Bacteroidota
NZ_CP036550_2703903..2771046	1	0	0	0	0	0	12	0	Bacteroidota
NZ_CP036550_3124460..3196107	0	0	0	0	0	0	1	0	Bacteroidota
NZ_CP036550_654998..660771	0	0	0	0	0	0	1	0	Bacteroidota
NZ_CP036553_2293365..2383506	0	0	0	0	0	0	5	0	Bacteroidota
NZ_CP036553_2860251..2925828	1	0	0	0	0	0	7	0	Bacteroidota
NZ_CP036553_3261885..3312982	0	0	0	0	0	0	11	0	Bacteroidota
NZ_CP036553_4488310..4547926	1	0	0	0	0	0	12	0	Bacteroidota
NZ_CP036553_4994931..5009696	0	0	0	0	0	0	1	0	Bacteroidota
NZ_CP037427_1604679..1614856	0	0	0	0	0	0	1	0	Bacteroidota
NZ_CP037427_3263002..3564648	0	0	0	0	0	0	7	0	Bacteroidota
NZ_CP037427_39831..64082	0	0	0	0	0	0	1	0	Bacteroidota
NZ_CP037440_1582421..1623592	2	0	0	0	1	1	4	0	Bacteroidota
NZ_CP037440_2597413..2604173	0	0	0	0	0	0	1	0	Bacteroidota
NZ_CP037440_2993358..3044318	0	0	0	0	0	0	12	0	Bacteroidota
NZ_CP037440_5406706..5484510	0	0	0	0	0	0	8	0	Bacteroidota
NZ_CP037812_3800505..4075969	2	0	0	5	1	0	0	0	Firmicutes_A
NZ_CP037821_2340860..2484684	0	0	0	7	1	0	0	0	Firmicutes_A
NZ_CP037839_190926..452199	0	0	0	7	1	0	0	0	Firmicutes_A
NZ_CP037839_2190734..2612552	0	0	0	0	0	0	1	0	Firmicutes_A
NZ_CP037839_3858511..3984921	1	0	0	7	1	0	0	0	Firmicutes_A
NZ_CP037867_2300471..2469942	0	0	0	0	0	15	0	0	Proteobacteria
NZ_CP037867_2522463..2681599	0	12	0	0	0	0	0	0	Proteobacteria
NZ_CP037867_2867885..2955939	8	0	0	0	1	0	0	0	Proteobacteria
NZ_CP037913_1993179..2037959	8	0	0	0	0	0	1	0	Proteobacteria
NZ_CP037928_743014..800356	0	0	0	0	0	16	0	0	Proteobacteria
NZ_CP037939_960211..1099340	0	0	0	0	2	0	1	0	Firmicutes
NZ_CP037940_2906456..3008112	0	0	0	0	2	0	0	0	Firmicutes
NZ_CP037940_75764..122103	0	0	0	0	1	0	0	0	Firmicutes
NZ_CP037948_1876042..1938921	0	0	0	0	1	0	0	0	Proteobacteria
NZ_CP037951_2065472..2156093	8	0	0	0	0	0	0	0	Proteobacteria
NZ_CP037951_3692662..3829324	8	0	0	0	1	0	0	0	Proteobacteria
NZ_CP037952_726851..914771	1	0	0	0	0	0	0	0	Proteobacteria
NZ_CP037954_2921795..3055485	1	0	0	0	1	0	7	0	Bacteroidota
NZ_CP037955_2280559..2324804	0	0	0	0	0	1	0	0	Firmicutes
NZ_CP038020_530731..593424	0	0	0	0	5	0	0	0	Firmicutes
NZ_CP038020_848001..923690	1	0	0	0	5	0	0	0	Firmicutes
NZ_CP038157_2316932..2330789	0	0	0	0	1	0	0	0	Actinobacteriota
NZ_CP038159_2629232..2641212	0	0	0	0	0	0	1	0	Bacteroidota
NZ_CP038258_824483..1392215	1	0	0	0	0	0	0	0	Proteobacteria
NZ_CP038266_295612..352452	0	0	0	0	1	0	0	0	Actinobacteriota
NZ_CP038266_3291584..3337321	2	0	0	0	1	0	0	0	Actinobacteriota
NZ_CP038271_1971807..2018024	8	0	0	0	0	0	0	0	Proteobacteria
NZ_CP038273_1653848..1766266	5	0	0	0	0	0	0	0	Proteobacteria
NZ_CP038273_2422238..2448538	0	0	0	0	1	13	0	0	Proteobacteria
NZ_CP038273_5222..304112	1	0	0	0	0	0	0	0	Proteobacteria
NZ_CP038383_1980714..2181475	7	0	0	0	0	0	0	0	Proteobacteria
NZ_CP038452_913656..986379	1	0	0	0	0	0	0	0	Deinococcota
NZ_CP038462_3375464..3397329	0	0	0	0	1	0	0	0	Actinobacteriota
NZ_CP038492_959295..972616	1	0	0	0	0	0	0	0	Proteobacteria
NZ_CP038498_1019302..1104691	1	0	0	0	0	17	0	0	Proteobacteria
NZ_CP038644_3341150..3738517	1	0	0	0	0	0	0	0	Proteobacteria
NZ_CP038859_1375191..1823533	0	0	0	0	2	0	0	0	Proteobacteria
NZ_CP038871_2002937..2053915	0	0	0	0	0	16	0	0	Proteobacteria
NZ_CP038872_2222564..2275596	0	1	0	0	0	13	0	0	Proteobacteria
NZ_CP038995_2353905..2415287	1	0	0	0	0	0	0	0	Firmicutes
NZ_CP038995_2599302..2662740	0	0	0	6	1	0	0	0	Firmicutes
NZ_CP038996_2659686..2723575	0	0	0	6	1	0	0	0	Firmicutes
NZ_CP039219_1910377..2017337	1	0	6	0	1	0	0	0	Proteobacteria
NZ_CP039234_2110148..2207595	1	0	6	0	1	0	0	0	Proteobacteria
NZ_CP039248_3383450..3509580	0	11	0	0	1	0	0	0	Proteobacteria
NZ_CP039250_1161663..1235976	0	2	0	0	0	0	0	0	Proteobacteria
NZ_CP039250_3480613..3531095	8	0	0	0	0	0	1	0	Proteobacteria
NZ_CP039250_408922..488317	8	0	0	0	0	0	0	0	Proteobacteria
NZ_CP039277_3091582..3203485	0	0	0	0	0	16	0	0	Proteobacteria
NZ_CP039293_4920994..5036703	8	0	0	0	0	0	1	0	Proteobacteria
NZ_CP039293_5102378..5233724	0	1	0	0	0	9	0	0	Proteobacteria
NZ_CP039293_5578776..5666623	0	0	0	0	0	16	0	0	Proteobacteria
NZ_CP039327_4140827..4211214	1	0	0	0	0	17	0	0	Proteobacteria
NZ_CP039339_652273..695064	4	0	0	0	0	0	1	0	Proteobacteria
NZ_CP039371_4254077..4396079	0	1	0	0	0	15	0	0	Proteobacteria
NZ_CP039380_496464..527096	0	0	0	5	1	0	0	0	Firmicutes
NZ_CP039424_1517242..1637880	1	0	0	0	0	0	0	0	Actinobacteriota
NZ_CP039435_2421942..2473424	2	0	0	0	0	0	0	0	Proteobacteria
NZ_CP039456_1788224..1824888	0	0	0	0	0	0	1	0	Bacteroidota
NZ_CP039456_632109..681589	0	0	0	0	1	0	0	0	Bacteroidota
NZ_CP039457_1529578..1633298	0	0	0	2	2	0	0	0	Firmicutes
NZ_CP039457_2042817..2126454	0	0	0	6	1	0	0	0	Firmicutes
NZ_CP039509_1299698..1498727	2	0	0	0	0	0	0	0	Proteobacteria
NZ_CP039520_1356472..1677269	1	0	0	0	0	0	0	0	Proteobacteria
NZ_CP039524_740302..796548	0	0	0	0	0	16	0	0	Proteobacteria
NZ_CP039631_6267466..6457681	0	1	0	0	0	15	0	0	Proteobacteria
NZ_CP039631_6620561..6710705	0	1	0	0	0	16	0	0	Proteobacteria
NZ_CP039695_3127916..3170599	8	0	0	0	0	0	1	0	Proteobacteria
NZ_CP039700_470332..500777	0	0	0	0	1	0	0	0	Proteobacteria
NZ_CP039707_990167..1079402	0	0	0	0	3	0	1	0	Firmicutes
NZ_CP039729_2602185..2664291	0	0	0	6	1	0	0	0	Firmicutes
NZ_CP039791_710386..791227	0	0	0	0	0	17	0	0	Proteobacteria
NZ_CP039819_2027636..2087152	7	0	0	0	0	0	0	0	Proteobacteria
NZ_CP039819_885731..941871	0	0	0	0	0	16	0	0	Proteobacteria
NZ_CP039929_1731535..1744842	0	0	0	0	0	0	1	0	Bacteroidota
NZ_CP039929_2843646..3025972	0	0	0	0	1	0	9	0	Bacteroidota
NZ_CP039929_624499..858710	0	0	1	0	1	0	8	0	Bacteroidota
NZ_CP039934_3006880..3046695	0	0	0	0	0	0	1	0	Bacteroidota
NZ_CP039988_3291158..3348053	6	0	0	0	0	0	1	0	Proteobacteria
NZ_CP039988_5454570..5547141	1	0	0	0	0	16	0	0	Proteobacteria
NZ_CP039990_3766887..3968677	8	0	0	0	0	0	1	0	Proteobacteria
NZ_CP039990_5251404..5335058	0	0	0	0	0	16	0	0	Proteobacteria
NZ_CP039993_1402233..1722648	1	0	0	0	0	0	0	0	Proteobacteria
NZ_CP040017_70922..100943	0	12	0	0	0	0	0	0	Proteobacteria
NZ_CP040019_2340085..2349308	0	0	0	0	0	0	1	0	Actinobacteriota
NZ_CP040023_739334..794276	0	0	0	0	0	16	0	0	Proteobacteria
NZ_CP040047_2704004..2763996	1	0	0	0	0	0	0	0	Proteobacteria
NZ_CP040058_1479871..1520858	1	0	0	6	0	0	0	0	Firmicutes_A
NZ_CP040058_1868262..1919564	1	0	0	0	0	0	0	0	Firmicutes_A
NZ_CP040058_2017297..2083514	1	0	0	0	8	0	0	0	Firmicutes_A
NZ_CP040121_2857365..2874079	0	0	0	0	0	0	1	0	Bacteroidota
NZ_CP040121_2925712..2947095	0	0	0	0	0	0	1	0	Bacteroidota
NZ_CP040121_665373..681719	0	0	0	0	0	0	1	0	Bacteroidota
NZ_CP040127_5251106..5357222	1	0	0	0	0	16	0	0	Proteobacteria
NZ_CP040182_4927856..5024873	0	0	0	0	0	16	0	0	Proteobacteria
NZ_CP040230_2444633..2558522	1	0	0	5	2	0	0	0	Firmicutes
NZ_CP040235_1275679..1346888	1	0	0	0	7	0	0	0	Actinobacteriota
NZ_CP040297_3772712..3999344	0	0	0	0	1	0	0	0	Cyanobacteria
NZ_CP040324_3635628..3841819	0	0	0	0	0	15	0	0	Proteobacteria
NZ_CP040325_685238..753391	0	10	0	0	0	0	1	0	Proteobacteria
NZ_CP040368_263411..282058	0	0	0	1	0	0	0	0	Firmicutes
NZ_CP040368_482798..649643	0	0	0	5	2	0	0	0	Firmicutes
NZ_CP040419_506448..577765	0	0	0	0	1	0	1	0	Firmicutes
NZ_CP040421_491704..573145	0	0	0	0	1	0	1	0	Firmicutes
NZ_CP040422_506541..585131	0	0	0	0	1	0	1	0	Firmicutes
NZ_CP040425_1341640..1930988	1	0	0	0	0	1	0	0	Proteobacteria
NZ_CP040425_2665294..2796417	2	7	0	0	1	0	0	0	Proteobacteria
NZ_CP040430_1361999..1597570	0	0	0	0	1	0	0	0	Proteobacteria
NZ_CP040431_2851175..2861684	7	0	0	0	0	0	0	0	Proteobacteria
NZ_CP040432_3379737..3460041	8	0	0	0	1	0	0	0	Proteobacteria
NZ_CP040433_3644412..3710348	0	1	0	0	0	16	0	0	Proteobacteria
NZ_CP040434_3170415..3289204	8	0	0	0	1	0	0	0	Proteobacteria
NZ_CP040435_1625411..1695469	0	1	0	0	0	16	0	0	Proteobacteria
NZ_CP040435_2920926..3058760	7	0	0	0	0	0	0	0	Proteobacteria
NZ_CP040439_1328248..1472094	8	0	0	0	0	0	1	0	Proteobacteria
NZ_CP040440_2553890..2781743	0	0	0	0	1	0	0	0	Proteobacteria
NZ_CP040442_1105071..1228606	1	0	0	0	1	0	5	0	Bacteroidota
NZ_CP040442_1320239..1590020	1	0	0	0	1	0	6	0	Bacteroidota
NZ_CP040442_3392919..3450415	0	0	0	0	0	0	1	0	Bacteroidota
NZ_CP040443_2649117..2727752	0	0	0	0	0	17	0	0	Proteobacteria
NZ_CP040443_993211..1182094	0	0	0	0	0	17	0	0	Proteobacteria
NZ_CP040449_1877495..1931856	2	0	0	0	0	0	0	0	Proteobacteria
NZ_CP040468_1879854..2013196	1	0	0	0	0	0	12	0	Bacteroidota
NZ_CP040468_3001011..3021733	0	0	0	0	1	0	0	0	Bacteroidota
NZ_CP040506_521443..725955	1	0	0	0	1	0	0	0	Firmicutes_A
NZ_CP040518_1044750..1123679	1	0	0	7	2	0	0	0	Firmicutes_A
NZ_CP040518_1179557..1223158	0	0	0	1	6	0	0	0	Firmicutes_A
NZ_CP040518_1326010..1341341	0	0	0	0	6	0	1	0	Firmicutes_A
NZ_CP040518_1722688..1772410	0	0	0	0	0	0	1	0	Firmicutes_A
NZ_CP040518_2800561..3038995	0	0	0	1	8	0	1	0	Firmicutes_A
NZ_CP040518_335864..415598	1	0	0	7	1	0	0	0	Firmicutes_A
NZ_CP040518_690623..749645	1	0	0	7	1	0	0	0	Firmicutes_A
NZ_CP040533_1849182..1908698	7	0	0	0	0	0	0	0	Proteobacteria
NZ_CP040533_717641..772582	0	0	0	0	0	16	0	0	Proteobacteria
NZ_CP040575_4145741..4278643	0	0	0	0	0	17	0	0	Proteobacteria
NZ_CP040576_1015770..1043651	0	0	0	0	1	0	0	0	Firmicutes
NZ_CP040605_4084124..4096496	1	0	0	0	0	0	0	0	Actinobacteriota
NZ_CP040630_216562..287281	0	0	0	0	0	0	11	0	Bacteroidota
NZ_CP040630_2479897..2521693	0	0	0	0	0	0	10	0	Bacteroidota
NZ_CP040630_2589956..2638482	0	0	0	0	0	0	10	0	Bacteroidota
NZ_CP040630_5003562..5087520	1	0	0	0	0	0	12	0	Bacteroidota
NZ_CP040643_277095..408551	0	12	0	0	0	0	0	0	Proteobacteria
NZ_CP040667_2989557..3175321	8	0	0	0	0	0	0	0	Proteobacteria
NZ_CP040684_27632..79163	0	0	0	0	0	15	0	0	Proteobacteria
NZ_CP040684_5922289..6005409	0	0	0	0	0	16	0	0	Proteobacteria
NZ_CP040684_6304761..6463551	1	1	0	0	0	16	0	0	Proteobacteria
NZ_CP040709_96353..405439	0	0	0	0	0	0	1	0	Proteobacteria
NZ_CP040724_943723..1009425	7	0	0	0	0	0	0	0	Proteobacteria
NZ_CP040740_2579955..2644726	0	0	0	6	1	0	0	0	Firmicutes
NZ_CP040798_2095414..2142801	0	0	0	2	0	0	0	0	Firmicutes
NZ_CP040798_2181510..2306645	2	0	0	0	1	0	0	0	Firmicutes
NZ_CP040804_385405..403173	0	0	0	6	1	0	0	0	Firmicutes
NZ_CP040812_160538..213511	0	0	0	0	0	0	3	0	Bacteroidota
NZ_CP040812_3067540..3081714	0	0	0	0	0	0	1	0	Bacteroidota
NZ_CP040813_1993548..2089938	1	0	0	0	0	0	3	0	Bacteroidota
NZ_CP040861_2239236..2280150	0	1	0	0	0	8	0	0	Proteobacteria
NZ_CP040863_979823..1025946	0	0	0	0	0	16	0	0	Proteobacteria
NZ_CP040883_1039809..1078222	0	0	0	0	1	0	0	0	Firmicutes
NZ_CP040887_2145316..2228738	1	0	0	0	1	0	0	0	Actinobacteriota
NZ_CP040902_1981035..2362568	1	0	0	2	8	0	0	0	Firmicutes
NZ_CP040907_1543265..1584930	0	0	0	0	1	0	0	0	Firmicutes
NZ_CP040993_4552091..4690416	7	0	0	0	0	0	0	0	Proteobacteria
NZ_CP041010_1198537..1299090	2	0	0	5	1	0	0	0	Firmicutes
NZ_CP041010_12895..76442	0	0	0	7	1	0	0	0	Firmicutes
NZ_CP041012_1115478..1151039	0	0	0	6	1	0	1	0	Firmicutes
NZ_CP041012_14067..80576	0	0	0	4	0	0	0	0	Firmicutes
NZ_CP041013_1254133..1357505	0	0	0	0	0	16	0	0	Proteobacteria
NZ_CP041013_4632641..4740660	8	0	0	0	0	0	1	0	Proteobacteria
NZ_CP041014_2004788..2040349	0	0	0	6	1	0	1	0	Firmicutes
NZ_CP041016_1243329..1490228	0	11	0	0	0	0	0	0	Proteobacteria
NZ_CP041016_1733993..1829743	8	0	0	0	0	0	1	0	Proteobacteria
NZ_CP041016_396517..460889	1	12	0	0	0	0	0	0	Proteobacteria
NZ_CP041025_2176812..2285379	8	0	0	0	0	0	0	0	Proteobacteria
NZ_CP041025_2799985..2849922	5	0	0	0	0	0	0	0	Proteobacteria
NZ_CP041025_530523..658008	8	0	0	0	0	0	1	0	Proteobacteria
NZ_CP041063_316107..352295	0	0	0	0	1	0	0	0	Firmicutes
NZ_CP041091_1627940..1704103	2	0	0	0	1	0	0	0	Actinobacteriota
NZ_CP041091_2371624..2445677	1	0	0	0	2	0	0	0	Actinobacteriota
NZ_CP041091_658558..687608	0	0	0	0	1	0	0	0	Actinobacteriota
NZ_CP041129_4377985..4477354	0	0	0	0	0	17	0	0	Proteobacteria
NZ_CP041144_492120..499121	0	0	0	1	0	0	0	0	Firmicutes
NZ_CP041185_1479270..1674469	0	12	0	0	0	0	0	0	Proteobacteria
NZ_CP041198_1226940..1258424	1	0	0	0	1	0	0	0	Actinobacteriota
NZ_CP041203_1616983..1719837	0	0	0	0	1	0	0	0	Actinobacteriota
NZ_CP041222_2503493..2621317	1	12	0	0	0	0	0	0	Proteobacteria
NZ_CP041230_3516539..3659143	1	0	0	0	0	0	12	0	Bacteroidota
NZ_CP041230_3760911..3778356	0	0	0	0	0	0	1	0	Bacteroidota
NZ_CP041230_5070339..5147912	1	0	0	0	1	0	10	0	Bacteroidota
NZ_CP041230_6485200..6495921	0	0	0	0	0	0	1	0	Bacteroidota
NZ_CP041236_4575838..4785470	0	1	0	0	0	15	0	0	Proteobacteria
NZ_CP041257_1883420..1904471	0	0	0	5	1	0	0	0	Firmicutes
NZ_CP041257_2685089..2712499	0	1	0	0	0	0	0	0	Firmicutes
NZ_CP041257_665895..711866	0	0	0	1	0	0	0	0	Firmicutes
NZ_CP041261_2717039..2779096	0	0	0	6	1	0	0	0	Firmicutes
NZ_CP041270_1413666..1459974	0	0	0	1	0	0	0	0	Firmicutes
NZ_CP041270_1785848..1847571	0	0	0	7	3	0	0	0	Firmicutes
NZ_CP041302_1863194..1921880	5	0	0	0	0	0	0	0	Proteobacteria
NZ_CP041334_1081804..1170466	0	0	0	0	0	16	0	0	Proteobacteria
NZ_CP041344_120152..200452	0	0	0	4	0	0	0	0	Firmicutes
NZ_CP041348_174150..272209	8	0	0	0	0	0	1	0	Proteobacteria
NZ_CP041354_2293665..2389933	0	1	0	0	0	16	0	0	Proteobacteria
NZ_CP041354_2477520..2586692	3	0	0	0	0	0	0	0	Proteobacteria
NZ_CP041354_5208858..5312808	0	0	0	0	0	16	0	0	Proteobacteria
NZ_CP041356_1144153..1185670	0	0	0	2	0	0	0	0	Firmicutes
NZ_CP041356_38786..120107	0	0	0	0	0	0	1	0	Firmicutes
NZ_CP041360_853670..928844	0	0	0	0	0	0	1	0	Bacteroidota
NZ_CP041373_1867543..1926911	7	0	0	0	0	0	0	0	Proteobacteria
NZ_CP041373_744262..801180	0	0	0	0	0	16	0	0	Proteobacteria
NZ_CP041392_1918708..1976907	7	0	0	0	0	0	0	0	Proteobacteria
NZ_CP041395_1099346..1200175	0	0	0	0	0	0	11	0	Bacteroidota
NZ_CP041395_1906732..1948299	0	0	0	0	0	0	10	0	Bacteroidota
NZ_CP041395_4538853..4631058	0	0	0	0	1	0	6	0	Bacteroidota
NZ_CP041395_5305152..5374418	1	0	0	0	0	0	11	0	Bacteroidota
NZ_CP041395_7028645..7070537	1	0	0	0	0	0	11	0	Bacteroidota
NZ_CP041395_905292..951395	0	0	0	0	0	0	10	0	Bacteroidota
NZ_CP041610_11947115..11959177	1	0	0	0	0	0	0	0	Actinobacteriota
NZ_CP041612_8113026..8136307	0	0	0	0	1	0	0	0	Actinobacteriota
NZ_CP041616_3866957..3903763	0	0	0	0	1	0	0	0	Actinobacteriota
NZ_CP041637_3291218..3526079	0	0	0	1	1	0	3	0	Bacteroidota
NZ_CP041644_3348673..3406865	7	0	0	0	0	0	0	0	Proteobacteria
NZ_CP041668_265456..437031	8	0	1	0	0	0	0	0	Proteobacteria
NZ_CP041687_1866990..1931000	0	0	0	0	0	0	2	0	Bacteroidota
NZ_CP041687_654876..725553	0	0	0	0	0	0	1	0	Bacteroidota
NZ_CP041692_385250..432491	0	0	0	0	1	0	0	0	Actinobacteriota
NZ_CP041692_651977..681429	0	0	0	0	1	0	0	0	Actinobacteriota
NZ_CP041713_1644973..1676591	8	0	0	0	0	0	0	0	Proteobacteria
NZ_CP041738_2665032..2764919	0	0	0	4	1	0	0	0	Firmicutes
NZ_CP041771_4614086..4707996	0	0	0	0	0	16	0	0	Proteobacteria
NZ_CP041773_1753120..1952630	8	0	0	0	1	0	0	0	Proteobacteria
NZ_CP041774_3829331..4043438	8	0	0	0	0	0	1	0	Proteobacteria
NZ_CP041774_5519535..5613671	0	0	0	0	0	16	0	0	Proteobacteria
NZ_CP041781_2646188..2792536	0	1	0	0	0	16	0	0	Proteobacteria
NZ_CP041933_4232524..4314696	8	0	0	0	0	0	1	0	Proteobacteria
NZ_CP041944_1726406..1770555	0	0	0	6	1	0	0	0	Firmicutes
NZ_CP041945_2349687..2466525	0	1	0	0	0	16	0	0	Proteobacteria
NZ_CP041945_6720216..6834573	3	0	0	0	1	0	0	0	Proteobacteria
NZ_CP041995_1394962..1507959	0	0	0	6	11	0	0	0	Firmicutes
NZ_CP041998_566436..669426	0	0	0	6	1	0	0	0	Firmicutes
NZ_CP041999_615274..718903	0	0	0	6	1	0	0	0	Firmicutes
NZ_CP042000_569090..678536	0	0	0	6	1	0	0	0	Firmicutes
NZ_CP042001_556615..734565	1	0	0	6	1	0	0	0	Firmicutes
NZ_CP042003_839003..910124	0	0	0	4	1	0	0	0	Firmicutes
NZ_CP042043_263262..308737	0	0	0	4	1	0	0	0	Firmicutes
NZ_CP042157_530084..579837	0	0	0	5	2	0	0	0	Firmicutes
NZ_CP042164_3635824..3843067	8	0	0	0	0	1	0	0	Proteobacteria
NZ_CP042220_3184374..3258431	0	0	0	0	0	17	0	0	Proteobacteria
NZ_CP042239_3339460..3379701	7	0	0	0	0	0	0	0	Proteobacteria
NZ_CP042243_1373650..1621734	1	0	0	0	0	0	0	0	Firmicutes_A
NZ_CP042250_2856630..2909845	0	0	1	0	0	0	0	0	Proteobacteria
NZ_CP042250_2958697..3039272	7	0	0	0	0	0	0	0	Proteobacteria
NZ_CP042254_1910650..1948869	6	0	0	0	0	0	0	0	Proteobacteria
NZ_CP042254_1949193..2218208	1	0	0	0	1	1	0	0	Proteobacteria
NZ_CP042267_3719214..3829679	0	0	0	5	2	0	0	0	Firmicutes_A
NZ_CP042269_1266522..1437828	8	0	0	0	0	0	0	0	Proteobacteria
NZ_CP042274_2015364..2114889	8	0	0	0	0	0	0	0	Proteobacteria
NZ_CP042309_348203..406192	0	0	0	0	0	16	0	0	Proteobacteria
NZ_CP042318_348282..406329	0	0	0	0	0	16	0	0	Proteobacteria
NZ_CP042320_348314..406326	0	0	0	0	0	16	0	0	Proteobacteria
NZ_CP042374_200091..246990	0	0	0	0	0	0	1	0	Firmicutes
NZ_CP042382_1168026..1267440	0	0	0	0	1	16	0	0	Proteobacteria
NZ_CP042383_762826..782849	0	0	0	1	0	0	0	0	Firmicutes
NZ_CP042387_1484838..1567884	0	0	0	0	2	0	0	0	Firmicutes
NZ_CP042390_1538528..1747404	0	0	0	0	2	0	0	0	Firmicutes
NZ_CP042392_2328438..2384695	0	0	0	0	1	0	0	0	Firmicutes
NZ_CP042393_669598..730285	1	0	0	0	2	0	0	0	Firmicutes
NZ_CP042408_153070..205179	0	0	0	3	0	0	0	0	Firmicutes
NZ_CP042413_1082521..1232716	1	0	0	3	1	0	0	0	Firmicutes
NZ_CP042430_2881400..3126017	1	0	0	0	0	0	0	0	Actinobacteriota
NZ_CP042436_1015421..1109249	1	0	0	0	0	0	8	0	Bacteroidota
NZ_CP042437_235748..420368	2	0	0	0	1	0	7	0	Bacteroidota
NZ_CP042437_5753399..5961059	1	0	0	0	1	0	7	0	Bacteroidota
NZ_CP042437_6378402..6397668	0	0	0	0	0	0	1	0	Bacteroidota
NZ_CP042466_9333..164633	0	10	0	0	0	0	0	0	Desulfobacterota
NZ_CP042476_1154417..1253789	1	0	0	0	1	0	3	0	Bacteroidota
NZ_CP042499_1559293..1650272	0	0	0	0	0	17	0	0	Proteobacteria
NZ_CP042499_2148297..2264588	8	0	0	0	0	0	0	0	Proteobacteria
NZ_CP042499_4347820..4390738	7	0	0	0	0	0	0	0	Proteobacteria
NZ_CP042512_2945089..3152027	8	0	0	0	0	0	1	0	Proteobacteria
NZ_CP042512_3657474..3735494	8	0	0	0	0	0	0	0	Proteobacteria
NZ_CP042551_412818..506805	1	0	0	0	1	17	0	0	Proteobacteria
NZ_CP042858_4831525..5022379	2	11	0	0	0	0	0	0	Proteobacteria
NZ_CP042907_1906200..2152451	0	0	0	0	1	0	0	0	Proteobacteria
NZ_CP042907_3363324..3538190	0	12	0	0	0	0	0	0	Proteobacteria
NZ_CP042907_3562299..3654920	0	1	0	0	0	16	0	0	Proteobacteria
NZ_CP043028_197057..215952	0	0	0	0	0	0	1	0	Firmicutes_A
NZ_CP043047_1309790..1367836	0	0	0	0	0	16	0	0	Proteobacteria
NZ_CP043051_1712524..1736788	1	0	0	0	6	0	1	0	Firmicutes_A
NZ_CP043051_2459650..2520133	0	0	0	7	1	0	0	0	Firmicutes_A
NZ_CP043051_3064312..3188894	0	0	0	7	1	0	0	0	Firmicutes_A
NZ_CP043060_3109353..3163600	0	1	0	0	0	13	0	0	Proteobacteria
NZ_CP043217_963435..1022946	7	0	0	0	0	0	0	0	Proteobacteria
NZ_CP043320_88790..160760	0	1	0	0	0	16	0	0	Proteobacteria
NZ_CP043328_5221297..5321533	0	1	0	0	0	13	0	0	Proteobacteria
NZ_CP043328_5638612..5757809	1	0	0	0	0	16	0	0	Proteobacteria
NZ_CP043421_1396388..1922567	1	0	0	0	1	0	0	0	Proteobacteria
NZ_CP043440_3074022..3161981	1	0	0	0	0	0	0	0	Proteobacteria
NZ_CP043449_1311581..1405037	1	0	0	0	0	0	6	0	Bacteroidota
NZ_CP043449_3721840..3885424	1	0	0	0	1	0	7	0	Bacteroidota
NZ_CP043450_809967..976457	2	0	0	0	0	0	5	0	Bacteroidota
NZ_CP043451_7136085..7192896	0	0	0	0	0	0	1	0	Bacteroidota
NZ_CP043529_1208258..1247914	0	0	0	0	0	0	1	0	Bacteroidota
NZ_CP043529_2330900..2527801	1	0	0	0	0	0	6	0	Bacteroidota
NZ_CP043529_9968..59326	0	0	0	0	0	0	1	0	Bacteroidota
NZ_CP043568_1941798..2051806	8	0	0	0	0	0	0	0	Proteobacteria
NZ_CP043568_2666149..2864798	0	0	0	0	1	9	0	0	Proteobacteria
NZ_CP043570_1817724..1962078	2	0	0	0	0	0	0	0	Proteobacteria
NZ_CP043570_2410634..2576394	6	0	0	0	0	0	1	0	Proteobacteria
NZ_CP043570_3368721..3484462	1	0	0	0	0	0	0	0	Proteobacteria
NZ_CP043573_1670423..1741889	8	0	0	0	0	0	0	0	Proteobacteria
NZ_CP043573_2816438..3171341	1	0	0	0	0	15	0	0	Proteobacteria
NZ_CP043576_5436833..5529982	0	1	0	0	1	15	0	0	Proteobacteria
NZ_CP043610_2484166..2534271	1	0	0	0	1	0	4	0	Bacteroidota
NZ_CP043610_683264..690043	0	0	0	0	0	0	1	0	Bacteroidota
NZ_CP043626_3541130..3664820	0	0	0	0	1	0	0	0	Proteobacteria
NZ_CP043634_3105894..3310021	0	0	0	0	0	0	9	0	Bacteroidota
NZ_CP043661_4122477..4154117	0	0	0	0	1	0	0	0	Actinobacteriota
NZ_CP043727_390130..469156	0	0	0	0	1	16	0	0	Proteobacteria
NZ_CP043773_4233163..4319375	0	0	0	0	0	17	0	0	Proteobacteria
NZ_CP043843_206776..276703	0	0	0	4	1	0	0	0	Firmicutes
NZ_CP043845_2073555..2146993	0	0	0	0	1	0	0	0	Firmicutes
NZ_CP043853_1458858..1503297	3	0	0	0	0	0	0	0	Proteobacteria
NZ_CP044006_2745988..2854004	0	1	0	0	0	16	0	0	Proteobacteria
NZ_CP044006_4742387..4839256	0	0	0	0	0	16	0	0	Proteobacteria
NZ_CP044006_5763016..5850523	8	0	0	0	0	0	1	0	Proteobacteria
NZ_CP044016_3152893..3180818	0	0	0	0	0	0	1	0	Bacteroidota
NZ_CP044016_581056..667113	0	0	0	0	0	0	1	0	Bacteroidota
NZ_CP044028_2800419..2928444	0	12	0	0	0	0	0	0	Proteobacteria
NZ_CP044031_1099330..1208491	0	11	0	0	0	0	1	0	Proteobacteria
NZ_CP044031_1596305..1767168	2	9	0	0	0	0	0	0	Proteobacteria
NZ_CP044031_441568..576256	0	9	0	0	0	0	0	0	Proteobacteria
NZ_CP044031_593837..691522	0	9	0	0	0	0	0	0	Proteobacteria
NZ_CP044047_2916697..3020864	7	0	0	0	0	0	0	0	Proteobacteria
NZ_CP044050_4916572..4966841	0	1	0	0	0	15	0	0	Proteobacteria
NZ_CP044083_784963..1165350	0	0	0	0	1	0	0	0	Proteobacteria
NZ_CP044090_1073361..1214550	0	0	0	0	14	0	1	0	Firmicutes
NZ_CP044098_1722171..1785685	0	1	0	0	0	15	0	0	Proteobacteria
NZ_CP044098_404981..453563	7	0	0	0	0	0	0	0	Proteobacteria
NZ_CP044101_799828..874999	0	0	0	0	0	13	0	0	Proteobacteria
NZ_CP044102_1842058..1942545	1	0	0	0	8	0	0	0	Firmicutes
NZ_CP044102_714345..751336	0	0	0	0	2	0	0	0	Firmicutes
NZ_CP044117_3082372..3185264	8	0	0	0	0	0	2	0	Proteobacteria
NZ_CP044122_3246154..3358847	8	0	0	0	1	0	0	0	Proteobacteria
NZ_CP044133_494229..536772	0	0	0	6	1	0	0	0	Firmicutes
NZ_CP044136_967577..1036398	0	1	0	0	0	16	0	0	Proteobacteria
NZ_CP044186_582618..676604	1	0	0	0	1	17	0	0	Proteobacteria
NZ_CP044188_2030760..2107561	0	0	0	0	0	17	0	0	Proteobacteria
NZ_CP044221_1106037..1128102	1	0	0	2	0	0	0	0	Firmicutes
NZ_CP044228_1825309..1915672	0	0	0	6	1	0	0	0	Firmicutes
NZ_CP044230_91402..132162	0	0	0	3	1	0	1	0	Firmicutes
NZ_CP044258_748128..803069	0	0	0	0	0	16	0	0	Proteobacteria
NZ_CP044264_1036961..1115380	0	0	0	7	1	0	0	0	Firmicutes
NZ_CP044264_1458526..1508175	0	0	0	4	1	1	0	0	Firmicutes
NZ_CP044264_682566..742101	0	0	0	5	1	0	0	0	Firmicutes
NZ_CP044264_869037..934356	0	0	0	6	1	0	0	0	Firmicutes
NZ_CP044274_1135300..1186471	0	0	0	4	1	1	0	0	Firmicutes
NZ_CP044274_2725302..2748700	0	0	0	1	0	0	0	0	Firmicutes
NZ_CP044312_155461..220002	0	0	0	0	0	17	0	0	Proteobacteria
NZ_CP044313_3836323..3900789	0	0	0	0	0	17	0	0	Proteobacteria
NZ_CP044334_4036512..4118452	1	1	0	0	0	16	0	0	Proteobacteria
NZ_CP044428_2275790..2289426	0	0	0	0	0	0	1	0	Bacteroidota
NZ_CP044428_2359292..2401194	0	0	0	0	0	0	1	0	Bacteroidota
NZ_CP044428_3067457..3147352	0	0	0	0	0	0	1	0	Bacteroidota
NZ_CP044428_3553239..3652219	0	0	0	0	1	0	7	0	Bacteroidota
NZ_CP044437_3301151..3498964	0	12	0	0	0	0	0	0	Proteobacteria
NZ_CP044496_1408430..1512849	0	0	0	0	1	0	0	0	Firmicutes
NZ_CP044499_644388..686442	0	0	0	7	2	0	0	0	Firmicutes
NZ_CP044507_133773..299292	1	0	0	0	1	0	7	0	Bacteroidota
NZ_CP044548_137136..195448	1	0	0	0	1	0	0	0	Actinobacteriota
NZ_CP045002_5382594..5486087	0	0	0	0	0	16	0	0	Proteobacteria
NZ_CP045008_3378003..3543461	0	12	0	0	0	0	0	0	Proteobacteria
NZ_CP045012_223465..294309	0	0	0	6	1	0	0	0	Firmicutes
NZ_CP045056_3203951..3310651	0	0	0	0	0	16	0	0	Proteobacteria
NZ_CP045059_3204064..3310762	0	0	0	0	0	16	0	0	Proteobacteria
NZ_CP045073_761196..841504	3	0	0	0	0	0	0	0	Proteobacteria
NZ_CP045085_1207226..1252506	0	0	0	6	1	0	0	0	Firmicutes
NZ_CP045086_1236097..1264397	0	0	0	6	1	0	0	0	Firmicutes
NZ_CP045096_6535270..6549659	0	0	0	0	1	0	0	0	Actinobacteriota
NZ_CP045205_2551037..2597241	7	0	0	0	0	0	0	0	Proteobacteria
NZ_CP045205_2599634..2636840	7	0	0	0	0	0	0	0	Proteobacteria
NZ_CP045222_1863334..1945284	7	0	0	0	0	0	0	0	Proteobacteria
NZ_CP045222_5771436..5859426	8	0	0	0	0	0	0	0	Proteobacteria
NZ_CP045224_1865497..2258418	1	0	0	6	5	0	0	0	Firmicutes_A
NZ_CP045229_87808..119570	0	0	0	0	0	0	0	8	Cyanobacteria
NZ_CP045257_3264743..3440274	0	12	0	0	0	0	0	0	Proteobacteria
NZ_CP045263_5051895..5201973	0	2	0	0	0	0	0	0	Proteobacteria
NZ_CP045306_2379122..2435444	8	0	0	0	0	0	0	0	Proteobacteria
NZ_CP045308_3271671..3340221	8	0	0	0	0	0	0	0	Proteobacteria
NZ_CP045309_5956209..5978873	1	0	0	0	0	0	0	0	Actinobacteriota
NZ_CP045318_1743201..1801245	8	0	0	0	0	0	0	0	Proteobacteria
NZ_CP045360_1775689..1834044	8	0	0	0	0	0	0	0	Proteobacteria
NZ_CP045367_419485..486319	1	0	0	0	0	0	0	0	Proteobacteria
NZ_CP045372_2032649..2051909	1	0	0	0	0	0	0	0	Proteobacteria
NZ_CP045389_1742995..1927562	8	0	0	0	0	0	0	0	Proteobacteria
NZ_CP045392_1638290..1757648	1	12	0	0	0	0	0	0	Proteobacteria
NZ_CP045393_664332..671252	1	0	0	0	0	0	0	0	Proteobacteria
NZ_CP045404_3935220..4014571	8	0	0	0	0	0	1	0	Proteobacteria
NZ_CP045416_485044..712387	0	0	0	0	0	0	1	0	Proteobacteria
NZ_CP045434_2479414..2564147	8	0	0	0	0	0	1	0	Proteobacteria
NZ_CP045456_2360471..2417779	6	0	0	0	0	0	0	0	Proteobacteria
NZ_CP045551_1446118..1536149	0	0	0	0	0	15	0	0	Proteobacteria
NZ_CP045552_5543429..5633126	0	0	0	0	0	16	0	0	Proteobacteria
NZ_CP045553_2503004..3096249	1	1	0	0	1	15	0	0	Proteobacteria
NZ_CP045554_3880915..3970991	0	0	0	0	0	15	0	0	Proteobacteria
NZ_CP045611_2105269..2156413	0	0	0	0	1	0	0	0	Proteobacteria
NZ_CP045612_1387..75549	2	0	0	0	1	0	10	0	Bacteroidota
NZ_CP045612_5738167..5812871	1	0	0	0	1	0	6	0	Bacteroidota
NZ_CP045612_6116357..6167104	0	0	0	0	0	0	1	0	Bacteroidota
NZ_CP045612_786006..821384	0	0	0	0	0	0	10	0	Bacteroidota
NZ_CP045612_887794..1031957	0	0	0	0	0	0	10	0	Bacteroidota
NZ_CP045644_3993727..4360602	8	0	0	0	0	0	0	0	Proteobacteria
NZ_CP045644_4596887..4732254	8	0	0	0	0	0	0	0	Proteobacteria
NZ_CP045648_1205315..1246390	0	0	0	0	1	0	0	0	Firmicutes
NZ_CP045648_237824..287975	1	0	0	0	0	0	0	0	Firmicutes
NZ_CP045694_750000..859477	0	0	0	0	0	17	0	0	Proteobacteria
NZ_CP045695_2755337..2878135	0	0	0	1	7	0	0	0	Firmicutes_A
NZ_CP045695_3431970..3574082	0	0	0	0	6	0	1	0	Firmicutes_A
NZ_CP045695_531187..656469	2	0	0	1	5	0	0	0	Firmicutes_A
NZ_CP045702_1692202..1738439	1	0	0	0	1	0	0	0	Actinobacteriota
NZ_CP045724_284529..318198	0	0	0	0	0	15	0	0	Proteobacteria
NZ_CP045732_604004..684833	5	6	0	0	0	0	0	0	Proteobacteria
NZ_CP045739_5788614..5873476	0	0	0	0	0	16	0	0	Proteobacteria
NZ_CP045739_6028588..6044149	0	0	1	0	0	0	0	0	Proteobacteria
NZ_CP045743_328012..417107	1	0	0	6	1	0	0	0	Firmicutes
NZ_CP045767_1941442..2355629	0	1	0	0	0	15	0	0	Proteobacteria
NZ_CP045783_3569289..3631344	0	0	0	0	0	13	0	0	Proteobacteria
NZ_CP045798_2688595..2698888	1	0	0	0	0	0	1	0	Firmicutes_B
NZ_CP045802_2279828..2329816	1	0	0	0	5	0	1	0	Firmicutes
NZ_CP045840_4270278..4335596	0	1	0	0	0	15	0	0	Proteobacteria
NZ_CP045857_989886..1068897	8	0	0	0	0	0	0	0	Proteobacteria
NZ_CP045858_1796504..1862550	0	1	0	0	0	16	0	0	Proteobacteria
NZ_CP045870_4293842..4400588	7	0	0	0	0	0	0	0	Proteobacteria
NZ_CP045916_2172010..2356863	8	0	0	0	0	0	0	0	Proteobacteria
NZ_CP045916_2693412..2801215	0	0	0	0	0	15	0	0	Proteobacteria
NZ_CP045931_932282..1000932	0	0	0	0	1	0	1	0	Firmicutes
NZ_CP045974_2331594..2368488	2	0	0	0	0	0	0	0	Proteobacteria
NZ_CP046019_3741740..3824436	1	1	0	0	0	16	0	0	Proteobacteria
NZ_CP046040_1872498..1925653	1	0	0	0	9	0	0	0	Firmicutes
NZ_CP046041_687226..768000	1	0	0	0	9	0	0	0	Firmicutes
NZ_CP046042_738754..796225	0	0	0	0	1	0	0	0	Firmicutes
NZ_CP046048_3484028..3681834	0	12	0	0	0	0	0	0	Proteobacteria
NZ_CP046049_1052511..1305099	0	12	0	0	0	0	0	0	Proteobacteria
NZ_CP046052_2223357..2382560	8	0	0	0	0	0	1	0	Proteobacteria
NZ_CP046061_2503602..2614452	0	1	0	0	0	16	0	0	Proteobacteria
NZ_CP046061_2921696..3077914	0	1	0	0	0	16	0	0	Proteobacteria
NZ_CP046061_5481451..5591490	0	1	0	0	0	16	0	0	Proteobacteria
NZ_CP046061_5987958..6087409	0	0	0	0	0	16	0	0	Proteobacteria
NZ_CP046062_1113999..1144581	0	0	0	0	1	0	0	0	Firmicutes
NZ_CP046062_1488907..1665153	1	0	0	0	2	0	1	0	Firmicutes
NZ_CP046069_5366781..5465070	1	0	0	0	0	16	0	0	Proteobacteria
NZ_CP046077_2851228..2957789	0	0	0	6	1	0	0	0	Firmicutes
NZ_CP046080_1681094..2012249	0	0	0	0	1	1	5	0	Bacteroidota
NZ_CP046105_2368511..2417430	1	0	0	0	1	0	0	0	Actinobacteriota
NZ_CP046108_2871034..2899843	0	0	0	6	1	0	0	0	Firmicutes
NZ_CP046108_470242..613165	0	0	0	4	0	0	0	0	Firmicutes
NZ_CP046111_369564..413214	0	0	0	0	1	0	0	0	Firmicutes
NZ_CP046112_1381388..1463797	0	0	0	6	1	0	0	0	Firmicutes
NZ_CP046112_2202112..2307138	1	0	0	6	1	0	0	0	Firmicutes
NZ_CP046123_3021084..3083054	0	0	0	7	1	0	0	0	Firmicutes
NZ_CP046123_895661..1083734	0	0	0	1	7	0	0	0	Firmicutes
NZ_CP046166_2707958..2848196	1	0	0	6	7	0	0	0	Firmicutes
NZ_CP046176_1241075..1529149	2	0	0	0	2	0	8	0	Bacteroidota
NZ_CP046176_3033397..3261267	0	0	0	0	1	0	0	0	Bacteroidota
NZ_CP046176_341800..353938	0	0	0	0	0	0	1	0	Bacteroidota
NZ_CP046176_5093429..5183382	1	0	0	0	1	0	12	0	Bacteroidota
NZ_CP046176_5355920..5434630	0	0	0	0	0	0	9	0	Bacteroidota
NZ_CP046252_192078..298383	8	0	0	0	0	0	1	0	Proteobacteria
NZ_CP046278_3811376..3937542	0	0	0	0	0	16	0	0	Proteobacteria
NZ_CP046278_62311..189737	0	0	0	0	0	17	0	0	Proteobacteria
NZ_CP046294_1388452..1473035	0	0	0	0	1	16	0	0	Proteobacteria
NZ_CP046314_1445668..1499662	0	0	0	6	1	0	0	0	Firmicutes
NZ_CP046314_237100..362973	1	0	0	0	12	0	0	0	Firmicutes
NZ_CP046314_851709..912445	0	0	0	0	12	0	0	0	Firmicutes
NZ_CP046320_4509348..4551847	1	0	0	0	0	0	0	0	Actinobacteriota
NZ_CP046327_3225526..3483603	3	0	0	0	13	0	1	0	Firmicutes_A
NZ_CP046331_2745811..2811468	0	1	0	0	0	13	0	0	Proteobacteria
NZ_CP046346_1550937..1571903	0	0	1	0	0	0	0	0	Proteobacteria
NZ_CP046348_1885753..1963301	0	1	0	0	0	15	0	0	Proteobacteria
NZ_CP046354_1123933..1189079	0	0	0	6	12	0	2	0	Firmicutes
NZ_CP046355_1170650..1235790	0	0	0	6	12	0	2	0	Firmicutes
NZ_CP046357_296464..528107	0	0	0	0	6	0	1	0	Firmicutes
NZ_CP046358_922921..1102421	0	0	0	6	14	0	2	0	Firmicutes
NZ_CP046359_928863..1106925	0	0	0	6	14	0	2	0	Firmicutes
NZ_CP046360_922608..1147986	0	0	0	6	14	0	2	0	Firmicutes
NZ_CP046374_1423403..1453795	0	0	0	0	0	0	1	0	Bacteroidota
NZ_CP046376_160473..274251	0	12	0	0	0	0	0	0	Proteobacteria
NZ_CP046376_2142818..2175581	7	0	0	0	0	0	0	0	Proteobacteria
NZ_CP046377_4631164..4677992	7	0	0	0	0	0	0	0	Proteobacteria
NZ_CP046377_928644..1015500	0	0	0	0	0	17	0	0	Proteobacteria
NZ_CP046397_1598443..1800051	1	0	0	0	0	0	11	0	Bacteroidota
NZ_CP046397_2297010..2422964	0	0	0	0	1	0	0	0	Bacteroidota
NZ_CP046401_5036403..5060441	1	0	0	0	0	0	11	0	Bacteroidota
NZ_CP046401_7489114..7546664	1	0	0	0	0	0	6	0	Bacteroidota
NZ_CP046403_2192321..2304896	7	0	0	0	0	0	1	0	Proteobacteria
NZ_CP046403_2943117..3067477	0	1	0	0	0	16	0	0	Proteobacteria
NZ_CP046404_3175632..3280601	0	1	0	0	0	16	0	0	Proteobacteria
NZ_CP046404_5480154..5579855	1	0	0	0	0	16	0	0	Proteobacteria
NZ_CP046405_4469740..4556182	0	0	0	0	0	16	0	0	Proteobacteria
NZ_CP046405_5298981..5388284	0	0	0	0	0	16	0	0	Proteobacteria
NZ_CP046406_5768077..5857330	0	0	0	0	0	16	0	0	Proteobacteria
NZ_CP046411_1905790..2096273	1	0	0	0	0	0	0	0	Proteobacteria
NZ_CP046424_1348320..1434828	0	0	0	0	0	0	12	0	Bacteroidota
NZ_CP046424_2827615..2832719	0	0	0	0	0	0	1	0	Bacteroidota
NZ_CP046424_3035417..3320347	2	0	0	0	2	0	6	0	Bacteroidota
NZ_CP046424_3512416..3750717	1	0	0	0	0	0	12	0	Bacteroidota
NZ_CP046424_456198..600227	1	0	0	0	0	0	12	0	Bacteroidota
NZ_CP046425_1428698..1713151	0	0	0	0	0	0	11	0	Bacteroidota
NZ_CP046425_3396009..3633223	1	0	0	0	0	0	12	0	Bacteroidota
NZ_CP046426_2914066..3198995	2	0	0	0	2	0	6	0	Bacteroidota
NZ_CP046426_418219..506809	0	0	0	0	0	0	11	0	Bacteroidota
NZ_CP046427_2046364..2145482	1	0	0	0	1	0	6	0	Bacteroidota
NZ_CP046427_36523..274508	1	0	0	0	0	0	12	0	Bacteroidota
NZ_CP046428_4181140..4220199	0	0	0	0	0	1	4	0	Bacteroidota
NZ_CP046429_4145312..4278214	0	0	0	0	0	17	0	0	Proteobacteria
NZ_CP046444_1170..15722	0	0	0	0	0	0	1	0	Acidobacteriota
NZ_CP046521_821887..988902	0	0	0	6	15	0	1	0	Firmicutes
NZ_CP046528_73275..212956	0	0	0	0	1	0	0	0	Firmicutes
NZ_CP046531_1659192..1706518	0	0	0	0	0	16	0	0	Proteobacteria
NZ_CP046535_3243898..3436546	0	7	0	0	1	0	1	0	Proteobacteria
NZ_CP046539_3033966..3113587	0	0	0	0	0	17	0	0	Proteobacteria
NZ_CP046564_2025676..2049611	0	0	0	0	1	0	0	0	Firmicutes
NZ_CP046570_2994914..3084608	2	0	0	0	0	0	0	0	Proteobacteria
NZ_CP046628_1095230..1121814	0	0	0	6	1	0	0	0	Firmicutes
NZ_CP046628_502133..535950	0	0	0	2	0	0	0	0	Firmicutes
NZ_CP046629_75954..127993	0	0	0	6	1	0	0	0	Firmicutes
NZ_CP046671_1885165..1931985	7	0	0	0	0	0	0	0	Proteobacteria
NZ_CP046672_1868732..1944567	7	0	0	0	0	0	0	0	Proteobacteria
NZ_CP046673_2986577..3063429	7	0	0	0	0	0	0	0	Proteobacteria
NZ_CP046781_1336386..1757289	1	0	0	0	0	0	0	0	Proteobacteria
NZ_CP046831_2770661..3016819	1	0	0	0	0	0	0	0	Proteobacteria
NZ_CP046832_117504..172951	0	0	0	0	1	0	0	0	Proteobacteria
NZ_CP046844_972901..1273042	0	0	0	0	2	0	0	0	Proteobacteria
NZ_CP046846_1315818..1555482	0	12	0	0	0	0	0	0	Proteobacteria
NZ_CP046848_125562..339294	2	0	0	0	0	0	1	0	Proteobacteria
NZ_CP046874_2429751..2562154	0	1	0	0	0	15	0	0	Proteobacteria
NZ_CP046874_4755394..4875184	0	1	0	0	1	15	0	0	Proteobacteria
NZ_CP046905_3915285..3932239	0	0	0	0	1	0	0	0	Actinobacteriota
NZ_CP046918_3367446..3392836	0	0	0	6	1	0	0	0	Firmicutes
NZ_CP046948_3019076..3157385	1	0	0	0	0	0	0	0	Proteobacteria
NZ_CP046996_2077030..2151251	1	0	0	0	9	0	0	0	Firmicutes_B
NZ_CP047020_4589518..4615450	0	0	0	0	1	0	0	0	Actinobacteriota
NZ_CP047026_3880178..3927171	0	0	0	0	0	0	1	0	Bacteroidota
NZ_CP047026_815587..1173297	0	0	0	0	1	0	0	0	Bacteroidota
NZ_CP047045_1685336..1768906	8	0	0	0	0	0	1	0	Proteobacteria
NZ_CP047050_1320383..1338165	0	0	0	0	0	0	1	0	Bacteroidota
NZ_CP047050_1937684..1968608	0	0	0	0	0	0	1	0	Bacteroidota
NZ_CP047050_2913800..2926871	0	0	0	0	0	0	1	0	Bacteroidota
NZ_CP047095_2708885..2773084	0	0	0	0	1	0	0	0	Firmicutes
NZ_CP047112_3514787..3607447	0	1	0	0	0	16	0	0	Proteobacteria
NZ_CP047112_987799..1050226	0	1	0	0	0	16	0	0	Proteobacteria
NZ_CP047135_3237210..3309666	1	0	0	0	0	0	0	0	Proteobacteria
NZ_CP047160_1275102..1331243	0	0	0	0	0	16	0	0	Proteobacteria
NZ_CP047160_182..48635	0	2	0	0	0	0	0	0	Proteobacteria
NZ_CP047160_2441302..2500818	7	0	0	0	0	0	0	0	Proteobacteria
NZ_CP047176_1528637..1567982	0	0	0	0	1	0	0	0	Actinobacteriota
NZ_CP047191_665027..738450	0	0	0	2	1	0	0	0	Firmicutes
NZ_CP047192_778614..834755	0	0	0	0	0	16	0	0	Proteobacteria
NZ_CP047218_1554709..1691357	0	11	0	0	1	0	0	0	Proteobacteria
NZ_CP047218_330091..388471	0	0	0	0	1	0	0	0	Proteobacteria
NZ_CP047242_2715779..2949072	1	0	0	0	0	0	0	0	Cyanobacteria
NZ_CP047248_921107..1022339	0	0	0	6	14	0	1	0	Firmicutes
NZ_CP047260_657990..715243	0	1	0	0	0	16	0	0	Proteobacteria
NZ_CP047260_730406..777383	0	1	0	0	0	13	0	0	Proteobacteria
NZ_CP047268_1015051..1021373	0	0	0	1	0	0	0	0	Firmicutes
NZ_CP047275_839257..916507	3	0	0	0	0	0	0	0	Proteobacteria
NZ_CP047277_2844613..2890223	0	0	0	0	1	0	0	0	Proteobacteria
NZ_CP047315_1992855..2060583	0	0	3	0	0	0	0	0	Proteobacteria
NZ_CP047336_3836310..3895556	0	0	0	0	0	16	0	0	Proteobacteria
NZ_CP047344_3534418..3681483	0	12	0	0	0	0	0	0	Proteobacteria
NZ_CP047349_3170091..3311563	0	12	0	0	0	0	0	0	Proteobacteria
NZ_CP047437_143968..287023	0	0	0	0	0	0	0	1	Firmicutes
NZ_CP047495_3048275..3091562	8	0	0	0	0	0	0	0	Proteobacteria
NZ_CP047495_3364509..3406946	7	0	0	0	0	0	0	0	Proteobacteria
NZ_CP047495_4641211..4681021	7	0	0	0	0	0	0	0	Proteobacteria
NZ_CP047592_5607949..5701975	1	0	0	0	0	16	0	0	Proteobacteria
NZ_CP047616_1786644..1914110	0	0	0	3	1	0	0	0	Firmicutes
NZ_CP047616_61263..110309	0	0	0	3	0	0	0	0	Firmicutes
NZ_CP047630_989629..1136472	0	0	0	3	2	0	0	0	Firmicutes
NZ_CP047633_1670024..1877802	7	0	0	0	0	0	0	0	Proteobacteria
NZ_CP047639_1081814..1212370	0	12	0	0	0	0	0	0	Proteobacteria
NZ_CP047639_2588941..2757002	0	0	0	0	1	0	0	0	Proteobacteria
NZ_CP047649_1831483..1892199	7	0	0	0	0	0	0	0	Proteobacteria
NZ_CP047669_4509413..4626086	1	0	0	0	1	17	0	0	Proteobacteria
NZ_CP047679_4484804..4577222	0	0	0	0	0	17	0	0	Proteobacteria
NZ_CP047788_733268..828429	1	0	0	5	1	0	0	0	Firmicutes
NZ_CP047789_696390..840668	1	0	0	5	2	0	0	0	Firmicutes
NZ_CP047790_1680494..1737798	0	0	0	4	1	0	0	0	Firmicutes
NZ_CP047793_689309..785301	1	0	0	5	1	0	0	0	Firmicutes
NZ_CP047797_2805838..2827371	0	0	0	1	0	0	0	0	Firmicutes
NZ_CP047801_518937..617577	1	0	0	5	2	0	0	0	Firmicutes
NZ_CP047802_772152..833245	1	0	0	5	1	0	0	0	Firmicutes
NZ_CP047841_1663620..1741485	1	0	0	5	2	0	0	0	Firmicutes
NZ_CP047847_1051850..1087790	1	0	0	5	1	0	0	0	Firmicutes
NZ_CP047851_271679..371056	0	0	0	4	1	0	0	0	Firmicutes
NZ_CP047883_1063162..1145716	0	0	0	0	11	0	2	0	Firmicutes
NZ_CP047901_669685..706039	1	0	0	0	0	0	0	0	Patescibacteria
NZ_CP047929_3306446..3464279	0	9	0	0	0	0	0	0	Proteobacteria
NZ_CP047965_657348..697162	0	1	0	0	0	12	0	0	Proteobacteria
NZ_CP048003_266974..399506	0	0	0	0	3	0	0	0	Firmicutes
NZ_CP048030_114012..221884	0	1	0	0	0	16	0	0	Proteobacteria
NZ_CP048030_2505585..2669732	8	0	0	0	0	1	2	0	Proteobacteria
NZ_CP048039_1218883..1268360	8	0	0	0	0	0	0	0	Proteobacteria
NZ_CP048039_599801..688954	0	1	0	0	0	16	0	0	Proteobacteria
NZ_CP048108_4045117..4109356	0	0	0	0	0	17	0	0	Proteobacteria
NZ_CP048108_5420604..5476285	0	0	0	0	0	17	0	0	Proteobacteria
NZ_CP048115_2921011..3090428	1	0	0	0	0	0	6	0	Bacteroidota
NZ_CP048210_88982..118121	0	0	0	0	1	0	0	0	Actinobacteriota
NZ_CP048326_2773127..2831314	7	0	0	0	0	0	0	0	Proteobacteria
NZ_CP048349_1911644..1971072	7	0	0	0	0	0	0	0	Proteobacteria
NZ_CP048405_6466883..6559284	2	0	0	0	1	0	0	0	Actinobacteriota
NZ_CP048408_3451480..3647032	0	0	0	0	0	13	0	0	Proteobacteria
NZ_CP048416_1908456..1961919	7	0	0	0	0	0	0	0	Proteobacteria
NZ_CP048430_2934591..2993959	7	0	0	0	0	0	0	0	Proteobacteria
NZ_CP048430_4049956..4109979	0	0	0	0	0	16	0	0	Proteobacteria
NZ_CP048436_118603..143597	0	0	0	0	0	0	1	0	Firmicutes_A
NZ_CP048436_1715549..1756563	1	0	0	0	6	0	1	0	Firmicutes_A
NZ_CP048436_3004035..3203318	0	0	0	0	9	0	1	0	Firmicutes_A
NZ_CP048437_2928162..3010994	0	0	0	1	9	0	0	0	Firmicutes_A
NZ_CP048600_844279..940590	5	0	0	0	0	0	0	0	Campylobacterota
NZ_CP048601_1106357..1187137	5	0	0	0	0	0	0	0	Campylobacterota
NZ_CP048618_141080..203726	5	0	1	0	0	0	0	0	Proteobacteria
NZ_CP048626_1530219..1589080	1	0	0	6	1	0	0	0	Firmicutes_A
NZ_CP048626_295237..353390	0	0	0	7	1	0	0	0	Firmicutes_A
NZ_CP048626_3734917..3772017	1	0	0	1	7	0	0	0	Firmicutes_A
NZ_CP048627_1281748..1603095	7	0	0	0	1	0	0	0	Firmicutes_C
NZ_CP048649_523941..619545	2	0	0	1	1	0	1	0	Firmicutes_A
NZ_CP048650_382319..476697	0	0	0	0	0	17	0	0	Proteobacteria
NZ_CP048687_3840328..4138514	1	0	0	1	1	0	0	1	Firmicutes
NZ_CP048712_2489431..2588191	0	1	0	0	0	16	0	0	Proteobacteria
NZ_CP048787_3223702..3441147	0	12	0	0	0	0	0	0	Proteobacteria
NZ_CP048806_604119..693424	1	0	0	0	0	17	0	0	Proteobacteria
NZ_CP048837_1181175..1256118	0	0	0	0	8	0	0	0	Firmicutes
NZ_CP048837_3138724..3214332	1	0	0	1	9	0	0	0	Firmicutes
NZ_CP048837_563044..585951	0	0	0	0	1	0	0	0	Firmicutes
NZ_CP048838_2127076..2225620	1	0	0	0	1	0	1	0	Firmicutes
NZ_CP048838_3101622..3160725	0	0	0	0	8	0	0	0	Firmicutes
NZ_CP048838_3717816..3764339	0	0	0	0	9	0	0	0	Firmicutes
NZ_CP048838_4142124..4193556	0	0	0	7	1	0	0	0	Firmicutes
NZ_CP049017_1159483..1169537	1	0	0	0	0	1	1	0	Proteobacteria
NZ_CP049021_514530..596901	1	0	0	0	0	17	0	0	Proteobacteria
NZ_CP049044_1986575..2083032	0	1	0	0	0	16	0	0	Proteobacteria
NZ_CP049045_6117361..6162809	0	1	0	0	0	15	0	0	Proteobacteria
NZ_CP049075_1631580..1716367	6	0	0	0	0	0	0	0	Campylobacterota
NZ_CP049075_574449..605253	6	0	0	0	0	0	0	0	Campylobacterota
NZ_CP049090_1353271..1421762	0	0	0	0	0	16	0	0	Proteobacteria
NZ_CP049107_1292981..1373511	8	0	0	0	0	0	2	0	Proteobacteria
NZ_CP049109_252525..345168	8	0	0	0	0	0	2	0	Proteobacteria
NZ_CP049109_2917877..3027221	1	12	0	0	0	0	0	0	Proteobacteria
NZ_CP049115_3254865..3293413	0	0	0	0	0	1	0	0	Proteobacteria
NZ_CP049138_307127..375770	8	0	0	0	0	0	0	0	Proteobacteria
NZ_CP049140_1245499..1557074	2	1	0	0	0	16	0	0	Proteobacteria
NZ_CP049156_2966164..3005599	8	0	0	0	0	0	0	0	Proteobacteria
NZ_CP049187_1002795..1060472	0	0	0	6	3	0	0	0	Firmicutes
NZ_CP049201_4006292..4075471	0	0	0	0	0	17	0	0	Proteobacteria
NZ_CP049226_890116..953037	0	0	0	6	1	0	0	0	Firmicutes
NZ_CP049228_895511..963639	0	0	0	6	1	0	0	0	Firmicutes
NZ_CP049238_34305..127698	6	0	0	0	0	0	0	0	Campylobacterota
NZ_CP049274_33692..105936	1	0	0	0	0	0	0	0	Campylobacterota
NZ_CP049298_1767025..1883295	1	0	0	0	3	0	10	0	Bacteroidota
NZ_CP049298_2952491..2978516	0	0	0	0	0	0	1	0	Bacteroidota
NZ_CP049330_2706414..2784274	2	0	0	0	1	0	0	0	Firmicutes
NZ_CP049333_3841985..4295948	0	0	0	0	0	0	9	0	Bacteroidota
NZ_CP049604_1425655..1508737	0	0	0	0	0	13	0	0	Proteobacteria
NZ_CP049604_4354746..4397516	7	0	0	0	0	0	0	0	Proteobacteria
NZ_CP049608_2770944..2810284	0	0	0	0	0	4	0	0	Proteobacteria
NZ_CP049616_4279802..4372275	0	0	0	0	0	0	3	0	Bacteroidota
NZ_CP049616_4419616..4460844	0	0	0	0	0	0	3	0	Bacteroidota
NZ_CP049616_484269..635674	1	0	0	0	0	0	3	0	Bacteroidota
NZ_CP049616_786364..845373	0	0	0	0	0	0	3	0	Bacteroidota
NZ_CP049716_1858312..1916502	7	0	0	0	0	0	0	0	Proteobacteria
NZ_CP049740_178450..332329	1	0	0	1	9	0	0	0	Firmicutes
NZ_CP049753_1622203..1832522	0	12	0	0	0	0	0	0	Proteobacteria
NZ_CP049753_3999527..4035444	0	1	0	0	0	16	0	0	Proteobacteria
NZ_CP049795_1144794..1239532	0	1	0	0	0	16	0	0	Proteobacteria
NZ_CP049795_3477809..3819236	6	0	0	0	0	1	1	0	Proteobacteria
NZ_CP049795_371290..441122	8	0	0	0	0	0	0	0	Proteobacteria
NZ_CP049838_6738778..6759075	1	0	0	0	0	0	0	0	Actinobacteriota
NZ_CP049857_4270129..4293154	0	0	0	0	0	0	1	0	Bacteroidota
NZ_CP049866_1954432..2105948	1	0	0	0	1	0	0	0	Actinobacteriota
NZ_CP049867_424805..501528	1	0	0	0	1	0	0	0	Actinobacteriota
NZ_CP049885_1282959..1512757	2	0	0	0	1	0	0	0	Proteobacteria
NZ_CP049885_1820632..1923822	8	0	0	0	0	0	0	0	Proteobacteria
NZ_CP049888_18589..68681	0	0	0	0	1	0	0	0	Firmicutes
NZ_CP049910_4922818..5006310	8	0	0	0	0	0	0	0	Proteobacteria
NZ_CP049910_500921..633991	0	12	0	0	0	0	0	0	Proteobacteria
NZ_CP049910_5484509..5714699	8	0	0	0	0	0	0	0	Proteobacteria
NZ_CP049933_1839898..1872622	0	0	0	0	1	0	0	0	Actinobacteriota
NZ_CP049935_2044695..2054047	1	0	0	0	0	0	0	0	Actinobacteriota
NZ_CP049935_2865639..2892294	0	0	0	0	1	0	0	0	Actinobacteriota
NZ_CP049941_3180255..3337637	0	12	0	0	0	0	0	0	Proteobacteria
NZ_CP049941_3362763..3458808	0	1	0	0	0	16	0	0	Proteobacteria
NZ_CP049942_3351420..3445254	0	1	0	0	0	16	0	0	Proteobacteria
NZ_CP049956_1069657..1171182	0	1	0	0	0	16	0	0	Proteobacteria
NZ_CP049956_698185..863763	0	0	0	0	0	0	1	0	Proteobacteria
NZ_CP049957_295008..425999	0	1	0	0	0	16	0	0	Proteobacteria
NZ_CP049958_160558..513071	1	0	0	1	7	0	0	0	Firmicutes_A
NZ_CP049958_2612772..2828561	0	0	0	7	1	0	0	0	Firmicutes_A
NZ_CP050009_2877194..3103181	0	11	0	0	0	0	0	0	Proteobacteria
NZ_CP050009_862250..954401	0	0	0	0	0	17	0	0	Proteobacteria
NZ_CP050023_2704017..2739578	0	0	0	6	1	0	1	0	Firmicutes
NZ_CP050028_1603727..1747831	2	0	0	1	2	0	0	0	Firmicutes
NZ_CP050029_2653148..2852106	2	0	0	1	2	0	0	0	Firmicutes
NZ_CP050030_271695..307256	0	0	0	6	1	0	1	0	Firmicutes
NZ_CP050136_601714..710662	0	0	0	0	1	0	0	0	Proteobacteria
NZ_CP050137_324616..353515	8	0	0	0	0	0	1	0	Proteobacteria
NZ_CP050139_385856..526634	0	1	0	0	0	13	0	0	Proteobacteria
NZ_CP050154_2884837..2971971	1	0	0	0	1	0	0	0	Actinobacteriota
NZ_CP050175_1062125..1149425	0	0	0	6	12	0	2	0	Firmicutes
NZ_CP050260_1287328..1347772	0	1	0	0	1	16	0	0	Proteobacteria
NZ_CP050291_3561687..3810289	1	0	0	0	0	0	0	0	Proteobacteria
NZ_CP050301_1554615..1653862	8	0	0	0	0	0	1	0	Proteobacteria
NZ_CP050323_4773728..4907130	0	1	0	0	0	16	0	0	Proteobacteria
NZ_CP050323_6024184..6116737	8	0	0	0	0	0	1	0	Proteobacteria
NZ_CP050324_4541378..4641366	1	0	0	0	0	16	0	0	Proteobacteria
NZ_CP050325_2156567..2238624	0	1	0	0	0	16	0	0	Proteobacteria
NZ_CP050325_5189834..5323960	1	0	0	0	0	16	0	0	Proteobacteria
NZ_CP050326_1485181..1576042	8	0	0	0	0	0	1	0	Proteobacteria
NZ_CP050326_1782369..1869892	1	0	0	0	0	16	0	0	Proteobacteria
NZ_CP050326_5884653..5940031	6	0	0	0	0	0	1	0	Proteobacteria
NZ_CP050328_887124..999929	1	0	0	0	0	16	0	0	Proteobacteria
NZ_CP050331_2295805..2366452	0	1	0	0	0	16	0	0	Proteobacteria
NZ_CP050331_4591318..4686549	1	0	0	0	0	16	0	0	Proteobacteria
NZ_CP050332_2451750..2566020	8	0	0	0	0	0	1	0	Proteobacteria
NZ_CP050332_2816098..2951414	0	1	0	0	0	16	0	0	Proteobacteria
NZ_CP050332_4888692..4983889	0	0	0	0	1	15	0	0	Proteobacteria
NZ_CP050332_5650141..5750531	1	0	0	0	0	16	0	0	Proteobacteria
NZ_CP050335_5226206..5363049	1	0	0	0	0	16	0	0	Proteobacteria
NZ_CP050336_746287..803628	0	0	0	0	0	16	0	0	Proteobacteria
NZ_CP050371_5008387..5067211	0	0	0	0	0	16	0	0	Proteobacteria
NZ_CP050376_3540106..3599361	7	0	0	0	0	0	0	0	Proteobacteria
NZ_CP050424_489575..529114	0	0	0	6	1	0	0	0	Firmicutes
NZ_CP050447_3516916..3602524	0	1	0	0	0	16	0	0	Proteobacteria
NZ_CP050453_2482656..2581042	2	0	0	0	1	0	0	0	Actinobacteriota
NZ_CP050485_310121..353213	1	0	0	0	4	0	0	0	Firmicutes
NZ_CP050485_3527590..3607576	1	0	0	5	1	0	0	0	Firmicutes
NZ_CP050485_597977..655986	0	0	0	7	1	0	0	0	Firmicutes
NZ_CP050490_2821887..2852499	0	0	0	7	1	0	0	0	Firmicutes
NZ_CP050508_1927818..2006743	7	0	0	0	0	0	0	0	Proteobacteria
NZ_CP050695_819967..940831	0	0	0	0	0	9	0	0	Proteobacteria
NZ_CP050811_519114..939233	0	0	0	0	2	0	0	0	Proteobacteria
NZ_CP050831_1262783..1293746	0	0	0	0	0	0	1	0	Bacteroidota
NZ_CP050831_2510708..2567191	1	0	0	0	0	0	0	0	Bacteroidota
NZ_CP050840_1044027..1073430	0	0	0	0	1	0	0	0	Proteobacteria
NZ_CP050858_2506067..2570762	7	0	0	0	0	0	0	0	Proteobacteria
NZ_CP050974_12022785..12068983	1	0	0	0	0	0	0	0	Actinobacteriota
NZ_CP050993_2047844..2197524	1	0	0	0	1	0	5	0	Bacteroidota
NZ_CP050993_2786711..2820617	0	0	0	0	0	0	1	0	Bacteroidota
NZ_CP050993_407079..435362	0	0	0	0	0	0	1	0	Bacteroidota
NZ_CP050993_509438..524287	0	0	0	0	0	0	1	0	Bacteroidota
NZ_CP051004_1766767..1811128	0	0	0	6	2	0	0	0	Firmicutes
NZ_CP051005_838746..881904	0	0	0	6	1	0	0	0	Firmicutes
NZ_CP051132_2472028..2568310	1	0	0	0	1	17	0	0	Proteobacteria
NZ_CP051160_813304..870760	0	0	0	0	0	16	0	0	Proteobacteria
NZ_CP051171_2616820..2669059	7	0	0	0	0	0	1	0	Proteobacteria
NZ_CP051204_1118918..1140302	0	0	0	0	0	0	1	0	Bacteroidota
NZ_CP051206_2003640..2205823	0	0	0	0	2	0	0	0	Cyanobacteria
NZ_CP051260_3316049..3482657	0	12	0	0	0	0	0	0	Proteobacteria
NZ_CP051291_1018143..1078454	4	0	0	0	0	0	0	0	Campylobacterota
NZ_CP051292_521306..635450	4	0	0	0	1	0	0	0	Campylobacterota
NZ_CP051298_1623589..1668376	0	0	0	0	0	1	0	0	Proteobacteria
NZ_CP051329_925322..1045494	0	0	0	0	0	17	0	0	Proteobacteria
NZ_CP051338_4016953..4110940	1	0	0	0	1	17	0	0	Proteobacteria
NZ_CP051353_1284622..1522197	2	0	0	0	0	0	0	0	Proteobacteria
NZ_CP051413_925823..1046019	0	0	0	0	0	17	0	0	Proteobacteria
NZ_CP051427_2259675..2324923	0	0	0	0	0	13	0	0	Proteobacteria
NZ_CP051429_1479413..1536086	7	0	0	0	0	0	0	0	Proteobacteria
NZ_CP051429_824762..876811	8	0	0	0	0	0	0	0	Proteobacteria
NZ_CP051462_527092..554122	0	0	0	6	1	0	0	0	Firmicutes
NZ_CP051464_531699..545457	0	0	0	3	0	0	0	0	Firmicutes
NZ_CP051467_3166495..3330872	8	0	0	0	0	0	1	0	Proteobacteria
NZ_CP051488_3062734..3105894	7	0	0	0	0	0	0	0	Proteobacteria
NZ_CP051488_412197..492992	1	0	0	0	0	17	0	0	Proteobacteria
NZ_CP051494_1230605..1274251	6	0	0	0	0	0	0	0	Campylobacterota
NZ_CP051497_1080766..1207053	6	0	0	0	0	0	0	0	Campylobacterota
NZ_CP051502_413763..468544	1	0	0	0	0	0	0	0	Campylobacterota
NZ_CP051504_253025..340158	6	0	0	0	0	0	0	0	Campylobacterota
NZ_CP051507_1270329..1486006	6	0	0	0	0	0	1	0	Campylobacterota
NZ_CP051510_987259..1046750	5	0	0	0	0	0	0	0	Campylobacterota
NZ_CP051535_1413053..1483686	2	0	0	0	1	0	0	0	Campylobacterota
NZ_CP051540_985990..1052786	6	0	0	0	0	0	0	0	Campylobacterota
NZ_CP051623_1522599..1558138	0	0	0	2	2	0	0	0	Firmicutes
NZ_CP051624_1310062..1376324	1	0	0	0	5	0	0	0	Firmicutes
NZ_CP051630_2479201..2562473	8	0	0	0	0	0	1	0	Proteobacteria
NZ_CP051672_1295669..1396210	0	0	0	0	0	0	12	0	Bacteroidota
NZ_CP051672_2223848..2381520	1	0	0	0	0	0	12	0	Bacteroidota
NZ_CP051672_2470458..2561752	1	0	0	0	1	0	12	0	Bacteroidota
NZ_CP051672_2697849..2709926	0	0	0	0	0	0	1	0	Bacteroidota
NZ_CP051672_4163319..4190009	0	0	0	0	0	0	1	0	Bacteroidota
NZ_CP051672_783267..872090	0	0	0	0	0	0	12	0	Bacteroidota
NZ_CP051682_1956073..2113859	1	0	1	0	0	0	8	0	Bacteroidota
NZ_CP051716_2132422..2453019	0	0	0	0	2	0	1	0	Proteobacteria
NZ_CP051765_4084680..4147977	0	0	0	0	0	13	0	0	Proteobacteria
NZ_CP052759_5452012..5498420	0	0	0	0	0	15	0	0	Proteobacteria
NZ_CP052860_4810335..4955205	0	1	0	0	0	15	0	0	Proteobacteria
NZ_CP052863_3142751..3401290	0	0	0	0	1	0	0	0	Proteobacteria
NZ_CP053016_744183..800324	0	0	0	0	0	16	0	0	Proteobacteria
NZ_CP053030_815364..889688	0	1	0	0	0	15	0	0	Proteobacteria
NZ_CP053032_617889..716687	0	0	0	0	0	16	0	0	Proteobacteria
NZ_CP053044_1801351..2011149	0	0	0	0	1	0	0	0	Proteobacteria
NZ_CP053074_1268228..1333268	1	0	0	0	6	0	0	0	Firmicutes
NZ_CP053075_1182073..1231148	0	0	0	0	0	0	1	0	Firmicutes
NZ_CP053075_2180024..2205189	0	0	0	6	1	0	0	0	Firmicutes
NZ_CP053086_605352..674295	8	0	0	0	1	0	0	0	Proteobacteria
NZ_CP053101_1334408..1415753	1	0	0	5	1	0	1	0	Firmicutes
NZ_CP053101_2538741..2605051	1	0	0	5	2	0	0	0	Firmicutes
NZ_CP053103_3904246..3977936	1	0	0	0	0	17	0	0	Proteobacteria
NZ_CP053189_2532551..2567810	0	0	0	0	1	0	0	0	Actinobacteriota
NZ_CP053222_1448032..1533897	1	12	0	0	0	0	0	0	Proteobacteria
NZ_CP053222_2395875..2472672	8	0	0	0	0	0	0	0	Proteobacteria
NZ_CP053222_969548..1174967	0	11	0	0	0	1	0	0	Proteobacteria
NZ_CP053229_3221322..3295910	1	0	0	0	1	0	0	0	Firmicutes_A
NZ_CP053229_5922814..6129167	0	0	0	6	1	0	0	0	Firmicutes_A
NZ_CP053229_6250311..6314988	0	0	0	0	1	0	1	0	Firmicutes_A
NZ_CP053234_2078803..2161828	0	0	0	0	0	17	0	0	Proteobacteria
NZ_CP053291_29576..49968	1	0	0	0	6	0	0	0	Actinobacteriota
NZ_CP053304_125571..268374	0	0	0	0	0	0	0	1	Firmicutes
NZ_CP053336_1994316..2057081	0	0	0	0	0	13	0	0	Proteobacteria
NZ_CP053346_786886..1033119	8	0	0	0	0	0	2	0	Proteobacteria
NZ_CP053350_3756496..3913570	1	1	0	0	0	0	3	0	Bacteroidota
NZ_CP053351_80352..206791	0	0	0	0	0	0	3	0	Bacteroidota
NZ_CP053364_2383873..2441919	0	0	0	0	0	16	0	0	Proteobacteria
NZ_CP053383_1149057..1400895	2	0	0	0	1	0	0	0	Proteobacteria
NZ_CP053396_3347..208396	6	0	0	0	1	0	0	0	Campylobacterota
NZ_CP053398_1870494..1926317	7	0	0	0	0	0	0	0	Proteobacteria
NZ_CP053439_1673941..1721615	2	0	0	0	0	0	0	0	Proteobacteria
NZ_CP053553_2024625..2279930	0	1	0	0	0	13	0	0	Proteobacteria
NZ_CP053564_4024294..4045944	1	0	0	0	0	0	0	0	Actinobacteriota
NZ_CP053581_1928289..2319124	0	0	0	0	1	0	0	0	Proteobacteria
NZ_CP053581_469849..573145	0	0	0	0	0	13	0	0	Proteobacteria
NZ_CP053616_102163..302053	0	12	0	0	0	0	0	0	Proteobacteria
NZ_CP053642_802715..831696	2	0	0	0	0	0	0	0	Actinobacteriota
NZ_CP053660_2535432..2617224	1	0	0	0	1	0	0	0	Actinobacteriota
NZ_CP053664_635914..842212	2	0	0	0	0	0	0	0	Proteobacteria
NZ_CP053665_344843..564623	1	0	0	0	0	0	0	0	Proteobacteria
NZ_CP053665_577538..912060	1	0	0	0	0	0	0	0	Proteobacteria
NZ_CP053671_290235..306993	0	0	0	2	0	0	0	0	Firmicutes
NZ_CP053683_773079..938747	0	12	0	0	0	0	0	0	Proteobacteria
NZ_CP053684_3745759..3891445	0	12	0	0	0	0	0	0	Proteobacteria
NZ_CP053685_372221..571819	0	12	0	0	0	0	0	0	Proteobacteria
NZ_CP053688_1449576..1488111	1	0	0	0	0	0	0	0	Firmicutes
NZ_CP053706_1932450..2023847	0	1	0	0	0	16	0	0	Proteobacteria
NZ_CP053706_217724..416038	3	0	0	0	0	0	0	0	Proteobacteria
NZ_CP053719_2404201..2496839	0	1	0	0	0	16	0	0	Proteobacteria
NZ_CP053765_1810095..1882909	7	0	0	0	0	0	0	0	Proteobacteria
NZ_CP053789_1034334..1143541	0	0	0	0	13	0	1	0	Firmicutes
NZ_CP053789_1315425..1346037	0	0	0	7	1	0	0	0	Firmicutes
NZ_CP053789_1878398..1963272	0	0	0	0	3	0	0	0	Firmicutes
NZ_CP053790_587033..604695	0	0	0	0	3	0	0	0	Firmicutes
NZ_CP053792_1721829..1759210	1	0	0	0	4	0	0	0	Firmicutes
NZ_CP053833_1450497..1460071	1	0	0	0	0	0	0	0	Campylobacterota
NZ_CP053917_1418..54080	0	1	0	0	0	14	0	0	Proteobacteria
NZ_CP053917_2763890..2964725	0	0	0	0	1	0	0	0	Proteobacteria
NZ_CP053917_340860..490664	0	1	0	0	0	16	0	0	Proteobacteria
NZ_CP053921_1459021..1566526	1	12	0	0	0	0	0	0	Proteobacteria
NZ_CP053923_2773382..2941635	8	0	0	0	0	0	2	0	Proteobacteria
NZ_CP053925_4724494..4819564	1	0	0	0	1	17	0	0	Proteobacteria
NZ_CP053927_4512171..4604010	0	0	0	0	0	17	1	0	Proteobacteria
NZ_CP053985_2019939..2188464	3	0	0	0	0	0	0	0	Proteobacteria
NZ_CP053998_478579..551980	0	0	0	5	1	0	0	0	Firmicutes
NZ_CP054000_1906666..1965166	0	0	0	1	10	0	0	0	Firmicutes_A
NZ_CP054003_1110377..1170387	0	0	0	0	0	0	12	0	Bacteroidota
NZ_CP054003_3468471..3506361	0	0	0	0	0	0	1	0	Bacteroidota
NZ_CP054003_4227272..4291896	0	0	0	0	0	0	3	0	Bacteroidota
NZ_CP054003_804610..831187	0	0	0	0	0	0	3	0	Bacteroidota
NZ_CP054003_899212..976022	0	0	0	0	1	0	0	0	Bacteroidota
NZ_CP054011_905151..1057852	2	0	0	0	0	0	9	0	Bacteroidota
NZ_CP054012_1480899..1568567	0	0	0	0	0	0	11	0	Bacteroidota
NZ_CP054012_2628126..2649000	0	0	0	0	1	0	0	0	Bacteroidota
NZ_CP054012_4377260..4432477	0	0	0	0	0	0	1	0	Bacteroidota
NZ_CP054018_2200111..2233442	1	0	0	0	0	0	0	0	Actinobacteriota
NZ_CP054060_284713..358291	0	0	0	0	0	17	0	0	Proteobacteria
NZ_CP054128_4773889..4875851	0	1	0	0	0	16	0	0	Proteobacteria
NZ_CP054139_159462..248046	2	0	0	0	1	0	7	0	Bacteroidota
NZ_CP054143_201764..399283	1	0	0	0	0	0	0	0	Proteobacteria
NZ_CP054153_2006472..2043012	0	0	0	2	1	0	0	0	Firmicutes
NZ_CP054170_739370..794312	0	0	0	0	0	16	0	0	Proteobacteria
NZ_CP054282_3744732..3794810	0	0	0	0	0	16	0	0	Proteobacteria
NZ_CP054345_1616662..1683314	0	0	1	0	0	0	0	0	Proteobacteria
NZ_CP054363_3390832..3507171	1	0	0	0	0	17	0	0	Proteobacteria
NZ_CP054422_3971520..4061284	0	0	0	0	0	17	0	0	Proteobacteria
NZ_CP054468_2743878..2928617	3	0	0	0	0	0	0	0	Proteobacteria
NZ_CP054470_88308..147360	0	12	0	0	0	0	1	0	Proteobacteria
NZ_CP054472_1221148..1320051	8	0	0	0	1	0	0	0	Proteobacteria
NZ_CP054473_2533645..2742052	8	0	0	0	1	0	0	0	Proteobacteria
NZ_CP054569_2152915..2174025	1	0	0	0	0	0	0	0	Proteobacteria
NZ_CP054571_913112..1069639	2	0	0	0	0	0	1	0	Proteobacteria
NZ_CP054572_378848..494580	1	0	0	0	0	16	0	0	Proteobacteria
NZ_CP054580_340399..435738	0	1	0	0	0	16	0	0	Proteobacteria
NZ_CP054581_5810092..5939516	0	0	0	0	1	16	0	0	Proteobacteria
NZ_CP054591_1704063..1789342	0	0	0	0	0	16	0	0	Proteobacteria
NZ_CP054591_3740512..3840617	0	1	0	0	0	16	0	0	Proteobacteria
NZ_CP054599_381374..558447	0	0	0	0	0	0	1	0	Proteobacteria
NZ_CP054623_4237510..4418580	0	1	0	0	1	16	0	0	Proteobacteria
NZ_CP054626_2612669..2818935	8	0	0	0	0	0	1	0	Proteobacteria
NZ_CP054657_778853..868789	0	0	0	0	2	0	0	0	Firmicutes
NZ_CP054705_226684..449287	0	0	0	0	2	0	0	0	Firmicutes
NZ_CP054705_4021773..4367203	1	0	0	0	1	0	0	0	Firmicutes
NZ_CP054715_1992904..2065319	0	0	0	0	0	3	0	0	Proteobacteria
NZ_CP054768_1860262..1919630	7	0	0	0	0	0	0	0	Proteobacteria
NZ_CP054774_746710..804828	0	0	0	0	0	16	0	0	Proteobacteria
NZ_CP054840_2110498..2300235	0	1	0	0	0	16	0	0	Proteobacteria
NZ_CP054843_5210218..5310913	0	1	0	0	0	16	0	0	Proteobacteria
NZ_CP054844_5633067..5721669	0	0	0	0	0	16	0	0	Proteobacteria
NZ_CP054844_6937549..7016781	8	0	0	0	0	0	0	0	Proteobacteria
NZ_CP054845_891091..1015915	1	0	0	0	0	16	0	0	Proteobacteria
NZ_CP054868_6275096..6322813	0	1	0	0	0	16	0	0	Proteobacteria
NZ_CP054868_6696838..7113930	1	0	0	0	0	0	0	0	Proteobacteria
NZ_CP054912_2129143..2226375	0	0	0	0	0	17	0	0	Proteobacteria
NZ_CP054916_2544551..2599620	0	0	0	0	1	0	0	0	Actinobacteriota
NZ_CP055224_2967431..3052969	7	0	0	0	0	0	0	0	Proteobacteria
NZ_CP055229_2122537..2170420	0	0	0	0	1	1	0	0	Firmicutes
NZ_CP055309_1532463..1635869	8	0	0	0	0	0	1	0	Proteobacteria
NZ_CP055309_852561..915728	1	0	0	0	0	17	0	0	Proteobacteria
NZ_CP055325_4863845..5107054	0	12	0	0	0	0	0	0	Proteobacteria
NZ_CP055325_5234118..5292795	0	0	0	0	0	13	0	0	Proteobacteria
NZ_CP056030_2096843..2318190	0	0	0	0	0	15	0	0	Proteobacteria
NZ_CP056077_2883890..2931619	0	0	0	0	0	16	0	0	Proteobacteria
NZ_CP056136_5083544..5155926	0	0	0	0	0	13	0	0	Proteobacteria
NZ_CP056145_1302374..1329625	2	0	0	0	0	0	1	0	Proteobacteria
NZ_CP056145_1828358..1891082	7	0	0	0	0	0	0	0	Proteobacteria
NZ_CP056145_5018751..5068488	0	0	0	0	0	16	0	0	Proteobacteria
NZ_CP056159_2504142..2665461	0	0	0	0	0	17	0	0	Proteobacteria
NZ_CP056199_3912374..4003226	0	0	0	0	1	17	0	0	Proteobacteria
NZ_CP056238_4498914..4570922	1	0	0	0	0	17	0	0	Proteobacteria
NZ_CP056260_1809774..1941863	7	0	0	0	0	0	0	0	Proteobacteria
NZ_CP056267_2166388..2223129	7	0	0	0	0	0	0	0	Proteobacteria
NZ_CP056267_852180..986407	1	0	0	0	0	17	0	0	Proteobacteria
NZ_CP056269_1970039..2035113	7	0	0	0	0	0	0	0	Proteobacteria
NZ_CP056269_3063817..3146936	0	0	0	0	0	16	0	0	Proteobacteria
NZ_CP056275_1735471..1777474	7	0	0	0	0	0	0	0	Proteobacteria
NZ_CP056297_121843..194150	0	0	0	0	1	0	0	0	Proteobacteria
NZ_CP056314_2926407..2996518	7	0	0	0	0	0	0	0	Proteobacteria
NZ_CP056321_4436447..4545943	1	0	0	0	0	17	0	0	Proteobacteria
NZ_CP056341_821410..893421	1	0	0	0	0	17	0	0	Proteobacteria
NZ_CP056385_2366352..2803345	0	0	0	0	1	0	0	0	Proteobacteria
NZ_CP056395_1832042..1873431	7	0	0	0	0	0	0	0	Proteobacteria
NZ_CP056395_3971770..4061830	1	0	0	0	0	17	0	0	Proteobacteria
NZ_CP056421_774378..874403	1	0	0	0	1	17	0	0	Proteobacteria
NZ_CP056483_885369..957219	1	0	0	0	0	17	0	0	Proteobacteria
NZ_CP056505_4502509..4571426	0	1	0	0	0	15	0	0	Proteobacteria
NZ_CP056505_779520..866936	1	0	0	0	0	17	0	0	Proteobacteria
NZ_CP056527_4259343..4328374	0	1	0	0	0	15	0	0	Proteobacteria
NZ_CP056527_823123..872266	7	0	0	0	0	0	0	0	Proteobacteria
NZ_CP056546_4622700..4694710	1	0	0	0	0	17	0	0	Proteobacteria
NZ_CP056567_5516069..5591814	0	0	0	0	1	17	0	0	Proteobacteria
NZ_CP056573_651355..770837	8	0	0	0	0	0	1	0	Proteobacteria
NZ_CP056586_1798984..1852930	3	0	0	0	0	0	0	0	Proteobacteria
NZ_CP056592_1981901..2054979	8	0	0	0	0	0	0	0	Proteobacteria
NZ_CP056622_3227914..3284625	8	0	0	0	0	0	0	0	Proteobacteria
NZ_CP056644_1896932..1944633	7	0	0	0	0	0	0	0	Proteobacteria
NZ_CP056647_459420..553517	1	0	0	0	0	17	0	0	Proteobacteria
NZ_CP056711_3115421..3152676	7	0	0	0	0	0	0	0	Proteobacteria
NZ_CP056774_3449488..3564463	8	0	0	0	0	0	0	0	Proteobacteria
NZ_CP056774_831944..909847	1	0	0	0	0	16	0	0	Proteobacteria
NZ_CP056775_3026365..3051744	0	0	0	0	0	0	1	0	Bacteroidota
NZ_CP056775_5045413..5065104	0	0	0	0	0	0	1	0	Bacteroidota
NZ_CP056776_1260111..1377757	0	0	0	0	0	17	0	0	Proteobacteria
NZ_CP056779_2625297..2647512	0	0	0	0	1	0	0	0	Proteobacteria
NZ_CP056809_2994284..3058364	7	0	0	0	0	0	0	0	Proteobacteria
NZ_CP056827_4426139..4489705	0	0	0	0	0	13	0	0	Proteobacteria
NZ_CP056827_844638..934397	0	0	0	0	0	17	0	0	Proteobacteria
NZ_CP056827_92305..162156	0	0	0	0	1	0	0	0	Proteobacteria
NZ_CP056834_431424..503435	1	0	0	0	0	17	0	0	Proteobacteria
NZ_CP057069_1769738..1827461	7	0	0	0	0	0	0	0	Proteobacteria
NZ_CP057069_3353357..3412935	7	0	0	0	0	0	0	0	Proteobacteria
NZ_CP057136_1847335..1901507	7	0	0	0	0	0	0	0	Proteobacteria
NZ_CP057136_4181595..4228271	0	0	0	0	0	16	0	0	Proteobacteria
NZ_CP057147_2105564..2145864	7	0	0	0	0	0	0	0	Proteobacteria
NZ_CP057215_3734682..3807695	0	0	0	0	0	17	0	0	Proteobacteria
NZ_CP057330_785605..848430	0	0	0	0	0	17	0	0	Proteobacteria
NZ_CP057459_1831543..1889741	7	0	0	0	0	0	0	0	Proteobacteria
NZ_CP057863_1884540..2120916	7	0	0	0	0	0	0	0	Proteobacteria
NZ_CP057866_1603737..1808205	7	0	0	0	0	0	0	0	Proteobacteria
NZ_CP057866_2984090..3026694	7	0	0	0	0	0	0	0	Proteobacteria
NZ_CP058118_5362171..5434178	1	0	0	0	0	17	0	0	Proteobacteria
NZ_CP058172_3155963..3190897	7	0	0	0	0	0	0	0	Proteobacteria
NZ_CP058175_2996464..3039560	7	0	0	0	0	0	0	0	Proteobacteria
NZ_CP058191_2108047..2148125	3	0	0	0	0	0	0	0	Proteobacteria
NZ_CP058212_1966618..2063794	0	0	0	0	0	16	0	0	Proteobacteria
NZ_CP058255_3577835..3902267	0	0	1	0	0	0	0	0	Firmicutes
NZ_CP058261_1380116..1441791	1	0	0	0	0	0	10	0	Bacteroidota
NZ_CP058306_1714429..1759808	0	0	0	0	0	0	2	0	Bacteroidota
NZ_CP058307_2140843..2198600	0	1	0	0	0	16	0	0	Proteobacteria
NZ_CP058307_6239..223546	1	0	0	0	0	0	0	0	Proteobacteria
NZ_CP058349_2940282..3141406	1	0	0	0	0	0	0	0	Proteobacteria
NZ_CP058349_514362..627016	0	1	0	0	0	16	0	0	Proteobacteria
NZ_CP058354_842113..890036	1	0	0	0	0	0	0	0	Proteobacteria
NZ_CP058361_1743918..1801878	7	0	0	0	0	0	0	0	Proteobacteria
NZ_CP058364_1778264..1797713	0	0	0	0	0	0	1	0	Bacteroidota
NZ_CP058364_2408479..2518534	1	1	0	0	0	0	3	0	Bacteroidota
NZ_CP058595_3036251..3270165	1	0	0	0	1	0	6	0	Bacteroidota
NZ_CP058613_28899..112357	0	0	0	4	1	0	0	0	Firmicutes
NZ_CP058613_814430..935693	1	0	0	5	1	0	0	0	Firmicutes
NZ_CP058615_2734037..2810461	0	0	0	4	1	0	0	0	Firmicutes
NZ_CP058617_15124..195228	0	0	0	3	1	0	1	0	Firmicutes
NZ_CP058644_5165644..5188739	0	0	0	0	0	2	0	0	Proteobacteria
NZ_CP058661_4670912..4763582	0	1	0	0	0	16	0	0	Proteobacteria
NZ_CP058666_1598994..1679847	2	0	0	6	1	0	0	0	Firmicutes
NZ_CP058690_2062811..2184891	8	0	0	0	0	0	1	0	Proteobacteria
NZ_CP058740_1246401..1314726	0	0	0	0	14	0	0	0	Firmicutes
NZ_CP058741_244154..264202	0	0	0	6	1	0	0	0	Firmicutes
NZ_CP058960_740575..793800	0	0	0	0	0	16	0	0	Proteobacteria
NZ_CP058970_1352206..1563867	8	0	0	0	0	0	0	0	Proteobacteria
NZ_CP058996_1617344..1732675	2	0	0	0	0	0	1	0	Firmicutes
NZ_CP059046_677164..745896	1	0	0	0	1	0	0	0	Actinobacteriota
NZ_CP059047_222492..298225	7	0	0	0	0	0	0	0	Proteobacteria
NZ_CP059052_2217997..2407940	0	1	0	0	1	15	0	0	Proteobacteria
NZ_CP059156_1192897..1313777	1	0	0	5	1	0	0	0	Firmicutes
NZ_CP059164_3471511..3515987	1	0	0	0	0	0	0	0	Actinobacteriota
NZ_CP059254_2909246..2926643	1	0	0	0	1	0	0	0	Actinobacteriota
NZ_CP059297_1407128..1489195	2	0	0	0	0	0	0	0	Proteobacteria
NZ_CP059319_2773196..2857845	8	0	0	0	0	0	1	0	Proteobacteria
NZ_CP059319_5489832..5606074	8	1	0	0	0	0	1	0	Proteobacteria
NZ_CP059319_563579..617791	8	0	0	0	0	0	0	0	Proteobacteria
NZ_CP059348_721231..776319	0	9	0	0	0	0	0	0	Proteobacteria
NZ_CP059383_1249355..1315723	1	0	0	6	1	0	0	0	Firmicutes
NZ_CP059400_1930598..1984695	0	12	0	0	0	0	0	0	Proteobacteria
NZ_CP059400_656093..700432	8	0	0	0	0	0	0	0	Proteobacteria
NZ_CP059405_1797933..1860985	1	0	0	5	1	0	0	0	Firmicutes
NZ_CP059408_1511124..1595766	0	0	0	0	0	0	1	0	Bacteroidota
NZ_CP059408_2064249..2121089	0	0	0	0	1	0	1	0	Bacteroidota
NZ_CP059408_2317173..2323829	0	0	0	0	0	0	1	0	Bacteroidota
NZ_CP059431_2224132..2379659	0	0	0	0	0	0	1	0	Bacteroidota
NZ_CP059432_1921125..2009798	6	0	0	0	0	0	1	0	Campylobacterota
NZ_CP059439_1281334..1344736	2	0	0	0	0	0	0	0	Campylobacterota
NZ_CP059441_1319275..1357690	7	0	0	0	0	0	0	0	Campylobacterota
NZ_CP059467_1659142..1845308	0	1	0	0	0	12	0	0	Proteobacteria
NZ_CP059467_30958..127963	0	0	0	0	0	15	0	0	Proteobacteria
NZ_CP059488_219401..329300	2	7	0	0	0	0	0	0	Proteobacteria
NZ_CP059492_1426745..1456531	1	0	0	0	0	0	0	0	Actinobacteriota
NZ_CP059560_339644..862931	0	0	0	0	0	15	0	0	Proteobacteria
NZ_CP059571_2258315..2362998	2	8	0	0	0	0	0	0	Proteobacteria
NZ_CP059576_3337893..3550349	6	0	0	0	0	0	0	0	Proteobacteria
NZ_CP059576_673574..746759	8	0	0	0	0	0	0	0	Proteobacteria
NZ_CP059709_293861..368804	7	1	0	0	0	0	0	0	Campylobacterota
NZ_CP059711_3003214..3041659	7	0	0	0	0	0	0	0	Proteobacteria
NZ_CP059732_2659196..2746061	0	0	0	0	0	0	1	0	Bacteroidota
NZ_CP059732_6550279..6596859	0	0	0	0	0	0	1	0	Bacteroidota
NZ_CP059739_1407819..1537239	0	0	0	5	1	1	0	0	Firmicutes
NZ_CP059739_2590096..2658726	0	0	0	6	1	0	0	0	Firmicutes
NZ_CP059739_661977..688517	0	1	0	0	0	0	0	0	Firmicutes
NZ_CP059747_2668202..2736457	0	0	0	6	1	0	0	0	Firmicutes
NZ_CP059755_1190169..1371870	0	0	0	0	1	0	0	0	Firmicutes
NZ_CP059755_2645956..2711190	0	0	0	6	1	0	0	0	Firmicutes
NZ_CP059755_634363..662394	0	1	0	0	0	0	0	0	Firmicutes
NZ_CP059784_2581439..2645104	0	0	0	6	1	0	0	0	Firmicutes
NZ_CP059806_1194637..1373334	0	0	0	0	1	0	0	0	Firmicutes
NZ_CP059806_1439931..1508633	0	0	0	4	1	1	0	0	Firmicutes
NZ_CP059806_2336938..2398674	1	0	0	0	0	0	0	0	Firmicutes
NZ_CP059806_2579657..2643322	0	0	0	6	1	0	0	0	Firmicutes
NZ_CP059816_1455616..1586368	0	0	0	5	1	1	0	0	Firmicutes
NZ_CP059816_664918..693989	0	1	0	0	0	0	0	0	Firmicutes
NZ_CP059851_253265..468649	8	0	0	0	0	0	2	0	Proteobacteria
NZ_CP059856_30605..86092	0	0	0	0	0	0	1	0	Bacteroidota
NZ_CP059856_3182690..3216296	0	0	0	0	1	0	0	0	Bacteroidota
NZ_CP059856_5234768..5241048	0	0	0	0	0	0	1	0	Bacteroidota
NZ_CP059886_4221547..4283142	0	1	0	0	0	15	0	0	Proteobacteria
NZ_CP059907_1642653..1720628	0	0	0	0	0	17	0	0	Proteobacteria
NZ_CP059917_4659852..4719044	0	0	0	0	0	17	0	0	Proteobacteria
NZ_CP059957_4486898..4586441	1	0	0	0	0	17	0	0	Proteobacteria
NZ_CP059957_5062662..5120337	0	0	0	0	0	16	0	0	Proteobacteria
NZ_CP059958_1133958..1233496	1	0	0	0	0	17	0	0	Proteobacteria
NZ_CP059960_3294754..3334951	7	0	0	0	0	0	0	0	Proteobacteria
NZ_CP059961_2240731..2294178	0	0	0	0	0	16	0	0	Proteobacteria
NZ_CP059965_1016871..1082500	7	1	0	0	0	0	0	0	Campylobacterota
NZ_CP059968_389904..455438	7	1	0	0	0	0	0	0	Campylobacterota
NZ_CP059971_71632..114246	5	0	0	0	0	0	0	0	Campylobacterota
NZ_CP059972_289060..352884	7	1	0	0	0	0	0	0	Campylobacterota
NZ_CP059973_476576..490221	0	0	0	0	0	0	1	0	Bacteroidota
NZ_CP059973_5746732..5756620	0	0	0	0	0	0	1	0	Bacteroidota
NZ_CP059995_4751505..4839908	0	0	0	0	0	16	0	0	Proteobacteria
NZ_CP059995_5155619..5374983	1	1	0	0	1	16	0	0	Proteobacteria
NZ_CP059995_5707956..5791602	0	0	0	0	0	16	0	0	Proteobacteria
NZ_CP060008_3218494..3340121	8	0	0	0	0	0	0	0	Proteobacteria
NZ_CP060035_2316360..2420170	8	0	0	0	0	0	0	0	Proteobacteria
NZ_CP060035_663095..867092	0	11	0	0	1	0	0	0	Proteobacteria
NZ_CP060047_141015..497286	1	0	0	0	1	0	0	0	Proteobacteria
NZ_CP060049_1538642..1782955	7	0	0	0	1	0	0	0	Proteobacteria
NZ_CP060052_1086..108423	1	11	0	0	0	0	0	0	Proteobacteria
NZ_CP060061_4728816..4811743	1	0	0	0	0	17	0	0	Proteobacteria
NZ_CP060083_4726656..4809367	1	0	0	0	0	17	0	0	Proteobacteria
NZ_CP060092_4501571..4622517	0	0	0	0	0	7	0	0	Proteobacteria
NZ_CP060111_2095062..2145508	7	0	0	0	0	0	0	0	Proteobacteria
NZ_CP060111_5537477..5686472	0	1	0	0	0	16	0	0	Proteobacteria
NZ_CP060122_1598409..1638746	8	0	0	0	0	0	1	0	Proteobacteria
NZ_CP060122_1651679..1987505	8	0	0	0	0	0	1	0	Proteobacteria
NZ_CP060122_2627075..2998464	0	11	0	0	0	0	0	0	Proteobacteria
NZ_CP060122_3254237..3468244	0	8	0	0	0	0	0	0	Proteobacteria
NZ_CP060131_3636209..3660753	1	0	0	0	0	0	0	0	Actinobacteriota
NZ_CP060240_4664629..4765716	1	0	0	0	0	16	0	0	Proteobacteria
NZ_CP060242_3245625..3326475	0	1	0	0	0	16	0	0	Proteobacteria
NZ_CP060242_4668301..4711080	0	0	0	0	0	6	0	0	Proteobacteria
NZ_CP060242_6559006..6751801	4	0	0	0	0	0	0	0	Proteobacteria
NZ_CP060243_5296543..5382452	0	1	0	0	0	13	0	0	Proteobacteria
NZ_CP060243_5529576..5581901	0	0	0	0	1	0	0	0	Proteobacteria
NZ_CP060243_5769588..5853481	0	0	0	0	0	16	0	0	Proteobacteria
NZ_CP060243_6021888..6052574	0	0	1	0	0	0	0	0	Proteobacteria
NZ_CP060244_1358555..1422616	8	1	0	0	0	0	0	0	Proteobacteria
NZ_CP060244_328380..367541	8	1	0	0	0	0	0	0	Proteobacteria
NZ_CP060276_4247645..4363270	0	0	0	0	0	17	1	0	Proteobacteria
NZ_CP060281_1915648..2024621	7	0	0	0	0	0	0	0	Proteobacteria
NZ_CP060286_2871835..2969591	2	0	0	0	0	0	1	0	Firmicutes_A
NZ_CP060287_941827..1074428	2	1	0	0	1	0	1	0	Firmicutes
NZ_CP060386_704637..919064	0	12	0	0	0	0	0	0	Proteobacteria
NZ_CP060388_2640877..2804163	0	9	0	0	0	0	0	0	Proteobacteria
NZ_CP060392_1249856..1302720	8	0	0	0	0	0	0	0	Proteobacteria
NZ_CP060393_2891984..3059737	6	0	0	0	0	0	0	0	Acidobacteriota
NZ_CP060399_1551962..1618179	8	0	0	0	0	0	1	0	Proteobacteria
NZ_CP060402_360290..430995	1	0	0	0	1	0	0	0	Actinobacteriota
NZ_CP060413_2050964..2130986	1	0	0	0	1	0	0	0	Proteobacteria
NZ_CP060413_850530..913797	4	0	0	0	0	0	0	0	Proteobacteria
NZ_CP060414_2765975..2871879	1	0	1	0	0	0	0	0	Proteobacteria
NZ_CP060414_466593..568683	7	0	0	0	0	0	0	0	Proteobacteria
NZ_CP060453_2454472..2537254	1	1	0	0	0	16	0	0	Proteobacteria
NZ_CP060465_2481169..2575625	1	1	0	0	0	16	0	0	Proteobacteria
NZ_CP060470_2601392..2684177	1	1	0	0	0	16	0	0	Proteobacteria
NZ_CP060494_2104164..2159973	0	7	0	0	0	0	0	0	Proteobacteria
NZ_CP060497_4434661..4471701	0	0	0	0	0	0	1	0	Bacteroidota
NZ_CP060589_2108721..2120488	1	0	0	0	0	0	1	0	Proteobacteria
NZ_CP060636_1053513..1119142	1	0	0	1	8	0	1	0	Firmicutes
NZ_CP060636_1186557..1335666	1	0	0	7	1	0	0	0	Firmicutes
NZ_CP060636_1419322..1495293	1	0	0	7	1	0	0	0	Firmicutes
NZ_CP060636_2317108..2371631	0	0	0	0	1	0	1	0	Firmicutes
NZ_CP060636_2699438..2725746	1	0	0	6	1	0	0	0	Firmicutes
NZ_CP060636_3614223..3680850	1	0	0	7	1	0	0	0	Firmicutes
NZ_CP060636_772877..839086	0	0	0	0	0	0	1	0	Firmicutes
NZ_CP060637_1559265..1607157	0	0	0	6	1	0	0	0	Fusobacteriota
NZ_CP060650_2027594..2076373	7	0	0	0	0	0	0	0	Proteobacteria
NZ_CP060697_555186..571815	8	0	0	0	0	0	0	0	Proteobacteria
NZ_CP060698_2309365..2578314	1	0	0	0	1	0	7	0	Bacteroidota
NZ_CP060700_1631444..1707948	0	0	0	6	1	0	0	0	Firmicutes
NZ_CP060707_1339567..1378790	7	0	0	0	0	0	1	0	Campylobacterota
NZ_CP060708_3822407..3936749	8	0	0	0	0	0	0	0	Proteobacteria
NZ_CP060709_342175..638310	8	0	0	0	0	0	0	0	Proteobacteria
NZ_CP060723_31487..228461	2	0	0	0	1	0	6	0	Bacteroidota
NZ_CP060724_944137..981409	0	0	0	2	2	0	0	0	Firmicutes
NZ_CP060725_4450113..4483765	8	0	0	0	0	0	1	0	Proteobacteria
NZ_CP060744_4560810..4629691	1	0	0	0	0	17	0	0	Proteobacteria
NZ_CP060783_2197847..2346533	0	1	0	0	0	15	0	0	Proteobacteria
NZ_CP060804_1325360..1415177	0	0	0	0	1	0	0	0	Firmicutes
NZ_CP060804_1835336..1921331	0	0	0	7	1	0	0	0	Firmicutes
NZ_CP060804_84919..172912	0	0	0	6	2	0	0	0	Firmicutes
NZ_CP060811_663636..860563	1	0	0	0	0	0	0	0	Proteobacteria
NZ_CP060861_1273763..1338696	1	0	0	7	2	0	0	0	Firmicutes
NZ_CP060861_1469095..1514822	0	0	0	1	0	0	0	0	Firmicutes
NZ_CP060861_1520750..1631741	0	0	0	5	1	1	0	0	Firmicutes
NZ_CP060861_2767344..2834213	0	0	0	6	1	0	0	0	Firmicutes
NZ_CP060861_706964..734808	0	1	0	0	0	0	0	0	Firmicutes
NZ_CP061008_6141012..6314614	7	1	0	0	0	0	0	0	Proteobacteria
NZ_CP061034_2310306..2405004	0	1	0	0	0	16	0	0	Proteobacteria
NZ_CP061044_764243..846075	0	0	0	0	1	17	0	0	Proteobacteria
NZ_CP061122_1350300..1427084	2	0	0	0	0	0	0	0	Proteobacteria
NZ_CP061159_4121997..4216936	0	0	0	0	0	17	0	0	Proteobacteria
NZ_CP061205_3847752..3938539	1	9	0	0	0	0	1	0	Proteobacteria
NZ_CP061284_582859..611260	0	0	0	5	1	0	0	0	Firmicutes
NZ_CP061336_2864128..2947121	0	0	0	0	1	0	0	0	Firmicutes_A
NZ_CP061369_384377..523813	0	1	0	0	0	13	0	0	Proteobacteria
NZ_CP061385_742810..797752	0	0	0	0	0	16	0	0	Proteobacteria
NZ_CP061389_1737165..1884920	7	0	0	0	0	0	0	0	Proteobacteria
NZ_CP061404_3394935..3517562	7	0	0	0	0	0	0	0	Proteobacteria
NZ_CP061510_1265471..1320075	8	0	0	0	0	0	1	0	Proteobacteria
NZ_CP061510_1710667..1821795	1	12	0	0	0	0	0	0	Proteobacteria
NZ_CP061510_2503485..2606494	3	0	0	0	0	0	0	0	Proteobacteria
NZ_CP061510_963701..1024899	0	8	0	0	0	0	0	0	Proteobacteria
NZ_CP061513_2741538..2942624	0	1	0	0	0	16	0	0	Proteobacteria
NZ_CP061699_2254691..2285710	0	0	0	0	0	5	0	0	Proteobacteria
NZ_CP061700_1588615..1800727	7	0	0	0	0	0	0	0	Proteobacteria
NZ_CP061719_3806069..3853987	7	0	0	0	0	0	0	0	Proteobacteria
NZ_CP061723_4128418..4330757	0	1	0	0	0	12	0	0	Proteobacteria
NZ_CP061754_1296004..1478586	2	0	0	0	0	0	0	0	Proteobacteria
NZ_CP061769_801756..830199	1	0	0	0	0	0	0	0	Actinobacteriota
NZ_CP061772_1327264..1421194	8	0	0	0	0	0	2	0	Proteobacteria
NZ_CP061773_765513..843819	8	0	0	0	0	0	0	0	Proteobacteria
NZ_CP061777_2147144..2251061	0	1	0	0	0	16	0	0	Proteobacteria
NZ_CP061778_4353289..4465910	0	1	0	0	0	16	0	0	Proteobacteria
NZ_CP061779_1391605..1485478	0	1	0	0	0	16	0	0	Proteobacteria
NZ_CP061779_242113..285434	8	0	0	0	0	0	1	0	Proteobacteria
NZ_CP061779_4569518..4655643	0	0	0	0	0	16	0	0	Proteobacteria
NZ_CP061779_4692428..4738971	3	0	0	0	0	0	0	0	Proteobacteria
NZ_CP061780_645683..739529	1	0	0	0	0	16	0	0	Proteobacteria
NZ_CP061832_1837446..1899716	7	0	0	0	0	0	0	0	Proteobacteria
NZ_CP061840_148431..219317	7	0	0	0	0	0	0	0	Proteobacteria
NZ_CP061840_2245902..2310150	0	11	0	0	0	0	0	0	Proteobacteria
NZ_CP061850_4894955..4988103	0	0	0	0	0	16	0	0	Proteobacteria
NZ_CP061930_1014197..1058209	0	0	0	0	1	0	0	0	Proteobacteria
NZ_CP061930_24665..103813	7	0	0	0	0	0	0	0	Proteobacteria
NZ_CP061947_3557892..3762014	1	0	0	0	0	0	6	0	Bacteroidota
NZ_CP061957_746437..803884	0	0	0	0	0	16	0	0	Proteobacteria
NZ_CP061961_3588015..3651566	7	0	0	0	0	0	0	0	Proteobacteria
NZ_CP061961_749366..804308	0	0	0	0	0	16	0	0	Proteobacteria
NZ_CP062004_3852434..4005606	1	0	0	0	0	17	0	0	Proteobacteria
NZ_CP062006_1502721..1542606	8	0	0	0	0	0	0	0	Proteobacteria
NZ_CP062006_559883..653903	8	0	0	0	0	0	1	0	Proteobacteria
NZ_CP062112_4794718..4895659	8	0	0	0	0	0	0	0	Proteobacteria
NZ_CP062122_5930362..6027217	0	1	0	0	0	16	0	0	Proteobacteria
NZ_CP062146_3258103..3491302	0	12	0	0	0	0	0	0	Proteobacteria
NZ_CP062156_1469042..1611619	8	0	0	0	1	0	2	0	Proteobacteria
NZ_CP062156_1653062..1736853	0	1	0	0	0	16	0	0	Proteobacteria
NZ_CP062156_1737094..1825323	0	1	0	0	0	16	0	0	Proteobacteria
NZ_CP062167_45960..214023	8	0	0	0	0	0	1	0	Proteobacteria
NZ_CP062204_787278..867466	0	0	0	0	0	17	0	0	Proteobacteria
NZ_CP062218_2463798..2537733	0	0	0	0	0	15	0	0	Proteobacteria
NZ_CP062218_3235585..3341327	0	1	0	0	0	16	0	0	Proteobacteria
NZ_CP062218_5126348..5377104	1	0	0	0	0	0	0	0	Proteobacteria
NZ_CP062254_1677518..1758972	0	1	0	0	0	16	0	0	Proteobacteria
NZ_CP062254_3608233..3695524	0	0	0	0	0	17	0	0	Proteobacteria
NZ_CP062792_1362735..1448111	2	0	0	0	0	0	1	0	Proteobacteria
NZ_CP062803_4412547..4559823	8	0	0	0	0	0	0	0	Proteobacteria
NZ_CP062824_3866636..3912408	0	0	0	0	0	16	0	0	Proteobacteria
NZ_CP062901_4019382..4179287	0	0	0	0	0	13	0	0	Proteobacteria
NZ_CP062939_1191968..1276420	1	0	0	0	6	0	0	0	Actinobacteriota
NZ_CP062948_1360168..1394512	1	0	0	0	7	0	0	0	Actinobacteriota
NZ_CP062948_2203237..2238859	1	0	0	0	7	0	0	0	Actinobacteriota
NZ_CP062952_1136989..1221483	1	0	0	0	1	0	0	0	Actinobacteriota
NZ_CP063011_1841501..1903002	7	0	0	0	0	0	0	0	Proteobacteria
NZ_CP063019_1828184..1891626	7	0	0	0	0	0	0	0	Proteobacteria
NZ_CP063019_745456..801704	0	0	0	0	0	16	0	0	Proteobacteria
NZ_CP063056_294933..332743	0	1	0	0	1	16	0	0	Proteobacteria
NZ_CP063078_952909..988861	5	0	0	0	0	0	0	0	Campylobacterota
NZ_CP063081_32345..110686	5	0	0	0	1	0	0	0	Campylobacterota
NZ_CP063112_1082091..1133425	0	0	0	0	0	16	0	0	Proteobacteria
NZ_CP063113_1045172..1098440	0	0	0	0	0	16	0	0	Proteobacteria
NZ_CP063121_1081249..1131823	0	0	0	0	0	16	0	0	Proteobacteria
NZ_CP063124_1056634..1102186	0	0	0	0	0	16	0	0	Proteobacteria
NZ_CP063145_1827639..2021088	1	0	0	0	1	0	6	0	Bacteroidota
NZ_CP063145_876084..888280	0	0	0	0	0	0	2	0	Bacteroidota
NZ_CP063198_568364..673013	0	0	0	6	1	0	0	0	Firmicutes
NZ_CP063213_2052474..2093799	1	0	0	0	1	0	0	0	Actinobacteriota
NZ_CP063213_2146940..2166070	1	0	0	0	6	0	0	0	Actinobacteriota
NZ_CP063238_1667426..1718751	8	0	0	0	0	0	0	0	Proteobacteria
NZ_CP063277_4928171..5008393	0	0	0	0	0	12	0	0	Proteobacteria
NZ_CP063304_2431521..2475914	1	0	0	1	7	0	0	0	Firmicutes_A
NZ_CP063304_3265016..3352230	0	0	0	2	6	0	2	0	Firmicutes_A
NZ_CP063362_306128..543886	8	0	0	0	0	0	1	0	Proteobacteria
NZ_CP063362_6024227..6276567	8	0	0	0	0	0	0	0	Proteobacteria
NZ_CP063373_450888..467237	1	0	0	0	0	0	0	0	Actinobacteriota
NZ_CP063440_3207187..3432374	0	12	0	0	0	0	0	0	Proteobacteria
NZ_CP063503_2304863..2684395	0	0	0	0	2	0	0	0	Proteobacteria
NZ_CP063658_409731..423116	1	0	0	0	0	0	0	0	Proteobacteria
NZ_CP063687_1149197..1170576	1	0	0	5	1	0	0	0	Firmicutes
NZ_CP063747_739375..795517	0	0	0	0	0	16	0	0	Proteobacteria
NZ_CP063759_1902439..1961955	7	0	0	0	0	0	0	0	Proteobacteria
NZ_CP063773_3119230..3155253	7	0	0	0	0	0	0	0	Proteobacteria
NZ_CP063773_670121..752061	0	1	0	0	0	16	0	0	Proteobacteria
NZ_CP063833_1868057..1928253	7	0	0	0	0	0	0	0	Proteobacteria
NZ_CP063833_746711..802852	0	0	0	0	0	16	0	0	Proteobacteria
NZ_CP063881_3205356..3260298	0	0	0	0	0	16	0	0	Proteobacteria
NZ_CP063890_620839..758583	7	0	0	0	0	0	0	0	Proteobacteria
NZ_CP063913_3948956..4012386	7	0	0	0	0	0	0	0	Proteobacteria
NZ_CP063930_4374547..4423451	7	0	0	0	0	0	0	0	Proteobacteria
NZ_CP064001_1836528..1870352	0	0	1	0	0	0	0	0	Proteobacteria
NZ_CP064001_2894466..2968424	1	1	0	0	0	16	0	0	Proteobacteria
NZ_CP064004_1594941..1674404	1	1	0	0	0	16	0	0	Proteobacteria
NZ_CP064005_265082..383756	1	0	0	0	0	0	0	0	Proteobacteria
NZ_CP064049_1428806..1473602	0	0	0	1	0	0	0	0	Firmicutes
NZ_CP064049_2740514..2806367	0	0	0	6	1	0	0	0	Firmicutes
NZ_CP064049_473549..570804	0	0	0	5	1	0	0	0	Firmicutes
NZ_CP064054_3087142..3181012	0	1	0	0	0	16	0	0	Proteobacteria
NZ_CP064055_639562..736749	0	1	0	0	0	16	0	0	Proteobacteria
NZ_CP064057_4717467..4750910	0	0	0	0	1	0	0	0	Actinobacteriota
NZ_CP064129_273023..512346	8	0	0	0	0	0	0	0	Proteobacteria
NZ_CP064192_8704505..8751214	1	0	0	0	0	0	0	0	Actinobacteriota
NZ_CP064211_744204..800345	0	0	0	0	0	16	0	0	Proteobacteria
NZ_CP064217_746595..802736	0	0	0	0	0	16	0	0	Proteobacteria
NZ_CP064241_1860705..1920073	7	0	0	0	0	0	0	0	Proteobacteria
NZ_CP064246_1918385..1977901	7	0	0	0	0	0	0	0	Proteobacteria
NZ_CP064246_747562..804278	0	0	0	0	0	16	0	0	Proteobacteria
NZ_CP064252_1888394..1947910	7	0	0	0	0	0	0	0	Proteobacteria
NZ_CP064252_746234..801884	0	0	0	0	0	16	0	0	Proteobacteria
NZ_CP064304_1374650..1464040	0	0	0	0	3	0	1	0	Firmicutes
NZ_CP064311_2755977..2874006	0	0	0	6	1	0	0	0	Firmicutes
NZ_CP064311_618123..708622	0	0	0	0	2	0	1	0	Firmicutes
NZ_CP064314_1976789..2104922	0	0	0	0	1	0	0	0	Firmicutes
NZ_CP064314_564413..680818	0	0	0	0	2	0	1	0	Firmicutes
NZ_CP064353_3681433..3780799	0	0	0	0	0	0	9	0	Bacteroidota
NZ_CP064653_2589240..2693320	1	12	0	0	0	0	0	0	Proteobacteria
NZ_CP064653_590068..725255	1	12	0	0	0	0	1	0	Proteobacteria
NZ_CP064760_1136771..1202931	0	0	0	0	1	0	0	0	Actinobacteriota
NZ_CP064827_628558..738154	1	0	0	0	0	17	0	0	Proteobacteria
NZ_CP064937_1967655..2015846	0	0	0	0	0	0	1	0	Bacteroidota
NZ_CP064937_3819540..3860166	0	0	0	0	0	0	10	0	Bacteroidota
NZ_CP064937_3875653..3923383	0	0	0	0	0	0	9	0	Bacteroidota
NZ_CP064937_4063640..4099340	0	0	0	0	0	0	1	0	Bacteroidota
NZ_CP064939_3968216..4161723	1	0	0	0	1	0	6	0	Bacteroidota
NZ_CP064946_4032083..4044406	0	0	1	0	1	0	0	0	Proteobacteria
NZ_CP065030_1546217..1587989	7	0	0	0	0	0	0	0	Proteobacteria
NZ_CP065039_2082927..2354311	0	12	0	0	0	0	0	0	Proteobacteria
NZ_CP065044_1798889..1869688	7	0	0	0	0	0	0	0	Proteobacteria
NZ_CP065044_3131867..3208427	0	0	0	0	0	14	0	0	Proteobacteria
NZ_CP065044_3216822..3254835	7	0	0	0	0	0	0	0	Proteobacteria
NZ_CP065044_588810..669981	0	1	0	0	0	16	0	0	Proteobacteria
NZ_CP065054_695049..811688	1	0	0	0	9	0	0	0	Firmicutes
NZ_CP065056_1840626..1940485	0	0	1	0	2	0	0	0	Firmicutes
NZ_CP065058_694157..774070	0	0	0	0	1	0	0	0	Firmicutes
NZ_CP065061_1313694..1330709	0	0	0	0	1	0	0	0	Firmicutes
NZ_CP065154_2095544..2166213	0	0	0	6	1	0	0	0	Firmicutes
NZ_CP065154_565571..684080	0	0	0	0	8	0	0	0	Firmicutes
NZ_CP065191_482168..496162	0	0	0	0	1	0	0	0	Firmicutes
NZ_CP065191_697957..755858	1	0	0	0	4	0	0	0	Firmicutes
NZ_CP065194_602757..672739	0	0	0	6	1	0	0	0	Firmicutes
NZ_CP065229_159122..224056	8	0	0	0	0	0	1	0	Proteobacteria
NZ_CP065229_814678..1014565	8	0	0	0	0	0	1	0	Proteobacteria
NZ_CP065232_3175469..3260578	7	0	0	0	0	0	0	0	Proteobacteria
NZ_CP065269_442498..475362	0	0	0	0	1	0	0	0	Actinobacteriota
NZ_CP065347_4565638..4624751	0	0	0	0	0	16	0	0	Proteobacteria
NZ_CP065406_899931..1015664	8	1	0	0	0	13	0	0	Proteobacteria
NZ_CP065412_4735078..4825384	0	0	0	0	0	16	0	0	Proteobacteria
NZ_CP065412_5155412..5352560	1	1	0	0	0	16	0	0	Proteobacteria
NZ_CP065412_5656593..5747134	0	0	0	0	0	16	0	0	Proteobacteria
NZ_CP065417_4777436..4904284	1	0	0	0	0	16	0	0	Proteobacteria
NZ_CP065417_5624559..5711771	0	0	0	0	0	16	0	0	Proteobacteria
NZ_CP065438_4006145..4065661	7	0	0	0	0	0	0	0	Proteobacteria
NZ_CP065438_5125748..5185100	0	0	0	0	0	16	0	0	Proteobacteria
NZ_CP065441_5009625..5069141	7	0	0	0	0	0	0	0	Proteobacteria
NZ_CP065444_3268535..3329251	7	0	0	0	0	0	0	0	Proteobacteria
NZ_CP065453_784834..877955	7	0	0	0	0	0	0	0	Proteobacteria
NZ_CP065460_2118171..2177687	7	0	0	0	0	0	0	0	Proteobacteria
NZ_CP065474_744231..855551	1	0	0	0	0	17	0	0	Proteobacteria
NZ_CP065523_2008534..2080099	1	0	0	1	7	0	1	0	Firmicutes
NZ_CP065523_2166009..2252368	0	0	0	5	1	0	0	0	Firmicutes
NZ_CP065523_2716360..2793305	0	0	0	7	1	0	0	0	Firmicutes
NZ_CP065527_2003347..2126121	1	0	0	1	7	0	1	0	Firmicutes
NZ_CP065534_2377500..2411971	7	0	0	0	0	0	0	0	Proteobacteria
NZ_CP065534_864572..920911	0	0	0	0	0	16	0	0	Proteobacteria
NZ_CP065564_3772045..3925218	1	0	0	0	0	17	0	0	Proteobacteria
NZ_CP065629_2227290..2322329	1	0	0	0	1	0	0	0	Actinobacteriota
NZ_CP065682_3766096..3854572	1	0	0	0	1	0	0	0	Actinobacteriota
NZ_CP065713_1641685..1777132	8	0	0	0	0	0	2	0	Proteobacteria
NZ_CP065717_26425..137956	0	0	0	0	0	17	0	0	Proteobacteria
NZ_CP065725_2616610..2796376	1	0	0	6	1	0	1	0	Proteobacteria
NZ_CP065748_1663035..1957462	8	0	0	0	0	0	0	0	Proteobacteria
NZ_CP065748_2696342..2863412	8	0	0	0	0	0	1	0	Proteobacteria
NZ_CP065748_772552..809800	0	1	0	0	0	16	0	0	Proteobacteria
NZ_CP065791_547426..575849	0	0	0	5	1	0	0	0	Firmicutes
NZ_CP065795_2712412..2743632	0	0	0	0	0	0	1	0	Firmicutes
NZ_CP065848_1931888..2052135	0	0	0	0	0	16	0	0	Proteobacteria
NZ_CP065848_6112340..6179542	8	0	0	0	1	0	1	0	Proteobacteria
NZ_CP065865_2452558..2591259	0	0	0	0	0	11	0	0	Proteobacteria
NZ_CP065865_3041004..3119465	0	1	0	0	0	16	0	0	Proteobacteria
NZ_CP065865_5826117..5914549	0	0	0	0	0	16	0	0	Proteobacteria
NZ_CP065866_4530369..4636263	1	0	0	0	0	16	0	0	Proteobacteria
NZ_CP065867_4632181..4763592	1	0	0	0	0	16	0	0	Proteobacteria
NZ_CP065925_1825249..1861838	1	0	0	0	2	0	0	0	Firmicutes
NZ_CP065926_2515755..2600573	0	0	0	7	1	0	0	0	Firmicutes
NZ_CP065927_189842..266527	0	0	0	6	1	0	0	0	Firmicutes
NZ_CP065947_3263598..3349886	0	0	0	0	0	16	0	0	Proteobacteria
NZ_CP065948_4049583..4135871	0	0	0	0	0	16	0	0	Proteobacteria
NZ_CP065966_2259662..2362498	0	0	0	0	0	16	0	0	Proteobacteria
NZ_CP065975_1769930..1838554	0	0	0	0	1	0	0	0	Firmicutes
NZ_CP065993_335362..402370	1	0	0	3	0	0	0	0	Firmicutes
NZ_CP065997_4464121..4704907	8	0	0	0	0	0	0	0	Proteobacteria
NZ_CP066003_1984886..2133663	1	0	0	0	6	0	0	0	Firmicutes
NZ_CP066006_2924967..3241213	1	0	0	1	0	12	0	0	Proteobacteria
NZ_CP066014_511817..568634	1	0	0	0	2	0	0	0	Firmicutes_A
NZ_CP066022_1049604..1090621	8	0	0	1	0	0	1	0	Fusobacteriota
NZ_CP066041_956990..1021898	0	0	0	2	1	0	0	0	Firmicutes
NZ_CP066069_440358..574939	1	0	0	0	8	0	0	0	Firmicutes
NZ_CP066075_455014..582391	0	1	0	0	0	16	0	0	Proteobacteria
NZ_CP066093_1508626..1597069	1	0	0	0	1	0	0	0	Firmicutes
NZ_CP066249_1859116..1918484	7	0	0	0	0	0	0	0	Proteobacteria
NZ_CP066249_747487..804405	0	0	0	0	0	16	0	0	Proteobacteria
NZ_CP066254_744203..801544	0	0	0	0	0	16	0	0	Proteobacteria
NZ_CP066306_3605109..3715967	0	1	0	0	0	15	0	0	Proteobacteria
NZ_CP066308_598203..678001	1	0	0	0	5	0	1	0	Firmicutes
NZ_CP066381_2614980..2689424	0	0	0	0	0	0	1	0	Firmicutes
NZ_CP066389_1428119..1472915	0	0	0	1	0	0	0	0	Firmicutes
NZ_CP066389_1751020..1814451	0	0	0	6	3	0	0	0	Firmicutes
NZ_CP066389_262683..344760	0	0	0	6	1	0	0	0	Firmicutes
NZ_CP066389_2681112..2783777	0	0	0	6	1	0	0	0	Firmicutes
NZ_CP066389_41078..189231	0	0	0	7	1	0	0	0	Firmicutes
NZ_CP066396_2759326..2848803	0	0	0	6	1	0	0	0	Firmicutes
NZ_CP066396_46457..67471	0	0	0	6	1	0	0	0	Firmicutes
NZ_CP066421_1135091..1226271	0	0	0	6	1	0	0	0	Firmicutes
NZ_CP066457_1835785..2000350	0	0	0	7	1	0	0	0	Firmicutes
NZ_CP066473_2444897..2470726	0	0	0	2	1	0	0	0	Firmicutes
NZ_CP066473_808281..953793	0	0	0	7	1	0	0	0	Firmicutes
NZ_CP066528_739695..795401	0	0	0	0	0	16	0	0	Proteobacteria
NZ_CP066534_3693660..3753176	7	0	0	0	0	0	0	0	Proteobacteria
NZ_CP066552_931060..1047557	1	0	0	0	0	14	0	0	Proteobacteria
NZ_CP066559_687759..771614	0	0	0	0	0	16	0	0	Proteobacteria
NZ_CP066560_601602..667806	0	0	0	0	0	16	0	0	Proteobacteria
NZ_CP066562_630676..688150	0	0	0	0	0	16	0	0	Proteobacteria
NZ_CP066567_627790..685013	0	0	0	0	0	16	0	0	Proteobacteria
NZ_CP066568_1469971..1518028	0	0	0	1	0	0	0	0	Firmicutes
NZ_CP066568_2779535..2881509	0	0	0	6	1	0	0	0	Firmicutes
NZ_CP066583_2718591..2808410	0	0	0	6	1	0	0	0	Firmicutes
NZ_CP066598_1463224..1509542	0	0	0	1	0	0	0	0	Firmicutes
NZ_CP066629_253869..370467	0	0	0	6	1	0	0	0	Firmicutes
NZ_CP066653_1454873..1502713	0	0	0	1	0	0	0	0	Firmicutes
NZ_CP066653_249898..405474	0	0	0	6	1	0	0	0	Firmicutes
NZ_CP066653_8349..100137	0	0	0	7	1	0	0	0	Firmicutes
NZ_CP066659_1829899..1994817	0	0	0	7	1	0	0	0	Firmicutes
NZ_CP066659_720568..748410	0	1	0	0	0	0	0	0	Firmicutes
NZ_CP066708_2149323..2212437	0	0	0	5	1	0	0	0	Firmicutes
NZ_CP066711_1886990..1946043	1	0	0	0	2	0	0	0	Firmicutes
NZ_CP066775_286788..477240	1	0	1	0	1	0	7	0	Bacteroidota
NZ_CP066786_3072467..3305669	8	0	0	0	0	0	2	0	Proteobacteria
NZ_CP066883_1559536..1589988	0	0	0	0	0	0	1	0	Bacteroidota
NZ_CP066883_2932478..2980135	1	0	0	0	1	0	4	0	Bacteroidota
NZ_CP066885_2451249..2536125	0	0	0	7	1	0	0	0	Firmicutes
NZ_CP067013_3824567..3900913	0	1	0	0	0	16	0	0	Proteobacteria
NZ_CP067013_4158028..4215942	8	0	0	0	0	0	0	0	Proteobacteria
NZ_CP067018_3560910..3805831	1	0	0	0	0	1	9	0	Bacteroidota
NZ_CP067022_1754921..1832462	0	1	0	0	0	16	0	0	Proteobacteria
NZ_CP067024_4139137..4172723	0	0	0	0	0	5	0	0	Proteobacteria
NZ_CP067024_5233086..5376281	1	1	0	0	0	13	0	0	Proteobacteria
NZ_CP067057_2998155..3229399	0	0	0	0	2	0	0	0	Proteobacteria
NZ_CP067087_1069265..1193364	8	0	0	0	1	0	1	0	Proteobacteria
NZ_CP067087_2963089..3073945	1	12	0	0	0	0	0	0	Proteobacteria
NZ_CP067380_2063965..2116875	7	0	0	0	0	0	0	0	Proteobacteria
NZ_CP067380_2167167..2226901	7	0	0	0	0	0	0	0	Proteobacteria
NZ_CP067380_782631..899796	1	0	0	0	0	17	0	0	Proteobacteria
NZ_CP067393_1287501..1459476	0	0	0	0	1	16	0	0	Proteobacteria
NZ_CP067432_1614167..1635209	0	0	0	0	0	0	1	0	Bacteroidota
NZ_CP067432_2917377..2950338	0	0	0	0	0	0	1	0	Bacteroidota
NZ_CP067432_498081..801127	0	0	0	0	0	0	8	0	Bacteroidota
NZ_CP068034_1204730..1248479	0	0	1	0	0	0	0	0	Proteobacteria
NZ_CP068034_864146..959964	0	1	0	0	0	16	0	0	Proteobacteria
NZ_CP068049_75..127000	1	0	0	0	0	0	0	0	Proteobacteria
NZ_CP068050_3095941..3425583	1	0	0	0	0	0	0	0	Proteobacteria
NZ_CP068053_760306..900999	0	0	0	1	0	0	0	0	Firmicutes
NZ_CP068057_311237..384086	1	0	0	0	8	0	0	0	Firmicutes
NZ_CP068057_528312..668692	0	0	0	0	1	0	0	0	Firmicutes
NZ_CP068082_1012697..1023014	0	0	0	0	0	0	1	0	Bacteroidota
NZ_CP068082_2406750..2516424	0	0	0	0	1	0	10	0	Bacteroidota
NZ_CP068086_3923678..3975194	0	0	0	0	0	0	1	0	Bacteroidota
NZ_CP068103_946884..991920	0	0	0	5	1	0	0	0	Firmicutes_A
NZ_CP068107_2064336..2326091	1	0	0	0	0	0	7	0	Bacteroidota
NZ_CP068112_1472510..1494117	1	0	0	0	8	0	0	0	Actinobacteriota
NZ_CP068145_1122623..1172626	0	0	0	0	0	14	0	0	Proteobacteria
NZ_CP068145_3480148..3572819	0	1	0	0	0	16	0	0	Proteobacteria
NZ_CP068148_1636327..1734270	7	0	0	0	0	0	0	0	Proteobacteria
NZ_CP068170_2852381..2922883	1	0	0	7	1	0	0	0	Firmicutes
NZ_CP068171_2454832..2611956	1	0	0	0	1	0	5	0	Bacteroidota
NZ_CP068171_3319597..3522212	0	0	0	0	1	0	9	0	Bacteroidota
NZ_CP068173_1849645..1896753	0	0	0	0	1	0	0	0	Actinobacteriota
NZ_CP068173_3069237..3155310	1	0	0	0	1	0	0	0	Actinobacteriota
NZ_CP068174_1021190..1040198	0	0	0	0	0	0	1	0	Bacteroidota
NZ_CP068195_2811596..3037894	1	0	0	0	0	0	0	0	Proteobacteria
NZ_CP068213_696240..763789	1	0	0	6	12	0	0	0	Firmicutes
NZ_CP068214_4060671..4140535	0	0	0	0	0	17	0	0	Proteobacteria
NZ_CP068215_5011069..5052108	0	1	0	0	0	12	0	0	Proteobacteria
NZ_CP068238_2269340..2375757	0	1	0	0	0	16	0	0	Proteobacteria
NZ_CP068238_4430423..4546326	1	0	0	0	0	16	0	0	Proteobacteria
NZ_CP068239_1432681..1516934	0	0	0	0	0	16	0	0	Proteobacteria
NZ_CP068239_3754788..3969627	1	1	0	0	0	16	0	0	Proteobacteria
NZ_CP068239_5359971..5388216	0	0	0	0	1	0	0	0	Proteobacteria
NZ_CP068249_1213099..1291458	0	0	0	6	2	0	0	0	Firmicutes
NZ_CP068249_2371062..2710771	1	0	1	2	1	0	1	0	Firmicutes
NZ_CP068390_5303486..5398643	1	1	0	0	0	16	0	0	Proteobacteria
NZ_CP068416_556832..689532	0	0	0	0	8	0	0	0	Firmicutes
NZ_CP068439_1509166..1594817	0	0	0	0	0	0	3	0	Bacteroidota
NZ_CP068551_2595232..2672813	7	0	0	0	0	0	0	0	Proteobacteria
NZ_CP068555_2182517..2570506	1	0	0	1	13	0	0	0	Firmicutes_A
NZ_CP068557_648398..842168	3	0	0	0	12	0	0	0	Firmicutes_A
NZ_CP068561_1969788..2184925	2	0	0	1	0	0	0	0	Firmicutes_A
NZ_CP068564_397703..518953	1	0	0	0	0	0	0	0	Firmicutes_A
NZ_CP068572_4291125..4349171	0	0	0	0	0	16	0	0	Proteobacteria
NZ_CP068602_740452..797901	0	0	0	0	0	16	0	0	Proteobacteria
NZ_CP068614_742321..798463	0	0	0	0	0	16	0	0	Proteobacteria
NZ_CP068618_741304..793829	0	0	0	0	0	16	0	0	Proteobacteria
NZ_CP068684_3427116..3486632	7	0	0	0	0	0	0	0	Proteobacteria
NZ_CP068689_783602..838573	0	0	0	0	0	16	0	0	Proteobacteria
NZ_CP068708_715949..826602	0	0	0	0	13	1	1	0	Firmicutes
NZ_CP068771_8017..112922	7	0	0	0	0	0	0	0	Proteobacteria
NZ_CP068813_1381050..1415999	0	0	1	0	0	0	0	0	Proteobacteria
NZ_CP068829_4618545..4699381	1	0	0	0	0	17	0	0	Proteobacteria
NZ_CP068983_1604634..1714033	8	0	0	0	0	0	0	0	Proteobacteria
NZ_CP068998_290252..436973	8	0	0	0	0	0	0	0	Proteobacteria
NZ_CP069004_127176..184406	7	0	0	0	0	0	0	0	Proteobacteria
NZ_CP069056_911564..963733	0	0	0	0	1	0	0	0	Firmicutes
NZ_CP069178_194769..221673	1	0	0	0	0	0	0	0	Firmicutes
NZ_CP069178_762142..851846	2	0	0	0	5	0	1	0	Firmicutes
NZ_CP069198_1014950..1234920	3	0	0	0	0	0	0	0	Proteobacteria
NZ_CP069198_142364..174574	0	0	0	0	0	5	0	0	Proteobacteria
NZ_CP069198_2513423..2585177	0	1	0	0	0	16	0	0	Proteobacteria
NZ_CP069278_292411..319809	0	0	0	0	1	0	0	0	Actinobacteriota
NZ_CP069308_717641..789435	0	0	0	0	0	16	0	0	Proteobacteria
NZ_CP069318_5380401..5543396	8	0	0	0	0	0	1	0	Proteobacteria
NZ_CP069352_3115988..3335311	0	1	0	0	0	15	0	0	Proteobacteria
NZ_CP069360_83330..163322	6	0	0	0	0	0	0	0	Proteobacteria
NZ_CP069386_3235635..3359700	0	9	0	0	0	0	0	0	Proteobacteria
NZ_CP069397_4220425..4273956	0	0	0	0	1	0	0	0	Firmicutes
NZ_CP069431_2420860..2431290	0	0	0	0	0	0	1	0	Bacteroidota
NZ_CP069431_2778574..2795610	0	0	0	0	0	0	1	0	Bacteroidota
NZ_CP069431_4095913..4107648	0	0	0	0	0	0	1	0	Bacteroidota
NZ_CP069440_1124377..1327374	1	0	0	0	2	0	6	0	Bacteroidota
NZ_CP069440_372374..552435	3	0	0	0	2	0	8	0	Bacteroidota
NZ_CP069442_725472..1016036	0	0	0	0	1	0	0	0	Proteobacteria
NZ_CP069444_2142099..2250936	0	0	0	0	6	0	0	0	Firmicutes_A
NZ_CP069444_3408040..3515508	1	0	0	1	7	0	1	0	Firmicutes_A
NZ_CP069450_2690945..2976043	2	0	0	0	2	0	9	0	Bacteroidota
NZ_CP069482_1324847..1340413	1	0	0	0	0	0	0	0	Proteobacteria
NZ_CP069520_2541872..2670231	0	0	0	5	1	0	0	0	Firmicutes_A
NZ_CP069520_3207836..3224921	0	0	0	0	0	0	1	0	Firmicutes_A
NZ_CP069520_3860463..3968035	1	0	0	1	6	0	0	0	Firmicutes_A
NZ_CP069520_4935322..4977609	0	0	0	0	1	0	0	0	Firmicutes_A
NZ_CP069558_736494..919669	1	0	0	0	12	0	0	0	Firmicutes
NZ_CP069587_3768667..3998519	0	0	0	0	1	0	0	0	Proteobacteria
NZ_CP069600_1548924..1611574	6	0	0	0	0	0	0	0	Proteobacteria
NZ_CP069600_3125642..3192058	7	0	0	0	0	0	0	0	Proteobacteria
NZ_CP069601_996853..1072885	0	0	0	0	0	17	0	0	Proteobacteria
NZ_CP069606_2568132..2971189	0	0	0	0	1	1	0	0	Firmicutes
NZ_CP069801_4151508..4300952	0	0	0	0	0	13	0	0	Proteobacteria
NZ_CP069828_3350786..3405728	0	0	0	0	0	16	0	0	Proteobacteria
NZ_CP069847_4990601..5213733	7	0	0	0	0	0	0	0	Proteobacteria
NZ_CP069892_1018383..1125382	0	0	0	6	1	0	0	0	Firmicutes
NZ_CP069892_297872..410121	1	0	0	1	11	0	0	0	Firmicutes
NZ_CP069892_660325..681624	0	0	0	0	0	0	1	0	Firmicutes
NZ_CP069940_599787..738627	7	0	0	0	0	0	0	0	Proteobacteria
NZ_CP069945_2768191..2790853	0	0	1	0	0	0	0	0	Proteobacteria
NZ_CP069994_2503170..2562434	7	0	0	0	0	0	0	0	Proteobacteria
NZ_CP069996_1525857..1609457	0	0	0	0	0	17	0	0	Proteobacteria
NZ_CP070015_113979..172954	7	0	0	0	0	0	0	0	Proteobacteria
NZ_CP070036_1351825..1402851	1	0	0	0	8	0	1	0	Firmicutes_A
NZ_CP070036_2453377..2462454	0	0	0	1	0	0	0	0	Firmicutes_A
NZ_CP070062_1272048..1341541	0	0	0	0	0	0	1	0	Firmicutes_A
NZ_CP070062_2230641..2353426	1	0	0	0	1	0	0	0	Firmicutes_A
NZ_CP070062_2705812..2735746	0	0	0	0	0	0	1	0	Firmicutes_A
NZ_CP070062_338993..414181	1	0	0	7	1	0	0	0	Firmicutes_A
NZ_CP070071_4744492..4819957	0	0	0	0	0	17	0	0	Proteobacteria
NZ_CP070092_4656456..4740690	7	0	0	0	0	0	0	0	Proteobacteria
NZ_CP070105_1226648..1286501	0	0	0	0	0	16	0	0	Proteobacteria
NZ_CP070158_4152585..4210783	7	0	0	0	0	0	0	0	Proteobacteria
NZ_CP070169_535835..594033	7	0	0	0	0	0	0	0	Proteobacteria
NZ_CP070222_803519..851713	0	0	0	0	0	16	0	0	Proteobacteria
NZ_CP070228_1819248..1839796	1	0	0	0	4	0	0	0	Actinobacteriota
NZ_CP070254_6005833..6034938	0	0	0	0	1	0	0	0	Actinobacteriota
NZ_CP070284_4195114..4262199	0	0	0	0	0	17	0	0	Proteobacteria
NZ_CP070292_2356229..2587414	0	0	0	0	1	0	0	0	Proteobacteria
NZ_CP070306_623156..684604	0	0	0	0	1	0	0	0	Firmicutes
NZ_CP070350_3694412..3833523	1	0	0	0	0	0	8	0	Bacteroidota
NZ_CP070471_2644393..2861649	3	0	0	0	0	0	0	0	Proteobacteria
NZ_CP070483_529247..555494	0	0	0	6	1	0	0	0	Firmicutes
NZ_CP070491_984821..1106367	0	10	0	0	0	0	0	0	Proteobacteria
NZ_CP070506_5774918..5886035	0	0	1	0	0	0	0	0	Proteobacteria
NZ_CP070524_454920..547464	0	1	0	0	0	16	0	0	Proteobacteria
NZ_CP070534_4809427..4905684	1	0	0	0	1	17	0	0	Proteobacteria
NZ_CP070537_2969491..3063881	6	0	0	0	0	0	0	0	Proteobacteria
NZ_CP070564_4353476..4411524	0	0	0	0	0	16	0	0	Proteobacteria
NZ_CP070572_3545366..3615972	1	1	0	0	0	16	0	0	Proteobacteria
NZ_CP070579_4488344..4546391	0	0	0	0	0	16	0	0	Proteobacteria
NZ_CP070968_675667..718607	8	0	0	0	0	0	0	0	Proteobacteria
NZ_CP070977_829780..970413	8	0	0	0	1	0	0	0	Proteobacteria
NZ_CP070981_2472896..2667534	0	1	0	0	0	15	0	0	Proteobacteria
NZ_CP070991_523415..541815	1	0	0	5	1	0	0	0	Firmicutes
NZ_CP071044_4709577..4725995	0	0	0	0	1	0	0	0	Actinobacteriota
NZ_CP071057_789943..929359	8	0	0	0	0	0	1	0	Proteobacteria
NZ_CP071100_1176137..1328717	1	0	0	5	2	0	0	0	Firmicutes
NZ_CP071154_1595063..1674364	0	0	0	6	1	0	0	0	Firmicutes
NZ_CP071154_944670..994238	0	0	0	5	1	0	1	0	Firmicutes
NZ_CP071155_952121..1032087	0	0	0	6	1	0	0	0	Firmicutes
NZ_CP071179_1482716..1541019	0	0	0	0	0	0	1	0	Firmicutes
NZ_CP071300_1081357..1206173	0	0	0	0	7	0	0	0	Firmicutes
NZ_CP071324_845315..978364	7	0	0	0	0	0	0	0	Proteobacteria
NZ_CP071375_4177460..4186759	0	0	0	0	0	1	0	0	Proteobacteria
NZ_CP071376_3097453..3207203	2	0	0	0	0	0	0	0	Firmicutes_A
NZ_CP071382_1878102..2196254	0	0	0	0	0	0	1	0	Desulfobacterota
NZ_CP071385_1771494..1816529	7	0	0	0	0	0	0	0	Proteobacteria
NZ_CP071385_4789567..4844517	0	0	0	0	0	16	0	0	Proteobacteria
NZ_CP071393_1980009..2046507	7	0	0	0	0	0	0	0	Proteobacteria
NZ_CP071464_750026..806033	0	0	0	0	0	16	0	0	Proteobacteria
NZ_CP071487_1698173..1750077	0	0	0	0	0	6	0	0	Proteobacteria
NZ_CP071489_769336..837831	0	0	0	0	0	16	0	0	Proteobacteria
NZ_CP071490_1459946..1513778	0	0	0	0	0	16	0	0	Proteobacteria
NZ_CP071491_1420538..1488898	0	0	0	0	0	16	0	0	Proteobacteria
NZ_CP071683_18221..87479	1	0	0	7	1	0	0	0	Actinobacteriota
NZ_CP071697_1083566..1251754	0	0	0	0	14	0	2	0	Firmicutes
NZ_CP071729_1862160..1944386	0	0	0	0	1	0	0	0	Firmicutes
NZ_CP071731_1270871..1413033	0	0	0	0	0	16	0	0	Proteobacteria
NZ_CP071747_29868..382681	0	0	0	0	0	1	0	0	Proteobacteria
NZ_CP071753_15854..44587	4	0	0	0	0	0	0	0	Proteobacteria
NZ_CP071754_36115..56280	0	0	0	0	0	1	0	0	Proteobacteria
NZ_CP071759_37446..141875	0	1	0	0	0	16	0	0	Proteobacteria
NZ_CP071761_408176..442468	2	0	0	0	0	0	0	0	Proteobacteria
NZ_CP071796_2699054..2931764	8	0	0	0	0	0	0	0	Proteobacteria
NZ_CP071802_2358293..2390218	7	0	0	0	0	0	0	0	Proteobacteria
NZ_CP071825_2516034..2597906	0	1	0	0	0	16	0	0	Proteobacteria
NZ_CP071870_1674804..1753876	0	0	0	0	1	0	0	0	Actinobacteriota
NZ_CP071870_651632..763997	1	0	0	0	1	0	0	0	Actinobacteriota
NZ_CP071871_963639..1015409	0	0	0	6	6	0	1	0	Firmicutes
NZ_CP071879_2553667..2717254	1	0	0	0	1	0	7	0	Bacteroidota
NZ_CP071880_2550218..2713806	1	0	0	0	1	0	7	0	Bacteroidota
NZ_CP071881_1423129..1429475	0	0	0	0	0	0	1	0	Bacteroidota
NZ_CP071881_4533298..4626762	1	0	0	0	0	0	6	0	Bacteroidota
NZ_CP071881_47693..95022	0	1	0	0	0	0	0	0	Bacteroidota
NZ_CP071881_6944909..7108491	1	0	0	0	0	0	7	0	Bacteroidota
NZ_CP071882_5122777..5145680	0	0	0	0	0	0	1	0	Bacteroidota
NZ_CP071882_7682174..7712976	0	1	0	0	0	0	0	0	Bacteroidota
NZ_CP071899_3168374..3176662	0	0	1	0	0	0	0	0	Proteobacteria
NZ_CP071903_4457560..4551023	1	0	0	0	0	0	6	0	Bacteroidota
NZ_CP071903_9606..18149	0	1	0	0	0	0	0	0	Bacteroidota
NZ_CP071931_2360678..2429249	1	1	0	1	2	0	0	0	Firmicutes
NZ_CP071931_579242..676498	0	0	0	5	1	0	0	0	Firmicutes
NZ_CP071974_2032152..2053372	1	0	0	0	6	0	0	0	Actinobacteriota
NZ_CP072118_3982014..4160175	0	0	0	6	9	0	1	0	Firmicutes_A
NZ_CP072118_814842..1002862	1	0	0	7	1	0	0	0	Firmicutes_A
NZ_CP072181_1984107..2112887	0	0	0	0	1	0	0	0	Firmicutes
NZ_CP072181_586594..607978	0	0	0	0	0	0	1	0	Firmicutes
NZ_CP072197_1471820..1543177	1	0	0	0	0	0	1	0	Firmicutes
NZ_CP072198_1598551..1610067	0	0	0	0	0	0	1	0	Bacteroidota
NZ_CP072198_2993510..3013170	0	0	0	0	0	0	1	0	Bacteroidota
NZ_CP072242_4251957..4405210	1	0	0	0	0	0	12	0	Bacteroidota
NZ_CP072242_4408646..4416684	0	0	0	0	0	0	1	0	Bacteroidota
NZ_CP072242_4819209..4835830	0	0	0	0	0	0	1	0	Bacteroidota
NZ_CP072243_1401825..1414443	0	0	0	0	0	0	1	0	Bacteroidota
NZ_CP072243_22042..110551	1	0	0	0	0	0	11	0	Bacteroidota
NZ_CP072243_4317982..4468730	0	0	0	0	0	0	10	0	Bacteroidota
NZ_CP072254_1643256..1694344	0	0	0	0	0	1	11	0	Bacteroidota
NZ_CP072254_2747969..2865921	0	0	0	0	0	0	11	0	Bacteroidota
NZ_CP072254_3279903..3344712	1	0	0	0	0	0	7	0	Bacteroidota
NZ_CP072254_3493702..3555442	0	0	0	0	0	0	1	0	Bacteroidota
NZ_CP072257_2186363..2255887	0	0	0	0	0	0	11	0	Bacteroidota
NZ_CP072257_2685338..2783348	0	0	0	0	0	0	12	0	Bacteroidota
NZ_CP072257_3145989..3219056	0	0	0	0	0	0	3	0	Bacteroidota
NZ_CP072257_415608..458082	0	0	0	0	0	0	11	0	Bacteroidota
NZ_CP072265_2699833..2839551	0	1	0	0	0	16	0	0	Proteobacteria
NZ_CP072329_613016..690809	0	0	0	6	1	0	0	0	Firmicutes
NZ_CP072334_1109069..1148334	0	0	0	0	0	0	1	0	Bacteroidota
NZ_CP072334_2080925..2095419	0	0	0	0	0	0	1	0	Bacteroidota
NZ_CP072335_1543798..1628543	2	0	0	0	0	0	11	0	Bacteroidota
NZ_CP072335_444907..503026	0	0	0	0	0	0	1	0	Bacteroidota
NZ_CP072347_1091549..1262445	1	0	0	0	0	0	1	0	Bacteroidota
NZ_CP072347_13192..180966	2	0	0	0	0	0	10	0	Bacteroidota
NZ_CP072357_690435..724756	0	0	0	0	0	0	1	0	Bacteroidota
NZ_CP072359_446680..662351	2	0	0	0	0	0	10	0	Bacteroidota
NZ_CP072360_1257309..1360536	2	0	0	0	0	0	10	0	Bacteroidota
NZ_CP072360_1518797..1590853	0	0	0	0	0	0	1	0	Bacteroidota
NZ_CP072361_1174265..1294743	2	0	0	0	0	0	11	0	Bacteroidota
NZ_CP072361_382680..415009	0	0	0	0	0	0	1	0	Bacteroidota
NZ_CP072364_27626..101559	0	0	0	0	0	0	10	0	Bacteroidota
NZ_CP072365_207507..243789	0	0	0	0	0	0	1	0	Bacteroidota
NZ_CP072366_908138..995602	2	0	0	0	0	0	9	0	Bacteroidota
NZ_CP072368_692632..767649	2	0	0	0	0	0	9	0	Bacteroidota
NZ_CP072370_1440244..1472183	0	0	0	0	0	0	1	0	Bacteroidota
NZ_CP072373_593632..756246	2	0	0	0	0	0	11	0	Bacteroidota
NZ_CP072377_225077..412969	3	0	0	0	0	0	0	0	Fusobacteriota
NZ_CP072455_4277126..4359378	0	0	0	0	1	0	0	0	Proteobacteria
NZ_CP072455_583529..682037	0	0	0	0	0	16	0	0	Proteobacteria
NZ_CP072463_4986243..5114580	0	2	0	0	0	0	0	0	Proteobacteria
NZ_CP072494_3132218..3211667	7	0	0	0	0	0	0	0	Proteobacteria
NZ_CP072494_3222402..3291680	7	0	0	0	0	0	0	0	Proteobacteria
NZ_CP072496_763015..832130	1	0	0	0	0	17	0	0	Proteobacteria
NZ_CP072502_1147880..1212375	0	0	0	0	1	0	0	0	Actinobacteriota
NZ_CP072503_2094283..2116108	1	0	0	0	4	0	0	0	Actinobacteriota
NZ_CP072504_1509585..1569672	0	0	0	0	0	0	1	0	Actinobacteriota
NZ_CP072522_1051749..1377923	8	0	0	0	0	0	0	0	Proteobacteria
NZ_CP072579_1210238..1390834	0	0	0	0	1	0	0	0	Firmicutes
NZ_CP072579_2616179..2734464	0	0	0	6	1	0	0	0	Firmicutes
NZ_CP072586_1477377..1546282	0	0	0	4	1	1	0	0	Firmicutes
NZ_CP072586_2398848..2460497	1	0	0	0	0	0	0	0	Firmicutes
NZ_CP072586_2641480..2720876	0	0	0	6	1	0	0	0	Firmicutes
NZ_CP072608_1142374..1177524	8	0	0	0	0	0	0	0	Desulfobacterota_I
NZ_CP072707_1150358..1217634	0	0	0	6	1	0	0	0	Firmicutes
NZ_CP072707_1514887..1564395	0	0	0	6	1	0	0	0	Firmicutes
NZ_CP072707_1997182..2023691	0	1	0	0	0	0	0	0	Firmicutes
NZ_CP072720_1591920..1632185	0	0	0	4	1	0	0	0	Firmicutes
NZ_CP072779_3334614..3493352	0	12	0	0	0	0	0	0	Proteobacteria
NZ_CP072784_480191..563537	0	0	0	0	0	17	0	0	Proteobacteria
NZ_CP072793_1137820..1299409	0	12	0	0	0	0	0	0	Proteobacteria
NZ_CP072800_1620348..1695061	0	12	0	0	1	0	0	0	Proteobacteria
NZ_CP072949_1848449..1911904	7	0	0	0	0	0	0	0	Proteobacteria
NZ_CP072953_4462527..4621214	8	0	0	0	0	0	0	0	Proteobacteria
NZ_CP072961_3696077..3778747	0	0	0	0	1	0	0	0	Proteobacteria
NZ_CP072980_5165450..5182835	0	0	0	0	0	4	0	0	Proteobacteria
NZ_CP072996_1879253..1938769	7	0	0	0	0	0	0	0	Proteobacteria
NZ_CP072996_744204..800345	0	0	0	0	0	16	0	0	Proteobacteria
NZ_CP073011_3838616..3938355	0	0	0	7	1	0	0	0	Firmicutes
NZ_CP073011_439215..509765	0	0	0	7	1	0	0	0	Firmicutes
NZ_CP073084_1303612..1329670	1	0	0	2	2	0	0	0	Firmicutes
NZ_CP073244_3103373..3321319	0	0	0	0	1	0	0	0	Proteobacteria
NZ_CP073283_242624..266733	0	0	0	0	1	0	0	0	Actinobacteriota
NZ_CP073349_1133006..1172319	2	0	0	0	0	0	5	0	Bacteroidota
NZ_CP073577_1326049..1453580	1	12	0	0	0	0	0	0	Proteobacteria
NZ_CP073630_1169658..1311259	0	12	0	0	0	0	0	0	Proteobacteria
NZ_CP073630_2538689..2710030	0	0	0	0	1	0	0	0	Proteobacteria
NZ_CP073631_1396108..1465761	0	0	0	0	6	0	0	0	Firmicutes
NZ_CP073631_2706699..2758467	0	0	0	7	1	0	0	0	Firmicutes
NZ_CP073631_507986..526292	0	0	0	4	0	0	0	0	Firmicutes
NZ_CP073631_782674..868229	0	0	0	0	6	0	2	0	Firmicutes
NZ_CP073636_1508472..1563746	0	1	0	0	0	13	0	0	Proteobacteria
NZ_CP073752_3806493..4008841	3	0	0	0	13	0	0	0	Firmicutes_A
NZ_CP073766_5277783..5291217	0	0	0	0	0	0	1	0	Bacteroidota
NZ_CP073778_741359..1018372	0	0	0	0	1	0	0	0	Actinobacteriota
NZ_CP073910_4107352..4300100	3	11	0	0	0	0	0	0	Proteobacteria
NZ_CP073910_881947..1237633	8	0	0	0	0	0	0	0	Proteobacteria
NZ_CP074104_1774038..1809650	0	0	0	5	0	0	1	0	Firmicutes
NZ_CP074378_2287580..2373112	0	0	0	6	1	0	0	0	Firmicutes
NZ_CP074379_517676..596984	0	0	0	0	3	0	1	0	Firmicutes
NZ_CP074409_3258348..3500806	1	1	0	0	0	15	0	0	Proteobacteria
NZ_CP074410_1570364..1635579	0	1	0	0	0	15	0	0	Proteobacteria
NZ_CP074436_1728731..1743529	0	0	0	0	0	0	1	0	Bacteroidota
NZ_CP074441_561326..626946	0	0	0	3	1	0	0	0	Firmicutes
NZ_CP074676_1463855..1571990	0	1	0	0	0	16	0	0	Proteobacteria
NZ_CP074676_3201317..3363807	8	0	0	0	0	0	0	0	Proteobacteria
NZ_CP074676_3731555..3941099	0	1	0	0	1	15	0	0	Proteobacteria
NZ_CP075169_5211465..5446410	7	0	0	0	0	0	0	0	Proteobacteria
NZ_CP075176_2349241..2467480	0	1	0	0	0	16	0	0	Proteobacteria
NZ_CP075682_4071214..4366408	0	0	0	0	0	0	9	0	Bacteroidota
NZ_CP075683_3630481..3867170	2	0	0	1	0	0	0	0	Firmicutes_A
NZ_CP075872_2118896..2238653	2	0	0	1	2	0	0	0	Firmicutes
NZ_CP075873_2368844..2404405	0	0	0	6	1	0	1	0	Firmicutes
NZ_CP075874_2040730..2116214	0	0	0	6	1	0	1	0	Firmicutes
NZ_CP075889_4631142..4753116	0	0	0	0	6	0	1	0	Firmicutes
NZ_CP076023_1320264..1349773	1	0	0	0	0	0	0	0	Actinobacteriota
NZ_CP076025_94500..147688	0	0	0	4	1	0	0	0	Firmicutes
NZ_CP076026_1866178..1931398	0	0	1	4	1	0	0	0	Firmicutes
NZ_CP076029_2005914..2062217	0	0	0	5	1	0	0	0	Firmicutes
NZ_CP076104_12577..91805	0	0	0	0	1	0	0	0	Actinobacteriota
NZ_CP076357_476990..520390	0	0	7	0	0	0	1	0	Proteobacteria
NZ_CP076386_1597751..1685870	0	1	0	0	0	16	0	0	Proteobacteria
NZ_CP076386_3972575..4030463	7	0	0	0	0	0	0	0	Proteobacteria
NZ_CP076386_4258929..4331205	8	0	0	0	0	0	0	0	Proteobacteria
NZ_CP076457_3384064..3396144	0	0	0	0	1	0	0	0	Actinobacteriota
NZ_CP076517_1189252..1258420	0	0	0	0	13	1	1	0	Firmicutes
NZ_CP076645_792406..876478	0	1	0	0	0	16	0	0	Proteobacteria
NZ_CP076723_1873..182916	1	0	0	0	0	0	1	0	Desulfobacterota
NZ_CP076823_1841590..1892950	0	1	0	5	1	0	0	0	Firmicutes
NZ_CP077224_930315..991747	0	0	0	3	1	0	0	0	Firmicutes
NZ_CP077265_3255641..3325605	0	0	0	0	0	13	0	0	Proteobacteria
NZ_CP077388_723985..930987	2	0	0	0	0	0	1	0	Proteobacteria
NZ_CP077423_1749358..1834453	0	0	0	6	1	0	0	0	Firmicutes
NZ_FO704550_1045412..1120824	0	0	0	0	0	16	0	0	Proteobacteria
NZ_FO704551_2493386..2647892	0	0	0	0	0	16	1	0	Proteobacteria
NZ_FO818637_1109330..1192815	0	0	0	0	0	16	0	0	Proteobacteria
NZ_FO818637_3602571..3709607	0	1	0	0	0	16	0	0	Proteobacteria
NZ_HF545616_1430143..1504962	0	0	0	1	6	0	2	0	Firmicutes_A
NZ_HF545616_1842415..1887850	0	0	0	0	0	0	1	0	Firmicutes_A
NZ_HF545616_1999676..2036821	1	0	0	0	0	0	1	0	Firmicutes_A
NZ_HG004426_1792480..1858789	5	0	0	0	0	0	1	0	Campylobacterota
NZ_HG322950_3709392..3812175	0	1	0	0	0	16	0	0	Proteobacteria
NZ_HG916765_1325321..1394161	0	0	0	0	0	15	0	0	Proteobacteria
NZ_HG916826_2014362..2117823	0	1	0	0	0	16	0	0	Proteobacteria
NZ_HG916826_3655757..3725608	8	0	0	0	0	0	0	0	Proteobacteria
NZ_HG916826_3913774..3995152	0	0	1	0	0	1	0	0	Proteobacteria
NZ_HG939456_1860106..2046547	0	0	0	1	1	0	0	0	Firmicutes
NZ_HG939456_915821..936271	0	0	0	7	1	0	0	0	Firmicutes
NZ_HG999364_3405413..3552426	1	0	0	0	0	0	0	0	Proteobacteria
NZ_LK936443_1439485..1775500	0	0	0	0	0	1	0	0	Proteobacteria
NZ_LN614756_3744470..4059824	2	0	0	7	9	0	0	0	Firmicutes_A
NZ_LN614830_3024433..3088225	6	0	0	0	0	0	0	0	Proteobacteria
NZ_LN649259_1450144..1524274	0	0	0	6	1	0	0	0	Firmicutes
NZ_LN649259_3215576..3287279	0	0	0	6	1	0	0	0	Firmicutes
NZ_LN681227_597760..1090208	1	0	0	0	0	0	0	0	Proteobacteria
NZ_LN847264_3660742..3761463	0	1	0	0	0	15	0	0	Proteobacteria
NZ_LN849456_874337..904369	0	0	0	0	1	0	0	0	Actinobacteriota
NZ_LN879547_2209153..2630338	1	1	0	0	1	15	0	0	Proteobacteria
NZ_LN879547_873968..938228	0	1	0	0	0	13	0	0	Proteobacteria
NZ_LN890476_809382..931140	0	1	0	0	0	16	0	0	Proteobacteria
NZ_LN890477_2779845..2965303	0	1	0	0	0	16	0	0	Proteobacteria
NZ_LN890477_870451..944385	0	1	0	0	0	16	0	0	Proteobacteria
NZ_LN890520_3425636..3519721	0	0	0	0	0	17	0	0	Proteobacteria
NZ_LN908249_1514592..1546341	0	0	0	0	0	16	0	0	Proteobacteria
NZ_LR027382_1281367..1309365	0	0	0	0	0	0	1	0	Bacteroidota
NZ_LR027382_1578024..1597239	0	0	0	0	0	0	2	0	Bacteroidota
NZ_LR027382_2018988..2159417	1	0	0	0	2	0	8	0	Bacteroidota
NZ_LR027382_907561..932632	0	0	0	0	0	1	0	0	Bacteroidota
NZ_LR027557_6146964..6271145	1	1	0	0	0	14	0	0	Proteobacteria
NZ_LR027873_398717..485300	0	0	0	7	1	0	0	0	Firmicutes
NZ_LR027876_374004..476468	0	0	0	7	1	0	0	0	Firmicutes
NZ_LR027880_1529433..1683438	1	0	0	0	3	0	1	0	Firmicutes_A
NZ_LR027880_2220348..2241596	0	0	0	0	6	0	0	0	Firmicutes_A
NZ_LR027880_2318619..2378071	0	0	0	1	0	0	0	0	Firmicutes_A
NZ_LR027880_2779443..2881731	0	0	0	0	2	0	1	0	Firmicutes_A
NZ_LR027880_437392..495976	1	0	0	1	6	0	2	0	Firmicutes_A
NZ_LR027880_81955..159821	0	0	0	7	2	0	0	0	Firmicutes_A
NZ_LR031514_918138..986407	0	0	0	0	0	0	1	0	Firmicutes
NZ_LR129840_959773..1085522	0	0	0	1	4	0	1	0	Firmicutes
NZ_LR130238_1080307..1136618	0	0	0	6	3	0	0	0	Firmicutes
NZ_LR130240_726957..769078	0	0	0	0	1	0	0	0	Firmicutes
NZ_LR130528_2869656..3023445	6	0	0	0	0	0	1	0	Proteobacteria
NZ_LR130531_2433304..2540433	1	0	0	0	0	16	0	0	Proteobacteria
NZ_LR130533_6152207..6600558	8	0	0	0	1	0	1	0	Proteobacteria
NZ_LR130534_2442353..2528671	0	1	0	0	0	16	0	0	Proteobacteria
NZ_LR130539_109429..188608	0	0	0	0	1	0	0	0	Proteobacteria
NZ_LR130564_1965017..2024405	7	0	0	0	0	0	0	0	Proteobacteria
NZ_LR130778_1153499..1441047	1	0	0	0	2	0	2	0	Firmicutes_A
NZ_LR130778_3199749..3446745	0	0	0	0	7	0	0	0	Firmicutes_A
NZ_LR130779_203093..430187	8	0	0	0	0	0	0	0	Proteobacteria
NZ_LR132067_1623653..1663614	0	0	0	6	1	0	0	0	Firmicutes
NZ_LR134002_1100938..1187246	1	0	0	0	6	0	0	0	Firmicutes
NZ_LR134079_822173..922547	0	0	0	0	0	17	0	0	Proteobacteria
NZ_LR134087_73373..134820	0	0	0	0	1	0	0	0	Firmicutes
NZ_LR134091_377117..439933	1	0	0	5	1	0	0	0	Firmicutes
NZ_LR134094_420143..566416	1	0	0	0	8	0	0	0	Firmicutes
NZ_LR134117_28996..266260	0	12	2	0	0	0	0	0	Proteobacteria
NZ_LR134152_2177494..2509689	0	0	0	0	2	0	1	0	Proteobacteria
NZ_LR134164_536677..597914	0	0	0	0	0	13	0	0	Proteobacteria
NZ_LR134171_592247..647228	0	0	0	0	0	16	0	0	Proteobacteria
NZ_LR134173_395338..556481	8	0	0	0	0	0	0	0	Proteobacteria
NZ_LR134189_3031838..3070129	0	0	0	0	1	0	0	0	Proteobacteria
NZ_LR134203_495277..575484	0	0	0	0	1	0	0	0	Firmicutes
NZ_LR134203_90829..165679	0	0	0	6	1	0	0	0	Firmicutes
NZ_LR134234_2311308..2392752	0	0	0	0	0	17	0	0	Proteobacteria
NZ_LR134235_4425411..4497859	7	0	0	0	0	0	0	0	Proteobacteria
NZ_LR134265_497667..567565	0	0	0	1	1	0	1	0	Firmicutes
NZ_LR134270_441712..525817	0	0	0	0	0	17	0	0	Proteobacteria
NZ_LR134274_103046..139398	0	0	0	2	2	0	0	0	Firmicutes
NZ_LR134280_4746692..4801282	0	0	0	0	0	16	0	0	Proteobacteria
NZ_LR134283_265676..303244	0	0	0	0	1	0	0	0	Firmicutes
NZ_LR134283_55952..129689	1	0	0	0	7	0	0	0	Firmicutes
NZ_LR134288_1073105..1162569	1	0	0	0	10	0	0	0	Firmicutes
NZ_LR134288_1460421..1546772	0	0	0	4	1	0	0	0	Firmicutes
NZ_LR134289_1407134..1470986	0	0	0	0	1	0	10	0	Bacteroidota
NZ_LR134289_2139159..2550234	1	0	1	0	1	0	6	0	Bacteroidota
NZ_LR134289_5264555..5284020	0	0	0	0	0	0	9	0	Bacteroidota
NZ_LR134294_470175..592032	0	0	0	0	0	0	1	0	Firmicutes
NZ_LR134300_1175808..1272762	0	1	0	0	0	16	0	0	Proteobacteria
NZ_LR134300_3471634..3610133	1	0	0	0	0	16	0	0	Proteobacteria
NZ_LR134302_2024341..2103608	7	1	0	0	0	0	0	0	Proteobacteria
NZ_LR134303_3260949..3498649	0	12	0	0	0	0	0	0	Proteobacteria
NZ_LR134308_6711780..6747961	0	0	0	0	0	15	0	0	Proteobacteria
NZ_LR134308_718512..821839	0	0	0	0	0	16	0	0	Proteobacteria
NZ_LR134309_3892230..4093151	8	0	0	0	0	0	1	0	Proteobacteria
NZ_LR134309_5017571..5153034	0	1	0	0	0	16	0	0	Proteobacteria
NZ_LR134312_1876692..1930704	0	0	0	6	1	0	1	0	Firmicutes
NZ_LR134316_1563420..1611895	1	0	0	0	9	0	0	0	Firmicutes
NZ_LR134317_1107171..1229079	0	0	0	0	11	0	0	0	Firmicutes
NZ_LR134317_33430..75885	1	0	0	0	5	0	0	0	Firmicutes
NZ_LR134323_613033..688303	1	0	0	0	0	0	0	0	Firmicutes
NZ_LR134323_767649..808567	2	0	1	0	2	0	0	0	Firmicutes
NZ_LR134330_1566494..1706423	8	0	0	0	0	0	0	0	Proteobacteria
NZ_LR134330_4216815..4300786	0	1	0	0	0	16	0	0	Proteobacteria
NZ_LR134333_5673361..5722057	0	0	0	0	0	16	0	0	Proteobacteria
NZ_LR134341_40951..100059	0	0	0	0	5	0	0	0	Firmicutes
NZ_LR134341_579516..622376	0	0	0	6	8	0	0	0	Firmicutes
NZ_LR134346_1176229..1220356	8	0	0	0	0	0	0	0	Proteobacteria
NZ_LR134350_2914018..2937353	1	0	0	0	1	0	0	0	Actinobacteriota
NZ_LR134351_916449..1067630	0	0	0	5	1	0	0	0	Firmicutes
NZ_LR134357_1811982..1843994	0	0	0	0	1	0	0	0	Actinobacteriota
NZ_LR134374_1765447..1827296	8	0	0	0	0	0	0	0	Proteobacteria
NZ_LR134374_262556..296903	8	0	0	0	0	0	0	0	Proteobacteria
NZ_LR134383_511621..562743	8	0	0	0	0	0	0	0	Proteobacteria
NZ_LR134384_1294631..1421652	2	0	0	0	0	0	9	0	Bacteroidota
NZ_LR134384_1447446..1496265	2	0	0	0	0	0	11	0	Bacteroidota
NZ_LR134384_2489691..2504668	0	0	0	0	0	0	1	0	Bacteroidota
NZ_LR134386_3775750..4016715	0	0	0	0	0	0	9	0	Bacteroidota
NZ_LR134388_3325979..3396208	8	0	0	0	0	0	0	0	Proteobacteria
NZ_LR134472_731263..859549	1	0	0	0	12	0	0	0	Firmicutes_A
NZ_LR134474_2394443..2470431	0	0	0	0	0	0	1	0	Firmicutes
NZ_LR134477_3171227..3207103	0	0	0	0	1	0	0	0	Actinobacteriota
NZ_LR134483_2277910..2285789	0	0	0	1	0	0	0	0	Firmicutes
NZ_LR134495_1560548..1627007	0	0	0	0	0	16	0	0	Proteobacteria
NZ_LR134506_2002173..2035364	0	0	0	0	0	0	11	0	Bacteroidota
NZ_LR134510_873176..919390	0	0	0	0	0	16	0	0	Proteobacteria
NZ_LR134524_68037..97749	0	0	0	6	1	0	0	0	Firmicutes_A
NZ_LR135170_2030501..2090132	0	1	0	0	0	0	0	0	Firmicutes
NZ_LR135174_1760617..1819982	0	0	0	6	3	0	0	0	Firmicutes
NZ_LR135191_1232385..1273378	1	0	0	7	2	0	0	0	Firmicutes
NZ_LR135191_1667802..1810239	0	0	0	7	1	0	2	0	Firmicutes
NZ_LR135191_2485075..2542697	0	0	0	6	1	0	0	0	Firmicutes
NZ_LR135197_257822..337971	0	0	0	6	1	0	0	0	Firmicutes
NZ_LR135197_693314..747627	0	0	0	0	1	0	0	0	Firmicutes
NZ_LR135243_28998..108948	0	0	0	7	1	0	0	0	Firmicutes
NZ_LR135254_2359704..2410150	1	0	0	0	0	0	0	0	Firmicutes
NZ_LR135258_1972004..2051468	0	0	0	7	2	0	0	0	Firmicutes
NZ_LR135297_2752467..2857245	0	0	0	6	1	0	0	0	Firmicutes
NZ_LR135307_1506373..1552676	0	0	0	1	0	0	0	0	Firmicutes
NZ_LR135307_1923908..1984599	0	0	0	7	3	0	0	0	Firmicutes
NZ_LR135307_30736..166599	0	0	0	7	1	0	0	0	Firmicutes
NZ_LR135324_2655816..2719268	0	0	0	6	1	0	0	0	Firmicutes
NZ_LR135324_507451..620979	1	0	0	1	9	0	0	0	Firmicutes
NZ_LR135331_580470..684240	0	0	0	6	1	0	0	0	Firmicutes
NZ_LR135344_2834069..2942272	0	0	0	6	1	0	0	0	Firmicutes
NZ_LR135344_693802..724075	0	1	0	0	0	0	0	0	Firmicutes
NZ_LR135351_1084456..1158530	0	0	0	7	1	0	0	0	Firmicutes
NZ_LR135351_1478566..1523155	0	0	0	1	0	0	0	0	Firmicutes
NZ_LR135351_2725084..2792572	0	0	0	6	1	0	0	0	Firmicutes
NZ_LR135357_2230679..2252777	0	0	0	2	1	0	0	0	Firmicutes
NZ_LR135357_2478297..2573562	0	0	0	0	0	0	1	0	Firmicutes
NZ_LR135364_2653233..2761435	0	0	0	6	1	0	0	0	Firmicutes
NZ_LR135372_227063..302541	0	0	0	6	1	0	0	0	Firmicutes
NZ_LR135394_1417115..1464637	0	0	0	1	0	0	0	0	Firmicutes
NZ_LR135394_1467769..1550380	0	0	0	5	1	1	0	0	Firmicutes
NZ_LR135394_1830766..1891622	0	0	0	6	3	0	0	0	Firmicutes
NZ_LR135394_2760657..2822751	0	0	0	6	1	0	0	0	Firmicutes
NZ_LR135435_719163..789839	0	0	0	7	2	0	0	0	Firmicutes
NZ_LR135488_2846344..2932094	0	0	0	6	1	0	0	0	Firmicutes
NZ_LR215967_1383051..1564531	0	0	0	0	0	0	7	0	Bacteroidota
NZ_LR215967_4359359..4415754	1	0	0	0	0	0	3	0	Bacteroidota
NZ_LR215967_4543987..4662891	1	0	0	0	1	0	5	0	Bacteroidota
NZ_LR215974_2254857..2413318	0	0	0	0	1	0	10	0	Bacteroidota
NZ_LR215974_3137917..3276410	1	0	0	0	1	0	5	0	Bacteroidota
NZ_LR215978_2372851..2384801	0	0	0	0	0	0	1	0	Bacteroidota
NZ_LR215978_2663526..2784981	0	0	0	0	0	0	10	0	Bacteroidota
NZ_LR215978_4664751..4767660	1	0	0	0	0	0	11	0	Bacteroidota
NZ_LR215978_5122255..5131901	0	0	0	0	0	0	1	0	Bacteroidota
NZ_LR215981_2643434..2874132	0	0	0	0	1	0	1	0	Firmicutes_A
NZ_LR215983_1705889..1819005	0	0	0	0	1	0	0	0	Firmicutes_A
NZ_LR216050_882252..926102	0	0	0	6	8	0	1	0	Firmicutes
NZ_LR216060_1267486..1350939	0	0	0	6	14	0	2	0	Firmicutes
NZ_LR216060_959060..1093983	0	0	0	0	0	0	1	0	Firmicutes
NZ_LR536431_2349128..2644866	0	2	0	0	1	0	0	0	Proteobacteria
NZ_LR536450_2970822..3088094	8	0	0	0	0	0	0	0	Proteobacteria
NZ_LR590082_4002051..4134981	0	0	0	0	0	17	0	0	Proteobacteria
NZ_LR590469_2498372..2527367	0	0	0	0	0	1	0	0	Proteobacteria
NZ_LR590470_1430246..1479720	0	0	0	0	0	0	1	0	Bacteroidota
NZ_LR590482_929431..979119	0	1	0	0	0	13	0	0	Proteobacteria
NZ_LR590484_3793119..3943768	0	0	0	0	0	0	10	0	Bacteroidota
NZ_LR590484_4426986..4654111	0	0	0	0	0	0	10	0	Bacteroidota
NZ_LR590625_1803075..1862132	1	0	1	0	2	0	0	0	Firmicutes
NZ_LR590625_816050..882740	1	0	0	0	13	0	0	0	Firmicutes
NZ_LR594037_1004536..1069342	1	0	0	2	3	0	0	0	Firmicutes
NZ_LR594037_1437060..1544213	0	0	0	4	2	0	0	0	Firmicutes
NZ_LR594044_10615..93394	0	0	0	0	1	0	0	0	Firmicutes
NZ_LR594045_899159..963460	0	0	0	0	14	0	1	0	Firmicutes
NZ_LR594047_491726..529877	1	0	0	0	8	0	0	0	Firmicutes
NZ_LR594048_1344767..1411151	1	0	0	0	9	0	0	0	Firmicutes
NZ_LR594050_664292..722784	0	0	0	6	1	0	0	0	Firmicutes
NZ_LR594659_4183590..4308971	8	0	0	0	0	0	1	0	Proteobacteria
NZ_LR594666_4966849..5120162	8	0	0	0	0	0	1	0	Proteobacteria
NZ_LR594671_4957328..5026798	8	0	0	0	0	0	1	0	Proteobacteria
NZ_LR594689_1897058..2026545	8	0	0	0	0	0	1	0	Proteobacteria
NZ_LR594689_2162859..2248142	0	0	0	0	1	0	0	0	Proteobacteria
NZ_LR594689_2461315..2516228	8	0	0	0	0	0	1	0	Proteobacteria
NZ_LR594689_4339365..4390226	0	1	0	0	0	16	0	0	Proteobacteria
NZ_LR595855_1895797..1940204	7	0	0	0	0	0	0	0	Proteobacteria
NZ_LR595857_1516110..1531876	0	0	0	0	2	0	0	0	Firmicutes
NZ_LR632928_4289388..4568119	0	0	0	1	0	0	7	0	Bacteroidota
NZ_LR657304_2318546..2387886	0	1	0	0	0	16	0	0	Proteobacteria
NZ_LR698844_379266..479894	1	0	0	0	9	0	0	0	Firmicutes
NZ_LR698955_1673860..1699763	0	0	0	0	0	0	1	0	Fusobacteriota
NZ_LR698961_1868293..1924769	2	0	0	0	0	0	0	0	Campylobacterota
NZ_LR698991_1540855..1581153	1	0	0	0	0	0	0	0	Actinobacteriota
NZ_LR698991_939728..1011299	1	0	0	0	6	0	0	0	Actinobacteriota
NZ_LR698997_822480..1000163	1	0	0	0	3	0	0	0	Actinobacteriota
NZ_LR699004_1638565..1759733	1	0	0	0	0	0	12	0	Bacteroidota
NZ_LR699004_3306832..3502661	0	0	0	0	1	0	11	0	Bacteroidota
NZ_LR699009_4354307..4396950	7	0	0	0	0	0	0	0	Proteobacteria
NZ_LR699010_999500..1150023	0	1	0	0	0	0	0	0	Firmicutes_A
NZ_LR699012_2958934..3031389	0	0	0	6	1	0	1	0	Firmicutes_A
NZ_LR699017_2190766..2201178	0	0	0	0	0	0	1	0	Firmicutes_A
NZ_LR699017_2687721..2782470	1	0	0	1	7	0	1	0	Firmicutes_A
NZ_LR699017_723771..741355	1	0	0	0	2	0	1	0	Firmicutes_A
NZ_LR735421_1010803..1049215	0	0	0	0	1	0	0	0	Firmicutes
NZ_LR738720_659972..772867	0	0	0	0	14	0	1	0	Firmicutes
NZ_LR738722_759921..814840	0	0	0	0	3	0	1	0	Firmicutes
NZ_LR738723_1069190..1094970	0	0	0	0	3	0	1	0	Firmicutes
NZ_LR738723_562557..594719	0	0	0	0	6	0	1	0	Firmicutes
NZ_LR738849_3185964..3266109	0	0	9	0	0	0	0	0	Desulfobacterota_I
NZ_LR739068_5336104..5439401	0	0	0	0	0	16	0	0	Proteobacteria
NZ_LR739069_4081179..4295309	8	0	0	0	0	0	0	0	Proteobacteria
NZ_LR740776_1968294..2019096	0	0	1	0	0	0	0	0	Proteobacteria
NZ_LR778142_2376683..2432575	0	0	1	0	0	0	0	0	Proteobacteria
NZ_LR778146_689147..729160	0	0	1	0	0	0	0	0	Proteobacteria
NZ_LR778301_1869422..2250197	2	12	0	0	1	0	0	0	Proteobacteria
NZ_LR782232_1489268..1660079	2	0	0	0	0	0	0	0	Proteobacteria
NZ_LR822017_632140..711282	0	0	0	4	0	0	0	0	Firmicutes
NZ_LR822020_1207582..1290778	0	0	0	4	0	0	0	0	Firmicutes
NZ_LR822025_1792957..1832365	1	0	0	0	7	0	0	0	Firmicutes
NZ_LR822026_1564674..1589560	0	0	0	2	1	0	0	0	Firmicutes
NZ_LR822026_1800933..1834483	1	0	0	0	7	0	0	0	Firmicutes
NZ_LR822027_1730014..1764371	1	0	0	0	8	0	0	0	Firmicutes
NZ_LR822027_682781..752155	0	0	0	3	0	0	0	0	Firmicutes
NZ_LR822030_1757480..1785567	0	0	0	2	1	0	0	0	Firmicutes
NZ_LR824569_4299670..4485200	0	0	0	0	0	0	9	0	Bacteroidota
NZ_LR861807_2559012..2671827	1	1	0	0	0	16	0	0	Proteobacteria
NZ_LR880474_2552955..2603773	0	0	0	0	1	0	0	0	Actinobacteriota
NZ_LR890184_4467467..4543616	0	0	0	0	0	13	0	0	Proteobacteria
NZ_LR890245_1762263..1820461	7	0	0	0	0	0	0	0	Proteobacteria
NZ_LR890381_4827839..5022718	0	12	0	0	1	0	0	0	Proteobacteria
NZ_LR890395_739355..795635	0	0	0	0	0	16	0	0	Proteobacteria
NZ_LR890422_1800960..1859158	7	0	0	0	0	0	0	0	Proteobacteria
NZ_LR890457_779454..835572	0	0	0	0	0	16	0	0	Proteobacteria
NZ_LR890464_1654438..1849223	7	0	0	0	0	0	0	0	Proteobacteria
NZ_LR890515_1712154..1804497	7	0	0	0	0	0	0	0	Proteobacteria
NZ_LR890547_1768073..1826033	7	0	0	0	0	0	0	0	Proteobacteria
NZ_LR890600_724421..829395	0	0	0	0	0	17	0	0	Proteobacteria
NZ_LR890657_648994..789351	8	0	0	0	0	0	0	0	Proteobacteria
NZ_LR890665_3008905..3326934	0	0	0	0	1	0	0	0	Proteobacteria
NZ_LR898867_1219190..1361273	8	0	0	0	1	0	0	0	Proteobacteria
NZ_LR898867_2341459..2448900	0	1	0	0	0	16	0	0	Proteobacteria
NZ_LR898867_5227934..5331597	0	1	0	0	0	16	0	0	Proteobacteria
NZ_LR990736_1324864..1451415	1	1	0	0	0	16	0	0	Proteobacteria
NZ_LR994655_330518..397985	0	0	0	0	0	17	0	0	Proteobacteria
NZ_LS398547_1507566..1648087	0	10	0	0	0	0	0	0	Proteobacteria
NZ_LS398548_472040..552726	1	11	0	0	0	0	0	0	Proteobacteria
NZ_LS398548_683754..730752	0	3	0	0	0	0	1	0	Proteobacteria
NZ_LS398548_946297..1018815	0	10	0	0	0	0	1	0	Proteobacteria
NZ_LS398550_1127818..1246111	0	11	0	0	0	0	1	0	Proteobacteria
NZ_LS398550_1253623..1438487	0	10	0	0	0	0	1	0	Proteobacteria
NZ_LS398550_1709736..1735831	0	10	0	0	0	0	1	0	Proteobacteria
NZ_LS398550_1934341..1977070	0	1	0	0	0	0	0	0	Proteobacteria
NZ_LS398550_1999694..2089744	0	11	0	0	0	0	1	0	Proteobacteria
NZ_LS398550_212081..270926	0	7	0	0	0	0	0	0	Proteobacteria
NZ_LS398550_404426..573619	1	10	0	0	0	0	1	0	Proteobacteria
NZ_LS398550_905527..943537	0	2	0	0	0	0	1	0	Proteobacteria
NZ_LS398551_1861075..1944485	0	11	0	0	0	0	1	0	Proteobacteria
NZ_LS398551_2179465..2258863	0	11	0	0	0	0	1	0	Proteobacteria
NZ_LS398551_2340877..2420138	0	11	0	0	0	0	1	0	Proteobacteria
NZ_LS398551_4406..121417	2	5	0	0	0	0	1	0	Proteobacteria
NZ_LS398551_459904..487065	0	9	0	0	0	0	1	0	Proteobacteria
NZ_LS398551_678357..779975	0	11	0	0	0	0	1	0	Proteobacteria
NZ_LS398552_161315..205551	0	7	0	0	0	0	0	0	Proteobacteria
NZ_LS398552_1658712..1751692	0	3	0	0	0	0	0	0	Proteobacteria
NZ_LS398552_475306..698580	0	9	0	0	0	0	1	0	Proteobacteria
NZ_LS483306_1711338..1821686	1	0	0	0	5	0	0	0	Firmicutes
NZ_LS483309_413718..516528	0	0	0	7	1	0	0	0	Firmicutes
NZ_LS483319_2028382..2159369	1	0	0	6	1	0	0	0	Firmicutes
NZ_LS483319_389135..466365	1	0	0	5	1	0	0	0	Firmicutes
NZ_LS483325_1072948..1135563	1	0	0	0	8	0	0	0	Firmicutes
NZ_LS483327_846992..920914	0	0	0	7	1	0	0	0	Firmicutes
NZ_LS483328_734449..801487	1	0	0	0	8	0	0	0	Firmicutes
NZ_LS483331_1096061..1124997	0	0	0	0	3	0	0	0	Firmicutes
NZ_LS483334_1814265..1843660	0	0	0	6	1	0	0	0	Firmicutes
NZ_LS483341_1233683..1289343	0	0	0	3	1	0	0	0	Firmicutes
NZ_LS483342_1614413..1655879	0	0	0	6	1	0	0	0	Firmicutes
NZ_LS483348_1011510..1073488	0	0	0	2	0	0	0	0	Firmicutes
NZ_LS483361_1271149..1299552	1	0	0	0	9	0	0	0	Firmicutes
NZ_LS483367_544734..594144	1	0	0	0	7	0	0	0	Firmicutes
NZ_LS483372_949908..1043102	0	1	0	0	0	15	0	0	Proteobacteria
NZ_LS483383_1070308..1191939	1	0	0	6	14	0	2	0	Firmicutes
NZ_LS483388_669183..700316	0	0	0	0	4	0	1	0	Firmicutes
NZ_LS483395_3645732..3865725	2	0	0	0	0	0	1	0	Proteobacteria
NZ_LS483396_1065722..1121693	0	0	0	0	1	0	0	0	Actinobacteriota
NZ_LS483407_1535322..1580824	0	0	0	6	1	0	0	0	Firmicutes
NZ_LS483414_1170647..1248589	0	0	0	6	1	0	0	0	Firmicutes
NZ_LS483417_932804..1125123	0	0	0	0	1	0	1	0	Firmicutes
NZ_LS483422_2151102..2433385	0	0	0	0	1	0	0	0	Proteobacteria
NZ_LS483436_859196..900063	2	0	0	0	3	0	0	0	Firmicutes
NZ_LS483444_86538..148859	0	0	0	3	1	0	1	0	Firmicutes
NZ_LS483447_1381080..1405090	0	0	0	0	0	0	1	0	Bacteroidota
NZ_LS483447_1889584..1996457	2	0	0	0	0	0	11	0	Bacteroidota
NZ_LS483447_7443..34110	0	0	0	0	0	0	1	0	Bacteroidota
NZ_LS483449_950202..1142387	0	0	0	0	1	0	1	0	Firmicutes
NZ_LS483450_1020982..1110519	0	0	0	6	5	0	1	0	Firmicutes
NZ_LS483461_2591055..2665939	0	0	0	7	3	0	0	0	Firmicutes_A
NZ_LS483471_387241..446186	1	0	0	0	0	0	0	0	Firmicutes
NZ_LS483471_944560..1075581	0	0	0	0	6	0	1	0	Firmicutes
NZ_LS974202_2318172..2404262	1	0	0	0	0	0	0	0	Thermotogota
NZ_LS998783_4290240..4481987	8	0	0	0	0	0	0	0	Proteobacteria
NZ_LS998783_5820251..5904145	0	0	0	0	0	16	0	0	Proteobacteria
NZ_LS998783_6059868..6077500	0	0	1	0	0	0	0	0	Proteobacteria
NZ_LT009690_439900..471035	1	0	0	5	1	0	0	0	Firmicutes
NZ_LT222319_698801..743136	0	0	0	0	0	8	0	0	Proteobacteria
NZ_LT556084_4734607..4876115	0	0	0	0	0	17	0	0	Proteobacteria
NZ_LT556085_2033096..2153289	0	0	0	0	0	17	0	0	Proteobacteria
NZ_LT576034_2560837..2602024	1	0	0	0	1	0	0	0	Actinobacteriota
NZ_LT598663_2749615..2815450	0	0	0	6	1	0	0	0	Firmicutes
NZ_LT598663_579245..678023	0	0	0	5	1	0	0	0	Firmicutes
NZ_LT599049_311224..420512	0	0	0	2	0	0	1	0	Firmicutes
NZ_LT604072_2209170..2284141	1	1	0	0	0	16	0	0	Proteobacteria
NZ_LT608328_160361..192788	0	0	0	0	0	0	1	0	Bacteroidota
NZ_LT608330_2680011..2913750	6	0	0	0	0	0	1	0	Proteobacteria
NZ_LT608330_5254562..5362559	1	0	0	0	0	16	0	0	Proteobacteria
NZ_LT630450_2623875..2665627	0	0	9	0	1	0	0	0	Desulfobacterota_I
NZ_LT632614_2714830..2801183	8	0	0	0	0	0	0	0	Proteobacteria
NZ_LT632615_2265351..2389127	6	0	0	0	0	12	0	0	Proteobacteria
NZ_LT635479_16940..27768	0	0	0	0	1	0	0	0	Firmicutes_A
NZ_LT635479_2958100..3091887	1	0	0	2	1	0	0	0	Firmicutes_A
NZ_LT635479_3195907..3281819	0	0	0	0	0	0	1	0	Firmicutes_A
NZ_LT635479_567579..613624	0	0	0	1	5	0	0	0	Firmicutes_A
NZ_LT635480_1433221..1455190	1	0	0	0	7	0	0	0	Firmicutes_A
NZ_LT635772_1557258..1604275	0	0	0	0	1	0	0	0	Firmicutes_A
NZ_LT635772_1678884..1735411	0	0	0	6	4	0	0	0	Firmicutes_A
NZ_LT635772_500483..583463	1	0	0	1	8	0	0	0	Firmicutes_A
NZ_LT853882_1776928..1816081	7	0	0	0	0	0	0	0	Proteobacteria
NZ_LT854705_1028248..1130255	0	0	0	0	1	0	0	0	Firmicutes
NZ_LT859959_284497..323900	4	0	0	0	0	0	0	0	Proteobacteria
NZ_LT859959_6562564..6649722	3	0	0	0	1	0	1	0	Proteobacteria
NZ_LT883143_1258178..1498894	8	0	0	0	1	0	1	0	Proteobacteria
NZ_LT883143_2412722..2517692	0	1	0	0	0	16	0	0	Proteobacteria
NZ_LT883143_2815654..2930851	8	0	0	0	0	0	1	0	Proteobacteria
NZ_LT883143_4806451..4980543	8	0	0	0	0	0	1	0	Proteobacteria
NZ_LT883143_5037303..5213058	0	1	0	0	0	16	0	0	Proteobacteria
NZ_LT883143_5560958..5686548	1	0	0	0	1	16	0	0	Proteobacteria
NZ_LT897797_2496500..2524229	1	0	0	0	0	0	0	0	Proteobacteria
NZ_LT904854_4129534..4262378	0	0	0	0	0	17	0	0	Proteobacteria
NZ_LT904867_462877..725752	0	0	0	0	0	17	0	0	Proteobacteria
NZ_LT904868_4176636..4309448	0	0	0	0	0	17	0	0	Proteobacteria
NZ_LT904870_4266409..4399325	0	0	0	0	0	17	0	0	Proteobacteria
NZ_LT904872_683361..944926	0	0	0	0	0	17	0	0	Proteobacteria
NZ_LT904876_4166610..4299526	0	0	0	0	0	17	0	0	Proteobacteria
NZ_LT904882_4119055..4243833	0	0	0	0	0	12	0	0	Proteobacteria
NZ_LT904883_596006..861278	0	0	0	0	0	17	0	0	Proteobacteria
NZ_LT904884_4134407..4267219	0	0	0	0	0	17	0	0	Proteobacteria
NZ_LT904886_708414..972629	0	0	0	0	0	17	0	0	Proteobacteria
NZ_LT904890_4114848..4247794	0	0	0	0	0	17	0	0	Proteobacteria
NZ_LT904891_2874832..3140104	0	0	0	0	0	17	0	0	Proteobacteria
NZ_LT905063_4127389..4260302	0	0	0	0	0	17	0	0	Proteobacteria
NZ_LT905064_4099044..4231944	0	0	0	0	0	17	0	0	Proteobacteria
NZ_LT905139_4116027..4248929	0	0	0	0	0	17	0	0	Proteobacteria
NZ_LT905140_707991..973243	0	0	0	0	0	17	0	0	Proteobacteria
NZ_LT905142_1805258..1935569	0	0	0	0	0	17	0	0	Proteobacteria
NZ_LT906442_2766469..2900080	8	0	0	0	0	0	1	0	Proteobacteria
NZ_LT906442_733502..857333	8	0	8	0	1	0	0	0	Proteobacteria
NZ_LT906452_2225526..2367980	8	0	0	1	0	14	0	0	Proteobacteria
NZ_LT906454_1316852..1418555	0	0	0	0	13	0	0	0	Firmicutes
NZ_LT906457_2703146..2774770	8	0	0	0	0	0	0	0	Proteobacteria
NZ_LT906457_2951021..2997759	8	0	0	0	0	0	0	0	Proteobacteria
NZ_LT906457_79896..326704	8	0	1	0	0	0	0	0	Proteobacteria
NZ_LT906465_392126..408333	0	0	0	0	0	0	1	0	Bacteroidota
NZ_LT906468_1758534..2135419	1	0	0	0	0	0	5	0	Bacteroidota
NZ_LT906468_177223..406595	2	0	0	0	1	0	6	0	Bacteroidota
NZ_LT906479_371072..469538	0	0	0	0	0	17	0	0	Proteobacteria
NZ_LT907978_1682025..1734151	1	0	0	0	7	0	1	0	Firmicutes_A
NZ_LT907978_2110860..2216358	0	0	0	0	2	0	0	0	Firmicutes_A
NZ_LT907978_481330..577874	0	0	0	0	0	0	1	0	Firmicutes_A
NZ_LT907988_1381010..1466734	8	0	0	0	0	0	0	0	Proteobacteria
NZ_LT963391_1050946..1102190	0	0	0	0	0	16	0	0	Proteobacteria
NZ_LT963408_1953698..2014654	0	1	0	0	0	11	0	0	Proteobacteria
NZ_LT963409_5031478..5065867	0	1	0	0	0	13	0	0	Proteobacteria
NZ_LT969520_2269274..2336781	8	0	0	0	0	0	1	0	Proteobacteria
NZ_LT969520_5616956..5750608	0	0	0	0	0	16	0	0	Proteobacteria
NZ_LT985192_1803204..1837264	0	1	0	0	0	15	0	0	Proteobacteria
NZ_LT985192_934142..984536	0	1	0	0	0	16	0	0	Proteobacteria
NZ_LT990039_1074200..1111084	0	0	0	0	1	0	1	0	Firmicutes_A
NZ_LT992460_140578..228056	1	0	0	5	2	0	0	0	Firmicutes
NZ_LT992460_2782697..2839214	0	0	0	6	1	0	0	0	Firmicutes
NZ_LT992471_2906290..2921073	1	0	0	4	1	0	0	0	Firmicutes
NZ_OU015319_487540..660738	1	0	0	0	1	0	5	0	Bacteroidota
NZ_OU015319_952708..1168529	0	0	0	0	1	0	11	0	Bacteroidota
