accession	slot_family	slot_status	gap_up	gap_down	anchor_gap_median	n_anchor_gaps
AB244976.1		candidate	40	2	1	8
AFSD01000008.1		candidate	-4	-7	20	2
AJ297913.2	Eex_IncN	eex_occupied	11	102	5	6
AJ304453.1		candidate	14	67	7	6
AJ639924.1	TrbK_RP4	eex_occupied	9	10	13	6
AJ863570.1	TrbK_RP4	eex_occupied	9	10	16	6
AM157767.1	TrbK_RP4	eex_occupied	11	7	11	6
AM261282.1	TrbK_RP4	eex_occupied	9	-4	13	6
AP012552.1	Eex_IncN	eex_occupied	10	13	12	3
AP014659.1		candidate	-4	16	-4	5
AP014688.1		candidate	-4	15	-8	4
AP017969.1		candidate	1	-20	10	6
AP017970.1		candidate	3	-20	10	6
AP018566.2	Eex_IncN	eex_occupied	7	15	17	7
AP018571.2	Eex_IncN	eex_occupied	9	11	9	6
AP018705.1	Eex_IncN	eex_occupied	12	9	9	6
AP018706.1	Eex_IncN	eex_occupied	12	9	9	6
AP018707.1	Eex_IncN	eex_occupied	11	113	9	8
AP018708.1	Eex_IncN	eex_occupied	11	113	9	8
AP018709.1	TrbK_RP4	eex_occupied	10	9	16	6
AP018710.1		candidate	3	0	-1	5
AP019683.1		candidate	6	564	25	8
AP019756.1		candidate	11	-4	-4	6
AP022275.1	Eex_IncN	eex_occupied	17	11	9	6
AP022422.1	Eex_IncN	eex_occupied	7	15	17	6
AP025950.1		candidate	-11	-4	0	6
AP025952.1		candidate	-4	-11	0	6
AP025954.1		candidate	-11	-4	0	6
AP025956.1		candidate	-11	-4	0	6
AP025958.1		candidate	-4	-11	0	5
AP025960.1		candidate	-11	3	3	6
AP025964.1		candidate	-41	-4	0	5
AP025967.1		candidate	-11	-4	0	6
AP025969.1		candidate	-4	-11	0	6
AP025971.1		candidate	-4	-11	0	6
AP025975.1		candidate	3	-11	3	6
AP025978.1		candidate	-4	-11	0	6
AP025980.1		candidate	-4	-11	0	6
AP025982.1		candidate	-4	-11	-4	5
AP025984.1		candidate	-11	3	3	6
AP025986.1		candidate	-11	-4	-4	5
AP025988.1		candidate	-11	-4	0	6
AP025989.1		candidate	30	114	-1	2
AP025991.1		candidate	-4	-11	0	6
AP025993.1		candidate	3	-11	3	5
AP025997.1		candidate	-11	-4	0	6
AP025998.1		candidate	81	30	-1	2
AP026000.1		candidate	-4	-11	0	6
AP026002.1		candidate	49	28	18	4
AP026006.1		candidate	-11	-4	0	6
AP026008.1		candidate	-11	-4	0	6
AP026010.1		candidate	-11	3	3	6
AP026012.1		candidate	-11	3	3	6
AP026015.1		candidate	-4	-11	0	6
AP026450.1	Eex_IncN	eex_occupied	7	15	17	6
AP026458.1	Eex_IncN	eex_occupied	7	15	17	6
AP026466.1	Eex_IncN	eex_occupied	252	8	5	4
AP026467.1	Eex_IncN	eex_occupied	7	15	17	6
AP026474.1	Eex_IncN	eex_occupied	7	15	17	6
AP026478.1	Eex_IncN	eex_occupied	7	15	17	6
AP026481.1	Eex_IncN	eex_occupied	7	15	17	6
AP026485.1	Eex_IncN	eex_occupied	7	15	17	6
AP026490.1	Eex_IncN	eex_occupied	9	0	4	8
AP026491.1	Eex_IncN	eex_occupied	7	15	17	6
AP026498.1	Eex_IncN	eex_occupied	254	8	5	4
AP026499.1	Eex_IncN	eex_occupied	7	15	17	6
AP026506.1	Eex_IncN	eex_occupied	7	15	17	6
AP026509.1	Eex_IncN	eex_occupied	7	15	17	6
AP026512.1	Eex_IncN	eex_occupied	7	15	17	6
AP026516.1	Eex_IncN	eex_occupied	7	15	17	6
AP026522.1	Eex_IncN	eex_occupied	7	15	10	5
AP026533.1	Eex_IncN	eex_occupied	7	15	17	6
AP026741.1		candidate	-4	11	11	8
AP026900.1	Eex_IncN	eex_occupied	24	2	1	7
AP026901.1		candidate	2	77	1	7
AP027307.1		candidate	-1	19	-4	8
AP027317.1	Eex_IncN	eex_occupied	-4	16	-4	8
AP027326.1		candidate	-1	23	-1	7
AP027343.1	Eex_IncN	eex_occupied	12	7	-4	5
AP027376.1		candidate	-4	0	2	7
AP027405.1	Eex_IncN	eex_occupied	7	15	17	7
AP027406.1	Eex_IncN	eex_occupied	12	1	5	4
AP027409.1	Eex_IncN	eex_occupied	7	15	17	6
AP027410.1	Eex_IncN	eex_occupied	12	1	5	4
AP027529.1	Eex_IncN	eex_occupied	222	8	5	4
AP027530.1	Eex_IncN	eex_occupied	9	11	5	7
AP027810.1		candidate	11	-4	11	7
AP027894.1		candidate	11	-4	11	6
AP027896.1	Eex_IncN	eex_occupied	11	9	5	8
AP028203.1		candidate	23	-11	-1	4
AP028486.1	Eex_IncN	eex_occupied	7	15	17	6
AP028509.1		candidate	74	3	-1	5
AP029036.1	Eex_IncN	eex_occupied	13	14	1	6
AP031458.1		candidate	9	-8	-4	2
BN000925.1	TrbK_RP4	eex_occupied	11	6	11	6
CM003353.1		candidate	2	43	21	4
CM003354.1	Eex_IncN	eex_occupied	8	32	2	5
CP000541.1	TrbK_RP4	eex_occupied	10	9	12	6
CP000630.1		candidate	-7	-4	10	6
CP000631.1		candidate	11	13	17	8
CP000701.1	Eex_IncN	eex_occupied	14	-4	3	8
CP000782.1	Eex_IncN	eex_occupied	3	-4	5	7
CP001076.1	Eex_IncN	eex_occupied	-4	2	5	6
CP001077.1	Eex_IncN	eex_occupied	2	-4	5	6
CP001136.1	Eex_IncN	eex_occupied	11	9	-4	7
CP002030.1		candidate	-4	-11	-4	5
CP002151.1	TrbK_RP4	eex_occupied	11	6	11	6
CP002152.1	TrbK_RP4	eex_occupied	11	6	11	6
CP002153.1	TrbK_RP4	eex_occupied	11	6	11	6
CP002166.1		candidate	3	-31	-4	4
CP002245.1		candidate	4	-7	9	6
CP002441.1		candidate	-14	234	12	7
CP003042.1		candidate	65	10	-8	5
CP003090.1		candidate	246	2	1	6
CP003092.1		candidate	45	-8	1	8
CP006582.2		candidate	182	68	3	9
CP006657.1		candidate	13	7	41	4
CP007068.1	Eex_IncN	eex_occupied	-4	3	5	6
CP007070.1		candidate	-4	-7	-1	2
CP007238.1		candidate	-7	-4	3	6
CP007643.1	Eex_IncN	eex_occupied	-4	3	-4	7
CP007645.1	Eex_IncN	eex_occupied	-4	2	-1	6
CP009851.1	Eex_IncN	eex_occupied	11	17	9	6
CP009853.1	Eex_IncN	eex_occupied	7	15	17	6
CP009858.1	Eex_IncN	eex_occupied	7	15	17	6
CP009867.1	Eex_IncN	eex_occupied	7	15	10	5
CP009869.1		candidate	12	-4	-4	3
CP009881.1	Eex_IncN	eex_occupied	7	15	17	6
CP009883.1		candidate	-4	12	-4	7
CP010856.1		candidate	0	10	0	7
CP010861.1		candidate	2	111	-4	7
CP011635.1		candidate	-4	12	-4	3
CP011992.1	Eex_IncN	eex_occupied	11	9	5	7
CP014330.2	Eex_IncN	eex_occupied	16	21	12	6
CP016609.1	Eex_IncN	eex_occupied	12	5	12	6
CP018090.1	Eex_IncN	eex_occupied	15	4	15	6
CP018959.1	Eex_IncN	eex_occupied	7	15	17	6
CP020527.1	Eex_IncN	eex_occupied	7	15	17	6
CP021115.1		candidate	16	2	-1	7
CP021117.1		candidate	-4	-4	-4	6
CP021182.1	Eex_IncN	eex_occupied	-1	18	-4	9
CP021184.1	Eex_IncN	eex_occupied	8	33	2	6
CP021375.1		candidate	-7	-4	-8	5
CP021899.1	Eex_IncN	eex_occupied	15	7	17	6
CP021901.1	Eex_IncN	eex_occupied	11	9	5	7
CP022245.1		candidate	-55	10	10	5
CP022246.1		candidate	-55	10	10	4
CP022483.1		candidate	-4	-4	10	5
CP022767.1		candidate	-4	-4	23	6
CP024820.1	Eex_IncN	eex_occupied	9	11	5	7
CP025215.1		candidate	277	194	5	7
CP025875.1		candidate	-4	11	11	8
CP025879.1	Eex_IncN	eex_occupied	0	8	4	8
CP025925.1		candidate	-4	11	11	8
CP026196.1		candidate	-4	12	-4	7
CP026274.1	Eex_IncN	eex_occupied	15	7	39	3
CP026277.1	Eex_IncN	eex_occupied	15	7	17	6
CP026279.1	Eex_IncN	eex_occupied	16	9	15	6
CP027617.1	Eex_IncN	eex_occupied	9	16	15	7
CP027700.1	Eex_IncN	eex_occupied	9	11	24	6
CP028182.1	Eex_IncN	eex_occupied	9	11	9	6
CP028705.1	Eex_IncN	eex_occupied	11	9	5	7
CP029841.1	TraS	eex_occupied	0	9	4	7
CP030160.1		candidate	47	-8	1	8
CP030162.1		candidate	-8	47	1	8
CP030167.1		candidate	47	-8	1	8
CP030168.1		candidate	217	370	18	5
CP030170.1		candidate	-8	47	1	8
CP030179.1		candidate	47	-8	1	8
CP030195.1	Eex_IncN	eex_occupied	8	11	4	8
CP030802.1		candidate	10	-4	10	5
CP030830.1		candidate	-7	-7	10	6
CP030832.1		candidate	20	165	10	7
CP031373.2	Eex_IncN	eex_occupied	9	11	9	6
CP031589.1		candidate	-1	12	-1	7
CP031590.1	Eex_IncN	eex_occupied	30	9	-1	8
CP031591.1		candidate	-4	-4	-4	7
CP031592.1		candidate	31	-1	1	7
CP031755.1	Eex_IncN	eex_occupied	8	21	1	6
CP033548.1	Eex_IncN	eex_occupied	67	52	140	6
CP034075.1	Eex_IncN	eex_occupied	11	14	2	7
CP034323.1	Eex_IncN	eex_occupied	11	9	5	7
CP034356.1	Eex_IncN	eex_occupied	21	-4	3	7
CP034398.1	Eex_IncN	eex_occupied	16	9	15	7
CP034400.1	Eex_IncN	eex_occupied	12	1	5	4
CP035638.1		candidate	10	139	12	7
CP035775.1		candidate	-4	10	11	8
CP035910.1	Eex_IncN	eex_occupied	11	9	5	7
CP036400.2	Eex_IncN	eex_occupied	7	15	17	6
CP038200.1		candidate	7	-4	1	7
CP038202.1		candidate	4	9	-1	4
CP039389.1	Eex_IncN	eex_occupied	13	7	1	5
CP039587.1	Eex_IncN	eex_occupied	3	77	5	4
CP039913.1	Eex_IncN	eex_occupied	4	-4	2	6
CP039914.1	Eex_IncN	eex_occupied	11	152	7	7
CP039918.1	Eex_IncN	eex_occupied	-4	3	6	6
CP039919.1		candidate	-7	-4	11	6
CP040178.1	Eex_IncN	eex_occupied	7	15	17	6
CP040446.1	Eex_IncN	eex_occupied	11	9	5	7
CP040826.1	Eex_IncN	eex_occupied	9	16	15	6
CP041053.1	Eex_IncN	eex_occupied	11	9	5	7
CP041205.1	Eex_IncN	eex_occupied	-4	4	2	6
CP041938.1	Eex_IncN	eex_occupied	9	11	5	7
CP042602.1		candidate	188	-23	192	4
CP042607.1		candidate	40	11	18	5
CP042643.1	Eex_IncN	eex_occupied	7	15	92	2
CP042647.1		candidate	25	49	59	1
CP043014.1	Eex_IncN	eex_occupied	222	8	5	5
CP043017.1	Eex_IncN	eex_occupied	1	152	5	4
CP043604.1	Eex_IncN	eex_occupied	11	9	5	7
CP044008.1	Eex_IncN	eex_occupied	17	11	9	6
CP044026.1		candidate	65	92	-4	1
CP044027.1	Eex_IncN	eex_occupied	11	12	3	3
CP044166.1		candidate	-4	-11	-4	5
CP044292.1	Eex_IncN	eex_occupied	11	9	5	7
CP044383.1		candidate	266	10	12	7
CP046494.1	Eex_IncN	eex_occupied	13	3	-1	7
CP046499.1		candidate	-4	19	18	7
CP046501.1		candidate	-4	19	18	7
CP046892.1	Eex_IncN	eex_occupied	11	9	5	7
CP046894.1		candidate	9	75	-4	4
CP047083.1	Eex_IncN	eex_occupied	-53	48	1	6
CP047084.1		candidate	-11	-4	0	6
CP047287.1		candidate	20	49	3	9
CP047483.1		candidate	-11	-4	0	6
CP047611.1	Eex_IncN	eex_occupied	10	11	-4	7
CP047612.1		candidate	10	-4	11	7
CP047775.1	Eex_IncN	eex_occupied	7	15	17	6
CP048291.1	Eex_IncN	eex_occupied	8	0	4	8
CP048471.1		candidate	8	11	-1	6
CP048487.1	Eex_IncN	eex_occupied	-4	4	2	6
CP048491.1	Eex_IncN	eex_occupied	-4	5	-1	6
CP048549.1	Eex_IncN	eex_occupied	-4	4	2	6
CP048927.1	Eex_IncN	eex_occupied	0	9	2	7
CP049307.1		candidate	-4	12	-4	7
CP049311.1		candidate	-4	12	-4	7
CP049735.2		candidate	-7	-4	10	3
CP049982.1	Eex_IncN	eex_occupied	9	0	4	8
CP049987.1	Eex_IncN	eex_occupied	9	0	4	8
CP050294.1		candidate	67	182	3	9
CP050295.1		candidate	-4	54	6	8
CP050513.1	Eex_IncN	eex_occupied	-4	22	-1	5
CP050515.1	Eex_IncN	eex_occupied	-4	3	-1	7
CP050564.1		candidate	-4	43	10	6
CP050684.1		candidate	3	-11	3	6
CP050859.2	Eex_IncN	eex_occupied	7	15	17	6
CP052170.1	Eex_IncN	eex_occupied	11	9	5	7
CP052359.1	Eex_IncN	eex_occupied	7	15	17	6
CP052394.1	Eex_IncN	eex_occupied	7	15	17	6
CP052433.1	Eex_IncN	eex_occupied	7	15	17	6
CP052446.1	Eex_IncN	eex_occupied	7	15	17	6
CP052480.1	Eex_IncN	eex_occupied	11	11	12	6
CP052507.1	Eex_IncN	eex_occupied	11	9	5	7
CP052768.1	Eex_IncN	eex_occupied	9	11	5	7
CP052790.1		candidate	11	-4	11	8
CP052800.1		candidate	10	-4	11	6
CP052872.1	Eex_IncN	eex_occupied	7	15	17	6
CP053405.1	Eex_IncN	eex_occupied	9	-4	4	6
CP053703.1	Eex_IncN	eex_occupied	15	7	17	6
CP053916.1		candidate	-1	-4	5	6
CP054320.1	Eex_IncN	eex_occupied	14	11	10	7
CP054423.1	Eex_IncN	eex_occupied	11	14	2	7
CP054716.1		candidate	3	84	2	4
CP055459.1	Eex_IncN	eex_occupied	7	15	17	5
CP055705.1	Eex_IncN	eex_occupied	9	0	4	8
CP055715.1	Eex_IncN	eex_occupied	11	14	4	8
CP056027.1		candidate	72	9	-4	4
CP056177.1	Eex_IncN	eex_occupied	-8	14	9	6
CP056317.1	Eex_IncN	eex_occupied	7	15	17	6
CP056464.1	Eex_IncN	eex_occupied	-8	14	9	6
CP056496.1		candidate	-4	12		0
CP056572.1		candidate	65	93	1	6
CP056627.1	Eex_IncN	eex_occupied	3	7	12	5
CP056799.1	TrbK_RP4	eex_occupied	12	-47	12	6
CP056820.1	Eex_IncN	eex_occupied	8	0	4	8
CP056866.1	Eex_IncN	eex_occupied	11	9	5	7
CP056923.1	Eex_IncN	eex_occupied	238	8	5	4
CP056930.1	Eex_IncN	eex_occupied	238	8	5	4
CP056978.1	Eex_IncN	eex_occupied	7	15	17	7
CP057048.1		candidate	-29	67	2	8
CP057053.1		candidate	67	-29	2	8
CP057056.1	Eex_IncN	eex_occupied	17	11	9	6
CP057077.1	Eex_IncN	eex_occupied	7	15	17	7
CP057089.1	Eex_IncN	eex_occupied	7	15	17	7
CP057157.1		candidate	67	-29	2	8
CP057161.1		candidate	11	-4	11	7
CP057196.1	Eex_IncN	eex_occupied	11	17	10	4
CP057236.1	Eex_IncN	eex_occupied	9	0	4	8
CP057326.1	Eex_IncN	eex_occupied	187	6	-1	4
CP057370.1	Eex_IncN	eex_occupied	14	11	4	8
CP057373.1	Eex_IncN	eex_occupied	11	9	5	7
CP057409.1	Eex_IncN	eex_occupied	7	15	17	7
CP057443.1	Eex_IncN	eex_occupied	11	14	4	8
CP057472.1	Eex_IncN	eex_occupied	8	0	4	8
CP057478.1	Eex_IncN	eex_occupied	52	2	5	5
CP057489.1	Eex_IncN	eex_occupied	11	14	4	8
CP057511.1	Eex_IncN	eex_occupied	7	15	17	7
CP057528.1	Eex_IncN	eex_occupied	238	8	5	5
CP057529.1		candidate	11	-4	11	7
CP057548.1	Eex_IncN	eex_occupied	238	8	5	5
CP057579.1		candidate	10	-4	11	8
CP057707.1	Eex_IncN	eex_occupied	12	1	5	5
CP057749.1	Eex_IncN	eex_occupied	9	0	4	8
CP057780.1	TrbK_RP4	eex_occupied	-47	12	12	6
CP057806.1	Eex_IncN	eex_occupied	9	0	4	8
CP057810.1	Eex_IncN	eex_occupied	9	0	4	8
CP057904.1	Eex_IncN	eex_occupied	0	8	4	8
CP057914.1	Eex_IncN	eex_occupied	0	8	4	8
CP057938.1	Eex_IncN	eex_occupied	11	14	4	7
CP057948.1	Eex_IncN	eex_occupied	132	1	5	5
CP057954.1	Eex_IncN	eex_occupied	152	1	5	5
CP057999.1		candidate	-29	68	2	8
CP058017.1	Eex_IncN	eex_occupied	8	0	4	8
CP058067.1	Eex_IncN	eex_occupied	9	0	2	7
CP058085.1		candidate	-4	10	11	8
CP058779.1	Eex_IncN	eex_occupied	9	11	17	6
CP059361.1		candidate	-11	-4	-4	4
CP059363.1		candidate	-4	-11	0	6
CP059367.1		candidate	-11	-4	0	6
CP059370.1	Eex_IncN	eex_occupied	-50	47	3	5
CP059928.1		candidate	-4	10	11	8
CP060651.1		candidate	-4	12	-4	3
CP060660.1	TraS	eex_occupied	-4	12	-4	3
CP060663.1		candidate	-4	12	-4	3
CP061215.1	Eex_IncN	eex_occupied	11	14	4	8
CP061774.1		candidate	-11	12	-1	9
CP061776.1		candidate	21	174	10	7
CP063084.1		candidate	-11	-1	-1	5
CP063167.1		candidate	168	236	9	7
CP063721.1		candidate	11	-4	11	8
CP063755.1	Eex_IncN	eex_occupied	0	9	18	6
CP063758.1	Eex_IncN	eex_occupied	0	9	10	7
CP064039.1		candidate	-4	10	14	2
CP066116.1		candidate	-4	12	-4	7
CP066261.1	Eex_IncN	eex_occupied	16	9	15	6
CP066331.1	Eex_IncN	eex_occupied	9	0	4	8
CP067096.1	Eex_IncN	eex_occupied	7	15	2	5
CP067444.1	Eex_IncN	eex_occupied	16	9	15	6
CP067446.1	Eex_IncN	eex_occupied	9	11	5	7
CP067462.1	Eex_IncN	eex_occupied	9	11	5	7
CP067471.1	Eex_IncN	eex_occupied	11	9	5	7
CP067482.1	Eex_IncN	eex_occupied	15	7	17	6
CP067487.1	Eex_IncN	eex_occupied	9	11	5	7
CP067493.1	Eex_IncN	eex_occupied	11	9	5	7
CP067498.1	Eex_IncN	eex_occupied	11	9	5	7
CP067523.1	Eex_IncN	eex_occupied	11	9	5	7
CP067528.1	Eex_IncN	eex_occupied	9	11	5	7
CP067540.1	Eex_IncN	eex_occupied	11	9	5	7
CP067547.1	Eex_IncN	eex_occupied	11	9	5	7
CP067554.1	Eex_IncN	eex_occupied	3	18	2	4
CP067560.1	Eex_IncN	eex_occupied	16	9	15	6
CP067570.1	Eex_IncN	eex_occupied	11	9	5	7
CP067597.1	Eex_IncN	eex_occupied	11	9	5	7
CP067602.1	Eex_IncN	eex_occupied	11	9	5	7
CP067619.1	Eex_IncN	eex_occupied	11	9	5	7
CP067625.1	Eex_IncN	eex_occupied	11	9	5	7
CP067635.1	Eex_IncN	eex_occupied	9	11	5	7
CP067641.1	Eex_IncN	eex_occupied	11	9	5	7
CP067646.1	Eex_IncN	eex_occupied	11	9	5	7
CP067682.1	Eex_IncN	eex_occupied	11	9	5	7
CP067701.1	Eex_IncN	eex_occupied	11	9	5	7
CP067706.1	Eex_IncN	eex_occupied	16	9	15	7
CP067727.1	Eex_IncN	eex_occupied	11	9	5	7
CP067731.1	Eex_IncN	eex_occupied	11	9	5	7
CP067740.1	Eex_IncN	eex_occupied	11	9	5	7
CP067756.1	Eex_IncN	eex_occupied	11	9	5	7
CP067765.1	Eex_IncN	eex_occupied	11	9	5	7
CP067772.1	Eex_IncN	eex_occupied	11	9	5	7
CP067780.1	Eex_IncN	eex_occupied	16	9	15	6
CP067784.1	Eex_IncN	eex_occupied	11	9	5	7
CP067798.1		candidate	9	93	9	6
CP067820.1	Eex_IncN	eex_occupied	9	11	5	7
CP067834.1	Eex_IncN	eex_occupied	9	11	5	7
CP067869.1	Eex_IncN	eex_occupied	11	9	5	7
CP067875.1	Eex_IncN	eex_occupied	11	9	5	7
CP067894.1	Eex_IncN	eex_occupied	11	9	5	7
CP067919.1	Eex_IncN	eex_occupied	11	9	5	7
CP067928.1	Eex_IncN	eex_occupied	11	9	5	7
CP067942.1	Eex_IncN	eex_occupied	11	9	5	7
CP068397.1	Eex_IncN	eex_occupied	50	7	17	6
CP068398.1	Eex_IncN	eex_occupied	9	11	5	7
CP068635.1		candidate	-55	10	10	5
CP068636.1		candidate	-55	10	10	4
CP068637.1		candidate	-4	10	14	2
CP069018.1		candidate	-1	14	2	7
CP069019.1		candidate	-1	114	-4	7
CP069301.1	Eex_IncN	eex_occupied	11	-4	-4	7
CP069705.1	Eex_IncN	eex_occupied	222	8	5	4
CP070402.1	Eex_IncN	eex_occupied	9	0	4	8
CP070877.2		candidate	-1	3	23	8
CP070885.2		candidate	-1	3	2	7
CP071169.1	Eex_IncN	eex_occupied	9	11	5	7
CP071915.1		candidate	11	12	2	7
CP073109.1	Eex_IncN	eex_occupied	11	14	4	8
CP073606.1	Eex_IncN	eex_occupied	8	238	5	4
CP073611.1	Eex_IncN	eex_occupied	8	238	5	4
CP073612.1	TrbK_RP4	eex_occupied	-47	12	12	6
CP073614.1	Eex_IncN	eex_occupied	2	52	5	5
CP073616.1		candidate	10	-4	22	6
CP073679.1	Eex_IncN	eex_occupied	5	-4	4	1
CP074218.1	Eex_IncN	eex_occupied	0	9	4	8
CP074228.1	Eex_IncN	eex_occupied	0	8	10	6
CP074230.1	Eex_IncN	eex_occupied	7	15	17	7
CP074235.1	Eex_IncN	eex_occupied	9	0	4	8
CP074237.1	Eex_IncN	eex_occupied	14	11	4	7
CP074273.1		candidate	8	81	-4	5
CP074326.1		candidate	81	8	-4	5
CP074597.1		candidate	8	81	-1	6
CP074635.1	Eex_IncN	eex_occupied	12	11	12	5
CP074637.1	Eex_IncN	eex_occupied	10	11	-4	8
CP074642.1	Eex_IncN	eex_occupied	11	12	17	4
CP074646.1	Eex_IncN	eex_occupied	11	12	12	5
CP074654.1	Eex_IncN	eex_occupied	11		12	5
CP074667.1		candidate	81	8	-4	5
CP074669.1		candidate	8	68	-4	5
CP075568.1		candidate	-8	28	8	6
CP075774.1		candidate	2	18	10	4
CP075789.1		candidate	2	18	9	4
CP076065.1	TrbK_RP4	eex_occupied	10	9	16	5
CP076121.1		candidate	-4	-4	23	6
CP076328.1		candidate	8	81	-4	5
CP077251.1	Eex_IncN	eex_occupied	152	1	5	4
CP077287.1	Eex_IncN	eex_occupied	10	13	12	5
CP077347.1	Eex_IncN	eex_occupied	10	13	12	6
CP077354.1	Eex_IncN	eex_occupied	1	152	5	4
CP077665.1		candidate	-4	11	11	8
CP078023.1	Eex_IncN	eex_occupied	7	15	17	2
CP078024.1	Eex_IncN	eex_occupied	17	11	9	6
CP078109.1	Eex_IncN	eex_occupied	15	7	17	4
CP079750.1		candidate		62	10	7
CP080283.1		candidate	27	-8	2	6
CP080431.1	Eex_IncN	eex_occupied	11	-1	-4	8
CP080433.1		candidate	40	2	1	8
CP080434.1	Eex_IncN	eex_occupied	23	13	2	6
CP080655.1	Eex_IncN	eex_occupied	11	9	5	7
CP080691.1	Eex_IncN	eex_occupied	11	9	5	7
CP082405.1	Eex_IncN	eex_occupied	9	0	10	8
CP082416.1	Eex_IncN	eex_occupied	14	11	4	8
CP082423.2		candidate	-4	12	-4	7
CP082433.1	Eex_IncN	eex_occupied	17	11	9	6
CP082438.1		candidate	81	8	-1	4
CP082484.1	Eex_IncN	eex_occupied	1	12	5	5
CP082524.1	Eex_IncN	eex_occupied	0	9	4	8
CP082549.1	Eex_IncN	eex_occupied	11	14	4	8
CP082578.1		candidate	11	-4	11	8
CP082630.1		candidate	-4	12	-4	7
CP082632.1	Eex_IncN	eex_occupied	15	7	17	7
CP082651.1	Eex_IncN	eex_occupied	15	7	17	6
CP082660.1	Eex_IncN	eex_occupied	0	8	4	8
CP082667.1		candidate	-4	12	-4	7
CP082680.1	Eex_IncN	eex_occupied	0	9	4	8
CP082725.1	Eex_IncN	eex_occupied	11	14	4	8
CP082730.1	Eex_IncN	eex_occupied	0	9	4	7
CP082731.1	Eex_IncN	eex_occupied	15	7	17	7
CP082734.1	Eex_IncN	eex_occupied	11	17	9	5
CP082738.1	Eex_IncN	eex_occupied	14		4	8
CP082742.1	Eex_IncN	eex_occupied	8	0	4	8
CP084173.1		candidate	-16	-1	-1	8
CP084537.1	Eex_IncN	eex_occupied	17	11	9	6
CP084538.1	Eex_IncN	eex_occupied	9	11	5	7
CP085055.1		candidate	81	8	-4	5
CP085520.1	Eex_IncN	eex_occupied	222	8	5	4
CP085736.1	Eex_IncN	eex_occupied	3	18	2	6
CP085739.1		candidate	12	-4	-4	7
CP087279.1		candidate	-4	-4	23	6
CP087973.1		candidate	343	172	17	5
CP088385.1	Eex_IncN	eex_occupied	1	132	5	5
CP088439.1		candidate	3	0	-1	5
CP088481.1	Eex_IncN	eex_occupied	15	7	17	7
CP088488.1	Eex_IncN	eex_occupied	11	14	4	8
CP088493.1	Eex_IncN	eex_occupied	11	14	4	8
CP088523.1		candidate	51	-1	16	5
CP088524.1	Eex_IncN	eex_occupied	3	18	2	6
CP088550.1	Eex_IncN	eex_occupied	9	0	4	8
CP088568.1	Eex_IncN	eex_occupied	10	11	-1	6
CP088666.1	Eex_IncN	eex_occupied	3	77	5	4
CP088696.1	Eex_IncN	eex_occupied	7	15	17	7
CP088705.1	Eex_IncN	eex_occupied	3	18	2	6
CP088715.1		candidate	11	-4	11	6
CP088727.1	Eex_IncN	eex_occupied	11	14	4	8
CP088731.1		candidate	11	-4	11	8
CP088733.1	Eex_IncN	eex_occupied	9	0	4	8
CP088736.1		candidate	10	139	12	7
CP088752.1	TrbK_RP4	eex_occupied	12	-47	12	6
CP088757.1	Eex_IncN	eex_occupied	9	0	4	8
CP088769.1	Eex_IncN	eex_occupied	0	8	4	8
CP088770.1	Eex_IncN	eex_occupied	7	15	42	6
CP088791.1		candidate	9	1	2	5
CP088823.1	Eex_IncN	eex_occupied	0	9	4	8
CP088858.1	Eex_IncN	eex_occupied	8	222	5	4
CP090109.1	Eex_IncN	eex_occupied	-4	3	-1	7
CP090116.1	Eex_IncN	eex_occupied	-4	3	5	5
CP090120.1	Eex_IncN	eex_occupied	-4	3	5	6
CP090202.1	Eex_IncN	eex_occupied	-4	3	6	6
CP090248.1	Eex_IncN	eex_occupied	11	9	5	6
CP090255.1	Eex_IncN	eex_occupied	7	15	17	6
CP090258.1	Eex_IncN	eex_occupied	7	15	17	6
CP090265.1	Eex_IncN	eex_occupied	15	7	17	6
CP090268.1	Eex_IncN	eex_occupied	18	12	2	7
CP090279.1	Eex_IncN	eex_occupied	9	11	5	8
CP090281.1	Eex_IncN	eex_occupied	11	9	5	7
CP090286.1		candidate	11	-4	11	8
CP090287.1	Eex_IncN	eex_occupied	11	9	5	6
CP090300.1	Eex_IncN	eex_occupied	9	11	5	7
CP090405.1	Eex_IncN	eex_occupied	254	8	5	4
CP090551.1	Eex_IncN	eex_occupied	-4	436	6	4
CP090553.1		candidate	47	137	0	5
CP091033.1		candidate	225	36	6	7
CP091035.1		candidate	29	10	6	7
CP091388.1	Eex_IncN	eex_occupied	14	11	4	8
CP092293.1	Eex_IncN	eex_occupied	18	3	9	3
CP092296.1		candidate	11	-4	11	8
CP092300.1		candidate	11	-4	11	8
CP092303.1		candidate	11	-4	11	8
CP092305.1		candidate	-4	11	11	8
CP092309.1		candidate	-4	11	11	8
CP092312.1		candidate	11	70	11	6
CP092315.1	Eex_IncN	eex_occupied	11	14	4	8
CP092316.1		candidate	11	-4	11	8
CP092317.1	Eex_IncN	eex_occupied	10	13	12	6
CP092320.1		candidate	11	-4	11	7
CP092324.1		candidate	11	-4	11	7
CP092325.1	Eex_IncN	eex_occupied	18	3	2	6
CP092328.1		candidate	-4	11	11	8
CP092330.1		candidate	11	-4	11	7
CP092842.1		candidate	-4	-1	-4	6
CP093097.1	Eex_IncN	eex_occupied	9	0	4	8
CP093098.1	Eex_IncN	eex_occupied	3	18	2	6
CP093105.1	Eex_IncN	eex_occupied	0	9	4	8
CP093114.1	Eex_IncN	eex_occupied	0	9	4	8
CP093127.1	Eex_IncN	eex_occupied	3	18	2	6
CP093130.1	Eex_IncN	eex_occupied	52	2	5	5
CP093306.1		candidate	117	28	-4	6
CP094244.1		candidate	566	58	77	2
CP094252.1		candidate	1	2	53	3
CP094253.1		candidate	11	159	97	7
CP094621.1		candidate	17	-4	17	5
CP094840.1		candidate	1	2	66	2
CP096582.1		candidate	-8	27	3	8
CP098603.1		candidate	367	58	67	4
CP098607.1		candidate	5	186	0	7
CP099007.1	Eex_IncN	eex_occupied	9	0	4	8
CP099110.1	Eex_IncN	eex_occupied	0	9	4	8
CP099139.1	Eex_IncN	eex_occupied	11	17	9	6
CP099185.1	Eex_IncN	eex_occupied	9	0	4	8
CP099199.1	Eex_IncN	eex_occupied	8	0	4	8
CP099273.1		candidate	-4	10	11	8
CP099476.1	Eex_IncN	eex_occupied	-11	-1	14	8
CP099618.1		candidate	45	2	1	7
CP099709.1	Eex_IncN	eex_occupied	8	11	7	8
CP099710.1	Eex_IncN	eex_occupied	-8	14	9	6
CP100007.1	Eex_IncN	eex_occupied	11	9	5	8
CP100008.1	Eex_IncN	eex_occupied	8	9	12	5
CP100031.1	Eex_IncN	eex_occupied	254	8	5	4
CP100066.1		candidate	10	-4	11	8
CP101282.1		candidate	92	23	-4	1
CP101710.1		candidate	-4	4	-1	6
CP101799.1	Eex_IncN	eex_occupied	11	9	5	8
CP101957.1		candidate	91	323	-1	4
CP102437.1	Eex_IncN	eex_occupied	7	15	17	6
CP104101.1		candidate	0	-4	5	7
CP104102.1		candidate	8	0	5	7
CP104106.1		candidate	0	8	5	7
CP104975.1		candidate	169	-44		0
CP109756.1		candidate	12	-4	2	6
CP110414.1	Eex_IncN	eex_occupied	9	11	9	5
CP110489.1	Eex_IncN	eex_occupied	18	3	2	6
CP110543.1	Eex_IncN	eex_occupied	11	17	9	6
CP110578.1	Eex_IncN	eex_occupied	11	17	9	6
CP110589.1	Eex_IncN	eex_occupied	12	11	12	5
CP110758.1	Eex_IncN	eex_occupied	17	11	9	6
CP110766.1	Eex_IncN	eex_occupied	16	9	15	6
CP113989.1	Eex_IncN	eex_occupied	0	8	2	7
CP114343.1	TrbK_RP4	eex_occupied	12	-47	12	6
CP114757.1	Eex_IncN	eex_occupied	9	0	4	5
CP115336.1	Eex_IncN	eex_occupied	11	14	4	7
CP115908.1		candidate	-7	-4	3	6
CP115909.1		candidate	-7	-4	10	6
CP116019.1	Eex_IncN	eex_occupied	11	17	9	6
CP116020.1	Eex_IncN	eex_occupied	15	8	-1	7
CP117206.1	Eex_IncN	eex_occupied	11	9	5	7
CP117219.1	Eex_IncN	eex_occupied	18	3	2	6
CP119077.1		candidate	139	10	12	7
CP119119.1		candidate	-4	11	11	7
CP120245.1		candidate	3	-11	0	5
CP120248.1		candidate	3	-11	0	5
CP120260.1		candidate	3	-11	3	4
CP120281.1		candidate	3	-11	3	6
CP120284.1		candidate	3	-11	3	6
CP120287.1		candidate	-11	3	3	6
CP120290.1		candidate	3	-11	0	5
CP120293.1		candidate	3	-11	3	5
CP120296.1		candidate	3	-11	0	5
CP120299.1		candidate	3	-11	0	5
CP120305.1		candidate	3	-11	18	6
CP120307.1		candidate	3	-11	0	5
CP120310.1		candidate	3	-11	18	6
CP120313.1		candidate	3	-11	3	6
CP121428.1	Eex_IncN	eex_occupied	124	0	108	4
CP122748.1	Eex_IncN	eex_occupied	1	132	5	5
CP122783.1	Eex_IncN	eex_occupied	2	52	5	5
CP122800.1	Eex_IncN	eex_occupied	0	8	4	8
CP122812.1	Eex_IncN	eex_occupied	0	8	2	7
CP122892.1	Eex_IncN	eex_occupied	8	0	4	8
CP122893.1		candidate	10	-38	11	8
CP123602.1	Eex_IncN	eex_occupied	17	11	10	6
CP123653.1	TrbK_RP4	eex_occupied	12	-47	12	6
CP123778.1	Eex_IncN	eex_occupied	9	11	12	6
CP123874.1	Eex_IncN	eex_occupied	11	9	23	6
CP124767.1		candidate	12	-4	-4	3
CP124770.1	Eex_IncN	eex_occupied	7	15	17	6
CP124771.1	Eex_IncN	eex_occupied	9	11	7	8
CP125061.1	Eex_IncN	eex_occupied	11	9	5	8
CP125156.1		candidate	252	91	43	4
CP125392.1		candidate	-4	-11	0	6
CP125755.1	Eex_IncN	eex_occupied	16	9	15	6
CP126020.1		candidate	198	43	9	7
CP126021.1		candidate	-7	-7	-4	6
CP126023.1		candidate	42	197	9	6
CP126024.1		candidate	-4	287	9	4
CP128223.1	Eex_IncN	eex_occupied	11	17	9	6
CP128673.1	Eex_IncN	eex_occupied	11	9	5	7
CP128733.1	Eex_IncN	eex_occupied	11	9	9	6
CP128754.1	Eex_IncN	eex_occupied	7	15	17	6
CP128761.1	Eex_IncN	eex_occupied	18	3	-1	5
CP128767.1	Eex_IncN	eex_occupied	7	15	17	6
CP128768.1	Eex_IncN	eex_occupied	11	9	5	7
CP129669.1		candidate	-4	-7	10	6
CP129670.1		candidate	-7	-4	-4	5
CP130046.1		candidate	236	4	4	5
CP130049.1	Eex_IncN	eex_occupied	-4	22	-1	4
CP130052.1	Eex_IncN	eex_occupied	-4	22	-1	4
CP130055.1		candidate	380	236	195	5
CP131129.1		candidate	-8	27	8	8
CP132116.1		candidate	-11	-4	-4	5
CP132117.1	Eex_IncN	eex_occupied	-53	48	0	3
CP132119.1		candidate	-4	-11	0	6
CP132120.1	Eex_IncN	eex_occupied	-53	48	1	5
CP132122.1		candidate	-11	-4	-4	5
CP132124.1		candidate	-4	-11	0	6
CP132125.1	Eex_IncN	eex_occupied	-53	48	1	6
CP132129.1	Eex_IncN	eex_occupied	48	-53	1	6
CP132131.1	Eex_IncN	eex_occupied	-53	48	1	6
CP132134.1	Eex_IncN	eex_occupied	-53	48	1	6
CP132318.1		candidate	4	6	-4	7
CP132319.1		candidate	4	12	-4	7
CP133142.1	Eex_IncN	eex_occupied	9	0	4	8
CP134900.1		candidate	1	9	12	6
CP134901.1		candidate	11	-4	11	8
CP134925.1		candidate	11	-4	11	7
CP134935.1	Eex_IncN	eex_occupied	11	9	5	7
CP134939.1	Eex_IncN	eex_occupied	11	9	5	7
CP135473.1	Eex_IncN	eex_occupied	11	10	-1	6
CP136916.1	Eex_IncN	eex_occupied	222	8	5	6
CP137538.1		candidate	51	-8	1	8
CP138390.1		candidate	2	9	9	6
CP138579.1		candidate	9	2	9	6
CP139950.1	Eex_IncN	eex_occupied	15	7	17	6
CP140736.1		candidate	8	81	-1	3
CP140797.1	Eex_IncN	eex_occupied	-4	3	-1	7
CP140800.1		candidate	142	-7	10	5
CP140804.1		candidate	144	-7	20	5
CP140826.1	Eex_IncN	eex_occupied	-4	3	-1	7
CP140829.1		candidate	142	-7	10	5
CP140836.1		candidate	-7	-7	17	4
CP140838.1	Eex_IncN	eex_occupied	-4	3	-1	6
CP140858.1		candidate	73	-4	9	5
CP140859.1		candidate	-7	-7	-8	5
CP140869.1		candidate	-4	26	9	6
CP140882.1	Eex_IncN	eex_occupied	-4	22	-1	5
CP140885.1		candidate	114	-47	3	8
CP140906.1		candidate	-7	-1	16	2
CP140907.1		candidate	4	6	-1	7
CP140908.1		candidate	6	4	-1	5
CP140909.1		candidate	-7	-4	-8	3
CP140912.1		candidate	-11	15	2	8
CP140920.1	Eex_IncN	eex_occupied	-4	22	-1	5
CP140923.1		candidate	114	-47	3	8
CP140933.1	Eex_IncN	eex_occupied	-4	5	-1	5
CP140936.1	Eex_IncN	eex_occupied	22	-4	4	2
CP140939.1	Eex_IncN	eex_occupied	-4	4	-1	5
CP140941.1		candidate	-7	-4	10	6
CP140942.1	Eex_IncN	eex_occupied	-4	5	-1	5
CP140947.1	Eex_IncN	eex_occupied	-4	22	4	2
CP140951.1		candidate	-7	-4	10	6
CP140953.1	Eex_IncN	eex_occupied	-4	5	-1	5
CP140958.1	Eex_IncN	eex_occupied	22	-4	4	2
CP140962.1	Eex_IncN	eex_occupied	-4	4	3	3
CP140963.1		candidate	-7	-4	10	6
CP142010.1		candidate	567	6	25	5
CP142081.1		candidate	-4	124	18	7
CP142083.1		candidate	51	-8	2	6
CP142547.1		candidate	11	9	5	7
CP142550.1	Eex_IncN	eex_occupied	11	9	5	7
CP142553.1	Eex_IncN	eex_occupied	15	7	17	7
CP143333.1		candidate	-4	12	-4	7
CP143335.1		candidate	12	-4	-4	7
CP143973.1	Eex_IncN	eex_occupied	16	9	15	6
CP143977.1	Eex_IncN	eex_occupied	16	9	15	6
CP144667.1	Eex_IncN	eex_occupied	-4	4	2	6
CP146241.1		candidate	2	21	-4	7
CP146243.1		candidate	-4	-7	12	6
CP146551.1	Eex_IncN	eex_occupied	413	8	5	5
CP149524.1		candidate	81	8	-4	5
CP149526.1	Eex_IncN	eex_occupied	3	18	2	6
CP151659.1		candidate	15	7	17	6
CP151894.1		candidate	2	9	10	4
CP152305.1	TrbK_RP4	eex_occupied	11	6	11	6
CP152306.1	TrbK_RP4	eex_occupied	11	6	11	6
CP155825.1	Eex_IncN	eex_occupied	30	9	-1	8
CP157007.1	TrbK_RP4	eex_occupied	6	10	10	5
CP157129.1	Eex_IncN	eex_occupied	77	3	5	2
EF107516.1	TrbK_RP4	eex_occupied	10	11	12	6
FJ012880.1		candidate	11	30	7	9
FJ012881.1		candidate	11	30	7	9
FJ012882.1		candidate	11	162	7	9
FN543095.1	Eex_IncN	eex_occupied	7	3	12	6
FP885893.1		candidate	-8	45	1	8
GQ983559.1	TrbK_RP4	eex_occupied	10	10	11	6
JN102341.1	Eex_IncN	eex_occupied	7	15	17	7
JN102342.1	Eex_IncN	eex_occupied	7	15	17	7
JN102343.1	Eex_IncN	eex_occupied	7	15	17	7
JN102344.1	Eex_IncN	eex_occupied	7	15	17	7
JN106164.1	TrbK_RP4	eex_occupied	9	10	16	6
JN106165.1	TrbK_RP4	eex_occupied	9	10	16	6
JN106166.1	TrbK_RP4	eex_occupied	9	10	16	6
JN106167.1	TrbK_RP4	eex_occupied	9	7	13	6
JN106168.1	TrbK_RP4	eex_occupied	9	10	16	6
JN106169.1	TrbK_RP4	eex_occupied	9	10	16	6
JN106170.1	TrbK_RP4	eex_occupied	9	7	13	6
JN106171.1	TrbK_RP4	eex_occupied	9	11	16	6
JN106172.1	TrbK_RP4	eex_occupied	9	10	16	6
JN106173.1	TrbK_RP4	eex_occupied	9	10	16	6
JN106174.1	TrbK_RP4	eex_occupied	9	10	16	6
JN106175.1	TrbK_RP4	eex_occupied	9	7	13	6
JN581942.1	Eex_IncN	eex_occupied	-4	13	2	6
JNBM01000003.1	Eex_IncN	eex_occupied	11	9	5	7
JQ004406.1	TrbK_RP4	eex_occupied	-4	9	13	6
JQ004407.1	TrbK_RP4	eex_occupied	-4	9	13	6
JQ004408.1	TrbK_RP4	eex_occupied	-4	9	13	6
JQ004409.1	TrbK_RP4	eex_occupied	-4	9	13	6
JQ432563.1	TrbK_RP4	eex_occupied	11	7	11	6
JQ432564.1	TrbK_RP4	eex_occupied	-1	14	11	6
JX469826.1	TrbK_RP4	eex_occupied	9	11	16	6
JX469827.1	TrbK_RP4	eex_occupied	9	7	13	6
JX469828.1	TrbK_RP4	eex_occupied	9	11	16	6
JX469829.1	TrbK_RP4	eex_occupied	9	11	16	6
JX469830.1	TrbK_RP4	eex_occupied	11	6	11	6
JX469831.1	TrbK_RP4	eex_occupied	9	10	16	6
JX469833.1	TrbK_RP4	eex_occupied	11	6	11	6
JX469834.1	TrbK_RP4	eex_occupied	9	10	16	6
JX486125.1	TrbK_RP4	eex_occupied	9	10	13	6
KC170278.1	Eex_IncN	eex_occupied	-4	14	-1	7
KC170279.1	TrbK_RP4	eex_occupied	9	10	16	6
KC170280.1	Eex_IncN	eex_occupied	15	7	41	6
KC170281.1	Eex_IncN	eex_occupied	34	11	-4	7
KC170282.1		candidate	26	11	2	6
KC170283.1		candidate	12	10	12	7
KC170284.1	Eex_IncN	eex_occupied	34	11	-4	7
KC170285.1		candidate	0	2	10	5
KC964605.1	TrbK_RP4	eex_occupied	9	-4	13	6
KC964606.1	TrbK_RP4	eex_occupied	9	-4	13	6
KC964607.1	TrbK_RP4	eex_occupied	9	-4	13	6
KJ850907.1	Eex_IncN	eex_occupied	103	11	4	6
KR827394.1		candidate	12	30	2	8
KT325596.1		candidate	11	161	11	9
KU238092.1	TrbK_RP4	eex_occupied	9	10	16	6
KU351673.1	Eex_IncN	eex_occupied	11	34	-4	7
KX863569.1	Eex_IncN	eex_occupied	16	9	15	6
LC483179.2	Eex_IncN	eex_occupied	11	9	5	7
LC521833.1	Eex_IncN	eex_occupied	9	11	5	7
LC521837.1	Eex_IncN	eex_occupied	16	9	15	7
LC521848.1	Eex_IncN	eex_occupied	9	11	84	6
LC613145.1	Eex_IncN	eex_occupied	16	9	15	6
LC623882.1	Eex_IncN	eex_occupied	11	103	5	6
LC623883.1	Eex_IncN	eex_occupied	11	103	5	6
LC623884.1	TrbK_RP4	eex_occupied	10	9	16	6
LC623885.1	Eex_IncN	eex_occupied	9	113	9	8
LC623886.1	Eex_IncN	eex_occupied	11	103	5	6
LC623887.1	Eex_IncN	eex_occupied	11	103	5	6
LC623888.1	Eex_IncN	eex_occupied	11	103	5	6
LC623889.1	TrbK_RP4	eex_occupied	11	9	17	6
LC623890.1	TrbK_RP4	eex_occupied	-4	9	13	6
LC623891.1	Eex_IncN	eex_occupied	11	113	9	8
LC623893.1	Eex_IncN	eex_occupied	9	113	9	8
LC623894.1		candidate	10	139	12	7
LC623895.1		candidate	10	139	12	7
LC623896.1	TrbK_RP4	eex_occupied	10	9	16	6
LC623897.1	TrbK_RP4	eex_occupied	10	9	16	6
LC623898.1	TrbK_RP4	eex_occupied	10	9	16	6
LC623899.1	Eex_IncN	eex_occupied	11	113	9	8
LC623900.1	TrbK_RP4	eex_occupied	6	11	11	6
LC623901.1	TrbK_RP4	eex_occupied	6	11	11	6
LC623902.1	TrbK_RP4	eex_occupied	10	10	11	6
LC623903.1	TrbK_RP4	eex_occupied	10	9	16	6
LC623904.1	Eex_IncN	eex_occupied	11	113	9	8
LC623905.1	Eex_IncN	eex_occupied	10	103	6	6
LC623906.1	Eex_IncN	eex_occupied	18	99	5	7
LC623907.1	Eex_IncN	eex_occupied	11	103	5	6
LC623908.1	Eex_IncN	eex_occupied	11	103	5	6
LC623909.1	Eex_IncN	eex_occupied	11	102	6	7
LC623910.1	TrbK_RP4	eex_occupied	-4	14	17	6
LC623911.1		candidate	-4	13	11	6
LC623912.1	Eex_IncN	eex_occupied	11	102	6	7
LC623913.1	TrbK_RP4	eex_occupied	10	9	16	6
LC623914.1	TrbK_RP4	eex_occupied	10	9	16	6
LC623915.1	TrbK_RP4	eex_occupied	11	9	16	6
LC623916.1	Eex_IncN	eex_occupied	11	103	6	6
LC623917.1	Eex_IncN	eex_occupied	2	17	10	6
LC623918.1	Eex_IncN	eex_occupied	11	103	5	6
LC623919.1	TrbK_RP4	eex_occupied	10	9	17	6
LC623920.1	Eex_IncN	eex_occupied	11	103	5	6
LC623921.1	Eex_IncN	eex_occupied	11	113	9	8
LC623922.1	TrbK_RP4	eex_occupied	-4	9	13	6
LC623923.1	Eex_IncN	eex_occupied	9	113	9	8
LC623924.1	TrbK_RP4	eex_occupied	11	9	16	6
LC623925.1	TrbK_RP4	eex_occupied	10	9	17	6
LC623926.1	Eex_IncN	eex_occupied	11	103	5	6
LC623927.1	TrbK_RP4	eex_occupied	10	9	16	6
LC623928.1	TrbK_RP4	eex_occupied	10	9	13	6
LC623929.1	TrbK_RP4	eex_occupied	14	-1	11	6
LC623930.1	Eex_IncN	eex_occupied	11	97	5	7
LC623931.1	TrbK_RP4	eex_occupied	10	9	16	6
LC623932.1	Eex_IncN	eex_occupied	11	113	9	8
LC663721.1		candidate	3	0	-1	5
LC663726.1	Eex_IncN	eex_occupied	7	15	17	6
LC663727.1	Eex_IncN	eex_occupied	7	15	17	6
LC663728.1	Eex_IncN	eex_occupied	7	15	17	7
LC663729.1	Eex_IncN	eex_occupied	15	7	17	6
LC663730.1	Eex_IncN	eex_occupied	7	15	17	6
LC663732.1		candidate	-4	10	11	8
LC663736.1		candidate	-8	27	8	8
LC663737.1		candidate	-8	27	8	8
LC663738.1		candidate	-8	27	8	8
LC663739.1		candidate	-8	27	8	8
LC663740.1		candidate	-8	27	8	8
LC685593.1		candidate	60	27	2	8
LC709173.1	Eex_IncN	eex_occupied	12	1	5	4
LC712329.1	Eex_IncN	eex_occupied	12	1	5	4
LC712384.1	Eex_IncN	eex_occupied	12	1	5	4
LC716358.1	Eex_IncN	eex_occupied	11	9	5	7
LC720959.1	Eex_IncN	eex_occupied	7	15	17	6
LC720960.1	Eex_IncN	eex_occupied	7	15	17	6
LC732581.1		candidate	199	62	10	7
LC744437.1	Eex_IncN	eex_occupied	11	9	5	7
LC744446.1	Eex_IncN	eex_occupied	11	9	5	7
LC744460.1	Eex_IncN	eex_occupied	11	9	5	7
LC744478.1	Eex_IncN	eex_occupied	11	9	5	7
LC744481.1	Eex_IncN	eex_occupied	11	9	5	7
LC744482.1	Eex_IncN	eex_occupied	11	9	5	7
LC744484.1	Eex_IncN	eex_occupied	11	9	5	7
LC744492.1	Eex_IncN	eex_occupied	11	9	5	7
LC744495.1	Eex_IncN	eex_occupied	11	9	5	7
LC744503.1	Eex_IncN	eex_occupied	11	9	9	6
LC744506.1	Eex_IncN	eex_occupied	11	9	5	7
LC744507.1	Eex_IncN	eex_occupied	11	9	5	7
LC744508.1	Eex_IncN	eex_occupied	11	9	5	7
LC744509.1	Eex_IncN	eex_occupied	11	9	5	7
LC744511.1		candidate	-26	275	175	3
LC744513.1	Eex_IncN	eex_occupied	11	9	5	7
LC746221.1	Eex_IncN	eex_occupied	7	15	17	7
LC746222.1	TrbK_RP4	eex_occupied	7	9	13	6
LC746223.1	TrbK_RP4	eex_occupied	-4	9	13	6
LC746224.1	TrbK_RP4	eex_occupied	-4	9	13	6
LC746225.1	TrbK_RP4	eex_occupied	-4	9	13	6
LC746226.1	TrbK_RP4	eex_occupied	-4	9	13	6
LC746227.1	TrbK_RP4	eex_occupied	-4	9	13	6
LC763832.1	Eex_IncN	eex_occupied	12	1	-4	2
LC771430.1		candidate	62	199	10	7
LC771431.1		candidate	62	199	10	7
LC771582.1	Eex_IncN	eex_occupied	7	15	17	6
LC771583.1	Eex_IncN	eex_occupied	7	15	17	6
LC771584.1	Eex_IncN	eex_occupied	7	15	17	6
LC771585.1	Eex_IncN	eex_occupied	7	15	17	6
LC771587.1	Eex_IncN	eex_occupied	7	15	17	6
LC778279.1	Eex_IncN	eex_occupied	11	9	5	6
LC778280.1	Eex_IncN	eex_occupied	11	9	5	7
LC789757.1	Eex_IncN	eex_occupied	11	9	5	7
LC789758.1	Eex_IncN	eex_occupied	11	9	5	7
LC789759.1	Eex_IncN	eex_occupied	11	9	5	7
LC789760.1	Eex_IncN	eex_occupied	11	9	5	7
LC807797.1	Eex_IncN	eex_occupied	9	11	5	7
LC807801.1	Eex_IncN	eex_occupied	11	9	5	7
LC807806.1	Eex_IncN	eex_occupied	7	15	17	7
LR606148.1		candidate	26	4	4	7
LR606149.1		candidate	-7	-4	9	6
LR606151.1		candidate	33	233	-1	10
LR699074.1		candidate	7	-4	-4	8
LR723678.1		candidate	-4	-4	-4	7
LR723680.1		candidate	233	33	-1	10
LR828252.1		candidate	6	463	25	6
LR890250.1	Eex_IncN	eex_occupied	3	18	2	6
LR890580.1		candidate	3	0	-1	5
LR890744.1	Eex_IncN	eex_occupied	11	17	9	6
LR990731.1		candidate	10	35	-4	5
LR990732.1		candidate	9	11	2	5
LR990733.1	TrbK_RP4	eex_occupied	10	6	2	5
LR990737.1		candidate	11	9	2	5
LR990738.1	TrbK_RP4	eex_occupied	10	6	2	5
LR990740.1	TrbK_RP4	eex_occupied	6	10	2	5
LR990742.1		candidate	9	11	2	5
LR990743.1	TrbK_RP4	eex_occupied	6	10	2	5
LT174530.1	Eex_IncN	eex_occupied	12	1	5	4
LT904889.1	Eex_IncN	eex_occupied	11	17	3	5
MG773377.1	Eex_IncN	eex_occupied	11	9	9	5
MG879028.1	TrbK_RP4	eex_occupied	9	10	16	6
MH339998.1	Eex_IncN	eex_occupied	7	15	17	3
MK715437.1	Eex_IncN	eex_occupied	11	9	5	7
MN366356.1	TrbK_RP4	eex_occupied	9	-4	13	6
MN366357.1	Eex_IncN	eex_occupied	103	10	5	6
MN366358.1	TrbK_RP4	eex_occupied	9	10	13	6
MN366359.1	TrbK_RP4	eex_occupied	9	10	16	6
MN366360.1	TrbK_RP4	eex_occupied	9	-4	13	6
MN366361.1	TrbK_RP4	eex_occupied	9	11	16	6
MN536506.1	Eex_IncN	eex_occupied	11	113	9	8
MW191861.1		candidate	326	-4		0
MZ382871.1		candidate	-4	12	-4	7
MZ382872.1	Eex_IncN	eex_occupied	16	9	15	6
NC_000914.2		candidate	-7	-4	-8	5
NC_001735.4	TrbK_RP4	eex_occupied	10	10	16	6
NC_002490.1		candidate	45	50	2	5
NC_002525.1	Eex_IncN	eex_occupied	52	2	5	5
NC_002579.1	Eex_IncN	eex_occupied	9	13	10	7
NC_002679.1		candidate	226	13	-4	9
NC_002682.1		candidate	2	5	-4	7
NC_003037.1	Eex_IncN	eex_occupied	5	-4	-1	5
NC_003064.2	Eex_IncN	eex_occupied	-4	4	2	6
NC_003292.1	Eex_IncN	eex_occupied	7	15	17	7
NC_003350.1		candidate	-8	28	2	8
NC_003922.1		candidate	-8	47	1	8
NC_004041.2	Eex_IncN	eex_occupied	-4	2	-4	7
NC_004058.1		candidate	26	181	14	8
NC_004574.1		candidate	16	2	2	6
NC_004846.1		candidate	26	181	14	8
NC_004956.1	TrbK_RP4	eex_occupied	10	9	16	6
NC_004999.1		candidate	-8	27	3	8
NC_005012.1		candidate	103	30	-1	2
NC_005088.1	TrbK_RP4	eex_occupied	9	10	16	6
NC_005205.1		candidate	33	10	-11	5
NC_005240.1		candidate	50	-8	-4	8
NC_005247.1		candidate	26	57	-11	5
NC_005814.1	Eex_IncN	eex_occupied	13	10	12	6
NC_005918.1		candidate	323	10	-4	5
NC_006134.1		candidate	3	-11	3	6
NC_006135.1		candidate	-4	142	0	6
NC_006143.1	Eex_IncN	eex_occupied	11	34	-4	5
NC_006154.1		candidate	65	-4	4	5
NC_006824.1	TrbK_RP4	eex_occupied	14	10	13	6
NC_006830.1	TrbK_RP4	eex_occupied	9	11	16	6
NC_006842.1		candidate	-49		6	6
NC_007141.1		candidate	-4	-11	0	6
NC_007206.1		candidate	26	181	15	10
NC_007275.1		candidate	32	10	-4	4
NC_007353.2	TrbK_RP4	eex_occupied	9	11	16	6
NC_007506.1		candidate	-8	50	-4	7
NC_007682.3	Eex_IncN	eex_occupied	7	15	17	7
NC_007926.1		candidate	-8	27	3	8
NC_007950.1		candidate	35	-4	-4	6
NC_007960.1		candidate	-4	20	-4	8
NC_007961.1		candidate	12	-4	-4	6
NC_008042.1		candidate	2	16	-1	7
NC_008341.1		candidate	114	182	14	6
NC_008342.1		candidate	11	-4	-4	8
NC_008357.1	TrbK_RP4	eex_occupied	11	6	11	5
NC_008382.1		candidate	4	246	27	9
NC_008383.1		candidate	-7	-4	10	6
NC_008385.1	TrbK_RP4	eex_occupied	10	9	16	6
NC_008386.1		candidate	3	2	-4	7
NC_008459.1	TrbK_RP4	eex_occupied	9	10	15	6
NC_008757.1		candidate	10	12	2	5
NC_008770.1		candidate	103	30	-1	2
NC_008771.1		candidate	4	-31	-4	8
NC_008790.1		candidate	-4	-11	0	6
NC_009131.1	Eex_IncN	eex_occupied	7	15	17	7
NC_009132.1	Eex_IncN	eex_occupied	15	7	17	7
NC_009469.1		candidate	-16	-1	-1	8
NC_009475.1	Eex_IncN	eex_occupied	11	-4	-4	7
NC_009622.1		candidate	15	-11	-1	9
NC_009669.1		candidate	34	229	2	10
NC_009704.1	TrbK_RP4	eex_occupied	-7	4	14	5
NC_009777.1	Eex_IncN	eex_occupied	9	12	2	4
NC_009779.1	Eex_IncN	eex_occupied	9	11	12	6
NC_009955.1		candidate	14	1	-1	7
NC_009957.1		candidate	16	2	-1	7
NC_009980.1	Eex_IncN	eex_occupied	7	15	17	7
NC_009982.1	Eex_IncN	eex_occupied	-4	13	2	6
NC_010000.1		candidate	9	54	11	6
NC_010332.1	Eex_IncN	eex_occupied	11	103	5	6
NC_010378.1	Eex_IncN	eex_occupied	11	14	4	8
NC_010421.1	Eex_IncN	eex_occupied	8	0	4	7
NC_010422.1	Eex_IncN	eex_occupied	9	0	10	8
NC_010509.1	Eex_IncN	eex_occupied	49	0	5	7
NC_010555.1	Eex_IncN	eex_occupied	12	18	2	7
NC_010579.1	Eex_IncN	eex_occupied	16	21	12	5
NC_010627.1		candidate	23	-11	12	4
NC_010643.1	Eex_IncN	eex_occupied	13	-4	2	6
NC_010657.1		candidate	11	-4	11	8
NC_010679.1		candidate	77	40	-4	5
NC_010697.1		candidate	-1	2	-1	6
NC_010716.1	Eex_IncN	eex_occupied	11	-4	11	7
NC_010726.1	Eex_IncN	eex_occupied	9	11	12	6
NC_010860.1	Eex_IncN	eex_occupied	0	9	4	8
NC_010865.1		candidate	-7	-4	10	5
NC_010900.1		candidate	0	4	4	4
NC_010919.1	Eex_IncN	eex_occupied	11	34	-4	7
NC_010935.1	TrbK_RP4	eex_occupied	9	11	16	6
NC_011061.1		candidate	27	18	16	7
NC_011092.1	Eex_IncN	eex_occupied	11	17	10	4
NC_011143.1		candidate	251	9	-4	8
NC_011204.1	Eex_IncN	eex_occupied	9	0	10	8
NC_011351.1		candidate	67	-29	2	8
NC_011383.1	Eex_IncN	eex_occupied	15	7	17	6
NC_011385.1	Eex_IncN	eex_occupied	15	7	10	5
NC_011617.1	Eex_IncN	eex_occupied	7	15	17	6
NC_011982.1		candidate	-7	-4	-1	2
NC_011984.1		candidate	-7	-4	10	6
NC_011986.1		candidate	35	232	2	10
NC_011991.1		candidate	16	4	17	6
NC_012040.1		candidate	13	249	-4	5
NC_012586.1	Eex_IncN	eex_occupied	-4	4	-1	6
NC_012674.1		candidate	-8	27	3	8
NC_012847.1	Eex_IncN	eex_occupied	21	60	17	6
NC_012853.1		candidate	219	19	9	7
NC_012919.1	TrbK_RP4	eex_occupied	8	9	11	6
NC_012970.1		candidate	23	-4	27	6
NC_013438.1		candidate	9	18	64	6
NC_013503.1	Eex_IncN	eex_occupied	9	0	4	8
NC_014007.1		candidate	2	10	-4	7
NC_014105.1		candidate	-8	213	12	5
NC_014111.1		candidate	3	-31	2	6
NC_014113.1		candidate	3	-31	2	6
NC_014208.1	Eex_IncN	eex_occupied	7	15	17	6
NC_014231.1	Eex_IncN	eex_occupied	7	15	17	7
NC_014368.1	Eex_IncN	eex_occupied	7	15	17	7
NC_014385.1	TraS	eex_occupied	7	15	17	6
NC_014621.1		candidate	19	3	-1	7
NC_014629.1	Eex_IncN	eex_occupied	11	21	10	6
NC_014634.1		candidate	11	62	13	7
NC_014641.1	TrbK_RP4	eex_occupied	9	11	16	6
NC_014725.1	Eex_IncN	eex_occupied	11	17	9	6
NC_014911.1	TrbK_RP4	eex_occupied	9	10	16	6
NC_015054.1		candidate	12	-4	10	8
NC_015068.1		candidate	7	144	2	8
NC_015178.1		candidate	-16	-1	-4	7
NC_015184.1	Eex_IncN	eex_occupied	-4	4	2	6
NC_015187.1		candidate	-1	-16	-4	6
NC_015258.1		candidate	-7	-4	9	6
NC_015579.1		candidate	-4	-56	-4	7
NC_015582.1	Eex_IncN	eex_occupied	24	2	1	7
NC_015595.1		candidate	340	223	3	10
NC_015599.1	Eex_IncN	eex_occupied	15	7	17	6
NC_015685.1		candidate	8	212	-4	8
NC_015689.1		candidate	6	-4	-4	6
NC_015727.1		candidate	30	-4	2	8
NC_015872.1	Eex_IncN	eex_occupied	16	9	15	7
NC_015974.1	Eex_IncN	eex_occupied	-4	21	-4	9
NC_016021.1		candidate	119	212	3	7
NC_016036.1	TrbK_RP4	eex_occupied	12	10	2	5
NC_016108.1	TrbK_RP4	eex_occupied	28	16	11	7
NC_016644.1		candidate	-8	27	3	8
NC_016968.1	TrbK_RP4	eex_occupied	9	11	16	6
NC_016978.1	TrbK_RP4	eex_occupied	9	11	16	6
NC_017282.1		candidate	-11	3	3	6
NC_017284.1		candidate	103	30	-1	2
NC_017327.1	Eex_IncN	eex_occupied	-4	22	-1	4
NC_017386.1		candidate	19	3	-4	7
NC_017508.1	TrbK_RP4	eex_occupied	11	9	17	6
NC_017536.1		candidate	6	-4	-4	6
NC_017539.1		candidate	8	212	-4	8
NC_017555.1	Eex_IncN	eex_occupied	11	14	-1	7
NC_017556.1	Eex_IncN	eex_occupied	36	2	2	7
NC_017557.1	Eex_IncN	eex_occupied	9	161	11	7
NC_017624.1	Eex_IncN	eex_occupied	11	14	4	8
NC_017858.1	TrbK_RP4	eex_occupied	9	11	17	6
NC_017908.2	TrbK_RP4	eex_occupied	9	10	16	6
NC_017923.1		candidate	18	32	14	6
NC_017965.1		candidate	26	84	10	5
NC_018682.1		candidate	-7	-4	6	6
NC_018683.1	Eex_IncN	eex_occupied	5	-4	-1	5
NC_018696.1		candidate	-11	23	12	4
NC_019013.1	Eex_IncN	eex_occupied	9	0	4	8
NC_019033.1	Eex_IncN	eex_occupied	7	15	17	7
NC_019039.1	Eex_IncN	eex_occupied	12	1	5	6
NC_019046.1	Eex_IncN	eex_occupied	8	0	10	8
NC_019047.1	Eex_IncN	eex_occupied	9	11	5	8
NC_019067.1	Eex_IncN	eex_occupied	9	0	10	8
NC_019082.1	Eex_IncN	eex_occupied	7	15	42	6
NC_019083.1	Eex_IncN	eex_occupied	11	8	5	7
NC_019087.1	Eex_IncN	eex_occupied	7	15	17	7
NC_019088.1	Eex_IncN	eex_occupied	9	0	10	8
NC_019096.1	Eex_IncN	eex_occupied	9	0	4	8
NC_019098.1	Eex_IncN	eex_occupied	7	15	17	7
NC_019106.1	Eex_IncN	eex_occupied	0	9	10	8
NC_019115.1	Eex_IncN	eex_occupied	3	77	5	4
NC_019124.1	Eex_IncN	eex_occupied	15	7	17	7
NC_019128.1		candidate	10	-4	11	8
NC_019129.1		candidate	10	-4	11	8
NC_019130.1		candidate	10	-4	11	8
NC_019138.1	Eex_IncN	eex_occupied	11	14	4	8
NC_019157.1	Eex_IncN	eex_occupied	9	11	5	7
NC_019161.1	Eex_IncN	eex_occupied	11	9	5	7
NC_019162.1	Eex_IncN	eex_occupied	11	9	5	7
NC_019163.1	Eex_IncN	eex_occupied	16	9	15	7
NC_019248.1	Eex_IncN	eex_occupied	34	12	18	7
NC_019256.1	Eex_IncN	eex_occupied	14	11	108	4
NC_019263.1	TrbK_RP4	eex_occupied	9	11	16	6
NC_019264.1	TrbK_RP4	eex_occupied	9	11	16	6
NC_019266.1		candidate	31	10	-4	5
NC_019268.1		candidate	199	62	10	7
NC_019281.1		candidate	199	62	10	7
NC_019283.1	TrbK_RP4	eex_occupied	9	11	16	6
NC_019312.1	TrbK_RP4	eex_occupied	10	9	16	6
NC_019313.1		candidate	-11	15	2	8
NC_019318.1	TrbK_RP4	eex_occupied	7	9	13	6
NC_019320.1	TrbK_RP4	eex_occupied	9	10	16	6
NC_019328.1		candidate	32	10	-4	5
NC_019337.1		candidate	14	5	3	6
NC_019341.1	Eex_IncN	eex_occupied	1	14	16	6
NC_019343.1		candidate	68	8	-4	5
NC_019369.1	TrbK_RP4	eex_occupied	9	11	16	6
NC_019378.1	TrbK_RP4	eex_occupied	10	10	11	6
NC_019384.1	Eex_IncN	eex_occupied	9	11	5	7
NC_019555.1		candidate	-7	-7	10	6
NC_019846.2		candidate	15	-11	-1	9
NC_019848.2	Eex_IncN	eex_occupied	-4	5	-1	5
NC_019888.1	Eex_IncN	eex_occupied	7	15	17	6
NC_019899.1	Eex_IncN	eex_occupied	11	8	7	8
NC_019941.1		candidate	50	6	-4	8
NC_019985.2		candidate	199	62	10	7
NC_020060.1		candidate	4	-7	9	6
NC_020061.1		candidate	24	4	4	7
NC_020086.1	Eex_IncN	eex_occupied	7	15	17	6
NC_020121.1	Eex_IncN	eex_occupied	16	21	12	5
NC_020122.1	Eex_IncN	eex_occupied	3	18	2	6
NC_020270.1	Eex_IncN	eex_occupied	46	3	5	5
NC_020522.1	TrbK_RP4	eex_occupied	4	28	-4	8
NC_020527.1	Eex_IncN	eex_occupied	5	-4	-1	5
NC_020542.1	Eex_IncN	eex_occupied	-1	18	-4	9
NC_020797.1		candidate	-8	47	1	8
NC_020798.1	Eex_IncN	eex_occupied	0	49	12	6
NC_020811.1	Eex_IncN	eex_occupied	11	9	5	7
NC_020818.1		candidate	199	62	10	7
NC_021077.1	TrbK_RP4	eex_occupied	10	9	16	6
NC_021079.1		candidate	-62	11	11	8
NC_021209.1		candidate	4	-7	10	6
NC_021212.1	Eex_IncN	eex_occupied	15	1	3	6
NC_021238.1	Eex_IncN	eex_occupied	7	15	17	6
NC_021622.1	Eex_IncN	eex_occupied	7	15	17	6
NC_021660.2	Eex_IncN	eex_occupied	15	7	17	6
NC_021664.2	Eex_IncN	eex_occupied	15	7	17	6
NC_021842.2	Eex_IncN	eex_occupied	11	14	4	8
NC_021910.1		candidate	-7	-4	9	6
NC_021911.1	Eex_IncN	eex_occupied	-4	2	5	6
NC_021918.1	TrbK_RP4	eex_occupied	9	11	17	6
NC_022050.1		candidate	-4	-4	-4	6
NC_022105.1		candidate	-4	11	11	8
NC_022271.1	Eex_IncN	eex_occupied	9	12	2	4
NC_022354.1		candidate	-11	-4	0	6
NC_022355.1		candidate	-4	-11	-4	5
NC_022374.1	Eex_IncN	eex_occupied	7	15	17	6
NC_022375.2	Eex_IncN	eex_occupied	7	15	17	6
NC_022437.1		candidate	47	10	10	4
NC_022520.1	Eex_IncN	eex_occupied	46	3	5	5
NC_022650.1		candidate	139	10	12	7
NC_022656.1	Eex_IncN	eex_occupied	47	-50	9	6
NC_022740.1	Eex_IncN	eex_occupied	11	9	5	7
NC_023141.1		candidate	3	-4	6	6
NC_023148.1		candidate	2	17	-4	7
NC_023274.1		candidate	15	15	-4	7
NC_023277.2	Eex_IncN	eex_occupied	0	8	4	9
NC_023322.1		candidate	199	62	10	7
NC_023323.1	Eex_IncN	eex_occupied	15	7	17	7
NC_023331.1	Eex_IncN	eex_occupied	7	13	1	7
NC_023907.1		candidate	9	1	12	6
NC_023909.1	Eex_IncN	eex_occupied	7	15	17	6
NC_023910.1	Eex_IncN	eex_occupied	7	15	17	6
NC_023914.1	Eex_IncN	eex_occupied	11	9	5	7
NC_024954.1	Eex_IncN	eex_occupied	16	9	15	7
NC_024961.1	Eex_IncN	eex_occupied	11	14	4	8
NC_024967.1	Eex_IncN	eex_occupied	15	7	17	6
NC_024974.1	Eex_IncN	eex_occupied	15	7	41	7
NC_024998.1	TrbK_RP4	eex_occupied	10	9	16	6
NC_025000.1		candidate	199	62	10	7
NC_025019.1	Eex_IncN	eex_occupied	7	15	17	6
NC_025116.1		candidate	199	62	10	7
NC_025130.1	Eex_IncN	eex_occupied	9	11	5	6
NC_025133.1		candidate	40	2	1	8
NC_025141.1		candidate	7	15	17	7
NC_025152.1		candidate	-4	10	10	5
NC_025182.1	Eex_IncN	eex_occupied	9	11	5	8
NC_025183.1	Eex_IncN	eex_occupied	7	15	17	6
NC_025186.1	Eex_IncN	eex_occupied	7	15	17	6
NC_028464.1	Eex_IncN	eex_occupied	-4	13	2	6
NC_032101.1	Eex_IncN	eex_occupied	7	15	17	6
NZ_AP014813.1		candidate	52	155	0	9
NZ_AP014859.1		candidate	10	-4	39	2
NZ_AP014860.1		candidate	74	301	10	3
NZ_AP014861.1		candidate	10	-4	10	4
NZ_AP014863.1		candidate	10	46	2	5
NZ_AP015030.1		candidate	-8	28	2	6
NZ_AP015033.1		candidate	15	15	-4	7
NZ_AP017614.1	Eex_IncN	eex_occupied	12	1	5	4
NZ_AP017619.1	Eex_IncN	eex_occupied	12	1	5	4
NZ_AP017622.1	Eex_IncN	eex_occupied	12	1	5	4
NZ_AP017988.1		candidate	17	202	-4	7
NZ_AP017990.1		candidate	-7	-4	9	6
NZ_AP018141.1	Eex_IncN	eex_occupied	9	11	5	7
NZ_AP018142.1	Eex_IncN	eex_occupied	9	11	5	7
NZ_AP018146.1	Eex_IncN	eex_occupied	9	11	5	7
NZ_AP018350.1	Eex_IncN	eex_occupied	13	-4	2	6
NZ_AP018355.1	Eex_IncN	eex_occupied	8	254	5	4
NZ_AP018362.1	Eex_IncN	eex_occupied	7	15	17	6
NZ_AP018363.1	Eex_IncN	eex_occupied	15	7	17	6
NZ_AP018378.1		candidate	-14	281	12	7
NZ_AP018382.1		candidate	-14	281	12	7
NZ_AP018386.1		candidate	-14	281	12	7
NZ_AP018411.1		candidate	-4	11	11	8
NZ_AP018412.1	Eex_IncN	eex_occupied	12	1	5	4
NZ_AP018741.1	Eex_IncN	eex_occupied	7	15	17	5
NZ_AP018742.1	Eex_IncN	eex_occupied	7	15	17	6
NZ_AP018744.1	Eex_IncN	eex_occupied	7	15	17	6
NZ_AP018745.1	Eex_IncN	eex_occupied	7	15	17	6
NZ_AP018746.1	Eex_IncN	eex_occupied	7	15	17	6
NZ_AP018806.1	Eex_IncN	eex_occupied	12	1	5	4
NZ_AP018812.1	Eex_IncN	eex_occupied	12	1	5	4
NZ_AP018819.1		candidate	9	10	13	7
NZ_AP018822.1		candidate	33	-28	-4	7
NZ_AP018829.1		candidate	3	2	2	8
NZ_AP018831.1	Eex_IncN	eex_occupied	11	9	5	7
NZ_AP018836.1	Eex_IncN	eex_occupied	11	9	5	7
NZ_AP018837.1	Eex_IncN	eex_occupied	11	9	5	7
NZ_AP018838.1	Eex_IncN	eex_occupied	11	9	5	7
NZ_AP019402.1	Eex_IncN	eex_occupied	7	15	17	6
NZ_AP019403.1	Eex_IncN	eex_occupied	7	15	17	6
NZ_AP019404.1	Eex_IncN	eex_occupied	7	15	17	6
NZ_AP019405.1		candidate	7	15	17	6
NZ_AP019413.1		candidate	-7	118	-4	4
NZ_AP019532.1	Eex_IncN	eex_occupied	-4	109		0
NZ_AP019550.1	Eex_IncN	eex_occupied	7	15	17	6
NZ_AP019670.1		candidate	11	9	9	6
NZ_AP019678.1	Eex_IncN	eex_occupied	11	9	5	8
NZ_AP019679.1	Eex_IncN	eex_occupied	11	9	5	7
NZ_AP019764.1	Eex_IncN	eex_occupied	9	0	4	7
NZ_AP019854.1		candidate	281	-14	12	6
NZ_AP021845.1		candidate	-4	12	-4	7
NZ_AP021897.1		candidate	190	10	12	7
NZ_AP021965.1	Eex_IncN	eex_occupied	5	8	4	8
NZ_AP021974.1	Eex_IncN	eex_occupied	7	15	17	6
NZ_AP022059.1	Eex_IncN	eex_occupied	7	15	17	6
NZ_AP022081.1	Eex_IncN	eex_occupied	15	7	17	5
NZ_AP022109.1		candidate	-4	12	-4	7
NZ_AP022129.1	Eex_IncN	eex_occupied	11	9	5	7
NZ_AP022178.1	Eex_IncN	eex_occupied	17	11	9	6
NZ_AP022218.1	Eex_IncN	eex_occupied	9	11	5	8
NZ_AP022248.1	Eex_IncN	eex_occupied	11	9	5	8
NZ_AP022249.1	Eex_IncN	eex_occupied	9	11	5	7
NZ_AP022269.1		candidate	9	11	9	6
NZ_AP022320.1		candidate	44	13	1	8
NZ_AP022338.1		candidate	2	12	1	8
NZ_AP022339.1		candidate	-4	-4	-4	7
NZ_AP022340.1		candidate	0	8	5	6
NZ_AP022349.1	Eex_IncN	eex_occupied	7	15	17	6
NZ_AP022354.1		candidate	7	15	17	6
NZ_AP022355.1		candidate	7	15	17	6
NZ_AP022356.1	Eex_IncN	eex_occupied	7	15	17	6
NZ_AP022358.1	Eex_IncN	eex_occupied	7	15	17	6
NZ_AP022359.1	TraS	eex_occupied	7	15	17	6
NZ_AP022370.1	ExcA	eex_occupied	7	15	10	5
NZ_AP022403.1	Eex_IncN	eex_occupied	8	15	-1	7
NZ_AP022436.1	Eex_IncN	eex_occupied	9	11	5	7
NZ_AP022467.1	Eex_IncN	eex_occupied	13	-4	2	3
NZ_AP022476.1	Eex_IncN	eex_occupied	12	5	2	6
NZ_AP022484.1	Eex_IncN	eex_occupied	12	1	5	5
NZ_AP022529.1	Eex_IncN	eex_occupied	9	16	15	5
NZ_AP022551.1	TrbK_RP4	eex_occupied	-47	12	12	5
NZ_AP022552.1	Eex_IncN	eex_occupied	0	8	4	8
NZ_AP022652.1	Eex_IncN	eex_occupied	9	0	4	8
NZ_AP022667.1	Eex_IncN	eex_occupied	7	15	17	6
NZ_AP023056.1		candidate	57	11	-4	5
NZ_AP023079.1		candidate	199	62	10	7
NZ_AP023178.1		candidate	49	27	-1	4
NZ_AP023194.1	Eex_IncN	eex_occupied	11	9	5	7
NZ_AP023201.1		candidate	9	1	12	6
NZ_AP023202.1	Eex_IncN	eex_occupied	9	11	5	7
NZ_AP023210.1	Eex_IncN	eex_occupied	9	11	5	7
NZ_AP023227.1	Eex_IncN	eex_occupied	11	9	5	7
NZ_AP023229.1		candidate	11	-4	11	8
NZ_AP023244.1		candidate	163	12	-4	9
NZ_AP023245.1		candidate	11	2	-4	7
NZ_AP023248.1		candidate	68	182	3	9
NZ_AP023250.1		candidate	-4	38	6	8
NZ_AP023251.1		candidate	64	182	3	9
NZ_AP023252.1		candidate	2	12	-4	7
NZ_AP023255.1		candidate	182	71	-1	7
NZ_AP023256.1		candidate	11	2	-4	7
NZ_AP023258.1		candidate	-4	-7	7	6
NZ_AP023271.1		candidate	-4	-7	9	6
NZ_AP023275.1		candidate	-4	-7	10	6
NZ_AP023276.1		candidate	4	164	4	8
NZ_AP023277.1		candidate	12	-8	-1	9
NZ_AP023282.1		candidate	-7	-4	17	6
NZ_AP023283.1		candidate	-4	-7	-1	2
NZ_AP023328.1		candidate	336	119	13	7
NZ_AP023399.1	TrbK_RP4	eex_occupied	9	10	16	6
NZ_AP023401.1	TrbK_RP4	eex_occupied	10	9	16	6
NZ_AP023411.1	Eex_IncN	eex_occupied	11	134	3	7
NZ_AP023429.1	Eex_IncN	eex_occupied	8	0	2	9
NZ_AP024092.1		candidate	28	3	9	6
NZ_AP024128.1	Eex_IncN	eex_occupied	152	1	5	5
NZ_AP024206.1	Eex_IncN	eex_occupied	11	9	5	7
NZ_AP024516.1		candidate	1	0	-4	7
NZ_AP024751.1	Eex_IncN	eex_occupied	7	15	17	6
NZ_AP024754.1	Eex_IncN	eex_occupied	7	15	17	6
NZ_AP024757.1	Eex_IncN	eex_occupied	7	15	17	6
NZ_AP024761.1	Eex_IncN	eex_occupied	7	15	17	6
NZ_AP024764.1	Eex_IncN	eex_occupied	7	15	17	6
NZ_AP024767.1	Eex_IncN	eex_occupied	7	15	17	6
NZ_AP024770.1	Eex_IncN	eex_occupied	7	15	17	6
NZ_AP024773.1	Eex_IncN	eex_occupied	7	15	17	6
NZ_AP024776.1	Eex_IncN	eex_occupied	7	15	17	6
NZ_AP024779.1	Eex_IncN	eex_occupied	7	15	17	6
NZ_AP024782.1	Eex_IncN	eex_occupied	7	15	17	6
NZ_AP024786.1	Eex_IncN	eex_occupied	7	15	17	6
NZ_AP024790.1	Eex_IncN	eex_occupied	7	15	17	6
NZ_AP024793.1	Eex_IncN	eex_occupied	7	15	17	6
NZ_AP024796.1	Eex_IncN	eex_occupied	7	15	17	6
NZ_AP024863.1	Eex_IncN	eex_occupied	17	131	-4	5
NZ_AP024942.1	TrbK_RP4	eex_occupied	10	9	16	6
NZ_AP024949.1	TrbK_RP4	eex_occupied	10	9	16	6
NZ_AP024960.1	Eex_IncN	eex_occupied	37	12	-1	5
NZ_AP025033.1		candidate	-10	-4	10	6
NZ_AP025181.1	Eex_IncN	eex_occupied	-4	13	2	6
NZ_AP025207.1		candidate	10	190	12	7
NZ_AP025211.1		candidate	10	190	12	7
NZ_AP025217.1		candidate	10	190	12	7
NZ_AP025222.1		candidate	190	10	12	7
NZ_AP025261.1	Eex_IncN	eex_occupied	32	10	1	5
NZ_AP025357.1	Eex_IncN	eex_occupied	-4	21	-4	9
NZ_AP025659.1		candidate	9	1	12	6
NZ_AP025660.1	Eex_IncN	eex_occupied	7	15	17	6
NZ_AP025664.1		candidate	9	1	12	6
NZ_AP025665.1	Eex_IncN	eex_occupied	15	7	17	6
NZ_AP025673.1		candidate	2	14	4	9
NZ_AP025674.1	TrbK_RP4	eex_occupied	10	10	11	6
NZ_AP025680.1		candidate	11	-4	11	8
NZ_AP026527.1	Eex_IncN	eex_occupied	7	15	17	6
NZ_AP026735.1		candidate	10	-1	10	6
NZ_AP026790.1	Eex_IncN	eex_occupied	254	8	5	4
NZ_AP026791.1		candidate	-4	10	11	8
NZ_AP026796.1	Eex_IncN	eex_occupied	254	8	5	4
NZ_AP026797.1		candidate	-4	10	11	8
NZ_AP026909.1	Eex_IncN	eex_occupied	12	1	5	4
NZ_AP026950.1	Eex_IncN	eex_occupied	11	17	10	4
NZ_AP026951.1		candidate	81	8	-4	5
NZ_AP027057.1		candidate	43	-4	2	7
NZ_AP027144.1		candidate	154	16	14	9
NZ_AP027145.1		candidate	-4	4	2	8
NZ_AP027150.1		candidate	-47	12	8	8
NZ_AP027402.1	Eex_IncN	eex_occupied	12	1	5	4
NZ_AP027413.1	Eex_IncN	eex_occupied	254	8	5	4
NZ_AP027427.1		candidate	190	10	12	7
NZ_AP027441.1	Eex_IncN	eex_occupied	11	14	4	8
NZ_AP027484.1	Eex_IncN	eex_occupied	17	11	9	6
NZ_AP027486.1	Eex_IncN	eex_occupied	222	8	5	4
NZ_AP027497.1	Eex_IncN	eex_occupied	12	1	5	4
NZ_AP027502.1	Eex_IncN	eex_occupied	12	1	5	4
NZ_AP027508.1		candidate	190	10	12	7
NZ_AP027514.1		candidate	-4	11	11	8
NZ_AP027517.1		candidate	10	190	12	7
NZ_AP027521.1	Eex_IncN	eex_occupied	222	8	5	4
NZ_AP027524.1	Eex_IncN	eex_occupied	7	15	17	7
NZ_AP027534.1	Eex_IncN	eex_occupied	222	8	5	4
NZ_AP027539.1	Eex_IncN	eex_occupied	222	8	5	4
NZ_AP027547.1	Eex_IncN	eex_occupied	77	3	5	4
NZ_AP027552.1		candidate	190	10	12	7
NZ_AP027557.1	Eex_IncN	eex_occupied	222	8	5	4
NZ_AP027558.1		candidate	-4	11	11	8
NZ_AP027565.1	Eex_IncN	eex_occupied	222	8	5	4
NZ_AP027566.1		candidate	-4	11	11	8
NZ_AP027573.1	Eex_IncN	eex_occupied	77	3	5	4
NZ_AP027580.1	Eex_IncN	eex_occupied	254	8	5	5
NZ_AP027581.1		candidate	-4	11	11	8
NZ_AP027591.1	Eex_IncN	eex_occupied	9	11	5	8
NZ_AP027613.1	Eex_IncN	eex_occupied	254	8	5	5
NZ_AP027621.1	Eex_IncN	eex_occupied	7	15	17	7
NZ_AP027624.1	Eex_IncN	eex_occupied	222	8	5	4
NZ_AP027636.1	Eex_IncN	eex_occupied	12	1	5	4
NZ_AP027641.1	Eex_IncN	eex_occupied	9	11	5	8
NZ_AP027644.1	Eex_IncN	eex_occupied	8	222	5	4
NZ_AP027655.1	Eex_IncN	eex_occupied	222	8	5	4
NZ_AP027668.1	Eex_IncN	eex_occupied	222	8	5	4
NZ_AP027669.1		candidate	190	10	12	7
NZ_AP027675.1	Eex_IncN	eex_occupied	222	8	5	4
NZ_AP027682.1	Eex_IncN	eex_occupied	222	8	5	4
NZ_AP027689.1	Eex_IncN	eex_occupied	7	15	17	7
NZ_AP027699.1	Eex_IncN	eex_occupied	222	8	5	4
NZ_AP027706.1	Eex_IncN	eex_occupied	9	11	5	8
NZ_AP027711.1	Eex_IncN	eex_occupied	222	8	5	4
NZ_AP027715.1	Eex_IncN	eex_occupied	222	8	5	4
NZ_AP027750.1	Eex_IncN	eex_occupied	11	9	5	8
NZ_AP027766.1	Eex_IncN	eex_occupied	11	17	9	6
NZ_AP027777.1		candidate	11	-4	11	8
NZ_AP027794.1	Eex_IncN	eex_occupied	254	8	5	4
NZ_AP027802.1	Eex_IncN	eex_occupied	11	9	5	8
NZ_AP027817.1		candidate	-4	11	11	8
NZ_AP027823.1		candidate	10	190	12	7
NZ_AP027835.1	TrbK_RP4	eex_occupied	-47	12	12	6
NZ_AP027852.1	Eex_IncN	eex_occupied	254	8	5	4
NZ_AP027858.1		candidate	-4	11	11	7
NZ_AP027876.1		candidate	190	10	12	7
NZ_AP027901.1	Eex_IncN	eex_occupied	222	8	5	4
NZ_AP027948.1	Eex_IncN	eex_occupied	222	8	5	4
NZ_AP027955.1		candidate	-4	11	11	8
NZ_AP027959.1		candidate	-4	11	11	8
NZ_AP027962.1		candidate	-4	11	11	8
NZ_AP027974.1	Eex_IncN	eex_occupied	8	0	4	8
NZ_AP027975.1		candidate	-4	11	11	8
NZ_AP027981.1	Eex_IncN	eex_occupied	8	0	4	8
NZ_AP027982.1		candidate	-4	11	11	8
NZ_AP028315.1		candidate	-4	12	-4	4
NZ_AP028318.1		candidate	-4	12	-4	4
NZ_AP028343.1		candidate	-11	-4	0	6
NZ_AP028347.1		candidate	-4	-11	-4	5
NZ_AP028349.1		candidate	3	-11	3	6
NZ_AP028356.1		candidate	-4		0	6
NZ_AP028364.1		candidate	3	-11	3	6
NZ_AP028368.1		candidate	-11	-4	0	6
NZ_AP028372.1		candidate	-11	3	3	6
NZ_AP028373.1	Eex_IncN	eex_occupied	47	-59	1	6
NZ_AP028375.1		candidate	-11	3	3	6
NZ_AP028379.1		candidate	13	259	-4	5
NZ_AP028389.1		candidate	-62	20	0	7
NZ_AP028391.1		candidate	-4	-11	-4	5
NZ_AP028394.1		candidate	3	-11	3	6
NZ_AP028397.1		candidate	3	-11	3	6
NZ_AP028400.1		candidate	3	-11	3	6
NZ_AP028403.1		candidate	-62	38	0	3
NZ_AP028405.1	Eex_IncN	eex_occupied	48	-14	3	5
NZ_AP028406.1		candidate	3	-11	3	6
NZ_AP028410.1		candidate	-11	3	3	6
NZ_AP028411.1	Eex_IncN	eex_occupied	-14	48	9	6
NZ_AP028820.1	Eex_IncN	eex_occupied	12	1	5	4
NZ_AP028870.1	Eex_IncN	eex_occupied	11	9	5	7
NZ_AP028970.1		candidate	-4	65	4	5
NZ_AP029027.1		candidate	16	12	-1	9
NZ_AY365053.1	TrbK_RP4	eex_occupied	9	10	16	6
NZ_CP003997.1	Eex_IncN	eex_occupied	9	11	10	7
NZ_CP004395.1		candidate	1	14	-4	7
NZ_CP004396.1		candidate	-4	-4	-4	7
NZ_CP005085.1	Eex_IncN	eex_occupied	-4	21	3	8
NZ_CP005086.1		candidate	-1	22	-1	8
NZ_CP005089.1		candidate	43	-41	1	8
NZ_CP005192.1		candidate	40	2	1	8
NZ_CP005971.1		candidate	143	10	-4	5
NZ_CP005994.1	Eex_IncN	eex_occupied	14	11	2	6
NZ_CP006257.1		candidate	143	10	-4	5
NZ_CP006264.1	Eex_IncN	eex_occupied	12	1	5	5
NZ_CP006640.1	Eex_IncN	eex_occupied	3	18	2	6
NZ_CP006642.1	Eex_IncN	eex_occupied	11	17	9	6
NZ_CP006697.1		candidate	-31	3	2	5
NZ_CP006739.1		candidate	-31	63	2	6
NZ_CP006856.1		candidate	-8	47	1	8
NZ_CP006879.1		candidate	-7	-4	10	6
NZ_CP006880.1		candidate	1	2	-4	9
NZ_CP006987.1		candidate	-7	-4	10	6
NZ_CP006988.1		candidate	38	-7	8	6
NZ_CP007001.1		candidate	-4	3	3	6
NZ_CP007015.1		candidate	28	10	-4	4
NZ_CP007134.1	Eex_IncN	eex_occupied	12	1	5	5
NZ_CP007180.1		candidate	-4	-1	0	6
NZ_CP007182.1		candidate	-4	-11	12	6
NZ_CP007184.1		candidate	27	103	-1	2
NZ_CP007750.1		candidate	-11	-4	-4	5
NZ_CP007767.1		candidate	292	13	-4	5
NZ_CP008799.1	Eex_IncN	eex_occupied	11	9	9	6
NZ_CP008807.1		candidate	67	-29	2	8
NZ_CP008809.1		candidate	12	-4	12	5
NZ_CP008811.1		candidate	3	-4	6	4
NZ_CP008900.1		candidate	30	98	-4	5
NZ_CP008901.1	Eex_IncN	eex_occupied	7	15	17	6
NZ_CP008908.1	Eex_IncN	eex_occupied	7	15	17	6
NZ_CP008988.1		candidate	-8	47	1	8
NZ_CP008991.1		candidate	-8	47	1	8
NZ_CP008994.1		candidate	-8	47	2	8
NZ_CP008997.1		candidate	-8	47	1	8
NZ_CP009000.1		candidate	-8	47	1	8
NZ_CP009003.1		candidate	-8	47	1	8
NZ_CP009006.1		candidate	-8	47	2	8
NZ_CP009009.1		candidate	-8	47	1	8
NZ_CP009012.1		candidate	-8	47	1	8
NZ_CP009015.1		candidate	-8	47	1	8
NZ_CP009018.1		candidate	-8	47	1	8
NZ_CP009021.1		candidate	-8	47	2	8
NZ_CP009024.1		candidate	-8	47	2	8
NZ_CP009027.1		candidate	-8	47	2	8
NZ_CP009103.1	Eex_IncN	eex_occupied	11	14	4	8
NZ_CP009126.1	Eex_IncN	eex_occupied	14	-4	9	6
NZ_CP009145.1	Eex_IncN	eex_occupied	-4	5	-1	5
NZ_CP009154.1	Eex_IncN	eex_occupied	152	11	7	7
NZ_CP009296.1		candidate	43	2	1	8
NZ_CP009320.1		candidate	193	-4	26	4
NZ_CP009359.1		candidate	192	8	-4	7
NZ_CP009629.1		candidate	13	11	12	5
NZ_CP009710.1		candidate	65	-4	4	5
NZ_CP009767.1	Eex_IncN	eex_occupied	9	0	4	7
NZ_CP009776.1	Eex_IncN	eex_occupied	11	9	9	6
NZ_CP009791.1		candidate	45	50	2	5
NZ_CP009797.1	TrbK_RP4	eex_occupied	9	10	16	6
NZ_CP009824.1		candidate	-31	3	3	5
NZ_CP009825.1		candidate	45	294	2	3
NZ_CP009827.1		candidate	60	50	-1	7
NZ_CP009849.1		candidate	-26	10	10	4
NZ_CP009862.1	Eex_IncN	eex_occupied	7	15	17	6
NZ_CP009864.1	Eex_IncN	eex_occupied	7	15	17	6
NZ_CP009874.1	Eex_IncN	eex_occupied	7	15	17	6
NZ_CP009963.1		candidate	-8	34	-1	7
NZ_CP009975.1		candidate	-4	12	2	6
NZ_CP010073.1		candidate	3	-11	3	6
NZ_CP010074.1		candidate	103	30	-1	2
NZ_CP010155.1	Eex_IncN	eex_occupied	9	11	5	8
NZ_CP010194.1	Eex_IncN	eex_occupied	59	0	-1	8
NZ_CP010220.1	Eex_IncN	eex_occupied	222	8	5	4
NZ_CP010302.1		candidate	3	-11	3	6
NZ_CP010303.1		candidate	103	30	-1	2
NZ_CP010360.2		candidate	-4	12	-4	7
NZ_CP010370.2		candidate	199	62	10	7
NZ_CP010378.1	Eex_IncN	eex_occupied	16	9	15	6
NZ_CP010380.1		candidate	12	-4		0
NZ_CP010382.1	Eex_IncN	eex_occupied	16	9	15	6
NZ_CP010395.1	Eex_IncN	eex_occupied	9	11	5	7
NZ_CP010399.1		candidate	199	62	10	7
NZ_CP010418.1	TrbK_RP4	eex_occupied	9	15	11	6
NZ_CP010590.1		candidate	2	17	-4	7
NZ_CP010601.1		candidate	2	17	-4	7
NZ_CP010603.1		candidate	0	8	2	7
NZ_CP010606.1		candidate	11	4	-4	8
NZ_CP010611.1		candidate	2	14	-1	7
NZ_CP010615.1		candidate	11	4	-4	8
NZ_CP010616.1		candidate	13	1	1	8
NZ_CP010619.1		candidate	1	14	-4	7
NZ_CP010621.1		candidate	12	1	2	9
NZ_CP010631.1		candidate	2	17	-4	7
NZ_CP010634.1		candidate	11	4	-4	8
NZ_CP010635.1		candidate	13	1	1	8
NZ_CP010638.1		candidate	2	17	-4	7
NZ_CP010640.1		candidate	-4	3	6	6
NZ_CP010645.1	Eex_IncN	eex_occupied	30	9	-1	8
NZ_CP010647.1		candidate	13	1	0	7
NZ_CP010649.1		candidate	-1	2	4	8
NZ_CP010652.1		candidate	2	15	-1	7
NZ_CP010654.1		candidate	12	1	2	9
NZ_CP010658.1		candidate	2	14	-1	7
NZ_CP010662.1		candidate	2	14	-1	7
NZ_CP010666.1		candidate	11	4	-4	8
NZ_CP010667.1		candidate	13	1	1	8
NZ_CP010675.1		candidate	2	17	-4	7
NZ_CP010679.1		candidate	13	1	1	8
NZ_CP010691.1	Eex_IncN	eex_occupied	30	9	-1	8
NZ_CP010693.1		candidate	13	1	0	7
NZ_CP010695.1		candidate	-1	2	4	8
NZ_CP010698.1		candidate	0	8	2	7
NZ_CP010699.1		candidate	1	14	-4	7
NZ_CP010700.1		candidate	-1	2	4	8
NZ_CP010707.1		candidate	2	17	-4	7
NZ_CP010709.1		candidate	0	8	2	7
NZ_CP010712.1		candidate	11	4	-4	8
NZ_CP010713.1		candidate	13	1	1	8
NZ_CP010716.1		candidate	2	14	-1	7
NZ_CP010727.1		candidate	4	14	-1	7
NZ_CP010728.1		candidate	-1	-4	4	7
NZ_CP010729.1		candidate	0	8	5	7
NZ_CP010730.1		candidate	-4	3	6	6
NZ_CP010737.1		candidate	1	14	-4	7
NZ_CP010740.1		candidate	13	1	1	8
NZ_CP010750.1		candidate	2	14	-1	7
NZ_CP010754.1		candidate	11	4	-4	8
NZ_CP010755.1		candidate	13	1	1	8
NZ_CP010758.1		candidate	2	17	-4	7
NZ_CP010760.1		candidate	0	8	2	7
NZ_CP010763.1		candidate	11	4	-4	8
NZ_CP010764.1		candidate	13	1	1	8
NZ_CP010769.1		candidate	2	14	-1	7
NZ_CP010770.1		candidate	2	17	-4	7
NZ_CP010771.1		candidate	-4	3	6	6
NZ_CP010774.1		candidate	11	4	-4	8
NZ_CP010787.1		candidate	-4	3	6	6
NZ_CP010790.1		candidate	13	1	1	8
NZ_CP010791.1		candidate	2	17	-4	7
NZ_CP010807.1	Eex_IncN	eex_occupied	30	9	-1	8
NZ_CP010810.1		candidate	-1	2	4	8
NZ_CP010871.1		candidate	2	17	-4	7
NZ_CP010872.1		candidate	16	2	2	4
NZ_CP010881.1	Eex_IncN	eex_occupied	11	9	5	7
NZ_CP010893.1		candidate	15	15	-4	7
NZ_CP010898.2		candidate	52	-8	-4	7
NZ_CP010903.1		candidate	11	162	7	9
NZ_CP010955.1	Eex_IncN	eex_occupied	10	9	17	6
NZ_CP010956.1	Eex_IncN	eex_occupied	-4	21	-4	9
NZ_CP011016.1	Eex_IncN	eex_occupied	48	-14	3	5
NZ_CP011017.1		candidate	-11	-4	0	6
NZ_CP011162.1		candidate	-8	46	2	6
NZ_CP011251.1		candidate	-8	50	1	8
NZ_CP011290.1		candidate	11	-4	11	8
NZ_CP011291.1	Eex_IncN	eex_occupied	8	222	5	4
NZ_CP011293.1		candidate	11	-4	11	8
NZ_CP011294.1	Eex_IncN	eex_occupied	8	222	5	4
NZ_CP011408.1		candidate	29	3	9	8
NZ_CP011413.1		candidate	-4	72	-4	6
NZ_CP011431.1	Eex_IncN	eex_occupied	8	0	4	8
NZ_CP011518.2		candidate	-8	46	-4	7
NZ_CP011519.2		candidate	-8	46	-4	8
NZ_CP011521.2	Eex_IncN	eex_occupied	10	12	1	6
NZ_CP011571.1		candidate	14	2	-4	6
NZ_CP011580.1		candidate	2	14	-4	6
NZ_CP011583.1		candidate	14	2	-4	6
NZ_CP011588.1	Eex_IncN	eex_occupied	11	8	7	8
NZ_CP011589.1	Eex_IncN	eex_occupied	15	7	17	6
NZ_CP011639.1	Eex_IncN	eex_occupied	11	8	7	8
NZ_CP011645.1	Eex_IncN	eex_occupied	46	3	5	5
NZ_CP011649.1		candidate	2	14	-4	6
NZ_CP011661.1		candidate	14	2	-4	6
NZ_CP011808.2		candidate	-8	46	-4	8
NZ_CP011809.2		candidate	46	-8	-4	6
NZ_CP011928.1		candidate	20	-29	2	6
NZ_CP011963.1		candidate	-8	51	1	8
NZ_CP011978.1	Eex_IncN	eex_occupied	46	3	5	5
NZ_CP011983.1	Eex_IncN	eex_occupied	11	9	5	7
NZ_CP011987.1	Eex_IncN	eex_occupied	11	9	5	7
NZ_CP012003.1		candidate	-8	50	1	8
NZ_CP012049.1		candidate	6	567	26	6
NZ_CP012058.1		candidate	6	567	26	6
NZ_CP012061.1		candidate	6	567	26	6
NZ_CP012064.1		candidate	6	567	26	6
NZ_CP012143.1	Eex_IncN	eex_occupied	15	7	17	7
NZ_CP012163.1	Eex_IncN	eex_occupied	17	11	9	4
NZ_CP012168.1		candidate	12	-4	-4	7
NZ_CP012563.1	Eex_IncN	eex_occupied	11	9	5	7
NZ_CP012702.1		candidate	43	2	1	8
NZ_CP012734.1	Eex_IncN	eex_occupied	0	8	4	8
NZ_CP012834.1		candidate	8	81	-4	5
NZ_CP012909.1		candidate	19	3	-4	7
NZ_CP012922.1	Eex_IncN	eex_occupied	11	14	4	8
NZ_CP012926.1	Eex_IncN	eex_occupied	11	14	4	8
NZ_CP012941.1		candidate	-4	-4	8	5
NZ_CP012990.1	Eex_IncN	eex_occupied	11	9	5	7
NZ_CP012995.1	Eex_IncN	eex_occupied	11	9	5	7
NZ_CP013003.1	Eex_IncN	eex_occupied	-1	15	-4	7
NZ_CP013035.1		candidate	-11	-4	-4	5
NZ_CP013052.1		candidate	25	232	2	10
NZ_CP013053.1		candidate	-7	-4	10	6
NZ_CP013054.1	Eex_IncN	eex_occupied	-4	5	4	7
NZ_CP013108.1		candidate	25	232	2	10
NZ_CP013109.1		candidate	-7	-4	10	6
NZ_CP013110.1	Eex_IncN	eex_occupied	5	-4	4	7
NZ_CP013250.1		candidate	-4	10	10	4
NZ_CP013266.1	Eex_IncN	eex_occupied	29	3	1	7
NZ_CP013379.1		candidate	104	166	16	6
NZ_CP013482.1		candidate	41	13	15	7
NZ_CP013488.1		candidate	3	3	3	4
NZ_CP013492.1	Eex_IncN	eex_occupied	-4	3	-4	7
NZ_CP013494.1	Eex_IncN	eex_occupied	2	-4	8	8
NZ_CP013497.1	Eex_IncN	eex_occupied	-4	3	-4	7
NZ_CP013499.1	Eex_IncN	eex_occupied	2	-4	8	8
NZ_CP013502.1	Eex_IncN	eex_occupied	-4	3	-4	7
NZ_CP013504.1	Eex_IncN	eex_occupied	2	-4	8	8
NZ_CP013508.1	Eex_IncN	eex_occupied	-4	3	-4	7
NZ_CP013510.1	Eex_IncN	eex_occupied	2	-4	8	8
NZ_CP013514.1	Eex_IncN	eex_occupied	-4	2	5	6
NZ_CP013519.1	Eex_IncN	eex_occupied	-4	3	-4	7
NZ_CP013521.1	Eex_IncN	eex_occupied	2	-4	8	8
NZ_CP013526.1	Eex_IncN	eex_occupied	2	-4	5	6
NZ_CP013530.1	Eex_IncN	eex_occupied	-4	2	-4	7
NZ_CP013531.1	Eex_IncN	eex_occupied	2	-4	5	6
NZ_CP013535.1	Eex_IncN	eex_occupied	-4	2	-4	7
NZ_CP013540.1	Eex_IncN	eex_occupied	-4	2	-4	7
NZ_CP013541.1	Eex_IncN	eex_occupied	2	-4	5	6
NZ_CP013544.1	Eex_IncN	eex_occupied	-4	3	-4	7
NZ_CP013546.1	Eex_IncN	eex_occupied	2	-4	5	6
NZ_CP013550.1	Eex_IncN	eex_occupied	-4	2	-4	7
NZ_CP013555.1	Eex_IncN	eex_occupied	-4	2	5	6
NZ_CP013561.1	Eex_IncN	eex_occupied	-4	2	5	6
NZ_CP013562.1	Eex_IncN	eex_occupied	2	-4	5	6
NZ_CP013566.1	Eex_IncN	eex_occupied	-4	2	5	6
NZ_CP013572.1	Eex_IncN	eex_occupied	-4	2	-4	7
NZ_CP013573.1	Eex_IncN	eex_occupied	2	-4	5	6
NZ_CP013578.1	Eex_IncN	eex_occupied	-4	2	-4	7
NZ_CP013579.1	Eex_IncN	eex_occupied	2	-4	5	6
NZ_CP013583.1	Eex_IncN	eex_occupied	-4	2	-4	7
NZ_CP013584.1	Eex_IncN	eex_occupied	2	-4	5	6
NZ_CP013587.1	Eex_IncN	eex_occupied	-4	2	5	6
NZ_CP013589.1	Eex_IncN	eex_occupied	2	-4	5	6
NZ_CP013592.1	Eex_IncN	eex_occupied	-4	3	-4	7
NZ_CP013594.1	Eex_IncN	eex_occupied	2	-4	8	8
NZ_CP013598.1	Eex_IncN	eex_occupied	-4	3	-4	7
NZ_CP013600.1	Eex_IncN	eex_occupied	2	-4	8	8
NZ_CP013604.1	Eex_IncN	eex_occupied	-4	2	5	6
NZ_CP013633.1	Eex_IncN	eex_occupied	-4	2	5	8
NZ_CP013664.1		candidate	-8	47	1	8
NZ_CP013734.1		candidate	114	32	-1	2
NZ_CP013735.1		candidate	-4	-11	0	6
NZ_CP013736.1	Eex_IncN	eex_occupied	-47	43	9	6
NZ_CP013795.1	Eex_IncN	eex_occupied	9	11	-4	7
NZ_CP013814.1	Eex_IncN	eex_occupied	9	11	-4	7
NZ_CP013819.1	Eex_IncN	eex_occupied	9	11	-4	7
NZ_CP014006.1	Eex_IncN	eex_occupied	9	11	5	7
NZ_CP014069.2	Eex_IncN	eex_occupied	9	11	5	7
NZ_CP014308.1		candidate	157	59	-1	6
NZ_CP014309.1		candidate	59	157	-1	7
NZ_CP014524.1	Eex_IncN	eex_occupied	7	15	17	6
NZ_CP014570.1	Eex_IncN	eex_occupied	51	28	9	5
NZ_CP014743.1		candidate	-11	3	3	5
NZ_CP014745.1		candidate	-11	-4	0	6
NZ_CP014746.1		candidate	30	103	-1	2
NZ_CP014764.1		candidate	0	3	-1	5
NZ_CP014801.1		candidate	0	-11	-1	7
NZ_CP014802.1		candidate	36	-1	1	7
NZ_CP014974.1	Eex_IncN	eex_occupied	9	0	4	8
NZ_CP015007.1		candidate	17	202	-4	7
NZ_CP015008.1		candidate	-7	-4	-8	6
NZ_CP015009.1		candidate	-4	-7	10	6
NZ_CP015063.1		candidate	-4	8	-4	7
NZ_CP015073.1		candidate	3	0	-1	5
NZ_CP015078.1	Eex_IncN	eex_occupied	9	16	15	6
NZ_CP015092.1		candidate	2	111	-4	7
NZ_CP015322.1		candidate	-4	-4	12	8
NZ_CP015373.1	TrbK_RP4	eex_occupied	10	9	17	4
NZ_CP015390.1		candidate	72	9	-4	4
NZ_CP015505.1	Eex_IncN	eex_occupied	18	3	2	6
NZ_CP015522.1		candidate	131	-1	30	7
NZ_CP015617.1		candidate	62	200	10	7
NZ_CP015741.1		candidate	-4	-7	10	6
NZ_CP015742.1		candidate	6	4	-4	7
NZ_CP015743.1		candidate	6	4	-4	7
NZ_CP015745.1		candidate	-7	4	9	6
NZ_CP015746.1		candidate	-7	-4	10	6
NZ_CP015881.1	Eex_IncN	eex_occupied	22	-4	4	6
NZ_CP015913.1	Eex_IncN	eex_occupied		8	5	4
NZ_CP015989.1	Eex_IncN	eex_occupied	-4	18	2	8
NZ_CP016008.1		candidate	10	145	13	5
NZ_CP016011.1		candidate	8	81	-4	5
NZ_CP016024.1		candidate	117	28	-4	5
NZ_CP016080.1		candidate	12	2	-4	7
NZ_CP016185.1	Eex_IncN	eex_occupied	222	8	5	4
NZ_CP016186.1	Eex_IncN	eex_occupied	222	8	5	4
NZ_CP016187.1	Eex_IncN	eex_occupied	222	8	5	4
NZ_CP016287.1	Eex_IncN	eex_occupied	-4	3	-1	7
NZ_CP016290.1		candidate	-4	4	10	6
NZ_CP016292.1		candidate	-4	-7	-8	3
NZ_CP016367.1		candidate	2	3	3	8
NZ_CP016388.1	Eex_IncN	eex_occupied	12	1	5	4
NZ_CP016405.1	Eex_IncN	eex_occupied	254	8	5	4
NZ_CP016446.1	Eex_IncN	eex_occupied	12	5	2	6
NZ_CP016451.1		candidate	-7	-4	9	6
NZ_CP016500.1		candidate	-1	122	14	7
NZ_CP016506.1	Eex_IncN	eex_occupied	11	14	4	8
NZ_CP016509.1	Eex_IncN	eex_occupied	11	14	4	8
NZ_CP016512.1	Eex_IncN	eex_occupied	11	14	4	8
NZ_CP016515.1	Eex_IncN	eex_occupied	11	14	4	8
NZ_CP016518.1	Eex_IncN	eex_occupied	11	14	4	8
NZ_CP016524.1	Eex_IncN	eex_occupied	11	14	4	8
NZ_CP016529.1	Eex_IncN	eex_occupied	11	14	4	8
NZ_CP016531.1	Eex_IncN	eex_occupied	11	14	4	8
NZ_CP016547.1	Eex_IncN	eex_occupied	77	3	5	4
NZ_CP016550.1		candidate	11	-4	11	8
NZ_CP016562.1	Eex_IncN	eex_occupied	11	14	4	8
NZ_CP016564.1	Eex_IncN	eex_occupied	11	14	4	8
NZ_CP016567.1	Eex_IncN	eex_occupied	11	14	4	8
NZ_CP016571.1	Eex_IncN	eex_occupied	11	14	4	8
NZ_CP016575.1	Eex_IncN	eex_occupied	14	11	4	8
NZ_CP016578.1	Eex_IncN	eex_occupied	11	14	4	8
NZ_CP016580.1	Eex_IncN	eex_occupied	11	14	4	8
NZ_CP016583.1	Eex_IncN	eex_occupied	11	14	4	8
NZ_CP016587.1	Eex_IncN	eex_occupied	11	14	4	8
NZ_CP016593.1		candidate	19	3	-4	7
NZ_CP016611.1	Eex_IncN	eex_occupied	12	5	12	6
NZ_CP016831.1	Eex_IncN	eex_occupied	11	14	-1	8
NZ_CP016834.1	Eex_IncN	eex_occupied	14	11	-1	8
NZ_CP016850.1		candidate	-4	13	11	6
NZ_CP016879.1	Eex_IncN	eex_occupied	40	4	10	5
NZ_CP017011.1		candidate	29	-8	2	8
NZ_CP017026.1		candidate	-11	-4	9	6
NZ_CP017030.1		candidate	-11	-4	0	6
NZ_CP017056.1	Eex_IncN	eex_occupied	12	18	2	6
NZ_CP017058.1		candidate	11	-4	-4	7
NZ_CP017076.1		candidate	20	3	-4	6
NZ_CP017078.1		candidate	-4	-1	-4	6
NZ_CP017102.1		candidate	-7	-4	-8	5
NZ_CP017104.1		candidate	-7	-4	10	6
NZ_CP017105.1		candidate	1	2	-4	9
NZ_CP017148.1		candidate	-4	-4	-4	8
NZ_CP017192.1		candidate	50	-8	-4	6
NZ_CP017222.1	Eex_IncN	eex_occupied	0	9	4	8
NZ_CP017230.1		candidate	-4	-11	0	6
NZ_CP017233.1	Eex_IncN	eex_occupied	0	9	18	3
NZ_CP017242.1		candidate	-7	-4	10	3
NZ_CP017243.1	Eex_IncN	eex_occupied	-4	2	5	7
NZ_CP017294.1		candidate	12	-4	-4	7
NZ_CP017309.1	Eex_IncN	eex_occupied	19	185	9	5
NZ_CP017318.1		candidate	-4	215	66	6
NZ_CP017322.1	Eex_IncN	eex_occupied	19	185	28	2
NZ_CP017325.1		candidate	-4	215	19	7
NZ_CP017416.1		candidate	-4	-11	-4	7
NZ_CP017418.1		candidate	-4	-11	0	6
NZ_CP017419.1		candidate	3	-11	3	6
NZ_CP017455.1	TrbK_RP4	eex_occupied	9	10	16	6
NZ_CP017564.2		candidate	33	-4	26	3
NZ_CP017725.1	Eex_IncN	eex_occupied	7	15	17	7
NZ_CP017760.1	TrbK_RP4	eex_occupied	11	9	16	6
NZ_CP017782.1		candidate	-4	14	-4	4
NZ_CP017854.1		candidate	3	-11	3	6
NZ_CP017857.1		candidate	3	-11	3	6
NZ_CP017861.1		candidate		-4	0	6
NZ_CP017866.1		candidate	-4	-11	-4	4
NZ_CP017867.1	Eex_IncN	eex_occupied	-14	48	9	6
NZ_CP017869.1		candidate	-4	-11	-4	5
NZ_CP017870.1	Eex_IncN	eex_occupied	-53	48	9	5
NZ_CP017872.1		candidate	-4	-11	-4	5
NZ_CP017874.1	Eex_IncN	eex_occupied	-14	48	9	6
NZ_CP017876.1	Eex_IncN	eex_occupied	-47	43	3	4
NZ_CP017877.1		candidate	-11	3	3	5
NZ_CP017879.1		candidate	-4	-11	-4	5
NZ_CP017880.1	Eex_IncN	eex_occupied	-14	48	9	6
NZ_CP017943.1		candidate	-7	-4	9	6
NZ_CP017947.1		candidate	8	190	-1	8
NZ_CP018078.1		candidate	17	2	-1	7
NZ_CP018081.1		candidate	7	0	5	2
NZ_CP018106.1	Eex_IncN	eex_occupied	222	8	5	5
NZ_CP018112.1	Eex_IncN	eex_occupied	222	8	5	5
NZ_CP018118.1	Eex_IncN	eex_occupied	222	8	5	5
NZ_CP018124.1	Eex_IncN	eex_occupied	222	8	5	5
NZ_CP018207.1	Eex_IncN	eex_occupied	11	17	9	6
NZ_CP018222.1	Eex_IncN	eex_occupied	-1	11	-4	8
NZ_CP018224.1	Eex_IncN	eex_occupied	9	10	13	7
NZ_CP018225.1	Eex_IncN	eex_occupied	-4	21	-4	9
NZ_CP018234.1		candidate	-4	13	-1	8
NZ_CP018235.1		candidate	47	67	10	6
NZ_CP018320.1		candidate	-8	27	3	8
NZ_CP018423.1	Eex_IncN	eex_occupied	11	9	9	6
NZ_CP018429.1	Eex_IncN	eex_occupied	11	9	9	6
NZ_CP018435.1	Eex_IncN	eex_occupied	11	9	9	6
NZ_CP018465.1		candidate	-8	50	1	7
NZ_CP018466.1		candidate	58	166	15	5
NZ_CP018469.1		candidate	6	357	24	8
NZ_CP018471.1	TrbK_RP4	eex_occupied	9	10	3	5
NZ_CP018474.1		candidate	367	58	18	7
NZ_CP018476.1	Eex_IncN	eex_occupied	0	49	12	6
NZ_CP018643.1	TraS	eex_occupied	7	15	17	7
NZ_CP018646.1	Eex_IncN	eex_occupied	15	7	17	7
NZ_CP018649.1	Eex_IncN	eex_occupied	7	15	17	6
NZ_CP018662.1	Eex_IncN	eex_occupied	9	0	4	8
NZ_CP018727.1		candidate	6	357	26	5
NZ_CP018734.1		candidate	367	58	25	5
NZ_CP018781.1		candidate	-14	28	-1	9
NZ_CP018792.1	Eex_IncN	eex_occupied	49	-56	12	6
NZ_CP018794.1	Eex_IncN	eex_occupied	55	-47	12	6
NZ_CP018849.1		candidate	47	-8	1	8
NZ_CP018852.1		candidate	-8	47	1	8
NZ_CP018853.1	Eex_IncN	eex_occupied	0	49	12	6
NZ_CP018856.1		candidate	47	-8	1	8
NZ_CP018857.1	Eex_IncN	eex_occupied	49	0	12	6
NZ_CP018860.1		candidate	-8	47	1	8
NZ_CP018884.1	Eex_IncN	eex_occupied	15	7	17	6
NZ_CP018887.1	Eex_IncN	eex_occupied	7	15	17	6
NZ_CP018922.1	Eex_IncN	eex_occupied	12	11	12	6
NZ_CP018945.1	Eex_IncN	eex_occupied	15	7	17	6
NZ_CP018950.1		candidate	10	-4	11	8
NZ_CP018951.1	Eex_IncN	eex_occupied	9	11	5	7
NZ_CP018963.1	Eex_IncN	eex_occupied	15	7	17	6
NZ_CP018977.1	Eex_IncN	eex_occupied	15	7	17	6
NZ_CP018988.1	Eex_IncN	eex_occupied	3	18	2	6
NZ_CP019006.1	Eex_IncN	eex_occupied	7	15	17	6
NZ_CP019016.1		candidate	-4	10	11	8
NZ_CP019026.1	Eex_IncN	eex_occupied	15	7	17	6
NZ_CP019036.1		candidate	147	142	19	8
NZ_CP019052.1	Eex_IncN	eex_occupied	12	1	5	4
NZ_CP019072.1		candidate	-1	11	13	8
NZ_CP019073.1	Eex_IncN	eex_occupied	11	9	5	7
NZ_CP019180.1	Eex_IncN	eex_occupied	9	0	10	8
NZ_CP019191.1	Eex_IncN	eex_occupied	12	11	12	5
NZ_CP019199.1	Eex_IncN	eex_occupied	12	1	5	5
NZ_CP019227.1		candidate	-8	51	1	8
NZ_CP019238.1	TrbK_RP4	eex_occupied	10	9	16	6
NZ_CP019254.1	Eex_IncN	eex_occupied	8	222	5	4
NZ_CP019264.1	Eex_IncN	eex_occupied	3	46	5	5
NZ_CP019277.1	Eex_IncN	eex_occupied	222	8	5	4
NZ_CP019284.1	Eex_IncN	eex_occupied	7	15	17	3
NZ_CP019296.1	Eex_IncN	eex_occupied	19	13	-4	3
NZ_CP019297.1		candidate	2	-4	2	5
NZ_CP019393.1	Eex_IncN	eex_occupied	46	3	5	5
NZ_CP019439.1		candidate	2	14	-1	7
NZ_CP019483.1	Eex_IncN	eex_occupied	5	-4	-1	5
NZ_CP019486.1	Eex_IncN	eex_occupied	5	-4	-1	5
NZ_CP019585.1	Eex_IncN	eex_occupied	5	-4	4	2
NZ_CP019632.1		candidate	-29	20	15	4
NZ_CP019690.1	Eex_IncN	eex_occupied	222	8	5	4
NZ_CP019908.1		candidate	11	-4	11	8
NZ_CP019949.1		candidate	12	-47	8	8
NZ_CP020036.1		candidate	-4	10	10	5
NZ_CP020047.1	Eex_IncN	eex_occupied	103	10	5	6
NZ_CP020059.1	Eex_IncN	eex_occupied	15	7	17	6
NZ_CP020066.1	Eex_IncN	eex_occupied	7	15	17	6
NZ_CP020078.1		candidate	-4	10	10	5
NZ_CP020080.1	Eex_IncN	eex_occupied	13	19	2	4
NZ_CP020081.1		candidate	-4	2	2	5
NZ_CP020088.1	Eex_IncN	eex_occupied	0	8	4	8
NZ_CP020090.1	Eex_IncN	eex_occupied	9		5	7
NZ_CP020111.1	Eex_IncN	eex_occupied	11	9	5	7
NZ_CP020332.1		candidate	-4	-4	-4	7
NZ_CP020344.1	Eex_IncN	eex_occupied	11	17	10	4
NZ_CP020374.1		candidate	10	7	10	6
NZ_CP020376.1		candidate	11	-4	11	8
NZ_CP020393.1		candidate	13	11	12	5
NZ_CP020416.2		candidate	-14	234	12	7
NZ_CP020444.2		candidate	-1	5	4	6
NZ_CP020475.1		candidate	15	2	-1	7
NZ_CP020480.1		candidate	10	-1	-1	3
NZ_CP020505.1	Eex_IncN	eex_occupied	9	11	7	8
NZ_CP020512.1	Eex_IncN	eex_occupied	9	11	5	7
NZ_CP020539.1	Eex_IncN	eex_occupied	17	-1	-4	7
NZ_CP020548.1	Eex_IncN	eex_occupied	8	222	5	4
NZ_CP020602.1		candidate	3	0	-1	5
NZ_CP020696.1		candidate	2	17	-4	7
NZ_CP020697.1		candidate	0	8	2	7
NZ_CP020775.1		candidate	3	-11	3	6
NZ_CP020836.1	Eex_IncN	eex_occupied	0	8	4	7
NZ_CP020839.1	Eex_IncN	eex_occupied	9	11	9	6
NZ_CP020871.1	Eex_IncN	eex_occupied	5	12	12	6
NZ_CP020884.1		candidate	217	370	18	7
NZ_CP020887.1	Eex_IncN	eex_occupied	183	19	9	5
NZ_CP020891.1		candidate	370	217	18	7
NZ_CP020898.1	Eex_IncN	eex_occupied	-4	3	-4	7
NZ_CP020905.1		candidate	9	75	-4	4
NZ_CP020910.1		candidate	-4	-7	9	6
NZ_CP020911.1	Eex_IncN	eex_occupied	2	-4	5	6
NZ_CP020949.1		candidate	-7	-4	10	6
NZ_CP020950.1	Eex_IncN	eex_occupied	-4	2	5	6
NZ_CP020965.2		candidate	166	58	26	4
NZ_CP020968.2		candidate	567	6	26	6
NZ_CP020972.1		candidate	567	6	26	6
NZ_CP020976.2		candidate	166	58	26	4
NZ_CP020982.2		candidate	6	567	26	6
NZ_CP020984.2		candidate	567	6	26	6
NZ_CP020986.2		candidate	567	6	26	6
NZ_CP020988.2		candidate	567	6	26	6
NZ_CP020990.2		candidate	567	6	26	6
NZ_CP021004.2		candidate	3	0	10	5
NZ_CP021017.2		candidate	567	6	26	6
NZ_CP021019.2		candidate	567	6	26	6
NZ_CP021021.2		candidate	0	3	10	4
NZ_CP021022.2		candidate	-8	50	1	8
NZ_CP021027.1	Eex_IncN	eex_occupied	-4	2	-4	7
NZ_CP021031.1		candidate	24	172	9	7
NZ_CP021033.1	Eex_IncN	eex_occupied	2	-4	-4	7
NZ_CP021042.1		candidate	2	17	-4	7
NZ_CP021049.1		candidate	2	17	-4	7
NZ_CP021125.1	Eex_IncN	eex_occupied	-4	2	5	6
NZ_CP021128.1	Eex_IncN	eex_occupied	-4	3	-1	6
NZ_CP021133.1		candidate	13	-4	11	6
NZ_CP021134.1		candidate	29	-8	27	6
NZ_CP021148.1		candidate	-4	10	10	5
NZ_CP021150.1		candidate	14	-34	-4	4
NZ_CP021154.1		candidate	-1	548	-1	5
NZ_CP021156.1		candidate	73	39	123	3
NZ_CP021205.1	Eex_IncN	eex_occupied	1	12	5	4
NZ_CP021214.1		candidate	-4	-7	11	4
NZ_CP021216.1		candidate	-4	-7	10	6
NZ_CP021217.1	Eex_IncN	eex_occupied	-4	22	-1	4
NZ_CP021369.1		candidate	48	20	16	3
NZ_CP021406.1		candidate	111	1	-1	7
NZ_CP021418.1		candidate	11	-4	11	8
NZ_CP021419.1		candidate	11	-4	11	8
NZ_CP021432.1		candidate	-4	-1	2	7
NZ_CP021534.1	Eex_IncN	eex_occupied	11	9	5	7
NZ_CP021542.1	Eex_IncN	eex_occupied	9	11	5	7
NZ_CP021546.1	Eex_IncN	eex_occupied	46	3	5	5
NZ_CP021650.1	TrbK_RP4	eex_occupied	9	10	16	6
NZ_CP021657.1		candidate	11	12	-1	5
NZ_CP021661.1		candidate	77	64	212	4
NZ_CP021681.1	Eex_IncN	eex_occupied	11	17	9	6
NZ_CP021682.1	Eex_IncN	eex_occupied	11	9	5	7
NZ_CP021715.1	Eex_IncN	eex_occupied	9	11	9	5
NZ_CP021730.1	Eex_IncN	eex_occupied	7	15	17	7
NZ_CP021735.1		candidate	-4	11	11	6
NZ_CP021738.1	Eex_IncN	eex_occupied	11	9	5	7
NZ_CP021754.1	Eex_IncN	eex_occupied	46	3	5	5
NZ_CP021759.1	Eex_IncN	eex_occupied	11	9	5	7
NZ_CP021794.1	Eex_IncN	eex_occupied	-4	22	-1	5
NZ_CP021798.1	Eex_IncN	eex_occupied	-4		-1	5
NZ_CP021801.1	Eex_IncN	eex_occupied	-4	22	-1	5
NZ_CP021803.1		candidate	-11	15	-1	9
NZ_CP021805.1	Eex_IncN	eex_occupied	22	-4	-1	5
NZ_CP021807.1		candidate	232	26	3	10
NZ_CP021809.1	Eex_IncN	eex_occupied	-4	5	-1	5
NZ_CP021811.1		candidate	-7	-4	6	6
NZ_CP021813.1	Eex_IncN	eex_occupied	5	-4	-1	5
NZ_CP021816.1		candidate	-4	-7	10	6
NZ_CP021819.1	Eex_IncN	eex_occupied	-4	22	4	4
NZ_CP021836.1	Eex_IncN	eex_occupied	11	9	9	6
NZ_CP021887.1		candidate	-4	-11	-4	5
NZ_CP021915.1		candidate	0	7	0	7
NZ_CP021916.1		candidate	2	17	2	5
NZ_CP022061.1	Eex_IncN	eex_occupied	0	9	4	8
NZ_CP022078.1		candidate	-4	-11	0	6
NZ_CP022119.1	Eex_IncN	eex_occupied	11	11	18	4
NZ_CP022157.1	Eex_IncN	eex_occupied	15	7	17	7
NZ_CP022158.1	Eex_IncN	eex_occupied	11	9	7	8
NZ_CP022197.1		candidate	-4	-4	-4	7
NZ_CP022212.1		candidate	-4	193	26	4
NZ_CP022220.1		candidate	-1	-4	-1	5
NZ_CP022265.1	Eex_IncN	eex_occupied	49	0	12	6
NZ_CP022276.1	Eex_IncN	eex_occupied	7	13	4	6
NZ_CP022281.1	Eex_IncN	eex_occupied	8	0	4	8
NZ_CP022351.1	Eex_IncN	eex_occupied	9	11	5	7
NZ_CP022370.1		candidate	20	-4	-4	8
NZ_CP022418.1	Eex_IncN	eex_occupied	-4	8	-1	8
NZ_CP022419.1		candidate	115	1	1	7
NZ_CP022420.1		candidate	3	2	3	8
NZ_CP022421.1		candidate	-4	0	5	7
NZ_CP022422.1		candidate	1	16	1	7
NZ_CP022452.1	Eex_IncN	eex_occupied	222	8	5	3
NZ_CP022471.1		candidate	-4	-11	0	6
NZ_CP022575.1	Eex_IncN	eex_occupied	9	11	5	7
NZ_CP022666.1	Eex_IncN	eex_occupied	-4	3	-1	7
NZ_CP022669.1		candidate	-7	-7	10	6
NZ_CP022694.2	Eex_IncN	eex_occupied	9	11	5	7
NZ_CP022749.1		candidate	43	2	1	8
NZ_CP022750.1		candidate	158	43	-4	9
NZ_CP022964.1	Eex_IncN	eex_occupied	0	9	2	7
NZ_CP022992.1		candidate	65	37	-1	5
NZ_CP023065.1		candidate	-7	-4	3	4
NZ_CP023069.1		candidate	-7	-4	-8	5
NZ_CP023071.1	Eex_IncN	eex_occupied	-4	3	-1	5
NZ_CP023072.1		candidate	-7	-4	10	6
NZ_CP023073.1		candidate	12	-11	-1	9
NZ_CP023157.1		candidate	46	-8	-4	7
NZ_CP023188.1	Eex_IncN	eex_occupied	9	11	5	6
NZ_CP023287.1		candidate	47	-8	1	8
NZ_CP023360.1	Eex_IncN	eex_occupied	9	0	4	8
NZ_CP023373.1		candidate	-4	11	11	8
NZ_CP023379.1	Eex_IncN	eex_occupied	9	0	4	8
NZ_CP023380.1		candidate	-4	11	11	8
NZ_CP023420.1	Eex_IncN	eex_occupied	7	15	17	6
NZ_CP023440.1	TrbK_RP4	eex_occupied	14	10	13	6
NZ_CP023450.1	Eex_IncN	eex_occupied	21	-4	-4	9
NZ_CP023452.1		candidate	2	40	13	7
NZ_CP023476.1	Eex_IncN	eex_occupied	9	0	4	8
NZ_CP023544.1		candidate	-4	-11	-4	5
NZ_CP023546.1		candidate	-11	-4	-4	5
NZ_CP023547.1	Eex_IncN	eex_occupied	48	-53	9	6
NZ_CP023675.1	Eex_IncN	eex_occupied	10	11	-4	7
NZ_CP023823.1	Eex_IncN	eex_occupied	18	3	2	6
NZ_CP023829.1		candidate	11	-4	11	8
NZ_CP023836.1		candidate	11	-4	11	8
NZ_CP023846.1		candidate	11	-4	11	8
NZ_CP023897.1	Eex_IncN	eex_occupied	11	9	5	7
NZ_CP023905.1		candidate	-4	10	11	8
NZ_CP024030.1		candidate	-8	47	1	8
NZ_CP024033.1		candidate	-8	47	1	8
NZ_CP024041.1		candidate	-4	11	11	8
NZ_CP024080.1	Eex_IncN	eex_occupied	0	49	12	6
NZ_CP024128.1		candidate	190	10	12	7
NZ_CP024132.1		candidate	11	-4	11	8
NZ_CP024135.1	Eex_IncN	eex_occupied	8	254	5	4
NZ_CP024139.1	Eex_IncN	eex_occupied	222	8	5	4
NZ_CP024142.1	Eex_IncN	eex_occupied	222	8	5	4
NZ_CP024148.1	Eex_IncN	eex_occupied	8	222	5	4
NZ_CP024149.1		candidate	11	-4	11	8
NZ_CP024156.1	Eex_IncN	eex_occupied	222	8	5	3
NZ_CP024261.1	Eex_IncN	eex_occupied	0	9	10	6
NZ_CP024290.1	Eex_IncN	eex_occupied	9	0	4	8
NZ_CP024308.1		candidate	15	-11	-1	9
NZ_CP024309.1		candidate	-7	-4	10	6
NZ_CP024312.1		candidate	-4	-4	2	8
NZ_CP024313.1		candidate	24	4	4	7
NZ_CP024314.1		candidate	1	12	-4	9
NZ_CP024462.1		candidate	11	-4	11	8
NZ_CP024467.1	Eex_IncN	eex_occupied	0	9	4	8
NZ_CP024474.1	Eex_IncN	eex_occupied	17	11	9	6
NZ_CP024583.1		candidate	-11	-1	-4	7
NZ_CP024709.1	Eex_IncN	eex_occupied	-4	39	11	8
NZ_CP024713.1		candidate	15	26	-4	5
NZ_CP024806.1	Eex_IncN	eex_occupied	11	9	5	7
NZ_CP024814.1	Eex_IncN	eex_occupied	9	11	5	7
NZ_CP024818.1	Eex_IncN	eex_occupied	9	11	9	6
NZ_CP024825.1	Eex_IncN	eex_occupied	11	9	5	7
NZ_CP024828.1	Eex_IncN	eex_occupied	9	11	5	5
NZ_CP024833.1	Eex_IncN	eex_occupied	11	9	5	7
NZ_CP024853.1	Eex_IncN	eex_occupied	3	18	-1	5
NZ_CP024858.1	Eex_IncN	eex_occupied	2	52	5	5
NZ_CP024861.1		candidate	11	-4	11	8
NZ_CP024879.1	Eex_IncN	eex_occupied	9	16	15	7
NZ_CP024919.1		candidate	11	-4	11	8
NZ_CP024940.1		candidate	-11	23	-1	4
NZ_CP025007.1	Eex_IncN	eex_occupied	11	9	5	7
NZ_CP025013.1	Eex_IncN	eex_occupied	-4	3	5	6
NZ_CP025015.1		candidate	43	-4	10	6
NZ_CP025114.1		candidate	19	-4	-4	7
NZ_CP025233.1	Eex_IncN	eex_occupied	7	15	17	7
NZ_CP025409.1		candidate	-1	1	-1	7
NZ_CP025410.1		candidate	3	-1	-4	7
NZ_CP025432.1		candidate	-1	1	-1	7
NZ_CP025505.1		candidate	43	-4	10	6
NZ_CP025507.1	Eex_IncN	eex_occupied	-4	3	-1	7
NZ_CP025510.1		candidate	40	-37	27	5
NZ_CP025558.1	Eex_IncN	eex_occupied	0	9	4	7
NZ_CP025613.1		candidate	2	10	-4	7
NZ_CP025679.1	Eex_IncN	eex_occupied	8	254	5	4
NZ_CP025710.1	Eex_IncN	eex_occupied	15	7	17	5
NZ_CP025711.1		candidate	1	9	12	6
NZ_CP025758.1	Eex_IncN	eex_occupied	7	15	17	6
NZ_CP025782.1		candidate	9	108	9	8
NZ_CP025811.1		candidate	17	1	-4	7
NZ_CP025812.1		candidate	0	-4	2	7
NZ_CP025845.1	Eex_IncN	eex_occupied	11	17	9	6
NZ_CP025853.1		candidate	-4	11	11	7
NZ_CP025864.1	Eex_IncN	eex_occupied	0	8	10	6
NZ_CP025915.1	Eex_IncN	eex_occupied	3	18	2	6
NZ_CP025948.1	Eex_IncN	eex_occupied	9	11	5	7
NZ_CP025965.2	Eex_IncN	eex_occupied	7	15	17	6
NZ_CP026015.1	Eex_IncN	eex_occupied	9	11	5	7
NZ_CP026020.1	Eex_IncN	eex_occupied	11	9	7	8
NZ_CP026025.1	Eex_IncN	eex_occupied	18	3	2	6
NZ_CP026053.1	Eex_IncN	eex_occupied	15	7	17	7
NZ_CP026057.1	Eex_IncN	eex_occupied	8	11	7	8
NZ_CP026060.1	Eex_IncN	eex_occupied	18	3	2	6
NZ_CP026061.1	Eex_IncN	eex_occupied	7	-1	8	7
NZ_CP026127.1		candidate	62	199	10	7
NZ_CP026169.1	Eex_IncN	eex_occupied	7	15	17	6
NZ_CP026171.1		candidate	12	-4	-4	7
NZ_CP026184.1	Eex_IncN	eex_occupied	9	16	10	4
NZ_CP026200.1	Eex_IncN	eex_occupied	17	11	9	6
NZ_CP026204.1	Eex_IncN	eex_occupied	11	8	7	8
NZ_CP026205.1	Eex_IncN	eex_occupied	16	9	15	6
NZ_CP026206.1	Eex_IncN	eex_occupied	7	3	12	6
NZ_CP026208.1		candidate	-4	12		0
NZ_CP026227.1	Eex_IncN	eex_occupied	11	34	-4	7
NZ_CP026242.1		candidate	-4	12	-4	7
NZ_CP026267.1		candidate	-20	14	3	6
NZ_CP026382.1		candidate	24	34	1	7
NZ_CP026384.1	Eex_IncN	eex_occupied	11	11	12	6
NZ_CP026388.1	Eex_IncN	eex_occupied	7	3	12	6
NZ_CP026389.1	Eex_IncN	eex_occupied	7	15	17	5
NZ_CP026391.1		candidate	-4	12	-4	7
NZ_CP026400.1	Eex_IncN	eex_occupied	11	9	7	6
NZ_CP026425.1		candidate	62	199	10	7
NZ_CP026476.1	Eex_IncN	eex_occupied	9	11	5	7
NZ_CP026496.1	Eex_IncN	eex_occupied	15	7	17	6
NZ_CP026526.1	Eex_IncN	eex_occupied	22	-4	-1	5
NZ_CP026560.1		candidate	10	31	-4	5
NZ_CP026561.1		candidate	32	10	134	2
NZ_CP026565.1		candidate	26	14	-4	5
NZ_CP026570.1	Eex_IncN	eex_occupied	9	0	245	2
NZ_CP026577.2	Eex_IncN	eex_occupied	9	11	5	7
NZ_CP026578.2	Eex_IncN	eex_occupied	11	17	9	6
NZ_CP026590.1	Eex_IncN	eex_occupied	7	15	17	6
NZ_CP026644.1	Eex_IncN	eex_occupied	1	12	5	4
NZ_CP026727.1	Eex_IncN	eex_occupied	9	11	5	7
NZ_CP026728.1		candidate	11	-4	11	8
NZ_CP026757.1	Eex_IncN	eex_occupied	7	15	17	6
NZ_CP026764.1	Eex_IncN	eex_occupied	106	11	10	7
NZ_CP026769.1		candidate	-4	11	11	8
NZ_CP026801.1	Eex_IncN	eex_occupied	7	15	49	5
NZ_CP026927.1		candidate	-7	-4	10	6
NZ_CP026928.1		candidate	-7	-4	10	6
NZ_CP026942.1		candidate	-4	11	11	8
NZ_CP027050.1	Eex_IncN	eex_occupied	7	15	17	7
NZ_CP027051.1	Eex_IncN	eex_occupied	9	11	5	7
NZ_CP027057.1	Eex_IncN	eex_occupied	9	11	5	7
NZ_CP027137.1	Eex_IncN	eex_occupied	16	9	15	6
NZ_CP027138.1	Eex_IncN	eex_occupied	14	11	2	5
NZ_CP027144.1		candidate	-4	12	-4	7
NZ_CP027157.1	Eex_IncN	eex_occupied	9	11	5	7
NZ_CP027168.1	Eex_IncN	eex_occupied	5	12	-1	5
NZ_CP027203.2		candidate	190	10	12	7
NZ_CP027204.2	Eex_IncN	eex_occupied	9	11	5	7
NZ_CP027257.1		candidate	-4	11	11	8
NZ_CP027258.1	Eex_IncN	eex_occupied	18	3	2	6
NZ_CP027406.1		candidate	2	3	-4	7
NZ_CP027450.1		candidate	156	-29	2	3
NZ_CP027532.1		candidate	62	199	10	7
NZ_CP027574.1	Eex_IncN	eex_occupied	0	9	10	5
NZ_CP027635.1	Eex_IncN	eex_occupied	48	-14	3	5
NZ_CP027636.1		candidate	-11	-4	0	6
NZ_CP027854.1		candidate	11	50	5	5
NZ_CP028144.1		candidate	-31	12	-4	5
NZ_CP028145.1		candidate	10	-4	10	5
NZ_CP028153.1	Eex_IncN	eex_occupied	52	2	5	5
NZ_CP028155.1	Eex_IncN	eex_occupied	1	12	5	5
NZ_CP028167.1		candidate	11	-4	11	8
NZ_CP028173.1	Eex_IncN	eex_occupied	15	7	17	7
NZ_CP028174.1		candidate	-4	11	11	8
NZ_CP028186.1		candidate	-4	-11	0	6
NZ_CP028188.1	Eex_IncN	eex_occupied	-50	47	9	4
NZ_CP028313.1	Eex_IncN	eex_occupied	0	9	4	8
NZ_CP028340.1	TrbK_RP4	eex_occupied	9	-4	13	6
NZ_CP028345.1		candidate	-31	12	-4	5
NZ_CP028346.1		candidate	-4	10	10	5
NZ_CP028373.1		candidate	-4		0	6
NZ_CP028486.1	Eex_IncN	eex_occupied		7	17	6
NZ_CP028489.1	TrbK_RP4	eex_occupied	4	-7	17	4
NZ_CP028536.2	Eex_IncN	eex_occupied	9	11	5	7
NZ_CP028577.1	Eex_IncN	eex_occupied	9	11	5	7
NZ_CP028582.2	Eex_IncN	eex_occupied	7	15	17	6
NZ_CP028601.1	Eex_IncN	eex_occupied	77	3	5	5
NZ_CP028718.1	Eex_IncN	eex_occupied	11	9	5	7
NZ_CP028781.2	Eex_IncN	eex_occupied	9	11	5	7
NZ_CP028786.2	Eex_IncN	eex_occupied	9	11	5	7
NZ_CP028855.1		candidate	9	1	12	6
NZ_CP028856.1		candidate	-4	11	11	8
NZ_CP028898.1		candidate	12	711	14	5
NZ_CP028920.1		candidate	2	-1	1	6
NZ_CP028958.1	Eex_IncN	eex_occupied	7	15	17	6
NZ_CP028966.1		candidate	-20	14	3	6
NZ_CP028970.1		candidate	227	45	-1	10
NZ_CP028971.1		candidate	-7	-4	-8	6
NZ_CP028972.1	Eex_IncN	eex_occupied	1	61	13	7
NZ_CP028999.1	Eex_IncN	eex_occupied	18	3	-1	5
NZ_CP029061.1	Eex_IncN	eex_occupied	0	9	4	8
NZ_CP029092.1	Eex_IncN	eex_occupied	5	12	1	4
NZ_CP029112.1	Eex_IncN	eex_occupied	16	9	15	5
NZ_CP029142.1		candidate	12	-4	-4	3
NZ_CP029184.1	Eex_IncN	eex_occupied	222	8	5	4
NZ_CP029232.1	Eex_IncN	eex_occupied	5	-4	-1	5
NZ_CP029233.1		candidate	-7	-4	-8	5
NZ_CP029234.1	Eex_IncN	eex_occupied	5	-4	4	6
NZ_CP029245.1	Eex_IncN	eex_occupied	9	11	5	7
NZ_CP029274.1		candidate	6	567	26	6
NZ_CP029276.1		candidate	6	567	26	6
NZ_CP029278.1		candidate	6	567	26	6
NZ_CP029282.1		candidate	6	567	26	6
NZ_CP029285.1		candidate	6	567	26	6
NZ_CP029374.1		candidate	14	-4	5	8
NZ_CP029428.1	Eex_IncN	eex_occupied	17	11	9	6
NZ_CP029439.1	Eex_IncN	eex_occupied	11	8	4	7
NZ_CP029440.1	Eex_IncN	eex_occupied		11	9	6
NZ_CP029446.1	Eex_IncN	eex_occupied	11	8	4	7
NZ_CP029452.1	Eex_IncN	eex_occupied	-4	45	4	6
NZ_CP029453.1		candidate	-7	-4	-8	5
NZ_CP029683.1	Eex_IncN	eex_occupied	0	9	18	4
NZ_CP029728.1		candidate	-4	11	11	7
NZ_CP029730.1		candidate	11	-4	-4	7
NZ_CP029735.1	Eex_IncN	eex_occupied	11	9	5	7
NZ_CP029801.1	Eex_IncN	eex_occupied	3	18	2	6
NZ_CP029854.1	Eex_IncN	eex_occupied	11	14	4	8
NZ_CP029860.1	Eex_IncN	eex_occupied	11	17	9	6
NZ_CP029869.1	Eex_IncN	eex_occupied	11	17	9	6
NZ_CP029871.1	Eex_IncN	eex_occupied	11	17	9	6
NZ_CP029874.1	Eex_IncN	eex_occupied	17	11	9	6
NZ_CP029912.1	Eex_IncN	eex_occupied	11	17	9	6
NZ_CP029963.1	Eex_IncN	eex_occupied	11	17	9	6
NZ_CP029965.1	Eex_IncN	eex_occupied	11	17	9	6
NZ_CP029976.1		candidate	-4	11	11	8
NZ_CP029977.1	Eex_IncN	eex_occupied	2	52	5	5
NZ_CP029988.1		candidate	-4	32	-4	8
NZ_CP030006.1		candidate	81	8	-4	5
NZ_CP030049.1		candidate	-4	-1	-1	5
NZ_CP030052.1		candidate	-1	-4	-1	5
NZ_CP030054.1		candidate	-1	-4	-1	5
NZ_CP030056.1		candidate	-4	-1	-1	5
NZ_CP030058.1		candidate	-1	-4	-1	5
NZ_CP030060.1		candidate	-4	-1	-1	5
NZ_CP030081.1	Eex_IncN	eex_occupied	11	9	-4	7
NZ_CP030100.1		candidate	2	14	-4	7
NZ_CP030129.1		candidate	4	11	-1	7
NZ_CP030156.1	Eex_IncN	eex_occupied	12	1	5	3
NZ_CP030165.1		candidate	-8	47	1	8
NZ_CP030208.1	Eex_IncN	eex_occupied	0	9	10	8
NZ_CP030221.1		candidate	9	1	12	6
NZ_CP030222.1		candidate	70	8	-4	3
NZ_CP030243.1		candidate	0	4	4	4
NZ_CP030263.1	Eex_IncN	eex_occupied	-4	22	4	6
NZ_CP030264.1		candidate	4	-7	10	5
NZ_CP030284.1	Eex_IncN	eex_occupied	1	12	5	1
NZ_CP030299.1	Eex_IncN	eex_occupied	11	9	5	7
NZ_CP030310.1	Eex_IncN	eex_occupied	7	15	17	6
NZ_CP030335.1	Eex_IncN	eex_occupied	15	7	17	6
NZ_CP030761.1	Eex_IncN	eex_occupied	3	-4	-1	7
NZ_CP030763.1		candidate	-7	-4	11	6
NZ_CP030766.1	Eex_IncN	eex_occupied	3	77	5	4
NZ_CP030795.1		candidate	-4	11	11	8
NZ_CP030844.1		candidate	58	66	3	5
NZ_CP030867.1		candidate	-11	3	3	6
NZ_CP030943.1		candidate	-4	-20	8	6
NZ_CP031083.1		candidate	-1	5	4	6
NZ_CP031109.1	Eex_IncN	eex_occupied	7	15	17	7
NZ_CP031110.1	Eex_IncN	eex_occupied	0	9	4	8
NZ_CP031118.1		candidate	11	0	10	8
NZ_CP031135.1		candidate	12	-4		0
NZ_CP031138.1	Eex_IncN	eex_occupied	9	11	9	6
NZ_CP031227.1		candidate	32	10	-4	5
NZ_CP031234.1	Eex_IncN	eex_occupied		0	4	7
NZ_CP031259.1	Eex_IncN	eex_occupied	15	7	17	6
NZ_CP031296.1	Eex_IncN	eex_occupied	254	8	5	4
NZ_CP031365.1		candidate	4	-7	8	6
NZ_CP031468.1		candidate	-11	42	18	4
NZ_CP031550.1	Eex_IncN	eex_occupied	1	12	5	4
NZ_CP031575.1		candidate	12	-4	-4	7
NZ_CP031599.1		candidate	-1	17	17	1
NZ_CP031601.1		candidate	-1	14	-1	7
NZ_CP031616.1		candidate	11	14	11	9
NZ_CP031709.1		candidate	217	61	10	7
NZ_CP031725.1	Eex_IncN	eex_occupied	9	11	9	6
NZ_CP031884.1	Eex_IncN	eex_occupied	11	9	5	7
NZ_CP032069.1	Eex_IncN	eex_occupied	3	46	5	5
NZ_CP032075.1	Eex_IncN	eex_occupied	15	7	17	7
NZ_CP032076.1		candidate	11	-4	11	8
NZ_CP032081.1	Eex_IncN	eex_occupied	12	1	5	4
NZ_CP032117.2		candidate	1	2	27	5
NZ_CP032132.1		candidate	199	62	10	7
NZ_CP032142.1		candidate	62	199	10	7
NZ_CP032179.1		candidate	12	-4		0
NZ_CP032190.1	Eex_IncN	eex_occupied	9	11	2	5
NZ_CP032203.1	Eex_IncN	eex_occupied	15	7	17	6
NZ_CP032210.1		candidate	72	9	-4	4
NZ_CP032278.1		candidate	199	62	10	7
NZ_CP032314.1		candidate	-4	-20	2	6
NZ_CP032355.1	Eex_IncN	eex_occupied	9	11	7	8
NZ_CP032386.1	Eex_IncN	eex_occupied	0	9	10	8
NZ_CP032389.1	Eex_IncN	eex_occupied	0	9	10	8
NZ_CP032392.1	Eex_IncN	eex_occupied	9	0	10	8
NZ_CP032394.1	Eex_IncN	eex_occupied	0	9	10	8
NZ_CP032397.1	Eex_IncN	eex_occupied	9	0	18	6
NZ_CP032406.1		candidate	-4	-1	-1	7
NZ_CP032407.1		candidate	233	33	-1	10
NZ_CP032408.1		candidate	174	21	9	6
NZ_CP032424.1	Eex_IncN	eex_occupied	11	9	5	7
NZ_CP032447.1	Eex_IncN	eex_occupied	0	9	4	7
NZ_CP032450.1	Eex_IncN	eex_occupied	0	9	10	8
NZ_CP032458.1		candidate	26	14	-4	5
NZ_CP032687.1		candidate	24	4	4	7
NZ_CP032692.1		candidate	24	4	4	7
NZ_CP032695.1	Eex_IncN	eex_occupied	-4	3	5	7
NZ_CP032697.1		candidate	11	14	-1	8
NZ_CP032705.1	Eex_IncN	eex_occupied	12		-1	7
NZ_CP032827.1		candidate	2	51	1	7
NZ_CP032828.1		candidate	5	121	-4	8
NZ_CP032889.1	Eex_IncN	eex_occupied	11	9	5	7
NZ_CP032919.1		candidate	-4	-7	11	6
NZ_CP032923.1	Eex_IncN	eex_occupied	-4	4	-1	5
NZ_CP032924.1		candidate	-7	-4	10	6
NZ_CP032928.1	Eex_IncN	eex_occupied	-4	3	6	6
NZ_CP032987.1		candidate	10	190	12	7
NZ_CP032990.1	Eex_IncN	eex_occupied	8	222	5	6
NZ_CP032994.1	Eex_IncN	eex_occupied	11	14	4	6
NZ_CP033025.1		candidate	-7	-4	11	3
NZ_CP033029.1		candidate	-4	-7	11	6
NZ_CP033033.1		candidate	-7	-4	6	6
NZ_CP033057.1	Eex_IncN	eex_occupied	9	11	5	7
NZ_CP033119.1		candidate	61	217	1	7
NZ_CP033136.1		candidate	-4	10	10	5
NZ_CP033139.1		candidate	10	-4	10	4
NZ_CP033140.1		candidate	-4	10	10	5
NZ_CP033143.1		candidate	-4	10	10	6
NZ_CP033146.1		candidate	10	-55	10	5
NZ_CP033147.1		candidate	10	-4	10	4
NZ_CP033203.1	Eex_IncN	eex_occupied	3	13	-1	8
NZ_CP033229.1		candidate	2	40	-4	7
NZ_CP033254.2	Eex_IncN	eex_occupied	222	8	5	4
NZ_CP033341.1	Eex_IncN	eex_occupied	52	2	5	5
NZ_CP033349.2		candidate	11	-4	11	8
NZ_CP033354.2	TrbK_RP4	eex_occupied	-47	12	12	6
NZ_CP033355.2	Eex_IncN	eex_occupied	222	8	5	4
NZ_CP033359.1	Eex_IncN	eex_occupied	7	15	17	7
NZ_CP033363.1		candidate	-4	-4	5	8
NZ_CP033369.1		candidate	11	2	-4	7
NZ_CP033399.1	Eex_IncN	eex_occupied	9	11	5	7
NZ_CP033508.1		candidate	11	2	-4	7
NZ_CP033797.1	Eex_IncN	eex_occupied	11	8	7	8
NZ_CP033830.1	Eex_IncN	eex_occupied	15	7	17	6
NZ_CP033849.1		candidate	11	-4	11	8
NZ_CP033873.1		candidate	-1	8	1	5
NZ_CP033874.1	Eex_IncN	eex_occupied	14	-4	5	6
NZ_CP033879.1		candidate	11	-4	11	8
NZ_CP034033.1		candidate	-14	234	12	7
NZ_CP034061.1	Eex_IncN	eex_occupied	1	12	5	5
NZ_CP034079.1		candidate	143	10	9	6
NZ_CP034080.1		candidate	143	10	9	6
NZ_CP034087.1		candidate	12	14	9	8
NZ_CP034107.1	Eex_IncN	eex_occupied	17	11	9	5
NZ_CP034109.1	Eex_IncN	eex_occupied	8	222	5	4
NZ_CP034133.1	Eex_IncN	eex_occupied	11	9	5	7
NZ_CP034284.1	Eex_IncN	eex_occupied	11	9	5	7
NZ_CP034287.1		candidate	-4	10	10	6
NZ_CP034288.1		candidate	10	-4	10	7
NZ_CP034291.1		candidate	-31	14	-4	5
NZ_CP034293.1		candidate	-4	10	10	5
NZ_CP034296.1		candidate	14	-31	-4	5
NZ_CP034297.1		candidate	-4	10	10	7
NZ_CP034300.1		candidate	10	-4	10	4
NZ_CP034303.1		candidate	-4	10	8	3
NZ_CP034304.1		candidate	10	-4	10	5
NZ_CP034329.1		candidate	-4	3	1	8
NZ_CP034365.1	Eex_IncN	eex_occupied	9	12	4	7
NZ_CP034403.1	Eex_IncN	eex_occupied	9	16	15	7
NZ_CP034405.1	Eex_IncN	eex_occupied	12	1	5	4
NZ_CP034431.1		candidate	-4	17	-4	6
NZ_CP034567.1		candidate	13	10	41	5
NZ_CP034568.1		candidate	-55	10	12	4
NZ_CP034571.1		candidate	10	-4	10	5
NZ_CP034591.1	Eex_IncN	eex_occupied	9	11	5	7
NZ_CP034651.1		candidate	47	-8	1	6
NZ_CP034656.1		candidate	-4	217	18	6
NZ_CP034744.1	Eex_IncN	eex_occupied	9	11	5	7
NZ_CP034781.1		candidate	-8	29	-1	8
NZ_CP034798.1	Eex_IncN	eex_occupied	1	152	5	5
NZ_CP034812.1		candidate	-4	8	1	7
NZ_CP034814.1		candidate	-1	-4	-1	8
NZ_CP034833.1		candidate	11	-4	11	8
NZ_CP034904.1		candidate	-4	-4	-4	4
NZ_CP034911.1	Eex_IncN	eex_occupied	3	-4	3	6
NZ_CP034923.1	Eex_IncN	eex_occupied	4	20	-1	8
NZ_CP034957.1	Eex_IncN	eex_occupied	9	11	5	7
NZ_CP034965.1	Eex_IncN	eex_occupied	11	9	5	7
NZ_CP034999.1	Eex_IncN	eex_occupied	2	-4	-4	7
NZ_CP035001.1	Eex_IncN	eex_occupied	3	-4	9	6
NZ_CP035038.1	Eex_IncN	eex_occupied	5	-4	-1	5
NZ_CP035039.1		candidate	-7	-4	-8	5
NZ_CP035125.1	Eex_IncN	eex_occupied	11	9	5	7
NZ_CP035195.1		candidate	10	190	12	7
NZ_CP035200.1	Eex_IncN	eex_occupied	9	11	12	6
NZ_CP035285.1		candidate	-1	1	13	6
NZ_CP035287.1		candidate	16	3	-4	7
NZ_CP035315.1	Eex_IncN	eex_occupied	11	9	5	8
NZ_CP035316.1	Eex_IncN	eex_occupied	8	15	-1	7
NZ_CP035387.1	Eex_IncN	eex_occupied	15	7	17	6
NZ_CP035423.1	Eex_IncN	eex_occupied		-11	-1	8
NZ_CP035459.1		candidate	-1	548	-1	5
NZ_CP035471.1	Eex_IncN	eex_occupied	16	9	15	6
NZ_CP035507.1		candidate	-4	-4	-4	7
NZ_CP035508.1		candidate	-4	-4	-4	7
NZ_CP035512.1		candidate	20	3	-4	7
NZ_CP035515.1		candidate	3	16	-1	7
NZ_CP035754.1		candidate	11	-4	11	7
NZ_CP036179.1	Eex_IncN	eex_occupied	11	9	9	6
NZ_CP036195.1	Eex_IncN	eex_occupied	9	11	5	7
NZ_CP036205.1	Eex_IncN	eex_occupied	11	9	5	7
NZ_CP036311.1	Eex_IncN	eex_occupied	11	17	9	6
NZ_CP036312.1	Eex_IncN	eex_occupied	9	11	5	7
NZ_CP036363.1	Eex_IncN	eex_occupied	7	15	17	6
NZ_CP036368.1	Eex_IncN	eex_occupied	7	15	17	6
NZ_CP036516.1		candidate	8	-4	6	8
NZ_CP037425.1		candidate	1	2	27	5
NZ_CP037738.1	Eex_IncN	eex_occupied	11	9	7	8
NZ_CP037748.1		candidate	10	-1	-1	4
NZ_CP037868.1		candidate	10	19	-1	8
NZ_CP037880.1	Eex_IncN	eex_occupied	8	0	4	8
NZ_CP037906.1		candidate	-4	11	11	8
NZ_CP037907.1	Eex_IncN	eex_occupied	15	8	-1	7
NZ_CP037908.1	Eex_IncN	eex_occupied	8	9	12	5
NZ_CP037911.1		candidate	-4	11	11	8
NZ_CP037915.1		candidate	45	2	1	7
NZ_CP037965.1	Eex_IncN	eex_occupied	9	11	5	5
NZ_CP037995.1	Eex_IncN	eex_occupied	11	9	5	7
NZ_CP038019.1		candidate	74	34	33	6
NZ_CP038024.1		candidate	11	162	11	9
NZ_CP038181.1		candidate	11	-4	11	7
NZ_CP038196.1		candidate	3	16	-4	3
NZ_CP038205.1		candidate	7	20	-1	7
NZ_CP038206.1		candidate	17	3	-4	7
NZ_CP038240.1		candidate	-4	17	-4	5
NZ_CP038272.1	TrbK_RP4	eex_occupied	5	28	3	8
NZ_CP038280.1	Eex_IncN	eex_occupied	11	9	5	7
NZ_CP038334.1	Eex_IncN	eex_occupied	152	1	5	4
NZ_CP038340.1	Eex_IncN	eex_occupied	222	8	5	4
NZ_CP038361.1	Eex_IncN	eex_occupied	2	52	5	5
NZ_CP038381.1	Eex_IncN	eex_occupied	2	52	5	5
NZ_CP038624.1		candidate	-4	15	10	8
NZ_CP038640.1	TrbK_RP4	eex_occupied	9	10	16	6
NZ_CP039300.1	Eex_IncN	eex_occupied	8	15	-1	7
NZ_CP039328.1	Eex_IncN	eex_occupied	11	17	9	6
NZ_CP039600.1	Eex_IncN	eex_occupied	9	0	4	8
NZ_CP039643.1		candidate	218	56	11	6
NZ_CP039644.1	Eex_IncN	eex_occupied	6	3	-1	8
NZ_CP039693.1		candidate	4	-4	10	6
NZ_CP039696.1	Eex_IncN	eex_occupied	8	10	17	6
NZ_CP039811.1	Eex_IncN	eex_occupied	9	11	9	6
NZ_CP039821.1	Eex_IncN	eex_occupied	7	15	17	6
NZ_CP039890.1		candidate	-4	-7	11	6
NZ_CP039891.1		candidate	-7	-4	11	6
NZ_CP039892.1		candidate	-8	14	-1	9
NZ_CP039899.1		candidate	-4	-7	11	6
NZ_CP039900.1		candidate	-7	-4	11	6
NZ_CP039905.1	Eex_IncN	eex_occupied	-4	3	6	6
NZ_CP039909.1	Eex_IncN	eex_occupied	-4	3	6	6
NZ_CP039924.1		candidate	27	40	12	7
NZ_CP039926.1		candidate	-7	-4	6	6
NZ_CP040091.1	Eex_IncN	eex_occupied	11	9	5	8
NZ_CP040110.1		candidate	72	-29	2	8
NZ_CP040242.1	Eex_IncN	eex_occupied	48	-14	9	6
NZ_CP040399.1	Eex_IncN	eex_occupied	11	9	5	7
NZ_CP040574.1	Eex_IncN	eex_occupied	11	17	9	6
NZ_CP040594.1		candidate	-4	11	11	5
NZ_CP040603.1	Eex_IncN	eex_occupied	3	13	-1	8
NZ_CP040609.1		candidate	-11	3	3	6
NZ_CP040642.1	Eex_IncN	eex_occupied	-4	3	6	6
NZ_CP040725.1		candidate	11	-4	11	7
NZ_CP040754.1		candidate	16	37	-1	7
NZ_CP040761.1		candidate	-1	8	1	7
NZ_CP040800.1	Eex_IncN	eex_occupied	16	21	12	5
NZ_CP040809.1	Eex_IncN	eex_occupied	11	17	10	3
NZ_CP040810.1	Eex_IncN	eex_occupied	228	17	18	4
NZ_CP040823.1		candidate	17	2	-4	7
NZ_CP040859.1	Eex_IncN	eex_occupied	15	7	17	6
NZ_CP040892.1	Eex_IncN	eex_occupied	11	9	7	8
NZ_CP040895.1	Eex_IncN	eex_occupied	7	15	17	6
NZ_CP040928.1	Eex_IncN	eex_occupied	11	17	9	6
NZ_CP040929.1	Eex_IncN	eex_occupied	9	11	5	8
NZ_CP041018.1	Eex_IncN	eex_occupied	-1	18	3	8
NZ_CP041044.1		candidate	0	-4	-1	8
NZ_CP041048.1	Eex_IncN	eex_occupied	9	11	9	6
NZ_CP041104.1	Eex_IncN	eex_occupied	11	9	12	5
NZ_CP041105.1		candidate	-4	11	11	8
NZ_CP041112.1	Eex_IncN	eex_occupied	17	11	9	6
NZ_CP041113.1		candidate	167	5	5	4
NZ_CP041152.1		candidate	14	8	8	6
NZ_CP041229.1		candidate	62	199	10	7
NZ_CP041239.1		candidate	-7	-4	12	6
NZ_CP041240.1		candidate	24	-7	-7	7
NZ_CP041241.1	Eex_IncN	eex_occupied	3	-4	-1	6
NZ_CP041251.1	Eex_IncN	eex_occupied	7	183	-1	5
NZ_CP041290.1		candidate	11	162	11	8
NZ_CP041618.1		candidate	-1	-11	-1	5
NZ_CP041720.1		candidate	-1	-16	-1	8
NZ_CP041756.1		candidate	32	10	-4	5
NZ_CP041780.1		candidate	29	17	29	5
NZ_CP041921.1	Eex_IncN	eex_occupied	12	1	5	4
NZ_CP041931.1	Eex_IncN	eex_occupied	11	9	5	6
NZ_CP041947.1	Eex_IncN	eex_occupied	11	9	5	7
NZ_CP041956.1	Eex_IncN	eex_occupied	11	9	5	7
NZ_CP042168.1		candidate	23	12	-4	3
NZ_CP042181.1		candidate	-8	28	2	8
NZ_CP042249.1	Eex_IncN	eex_occupied	1	152	5	5
NZ_CP042276.1	Eex_IncN	eex_occupied	-4	4	2	6
NZ_CP042322.1		candidate	14	-4	-4	9
NZ_CP042339.1	Eex_IncN	eex_occupied	9	11	5	7
NZ_CP042479.1		candidate	-4	12		0
NZ_CP042518.1		candidate	-4	12		0
NZ_CP042533.1	Eex_IncN	eex_occupied	7	15	17	6
NZ_CP042548.1	Eex_IncN	eex_occupied	16	9	15	6
NZ_CP042805.1		candidate	15	26	-4	5
NZ_CP042825.1		candidate	-4	-4	-1	7
NZ_CP042888.1	Eex_IncN	eex_occupied	254	8	5	4
NZ_CP042900.1	Eex_IncN	eex_occupied	17	11	9	6
NZ_CP042902.1	Eex_IncN	eex_occupied	11	17	9	6
NZ_CP042935.2	Eex_IncN	eex_occupied	11	9	5	7
NZ_CP042965.1		candidate	-11	90	-1	6
NZ_CP042970.1		candidate	11	-4	11	8
NZ_CP042976.1	Eex_IncN	eex_occupied	39	-4	11	8
NZ_CP043007.1	Eex_IncN	eex_occupied	11	17	9	6
NZ_CP043036.1	Eex_IncN	eex_occupied	254	8	5	4
NZ_CP043050.1	Eex_IncN	eex_occupied	9	11	9	6
NZ_CP043182.1	Eex_IncN	eex_occupied	77	3	5	4
NZ_CP043184.1	Eex_IncN	eex_occupied	7	15	17	7
NZ_CP043186.1	Eex_IncN	eex_occupied	7	15	17	7
NZ_CP043188.1	Eex_IncN	eex_occupied	7	15	17	7
NZ_CP043194.1	Eex_IncN	eex_occupied	77	3	5	4
NZ_CP043196.1	Eex_IncN	eex_occupied	77	3	5	4
NZ_CP043198.1	Eex_IncN	eex_occupied	77	3	5	4
NZ_CP043200.1	Eex_IncN	eex_occupied	77	3	5	4
NZ_CP043202.1	Eex_IncN	eex_occupied	77	3	5	4
NZ_CP043204.1	Eex_IncN	eex_occupied	77	3	5	4
NZ_CP043206.1	Eex_IncN	eex_occupied	77	3	5	4
NZ_CP043208.1	Eex_IncN	eex_occupied	77	3	5	4
NZ_CP043210.1	Eex_IncN	eex_occupied	77	3	5	4
NZ_CP043212.1	Eex_IncN	eex_occupied	77	3	5	4
NZ_CP043216.1	Eex_IncN	eex_occupied	14	11	4	8
NZ_CP043220.1	Eex_IncN	eex_occupied	77	3	5	4
NZ_CP043224.1	Eex_IncN	eex_occupied	7	15	17	7
NZ_CP043281.1	Eex_IncN	eex_occupied	11	9	5	7
NZ_CP043287.1	Eex_IncN	eex_occupied	11	9	5	7
NZ_CP043333.1	Eex_IncN	eex_occupied	11	9	5	7
NZ_CP043335.1	Eex_IncN	eex_occupied	9	11	5	7
NZ_CP043355.1	Eex_IncN	eex_occupied	15	7	17	6
NZ_CP043384.1		candidate	30	98	-4	6
NZ_CP043423.1		candidate	-4	10	10	5
NZ_CP043477.1	TrbK_RP4	eex_occupied	10	10	11	6
NZ_CP043513.1	Eex_IncN	eex_occupied	9	11	2	5
NZ_CP043516.1	Eex_IncN	eex_occupied	9	16	15	6
NZ_CP043565.1		candidate	3	3	10	5
NZ_CP043582.1	Eex_IncN	eex_occupied	11	9	2	5
NZ_CP043586.1	Eex_IncN	eex_occupied	11	9	5	7
NZ_CP043591.1	Eex_IncN	eex_occupied	9	11	5	7
NZ_CP043620.1		candidate	-4	-4	-4	7
NZ_CP043640.1		candidate	15	350	1	6
NZ_CP043764.1		candidate	-11	3	3	6
NZ_CP043813.1		candidate	234	-14	12	7
NZ_CP043817.1		candidate	213	-8	101	4
NZ_CP043826.1		candidate	-29	65	2	8
NZ_CP043856.1	Eex_IncN	eex_occupied	9	16	15	6
NZ_CP043903.1		candidate	10	-1	10	6
NZ_CP043964.1	Eex_IncN	eex_occupied	4	-4	2	6
NZ_CP044110.1		candidate	-4	12	2	3
NZ_CP044111.1		candidate	-4	12	-4	2
NZ_CP044138.1		candidate	11	14	11	8
NZ_CP044153.1	Eex_IncN	eex_occupied	-8	7	4	6
NZ_CP044159.1	Eex_IncN	eex_occupied	7	15	17	6
NZ_CP044168.1		candidate		-4	0	6
NZ_CP044170.1		candidate	-11	-4	0	5
NZ_CP044172.1	Eex_IncN	eex_occupied	-53	48	1	4
NZ_CP044182.1	Eex_IncN	eex_occupied	11	14	4	8
NZ_CP044187.1	Eex_IncN	eex_occupied	7	15	17	6
NZ_CP044223.1	TrbK_RP4	eex_occupied	9	11	17	6
NZ_CP044261.1		candidate	249	13	-1	4
NZ_CP044263.1	Eex_IncN	eex_occupied	-50	48	9	5
NZ_CP044329.1	Eex_IncN	eex_occupied	-4	2	-4	7
NZ_CP044332.1		candidate	5	11	-1	4
NZ_CP044333.1	Eex_IncN	eex_occupied	-4	2	-4	7
NZ_CP044353.1	Eex_IncN	eex_occupied	5	12	12	6
NZ_CP044405.1	Eex_IncN	eex_occupied	10	11	-4	7
NZ_CP044406.1		candidate	-4	10	11	8
NZ_CP044465.1		candidate	11	30	11	9
NZ_CP044485.1		candidate	161	11	11	8
NZ_CP044544.1		candidate	-4	20	-4	8
NZ_CP044551.1	Eex_IncN	eex_occupied	11	113	9	8
NZ_CP044973.1		candidate	12	-4	12	5
NZ_CP044974.1	Eex_IncN	eex_occupied	11	113	9	8
NZ_CP044976.1		candidate	12	-4	12	5
NZ_CP044977.1	Eex_IncN	eex_occupied	11	113	9	8
NZ_CP045009.1		candidate	49	20	3	9
NZ_CP045022.1	Eex_IncN	eex_occupied	7	15	17	6
NZ_CP045046.1		candidate	-4	-11	0	6
NZ_CP045053.1	Eex_IncN	eex_occupied	13	10	12	5
NZ_CP045055.1	Eex_IncN	eex_occupied	11	8	11	7
NZ_CP045057.1	Eex_IncN	eex_occupied	13	10	12	5
NZ_CP045060.1	Eex_IncN	eex_occupied	13	10	15	5
NZ_CP045062.1	Eex_IncN	eex_occupied	11	8	11	7
NZ_CP045133.1		candidate	199	62	10	7
NZ_CP045195.1	Eex_IncN	eex_occupied	9	11	5	7
NZ_CP045197.1		candidate	62	199	10	7
NZ_CP045218.1	Eex_IncN	eex_occupied	11	9	7	8
NZ_CP045219.1	Eex_IncN	eex_occupied	3	7	12	6
NZ_CP045255.1		candidate	3	0	-1	5
NZ_CP045320.1		candidate	-1	16	-4	7
NZ_CP045321.1		candidate	-1	16	-4	7
NZ_CP045330.1		candidate	20	4	15	4
NZ_CP045331.1		candidate		187	2	6
NZ_CP045334.1		candidate	4	20	15	4
NZ_CP045336.1		candidate	187	15	2	7
NZ_CP045346.1		candidate	20	4	15	4
NZ_CP045347.1		candidate	187	15	2	7
NZ_CP045362.1		candidate	1	7	1	7
NZ_CP045363.1		candidate	-1	-4	1	7
NZ_CP045373.1		candidate	-1	0	2	7
NZ_CP045375.1		candidate	17	1	1	7
NZ_CP045378.1		candidate	0	8	5	7
NZ_CP045382.1		candidate	20	4	2	3
NZ_CP045386.1		candidate	-4	-4	17	4
NZ_CP045387.1		candidate	0	8	15	7
NZ_CP045388.1		candidate	8	0	2	7
NZ_CP045390.1		candidate	1	7	1	7
NZ_CP045394.1		candidate	2	114	-1	7
NZ_CP045405.1		candidate	1	114	1	7
NZ_CP045407.1		candidate	0	8	5	7
NZ_CP045408.1		candidate	13	1	1	8
NZ_CP045411.1		candidate	2	114	-1	7
NZ_CP045460.1		candidate	-4	11	11	8
NZ_CP045463.1		candidate	81	8	-4	5
NZ_CP045494.1		candidate	-7	-4	10	4
NZ_CP045495.1		candidate	-7	-4	10	6
NZ_CP045497.1		candidate	182	70	3	9
NZ_CP045499.1		candidate	220	29	15	7
NZ_CP045512.1		candidate	81	8	-4	5
NZ_CP045521.1	Eex_IncN	eex_occupied	222	8	5	4
NZ_CP045557.1	ExcA	eex_occupied	94	31	7	7
NZ_CP045558.1	Eex_IncN	eex_occupied	11	17	9	6
NZ_CP045619.1		candidate	-1	2	2	6
NZ_CP045620.1		candidate	4	20	2	6
NZ_CP045624.1		candidate	208	15	2	7
NZ_CP045625.1		candidate	20	4	2	6
NZ_CP045629.1		candidate	2	-1	2	6
NZ_CP045693.1	Eex_IncN	eex_occupied	11	11	12	6
NZ_CP045708.1		candidate	-8	213	12	5
NZ_CP045764.1		candidate	-4	10	10	8
NZ_CP045790.1		candidate	-4	-11	-4	5
NZ_CP045792.1	Eex_IncN	eex_occupied	48	-53	9	6
NZ_CP045793.1		candidate	-11	-4	-4	5
NZ_CP045800.1	Eex_IncN	eex_occupied	14	32	7	6
NZ_CP045833.1		candidate	-8	213	12	7
NZ_CP045855.1		candidate	-7	-4	9	6
NZ_CP045856.1		candidate	-1	122	14	7
NZ_CP045861.1		candidate	-4	10	10	5
NZ_CP045862.1		candidate	-4	10	10	4
NZ_CP045935.1	Eex_IncN	eex_occupied	222	8	5	4
NZ_CP045957.1	TrbK_RP4	eex_occupied	-47	12	12	6
NZ_CP045998.1	Eex_IncN	eex_occupied	9	11	4	7
NZ_CP046002.1	Eex_IncN	eex_occupied	9	11	4	7
NZ_CP046036.1		candidate	32	10	-4	5
NZ_CP046053.1		candidate	18	15	10	8
NZ_CP046118.1	Eex_IncN	eex_occupied	7	15	17	6
NZ_CP046254.1	Eex_IncN	eex_occupied	17	-1	-4	9
NZ_CP046274.1	Eex_IncN	eex_occupied	9	11	5	7
NZ_CP046318.1	Eex_IncN	eex_occupied	-14	48	9	5
NZ_CP046349.1		candidate	0	3	10	5
NZ_CP046413.1		candidate	-4	10	10	4
NZ_CP046414.1		candidate	10	-4	10	5
NZ_CP046418.1		candidate	11	75	11	8
NZ_CP046430.1	Eex_IncN	eex_occupied	11	17	9	6
NZ_CP046442.1		candidate	32	10	-4	4
NZ_CP046443.1		candidate	32	10	-4	5
NZ_CP046480.1	Eex_IncN	eex_occupied	13	3	-1	6
NZ_CP046483.1		candidate	217	-4	19	7
NZ_CP046485.1		candidate	19	-4	18	7
NZ_CP046487.1		candidate	19	-4	26	6
NZ_CP046489.1		candidate	-4	19	18	6
NZ_CP046490.1	Eex_IncN	eex_occupied	13	3	-1	7
NZ_CP046492.1		candidate	47	-8	-4	7
NZ_CP046571.1	Eex_IncN	eex_occupied	36	2	2	7
NZ_CP046611.1		candidate	23	12	-1	3
NZ_CP046649.1	Eex_IncN	eex_occupied	9	0	4	8
NZ_CP046873.1		candidate	-8	27	2	7
NZ_CP046959.1	Eex_IncN	eex_occupied	15	7	17	6
NZ_CP047006.1	Eex_IncN	eex_occupied	9	11	5	7
NZ_CP047014.1	Eex_IncN	eex_occupied	12	1	5	4
NZ_CP047015.1		candidate	11	-4	11	7
NZ_CP047058.1		candidate	10	-4	10	8
NZ_CP047168.1		candidate	-4	-4	-4	7
NZ_CP047172.1	Eex_IncN	eex_occupied	21	16	12	6
NZ_CP047213.1		candidate	-4	-11	-4	5
NZ_CP047215.1	Eex_IncN	eex_occupied	48	-14	9	6
NZ_CP047217.1		candidate	-11	-4	-4	5
NZ_CP047221.1	Eex_IncN	eex_occupied	10	9	13	7
NZ_CP047222.1	Eex_IncN	eex_occupied	16	7	-1	6
NZ_CP047262.1		candidate	32	10	-4	5
NZ_CP047284.1	Eex_IncN	eex_occupied	9	0	4	8
NZ_CP047293.1	Eex_IncN	eex_occupied	9	30	-1	8
NZ_CP047341.1		candidate	49	20	3	9
NZ_CP047390.1		candidate	-4	-7	10	6
NZ_CP047392.1	Eex_IncN	eex_occupied	7	13	1	7
NZ_CP047470.1	Eex_IncN	eex_occupied	15	8	-1	7
NZ_CP047471.1	Eex_IncN	eex_occupied	15	7	17	7
NZ_CP047573.1	Eex_IncN	eex_occupied	11	17	9	6
NZ_CP047579.1	Eex_IncN	eex_occupied	222	8	5	4
NZ_CP047580.1	Eex_IncN	eex_occupied	9	0	4	8
NZ_CP047664.1		candidate	-4	11	11	8
NZ_CP047672.1	Eex_IncN	eex_occupied	11	106	9	5
NZ_CP047709.1	Eex_IncN	eex_occupied	7	15	17	6
NZ_CP047737.1	Eex_IncN	eex_occupied	7	15	17	6
NZ_CP047744.1	Eex_IncN	eex_occupied	7	15	17	6
NZ_CP047759.1	Eex_IncN	eex_occupied	7	15	17	6
NZ_CP047969.1	Eex_IncN	eex_occupied	16	9	15	7
NZ_CP047987.1		candidate	139	10	10	4
NZ_CP047989.1		candidate	14	-31	-4	5
NZ_CP047992.1		candidate	-4	10	10	4
NZ_CP047993.1		candidate	10	-4	10	5
NZ_CP047994.1		candidate	-1	38	12	5
NZ_CP047998.1		candidate	38	-1	3	7
NZ_CP047999.1		candidate	-4	10	8	5
NZ_CP048009.1	Eex_IncN	eex_occupied	11	9	5	7
NZ_CP048028.1	Eex_IncN	eex_occupied	9	11	5	7
NZ_CP048112.1	Eex_IncN	eex_occupied	11	11	12	6
NZ_CP048247.1		candidate	-14	234	12	7
NZ_CP048255.1		candidate	-8	213	12	7
NZ_CP048285.1		candidate	4	-4	10	6
NZ_CP048321.1	Eex_IncN	eex_occupied	9	11	5	7
NZ_CP048325.1	Eex_IncN	eex_occupied	9	11	9	6
NZ_CP048327.1	Eex_IncN	eex_occupied	9	11	5	7
NZ_CP048332.1	Eex_IncN	eex_occupied	9	11	5	7
NZ_CP048333.1		candidate	-4	11	11	8
NZ_CP048346.1	Eex_IncN	eex_occupied	11	9	5	7
NZ_CP048363.1	Eex_IncN	eex_occupied	14	11	4	8
NZ_CP048392.1	Eex_IncN	eex_occupied	11	9	5	7
NZ_CP048419.1		candidate	395	356	1	9
NZ_CP048421.1		candidate	2	43	1	7
NZ_CP048424.1		candidate	-7	20	-7	7
NZ_CP048428.1		candidate	6	4	-4	7
NZ_CP048463.1		candidate	20	14	13	4
NZ_CP048466.1	Eex_IncN	eex_occupied	-4	4	2	6
NZ_CP048468.1		candidate	-7	-4	10	6
NZ_CP048475.1	Eex_IncN	eex_occupied	-4	4	2	6
NZ_CP048479.1	Eex_IncN	eex_occupied	-4	4	2	6
NZ_CP048483.1	Eex_IncN	eex_occupied	-4	4	2	6
NZ_CP048494.1	Eex_IncN	eex_occupied	-4	4	2	6
NZ_CP048499.1	Eex_IncN	eex_occupied	-4	4	2	6
NZ_CP048504.1	Eex_IncN	eex_occupied	-4	4	2	6
NZ_CP048506.1		candidate	-7	134	81	3
NZ_CP048510.1	Eex_IncN	eex_occupied	-4	4	2	6
NZ_CP048512.1		candidate	-7	134	10	6
NZ_CP048515.1	Eex_IncN	eex_occupied	-4	4	2	6
NZ_CP048517.1		candidate	-7	134	10	6
NZ_CP048520.1	Eex_IncN	eex_occupied	-4	3	6	6
NZ_CP048524.1	Eex_IncN	eex_occupied	-4	4	2	6
NZ_CP048530.1	Eex_IncN	eex_occupied	-4	4	2	6
NZ_CP048534.1	Eex_IncN	eex_occupied	-4	4	2	6
NZ_CP048541.1	Eex_IncN	eex_occupied	-4	4	2	6
NZ_CP048545.1	Eex_IncN	eex_occupied	-4	4	2	6
NZ_CP048553.1	Eex_IncN	eex_occupied	-4	4	2	6
NZ_CP048562.1		candidate	17	217	9	7
NZ_CP048563.1		candidate	-7	-4	11	3
NZ_CP048566.1	Eex_IncN	eex_occupied	-4	4	2	6
NZ_CP048568.1		candidate	-7	-4	6	6
NZ_CP048571.1	Eex_IncN	eex_occupied	-4	4	2	6
NZ_CP048575.1	Eex_IncN	eex_occupied	-4	4	2	6
NZ_CP048577.1		candidate	-7	-4	10	6
NZ_CP048578.1		candidate	233	33	-1	10
NZ_CP048579.1		candidate	4	-4	10	6
NZ_CP048591.1	Eex_IncN	eex_occupied	-4	4	2	6
NZ_CP048592.1		candidate	-7	-4	10	6
NZ_CP048595.1	Eex_IncN	eex_occupied	-4	4	2	6
NZ_CP048628.1		candidate	4	-35	-1	9
NZ_CP048631.1	Eex_IncN	eex_occupied	45	-4	10	6
NZ_CP048637.1		candidate	-4	-7	9	6
NZ_CP048699.1	Eex_IncN	eex_occupied	7	15	17	6
NZ_CP048700.1	Eex_IncN	eex_occupied	11	9	7	8
NZ_CP048762.1		candidate	-11	3	3	6
NZ_CP048816.1		candidate	-4	9	-1	6
NZ_CP048825.1	Eex_IncN	eex_occupied	7	15	17	6
NZ_CP048826.1		candidate	11	-4	11	8
NZ_CP048894.1		candidate	281	-14	12	6
NZ_CP048897.1		candidate	281	-14	12	7
NZ_CP048900.1		candidate	-8	281	12	7
NZ_CP048903.1		candidate	281	-14	12	7
NZ_CP048909.1		candidate	-14	281	12	7
NZ_CP048918.1	Eex_IncN	eex_occupied	9	11	5	7
NZ_CP048930.1		candidate	-8	213	12	6
NZ_CP049018.1		candidate	13	11	12	7
NZ_CP049024.1	Eex_IncN	eex_occupied	7	15	17	6
NZ_CP049025.1	Eex_IncN	eex_occupied	11	9	7	8
NZ_CP049039.1		candidate	2	14	-4	7
NZ_CP049040.1		candidate	0	8	5	7
NZ_CP049041.1		candidate	16	1	-4	7
NZ_CP049103.1	Eex_IncN	eex_occupied	46	3	5	5
NZ_CP049121.1	Eex_IncN	eex_occupied	9	11	5	8
NZ_CP049122.1		candidate	11	-4	11	8
NZ_CP049208.1		candidate	213	15	10	6
NZ_CP049209.1		candidate	214	17	9	7
NZ_CP049218.1	Eex_IncN	eex_occupied	4	-4	2	6
NZ_CP049219.1	Eex_IncN	eex_occupied	4	-4	2	6
NZ_CP049221.1		candidate	-4	-7	9	6
NZ_CP049243.1		candidate	33	233	-1	10
NZ_CP049245.1		candidate	-11	-7	10	6
NZ_CP049251.1		candidate	233	33	-1	10
NZ_CP049319.1		candidate	82	49	-1	6
NZ_CP049321.1		candidate	69	36	-4	5
NZ_CP049322.1		candidate	165	83	-4	5
NZ_CP049352.1	Eex_IncN	eex_occupied	11	9	5	7
NZ_CP049356.1	Eex_IncN	eex_occupied	222	8	5	4
NZ_CP049602.1	Eex_IncN	eex_occupied	9	11	5	7
NZ_CP049607.1	Eex_IncN	eex_occupied	11	17	9	6
NZ_CP049700.1	Eex_IncN	eex_occupied	-4	11	-4	5
NZ_CP049701.1		candidate	-4	17	-8	3
NZ_CP049702.1		candidate	16	-4	9	6
NZ_CP049757.1		candidate	11	1	11	7
NZ_CP049808.1		candidate	218	1	46	8
NZ_CP049814.1		candidate	-1	114	-4	7
NZ_CP049815.1		candidate	1	17	-1	7
NZ_CP050010.1	Eex_IncN	eex_occupied	9	16	15	6
NZ_CP050086.1	Eex_IncN	eex_occupied	-4	3	-1	7
NZ_CP050089.1		candidate	-7	-7	10	6
NZ_CP050090.1		candidate	-7	-4	10	6
NZ_CP050098.1	Eex_IncN	eex_occupied	-4	3	-1	7
NZ_CP050104.1	Eex_IncN	eex_occupied	-4	3	-1	7
NZ_CP050109.1	Eex_IncN	eex_occupied	-4	3	-1	7
NZ_CP050138.1	Eex_IncN	eex_occupied	-4	18	3	8
NZ_CP050157.1	Eex_IncN	eex_occupied	11	9	5	7
NZ_CP050159.1	Eex_IncN	eex_occupied	7	15	17	6
NZ_CP050160.1	Eex_IncN	eex_occupied	7	15	17	6
NZ_CP050161.1	Eex_IncN	eex_occupied	11	9	5	7
NZ_CP050254.1		candidate	-4	-1	9	6
NZ_CP050261.1		candidate	32	10	-4	4
NZ_CP050297.1		candidate	66	179	12	6
NZ_CP050299.1		candidate	54	-4	6	7
NZ_CP050304.1		candidate	-7	30	2	7
NZ_CP050305.1		candidate	11	13	-1	8
NZ_CP050375.1	Eex_IncN	eex_occupied	9	11	5	7
NZ_CP050931.1		candidate	-8	213	12	5
NZ_CP051210.1		candidate	-1	1	28	5
NZ_CP051221.1	Eex_IncN	eex_occupied	9	11	9	6
NZ_CP051225.1	TrbK_RP4	eex_occupied	12	-47	12	6
NZ_CP051226.1	Eex_IncN	eex_occupied	12	1	5	4
NZ_CP051294.1		candidate	-4	-4	5	8
NZ_CP051309.1		candidate	81	8	-4	5
NZ_CP051327.1	Eex_IncN	eex_occupied	1	12	5	4
NZ_CP051334.1		candidate	81	8	-4	5
NZ_CP051393.1	Eex_IncN	eex_occupied	0	9	2	7
NZ_CP051424.1	Eex_IncN	eex_occupied	2	52	5	5
NZ_CP051432.1	Eex_IncN	eex_occupied	9	11	5	8
NZ_CP051517.1		candidate	1	186	-7	3
NZ_CP051532.1		candidate	10	-1	10	6
NZ_CP051870.1		candidate	163	11	11	9
NZ_CP051876.1		candidate	163	11	11	9
NZ_CP052763.1	Eex_IncN	eex_occupied	7	15	17	6
NZ_CP052878.1	Eex_IncN	eex_occupied	46	3	5	5
NZ_CP053050.1	Eex_IncN	eex_occupied	0	9	4	8
NZ_CP053083.1	Eex_IncN	eex_occupied	222	8	5	4
NZ_CP053212.1		candidate	-4	11	11	8
NZ_CP053213.1		candidate	190	10	12	7
NZ_CP053220.1		candidate	11	162	7	9
NZ_CP053224.2	Eex_IncN	eex_occupied	-1	18	-4	9
NZ_CP053297.1	Eex_IncN	eex_occupied	8	15	-1	7
NZ_CP053373.1		candidate	20	49	3	9
NZ_CP053445.1		candidate	-7	-4	3	6
NZ_CP053554.1	TrbK_RP4	eex_occupied	11	9	16	5
NZ_CP053569.1		candidate	-4	12	-4	7
NZ_CP053646.1	Eex_IncN	eex_occupied	9	11	5	7
NZ_CP053694.1	Eex_IncN	eex_occupied	9	11	5	7
NZ_CP053711.1	Eex_IncN	eex_occupied	4	20	-1	9
NZ_CP053714.1	Eex_IncN	eex_occupied	3	17	-4	8
NZ_CP053726.1	Eex_IncN	eex_occupied	9	11	5	7
NZ_CP053924.1		candidate	-4	5	6	4
NZ_CP053984.1	TrbK_RP4	eex_occupied	9	11	16	6
NZ_CP054022.1	Eex_IncN	eex_occupied	3	-4	5	7
NZ_CP054028.1	Eex_IncN	eex_occupied	3	-4	5	6
NZ_CP054032.1	Eex_IncN	eex_occupied	3	-4	5	7
NZ_CP054046.1		candidate	-4	66	18	5
NZ_CP054130.1	Eex_IncN	eex_occupied	9	11	5	7
NZ_CP054148.1		candidate	-7	-4	11	6
NZ_CP054267.1	Eex_IncN	eex_occupied	11	9	5	7
NZ_CP054272.1	Eex_IncN	eex_occupied	15	7	17	6
NZ_CP054273.1	Eex_IncN	eex_occupied	9	11	5	7
NZ_CP054284.1	Eex_IncN	eex_occupied	18	3	2	6
NZ_CP054296.1	Eex_IncN	eex_occupied	8	15	-1	7
NZ_CP054370.1	Eex_IncN	eex_occupied	18	3	2	6
NZ_CP054409.1	Eex_IncN	eex_occupied	9	11	5	7
NZ_CP054412.1	Eex_IncN	eex_occupied	9	11	9	6
NZ_CP054602.1		candidate	0	2	5	7
NZ_CP054603.1		candidate	1	16	1	7
NZ_CP054604.1		candidate	16	1	-4	7
NZ_CP054607.1		candidate	1	13	1	8
NZ_CP054841.1		candidate	29	10	10	7
NZ_CP054842.1		candidate	41	-8	1	8
NZ_CP055026.1	Eex_IncN	eex_occupied	9	11	5	8
NZ_CP055042.1	Eex_IncN	eex_occupied	17	11	9	6
NZ_CP055043.1	Eex_IncN	eex_occupied	9	11	5	8
NZ_CP055050.1	Eex_IncN	eex_occupied	11	9	5	8
NZ_CP055054.1	Eex_IncN	eex_occupied	3	18	2	6
NZ_CP055072.1		candidate	190	10	12	7
NZ_CP055073.1	Eex_IncN	eex_occupied	9	11	5	8
NZ_CP055078.1	Eex_IncN	eex_occupied	7	15	10	5
NZ_CP055079.1	Eex_IncN	eex_occupied	0		-1	8
NZ_CP055102.1	Eex_IncN	eex_occupied	254	8	5	4
NZ_CP055103.1	TrbK_RP4	eex_occupied	-47	12	12	4
NZ_CP055182.1	Eex_IncN	eex_occupied	17	11	9	6
NZ_CP055183.1	Eex_IncN	eex_occupied	9	11	5	8
NZ_CP055185.1	Eex_IncN	eex_occupied	11	9	5	8
NZ_CP055250.1	Eex_IncN	eex_occupied	9	11	5	7
NZ_CP055253.1	Eex_IncN	eex_occupied	222	8	5	4
NZ_CP055257.1	Eex_IncN	eex_occupied	163	1	5	4
NZ_CP055260.1	Eex_IncN	eex_occupied	222	8	5	4
NZ_CP055271.1		candidate	-7	-4	10	6
NZ_CP055272.1		candidate	-7	-4	10	6
NZ_CP055273.1		candidate	-7	-4	10	6
NZ_CP055274.1		candidate	164	4	4	8
NZ_CP055298.1	Eex_IncN	eex_occupied	18	12	2	7
NZ_CP055413.1		candidate	-4	12		0
NZ_CP055513.1	Eex_IncN	eex_occupied	11	9	12	6
NZ_CP055584.1	Eex_IncN	eex_occupied	10	10	6	7
NZ_CP056031.1		candidate	19	15	-4	5
NZ_CP056038.1	Eex_IncN	eex_occupied	7	15	17	7
NZ_CP056045.1		candidate	-7	-4	17	6
NZ_CP056046.1		candidate	-7	-4	-1	2
NZ_CP056050.1		candidate	-7	-4	17	6
NZ_CP056051.1		candidate	-7	-4	-1	2
NZ_CP056187.1	Eex_IncN	eex_occupied	8	8	7	8
NZ_CP056211.1	Eex_IncN	eex_occupied	11	9	7	8
NZ_CP056254.1	Eex_IncN	eex_occupied	9	11	7	8
NZ_CP056261.1	Eex_IncN	eex_occupied	9	11	9	8
NZ_CP056271.1	Eex_IncN	eex_occupied	9	11	7	8
NZ_CP056311.1	Eex_IncN	eex_occupied	11	9	12	6
NZ_CP056324.1	Eex_IncN	eex_occupied	11	34	-4	7
NZ_CP056335.1	Eex_IncN	eex_occupied	11	17	9	6
NZ_CP056428.1	Eex_IncN	eex_occupied	11	9	12	5
NZ_CP056437.1	Eex_IncN	eex_occupied	9	11	7	8
NZ_CP056467.1	Eex_IncN	eex_occupied	10	10	6	7
NZ_CP056485.1		candidate	10	10	6	4
NZ_CP056511.1	Eex_IncN	eex_occupied	3	7	12	6
NZ_CP056518.1	Eex_IncN	eex_occupied	11	34	-4	6
NZ_CP056587.1		candidate	12	-4	-4	1
NZ_CP056638.1	Eex_IncN	eex_occupied	18	3	2	6
NZ_CP056639.1	Eex_IncN	eex_occupied	11	9	7	8
NZ_CP056828.1		candidate	-4	12		0
NZ_CP057231.1	Eex_IncN	eex_occupied	11	14	4	8
NZ_CP057240.1	Eex_IncN	eex_occupied	11	14	4	8
NZ_CP057318.1	Eex_IncN	eex_occupied	7	15	17	6
NZ_CP057569.1	TrbK_RP4	eex_occupied	-47	12	12	5
NZ_CP057724.1	Eex_IncN	eex_occupied	7	15	17	6
NZ_CP058130.1	Eex_IncN	eex_occupied	7	15	10	5
NZ_CP058148.1	Eex_IncN	eex_occupied	7	15	10	5
NZ_CP058208.1	Eex_IncN	eex_occupied	7	15	17	7
NZ_CP058294.1		candidate	-4	-11	-4	5
NZ_CP058300.1		candidate	-4	-11	0	6
NZ_CP058303.1	Eex_IncN	eex_occupied	222	8	5	4
NZ_CP058328.1	Eex_IncN	eex_occupied	9	11	9	6
NZ_CP058527.1	Eex_IncN	eex_occupied	3	-4	6	6
NZ_CP058621.1	Eex_IncN	eex_occupied	9	11	5	7
NZ_CP058653.1	Eex_IncN	eex_occupied	8	15	-1	5
NZ_CP058664.1	Eex_IncN	eex_occupied	9	11	5	7
NZ_CP058685.1		candidate	-29	67	2	8
NZ_CP058710.1		candidate	190	10	12	7
NZ_CP058721.1	Eex_IncN	eex_occupied	15	7	17	7
NZ_CP058723.1		candidate	190	10	12	7
NZ_CP058728.1		candidate	10	190	12	7
NZ_CP058751.1	Eex_IncN	eex_occupied	7	15	17	6
NZ_CP058761.1	Eex_IncN	eex_occupied	15	7	17	6
NZ_CP058762.1	Eex_IncN	eex_occupied	9	11	12	6
NZ_CP058774.1	Eex_IncN	eex_occupied	15	7	17	6
NZ_CP058789.1	Eex_IncN	eex_occupied	11	9	5	8
NZ_CP058797.1	Eex_IncN	eex_occupied	9	11	5	8
NZ_CP058827.1	Eex_IncN	eex_occupied	11	9	5	8
NZ_CP058842.1	Eex_IncN	eex_occupied	14	11	4	8
NZ_CP058855.1	Eex_IncN	eex_occupied	9	11	5	8
NZ_CP058862.1	Eex_IncN	eex_occupied	15	7	17	6
NZ_CP058863.1		candidate	-1	21	-1	5
NZ_CP058883.1	Eex_IncN	eex_occupied	15	7	17	6
NZ_CP058945.1	Eex_IncN	eex_occupied	9	11	5	6
NZ_CP058949.1	Eex_IncN	eex_occupied	3	18	2	6
NZ_CP059006.1	Eex_IncN	eex_occupied	11	9	5	7
NZ_CP059053.1		candidate	-8	28	2	8
NZ_CP059057.1	Eex_IncN	eex_occupied	-1	7	8	7
NZ_CP059122.1	Eex_IncN	eex_occupied	673	8	5	4
NZ_CP059127.1		candidate	11	-4	11	8
NZ_CP059286.1	Eex_IncN	eex_occupied		9	5	7
NZ_CP059287.1	Eex_IncN	eex_occupied	3	18	2	6
NZ_CP059291.1		candidate	-4	11	11	7
NZ_CP059321.1	Eex_IncN	eex_occupied	-4	14	3	9
NZ_CP059393.1	Eex_IncN	eex_occupied	3	18	4	6
NZ_CP059418.1		candidate	11	17	3	5
NZ_CP059433.1	Eex_IncN	eex_occupied	55	-47	3	5
NZ_CP059434.1		candidate	5	13	11	4
NZ_CP059435.1		candidate	-4	3	3	6
NZ_CP059438.1	Eex_IncN	eex_occupied	55	-47	20	4
NZ_CP059440.1	Eex_IncN	eex_occupied	-47	46	13	6
NZ_CP059442.1	Eex_IncN	eex_occupied	-47	55	15	4
NZ_CP059444.1	Eex_IncN	eex_occupied	46	-47	13	5
NZ_CP059446.1	Eex_IncN	eex_occupied	45	-35	-4	3
NZ_CP059476.1		candidate	162	11	11	8
NZ_CP059559.1		candidate	62	199	10	7
NZ_CP059691.1	Eex_IncN	eex_occupied	7	15	17	7
NZ_CP059714.1	Eex_IncN	eex_occupied	15	7	17	6
NZ_CP059715.1	Eex_IncN	eex_occupied	11	9	5	7
NZ_CP059850.1	Eex_IncN	eex_occupied	7	15	17	7
NZ_CP059897.1		candidate	232	-4	-1	6
NZ_CP059930.1	Eex_IncN	eex_occupied	17	11	9	4
NZ_CP059949.1	Eex_IncN	eex_occupied	9	0	4	8
NZ_CP059993.1		candidate	47	-8	1	8
NZ_CP060000.1		candidate	-8	47	1	8
NZ_CP060001.1		candidate	-8	47	1	8
NZ_CP060003.1		candidate	47	-8	1	8
NZ_CP060033.1	Eex_IncN	eex_occupied	11	9	-4	7
NZ_CP060037.1	Eex_IncN	eex_occupied	-1	17	-4	9
NZ_CP060067.1	Eex_IncN	eex_occupied	16	9	15	6
NZ_CP060077.1	Eex_IncN	eex_occupied	9	0	4	8
NZ_CP060091.1		candidate	-4	10	10	4
NZ_CP060125.1		candidate	10	9	13	7
NZ_CP060133.1	Eex_IncN	eex_occupied	11	17	10	5
NZ_CP060135.1	Eex_IncN	eex_occupied	11	17	9	6
NZ_CP060136.1	Eex_IncN	eex_occupied	7	15	17	7
NZ_CP060199.1		candidate	-4	9	-1	9
NZ_CP060200.1		candidate	15	4	3	6
NZ_CP060284.1		candidate	1	9	12	6
NZ_CP060389.1	Eex_IncN	eex_occupied	3	20	-4	7
NZ_CP060444.1	Eex_IncN	eex_occupied	13	10	12	6
NZ_CP060449.1		candidate	217	370	18	7
NZ_CP060454.1		candidate	370	217	26	6
NZ_CP060461.1		candidate	-8	47	1	7
NZ_CP060462.1		candidate	217	370	18	7
NZ_CP060463.1		candidate	50	-8	1	8
NZ_CP060466.1		candidate	-8	47	1	7
NZ_CP060468.1		candidate	50	-8	1	8
NZ_CP060473.1		candidate	217	370	18	7
NZ_CP060519.1	Eex_IncN	eex_occupied	12	1	5	4
NZ_CP060524.1		candidate	11	-4	11	8
NZ_CP060752.1	Eex_IncN	eex_occupied	9	11	12	6
NZ_CP060876.1	Eex_IncN	eex_occupied	11	9	5	7
NZ_CP060888.1	Eex_IncN	eex_occupied	9	11	5	7
NZ_CP060901.1	Eex_IncN	eex_occupied	11	9	5	7
NZ_CP060905.1	Eex_IncN	eex_occupied	11	9	5	6
NZ_CP060911.1	Eex_IncN	eex_occupied	9	11	5	7
NZ_CP060925.1	TraS	eex_occupied	15	7	17	6
NZ_CP060931.1	Eex_IncN	eex_occupied	9	11	5	7
NZ_CP060941.1	Eex_IncN	eex_occupied	11	9	5	7
NZ_CP060949.1	Eex_IncN	eex_occupied	11	9	5	7
NZ_CP060952.1	Eex_IncN	eex_occupied	9	11	5	7
NZ_CP060966.1	Eex_IncN	eex_occupied	11	9	9	6
NZ_CP060967.1		candidate	-4	11	11	7
NZ_CP060972.1	Eex_IncN	eex_occupied	9	11	5	7
NZ_CP060976.1	Eex_IncN	eex_occupied	9	11	5	7
NZ_CP060977.1		candidate	11	-4	11	8
NZ_CP060982.1	Eex_IncN	eex_occupied	11	9	5	5
NZ_CP060983.1		candidate	10	-4	11	8
NZ_CP061104.1	Eex_IncN	eex_occupied	11	14	4	8
NZ_CP061110.1	Eex_IncN	eex_occupied	9	11	5	7
NZ_CP061111.1	TrbK_RP4	eex_occupied	-47	12	12	6
NZ_CP061128.1	Eex_IncN	eex_occupied	222	8	5	4
NZ_CP061186.1	Eex_IncN	eex_occupied	46	3	5	4
NZ_CP061279.1		candidate	-4	11	11	8
NZ_CP061353.1		candidate	1	9	12	6
NZ_CP061386.1	Eex_IncN	eex_occupied	11	9	9	6
NZ_CP061500.1		candidate	-4	-4	-4	7
NZ_CP061532.1	Eex_IncN	eex_occupied	11	14	4	7
NZ_CP061746.1	Eex_IncN	eex_occupied	15	7	17	6
NZ_CP061747.1	Eex_IncN	eex_occupied	9	11	5	7
NZ_CP061954.1	Eex_IncN	eex_occupied	17	11	9	6
NZ_CP061973.1	Eex_IncN	eex_occupied	15	7	17	6
NZ_CP062065.1		candidate	32	2	0	7
NZ_CP062114.1		candidate	15	4	3	6
NZ_CP062117.1		candidate	-4	-7	10	5
NZ_CP062119.1		candidate	202	17	-4	7
NZ_CP062120.1	TrbK_RP4	eex_occupied	17	9	3	5
NZ_CP062123.1	TrbK_RP4	eex_occupied	10	9	16	6
NZ_CP062198.1		candidate	52	10	4	6
NZ_CP062215.1		candidate	11	-4	11	8
NZ_CP062230.1		candidate	15	-11	3	7
NZ_CP062233.1	Eex_IncN	eex_occupied	3	-4	2	5
NZ_CP062256.2		candidate	-8	47	1	8
NZ_CP062258.2	Eex_IncN	eex_occupied	0	49	12	6
NZ_CP062807.1		candidate	10	17	9	4
NZ_CP062809.1	TrbK_RP4	eex_occupied	9	11	16	6
NZ_CP062857.1	Eex_IncN	eex_occupied	8	0	4	8
NZ_CP062878.1	TrbK_RP4	eex_occupied	12	-47	12	6
NZ_CP062881.1		candidate	65	92	-1	5
NZ_CP062982.1	Eex_IncN	eex_occupied	222	8	5	4
NZ_CP063080.1		candidate	292	13	-4	5
NZ_CP063114.1		candidate	10	1	14	7
NZ_CP063118.1	Eex_IncN	eex_occupied	11	21	10	7
NZ_CP063125.1		candidate	154	17	14	7
NZ_CP063126.1	Eex_IncN	eex_occupied	21	11	10	7
NZ_CP063156.1	Eex_IncN	eex_occupied	12	1	5	4
NZ_CP063227.1	Eex_IncN	eex_occupied	16	9	15	6
NZ_CP063297.1	Eex_IncN	eex_occupied	3	18	2	6
NZ_CP063335.1		candidate	11	-4	11	8
NZ_CP063363.1		candidate	-4	-7	-8	6
NZ_CP063399.1		candidate	-4	-7	10	6
NZ_CP063468.1	Eex_IncN	eex_occupied	18	3	2	6
NZ_CP063470.1		candidate	190	10	12	7
NZ_CP063475.1	Eex_IncN	eex_occupied	11	9	5	8
NZ_CP063478.1		candidate	10	190	12	7
NZ_CP063489.1		candidate	11	-4	11	8
NZ_CP063495.1		candidate	190	10	12	7
NZ_CP063496.1	Eex_IncN	eex_occupied	163	1	5	5
NZ_CP063509.1	Eex_IncN	eex_occupied	9	0	4	8
NZ_CP063521.1	Eex_IncN	eex_occupied	11	12	12	6
NZ_CP063842.1		candidate	43	1	1	8
NZ_CP063949.1		candidate	218	249	25	3
NZ_CP063951.1	Eex_IncN	eex_occupied	17	11	9	6
NZ_CP063994.1	TrbK_RP4	eex_occupied	9	10	16	6
NZ_CP063998.1	Eex_IncN	eex_occupied	2	34	9	7
NZ_CP063999.1	TrbK_RP4	eex_occupied	10	9	16	6
NZ_CP064007.1		candidate	11	-4	11	8
NZ_CP064008.1	Eex_IncN	eex_occupied	7	15	17	7
NZ_CP064009.1		candidate	-4	11	11	8
NZ_CP064013.1		candidate	11	-4	11	8
NZ_CP064014.1		candidate	-4	11	11	8
NZ_CP064021.1		candidate	11	-4	11	8
NZ_CP064023.1		candidate	-4	11	11	8
NZ_CP064025.1	Eex_IncN	eex_occupied	9	11	5	8
NZ_CP064043.1		candidate	-4	10	10	5
NZ_CP064131.1	Eex_IncN	eex_occupied	3	7	12	6
NZ_CP064177.1	Eex_IncN	eex_occupied	9	11	5	7
NZ_CP064181.1	Eex_IncN	eex_occupied	15	7	17	6
NZ_CP064190.1		candidate	37	229	2	10
NZ_CP064327.1	Eex_IncN	eex_occupied	16	21	12	5
NZ_CP064329.1	Eex_IncN	eex_occupied	16	21	12	5
NZ_CP064331.1	Eex_IncN	eex_occupied	16	21	12	5
NZ_CP064333.1	Eex_IncN	eex_occupied	16	21	12	5
NZ_CP064335.1	Eex_IncN	eex_occupied	16	21	12	5
NZ_CP064652.1	TrbK_RP4	eex_occupied	-4	6	9	6
NZ_CP064660.1	Eex_IncN	eex_occupied	9	11	5	7
NZ_CP064694.1		candidate	3	2	-1	7
NZ_CP064697.1		candidate	127	5	36	8
NZ_CP064700.1		candidate	5	127	36	8
NZ_CP064706.1		candidate	-4	-4	-4	7
NZ_CP064770.1	Eex_IncN	eex_occupied	3	18	2	6
NZ_CP064910.1	Eex_IncN	eex_occupied	11	17	10	4
NZ_CP064932.1	Eex_IncN	eex_occupied	-4	2	-4	7
NZ_CP064935.1	Eex_IncN	eex_occupied	2	-4	5	6
NZ_CP064944.1		candidate	15	15	-4	7
NZ_CP065021.1	Eex_IncN	eex_occupied	5	-4	-1	5
NZ_CP065064.1		candidate	11	-4	11	8
NZ_CP065103.1	Eex_IncN	eex_occupied	11	9	5	8
NZ_CP065104.1	TrbK_RP4	eex_occupied	-47	12	12	6
NZ_CP065112.1	Eex_IncN	eex_occupied	11	17	9	6
NZ_CP065113.1	Eex_IncN	eex_occupied	9	0	4	8
NZ_CP065119.1	Eex_IncN	eex_occupied	11	17	9	6
NZ_CP065124.1	Eex_IncN	eex_occupied	7	15	17	6
NZ_CP065346.1	Eex_IncN	eex_occupied	11	9	5	7
NZ_CP065350.1	Eex_IncN	eex_occupied	9	11	5	7
NZ_CP065360.1		candidate	-4	-4	17	4
NZ_CP065361.1		candidate	8	0	-4	5
NZ_CP065371.1		candidate	-4	10	28	4
NZ_CP065372.1		candidate	-4	10	10	5
NZ_CP065408.1	TrbK_RP4	eex_occupied	9	10	17	4
NZ_CP065413.1		candidate	14	206	7	7
NZ_CP065423.1	Eex_IncN	eex_occupied	222	8	5	4
NZ_CP065448.1	Eex_IncN	eex_occupied	16	9	15	6
NZ_CP065458.1	Eex_IncN	eex_occupied	7	15	17	6
NZ_CP065667.1	TrbK_RP4	eex_occupied	9	10	12	6
NZ_CP065697.1		candidate	-4	12	2	6
NZ_CP065724.1	Eex_IncN	eex_occupied	-4		2	7
NZ_CP065727.1		candidate	28	4	48	2
NZ_CP065749.1		candidate	-4	12	2	6
NZ_CP065897.1		candidate	-1	8	1	7
NZ_CP065950.1	Eex_IncN	eex_occupied	7	15	17	6
NZ_CP066028.1		candidate	-11	-4	9	6
NZ_CP066039.1	TrbK_RP4	eex_occupied	10	9	16	6
NZ_CP066051.1		candidate	34	229	2	10
NZ_CP066056.1		candidate	4	28	23	5
NZ_CP066077.1		candidate	31	7	-4	5
NZ_CP066097.1	Eex_IncN	eex_occupied	7	15	17	6
NZ_CP066098.1	Eex_IncN	eex_occupied	11	9	7	8
NZ_CP066248.1		candidate	4	147	366	2
NZ_CP066264.1		candidate	33	10	2	5
NZ_CP066266.1		candidate	15	26	-4	5
NZ_CP066271.1		candidate	31	10	-4	1
NZ_CP066273.1		candidate	-4	-7	11	6
NZ_CP066344.1	Eex_IncN	eex_occupied	19	183	9	5
NZ_CP066345.1	Eex_IncN	eex_occupied	49	0	12	6
NZ_CP066346.1		candidate	124	-4	18	7
NZ_CP066352.1	Eex_IncN	eex_occupied	-4	11	-4	8
NZ_CP066353.1		candidate	-4	16	-4	2
NZ_CP066357.1	Eex_IncN	eex_occupied	11	-4	-4	7
NZ_CP066360.1		candidate	15	-11	-1	9
NZ_CP066361.1	Eex_IncN	eex_occupied	-4	22	-1	5
NZ_CP066368.1	Eex_IncN	eex_occupied	12	1	5	4
NZ_CP066747.1	Eex_IncN	eex_occupied	48	-53	1	4
NZ_CP066846.1	Eex_IncN	eex_occupied	7	15	17	6
NZ_CP066852.1	Eex_IncN	eex_occupied	11	14	4	8
NZ_CP066920.1	Eex_IncN	eex_occupied	4	41	1	7
NZ_CP066924.1		candidate	-4	19	18	7
NZ_CP066927.1	Eex_IncN	eex_occupied	194	18	-4	6
NZ_CP066935.1		candidate	19	-4	18	7
NZ_CP066941.1		candidate	217	-4	19	7
NZ_CP066946.1		candidate	367	58	18	7
NZ_CP066954.1		candidate	215	-4	19	7
NZ_CP066957.1	Eex_IncN	eex_occupied	18	194	-4	6
NZ_CP066960.1	Eex_IncN	eex_occupied	18	194	-4	6
NZ_CP066962.1		candidate	-4	168	25	6
NZ_CP066964.1	Eex_IncN	eex_occupied	-1	53	6	7
NZ_CP066965.1		candidate	463	5	26	8
NZ_CP066967.1		candidate	217	-4	19	7
NZ_CP066971.1		candidate	367	58	19	7
NZ_CP066974.1		candidate	357	6	26	6
NZ_CP066977.1		candidate	357	6	26	6
NZ_CP066989.1		candidate	463	5	26	8
NZ_CP066991.1		candidate	463	5	26	8
NZ_CP066998.1		candidate	-4	11	18	7
NZ_CP067003.1		candidate	367	58	18	7
NZ_CP067026.1		candidate	31	10	-4	1
NZ_CP067029.1	Eex_IncN	eex_occupied	-4	4	2	6
NZ_CP067034.1	Eex_IncN	eex_occupied	-4	4	2	6
NZ_CP067036.1	TrbK_RP4	eex_occupied	9	10	16	6
NZ_CP067039.1	Eex_IncN	eex_occupied	-4	4	2	6
NZ_CP067075.1		candidate	2	1	-4	8
NZ_CP067076.1		candidate	12	-8	-1	9
NZ_CP067141.1		candidate	3	22	-4	7
NZ_CP067172.1		candidate	-1	8	2	8
NZ_CP067226.1		candidate	-1	-4	-1	8
NZ_CP067247.1	Eex_IncN	eex_occupied	11	17	9	6
NZ_CP067263.1	Eex_IncN	eex_occupied	7	15	17	7
NZ_CP067266.1	Eex_IncN	eex_occupied	11	12	12	6
NZ_CP067268.1	Eex_IncN	eex_occupied	11	17	9	6
NZ_CP067269.1	Eex_IncN	eex_occupied	7	15	17	7
NZ_CP067270.1		candidate	14	-4	10	8
NZ_CP067313.1	Eex_IncN	eex_occupied	11	12	17	4
NZ_CP067315.1	Eex_IncN	eex_occupied	7	15	17	7
NZ_CP067343.1	Eex_IncN	eex_occupied	222	8	5	4
NZ_CP067421.1		candidate	-1	4	-4	6
NZ_CP067423.1		candidate	15	4	3	6
NZ_CP067425.2		candidate	118	292	29	4
NZ_CP068231.1		candidate	-4	12	-4	7
NZ_CP068288.1	Eex_IncN	eex_occupied	15	7	17	6
NZ_CP068322.1	Eex_IncN	eex_occupied	11	9	5	7
NZ_CP068325.1	Eex_IncN	eex_occupied	9	11	5	7
NZ_CP068328.1	Eex_IncN	eex_occupied	9	11	5	7
NZ_CP068330.1	Eex_IncN	eex_occupied	11	9	5	7
NZ_CP068340.1	Eex_IncN	eex_occupied	9	11	5	7
NZ_CP068387.1	Eex_IncN	eex_occupied	9	0	4	8
NZ_CP068606.1	Eex_IncN	eex_occupied	11	9	5	6
NZ_CP068612.1	Eex_IncN	eex_occupied	11	9	5	7
NZ_CP068624.1		candidate	-4	10	10	4
NZ_CP068625.1		candidate	10	-4	10	5
NZ_CP068626.1		candidate	-1	38	12	5
NZ_CP068632.1		candidate	-4	10	14	2
NZ_CP068640.1		candidate	-4	10	14	2
NZ_CP068644.1		candidate	10	-4	10	4
NZ_CP068649.1		candidate	-4	10	10	4
NZ_CP068650.1		candidate	-1	38	12	5
NZ_CP068651.1		candidate	38	-1	3	7
NZ_CP068679.1		candidate	2	9	10	6
NZ_CP068762.1		candidate	213	-8	12	7
NZ_CP068835.1	Eex_IncN	eex_occupied	9	11	5	7
NZ_CP068852.1	Eex_IncN	eex_occupied	9	11	5	7
NZ_CP068868.1	Eex_IncN	eex_occupied	9	11	5	7
NZ_CP068881.1	Eex_IncN	eex_occupied	9	11	5	7
NZ_CP068887.1	Eex_IncN	eex_occupied	11	9	5	7
NZ_CP068904.1	Eex_IncN	eex_occupied	9	11	5	7
NZ_CP068910.1	Eex_IncN	eex_occupied	9	11	5	7
NZ_CP068911.1	Eex_IncN	eex_occupied	11	9	5	7
NZ_CP068919.1	Eex_IncN	eex_occupied	9	11	5	7
NZ_CP068922.1	Eex_IncN	eex_occupied	11	9	5	7
NZ_CP068925.1	Eex_IncN	eex_occupied	11	9	5	7
NZ_CP068936.1	Eex_IncN	eex_occupied	9	11	5	7
NZ_CP068938.1	Eex_IncN	eex_occupied	9	11	5	7
NZ_CP068957.1	Eex_IncN	eex_occupied	11	9	5	7
NZ_CP068958.1	Eex_IncN	eex_occupied	9	11	5	7
NZ_CP068959.1	Eex_IncN	eex_occupied	9	11	5	7
NZ_CP068999.1		candidate	2	111	-1	7
NZ_CP069001.1		candidate	1	115	-4	7
NZ_CP069005.1		candidate	2	111	-4	7
NZ_CP069050.1	Eex_IncN	eex_occupied	46	3	5	5
NZ_CP069135.1		candidate	-4	10	11	8
NZ_CP069136.1		candidate	-4	10	11	8
NZ_CP069303.1		candidate	3	20	-1	6
NZ_CP069305.1		candidate	4	6	-4	7
NZ_CP069355.1		candidate	-4	176	6	8
NZ_CP069371.1		candidate	3	-4	-1	7
NZ_CP069446.1	Eex_IncN	eex_occupied	8	0	4	8
NZ_CP069649.1	Eex_IncN	eex_occupied	7	15	17	7
NZ_CP069650.1		candidate	-4	11	11	8
NZ_CP069661.1		candidate	11	-4	18	6
NZ_CP069669.1		candidate	11	-4	18	6
NZ_CP069685.1		candidate	-4	11	11	8
NZ_CP069694.1	Eex_IncN	eex_occupied	9	0	4	8
NZ_CP069715.1	TrbK_RP4	eex_occupied	12	-47	12	6
NZ_CP069716.1		candidate	11	-4	11	8
NZ_CP069860.1	Eex_IncN	eex_occupied	15	7	17	7
NZ_CP069866.1	Eex_IncN	eex_occupied	15	7	17	6
NZ_CP069944.1	ExcA	eex_occupied	14	2	-4	6
NZ_CP069963.1	Eex_IncN	eex_occupied	77	3	5	4
NZ_CP069981.1		candidate	-4	11	11	6
NZ_CP070012.1		candidate	-4	10	10	7
NZ_CP070035.1	Eex_IncN	eex_occupied	1	152	5	4
NZ_CP070064.1	Eex_IncN	eex_occupied	8	0	2	7
NZ_CP070086.1	Eex_IncN	eex_occupied	9	11	5	7
NZ_CP070093.1	Eex_IncN	eex_occupied	7	15	17	5
NZ_CP070117.1	Eex_IncN	eex_occupied	12	11	12	5
NZ_CP070231.1	Eex_IncN	eex_occupied	8	222	5	3
NZ_CP070344.1		candidate	245	16	-4	8
NZ_CP070422.1	Eex_IncN	eex_occupied	11	9	5	7
NZ_CP070442.1	Eex_IncN	eex_occupied	9	11	5	7
NZ_CP070456.1	Eex_IncN	eex_occupied	11	9	5	7
NZ_CP070495.1		candidate	11	13	3	6
NZ_CP070509.1	Eex_IncN	eex_occupied	45	-4	12	8
NZ_CP070519.1	Eex_IncN	eex_occupied	18	3	2	6
NZ_CP070531.1	Eex_IncN	eex_occupied	7	15	17	6
NZ_CP070538.1	Eex_IncN	eex_occupied	7	15	17	4
NZ_CP070545.1		candidate	7	15	17	6
NZ_CP070554.1	Eex_IncN	eex_occupied	7	15	17	6
NZ_CP070561.1	Eex_IncN	eex_occupied	9	11	9	6
NZ_CP070570.1	Eex_IncN	eex_occupied	-1	7	8	7
NZ_CP070571.1	Eex_IncN	eex_occupied	18	3	2	6
NZ_CP070575.1	Eex_IncN	eex_occupied	3	18	2	6
NZ_CP070576.1	Eex_IncN	eex_occupied	18	3	2	6
NZ_CP070580.1	Eex_IncN	eex_occupied	18	3	2	6
NZ_CP070587.1	Eex_IncN	eex_occupied	3	18	2	6
NZ_CP070594.1	Eex_IncN	eex_occupied	3	18	2	6
NZ_CP070900.1		candidate	7	15	17	6
NZ_CP070924.1	Eex_IncN	eex_occupied	222	8	5	4
NZ_CP070925.1	Eex_IncN	eex_occupied	11	9	5	8
NZ_CP070957.1	Eex_IncN	eex_occupied	1	12	5	4
NZ_CP071267.1	Eex_IncN	eex_occupied	3	18	2	6
NZ_CP071391.1	Eex_IncN	eex_occupied	9	11	5	7
NZ_CP071396.1	Eex_IncN	eex_occupied	9	11	9	6
NZ_CP071438.1	Eex_IncN	eex_occupied	10	13	12	6
NZ_CP071461.1		candidate	-4	-11	-4	5
NZ_CP071588.1	Eex_IncN	eex_occupied	-53	48	1	4
NZ_CP071593.1		candidate	3	-11	3	6
NZ_CP071608.1		candidate	43	-4	10	6
NZ_CP071609.1		candidate	-4	-7	10	6
NZ_CP071615.1		candidate	-7	-7	10	6
NZ_CP071621.1		candidate	-7	-7	10	6
NZ_CP071635.1		candidate	43	-4	10	6
NZ_CP071682.1		candidate	-7	-7	10	6
NZ_CP072138.1	Eex_IncN	eex_occupied	-4	4	-4	3
NZ_CP072150.1		candidate	-7	-4	9	6
NZ_CP072155.1		candidate	-7	-4	9	6
NZ_CP072159.1		candidate	-4	-7	-4	6
NZ_CP072166.1		candidate	-4	-7	9	6
NZ_CP072170.1		candidate	4	-4	10	6
NZ_CP072171.1	Eex_IncN	eex_occupied	-1	2	-4	7
NZ_CP072176.1		candidate	2	1	-4	8
NZ_CP072177.1		candidate	-8	12	-1	9
NZ_CP072266.1	Eex_IncN	eex_occupied	185	19	9	5
NZ_CP072269.1		candidate	-8	47	1	8
NZ_CP072313.1		candidate	92	65	1	6
NZ_CP072316.1		candidate	11	-4	11	8
NZ_CP072395.1		candidate	567	6	26	6
NZ_CP072470.1	Eex_IncN	eex_occupied	9	11	5	7
NZ_CP072553.1		candidate	86	250	11	7
NZ_CP072556.1	Eex_IncN	eex_occupied	3	18	2	6
NZ_CP072560.1		candidate	12	-4	-4	7
NZ_CP072561.1	TrbK_RP4	eex_occupied	10	9	16	6
NZ_CP072562.1		candidate	15	15	-4	7
NZ_CP072615.1		candidate	2	17	-4	7
NZ_CP072616.1		candidate	-1	115	-1	5
NZ_CP072747.1	Eex_IncN	eex_occupied	-4	4	2	6
NZ_CP072750.1		candidate	12	65	9	7
NZ_CP072860.1	Eex_IncN	eex_occupied	11	9	5	7
NZ_CP072869.1		candidate	-7	-4	10	6
NZ_CP072872.1		candidate	229	37	2	10
NZ_CP072908.1	Eex_IncN	eex_occupied	77	3	5	4
NZ_CP072946.1	TraS	eex_occupied	-4	12	-4	3
NZ_CP072962.1		candidate	-4	12	-4	3
NZ_CP072979.1	Eex_IncN	eex_occupied	15	7	17	6
NZ_CP072981.1	Eex_IncN	eex_occupied	11	12	12	5
NZ_CP072989.1		candidate	-4	11	25	4
NZ_CP072993.1		candidate	4	17	-1	7
NZ_CP073005.1	Eex_IncN	eex_occupied	3	46	5	5
NZ_CP073044.1		candidate	-4	12	-4	3
NZ_CP073049.1		candidate	-4	12	-4	3
NZ_CP073055.1		candidate	-4	12	-4	3
NZ_CP073079.1	Eex_IncN	eex_occupied	-1	12	4	5
NZ_CP073112.1		candidate	43	-4	10	5
NZ_CP073210.1		candidate	51	-8	1	6
NZ_CP073211.1		candidate	47	-8	1	8
NZ_CP073363.1	Eex_IncN	eex_occupied	9	11	5	7
NZ_CP073634.1	Eex_IncN	eex_occupied	-4	12	-4	7
NZ_CP073663.1		candidate	22	5	22	4
NZ_CP073666.1		candidate	17	29	29	4
NZ_CP073668.1		candidate	39	51	111	4
NZ_CP073774.1	Eex_IncN	eex_occupied	7	15	17	7
NZ_CP073790.1	Eex_IncN	eex_occupied	7	15	17	7
NZ_CP073931.1	Eex_IncN	eex_occupied	7	15	17	7
NZ_CP073951.1	Eex_IncN	eex_occupied	7	15	17	7
NZ_CP073956.1	Eex_IncN	eex_occupied	14	11	4	8
NZ_CP073957.1	Eex_IncN	eex_occupied	7	15	17	7
NZ_CP073990.1	Eex_IncN	eex_occupied	7	15	17	7
NZ_CP073998.1	Eex_IncN	eex_occupied	9	0	4	8
NZ_CP074014.1	Eex_IncN	eex_occupied	7	15	17	7
NZ_CP074022.1	Eex_IncN	eex_occupied	14	11	4	7
NZ_CP074077.1		candidate	-4	19	18	7
NZ_CP074118.1	Eex_IncN	eex_occupied	15	7	10	5
NZ_CP074195.1	Eex_IncN	eex_occupied	9	11	5	7
NZ_CP074353.1	Eex_IncN	eex_occupied	15	7	17	7
NZ_CP074362.1	TrbK_RP4	eex_occupied	10	14	16	6
NZ_CP074395.1		candidate	-7	-4	10	6
NZ_CP074396.1		candidate	-7	-4	9	6
NZ_CP074400.1	Eex_IncN	eex_occupied	-43	4	8	6
NZ_CP074417.1		candidate	10	-4		0
NZ_CP074443.1	Eex_IncN	eex_occupied	11	9	5	7
NZ_CP074447.1	Eex_IncN	eex_occupied	7	15	17	6
NZ_CP074450.1	Eex_IncN	eex_occupied	7	15	17	6
NZ_CP074526.1	Eex_IncN	eex_occupied	9	11	9	6
NZ_CP074543.1	Eex_IncN	eex_occupied	9	11	9	6
NZ_CP074546.1	Eex_IncN	eex_occupied	8	11	9	6
NZ_CP074559.1		candidate	11	9	9	5
NZ_CP075067.1	Eex_IncN	eex_occupied	222	8	5	4
NZ_CP075114.1	Eex_IncN	eex_occupied	0	9	10	8
NZ_CP075124.1	Eex_IncN	eex_occupied	0	9	4	7
NZ_CP075131.1	Eex_IncN	eex_occupied	12	279	12	5
NZ_CP075136.1	Eex_IncN	eex_occupied	11	12	12	5
NZ_CP075319.1	Eex_IncN	eex_occupied	59	0	-1	8
NZ_CP075328.1	Eex_IncN	eex_occupied	0	49	12	6
NZ_CP075329.1		candidate	-8	47	1	8
NZ_CP075346.1	TrbK_RP4	eex_occupied	12	220	12	6
NZ_CP075351.1		candidate	-1	-11	2	8
NZ_CP075362.1		candidate	-1	-11	0	9
NZ_CP075535.1	Eex_IncN	eex_occupied	-35	45	13	6
NZ_CP075537.1		candidate	-23	50	13	5
NZ_CP075539.1	Eex_IncN	eex_occupied	45	-35	13	6
NZ_CP075541.1	Eex_IncN	eex_occupied	-47	55	18	5
NZ_CP075543.1	Eex_IncN	eex_occupied	-47	55	18	6
NZ_CP075642.1		candidate	62	93	-1	5
NZ_CP075688.1		candidate	32	10	-4	5
NZ_CP075701.1	Eex_IncN	eex_occupied	12	1	5	4
NZ_CP075703.1	Eex_IncN	eex_occupied	12	11	12	5
NZ_CP075719.1	Eex_IncN	eex_occupied	12	1	5	4
NZ_CP075724.1	Eex_IncN	eex_occupied	17	11	9	6
NZ_CP075733.1		candidate	11	-4	11	8
NZ_CP075742.1	Eex_IncN	eex_occupied	9	0	4	8
NZ_CP075887.1	Eex_IncN	eex_occupied	9	11	9	6
NZ_CP076256.1	Eex_IncN	eex_occupied	2	34	9	7
NZ_CP076284.1	Eex_IncN	eex_occupied	8	222	5	4
NZ_CP076308.1	Eex_IncN	eex_occupied	11	9	5	7
NZ_CP076319.1	Eex_IncN	eex_occupied	9	11	5	6
NZ_CP076346.1	Eex_IncN	eex_occupied	11	14	2	7
NZ_CP076364.1		candidate	-1	2	1	7
NZ_CP076395.1		candidate	2	16	-1	1
NZ_CP076461.1	Eex_IncN	eex_occupied	9	11	5	7
NZ_CP076506.1		candidate	-11	-4	0	6
NZ_CP076508.1		candidate	-4	-11	0	6
NZ_CP076511.1		candidate	-11	-4	-4	5
NZ_CP076530.1	Eex_IncN	eex_occupied	11	9	5	7
NZ_CP076650.1	Eex_IncN	eex_occupied	11	17	9	6
NZ_CP076658.1		candidate	-11	-4	-4	5
NZ_CP076698.1	Eex_IncN	eex_occupied	0	9	4	8
NZ_CP076708.1	Eex_IncN	eex_occupied	11	14	4	8
NZ_CP076836.1		candidate	3	-11	3	5
NZ_CP076848.1		candidate	-7	-4	9	6
NZ_CP076849.1		candidate	33	233	-1	10
NZ_CP077234.1	Eex_IncN	eex_occupied	67	52	43	7
NZ_CP077334.1	Eex_IncN	eex_occupied	-8	14	9	6
NZ_CP077339.1		candidate	153	11	11	9
NZ_CP077371.1		candidate	162	11	7	9
NZ_CP077413.1	Eex_IncN	eex_occupied	15	7	17	6
NZ_CP077634.1		candidate	-4	-11	-4	5
NZ_CP077636.1		candidate	92	30	-1	2
NZ_CP077637.1		candidate	-4	-11	0	6
NZ_CP077663.1		candidate	11	-4	11	8
NZ_CP077695.1	Eex_IncN	eex_occupied	12	11	12	5
NZ_CP077698.1	Eex_IncN	eex_occupied	11	12	12	5
NZ_CP077701.1	Eex_IncN	eex_occupied	11	12	17	4
NZ_CP077705.1		candidate	8	81	-4	5
NZ_CP077709.1	Eex_IncN	eex_occupied	11	12	12	5
NZ_CP077762.1	Eex_IncN	eex_occupied	9	0	4	8
NZ_CP077825.1	Eex_IncN	eex_occupied	15	7	17	6
NZ_CP077844.1		candidate	139	68	12	7
NZ_CP077965.1	Eex_IncN	eex_occupied	12	18	21	8
NZ_CP077974.1		candidate	9	2	9	6
NZ_CP077982.1		candidate	9	2	9	6
NZ_CP077986.1		candidate	9	2	9	6
NZ_CP077990.1		candidate	9	2	9	6
NZ_CP077995.1		candidate	2	9	9	6
NZ_CP077998.1		candidate	3	0	11	4
NZ_CP078000.1		candidate	9	2	10	4
NZ_CP078003.1		candidate	2	9	9	6
NZ_CP078005.1		candidate	2	9	9	6
NZ_CP078125.1	ExcA	eex_occupied	7	15	10	5
NZ_CP079775.1		candidate	11	-4	11	7
NZ_CP079779.1		candidate	-4	11	11	7
NZ_CP079857.1	Eex_IncN	eex_occupied	-4	4	2	6
NZ_CP079858.1		candidate	-7	-4	10	6
NZ_CP079887.1		candidate	-4	11	11	8
NZ_CP079893.1	Eex_IncN	eex_occupied	254	8	5	4
NZ_CP079894.1	Eex_IncN	eex_occupied	9	11	5	7
NZ_CP080077.1	Eex_IncN	eex_occupied	9	11	5	8
NZ_CP080086.1	Eex_IncN	eex_occupied	11	9	5	8
NZ_CP080093.1	Eex_IncN	eex_occupied	9	0	4	8
NZ_CP080094.1		candidate	-4	11	11	8
NZ_CP080130.1	Eex_IncN	eex_occupied	222	8	5	4
NZ_CP080136.1	Eex_IncN	eex_occupied	222	8	5	4
NZ_CP080137.1	Eex_IncN	eex_occupied	11	9	5	8
NZ_CP080141.1	Eex_IncN	eex_occupied	222	8	5	3
NZ_CP080148.1	Eex_IncN	eex_occupied	222	8	5	4
NZ_CP080157.1	TraS	eex_occupied	7	15	17	7
NZ_CP080165.1	TraS	eex_occupied	7	15	17	7
NZ_CP080240.1		candidate	19	-4	12	4
NZ_CP080259.1	Eex_IncN	eex_occupied	15	7	17	7
NZ_CP080307.1		candidate	-4	11	11	8
NZ_CP080313.1		candidate	11	-4	11	8
NZ_CP080361.1	Eex_IncN	eex_occupied	9	11	5	7
NZ_CP080367.1	Eex_IncN	eex_occupied	11	9	5	7
NZ_CP080389.1		candidate	40	-4	9	6
NZ_CP080473.1	Eex_IncN	eex_occupied	11	9	5	7
NZ_CP080481.1		candidate	10	-4	10	4
NZ_CP080514.1		candidate	12	-4	-4	7
NZ_CP080523.1		candidate	183	80	3	9
NZ_CP080526.1		candidate	69	183	3	9
NZ_CP080527.1		candidate	-4	-4	5	8
NZ_CP080528.1		candidate	-4	54	6	8
NZ_CP080588.1		candidate	-8	51	1	8
NZ_CP080762.1		candidate	21	13	14	7
NZ_CP081004.1		candidate	2	35	-4	6
NZ_CP081040.1	Eex_IncN	eex_occupied	3	2	2	8
NZ_CP081057.1	Eex_IncN	eex_occupied	-4	9	-1	9
NZ_CP081094.1	Eex_IncN	eex_occupied	27	10	2	8
NZ_CP081097.1		candidate	-1	-4	6	8
NZ_CP081125.1		candidate	0	11	0	7
NZ_CP081157.1		candidate	-1	-4	-1	7
NZ_CP081171.1		candidate	4	14	-1	7
NZ_CP081196.1	Eex_IncN	eex_occupied	12	1	5	5
NZ_CP081204.1		candidate	2	9	9	5
NZ_CP081217.1		candidate	4	14	-1	7
NZ_CP081227.1		candidate	4	11	-4	8
NZ_CP081236.1		candidate	4	14	-1	7
NZ_CP081244.1		candidate	14	1	-4	7
NZ_CP081253.1		candidate	156	14	-4	4
NZ_CP081258.1		candidate	2	14	4	4
NZ_CP081267.1		candidate	4	14	-1	7
NZ_CP081276.1		candidate	4	14	-1	7
NZ_CP081288.1		candidate	9	2	9	6
NZ_CP081309.1	Eex_IncN	eex_occupied	9	11	5	7
NZ_CP081316.1	Eex_IncN	eex_occupied	16	9	15	6
NZ_CP081317.1		candidate	10	190	12	7
NZ_CP081318.1	Eex_IncN	eex_occupied	9	11	7	8
NZ_CP081339.1	Eex_IncN	eex_occupied	8	222	5	5
NZ_CP081352.1	Eex_IncN	eex_occupied	16	9	15	6
NZ_CP081353.1		candidate	10	190	12	7
NZ_CP081479.1		candidate	9	2	9	5
NZ_CP081510.1	Eex_IncN	eex_occupied	9	11	7	8
NZ_CP081678.1	Eex_IncN	eex_occupied	7	3	12	6
NZ_CP081685.1	Eex_IncN	eex_occupied	3	7	12	6
NZ_CP081691.1	Eex_IncN	eex_occupied	7	3	12	6
NZ_CP081703.1	Eex_IncN	eex_occupied	9	16	15	6
NZ_CP081708.1	Eex_IncN	eex_occupied	16	9	15	6
NZ_CP081768.1	Eex_IncN	eex_occupied	3	7	12	6
NZ_CP081775.1	Eex_IncN	eex_occupied	7	3	12	6
NZ_CP081783.1	Eex_IncN	eex_occupied	3	7	12	6
NZ_CP081793.1	Eex_IncN	eex_occupied	9	16	15	6
NZ_CP081819.1	Eex_IncN	eex_occupied	11	9	5	7
NZ_CP081829.1	Eex_IncN	eex_occupied	11	9	5	7
NZ_CP081839.1		candidate	164	4	4	8
NZ_CP081840.1		candidate	-7	-4	10	6
NZ_CP081841.1		candidate	-7	-4	10	6
NZ_CP081842.1		candidate	-7	-4	10	6
NZ_CP081945.1		candidate	-8	27	3	8
NZ_CP081967.1		candidate	-8	27	2	7
NZ_CP081988.1		candidate	229	-4	10	7
NZ_CP081992.1		candidate	215	-4	19	7
NZ_CP081994.1		candidate	19	-4	18	7
NZ_CP081997.1		candidate	-4	215	19	7
NZ_CP082003.1	Eex_IncN	eex_occupied	7	15	17	6
NZ_CP082012.1	Eex_IncN	eex_occupied	7	15	17	6
NZ_CP082033.1	Eex_IncN	eex_occupied	3	18	2	6
NZ_CP082039.1	Eex_IncN	eex_occupied	7	15	17	6
NZ_CP082042.1	Eex_IncN	eex_occupied	7	15	17	6
NZ_CP082060.1		candidate	11	-4	11	8
NZ_CP082090.1	Eex_IncN	eex_occupied	7	15	17	7
NZ_CP082124.1	Eex_IncN	eex_occupied	11	9	5	6
NZ_CP082162.1	Eex_IncN	eex_occupied	-4	11	-4	7
NZ_CP082163.1	Eex_IncN	eex_occupied	11	-4	-4	8
NZ_CP082165.1	Eex_IncN	eex_occupied	-4	11	-4	5
NZ_CP082176.1	Eex_IncN	eex_occupied	13	7	4	6
NZ_CP082209.1	Eex_IncN	eex_occupied	39	-4	11	8
NZ_CP082306.1	Eex_IncN	eex_occupied	12	11	-4	4
NZ_CP082786.1	Eex_IncN	eex_occupied	11	17	9	6
NZ_CP082794.1		candidate	11	-4	11	7
NZ_CP082830.1		candidate	11	-4	11	8
NZ_CP082878.1		candidate	-4	-62	-4	5
NZ_CP082880.1	Eex_IncN	eex_occupied	-14	48	9	6
NZ_CP082900.1	Eex_IncN	eex_occupied	9	11	5	7
NZ_CP082959.1		candidate	1	9	12	6
NZ_CP082977.1		candidate	190	10	12	7
NZ_CP082981.1	Eex_IncN	eex_occupied	7	15	17	6
NZ_CP082987.1		candidate	190	10	12	7
NZ_CP083002.1	Eex_IncN	eex_occupied	3	18	2	6
NZ_CP083009.1	Eex_IncN	eex_occupied	11	9	5	7
NZ_CP083240.1		candidate	-4	-7	-8	6
NZ_CP083242.1		candidate	202	74	-4	8
NZ_CP083243.1		candidate	-7	-4	-8	6
NZ_CP083363.1		candidate	-4	10	10	6
NZ_CP083364.1		candidate	10	-4	10	7
NZ_CP083369.1	Eex_IncN	eex_occupied	12	5	-1	5
NZ_CP083371.1		candidate	-4	5	3	6
NZ_CP083372.1		candidate	165	-195	-1	5
NZ_CP083373.1		candidate	4	6	-4	7
NZ_CP083375.1		candidate	-7	-7	4	6
NZ_CP083447.1	Eex_IncN	eex_occupied	7	15	17	6
NZ_CP083550.1		candidate	1	13	0	7
NZ_CP083551.1	Eex_IncN	eex_occupied	8	-4	-1	8
NZ_CP083555.1		candidate	2	0	2	7
NZ_CP083576.1		candidate	-8	46	1	8
NZ_CP083578.1	Eex_IncN	eex_occupied	0	49	12	6
NZ_CP083579.1		candidate	5	12	12	6
NZ_CP083611.1	Eex_IncN	eex_occupied	18	3	2	6
NZ_CP083657.1		candidate	11	13	12	5
NZ_CP083703.1	Eex_IncN	eex_occupied	9	11	5	7
NZ_CP083711.1	TrbK_RP4	eex_occupied	9	10	16	5
NZ_CP083722.1	Eex_IncN	eex_occupied	-4	11	-4	7
NZ_CP083837.1	Eex_IncN	eex_occupied	11	9	7	8
NZ_CP083864.1	Eex_IncN	eex_occupied	16	9	15	6
NZ_CP083882.1		candidate	11	-4	11	7
NZ_CP083945.1	TrbK_RP4	eex_occupied	-62	11	3	5
NZ_CP083953.1		candidate	9	-4	2	9
NZ_CP083955.1		candidate	11	2	-4	6
NZ_CP083957.1		candidate	9	-4	-1	9
NZ_CP083991.1	Eex_IncN	eex_occupied	18	3	2	6
NZ_CP084002.1	Eex_IncN	eex_occupied	11	11	17	4
NZ_CP084083.1		candidate	-4	-11	-4	5
NZ_CP084105.1	Eex_IncN	eex_occupied	9	11	5	7
NZ_CP084206.1	Eex_IncN	eex_occupied	18	3	2	6
NZ_CP084210.1	Eex_IncN	eex_occupied	3	18	2	6
NZ_CP084213.1		candidate	-8	27	2	8
NZ_CP084215.1		candidate	32	10	-4	5
NZ_CP084242.1	TraS	eex_occupied	9	11	9	6
NZ_CP084278.1	TrbK_RP4	eex_occupied	10	9	16	5
NZ_CP084291.1	Eex_IncN	eex_occupied	11	17	9	6
NZ_CP084401.1	Eex_IncN	eex_occupied	9	10	13	7
NZ_CP084409.1		candidate	40	2	1	8
NZ_CP084410.1	Eex_IncN	eex_occupied	10	9	13	7
NZ_CP084488.1		candidate	15	187	8	7
NZ_CP084519.1	Eex_IncN	eex_occupied	74	11	3	3
NZ_CP084646.1		candidate	14	-4	10	7
NZ_CP084755.1		candidate	12	4	-4	5
NZ_CP084956.1		candidate	0	8	15	7
NZ_CP084957.1		candidate	2	114	2	7
NZ_CP084960.1		candidate	-1	16	-4	7
NZ_CP084963.1		candidate	1	17	-4	7
NZ_CP085066.1	Eex_IncN	eex_occupied	46	3	5	5
NZ_CP085076.1	Eex_IncN	eex_occupied	11	17	9	6
NZ_CP085148.1		candidate	2	17	-4	7
NZ_CP085157.1		candidate	2	3	2	8
NZ_CP085159.1		candidate	2	447	-4	7
NZ_CP085160.1		candidate	-4	-4	-4	7
NZ_CP085161.1		candidate	0	8	2	7
NZ_CP085185.1	Eex_IncN	eex_occupied	12	1	5	4
NZ_CP085526.1		candidate	-11	15	-1	9
NZ_CP085527.1	Eex_IncN	eex_occupied	5	-4	-1	5
NZ_CP085536.1	Eex_IncN	eex_occupied	11	34	-4	7
NZ_CP085685.1		candidate	32	10	9	2
NZ_CP085733.1	Eex_IncN	eex_occupied	15	7	17	6
NZ_CP085747.1		candidate	-4	12	-4	7
NZ_CP085759.1	Eex_IncN	eex_occupied	3	18	2	6
NZ_CP085766.1		candidate	12	-4	-4	7
NZ_CP085859.1	Eex_IncN	eex_occupied	11	21	9	6
NZ_CP085862.1	Eex_IncN	eex_occupied	9	11	5	7
NZ_CP085980.1	Eex_IncN	eex_occupied	0	9	4	8
NZ_CP085985.1	Eex_IncN	eex_occupied	0	9	4	8
NZ_CP086017.1		candidate	9	2	97	3
NZ_CP086065.1		candidate	-8	27	2	8
NZ_CP086112.1		candidate	9	-4	5	6
NZ_CP086115.1	Eex_IncN	eex_occupied	-4	-11	-4	5
NZ_CP086138.1		candidate	43	198	-4	7
NZ_CP086139.1		candidate	198	434	-8	5
NZ_CP086189.1		candidate	-8	47	1	8
NZ_CP086225.1	Eex_IncN	eex_occupied	9	11	5	7
NZ_CP086289.1	Eex_IncN	eex_occupied	9	11	5	7
NZ_CP086335.1	Eex_IncN	eex_occupied	11	9	5	7
NZ_CP086337.1	Eex_IncN	eex_occupied	11	9	5	7
NZ_CP086339.1	Eex_IncN	eex_occupied	11	9	5	7
NZ_CP086341.1	Eex_IncN	eex_occupied	11	9	5	7
NZ_CP086343.1	Eex_IncN	eex_occupied	9	11	5	7
NZ_CP086392.1	Eex_IncN	eex_occupied	9	11	7	8
NZ_CP086475.1	Eex_IncN	eex_occupied	52	2	5	5
NZ_CP086476.1		candidate	-4	11	11	8
NZ_CP086485.1	Eex_IncN	eex_occupied	52	2	5	5
NZ_CP086486.1		candidate	11	-4	11	8
NZ_CP086495.1	Eex_IncN	eex_occupied	52	2	5	5
NZ_CP086496.1		candidate	11	-4	11	8
NZ_CP086505.1	Eex_IncN	eex_occupied	52	2	5	5
NZ_CP086506.1		candidate	11	-4	11	6
NZ_CP086515.1	Eex_IncN	eex_occupied	52	2	5	5
NZ_CP086516.1		candidate	11	-4	11	8
NZ_CP086521.1	Eex_IncN	eex_occupied	11	9	5	7
NZ_CP086527.1	Eex_IncN	eex_occupied	11	9	5	7
NZ_CP086529.1		candidate	-4	11	11	8
NZ_CP086533.1	Eex_IncN	eex_occupied	9	11	5	7
NZ_CP086535.1		candidate	-4	11	11	7
NZ_CP086539.1	Eex_IncN	eex_occupied	11	9	5	7
NZ_CP086541.1		candidate	11	-4	11	8
NZ_CP086545.1	Eex_IncN	eex_occupied	9	11	5	7
NZ_CP086547.1		candidate	11	-4	11	7
NZ_CP086557.1	Eex_IncN	eex_occupied	9	11	5	7
NZ_CP086608.1	Eex_IncN	eex_occupied	222	8	5	4
NZ_CP086613.1		candidate	4	6	-4	7
NZ_CP086762.1	Eex_IncN	eex_occupied	11	9	5	7
NZ_CP086788.1		candidate	3	-1	3	8
NZ_CP086796.1		candidate	-1	3	3	8
NZ_CP086802.1		candidate	3	-1	3	8
NZ_CP086811.1		candidate	-1	3	3	8
NZ_CP086818.1		candidate	3	-1	3	8
NZ_CP086836.1		candidate	-1	3	2	7
NZ_CP086848.1		candidate	-1	3	3	8
NZ_CP086856.1		candidate	-1	3	2	7
NZ_CP086863.1		candidate	3	-1	3	8
NZ_CP086876.1		candidate	3	-1	3	8
NZ_CP086884.1		candidate	3	-1	3	8
NZ_CP086900.1		candidate	3	-1	3	8
NZ_CP086902.1		candidate	3	-1	2	7
NZ_CP086945.1		candidate	3	-1	3	8
NZ_CP086949.1		candidate	3	-1	3	8
NZ_CP086964.1		candidate	-1	3	3	8
NZ_CP086985.1		candidate	3	-1	3	8
NZ_CP086997.1		candidate	-1	3	3	8
NZ_CP087006.1		candidate	3	-1	3	8
NZ_CP087010.1		candidate	-1	3	3	8
NZ_CP087031.1		candidate	-1	3	3	8
NZ_CP087054.1		candidate	-1	3	3	8
NZ_CP087061.1		candidate	-1	3	3	8
NZ_CP087072.1		candidate	3	-1	3	8
NZ_CP087075.1		candidate	3	-1	2	7
NZ_CP087084.1		candidate	-1	3	2	7
NZ_CP087093.1		candidate	3	-1	3	7
NZ_CP087158.1		candidate	-1	2	2	6
NZ_CP087162.1		candidate	-8	27	2	8
NZ_CP087284.1	Eex_IncN	eex_occupied	10	13	12	6
NZ_CP087572.1	Eex_IncN	eex_occupied	9	11	5	7
NZ_CP087636.1	Eex_IncN	eex_occupied	9	10	-4	7
NZ_CP087679.1		candidate	-31	3	-4	8
NZ_CP087682.1		candidate	-31	3	-4	8
NZ_CP087684.1		candidate	-31	3	-4	8
NZ_CP087687.1		candidate	-31	3	-4	8
NZ_CP087697.1		candidate	-31	3	-4	8
NZ_CP087721.1	Eex_IncN	eex_occupied	-11	-1	-4	6
NZ_CP087767.1	Eex_IncN	eex_occupied	20	41	8	7
NZ_CP087786.1		candidate	9	11	11	9
NZ_CP087787.1	Eex_IncN	eex_occupied	20	41	8	7
NZ_CP087795.1	Eex_IncN	eex_occupied	20	41	8	7
NZ_CP087802.1	Eex_IncN	eex_occupied	41	20	8	7
NZ_CP087816.1	Eex_IncN	eex_occupied	20	41	23	6
NZ_CP087820.1	Eex_IncN	eex_occupied	20	41	8	7
NZ_CP087833.1	Eex_IncN	eex_occupied	20	41	8	7
NZ_CP087839.1	Eex_IncN	eex_occupied	41	20	23	6
NZ_CP087842.1	Eex_IncN	eex_occupied	20	41	8	7
NZ_CP087850.1	Eex_IncN	eex_occupied	41	20	8	7
NZ_CP087853.1	Eex_IncN	eex_occupied	20	41	8	7
NZ_CP087858.1	Eex_IncN	eex_occupied	41	20	8	7
NZ_CP087861.1	Eex_IncN	eex_occupied	41	20	23	4
NZ_CP087976.1		candidate	22	9	12	6
NZ_CP088009.1		candidate	10	-11	3	8
NZ_CP088011.1		candidate	-7	-4	10	6
NZ_CP088023.1		candidate	-7	15	-7	7
NZ_CP088091.1	Eex_IncN	eex_occupied	-4	3	-1	7
NZ_CP088101.1	Eex_IncN	eex_occupied	11	-4	-4	7
NZ_CP088103.1		candidate	-7	-4	8	6
NZ_CP088112.1		candidate	15	-11	-1	9
NZ_CP088115.1	Eex_IncN	eex_occupied	4	-4	-1	5
NZ_CP088116.1		candidate	15	-11	-4	9
NZ_CP088117.1		candidate	-7	-4	10	3
NZ_CP088132.1	Eex_IncN	eex_occupied	11	17	9	6
NZ_CP088152.1		candidate	6	51	-4	5
NZ_CP088153.1		candidate	-7	-4	7	6
NZ_CP088154.1		candidate	16	-11	-4	9
NZ_CP088226.1	Eex_IncN	eex_occupied	9	11	5	7
NZ_CP088227.1		candidate	98	30	-4	5
NZ_CP088232.1	Eex_IncN	eex_occupied	11	9	5	7
NZ_CP088271.1	Eex_IncN	eex_occupied	3	18	2	5
NZ_CP088278.1	Eex_IncN	eex_occupied	-4	11	-4	5
NZ_CP088279.1		candidate	-4	16	9	6
NZ_CP088281.1		candidate	17	-4	-8	3
NZ_CP088283.1	Eex_IncN	eex_occupied	11	-4	-4	7
NZ_CP088287.1		candidate	-7	15	-7	7
NZ_CP088291.1		candidate	15	-7	-7	7
NZ_CP088966.1		candidate	229	34	2	10
NZ_CP089054.1		candidate	85	250	11	6
NZ_CP089066.2		candidate	2	9	9	6
NZ_CP089138.1		candidate	11	-4	11	8
NZ_CP089386.1		candidate	17	11	3	5
NZ_CP089398.1	Eex_IncN	eex_occupied	11	12	12	6
NZ_CP089406.1	Eex_IncN	eex_occupied	15	7	17	6
NZ_CP089410.1	Eex_IncN	eex_occupied	15	7	17	6
NZ_CP089430.1	Eex_IncN	eex_occupied	11	9	10	7
NZ_CP089440.1	Eex_IncN	eex_occupied	9	11	5	8
NZ_CP089770.1	Eex_IncN	eex_occupied	3	46	5	5
NZ_CP089873.1	Eex_IncN	eex_occupied	3	18	9	4
NZ_CP089972.1	Eex_IncN	eex_occupied	21	8	-1	8
NZ_CP089987.1	Eex_IncN	eex_occupied	9	11	5	7
NZ_CP090025.1	Eex_IncN	eex_occupied	8	21	-1	7
NZ_CP090091.1		candidate	-7	-4	10	6
NZ_CP090093.1	Eex_IncN	eex_occupied	-4	3	-1	7
NZ_CP090127.1	ExcA	eex_occupied	39	-4	11	4
NZ_CP090129.1	Eex_IncN	eex_occupied	9	11	5	7
NZ_CP090308.1	Eex_IncN	eex_occupied	11	9	5	7
NZ_CP090317.1		candidate	3	-31	2	6
NZ_CP090388.1		candidate	11	76	1	4
NZ_CP090451.1	Eex_IncN	eex_occupied	11	9	9	6
NZ_CP090459.1	Eex_IncN	eex_occupied	9	11	5	7
NZ_CP090505.1		candidate	3	-31	2	6
NZ_CP090507.1		candidate	3	-31	2	6
NZ_CP090509.1		candidate	3	-31	2	6
NZ_CP090512.1		candidate	3	-31	2	6
NZ_CP090516.1	Eex_IncN	eex_occupied	16	21	12	5
NZ_CP090548.1		candidate	-31	3	2	6
NZ_CP090567.1		candidate	367	58	66	5
NZ_CP090574.1		candidate	11	-4	11	8
NZ_CP090643.1		candidate	81	22	22	4
NZ_CP090645.1		candidate	39	51	39	4
NZ_CP090646.1		candidate	23	12	-1	3
NZ_CP090789.1		candidate	-17		5	5
NZ_CP090794.1		candidate	98	30	-4	5
NZ_CP090795.1	Eex_IncN	eex_occupied	9	16	15	6
NZ_CP090797.1	Eex_IncN	eex_occupied	16	9	15	6
NZ_CP090934.1	Eex_IncN	eex_occupied	11	9	10	7
NZ_CP090965.1	Eex_IncN	eex_occupied	11	34	-4	7
NZ_CP090969.1	Eex_IncN	eex_occupied	7	15	17	5
NZ_CP091013.1		candidate	-4	11	1	7
NZ_CP091052.1	Eex_IncN	eex_occupied	9	11	5	7
NZ_CP091053.1	Eex_IncN	eex_occupied	16	9	15	6
NZ_CP091083.1	Eex_IncN	eex_occupied	11	9	5	8
NZ_CP091144.1		candidate	32	10	-4	4
NZ_CP091474.2	Eex_IncN	eex_occupied	11	9	5	7
NZ_CP091483.1	Eex_IncN	eex_occupied	9	11	5	7
NZ_CP091489.1	Eex_IncN	eex_occupied	15	7	40	4
NZ_CP091575.1	Eex_IncN	eex_occupied	222	8	5	4
NZ_CP091591.1	Eex_IncN	eex_occupied	15	7	17	6
NZ_CP091638.1	Eex_IncN	eex_occupied	77	3	5	4
NZ_CP091649.1		candidate	29	17	29	4
NZ_CP091660.1	Eex_IncN	eex_occupied	5	8	4	8
NZ_CP091707.1	Eex_IncN	eex_occupied	77	3	5	4
NZ_CP091812.1		candidate	12	-4		0
NZ_CP091849.1	Eex_IncN	eex_occupied	7	15	17	5
NZ_CP091980.1	Eex_IncN	eex_occupied	9	11	5	7
NZ_CP092019.1		candidate	-11	3	3	6
NZ_CP092021.1		candidate	-11	-4	0	6
NZ_CP092023.1	Eex_IncN	eex_occupied	48	-47	1	6
NZ_CP092024.1		candidate	-4	-11	0	6
NZ_CP092027.1	Eex_IncN	eex_occupied	-50	47	9	6
NZ_CP092035.1	Eex_IncN	eex_occupied	-47	48	1	6
NZ_CP092036.1		candidate	3	-11	3	6
NZ_CP092076.1	Eex_IncN	eex_occupied	77	3	5	4
NZ_CP092280.1	Eex_IncN	eex_occupied	9	11	5	7
NZ_CP092345.1		candidate	-4	-7	10	6
NZ_CP092346.1		candidate	2	1	-4	9
NZ_CP092347.1		candidate	-7	-7	10	5
NZ_CP092351.1		candidate	26	-4	-11	5
NZ_CP092353.1		candidate	-7	-7	10	6
NZ_CP092432.1	Eex_IncN	eex_occupied	-4	2	5	6
NZ_CP092451.1	Eex_IncN	eex_occupied	9	11	5	7
NZ_CP092465.1	Eex_IncN	eex_occupied	7	15	17	6
NZ_CP092494.1	Eex_IncN	eex_occupied	13	7	1	7
NZ_CP092495.1	Eex_IncN	eex_occupied	11	9	5	7
NZ_CP092515.1	Eex_IncN	eex_occupied	11	9	5	7
NZ_CP092636.1	Eex_IncN	eex_occupied	9	11	5	7
NZ_CP092650.1	Eex_IncN	eex_occupied	9	11	5	7
NZ_CP092655.1	Eex_IncN	eex_occupied	7	15	17	5
NZ_CP092686.1		candidate	19	-4	12	4
NZ_CP092769.1	Eex_IncN	eex_occupied	9	11	5	7
NZ_CP092790.1	Eex_IncN	eex_occupied	18	12	2	7
NZ_CP092797.1	Eex_IncN	eex_occupied	18	12	2	7
NZ_CP092854.1		candidate	5	167	13	6
NZ_CP092894.1	Eex_IncN	eex_occupied	-4	4	1	5
NZ_CP092895.1		candidate	-4	-7	9	6
NZ_CP092904.1	Eex_IncN	eex_occupied	11	9	5	7
NZ_CP092919.1		candidate	31	10	9	2
NZ_CP092921.1		candidate	32	10	-4	6
NZ_CP092922.1		candidate	32	10	-4	4
NZ_CP092924.1		candidate	15	26	-4	5
NZ_CP092925.1		candidate	33	10	2	5
NZ_CP092969.1		candidate	5	11	-1	4
NZ_CP092970.1	Eex_IncN	eex_occupied	2	-4	-4	7
NZ_CP092975.1	Eex_IncN	eex_occupied	11	9	5	7
NZ_CP092976.1	Eex_IncN	eex_occupied	11	17	9	6
NZ_CP093156.1	Eex_IncN	eex_occupied	7	15	17	6
NZ_CP093230.1		candidate	194	278	9	8
NZ_CP093241.1	Eex_IncN	eex_occupied	7	15	17	7
NZ_CP093286.1	Eex_IncN	eex_occupied	11	9	9	6
NZ_CP093359.1		candidate	9	2	9	4
NZ_CP093393.1	Eex_IncN	eex_occupied	12	1	5	5
NZ_CP093461.1	Eex_IncN	eex_occupied	11	9	5	7
NZ_CP093467.1	Eex_IncN	eex_occupied	7	15	17	6
NZ_CP093473.1	Eex_IncN	eex_occupied	11	9	5	7
NZ_CP093485.1		candidate	-4	10	11	8
NZ_CP093487.1	Eex_IncN	eex_occupied	15	7	17	6
NZ_CP093492.1	Eex_IncN	eex_occupied	9	11	5	7
NZ_CP093499.1	Eex_IncN	eex_occupied	7	15	17	6
NZ_CP093504.1	Eex_IncN	eex_occupied	9	11	5	7
NZ_CP093530.1		candidate	-7	-4	10	6
NZ_CP093538.1		candidate	-8	45	1	8
NZ_CP093551.1		candidate	0	3	-1	5
NZ_CP093917.1		candidate	98	30	-4	5
NZ_CP094275.1	Eex_IncN	eex_occupied	39	-4	11	8
NZ_CP094514.1	Eex_IncN	eex_occupied	9	11	5	7
NZ_CP094520.1		candidate	-4	17	9	6
NZ_CP094522.1		candidate	17	-4	9	6
NZ_CP094524.1		candidate	17	-4	9	6
NZ_CP094547.1		candidate	2	1	27	5
NZ_CP094829.1		candidate	28	5	2	6
NZ_CP094852.1		candidate	9	2	9	6
NZ_CP095123.1	Eex_IncN	eex_occupied	15	7	17	5
NZ_CP095142.1		candidate	139	10	12	7
NZ_CP095279.1	Eex_IncN	eex_occupied	11	9	5	7
NZ_CP095284.1		candidate	10	2	-17	5
NZ_CP095452.1	Eex_IncN	eex_occupied	222	8	5	5
NZ_CP095521.1	Eex_IncN	eex_occupied	7	15	17	6
NZ_CP095573.1	Eex_IncN	eex_occupied	9	11	5	7
NZ_CP095589.1	Eex_IncN	eex_occupied	11	9	9	6
NZ_CP095590.1	Eex_IncN	eex_occupied	9	11	5	5
NZ_CP095614.1	Eex_IncN	eex_occupied		9	5	7
NZ_CP095617.1	Eex_IncN	eex_occupied	9	11	5	7
NZ_CP095627.1	Eex_IncN	eex_occupied	9	238	9	7
NZ_CP095640.1	Eex_IncN	eex_occupied	11	9	5	7
NZ_CP095642.1	Eex_IncN	eex_occupied	11	9	5	7
NZ_CP095668.1	Eex_IncN	eex_occupied	9	11	5	7
NZ_CP095672.1	Eex_IncN	eex_occupied	9	11	5	7
NZ_CP095675.1	Eex_IncN	eex_occupied	9	11	5	7
NZ_CP095678.1	Eex_IncN	eex_occupied	9	11	5	7
NZ_CP095685.1	Eex_IncN	eex_occupied	11	9	5	7
NZ_CP095779.1	Eex_IncN	eex_occupied	11	9	5	7
NZ_CP095783.1	Eex_IncN	eex_occupied	9	11	5	7
NZ_CP095792.1	Eex_IncN	eex_occupied	12	1	5	4
NZ_CP096177.1	Eex_IncN	eex_occupied	9	11	5	7
NZ_CP096190.1	Eex_IncN	eex_occupied	7	15	17	6
NZ_CP096229.1		candidate	-8	47	1	8
NZ_CP096241.1	Eex_IncN	eex_occupied	15	7	17	6
NZ_CP096252.1	Eex_IncN	eex_occupied	-4	11	-4	7
NZ_CP096253.1		candidate	-7	15	-7	7
NZ_CP096257.1		candidate	15	-7	-7	7
NZ_CP096334.1		candidate	3	0	-1	5
NZ_CP096366.1		candidate	3	0	-1	5
NZ_CP096370.1	Eex_IncN	eex_occupied	13	-4	2	6
NZ_CP096372.1	Eex_IncN	eex_occupied	13	-4	2	6
NZ_CP096569.1	TrbK_RP4	eex_occupied	10	13	17	2
NZ_CP096852.1	Eex_IncN	eex_occupied	11	17	9	6
NZ_CP096922.1	Eex_IncN	eex_occupied	7	15	17	4
NZ_CP096924.1	Eex_IncN	eex_occupied	7	15	17	6
NZ_CP096931.1		candidate	9	2	9	6
NZ_CP096933.1		candidate	9	2	9	6
NZ_CP096936.1		candidate	9	2	9	6
NZ_CP096948.1		candidate	9	2	9	6
NZ_CP096954.1		candidate	9	2	9	6
NZ_CP097077.1	Eex_IncN	eex_occupied	15	7	17	6
NZ_CP097081.1	Eex_IncN	eex_occupied	15	7	17	6
NZ_CP097084.1	Eex_IncN	eex_occupied	7	15	17	6
NZ_CP097098.1	Eex_IncN	eex_occupied	7	15	17	6
NZ_CP097106.1	Eex_IncN	eex_occupied	9	11	5	6
NZ_CP097194.1	Eex_IncN	eex_occupied	11	9	5	8
NZ_CP097201.1	Eex_IncN	eex_occupied	11	9	5	8
NZ_CP097287.1		candidate	27	-8	2	6
NZ_CP097344.1	Eex_IncN	eex_occupied	7	15	17	6
NZ_CP097372.1	Eex_IncN	eex_occupied	0	9	4	8
NZ_CP097490.1		candidate	-4	12	-4	7
NZ_CP097492.1	TrbK_RP4	eex_occupied	10	9	16	6
NZ_CP097494.1		candidate	15		-4	7
NZ_CP097541.1		candidate	14	1	-1	7
NZ_CP097543.1		candidate	16	2	-1	7
NZ_CP097546.1		candidate	-1	-4	-4	7
NZ_CP097548.1		candidate	14	1	-1	7
NZ_CP097550.1		candidate	16	2	-1	7
NZ_CP097553.1		candidate	-1	-4	-4	7
NZ_CP097629.1	Eex_IncN	eex_occupied	3	18	2	6
NZ_CP097653.1	Eex_IncN	eex_occupied	9	11	9	6
NZ_CP097656.1	Eex_IncN	eex_occupied	-4	39	3	9
NZ_CP097715.1	Eex_IncN	eex_occupied	11	9	5	7
NZ_CP097718.1		candidate	10	-4	10	7
NZ_CP097723.1	Eex_IncN	eex_occupied	9	11	5	7
NZ_CP097725.1	Eex_IncN	eex_occupied	9	11	5	8
NZ_CP097830.1	Eex_IncN	eex_occupied	11	17	9	6
NZ_CP097835.1	Eex_IncN	eex_occupied	11	17	9	6
NZ_CP097838.1	Eex_IncN	eex_occupied	11	17	9	6
NZ_CP097842.1	Eex_IncN	eex_occupied	17	11	9	6
NZ_CP097860.1		candidate	10	-4	10	5
NZ_CP097861.1		candidate	10	-4	10	4
NZ_CP098181.1	Eex_IncN	eex_occupied	222	8	5	4
NZ_CP098205.1	Eex_IncN	eex_occupied	46	3	5	5
NZ_CP098218.1	Eex_IncN	eex_occupied	15	7	17	7
NZ_CP098326.1	Eex_IncN	eex_occupied	7	15	17	7
NZ_CP098332.1	Eex_IncN	eex_occupied	8	11	7	8
NZ_CP098359.1	Eex_IncN	eex_occupied	11	9	9	6
NZ_CP098363.1		candidate	4	14	-4	7
NZ_CP098373.1	Eex_IncN	eex_occupied	11	9	9	6
NZ_CP098448.1	Eex_IncN	eex_occupied	7	-1	8	7
NZ_CP098451.1	Eex_IncN	eex_occupied	7	-1	8	7
NZ_CP098487.1	TrbK_RP4	eex_occupied	9	10	16	6
NZ_CP098488.1	Eex_IncN	eex_occupied	7	15	17	6
NZ_CP098605.1		candidate	58	285	67	2
NZ_CP098780.1		candidate	98	30	-4	5
NZ_CP098781.1	Eex_IncN	eex_occupied	7	15	17	6
NZ_CP098801.1	Eex_IncN	eex_occupied	-4	3	-1	6
NZ_CP098802.1		candidate	-7	-7	10	6
NZ_CP098808.1	Eex_IncN	eex_occupied	22	-4	4	6
NZ_CP098809.1		candidate	4	-7	10	6
NZ_CP098810.1		candidate	-7	-4	9	6
NZ_CP098811.1		candidate	16	-11	-1	9
NZ_CP098836.1		candidate	-4	11	11	8
NZ_CP099292.1	Eex_IncN	eex_occupied	9	11	5	7
NZ_CP099335.1	Eex_IncN	eex_occupied	12	1	5	5
NZ_CP099398.1	Eex_IncN	eex_occupied	-4	2	7	6
NZ_CP099401.1	Eex_IncN	eex_occupied	22	3	7	6
NZ_CP099447.1	Eex_IncN	eex_occupied	11	9	5	7
NZ_CP099521.1	Eex_IncN	eex_occupied	7	15	17	6
NZ_CP099539.1		candidate	183	24	-4	6
NZ_CP099624.1		candidate	1	186	-7	3
NZ_CP099628.1		candidate	186	1	-7	3
NZ_CP099646.1		candidate	-11	42	18	4
NZ_CP099648.1		candidate	187	1	-7	4
NZ_CP099649.1		candidate	188	1	-7	4
NZ_CP099900.1	Eex_IncN	eex_occupied	3	362	2	5
NZ_CP099901.1	Eex_IncN	eex_occupied	222	8	5	5
NZ_CP100104.1		candidate	7	15	17	6
NZ_CP100389.1		candidate	9	9	10	5
NZ_CP100481.1	Eex_IncN	eex_occupied	11	9	5	7
NZ_CP100483.1	Eex_IncN	eex_occupied	11	9	5	7
NZ_CP100484.1	Eex_IncN	eex_occupied	16	9	15	6
NZ_CP100489.1	Eex_IncN	eex_occupied	11	9	5	7
NZ_CP100495.1	Eex_IncN	eex_occupied	9	11	5	7
NZ_CP100499.1	Eex_IncN	eex_occupied	11	9	5	7
NZ_CP100505.1	Eex_IncN	eex_occupied	11	9	5	7
NZ_CP100513.1	Eex_IncN	eex_occupied	11	9	5	7
NZ_CP100517.1	Eex_IncN	eex_occupied	9	11	5	7
NZ_CP100524.1	Eex_IncN	eex_occupied	9	11	5	7
NZ_CP100528.1	Eex_IncN	eex_occupied	9	11	5	7
NZ_CP100543.1	Eex_IncN	eex_occupied	9	11	5	7
NZ_CP100549.1	Eex_IncN	eex_occupied	11	9	5	7
NZ_CP100552.1	TrbK_RP4	eex_occupied	21	14	11	6
NZ_CP100554.1		candidate	5	186	5	5
NZ_CP100605.1	Eex_IncN	eex_occupied	11	-4	-4	3
NZ_CP100672.1		candidate	81	8	-4	5
NZ_CP100687.1	Eex_IncN	eex_occupied	222	8	5	4
NZ_CP100694.1	Eex_IncN	eex_occupied	11	17	9	6
NZ_CP100705.1		candidate	3	0	-1	5
NZ_CP100711.1		candidate	11	-4	11	6
NZ_CP100712.1		candidate	81	8	-4	5
NZ_CP100723.1		candidate	-4	12	-4	7
NZ_CP100729.1		candidate	11	-4	11	8
NZ_CP100730.1		candidate	81	8	-4	5
NZ_CP101113.1		candidate	-1	1	1	6
NZ_CP101173.1		candidate	215	-4	15	7
NZ_CP101177.1		candidate	215	-4	19	7
NZ_CP101201.1	Eex_IncN	eex_occupied	0	59	-1	8
NZ_CP101202.1	Eex_IncN	eex_occupied	11	12	12	6
NZ_CP101213.1	Eex_IncN	eex_occupied	222	8	5	4
NZ_CP101227.1	Eex_IncN	eex_occupied	59	0	-1	8
NZ_CP101228.1	Eex_IncN	eex_occupied	12	11	12	6
NZ_CP101238.1	Eex_IncN	eex_occupied	9	11	5	7
NZ_CP101243.1	Eex_IncN	eex_occupied	9	11	9	6
NZ_CP101249.1	Eex_IncN	eex_occupied	9	11	5	7
NZ_CP101255.1	Eex_IncN	eex_occupied	11	9	5	7
NZ_CP101261.1	Eex_IncN	eex_occupied	9	11	5	7
NZ_CP101266.1	Eex_IncN	eex_occupied	9	11	5	8
NZ_CP101273.1	Eex_IncN	eex_occupied	9	11	5	7
NZ_CP101277.1	Eex_IncN	eex_occupied	9	11	5	7
NZ_CP101284.1	Eex_IncN	eex_occupied	-1	21	43	6
NZ_CP101366.1	Eex_IncN	eex_occupied	222	8	5	4
NZ_CP101370.1		candidate	-4	11	11	8
NZ_CP101374.1		candidate	11	-4	11	7
NZ_CP101518.1	Eex_IncN	eex_occupied	22	-4	-1	5
NZ_CP101519.1		candidate	-7	4	10	6
NZ_CP101520.1		candidate	-11	16	-1	9
NZ_CP101550.1	Eex_IncN	eex_occupied	9	11	5	7
NZ_CP101720.1		candidate	47	-8	2	6
NZ_CP101780.1	Eex_IncN	eex_occupied	9	11	5	7
NZ_CP101793.1	Eex_IncN	eex_occupied	1	152	5	4
NZ_CP101830.1		candidate	-4	-4	8	5
NZ_CP101837.1	Eex_IncN	eex_occupied	11	9	5	7
NZ_CP101860.1	Eex_IncN	eex_occupied	12	1	5	4
NZ_CP101861.1		candidate	11	-4	13	6
NZ_CP101868.1	Eex_IncN	eex_occupied	11	9	5	7
NZ_CP101916.1	Eex_IncN	eex_occupied	9	11	5	8
NZ_CP102063.1	Eex_IncN	eex_occupied	16	9	15	7
NZ_CP102080.1	Eex_IncN	eex_occupied	11	9	5	7
NZ_CP102107.1	Eex_IncN	eex_occupied	9	16	15	6
NZ_CP102388.1	Eex_IncN	eex_occupied	10	9	13	7
NZ_CP102413.1		candidate	15	1	0	7
NZ_CP102430.1		candidate	28	-8	9	6
NZ_CP102461.1		candidate	11	13	12	5
NZ_CP102466.1		candidate	29	17	29	4
NZ_CP102504.1	Eex_IncN	eex_occupied	16	9	15	3
NZ_CP102505.1	Eex_IncN	eex_occupied	9	11	7	8
NZ_CP102555.1	Eex_IncN	eex_occupied	16	9	15	7
NZ_CP102637.1	Eex_IncN	eex_occupied	15	7	17	6
NZ_CP102667.1		candidate	43	2	1	8
NZ_CP102668.1	Eex_IncN	eex_occupied	-4	16	-4	9
NZ_CP102672.1	Eex_IncN	eex_occupied	8	222	5	4
NZ_CP102678.1	Eex_IncN	eex_occupied	222	8	5	4
NZ_CP102829.1		candidate	10	190	12	7
NZ_CP102858.1	Eex_IncN	eex_occupied		0	4	8
NZ_CP102881.1	Eex_IncN	eex_occupied	9	11	5	7
NZ_CP102887.1	Eex_IncN	eex_occupied	11	9	5	7
NZ_CP102890.1	Eex_IncN	eex_occupied	9	11	9	6
NZ_CP102892.1	Eex_IncN	eex_occupied	11	9	5	6
NZ_CP102896.1	Eex_IncN	eex_occupied	11	9	5	7
NZ_CP102900.1	Eex_IncN	eex_occupied	11	9	5	6
NZ_CP102905.1	Eex_IncN	eex_occupied	11	9	5	7
NZ_CP102924.1	Eex_IncN	eex_occupied	9	11	5	7
NZ_CP102943.1	Eex_IncN	eex_occupied	11	-1	-4	7
NZ_CP103056.1		candidate	-4	-11	-4	5
NZ_CP103320.1	Eex_IncN	eex_occupied	11	9	5	7
NZ_CP103348.1		candidate	12	-11	-1	9
NZ_CP103366.1	Eex_IncN	eex_occupied	11	9	5	7
NZ_CP103369.1	Eex_IncN	eex_occupied	8	15	-1	7
NZ_CP103373.1		candidate	47	12	3	7
NZ_CP103467.1	Eex_IncN	eex_occupied	3	18	9	4
NZ_CP103481.1	TraS	eex_occupied	15	7	10	4
NZ_CP103482.1		candidate	92	65	1	6
NZ_CP103490.1	Eex_IncN	eex_occupied	9	11	5	7
NZ_CP103531.1	Eex_IncN	eex_occupied	0	9	2	7
NZ_CP103536.1	Eex_IncN	eex_occupied	7	15	17	6
NZ_CP103537.1	Eex_IncN	eex_occupied	14	11	4	8
NZ_CP103564.1		candidate	10	-4	11	8
NZ_CP103587.1		candidate	9	11	9	6
NZ_CP103598.1	Eex_IncN	eex_occupied	7	15	17	7
NZ_CP103600.1	Eex_IncN	eex_occupied	13	14	1	7
NZ_CP103663.1	Eex_IncN	eex_occupied	8	11	5	7
NZ_CP103680.1		candidate	12	-4	-4	3
NZ_CP103684.1		candidate	-4	12	-4	3
NZ_CP103689.1	Eex_IncN	eex_occupied	7	15	17	5
NZ_CP103713.1	Eex_IncN	eex_occupied	3	18	2	6
NZ_CP103716.1		candidate	11	-4	11	8
NZ_CP103839.1		candidate	58	367	19	6
NZ_CP103844.1	Eex_IncN	eex_occupied	40	4	10	6
NZ_CP103846.1		candidate	-8	46	1	8
NZ_CP103848.1		candidate	58	367	19	6
NZ_CP103969.1	Eex_IncN	eex_occupied	7	15	17	6
NZ_CP103970.1	Eex_IncN	eex_occupied	9	11	5	7
NZ_CP104081.1	Eex_IncN	eex_occupied	222	8	5	4
NZ_CP104125.1		candidate	-4	11	18	8
NZ_CP104139.1	Eex_IncN	eex_occupied	-4	3	-1	6
NZ_CP104144.1		candidate	3	-4	-4	5
NZ_CP104145.1		candidate	8	-4	-1	2
NZ_CP104146.1		candidate	-7	-4	9	6
NZ_CP104150.1		candidate	-11	15	2	8
NZ_CP104151.1		candidate	33	233	-1	8
NZ_CP104160.1		candidate	24	4	4	7
NZ_CP104161.1		candidate	13	8	-1	8
NZ_CP104162.1		candidate	-7	-7	10	6
NZ_CP104293.1		candidate	31	13	2	5
NZ_CP104329.1	Eex_IncN	eex_occupied	222	8	5	4
NZ_CP104375.1	Eex_IncN	eex_occupied	7	15	17	6
NZ_CP104454.1	Eex_IncN	eex_occupied	3	18	2	6
NZ_CP104480.1	Eex_IncN	eex_occupied	9	0	4	8
NZ_CP104489.1	Eex_IncN	eex_occupied	9	0	4	8
NZ_CP104506.1	Eex_IncN	eex_occupied	9	11	5	8
NZ_CP104528.1	Eex_IncN	eex_occupied	11	17	9	6
NZ_CP104542.1	Eex_IncN	eex_occupied	8	0	4	8
NZ_CP104609.1		candidate	11	-4	11	8
NZ_CP104622.1	Eex_IncN	eex_occupied	12	1	5	4
NZ_CP104633.1		candidate		11	11	8
NZ_CP104668.1	Eex_IncN	eex_occupied	77	3	5	4
NZ_CP104690.2	Eex_IncN	eex_occupied	11	9	5	7
NZ_CP104723.1	Eex_IncN	eex_occupied	11	9	5	7
NZ_CP104795.1	Eex_IncN	eex_occupied	9	11	5	7
NZ_CP104800.1	Eex_IncN	eex_occupied	9	11	5	6
NZ_CP104859.1	Eex_IncN	eex_occupied	0	9	10	8
NZ_CP104862.1	Eex_IncN	eex_occupied	0	15	-1	7
NZ_CP104964.1		candidate	119	169	12	7
NZ_CP104970.1	Eex_IncN	eex_occupied	3	-4	3	6
NZ_CP106664.1		candidate	12	-11	-1	9
NZ_CP106739.1		candidate	16	2	-4	7
NZ_CP106778.1		candidate	234	-14	12	7
NZ_CP106822.1		candidate	-14	234	12	7
NZ_CP106858.1	Eex_IncN	eex_occupied	132	1	5	4
NZ_CP106876.1		candidate	10	57	10	6
NZ_CP106882.1	TrbK_RP4	eex_occupied	12	11	11	6
NZ_CP106883.1		candidate	207	-4	12	3
NZ_CP106910.1	Eex_IncN	eex_occupied	9	11	5	7
NZ_CP106917.1	Eex_IncN	eex_occupied	9	11	5	7
NZ_CP106919.1		candidate	-14	234	12	7
NZ_CP106923.1		candidate	2	9	9	4
NZ_CP106956.1	Eex_IncN	eex_occupied	11	9	5	8
NZ_CP106957.1	Eex_IncN	eex_occupied	8		-1	7
NZ_CP106962.1	Eex_IncN	eex_occupied	9	16	15	6
NZ_CP107012.1	Eex_IncN	eex_occupied	9	0	4	8
NZ_CP107047.1		candidate	-4	11	11	8
NZ_CP107149.1	Eex_IncN	eex_occupied	7	15	17	6
NZ_CP107158.1	Eex_IncN	eex_occupied	11	12	12	5
NZ_CP107181.1		candidate	0	1	-1	5
NZ_CP107243.1	Eex_IncN	eex_occupied	41	4	21	5
NZ_CP107287.1		candidate	-4	11	11	8
NZ_CP107433.1	Eex_IncN	eex_occupied	15	7	17	4
NZ_CP107455.1	Eex_IncN	eex_occupied	3	18	2	5
NZ_CP107560.1		candidate	154	16	14	9
NZ_CP107561.1		candidate	12	19	8	8
NZ_CP107718.1		candidate	-4	19	19	5
NZ_CP109655.1	Eex_IncN	eex_occupied	-53	48	9	6
NZ_CP109695.1	Eex_IncN	eex_occupied	8	11	5	5
NZ_CP109792.1		candidate	-4	-4	-4	7
NZ_CP109814.1		candidate	-4	11	0	6
NZ_CP109815.1	Eex_IncN	eex_occupied	-47	43	3	5
NZ_CP109818.1		candidate	-1	-11	0	6
NZ_CP109820.1		candidate	-1	-11	0	6
NZ_CP109864.1		candidate	17	2	-1	4
NZ_CP109876.1	ExcA	eex_occupied	3	0	-1	4
NZ_CP109888.1		candidate	60	3	-1	7
NZ_CP109889.1		candidate	3	-31	2	6
NZ_CP109895.1	Eex_IncN	eex_occupied	21	16	12	6
NZ_CP109896.1	Eex_IncN	eex_occupied	21	16	12	6
NZ_CP109970.1		candidate	234	33	7	7
NZ_CP110120.1		candidate	11	-4	13	6
NZ_CP110172.1		candidate	11	-4	11	8
NZ_CP110297.1		candidate	567	6	26	6
NZ_CP110299.1	Eex_IncN	eex_occupied	0	49	12	7
NZ_CP110300.1		candidate	6	567	26	6
NZ_CP110302.1		candidate	567	6	26	6
NZ_CP110304.1		candidate	567	6	26	5
NZ_CP110307.1		candidate	58	166	26	4
NZ_CP110312.1		candidate	166	58	26	4
NZ_CP110314.1		candidate	567	6	26	5
NZ_CP110316.1		candidate	567	6	26	6
NZ_CP110357.1	Eex_IncN	eex_occupied	9	11	5	7
NZ_CP110358.1	Eex_IncN	eex_occupied	13	7	1	7
NZ_CP110519.1	Eex_IncN	eex_occupied	9	11	12	6
NZ_CP110528.1	Eex_IncN	eex_occupied	11	9	12	6
NZ_CP110659.1	Eex_IncN	eex_occupied		9	5	7
NZ_CP110663.1	Eex_IncN	eex_occupied	11	9	5	7
NZ_CP110779.1	Eex_IncN	eex_occupied	16	9	15	6
NZ_CP110780.1	Eex_IncN	eex_occupied	9	11	5	7
NZ_CP110810.1		candidate	143	10	9	6
NZ_CP110811.1		candidate	143	10	9	6
NZ_CP110833.1	Eex_IncN	eex_occupied	-4	4	2	6
NZ_CP110861.1		candidate	-4	11	11	8
NZ_CP110877.1		candidate	139	10	12	7
NZ_CP110890.1	Eex_IncN	eex_occupied	16	9	15	6
NZ_CP110893.1	Eex_IncN	eex_occupied	10	13	12	6
NZ_CP110896.1	Eex_IncN	eex_occupied	9	11	4	5
NZ_CP110903.1	Eex_IncN	eex_occupied	16	9	15	6
NZ_CP110906.1	Eex_IncN	eex_occupied	10	13	12	6
NZ_CP110907.1	Eex_IncN	eex_occupied	16	9	15	6
NZ_CP110909.1	Eex_IncN	eex_occupied	10	13	12	6
NZ_CP110915.1	Eex_IncN	eex_occupied	13	7	1	7
NZ_CP110939.1	Eex_IncN	eex_occupied	9	11	5	7
NZ_CP110945.1	Eex_IncN	eex_occupied	9	11	5	7
NZ_CP110950.1	Eex_IncN	eex_occupied	11	9	5	7
NZ_CP110955.1	Eex_IncN	eex_occupied	11	9	5	7
NZ_CP110960.1	Eex_IncN	eex_occupied	11	9	5	7
NZ_CP110965.1	Eex_IncN	eex_occupied	11	9	5	7
NZ_CP110984.1	Eex_IncN	eex_occupied	11	9	5	7
NZ_CP110990.1	Eex_IncN	eex_occupied	8	15	-1	7
NZ_CP111001.1	Eex_IncN	eex_occupied	7	15	17	6
NZ_CP111005.1	Eex_IncN	eex_occupied	7	15	17	6
NZ_CP111006.1	Eex_IncN	eex_occupied	15	7	17	6
NZ_CP111010.1	Eex_IncN	eex_occupied	7	15	17	6
NZ_CP113181.1		candidate	10	190	12	7
NZ_CP113828.1		candidate	11	-4	-4	7
NZ_CP113937.1		candidate	9	-35	27	5
NZ_CP114028.1		candidate	-1	-20	7	5
NZ_CP114030.1		candidate	31	-11	-1	6
NZ_CP114061.2	Eex_IncN	eex_occupied	14	-8	9	6
NZ_CP114151.1	Eex_IncN	eex_occupied	11	17	9	6
NZ_CP114152.1	Eex_IncN	eex_occupied	7	15	17	6
NZ_CP114158.1	Eex_IncN	eex_occupied	7	15	10	5
NZ_CP114185.1		candidate	10	-4	10	5
NZ_CP114192.1		candidate	4	15	3	6
NZ_CP114193.1		candidate	-4	-4	-8	6
NZ_CP114197.1	Eex_IncN	eex_occupied	13	19	2	4
NZ_CP114365.1		candidate	-4	11	11	8
NZ_CP114378.1	Eex_IncN	eex_occupied	7	15	17	6
NZ_CP114565.1		candidate	-4	12	-4	3
NZ_CP114575.1	Eex_IncN	eex_occupied	11	9	5	7
NZ_CP114581.1	Eex_IncN	eex_occupied	7	-1	8	7
NZ_CP114593.1	Eex_IncN	eex_occupied	8	222	5	4
NZ_CP114787.1		candidate	-20	-4	6	6
NZ_CP114788.1		candidate	-1	2	2	6
NZ_CP114789.1		candidate	4	20	15	4
NZ_CP114790.1		candidate	3	-4	2	6
NZ_CP114793.1	Eex_IncN	eex_occupied	9	11	23	4
NZ_CP114805.1	Eex_IncN	eex_occupied	11	17	10	4
NZ_CP114872.1		candidate	-4	24	-1	6
NZ_CP114982.1	Eex_IncN	eex_occupied	11	9	5	7
NZ_CP114988.1	Eex_IncN	eex_occupied	9	11	5	7
NZ_CP114995.1	Eex_IncN	eex_occupied	11	9	5	7
NZ_CP114998.1	Eex_IncN	eex_occupied	9	11	5	7
NZ_CP115002.1	Eex_IncN	eex_occupied	11	9	5	7
NZ_CP115005.1	Eex_IncN	eex_occupied	11	9	5	7
NZ_CP115013.1	Eex_IncN	eex_occupied	9	11	5	7
NZ_CP115019.1	Eex_IncN	eex_occupied	9	11	5	7
NZ_CP115195.1		candidate	9	2	9	4
NZ_CP115228.1		candidate	2	18	9	4
NZ_CP115290.1		candidate	9	2	9	3
NZ_CP115315.1	Eex_IncN	eex_occupied	7	15	17	7
NZ_CP115354.1	Eex_IncN	eex_occupied		0	4	8
NZ_CP115366.1		candidate	248	218	41	7
NZ_CP115458.1		candidate	2	43	1	8
NZ_CP115459.1		candidate	20	241	-4	9
NZ_CP115460.1	Eex_IncN	eex_occupied	3		1	7
NZ_CP115615.1		candidate	-4	12	-4	3
NZ_CP115675.1	Eex_IncN	eex_occupied	7	15	17	6
NZ_CP115676.1		candidate	98	30	-4	5
NZ_CP115680.1		candidate	-4	12	-4	3
NZ_CP115684.1	Eex_IncN	eex_occupied	7	15	17	6
NZ_CP115698.1	Eex_IncN	eex_occupied	7	15	17	6
NZ_CP115703.1	Eex_IncN	eex_occupied	11	9	5	7
NZ_CP115716.1		candidate	11	9	9	6
NZ_CP115729.1	Eex_IncN	eex_occupied	45	-4	11	8
NZ_CP115758.1		candidate	0	7	0	7
NZ_CP115770.1		candidate	2	16	-4	7
NZ_CP115777.1		candidate	-1	2	-1	8
NZ_CP115778.1		candidate	0	8	2	7
NZ_CP115825.1	Eex_IncN	eex_occupied	8	0	4	8
NZ_CP115843.1	Eex_IncN	eex_occupied	-4	4	2	6
NZ_CP115844.1		candidate	16	4	3	6
NZ_CP115912.1		candidate	19	-4	18	7
NZ_CP115926.1	Eex_IncN	eex_occupied	-4	4	2	6
NZ_CP115928.1		candidate	35	235	1	10
NZ_CP115934.1	Eex_IncN	eex_occupied	9	11	9	6
NZ_CP115947.1		candidate	12	12	9	6
NZ_CP116043.1	Eex_IncN	eex_occupied	8	0	4	8
NZ_CP116078.1		candidate	10	-4	11	8
NZ_CP116079.1	Eex_IncN	eex_occupied	7	15	17	7
NZ_CP116127.1		candidate	92	65	1	6
NZ_CP116128.1		candidate	11	-4	11	8
NZ_CP116178.1	Eex_IncN	eex_occupied	0	8	4	8
NZ_CP116218.1	Eex_IncN	eex_occupied	11	9	5	7
NZ_CP116306.1		candidate	166	58	15	5
NZ_CP116307.1	Eex_IncN	eex_occupied	0	49	12	6
NZ_CP116343.1		candidate	-8	213	12	7
NZ_CP116351.1	Eex_IncN	eex_occupied	9	13	5	7
NZ_CP116426.1		candidate	17	2	-4	7
NZ_CP116427.1		candidate	0	8	2	7
NZ_CP116674.1	Eex_IncN	eex_occupied	2	34	9	7
NZ_CP116685.1	Eex_IncN	eex_occupied	-4	4	2	6
NZ_CP116686.1		candidate	-7	-4	10	6
NZ_CP116691.1		candidate	-7	-4	11	6
NZ_CP116694.1		candidate	35	232	2	10
NZ_CP116695.1		candidate	-7	-4	11	6
NZ_CP116698.1		candidate	-4	-7	11	6
NZ_CP116702.1	Eex_IncN	eex_occupied	-4	4	2	6
NZ_CP116703.1		candidate	35	232	2	10
NZ_CP116732.1	Eex_IncN	eex_occupied	-4	4	2	6
NZ_CP116733.1		candidate	-8	12	-1	9
NZ_CP116737.1	Eex_IncN	eex_occupied	-4	4	2	6
NZ_CP116912.1	Eex_IncN	eex_occupied	18	3	2	6
NZ_CP116915.1	Eex_IncN	eex_occupied	3	18	2	6
NZ_CP116920.1	Eex_IncN	eex_occupied	11	17	9	6
NZ_CP116930.1	Eex_IncN	eex_occupied	11	17	9	6
NZ_CP116945.1	Eex_IncN	eex_occupied	23	-1	8	6
NZ_CP116956.1		candidate	30	114	-1	2
NZ_CP116975.1	Eex_IncN	eex_occupied	12	1	5	4
NZ_CP116979.1	Eex_IncN	eex_occupied	11	9	5	8
NZ_CP116984.1	Eex_IncN	eex_occupied	11	9	5	7
NZ_CP117003.1	Eex_IncN	eex_occupied	11	17	9	6
NZ_CP117009.1	Eex_IncN	eex_occupied	11	17	9	6
NZ_CP117040.1		candidate	-4	10	10	5
NZ_CP117041.1		candidate	2	-4	2	4
NZ_CP117160.1	Eex_IncN	eex_occupied	-4	18	2	8
NZ_CP117161.1		candidate	39	-1	-4	9
NZ_CP117170.1	Eex_IncN	eex_occupied	8	11	7	8
NZ_CP117171.1	Eex_IncN	eex_occupied	11	12	-1	5
NZ_CP117172.1	Eex_IncN	eex_occupied	14	9	4	8
NZ_CP117189.1		candidate	1	9	12	6
NZ_CP117256.1		candidate	2	-11	-1	8
NZ_CP117262.1		candidate	2	-11	-1	8
NZ_CP117337.1	Eex_IncN	eex_occupied	0	9	10	8
NZ_CP117342.1	Eex_IncN	eex_occupied	0	9	10	8
NZ_CP117345.1	Eex_IncN	eex_occupied	0	9	10	8
NZ_CP117347.1	Eex_IncN	eex_occupied	0	9	18	6
NZ_CP117353.1	Eex_IncN	eex_occupied	0	9	10	8
NZ_CP117356.1	Eex_IncN	eex_occupied	0	9	10	8
NZ_CP117361.1	Eex_IncN	eex_occupied	0	9	10	8
NZ_CP117364.1	Eex_IncN	eex_occupied	0	9	10	8
NZ_CP117369.1	Eex_IncN	eex_occupied	0	9	10	8
NZ_CP117375.1	Eex_IncN	eex_occupied	0	9	10	8
NZ_CP117413.1		candidate	363	239	3	10
NZ_CP117473.1	Eex_IncN	eex_occupied	10	9	13	7
NZ_CP117477.1	Eex_IncN	eex_occupied	7	15	10	5
NZ_CP117557.1	Eex_IncN	eex_occupied	11	14	10	6
NZ_CP117565.1	Eex_IncN	eex_occupied	107	-1	5	5
NZ_CP117674.1		candidate	11	-4	11	6
NZ_CP117682.1		candidate	-29	67	2	6
NZ_CP117699.1	Eex_IncN	eex_occupied	17	11	9	6
NZ_CP117726.1		candidate	11	-4	11	8
NZ_CP117736.1	Eex_IncN	eex_occupied	9	11	5	7
NZ_CP117751.1		candidate	-4	12	-4	7
NZ_CP117754.1	Eex_IncN	eex_occupied	8	11	9	8
NZ_CP117854.1	Eex_IncN	eex_occupied	7	15	17	6
NZ_CP117864.1	Eex_IncN	eex_occupied	11	134	-4	5
NZ_CP117992.1	Eex_IncN	eex_occupied	9	11	9	6
NZ_CP118191.1	Eex_IncN	eex_occupied	16	9	15	5
NZ_CP118251.1		candidate	-7	-7	10	6
NZ_CP118261.1		candidate	-7	-4	10	6
NZ_CP118262.1		candidate	4	-7	10	6
NZ_CP118391.1	Eex_IncN	eex_occupied	7	15	17	5
NZ_CP118409.1	Eex_IncN	eex_occupied	163	1	5	5
NZ_CP118410.1		candidate	1	9	12	6
NZ_CP118538.1	Eex_IncN	eex_occupied	11	17	9	6
NZ_CP118604.1	Eex_IncN	eex_occupied	222	8	5	4
NZ_CP118611.1	Eex_IncN	eex_occupied	-4	21	-1	4
NZ_CP118612.1		candidate	20	71	5	7
NZ_CP118613.1		candidate	15	-11	-1	9
NZ_CP118640.1		candidate	9	2	9	6
NZ_CP118673.1	Eex_IncN	eex_occupied	9	17	3	9
NZ_CP118692.1	Eex_IncN	eex_occupied	11	9	5	7
NZ_CP118903.1	Eex_IncN	eex_occupied	9	11	5	7
NZ_CP118928.1	Eex_IncN	eex_occupied	15	7	17	6
NZ_CP118965.1		candidate	153	11	11	9
NZ_CP119122.1	Eex_IncN	eex_occupied	11	9	5	7
NZ_CP119125.1		candidate	-4	10	11	8
NZ_CP119128.1		candidate	39	-1	1	7
NZ_CP119303.1		candidate	-31	14	-4	5
NZ_CP119305.1		candidate	-4	10	10	4
NZ_CP119410.1		candidate	-7	-4	10	6
NZ_CP119418.1	Eex_IncN	eex_occupied	-4	4	2	6
NZ_CP119538.1	Eex_IncN	eex_occupied	-4	4	2	6
NZ_CP119569.1		candidate	-4	-7	3	6
NZ_CP119582.2	Eex_IncN	eex_occupied	9	11	5	7
NZ_CP119681.1	TrbK_RP4	eex_occupied	9	10	16	6
NZ_CP119865.1	Eex_IncN	eex_occupied	-4	4	2	6
NZ_CP119973.1	Eex_IncN	eex_occupied	-4	3	6	6
NZ_CP119974.1	Eex_IncN	eex_occupied	-4	5	4	6
NZ_CP119975.1	TrbK_RP4	eex_occupied	10	9	16	6
NZ_CP120213.1		candidate	-7	-4	10	6
NZ_CP120317.1	Eex_IncN	eex_occupied	11	14	4	8
NZ_CP120320.1	Eex_IncN	eex_occupied	11	14	4	8
NZ_CP120330.1	Eex_IncN	eex_occupied	9	0	10	3
NZ_CP120342.1	Eex_IncN	eex_occupied	9	0	10	3
NZ_CP120362.1		candidate	-20	-4	6	6
NZ_CP120363.1		candidate	-4	9	-4	9
NZ_CP120366.1	Eex_IncN	eex_occupied	22	-4	-1	5
NZ_CP120369.1		candidate	-4	-25	-4	5
NZ_CP120372.1		candidate	-25	-4	-4	5
NZ_CP120375.1		candidate	-4	-7	-1	2
NZ_CP120639.1		candidate	209	34	34	8
NZ_CP120640.1		candidate	-55	-4	16	3
NZ_CP120672.1		candidate	8	81	-4	5
NZ_CP120950.1		candidate	23	12	-1	3
NZ_CP120951.1		candidate	17	29	29	4
NZ_CP120952.1	TrbK_RP4	eex_occupied	10	9	16	6
NZ_CP120957.1	TrbK_RP4	eex_occupied	9	10	16	6
NZ_CP121117.1		candidate	10	-4	-1	7
NZ_CP121152.1		candidate	9	11	5	7
NZ_CP121309.1	Eex_IncN	eex_occupied	22	-4	4	6
NZ_CP121363.1	Eex_IncN	eex_occupied	9	0	4	8
NZ_CP121636.1	Eex_IncN	eex_occupied	-4	3	-1	7
NZ_CP121640.1		candidate	-7	-4	10	6
NZ_CP121645.1	Eex_IncN	eex_occupied	11	-4	-4	7
NZ_CP121651.1	Eex_IncN	eex_occupied	11	-4	-1	8
NZ_CP121653.1		candidate	12	1	2	9
NZ_CP121654.1		candidate	24	4	4	7
NZ_CP121655.1		candidate	-4	-4	-4	8
NZ_CP121656.1		candidate	11	14	-11	5
NZ_CP121660.1	Eex_IncN	eex_occupied	21	-4	-1	5
NZ_CP121661.1		candidate	24	-7	-7	7
NZ_CP121664.1		candidate	24	4	4	7
NZ_CP121779.1		candidate	62	199	10	7
NZ_CP121830.1	Eex_IncN	eex_occupied	34	11	-4	5
NZ_CP121836.1	Eex_IncN	eex_occupied	34	11	-4	7
NZ_CP122465.1	Eex_IncN	eex_occupied	9	11	9	6
NZ_CP122474.1	Eex_IncN	eex_occupied	11	9	5	7
NZ_CP122498.1	Eex_IncN	eex_occupied	9		5	8
NZ_CP122506.1	Eex_IncN	eex_occupied	3	46	5	5
NZ_CP122512.1	Eex_IncN	eex_occupied	1	12	5	4
NZ_CP122520.1	Eex_IncN	eex_occupied	9	11	5	8
NZ_CP122584.1	Eex_IncN	eex_occupied	7	15	17	6
NZ_CP122595.1	Eex_IncN	eex_occupied	8	222	5	5
NZ_CP122596.1		candidate	10	-4	11	8
NZ_CP122608.1	Eex_IncN	eex_occupied	8	254	5	4
NZ_CP122618.1	Eex_IncN	eex_occupied	0	9	4	8
NZ_CP122624.1		candidate	10	-4	11	7
NZ_CP122626.1		candidate	10	-4	11	7
NZ_CP122627.1	Eex_IncN	eex_occupied	11	12	14	4
NZ_CP122639.1		candidate	10	-4	13	5
NZ_CP122642.1	Eex_IncN	eex_occupied	2	52	5	5
NZ_CP122663.1	Eex_IncN	eex_occupied	3	77	5	4
NZ_CP122693.1		candidate	65	103	50	8
NZ_CP122765.1	Eex_IncN	eex_occupied	0	8	4	8
NZ_CP122845.1	Eex_IncN	eex_occupied	0	8	4	8
NZ_CP122865.1	Eex_IncN	eex_occupied	0	8	2	7
NZ_CP122870.1	Eex_IncN	eex_occupied	1	12	5	5
NZ_CP122873.1		candidate	10	-4	11	8
NZ_CP122877.1		candidate	-4	10	13	6
NZ_CP122883.1	Eex_IncN	eex_occupied	8	15	-1	7
NZ_CP122885.1	Eex_IncN	eex_occupied	673	8	5	4
NZ_CP122917.1	Eex_IncN	eex_occupied	3	77	5	4
NZ_CP122931.1	TraS	eex_occupied	15	7	17	7
NZ_CP122934.1	Eex_IncN	eex_occupied	11	12	12	5
NZ_CP122935.1		candidate	10	-4	11	7
NZ_CP123002.1		candidate	1	2	-1	6
NZ_CP123005.1	Eex_IncN	eex_occupied	22	-4	-1	5
NZ_CP123032.1		candidate	179	0	10	5
NZ_CP123049.1	Eex_IncN	eex_occupied	9	11	9	6
NZ_CP123213.1		candidate	32	10	-4	4
NZ_CP123216.1		candidate	32	10	-4	5
NZ_CP123224.1		candidate	32	10	-4	5
NZ_CP123242.1	Eex_IncN	eex_occupied	11	9	5	7
NZ_CP123250.1	Eex_IncN	eex_occupied	9	11	5	8
NZ_CP123264.1	Eex_IncN	eex_occupied	9	11	5	7
NZ_CP123368.1		candidate	17	20	4	9
NZ_CP123493.1	Eex_IncN	eex_occupied	33	15	-1	7
NZ_CP123495.1		candidate	150	13	9	7
NZ_CP123509.1	Eex_IncN	eex_occupied	-4	57	10	5
NZ_CP123513.1		candidate	136	14	14	7
NZ_CP123530.1	Eex_IncN	eex_occupied	74	-4	14	4
NZ_CP123535.1	Eex_IncN	eex_occupied	57	29	-1	7
NZ_CP123537.1		candidate	136	14	10	9
NZ_CP123556.1		candidate	136	14	10	9
NZ_CP123573.1		candidate	14	136	10	9
NZ_CP123587.1		candidate	8	0	2	7
NZ_CP123588.1		candidate	111	2	2	7
NZ_CP123590.1	Eex_IncN	eex_occupied	9	11	5	7
NZ_CP123772.1		candidate	11	8	7	6
NZ_CP123840.1	Eex_IncN	eex_occupied	-4	4	2	6
NZ_CP123841.1		candidate	-7	-4	3	6
NZ_CP123845.1	Eex_IncN	eex_occupied	-4	4	2	6
NZ_CP123849.1	Eex_IncN	eex_occupied	-4	4	2	6
NZ_CP123913.1		candidate	62	199	10	7
NZ_CP123919.1		candidate	62	199	10	7
NZ_CP123975.1		candidate	-4	-4	-4	7
NZ_CP124124.1	Eex_IncN	eex_occupied	7	15	17	6
NZ_CP124389.1	Eex_IncN	eex_occupied	0	9	4	8
NZ_CP124396.1	Eex_IncN	eex_occupied	7	15	17	7
NZ_CP124426.1	Eex_IncN	eex_occupied	15	7	17	6
NZ_CP124532.1		candidate	357	6	26	6
NZ_CP124536.1		candidate	3	-4	-1	7
NZ_CP124625.1		candidate	0	3	-1	5
NZ_CP124639.1		candidate	3	0	-1	5
NZ_CP124642.1		candidate	0	3	-1	5
NZ_CP124659.1		candidate	12	-4	2	6
NZ_CP124701.1	Eex_IncN	eex_occupied	7	15	17	6
NZ_CP124706.1	Eex_IncN	eex_occupied	7	15	17	6
NZ_CP124815.1	Eex_IncN	eex_occupied	9	11	5	7
NZ_CP124823.1	Eex_IncN	eex_occupied	222	8	5	5
NZ_CP124839.1	Eex_IncN	eex_occupied	-4	39	13	4
NZ_CP124869.1	Eex_IncN	eex_occupied	11	9	5	7
NZ_CP124870.1		candidate	11	-4	11	8
NZ_CP124965.1		candidate	-4	-7	11	6
NZ_CP125096.1	Eex_IncN	eex_occupied	-4	4	2	6
NZ_CP125287.1	Eex_IncN	eex_occupied	7	15	10	5
NZ_CP125297.1		candidate	26	-11	11	4
NZ_CP125358.1		candidate	-4	11	11	8
NZ_CP125384.1		candidate	-4	-11	0	6
NZ_CP125385.1	Eex_IncN	eex_occupied	48	-47	1	6
NZ_CP125636.1	Eex_IncN	eex_occupied	2	-4	-4	7
NZ_CP125637.1	Eex_IncN	eex_occupied	-4	3	5	6
NZ_CP125643.1	Eex_IncN	eex_occupied	-4	3	-4	7
NZ_CP125646.1		candidate	-4	-7	10	6
NZ_CP125782.1	Eex_IncN	eex_occupied	129	15	219	4
NZ_CP125858.1		candidate	10	-4	10	4
NZ_CP125859.1		candidate	-4	2	2	5
NZ_CP126008.1	Eex_IncN	eex_occupied	11	-4	-4	8
NZ_CP126009.1	Eex_IncN	eex_occupied	11	-4	-4	8
NZ_CP126011.1		candidate	-7	-7	-4	6
NZ_CP126012.1		candidate	199	43	9	7
NZ_CP126014.1	Eex_IncN	eex_occupied	11	-4	-4	7
NZ_CP126015.1		candidate	-4	16	-4	6
NZ_CP126027.1	Eex_IncN	eex_occupied	-4	11	-4	7
NZ_CP126030.1		candidate	-7	-7	-4	6
NZ_CP126031.1	Eex_IncN	eex_occupied	11	-4	-4	7
NZ_CP126033.1	Eex_IncN	eex_occupied	11	-4	-4	7
NZ_CP126035.1	Eex_IncN	eex_occupied	11	-4	-4	5
NZ_CP126037.1	Eex_IncN	eex_occupied	-4	11	-4	7
NZ_CP126143.1	Eex_IncN	eex_occupied	8	15	-1	6
NZ_CP126149.1		candidate	-4	-4	-4	7
NZ_CP126151.1		candidate	114	-1	-1	7
NZ_CP126308.1		candidate	14	-4	-4	7
NZ_CP126328.1	Eex_IncN	eex_occupied	11	11	-4	3
NZ_CP126330.1	Eex_IncN	eex_occupied	11	17	9	6
NZ_CP126331.1	Eex_IncN	eex_occupied	10	33	34	4
NZ_CP126334.1	Eex_IncN	eex_occupied	15	8	-1	7
NZ_CP126337.1		candidate	34	20	1	7
NZ_CP126347.1	Eex_IncN	eex_occupied	9	11	5	8
NZ_CP126502.1		candidate	-4	11	11	8
NZ_CP126503.1	Eex_IncN	eex_occupied	222	8	5	4
NZ_CP126504.1	Eex_IncN	eex_occupied	12	1	5	4
NZ_CP126505.1	Eex_IncN	eex_occupied	222	8	5	4
NZ_CP126506.1	Eex_IncN	eex_occupied	107	-1	5	4
NZ_CP126507.1	Eex_IncN	eex_occupied	12	1	5	4
NZ_CP126508.1	Eex_IncN	eex_occupied	222	8	5	4
NZ_CP126509.1		candidate	-4	11	11	8
NZ_CP126510.1	Eex_IncN	eex_occupied	12	1	5	4
NZ_CP126511.1	Eex_IncN	eex_occupied	163	1	5	5
NZ_CP126512.1	Eex_IncN	eex_occupied	163	1	5	5
NZ_CP126537.1	Eex_IncN	eex_occupied	9	11	24	6
NZ_CP126781.1		candidate	-4	11	11	8
NZ_CP126883.1	Eex_IncN	eex_occupied	13	7	1	7
NZ_CP126993.1		candidate	-8	29	2	8
NZ_CP126995.1		candidate	59	163	3	6
NZ_CP127003.1	Eex_IncN	eex_occupied	107	-1	5	4
NZ_CP127007.1		candidate	11	-4	11	7
NZ_CP127008.1	TrbK_RP4	eex_occupied	-47	12	12	6
NZ_CP127048.1		candidate	32	10	-4	5
NZ_CP127260.1	Eex_IncN	eex_occupied	254	136	5	4
NZ_CP127302.1	Eex_IncN	eex_occupied	136	254	5	4
NZ_CP127320.1	Eex_IncN	eex_occupied	17	11	9	6
NZ_CP127495.1	Eex_IncN	eex_occupied	11	9	5	7
NZ_CP127497.1		candidate	12	-4	-4	7
NZ_CP127521.1	Eex_IncN	eex_occupied	7	15	17	6
NZ_CP127522.1	Eex_IncN	eex_occupied	11	9	9	6
NZ_CP127840.1	Eex_IncN	eex_occupied	7	15	17	7
NZ_CP127852.1	Eex_IncN	eex_occupied	11	9	5	7
NZ_CP128176.1	Eex_IncN	eex_occupied	10	9	13	5
NZ_CP128179.1	Eex_IncN	eex_occupied	-4	18	-4	9
NZ_CP128216.1	Eex_IncN	eex_occupied	-4	4	2	6
NZ_CP128258.1	Eex_IncN	eex_occupied	9	0	4	8
NZ_CP128263.1	Eex_IncN	eex_occupied	11	14	4	8
NZ_CP128565.1	Eex_IncN	eex_occupied	7	15	10	5
NZ_CP128579.1	Eex_IncN	eex_occupied	9	0	4	8
NZ_CP128881.1	Eex_IncN	eex_occupied	256	8	5	4
NZ_CP128882.1	Eex_IncN	eex_occupied	7	15	17	6
NZ_CP128890.1	Eex_IncN	eex_occupied	7	15	17	6
NZ_CP128909.1	Eex_IncN	eex_occupied	7	15	17	6
NZ_CP128915.1	Eex_IncN	eex_occupied	7	15	17	6
NZ_CP128918.1	Eex_IncN	eex_occupied	7	15	17	6
NZ_CP128921.1	Eex_IncN	eex_occupied	7	15	17	6
NZ_CP128925.1	Eex_IncN	eex_occupied	7	15	17	6
NZ_CP128929.1	Eex_IncN	eex_occupied	7	15	17	6
NZ_CP128934.1	Eex_IncN	eex_occupied	254	8	5	4
NZ_CP128935.1	Eex_IncN	eex_occupied	7	15	17	6
NZ_CP128942.1	Eex_IncN	eex_occupied	9	0	4	8
NZ_CP128943.1	Eex_IncN	eex_occupied	7	15	17	6
NZ_CP128948.1	Eex_IncN	eex_occupied	7	15	17	6
NZ_CP128954.1	Eex_IncN	eex_occupied	7	15	17	6
NZ_CP128961.1	Eex_IncN	eex_occupied	7	15	17	6
NZ_CP128966.1	Eex_IncN	eex_occupied	252	8	5	4
NZ_CP128967.1	Eex_IncN	eex_occupied	7	15	17	6
NZ_CP128974.1	Eex_IncN	eex_occupied	7	15	17	6
NZ_CP128982.1	Eex_IncN	eex_occupied	7	15	17	6
NZ_CP129251.1	Eex_IncN	eex_occupied	11	9	5	7
NZ_CP129266.1		candidate	62	93	-1	4
NZ_CP129275.1	Eex_IncN	eex_occupied	1	12	5	4
NZ_CP129285.1	Eex_IncN	eex_occupied	3	46	5	5
NZ_CP129498.1		candidate	12	-4	-4	7
NZ_CP129707.1	Eex_IncN	eex_occupied	15	7	17	6
NZ_CP129713.1	Eex_IncN	eex_occupied	15	7	17	6
NZ_CP129859.1	Eex_IncN	eex_occupied	9	11	7	8
NZ_CP129996.1		candidate	2	9	10	4
NZ_CP130557.1	Eex_IncN	eex_occupied	163	1	5	3
NZ_CP130619.1	Eex_IncN	eex_occupied	0	9	4	8
NZ_CP130669.1	Eex_IncN	eex_occupied	107	-1	5	4
NZ_CP130677.1	Eex_IncN	eex_occupied	9	11	9	6
NZ_CP131133.1	Eex_IncN	eex_occupied	4	-4	5	6
NZ_CP131443.1		candidate	-11	3	3	6
NZ_CP131617.1		candidate	213	-8	12	7
NZ_CP131623.1		candidate	213	-8	12	7
NZ_CP131627.1		candidate	213	-8	12	7
NZ_CP131633.1		candidate	212	-8	12	7
NZ_CP131639.1		candidate	234	-14	12	7
NZ_CP131642.1		candidate	-8	213	12	5
NZ_CP131646.1		candidate	-8	213	12	5
NZ_CP131694.1	Eex_IncN	eex_occupied	3	18	2	6
NZ_CP131789.1		candidate	9	2	10	4
NZ_CP131959.1	Eex_IncN	eex_occupied	-4	39	13	4
NZ_CP131963.1	Eex_IncN	eex_occupied	11	9	5	7
NZ_CP132002.1	Eex_IncN	eex_occupied	11	11	12	5
NZ_CP132023.1	Eex_IncN	eex_occupied	18	3	2	6
NZ_CP132056.1	Eex_IncN	eex_occupied	-4	4	2	6
NZ_CP132286.1	Eex_IncN	eex_occupied	16	9	15	6
NZ_CP132300.1	Eex_IncN	eex_occupied	0	40	1	7
NZ_CP132304.1	Eex_IncN	eex_occupied	6	-4	4	6
NZ_CP132306.1		candidate	4	6	-4	7
NZ_CP132307.1		candidate	-4	-7	10	6
NZ_CP132308.1		candidate	6	4	-4	7
NZ_CP132313.1		candidate	6	3	-4	7
NZ_CP132315.1		candidate	-4	230	13	7
NZ_CP132355.1	Eex_IncN	eex_occupied	11	8	4	7
NZ_CP132386.1		candidate	194	-4	-4	9
NZ_CP132612.1	Eex_IncN	eex_occupied	11	17	9	6
NZ_CP132657.1	Eex_IncN	eex_occupied	11	9	9	6
NZ_CP132668.1		candidate	-4	11	11	8
NZ_CP132685.1	Eex_IncN	eex_occupied	11	9	5	7
NZ_CP132686.1	Eex_IncN	eex_occupied	18	3	9	4
NZ_CP132959.1	Eex_IncN	eex_occupied	4	-4	3	7
NZ_CP133084.1		candidate	25	45	17	6
NZ_CP133114.1		candidate	19	-4	-4	8
NZ_CP133149.1		candidate	15	-11	-1	9
NZ_CP133150.1	Eex_IncN	eex_occupied	3	-4	4	6
NZ_CP133207.1	Eex_IncN	eex_occupied	7	15	17	6
NZ_CP133216.1		candidate	62	12	9	7
NZ_CP133225.1	Eex_IncN	eex_occupied	7	15	17	6
NZ_CP133322.1	Eex_IncN	eex_occupied	52	2	5	5
NZ_CP133344.1	Eex_IncN	eex_occupied	11	9	5	7
NZ_CP133353.1	Eex_IncN	eex_occupied	9	11	5	7
NZ_CP133408.1		candidate	98	30	-4	6
NZ_CP133428.1	Eex_IncN	eex_occupied	8	0	4	8
NZ_CP133431.1	Eex_IncN	eex_occupied	8	0	4	8
NZ_CP133434.1	Eex_IncN	eex_occupied	8	0	4	8
NZ_CP133481.1		candidate	4	31	2	8
NZ_CP133489.1		candidate	11	-4	11	8
NZ_CP133567.1	Eex_IncN	eex_occupied	7	15	17	7
NZ_CP133667.1		candidate	62	199	10	7
NZ_CP133741.1	Eex_IncN	eex_occupied	15	7	17	6
NZ_CP133754.1		candidate	-4	12	2	6
NZ_CP133861.1		candidate	98	30	-4	5
NZ_CP133867.1	Eex_IncN	eex_occupied	15	7	17	6
NZ_CP133893.1		candidate	10	-4	10	5
NZ_CP133895.1		candidate	10	-4	10	5
NZ_CP133896.1		candidate	10	-4	10	4
NZ_CP133897.1		candidate	12	-31	-4	5
NZ_CP133898.1		candidate	-31	12	-4	3
NZ_CP133899.1		candidate	10	-4	10	5
NZ_CP133903.1		candidate	10	-4	10	4
NZ_CP133904.1		candidate	10	-4	10	5
NZ_CP133905.1		candidate	10	-55	-4	3
NZ_CP133915.1		candidate	11	-4	11	8
NZ_CP133918.1		candidate	9	0	4	7
NZ_CP133929.1	Eex_IncN	eex_occupied	12	1	5	4
NZ_CP134089.1		candidate	-4	11	11	8
NZ_CP134198.1		candidate	42	-11	18	4
NZ_CP134356.1	Eex_IncN	eex_occupied	12	1	5	4
NZ_CP134383.1		candidate	-4	11	11	8
NZ_CP134703.1	Eex_IncN	eex_occupied	10	33	9	6
NZ_CP134869.1		candidate	41	4	13	4
NZ_CP135133.1	Eex_IncN	eex_occupied	16	21	12	6
NZ_CP135135.1	Eex_IncN	eex_occupied	16		12	6
NZ_CP135187.1	Eex_IncN	eex_occupied	15	7	17	6
NZ_CP135207.1	Eex_IncN	eex_occupied	16	9	15	6
NZ_CP135225.1	Eex_IncN	eex_occupied	222	8	5	4
NZ_CP135249.1		candidate	-4	11	11	8
NZ_CP135277.1		candidate	16	9	15	6
NZ_CP135280.1		candidate	11	-4	11	8
NZ_CP135447.1		candidate	-4	-4	-4	7
NZ_CP135452.1	Eex_IncN	eex_occupied	7	15	17	6
NZ_CP135456.1	Eex_IncN	eex_occupied	11	9	5	7
NZ_CP135460.1	Eex_IncN	eex_occupied	16	9	15	4
NZ_CP135478.1	Eex_IncN	eex_occupied	11	9	5	7
NZ_CP135490.1	Eex_IncN	eex_occupied	11	9	5	7
NZ_CP135501.1	Eex_IncN	eex_occupied	7	15	17	6
NZ_CP135505.1		candidate	-4	10	11	8
NZ_CP135652.1	Eex_IncN	eex_occupied	8	15	-1	7
NZ_CP135694.1	Eex_IncN	eex_occupied	3	18	2	6
NZ_CP135701.1	Eex_IncN	eex_occupied	7	15	17	7
NZ_CP136002.1		candidate	-4	11	11	8
NZ_CP136147.1	Eex_IncN	eex_occupied	11	17	9	6
NZ_CP136148.1	Eex_IncN	eex_occupied	14	11	4	8
NZ_CP136260.1	Eex_IncN	eex_occupied	1		5	5
NZ_CP136409.1	Eex_IncN	eex_occupied	11	9	5	7
NZ_CP136463.1	Eex_IncN	eex_occupied	7	15	17	7
NZ_CP136595.1		candidate	-1	12	-8	7
NZ_CP136604.1	Eex_IncN	eex_occupied	11	9	5	7
NZ_CP136606.1	Eex_IncN	eex_occupied	13	7	1	7
NZ_CP136639.1		candidate	3	-11	3	6
NZ_CP136685.1		candidate	16	1	-4	3
NZ_CP136688.1		candidate	2	3	3	8
NZ_CP136691.1		candidate	0	8	5	7
NZ_CP136724.1	Eex_IncN	eex_occupied	16	9	15	6
NZ_CP136725.1	Eex_IncN	eex_occupied	-8	14	9	7
NZ_CP136814.1		candidate	0	3	-1	4
NZ_CP136815.1	Eex_IncN	eex_occupied	7	15	17	6
NZ_CP136817.1	Eex_IncN	eex_occupied	3	18	2	6
NZ_CP136820.1	Eex_IncN	eex_occupied	15	7	17	6
NZ_CP136822.1	Eex_IncN	eex_occupied	15	7	17	6
NZ_CP136823.1		candidate	3	0	-1	5
NZ_CP136826.1	Eex_IncN	eex_occupied	15	7	17	6
NZ_CP136829.1	Eex_IncN	eex_occupied	18	3	2	6
NZ_CP136834.1	Eex_IncN	eex_occupied	18	3	2	6
NZ_CP137006.1	Eex_IncN	eex_occupied	11	152	7	7
NZ_CP137007.1		candidate	3	0	-1	5
NZ_CP137017.1	Eex_IncN	eex_occupied	5	-4	-1	5
NZ_CP137018.1		candidate	-7	-4	10	6
NZ_CP137019.1		candidate	4	-7	9	6
NZ_CP137122.1	Eex_IncN	eex_occupied	7	15	17	6
NZ_CP137124.1	Eex_IncN	eex_occupied	11	9	5	6
NZ_CP137127.1	Eex_IncN	eex_occupied	7	15	17	6
NZ_CP137132.1	Eex_IncN	eex_occupied	9	11	24	6
NZ_CP137167.1	Eex_IncN	eex_occupied	11	9	5	7
NZ_CP137171.1	Eex_IncN	eex_occupied	9	11	5	7
NZ_CP137172.1	Eex_IncN	eex_occupied	7	15	17	6
NZ_CP137176.1	Eex_IncN	eex_occupied	11	9	5	7
NZ_CP137180.1		candidate	7	15	17	6
NZ_CP137186.1	Eex_IncN	eex_occupied	11	9	5	7
NZ_CP137189.1	Eex_IncN	eex_occupied	-4	14	9	6
NZ_CP137205.1	Eex_IncN	eex_occupied	15	7	17	5
NZ_CP137223.1	Eex_IncN	eex_occupied	7	-1	8	7
NZ_CP137237.1	Eex_IncN	eex_occupied	12	18	2	7
NZ_CP137239.1	Eex_IncN	eex_occupied	18	12	2	7
NZ_CP137438.1	Eex_IncN	eex_occupied	9	11	5	7
NZ_CP137497.1		candidate	9	2	10	6
NZ_CP137501.1		candidate	9	2	10	6
NZ_CP137506.1		candidate	9	-8	10	6
NZ_CP137511.1		candidate	2	9	10	6
NZ_CP137519.1		candidate	18	2	10	4
NZ_CP137523.1		candidate	2	9	10	6
NZ_CP137534.1		candidate	51	-8	1	8
NZ_CP137542.1		candidate	51	-8	1	8
NZ_CP137706.1	Eex_IncN	eex_occupied	9	11	5	8
NZ_CP137738.1	Eex_IncN	eex_occupied	12	1	5	4
NZ_CP137748.1		candidate	62	199	10	7
NZ_CP137857.1	Eex_IncN	eex_occupied	9	11	9	5
NZ_CP137884.1		candidate	3	-11	3	6
NZ_CP138299.1		candidate	43	199	9	7
NZ_CP138300.1		candidate	-7	-7	-4	6
NZ_CP138303.1		candidate	43	199	9	7
NZ_CP138304.1		candidate	-7	-7	-4	6
NZ_CP138321.1		candidate	-4	-7	10	6
NZ_CP138323.1		candidate	-7	-4	10	6
NZ_CP138341.1		candidate	-14	234	12	7
NZ_CP138344.1		candidate	-14	234	12	7
NZ_CP138395.1	Eex_IncN	eex_occupied	11	9	5	8
NZ_CP138411.1	Eex_IncN	eex_occupied	9	11	5	8
NZ_CP138421.1	Eex_IncN	eex_occupied	17	11	9	6
NZ_CP138422.1	Eex_IncN	eex_occupied	0	8	4	8
NZ_CP138430.1	Eex_IncN	eex_occupied	9	11	5	5
NZ_CP138463.1		candidate	188	65	11	7
NZ_CP138468.1		candidate	11	-4	11	8
NZ_CP138483.1	Eex_IncN	eex_occupied	11	9	5	7
NZ_CP138497.1	Eex_IncN	eex_occupied	-4	14	-4	7
NZ_CP138516.1		candidate	234	154	-4	9
NZ_CP138523.1	Eex_IncN	eex_occupied	7	15	17	6
NZ_CP138536.1	Eex_IncN	eex_occupied	7	15	17	6
NZ_CP138572.1	Eex_IncN	eex_occupied		8	-1	7
NZ_CP138836.1	Eex_IncN	eex_occupied	9	11	5	7
NZ_CP139031.1	Eex_IncN	eex_occupied	11	9	5	7
NZ_CP139144.1		candidate	28	-8	-1	8
NZ_CP139165.1		candidate	17	26	-4	5
NZ_CP139168.1		candidate	26	17	-4	5
NZ_CP139179.1	Eex_IncN	eex_occupied	7	15	17	7
NZ_CP139184.1	Eex_IncN	eex_occupied	7	15	17	7
NZ_CP139362.1	Eex_IncN	eex_occupied	11	9	5	6
NZ_CP139378.1	Eex_IncN	eex_occupied	9	11	5	7
NZ_CP139381.1	Eex_IncN	eex_occupied	9	11	5	7
NZ_CP139384.1	Eex_IncN	eex_occupied	9	11	5	7
NZ_CP139395.1	Eex_IncN	eex_occupied	9	11	5	7
NZ_CP139406.1	Eex_IncN	eex_occupied	3	18	-1	5
NZ_CP139407.1	Eex_IncN	eex_occupied	9	11	5	7
NZ_CP139409.1	Eex_IncN	eex_occupied	9	11	5	7
NZ_CP139491.1	Eex_IncN	eex_occupied	11	9	5	7
NZ_CP139648.1		candidate	43	199	9	7
NZ_CP139650.1		candidate	-7	-7	-4	6
NZ_CP139659.2	Eex_IncN	eex_occupied	9	11	5	7
NZ_CP139663.1	Eex_IncN	eex_occupied	9	11	5	7
NZ_CP139667.1	Eex_IncN	eex_occupied	11	9	9	8
NZ_CP139671.2	Eex_IncN	eex_occupied	9	11	5	7
NZ_CP139675.2	Eex_IncN	eex_occupied	9	11	5	7
NZ_CP139679.2	Eex_IncN	eex_occupied	9	11	5	7
NZ_CP139684.1	Eex_IncN	eex_occupied	7	13	1	7
NZ_CP139689.1	Eex_IncN	eex_occupied	7	13	1	7
NZ_CP139700.1		candidate	16	-1	-1	7
NZ_CP139702.1		candidate	0	-1	15	6
NZ_CP139704.1		candidate	1	17	-4	7
NZ_CP139705.1		candidate	2	3	2	8
NZ_CP139711.1		candidate	3	2	3	8
NZ_CP139721.1		candidate	-20	-4	-29	1
NZ_CP139729.1		candidate	0	8	2	7
NZ_CP139787.1	Eex_IncN	eex_occupied	11	9	5	7
NZ_CP139800.1		candidate	-4	11	13	4
NZ_CP139811.1	Eex_IncN	eex_occupied	11	9	5	7
NZ_CP139812.1	Eex_IncN	eex_occupied	11	106	9	5
NZ_CP139848.1		candidate	3	0	-1	5
NZ_CP139849.1		candidate	12	-4	-4	3
NZ_CP139859.1		candidate	11	2	-4	7
NZ_CP139889.1	Eex_IncN	eex_occupied	9	11	5	7
NZ_CP139890.1		candidate	11	-4	11	8
NZ_CP139893.1	Eex_IncN	eex_occupied	9	11	5	7
NZ_CP139894.1		candidate	11	-4	11	8
NZ_CP139920.1	Eex_IncN	eex_occupied	-8	14	9	6
NZ_CP139934.1	Eex_IncN	eex_occupied	9	11	5	7
NZ_CP139941.1		candidate	108	110	10	7
NZ_CP139954.1	Eex_IncN	eex_occupied	12	11	12	5
NZ_CP139980.1		candidate	241	20	-4	9
NZ_CP139981.1		candidate	-4	103	1	8
NZ_CP139991.1	Eex_IncN	eex_occupied	9	11	9	7
NZ_CP139995.1	Eex_IncN	eex_occupied	-1	-20	12	7
NZ_CP139999.1	Eex_IncN	eex_occupied	-4	4	6	6
NZ_CP140119.1		candidate	2	10	-17	5
NZ_CP140299.1	Eex_IncN	eex_occupied	-4	22	-1	5
NZ_CP140347.1		candidate	30	103	-1	2
NZ_CP140348.1		candidate	-11	-4	0	6
NZ_CP140351.1		candidate	30	103	-1	2
NZ_CP140352.1		candidate	-11	-4	0	6
NZ_CP140355.1		candidate	30	103	-1	2
NZ_CP140356.1		candidate	-11	-4	0	6
NZ_CP140359.1		candidate	30	103	-1	2
NZ_CP140360.1		candidate	-11	-4	0	6
NZ_CP140363.1		candidate	103	30	-1	2
NZ_CP140364.1		candidate	-11	-4	0	6
NZ_CP140367.1		candidate	103	30	-1	2
NZ_CP140368.1		candidate	-11	-4	0	6
NZ_CP140371.1		candidate	30	103	-1	2
NZ_CP140375.1		candidate	30	103	-1	2
NZ_CP140376.1		candidate	-11	-4	0	6
NZ_CP140379.1		candidate	30	103	-1	2
NZ_CP140383.1		candidate	30	103	-1	2
NZ_CP140384.1		candidate	-11	-4	0	6
NZ_CP140387.1		candidate	30	103	-1	2
NZ_CP140391.1		candidate	103	30	-1	2
NZ_CP140395.1		candidate	103	30	-1	2
NZ_CP140399.1		candidate	30	103	-1	2
NZ_CP140400.1		candidate	-11	-4	0	6
NZ_CP140428.1	Eex_IncN	eex_occupied	9	11	12	6
NZ_CP140442.1	Eex_IncN	eex_occupied	-1	7	8	7
NZ_CP140467.1	Eex_IncN	eex_occupied	8	9	12	5
NZ_CP140476.1	Eex_IncN	eex_occupied	9	11	5	7
NZ_CP140486.1		candidate	103	30	-1	2
NZ_CP140487.1		candidate	-11	-4	0	6
NZ_CP140490.1		candidate	16	9	15	6
NZ_CP140496.1	Eex_IncN	eex_occupied	11	9	12	6
NZ_CP140501.1	Eex_IncN	eex_occupied	7	15	17	6
NZ_CP140507.1	Eex_IncN	eex_occupied	11	9	5	8
NZ_CP140637.1	Eex_IncN	eex_occupied	3	-4	-1	7
NZ_CP140639.1		candidate	-4	-7	10	6
NZ_CP140747.1		candidate	8	81	-4	5
NZ_CP140808.1	Eex_IncN	eex_occupied	-4	-1	-1	7
NZ_CP140809.1		candidate	142	-7	17	5
NZ_CP140821.1		candidate	-7	-7	10	6
NZ_CP140849.1		candidate	-7	-7	10	6
NZ_CP140852.1		candidate	187	19	9	7
NZ_CP140853.1	Eex_IncN	eex_occupied	-4	3	5	7
NZ_CP140854.1		candidate	142	-7	10	5
NZ_CP140866.1	Eex_IncN	eex_occupied	-4	3	-1	7
NZ_CP140874.1		candidate	-7	-4	10	6
NZ_CP140877.1	Eex_IncN	eex_occupied	-4	3	-1	7
NZ_CP140887.1		candidate	-7	-1	-1	3
NZ_CP140888.1		candidate	4	6	-4	7
NZ_CP140889.1		candidate	-11	15	-1	9
NZ_CP140891.1		candidate	-7	-4	-8	3
NZ_CP140898.1		candidate	232	38	2	9
NZ_CP140914.1		candidate	-7	-1	-1	4
NZ_CP140915.1		candidate	4	6	-4	7
NZ_CP140916.1		candidate	-7	-4	-8	3
NZ_CP140925.1		candidate	-7	-4	-1	3
NZ_CP140928.1		candidate	-7	-1	16	2
NZ_CP140929.1		candidate	4	6	-1	7
NZ_CP140930.1		candidate	-7	-4	10	2
NZ_CP140966.1		candidate	232	38	2	8
NZ_CP141050.1		candidate	1	67	12	8
NZ_CP141053.1		candidate	20	7	-4	7
NZ_CP141213.1	Eex_IncN	eex_occupied	20	-4	4	6
NZ_CP141214.1		candidate	-7	40	10	5
NZ_CP141215.1		candidate	-11	15	-1	9
NZ_CP141257.1	Eex_IncN	eex_occupied	11	17	9	6
NZ_CP141538.1		candidate	12	-4	-4	2
NZ_CP141544.1	Eex_IncN	eex_occupied	11	9	5	7
NZ_CP141549.1	Eex_IncN	eex_occupied	11	9	5	7
NZ_CP141568.1	Eex_IncN	eex_occupied	9	16	15	6
NZ_CP141579.1	Eex_IncN	eex_occupied	15	7	17	6
NZ_CP141585.1	Eex_IncN	eex_occupied	222	8	5	5
NZ_CP141629.1	Eex_IncN	eex_occupied	-4	39	13	4
NZ_CP141650.1	Eex_IncN	eex_occupied	11	9	5	6
NZ_CP141672.1	Eex_IncN	eex_occupied	9	11	5	6
NZ_CP141734.1	Eex_IncN	eex_occupied	9	11	5	7
NZ_CP141739.1	Eex_IncN	eex_occupied	11	9	5	7
NZ_CP141747.1	Eex_IncN	eex_occupied	11	9	5	7
NZ_CP141795.1		candidate	11	-4	11	8
NZ_CP141849.1	Eex_IncN	eex_occupied	15	7	17	6
NZ_CP142039.1	Eex_IncN	eex_occupied	9	11	5	7
NZ_CP142047.1	Eex_IncN	eex_occupied	8	222	5	4
NZ_CP142112.1		candidate	15	15	-4	7
NZ_CP142408.1	Eex_IncN	eex_occupied	9	11	5	7
NZ_CP142409.1	TrbK_RP4	eex_occupied	-47	12	12	6
NZ_CP142410.1		candidate	10	-4	11	8
NZ_CP142682.1	Eex_IncN	eex_occupied	9	0	4	8
NZ_CP142683.1	Eex_IncN	eex_occupied	7	15	17	7
NZ_CP142684.1		candidate	11	-4	13	6
NZ_CP142905.1	TraS	eex_occupied	9	11	9	6
NZ_CP142906.1		candidate	-4	12	-4	1
NZ_CP142907.1	Eex_IncN	eex_occupied	14	13	1	7
NZ_CP142974.1	Eex_IncN	eex_occupied	7	15	17	6
NZ_CP143083.1		candidate	7	10	10	6
NZ_CP143098.1	Eex_IncN	eex_occupied	11	8	5	7
NZ_CP143313.1	TrbK_RP4	eex_occupied	9	10	16	6
NZ_CP143316.1		candidate	17	212	8	9
NZ_CP143343.1	Eex_IncN	eex_occupied	9	11	5	7
NZ_CP143354.1		candidate	20	59	3	9
NZ_CP143356.1	Eex_IncN	eex_occupied	3	18	2	6
NZ_CP143404.1	Eex_IncN	eex_occupied	9	5	12	5
NZ_CP143425.1		candidate	1	17	1	6
NZ_CP143489.1	Eex_IncN	eex_occupied	15	0	-1	7
NZ_CP143491.1		candidate	1	11	11	7
NZ_CP143510.1	Eex_IncN	eex_occupied	7	15	17	6
NZ_CP143630.1	Eex_IncN	eex_occupied	11	9	5	7
NZ_CP143888.1	Eex_IncN	eex_occupied	-4	3	6	6
NZ_CP144206.1	Eex_IncN	eex_occupied	21	-4	-1	5
NZ_CP144207.1		candidate	4	-7	10	6
NZ_CP144672.1		candidate	40	2	1	8
NZ_CP144712.1	Eex_IncN	eex_occupied	11	17	9	6
NZ_CP144917.1	Eex_IncN	eex_occupied	55	-47	12	6
NZ_CP144929.1	Eex_IncN	eex_occupied	1	12	5	4
NZ_CP144932.1	Eex_IncN	eex_occupied	11	14	4	8
NZ_CP145142.1	Eex_IncN	eex_occupied	15	7	17	6
NZ_CP145144.1		candidate	-4	11	11	7
NZ_CP145158.1	Eex_IncN	eex_occupied	15	7	17	6
NZ_CP145166.1	Eex_IncN	eex_occupied	15	7	17	6
NZ_CP145174.1	Eex_IncN	eex_occupied	15	7	17	5
NZ_CP145182.1	Eex_IncN	eex_occupied	15	7	17	6
NZ_CP145190.1	Eex_IncN	eex_occupied	15	7	17	6
NZ_CP145535.1		candidate	-4	12	-4	3
NZ_CP145631.1		candidate	0	3	-1	5
NZ_CP145716.1	Eex_IncN	eex_occupied	7	15	17	7
NZ_CP145802.1	Eex_IncN	eex_occupied	11	17	9	6
NZ_CP145918.1	Eex_IncN	eex_occupied	13	7	1	7
NZ_CP145920.1		candidate	3	0	-1	5
NZ_CP145927.1	Eex_IncN	eex_occupied	13	7	1	7
NZ_CP145949.1	Eex_IncN	eex_occupied	11	-4	-4	8
NZ_CP145950.1		candidate	-7	15	9	6
NZ_CP146070.1		candidate	2	15	-4	7
NZ_CP146075.1		candidate	-4	13	11	6
NZ_CP146078.1		candidate	13	-4	11	6
NZ_CP146094.1		candidate	117	28	-4	5
NZ_CP146207.1	Eex_IncN	eex_occupied	5	-4	-1	5
NZ_CP146233.1	Eex_IncN	eex_occupied	-1	-11	-4	7
NZ_CP146276.1		candidate	2	11	4	6
NZ_CP146370.1		candidate	7	-1	10	6
NZ_CP146381.1	Eex_IncN	eex_occupied	15	53	10	5
NZ_CP146382.1	Eex_IncN	eex_occupied	9	0	4	8
NZ_CP146509.1		candidate	93	62	-1	5
NZ_CP146582.1	Eex_IncN	eex_occupied	11	9	5	8
NZ_CP146587.1	Eex_IncN	eex_occupied	15	7	17	7
NZ_CP146607.1		candidate	1	18	1	6
NZ_CP146659.1	Eex_IncN	eex_occupied	11	9	5	6
NZ_CP146674.1		candidate	93	65	1	4
NZ_CP146676.1		candidate	11	-4	11	8
NZ_CP146677.1	Eex_IncN	eex_occupied	11	14	4	8
NZ_CP146686.1		candidate	65	92	1	6
NZ_CP146842.1	Eex_IncN	eex_occupied	12	5	1	4
NZ_CP146968.1		candidate	-31	19	8	5
NZ_CP146972.1		candidate	19	-31	8	5
NZ_CP146976.1		candidate	-46	19	8	4
NZ_CP146992.1		candidate	15	-1	12	5
NZ_CP146998.1	Eex_IncN	eex_occupied	254	8	5	4
NZ_CP147033.1	Eex_IncN	eex_occupied	17	11	9	6
NZ_CP147037.1		candidate	-4	11	11	7
NZ_CP147040.1	Eex_IncN	eex_occupied	11	9	5	8
NZ_CP147052.1	Eex_IncN	eex_occupied	17	11	9	6
NZ_CP147054.1	Eex_IncN	eex_occupied	15	7	17	7
NZ_CP147064.1	Eex_IncN	eex_occupied	15	7	17	6
NZ_CP147077.1	Eex_IncN	eex_occupied	222	8	5	4
NZ_CP147088.1	Eex_IncN	eex_occupied	11	9	5	7
NZ_CP147090.1	Eex_IncN	eex_occupied	3	7	12	6
NZ_CP147096.1	Eex_IncN	eex_occupied	12	1	5	5
NZ_CP147097.1	Eex_IncN	eex_occupied	11	9	5	8
NZ_CP147111.1		candidate	10	139	12	7
NZ_CP147133.1	Eex_IncN	eex_occupied	11	9	5	7
NZ_CP147513.1		candidate	15	0	2	9
NZ_CP147523.1	Eex_IncN	eex_occupied	9	11	5	7
NZ_CP147592.1		candidate	-4	12	-4	7
NZ_CP147600.1		candidate	12	-4	-4	7
NZ_CP147602.1		candidate	9	2	9	5
NZ_CP147630.1	Eex_IncN	eex_occupied	9	11	9	6
NZ_CP147709.1		candidate	-7	15	9	6
NZ_CP147712.1		candidate	-7	15	-7	7
NZ_CP147713.1	Eex_IncN	eex_occupied	11	-4	-4	7
NZ_CP147715.1		candidate	15	-7	-7	7
NZ_CP147716.1	Eex_IncN	eex_occupied	11	-4	-4	7
NZ_CP147719.1	Eex_IncN	eex_occupied	-4	11	-4	5
NZ_CP147997.1		candidate	-7	43	16	3
NZ_CP147998.1	Eex_IncN	eex_occupied	4	-4	-1	3
NZ_CP148088.1		candidate	26	232	2	10
NZ_CP148089.1	Eex_IncN	eex_occupied	5	-4	4	2
NZ_CP148093.1		candidate	-7	-4	10	6
NZ_CP148096.1		candidate	-4	32	-4	4
NZ_CP148097.1	Eex_IncN	eex_occupied	-4	3	8	4
NZ_CP148152.1		candidate	-11	-1	-1	5
NZ_CP148169.1		candidate	3	-11	3	6
NZ_CP148171.1		candidate	3	-11	3	6
NZ_CP148186.1		candidate	30	114	-1	2
NZ_CP148196.1		candidate	-11	-4	0	6
NZ_CP148198.1		candidate	-11	-4	0	6
NZ_CP148228.1		candidate	-4	-11	0	6
NZ_CP148235.1		candidate	-11	-4	0	6
NZ_CP148237.1		candidate	-4	-11	0	6
NZ_CP148239.1		candidate	-11	-4	0	6
NZ_CP148241.1		candidate	-11	-1	-1	5
NZ_CP148249.1		candidate	-1	-11	-1	5
NZ_CP148251.1		candidate	-11	-1	-1	5
NZ_CP148253.1		candidate	-11	-1	-1	5
NZ_CP148352.1	Eex_IncN	eex_occupied	12	1	5	5
NZ_CP148353.1	Eex_IncN	eex_occupied	11	9	5	8
NZ_CP148364.1	Eex_IncN	eex_occupied	222	8	5	4
NZ_CP148368.1	Eex_IncN	eex_occupied	12	1	5	5
NZ_CP148403.1	Eex_IncN	eex_occupied	11	14	4	7
NZ_CP148574.1	Eex_IncN	eex_occupied	0	8	2	7
NZ_CP148882.1		candidate	11	-4	11	7
NZ_CP148989.1	Eex_IncN	eex_occupied	0	8	4	8
NZ_CP149126.1		candidate	2	2	2	4
NZ_CP149133.1	Eex_IncN	eex_occupied	11	9	5	7
NZ_CP149238.1	Eex_IncN	eex_occupied	10	13	12	6
NZ_CP149319.1	Eex_IncN	eex_occupied	0	9	4	8
NZ_CP149322.1	Eex_IncN	eex_occupied	9	0	4	8
NZ_CP149341.1	Eex_IncN	eex_occupied	0	9	4	8
NZ_CP149345.1	Eex_IncN	eex_occupied	0	9	4	8
NZ_CP149363.1	Eex_IncN	eex_occupied	8	15	-1	7
NZ_CP149374.1	Eex_IncN	eex_occupied	8	222	5	4
NZ_CP149452.1	Eex_IncN	eex_occupied	7	15	17	7
NZ_CP149489.1	Eex_IncN	eex_occupied	11	9	5	7
NZ_CP149511.1		candidate	4	3	-1	9
NZ_CP149575.1		candidate	9	59	8	9
NZ_CP149583.1	Eex_IncN	eex_occupied	7	15	17	7
NZ_CP149814.1	Eex_IncN	eex_occupied	9	11	4	7
NZ_CP149828.1	Eex_IncN	eex_occupied	7	15	17	6
NZ_CP149843.1	Eex_IncN	eex_occupied	11	9	5	7
NZ_CP149874.1		candidate	-7	-4	10	6
NZ_CP149875.1	Eex_IncN	eex_occupied	3	-4	-1	3
NZ_CP149876.1		candidate	-4	-7	10	6
NZ_CP149880.1		candidate	-11	15	2	8
NZ_CP149887.1		candidate	-11	-4	0	6
NZ_CP149935.1		candidate	13	1	1	8
NZ_CP149944.1	Eex_IncN	eex_occupied	9	11	5	7
NZ_CP149969.1	Eex_IncN	eex_occupied	12	1	5	4
NZ_CP149970.1	Eex_IncN	eex_occupied	9	11	5	7
NZ_CP149976.1	Eex_IncN	eex_occupied	7	15	17	6
NZ_CP149981.1	Eex_IncN	eex_occupied	15	7	17	6
NZ_CP149986.1		candidate	3	0	11	4
NZ_CP149987.1	Eex_IncN	eex_occupied	3	18	2	6
NZ_CP149993.1	Eex_IncN	eex_occupied	11	18	-4	7
NZ_CP150001.1	Eex_IncN	eex_occupied	7	15	17	7
NZ_CP150014.1	Eex_IncN	eex_occupied	9	11	7	8
NZ_CP150077.1	Eex_IncN	eex_occupied	12	1	5	4
NZ_CP150124.1	Eex_IncN	eex_occupied	11	-4	-4	6
NZ_CP150126.1	Eex_IncN	eex_occupied	11	-4	-1	6
NZ_CP150133.1		candidate	9	2	9	4
NZ_CP150477.1	Eex_IncN	eex_occupied	-4	11	-4	6
NZ_CP150626.1	Eex_IncN	eex_occupied	9	11	5	7
NZ_CP150860.1		candidate	-4	10	10	5
NZ_CP150884.1		candidate	9	2	9	6
NZ_CP150905.1	Eex_IncN	eex_occupied	19	13	2	4
NZ_CP150912.1	Eex_IncN	eex_occupied	19	13	2	4
NZ_CP150949.1		candidate	-4	10	10	4
NZ_CP150952.1		candidate	13	1	12	7
NZ_CP150998.1	Eex_IncN	eex_occupied	0	9	4	8
NZ_CP151174.1	Eex_IncN	eex_occupied	11	9	9	7
NZ_CP151206.1	Eex_IncN	eex_occupied	9	11	5	7
NZ_CP151666.1	Eex_IncN	eex_occupied	7	15	17	6
NZ_CP151674.1	Eex_IncN	eex_occupied	-1	7	8	7
NZ_CP151677.1	Eex_IncN	eex_occupied	7	-1	8	7
NZ_CP151725.1	Eex_IncN	eex_occupied	7	15	17	6
NZ_CP151755.1	Eex_IncN	eex_occupied	9	11	9	6
NZ_CP151758.1	Eex_IncN	eex_occupied	9	11	5	7
NZ_CP151761.1	Eex_IncN	eex_occupied	9	11	5	7
NZ_CP151772.1	Eex_IncN	eex_occupied	16	9	10	5
NZ_CP152365.1	Eex_IncN	eex_occupied	19	13	2	4
NZ_CP154347.1	Eex_IncN	eex_occupied	15	7	17	6
NZ_CP154591.1	Eex_IncN	eex_occupied	9	11	5	7
NZ_CP154607.1	Eex_IncN	eex_occupied	9	11	5	7
NZ_CP154653.1		candidate	-1	36	1	7
NZ_CP155123.1	Eex_IncN	eex_occupied	9	11	5	5
NZ_CP155464.1	Eex_IncN	eex_occupied	7	-1	8	7
NZ_CP155526.1		candidate	-4	10	10	7
NZ_CP155556.1		candidate	9	11	5	8
NZ_CP155590.1		candidate	-4	-4	8	5
NZ_CP155593.1		candidate	-4	-4	8	5
NZ_CP155672.1		candidate	11	-4	11	8
NZ_CP155693.1	Eex_IncN	eex_occupied	9	11	5	7
NZ_CP155730.1		candidate	-4	-22	-4	7
NZ_CP156715.1	Eex_IncN	eex_occupied	0	9	10	8
NZ_CP156717.1	Eex_IncN	eex_occupied	0	9	18	6
NZ_CP156719.1	Eex_IncN	eex_occupied	11	9	5	8
NZ_CP156720.1	Eex_IncN	eex_occupied	9	11	5	7
NZ_CP156900.1	Eex_IncN	eex_occupied	0	9	10	8
NZ_CP156940.1	Eex_IncN	eex_occupied	11	9	5	7
NZ_CP157070.1		candidate	1	1	10	5
NZ_CP157155.1	Eex_IncN	eex_occupied	11	14	4	8
NZ_EF219134.1	Eex_IncN	eex_occupied	9	16	15	6
NZ_EU880929.1	Eex_IncN	eex_occupied	7	15	17	6
NZ_FO082821.1		candidate	-4	-4	-4	6
NZ_GU938458.1		candidate	3	-31	2	6
NZ_GU938460.1		candidate	3	-31	2	6
NZ_HG004427.1		candidate	3	-4	3	3
NZ_HG938356.1		candidate	208	33	2	10
NZ_HG938357.1		candidate	4	-4	10	6
NZ_HG992744.1		candidate	29	2	3	7
NZ_JQ349086.1	Eex_IncN	eex_occupied	16	9	15	7
NZ_KF601686.1	Eex_IncN	eex_occupied	46	3	5	5
NZ_KF743817.1	TrbK_RP4	eex_occupied	9	10	16	6
NZ_KF743818.1	TrbK_RP4	eex_occupied	9	10	16	6
NZ_KJ003839.1		candidate	199	62	10	7
NZ_KJ020576.1	Eex_IncN	eex_occupied	46	3	5	5
NZ_KJ201886.1	Eex_IncN	eex_occupied	0	8	4	8
NZ_KJ440075.1	Eex_IncN	eex_occupied	7	15	17	6
NZ_KJ440076.1	Eex_IncN	eex_occupied	15	7	17	6
NZ_KJ460501.1	Eex_IncN	eex_occupied	46	3	5	5
NZ_KJ588780.1	TrbK_RP4	eex_occupied	9	10	16	6
NZ_KJ646012.1		candidate	-11	-4	0	6
NZ_KM017071.1		candidate	-1	22	-1	8
NZ_KM023153.1	Eex_IncN	eex_occupied	11	17	9	6
NZ_KM207012.1	Eex_IncN	eex_occupied	46	3	5	5
NZ_KM210086.1		candidate	199	61	10	7
NZ_KM210088.1		candidate	199	61	10	7
NZ_KM212169.1		candidate	-4	10	11	8
NZ_KM400601.1	Eex_IncN	eex_occupied	11	9	5	7
NZ_KM580532.1		candidate	-4	11	11	8
NZ_KM580533.1		candidate	-4	11	11	8
NZ_KM659092.1		candidate	195	-4	2	8
NZ_KM660724.1	Eex_IncN	eex_occupied	7	15	17	6
NZ_KM670336.1		candidate	3	0	-1	3
NZ_KM977631.1	Eex_IncN	eex_occupied	7	15	17	6
NZ_KP091735.1	Eex_IncN	eex_occupied	46	3	5	5
NZ_KP198615.1	Eex_IncN	eex_occupied	46	3	5	5
NZ_KP289281.1	TrbK_RP4	eex_occupied	10	9	16	6
NZ_KP324830.1		candidate	10	190	12	4
NZ_KP324996.1		candidate	10	-4	10	4
NZ_KP347127.1	Eex_IncN	eex_occupied	12	1	5	4
NZ_KP400525.1	Eex_IncN	eex_occupied	11	9	5	7
NZ_KP726894.1	Eex_IncN	eex_occupied	7	13	1	7
NZ_KP765744.1	Eex_IncN	eex_occupied	9	-14	9	7
NZ_KP776609.1	Eex_IncN	eex_occupied	11	9	5	7
NZ_KP899803.1		candidate	12	-4	-4	7
NZ_KP900015.1		candidate	199	62	10	7
NZ_KP900017.1	Eex_IncN	eex_occupied	16	9	15	7
NZ_KP987216.1	Eex_IncN	eex_occupied	11	9	5	7
NZ_KR059865.1	Eex_IncN	eex_occupied	11	9	5	7
NZ_KR071788.1		candidate	-8	51	1	8
NZ_KR091915.1	Eex_IncN	eex_occupied	18	3	2	6
NZ_KR779901.1	Eex_IncN	eex_occupied	15	8	-1	7
NZ_KR822247.1	Eex_IncN	eex_occupied	11	8	9	8
NZ_KT005457.1	Eex_IncN	eex_occupied	9	11	5	7
NZ_KT148595.1	Eex_IncN	eex_occupied	16	9	15	6
NZ_KT345947.1	Eex_IncN	eex_occupied	16	9	15	6
NZ_KT362706.1	Eex_IncN	eex_occupied	11	9	5	7
NZ_KT754163.1	Eex_IncN	eex_occupied	0	9	10	8
NZ_KT824791.1	Eex_IncN	eex_occupied	11	9	5	7
NZ_KT935446.1		candidate	12	-4	-4	7
NZ_KT982613.1	Eex_IncN	eex_occupied	15	7	17	6
NZ_KT982614.1	Eex_IncN	eex_occupied	15	7	17	6
NZ_KT982615.1	Eex_IncN	eex_occupied	15	7	17	6
NZ_KT982616.1	Eex_IncN	eex_occupied	15	7	17	6
NZ_KT982617.1	Eex_IncN	eex_occupied	15	7	17	6
NZ_KT982618.1	Eex_IncN	eex_occupied	15	7	17	6
NZ_KT989376.1	Eex_IncN	eex_occupied	15	7	17	6
NZ_KT989598.1	Eex_IncN	eex_occupied	15	7	17	6
NZ_KU051707.1	Eex_IncN	eex_occupied	15	7	17	6
NZ_KU051708.1	Eex_IncN	eex_occupied	15	7	17	6
NZ_KU051709.1	Eex_IncN	eex_occupied	15	7	17	6
NZ_KU051710.1	Eex_IncN	eex_occupied	15	7	17	6
NZ_KU140623.1		candidate	4	-4	8	6
NZ_KU167608.1	Eex_IncN	eex_occupied	11	9	5	7
NZ_KU167609.1	Eex_IncN	eex_occupied	11	9	5	7
NZ_KU254580.1	Eex_IncN	eex_occupied	11	9	5	8
NZ_KU295134.1	Eex_IncN	eex_occupied	7	15	17	6
NZ_KU302800.1	Eex_IncN	eex_occupied	39	-4	11	8
NZ_KU314941.1	Eex_IncN	eex_occupied	11	9	5	7
NZ_KU356987.1	TrbK_RP4	eex_occupied	9	10	16	6
NZ_KU356988.1	TrbK_RP4	eex_occupied	9	10	16	6
NZ_KU647721.1	Eex_IncN	eex_occupied	11	9	5	7
NZ_KU726588.1	Eex_IncN	eex_occupied	15	7	17	6
NZ_KU743383.1		candidate	11	-4	11	8
NZ_KU761326.1	Eex_IncN	eex_occupied	107	-1	5	4
NZ_KU761327.1		candidate	-4	11	11	8
NZ_KU761328.1	Eex_IncN	eex_occupied	11	9	5	7
NZ_KU862632.1	Eex_IncN	eex_occupied	15	7	17	6
NZ_KU870627.1	Eex_IncN	eex_occupied	77	3	5	4
NZ_KU886034.1	Eex_IncN	eex_occupied	15	7	17	6
NZ_KU922754.1	Eex_IncN	eex_occupied	222	8	5	4
NZ_KU932022.1	Eex_IncN	eex_occupied	52	2	5	5
NZ_KU932023.1	Eex_IncN	eex_occupied	52	2	5	5
NZ_KU934011.1	Eex_IncN	eex_occupied	11	9	5	7
NZ_KU934208.1	Eex_IncN	eex_occupied	12	1	5	4
NZ_KU934209.1	Eex_IncN	eex_occupied	222	87	5	4
NZ_KU963389.1	Eex_IncN	eex_occupied	11	9	10	7
NZ_KX009060.1		candidate	29	-8	2	8
NZ_KX009061.1		candidate	29	-8	2	8
NZ_KX009062.1		candidate	29	-8	2	8
NZ_KX009063.1		candidate	29	-8	2	8
NZ_KX009064.1	Eex_IncN	eex_occupied	1	14	2	5
NZ_KX013538.1	Eex_IncN	eex_occupied	12	1	5	4
NZ_KX013539.1	Eex_IncN	eex_occupied	222	8	5	4
NZ_KX013540.1	Eex_IncN	eex_occupied	163	1	5	4
NZ_KX023261.1	Eex_IncN	eex_occupied	11	9	5	7
NZ_KX032519.1	Eex_IncN	eex_occupied	12	1	5	4
NZ_KX032520.1		candidate	-4	11	11	8
NZ_KX034083.1	Eex_IncN	eex_occupied	46	3	5	5
NZ_KX084392.1		candidate	11	-4	11	8
NZ_KX084393.1	Eex_IncN	eex_occupied	222	8	5	4
NZ_KX094555.1	Eex_IncN	eex_occupied	11	9	5	7
NZ_KX118105.1		candidate	1	2	27	5
NZ_KX129783.1		candidate	-4	11	11	8
NZ_KX214669.1	Eex_IncN	eex_occupied	11	9	5	7
NZ_KX214670.1	Eex_IncN	eex_occupied	11	9	5	7
NZ_KX214671.1	Eex_IncN	eex_occupied	11	9	2	7
NZ_KX236309.1		candidate	-4	11	11	8
NZ_KX254342.1	Eex_IncN	eex_occupied	222	8	5	4
NZ_KX254343.1		candidate	11	-4	11	8
NZ_KX268305.1		candidate	-4	10	10	5
NZ_KX348144.1	Eex_IncN	eex_occupied	9	11	5	7
NZ_KX377410.1		candidate	190	10	12	7
NZ_KX447767.1	Eex_IncN	eex_occupied	11	9	5	7
NZ_KX447768.1		candidate	-4	11	11	8
NZ_KX470734.1	Eex_IncN	eex_occupied	11	9	5	7
NZ_KX470735.1	Eex_IncN	eex_occupied	11	9	5	7
NZ_KX505142.1	Eex_IncN	eex_occupied	107	-1	5	4
NZ_KX507346.1	Eex_IncN	eex_occupied	11	9	5	7
NZ_KX523903.1	Eex_IncN	eex_occupied	11	9	5	7
NZ_KX555451.1		candidate	-4	11	11	8
NZ_KX555452.1		candidate	-4	11	11	8
NZ_KX570748.1		candidate	117	-4	13	8
NZ_KX580713.1		candidate	190	10	12	7
NZ_KX580716.1	Eex_IncN	eex_occupied	12	1	5	4
NZ_KX592672.1	Eex_IncN	eex_occupied	12	1	5	4
NZ_KX618696.1	Eex_IncN	eex_occupied	9	11	5	7
NZ_KX618697.1	Eex_IncN	eex_occupied	9	11	5	7
NZ_KX618698.1	Eex_IncN	eex_occupied	9	11	5	7
NZ_KX618699.1	Eex_IncN	eex_occupied	9	11	5	7
NZ_KX618700.1	Eex_IncN	eex_occupied	9	11	5	7
NZ_KX618701.1	Eex_IncN	eex_occupied	9	11	5	7
NZ_KX618702.1	Eex_IncN	eex_occupied	9	11	5	7
NZ_KX618703.1	Eex_IncN	eex_occupied	9	11	5	7
NZ_KX618704.1	Eex_IncN	eex_occupied	9	11	5	7
NZ_KX674681.1	Eex_IncN	eex_occupied	11	9	5	7
NZ_KX683284.1	Eex_IncN	eex_occupied	11	9	5	7
NZ_KX686749.1		candidate	-4	-11	0	6
NZ_KX711706.1		candidate	-4	11	11	8
NZ_KX711707.1		candidate	-4	11	11	8
NZ_KX711708.1		candidate	-4	11	11	8
NZ_KX711879.1	Eex_IncN	eex_occupied	7	15	17	6
NZ_KX711880.1	Eex_IncN	eex_occupied	7	15	17	6
NZ_KX753679.1	Eex_IncN	eex_occupied	21	11	10	7
NZ_KX772777.1		candidate	-4	11	11	8
NZ_KX772778.1	Eex_IncN	eex_occupied	12	1	5	4
NZ_KX784502.1	Eex_IncN	eex_occupied	16	9	15	6
NZ_KX784503.1	Eex_IncN	eex_occupied	16	9	15	6
NZ_KX815983.1	Eex_IncN	eex_occupied	9	0	18	6
NZ_KX827311.1	Eex_IncN	eex_occupied	46	3	5	5
NZ_KX832926.1	Eex_IncN	eex_occupied	7	-1	8	7
NZ_KX832928.1		candidate	18	-4	10	7
NZ_KX833071.1	Eex_IncN	eex_occupied	11	9	5	7
NZ_KX833212.1	Eex_IncN	eex_occupied	0	8	4	8
NZ_KX856067.1	Eex_IncN	eex_occupied	12	1	5	4
NZ_KX856068.1	Eex_IncN	eex_occupied	12	1	5	4
NZ_KX881941.1	Eex_IncN	eex_occupied	15	7	17	6
NZ_KX894452.1	Eex_IncN	eex_occupied	11	9	5	7
NZ_KX894453.1		candidate	11	-4	11	8
NZ_KX928750.1	Eex_IncN	eex_occupied	15	7	10	5
NZ_KX928751.1	Eex_IncN	eex_occupied	15	7	41	4
NZ_KX960109.1	Eex_IncN	eex_occupied	11	9	5	7
NZ_KX960110.1	Eex_IncN	eex_occupied	11	9	9	6
NZ_KY000044.1		candidate	637	-4	-1	2
NZ_KY000075.1		candidate	-7	-4	-1	2
NZ_KY012274.1	Eex_IncN	eex_occupied	222	8	5	5
NZ_KY012275.1	Eex_IncN	eex_occupied	46	3	5	5
NZ_KY012276.1		candidate	11	-4	11	8
NZ_KY041843.1	Eex_IncN	eex_occupied	11	9	5	7
NZ_KY051550.1	Eex_IncN	eex_occupied	11	17	9	6
NZ_KY070307.1	Eex_IncN	eex_occupied	-4	39	11	8
NZ_KY075650.1	Eex_IncN	eex_occupied	12	1	5	3
NZ_KY075651.1	Eex_IncN	eex_occupied	12	1	5	4
NZ_KY075652.1		candidate	-4	11	11	6
NZ_KY075653.1		candidate	473	11	11	9
NZ_KY075654.1	Eex_IncN	eex_occupied	221	153	5	2
NZ_KY075655.1		candidate	-4	11	11	7
NZ_KY075656.1	Eex_IncN	eex_occupied	12	1	5	4
NZ_KY075657.1	Eex_IncN	eex_occupied	12	1	5	4
NZ_KY075658.1	Eex_IncN	eex_occupied	12	1	5	4
NZ_KY075660.1		candidate	-4	11	11	8
NZ_KY075661.1	Eex_IncN	eex_occupied	222	8	5	4
NZ_KY075662.1	Eex_IncN	eex_occupied	12	1	5	5
NZ_KY120363.1		candidate	-4	11	11	8
NZ_KY120364.1		candidate	11	-4	11	8
NZ_KY120365.1	Eex_IncN	eex_occupied	8	222	5	4
NZ_KY120366.1	Eex_IncN	eex_occupied	1	12	5	4
NZ_KY128483.1	Eex_IncN	eex_occupied	7	15	17	6
NZ_KY128484.1	Eex_IncN	eex_occupied	7	15	17	6
NZ_KY174331.1	Eex_IncN	eex_occupied	46	3	5	5
NZ_KY216144.1		candidate	11	163	11	9
NZ_KY271413.1	Eex_IncN	eex_occupied	7	15	17	6
NZ_KY271414.1	Eex_IncN	eex_occupied	15	7	17	6
NZ_KY271415.1	Eex_IncN	eex_occupied	15	7	17	6
NZ_KY296095.1		candidate	9	2	9	6
NZ_KY296103.1	Eex_IncN	eex_occupied	11	9	5	7
NZ_KY320277.1		candidate	-4	12	-4	7
NZ_KY352406.1		candidate	190	10	12	7
NZ_KY362367.1		candidate	31	10	-4	5
NZ_KY362368.1		candidate	15	26	-4	5
NZ_KY362369.1		candidate	15	26	-4	5
NZ_KY362370.1		candidate	143	10	-4	5
NZ_KY362371.1		candidate	143	10	-4	5
NZ_KY362372.1		candidate	15	26	-4	5
NZ_KY362373.1		candidate	28	10	-4	5
NZ_KY363994.1	Eex_IncN	eex_occupied	12	1	5	4
NZ_KY363995.1	Eex_IncN	eex_occupied	12	1	5	4
NZ_KY363996.1	Eex_IncN	eex_occupied	12	1	5	4
NZ_KY363997.1	Eex_IncN	eex_occupied	12	1	5	4
NZ_KY363998.1	Eex_IncN	eex_occupied	12	1	5	4
NZ_KY363999.1	Eex_IncN	eex_occupied	12	1	5	4
NZ_KY435936.1	Eex_IncN	eex_occupied	11	9	5	7
NZ_KY463451.1		candidate	11	-4	11	8
NZ_KY463452.1		candidate	10	190	12	7
NZ_KY463454.1		candidate	11	-4	11	8
NZ_KY471144.1	Eex_IncN	eex_occupied	12	1	5	4
NZ_KY471145.1	Eex_IncN	eex_occupied	12	1	5	4
NZ_KY471146.1		candidate	-4	11	11	8
NZ_KY471307.1	Eex_IncN	eex_occupied	222	8	5	5
NZ_KY471308.1	Eex_IncN	eex_occupied	12	1	5	4
NZ_KY471309.1	Eex_IncN	eex_occupied	12	1	5	4
NZ_KY471310.1	Eex_IncN	eex_occupied	12	1	5	4
NZ_KY471311.1	Eex_IncN	eex_occupied	12	1	5	4
NZ_KY471312.1	Eex_IncN	eex_occupied	12	1	5	4
NZ_KY471313.1	Eex_IncN	eex_occupied	12	1	5	4
NZ_KY471314.1	Eex_IncN	eex_occupied	254	8	5	4
NZ_KY471315.1	Eex_IncN	eex_occupied	222	8	5	4
NZ_KY494864.1		candidate	12	-4	2	6
NZ_KY498540.1		candidate	-4	10	10	5
NZ_KY499796.1	Eex_IncN	eex_occupied	11	9	5	7
NZ_KY499797.1	Eex_IncN	eex_occupied	11	9	5	7
NZ_KY565556.1		candidate	11	-4	11	8
NZ_KY565557.1	Eex_IncN	eex_occupied	1	163	5	5
NZ_KY582848.1		candidate	11	-4	11	8
NZ_KY624633.1	Eex_IncN	eex_occupied	77	3	5	4
NZ_KY652381.1		candidate	11	-4	11	8
NZ_KY657476.1	Eex_IncN	eex_occupied	222	8	5	4
NZ_KY657477.1	Eex_IncN	eex_occupied	12	1	5	4
NZ_KY657478.1	Eex_IncN	eex_occupied	8	222	5	4
NZ_KY659387.1	Eex_IncN	eex_occupied	11	9	5	7
NZ_KY659388.1	Eex_IncN	eex_occupied	11	9	5	7
NZ_KY689634.1		candidate	11	-4	11	8
NZ_KY693674.1	Eex_IncN	eex_occupied	222	8	5	4
NZ_KY770023.1		candidate	11	-4	11	8
NZ_KY770024.1		candidate	11	-4	11	8
NZ_KY770025.1		candidate	11	-4	11	8
NZ_KY784668.1	Eex_IncN	eex_occupied	1	12	5	4
NZ_KY792081.1	Eex_IncN	eex_occupied	222	8	5	5
NZ_KY795977.1	Eex_IncN	eex_occupied	12	1	5	4
NZ_KY795978.1	Eex_IncN	eex_occupied	222	8	5	4
NZ_KY802014.1	Eex_IncN	eex_occupied	12	1	5	4
NZ_KY829117.1	Eex_IncN	eex_occupied	222	8	5	4
NZ_KY848295.1	Eex_IncN	eex_occupied	17	11	9	6
NZ_KY853650.1	Eex_IncN	eex_occupied	222	8	5	5
NZ_KY865319.1		candidate	-4	10	10	7
NZ_KY913899.1	Eex_IncN	eex_occupied	9	11	9	6
NZ_KY913900.1	Eex_IncN	eex_occupied	7	15	17	6
NZ_KY930325.1	Eex_IncN	eex_occupied	11	9	5	7
NZ_KY964067.1		candidate	11	-4	11	8
NZ_KY978629.1	Eex_IncN	eex_occupied	11	9	5	7
NZ_KY978631.1		candidate	30	97	-4	6
NZ_LC155909.1	Eex_IncN	eex_occupied	15	8	-1	7
NZ_LC218099.1	Eex_IncN	eex_occupied	11	9	5	7
NZ_LC227558.1		candidate	11	-4	11	8
NZ_LC341397.1		candidate	-4	11	11	8
NZ_LC469775.1	Eex_IncN	eex_occupied	12	1	5	4
NZ_LC473131.1	Eex_IncN	eex_occupied	12	1	5	4
NZ_LC477138.1		candidate	-4	11	11	8
NZ_LC477293.1	Eex_IncN	eex_occupied	46	3	5	5
NZ_LC477294.1		candidate	-4	11	11	8
NZ_LC479085.1		candidate	-4	11	11	8
NZ_LC479086.1		candidate	-4	11	11	8
NZ_LC479452.1		candidate	-4	11	11	8
NZ_LC483156.1		candidate	62	199	10	7
NZ_LC483179.1	Eex_IncN	eex_occupied	11	9	5	7
NZ_LC511660.1		candidate	-4	11	11	7
NZ_LC511661.1		candidate	-4	11	11	8
NZ_LC511662.1	Eex_IncN	eex_occupied	222	8	5	4
NZ_LC532225.1	TrbK_RP4	eex_occupied	12	-47	12	6
NZ_LC532227.1	TrbK_RP4	eex_occupied	12	-47	12	6
NZ_LC536680.1	Eex_IncN	eex_occupied	9	11	5	7
NZ_LC537594.1		candidate	62	199	10	7
NZ_LC542923.1		candidate	3	0	-1	5
NZ_LC542974.1		candidate	3	0	-1	5
NZ_LC545851.1	Eex_IncN	eex_occupied	11	9	5	7
NZ_LC549805.1		candidate	10	190	12	7
NZ_LC586262.1		candidate	-8	27	2	8
NZ_LC586263.1		candidate	27	-8	2	8
NZ_LC586264.1		candidate	27	-8	2	8
NZ_LC586265.1		candidate	27	-8	2	8
NZ_LC586266.1		candidate	-8	27	2	8
NZ_LC586267.2		candidate	-8	26	8	6
NZ_LC586268.1		candidate	27	-8	2	8
NZ_LC590858.1	Eex_IncN	eex_occupied	15	7	17	6
NZ_LC594662.1	Eex_IncN	eex_occupied	15	7	17	6
NZ_LN606601.1	Eex_IncN	eex_occupied	134	11	3	7
NZ_LN610760.1	Eex_IncN	eex_occupied	15	7	17	6
NZ_LN623683.1	Eex_IncN	eex_occupied	46	3	5	5
NZ_LN811400.1		candidate	367	58	19	7
NZ_LN824136.1	Eex_IncN	eex_occupied	18	3	2	6
NZ_LR025103.1		candidate	10	-4	11	8
NZ_LR025104.1	Eex_IncN	eex_occupied	0	9	4	7
NZ_LR130550.1	Eex_IncN	eex_occupied	11	9	5	7
NZ_LR213454.1	Eex_IncN	eex_occupied	11	17	9	6
NZ_LR594661.1	Eex_IncN	eex_occupied	11	113	9	8
NZ_LR594663.1		candidate	18	16	-4	6
NZ_LR594665.1	TrbK_RP4	eex_occupied	10	10	11	6
NZ_LR594668.1		candidate	7	226	17	6
NZ_LR594670.1	TrbK_RP4	eex_occupied	10	10	11	6
NZ_LR594674.1	TrbK_RP4	eex_occupied	10	10	11	6
NZ_LR594677.1	Eex_IncN	eex_occupied	113	11	9	8
NZ_LR594692.1		candidate	19	16	-4	8
NZ_LR595693.1	Eex_IncN	eex_occupied	11	9	5	7
NZ_LR723671.1		candidate	-7	11	10	6
NZ_LR723673.1		candidate	-7	-4	9	6
NZ_LR745047.1	Eex_IncN	eex_occupied	7	15	17	4
NZ_LR828255.1		candidate	367	58	18	7
NZ_LR828259.1		candidate	367	58	18	7
NZ_LR828262.1	Eex_IncN	eex_occupied	40	4	10	6
NZ_LR828263.1		candidate	-4	217	19	7
NZ_LR861804.1	Eex_IncN	eex_occupied	40	4	1	7
NZ_LR882051.1	Eex_IncN	eex_occupied	11	17	9	6
NZ_LR882056.1	Eex_IncN	eex_occupied	14	11	4	8
NZ_LR882060.1	Eex_IncN	eex_occupied	8	0	4	8
NZ_LR882495.1	Eex_IncN	eex_occupied	12	1	5	5
NZ_LR890295.1	Eex_IncN	eex_occupied	46	3	5	5
NZ_LR890303.1		candidate		10	11	8
NZ_LR890325.1	Eex_IncN	eex_occupied	11	17	10	5
NZ_LR890351.1	Eex_IncN	eex_occupied	16	9	15	6
NZ_LR890355.1	Eex_IncN	eex_occupied	9	16	15	6
NZ_LR890448.1	Eex_IncN	eex_occupied	8	15	-1	7
NZ_LR890713.1	Eex_IncN	eex_occupied	15	8	-1	7
NZ_LR890716.1		candidate	3	0	-1	3
NZ_LR999863.1	Eex_IncN	eex_occupied	7	15	17	7
NZ_LR999865.1	Eex_IncN	eex_occupied	11	17	9	6
NZ_LR999867.1	Eex_IncN	eex_occupied	11	17	9	6
NZ_LS974446.1		candidate	233	33	-1	10
NZ_LS992170.1		candidate	11	-4	11	7
NZ_LS992177.1	Eex_IncN	eex_occupied	15	7	17	6
NZ_LS992189.1	Eex_IncN	eex_occupied	3	46	5	4
NZ_LS998787.1	Eex_IncN	eex_occupied	15	7	17	6
NZ_LS999563.1	Eex_IncN	eex_occupied	14	11	4	8
NZ_LS999564.1	Eex_IncN	eex_occupied	3	18	2	6
NZ_LT221037.1	Eex_IncN	eex_occupied	15	7	17	6
NZ_LT221038.1	Eex_IncN	eex_occupied	15	7	17	6
NZ_LT222315.1		candidate	10	32	-4	4
NZ_LT591899.1		candidate	-8	213	12	5
NZ_LT591902.1		candidate	-14	234	12	7
NZ_LT591906.1		candidate	-14	234	12	7
NZ_LT591912.1		candidate	-8	213	12	5
NZ_LT592148.1		candidate	-14	234	12	7
NZ_LT592164.1		candidate	-14	234	12	7
NZ_LT599826.1	TraS	eex_occupied	15	7	17	6
NZ_LT599827.1	Eex_IncN	eex_occupied	15	7	17	6
NZ_LT795506.1	Eex_IncN	eex_occupied	132	1	5	5
NZ_LT795507.1		candidate	-4	10	10	7
NZ_LT795508.1	Eex_IncN	eex_occupied	7	15	17	7
NZ_LT827129.1	Eex_IncN	eex_occupied	11	9	5	8
NZ_LT838197.1	Eex_IncN	eex_occupied	15	7	17	6
NZ_LT838201.1		candidate	11	-4	11	8
NZ_LT853883.1	Eex_IncN	eex_occupied	11	14	13	7
NZ_LT853886.1	Eex_IncN	eex_occupied	11	14	-1	8
NZ_LT882487.1	Eex_IncN	eex_occupied	11	17	9	6
NZ_LT960615.1		candidate	-17	-4	6	6
NZ_LT963393.1		candidate	26	14	-4	4
NZ_LT963397.1		candidate	10	32	-4	3
NZ_LT963405.1		candidate	10	32	-4	5
NZ_LT985190.1		candidate	14	26	-4	5
NZ_LT985193.1		candidate	10	143	-4	4
NZ_LT985211.1		candidate	74	-4	9	2
NZ_LT985223.1	Eex_IncN	eex_occupied	16	9	15	6
NZ_LT985234.1	Eex_IncN	eex_occupied	17	11	9	6
NZ_LT985239.1	Eex_IncN	eex_occupied	11	10	-1	6
NZ_LT985242.1	Eex_IncN	eex_occupied	15	7	17	7
NZ_LT985245.1	Eex_IncN	eex_occupied	15	7	17	7
NZ_LT985251.1	Eex_IncN	eex_occupied	15	7	41	7
NZ_LT985259.1	Eex_IncN	eex_occupied	15	7	17	7
NZ_LT985261.1	Eex_IncN	eex_occupied	11	14	2	7
NZ_LT985262.1	Eex_IncN	eex_occupied	9	0	4	8
NZ_LT985266.1	Eex_IncN	eex_occupied	15	7	17	6
NZ_LT985287.1	Eex_IncN	eex_occupied	3	18	2	6
NZ_LT985310.1		candidate	93	65	1	6
NZ_LT985315.1	Eex_IncN	eex_occupied	9	0	4	8
NZ_LT985317.1	Eex_IncN	eex_occupied	11	9	17	8
NZ_LT985318.1		candidate	-4	10	11	8
NZ_MF062700.1	Eex_IncN	eex_occupied	11	9	7	8
NZ_MF069152.1	Eex_IncN	eex_occupied	12	1	5	4
NZ_MF072961.1	Eex_IncN	eex_occupied	11	9	5	7
NZ_MF072962.1	Eex_IncN	eex_occupied	7	15	17	6
NZ_MF072963.1	Eex_IncN	eex_occupied	13	7	1	7
NZ_MF078634.1		candidate	1	2	27	5
NZ_MF093645.1		candidate	11	-4	11	8
NZ_MF136778.1		candidate	10	190	12	7
NZ_MF136779.1		candidate	11	-4	11	8
NZ_MF150117.1	Eex_IncN	eex_occupied	7	-1	8	7
NZ_MF150120.1	Eex_IncN	eex_occupied	9	11	10	7
NZ_MF156709.1	Eex_IncN	eex_occupied	39	-4	11	8
NZ_MF156710.1	Eex_IncN	eex_occupied	39	-4	11	7
NZ_MF156711.1	Eex_IncN	eex_occupied	39	-4	11	8
NZ_MF156712.1	Eex_IncN	eex_occupied	39	-4	11	8
NZ_MF175184.1		candidate	-4	11	11	8
NZ_MF175185.1		candidate	-4	11	11	8
NZ_MF175186.1		candidate	-4	11	11	8
NZ_MF175187.1	Eex_IncN	eex_occupied	12	1	5	4
NZ_MF175188.1	Eex_IncN	eex_occupied	218	8	5	4
NZ_MF175189.1	Eex_IncN	eex_occupied	222	8	5	4
NZ_MF175190.1		candidate	-4	11	11	8
NZ_MF175191.1		candidate	-4	11	11	8
NZ_MF344555.1	Eex_IncN	eex_occupied	11	9	7	8
NZ_MF344556.1	Eex_IncN	eex_occupied	11	9	7	7
NZ_MF344557.1	Eex_IncN	eex_occupied	15	7	17	6
NZ_MF344558.1	Eex_IncN	eex_occupied	9	11	5	7
NZ_MF344560.1	Eex_IncN	eex_occupied	9	11	5	7
NZ_MF381175.1		candidate	-4	11	11	8
NZ_MF381176.1		candidate	-4	11	11	8
NZ_MF415608.1	Eex_IncN	eex_occupied	11	9	5	7
NZ_MF428416.1	Eex_IncN	eex_occupied	8	0	4	8
NZ_MF449287.1		candidate	11	-4	11	8
NZ_MF458176.1	Eex_IncN	eex_occupied	11	9	5	7
NZ_MF489760.1		candidate	190	10	12	7
NZ_MF495477.1	Eex_IncN	eex_occupied	11	103	4	6
NZ_MF497781.1	Eex_IncN	eex_occupied	18	3	9	3
NZ_MF521836.2	Eex_IncN	eex_occupied	8	222	5	4
NZ_MF547507.1	Eex_IncN	eex_occupied	11	9	5	7
NZ_MF547508.1	Eex_IncN	eex_occupied	11	9	5	7
NZ_MF547509.1	Eex_IncN	eex_occupied	11	9	5	7
NZ_MF547510.1	Eex_IncN	eex_occupied	11	9	5	7
NZ_MF547511.1	Eex_IncN	eex_occupied	11	9	5	7
NZ_MF678351.1		candidate	10	190	12	7
NZ_MF679143.1	Eex_IncN	eex_occupied	9	11	5	7
NZ_MF679147.1	TraS	eex_occupied	9	11	9	6
NZ_MF693349.1	Eex_IncN	eex_occupied	8	254	5	4
NZ_MF774182.1		candidate	-4	11	11	8
NZ_MF774184.1		candidate	-4	11	11	8
NZ_MF774188.1		candidate	-4	11	11	8
NZ_MF953243.1	Eex_IncN	eex_occupied	15	7	17	7
NZ_MF978387.1		candidate	-4	11	11	8
NZ_MF978388.1	Eex_IncN	eex_occupied	8	222	5	4
NZ_MF978389.1		candidate	10	190	12	7
NZ_MF990207.1		candidate	10	190	12	7
NZ_MF993441.1	Eex_IncN	eex_occupied	18	3	2	6
NZ_MG210937.1		candidate	-4	11	11	8
NZ_MG210938.1	Eex_IncN	eex_occupied	107	-1	5	4
NZ_MG210939.1		candidate	-4	11	11	8
NZ_MG210940.1	Eex_IncN	eex_occupied	12	1	5	4
NZ_MG228426.1	Eex_IncN	eex_occupied	11	9	110	3
NZ_MG252891.1	Eex_IncN	eex_occupied	11	9	5	7
NZ_MG252892.1	Eex_IncN	eex_occupied	11	9	5	7
NZ_MG252893.1	Eex_IncN	eex_occupied	11	9	5	7
NZ_MG257881.1		candidate	-4	11	11	8
NZ_MG267386.1	Eex_IncN	eex_occupied	12	1	5	4
NZ_MG288677.1	Eex_IncN	eex_occupied	7	15	17	7
NZ_MG299127.1	Eex_IncN	eex_occupied	254	8	5	4
NZ_MG299129.1	Eex_IncN	eex_occupied	254	8	5	4
NZ_MG299132.1	Eex_IncN	eex_occupied	254	8	5	4
NZ_MG299134.1	Eex_IncN	eex_occupied	254	8	5	4
NZ_MG299136.1	Eex_IncN	eex_occupied	254	8	5	4
NZ_MG299138.1	Eex_IncN	eex_occupied	254	8	5	4
NZ_MG299140.1	Eex_IncN	eex_occupied	254	8	5	4
NZ_MG299142.1	Eex_IncN	eex_occupied	254	8	5	4
NZ_MG299144.1	Eex_IncN	eex_occupied	254	8	5	4
NZ_MG299146.1	Eex_IncN	eex_occupied	254	8	5	4
NZ_MG299148.1	Eex_IncN	eex_occupied	254	8	5	4
NZ_MG299150.1	Eex_IncN	eex_occupied	254	8	5	4
NZ_MG299152.1	Eex_IncN	eex_occupied	254	8	5	4
NZ_MG456577.1	Eex_IncN	eex_occupied	11	9	-4	7
NZ_MG489944.1	Eex_IncN	eex_occupied	12	1	5	4
NZ_MG515249.1	Eex_IncN	eex_occupied	12	1	5	4
NZ_MG516910.1	Eex_IncN	eex_occupied	9	11	7	8
NZ_MG545911.1	Eex_IncN	eex_occupied	11	9	5	7
NZ_MG552133.1		candidate	190	10	12	7
NZ_MG557851.1	Eex_IncN	eex_occupied	12	1	5	4
NZ_MG557852.1		candidate	-4	11	11	8
NZ_MG557853.1		candidate	-4	11	11	8
NZ_MG557854.1		candidate	11	-4	11	8
NZ_MG557999.1	Eex_IncN	eex_occupied	18	3	9	3
NZ_MG570092.1	Eex_IncN	eex_occupied	11	9	5	7
NZ_MG591703.1	Eex_IncN	eex_occupied	11	9	5	7
NZ_MG594798.1	Eex_IncN	eex_occupied	12	1	5	4
NZ_MG594799.1	Eex_IncN	eex_occupied	12	1	5	4
NZ_MG594800.1		candidate	99	16	-4	3
NZ_MG598814.1		candidate	-11	99	5	4
NZ_MG598815.1	Eex_IncN	eex_occupied	12	1	5	4
NZ_MG598816.1		candidate	-11	99	-4	3
NZ_MG702491.1	Eex_IncN	eex_occupied	11	9	9	6
NZ_MG725031.1	Eex_IncN	eex_occupied	107	-1	5	4
NZ_MG747472.1	Eex_IncN	eex_occupied	8	222	5	4
NZ_MG747473.1		candidate	11	-4	11	8
NZ_MG764553.1	Eex_IncN	eex_occupied	15	7	17	6
NZ_MG773378.1	Eex_IncN	eex_occupied	11	17	9	6
NZ_MG808035.1	Eex_IncN	eex_occupied	222	8	5	4
NZ_MG825367.1		candidate	11	-4	11	8
NZ_MG825368.1	Eex_IncN	eex_occupied	9	11	5	7
NZ_MG825369.1	Eex_IncN	eex_occupied	12	1	5	4
NZ_MG825374.1	Eex_IncN	eex_occupied	222	8	5	4
NZ_MG825380.1	Eex_IncN	eex_occupied	222	8	5	4
NZ_MG825382.1	Eex_IncN	eex_occupied	9	11	5	7
NZ_MG825384.1	Eex_IncN	eex_occupied	9	11	5	7
NZ_MG833402.1	Eex_IncN	eex_occupied	11	9	5	7
NZ_MG833403.1	Eex_IncN	eex_occupied	11	9	5	7
NZ_MG833404.1	Eex_IncN	eex_occupied	11	9	5	7
NZ_MG833405.1	Eex_IncN	eex_occupied	11	9	5	7
NZ_MG833406.1	Eex_IncN	eex_occupied	11	9	5	7
NZ_MG870194.1	Eex_IncN	eex_occupied	11	17	9	6
NZ_MG874043.1	Eex_IncN	eex_occupied	17	11	9	6
NZ_MG874044.1	Eex_IncN	eex_occupied	11	17	9	6
NZ_MG878866.1		candidate	7	15	17	6
NZ_MG886286.1	Eex_IncN	eex_occupied	15	7	17	6
NZ_MG893567.1	Eex_IncN	eex_occupied	11	9	5	7
NZ_MG904997.1	Eex_IncN	eex_occupied	15	7	17	7
NZ_MG946761.1	Eex_IncN	eex_occupied	107	-1	5	4
NZ_MH043623.1		candidate	190	10	57	6
NZ_MH043624.1		candidate	22	-38	13	8
NZ_MH043625.1		candidate	190	10	12	7
NZ_MH043626.1		candidate	190	10	12	7
NZ_MH053445.1	TrbK_RP4	eex_occupied	10	9	16	6
NZ_MH061178.1		candidate	-8	27	2	8
NZ_MH061196.1		candidate	-4	11	11	8
NZ_MH061381.1	Eex_IncN	eex_occupied	11	9	5	7
NZ_MH061383.1		candidate	15	7	17	7
NZ_MH094148.1	Eex_IncN	eex_occupied	9	11	5	7
NZ_MH105050.1	Eex_IncN	eex_occupied	9	11	24	6
NZ_MH105052.1	Eex_IncN	eex_occupied	11	9	5	7
NZ_MH107030.1	Eex_IncN	eex_occupied	9	11	5	7
NZ_MH121702.1	Eex_IncN	eex_occupied	8	0	4	8
NZ_MH121703.1	Eex_IncN	eex_occupied	11	9	5	8
NZ_MH143074.1	Eex_IncN	eex_occupied	11	9	9	7
NZ_MH143576.1		candidate	11	-4	11	8
NZ_MH161191.1	Eex_IncN	eex_occupied	11	9	5	7
NZ_MH176237.1	Eex_IncN	eex_occupied	222	8	5	4
NZ_MH202956.1	Eex_IncN	eex_occupied	222	8	5	4
NZ_MH213346.1	Eex_IncN	eex_occupied	12	1	5	4
NZ_MH229869.1	Eex_IncN	eex_occupied	9	11	5	8
NZ_MH234497.1	Eex_IncN	eex_occupied	11	9	5	7
NZ_MH234498.1	Eex_IncN	eex_occupied	11	9	5	7
NZ_MH234499.1	Eex_IncN	eex_occupied	11	9	5	7
NZ_MH234500.1	Eex_IncN	eex_occupied	11	9	5	7
NZ_MH234501.1	Eex_IncN	eex_occupied	11	9	5	7
NZ_MH234502.1	Eex_IncN	eex_occupied	11	9	5	7
NZ_MH234503.1	Eex_IncN	eex_occupied	11	9	5	7
NZ_MH234504.1	Eex_IncN	eex_occupied	11	9	5	7
NZ_MH234505.1	Eex_IncN	eex_occupied	11	9	5	7
NZ_MH234506.1	Eex_IncN	eex_occupied	11	9	5	7
NZ_MH234507.1	Eex_IncN	eex_occupied	11	9	5	7
NZ_MH234508.1	Eex_IncN	eex_occupied	11	9	5	7
NZ_MH234509.1	Eex_IncN	eex_occupied	11	9	5	7
NZ_MH236906.1	Eex_IncN	eex_occupied	39	-4	11	8
NZ_MH271383.1	Eex_IncN	eex_occupied	1	12	5	4
NZ_MH286945.1	Eex_IncN	eex_occupied	11	9	5	7
NZ_MH286946.1	Eex_IncN	eex_occupied	11	9	5	7
NZ_MH286947.1	Eex_IncN	eex_occupied	11	9	5	7
NZ_MH286948.1	Eex_IncN	eex_occupied	11	9	5	7
NZ_MH286949.1	Eex_IncN	eex_occupied	11	9	5	7
NZ_MH286950.1	Eex_IncN	eex_occupied	11	9	5	7
NZ_MH286951.1	Eex_IncN	eex_occupied	11	9	5	7
NZ_MH286952.1	Eex_IncN	eex_occupied	11	9	5	7
NZ_MH328006.1	Eex_IncN	eex_occupied	7	13	1	7
NZ_MH328008.1	Eex_IncN	eex_occupied	9	11	5	7
NZ_MH341575.1	Eex_IncN	eex_occupied	9	11	5	7
NZ_MH347484.1	Eex_IncN	eex_occupied	9	11	5	7
NZ_MH349095.1	Eex_IncN	eex_occupied	11	9	5	7
NZ_MH401970.1	Eex_IncN	eex_occupied	15	7	17	6
NZ_MH500845.1	Eex_IncN	eex_occupied	11	9	5	7
NZ_MH507589.1	Eex_IncN	eex_occupied	0	8	4	8
NZ_MH522409.1	Eex_IncN	eex_occupied	12	1	5	4
NZ_MH522410.1	Eex_IncN	eex_occupied	12	1	5	4
NZ_MH522411.1	Eex_IncN	eex_occupied	1	12	5	4
NZ_MH522412.1	Eex_IncN	eex_occupied	222	8	-4	3
NZ_MH522414.1	Eex_IncN	eex_occupied	12	1	5	4
NZ_MH522415.1	Eex_IncN	eex_occupied	1	12	5	4
NZ_MH522416.1	Eex_IncN	eex_occupied	1	12	5	4
NZ_MH522417.1		candidate	11	-4	11	8
NZ_MH522422.1		candidate	11	-4	11	8
NZ_MH522426.1		candidate	8	254	5	4
NZ_MH523639.1	Eex_IncN	eex_occupied	11	9	5	7
NZ_MH536949.1	Eex_IncN	eex_occupied	7	15	17	6
NZ_MH548371.1	TrbK_RP4	eex_occupied	8	9	11	6
NZ_MH594478.1	Eex_IncN	eex_occupied	11	9	24	6
NZ_MH634987.1	Eex_IncN	eex_occupied	-53	48	3	5
NZ_MH634990.1	Eex_IncN	eex_occupied	-47	43	9	6
NZ_MH713705.1	Eex_IncN	eex_occupied	16	9	15	6
NZ_MH713706.1	Eex_IncN	eex_occupied	16	9	15	6
NZ_MH713707.1	Eex_IncN	eex_occupied	16	9	15	6
NZ_MH715959.1		candidate	11	-4	11	8
NZ_MH727565.1	Eex_IncN	eex_occupied	15	7	17	6
NZ_MH734334.1		candidate	9	2	9	6
NZ_MH781720.1	Eex_IncN	eex_occupied	11	9	5	7
NZ_MH782635.1	Eex_IncN	eex_occupied	16	9	15	6
NZ_MH882484.1	Eex_IncN	eex_occupied	13	-4	2	6
NZ_MH890610.1		candidate	10	-4	10	5
NZ_MH909328.1	Eex_IncN	eex_occupied	15	7	17	6
NZ_MH909333.1	Eex_IncN	eex_occupied	11	9	5	7
NZ_MH909334.1	Eex_IncN	eex_occupied	7	15	17	6
NZ_MH909335.1	Eex_IncN	eex_occupied	11	9	5	7
NZ_MH909336.1	Eex_IncN	eex_occupied	15	7	17	6
NZ_MH909337.1	Eex_IncN	eex_occupied	7	15	17	6
NZ_MH909339.1	Eex_IncN	eex_occupied	7	15	17	6
NZ_MH909341.1	Eex_IncN	eex_occupied	7	15	17	6
NZ_MH909342.1	Eex_IncN	eex_occupied	11	9	5	7
NZ_MH909343.1	Eex_IncN	eex_occupied	9	11	24	6
NZ_MH909344.1	TraS	eex_occupied	7	15	17	2
NZ_MH909346.1	Eex_IncN	eex_occupied	11	9	5	7
NZ_MH909347.1	Eex_IncN	eex_occupied	9	11	5	7
NZ_MH917123.1	Eex_IncN	eex_occupied	7	15	17	6
NZ_MH917280.1	Eex_IncN	eex_occupied	11	9	5	7
NZ_MH917281.1	Eex_IncN	eex_occupied	9	11	9	6
NZ_MH917282.1	Eex_IncN	eex_occupied	11	9	5	7
NZ_MH917283.1	Eex_IncN	eex_occupied	9	11	5	7
NZ_MH938808.1		candidate	-4	11	11	8
NZ_MK033499.1	Eex_IncN	eex_occupied	3	18	2	6
NZ_MK033500.1	Eex_IncN	eex_occupied	3	18	2	6
NZ_MK033501.1	Eex_IncN	eex_occupied	3	18	2	6
NZ_MK033577.1	Eex_IncN	eex_occupied	11	9	5	7
NZ_MK033578.1	Eex_IncN	eex_occupied	11	9	5	7
NZ_MK033579.1	Eex_IncN	eex_occupied	11	9	5	7
NZ_MK033580.1	Eex_IncN	eex_occupied	11	9	5	7
NZ_MK033581.1	Eex_IncN	eex_occupied	11	9	5	7
NZ_MK033582.1	Eex_IncN	eex_occupied	11	9	5	7
NZ_MK033583.1	Eex_IncN	eex_occupied	11	9	5	7
NZ_MK033584.1	Eex_IncN	eex_occupied	11	9	5	7
NZ_MK036890.1	Eex_IncN	eex_occupied	7	15	17	6
NZ_MK041211.1	Eex_IncN	eex_occupied	12	1	5	4
NZ_MK053934.1		candidate	62	199	10	7
NZ_MK079571.1		candidate	21	-1	-1	5
NZ_MK088485.1	Eex_IncN	eex_occupied	11	9	5	7
NZ_MK088486.1	Eex_IncN	eex_occupied	11	9	5	7
NZ_MK172815.1		candidate	-4	11	11	8
NZ_MK262709.1	Eex_IncN	eex_occupied	11	9	5	5
NZ_MK264770.1	Eex_IncN	eex_occupied	9	11	10	7
NZ_MK308632.1	Eex_IncN	eex_occupied	11	9	5	7
NZ_MK317995.1	Eex_IncN	eex_occupied	9		5	7
NZ_MK318968.1		candidate	-4	13	16	8
NZ_MK318969.1		candidate	-4	13	-1	8
NZ_MK318971.1		candidate	-4	13	17	8
NZ_MK318972.1		candidate	-4	13	16	8
NZ_MK318973.1		candidate	-7	-4	6	6
NZ_MK318987.1		candidate	11	13	-1	8
NZ_MK356560.1	Eex_IncN	eex_occupied	7	15	17	7
NZ_MK356561.1	Eex_IncN	eex_occupied	7	15	17	7
NZ_MK360096.1	Eex_IncN	eex_occupied	9	0	4	8
NZ_MK368725.1	Eex_IncN	eex_occupied	16	9	15	7
NZ_MK372380.1	Eex_IncN	eex_occupied	11	9	5	7
NZ_MK372381.1	Eex_IncN	eex_occupied	11	9	5	7
NZ_MK372382.1	Eex_IncN	eex_occupied	11	9	5	7
NZ_MK372383.1	Eex_IncN	eex_occupied	11	9	5	7
NZ_MK372385.1	Eex_IncN	eex_occupied	11	9	5	7
NZ_MK372386.1	Eex_IncN	eex_occupied	11	9	5	7
NZ_MK372387.1	Eex_IncN	eex_occupied	11	9	5	7
NZ_MK372388.1	Eex_IncN	eex_occupied	11	9	5	7
NZ_MK372389.1	Eex_IncN	eex_occupied	11	9	5	7
NZ_MK372390.1	Eex_IncN	eex_occupied	11	9	5	7
NZ_MK372391.1	Eex_IncN	eex_occupied	11	9	5	7
NZ_MK372392.1	Eex_IncN	eex_occupied	11	9	5	7
NZ_MK372393.1	Eex_IncN	eex_occupied	11	9	5	7
NZ_MK412914.1	Eex_IncN	eex_occupied	11	9	5	7
NZ_MK412915.1	Eex_IncN	eex_occupied	11	9	5	7
NZ_MK412916.1	Eex_IncN	eex_occupied	11	9	5	7
NZ_MK412917.1	Eex_IncN	eex_occupied	11	9	5	7
NZ_MK412918.1	Eex_IncN	eex_occupied	11	9	5	7
NZ_MK412919.1	Eex_IncN	eex_occupied	11	9	5	7
NZ_MK412920.1	Eex_IncN	eex_occupied	11	9	5	7
NZ_MK416154.1	Eex_IncN	eex_occupied	9	11	5	7
NZ_MK416183.1	Eex_IncN	eex_occupied	15	7	17	6
NZ_MK450346.1	Eex_IncN	eex_occupied	9	11	5	7
NZ_MK450347.1	Eex_IncN	eex_occupied	9	11	5	7
NZ_MK450348.1	Eex_IncN	eex_occupied	9	11	5	7
NZ_MK450349.1	Eex_IncN	eex_occupied	9	11	5	7
NZ_MK477604.1		candidate	-4	11	11	8
NZ_MK477610.1		candidate	-4	11	11	8
NZ_MK477615.1		candidate	-4	11	11	8
NZ_MK541987.1		candidate	-11	-4	0	6
NZ_MK541988.1		candidate	-11	-4	0	6
NZ_MK541989.1		candidate	-11	-4	0	6
NZ_MK542639.1	Eex_IncN	eex_occupied	254	8	5	4
NZ_MK571810.1	Eex_IncN	eex_occupied	222	8	5	4
NZ_MK574665.1		candidate	11	-4	11	8
NZ_MK574667.1	Eex_IncN	eex_occupied	222	8	5	4
NZ_MK574669.1	Eex_IncN	eex_occupied	222	8	5	4
NZ_MK618661.1	Eex_IncN	eex_occupied	11	9	5	7
NZ_MK621008.1	Eex_IncN	eex_occupied	14	1	3	7
NZ_MK621009.1	Eex_IncN	eex_occupied	14	22	9	6
NZ_MK621010.1		candidate	-8	27	3	8
NZ_MK621011.1		candidate	31	10	-4	5
NZ_MK628734.1	Eex_IncN	eex_occupied	11	9	5	7
NZ_MK671725.1	Eex_IncN	eex_occupied	12	5	2	6
NZ_MK671726.1	Eex_IncN	eex_occupied	12	5	1	5
NZ_MK671727.1	Eex_IncN	eex_occupied	12	5	2	5
NZ_MK731977.1	Eex_IncN	eex_occupied	9	11	5	8
NZ_MK757441.1	Eex_IncN	eex_occupied	13	-4	2	6
NZ_MK757468.1	Eex_IncN	eex_occupied	9	11	9	6
NZ_MK773535.1	Eex_IncN	eex_occupied	11	9	5	7
NZ_MK836306.1	Eex_IncN	eex_occupied	12	1	5	4
NZ_MK836307.1		candidate	-4	11	11	8
NZ_MK848866.1	Eex_IncN	eex_occupied	11	9	5	7
NZ_MK852553.1	Eex_IncN	eex_occupied	1	12	5	4
NZ_MK862125.1	Eex_IncN	eex_occupied	7	15	17	6
NZ_MK875281.1		candidate	-4	11	11	8
NZ_MK875282.1		candidate	-4	11	11	8
NZ_MK875283.1		candidate	-4	11	11	8
NZ_MK875284.1		candidate	-4	11	11	8
NZ_MK875285.1		candidate	-4	11	11	8
NZ_MK875286.1		candidate	-4	11	11	8
NZ_MK875287.1	Eex_IncN	eex_occupied	12	1	5	4
NZ_MK878892.1	TraS	eex_occupied	7	15	17	6
NZ_MK878894.1	Eex_IncN	eex_occupied	7	15	17	6
NZ_MK940857.1		candidate	11	-4	11	8
NZ_MK940858.1		candidate	11	-4	11	8
NZ_MK941846.1	Eex_IncN	eex_occupied		-1	8	7
NZ_MK965545.1	Eex_IncN	eex_occupied	0	8	4	8
NZ_MK978162.1		candidate	11	162	11	9
NZ_MK986791.1	Eex_IncN	eex_occupied	11	9	5	7
NZ_MN017707.1	Eex_IncN	eex_occupied	11	9	5	7
NZ_MN061454.1	Eex_IncN	eex_occupied	9	11	5	7
NZ_MN064714.1	Eex_IncN	eex_occupied	9	11	5	7
NZ_MN080490.1	Eex_IncN	eex_occupied	11	9	5	7
NZ_MN086778.1	Eex_IncN	eex_occupied	11	17	9	6
NZ_MN092230.1	Eex_IncN	eex_occupied	11	9	5	7
NZ_MN175389.1	Eex_IncN	eex_occupied	11	9	5	7
NZ_MN175471.1	Eex_IncN	eex_occupied	11	9	5	7
NZ_MN178638.1	Eex_IncN	eex_occupied	11	9	5	7
NZ_MN178639.1	Eex_IncN	eex_occupied	7	15	17	6
NZ_MN200942.1	Eex_IncN	eex_occupied	11	9	24	7
NZ_MN200943.1		candidate	-4	11	11	8
NZ_MN227183.1	Eex_IncN	eex_occupied	11	9	5	7
NZ_MN232179.1	Eex_IncN	eex_occupied	222	8	5	3
NZ_MN232180.1	Eex_IncN	eex_occupied	222	8	5	4
NZ_MN232181.1	Eex_IncN	eex_occupied	46	3	5	5
NZ_MN232182.1	Eex_IncN	eex_occupied	222	8	5	4
NZ_MN232183.1	Eex_IncN	eex_occupied	222	8	5	4
NZ_MN232184.1	Eex_IncN	eex_occupied	222	8	5	4
NZ_MN232185.1	Eex_IncN	eex_occupied	222	8	5	4
NZ_MN232186.1	Eex_IncN	eex_occupied	222	8	5	4
NZ_MN232187.1	Eex_IncN	eex_occupied	12	1	5	4
NZ_MN232188.1	Eex_IncN	eex_occupied	222	8	5	4
NZ_MN232193.1	Eex_IncN	eex_occupied	12	1	5	4
NZ_MN232194.1		candidate	11	-4	11	8
NZ_MN232196.1	Eex_IncN	eex_occupied	222	8	5	4
NZ_MN232197.1	Eex_IncN	eex_occupied	254	8	5	4
NZ_MN232198.1	Eex_IncN	eex_occupied	222	8	5	4
NZ_MN232199.1	Eex_IncN	eex_occupied	222	8	5	4
NZ_MN232200.1	Eex_IncN	eex_occupied	222	8	5	4
NZ_MN232201.1	Eex_IncN	eex_occupied	222	8	5	4
NZ_MN232202.1	Eex_IncN	eex_occupied	107	-1	5	4
NZ_MN232203.1	Eex_IncN	eex_occupied	222	8	5	4
NZ_MN232204.1	Eex_IncN	eex_occupied	222	8	5	4
NZ_MN232205.1	Eex_IncN	eex_occupied	222	8	5	4
NZ_MN232206.1	Eex_IncN	eex_occupied	222	8	5	2
NZ_MN232207.1	Eex_IncN	eex_occupied	222	8	5	4
NZ_MN232208.1	Eex_IncN	eex_occupied	222	8	5	4
NZ_MN232209.1	Eex_IncN	eex_occupied	12	1	5	4
NZ_MN232210.1	Eex_IncN	eex_occupied	222	8	5	4
NZ_MN232211.1	Eex_IncN	eex_occupied	222	8	5	4
NZ_MN232212.1	Eex_IncN	eex_occupied	222	8	5	3
NZ_MN232213.1	Eex_IncN	eex_occupied	222	8	5	4
NZ_MN232214.1	Eex_IncN	eex_occupied	12	1	5	4
NZ_MN240297.1		candidate	15	15	-4	7
NZ_MN241904.1	Eex_IncN	eex_occupied	7	15	17	6
NZ_MN256104.1	Eex_IncN	eex_occupied	11	14	4	8
NZ_MN276078.1	Eex_IncN	eex_occupied	11	9	5	7
NZ_MN276079.1	Eex_IncN	eex_occupied	11	9	5	7
NZ_MN276080.1	Eex_IncN	eex_occupied	11	9	5	7
NZ_MN276081.1	Eex_IncN	eex_occupied	11	9	5	7
NZ_MN276082.1	Eex_IncN	eex_occupied	11	9	5	7
NZ_MN319465.1		candidate	21	-1	10	6
NZ_MN335922.1	Eex_IncN	eex_occupied	11	9	5	7
NZ_MN386974.1	TrbK_RP4	eex_occupied	9	10	16	6
NZ_MN433456.1		candidate	2	9	9	5
NZ_MN476093.1	Eex_IncN	eex_occupied	1	12	5	5
NZ_MN476095.1	Eex_IncN	eex_occupied	12	1	615	2
NZ_MN480461.1	Eex_IncN	eex_occupied	15	7	17	1
NZ_MN542377.1		candidate	1	9	12	6
NZ_MN542378.1		candidate	1	9	12	6
NZ_MN565271.1	Eex_IncN	eex_occupied	11	9	5	7
NZ_MN583554.1	Eex_IncN	eex_occupied	9	16	15	6
NZ_MN602278.1	TrbK_RP4	eex_occupied	11	6	11	6
NZ_MN604267.1	Eex_IncN	eex_occupied	11	17	10	4
NZ_MN648330.1		candidate	11	-4	13	6
NZ_MN689940.1	Eex_IncN	eex_occupied	222	8	5	4
NZ_MN701974.1	Eex_IncN	eex_occupied	11	9	5	7
NZ_MN701975.1	Eex_IncN	eex_occupied	11	9	5	7
NZ_MN746290.1	Eex_IncN	eex_occupied	222	8	5	4
NZ_MN746291.1	Eex_IncN	eex_occupied	12	1	5	4
NZ_MN746292.1	Eex_IncN	eex_occupied	222	8	5	4
NZ_MN792919.1	Eex_IncN	eex_occupied	9	11	5	7
NZ_MN823994.1	Eex_IncN	eex_occupied	3	7	12	6
NZ_MN865121.1	Eex_IncN	eex_occupied	11	9	5	7
NZ_MN891676.1	Eex_IncN	eex_occupied	15	7	17	6
NZ_MN891682.1		candidate	15	7	17	6
NZ_MN904741.1	Eex_IncN	eex_occupied	7	13	1	7
NZ_MN937240.1	Eex_IncN	eex_occupied	9	11	5	6
NZ_MN961669.1	Eex_IncN	eex_occupied	12	5	-1	5
NZ_MN961673.1		candidate	-8	27	2	8
NZ_MN967025.1	Eex_IncN	eex_occupied	16	9	15	6
NZ_MT002974.1		candidate	62	199	10	7
NZ_MT010563.1	Eex_IncN	eex_occupied	15	7	17	6
NZ_MT028409.1	Eex_IncN	eex_occupied	11	9	5	7
NZ_MT039143.1	Eex_IncN	eex_occupied	8	15	-1	7
NZ_MT039145.1	Eex_IncN	eex_occupied	14	9	4	8
NZ_MT039153.1	Eex_IncN	eex_occupied	9	11	4	7
NZ_MT039154.1	Eex_IncN	eex_occupied	9	11	10	8
NZ_MT039163.1	Eex_IncN	eex_occupied	9	11	10	7
NZ_MT039167.1	Eex_IncN	eex_occupied	9	11	15	6
NZ_MT039214.1	Eex_IncN	eex_occupied	8		-1	7
NZ_MT074091.1	Eex_IncN	eex_occupied	11	9	5	7
NZ_MT077883.1	Eex_IncN	eex_occupied	7	15	17	6
NZ_MT119279.1	Eex_IncN	eex_occupied	254	8	5	4
NZ_MT129534.1	Eex_IncN	eex_occupied	9	11	5	7
NZ_MT158477.1	Eex_IncN	eex_occupied	8	0	4	8
NZ_MT158478.1	Eex_IncN	eex_occupied	9	11	5	7
NZ_MT158480.1	Eex_IncN	eex_occupied	17	11	9	6
NZ_MT180431.1	Eex_IncN	eex_occupied	11	17	9	6
NZ_MT180434.1	Eex_IncN	eex_occupied	11	9	7	8
NZ_MT192131.1		candidate	15	15	-4	7
NZ_MT199177.1	Eex_IncN	eex_occupied	15	7	17	7
NZ_MT219822.1	Eex_IncN	eex_occupied	9		5	8
NZ_MT219825.1	Eex_IncN	eex_occupied	9	11	5	8
NZ_MT293625.1	Eex_IncN	eex_occupied	163	1	5	4
NZ_MT296560.1		candidate	-14	234	12	7
NZ_MT296565.1		candidate	-8	213	12	5
NZ_MT296568.1		candidate	-8	213	12	7
NZ_MT296571.1		candidate	-8	213	12	5
NZ_MT296573.1		candidate	-8	213	12	5
NZ_MT296576.1		candidate	-8	213	12	7
NZ_MT316509.1		candidate	11	-4	11	8
NZ_MT338505.1	Eex_IncN	eex_occupied	21	11	10	7
NZ_MT338506.1		candidate	12	20	9	9
NZ_MT441556.1	Eex_IncN	eex_occupied	11	9	5	7
NZ_MT449718.1		candidate	190	10	12	7
NZ_MT449719.1		candidate	190	10	12	7
NZ_MT499886.1		candidate	11	-4	11	8
NZ_MT505391.1	Eex_IncN	eex_occupied	77	3	5	4
NZ_MT536763.1	Eex_IncN	eex_occupied	222	8	5	4
NZ_MT554516.1	Eex_IncN	eex_occupied	46	3	5	4
NZ_MT560074.1	Eex_IncN	eex_occupied	11	9	5	7
NZ_MT560076.1	Eex_IncN	eex_occupied	11	9	5	7
NZ_MT621561.1	Eex_IncN	eex_occupied	11	9	5	7
NZ_MT621562.1	Eex_IncN	eex_occupied	9	11	5	7
NZ_MT621563.1	Eex_IncN	eex_occupied	9	11	5	7
NZ_MT621564.1	Eex_IncN	eex_occupied	9	11	5	7
NZ_MT621565.1	Eex_IncN	eex_occupied	11	9	5	7
NZ_MT621566.1	Eex_IncN	eex_occupied	9	11	5	7
NZ_MT621567.1	Eex_IncN	eex_occupied	9	11	5	7
NZ_MT621568.1	Eex_IncN	eex_occupied	9	11	5	7
NZ_MT663954.1	Eex_IncN	eex_occupied	11	9	5	7
NZ_MT667260.1		candidate	10	190	12	7
NZ_MT667261.1		candidate	-4	11	11	8
NZ_MT720906.1	Eex_IncN	eex_occupied	11	9	5	7
NZ_MT732179.1		candidate	-4	12	2	6
NZ_MT732180.1		candidate	-4	12	2	6
NZ_MT732181.1		candidate	-4	12	2	6
NZ_MT732182.1		candidate	-4	12	2	6
NZ_MT732184.1		candidate	-4	12	2	6
NZ_MT732186.1		candidate	-4	12	2	6
NZ_MT732187.1		candidate	-4	12	2	6
NZ_MT732188.1		candidate	-4	12	2	6
NZ_MT732189.1		candidate	-4	12	2	6
NZ_MT732190.1		candidate	-4	12	2	6
NZ_MT732192.1		candidate	-4	12	2	6
NZ_MT732193.1		candidate	-4	12	12	6
NZ_MT732196.1		candidate	-4	12	2	6
NZ_MT732197.1		candidate	-4	12	2	6
NZ_MT745953.1	Eex_IncN	eex_occupied	7	15	17	7
NZ_MT756840.1	Eex_IncN	eex_occupied	7	15	17	6
NZ_MT759838.1	Eex_IncN	eex_occupied	11	9	5	7
NZ_MT773664.1	Eex_IncN	eex_occupied	12	1	5	4
NZ_MT773670.1	Eex_IncN	eex_occupied	222	8	5	5
NZ_MT773671.1	Eex_IncN	eex_occupied	222	8	5	5
NZ_MT859324.1	Eex_IncN	eex_occupied	11	9	5	8
NZ_MT859325.1	Eex_IncN	eex_occupied	11	9	5	8
NZ_MT859326.1	Eex_IncN	eex_occupied	11	9	5	8
NZ_MT859327.1	Eex_IncN	eex_occupied	11	9	5	8
NZ_MT859328.1	Eex_IncN	eex_occupied	8	0	4	8
NZ_MT859329.1	Eex_IncN	eex_occupied	11	9	5	7
NZ_MT859330.1	Eex_IncN	eex_occupied	8	0	4	8
NZ_MT901553.1	Eex_IncN	eex_occupied	11	9	5	7
NZ_MT920906.1	Eex_IncN	eex_occupied	39	-4	11	8
NZ_MT929275.1		candidate	11	-4	11	8
NZ_MT929277.1		candidate	11	-4	11	8
NZ_MT929278.1		candidate	11	-4	11	8
NZ_MT929279.1		candidate	11	-4	11	8
NZ_MT929280.1		candidate	11	-4	11	8
NZ_MT929281.1		candidate	11	-4	11	8
NZ_MT929282.1		candidate	11	-4	11	8
NZ_MT929283.1	Eex_IncN	eex_occupied	12	1	5	4
NZ_MT929289.1		candidate	11	-4	11	3
NZ_MT929290.1	Eex_IncN	eex_occupied	12	1	5	4
NZ_MT949190.1	Eex_IncN	eex_occupied	15	7	17	6
NZ_MT949192.1	Eex_IncN	eex_occupied	15	7	17	6
NZ_MT949193.1	Eex_IncN	eex_occupied	15	7	17	6
NZ_MW010024.1		candidate	-4	11	11	8
NZ_MW010025.1		candidate	-4	11	11	8
NZ_MW010026.1		candidate	-4	11	11	8
NZ_MW010027.1		candidate	-4	11	11	8
NZ_MW033206.1	Eex_IncN	eex_occupied	11	34	-4	7
NZ_MW073138.1		candidate	62	199	10	7
NZ_MW077912.1	Eex_IncN	eex_occupied	11	17	9	6
NZ_MW077917.1	Eex_IncN	eex_occupied	9	11	5	7
NZ_MW080368.1	Eex_IncN	eex_occupied	11	9	5	7
NZ_MW150990.1	TrbK_RP4	eex_occupied	9	10	16	5
NZ_MW191858.1	Eex_IncN	eex_occupied	9	11	9	5
NZ_MW191859.1	Eex_IncN	eex_occupied	15	7	17	6
NZ_MW191862.1		candidate	11	-4	13	6
NZ_MW191864.1	Eex_IncN	eex_occupied	1	12	5	4
NZ_MW218142.1	Eex_IncN	eex_occupied	11	9	5	7
NZ_MW218147.1	Eex_IncN	eex_occupied	12	1	5	4
NZ_MW242344.1	Eex_IncN	eex_occupied	9	11	5	7
NZ_MW264506.1	Eex_IncN	eex_occupied	12	1	5	4
NZ_MW264507.1		candidate	11	-4	11	8
NZ_MW264508.1		candidate	11	-4	11	8
NZ_MW264509.1		candidate	11	-4	11	7
NZ_MW264515.1	Eex_IncN	eex_occupied	1	12	5	4
NZ_MW269623.1	Eex_IncN	eex_occupied	11	9	5	7
NZ_MW296100.1	Eex_IncN	eex_occupied	11	9	5	7
NZ_MW298656.1	Eex_IncN	eex_occupied	7	15	17	7
NZ_MW300275.1	TrbK_RP4	eex_occupied	9	11	16	6
NZ_MW300276.1	TrbK_RP4	eex_occupied	10	9	16	6
NZ_MW349106.1	Eex_IncN	eex_occupied	7	15	17	7
NZ_MW363912.1	Eex_IncN	eex_occupied	15	7	17	6
NZ_MW373507.1	Eex_IncN	eex_occupied	222	8	5	4
NZ_MW390511.1		candidate	10	-4	11	8
NZ_MW390514.1		candidate	10	-4	11	8
NZ_MW390516.1	Eex_IncN	eex_occupied	9	0	4	8
NZ_MW390518.1		candidate	10	-4	11	8
NZ_MW390521.1		candidate	10	-4	11	8
NZ_MW390525.1		candidate	-4	10	11	6
NZ_MW390532.1		candidate	11	-4	11	8
NZ_MW390537.1	Eex_IncN	eex_occupied	7	15	17	7
NZ_MW390542.1	Eex_IncN	eex_occupied	9	0	4	8
NZ_MW390547.1	Eex_IncN	eex_occupied	0	9	4	8
NZ_MW390550.1	Eex_IncN	eex_occupied	9	0	4	8
NZ_MW415440.1	Eex_IncN	eex_occupied	11	9	5	7
NZ_MW415441.1	Eex_IncN	eex_occupied	11	9	5	7
NZ_MW415442.1	Eex_IncN	eex_occupied	11	9	5	7
NZ_MW415443.1	Eex_IncN	eex_occupied	9	11	5	6
NZ_MW415444.1	Eex_IncN	eex_occupied	11	9	5	6
NZ_MW439254.1	Eex_IncN	eex_occupied	11	9	5	8
NZ_MW557326.1		candidate	-4	11	11	8
NZ_MW574936.1	Eex_IncN	eex_occupied	7	15	41	6
NZ_MW574937.1	TrbK_RP4	eex_occupied	9	-4	13	6
NZ_MW574938.1	TrbK_RP4	eex_occupied	9	-4	13	6
NZ_MW574939.1	TrbK_RP4	eex_occupied	10	9	16	4
NZ_MW574941.1	TrbK_RP4	eex_occupied	17	9	9	6
NZ_MW574942.1		candidate	162	11	11	9
NZ_MW574943.1	TrbK_RP4	eex_occupied	-4	9	13	6
NZ_MW574944.1	Eex_IncN	eex_occupied	11	34	-1	6
NZ_MW574945.1	Eex_IncN	eex_occupied	7	15	41	6
NZ_MW574946.1	TrbK_RP4	eex_occupied	9	10	16	5
NZ_MW574947.1		candidate	11	162	11	8
NZ_MW574948.1	Eex_IncN	eex_occupied	7	15	17	7
NZ_MW574949.1	Eex_IncN	eex_occupied	7	15	17	6
NZ_MW574951.1	Eex_IncN	eex_occupied	17	11	9	5
NZ_MW590809.1	Eex_IncN	eex_occupied	7	15	17	6
NZ_MW655525.1		candidate	10	-4	11	8
NZ_MW679657.1	TrbK_RP4	eex_occupied	11	9	16	6
NZ_MW762473.1	Eex_IncN	eex_occupied	11	9	5	7
NZ_MW791424.1		candidate	9	1	12	5
NZ_MW836072.1		candidate	11	-4	11	8
NZ_MW940618.1	Eex_IncN	eex_occupied	11	9	5	8
NZ_MW940619.1	Eex_IncN	eex_occupied	11	9	5	7
NZ_MW940620.1	Eex_IncN	eex_occupied	9	11	5	8
NZ_MW940624.1	Eex_IncN	eex_occupied	9	11	5	6
NZ_MW940629.1	Eex_IncN	eex_occupied	9	11	5	8
NZ_MW999352.1		candidate	11	-4	11	8
NZ_MW999353.1		candidate	11	-4	11	8
NZ_MW999354.1		candidate	11	-4	11	8
NZ_MW999355.1		candidate	11	-4	11	8
NZ_MW999356.1		candidate	11	-4	11	8
NZ_MZ004973.1	Eex_IncN	eex_occupied	16	9	15	7
NZ_MZ156799.1	Eex_IncN	eex_occupied	7	15	17	6
NZ_MZ156801.1		candidate	454	194	9	7
NZ_MZ156803.1	Eex_IncN	eex_occupied	9	11	9	6
NZ_MZ270636.1	Eex_IncN	eex_occupied	9	11	5	7
NZ_MZ277864.1	Eex_IncN	eex_occupied	222	8	5	4
NZ_MZ363820.1	Eex_IncN	eex_occupied	9	11	5	7
NZ_MZ375739.1	Eex_IncN	eex_occupied	11	9	5	8
NZ_MZ513635.1	Eex_IncN	eex_occupied	9	11	11	7
NZ_MZ643942.1	Eex_IncN	eex_occupied	7	15	17	6
NZ_MZ666125.1		candidate	11	-4	11	8
NZ_MZ673648.1	Eex_IncN	eex_occupied	5	12	2	6
NZ_MZ753458.1	Eex_IncN	eex_occupied	11	9	7	6
NZ_MZ779047.1	Eex_IncN	eex_occupied	7	15	17	6
NZ_MZ836798.1	Eex_IncN	eex_occupied	7	15	17	7
NZ_MZ836803.1	Eex_IncN	eex_occupied	11	9	5	7
NZ_MZ836804.1	Eex_IncN	eex_occupied	11	9	5	7
NZ_MZ836806.1	Eex_IncN	eex_occupied	9	11	5	7
NZ_MZ848136.1	Eex_IncN	eex_occupied	0	9	4	8
NZ_MZ853143.1	Eex_IncN	eex_occupied	39	-4	11	8
NZ_MZ867986.1	Eex_IncN	eex_occupied	9	11	7	8
NZ_MZ913311.1		candidate	-7	-4	8	2
NZ_MZ913312.1		candidate	-7	-4	-11	3
NZ_OK217279.1	Eex_IncN	eex_occupied	9	0	4	8
NZ_OK558605.1	Eex_IncN	eex_occupied	11	9	5	7
NZ_OK605084.1		candidate	11	-4	11	8
NZ_OK623716.1	Eex_IncN	eex_occupied	9	11	9	6
NZ_OK642377.1		candidate	-4	11	11	8
NZ_OK642378.1		candidate	-4	11	11	8
NZ_OK642379.1		candidate	-4	11	11	8
NZ_OK649971.1		candidate	13	-4	0	7
NZ_OL504740.1		candidate	11	-4	11	8
NZ_OL964514.1	Eex_IncN	eex_occupied	9	11	5	7
NZ_OM038690.1		candidate	11	-4	11	8
NZ_OM038691.1		candidate	11	-4	11	8
NZ_OM038692.1	Eex_IncN	eex_occupied	254	8	5	4
NZ_OM069355.1		candidate	11	-4	11	8
NZ_OM069356.1	Eex_IncN	eex_occupied	222	8	5	4
NZ_OM105937.1	Eex_IncN	eex_occupied	17	11	9	6
NZ_OM735812.1		candidate	11	-4	11	8
NZ_OM735813.1		candidate	11	-4	11	8
NZ_OM735814.1		candidate	11	-4	11	8
NZ_OM735815.1		candidate	11	-4	11	8
NZ_OM735816.1		candidate	11	-4	11	8
NZ_OM735817.1		candidate	11	-4	11	8
NZ_OM791348.1	Eex_IncN	eex_occupied	11	9	5	7
NZ_OM839890.1	Eex_IncN	eex_occupied	222	8	5	4
NZ_OM938015.1	Eex_IncN	eex_occupied	7	15	17	7
NZ_ON007234.1		candidate	-4	-11	0	6
NZ_ON023484.1	Eex_IncN	eex_occupied	9	11	5	7
NZ_ON101335.1		candidate	-4	-11	0	6
NZ_ON101336.1		candidate	-4	-11	0	6
NZ_ON111447.1	Eex_IncN	eex_occupied	15	7	17	6
NZ_ON111448.1	Eex_IncN	eex_occupied	15	7	17	6
NZ_ON111450.1	Eex_IncN	eex_occupied	15	7	17	6
NZ_ON209123.1	Eex_IncN	eex_occupied	11	9	5	7
NZ_ON209124.1	Eex_IncN	eex_occupied	11	9	5	7
NZ_ON209125.1	Eex_IncN	eex_occupied	11	9	5	7
NZ_ON209126.1	Eex_IncN	eex_occupied	11	9	5	7
NZ_ON209127.1	Eex_IncN	eex_occupied	11	9	5	7
NZ_ON209128.1	Eex_IncN	eex_occupied	11	9	5	7
NZ_ON209129.1	Eex_IncN	eex_occupied	11	9	5	7
NZ_ON209130.1	Eex_IncN	eex_occupied	11	9	5	7
NZ_ON209131.1	Eex_IncN	eex_occupied	11	9	5	7
NZ_ON209132.1	Eex_IncN	eex_occupied	11	9	5	7
NZ_ON209133.1	Eex_IncN	eex_occupied	11	9	5	7
NZ_ON209134.1	Eex_IncN	eex_occupied	11	9	5	7
NZ_ON209135.1	Eex_IncN	eex_occupied	11	9	5	7
NZ_ON209136.1	Eex_IncN	eex_occupied	11	9	5	7
NZ_ON209137.1	Eex_IncN	eex_occupied	11	9	5	7
NZ_ON209139.1	Eex_IncN	eex_occupied	11	9	5	7
NZ_ON209140.1	Eex_IncN	eex_occupied	11	9	5	7
NZ_ON209141.1	Eex_IncN	eex_occupied	11	9	5	7
NZ_ON209142.1	Eex_IncN	eex_occupied	11	9	5	7
NZ_ON209144.1	Eex_IncN	eex_occupied	11	9	5	7
NZ_ON209145.1	Eex_IncN	eex_occupied	11	9	5	6
NZ_ON209146.1	Eex_IncN	eex_occupied	11	9	5	7
NZ_ON209147.1	Eex_IncN	eex_occupied	11	9	5	7
NZ_ON209148.1	Eex_IncN	eex_occupied	11	9	5	7
NZ_ON209149.1	Eex_IncN	eex_occupied	11	9	5	7
NZ_ON209150.1	Eex_IncN	eex_occupied	11	9	5	7
NZ_ON248939.1		candidate	19	2	9	4
NZ_ON390802.1	Eex_IncN	eex_occupied	9	11	5	8
NZ_ON390803.1	Eex_IncN	eex_occupied	11	9	5	8
NZ_ON390805.1	Eex_IncN	eex_occupied	9	11	5	8
NZ_ON390806.1	Eex_IncN	eex_occupied	9	11	5	8
NZ_ON390817.1	Eex_IncN	eex_occupied	11	9	5	7
NZ_ON461804.1	Eex_IncN	eex_occupied	11	9	5	7
NZ_ON777849.1	Eex_IncN	eex_occupied	15	7	17	7
NZ_ON777850.1	Eex_IncN	eex_occupied	15	7	17	7
NZ_ON882014.1	Eex_IncN	eex_occupied	7	-16	817	2
NZ_OP242217.1	Eex_IncN	eex_occupied	11	9	5	8
NZ_OP242234.1		candidate	-4	11	11	8
NZ_OP242251.1	Eex_IncN	eex_occupied	7	15	17	6
NZ_OP242281.1		candidate	190	10	15	6
NZ_OP242290.1		candidate	1	9	12	6
NZ_OP242301.1	Eex_IncN	eex_occupied	9	11	5	8
NZ_OP242313.1		candidate	11	-4	11	8
NZ_OP378605.1	Eex_IncN	eex_occupied	16	9	15	6
NZ_OP378618.1	TraS	eex_occupied	7	15	17	6
NZ_OP378629.1	Eex_IncN	eex_occupied	11	17	9	5
NZ_OP378631.1		candidate	-4	10	11	8
NZ_OP378632.1	Eex_IncN	eex_occupied	8	0	2	7
NZ_OP378637.1	Eex_IncN	eex_occupied	7	15	17	2
NZ_OP378639.1		candidate	-4	12	-4	6
NZ_OP378645.1	Eex_IncN	eex_occupied	15	7	10	5
NZ_OP378655.1	Eex_IncN	eex_occupied	9	11	5	7
NZ_OP378665.1	Eex_IncN	eex_occupied	16	9	15	6
NZ_OP378666.1	Eex_IncN	eex_occupied	11	9	5	7
NZ_OP428973.1		candidate	11	-4	11	8
NZ_OP428974.1		candidate	11	-4	11	8
NZ_OP428975.1		candidate	11	-4	11	8
NZ_OP428976.1		candidate	11	-4	11	8
NZ_OP428977.1		candidate	11	-4	11	8
NZ_OP428978.1		candidate	11	-4	11	8
NZ_OP434482.1	Eex_IncN	eex_occupied	12	1	5	4
NZ_OP484954.1		candidate	-22	88	11	6
NZ_OP594534.1	Eex_IncN	eex_occupied	11	9	5	7
NZ_OP927722.1	Eex_IncN	eex_occupied	11	17	9	6
NZ_OQ111278.1	Eex_IncN	eex_occupied	16	9	15	6
NZ_OQ230389.1	Eex_IncN	eex_occupied	3	46	5	3
NZ_OQ230782.1	Eex_IncN	eex_occupied	11	9	5	7
NZ_OQ230784.1	Eex_IncN	eex_occupied	9	11	5	7
NZ_OQ230785.1	Eex_IncN	eex_occupied	9	11	5	7
NZ_OQ230788.1	Eex_IncN	eex_occupied	9	11	5	7
NZ_OQ230789.1	Eex_IncN	eex_occupied	11	9	5	7
NZ_OQ230790.1	Eex_IncN	eex_occupied	11	9	5	7
NZ_OQ338158.1	Eex_IncN	eex_occupied	11	9	5	7
NZ_OQ401024.1	Eex_IncN	eex_occupied	7	15	17	7
NZ_OQ401026.1		candidate	-4	11	11	8
NZ_OQ401027.1	Eex_IncN	eex_occupied	12	1	5	4
NZ_OQ420477.1	Eex_IncN	eex_occupied	9	0	10	6
NZ_OQ434669.1	Eex_IncN	eex_occupied	9	11	24	6
NZ_OQ536579.1	TrbK_RP4	eex_occupied	11	6	11	6
NZ_OQ553937.1		candidate	3	-11	3	6
NZ_OQ553939.1	Eex_IncN	eex_occupied	48	-53	9	5
NZ_OQ553940.1	Eex_IncN	eex_occupied	48	-53	9	5
NZ_OQ553946.1		candidate	3	-11	3	6
NZ_OQ553952.1	Eex_IncN	eex_occupied	48	-47	0	5
NZ_OQ553954.1	Eex_IncN	eex_occupied	48	-53	3	5
NZ_OQ557085.1		candidate	11	-4	11	8
NZ_OQ557086.1		candidate	11	-4	11	7
NZ_OQ683451.1	TrbK_RP4	eex_occupied	11	6	11	6
NZ_OQ683452.1	Eex_IncN	eex_occupied	15	7	17	7
NZ_OQ683453.1	Eex_IncN	eex_occupied	7	15	17	6
NZ_OQ773529.1		candidate	199	62	10	6
NZ_OQ803525.1	Eex_IncN	eex_occupied	11	9	5	7
NZ_OQ821014.1	Eex_IncN	eex_occupied	15	7	17	6
NZ_OQ821015.1	Eex_IncN	eex_occupied	15	7	17	6
NZ_OQ821016.1	Eex_IncN	eex_occupied	15	7	17	6
NZ_OQ821017.1	Eex_IncN	eex_occupied	15	7	17	6
NZ_OQ821018.1	Eex_IncN	eex_occupied	15	7	17	6
NZ_OQ821019.1	Eex_IncN	eex_occupied	15	7	17	6
NZ_OQ821020.1	Eex_IncN	eex_occupied	15	7	17	6
NZ_OQ821030.1	Eex_IncN	eex_occupied	16	9	15	6
NZ_OQ821032.1	Eex_IncN	eex_occupied	16	9	15	6
NZ_OQ821033.1	Eex_IncN	eex_occupied	16	9	15	6
NZ_OQ821035.1	Eex_IncN	eex_occupied	16	9	15	6
NZ_OQ821037.1	Eex_IncN	eex_occupied	16	9	15	6
NZ_OQ821038.1	Eex_IncN	eex_occupied	8	11	7	8
NZ_OQ821041.1	Eex_IncN	eex_occupied	16	9	15	5
NZ_OQ821046.1	Eex_IncN	eex_occupied	16	9	15	6
NZ_OQ821051.1	Eex_IncN	eex_occupied	9	11	7	8
NZ_OQ821052.1	Eex_IncN	eex_occupied	15	7	17	6
NZ_OQ821055.1	Eex_IncN	eex_occupied	15	7	17	6
NZ_OQ821058.1	Eex_IncN	eex_occupied	9	11	7	8
NZ_OQ821060.1	Eex_IncN	eex_occupied	15	7	17	6
NZ_OQ821061.1		candidate	-4	12	-4	3
NZ_OQ821063.1	Eex_IncN	eex_occupied	15	7	17	6
NZ_OQ821065.1	Eex_IncN	eex_occupied	15	7	17	6
NZ_OQ821066.1	Eex_IncN	eex_occupied	15	7	17	6
NZ_OQ821067.1	Eex_IncN	eex_occupied	15	7	17	6
NZ_OQ821072.1	Eex_IncN	eex_occupied	9	11	7	8
NZ_OQ821073.1	Eex_IncN	eex_occupied	15	7	17	6
NZ_OQ821074.1	Eex_IncN	eex_occupied	15	7	17	6
NZ_OQ821076.1	Eex_IncN	eex_occupied	9	11	7	8
NZ_OQ821079.1	Eex_IncN	eex_occupied	9	11	7	8
NZ_OQ821081.1	Eex_IncN	eex_occupied	15	7	17	6
NZ_OQ821084.1	Eex_IncN	eex_occupied	15	7	17	6
NZ_OQ821090.1	Eex_IncN	eex_occupied	9	11	7	8
NZ_OQ821092.1	Eex_IncN	eex_occupied	15	7	17	6
NZ_OQ821093.1	Eex_IncN	eex_occupied	15	7	17	6
NZ_OQ821094.1	Eex_IncN	eex_occupied	9	11	7	8
NZ_OQ821098.1	Eex_IncN	eex_occupied	15	7	17	6
NZ_OQ821109.1	Eex_IncN	eex_occupied	15	7	17	6
NZ_OQ821110.1	Eex_IncN	eex_occupied	15	7	17	6
NZ_OQ821170.1	Eex_IncN	eex_occupied	16	9	15	6
NZ_OQ821172.1	Eex_IncN	eex_occupied	16	9	15	6
NZ_OQ821175.1	Eex_IncN	eex_occupied	16	9	15	6
NZ_OQ821176.1	Eex_IncN	eex_occupied	16	9	15	6
NZ_OQ821177.1	Eex_IncN	eex_occupied	16	9	15	6
NZ_OQ821178.1	Eex_IncN	eex_occupied	16	9	15	6
NZ_OQ821179.1	Eex_IncN	eex_occupied	16	9	15	6
NZ_OQ821180.1	Eex_IncN	eex_occupied	11	9	7	8
NZ_OQ821181.1	Eex_IncN	eex_occupied	15	7	17	6
NZ_OQ821183.1	Eex_IncN	eex_occupied	15	7	17	6
NZ_OQ821184.1	Eex_IncN	eex_occupied	15	7	17	6
NZ_OQ821185.1	Eex_IncN	eex_occupied	15	7	17	6
NZ_OQ821186.1	TrbK_RP4	eex_occupied	9	10	16	6
NZ_OQ821187.1	TrbK_RP4	eex_occupied	9	10	16	6
NZ_OQ821188.1	Eex_IncN	eex_occupied	9	11	5	7
NZ_OQ821189.1	Eex_IncN	eex_occupied	7	15	17	6
NZ_OQ821190.1	Eex_IncN	eex_occupied	15	7	17	6
NZ_OQ821191.1	Eex_IncN	eex_occupied	15	7	17	5
NZ_OQ821195.1	Eex_IncN	eex_occupied	9	11	7	8
NZ_OQ821196.1	Eex_IncN	eex_occupied	15	7	17	5
NZ_OQ821200.1	Eex_IncN	eex_occupied	16	9	15	6
NZ_OQ821201.1	Eex_IncN	eex_occupied	16	9	15	6
NZ_OQ821202.1	Eex_IncN	eex_occupied	16	9	15	6
NZ_OQ821204.1	Eex_IncN	eex_occupied	16	9	15	6
NZ_OQ821205.1	Eex_IncN	eex_occupied	16	9	15	6
NZ_OQ821206.1	Eex_IncN	eex_occupied	16	9	15	6
NZ_OQ821208.1	Eex_IncN	eex_occupied	7	15	17	6
NZ_OQ821209.1	Eex_IncN	eex_occupied	15	7	17	6
NZ_OQ821210.1	Eex_IncN	eex_occupied	7	15	17	6
NZ_OR060875.1	Eex_IncN	eex_occupied	11	14	4	8
NZ_OR095747.1		candidate	11	-4	11	8
NZ_OR095748.1	Eex_IncN	eex_occupied	8	254	5	4
NZ_OR095749.1	Eex_IncN	eex_occupied	9	11	2	5
NZ_OR146256.1	TrbK_RP4	eex_occupied	9	10	15	6
NZ_OR233054.1	Eex_IncN	eex_occupied	9	11	5	7
NZ_OR233056.1	Eex_IncN	eex_occupied	9	11	5	7
NZ_OR233057.1	Eex_IncN	eex_occupied	9	11	5	7
NZ_OR233058.1	Eex_IncN	eex_occupied	11	9	5	7
NZ_OR233059.1	Eex_IncN	eex_occupied	9	11	5	7
NZ_OR233060.1	Eex_IncN	eex_occupied	11	9	5	7
NZ_OR233061.1	Eex_IncN	eex_occupied	11	9	5	7
NZ_OR237794.1	Eex_IncN	eex_occupied	9	0	4	8
NZ_OR283034.1		candidate	-4	12	2	6
NZ_OR345923.1		candidate	-4	10	11	8
NZ_OR395175.1	Eex_IncN	eex_occupied	11	9	5	7
NZ_OR508935.1		candidate	199	62	10	7
NZ_OR515640.1		candidate	199	62	10	7
NZ_OR724972.1		candidate	-43	-30	11	7
NZ_OR724980.1		candidate	11	-4	11	8
NZ_OR724981.1		candidate	-4	11	11	8
NZ_OR724982.1		candidate	-4	11	13	6
NZ_OR724983.1		candidate	11	-4	11	7
NZ_OR724988.1		candidate	11	-4	11	7
NZ_OR753269.1		candidate	11	-4	11	8
NZ_OR797032.1	Eex_IncN	eex_occupied	7	15	17	6
NZ_OR797034.1	Eex_IncN	eex_occupied	7	15	17	7
NZ_OR828567.1		candidate	-4	11	11	8
NZ_OU342903.1	Eex_IncN	eex_occupied	18	3	2	6
NZ_OU342906.1	Eex_IncN	eex_occupied	3	18	-1	5
NZ_OU659117.1	Eex_IncN	eex_occupied	23	-1	8	7
NZ_OU659124.1	Eex_IncN	eex_occupied	-1	23	8	7
NZ_OU659129.1	Eex_IncN	eex_occupied	23	-1	8	7
NZ_OU659135.1	Eex_IncN	eex_occupied	23	-1	8	7
NZ_OU659166.1	Eex_IncN	eex_occupied	23	-1	8	7
NZ_OU701462.1		candidate	-1	10	-1	4
NZ_OW485607.1		candidate	43	13	-4	7
NZ_OW848789.1	Eex_IncN	eex_occupied	11	17	9	6
NZ_OW849065.1	TraS	eex_occupied	7	15	17	6
NZ_OW849380.1		candidate	9	1	12	6
NZ_OW967007.1	Eex_IncN	eex_occupied	107	-1	5	5
NZ_OW967008.1	Eex_IncN	eex_occupied	16	9	15	6
NZ_OW967266.1		candidate	94	31	7	7
NZ_OW967968.1	Eex_IncN	eex_occupied	9	11	5	7
NZ_OW967979.1		candidate	-4	10	11	8
NZ_OW968433.1	Eex_IncN	eex_occupied	7	15	17	6
NZ_OW969713.1	Eex_IncN	eex_occupied	3	18	2	6
NZ_OW969876.1		candidate	-4	12		0
NZ_OW969880.1	Eex_IncN	eex_occupied	16	9	15	6
NZ_OW995944.1	Eex_IncN	eex_occupied	7	15	17	6
NZ_OX030705.1		candidate	11	-4	11	8
NZ_OX211908.1	Eex_IncN	eex_occupied	9	11	5	7
NZ_OX442408.1	Eex_IncN	eex_occupied	1	12	5	4
NZ_OX442414.1		candidate	95	32	-1	2
NZ_OX460314.1	Eex_IncN	eex_occupied	8	0	4	8
NZ_OX460321.1	Eex_IncN	eex_occupied	8	0	4	8
NZ_OX460334.1	Eex_IncN	eex_occupied	8	0	4	8
NZ_OX460341.1	Eex_IncN	eex_occupied	8	0	4	8
NZ_OX460965.1	Eex_IncN	eex_occupied	-8	14	9	6
NZ_OX461106.1	Eex_IncN	eex_occupied	-8	14	11	4
NZ_OX638612.1	Eex_IncN	eex_occupied	12	5	-1	5
NZ_OX638703.1	Eex_IncN	eex_occupied	5	12	1	4
NZ_OY754352.1		candidate	-4	10	11	8
NZ_OY754367.1	Eex_IncN	eex_occupied	12	1	5	5
NZ_OY754368.1	Eex_IncN	eex_occupied	7	15	17	7
NZ_OY754401.1	Eex_IncN	eex_occupied	12	1	5	5
NZ_OY754411.1	Eex_IncN	eex_occupied	12	1	5	5
NZ_OY754446.1	Eex_IncN	eex_occupied	11	17	9	6
NZ_OY754458.1	Eex_IncN	eex_occupied	9	0	4	8
NZ_OY754860.1		candidate	-1	-11	-1	5
NZ_OY757100.1		candidate	-4	10	11	8
NZ_OY839929.1		candidate	-4	10	11	8
NZ_OY856404.1	Eex_IncN	eex_occupied	15	7	17	6
NZ_OY899161.1	Eex_IncN	eex_occupied	15	7	41	6
NZ_OY978236.1	Eex_IncN	eex_occupied	15	7	41	6
NZ_OZ000534.1	Eex_IncN	eex_occupied	5	-4	4	6
NZ_OZ000536.1		candidate	4	6	45	2
NZ_OZ000538.1		candidate	6	4	-4	7
NZ_OZ000539.1		candidate	-4	-7	10	6
NZ_OZ012601.1	Eex_IncN	eex_occupied	5	-4	4	6
NZ_OZ012602.1		candidate	-7	-4	9	6
NZ_OZ012603.1		candidate	4	6	-1	6
NZ_OZ012606.1		candidate	4	6	-4	7
NZ_OZ012607.1		candidate	-7	-4	10	6
NZ_OZ038807.1		candidate	15	7	17	7
NZ_OZ039819.1	Eex_IncN	eex_occupied	7	15	17	6
NZ_OZ039829.1	Eex_IncN	eex_occupied	15	7	17	6
NZ_OZ040037.1	Eex_IncN	eex_occupied	18	3	2	6
NZ_OZ040269.1		candidate	10	-4	11	6
NZ_OZ040672.1	Eex_IncN	eex_occupied	11	12	12	5
OL332705.1	Eex_IncN	eex_occupied	7	15	17	7
OQ553934.1	Eex_IncN	eex_occupied	48	-47	0	4
OQ553941.1		candidate	-4	-11	0	6
OQ553945.1		candidate	103	30	-1	2
OQ553949.1	Eex_IncN	eex_occupied	48	-53	1	5
OQ553951.1		candidate	-4	-11	0	6
OQ553955.1	Eex_IncN	eex_occupied	-47	48	0	5
OQ722348.1		candidate	-4	-62	-4	5
OR771667.1	TrbK_RP4	eex_occupied	-4	9	13	6
OW635553.1	Eex_IncN	eex_occupied	7	15	17	6
OW848806.1	Eex_IncN	eex_occupied	9	11	5	7
OW848811.1	Eex_IncN	eex_occupied	11	9	10	8
OW848856.1	Eex_IncN	eex_occupied	15	7	17	6
OW848857.1	Eex_IncN	eex_occupied	9	11	10	7
OW848865.1	Eex_IncN	eex_occupied	3	18	2	6
OW848976.1		candidate	1	9	12	6
OW849040.1	Eex_IncN	eex_occupied	7	15	17	6
OW849055.1	Eex_IncN	eex_occupied	7	15	17	6
OW849103.1	Eex_IncN	eex_occupied	11	8	5	7
OW849123.1	TraS	eex_occupied	7	15	17	4
OW849124.1	Eex_IncN	eex_occupied	9	11	5	7
OW849338.1	Eex_IncN	eex_occupied	12	11	12	3
OW849481.1	Eex_IncN	eex_occupied	7	15	17	6
OW849525.1	Eex_IncN	eex_occupied	8	11	5	7
OW967017.1	Eex_IncN	eex_occupied	16	9	15	6
OW967170.1	Eex_IncN	eex_occupied	9	11	9	6
OW967192.1	Eex_IncN	eex_occupied	7	15	17	6
OW967193.1	Eex_IncN	eex_occupied	9	11	9	6
OW967202.1	Eex_IncN	eex_occupied	11	14	4	8
OW967234.1	Eex_IncN	eex_occupied	9	11	5	7
OW967253.1	Eex_IncN	eex_occupied	9	11	9	6
OW967296.1	Eex_IncN	eex_occupied	9	11	5	7
OW967370.1	Eex_IncN	eex_occupied	9	11	9	6
OW967418.1	Eex_IncN	eex_occupied	9	11	5	7
OW967425.1	Eex_IncN	eex_occupied	11	9	5	7
OW967583.1	Eex_IncN	eex_occupied	11	9	5	7
OW967598.1		candidate	-4	12	-4	7
OW967604.1	Eex_IncN	eex_occupied	9	11	5	7
OW967613.1	Eex_IncN	eex_occupied	9	11	9	6
OW967772.1	Eex_IncN	eex_occupied	7	15	17	6
OW967786.1	Eex_IncN	eex_occupied	7	15	17	6
OW968067.1	Eex_IncN	eex_occupied	16	9	15	6
OW968228.1	Eex_IncN	eex_occupied	7	15	17	6
OW968360.1	Eex_IncN	eex_occupied	11	9	5	7
OW968449.1	Eex_IncN	eex_occupied	7	15	17	6
OW968450.1	Eex_IncN	eex_occupied	9	11	2	5
OW969627.1		candidate	11	-4	11	8
OW969651.1	Eex_IncN	eex_occupied	7	15	17	6
OW969779.1		candidate	9	11	9	6
OW969786.1	Eex_IncN	eex_occupied	8	11	7	8
OW969791.1		candidate	9	1	12	6
OW969873.1	Eex_IncN	eex_occupied	3	18	2	6
OW969943.1	Eex_IncN	eex_occupied	11	9	9	6
OW970322.1	Eex_IncN	eex_occupied	7	15	17	6
OX341605.1		candidate	10	-4	10	8
OZ026767.1	Eex_IncN	eex_occupied	222	8	5	5
OZ026770.1	Eex_IncN	eex_occupied	222	8	5	5
OZ026778.1	Eex_IncN	eex_occupied	222	8	5	5
OZ026782.1		candidate	-4	11	11	8
OZ026873.1		candidate	-4	11	11	8
OZ026874.1		candidate	-4	11	11	8
OZ026875.1		candidate	-4	11	11	8
OZ026878.1		candidate	-4	11	11	8
OZ026879.1		candidate	-4	11	11	8
OZ026882.1		candidate	-4	11	11	8
OZ026883.1		candidate	-4	11	11	8
PP128336.1	Eex_IncN	eex_occupied	7	15	17	6
